{
    "malware_data": [
        {
            "filename": "a7dda4615949be0869c3ca592b0e2eb8a598851266da3941d419114d70e1be20.exe",
            "filetype": "4D5A9000",
            "filesize": "320KB",
            "hash_sha256": "a7dda4615949be0869c3ca592b0e2eb8a598851266da3941d419114d70e1be20",
            "strings": [
                "!This file was created by ClamAV for internal use and should not be run.",
                "ClamAV - A GPL virus scanner - http://www.clamav.net",
                "CLAM",
                "CODE",
                "`DATA",
                ".idata",
                ".tls",
                ".rdata",
                "P.vmp0",
                "`.reloc",
                "P.rsrc",
                "StringX",
                "TObjectd",
                "TObjectX",
                "System",
                "IInterface",
                "TInterfacedObject",
                "%|1B",
                "%x1B",
                "%t1B",
                "%p1B",
                "%l1B",
                "%h1B",
                "%d1B",
                "%`1B",
                "%\\1B",
                "%X1B",
                "%T1B",
                "%P1B",
                "%L1B",
                "%H1B",
                "%D1B",
                "%@1B",
                "%<1B",
                "%81B",
                "%41B",
                "%01B",
                "%,1B",
                "%(1B",
                "%$1B",
                "% 1B",
                "uYhD",
                "YZ^[",
                "SVWU",
                "YZ]_^[",
                "]_^[",
                "wE;\\$",
                "ZYYd",
                "u,)-",
                "ue;=",
                "^[YY]",
                "YZXu",
                "r/f=",
                "w)f%",
                "~KxI[)",
                "2_^[",
                "CO0@",
                "@v:k",
                "@aQY",
                "E@|o",
                "BkU'9",
                "Uh]1@",
                "hd1@",
                "SOFTWARE\\Borland\\Delphi\\RTL",
                "FPUMaskValue",
                "SVW3",
                "_^[YY]",
                "2;0u",
                "PPRTj",
                "YYZX",
                "YZXtp",
                "VWUd",
                "SPRQ",
                "T$(j",
                "-(ZTUWVSPRTj",
                "d$,1",
                ",t\\=",
                "t=HtN",
                "r6t0",
                "t.Ht",
                "h<<@",
                "SVWUQ",
                "Z]_^[",
                ";_^[",
                "t!R:",
                "t-Rf;",
                "t f;J",
                "8_^[",
                "SVWRP",
                "Z_^[X",
                "uXJt",
                "uAJt",
                "u:Jt",
                "It2S",
                "t&J|",
                "N|*9",
                "3\\_^[",
                "tVSVWU",
                "3\\X9",
                "8]_^[",
                "t1SVW",
                "_^[]",
                "PSVW",
                "_^[X",
                ":HFKu",
                "SVWQ",
                "Z_^[",
                "^[Y]",
                "8\\uA",
                "kernel32.dll",
                "GetLongPathNameA",
                "hpQ@",
                "Uh0P@",
                "h7P@",
                "Software\\Borland\\Locales",
                "Software\\Borland\\Delphi\\Locales",
                "YZ_^[",
                "UhMS@",
                "hTS@",
                "FFF;M",
                "tl;u",
                "B@;u",
                "t0;u",
                "5ht^",
                "5\\@P",
                "5LYZ",
                "h [@",
                "UhQ[@",
                "hX[@",
                "%|2B",
                "%x2B",
                "%t2B",
                "%p2B",
                "%l2B",
                "%h2B",
                "%d2B",
                "%`2B",
                "%\\2B",
                "%X2B",
                "%T2B",
                "%P2B",
                "%L2B",
                "%H2B",
                "%D2B",
                "%@2B",
                "%<2B",
                "%82B",
                "%42B",
                "%02B",
                "%,2B",
                "%(2B",
                "%$2B",
                "% 2B",
                "%83B",
                "%<3B",
                "%@3B",
                "%43B",
                "%03B",
                "%,3B",
                "%(3B",
                "%$3B",
                "% 3B",
                "LPPP",
                "Exception",
                "EHeapException",
                "EOutOfMemory",
                "EInOutError",
                "EExternal",
                "EExternalException",
                "EIntError",
                "EDivByZero",
                "ERangeError|e@",
                "EIntOverflow",
                "EMathError",
                "EInvalidOp",
                "EZeroDivide",
                "EOverflow",
                "EUnderflow",
                "EInvalidPointer",
                "EInvalidCast",
                "EConvertError",
                "EAccessViolation",
                "EPrivilege",
                "EStackOverflow",
                "EControlC",
                "EVariantError",
                "EAssertionFailed",
                "EAbstractError",
                "EIntfCastError",
                "EOSError",
                "ESafecallException",
                "SysUtils",
                "TThreadLocalCounter",
                "$TMultiReadExclusiveWriteSynchronizer",
                "'l_^[",
                "20]_^[",
                "0<:r",
                "True",
                "False",
                "QSVW",
                "_^[Y]",
                "@w2j",
                "Kx_^[",
                "PWVS",
                "$Z_^[",
                "20_^[",
                "$Z^[",
                "(_^[",
                "hz<:u",
                "<*t\"<0r=<9w9i",
                "-4X[",
                "_^[[",
                ".$_^[",
                "Ip}@",
                "INFNAN",
                "QS<$t",
                "$*@@@*$@@@$ *@@* $@@($*)@-$*@@$-*@@$*-@@(*$)@-*$@@*-$@@*$-@@-* $@-$ *@* $-@$ *-@$ -*@*- $@($ *)(* $)",
                "q|^[",
                "<sGf",
                "<sAf",
                "^YY]",
                "f;\\B",
                "@YY]",
                "wHY[]",
                "wHY^[",
                "yyyy",
                "t%HtIHtm",
                "x`Yf",
                "AM/PM",
                "AMPM",
                "AAAA",
                ".$^[",
                "$Z]_^[",
                "8gu4",
                "QQQQQQSVW3",
                "L(Ph8",
                "L(Pht",
                "QQQQQSVW",
                "eeee",
                "D$DP",
                "D$HP",
                "D$PPj",
                "D$LPj",
                "TErrorRec",
                "TExceptRec",
                ",tY=",
                "t<HtH",
                "r3t7",
                "t(Ht",
                "u#;]",
                "K;\\$",
                "$YZ^[",
                "$YZ]_^[",
                "Y_^[",
                "m/d/yy",
                "mmmm d, yyyy",
                " AMPM",
                "AMPM ",
                ":mm:ss",
                "%H3B",
                "GetDiskFreeSpaceExA",
                "@H;D$",
                ";G$t@",
                ";C$t4",
                "%h3B",
                "%d3B",
                "%`3B",
                "%\\3B",
                "%X3B",
                "%T3B",
                "%P3B",
                "-H'B",
                "=H'B",
                ";=H'B",
                ";5L'B",
                ";C`}",
                "tVJtnJtt",
                "PSQR",
                "A0ZY[X",
                "S,RS",
                "KDQS",
                "J;S,",
                "K(+M",
                "C{)C",
                "SDRS",
                "t+Wj",
                "J ;M",
                "[YY]",
                "SVWj",
                "O ;M",
                "K&QS",
                "=<'B",
                "5<'B",
                "t,j h",
                "=\\%B",
                "5\\%B",
                "%|3B",
                "%x3B",
                "%t3B",
                "%p3B",
                "oleaut32.dll",
                "VariantChangeTypeEx",
                "VarNeg",
                "VarNot",
                "VarAdd",
                "VarSub",
                "VarMul",
                "VarDiv",
                "VarIdiv",
                "VarMod",
                "VarAnd",
                "VarOr",
                "VarXor",
                "VarCmp",
                "VarI4FromStr",
                "VarR4FromStr",
                "VarR8FromStr",
                "VarDateFromStr",
                "VarCyFromStr",
                "VarBoolFromStr",
                "VarBstrFromCy",
                "VarBstrFromDate",
                "VarBstrFromBool",
                "TCustomVariantType",
                "Variants",
                "EVariantInvalidOpError",
                "EVariantTypeCastError",
                "EVariantOverflowError",
                "EVariantInvalidArgError,",
                "EVariantBadVarTypeError",
                "EVariantBadIndexError",
                "EVariantArrayLockedError",
                "EVariantArrayCreateError",
                "EVariantNotImplError",
                "EVariantOutOfMemoryError",
                "EVariantUnexpectedError",
                "EVariantDispatchError",
                "t?Htb",
                "|kC3",
                "(Z^[",
                "QQQQSV",
                "Uhz#A",
                "Empty",
                "Null",
                "Smallint",
                "Integer",
                "Single",
                "Double",
                "Currency",
                "Date",
                "OleStr",
                "Dispatch",
                "Error",
                "Boolean",
                "Variant",
                "Unknown",
                "Decimal",
                "ShortInt",
                "Byte",
                "Word",
                "LongWord",
                "Int64",
                "Uh2&A",
                "h9&A",
                "String",
                "Array ",
                "ByRef ",
                "Uh%'A",
                "h,'A",
                "Uh9+A",
                "h@+A",
                "UhV,A",
                "h],A",
                "EStreamError",
                "EFileStreamError",
                "EFCreateError",
                "EFOpenError\\.A",
                "EFilerError",
                "EReadError",
                "EWriteErrord/A",
                "EListError",
                "EStringListError",
                "TList",
                "TThreadList",
                "TPersistent",
                "Classes",
                "IStringsAdapter",
                "TStrings",
                "TStringItem",
                "TStringList",
                "TStreamd4A",
                "THandleStream",
                "TFileStreamP5A",
                "TCustomMemoryStream",
                "TMemoryStream",
                "TRegGroup",
                "TRegGroups",
                "\"LGMu",
                "'lYZ^[",
                "UhV=A",
                "h]=A",
                "UhA?A",
                "hX?A",
                "hH?A",
                "Uhb@A",
                "|-F3",
                "W<CNu",
                "hi@A",
                "h!AA",
                "PhXIA",
                "Ph LA",
                "Strings",
                "|0F3",
                "Uh$CA",
                "h+CA",
                "UhtDA",
                "h{DA",
                "Uh$FA",
                "h+FA",
                "S$_^[Y]",
                "UhaHA",
                "UhDHA",
                "hKHA",
                "hhHA",
                "SdZ]_^[",
                "UhSJA",
                "hZJA",
                "Uh7KA",
                "h>KA",
                "S<^[",
                "Sd^[",
                "S4_^[",
                "~,;{",
                "UhS[A",
                "hZ[A",
                "Kt^[",
                "UhM]A",
                "hT]A",
                "Uh3^A",
                "h:^A",
                "LX[]",
                "Q0[Y]",
                "Uh)aA",
                "h0aA",
                "QxZ_^[",
                "Lhh cA",
                "\"LFKu",
                "\"L_^[]",
                "UhTdA",
                "h[dA",
                "UhIeA",
                "hPeA",
                "-4(B",
                "EProtection",
                "EStringFormat",
                "TProtection",
                "TStringFormat",
                "TStringFormat_HEX",
                "Uh]hA",
                "hdhA",
                "u8j@",
                "CTRP",
                "h$lA",
                "8_^[]",
                "e8^[",
                "0123456789ABCDEFX$ abcdefhHx()[]{},;:-_/\\*+\"'",
                "UhUqA",
                "t-VW",
                "|*F3",
                "=)vA",
                " n;^",
                "Qkkbal",
                "i]Wb",
                "9a&g",
                "MGiI",
                "wn>Jj",
                "#.zf",
                "+o*7",
                "-Portions Copyright (c) 1999 by Hagen Reddmann",
                "$ZXu",
                "Uhv{A",
                "h}{A",
                "-8(B",
                "(HR)",
                "THash",
                "TMAC",
                "THash_Sapphire320",
                "THash_Sapphire128",
                "WpYZ",
                "Xh^[",
                "R ^[",
                "R(^[",
                "D$<3",
                "D]_^[",
                "-<(B",
                "Hash",
                "Sapphire II-128",
                "Sapphire II-320",
                "z=[ keygen ]=",
                "* JMPer & Meffi *",
                "[tPORt]",
                "Hot Virtual Keyboard 8.1.2.0",
                "z=[ Protection: ]=",
                "VMProtect + Sapphire-128",
                "+ Custom",
                "blacklist based on Tiger",
                "trial date crypted with Blowfish",
                "z=[ Greets: ]=",
                "[Archer...........tPORt]",
                "[BiTHacK..........tPORt]",
                "[Black Baron......tPORt]",
                "[DillerInc........tPORt]",
                "[eax..............tPORt]",
                "[Runner...........tPORt]",
                "[takerZ...........tPORt]",
                "[SReg..........CrackLab]",
                "[Kindly................]",
                "[tihiy_grom............]",
                "[Veliant...............]",
                "[Inffo.................]",
                "[JekG..................]",
                "[Jedi..................]",
                "[OnLyOnE...............]",
                "[yasuichi..............]",
                "z=[ credz ]=",
                "about effect: ZigD",
                "music:too old (final)",
                "$]_^[",
                "8zu9k",
                "N`PW",
                "PPZY",
                "h@(B",
                "Courier New",
                "ABCDEF0123456789",
                "t$@hqw",
                "ABCDE456789",
                ">$u`G",
                "/4tf",
                "D$8h",
                "DA857DB173F63039B2454157F31C529C2FD33885A27424080D4E26",
                "1E690B72014EED21A9A01C2F4D5209D80152CDB67917416FC7701C",
                "6BFC7CCA18884E4CADF4AE0D561FC9EE7A6AB6895C02E18074538C",
                "Hot Virtual Keyboard 8.1.2.0keygen",
                "JMPer & Meffi",
                "About_Dlg",
                ",<XM_MUS_RC",
                "Runtime error     at 00000000",
                "0123456789ABCDEF",
                "%.*d",
                "Extended Module: ",
                "r@_Bb",
                "]~\"\\",
                "*&b8",
                "wP&4",
                "--B ",
                "9\"1gT",
                "h@w;~",
                "t&Ww",
                "|$4f",
                "t$4f",
                "D$ `",
                "|$,f",
                "L$ `f",
                "|$Pf",
                ",$h)",
                "d$ `",
                "$8hO5",
                "L$$`S",
                "l$<f",
                "D$8f",
                "l$,f",
                "T$ `",
                "T$ `VQ",
                "~a(S",
                "D$ hM)W",
                "t$<h",
                "t$DW",
                "t$Tf",
                "D$Tf",
                "t$ f",
                "l$@h",
                "T$(h",
                "4$Tf",
                "D$$ ",
                "L$0h",
                "D$,V",
                "l$0f",
                "l$Hhk",
                "D$ f",
                "Ph#=F",
                "t$,h",
                "SJth/",
                "h6qt",
                "]Pfq",
                "9;uW",
                "D$ }X",
                "jIDG",
                "Ap=4!/)",
                "kzWHd",
                "\"|w{7",
                "D$D*",
                "\\0j3",
                "%2F.q",
                ":HiA",
                "8$2]#",
                "H):c",
                "$2thJ=/",
                "D$$d",
                "w}gE",
                "$Ch;1e",
                "L>zY",
                ",&_SYQh",
                "x|sd",
                "Y;@6",
                "(+;XF",
                " bq8",
                "/ki_",
                "ArHK",
                "1tBY",
                "`%U)",
                "m%(`",
                ">5ME",
                "j&qf",
                "``h/",
                "XE9i",
                "jXCI",
                "~[x^u~",
                "~^u1R",
                "Qo{`f/",
                "t!0}Y",
                "'0+4",
                "=tx`",
                "'L6\\",
                "+FX!4",
                "m\\Tx",
                "&\\w_",
                "D$<L",
                "OFg ",
                "cYN ",
                "G;G~o",
                "EZ1C",
                "D$$EP",
                " 4~b^",
                "/3A@",
                "pcs ~",
                "Ywq_",
                "x`.D]",
                "s*oXc",
                "do:q",
                "h9z9",
                "dw~\"d",
                "m4?`",
                "<t_8W",
                "KE,7",
                "iQac",
                ":3:dOk",
                "2!E-",
                "uWc9",
                "D$,>G",
                "qfEK&g`",
                "W|:H",
                "[J)D",
                "A%N4",
                "Iqbm",
                "bYkfj-",
                "{Q@?]",
                ":1'*e",
                ";9Hl ,",
                "!S>3]3",
                "wCMw",
                "q8NN",
                "i2|0",
                "`wL:T",
                "=&lq",
                "D_<M}r",
                "O-!i",
                "_L-}w",
                "axNM",
                "w3tJ;",
                "u@(W",
                "NLL$6",
                "w3{J",
                "O},f",
                "NF7$s",
                "HNC $",
                "?btF",
                "((b1",
                "w3uJ",
                "!7slW",
                "w3vJ",
                "w3~J",
                "RXri",
                "w3|J",
                "m}ry",
                "|?tp",
                "w3vJ2",
                "w3|J5",
                "A!9c\\W",
                "hXrvX",
                "Extended Module: too old (final)",
                "OpenMPT 1.19.03.00  ",
                "  greetz:",
                "   vibe, mam, neogen, O",
                ")91q",
                "due! #8 -   -  - -",
                "!DG*",
                "  tj technoiZ",
                "   too old (final versO",
                "@lr\\.X",
                "rr8V",
                "rU/T}!",
                "\",>|x",
                "05.12.2004",
                "- -  -   - 8# janq",
                "99999999999999999999999999999999999999999999999999999999999999999999999999999999",
                "99999/",
                "999999",
                "99999*",
                "999990",
                "999991",
                "999999,",
                "99999+",
                "kObkkZR",
                "[C_gsr",
                "qF666a",
                "R::Yv\\k",
                "Ms___rr______rrr",
                "vvvv",
                "C20\\",
                "kObkkP9",
                "vvvOBT=FF=rr",
                "]6 &66T)*9)@#8k) L_K_U______ffrzz",
                "kkkYl",
                "kkkkkk",
                "kkOb",
                "Y9llv",
                "/ASE5-3]]|",
                "]6-;Tz+",
                "Zl88)",
                "&U_KfUJL__rrrrr",
                "kkbbbk",
                "kkkkkkkkkkk",
                "A#+<c",
                "lbbv",
                "Z))9Ik/YpsME6=M_",
                "]6 &6]C",
                "r__U_rrfrr",
                "kbbbbkx",
                "kbbkkbY",
                "w++l",
                "lYbv",
                "Y9APBO?c",
                "sME=KWM_z",
                "g6&FspB#k",
                "&]frrrrrr",
                "zrr|",
                "kkkkkkkbbbk",
                "lBZZQO:C]FME=KKM_z",
                "|&-Wsp8",
                "8:#/",
                "*c3 rrUr",
                "kbbbbkk",
                "l2Cn",
                "vBB\\mwlUMM]K6M6L]",
                "zpz3   ",
                "kbbk",
                "vYYY",
                "]KK]]",
                "g_sT@PYO@blAm_Kf",
                "kbbkv",
                "I++v",
                "rWWpfW]rrr",
                "z]g5  ",
                ")P@)",
                "Qb2\\",
                "]MMMKFM|",
                "rrrrfTE   ",
                "##H#D",
                "wP+R",
                "=WqU=EM",
                "r____F ",
                "Tmk*#Yl?P:3W6J",
                "v?@O",
                "MT|KJL'=MK]UJJ_E  ",
                "lvZvn6&&rrrg",
                "z}LQk",
                "lbbk",
                "+RZ+9",
                "v\\Zl[C'U",
                "F3L3FF6EELsU+  ",
                "kOkT ",
                "&4U_Kr",
                "</BQkv",
                "vvvnl",
                "wlZn+ZwBO",
                "kQwwQ+5UrF5F5,E63J_sW%&=OYZA",
                "OO/:",
                "qzB///?Okvv",
                "vvlYY",
                "A+<2w",
                "Z++Tr",
                "qL66rM7 6MWsUUrV&",
                "+l/#",
                "8n<D",
                "bC:8*/?[",
                "klklv",
                "nkdwv",
                "j~KEfTE>!tt",
                "YP^ij",
                "ttuh",
                "~jjGH/28blw",
                "jjjjjjjj~",
                "ohjj^",
                "how~",
                "jjjjjj",
                "jhyvkk",
                "jjjjjjjh",
                "jjjjjjjjh",
                "F3UTWt",
                "hIkRIIj",
                "nO;)?bo",
                "w:\\IZw\\",
                "&&M>j",
                "(G8#)2",
                "{>!`",
                "jvkROHR",
                "ooyo^",
                ":l%:0",
                "ips3f]",
                "tDJMi",
                "iiiiiii",
                "ihXi",
                "ZCCCIZ,SR+A",
                "hzs&&3",
                "kkxk",
                "~X!!G",
                "uV>N",
                "j+Du",
                "jvkkbOb",
                "{{^{",
                "icObbOOSu",
                "oC\\\\C",
                "wCD.",
                "ihhhhh",
                "ijj!hXhG !hi><aih",
                "'.'! 7h!iXhjh",
                "`~~`.pO@Q[PHQD4~",
                "~~~```V\\[e",
                "qqqp",
                "zzzzzz|gp",
                "|T<Ufzz}<J",
                "Y1AkYO8JsC<fpzrqTT",
                "vkkb?/?H[IIHOH?HYkkkkllY@Qc",
                "qq|z",
                "fTLg",
                "sfqEJspWW",
                "fp|g",
                "B@R@[mmz}KLW]_s]==z|",
                "W`K_z",
                "bO8\"2/+2OOO[bH//@Pbbbkkbm",
                "kkknx",
                "lyxbm",
                "|7-Cl",
                "A++2",
                "Z%+)Y",
                ":\"++Z",
                "|gqzzqrff]J7Dp63K6&'E3&",
                "q6_qz]nv+#",
                ")9)pg&& 5",
                "6 5q_6&&=pBP",
                "HOObbbH/?OObbbk",
                "kkkkkkkkkk",
                "bbbbk",
                "kkkk",
                "o+cb",
                "CC/x",
                "ZIc<wd-\\y",
                "||ssgg_65W75 3T56F6qK6]",
                "))YYk@",
                "5a -66E6=]L6JpU6TzzZ*\"@/)8",
                "9??HbbbOH?HObbbkkk",
                "vlkkvv",
                "vvvvkbbYYkkklllk",
                "vvlOPPOYll",
                "kkbkk",
                "kkvk",
                "gE=g",
                "w;2*Z+P",
                "<;6_",
                "p,&6-< 6gM=< M7,e",
                "))Ob#6a -T& 6UK]",
                "U &&Jl/)H/)",
                "8xH/?HOObOHHHObObk",
                "kkkkkkk",
                "kOOObkkk",
                "bOPcclkkk",
                "|sF5",
                "wR[+1",
                "e--q67W",
                "qqqq",
                "-  5E =",
                "&M55K",
                "?Qvb#p",
                "6JT&7&<ssrrzE &MTlC[",
                "Y)l8))0kb@??HOObPHHObOHO",
                "kbObkkkk",
                "klbOHObkOOb",
                "V _pww<=&W",
                "}MFa",
                "qqrrq",
                "r -<7= <p5'5MeD6p",
                "22YlvA&Tz656=s&&",
                "sJ_fL ,]fp+*A09O)Y@",
                "OkbO?BHOOPOOOYbHHOk",
                "kkkkkb",
                "bkbOHHQ[HOk",
                "6&6}",
                "M 6=",
                "|&66s",
                "M66>{",
                "|~~~~~~~~~~~~7.`GGG766",
                "r633\\",
                ")ZE67MV6E",
                "- rrFssW  &6MC",
                "kkbOHHOHOOOObOHOYwoSeeeeee",
                "eeeee",
                "eeeDDSooo",
                "eeeeeeeeeee",
                "eyncRPHHHb",
                "kklvvp",
                "NNNNNNNNNj",
                "|zz|",
                "(((((((",
                "((j]",
                "vlYHO",
                "pKW|",
                "rrUE-U_EJrr_L_Fsz\\mPkbP",
                "kYOHHHHHOOPS.hjuN",
                "((((((",
                "((((((((",
                "NujGVSRk",
                "(((((((((((((((",
                "kkkkxz|",
                "(((((((((((((((((u",
                "tNNNNNNNNNN",
                "_LL______rfzzzrzy",
                "kkkbOH???HSXu",
                "  &&|",
                "Y+wm++v",
                "_L_______rr",
                "rfyv",
                "kOH?//,u",
                "pL>46",
                "jY?*w",
                "f__L______r",
                "rr_U\\bkkkkkk",
                "kbO9>",
                "]M57W $=&s",
                "|zq|q|",
                "jI*?",
                "vmpfz",
                "fULL____L_r",
                "rrr_U\\Obbkkkk",
                "kbO{N",
                "gM>5 W $55",
                "k[Tf|",
                "z_LL____LL__ff]ULT[[Obbbkk",
                "|||rrrrrzzpyy",
                "bQTfg",
                "r_L____LLL__UUf__T\\bbkkbkk",
                "^>77Wg  65|",
                "rrrzpeyynvv",
                "jC9PvI",
                "#PZ9))Cm",
                "OCUrr",
                "z_Ms__LL=L_L___r__pmkkkbkkkkkkY~",
                "]Ks{",
                "jPbvvb0R[R:RnYl",
                "H2_sr",
                "rrrf",
                "4LJL__FUKrrsrpkkkYkkPYkkY~",
                "uuuuuuuuuuuuuuuuuuuuuuuuu",
                "D]|e",
                "]Vg{",
                "gg]q",
                "eocAnwwkPv",
                "ZYl^",
                "YPZnm;z",
                "wvv@/C-Kr",
                "fEETf4srF3E-3-Efrrf\\Y@PbkObbHP~",
                "oSoooSSSoooSo",
                "SSS;ISSSpo",
                "Z&3p",
                ">7775V 775{",
                "M 6qW776Lq",
                "l9++AwO#",
                "#PZ)#+4",
                "&_qD=Lzg6]zzz",
                "P\\O*))",
                "6W]==6-U _r6&&   -JU__UC#?bbOmO",
                "j?/lv/",
                "Okk8)9b",
                "b)8bk8/)#)8#?b",
                "Y??G",
                "M6pK M ]",
                "udw2#ZZ+cH",
                "*wP+\"",
                "\\Ea|",
                "g7Vq|",
                "k9ZB8A#",
                "&66=TW6= KK6& &K5 JJL__3",
                "0bbO[O",
                "iv8Q",
                "*bk))A*#)",
                "] = |",
                "uew;",
                "91#[Y#Iwl",
                "2\"C*",
                "tUMM",
                "]6=Lsq|z",
                "b/P[/8",
                "&& Tr = -&6E &rL LL=LW- ",
                "+/PbH",
                "iO?[",
                ")Ob)",
                "/Okv//k",
                "g 5 ",
                "C2I+#Y",
                "+\"wI)Y9$",
                "tFLqq{-LpT&3LMWq|z",
                "98/)",
                "& J_ -&6=63 &rL&UL3=L5  #",
                "i?@v",
                "k:2lkbO8)9P)",
                ")9H*",
                "?[kv*@bX",
                "] F ",
                "M&eS&S",
                "22wI",
                "wA)c0",
                "8)wA'",
                "psqqMM|g6KD3Mq|",
                "c9lvB@?P*",
                " -3 &&TDM=&&KL&K_===& &",
                "ilPm",
                "H9YbOOP@9?P9@RmO/vv",
                "$   -W 67 T",
                "56edD&%#+w",
                "u,BY+++;A++)",
                "+w*#<ZR3&5G",
                "jMJWgL&66E6&&=Wq",
                "qp\\B?HlBlv",
                "    & &&6E& & =W_L=3&    ",
                "i/Qkvkkk",
                "))9kP",
                "#@YBB)9b[))h",
                "q5MF",
                "U5>|",
                "lZcv",
                "Z@bwv[R@0PcoJJp",
                "gJL~",
                "fTU_]_L=Wq",
                "pclk",
                "@)8)&&--6==W|K===UfUJ=6&",
                "+)**>",
                "b8*HOB??@b",
                "l?Bk",
                "kkPO",
                "l@?h",
                "((((",
                "vlncy",
                "pz||",
                "tXGGG>GGGGGGGGG~~~~~",
                "^D,D4GGG7G`````s_fTJL&&3M3JLMJ\\OPV",
                "kkkl",
                "OPObkbYlkxkb",
                "xYkX",
                "/))/",
                "uDv\\:wo5E6V|",
                "NNuu",
                "iG&&&=6  -5-<)/>",
                "klYQY",
                "kB?ObbQBObkk",
                "#\"vlvR#ZwIA",
                "SSS^N",
                "u^]F6}}7>7V{",
                "'>`]",
                "uj'&3& &==&&C8'",
                "iHkkbP@?Y",
                "kY?BY?HYOOk",
                "ttjj",
                "tttuuuut",
                "zqq~",
                "(((((",
                "u!63$=LL6 =+'",
                "iOkkQBH?O",
                "b@*/O??Ob[",
                "(((((((((((((((((((((((((((",
                "I\\Q8",
                "j6-=3<&&&&!",
                "iHkkOHPHYbH///O?OOOm",
                "(G=LJ3  -&!",
                "iHYkkbH?bH9@PHOQYlbm",
                "2:IvQIS@w",
                "N=Mqq",
                "!=LE-& & !",
                "iHbkkkOHbO?9HObbbbbk",
                "k\\nny",
                "j====33&&!",
                "ibbk",
                "bbOOQOkkkkk",
                "NNNNNNNNNNNNN",
                "NNNN",
                "NNNNN",
                "j=======3h",
                "ikkk",
                "kOObk",
                "NNNNNNNNNNNNNNNNNNNNNNNNNNNNNNNNNNNNNNNNNNN",
                "wI<<l",
                "<<;o",
                "^`aaa`^Vaa}",
                "`aa`^VaaMV^>77}{`a",
                "j========h",
                "uuuuNNN",
                "NNuuuuuuuuu(",
                "Z#;M{",
                "`ae{aVaV^MMe",
                "|6D^6FMWq_MF6KK6DE7e",
                "`GV>>M`",
                "aa4'7>7447>V67`geSS",
                "j33===LLUh",
                ";;ZD646Vqa}",
                "g6DVsVFVVMW",
                "6DKasM]",
                "{eM7LD6]qag",
                "yCT\\C",
                "R=Kq",
                "]C& &  K566=KTKWgfTC8V",
                "j3===LLLf",
                ":#-6",
                "V76a",
                "W75MWeWM6=|",
                "656g{6K",
                "eMMF66g",
                "YH@?",
                "w-5rss",
                "J KE6 EU___sLLJ#'",
                "j3==LLLLr",
                "kb[k",
                "nUDe",
                "W5SeMsM^SEa",
                "5Dee{6D",
                "sMMeF7|",
                "Z:0*",
                "d<Tqf]gT ']E - &",
                " ,EKWsLLJ,i",
                "j3==LLLf",
                "vlbYl",
                "kkvl",
                "saa|",
                "W7a>s{W>>M|",
                "{aM|",
                "sFF6FD5555VM5-6M",
                "||r~",
                "Njjjjjjj",
                "uuuttuu",
                "tuuuu",
                "j3==LL_q",
                "jjjjjjj",
                "mbkk",
                "tttttttttttttt",
                "{`}}",
                "{}ag",
                "gFWe",
                "gMM{{sFFFg",
                "j3==L_rz",
                "~kbkk",
                "j3==Lf",
                "~klkk",
                "M 6{",
                "|666K",
                "|M6g",
                "s66|",
                "g67L",
                "j3==Uz",
                "M6DDMgMVeM}",
                "W5eqa47V{MM",
                "|6]]Mg",
                "g6s{F5VgMK6KS<T",
                "!3=_zz",
                "M7VWMWaVeMs",
                "g5{V6,6667M{",
                "g se>F",
                "JS-p",
                "53Lr",
                "M 77{{76as",
                "V7a7>DMq{MM",
                "'WM7L",
                "T;ep:ZIZm8[",
                "!53=]|",
                "(hvkk",
                "W ,e",
                "{MV^",
                "W5eea>7V",
                "s6SK7foT<",
                "RClQ",
                "`8/L_q",
                "(j.Z",
                "e56s",
                "{Mag",
                "F '5=D5'55W",
                "ET;;w",
                "\\RIR",
                "[\\RIZ",
                "uiVB?/9Qp",
                "zrrfT`",
                "XVSk",
                "q5Ma|",
                "sMWe",
                "w\\\\Z",
                "l\\\\w",
                "w\\\\c",
                "XXXXXXXXXXXXXXXXXXXGGhiijiiiiiiiiiiijjjjjjjjjhGV;A@H?/)?",
                "iiii",
                "XXXX",
                "~`{oZbOb",
                "bbbkbbkkkkkbbbbbbbbbkkbbkbbOPHCTTTTUUULUTTTUJ<<JJJJJJJ<COOHB//?b",
                "rfEMsrTz",
                "kbHPkYO",
                "L7ae",
                "q5aF",
                "vkkw",
                "P)\"l",
                "vkkllllllkkkb??HOO?bb8Hb?)?OOP/8AObbbbO@)",
                "8T=EE==E66EEJ=6&3EJLLLLLLJIH?//?b",
                "zrrUL_r",
                "kkbbk",
                "kbYYbObkbOk",
                "6-Vg>VMVess",
                "Ylvmllx",
                "xc:+PP+R#*@",
                ")vkkkkbOOObbbbbbkYHObkk8vv@HO@A@?PQB?@lkkk",
                "lH**/?IJEK6LE66LJ=6--6L__L___FJ<9//?b",
                "rff__rf",
                "kbOk",
                "kbbbOObkkOmv",
                "7$^VaWaD^Ms",
                "Y?wZC",
                "Q[w[clllkO\"",
                "2w#)",
                "lbbbkkkkkkvvvv",
                "IOHYlO9??kYHk",
                "kH@ZYbb\\JJL__LL__L=EJ6L___UJLL==<9?b",
                "rr___rr",
                "kbbbk",
                "kkbbbOOY[\\Tz",
                "776a|V767s",
                ":wP)#",
                "v[YYmlbIA",
                ")vvv",
                "kIkkAO8b",
                "bC8?",
                "kkYQHlbbbYC3UrrU___M6=ML___LLJL====<[",
                "vpr__rr",
                "bkkkbObkkk",
                "kkkkkkkb[\\CTTU_r",
                "^MWe",
                "C0+w",
                "wmvlw",
                "+%wB",
                "vY8OO8P@YvbB@Hkl?YkkYYYBHYbObH@;J_rrrrrL5DKK_LLLL===MLL_p",
                "kcT__r",
                "rrrr",
                "kkkbbObbbbbbkbbbbkkkkknny\\TU_U__ss",
                "|aFg",
                "Z9noCZAZZRn",
                "vvvllmnwvZA)IRCl\":\\)H",
                "l9blBbb[OHOOQ",
                "Y?OkkkklOHPHHOQYZTLfrrr_L6-==LL====LLL__r",
                "bY[Tfz",
                "kbbbbbbbOOOOOOmmmm\\pppzffUL___ss|",
                "w@SC",
                "xxvwncln",
                "lC:w",
                "2Ccw",
                "vYlv",
                "PvvPk",
                "P:@kbc",
                "lOlv",
                "vvbQHYYOkk[pU__r_L6&&6===3LLUUU_r|",
                "kbbORpz",
                "kbbbbOOOOOOOOR\\ppfrrr",
                "rs_LL____z",
                "vvkkkkklOY",
                "Y::?*88?80*?H??:B8?8BBO",
                "kkkkk\\UU_LLJ3=336EEUfrUUUz",
                "kbOOkvp",
                "bOOOOORR\\TTffzzrrrrr___L_____r",
                "]MMa>",
                "w;T2Z",
                "w%+1",
                "Y2+Cw",
                ":CCZ",
                "c2C:",
                "AC2v",
                "vvkkbbbbkkOb",
                "l+9@09#:)",
                ")/9@@8?)H8H*OkkbkkkbBBHbP<&6666J==-6=MLfr_MLz",
                "r__zy",
                "kbkbO?9OvnfMszz",
                "rssszf__",
                "kB+9I\\\\ppffrrrrrrr________U___r",
                "]MrW6W",
                "R+xR+A+;cC:/2cI9H",
                "[b\"0#?O)\"0",
                "Q:2Y+w",
                "kkkkbbkk",
                "vQP8)?*P8)8@BP))))O/))?kkklkkP8*/H9)#  &6EE6-=F_LLr_Mf",
                "_UKq",
                "y[HbO?/@b[k\\T_s_frUL]rUfrr",
                "zsszzplk",
                "bI++<3=rr",
                "rrrrrf__LLL_____UUU_rz",
                "M>e{",
                "eM]D6M",
                "I)wZ+?+1wBC)0ZA+8",
                "\"*#Y",
                ")A)b)lv",
                "\"8lYlkbbbkkkvvv",
                "v@P)",
                "))PZAA@B?",
                "/lkkYbb?)",
                ")??)#",
                "&5LLE=JL]q_Lr]_q",
                "rLLLr",
                "cYbOB9YlQbHQTML_ML=Ur_]z_rrqqzzsgq",
                "r\\mn\\<<33<JMr",
                "rrs__LLL_UU____U_L_z",
                "F 6a{",
                "s7 &q",
                "#2w)",
                "##1R#w",
                ")?+Pv%",
                "##;Z",
                "@bklvvvvv",
                "k:A)",
                "P9+/@9?",
                ")YbbOOH+))8OOH@:TJs_LLULrr__rq_z",
                "r_K_s",
                "pykbHOkbOOHO\\LL__KJfrL__rz__sr",
                "zLM6=EL=MLff",
                "rrf_LLL__UUUU__U____rz",
                "V7qeMM",
                "<0+S",
                "O#/#w",
                "PHll",
                "))@)#)A:8",
                "OOOHHH9+9HkkO[[lpsr_r]s_L_r",
                "r__r|",
                "rzmbOk",
                "bOOHkYT_f_UL]r_frz",
                "zs_L_F55M_]__zrrrf_LL_____U_LLJU_L_",
                "M6]``|aW46g",
                "@+SA+lwCIZ",
                ")\"P:\"9",
                "\":\"*@2cI/@",
                "%\"%:",
                "k98))8)**)**2*",
                "HOOOPPYbbk",
                "qzf]f",
                "rgrTYYkkkOPHObPp",
                "rrfrM==EFLJLJK_s",
                "rr_LLL_rr___L=LJL_Lf",
                "]6M'a",
                "v2C%Z",
                "+0wR\")+Yc",
                "0%):w",
                "R9)@I",
                "#28)",
                ")Ykkllxx",
                "rrf__p",
                "bmkvk[[k",
                "ssfffrsr",
                "_MM_J===Lf__sr",
                "rr___LL____LL==JJL_s",
                "YyxPZ",
                "xkkv",
                "I0B\\*8/)\"\"+))\"))99//*@l",
                "xxYYkYl",
                "l@\\zzr",
                "zqqz",
                "rrU__r",
                "prrrr",
                "zzrrrfUUUffrrrzzzrr_____LLUULLLL=LL_r",
                "D5MM",
                "Z:+Cw",
                "w?++lY)",
                "Y\"+I",
                "Q<+Yvv",
                "vllvvO\"Z",
                "Pkl*@v",
                ")8)++@lQk",
                "PBv/",
                "ssLMs",
                "z__rr__srzyvv",
                "zzrrrfrrrrzz",
                "fzzfr_____UU_LJJLLLLLLL_",
                "sM|`s|ae",
                "Z*\"::2",
                "\"\")A*0@+A0)B#",
                "lOOkY?",
                ")#)))Z[++Pv",
                ")/?*#BI)O+O",
                "sLK_rzzD==K___rr",
                "rrrrr_r",
                "zfr________LLL==LLLLLL_",
                "{M] 6a ;",
                ":#Zy",
                "+1#C",
                "lkkO?HbbB",
                "O\"0ClP9k",
                "Z9)Zl",
                "vw2HY/O/@",
                "LEDq",
                "rL=  FL__r",
                "rr_r__rrz",
                "rrr___ULLLLLLLL==LLLLL_",
                "4 664] ]V$:",
                "xZ+#Pb",
                ")0+::Q0)P922",
                ")#%C0",
                "kkbbbbObbbObv",
                "HI*Y",
                "k209",
                ")Hw8)@vkkv",
                "v\\__",
                "zL6Ms",
                "r=-& E___r",
                "rrrrrrr",
                "r_____LLLLLLL_U_LLLLJL=Lr",
                "V65 ",
                "C#YP",
                "Z#*Z",
                "#Zw+200w9#A)ZC",
                "@bbbbbbbkv",
                "Z\"[[@@?l",
                "n\\@/",
                "w+Aw",
                "wC:Yb",
                ")@c+89b",
                "ULzLE]z",
                "q=& &E_s_r",
                "rrfz",
                "rLLL__LLLLLLLUK_LLLLL===Uz",
                "a6]47W6MJ3\\",
                "8H2Y",
                "#Z+)*)",
                "1RPACA:IZB::+I2)1#)2",
                "*+#\"",
                "Cc)PR[lRI0/",
                "w+Pv",
                "9)@[cO)@@)PC?",
                "kYpMFJJTfr",
                "U& =UUrrfrr",
                "s_LJLL_LLLJL__ULLLLLL3=6L",
                "zppy",
                "W & s",
                "E  B",
                "CCCCZd+",
                "v+#+Z",
                "B/CwY8",
                "))*b9CCAw\\b",
                "vlHHCLW]MMMsrL- Mrrrrrrr",
                "vyzzz",
                "r___JJLLL__UULLL__LLLL==3==f",
                "vZPk",
                "||qq_LEEUrrss]]ffzfrrrpnl",
                "lyzzz",
                "qqzr__J<<JL_fTTULLJELMLL-=66=M_",
                "566z",
                "663Ywv++;w",
                "O+#Pv",
                "wYYw",
                "mB???O@lv@POk",
                "mHv))lvvOHO",
                "psr_UJ-66ETLsr_LJ=M=]r",
                "rplvbk",
                "_WK____-&&6L]K=6 =J5 6LL-   ",
                "mQ[v",
                "W!5e",
                "> 3-7M ",
                "+\"AH)2+2O)2\"#Z",
                "?Q[90BOwZCQZ",
                "C)8?8@9v",
                "989P",
                "@wl9@bHPI3=5&&&===-&LfL==6FEMg",
                "zpvQb",
                "C&ET=6___r_- =M=E6   &K& &J<",
                "Qk[w",
                "xmwnICl",
                "g - ",
                "lY<;",
                "8@*k",
                "k*A\\wZQv",
                ")9)@Y9Y/P",
                "Q*223, & ]]6-&EE6E=L]KMg",
                "pCPl",
                "<-6=Urrr_-&Kf&&6&",
                "*??9Y",
                "lQOOQ",
                "vmvx",
                "&=O8",
                "KeyGen",
                "^Classes",
                "\"RTLConsts",
                "SysInit",
                "SysConst",
                "UTypes",
                "KWindows",
                "3Messages",
                "CVariants",
                "$VarUtils",
                "QTypInfo",
                "sActiveX",
                "VMProtectSDK",
                "Whirlwind",
                "DECConst",
                "DECUtil",
                "MiniFMOD",
                "jjjj",
                "Ajjjjjjjj",
                "XM_MUS_RC",
                "ABOUT_DLG",
                "DVCLAL",
                "PACKAGEINFO",
                "ICON",
                "2 < F P Z d n x ",
                "$,@U#",
                "'P P P Z d n x ",
                " &/R",
                "37L7P Z d n x ",
                "Ms Shell Dlg 2",
                "Arial",
                "Application Name",
                "Name:",
                "Serial:",
                "Generate",
                "Copy",
                "Press ESC to EXIT",
                "List count out of bounds (%d)",
                "List index out of bounds (%d)+Out of memory while expanding memory stream",
                "Stream read error",
                "%s.Seek not implemented$Operation not allowed on sorted list",
                "Stream write error;Circular Protection detected, Protection Object is invalid.",
                "String Format \"%d\" not exists. Input is not an valid %s Format.&Input can not be convert to %s Format.",
                "copy Input to Output",
                "Hexadecimal",
                "Sunday",
                "Monday",
                "Tuesday",
                "Wednesday",
                "Thursday",
                "Friday",
                "Saturday",
                "Cannot assign a %s to a %s%String list does not allow duplicates",
                "Cannot create file \"%s\". %s",
                "Cannot open file \"%s\". %s",
                "Invalid property value List capacity out of bounds (%d)",
                "January",
                "February",
                "March",
                "April",
                "June",
                "July",
                "August",
                "September",
                "October",
                "November",
                "December",
                "Abstract Error?Access violation at address %p in module '%s'. %s of address %p",
                "System Error.  Code: %d.",
                "A call to an OS function failed",
                "Variant or safe array is locked",
                "Invalid variant type conversion",
                "Invalid variant operation%Invalid variant operation (%s%.8x)",
                "%s5Could not convert variant of type (%s) into type (%s)=Overflow while converting variant of type (%s) into type (%s)",
                "Variant overflow",
                "Invalid argument",
                "Invalid variant type",
                "Operation not supported",
                "Unexpected variant error",
                "External exception %x",
                "Assertion failed",
                "Interface not supported",
                "Exception in safecall method",
                "%s (%s, line %d)",
                "Invalid pointer operation",
                "Invalid class typecast0Access violation at address %p. %s of address %p",
                "Access violation",
                "Stack overflow",
                "Control-C hit",
                "Privileged instruction(Exception %s in module %s at %p.",
                "%s%s",
                "Application Error1Format '%s' invalid or incompatible with argument",
                "No argument for format '%s'\"Variant method calls not supported",
                "Read",
                "Write$Error creating variant or safe array)Variant or safe array index out of bounds",
                "Out of memory",
                "I/O error %d",
                "File not found",
                "Invalid filename",
                "Too many open files",
                "File access denied",
                "Read beyond end of file",
                "Disk full",
                "Invalid numeric input",
                "Division by zero",
                "Range check error",
                "Integer overflow Invalid floating point operation",
                "Floating point division by zero",
                "Floating point overflow",
                "Floating point underflow"
            ]
        }
    ]
}