{
    "malware_data": [
        {
            "filename": "6c8df72c33f5e8854254c7835d8fef59cf40dec522fd29cbb4d13cd72bd2b42b.elf",
            "filetype": "7F454C46",
            "filesize": "55KB",
            "hash_sha256": "6c8df72c33f5e8854254c7835d8fef59cf40dec522fd29cbb4d13cd72bd2b42b",
            "strings": [
                "UPX!",
                "Q,s\\F",
                "/mB6",
                "fXXO",
                "}\"Rq",
                "B#-z",
                "LZrqT-",
                ":2Vkq-w",
                "bv/T",
                "r*Jv'q",
                "GC&c",
                "/x@ri6",
                "oNW&w",
                "qH@=",
                ";IGL/",
                "4?CD",
                "LC?L",
                "M+=g",
                "aA\">",
                "QsIx",
                "=vqR",
                "ql|r",
                "Y*FC",
                "'t93",
                "O&g(",
                "]$Gq",
                "Dm /",
                "HN^wKS",
                "y&Hrv",
                "-B,o",
                "ovp>_",
                "M*Ag",
                "dEfR",
                "2ke_",
                "8_\"z",
                "/uvP",
                ".~\".",
                ";&1Ek",
                "eHuj",
                "Q5Ip5",
                "At8&",
                "h{Si",
                "+'sqIb",
                "U1-(",
                ":Rl`m",
                "APn ",
                "v|#s",
                "Fdt8u",
                "L6+R",
                "&DX;0",
                "mM2T",
                ">8:h",
                "`P{B",
                "tf+&M.",
                "qY+54",
                "e37*",
                "p'hy",
                "x'DR",
                "P:41",
                "GcK#",
                "~[Z3",
                "=`63",
                "}cP*n<2TEC",
                ":LD3`f",
                "J$e9v",
                "{xd6n",
                "0JqL",
                "d\\p/P",
                "D'Cfg",
                "Bv)j",
                "c8q4",
                "acJO0",
                "c7'q",
                ",v(Q",
                "B]G;~",
                "\\y/+",
                "Tfx*",
                "7H`(En",
                "?l@=@",
                "(wVp",
                "ecz_",
                "~8UM",
                "pj1MsZzB7",
                "q*,P",
                "u}h\\",
                "z`H?",
                "o`7Kx8",
                "T_Y8",
                "h0:z",
                ":W`2",
                ";<;F",
                "VB`x",
                "g\"n#",
                "GN8q03Rd",
                "{`N_",
                "Z--W",
                "R^,R",
                ".%8'l",
                "5VLX",
                "6,N(GJ#",
                "?2*`",
                "J3q<Z0",
                ")scye",
                "97X1",
                ")7l3",
                "]k~lJ",
                "OEOP",
                "dl)#{",
                "&</0&",
                "z0q`u",
                "q$@3",
                "oO4_",
                ">wIw+",
                "/AJb,",
                "gS!lP",
                "qcF%{",
                "!$.L=s",
                "wI`)",
                "v\"75'8",
                "P( T*",
                "}K9W",
                "7cd!",
                "V62rM",
                "bJ]V",
                "< 1?",
                "1hv ",
                "cA?js",
                "|OCQ",
                "b9L#P<",
                "&nq8",
                "\"`cj",
                "$:cH",
                "(sDz",
                "9S[$",
                "S#4$q8P",
                "65j@",
                "(TdK",
                "y; M",
                "'zzC",
                "|;;X",
                "A]3p0dc",
                "[eGu",
                "4<G1",
                "6h4q",
                "p{.a",
                "byD%",
                ">H@L",
                "m?@/e",
                "g:dB",
                ">@5\\\\e",
                "H+d/li",
                "n:-%",
                "&V(N",
                "8h%k",
                "l+lj",
                "/O+L",
                ";v9t",
                "@ s&$",
                "nE\"}",
                "S9Wk",
                "NSM(l",
                "=x11_",
                "[0xx",
                "[n3v3",
                "GYi>",
                "aSR0O",
                "OZhtq",
                "PH[z",
                "wz:1vH",
                "E'FB",
                "b?lc",
                "63kfk",
                "|uLa",
                "JF\\F",
                "*OJv",
                "w;_5",
                "E~wW",
                "Ux,Y)(W",
                "S(hu",
                ")*)u",
                "mgcW",
                "Xm4?",
                "I:WZ'",
                "+\\_O27Q\"'",
                "6y ;^x",
                "?eX9",
                "1[|Z",
                "&5LK)",
                "neDD@",
                ">sE3",
                "fgOKT",
                ">}B7",
                "!e_6",
                ":c\"Y",
                ",ZIt",
                "H]~^7@",
                "9n>f",
                "VLk]%$@i",
                ">LVnK",
                "#*D{",
                "<~N^F",
                "J}mp",
                ">~nk",
                "jC;t",
                "a6%[",
                "i[e!",
                "#mcq",
                "TcU}",
                "B4`l",
                "X* c",
                "VYwk7",
                "IgxdAn",
                "zj@9 /",
                "g6MV",
                "HW.~Xo",
                "wa99",
                ".h(sR",
                "?QDu",
                "407 ",
                "@>6|W",
                "QPUW;",
                "B1w9",
                "=f\\=H",
                "\\_k=",
                "0UYa",
                ";Mc$s%",
                "l4jU",
                "gIWlhL",
                "%0Wa",
                "Y&GU",
                "C4:(>",
                "2okWg",
                "F,\"9&",
                ">-y$",
                "dQv0",
                "`RXj",
                "aE-;@",
                ":YHX*",
                "68q5",
                "='[,l",
                ")\"7I",
                "Ajjb",
                "GhOC",
                "%lg4Z",
                "%)Tr",
                "!(fQ",
                "cd+I",
                "M+-X",
                "VtSr",
                "Nd\\w",
                "wa?\"U.",
                "V@Ip",
                "/HJ#",
                "1(!+v+",
                "]=PR",
                "DAJv",
                "'F5}k",
                "/:\\&",
                "lK52",
                "9Fq*",
                "\"GhR",
                "-sMN",
                "6IYz",
                "yC)3",
                "q`]['",
                "[OC[",
                "~fOkPn",
                "v lPS",
                "Dk_U",
                "b*Wl",
                "WNHG",
                "Qqt~U",
                "x}q'V",
                "Q1gn",
                "w?Jt",
                "rK1B",
                "RAC!*",
                "+fU}",
                "zz0}",
                "M~jhc",
                "%lco",
                "@nT4",
                "Ys8Hj",
                "=z5f",
                "I,tU",
                "-_z,C",
                "g^-5",
                "*;9-N!q",
                "zRrK",
                "=A6w",
                "cI~_",
                "@/ub",
                "C8I'",
                "+;*p",
                " eNFcx",
                "s&/*f",
                "1g.|",
                "_Q$_",
                "t4?g",
                "\",EL",
                "wf#z",
                "1n00",
                "$W:v",
                "Odw5y",
                "|T^4",
                "oJO&",
                "qY<6",
                "GD]]9",
                "i49x/",
                "K<n[",
                "I>SA[",
                "tPGGR",
                ";)#\"",
                "(e`F",
                "o.+y",
                "oH 1",
                "\"w=(H",
                "3qk`OlxdI",
                "DS_$",
                "&n0cd|-,",
                "ED_:",
                "Pw3L",
                "2Mf$",
                "voIn",
                ")fV0",
                "PiMT",
                "u1t;",
                "!>|:P",
                "bucW",
                "= OJ",
                " /._",
                "$`SI",
                "i(=Wr",
                "*`Vhr,",
                "X-^l",
                "(A,f",
                "1=3A",
                ",N}U\\",
                "L5ar",
                ")k=N",
                "=rhw",
                "+<p\"",
                "FX:7",
                "y@:C",
                "PGCS",
                "5KTp/",
                "Bq3]h'",
                "wiFw ",
                "\\J_H0",
                "&GQ;",
                "[4IH\"",
                ">7Kin",
                "\"Yi~;Lin",
                "J\"bJr",
                "niM@",
                "<pRq",
                "}*FT",
                "KnDW",
                "}b\"x",
                "C$gG",
                "\">-n",
                "leM$",
                "tBts",
                "zVYU",
                "tP7k",
                "SKn7s",
                "S?v[",
                "29`0q",
                "I~UI",
                "KWeN^&",
                "kb_s",
                "jdFB",
                "Q_5.[+",
                "6x&1%",
                "N=j #Vb+",
                "J@86Wcc",
                "s,X~",
                "U=D%OB",
                "'?p/",
                "^#Oe#",
                "HL{<&-tv",
                "RI;i8W ",
                "E@6:",
                "[VsU",
                "$>??8",
                "N*\\E",
                "B(^u*",
                "jVd)1",
                "3km%",
                "  Tt",
                "Fqu%",
                "uN95",
                "(Ok]o",
                "{w}z",
                "wX$)",
                "b0;R5",
                "T(#p",
                "s& Z",
                "Pb )",
                "$Info: This file is packed with the UPX executable packer http://upx.sf.net $",
                "$Id: UPX 3.95 Copyright (C) 1996-2018 the UPX Team. All Rights Reserved. $",
                "/proc/self/exe",
                "x/Y ",
                "H}#L",
                "D:Q(",
                "$}.>",
                "*D9=",
                "GcUV",
                "lUw\"",
                "T`4N",
                "oAB/",
                "|97gA1_",
                "5E*X",
                ".@9!",
                "\\Qm[",
                "rh),$'-",
                "j*7NN",
                "WA+?",
                "*qN8",
                "V-99",
                "K^3+=5C!",
                "=QG$",
                "}f~B",
                "BD}!",
                "G[=p",
                "U`?m",
                "W:W/",
                "M:SF",
                "hVanf",
                "A1OB",
                "Q`<k",
                "=d]\\",
                "HRLF",
                "z1%o",
                "a&^T",
                "R)|JM",
                "t/T/q*I",
                "#^~m}J",
                "Z-1I",
                "J&qVL",
                "c'a(>",
                "5)`cT}D~",
                "6[.\\",
                "T8`O",
                "^#R(",
                "jO-N\\d",
                "iFq#I",
                "(o;3",
                "uq*1",
                "@aNp.",
                "Vx=E",
                "F{&JN",
                "?F85",
                "dP'%",
                "$(?n",
                "A*B ",
                "vCq\"G",
                "rVOJ",
                "|f_\"U",
                "kV.A",
                "9:K ",
                "MZg;",
                "0t|o",
                " g*_",
                "$B Ic",
                "(8?7",
                "xJ)%",
                "\")o$",
                "2n0/",
                "^Arh",
                "foH,",
                "X*/LJ",
                "~Hm&",
                "~>Lu",
                "1\"G^",
                "B1L2z",
                "p9'R",
                "RyoW",
                "u2hD",
                "%g@Q",
                "J\\tJ7",
                "?c@}",
                "l!;NY",
                "*HCVH",
                "A.!g D|z",
                "== &",
                "S{U$Q",
                "()7u [}",
                "Zc#RuE",
                "Xp^h[c*e",
                "OyEal",
                "2p:dE",
                "L\"!]",
                "Y#pY",
                "U\">G@1{",
                "q?Zx$",
                "Zvg- ",
                "3]H7",
                "$yc/",
                "QFqd|U",
                "bava&",
                "+>E>d",
                "G?H\\a",
                "ymhR",
                "3Yu3",
                "}-eg4",
                "(C;57",
                "wK.R",
                "t/hK",
                "/$?M",
                "{7`$,UN",
                "F[qr",
                "_z*M.+lB~",
                "_ArF",
                "UDx)",
                "*q_cDYr",
                "IBh8",
                "VLvk5",
                "TxpOB",
                "@=or",
                "mO2|",
                "'Ve^,0",
                "h*-z",
                "DK+5",
                "yJXs",
                "xyr@R>(",
                "ND5j",
                "R?Pj",
                "6H|I",
                "-fy|",
                "%]_bEN(",
                "Js(C",
                "QT~C",
                "R`Xm",
                "h(Q#",
                "glL&",
                "wx(T.",
                "2$j^-9",
                "0X)@",
                "E !8`",
                "V6q4",
                "o^9]",
                "7W46",
                "Gs+-",
                "P%Z)",
                "V6O(zF1",
                "D%I`!",
                "Y(kK!5",
                ".w<~u^?H",
                "i9SrYH",
                "\\^kW",
                "/1<ri",
                "/ira",
                "%_Kw",
                "<t%H",
                "k4ar",
                ", Sf",
                "GnS4",
                "5]j|",
                "OXI6",
                "FFWm",
                "S!$CppvY",
                "Y-z\\!J",
                "o}1{u",
                "fgR~",
                "rp)a}",
                "&uDz",
                "yNulY",
                "d_x`p",
                "azX1",
                "XFP~",
                "K&;?",
                "MC$d",
                "+IjK\"M",
                "DUy:w^",
                "q2~<",
                "`jdO",
                "o&a!",
                "2|+Y",
                "8\"Fc^",
                "#{zKs",
                ",F-)",
                "2m{{'",
                ".AI85",
                "|OYwm",
                "fZ%A",
                "_,wAn",
                "dYDDko[",
                "@\"o)",
                "s'uZ",
                "(MUE-6~6",
                "cH}(",
                "_I.#U>",
                "+N9j@",
                "[waU",
                "$8[IZXE",
                "3^FZ",
                "Ns<,9",
                "[fM8",
                "Eq5Y",
                "v)Kv"
            ]
        }
    ]
}