{
    "malware_data": [
        {
            "filename": "0115d9aec427447d63e245cad0099c19f11f9d6cb49ab675eef9388bdd33a997.elf",
            "filetype": "7F454C46",
            "filesize": "27KB",
            "hash_sha256": "0115d9aec427447d63e245cad0099c19f11f9d6cb49ab675eef9388bdd33a997",
            "strings": [
                "OUPX!",
                "8~Vg",
                "UJyK",
                "$g[#",
                "N{F@",
                "9~|c",
                "!'W@k",
                "9a78S{",
                "hDs*",
                "FQ,G",
                "}}Keq",
                "1;8Y",
                "dn|Qh",
                ")]uo",
                "Syil",
                "]p{yM},",
                "b`NL",
                "K{Z?",
                "'rRn",
                "v9MQ",
                ":Gw'Y",
                "7>]p",
                "@s6Y",
                "$DO[",
                "[kL>A",
                "tT).^7",
                "!]|z",
                "C@0[",
                "a#/*",
                "Rx]d",
                "#ac)",
                "U\"*[@Mu",
                "p{Bh",
                ">UZ&",
                "8;I<hT",
                "6i3l",
                "rEX'",
                "c0HyX",
                "VaI1",
                "Y0GK",
                ":aK%<",
                "w*sk",
                "?K%7",
                "uwr6pVw",
                "O3Di",
                "vT0j",
                ".!Lx",
                "bj#?",
                "ceP(",
                "8Bx4-O[",
                "@%)%",
                "&}')",
                "*>En",
                "Ke_/",
                ",J\\i",
                "R&r=",
                "R..;OX",
                "%lEl",
                "?qQ]",
                "d^n{",
                "Mn7O",
                "$7\\X~",
                "|;0!",
                "E~,!",
                "NVzcySh",
                "v(#7",
                "I7gh",
                "!Qu>",
                "WRq!O",
                "5)ucW",
                "DgmS",
                "%6>u",
                "Ht/_",
                ")|&wR",
                "5C$L",
                "1h5p",
                "lE&ZMy",
                "V33!",
                "Np;E_",
                ".7]G*g",
                "11yN",
                "_QW#y",
                "i}!`",
                "9#FF",
                "GX>T01",
                "3k'L",
                "NhKTl",
                "V+'$",
                "YTK]5<",
                "pchg5+",
                "e0?;O",
                "MAAF",
                "yy@o",
                "4Pi:[",
                "7ayr",
                "N(bM",
                "[k%(",
                "2rBb&",
                "OIC`",
                "wx&(",
                "dlD-a",
                "wheV",
                ",Zg]",
                "7Uc}",
                "b\\R\\02",
                "%X&9",
                "rtFk",
                "8dwg",
                "MV|-",
                "kZgn",
                "!esD",
                "#,0A",
                "v7w[g",
                "9pTe#f:^R",
                "?Hc9",
                "WRGp",
                "xYR\"O",
                "#)r>G",
                "!9PT&|Xx`\"",
                "H-QIlS6~",
                "lW`2G+vy(",
                "92(+",
                "AcOf",
                "A.LZ",
                "<19l/",
                "/u'M'",
                "!55R",
                ",ZM!4",
                "x1{nA",
                "Qh(W",
                "IFm_w",
                "r$sQBsA",
                "kcxP",
                "+8Nb",
                "l_zC|",
                "pTa$}5",
                "7EtV1",
                "SS5y",
                "sKk)mz\"",
                ":@~J",
                "e)qC",
                "tUhG",
                "7Ix(",
                "]=2\"N#",
                "<e}b",
                "~8<R",
                "/\\8'",
                "F?B~N",
                "FT)q)",
                "JuIZJ",
                "]fL-",
                "ixL:Ee",
                "?*<6K",
                "e==NtW",
                "_;13",
                "fd?`K",
                "8f-Rh",
                "$0x(",
                "[nv}",
                "v1=:$ma",
                "WHsZ",
                "(Z\\@qc",
                "G2bC",
                ">V&0",
                "@CP$[",
                "FH%^",
                ":!6)",
                "~Ww#",
                "`B2E",
                "al|&",
                "7itb",
                "bl}?",
                "OpaQO",
                "s<&c",
                "6q%Q*",
                "6*Kq",
                "\"X=gJ",
                "w&+NJr",
                "~5<wM",
                "uc6b",
                "PR|D",
                "g1a1",
                "E`ro",
                "nt]_+",
                "1V)\"",
                "GZPKH",
                "[*SjZ9p",
                "&BrM",
                "9aJ)",
                "#p*ozn",
                "h/~]",
                "z|;v>0",
                "eP3_",
                "KV}k",
                "bsZ89",
                "[{5<",
                "E&}]",
                "[/'aco%",
                "G;u/",
                "O%f4/'",
                "o^>n~",
                "oQ\\B",
                "M~KO",
                "ClE{",
                "Pv8^",
                "vFNlI",
                "%NsX]nN",
                "0bJdn",
                "mZ n",
                "L6[6",
                "hEq>",
                "vpNE",
                "@%~F",
                "vs_[",
                "I460dv",
                "5dL3s",
                ".&s0",
                "!G19",
                "AQ!2!",
                "H)5Iv",
                ",y;@p",
                "<RJU",
                "!u3P",
                "'b;+#",
                "}2=q",
                "bg1[Nb",
                "nmP9",
                "G{My",
                "/0?69j",
                "h68!",
                "nU0?@",
                "yy-@:",
                "'BRn:2",
                "%h`X",
                "/9oYs ",
                "eX*(O\"",
                "M2dHW",
                "fAN8",
                ".nFC<",
                "GV;B",
                "1mq4",
                "e5k4",
                "7YeR",
                "5j*y",
                "-Pra",
                "JwO2",
                "|<o'",
                ":H${",
                "hg;(",
                "L3$c",
                "TmHE",
                "vQAJ4g",
                "81Og",
                "!wEz",
                ";MK=",
                "00k2=",
                "b7Ve",
                ">|9|",
                "kJ!WL",
                "sr9{",
                "a7DJ",
                "xg~npp",
                "?x\\n",
                "}#=o",
                "i.Ei",
                "VHkz",
                "~st@",
                "/EHNk",
                "5'Zk",
                "Y59L",
                "-Hf!",
                "TK$[",
                "#kPb",
                "|<GD",
                "=;Y`",
                "BcKXgl[K",
                "%s'-",
                "MJIw&",
                "7aH*",
                "%2 w",
                "3gw0",
                "AW@r",
                "B'h\\",
                "2F~M",
                "V,:^-X",
                "aE*L",
                "6Gl2",
                "JLre",
                "S~9/",
                "xLOocH",
                "6hMn",
                "Pb )",
                "PROT_EXEC|PROT_WRITE failed.",
                "$Info: This file is packed with the UPX executable packer http://upx.sf.net $",
                "$Id: UPX 3.94 Copyright (C) 1996-2017 the UPX Team. All Rights Reserved. $",
                "5n9#",
                "]=2)",
                "%b')",
                "/Cw@Z&",
                "9e(1",
                "xjqX",
                "/Vv<",
                "-zL0U",
                ":LM'",
                "~!'\"?",
                "gn;>",
                "`dOW",
                ">G\"V",
                "G0KT",
                "o9ruVu{",
                "A3Zp",
                "5(Ix5",
                "[NI.",
                "[zu%Z",
                "b/h>@%",
                " ;\\4",
                "+Ofp",
                "WJFj",
                "UaPt@X",
                "UPX!",
                "Hfr 6P"
            ]
        }
    ]
}