{
    "malware_data": [
        {
            "filename": "313abb0639fff4cb358915a766755edc2815bc91e028bc8c94b1809549590f09.elf",
            "filetype": "7F454C46",
            "filesize": "22KB",
            "hash_sha256": "313abb0639fff4cb358915a766755edc2815bc91e028bc8c94b1809549590f09",
            "strings": [
                "UPX!",
                "D*aN",
                "T3)D",
                "[C4g",
                "F ?I",
                "e2\"Aw",
                "vt9N\\e",
                "Mv2t",
                " J){.",
                "W%g\"",
                "j-U7",
                "amFwT",
                "@2g$Kd",
                "J<0c",
                "@tCw",
                "uB*Nw",
                "{sY<?",
                "MR9j",
                "00;'",
                "yDyf",
                "F\\A/ ",
                "aC93",
                "TqOs",
                "$<F_,",
                "qn3{^",
                "Kn?*",
                "P]o :",
                "c&7W",
                "g}2(",
                "{iN)-",
                "iDP}Y^`(",
                "bq0H",
                "SjEH",
                "gOg~",
                "EfehQ",
                ":gf=da",
                "]E(-",
                "\"kvL",
                "B;6C",
                "I#3:",
                "HC;gv",
                ":4H6<t",
                "=lub",
                "=D+^",
                "y7G9",
                "JD=%",
                "-+5_",
                "h>\\hW",
                "9X42",
                "AVPB",
                "bpLc",
                "Ks7o",
                "~tN[",
                "<aGf",
                "m5\\.GMBXN",
                "9]KE!",
                "\\o]tk",
                "#XZ=",
                "SXLf",
                "MtKo",
                "o.Z$'",
                "c?\\`1",
                "yv{%d",
                "J<LP",
                "woMf",
                "mXHy",
                "=B'9",
                "|4k]",
                "s7XW9",
                "G(Ia{",
                "^_`S/",
                "apA?",
                "#U[]~",
                ":'P-",
                "F#.L",
                "c67MN8\"",
                "KlHl\"m",
                "p4mV",
                "H2u0",
                "l>=C",
                "acOB",
                "7pX&",
                "WzYtvl-]",
                "&dfz",
                "t]kPA",
                "CjA%",
                "Jo!j",
                "M&k qm",
                "ZraSW mC",
                "Rk@UH",
                "KqX,",
                "+>V.",
                "+\\`2",
                "e6SR",
                "UqqBk",
                "g[Fw",
                "B'g`",
                "}jT ",
                "?7d%",
                "[lBvf",
                ",GrJ",
                ":n'y",
                ":&Ho",
                "1Wba",
                "Dr9D&",
                "DjP`",
                "2UjK",
                "v0`D",
                "U>Wh",
                ":g3e",
                "@.icc",
                ">)Ni",
                "m=+.G",
                "krGIK",
                "8FPjO,}",
                "{y%c",
                "Iw(a",
                "7i8J",
                ";p\\$",
                "0cs}",
                "ewb ",
                "pT.5",
                "acLsq",
                "|V:ker",
                "mjH}c%",
                "3NnCHV",
                "U\\}\\",
                "F@^=qup",
                "$x-PL4",
                "u^hum",
                "3(YV",
                "fzSY",
                "v\":}J",
                "_@4gE",
                "x>+#",
                "=aq/L",
                "tl6D",
                ") n^",
                "HWhj[6.\"",
                "zM9|",
                "@}U=",
                "*M$Qc]",
                "3[B$o",
                "@~m8",
                "\"PBc",
                "|D~p",
                "@c=W#",
                "pyM,5H",
                "J:7i",
                "8pwQ",
                "^stR",
                "6YF3",
                "+j92",
                "TR(d",
                "u<@z",
                "@ZAXm",
                "qr=`",
                "2QOR",
                "zb:4C",
                "'GW;",
                "1|mY",
                "D)_Bi\"d)",
                "<!Swt",
                "ak/f",
                "5mE-",
                "zWYf",
                "x29du",
                "LuIh",
                "tB8o",
                "Ucr`",
                "!\\r\"",
                "{&7k }l",
                "szfR/",
                " 'O5",
                "+^9|",
                "GI}[",
                ",wNi",
                "ciI!Npf",
                "=|yj",
                "::$;sS{",
                "R8b3",
                "}M+g/",
                "|\"vo",
                "rLj8",
                ") 9K1",
                "7Atb",
                "2IG4",
                "t)Kq",
                "soHG",
                "-!Z*",
                "lTQx?",
                "_we,",
                "?`j@",
                "s\\oA",
                "S?M3w",
                "bN[N1",
                ";iuG",
                "Pkqo",
                "+7BK^H*\\",
                "AJPq\\",
                "b2\"E",
                "xo#1",
                "sf8X",
                "D`DM",
                ".[M3Fv?d",
                "4B##",
                "$J#nAX0a",
                "1wdX",
                "*yy\"}Z",
                "|cX08c",
                "@}+X0})P09k",
                "}HSx8`",
                ".}8J",
                "#x}@Y",
                "}iXP",
                "}HSxA",
                "(P8d",
                "x}f:.U",
                "}HSx|",
                "(P}f;.8g",
                "}HSx8",
                "@PU`",
                "@.UH@.9",
                ".p}HSx|",
                "P}7Kx",
                ".p~)",
                "x}:Kx/",
                "0Ti 6 ",
                "x}d:.U",
                "}d;.B",
                "U)80?",
                "}f;.B",
                "ZX0T",
                "<}8J",
                "} HP8",
                "@.WZ",
                "(PcZ",
                "WZ 6|",
                "}f;.",
                "Z#xT",
                "`P8`",
                "PROT_EXEC|PROT_WRITE failed.",
                "$Info: This file is packed with the UPX executable packer http://upx.sf.net $",
                "$Id: UPX 3.94 Copyright (C) 1996-2017 the UPX Team. All Rights Reserved. $",
                "2TYv",
                "]@xv",
                "+#8D",
                "F)N[",
                "U?y!",
                "P_'i~",
                "LJ)H",
                "7JZx",
                "lO c",
                "tz0(",
                "%\\bSG",
                "&k?H{8",
                "s?P>",
                "2\"SA",
                "PhDT",
                "GCe%",
                "7St*W",
                "F0.V",
                "18(05",
                "_%b:e"
            ]
        }
    ]
}