{
    "malware_data": [
        {
            "filename": "26baf66956c419f6346089bb655eaeb47ff4f605156f771ed9164cdba6458bc2.dll",
            "filetype": "4D5A5000",
            "filesize": "29KB",
            "hash_sha256": "26baf66956c419f6346089bb655eaeb47ff4f605156f771ed9164cdba6458bc2",
            "strings": [
                "This program must be run under Win32",
                ".text",
                ".itext",
                ".data",
                ".bss",
                ".idata",
                ".edata",
                ".rdata",
                ".reloc",
                ".rsrc",
                ".aspack",
                ".adata",
                "|cKj]",
                "`(r+",
                "@*rAS",
                "[NH(r",
                "d)AS",
                "WQ[{",
                "&J+hA&(",
                "W!\\E",
                "PmX-",
                "H`Y+@^1",
                "Y/Q\\",
                "]Qe}x",
                ">L,@Ch",
                "/TXwLseR",
                "dLj%",
                "LwX{_",
                "_K84",
                "Lk+|",
                "=Z|#",
                "]oH^\\",
                "[vY\"",
                "nq~0*",
                "6}zh8}t_",
                "L/_+",
                "w\\]i",
                "]e1&",
                "2}/ ",
                "a[BL",
                "Lef<T",
                "'xC3",
                "v~eME",
                "]qs7",
                "s)Lk",
                "Vf;]",
                "z4r|4",
                " '&Mt",
                "p5mD",
                "~>&5",
                ")WS~y",
                "8;.O",
                "OT0-",
                "\\~\\zl",
                "bqvT",
                "OF?b",
                "<=*F",
                "FZvn",
                "B2+1Y",
                "z|H=",
                ";=n!",
                "217;",
                "373Wb]Y",
                "i$os",
                "X,ou",
                ">}83L",
                "iJ:X",
                "ffIn",
                "JlI:",
                "4[R=",
                "ni&6",
                "Tsxs",
                "\"XF4",
                "qr}K",
                "T[|G",
                "nR]Eu",
                "GcW1",
                "wluM",
                "gfL*R",
                "&t</",
                "N:Zv",
                "}@TWxg",
                ")>Y?O<",
                "u@(x&}",
                "plq<",
                "Q[X.n7v",
                "G%^,",
                "1[?g!?o",
                ":;fQ",
                "r%,nQ",
                "DqDQH",
                "Wc{C;w@",
                "KytT",
                "RnAZ",
                ",cj8",
                "jXmjU",
                "':'8%",
                "Mb3I",
                "pUwQ&",
                "~D13",
                "BF?Z",
                ">K|{",
                "ZkUl",
                "NDc\\",
                "Iw4*h",
                "SU[<",
                "#5D3",
                "|l#-u-D",
                "cVfZ",
                " !5F",
                "t5_W",
                "txz~",
                "|=~/",
                "JyTUR",
                "F\"Nv\"",
                "8g5'%",
                "d|sj",
                "(~r@|",
                "/T$B",
                "o]9g",
                "zZK^",
                "K4n7J",
                "\\8cJ(",
                "[;\"K;7I",
                "{${8",
                "M\\<-",
                "VI)O",
                "^/IPI",
                "fG}4",
                ":sky!>F",
                "<9Vu",
                "_B-oP1",
                ">3IT",
                "M:YJ;Kk!",
                "jefSi",
                "Z9csy",
                "4Mt#",
                "x$u$`",
                "p(=R",
                "Pe=Sa",
                "\\ej[",
                "D>[U:",
                "%[=Rb",
                "+6e2",
                "oTbm<",
                "`6vk$",
                "t</$",
                "s6SG)",
                "Uh@:",
                "kFQ\"",
                "q6n'",
                "<7&z",
                "oV_V",
                "h&|&",
                ":i]J&",
                "d2n=Q",
                "!A@~.",
                "*_!}",
                "<z7C",
                "J\"~q",
                "LMK9",
                "fU-=3Jd",
                "bx@]",
                "F70H",
                "?0Xy",
                "Iueq",
                "wk^l",
                "SV22",
                "Cpe|",
                "=AVM",
                "z/:OQ",
                "JPz]hU",
                "Fy?.",
                "q>j@",
                "o}i*",
                "5j/G",
                "_-ide",
                "g5jFQ",
                "1c@5ZT",
                "vq:#",
                "H$X.",
                "3Iy6F",
                "d7dE",
                "\" i,\"",
                "u3=:`",
                "4XF0",
                "c_LD",
                "aMb.v",
                "tcA^",
                "[M63",
                "DUF6",
                "`AhA`N",
                "'300",
                "[dI0",
                "gFHM",
                "_R$V",
                "GI$[",
                "B6d`",
                "0CLL",
                "7DNz",
                "s@]w-",
                "}>[=",
                "c;JW",
                "vtV?*",
                "DDt$",
                "Ls2\\",
                "$s=e",
                "{H}V",
                "gcb[%",
                "THdy.",
                "%;xI",
                "zymd",
                "#UB+",
                "ZRO)",
                "f:FtlB",
                "_(\\?Q",
                "0ZS]",
                "H1L&gn",
                "~*9N'",
                "1KZ2",
                "#6o;",
                "&f-1",
                "Xy+j",
                "eK&P-(",
                "madDisAsm_.bpl",
                "@$xp$23Maddisasm@TFunctionInfo",
                "@$xp$27Maddisasm@_TFunctionInfo@_2",
                "@$xp$27Maddisasm@_TFunctionInfo@_4",
                "@$xp$27Maddisasm@_TFunctionInfo@_6",
                "@$xp$27Maddisasm@_TFunctionInfo@_7",
                "@GetPackageInfoTable",
                "@Maddisasm@BcbInitExceptBlockLDTC",
                "@Maddisasm@CErrorStr_BadFunction",
                "@Maddisasm@CErrorStr_CodeNotInterceptable",
                "@Maddisasm@CErrorStr_DoubleHook",
                "@Maddisasm@CErrorStr_InvalidCode",
                "@Maddisasm@CErrorStr_UnknownTarget",
                "@Maddisasm@CKernel32",
                "@Maddisasm@CReadProcessMemory",
                "@Maddisasm@CWriteProcessMemory",
                "@Maddisasm@EndTryRead$qqrui",
                "@Maddisasm@Finalization$qqrv",
                "@Maddisasm@GetExportDirectory$qqrpvruirp30Madtools@TImageExportDirectory",
                "@Maddisasm@GetLineNumber",
                "@Maddisasm@GetProcNameFromMapFile",
                "@Maddisasm@KernelProc$qqr27System@%AnsiStringT$us$i0$%o",
                "@Maddisasm@Magic$qqrv",
                "@Maddisasm@Magic95$qqrv",
                "@Maddisasm@NtProc$qqr27System@%AnsiStringT$us$i0$%o",
                "@Maddisasm@ParseCode$qqrpv",
                "@Maddisasm@ParseCode$qqrpvr27System@%AnsiStringT$us$i0$%",
                "@Maddisasm@ParseCode_$qqrpvui",
                "@Maddisasm@ParseFunction$qqrpv",
                "@Maddisasm@ParseFunction$qqrpvr27System@%AnsiStringT$us$i0$%",
                "@Maddisasm@ParseFunctionEx$qqrpvr27System@%AnsiStringT$us$i0$%t1io",
                "@Maddisasm@ParseFunction_$qqrpvuit1t1t1t1t1",
                "@Maddisasm@SolveW9xDebugMode$qqrpv",
                "@Maddisasm@StartTryRead$qqrv",
                "@Maddisasm@TryRead$qqrpvt1iui",
                "@Maddisasm@TryWrite$qqrpvt1iui",
                "@Maddisasm@initialization$qqrv",
                "@Maddisasm@kernel32handle$qqrv",
                "@Maddisasm@ntdllhandle$qqrv",
                "@Maddisasm_@@GetPackageInfoTable$qqrv",
                "@Maddisasm_@@PackageLoad$qqrv",
                "@Maddisasm_@@PackageUnload$qqrv",
                "@Maddisasm_@initialization$qqrv",
                "Finalize",
                "Initialize",
                "madDisAsm 2.1g  -  www.madshi.net",
                "(DKD*@H",
                "cfii",
                " i3K",
                "QjKVV",
                "h?cW",
                "3m94",
                "OLk:",
                "pyPZ",
                "\\sT-",
                "1'D\"",
                " 'tA",
                "]F&^",
                "\\Ms#",
                "\"U6S",
                "N'RSR",
                "E-Gu",
                "P*/W@",
                "9-p}",
                "\"W-r",
                "k^\"HcE",
                "h~-[",
                "[Tkv",
                "\\p(t",
                "9|K3o",
                "oU2)K:",
                "nr+D[",
                "ZwEej36",
                "*Lrf",
                "h5gF",
                "U|K@",
                "k~$7",
                "]^SP",
                "]kSW",
                "VirtualAlloc",
                "VirtualFree",
                "PQVS",
                "t.x,",
                "[^YX",
                "kernel32.dll",
                "ExitProcess",
                "user32.dll",
                "MessageBoxA",
                "wsprintfA",
                "LOADER ERROR",
                "The procedure entry point %s could not be located in the dynamic link library %s",
                "The ordinal %u could not be located in the dynamic link library %s",
                " (08@P`p",
                "|$,3",
                "T$ v",
                "(C@;",
                "t$h3",
                "D4l|M",
                "_^]2",
                ";;F,s",
                ",;F0s",
                " ;F4s",
                ";F8s",
                "0:@D",
                "_^][",
                "T4$F",
                "`u(j",
                "L4#H",
                "L4$F",
                "D$$W3",
                "5:@D",
                "D$ %",
                ";|$(",
                "8_^]",
                "GetProcAddress",
                "GetModuleHandleA",
                "LoadLibraryA",
                "rtl120.bpl",
                "madbasic_.bpl",
                "@System@initialization$qqrv",
                "@Madtools@initialization$qqrv",
                "@Madstrings@initialization$qqrv",
                " $#\"!+",
                "('&%)*",
                "CALIBRATE",
                "EXCEPT",
                "DESCRIPTION",
                "PACKAGEINFO",
                "PACKAGEOPTIONS",
                "TMADEXCEPT"
            ]
        }
    ]
}