{
    "malware_data": [
        {
            "filename": "789dcb2ef828eee82749c3ff3d08ac19d68ff06ad13ca1718c2ea47953775b3a.exe",
            "filetype": "4D5A9000",
            "filesize": "80KB",
            "hash_sha256": "789dcb2ef828eee82749c3ff3d08ac19d68ff06ad13ca1718c2ea47953775b3a",
            "strings": [
                "!This program cannot be run in DOS mode.",
                "Rich",
                ".text",
                "`.rdata",
                "@.data",
                "buNh",
                "Ph@!A",
                "RPh$",
                "h\\!A",
                "hL!A",
                "h|!A",
                "hl!A",
                "tEj|",
                "sRhX",
                "=|yA",
                "= qA",
                "Pj@j",
                "=$qA",
                "tAhl",
                "SVWj",
                "_^[]",
                "uZh\\",
                "Pj h",
                "Rh~f",
                "umhP",
                "tHhh",
                "djDj",
                "u%j ",
                "WPRS",
                "D$\"f",
                "RPVSW",
                "9pdu",
                "D$2f",
                ";pdu",
                "w V2",
                "^[_3",
                "ilci",
                "^[_]",
                ">ilciu1",
                "?PCOI",
                ">ilciuo",
                "DSVW",
                "L$$QRP",
                ";PCOIu^",
                ">ilciu",
                "t1=3'",
                "?ilci",
                "t5=3'",
                "T$ Q",
                "F(;F$s",
                "^ )^",
                "T$,R",
                "T$ 3",
                "T$ R",
                "D$ P",
                "D$$3",
                "[_^]",
                "8WjL",
                "PCOI",
                "L$D3",
                "tFV3",
                "VC20XC00U",
                "SVWU",
                "tYVU",
                "t?xH",
                "]_^[",
                "SVWUj",
                ";t$(v(",
                "UQPXY]Y[",
                "t+@;",
                "3)6{",
                "FUKR",
                "Mozilla/5.0 (Windows NT 10.0; Win64; x64) AppleWebKit/537.36 (KHTML, like Gecko) Chrome/118.0.0.0 Safari/537.36",
                "HTTP/1.1 200 OK",
                "LOCATION: ",
                "239.255.255.250",
                "M-SEARCH * HTTP/1.1",
                "ST:urn:schemas-upnp-org:device:InternetGatewayDevice:1",
                "MX: 3",
                "Man:\"ssdp:discover\"",
                "HOST: 239.255.255.250:1900",
                "%S%S",
                "Mozilla/4.0 (compatible; UPnP/1.0; Windows 9x)",
                "POST",
                "Content-Type: text/xml; charset=\"utf-8\"",
                "Connection: Close",
                "Cache-Control: no-cache",
                "Pragma: no-cache",
                "<?xml version=\"1.0\"?><SOAP-ENV:Envelope xmlns:SOAP-ENV=\"http://schemas.xmlsoap.org/soap/envelope/\" SOAP-ENV:encodingStyle=\"http://schemas.xmlsoap.org/soap/encoding/\"><SOAP-ENV:Body><m:GetExternalIPAddress xmlns:m=\"urn:schemas-upnp-org:service:WANIPConnection:1\"/></SOAP-ENV:Body></SOAP-ENV:Envelope>",
                "SOAPAction: \"urn:schemas-upnp-org:service:WANIPConnection:1#GetExternalIPAddress\"",
                "<?xml version=\"1.0\"?>",
                "<SOAP-ENV:Envelope",
                " xmlns:SOAP-ENV=\"http://schemas.xmlsoap.org/soap/envelope/\"",
                " SOAP-ENV:encodingStyle=\"http://schemas.xmlsoap.org/soap/encoding/\">",
                "<SOAP-ENV:Body>",
                "<m:AddPortMapping xmlns:m=\"urn:schemas-upnp-org:service:WANIPConnection:1\">",
                "<NewRemoteHost></NewRemoteHost>",
                "<NewExternalPort>%d</NewExternalPort>",
                "<NewProtocol>%s</NewProtocol>",
                "<NewInternalPort>%d</NewInternalPort>",
                "<NewInternalClient>%s</NewInternalClient>",
                "<NewEnabled>1</NewEnabled>",
                "<NewPortMappingDescription></NewPortMappingDescription>",
                "<NewLeaseDuration>0</NewLeaseDuration>",
                "</m:AddPortMapping>",
                "</SOAP-ENV:Body>",
                "</SOAP-ENV:Envelope>",
                "SOAPAction: \"urn:schemas-upnp-org:service:WANIPConnection:1#AddPortMapping\"",
                "<m:DeletePortMapping xmlns:m=\"urn:schemas-upnp-org:service:WANIPConnection:1\">",
                "<NewRemoteHost>%s</NewRemoteHost>",
                "</m:DeletePortMapping>",
                "SOAPAction: \"urn:schemas-upnp-org:service:WANIPConnection:1#DeletePortMapping\"",
                "TCP: P2P_SendGETLPacket(0,%s) failed!",
                "Twizt",
                "127.",
                ".127",
                ".127.",
                ".10.",
                "www.update.microsoft.com",
                "4d(2d",
                "T1`m",
                "c\"5o",
                "%s%s",
                "245245245245",
                "483828383",
                "SOFTWARE\\Microsoft\\Security Center",
                "FirewallOverride",
                "FirewallDisableNotify",
                "AntiSpywareOverride",
                "AntiVirusOverride",
                "AntiVirusDisableNotify",
                "UpdatesOverride",
                "UpdatesDisableNotify",
                "SOFTWARE\\Microsoft\\Security Center\\Svc",
                "0xAa3ea4838e8E3F6a1922c6B67E3cD6efD1ff175b",
                "THRUoPK7oYqF7YyKZJvPYwTH35JsPZVPto",
                "1Hw9tx4KyTq4oRoLVhPb4hjDJcLhEa4Tn6",
                "qr89hag2967ef604ud3lw4pq8hmn69n46czwdnx3ut",
                "XtxFdsKkRN3oVDXtN2ipcHeNi87basT2sL",
                "LXMNcn9D8FQKzGNLjdSyR9dEM8Rsh9NzyX",
                "rwn7tb5KQjXEjH42GgdHWHec5PPhVgqhSH",
                "hx7b6677c8f7049c2a6e9df0dfd422683c32e67709",
                "QiAmmfSSTe5fkaSLdp9mV4MDHfz27JBoVU",
                "RCZdkrikMCWrhBG9gNVmmE9yDcQxSUbqFd",
                "NDKNTURHWAMQHNHMOPJML5FKZZPQIRE4IZFSMEU2",
                "ARML6g7zynrwUHJbFJCCzMPiysUFXYBGgQ",
                "48jYpFT6bT8MTeph7VsyzCQeDsGHqdQNc2kUkRFJPzfRHHjarBvBtudPUtParMkDzZbYBrd3yntWBQcsnVBNeeMbN9EXifg",
                "8AvX8Ds1eadajf81PtVvzVdiJSY28P86m3M79k89J26WQHf7oH5YGfrNAGeudz42JDfqgUpWiQfsbd2bhUEhQc4PQrnbss6",
                "SP1GK1GES8EXB6E15KQJ0EM169NQQNDZG8A2GDRZQ",
                "aCguZWA9zwz4Dk9zNyxdM96mzWnjLoxzYQ",
                "f1urg44xg2ziciji4akbxlkwb5y64msbmb7py5ury",
                "lsk5mjenfunkehcwu8mss9qd6emg3nrr78em82hwn",
                "zil1zucjet9qmgecmen2lm7n2pevu6pf8hg8vzgrl3",
                "erd1qvpwuwc2xue69enjtte7z3tekdclx9fc4769mlafc3vjt68hp5pq0s82xw",
                "kava14z663qgxvaq30dwdqepa6r94mhfnzww87nmz7f",
                "inj1s33ycsnpnh70ltzrcwvp7ahcpfwn7x9nnptsym",
                "osmo1nhtpu3gqq7d448u320xzkjk3j8f370v4f336xj",
                "3PL7YCa4akNYzuScqQwiSbtTP9q9E9PLreC",
                "3FerB8kUraAVGCVCNkgv57zTBjUGjAUkU3",
                "D9AJWrbYsidS9rAU146ifLRu1fzX9oQYSH",
                "DsjozoLCkxdeec5NNLTPx5zRS23UjUm7C7v",
                "t1gvVWHnjbGTsoWXEyoTFojc2GqEzBgvbEn",
                "terra1ax9ks6fmneqd997wgkdx35zntxfvswg0an2ym6",
                "tz1hG2rJaUJBkmwzMTw5KhzQdyPxqJAmu6k7",
                "bnb1cgttf7t5hu7ud3c436ufhcmy59qnkd09adqczd",
                "band1mgnt2v6n9x7pvfquj4ehguyhjytkjswql0uvhr",
                "bc1q0fusmmgycnhsd5cadsuz2hk8d4maausjfjypqg",
                "ronin:a77fa3ea6e09a5f3fbfcb2a42fe21b5cf0ecdd17",
                "bitcoincash:qr89hag2967ef604ud3lw4pq8hmn69n46czwdnx3ut",
                "cosmos1lc7xvs0tyl3u57vgn4nsw2kldmp84lrw75c9g4",
                "addr1q8m948qxhth60qzhag0d3kck7p0y5gqkvnct4w9zwqljcn0kt2wqdwh057q906s7mrd3duz7fgspve8sh2u2yupl93xsjzumrw",
                "nano_1m1r95bjgfgtahh3dcxeexuidpr6kr799pfuue4u9xczdkymo8rsaebc4ed4",
                "G35598989",
                "GAUCC7ZBSU2KJMHXOZD6AP5LOBGKNDPCDNRYP2CO2ACR63YCSUBNT5QE",
                "GU5ydEfPFXcUtEPqwcyX6AD7BkDAacHy4N",
                "E36963824",
                "EQA0PV0Evgs71IkPc8Ng0SrtM3ZZFK87K6B3SgR28VWP6rWT",
                "B36461211",
                "B62qpDfv86fUZc4ntrYJL6eFJZajjNKRcBuW5iPbcLNkiPekLkV8NdA",
                "U33390790",
                "L09n",
                "b'kJ",
                "WS2_32.dll",
                "StrStrW",
                "PathFileExistsW",
                "StrCmpNW",
                "PathMatchSpecW",
                "PathFindFileNameW",
                "StrChrA",
                "StrStrIA",
                "StrCmpNIA",
                "SHLWAPI.dll",
                "URLDownloadToFileW",
                "urlmon.dll",
                "InternetConnectA",
                "InternetCrackUrlA",
                "InternetReadFile",
                "HttpOpenRequestA",
                "HttpAddRequestHeadersA",
                "HttpSendRequestA",
                "InternetOpenA",
                "InternetCloseHandle",
                "InternetOpenW",
                "HttpQueryInfoA",
                "InternetOpenUrlA",
                "InternetOpenUrlW",
                "WININET.dll",
                "isalpha",
                "isdigit",
                "strstr",
                "memmove",
                "NtQuerySystemTime",
                "RtlTimeToSecondsSince1980",
                "mbstowcs",
                "ntdll.dll",
                "_vscprintf",
                "rand",
                "srand",
                "msvcrt.dll",
                "lstrlenA",
                "GlobalLock",
                "GetModuleHandleW",
                "GetTickCount",
                "GlobalAlloc",
                "Sleep",
                "lstrcpynW",
                "ExitThread",
                "MultiByteToWideChar",
                "lstrlenW",
                "GlobalUnlock",
                "GetFileSize",
                "MapViewOfFile",
                "UnmapViewOfFile",
                "WriteFile",
                "InitializeCriticalSection",
                "LeaveCriticalSection",
                "CreateFileW",
                "FlushFileBuffers",
                "EnterCriticalSection",
                "CreateFileMappingW",
                "CloseHandle",
                "FindFirstFileW",
                "GetDriveTypeW",
                "MoveFileExW",
                "CreateDirectoryW",
                "GetLogicalDrives",
                "CopyFileW",
                "GetModuleFileNameW",
                "lstrcmpW",
                "FindClose",
                "RemoveDirectoryW",
                "QueryDosDeviceW",
                "lstrcmpiW",
                "FindNextFileW",
                "GetDiskFreeSpaceExW",
                "DeleteFileW",
                "lstrcpyW",
                "SetFileAttributesW",
                "GetVolumeInformationW",
                "ExitProcess",
                "CreateEventA",
                "GetLastError",
                "MoveFileW",
                "MoveFileA",
                "CreateMutexA",
                "CreateThread",
                "ExpandEnvironmentStringsW",
                "HeapReAlloc",
                "HeapAlloc",
                "HeapFree",
                "HeapCreate",
                "HeapValidate",
                "GetProcessHeaps",
                "HeapSetInformation",
                "GetCurrentProcessId",
                "InterlockedDecrement",
                "WaitForSingleObject",
                "InterlockedExchange",
                "InterlockedIncrement",
                "InterlockedExchangeAdd",
                "GetCurrentProcess",
                "GetCurrentThread",
                "SetThreadPriority",
                "GetThreadPriority",
                "DeleteCriticalSection",
                "DuplicateHandle",
                "GetLocaleInfoA",
                "CreateProcessW",
                "KERNEL32.dll",
                "SetClipboardViewer",
                "SetClipboardData",
                "OpenClipboard",
                "DispatchMessageA",
                "CreateWindowExW",
                "RegisterRawInputDevices",
                "DefWindowProcA",
                "SetWindowLongW",
                "ChangeClipboardChain",
                "EmptyClipboard",
                "GetClipboardData",
                "GetWindowLongW",
                "RegisterClassExW",
                "TranslateMessage",
                "wsprintfW",
                "SendMessageA",
                "IsClipboardFormatAvailable",
                "CloseClipboard",
                "GetMessageA",
                "wsprintfA",
                "wvsprintfA",
                "USER32.dll",
                "RegQueryValueExW",
                "RegOpenKeyExW",
                "RegCloseKey",
                "RegSetValueExA",
                "RegOpenKeyExA",
                "RegSetValueExW",
                "CryptAcquireContextW",
                "CryptReleaseContext",
                "CryptGenRandom",
                "ADVAPI32.dll",
                "ShellExecuteW",
                "SHELL32.dll",
                "CoCreateInstance",
                "CoInitialize",
                "CoUninitialize",
                "CoInitializeEx",
                "ole32.dll",
                "OLEAUT32.dll",
                "WSAWaitForMultipleEvents",
                "WSASocketA",
                "WSACreateEvent",
                "WSAGetOverlappedResult",
                "WSAEventSelect",
                "WSAEnumNetworkEvents",
                "WSASend",
                "WSARecv",
                "WSACloseEvent",
                "SetEvent",
                "CreateIoCompletionPort",
                "GetQueuedCompletionStatus",
                "PostQueuedCompletionStatus",
                "GetSystemInfo",
                "memset",
                "_aullshr",
                "_allshl",
                "memcpy",
                "_chkstk",
                "_aulldiv",
                "RtlUnwind",
                "NtQueryVirtualMemory",
                ";n08",
                "\\0EX\\",
                "7!P+&",
                "#5.F.",
                "uP.F",
                "pqLU",
                "ppTU",
                "p{jN&",
                ">^[b",
                ")8|m0",
                "N&(NR",
                "Z{[\\",
                "rMmJF",
                "Hj&[",
                "edFGF%",
                "'PdT",
                "T6G^",
                "^LR;[",
                "djdj[",
                ".d:\\",
                ".52m",
                "K&g.",
                "l\\N&%",
                "x?dj",
                "mJC`U",
                "Yhfu",
                "FP%dY",
                "c_9)ER",
                "}'5J",
                "x'M,",
                "N&-Ig",
                "U>T#",
                "E{M\"",
                "x*Y&R",
                "BOo.",
                "mJE+",
                ".#EWf",
                "m vijpo",
                "0123456789abcdef",
                "http://185.215.113.66/",
                "3444rrre",
                "23t43f4ft23f423t43f4ft23f423t43f4ft23f423t43f4ft23f423t43f4ft23f423t43f4ft23f4",
                "23t43f4ft23f423t43f4ft23f423t43f4ft23f423t43f4ft23f423t43f4ft23f423t43f4ft23f423t43f4ft23f423t43f4ft23f423t43f4ft23f4",
                "25395629635697237656923975622462472474247242462472474246247247424724246247247424724246247247424724247243653",
                "23t43f4ft23f423t43f4ft23f423t43f4ft23f42246246246426243t43f4ft23f423t43f4ft23f423t43f4ft23f4",
                "23t43f4ft23f423t43f4ft23f423t43f4ft23f423t43f4f727427t23f423t43f4ft23f423t43f4ft23f423t43f4ft23f423t43f4ft23f423t43f4ft23f4",
                "0123456789",
                "6373734777447342462472474247242462472474247242462472474247242462472474247244353453847384837",
                "246247247422462472474247242462472474247242462472474247242462472474247242462472474247242462472474247242462472474247244724",
                "246247247424724246247247424724246247247424724246247247424724246247247424724246247247424724246247247424724",
                "Oct 29 2023 12:36:53",
                "Oct 29 2023 12:36:52",
                "jjjjjj",
                "Ajjj",
                "jjjjj",
                "jjjj",
                "jjjh",
                "jjjjh",
                "Ropen",
                "6%temp%",
                "%s\\%d%d.exe",
                "%s:Zone.Identifier",
                "service",
                "serviceType",
                "serviceList",
                "device",
                "deviceType",
                "deviceList",
                "urn:schemas-upnp-org:device:InternetGatewayDevice:1",
                "urn:schemas-upnp-org:device:WANDevice:1",
                "urn:schemas-upnp-org:device:WANConnectionDevice:1",
                "Body",
                "urn:schemas-upnp-org:service:WANIPConnection:1",
                "urn:schemas-upnp-org:service:WANPPPConnection:1",
                "controlURL",
                "URLBase",
                "GetExternalIPAddressResponse",
                "NewExternalIPAddress",
                "235235235235",
                "4624624626",
                "7247247247,",
                "62427247",
                "246246246",
                "%userprofile%",
                "%windir%",
                "%s\\%s",
                "Software\\Microsoft\\Windows\\CurrentVersion\\Run\\",
                "%s\\tbnds.dat",
                "%s\\tbcmds.dat",
                "Microsoft Corporation",
                "\\??\\",
                "Software\\Microsoft\\Windows\\CurrentVersion\\Policies\\Explorer",
                "NoDrives",
                "/c start .\\%s & start .\\%s\\VolDriver.exe",
                "%windir%\\System32\\cmd.exe",
                "%s\\*",
                "%s.lnk",
                "%s\\%s\\VolDriver.exe",
                "shell32.dll",
                "*.lnk",
                "*.vbs",
                "*.js",
                "*.scr",
                "*.com",
                "*.jse",
                "*.cmd",
                "*.pif",
                "*.jar",
                "*.dll",
                "*.vbe",
                "*.bat",
                "*.inf",
                "Thumbs.db",
                "$RECYCLE.BIN",
                "desktop.ini",
                "System Volume Information",
                "%s\\%s\\%s",
                " (%dGB)",
                "Unnamed volume",
                "bitcoincash:",
                "cosmos",
                "addr",
                "ronin:",
                "nano_",
                "band",
                "rbc1",
                "wnano_",
                "%x%X",
                "sysplorsv.exe",
                "Windows Settings"
            ]
        }
    ]
}