{
    "malware_data": [
        {
            "filename": "b3119dc4cea05bef51d1f373b87d69bcff514f6575d4c92da4b1c557f8d8db8f.exe",
            "filetype": "4D5A9000",
            "filesize": "46KB",
            "hash_sha256": "b3119dc4cea05bef51d1f373b87d69bcff514f6575d4c92da4b1c557f8d8db8f",
            "strings": [
                "!This program cannot be run in DOS mode.",
                "Rich",
                "UPX0",
                "UPX1",
                ".rsrc",
                "3.07",
                "UPX!",
                "7KD3",
                "&$6%?&i",
                "(4fi",
                "fi1/",
                "='>i",
                "EnFi",
                "fiZG",
                "HRfi",
                "fI;J",
                "[9\\J]LY",
                "Y^X_",
                "dCeMY",
                "Yf3g",
                "lPm<Y",
                "Yv8w",
                " T!{fi",
                "&#'i",
                "fi=(",
                ")Lfi",
                "fiN0",
                "1.fi",
                "6$7i",
                "8v9[fi",
                "EhFi",
                "L]MeNi",
                "Plfi",
                "fQpRHS",
                "X^fi",
                ",u?v",
                "VW03",
                "+W9t$",
                "nmkA",
                "tIS@",
                "t-Vi",
                "GC+u",
                "mr[q^Iw",
                "Ont+2l#",
                "QJSjA7",
                "f<0| ",
                "<AZ7",
                "3iV@|",
                "BBIu",
                " P6?{",
                "A!Rh",
                "H|VB",
                "VdOj",
                "sd=Gk",
                "|k[1",
                "hD0*",
                "^i!V",
                "PSht",
                "}+.K",
                "uoh9h7",
                "CFF&",
                "m(:}",
                "np&%",
                "qdrNNN",
                "stuvNNNNwxyz}5",
                "c`|KPL",
                "dddddd",
                "llll",
                "!9hj",
                "TP$###TTTd",
                "\\\\#9dd\\\\X",
                "<0VbPy",
                "AiWNJ",
                "A4+#(lGr",
                ",\\vp9",
                "'7rq%0-",
                "jn#t",
                "]Uf$",
                "P\"L60",
                ".\"FH",
                "LA4S",
                "B/t:",
                ");5Y",
                "v\\|P",
                "YH|BU[",
                "+k0&",
                "IMu@8",
                "t.:S",
                "Yf.W!",
                "_WdW",
                "8pUZ",
                "WS3-",
                "%^S`4e",
                "8P6oC:/",
                "BP_W1.",
                "_oC.W",
                "MhB|4",
                "qt=i",
                "5 ,v",
                "5]'P",
                "BVW#",
                "oI#[*",
                "H4A`",
                "`LmX'",
                ":VJ.d",
                "MVm+X",
                "aC=p",
                "'G&jp",
                "rM\\je",
                "\"@@0",
                "</F%",
                "<H2$/",
                "*YY[+",
                "Qh0S#",
                "f%Nr",
                ".*CS",
                "4.3_^",
                "Pk|UA",
                ",<(l",
                "`(INL=",
                "aP B",
                "S.<w",
                "&cd.",
                "-^95",
                "{#7 hq4",
                "KX;H<|",
                "w?kc",
                "_3G;",
                "R2B;",
                "=/Fv&Z:",
                "JC;X",
                "{/%A",
                "209.",
                "$P.<",
                "[y~(u",
                "Y6BM~",
                "%K_WE",
                "Nahp5",
                "*HC){",
                "dW->{",
                ",<D5t",
                "z\"m~",
                ",:u'K-",
                "o@wW|",
                "WYC&6",
                "@TKD",
                "9<,$m",
                "JT=!g7",
                "0Mn#",
                "z\"K%",
                "e=xX",
                "QQC-",
                "5GVt7",
                "U#9AtJ",
                "4IW\"",
                "bQ>.,",
                "&gCB",
                "0T$L",
                " l%MW",
                "%%[e",
                "QF+qK",
                "d1E %",
                "Xj2>",
                "T@$r",
                "B`/J0",
                "_t3cnB",
                ")5aF",
                "@P.j",
                "-|PJ",
                "$W-N",
                "_Hl`4",
                ")$\"4",
                "d@Y~B$",
                "x1@G",
                "E+a%",
                "XQ3d",
                " 99H",
                "oh(;8Q&$",
                "x\\YG}i",
                "'X!K",
                "TEM\\",
                "urrY",
                "eYentCo-X",
                "entro",
                "lSet\\SY",
                "eYervic",
                "ees\\7",
                "8-9in",
                "e^V-(",
                "Zc;;;Y",
                "2' jJH ",
                "E2,%",
                "4<+<",
                "xI&<",
                "9ds#x",
                "$$$I&",
                "Sr|G",
                "$#S2",
                "~ cGr",
                "22%ck",
                "<S26",
                "tt||",
                "u:sP=18",
                "\"6.'[",
                "BC4K",
                "TDEEM",
                "F\\GCHw",
                "4KuIrJK0K",
                "4KeLnMtNr",
                "oPQKwvvR7S",
                "lUggg'VLW)X}Y4g'g",
                "Z[>\\v",
                "]i^c_",
                ":Ks`sagb",
                "d`dF",
                "ddddll",
                "Illh",
                "TPTT",
                "T\\\\)9dd\\\\X",
                "}D@D#S22DDLLr",
                "$LLHdi",
                "|D}N8",
                "W404",
                "44<9dd",
                "<<<8",
                "CliN",
                "$VjB",
                "'+,lW_",
                "|u$h",
                "j,QS",
                "u(<,@F",
                "`_'S(",
                "&Wil",
                ";YXC+",
                "mhIX",
                "d/s5",
                "2m<3",
                "+O [",
                "G a<,",
                "|xtGp",
                "lhTD",
                "40,(",
                "#F!G?",
                "/^_6",
                "t1g|9",
                "NXOa",
                "t|#l",
                "@!hG",
                "#J>_",
                "/tEVU",
                "3x<%",
                "6b5p",
                "(vpD",
                "77W(3",
                "f(!o",
                "w!_L",
                "vGCwA[",
                "^s:R",
                " yYEtH",
                "h,@p",
                "_9=P",
                "H(<#",
                "VQPVI",
                "`!^.JH",
                "IEtZ",
                "Vt6P",
                "D30p",
                "$YbB",
                "KluY",
                "Aqk\\",
                "*u#wf",
                "/om07I",
                " 1>6",
                "<h|n",
                "ZF|D",
                "v)#u",
                "`kTN",
                ":0;[",
                "N~$X",
                "bh|t",
                "A=t!",
                "90u]",
                "mT>+",
                "81&<",
                "tw=C",
                "*z8euR",
                "QAJG",
                "v95c}R",
                ")J&86^[",
                "noT]",
                "9@'x",
                "~WM?",
                "bD8jV",
                "9>t-",
                "8csm",
                "u,9x",
                "U$R.",
                "V9~p,u",
                "h~mn",
                ",:-E",
                ")v&7",
                ":zS4",
                "sO;>|C;{",
                "l#fj<Pn",
                "=TQ64",
                "B)ZM",
                "5 `@",
                "s6nW",
                "VcwtQ",
                "x8p4",
                "c~\"F",
                "XSA?",
                "C2`W",
                "tV5H",
                "PF\"1v",
                "P;v|",
                "{[ >",
                "W!UO",
                "Vt'?",
                "P)>0~",
                "&<iKy",
                "|Sj0",
                "NUdR",
                "J)9]",
                "|!\"}",
                "+[rK",
                "_uy_",
                "\"X0v",
                "]SCu",
                "SLTOS",
                "MAQHF",
                ")`6D(~",
                "?&!n8",
                "2@0#0",
                "<\\Sj\\",
                "}Ysq",
                "uE-B",
                "Kj:SP-RcU",
                "Yw}h",
                "YpON",
                "[$3V",
                "z3:+Lh",
                "60He",
                "t>5_",
                "<8=u",
                "8MZQ",
                "?(^.",
                "t4Xn3",
                "U*f_",
                "0@G8",
                "V9)~@",
                "v7=h",
                "RC;F|",
                ")X*L",
                "P|0N",
                "uh{va",
                "c-*U",
                "h@q>",
                "VnwK8",
                ">|+P",
                "/:u~",
                "?vE?Z",
                "tK^;",
                "5C8;",
                "u,v)",
                "NP@k",
                "(j(+",
                "c0eo",
                ";#+#",
                "uY$s){",
                "b^#9",
                "j d_W",
                "u8y-i",
                "1v*U@2",
                "Z|N!",
                "I;\\+\\9",
                "eYYKYY\\ey",
                "% GO",
                "K6\\3",
                "P(Nv`",
                "vywqw",
                ".+au",
                "P8jdj",
                "aytUK&N",
                "Eo]>",
                "H-tb",
                "h  A",
                "J'$k",
                "295H",
                "r1VUW",
                ";DR;",
                "V^*-",
                "ulu+",
                "u0;X",
                "QsN;E",
                "u@Q^",
                "X%C@",
                ")Ehr4m",
                "nx# a",
                "6S5B",
                "w+!v'",
                "BW|]",
                ";3(P.Z23",
                "jNQL",
                "3 ?J=",
                ",`i`",
                "7[ZT",
                "?I\"UY",
                "a/'$",
                "VHZ(",
                "Fe t",
                "KuR+",
                "67 @",
                "B8Sm",
                "+djt+,iU",
                "046 S",
                "D1EtV",
                "MgCC",
                "Tf}[w9j",
                "Ph s",
                "tMw]",
                "d=!D",
                "L}[8o{",
                "K*nPn",
                "t4|(",
                "|N  ",
                "\"J,t",
                "l/v D>9",
                "D\"XQ",
                "0:uNF-",
                "50CW&",
                "}6[,",
                "V4Q,=H",
                ":W7a",
                "]lWNG",
                "u81.",
                "q+CE$",
                "{a*ey",
                "^AoU%",
                "%OMP",
                "UbWt",
                " v |",
                "^}%9",
                "VS{$",
                "\\U4Z[",
                "\"wNx",
                "Q7=!C",
                "+@Y!",
                "/HukQ",
                ").9^",
                "1w*S",
                "|(R0QO",
                "<1kh",
                "!<T[",
                "G4%l;",
                "YhhQ",
                ".^:q",
                "9XJB",
                "D'+@",
                " 5d$",
                "CA[ h",
                "n=u)1e",
                "*yL.",
                "S;0u",
                "UP)6U4T",
                "!hW)(",
                "8#@<",
                "W*HA",
                ",lE#",
                "H.*1",
                "Qet,GQ",
                "cGE_",
                "I-9t\"b",
                " DKl",
                "@P7*",
                "\\Q4sb",
                "`TqG",
                "CP>9",
                "ZT?V",
                "HoKT",
                "B HvL",
                "yIIPPP",
                "L%QhK",
                "iWCl",
                "/RD*",
                "tO-o[y",
                "BEEj",
                "#x24",
                "S,A WP",
                "NXX@:H",
                "S09B",
                "FWWE[S3M",
                "\" MW",
                "}  s2 ",
                ".b$ E",
                "Ph=]",
                "J>lUG",
                "vQWD",
                "c_9U",
                "hs'<gD1",
                "c}Oj",
                "wiR1$",
                "g`Z,",
                " #W`p",
                "knDsF",
                "g(],",
                ",[ik#",
                "U2`3",
                "!u.h",
                "_u@W",
                "]Mjs]",
                "[WhO",
                "yq5<",
                "7U-H",
                "(QZ%",
                "'wk8t",
                "+&='J",
                "1rB4",
                "Y+cY",
                " 'A5k",
                "<AC4",
                "$6=:H",
                "r;hR9",
                "ZVU$",
                "/.l'",
                "\">k:",
                "B$jL",
                "v[h0f",
                "(AA,",
                "K'tc}",
                "|2222",
                "2222 $(,2222048<2222@DHL2222PTX\\2222`dhl2222",
                "dddd",
                "fddd",
                "3w$c",
                "S.XE",
                "^G}@",
                "?cmd.exe",
                "command.",
                "/coCOMSPEC",
                "^V\\8PX",
                "=700",
                "`h`k",
                "(null",
                "GAIsProcessorFeature",
                "nt KERNEL32",
                "e+0^",
                "PATHX",
                "__GLOBAL_HEAP_SR",
                "{TED",
                "VCRT",
                "~3ru~ime er",
                "*}TASS",
                "SING",
                "R6028",
                "- Kablm",
                "to iniValiz",
                "7'7not=",
                " spac#f{lowi8",
                "std5pj ",
                "virr!3",
                "l(_4",
                "_*o\\/X",
                "desc",
                "+8F$",
                "[cHm",
                "!ck/",
                "[!rm",
                "p@gram ",
                "Jm6/09O",
                "9.+8argu(",
                "s_02f",
                "M-`9f",
                "C++ R",
                "%,klwn>",
                "TueWuThuFrv",
                "iSDJ",
                "NovD",
                "{TZ(ul",
                "GetLavAFv",
                "ageBox30h\\Z",
                ".dnws%",
                "1#QNAN",
                "G|,Mg",
                "FSF'E",
                "CWzW",
                "WS2_",
                "s5A9F76",
                "F57B7E1E9`",
                "64B211C5F1980FC12'",
                "40ABC30BE,0-36E2D9",
                "E8M3",
                "ddos.tf",
                "s Help#",
                " System M",
                "XQwD",
                "desk8pa",
                "Mozilla/5.0 (",
                "NT 6",
                "; rv:13",
                ") Gec",
                "ko/210",
                "1 Fire",
                ".1CMacE",
                "shmw[",
                "9_7_4LAppl",
                "bK[k|",
                "534.",
                "HTML, liken(Vers",
                "W1.7",
                "afari1",
                "xMSIE",
                "SV1)",
                "u.Lux i686",
                "83}?d 41",
                ".NE$CLR 2_50727",
                "TbPTV",
                "n)59",
                ")w5#",
                "*#76_8",
                "64Chr",
                "908,6:4",
                "924 ",
                "KWOW6",
                "3782",
                "\\d[8u",
                "2&- ]",
                "3G9)",
                "2)S5",
                "/cs-CZH3",
                "QupZV",
                "/Gp[IK",
                "@@t~%",
                "E-US",
                "kipS2",
                "iaWy",
                "uobP>9^4",
                "A,24",
                "XCPU ",
                "8466",
                "1]rglrd/-4bm2L",
                "26)kOiA",
                "vfr-",
                "_A81",
                "?q B",
                "/FRFf",
                "usa>",
                "%z/v",
                "[U^4_Z -",
                "3_3x",
                "ARm8",
                "BIDUBrU",
                "dKqS",
                "g@xWork",
                "/P_HDRIN",
                "~d: %d",
                "E\\DESC",
                "PTION\\",
                "4@7%1TTP",
                "Keep-Al",
                "byfs=",
                "4h4j",
                "D551",
                "htmdo",
                "l,!n",
                "6odm U|t",
                "h\"SC",
                "ol:>-c",
                "ktp://w",
                "%.fKb/bps|",
                "URLD",
                "ToFDl",
                "hut1hmw",
                "n - -",
                "NtQuD[",
                "9yERfg",
                "lJ.+",
                "f{`2u",
                "`xPy@M",
                "4Mz0",
                "(;PD?",
                "f0Nm",
                "ACP6",
                " M7p",
                "x<@o",
                "kU'9",
                "HMXB",
                "?/L[",
                "S;uD",
                "z?aUY",
                "U>c{",
                "zc%C1",
                ".:3q",
                "-64OS",
                "NKeb",
                "WaitForS",
                "leObj",
                "nA-La",
                "mu=r",
                "lob/",
                "alMM",
                "yCtus",
                "l%4are ",
                "efa8tUI}",
                "40_eT",
                "TPpP3h",
                "\\0Ex",
                "SEepj",
                "}ick",
                "un<Lo",
                "&EAddrILCMap",
                "ypeW",
                "%iBy",
                "OEMCP",
                "jUnhid8",
                "Buff",
                "iab*",
                "eDan",
                "mFZ+e",
                "|>{[@",
                "h>zK",
                "1#At",
                "kx[7k",
                "fig2",
                "l-\",",
                "-tY0",
                "2vDisp]ch",
                "Keyn",
                "B\\ag",
                "|Ijn9Y]",
                "SAI{",
                "/H()",
                "`.rd",
                "@.&e",
                "Osrw",
                "XPTPSW",
                "pwwwp",
                "wwwwww",
                "pwwwwwp",
                "wwwww",
                "KERNEL32.DLL",
                "ADVAPI32.dll",
                "iphlpapi.dll",
                "USER32.dll",
                "WININET.dll",
                "WS2_32.dll",
                "LoadLibraryA",
                "GetProcAddress",
                "VirtualProtect",
                "VirtualAlloc",
                "VirtualFree",
                "ExitProcess",
                "RegOpenKeyA",
                "GetIfTable",
                "wsprintfA",
                "InternetOpenA",
                "VS_VERSION_INFO",
                "StringFileInfo",
                "080904b0",
                "Comments",
                "CompanyName",
                "Microsoft Corporation",
                "FileDescription",
                "Windows Enhanced Storage Password Authentication Program",
                "FileVersion",
                "6.1.7600.16385 (win7_rtm.090713-1255)",
                "InternalName",
                "LegalCopyright",
                "Microsoft Corporation. All rights reserved.",
                "LegalTrademarks",
                "OriginalFilename",
                "Authn.exe",
                "PrivateBuild",
                "ProductName",
                "Microsoft Operating System",
                "ProductVersion",
                "6.1.7600.16385",
                "SpecialBuild",
                "VarFileInfo",
                "Translation"
            ]
        }
    ]
}