{
    "malware_data": [
        {
            "filename": "96343e0a497957effebc3e8ad220f990aee579324aeb61d67b577f3d7feec21f.elf",
            "filetype": "7F454C46",
            "filesize": "21KB",
            "hash_sha256": "96343e0a497957effebc3e8ad220f990aee579324aeb61d67b577f3d7feec21f",
            "strings": [
                "UPX!",
                "h@;,",
                "&IUU",
                "PTRh",
                "Z[^Tn",
                "HuNn",
                "<c_.",
                "L$$QH",
                ".8,#\"",
                "@P<| W",
                "/PUP",
                "PwC9",
                "7RR1",
                "N4V<",
                "SW!|8",
                "aWT$",
                "FB_`",
                "|H2[",
                "PX[Z",
                "(_]j",
                "Lr0BR",
                "<XM|",
                "l$\\U",
                "LXf;",
                "mP$!",
                ".V:D",
                "2H1.",
                "{f:,&2",
                "LFo4",
                "t'\\d",
                "r8TBm0",
                "xv(e",
                "t:WW",
                "{L5B",
                "uEAD",
                "S$$\\2",
                "@.DR",
                "TRPP",
                "c5Rk",
                "\"gP3",
                "_\\SL",
                "!Rc$_",
                "!aeV",
                "$Y|0",
                "GgL3^@",
                "_Vz(B",
                "9t$$tB<",
                "( :k",
                "RT4`",
                "iGM(`A<d",
                "P5C',n",
                "E$+P",
                "FH9z",
                "Ju0Mr",
                "l>i6",
                "Y(`0",
                "CS,G",
                ".n@?t",
                "#MeMrl",
                "\\H;`,H",
                "#4HWH",
                "WlrI",
                "XF<,p",
                "Z :$",
                "IL=L ",
                "Lr>@V",
                "rP$X",
                "$l(G",
                "i*LJ:R\\",
                "f>[@d",
                " QQX",
                "ASNP",
                "(\"P1",
                "9@@QQ",
                "'T$LR)",
                "P=(S",
                "\\,VG",
                "5-I\\u",
                "^3PP4",
                "iH'J",
                "k}$n",
                "&XZW",
                "t'T=",
                "MP(y$",
                "7,.1",
                "tWZ(",
                "\\S\\,H",
                "LQut%",
                "t\\$D",
                ",9;q",
                "6,j#E",
                "2(i,$",
                "] $W2@4H",
                "@?DX%",
                "<$Lj",
                "t$`V",
                "H^NPS",
                "*mdfh",
                "F@fJ",
                "Frr9iFFFF",
                "3FFFF0",
                "4MFFF",
                "%MTx",
                "+='PU",
                ",fDS",
                "|9y``",
                "%/p\\o",
                "%[y@",
                "|?PS",
                "$X=n",
                "4h8A",
                "j0FP",
                " RR*",
                "DTr ",
                "JNA&A",
                "RR#Q",
                "*PP6<",
                ",$<Q",
                " /D*D",
                "DKD@",
                "9'4-qK#",
                "K8?{8",
                "lR<<PI",
                "tHD5~",
                "zZ0}n",
                "4x-uC ",
                "$~7f2",
                "[AWM-W;",
                "(4iK",
                "AepSI",
                "y8EFG",
                "H2rrr",
                "yVWFV",
                "xK%;D$",
                "\\$iSc",
                "3H3$",
                "T$@Rm",
                "oHf8",
                "Sr0[9:%",
                "v`VV",
                "'_zTF",
                "d$(O",
                "jN_'",
                "Nwjg",
                "V:8K8",
                "+Sx!2",
                "?hF|",
                "'+.n",
                "`$9`",
                "_XY^P",
                "XZKgx",
                "x\"_d]",
                "^::(.",
                "&\"@\\WW",
                "0JAu",
                "<XVAJM",
                " Gr<",
                "|u_3",
                "/tv{",
                "\\C!vJ",
                "P-8c",
                "mv?^8",
                "y2x`<h",
                ".3/0",
                "1234",
                "%56[",
                "cl.j",
                "E2#d",
                "(((.",
                "((((Z",
                "tq`0",
                "e MF",
                "^H`1",
                "fj%'N",
                "T.^l*",
                "5W 3,2",
                "S5SN",
                "Pk*R",
                "\\,VO",
                "wgM1",
                "2l?4t",
                "{L$G",
                "y6tJp",
                "g]8A",
                "FF.y",
                "h322",
                ")@B2!",
                "YX\\2!",
                "3Sr W",
                " C$C",
                "32rH",
                "agx|Y",
                "8F%1",
                "xk;l*we76",
                "j-Eu^F",
                "_$FB",
                "ZYZS",
                "M)J[",
                "Z^_`l",
                "`~>`",
                "%X<0",
                "K448",
                "@(D,H",
                "@srrrDHL",
                "B_3*R",
                "@Th<",
                "8N+Xn",
                ";\\r[p",
                ">9,u",
                "Q642+",
                "5\\$@",
                "D7zL",
                "t%Q[",
                "vUypg",
                "Ns|0",
                "E2#,",
                "8dpP\"",
                ";Prz",
                "S5fp",
                ">v4$",
                ";5{u",
                "Du/n",
                "*~b.J",
                "x&8R",
                "65ok",
                "phxjB",
                "ps?+",
                "p>pNHm",
                "lR*;X,t",
                "np%,_~",
                "RuBAP4HH",
                "4l,j",
                "sxOX",
                "tRp.n",
                "I1FS",
                "SSPQ)",
                "[<>XRh",
                "S#XmK?",
                "3+Lp",
                "\\,hl",
                "dlYXCh",
                " <xu",
                "(<`v ",
                "}/C;",
                ":Lfv",
                "^`wt",
                "oVa;4",
                "u%WWS",
                "okeZ",
                "G>-!",
                "L8k(",
                "npj@9pUX",
                "Rq7&",
                "-R5Z1",
                "3fPX",
                "P`\\Q",
                "+8Iee",
                "IX)}",
                "BS\\$(",
                "E;mz",
                "\\$C ",
                " 8(@0",
                ".u5A",
                "XM$L$",
                "/x38",
                "93IDA'",
                " !\"#$%&'()*+,-./012",
                "3456789:;<=>?@ABCDEFGHvIJKLMN",
                "OPQRSTUVWXYZ[\\]^_`abcdefghijklmn",
                "opqrstuvwxyz{|}~",
                "Self Rep Fucking NeTiS and Tk",
                "sity 0n Ur>CkInG",
                "vHeA<We Bi",
                "L33T HaxErSw",
                "SNQUERY: ",
                ":xsvr@M-SEARCH * HTTP",
                "b255.",
                ":19006MAN4\"ssdp:d",
                "cover\"*X",
                "murn2a",
                "l-multBreen-org:sRvice9",
                "R-AGENhGoogl",
                "Chrome/6Q31d.",
                "dows^",
                "objectCla",
                "\"3DUfR{",
                "_W^u",
                "_dns-",
                "TeamSp",
                " XP;",
                "43.198.22",
                "17\\t",
                "DGQV\"`RP",
                "OCRQ",
                "AOFN",
                "ZVORrFJC",
                "NBCN",
                "SVZ@M",
                "QJO<",
                "RRA*FCV",
                "JCICKGLC@N",
                "[:GOy",
                "W<@MZ",
                "nxpf",
                "PPGAVhME{",
                "4QQU\"F",
                "vqMWG",
                "sW@[",
                "UCFJF",
                "QA'Q_",
                "edvufv",
                "`Xh_",
                "DCWNVM-",
                "MUHDKPJKCF",
                "/dev/",
                "$IXT",
                "CAk[S",
                "T$(9",
                "H+|$,",
                "$Info: This file is packed with the UPX executable packer http://upx.sf.net $",
                "$Id: UPX 3.94 Copyright (C) 1996-2017 the UPX Team. All Rights Reserved. $",
                "PROT_EXEC|PROT_WRITE failed.",
                "(/proc/self/exe",
                "[jUX",
                "POv<",
                "jZh[",
                "lEf}",
                "UPX!u",
                ".8(<",
                "~,|E",
                "@bQs4",
                "$o7\\",
                "lj2h",
                "'xp[",
                "j-\\.",
                "j.0U",
                ".shstrtab",
                "init",
                "texfi",
                "roda4",
                "ctors",
                "7'bs",
                "iI.3",
                "O@A@k/%"
            ]
        }
    ]
}