{
    "malware_data": [
        {
            "filename": "cff626c230bfdd7ded30560a2323cf76a8a8729d9dba853f2049c12076914509.elf",
            "filetype": "7F454C46",
            "filesize": "46KB",
            "hash_sha256": "cff626c230bfdd7ded30560a2323cf76a8a8729d9dba853f2049c12076914509",
            "strings": [
                "OUPX!",
                "8YG_^",
                "e&DA",
                "HQ+g",
                "KN\"Z",
                "fF[@",
                "AC|W",
                "k[|b",
                "Hy,W",
                "@:j4",
                "D'?e*",
                ".+Er",
                "\"@_f",
                "v):f",
                "vf\\r",
                "\"{kl",
                "\"-hm",
                "]k26",
                "&\\`f",
                "z$9}",
                "4YD6e",
                "k*#, ",
                ">Jf`",
                "(8Z$",
                "duA9",
                "?1T~",
                "k2zjjN",
                "38$_ySk",
                "WYkP",
                "4K9h",
                "iuJ9Y",
                "Q>G\\",
                "H~rk",
                "SknBu",
                "'? e",
                "uBwK",
                "KH+G",
                "MLv~",
                "+eBb",
                "{\\#p",
                "6aJ!|",
                "w)~B",
                "Usp6",
                "r,O3",
                "JM{_",
                "6D$(",
                "\"d*:",
                "5ZZ6",
                "HB4g",
                " \\?e",
                "~Rhs",
                "hMLv",
                "4Uu5m,bV",
                "pLg0;",
                "eWeA",
                "6rt-t",
                ":4SRU",
                "Heo&",
                "k^ZE:sEJ&>",
                "A<~)1y",
                "Gl{8",
                "%5uH",
                "&gIYx",
                "g@zG]",
                "8)O;",
                "E%@{",
                "<6v/",
                "c^(]",
                "m#'q",
                "%EC\\o",
                "nhg{0",
                "EY|e",
                "qvr*",
                "P6r'^E}*",
                "@_T=",
                "l/Rz",
                "d2,fvrW",
                "{nn,",
                ",$n6",
                "r.i2",
                "^3Y+",
                "H0*%",
                "k!qt",
                "u~U%",
                "hy<e",
                "a5Eyt",
                "m.Y'",
                "0l{qV",
                "wb1&",
                "9@aq",
                "z\"\\}",
                "X'OS",
                "!yvw",
                "L.;J",
                "|QH7C",
                "q\"lV",
                "/<h-",
                "$bXd#",
                "f$G7",
                "g\\*@B=",
                "PoIH^]I,?'",
                "uR-t",
                "lj15",
                "w]y;",
                "@7|-O:",
                "MNX8",
                "MFYt",
                "Ur\\l`I",
                "+W\\(",
                "i\\P8_W",
                ";q<L^",
                "0u(Y",
                "Oy5_",
                "|Cz<",
                "onSK",
                "<rNi",
                "0[mo=",
                "D1RqF",
                "Pwnq",
                "zBT?",
                "62#s",
                "3RtsGKrk",
                "g#r\\M:F",
                "FtGX",
                "|n-P",
                "']Zu1",
                "0_IEBXu",
                "|AzI",
                "+Zis",
                "[UVY{",
                "3zn*tU",
                "7re~",
                "rS}y",
                "iJpx",
                "ix3HlS",
                "Xy-;",
                "<[pDz\\",
                "7Qs2",
                "MZj>",
                "xuXm",
                "'lB-",
                "VhJk|",
                "4Ahs",
                "5u<<0rk",
                "EZbu",
                "e,\\O}a",
                "3:T:",
                "t;XjT",
                "EK7U",
                "gcNdC",
                "9RiH",
                "i\\vl}",
                "aFW(",
                "#y3o",
                "~R%6",
                "(1mve",
                "avj!",
                "=3n`",
                "#8yA",
                "cBx!",
                "+_e-",
                "M\"7(",
                "A\"$'",
                "FKUc",
                "%+h(5",
                "O\"Kos",
                "p#ml",
                "g:} ",
                "x+vb",
                "j)70",
                "tNE.",
                "4r|7",
                "x[bt",
                "|(6x",
                "{$.qW",
                "n,rXj",
                "n^Q<",
                "$GQ*",
                "B+qT(",
                "Dv(D|",
                "]Tjk=k",
                "{2Td",
                "UmAt",
                "2dus",
                "ga<U",
                "A.J|I",
                "A13-",
                "i1GC",
                "@hfN",
                "@(I\\",
                "E@Y^",
                "~>J\\",
                ">>P<",
                "c>HvLP",
                "P +0",
                "2eY]f",
                "2hI!",
                "cEap",
                "0-&f3[3",
                "ql9o",
                "T7RW",
                "^'zy",
                "BBx ",
                "Q'x{",
                "C<'Mw",
                "g{&t7-d",
                "&R;Ke",
                "('G9[T",
                "~A|Pw",
                ")CbW<K",
                "GsH0",
                ":)PH",
                "plCX",
                ">`  ",
                "-fiRN",
                ")q]T",
                "~Q`.",
                "%DM^",
                "1Z1H",
                "9entU",
                "yB}w",
                "m96+^7*",
                "Ip#&",
                "8X7DQ",
                "qa-U",
                "~7F!",
                "tEUS",
                "t;Qj",
                "H\\6a",
                "1\"KE%?",
                "$tl~",
                "Vr`C",
                "/0|`",
                "xea!!",
                "]AmY2]",
                "gS~#3aR{v}7",
                " ^`-",
                "B88.9",
                "Q9Sw",
                "m&eF",
                "$qFg",
                "'k-q",
                "I1aAq",
                "hnbd",
                "!/=1",
                "]RsRU",
                "^b\\L",
                "n@/c",
                "|Y1p",
                "S}/p",
                "~Nk`",
                "xv5#-",
                "u']U{?",
                "S@@Zo",
                "t1Qs",
                "YV$%n",
                "#53a",
                "'f\\{",
                "N&Xr(",
                "+-w8=",
                "n?Ir-",
                "$cOm'$",
                "E%9B)",
                "E;5\"",
                "z-:w",
                "<_4h",
                "fC[H3",
                "!B(|",
                "lDcU",
                "3g9BuG",
                "3g\"~",
                "nb,)",
                "Z~i!",
                "g{hY",
                "N7,w5",
                "~o>6",
                "_is+",
                ")_k(K",
                "MZZ`>",
                "q+T@R",
                "sMm2",
                "a=7)|b",
                "crFh",
                "0Dn&T",
                "#K:rcz",
                "H?R9k/`",
                "(?^I",
                "/5gk",
                "TuzrH8-",
                "*|zSQ]*",
                "H@Lr",
                "#LkV/",
                "+8|j}kat",
                "x%uG",
                "OH,M",
                "^SeG",
                "FvIq",
                "JMtA",
                "nc;'.~-",
                "E_E)",
                "IZZI",
                "'VdA",
                "=d^l",
                "Hh:/",
                "V|:6",
                "lJQAh",
                "IP`Uf",
                "9'9/!q",
                "6=y?",
                "^wi@",
                "Y-%jI",
                "HlKn",
                "[ ~t",
                "Mb5k",
                "q6_\\",
                "~tie",
                "Ts>iTl6ZG",
                "Yi*F",
                "pQE<n'R'wq",
                "{PF=,",
                "W4@b6f",
                "l^_F",
                "}*Qx",
                "eCITmcv",
                "7aGf",
                "2NOb",
                "Pb )",
                "PROT_EXEC|PROT_WRITE failed.",
                "$Info: This file is packed with the UPX executable packer http://upx.sf.net $",
                "$Id: UPX 3.94 Copyright (C) 1996-2017 the UPX Team. All Rights Reserved. $",
                "5n9#",
                "]=2)",
                "%b')",
                "/Cw@Z&",
                "9e(1",
                "xjqX",
                "/Vv<",
                "-zL0U",
                ":LM'",
                "~!'\"?",
                "gn;>",
                "`dOW",
                ">G\"V",
                "G0KT",
                "o9ruVu{",
                "A3Zp",
                "5(Ix5",
                "[NI.",
                "[zu%Z",
                "b/h>@%",
                " ;\\4",
                "+Ofp",
                "@R6t",
                "yM,%0",
                "Gb.p",
                "[d&8",
                "LH.g\\m",
                "C(W&",
                "vZ-hi",
                "x4bx",
                "s$*O",
                "3xO}",
                "!m9E.<",
                "^GA)Vo",
                "m3r{|",
                "W6>La",
                "YHVZ&",
                "4PZY",
                "Gues",
                "W%]yj",
                ",yW{ 7",
                "~qJ^",
                "l=Dg",
                "RP^%",
                "{\\E`",
                "R5(!",
                "[6w~",
                "nd]V",
                "H vo",
                "653;",
                "cmYv",
                ".GHl",
                "}=j7t",
                "G\\G,",
                "wXUN",
                "8vD$",
                "Th#w",
                "J!c]",
                "p#'~",
                "#H,Y",
                "I9.G;",
                "CJ%#",
                "KhxD",
                "CqQK",
                "k'\"h|",
                "C<b:6",
                "%v*J-",
                "obUjeWKQ",
                "q2ba9",
                "&>UM",
                "yA$=",
                "wloZe",
                "%3HW=;",
                "i yg)o[",
                "%ahO",
                "7gn7",
                ")t?K",
                ".N7<",
                "D.C8O3E",
                "{a6-",
                "V]hq^",
                "$N3)",
                "Cn^?r",
                "`)D,",
                "2$f<,Z",
                "$e'T||",
                "2uXo",
                ".n6f,^",
                "n41h",
                "]_VO",
                "C*o(",
                ";51OAx",
                "3\\ B[",
                "LA+m",
                "HF`W",
                "^=gi!",
                "M0Zt",
                "8@/U",
                "FwE1R",
                "e>~j",
                "~U A",
                "rx\\T`N)#j.",
                "K.P@:",
                ")p}Q,",
                "-\\?_I",
                "P4aB",
                "rU9-:",
                ")L`+>o!C",
                "^.CX",
                "@-ra",
                "3}cU",
                "75#k",
                "v3-6#",
                "$bP%;+(",
                "2cz?",
                "r,r$",
                "Dog=#G",
                "Dj <9j",
                "!4E L",
                "gYL)",
                "[BjT7W)7Y|",
                "RJF#",
                "u}aNY",
                "wK3]",
                "cW]t",
                "Nun)Z|y",
                "%@69",
                "68O~",
                "yATE|",
                "Y4tlW5{",
                "s4w0",
                "BVI/",
                "[ZC-",
                "~&ev",
                "s@7E",
                " L&gP",
                "VT>:",
                "IXfU",
                "9.W&",
                "M'15",
                "729}r",
                "xVIl05",
                "\"oRw",
                "(}33V",
                "Jb1U",
                "!6r{",
                "C#<a5",
                "OE#k",
                ":3n=//",
                "Y5i#",
                "e!UC",
                "GXv5",
                "U09M",
                ")JX6",
                "[I#$DF_",
                "(;iy",
                "e/!h",
                "fR>,",
                "=lE9",
                "sWLr",
                "J_Zq",
                "*x.!p",
                "`7\"iu",
                "ewtjZ",
                "ASAx?",
                "*\"Z6",
                "\"E#>W",
                "aJhK",
                "3|a7",
                "HB!n",
                "LoIi",
                "b%Gh%",
                "\"W>A",
                ":|K ",
                "U`=]1",
                "N<IYgJ",
                "/!oz1",
                "NG|)",
                "Up:H",
                "1k$3",
                "{2Yuo{Sz",
                "I6I*",
                ">uF]",
                "z44`R<M",
                "k{Fr",
                "^8YB",
                "4AI'J",
                "|XF,1",
                "v_SX",
                "VP=f",
                "m&4W",
                "YPkP]Nx",
                "1bAO",
                "(ov1",
                "r]@T",
                "!dp~Hw",
                "09J/",
                "+OKO",
                "Mo^4P",
                "ts+U",
                "504H]",
                "cdJy'+",
                "@L|jO>",
                "UPX!"
            ]
        }
    ]
}