{
    "malware_data": [
        {
            "filename": "be19eded4943fb573f85d1a2081292784641bd15b6eb0203c598da8bc6b4af87.elf",
            "filetype": "7F454C46",
            "filesize": "22KB",
            "hash_sha256": "be19eded4943fb573f85d1a2081292784641bd15b6eb0203c598da8bc6b4af87",
            "strings": [
                "CvUPX!",
                "y]8J",
                "J^H`",
                "H4{F",
                "~R`75~",
                ")U5>",
                "FUxk",
                "@~43",
                "+=FR",
                "q2hl",
                "`|MK",
                "3X1sFk",
                "2V~SwOq",
                "'B'^k",
                "T\"es<",
                "$,9\\H8",
                "3$0r ",
                "s:jP",
                "Aw &u",
                "dgGD",
                "+8n/",
                "I2B/T",
                "Q__(",
                "SP74",
                "1VDL",
                "J:},",
                "c#$1",
                "l-W=",
                "g28T",
                "U1Y{",
                "U.$s",
                "|$B'",
                "5lJf",
                "tR#X",
                "O>?.",
                "Y,n#",
                "EbO{",
                ",qg*9[VF",
                "l\"/)",
                "?GQQI",
                "di)k",
                "vsQ/Rdg",
                "]8d%LS",
                "w2F!F",
                "Yox'",
                "/J^jK",
                ".>6Y8",
                "Q#2>",
                "ymU%Z",
                "@'\"J",
                "0xP|",
                "=gdb",
                "mN<m",
                "Bo'I",
                ",h5,",
                "I\\AwI",
                "}HUmT[",
                "@rTCb_#{",
                "1s])",
                "i'-CT",
                ">hv&",
                "A7`5",
                "dCuA^",
                "sUfx4",
                "x'\\<>",
                "f?If",
                "8(t[",
                "6X_#",
                "wG9*h",
                ")..v",
                "g?I1",
                "h`MIk",
                "[iH9N_",
                "Z]S,",
                "H.CmV",
                ":/X5",
                "gL]F",
                "6*%W",
                "ilU+",
                "1U[!",
                "hTb]",
                "svWi",
                "'?l6VK",
                "MCy`",
                "[e#|",
                "|LZy7W",
                "MT:%",
                "&)Vf",
                "rHs\"",
                "Obvx*",
                "cNSJ",
                ".@8t",
                "NFLX",
                "JN>'",
                "/\\6u",
                "]FopT",
                "B'p&",
                "A*lJ",
                "Fq2M",
                "k;B=",
                "gF,7l!",
                "N-s%",
                "^n-RY",
                "&i3-@>j",
                "tdSJ",
                ")6c!)",
                "lPx3",
                "|l| v",
                "\"K8=",
                "TE7q",
                "!9ZL",
                "p9$H",
                "\"@:?f",
                "wtF>",
                "|oj0",
                "]aIE",
                "B.\\V=",
                ";M\"~",
                "UtyuI",
                "~j`q",
                "YOcG",
                "COCr[",
                "[W;H",
                "[#\"7",
                "$\\x<",
                "Hl(.1K!",
                "j:xU",
                "\\i>,",
                "{ewZ",
                "RjGC9",
                "zC^*$",
                "UE/u",
                "[KGk",
                "TcyE",
                "xG4Z",
                "Bt:i",
                "n+]5",
                "!g'5",
                "_$Mx",
                "X[sl",
                "%A8T",
                "VvWR",
                "_ }^J",
                "np\\\\",
                "\\d,-",
                "6B5e",
                "eM]Ws",
                "=>E[",
                ":]_Q`",
                "8g{B",
                "f[#@",
                "BSUI7",
                "vF8,M",
                "{@v@",
                "c=*t@4KL",
                " 1oB",
                ">R`t",
                "F0kY",
                "GACXfa",
                "&`=/",
                "yeOr",
                "{-U:v)c",
                "@ZgLb",
                "qAA4",
                "`RFj",
                "Dx8~",
                "9'CA",
                ">2G6",
                "R@:!",
                "J;eL",
                "dkL$",
                "/1%x",
                "Vbcq@GK",
                "EV ;",
                "cpuQ",
                "L+or=",
                "%@c>ZOW",
                "_X=_n",
                "kPaQ",
                "|-b+4",
                "?#X8",
                "c38+",
                "5nmt",
                "770,E<J",
                "U2,%",
                "19W7i",
                "P3`{",
                "e9@b",
                "COEJ",
                "j;5&",
                "&^d`",
                "_Bl$",
                "o#1:r",
                "1??v",
                "f`o[",
                "`-Y?L",
                "P3|F",
                ":U\\E",
                "Io}C3",
                "@Y>Z/g\"y",
                "YV(]+R",
                "VKud",
                "*$H<",
                "U>2X}",
                "{)!M",
                "XS#w",
                "#yPW",
                "Pb )",
                "PROT_EXEC|PROT_WRITE failed.",
                "$Info: This file is packed with the UPX executable packer http://upx.sf.net $",
                "$Id: UPX 3.94 Copyright (C) 1996-2017 the UPX Team. All Rights Reserved. $",
                "5n9#",
                "]=2)",
                "%b')",
                "U+V!]",
                "/S|1",
                "[*v!q6L",
                "|[%'",
                "Jv?R",
                "TB$gsp8",
                "[>2g",
                "u`QMf",
                "kA;C].",
                "]a$<",
                ":C2~z",
                "?Usd",
                "K+~(",
                "961K",
                "y`X=",
                "UPX!"
            ]
        }
    ]
}