{
    "malware_data": [
        {
            "filename": "a17fa8a28f85fbc6e48d33cc8c702e28c011c46ee12667c2ac37701ad6bf7034.elf",
            "filetype": "7F454C46",
            "filesize": "42KB",
            "hash_sha256": "a17fa8a28f85fbc6e48d33cc8c702e28c011c46ee12667c2ac37701ad6bf7034",
            "strings": [
                "HFu8sfga",
                "M (40",
                "8M@H4P",
                "XM`h5p",
                "s{+[[",
                "{3as+",
                "~3-<",
                "mkPh#",
                "{|3S4Oq",
                "o/d+",
                "020sHMf",
                "a.B3",
                "P|G`",
                "k]W@",
                "/so+Zc",
                "? ;V",
                "5c$]",
                "B?_L V",
                "L$8@0~",
                "1m[[.W",
                "7PA3`Q",
                "O`Qm",
                "_wmDP",
                " \"C#p;@",
                "o#^?",
                "Gn4_",
                "#~w(",
                "*/C2",
                "+am#9",
                "kxSx",
                "w~3T&,W",
                "4!kw'",
                "4*-s",
                "[o*@",
                ";0O[",
                "23ys",
                "\"38O",
                "k`{g",
                "(stY",
                "YN3)",
                ";Xg!",
                "PgG5v",
                "W1]#i",
                "Z>{n0",
                "yk0e",
                "QcCsq",
                "\"/'S",
                ")''n",
                "-c|S",
                "C0SE",
                "6_0G",
                "$?O X",
                "l3 R",
                "~S(y",
                "t#TzC",
                "OD3hK",
                "OKL0",
                "`59`t",
                "o,77",
                "W4`7",
                "k3(O",
                "`sRk",
                "C;}+A",
                "'H;/Z",
                "++D<",
                "$pW^",
                "v&PC",
                "7uw4",
                "\"k'L",
                "lCm:`W",
                "#w3Q",
                "k[;v&`",
                "1hFs",
                "`_ny",
                "4pK0",
                "H 2YC[t",
                "$0/bd",
                "@9p*",
                " !E ",
                "G(aC",
                "+IG`",
                ";^ds+",
                "zCG?A",
                "_rd1X<",
                "Cskc",
                "wh3^",
                "'h?g''-",
                "1'8 3",
                "G`&m",
                "_/$L",
                "t+p>+",
                "aZ7@",
                "oP\\ g",
                "G4Xx3t",
                "D?XW!G",
                "cckt",
                "(d((dP",
                ", `0",
                "T:C`",
                "7M+L",
                "7H;jS<",
                "P{5Q^+",
                "4s.'",
                "'W 52",
                ":o]9",
                "3TS/",
                "3<A`",
                "0-_S",
                "Oz'X",
                "n\"$s",
                "KG?9c",
                "9p,|",
                "u#$ ",
                "18;Z_Y",
                "C[>O",
                "S'/K",
                "S_%[hw]",
                "S!{\"",
                "L@P5",
                "+,lnK.|",
                "0#_S",
                "X{r,",
                "P'1+z",
                "_cUG",
                "D43T",
                "\\S 4",
                "AS?oL ",
                "K79u",
                "JR**7",
                "F3k[[",
                "d{CK.",
                "<p@'s",
                "75pCk",
                ";@gO_",
                ":L3:/",
                "lo[/",
                "'o&*",
                "-u; ",
                "N3'o",
                "P1OT",
                ",Xk`ICS",
                ";;d+g#",
                "s[+gc9C",
                "XQ#5",
                "\\5oh",
                "Vj$l",
                "}:'.",
                "Eb_#",
                " /=R}",
                "VTjw",
                "#7T@",
                "?x{'",
                "7TcU",
                "\",3A",
                "CeGX",
                "#w+,",
                "l!h@[k",
                "{?KT",
                "]3Dt",
                "\"w\"Gw",
                "zO>W",
                "1c#x]",
                "Bk \\",
                "_m/!",
                "jo;m",
                "+;wUn",
                "/$8;pC.X",
                "7#\"4j",
                "lp'E;o",
                "?g0a",
                "Wr/I/",
                "uS<Tl",
                "cpLG",
                "/$s+c",
                "SS7Ub",
                "sBMX_",
                "#$@g",
                "\"d?v",
                ".@uO0",
                "pK7$P",
                "_!Lg",
                "%$2$;",
                " kQG",
                "lK(D\\/",
                "2#  ",
                "@o7$#n",
                "pKIV",
                "p`;@",
                "x36G9",
                "8L$?",
                "GYCp",
                "`tGG",
                "*GS0",
                "H'/Gr/",
                ">C7(",
                "'/'a",
                "x7XsU",
                "uSHG",
                ";W+t",
                "W3 97T",
                "pTH_",
                "P_B@%",
                "jk#sh!k",
                "3!'6",
                "D{lU?(X",
                "`7\"@K",
                ":Dno",
                "':#x+",
                "$'wp",
                "@c_w",
                ";$#-Gx?'kt",
                "{cofP",
                "-FGu",
                "]C_l",
                "~m<7",
                " ng<\"",
                "_@NW",
                "_XS+`/",
                "+[_C",
                "TW{n ",
                "w4Csi4",
                "#Cx@",
                "<k)t{",
                "EO?3",
                "H3 G",
                "+xw`/",
                "T~op",
                "c`7P;37",
                " <{a(",
                "]doe",
                "O=CD",
                "O.'\"",
                "&# I",
                " T:n",
                ";KzE",
                "xsV}",
                "dIQp",
                " FdK",
                "-sTr/",
                "C0[6",
                "pOE]",
                "F74V<",
                " ],0",
                "{k[/@G",
                "pK|S",
                "@Gnt",
                "(3sJK",
                "v83B",
                "(3*d",
                "i:?i9C",
                "lC]=",
                "AG'K",
                "LX/)",
                "X7l35",
                "1V/1",
                "3E([",
                "M/.5",
                "a`h_A",
                "M[Z4Y",
                "XMWV4U",
                "TMSR",
                "MKJ4Ix",
                "MFE@0",
                "-4,xS",
                "M)(4'",
                "4M3l",
                "4VS\"9",
                "Upo{",
                ",mDi",
                "<EBw",
                "4/>+",
                "I^@*",
                "Hx[d",
                "3_#p@G_Z",
                "VC/`",
                "K@)IW",
                "sowc",
                "o&A@",
                "Ljhk",
                "S:/d",
                "'at[",
                "jWF%",
                "H?!#",
                "Pao(",
                "7&/X",
                "wCA(",
                "7p[et{E",
                "!Urs",
                "\"Q[U(",
                "lG1m[",
                "cC;>[",
                "cp;['",
                "mc%VD(",
                "hRg]",
                "PNx2?",
                "hwPBwtR",
                "[|2f",
                "X`B/}",
                "GXP#30M4",
                "?#@`m",
                "t_IE",
                "PhkeC",
                "G\"A[z",
                "gXtw5",
                "QbG*",
                "W35X",
                "3Ig *p",
                "4Ppg",
                "UB_m{",
                "7,/?*",
                "2[X+",
                "!o$.J",
                "SD[C",
                "1S~#",
                "/%Ev",
                "5@e8",
                "gl01o",
                "D?.g",
                "E3\"c5'",
                "W`5-`",
                "+G0N",
                "j+ 7",
                "')ww",
                "TM'\\",
                ";+k!",
                "4L4D",
                "3{OS",
                "OaG{1",
                "XHiH d",
                "\\TiL",
                "#D*;(m",
                "5^D;",
                "ChU#",
                "xO+S",
                "5wpQ",
                "#6 7",
                "Dg`7",
                "4H|]<",
                "@PxS",
                "(1+j",
                "kCGEE",
                "-&'#O",
                "#3&,",
                "'U''",
                ":owj",
                "X7(Hc",
                "k|KA/.",
                "AW7:",
                "wTH;",
                ")_4Z",
                "Lo(8G@",
                "[31K1",
                "`sj)",
                "@R{(",
                "{csx",
                "EH_j",
                "\\g!;",
                "b*p/k",
                "uw8r",
                "OkDU",
                "F7($",
                "U`?+O",
                "Ap#C",
                "6g0 ",
                "s tW$",
                "cQ\\[",
                ">#B+",
                "oTKg",
                "7akr",
                "#EGC",
                "H''v`",
                "GK47E",
                "C:`C",
                "hWWg",
                " fG{B",
                "kHC+",
                "5WLP&",
                "4V7*=?",
                "9s_S",
                "?POST ",
                "/cdn-cgiSl",
                " HTTP/1",
                "User",
                "-Agent:-",
                "Hos{",
                "okieg",
                "url=",
                "watchdo",
                "/proc/o",
                "exe1",
                "/var/Sof",
                "or/de",
                "5q6he3db",
                "rsg)",
                "u4to1",
                "8npavj70",
                "2f#Z",
                "O@MV",
                "GZG\"",
                "QMNT",
                "qMDKs1>fg",
                "vl/)",
                "do,/",
                "d]Ofr",
                "[f7{",
                "IGGR",
                "JVON",
                "AC~*",
                "UG@R",
                "v[R ",
                "WPN#",
                "qFGf",
                "NM>o",
                "5M(1",
                "Ak.L",
                "JWLIk",
                "FMQ+4u",
                "|WFDN",
                "cpuin",
                "sor'",
                "sys{",
                "/null",
                "nknown e",
                "Ak[S",
                "4.002021",
                "/proc/self/exe",
                "/proc",
                "/self/ex",
                "0\\MSA",
                "lSrn",
                "CUPX!",
                "40CZ",
                "Wm?U",
                "! 9+",
                "Pdoc^",
                "`4n'",
                "4kScO",
                "hC`g",
                "w;@bQ",
                "4`\\s",
                "/4&'}",
                "<4'82/V",
                "GCC: (G",
                "NU) 3.",
                "2 200",
                "ian pre",
                "leas",
                "shstrt",
                "init",
                "tex\\f",
                "rodak",
                "}ARM.",
                "_frame",
                "3bss",
                "?_arm",
                "gosUM6,=com",
                "9ntP6",
                "OWsa",
                "sfga"
            ]
        }
    ]
}