{
    "malware_data": [
        {
            "filename": "581a0fb0805c2d63a309a3853139bca7372c956bf0de57e54ad58e25c0595297.elf",
            "filetype": "7F454C46",
            "filesize": "42KB",
            "hash_sha256": "581a0fb0805c2d63a309a3853139bca7372c956bf0de57e54ad58e25c0595297",
            "strings": [
                "HFu8sfga",
                "M (40",
                "8M@H4P",
                "XM`h5p",
                "s{+[[",
                "{3au+",
                "~3-<",
                "mkPh#",
                "{|3S4Oq",
                "o/d+",
                "020sHMf",
                "a.B3",
                "P|G`",
                "k]W@",
                "/ok+cU",
                "W0:w'",
                "1mk[.aWgT",
                "PO7+V",
                "7PAl3Q",
                "4WAQ",
                "WOm`Q",
                "H#n;",
                "`o|<",
                "W[[~s/",
                "V?; ",
                "ws'#",
                "3Ccp",
                ",@8gCDt",
                "PT?K",
                "c[/[",
                "'{/#",
                "R'Ka",
                "+:(&",
                "t'QB[",
                "/wnj",
                "'84A",
                "Wg:gJ",
                ";39t!Y",
                "?0)L",
                "{YN3",
                "\\iN{",
                "hY8'",
                "n|{l#",
                " /L*",
                "8A{a",
                "c[[S",
                "]W1]",
                "S.#H[",
                "' dGh",
                "\\6`G",
                "POSc",
                ";Kl+",
                "{/+\\",
                "0Aoe",
                "<?P2",
                "s1hkp%",
                "G6oP",
                "|'3}",
                "+WnW",
                "$OO ",
                "D'C]",
                "tG`/C",
                "K@2W",
                "K04p",
                "GOaK",
                "`M9`]",
                "47,[",
                "@l8#",
                "+Av'",
                ":Ox:",
                "C`DP",
                "Pn'|",
                "ce.Ot3",
                "7]w4s",
                "C:`W`T",
                "{;K[",
                "0r75#]3Q",
                "# HO",
                "< C@`k",
                "!r4C8 ",
                "YHn[",
                "+h$C",
                "<03n",
                "3#SV",
                "0/9`4",
                "p%\\ ",
                "(C9 =",
                "/;,{",
                "Ws@(Y",
                "O@ M",
                "rd1n",
                "wA+W[",
                "smcm",
                "y!6+|",
                "E1L ",
                "lW8T",
                "H?00",
                "@CD0",
                "Gh$0$",
                "%lG&",
                "t\"('",
                "Dtg8",
                "d7t@",
                "%Kr|[gP'KQ_",
                "7@Q5",
                "oPk g",
                "hp'V",
                "cckt",
                "(d((dP",
                ", `0",
                "T:C`",
                "7M+L",
                "7H;jS<",
                "P{5Q^+",
                "4s.'",
                "'W 52",
                ":o]9",
                "3TS/",
                "3<A`",
                "0-_S",
                "Oz'X",
                "n\"$s",
                "KG?9c",
                "9p,|",
                "u#$ ",
                "18;Z_Y",
                "C[>O",
                "S'/K",
                "S_%[hw]",
                "S!{\"",
                "L@P5",
                "+,lnK.|",
                "0#_S",
                "X{r,",
                "R'1+z",
                "_cUG",
                "D43T",
                "\\S 4",
                "AS?oL ",
                "K79u",
                "JR**7",
                "F3k[[",
                "d{CK.",
                "<p@'s",
                "75pCk",
                "!2RcK 8\\O",
                "'g~C",
                "cEZ;",
                "'`q&",
                "ACH;",
                "a*g?",
                "_;pL",
                "RCIg",
                "8]*N{",
                "2&D%",
                "#%d;|",
                "Y;n\"\\",
                "8LkP",
                "p=bs",
                "Ph+0g",
                "E7kA-",
                "PFO*",
                "w@KWctw",
                "!?QG7",
                "\\koh",
                ":#z$",
                "RAO+",
                "#7@S",
                "g{C?",
                "[r' ",
                "87N+",
                "UHW;",
                "pC8CX",
                "*&CG_",
                "gZ+-",
                "!g[/!D",
                "S-$~",
                "v3#D",
                "n#\"4",
                "][<U",
                ";A=c",
                ".{@!3",
                "0SS7UX",
                "v{BM",
                ";wgn",
                "#P(_",
                "@Ok u",
                "$o@`",
                "Pn_!L",
                "G1Rg",
                " :M_doK",
                "1>+(` ",
                "x'k+t'",
                "p`N@",
                "7#xP' 4S",
                "S }G8",
                ";mG9",
                "DPi`",
                "0:G#",
                "F;6R",
                "o?x;",
                "2s(w",
                "C9(P",
                "FW1p",
                "7,sUP",
                "P[hPM",
                "OAJC!_h",
                "ZW`T",
                "c'cE]'",
                "g\\'-F",
                "p$g@",
                "s;Sl",
                "[v;!",
                "aBx#'",
                "77d#7",
                "kwgn",
                "'[oW",
                "?XKlGe ",
                "p)KX_8",
                "0ol6",
                ")dG,",
                "Cl<{",
                "x_P\"t",
                "V?Xu",
                "d;O&",
                "(dw +",
                "~c7<",
                "{o@K",
                "[k`K`.",
                ";$b#",
                "@FGy",
                ":0wT",
                "<7#8N;",
                ";W?@WO",
                "oC_%",
                "j5G0o\"",
                "43?p",
                "V_!Sa+/",
                "+n_C",
                "Q]{ ",
                "k|Pt;3",
                "K(!o",
                "K2SmT#",
                "%/k{",
                "G02#",
                "3UZ_",
                "@+3?B",
                "3`^5",
                "/epj",
                "dtoeH",
                "$WAGS6",
                ",pky",
                "CDG ",
                "W0_/l",
                "<0?X",
                "a3\"9a",
                "8';COD",
                "w %+P",
                "T|7@",
                "o4#F",
                "U;,zE",
                "_WPO",
                "3?Z [",
                "/o[ ",
                " w,0/",
                "/Xcr,!",
                "`&w|;,@",
                "dc0d",
                "s*K\\",
                "O5 ;v8",
                "stH'l",
                "ArW!Sj",
                "' bw*",
                "P;sq",
                "3_71w",
                "Eu0_'",
                "3)SD",
                "mlko",
                "dcib",
                "[MZY4X",
                "WMVU4T",
                "SGR#",
                "KMJI",
                "FEE\\",
                ":G9C",
                "6G5[",
                "cA8S",
                ")M('4&",
                "dpW{",
                "'q]P",
                "wU{g",
                "h/}+",
                "I^@U",
                "l6#(",
                "1k1W",
                "?-/n",
                "T]Xtt",
                "K9o$+",
                ">{$+",
                "@*e7",
                "C0g.p*@",
                "q%GT",
                "K-_F",
                "(Xc@",
                "PO)G",
                "!+j:7\\",
                "/\\Pp",
                "[kxr",
                "p;l'",
                "^h0B",
                "$$'!Pf",
                "o+`'b",
                "kjh$",
                "h U\"",
                "GP`#",
                "GX'\\",
                "DY{7",
                " QGB",
                "!SLc",
                "dOZ?7",
                "u^BX",
                "B_-3",
                "E7kA",
                "gt`w",
                "?8`#\\`",
                "PLQ}/",
                "{YBo`)",
                "In@(",
                "D!jZC",
                "DDI[",
                "Dcp[^3<",
                "38W7k",
                "_\"Xt",
                ",@Xw",
                "?Ung",
                "tkDtG",
                "@uSDnC",
                "v<q'",
                "8'CW/;",
                "@Q'7#o",
                " _p 2",
                "7ba;",
                "gMg0",
                "S {o",
                "POKU",
                "R0/k",
                "|36&",
                "LMD\\4T",
                "Sn+1",
                "KM#0p",
                "#;r ",
                "d#B;",
                "lK80F/",
                "S]KDAY#",
                "(#`.g",
                "TV'8",
                "SwUp",
                "## m7",
                "[4Hu|<",
                "$;\\c",
                "PoTA",
                "B_H&",
                "/Z_V",
                ">A~'",
                "(8/Dt",
                "4H[)C",
                "^w*[",
                "s)ORS",
                "BkiK",
                "W8$i",
                "AwQ#;",
                "EFcc",
                "E*?X",
                "*nt^",
                ",d}[",
                "GxQj'4",
                "<\\;/[",
                "\"xU4w",
                "CWC8",
                "=;@\"?",
                "gC;\\",
                "Hs?k",
                "qOUp",
                "_X?p8",
                "=kDV",
                "Zov\\",
                "<{pX",
                "Cyc?",
                "*xG`",
                "[WL/",
                "wG @",
                "CCCH?",
                " C~8",
                "W$_J7",
                "cEp[W?gK",
                "dQ0K",
                "j'%S",
                "oCT8s#",
                "oQ,g",
                "D`_7?",
                ".*?'f",
                "S$\"1",
                "v_R#*",
                "[8lf",
                "W_gQu",
                "4QX7",
                "POST /c",
                "dn-cgiMl ",
                "HTTP/1.1",
                "User-A",
                "gent:",
                "okie",
                "wttp",
                "url=",
                "atchdog",
                "/proc/",
                "lf/ex",
                "ar/Sofiao",
                "r/dev",
                "6he3dbrs",
                "u4to18n",
                "pavj702f",
                "#ZO@",
                "KLI\"",
                "RPMA",
                "VARd",
                "AOFNk2",
                "6G/}",
                "/6+/",
                "CDK(e_ZPGQM",
                "AMLD",
                "OgTC",
                "qMDK",
                "Kl?&",
                "duOf",
                ",c~`",
                "Gpao",
                "IGGR",
                "KOCEG",
                "UG@R",
                "nCLEWs",
                "v[R a];",
                "LEVg.",
                "LIk.3",
                "WFDN",
                "cpuinfo",
                "esso",
                "r'sy",
                "temz)!-v",
                "!`?{",
                "nown errH",
                "Ak[S",
                "4.002021",
                "/proc/self/exe",
                "/proc",
                "/self/ex",
                "0\\MSA",
                "lSrn",
                "CUPX!",
                "40CZ",
                "Wm?U",
                "! 9+",
                "Pdoc^",
                "`4n'",
                "4kScO",
                "hC`g",
                "w;@bQ",
                "4`\\s",
                "/4&'}",
                "<4'82/V",
                "GCC: (G",
                "NU) 3.",
                "2 200",
                "ian pre",
                "leas",
                "shstrt",
                "init",
                "tex\\f",
                "rodak",
                "}ARM.",
                "_frame",
                "3bss",
                "?_arm",
                "gosUM6,=com",
                "9ntP6",
                "OWsa",
                "sfga"
            ]
        }
    ]
}