{
    "malware_data": [
        {
            "filename": "82bfaa07d548662efd85a71d121be0b067b6a78fb4c811bec2048a5826c2c716.exe",
            "filetype": "4D5A9000",
            "filesize": "324KB",
            "hash_sha256": "82bfaa07d548662efd85a71d121be0b067b6a78fb4c811bec2048a5826c2c716",
            "strings": [
                "!This program cannot be run in DOS mode.",
                "Rich",
                ".text",
                "`.data",
                ".rsrc",
                "MSVBVM60.DLL",
                "hhR@",
                "MBConfig",
                "VB5!",
                "ModMain",
                "modDeclaration",
                "LogManager",
                "ModProcesses",
                "ModSrvcManager",
                "ModImpersonate",
                "ModIgnoreList",
                "ModManagezScriptDNS",
                "ModFunctions",
                "ModSchedules",
                "ModUninstall",
                "user32",
                "FindWindowA",
                "ht`@",
                "kernel32",
                "GetShortPathNameA",
                "Sleep",
                "advapi32.dll",
                "RegOpenKeyExA",
                "h8a@",
                "GetPrivateProfileStringA",
                "GetPrivateProfileIntA",
                "GetPrivateProfileSectionA",
                "h0b@",
                "WritePrivateProfileSectionA",
                "WritePrivateProfileStringA",
                "RegQueryValueExA",
                "hXc@",
                "RegSetValueExA",
                "RegEnumKeyA",
                "RegDeleteKeyA",
                "h,d@",
                "advapi32",
                "RegCloseKey",
                "RegCreateKeyA",
                "userenv.dll",
                "GetAllUsersProfileDirectoryA",
                "h0e@",
                "FormatMessageA",
                "hxe@",
                "RtlMoveMemory",
                "imagehlp.dll",
                "MakeSureDirectoryPathExists",
                "h(f@",
                "GetSystemDirectoryA",
                "GetVersionExA",
                "urlmon",
                "URLDownloadToFileA",
                "h$g@",
                "ZDowFile.dll",
                "AsyncDownloadFile",
                "GetDownloadFinalStatus",
                "shell32.dll",
                "ShellExecuteEx",
                "Process32First",
                "h@h@",
                "WaitForSingleObject",
                "CloseHandle",
                "ZEncDec",
                "EncryptData",
                "h i@",
                "DecryptData",
                "hdi@",
                "DeleteFileA",
                "IsWow64Process",
                "EnumProcessModules",
                "GetCurrentProcess",
                "hTj@",
                "Kernel32.dll",
                "OpenProcess",
                "GetExitCodeProcess",
                "TerminateProcess",
                "hDk@",
                "PSAPI.DLL",
                "EnumProcesses",
                "GetModuleBaseNameA",
                "h l@",
                "SHGetSpecialFolderLocation",
                "htl@",
                "SHGetPathFromIDListA",
                "PostMessageA",
                "CreateToolhelp32Snapshot",
                "h`m@",
                "Process32Next",
                "GetModuleFileNameExA",
                "h<n@",
                "GetWindowsDirectoryA",
                "GetModuleHandleA",
                "LoadLibraryA",
                "h o@",
                "FreeLibrary",
                "hpo@",
                "s:K*=",
                "Class",
                "C:\\Windows\\SysWow64\\MSVBVM60.DLL\\3",
                "VBRUN",
                "Version.dll",
                "GetFileVersionInfoSizeA",
                "hTr@",
                "GetFileVersionInfoA",
                "VerQueryValueA",
                "ZGetMD5",
                "FolderExists",
                "FileExists",
                "CreateFolder",
                "WriteToLog",
                "WriteAll",
                "LogNotify",
                "GetShortPath",
                "ReadAll",
                "DeleteFile",
                "DeleteFolder",
                "DeleteFolderForceFully",
                "sFileCopy",
                "sFileMove",
                "GetFileVersion",
                "ZGnMD5",
                "ZGetMD5WBlock",
                "hht@",
                "GetEnvironmentVariableA",
                "VBA6.DLL",
                "__vbaVarTstEq",
                "__vbaExitProc",
                "__vbaStrI4",
                "__vbaVarDup",
                "__vbaVarCmpNe",
                "__vbaVarAnd",
                "__vbaVarCmpEq",
                "__vbaVarOr",
                "__vbaBoolVarNull",
                "__vbaFreeStr",
                "__vbaFpR8",
                "__vbaFreeObjList",
                "__vbaFreeVar",
                "__vbaVarCat",
                "__vbaStrVarVal",
                "__vbaVarMove",
                "__vbaStrCat",
                "__vbaFreeVarList",
                "__vbaVarTstNe",
                "__vbaStrCmp",
                "__vbaFreeObj",
                "__vbaFreeStrList",
                "__vbaStrCopy",
                "__vbaStrMove",
                "__vbaNew",
                "__vbaObjSet",
                "__vbaEnd",
                "__vbaHresultCheckObj",
                "__vbaNew2",
                "__vbaOnError",
                "__vbaAryDestruct",
                "QueryServiceConfigA",
                "__vbaStrI2",
                "__vbaAryUnlock",
                "__vbaGenerateBoundsError",
                "__vbaAryLock",
                "__vbaRedim",
                "__vbaStrToUnicode",
                "__vbaSetSystemError",
                "__vbaStrToAnsi",
                "__vbaErrorOverflow",
                "__vbaFileClose",
                "__vbaPrintFile",
                "__vbaFileOpen",
                "__vbaI2I4",
                "__vbaInStr",
                "__vbaStrVarMove",
                "OpenServiceA",
                "OpenSCManagerA",
                "ChangeServiceConfigA",
                "CloseServiceHandle",
                "ControlService",
                "StartServiceA",
                "GetComputerNameA",
                "EnumServicesStatusA",
                "lstrlenW",
                "lstrcpyA",
                "lstrlenA",
                "__vbaUbound",
                "__vbaVarLateMemCallLd",
                "__vbaAryVar",
                "__vbaAryCopy",
                "__vbaErase",
                "__vbaLsetFixstr",
                "__vbaRecAnsiToUni",
                "__vbaRecUniToAnsi",
                "__vbaFixstrConstruct",
                "__vbaVarSetVar",
                "__vbaNextEachCollVar",
                "__vbaForEachCollVar",
                "__vbaObjVar",
                "__vbaObjSetAddref",
                "__vbaVarCopy",
                "__vbaI4Var",
                "__vbaStrVarCopy",
                "__vbaVar2Vec",
                "__vbaStr2Vec",
                "__vbaAryMove",
                "GetTokenInformation",
                "LookupAccountSidA",
                "userenv",
                "CreateEnvironmentBlock",
                "OpenProcessToken",
                "ImpersonateLoggedOnUser",
                "RevertToSelf",
                "LookupPrivilegeValueA",
                "AdjustTokenPrivileges",
                "CreateProcessA",
                "CreateProcessAsUserA",
                "GetProcessMemoryInfo",
                "__vbaStrFixstr",
                "__vbaRecDestruct",
                "__vbaRecDestructAnsi",
                "__vbaLateMemCall",
                "__vbaCastObj",
                "__vbaNextEachCollObj",
                "__vbaForEachCollObj",
                "__vbaVarSetObjAddref",
                "B(__vbaVarForNext",
                "__vbaVarSub",
                "__vbaVarForInit",
                "__vbaUnkVar",
                "__vbaObjIs",
                "__vbaLenBstr",
                "__vbaRedimPreserve",
                "__vbaLineInputStr",
                "__vbaVarIndexLoad",
                "__vbaRefVarAry",
                "__vbaRecAssign",
                "__vbaI4Str",
                "__vbaDateStr",
                "__vbaR8Str",
                "__vbaInStrVar",
                "__vbaVarTstGt",
                "__vbaFpI4",
                "__vbaResume",
                "__vbaLateMemCallLd",
                "__vbaBoolVar",
                "__vbaBoolStr",
                "__vbaI2Str",
                "__vbaStrR8",
                "__vbaVarVargNofree",
                "__vbaNextEachVar",
                "__vbaVarLateMemCallLdRf",
                "__vbaVarZero",
                "__vbaForEachVar",
                "myfile",
                "logmaxsize",
                "fldpath",
                "filepath",
                "pInStrFrmModName",
                "pInStrFunction",
                "pInStrErrorType",
                "pInStrValue1",
                "pInStrValue2",
                "pInStrValue3",
                "pInStrValue4",
                "strFileName",
                "srcfile",
                "destfile",
                "FileName",
                "hfK@",
                "hLq@",
                "htf@",
                "jhh\\q@",
                "PhH_@",
                "jXh\\q@",
                "QhH_@",
                "hH_@",
                "hHu@",
                "RhH_@",
                "h(v@",
                "jPh\\q@",
                "Phtv@",
                "hXv@",
                "h<w@",
                "h,x@",
                "hHx@",
                "htx@",
                "Qh8y@",
                "h~?A",
                "h`{@",
                "h|}@",
                "ht~@",
                "j,ht~@",
                "h\\~@",
                "h0~@",
                "dSVW",
                "hIBA",
                "hVCA",
                "hLEA",
                "Ph0u@",
                "TSVW",
                "hASA",
                "}8j8h",
                "hqZA",
                "h``A",
                "jLht~@",
                "`SVW",
                "jDht~@",
                "j?VV",
                "QWWj",
                "Qj$W",
                "|SVW",
                "Ph8y@",
                "Phpy@",
                "Qhpy@",
                "Rhpy@",
                "Rh8y@",
                "}cj@h",
                "u!Pj",
                "u\"+A",
                "h8(B",
                "hpGB",
                "hcXB",
                "hK|B",
                "VPh`",
                "DSVW",
                "}\"j<h",
                "tSVW",
                "PVWVh",
                "xSVW",
                "}\"j@h",
                "}#j@h",
                "}#j,ht~@",
                "HSVW",
                "pSVW",
                "hH'C",
                "hZFC",
                "h0u@",
                "QhH|@",
                "RhH|@",
                "PhH|@",
                "PhTy@",
                "hTy@",
                "u+Pj",
                "hSVW",
                "}#j,h",
                "}\"jLh",
                "}#j0h",
                "}#jPh",
                "}\"j,h",
                "}#jLh",
                "}\"jPh",
                "}\"jTh",
                "}\"j0h",
                "}#jTh",
                "lSVW",
                "_CIcos",
                "_adj_fptan",
                "_adj_fdiv_m64",
                "_adj_fprem1",
                "_adj_fdiv_m32",
                "_adj_fdiv_m16i",
                "_adj_fdivr_m16i",
                "_CIsin",
                "__vbaChkstk",
                "EVENT_SINK_AddRef",
                "DllFunctionCall",
                "_adj_fpatan",
                "EVENT_SINK_Release",
                "_CIsqrt",
                "EVENT_SINK_QueryInterface",
                "__vbaExceptHandler",
                "_adj_fprem",
                "_adj_fdivr_m64",
                "__vbaFPException",
                "_CIlog",
                "_adj_fdiv_m32i",
                "_adj_fdivr_m32i",
                "_adj_fdivr_m32",
                "_adj_fdiv_r",
                "_CIatan",
                "_allmul",
                "_CItan",
                "__vbaVarForNext",
                "_CIexp",
                "1u  ",
                "x}}}}}}}}}}}}}}}}}}}}}}}}}}}}}}}}}}}}}}}}",
                "||||||||||||||||||||||||||||||||||||||||||",
                "1111111111111111111111",
                "<+1111111111111111111",
                "<;;;;;;;;;;",
                "&EEEEEEEEEEEEEEE",
                "EEEEEEEEEEEEE",
                "EEEE",
                "QQQQQQQQQQQ",
                "{{{{",
                "{{{{{",
                "QQQQQQQQQJ",
                "     ",
                "z[[[[[[[[[[iPZ[[[[[?N",
                "a%F\\",
                "?[[[[[[[[",
                "i{{{{{{{{{{{{{{{{{{{",
                "BO{{{{{{{cz\\{{{{{{{{",
                "R##=H",
                "Z########### ",
                "m####N",
                "u==w",
                "-============^",
                "2=====2",
                "w))D",
                "S)))",
                "2)))))))))))))UW",
                "))))))",
                "W   0(",
                "H   ",
                "K              U]",
                "g0      K",
                "DUUUUUUUUUUUUUU",
                "]KHd",
                "**Ap",
                "d****I9n",
                "****-n",
                "4*************",
                "~~~~~~~~~~~~~~~~~~~~~~~~~~~~~~~~~~~~~~",
                "Z0X03",
                ">0!0",
                "Western Cape1",
                "Durbanville1",
                "Thawte1",
                "Thawte Certification1",
                "Thawte Timestamping CA0",
                "121221000000Z",
                "201230235959Z0^1",
                "Symantec Corporation100.",
                "'Symantec Time Stamping Services CA - G20",
                "\"W*o",
                "]jxdE",
                "`F~T",
                "&0$0\"",
                "http://ocsp.thawte.com0",
                "80604",
                ".http://crl.thawte.com/ThawteTimestampingCA.crl0",
                "TimeStamp-2048-10",
                "y@b%",
                "121018000000Z",
                "201229235959Z0b1",
                "Symantec Corporation1402",
                "+Symantec Time Stamping Services Signer - G40",
                "2oNW",
                "a;EQ",
                "g0e0*",
                "http://ts-ocsp.ws.symantec.com07",
                "+http://ts-aia.ws.symantec.com/tss-ca-g2.cer0<",
                "50301",
                "+http://ts-crl.ws.symantec.com/tss-ca-g2.crl0(",
                "TimeStamp-2048-20",
                "b07x",
                ",&c3",
                "\\vnO^",
                "EFAn",
                "y3+.{",
                ">\"hcS",
                "VeriSign, Inc.1",
                "VeriSign Trust Network1;09",
                "2Terms of use at https://www.verisign.com/rpa (c)101.0,",
                "%VeriSign Class 3 Code Signing 2010 CA0",
                "140505000000Z",
                "160603235959Z0",
                "Massachusetts1",
                "Boston1(0&",
                "Continuum Managed Services, LLC1>0<",
                "5Digital ID Class 3 - Microsoft Software Validation v21(0&",
                "Continuum Managed Services, LLC0",
                "k$o_%hl",
                "90705",
                "/http://csc3-2010-crl.verisign.com/CSC3-2010.crl0D",
                "=0;09",
                "0*0(",
                "https://www.verisign.com/rpa0",
                "e0c0$",
                "http://ocsp.verisign.com0;",
                "/http://csc3-2010-aia.verisign.com/CSC3-2010.cer0",
                "y.@5",
                "X*Kx",
                "j$cGQGDj",
                "Washington1",
                "Redmond1",
                "Microsoft Corporation1)0'",
                " Microsoft Code Verification Root0",
                "110222192517Z",
                "210222193517Z0",
                "VeriSign Trust Network1:08",
                "1(c) 2006 VeriSign, Inc. - For authorized use only1E0C",
                "<VeriSign Class 3 Public Primary Certification Authority - G50",
                "CcjRK",
                "{]KV",
                "3130",
                "N0L0J",
                "Dhttp://crl.microsoft.com/pki/crl/products/MicrosoftCodeVerifRoot.crl0",
                ",N<jPl",
                "3BH8Q:|8",
                "$\"(@",
                ":'jI",
                "#(2v",
                "wha3",
                "\\J$jg",
                "100208000000Z",
                "200207235959Z0",
                "&J@<",
                "z;T0S",
                "i0g0e",
                "0V0(",
                "https://www.verisign.com/cps0*",
                "[0Y0W0U",
                "image/gif0!0",
                "#http://logo.verisign.com/vslogo.gif04",
                "-0+0)",
                "#http://crl.verisign.com/pca3-g5.crl04",
                "(0&0$",
                "http://ocsp.verisign.com0",
                "VeriSignMPKI-2-80",
                "G8J-l",
                "B=e6",
                "%VeriSign Class 3 Code Signing 2010 CA",
                "U5Lm",
                ",{Y@",
                "&%Y5",
                "Ovq ",
                "0r0^1",
                "'Symantec Time Stamping Services CA - G2",
                "150316095732Z0#",
                "sk.[U",
                "$)WB",
                "(2<<FPdnx",
                "((22<<<g",
                "((22<<<c",
                "((2<FPPZdd",
                "(22FPZdx",
                "(((o",
                "((22<<FFPPZZZ",
                "(2<FPZd",
                "(<Zdx",
                "(2<FPZdx",
                "(2<FPZdnx",
                "(((222<<<FFFPPPZZZ",
                "(2<FPZdn",
                "(2<FPZn",
                "(FPZdnx",
                "(2<FZdnx",
                "(2FZdn",
                "(2FZn",
                "(2Pdx",
                "(2FZddnnx",
                "(2FPPZdnx",
                "(2<<PZdx",
                "(22<FPZnx",
                "((22<<FFPPPV",
                "(2<Zdnx",
                "((2<FPZdnx",
                "(2<FPdn",
                "((222",
                "(2<PZdxx",
                "(2<PZx^",
                "(2<FPd",
                "((22<<FFPPZZddnnxx",
                "(2Fd",
                "(2FPn",
                "(2<Pdnx",
                "((22<<FFPPP^",
                "(2<PZxT",
                "((22<<FFPPZZdddnnn",
                "(2<PZdnx",
                "(2<FPZnx",
                "(2<FPZZdnx",
                "(2<FPnx",
                "(2FPZdx",
                "<FPZdnx",
                "(<ZZddnx",
                "(<FPnnxx",
                "(2<FFPZddnx",
                "(2<FZdx",
                "(2<FPn",
                "((22<<FFPPZZddddnnxx",
                "(<PZdnx",
                "(2<PZnx",
                "(2<d",
                "(2FPdnx",
                "((22<<FFPPP",
                "D*\\AD:\\umesh jadhav\\VSS modules\\Malwarebytes\\MBConfig\\MBConfig.vbp",
                "5.0.43",
                "#@@#",
                "SOFTWARE\\Malwarebytes' Anti-Malware",
                "SeTcbPrivilege",
                "SeChangeNotifyPrivilege",
                "SeAssignPrimaryTokenPrivilege",
                "Sedebugname",
                "SOFTWARE\\SAAZOD",
                "InstallationPath",
                "ApplicationLog",
                "RegID",
                ".log",
                "*************************************************************************************",
                "Main",
                " Application started",
                " Version : ",
                ".Exe",
                " SAAZ installation path : ",
                " RegId : ",
                " RegId not found",
                "Type",
                "DPMA",
                "MSMA",
                " Agent is not installed on the machine",
                "SiteID",
                " SiteId : ",
                " SiteID not found",
                " Invalid RegType: ",
                "MemberID",
                " Member ID:",
                " MemberID not found",
                " Agent is not installed",
                "Continuum Malwarebytes is not installed.",
                " Uninstallation completed",
                "mbamapi.exe",
                "mbam-msp.exe",
                "SOFTWARE\\Microsoft\\Windows\\CurrentVersion\\Uninstall\\Malwarebytes' Anti-Malware_is1",
                "DisplayVersion",
                " already running",
                " Command line parameter : ",
                " Commandline parameter not received",
                " Commandline parameter received:",
                " Uninstallation completed. Rebooting...",
                "Shutdown /r /f",
                "poff",
                "fnScheduleSettings",
                " Error No:",
                ",Err Desc:",
                "subEnableProtection",
                "ddmmyyyy",
                ".txt",
                "#Software: SAAZ.AgentMonitoring.",
                "#Version: ",
                "#Date: ",
                "#Fields: DateTime",
                "Module",
                "Function",
                "Val1",
                "Val2",
                "Val3",
                "Val4",
                "-----------------------------------------------------------------------------------------",
                "Win32_Process",
                "winmgmts:",
                "InstancesOf",
                "Caption",
                "IsProcessRunning_WMI",
                " found running",
                " not running.",
                "At IsProcessRunning_WMI.",
                "Select * from Win32_Process where name='",
                "ExecQuery",
                "Count",
                "ServiceStart",
                "fncUpdSetService : ",
                "ServiceStop",
                "SERVICERESTART",
                "SERVICEPAUSE",
                "SERVICECONTINUE",
                "blnStart",
                "fncUpdSetService",
                "fncUpdSetServiceContinued : ",
                "hService",
                "hSCManager",
                "fncUpdSetServiceContinued",
                "fncUpdSetServicePaused : ",
                "fncUpdSetServicePaused",
                "fncUpdSetServiceStopped : ",
                "fncUpdSetServiceStopped",
                "fncUpdSetServiceReStarted : ",
                "fncUpdSetServiceReStarted",
                "fncUpdSetServiceStarted : ",
                "fncUpdSetServiceStarted",
                "EnumServicesStatus",
                "EnumUpdSystemServices : ",
                "success = 0",
                "EnumUpdSystemServices",
                "stopped",
                "startpend",
                "stoppend",
                "running",
                "contpend",
                "pausepend",
                "paused",
                "SYSTEM\\CurrentControlSet\\Services\\",
                "Start",
                "fncChkService",
                " startup type is Automatic",
                "Starting Service",
                "Service Already running",
                " cannot be set to automatic",
                "fncChkStpService",
                "Stopping Service",
                "Service Already stopped",
                "lResult REG_SZ",
                "RegUpdQueryStringValue",
                "lResult REG_BINARY",
                "Value not found",
                "fncGetUpdComputerName",
                "GetCompName",
                "REGISTRY VALUE IS CORRUPTED",
                "<urls>",
                "Software\\Microsoft\\Windows\\CurrentVersion\\Policies\\System",
                "DisableRegistryTools",
                "IsRegistryEditable",
                "SetRegDwordValue",
                "Modifying Registry Values",
                "UPDATED REGISTRY VALUE",
                "REGISTRY VALUE ALREADY UPDATED ",
                "REGISTRY VALUE TURNED OFF ",
                "lResult",
                "SetRegDwordValue: Key Not Found, ",
                "Successfully modified Registry Values",
                "Modifying Registry - ",
                "SetRegDwordValue64",
                "SetRegDwordValue64: Key Not Found, ",
                "]]></file>",
                "ExecuteAsLoggedInUser",
                "No Logged in User found",
                "Explorer token found!!",
                "EXPLORER.EXE",
                "Return value for OpenProcessToken :: ",
                "winsta0\\default",
                "Preprocessing : Getting the environment variables",
                "Execution Path & Parameters : ",
                "Unable to execute Process due to error : ",
                "fncGetProcesses",
                "In fncGetProcesses",
                "fncGetProcesses. Err No :",
                " Description :",
                "GetProcessUserName",
                "In GetProcessUserName, to get the user name of explorer",
                "GetProcessUserName. Err No :",
                "All Values :: ",
                "SubManageIgnoreList",
                "Binary not found",
                "All Urls :: ",
                "Starting to update Ignore List...",
                "Add Ignore List Flag : ",
                "BaseComponents\\MBytes\\MBIgnoreList.xml",
                "templateid",
                "additem",
                "rmvitem",
                "<wpmalwrignorelist></wpmalwrignorelist>",
                "MBIgnoreList",
                "All IPs :: ",
                "All Keys :: ",
                "value",
                "BaseComponents\\MBytes\\*_MBIgnoreList.ini",
                "/ignore -clear",
                "Ignore List need to update...",
                "Ignore List already updated.",
                "Invalid ignore list received.",
                "Removing Customized items from ignore list.",
                "All Files :: ",
                "All Folders :: ",
                "Adding Customized items to ignore list...",
                "<wpmalwrignorelist><regid>",
                "</regid></wpmalwrignorelist>",
                "wpmalwrignorelist",
                "tfr_wpmalwrignorelist.asp?mmid=",
                "&sid=",
                "&rid=",
                "&rty=",
                "&ec=0",
                "/ignore -add folder ",
                "Folder Added : ",
                "https://webpost.itsupport247.net/tfr_wpmalwrignorelist.asp?mmid=",
                "<wpmalwrignorelist>",
                "<error>",
                "GetSchTemplate",
                "Webpost Failed.",
                "fncGetIgnorelistxml",
                "SubAddToIgnoreList",
                "/ignore -add file ",
                "File Added : ",
                "folder",
                "/ignore -add key ",
                "Registry Key Added : ",
                "/ignore -add value ",
                "Registry Value Added : ",
                "/ignore -add ip ",
                "IP Added : ",
                "/ignore -add url ",
                "URL Added : ",
                "Reloading Ignore List...",
                "/reloadignore",
                "/ignore -remove file ",
                "SubRmvFromIgnoreList",
                "File Removed : ",
                "/ignore -remove folder ",
                "Folder Removed : ",
                "/ignore -remove key ",
                "Registry Key Removed : ",
                "/ignore -remove value ",
                "Registry Value Removed : ",
                "/ignore -remove ip ",
                "IP Removed : ",
                "/ignore -remove url ",
                "URL Removed : ",
                "\\IgnoreList.txt",
                " /ignore -list>",
                "\\ignorelist.txt",
                "\\IgnoreList.bat",
                "fncReadIgnoreList",
                "Ignore List Data reading finished.",
                "Ignore List Data reading failed.",
                "\\mbamapi.exe",
                "file",
                "fncCatIgnoreList",
                "MSXML2.DOMDocument",
                "Load",
                "ReadIgnoreListXML",
                "Ignore List xml loaded successfully...",
                "Reading files...",
                "wpmalwrignorelist/ignorelist/",
                "/files/file",
                "getElementsByTagName",
                "Length",
                "nextNode",
                "Text",
                "Reading folders...",
                "/folders/folder",
                "Reading registry keys...",
                "/keys/key",
                "Reading registry values...",
                "/values/value",
                "Reading registry ips...",
                "/ips/ip",
                "Reading registry urls...",
                "/urls/url",
                "Loading xml failed.",
                "DeleteFilesLike",
                "GetEnvironmentVar",
                "fncGetEnvironPath",
                "fncChkInStr",
                "SubWpostFinalAssessmentData",
                "fncGetAddedIGList",
                "fncGetRmvdIGList",
                "autoadd",
                "manualadd",
                "manual",
                "autormv",
                "remove",
                "</ips>",
                "<wpmalwrignrlistaudit>",
                "<regid>",
                "</regid>",
                "<scandatetime>",
                "</scandatetime>",
                "</wpmalwrignrlistaudit>",
                "SubCreateIGLWpXml",
                "wpmalwrignrlistaudit",
                "tfr_wpmalwrignrlistaudit.asp?mmid=",
                "<files>",
                "<file><![CDATA[",
                "https://webpost.itsupport247.net/tfr_wpmalwrignrlistaudit.asp?mmid=",
                "\\wpmalwrignrlistaudit_Y_",
                "MMDDYYYYHHNNSS",
                "NDataPost",
                "\\wpmalwrignorelist_Y_",
                "Webpost Succeded.",
                "<acttaken>",
                "</acttaken>",
                "</files>",
                "<folders>",
                "<folder><![CDATA[",
                "]]></folder>",
                "</folders>",
                "<keys>",
                "<key><![CDATA[",
                "]]></key>",
                "</keys>",
                "<values>",
                "<value><![CDATA[",
                "]]></value>",
                "</values>",
                "<ips>",
                "<ip><![CDATA[",
                "]]></ip>",
                "<url><![CDATA[",
                "]]></url>",
                "</urls>",
                "fncCreateXmlByIGLType",
                "wpmalwrignorelist/",
                "selectSingleNode",
                "fncReadTemplateID",
                "ReadReg",
                " -silent",
                "Configuration\\zScriptDNS.ini",
                "Configuration\\zMBUpgradeDNS.ini",
                "fnRegisterMB",
                " Executing Malwarebytes Registration",
                " /register ",
                " /hideregistration",
                " Malwarebytes Sucessfully Registered ",
                " Failed to Register Malwarebytes ",
                " No Internet connection",
                " Error ",
                "Open",
                "ShellAndWait",
                " Execution Path & Parameters : ",
                "MM\\/DD\\/YYYY hh\\:nn\\:ss",
                " Application Ended",
                "fncGetMalBytesInstallPath",
                "Executing fncGetMalBytesInstallPath..",
                "SOFTWARE\\Microsoft\\Windows\\CurrentVersion\\Uninstall",
                "Searching for MalwareBytes Installation Path in registry :: ",
                "DisplayName",
                ", ErrDesc : ",
                "Malwarebytes Anti-Malware",
                "InstallLocation",
                "usecmsl",
                "MalwareBytes Installation Path :: ",
                "\\SAAZOD\\Malwarebytes' Anti-Malware\\",
                ". Does not have sufficient privilege for SOFTWARE\\Microsoft\\Windows\\CurrentVersion\\Uninstall",
                "modWebpost",
                "Could not open registry key. ErrDesc: ",
                " for SOFTWARE\\Microsoft\\Windows\\CurrentVersion\\Uninstall",
                "fncGetMalBytesInstallPath. ",
                " Line No : ",
                "wininet.dll",
                "fncFormatMessage",
                " ErrDesc : ",
                "GetINIKeyValue",
                "ERR ",
                "ERR : ",
                ") in procedure GetRegValueEx of Module ModFunctions",
                "zWbPost.WebPost",
                "FN_Webpost",
                "MSG ",
                " Webpost URL: ",
                " Webpost Data: ",
                "PostXMLString",
                " Webpost return String : ",
                " Webpost failed : Return Status : ",
                ", ErrNo : ",
                "FncWebPost",
                "Webpost string : ",
                "Webpost url : ",
                "WebPost Return Status: ",
                "WebPost Failed : ",
                "zWbPost.dll",
                "Function WebPost :: ",
                " in Line No.",
                "modCommon",
                "RegisterDLL",
                "Dll not found at '",
                "\\regsvr32.exe /s ",
                "fncExecuteShell",
                " Executing fncExecuteShell : ",
                " Failed to Execute Shell : ",
                " Failed OpenProcess. Error : ",
                "fncTerminateUpdateProcess",
                " Executing Function fncTerminateUpdateProcess",
                " Successfully Terminated Process",
                "fullscan",
                " Terminate Process Failed",
                " ErrDesc :",
                "KillProcesses",
                " found in process",
                " Terminating ",
                " Terminated  successfully",
                " Unable to terminate ",
                " not found in process ",
                "StripNulls",
                "chkRegistration",
                " Malwarebytes Already Registered",
                "GetKeyValue",
                "SetKeyValue",
                "GetSections",
                "ReqWebPostData",
                " Webpost Success : Return Status : ",
                "wpmalwruninstallst",
                "wpmalwrregstatus ",
                "ReqWebPost",
                "</mndttime><prdid>",
                " Webpost return status : ",
                "wpmalwrprdkeyinfo",
                "tfr_wpmalwrprdkeyinfo.asp?mmid=",
                "https://webpost2.itsupport247.net/tfr_wpmalwrprdkeyinfo.asp?mmid=",
                "<wpmalwrprdkeyinfo><regid>",
                "</regid><mndttime>",
                "MM\\/DD\\/YYYY HH\\:NN\\:SS",
                "quick#@#",
                "</prdid ><prdkey>",
                "</prdkey></wpmalwrprdkeyinfo>",
                "SUCCESS",
                "FAILED",
                "fnRegistration",
                "Registration key matched",
                "Product key data not found",
                "webpost for registration information failed with error message:- & ",
                "webpost for registration information failed",
                "wpmalwrregstatus",
                "tfr_wpmalwrregstatus.asp?mmid=",
                "https://webpost2.itsupport247.net/tfr_wpmalwrregstatus.asp?mmid=",
                "Registration done successfully",
                "Registration failed",
                "quickscan",
                "<wpmalwrregstatus>",
                "<mndttime>",
                "</mndttime>",
                "<prdid>",
                "</prdid>",
                "<prdkey>",
                "</prdkey>",
                "<regsts>",
                "</regsts>",
                "<regdesc><![CDATA[",
                "]]></regdesc>",
                "</wpmalwrregstatus>",
                "/proxy ",
                "subProxyUpdate",
                "flash#@#",
                "webpost for Registration success sent successfully",
                "webpost for Registration Failure sent",
                "sendregstatus",
                "Error in Creating XML: ",
                "ProxySettings",
                "ProxyIP",
                "SaazMobile.ini",
                "ProxyPort",
                "ProxyUserName",
                "ProxyPassword",
                "proxy",
                " Proxy Successfully Updated.",
                "noproxy",
                "ProxyUsername",
                " Proxy Settings removed from SaazMobile.ini",
                "/proxy",
                " Proxy Settings removed Successfully.",
                "\\BaseComponents\\MBytes\\",
                ".ini",
                "fncIsUpdateRequired",
                " KB Block Size",
                "Deleting old file : ",
                "BaseComponents\\MBytes\\",
                ".xml",
                "No update required for ",
                "Update required for ",
                "GetDataMD5",
                "Getting MD5 checksum...",
                "Failed to Get MD5 check Sum for File ",
                " Error = ",
                " with ",
                "flashscan",
                "FileMD5CheckSum : ",
                "File not found: ZGnMD5",
                "\\BaseComponents\\MBytes",
                "IsCheckSumSame",
                "Function - DecryptString ",
                " -reboot",
                "fncScheduleMB",
                "Invalid Schedule Template received.",
                "False",
                "BaseComponents\\MBytes\\MBDataPost.exe",
                "flash#@##@#",
                "quick#@##@#",
                "full#@##@#",
                "tfr_wpmalwrconfig.asp?mmid=",
                "BaseComponents\\MBytes\\MBUpdt.exe",
                "00:01",
                "23:59",
                "0,1,2,3,4,5,6",
                "MBConfig.exe",
                "TRUE",
                "SAAZScheduler",
                "<wpmalwrschedule><regid>",
                "</regid></wpmalwrschedule>",
                "wpmalwrconfig",
                "rstrtcomp",
                " -remove",
                "https://webpost.itsupport247.net/tfr_wpmalwrconfig.asp?mmid=",
                "<wpmalwrschedule>",
                "loadXML",
                "wpmalwrschedule",
                "childNodes",
                "nodename",
                "autoupdate",
                "schedtype",
                "starttime",
                "endtime",
                "interval",
                "weekdays",
                "rmvqurntine",
                "full#@#",
                "ReadScheduleXML",
                "fncUpdateMBSchedule",
                "false",
                "monthly",
                "on reboot",
                "onreboot",
                "File not found - ",
                "Malwarebytes Schedule needs to be updated.",
                " /unschedule /all -scan /silent /errorsilent",
                "UnSchedule Scan Success.",
                "UnSchedule Scan Failed.",
                " already in process.",
                "Unable to create malwarebytes schedule.",
                "Malwarebytes Proxy settings needs to be updated.",
                "<wpmalwrscheduledtl><regid>",
                "</regid></wpmalwrscheduledtl>",
                "wpmalwrscheduledtl",
                "Interval",
                "tfr_wpmalwrscheduledtl.asp?mmid=",
                "https://webpost.itsupport247.net/tfr_wpmalwrscheduledtl.asp?mmid=",
                "<wpmalwrscheduledtl>",
                "GetMBSchTemplate",
                "frequency",
                "starton",
                "recovery",
                "repeatevery",
                "wakecomp",
                "rmvqurntn",
                "restartcomp",
                "flash",
                "quick",
                "full",
                "ReadMBytesSchXML",
                "Unknown element found - ",
                "fnGeneralSettings",
                "Invalid General Settings received.",
                "Invalid Or No General Settings received",
                "send protection state webpost return status ",
                "advancedheuristics",
                "alwaysscanfiles",
                "alwaysscanheuristics",
                "alwaysscanmemory",
                "alwaysscanregistry",
                "alwaysscanstartups",
                "detectp2p",
                "detectpum",
                "detectpup",
                "reportthreats",
                "startfsdisabled",
                "startipdisabled",
                "terminateie",
                "downloadprogram",
                "notifyinstallprogram",
                "updatewarn",
                "openlog",
                "autosavelog",
                "fullsilentmode",
                "autoquarantine",
                "contextmenu",
                "silentipmode",
                "autoquarantinenotify",
                "<wpmalwrtemplateinfo><regid>",
                " /recover ",
                "Parameter",
                "</regid></wpmalwrtemplateinfo>",
                "wpmalwrtemplateinfo",
                "tfr_wpmalwrtemplateinfo.asp?mmid=",
                "https://webpost.itsupport247.net/tfr_wpmalwrtemplateinfo.asp?mmid=",
                "<wpmalwrtemplateinfo>",
                "True",
                "wpmalwrtemplateinfo/strtfileexc",
                "EndTime",
                "wpmalwrtemplateinfo/webstblck",
                "wpmalwrtemplateinfo/trmntie",
                "wpmalwrtemplateinfo/anrptusg",
                "wpmalwrtemplateinfo/scnmemobj",
                "wpmalwrtemplateinfo/scnstrupobj",
                "wpmalwrtemplateinfo/scnregobj",
                "wpmalwrtemplateinfo/scnfilesysobj",
                "StartTime",
                "wpmalwrtemplateinfo/scnadditm",
                "wpmalwrtemplateinfo/enbladdhrtcs",
                "wpmalwrtemplateinfo/actptopsw",
                "wpmalwrtemplateinfo/actunwntdmodfct",
                "wpmalwrtemplateinfo/actunwntdprg",
                "wpmalwrtemplateinfo/autoflashscan",
                "wpmalwrtemplateinfo/actprotfs",
                "wpmalwrtemplateinfo/actprotip",
                "wpmalwrtemplateinfo/addignorelist",
                "ReadSettingsXML",
                "subRegSetValueDword",
                "subRegSetValueString",
                " /schedule /scan -",
                "true",
                " -log -silent",
                " /wakefromsleep",
                " /starting ",
                " /every ",
                " /errorsilent /silent /xml",
                "UpdateMBytesScheduler",
                "Schedule for ",
                " Scan Success.",
                " Scan Failed.",
                "Logs",
                "MBData",
                "/logtofolder ",
                "SetMBLogFolder",
                ":  Line No :",
                "Configuration\\SAAZScheduler.ini",
                "ExecutableName",
                "WeekDays",
                "UpdateSaazScheduler",
                "fncReadSaazScheduler",
                "BaseComponents\\MBytes\\SchConfig.txt",
                "IsUpdtSchRequired",
                "/protection -stop",
                "/protection -uninstall",
                "/protection -install",
                "/set startwithwindows on",
                "/protection -start",
                "/set startfsdisabled off",
                "/set startfsdisabled on",
                "/set startipdisabled off",
                "/set startipdisabled on",
                "/protection -enable fs",
                "/protection -disable fs",
                "/protection -enable ip",
                "/protection -disable ip",
                "fncGetAPState",
                "subStartActiveProtection",
                "Active Protection Started...",
                "Protection module exe not found",
                "/set startwithwindows off",
                "subStopActiveProtection",
                "Active Protection Stopped.",
                "subChkSaazScheduler",
                "SAAZSceduler already updated.",
                "No Schedule information received for Auto-Update...",
                "Updating MBUpdt.exe Schedule...",
                "00:30",
                "Updating MBConfig.exe Schedule...",
                "00:15",
                "Updating MBDataPost.exe Schedule...",
                "Need to restart SAAZSceduler service...",
                "none",
                "subSetActiveProtection",
                "Active Protection State to be set :: ",
                "Attempt :: ",
                "Previous State :: ",
                "Current State :: ",
                "Send Active Protection webpost return status ",
                " /protection -getstate>",
                "\\APState.txt",
                "\\APGetState.bat",
                "Active Protection State : ",
                "<wpmbactiveprotectionstate>",
                "MM\\/DD\\/YYYY HH:MM:SS",
                "<dcstate>",
                "</dcstate>",
                "<machinestate>",
                "</machinestate>",
                "<statediff>",
                "</statediff>",
                "<mbversion>",
                "</mbversion>",
                "<errdesc>",
                "</errdesc>",
                "</wpmbactiveprotectionstate>",
                "wpmbactiveprotectionstate",
                "tfr_wpmbactiveprotectionstate.asp?mmid=",
                "https://webpost.itsupport247.net/tfr_wpmbactiveprotectionstate.asp?mmid=",
                "SendProtectionState",
                "wpmbactiveprotectionstate_N_",
                "mmddyyyyhhnnss",
                "https://webpost.itsupport247.net",
                "Webpost file moved to AlertCD.",
                "MBAM-MSP.EXE",
                "MBAMGUI.EXE",
                "MBSZProc.EXE",
                "MBNotify.EXE",
                "\\old_AgtValid.dll",
                "\\unins000.exe /VERYSILENT /SUPPRESSMSGBOXES",
                "UninstallMalbytes",
                " Could not execute:-unins000.exe",
                "Could not execute:-unins000.exe",
                "\\unins000.exe /VERYSILENT /SUPPRESSMSGBOXES /NORESTART",
                " Deleting folder ",
                "\\*.*",
                "Malwarebytes' Anti-Malware",
                " Could not delete folder ",
                "MBUpdt.EXE,MBDataPost.EXE",
                "BaseComponents\\MBytes",
                "BaseComponents\\MBytes\\*.*",
                "MBytes",
                "MBData\\OldLogs",
                "MBData\\OldLogs\\*.*",
                "OldLogs",
                "MBData\\*.*",
                " Sections not found",
                "BaseComponents\\Malbytes",
                "MBInstall.exe",
                "MBSZProc.exe",
                "MBNotify.exe",
                "MBUpgrade.exe",
                "\\MBInstall.exe",
                " Could not delete MBInstall.exe ",
                "\\MBSZProc.exe",
                " Could not delete MBSZProc.exe ",
                "\\MBNotify.exe",
                "<desc><![CDATA[",
                " Could not delete MBNotify.exe ",
                " Deleting Application data folder (CSIDL_COMMON_APPDATA) ",
                "\\Malwarebytes",
                " Deleting Application data folder (CSIDL_APPDATA)",
                "Configuration\\MBUPGRADE.ini",
                "tfr_wpmalwruninstallst.asp?mmid=",
                "https://webpost2.itsupport247.net/tfr_wpmalwruninstallst.asp?mmid=",
                "senduninstallwp",
                "Webpost url ",
                "XML Data: ",
                "Uninstallation webpost Successfull",
                "Uninstallation webpost Failed",
                "Webpost for Uninstallation status failed",
                "Creating webpost for malwarebytes uninstallation in AlertCD",
                "MMDDYYYYHHMMSS",
                "https://webpost2.itsupport247.net/",
                "Uninstall Failed",
                "Uninstallation successfull.",
                "<wpmalwruninstallst>",
                "<status>",
                "</status>",
                "]]></desc>",
                "</wpmalwruninstallst>",
                "SB_UninstXML",
                " Error in Creating XML: ",
                "Continuum Malwarebytes not found. Seems to be uninstalled manually.",
                "senduninstallwpNotFound",
                "GetSpecialfolder",
                "GetSpecialfolder, ",
                "RenameSections",
                " Gettings Sections list from ",
                " Sections list : ",
                "Tmp.ini",
                "ModUnistall",
                " Writing ",
                ".ini data to tmp.ini",
                "Executablename",
                " Copying tmp.ini data to ",
                ".Ini",
                "\\tmp.Ini",
                "CloseFolder",
                " in SAAZScheduler.ini",
                ") in procedure StripNulls of Module ModFunctions",
                "DelFromSAAZScheduler",
                " Taking backup of ",
                "Configuration\\SAAZScheduler.ini to BKP_SAAZScheduler.ini",
                "BKP_SAAZScheduler.ini",
                " Searching for sections of MALWAREBYTES  ",
                "BASECOMPONENTS\\MBYTES",
                "MBCONFIG.EXE",
                " Section found : ",
                " (ApplicationName=",
                " Successfully deleted ",
                " section (ApplicationName=",
                ") From SAAZScheduler.ini",
                " Failed to delete ",
                "Settings",
                "ProcessCount",
                "Configuration\\SAAZScheduler",
                "clearregistry",
                " Searching for HKEY_LOCAL_MACHINE\\SOFTWARE\\Malwarebytes' Anti-Malware",
                " Found registry path : HKEY_LOCAL_MACHINE\\SOFTWARE\\Malwarebytes' Anti-Malware",
                " Registry Key deleted successfully : HKEY_LOCAL_MACHINE\\SOFTWARE\\Malwarebytes' Anti-Malware",
                " Unable to delete registry Key : HKEY_LOCAL_MACHINE\\SOFTWARE\\Malwarebytes' Anti-Malware",
                " Checking for uninstallation successfull",
                " Searching for HKEY_LOCAL_MACHINE\\SOFTWARE\\Microsoft\\Windows\\CurrentVersion\\Uninstall\\",
                "SOFTWARE\\Microsoft\\Windows\\CurrentVersion\\Uninstall\\",
                " Found registry path : HKEY_LOCAL_MACHINE\\SOFTWARE\\Microsoft\\Windows\\CurrentVersion\\Uninstall\\",
                " Searching for DisplayName 'Malwarebytes Anti-Malware' in HKEY_LOCAL_MACHINE\\",
                " DisplayName 'Malwarebytes Anti-Malware ' found in HKEY_LOCAL_MACHINE\\",
                " DisplayName 'Malwarebytes Anti-Malware' not found in HKEY_LOCAL_MACHINE\\",
                " Registry Key deleted successfully : HKEY_LOCAL_MACHINE\\SOFTWARE\\Microsoft\\Windows\\CurrentVersion\\Uninstall\\",
                " Unable to delete registry Key : HKEY_LOCAL_MACHINE\\SOFTWARE\\Microsoft\\Windows\\CurrentVersion\\Uninstall\\",
                " Registry path not found : HKEY_LOCAL_MACHINE\\",
                " Checking folder exists : ",
                " Folder found : ",
                "subMoveToAlertCD",
                "Making entry in ",
                "AlertCD",
                "AlertCD\\",
                "subReadAlertTktFolder",
                "File moved to AlertCD.",
                "VS_VERSION_INFO",
                "VarFileInfo",
                "Translation",
                "StringFileInfo",
                "040904B0",
                "Comments",
                "proxy decrypt ",
                "CompanyName",
                "Continuum Managed Services LLC.",
                "FileDescription",
                "Modified to avoid interactive pop-up/Force Active Protection Enable",
                "ProductName",
                "FileVersion",
                "1.00.0027",
                "ProductVersion",
                "InternalName",
                "OriginalFilename",
                "<<<Obsolete>>"
            ]
        }
    ]
}