{
    "malware_data": [
        {
            "filename": "71cec4311fb8b5f2e7ce53d6f4a392837483536bef7642f0ba92d5d05cb210bd.exe",
            "filetype": "4D5A9000",
            "filesize": "232KB",
            "hash_sha256": "71cec4311fb8b5f2e7ce53d6f4a392837483536bef7642f0ba92d5d05cb210bd",
            "strings": [
                "!This program cannot be run in DOS mode.",
                "Rich",
                ".text",
                "`.data",
                ".rsrc",
                "MSVBVM60.DLL",
                "------ChkSchedulerini",
                "VB5!",
                "ChkScheduler",
                "ChkSchedulerini",
                "ModFunctions",
                "modDeclaration",
                "LogManager",
                "ModSrvcManager",
                "ModSAAZDefaultExe",
                "ModSAAZMobile",
                "ModDownload",
                "ModSrvcManagerAPI",
                "ModManagezScriptDNS",
                "ModSAAZScheduler",
                "ModMain",
                "advapi32.dll",
                "user32",
                "FindWindowA",
                "h4H@",
                "kernel32",
                "GetShortPathNameA",
                "Sleep",
                "GetPrivateProfileStringA",
                "h4I@",
                "GetPrivateProfileIntA",
                "GetPrivateProfileSectionA",
                "WritePrivateProfileSectionA",
                "h,J@",
                "WritePrivateProfileStringA",
                "RegOpenKeyExA",
                "RegQueryValueExA",
                "RegSetValueExA",
                "h\\K@",
                "RegEnumKeyA",
                "RegDeleteKeyA",
                "advapi32",
                "RegCloseKey",
                "h<L@",
                "RegCreateKeyA",
                "userenv.dll",
                "GetAllUsersProfileDirectoryA",
                "FormatMessageA",
                "h4M@",
                "RtlMoveMemory",
                "h|M@",
                "imagehlp.dll",
                "MakeSureDirectoryPathExists",
                "GetSystemDirectoryA",
                "h0N@",
                "GetVersionExA",
                "hxN@",
                "urlmon",
                "URLDownloadToFileA",
                "ZDowFile.dll",
                "AsyncDownloadFile",
                "h0O@",
                "GetDownloadFinalStatus",
                "shell32.dll",
                "ShellExecuteEx",
                "Process32First",
                "WaitForSingleObject",
                "h8P@",
                "CloseHandle",
                "h|P@",
                "ZEncDec",
                "EncryptData",
                "DecryptData",
                "DeleteFileA",
                "hTQ@",
                "IsWow64Process",
                "EnumProcessModules",
                "GetCurrentProcess",
                "Kernel32.dll",
                "OpenProcess",
                "hXR@",
                "GetExitCodeProcess",
                "TerminateProcess",
                "PSAPI.DLL",
                "EnumProcesses",
                "hHS@",
                "GetModuleBaseNameA",
                "SHGetSpecialFolderLocation",
                "h T@",
                "SHGetPathFromIDListA",
                "hpT@",
                "PostMessageA",
                "CreateToolhelp32Snapshot",
                "hPU@",
                "Process32Next",
                "GetModuleFileNameExA",
                "GetWindowsDirectoryA",
                "h8V@",
                "GetModuleHandleA",
                "LoadLibraryA",
                "FreeLibrary",
                "ZGnMD5",
                "ZGetMD5WBlock",
                "htX@",
                "ZGetMD5",
                "QueryServiceConfigA",
                "hX_@",
                "OpenServiceA",
                "OpenSCManagerA",
                "ChangeServiceConfigA",
                "h8`@",
                "CloseServiceHandle",
                "ControlService",
                "StartServiceA",
                "GetComputerNameA",
                "h`a@",
                "EnumServicesStatusA",
                "lstrlenW",
                "lstrcpyA",
                "h4b@",
                "lstrlenA",
                "hxb@",
                "VBA6.DLL",
                "__vbaLateMemCall",
                "__vbaNew",
                "__vbaVarCmpEq",
                "__vbaVarAnd",
                "__vbaBoolVarNull",
                "__vbaStrVarCopy",
                "__vbaVarMove",
                "__vbaVarVargNofree",
                "__vbaVarTstNe",
                "__vbaVarCopy",
                "__vbaI4Str",
                "__vbaLenBstr",
                "__vbaVarSub",
                "__vbaI4Var",
                "__vbaAryDestruct",
                "GetFileVersionInfoSizeA",
                "__vbaUbound",
                "__vbaInStrVar",
                "__vbaVarTstGt",
                "__vbaInStr",
                "__vbaAryUnlock",
                "__vbaStrVarVal",
                "__vbaGenerateBoundsError",
                "__vbaAryLock",
                "__vbaAryVar",
                "__vbaAryCopy",
                "__vbaRedim",
                "__vbaFpI4",
                "__vbaResume",
                "__vbaLateMemCallLd",
                "__vbaObjIs",
                "__vbaObjVar",
                "__vbaVarDup",
                "__vbaObjSetAddref",
                "__vbaVarSetObjAddref",
                "__vbaVarLateMemCallLd",
                "__vbaBoolVar",
                "__vbaVarSetVar",
                "__vbaStrVarMove",
                "__vbaLsetFixstr",
                "__vbaFixstrConstruct",
                "__vbaEnd",
                "__vbaObjSet",
                "__vbaStrMove",
                "__vbaCastObj",
                "__vbaErrorOverflow",
                "__vbaFreeVar",
                "__vbaFreeObjList",
                "__vbaFreeStrList",
                "__vbaStrToUnicode",
                "__vbaStrToAnsi",
                "__vbaRecDestruct",
                "__vbaExitProc",
                "__vbaFreeObj",
                "__vbaStrI4",
                "__vbaRecDestructAnsi",
                "__vbaRecAnsiToUni",
                "__vbaSetSystemError",
                "__vbaRecUniToAnsi",
                "__vbaStrCmp",
                "__vbaFreeVarList",
                "__vbaFreeStr",
                "__vbaHresultCheckObj",
                "__vbaStrCat",
                "__vbaVarCat",
                "__vbaOnError",
                "__vbaStrCopy",
                "#sT*=",
                "Class",
                "C:\\Windows\\SysWow64\\MSVBVM60.DLL\\3",
                "VBRUN",
                "Version.dll",
                "h8p@",
                "GetFileVersionInfoA",
                "VerQueryValueA",
                "FolderExists",
                "FileExists",
                "CreateFolder",
                "WriteToLog",
                "WriteAll",
                "LogNotify",
                "GetShortPath",
                "ReadAll",
                "DeleteFile",
                "DeleteFolder",
                "sFileCopy",
                "sFileMove",
                "GetFileVersion",
                "__vbaPrintFile",
                "__vbaFileOpen",
                "__vbaStrI2",
                "__vbaFileClose",
                "__vbaFpR8",
                "__vbaI2I4",
                "__vbaNew2",
                "__vbaVar2Vec",
                "__vbaStr2Vec",
                "__vbaAryMove",
                "__vbaUnkVar",
                "__vbaNextEachVar",
                "__vbaVarLateMemCallLdRf",
                "__vbaVarTstEq",
                "__vbaVarZero",
                "__vbaForEachVar",
                "__vbaVargVarMove",
                "__vbaVargVarCopy",
                "__vbaVarCmpNe",
                "__vbaVarTstGe",
                "__vbaVarAdd",
                "__vbaI2Var",
                "__vbaR8Str",
                "__vbaStrR8",
                "__vbaVarIndexLoad",
                "myfile",
                "logmaxsize",
                "fldpath",
                "filepath",
                "pInStrFrmModName",
                "pInStrFunction",
                "pInStrErrorType",
                "pInStrValue1",
                "pInStrValue2",
                "pInStrValue3",
                "pInStrValue4",
                "strFilename",
                "srcfile",
                "destfile",
                "Filename",
                "hf4@",
                "h8Y@",
                "Ph,Y@",
                "j@hxY@",
                "QhxG@",
                "PhxG@",
                "RhxG@",
                "|SVW",
                "h,Y@",
                "xSVW",
                "}\"j@hxY@",
                "}#j@hxY@",
                "h8]@",
                "PhLZ@",
                "Ph`]@",
                "Phl]@",
                "}#j,h",
                "HSVW",
                "h$^@",
                "PhP^@",
                "RhX^@",
                "pSVW",
                "hxe@",
                "`SVW",
                "h$f@",
                "Rh@f@",
                "Qh@f@",
                "hLf@",
                "DSVW",
                "hpf@",
                "hDg@",
                "hlh@",
                "jDh\\h@",
                "h\\h@",
                "jPh\\h@",
                "hSVW",
                "h@i@",
                "Qh`j@",
                "Phtj@",
                "h`j@",
                "Rhtj@",
                "hE&A",
                "Rhpd@",
                "hV'A",
                "hL)A",
                "h(p@",
                "jPh@k@",
                "jXh@k@",
                "j,hxY@",
                "j4hxY@",
                "j0hxY@",
                "PhP\\@",
                "j\\hxY@",
                "Ph(r@",
                "h0r@",
                "h`r@",
                "TSVW",
                "hA7A",
                "}8j8hxY@",
                "hq>A",
                "hbBA",
                "h@CA",
                "hLt@",
                "h u@",
                "hlu@",
                "h>XA",
                "hu^A",
                "hPv@",
                "hLw@",
                "j?VV",
                "QWWj",
                "Qj$W",
                "h x@",
                "htx@",
                "h@y@",
                "Rh,Y@",
                "Rh,y@",
                "Rh(z@",
                "Rh`{@",
                "Ph4[@",
                "Ph(|@",
                "Ph8|@",
                "Rh`|@",
                "Qh\\z@",
                "h }@",
                "hH}@",
                "Qhp}@",
                "=2RC",
                "Ph,RC",
                "Rh,RC",
                "j|h$",
                "}TjLh",
                "hpd@",
                "jlh$",
                "j\\h$",
                "j<hxY@",
                "hxY@",
                "Phxd@",
                "h4X@",
                "=0RC",
                "Rh(RC",
                "h9AB",
                "u1Pj",
                "}&jLh",
                "hc^B",
                "u!Pj",
                "=pRC",
                "WWh8",
                "dSVW",
                "jxh$",
                "jhh@k@",
                "j(hxY@",
                "j hxY@",
                "jLhxY@",
                "jPhxY@",
                "u f9",
                "f9=2RC",
                "f9=0RC",
                "jXhxY@",
                "}cj@hxY@",
                "h(|@",
                "h&0C",
                "jThxY@",
                "h88C",
                "_CIcos",
                "_adj_fptan",
                "_adj_fdiv_m64",
                "_adj_fprem1",
                "_adj_fdiv_m32",
                "_adj_fdiv_m16i",
                "_adj_fdivr_m16i",
                "_CIsin",
                "__vbaChkstk",
                "EVENT_SINK_AddRef",
                "DllFunctionCall",
                "_adj_fpatan",
                "EVENT_SINK_Release",
                "_CIsqrt",
                "EVENT_SINK_QueryInterface",
                "__vbaExceptHandler",
                "_adj_fprem",
                "_adj_fdivr_m64",
                "__vbaFPException",
                "_CIlog",
                "_adj_fdiv_m32i",
                "_adj_fdivr_m32i",
                "_adj_fdivr_m32",
                "_adj_fdiv_r",
                "_CIatan",
                "_allmul",
                "_CItan",
                "_CIexp",
                "1u  ",
                "{|n|",
                "ubVCa",
                "aRVbu",
                "Txs\"",
                "#######}bQ",
                "#######",
                "mmQ#:Qh",
                "TZL\"",
                "I#aaaPPPaaV",
                "ceefgh",
                "HNNOPVVVVVVVVV",
                "TUF\"",
                "N4#HVVVVRVVVCJ",
                "\"LU>",
                "4#9NP:QQV:QQ=J",
                "\"FK>",
                "GPH4GCJJJJJJJ",
                "8*:;",
                "Q=;;,",
                "$$$$$$",
                "Z0X03",
                ">0!0",
                "Western Cape1",
                "Durbanville1",
                "Thawte1",
                "Thawte Certification1",
                "Thawte Timestamping CA0",
                "121221000000Z",
                "201230235959Z0^1",
                "Symantec Corporation100.",
                "'Symantec Time Stamping Services CA - G20",
                "\"W*o",
                "]jxdE",
                "`F~T",
                "&0$0\"",
                "http://ocsp.thawte.com0",
                "80604",
                ".http://crl.thawte.com/ThawteTimestampingCA.crl0",
                "TimeStamp-2048-10",
                "y@b%",
                "121018000000Z",
                "201229235959Z0b1",
                "Symantec Corporation1402",
                "+Symantec Time Stamping Services Signer - G40",
                "2oNW",
                "a;EQ",
                "g0e0*",
                "http://ts-ocsp.ws.symantec.com07",
                "+http://ts-aia.ws.symantec.com/tss-ca-g2.cer0<",
                "50301",
                "+http://ts-crl.ws.symantec.com/tss-ca-g2.crl0(",
                "TimeStamp-2048-20",
                "b07x",
                ",&c3",
                "\\vnO^",
                "EFAn",
                "y3+.{",
                ">\"hcS",
                "VeriSign, Inc.1",
                "VeriSign Trust Network1;09",
                "2Terms of use at https://www.verisign.com/rpa (c)101.0,",
                "%VeriSign Class 3 Code Signing 2010 CA0",
                "140505000000Z",
                "160603235959Z0",
                "Massachusetts1",
                "Boston1(0&",
                "Continuum Managed Services, LLC1>0<",
                "5Digital ID Class 3 - Microsoft Software Validation v21(0&",
                "Continuum Managed Services, LLC0",
                "k$o_%hl",
                "90705",
                "/http://csc3-2010-crl.verisign.com/CSC3-2010.crl0D",
                "=0;09",
                "0*0(",
                "https://www.verisign.com/rpa0",
                "e0c0$",
                "http://ocsp.verisign.com0;",
                "/http://csc3-2010-aia.verisign.com/CSC3-2010.cer0",
                "y.@5",
                "X*Kx",
                "j$cGQGDj",
                "Washington1",
                "Redmond1",
                "Microsoft Corporation1)0'",
                " Microsoft Code Verification Root0",
                "110222192517Z",
                "210222193517Z0",
                "VeriSign Trust Network1:08",
                "1(c) 2006 VeriSign, Inc. - For authorized use only1E0C",
                "<VeriSign Class 3 Public Primary Certification Authority - G50",
                "CcjRK",
                "{]KV",
                "3130",
                "N0L0J",
                "Dhttp://crl.microsoft.com/pki/crl/products/MicrosoftCodeVerifRoot.crl0",
                ",N<jPl",
                "3BH8Q:|8",
                "$\"(@",
                ":'jI",
                "#(2v",
                "wha3",
                "\\J$jg",
                "100208000000Z",
                "200207235959Z0",
                "&J@<",
                "z;T0S",
                "i0g0e",
                "0V0(",
                "https://www.verisign.com/cps0*",
                "[0Y0W0U",
                "image/gif0!0",
                "#http://logo.verisign.com/vslogo.gif04",
                "-0+0)",
                "#http://crl.verisign.com/pca3-g5.crl04",
                "(0&0$",
                "http://ocsp.verisign.com0",
                "VeriSignMPKI-2-80",
                "G8J-l",
                "B=e6",
                "%VeriSign Class 3 Code Signing 2010 CA",
                "tU_x",
                "HG!GC#~",
                "0r0^1",
                "'Symantec Time Stamping Services CA - G2",
                "150316121643Z0#",
                "9Q%%mn",
                ">D=-",
                "0\"E&6",
                "G\";7uvy",
                "((2<FPZdnx",
                "(2<FPdn",
                "((222",
                "(2<PZx~",
                "((22<<FFPPZZddnnxx",
                "(2Fd",
                "(2FPn",
                "((22<<FFPPP^",
                "(2<PZxT",
                "((22<<FFPPZZdddnnn",
                "(<FPZnx",
                "((22<<FFPPPV",
                "(2<FPnx",
                "(2<FPZn",
                "(2<P",
                "((22<<FFPPZZddnnnxx",
                "(2<FZx",
                "((22<<<g",
                "((22<<<c",
                "((2<FPPZdd",
                "(22FPZdx",
                "(((o",
                "((22<<FFPPZZZ",
                "(<Zdx",
                "(2<FPZdx",
                "(2<FPZdnx",
                "(((222<<<FFFPPPZZZ",
                "(2<FPZdn",
                "(2<FPdnx",
                "(2PZdnx",
                "(2<PZx",
                "(2<<FPdnx",
                "(<PZdx",
                "(2<<FPZZdnx",
                "(2<FPZnx",
                "@O\\AppD",
                "@O\\AppDat",
                "@isplay;0System.Music.Artist;0(16)System.Music.AlbumTitle;0System.Music.TrackNumber;0(18)System.Title;1Sy",
                "C*\\AD:\\LatestCode\\ModifiedAgentSourceCode\\AgentSelfheal\\ChkSchedulerini\\ChkSchedulerini.vbp",
                "5.0.43",
                "#@@#",
                "SOFTWARE\\Malwarebytes' Anti-Malware",
                "Open",
                "ServicesActive",
                "ShellAndWait",
                " Execution Path & Parameters : ",
                "ReadReg",
                " Error ",
                " Application Ended",
                "wininet.dll",
                "fncFormatMessage",
                " ErrDesc : ",
                "GetINIKeyValue",
                "ERR ",
                "GetRegValueEx",
                "zWbPost.WebPost",
                "FN_Webpost",
                "MSG ",
                " Webpost URL: ",
                " Webpost Data: ",
                "PostXMLString",
                " Webpost return String : ",
                " Webpost failed : Return Status : ",
                ", ErrNo : ",
                ".Exe",
                ", ErrDesc : ",
                "modWebpost",
                "FncWebPost",
                "Webpost string : ",
                "Webpost url : ",
                "WebPost Return Status: ",
                "WebPost Failed : ",
                "zWbPost.dll",
                "Function WebPost :: ",
                " in Line No.",
                "modCommon",
                "RegisterDLL",
                ".txt",
                "Dll not found at '",
                "\\regsvr32.exe /s ",
                "fncExecuteShell",
                " Executing fncExecuteShell : ",
                " Failed to Execute Shell : ",
                " Failed OpenProcess. Error : ",
                "fncTerminateUpdateProcess",
                " Unable to terminate ",
                "utf-8",
                " Executing Function fncTerminateUpdateProcess",
                " Successfully Terminated Process",
                " Terminate Process Failed",
                " ErrDesc :",
                "KillProcesses",
                " found in process",
                " Terminating ",
                " Terminated  successfully",
                "ddmmyyyy",
                " not found in process ",
                "StripNulls",
                "GetKeyValue",
                " Error No:",
                ",Err Desc:",
                "SetKeyValue",
                "GetSections",
                "IsCheckSumSame",
                "subRegSetValueDword",
                "subRegSetValueString",
                "GetDataMD5",
                " encoding=",
                "Getting MD5 checksum...",
                "Failed to Get MD5 check Sum for File ",
                " Error = ",
                " with ",
                " KB Block Size",
                "FileMD5CheckSum : ",
                "File not found: ZGnMD5",
                "schdet",
                "<?xml version=",
                "<wpagentschedules>",
                "fncCompressXml",
                "fncDecompressXml",
                "ChilkatZip2.Chilkatzip2",
                "UZenithZIP_tUF2iOvdob4c",
                "UnlockComponent",
                "OpenZip",
                "Unzip",
                "CloseZip",
                "ChilkatZip2.dll",
                "Configuration\\AgtHealthChk.ini",
                "status",
                "errdesc",
                "ModAgntHealthChk",
                "SubWebpostFinalStatus",
                "#Software: SAAZ.AgentMonitoring.",
                "#Version: ",
                "#Date: ",
                "#Fields: DateTime",
                "Module",
                "Function",
                "Type",
                "Val1",
                "Val2",
                "Val3",
                "Val4",
                "-----------------------------------------------------------------------------------------",
                "ServiceStart",
                "fncUpdSetService : ",
                "ServiceStop",
                "SERVICERESTART",
                "SERVICEPAUSE",
                "SERVICECONTINUE",
                "fncUpdSetService",
                "fncUpdSetServiceContinued : ",
                "hService",
                "hSCManager",
                "fncUpdSetServiceContinued",
                "fncUpdSetServicePaused : ",
                "fncUpdSetServicePaused",
                "fncUpdSetServiceStopped : ",
                "fncUpdSetServiceStopped",
                "blnStart",
                "fncUpdSetServiceReStarted : ",
                "fncUpdSetServiceReStarted",
                "fncUpdSetServiceStarted : ",
                "fncUpdSetServiceStarted",
                "EnumServicesStatus",
                "EnumUpdSystemServices : ",
                "success = 0",
                "EnumUpdSystemServices",
                "stopped",
                "startpend",
                "stoppend",
                "running",
                "contpend",
                "pausepend",
                "paused",
                "SYSTEM\\CurrentControlSet\\Services\\",
                "Start",
                "fncChkService",
                " startup type is Automatic",
                "Starting Service",
                "Service Already running",
                " cannot be set to automatic",
                "fncChkStartServiceNew",
                "Service Started Successfully.",
                " startup type is Disabled or Manual",
                "Service Startup Type set to Automatic.",
                "Main",
                " Service not installed or not running",
                ".exe",
                ".exe File found.",
                " /installservice ",
                " Service Installed",
                " Service unable to install.",
                ".exe File not found.",
                "fncChkStpService",
                "Stopping Service",
                "Service Already stopped",
                "lResult REG_SZ",
                "RegUpdQueryStringValue",
                "lResult REG_BINARY",
                "Value not found",
                "fncGetUpdComputerName",
                "GetCompName",
                "Software\\Microsoft\\Windows\\CurrentVersion\\Policies\\System",
                "DisableRegistryTools",
                "IsRegistryEditable",
                "SetRegDwordValue",
                "Modifying Registry Values",
                "SetRegDwordValue64",
                "UPDATED REGISTRY VALUE",
                "REGISTRY VALUE ALREADY UPDATED ",
                "REGISTRY VALUE IS CORRUPTED",
                "REGISTRY VALUE TURNED OFF ",
                "lResult",
                "SetRegDwordValue: Key Not Found, ",
                "Successfully modified Registry Values",
                "Modifying Registry - ",
                "SetRegDwordValue64: Key Not Found, ",
                "SAAZDefaultExe.ini",
                "loadXML",
                "CheckFileMD5.ini",
                "SAAZDefaultExe",
                "<schstatus>",
                "</schstatus>",
                "<filename>",
                "</filename>",
                "fncCreateSaazDefaultExeXml",
                "CheckSum matched for SAAZDefaultExe.ini",
                "ApplicationName",
                "Description",
                "No need to webpost the SAAZDefaultExe information.",
                "CheckSum mis-match for SAAZDefaultExe.ini",
                "Need to webpost the SAAZDefaultExe information.",
                "Settings",
                "ProcessCount",
                "<processcount>",
                "</processcount>",
                "<schdet>",
                "settings",
                "ProcessName",
                "Parameter",
                "WorkingDir",
                "Days",
                "MinAge",
                "ExpectedTime",
                "Display",
                "<process>",
                "<applicationname>",
                "</applicationname>",
                "<description>",
                "</description>",
                "<processname>",
                "</processname>",
                "<parameter>",
                "</parameter>",
                "<workingdir>",
                "</workingdir>",
                "<days>",
                "</days>",
                "<type>",
                "</type>",
                "<minage>",
                "</minage>",
                "<expectedtime>",
                "</expectedtime>",
                "<display>",
                "</display>",
                "</process>",
                "</schdet>",
                "MSXML2.DOMDocument",
                "wpagentschedules/processcount",
                "selectSingleNode",
                "Text",
                "wpagentschedules/schdet",
                "childNodes",
                "nodeName",
                "process",
                "applicationname",
                "description",
                "processname",
                "parameter",
                "workingdir",
                "days",
                "type",
                "minage",
                "expectedtime",
                "display",
                "fncReCreateSchedulerIni",
                "Unknown element found - ",
                "Process",
                "UpdateSaazDefaultExe",
                "CONFIGURATION",
                "SubSyncDefaultSAAZDefaulExe",
                "File not found",
                "SaazUpdates\\",
                "\\SAAZDefaultExe_Default.ini",
                "\\SAAZDefaultExe_LMI.ini",
                "SubSyncLMISAAZDefaulExe",
                "RenameSections",
                "MSG : Gettings Sections list from SAAZScheduler.ini",
                "Configuration\\SAAZScheduler.ini",
                "MSG : Sections list : ",
                "Tmp.ini",
                "</regid>",
                "MSG : Renumbering section names in SAAZScheduler.ini",
                "MSG : Writing SAAZScheduler.ini data to tmp.ini",
                "MSG : Renaming Section : ",
                " To ",
                "\\tmp.Ini",
                "Configuration\\SAAZScheduler.Ini",
                "ERR : ",
                "SAAZDefaultExe.Ini",
                ") in procedure RenameSections of Module ModMain",
                "RenameDefaultSections",
                "MSG : Gettings Sections list from SAAZDefaultExe.ini",
                "MSG : Renumbering section names in SAAZDefaultExe.ini",
                "MSG : Writing SAAZDefaultExe.ini data to tmp.ini",
                ") in procedure RenameDefaultSections of Module ModMain",
                "SaazMobile.ini",
                "SubCreateNewSaazMobileIni",
                "SaazMobile.ini already exists",
                "SaazMobile.ini seems to be corrupt",
                "SaazMobile.ini not found",
                "DataPSite",
                "4:05",
                "Start updating SaazMobile.ini...",
                "CONTROLLER_INFO",
                "VersionNumber",
                "20060815",
                "Software\\Saazod",
                "MemberId",
                "SiteId",
                "Section Created : CONTROLLER_INFO",
                "MSMA",
                "https://dpmawp.itsupport247.net",
                "JobSSiteUser",
                "JobSSitePwd",
                "https://webpost.itsupport247.net",
                "DCConnURL",
                "ControllerPSite",
                "ControllerPSiteUser",
                "ControllerPSitePwd",
                "ControllerSSite",
                "ControllerSSiteUser",
                "ControllerSSitePwd",
                "JobPSite",
                "JobPSiteUser",
                "JobPSitePwd",
                "JobSSite",
                "DataPSiteUser",
                "DataPSitePwd",
                "DataSSite",
                "DataSSiteUser",
                "DataSSitePwd",
                "Exe2Fire",
                "Exe1",
                "SAAZJobDownload.exe",
                "Exe1TO",
                "Exe1PM",
                "Exe2",
                "SAAZDefaultjobExe.exe",
                "Exe2TO",
                "Exe2PM",
                "Exe6TO",
                "Exe6PM",
                "BaseComponents\\AVUpd\\zAVUpd.exe",
                "ZWbPe.exe",
                "Exe3",
                "SAAZDefaultJobExe.exe",
                "Exe3TO",
                "Exe3PM",
                "Exe4",
                "zSmart.exe",
                "Exe4TO",
                "Exe4PM",
                "smartcheck",
                "Exe5",
                "Exe5TO",
                "Exe5PM",
                "Exe6",
                "zTUEXEC.exe",
                "Section Created : DCConnURL",
                "SAAZFolders",
                "INIFolder",
                "\\INI",
                "ExecutableFolder",
                "\\Executables",
                "OutputFolder",
                "\\Status",
                "UploadFolder",
                "\\PMStatus",
                "DownloadFolder",
                "\\Download",
                "RINIFolder",
                "\\RINI",
                "RExecutableFolder",
                "\\RExecutables",
                "Section Created : SAAZFolders",
                "MACHINE_INFO",
                "MachineName",
                "GUID",
                "RegisterID",
                "MachineStatus",
                "SelectRoute",
                "RegId",
                "DCRegId",
                "IamLive",
                "AgentType",
                "TokenEnable",
                "TPort",
                "ProxyPort",
                "4:00",
                "Section Created : MACHINE_INFO",
                "Uninstall",
                "ExeName",
                "Uninstall.exe",
                "Section Created : Uninstall",
                "SaazUpdates",
                "DownLoadSite",
                "http://update.itsupport247.net",
                "Section Created : SaazUpdates",
                "ProxySettings",
                "ProxyIP",
                "ProxyUserName",
                "ProxyPassword",
                "Section Created : ProxySettings",
                "Finished writing SaazMobile.ini.",
                ") in procedure SubCreateNewSaazMobileIni of Module modMain in Line No. ",
                "SAAZMobile.ini",
                "SubGetComputerName",
                "Startup Type of ",
                "Could not get computer name.",
                "SubUpdateIniKeyValue",
                "1000",
                "http",
                "https",
                "Invalid Download URL : ",
                "DownloadURL_File",
                "Downloading Using API from URL : ",
                "Successfully downloaded to ",
                "Failed to download to ",
                "Error Code :",
                "Error :",
                "GetFileFromPath",
                "ServiceAutoStart",
                "MSG: ",
                "zAsset.exe",
                " changed to Automatic",
                " changed to Disabled",
                "Cannot Open Service ",
                "Failed to Change Startup Type of ",
                " to Automatic",
                " to Disabled",
                "Cannot Open Service Manager",
                "ERR: ",
                "startComputerService",
                " started sucessfully",
                " failed to start",
                "Failed to start to open Service Manager",
                "stopService",
                "MSG:",
                " stopped successfully",
                " cannot open",
                "Cannot open Service Manager",
                "SOFTWARE\\SAAZOD",
                "InstallationPath",
                "HH:MM",
                "Configuration\\zScriptDNS.ini",
                "SAAZScheduler",
                "fncCreateSaazSchedulerXml",
                "CheckSum matched for SAAZScheduler.ini",
                "</executablename>",
                "<starttime>",
                "No need to webpost the SAAZScheduler information.",
                "CheckSum mis-match for SAAZScheduler.ini",
                "Need to webpost the SAAZScheduler information.",
                "ExecutableName",
                "StartTime",
                "EndTime",
                "Interval",
                "WeekDays",
                "<executablename>",
                "</starttime>",
                "<endtime>",
                "</endtime>",
                "<interval>",
                "</interval>",
                "<weekdays>",
                "</weekdays>",
                "executablename",
                "starttime",
                "endtime",
                "interval",
                "weekdays",
                "fncReCreateSAAZSchedulerIni",
                "UpdateSaazScheduler",
                "0,1,2,3,4,5,6",
                "00:30",
                "00:35",
                "12:30",
                "12:35",
                "23:58",
                "zAVUpd.exe",
                "00:02",
                "zCMTemplate.exe",
                "22:00",
                "AgtHealthChk.exe",
                "00:01",
                "23:59",
                "zRealTime\\zRMMupdate.exe",
                "zSysUptime.exe",
                "00:05",
                "23:55",
                "UserOptIn.exe",
                "zCMon\\ZConEvtAnalysis.exe",
                "SubUpdtNewSchdle",
                "SAAZScheduler.ini",
                "SubSyncDefaultSAAZSchedule",
                "</regtype></wplminmboptinstatus>",
                "SubSyncLMISAAZSchedule",
                "MemberID",
                "zAsset.exe,zTUEXEC.exe,zAVUpd.exe,zCMTemplate.exe,zRealTime\\zRMMupdate.exe,zSysUptime.exe,AgtHealthChk.exe",
                "\\SAAZScheduler_Default.ini",
                "<wplminmboptinstatus><infotype>",
                "</infotype><regid>",
                "</regid><regtype>",
                " Member ID :",
                "LMI opted-in for the Resource",
                "\\SAAZScheduler_LMI.ini",
                "LMI not opted-in/ Failed to retrive status ",
                "Malware Bytes opted-in for the resource",
                "SubSyncMalwareSAAZSchedule",
                "\\SAAZScheduler_Malware.ini",
                " Section found for Exe ",
                "Malware Bytes not opted-in/ Failed to retrive status ",
                "BaseComponents\\PatchManagement\\ZPMGmt.exe",
                "1,3,5",
                "02:30",
                "03:00",
                "BaseComponents\\PatchManagement\\zPMAMgmt.exe",
                "03:30",
                "DeleteUpdateSaazScheduler",
                "Renaming Section ",
                " parameter found for Exe ",
                " Duplicate key found ",
                "23:29",
                "DeleteSection",
                "Deleting section ",
                " from ",
                "Gettings Sections list from SAAZScheduler.ini",
                "Sections list : ",
                "Renumbering section names in SAAZScheduler.ini",
                "ApplicationLog",
                "RegID",
                ".log",
                "DPMA",
                " Invalid RegType: ",
                "*************************************************************************************",
                " Application started",
                " SAAZ installation path : ",
                " RegId : ",
                " RegId not found",
                "SiteID",
                " SiteId : ",
                " SiteID not found",
                " Agent Type :",
                " MemberID not found",
                "AGTVERIFY",
                "Verifying AgtHealthChk Binary...",
                "AGTHLTHCHK",
                "SAAZDPMACTL",
                "SAAZMSMACTL",
                ".zip",
                "\\*.*",
                "http://webpost.itsupport247.net/tfr_wplminmboptinstatus.asp?mmid=",
                "&sid=",
                "&rid=",
                "&rty=",
                "&ec=0",
                "fncGetOptInfo",
                "Webpost return status - ",
                "Webpost Failed.",
                "saazscheduler",
                "saazdefaultexe",
                "https://webpost.itsupport247.net/tfr_wpagentschedules.asp?mmid=",
                "<error>",
                "fncGetSchInfo",
                "Webpost Failed with error - ",
                "<regid>",
                "<mndttime>",
                "</mndttime>",
                "</wpagentschedules>",
                "Need to re-create SAAZScheduler.ini",
                "Going to re-create SAAZScheduler.ini",
                "SAAZScheduler.ini Re-Created Successfully.",
                " service started successfully.",
                " service failed to start.",
                "SAAZScheduler.ini Re-Creation Failed.",
                "Going to download default SAAZScheduler.ini",
                "Default SAAZScheduler.ini downloaded Successfully.",
                "Default SAAZScheduler.ini download Failed.",
                "No need to re-create SAAZScheduler.ini",
                "Need to re-create SAAZDefaultExe.ini",
                "Going to re-create SAAZDefaultExe.ini",
                "SAAZDefaultExe.ini Re-Created Successfully.",
                "SAAZDefaultExe.ini Re-Creation Failed.",
                "Going to download default SAAZDefaultExe.ini",
                "Default SAAZDefaultExe.ini downloaded Successfully.",
                "Default SAAZDefaultExe.ini download Failed.",
                "No need to re-create SAAZDefaultExe.ini",
                "SubReCreateIniFiles",
                "DisplayVersion",
                "ZipTemp",
                "SAAZScheduler_",
                ".ini",
                "SAAZDefaultExe_",
                "http://update2.itsupport247.net/AGTU/AgentIni/",
                "http://update.itsupport247.net/AGTU/AgentIni/",
                "fncDownloadIni",
                " file not found.",
                " folder not found.",
                " file already exists.",
                " download failed.",
                "SAAZScheduler_Default.ini",
                "SAAZDefaultExe_Default.ini",
                "File found.",
                "File not found.",
                "ChkAgtHealthChkPresence",
                "Check for AgtHealthChk Presence",
                "AgtHealthChk.zip",
                "http://update2.itsupport247.net/AGTU/AgtHealthChk/",
                "ZGnMD5.dll",
                "http://update.itsupport247.net/AGTU/AgtHealthChk/",
                " AgtHealthChk available on the system.",
                "SubDwnldAgtToVerify",
                "ChkAgtzGNMD5",
                "Check for ZGNMD5.dll ",
                "BaseComponents\\PatchManagement\\ZGnMD5.dll",
                "ZGNMD5.dll not available",
                "ZGNMD5.dll file updated successfully.",
                "ZGNMD5.dll not found on source path.",
                "74D61D6CD0A86D1DE41DFE72585CEB79",
                "B44886BFB99E376B1C801982F25F61F7",
                "82E3E2C738331A0B0ACC81B849D14BEC",
                "D8E353910CF8EA5EB0513B5CF7438807",
                "VS_VERSION_INFO",
                "VarFileInfo",
                "Translation",
                "StringFileInfo",
                "040904B0",
                "CompanyName",
                "Continuum Managed Services LLC.",
                "FileDescription",
                "Sends the Agent Schedule details to DC and re-creates Agent Schedule if missing",
                "ProductName",
                "ITSupport247",
                "FileVersion",
                "1.00.0017",
                "ProductVersion",
                "InternalName",
                "OriginalFilename",
                "ChkScheduler.exe",
                "<<<Obsolete>>"
            ]
        }
    ]
}