{
    "malware_data": [
        {
            "filename": "123af47f65da365781dfbd0c5c2fef798c13c813d8b065faec991c841c407c46.dll",
            "filetype": "4D5A5000",
            "filesize": "91KB",
            "hash_sha256": "123af47f65da365781dfbd0c5c2fef798c13c813d8b065faec991c841c407c46",
            "strings": [
                "This program must be run under Win32",
                ".text",
                ".itext",
                ".data",
                ".bss",
                ".idata",
                ".edata",
                ".rdata",
                ".reloc",
                ".rsrc",
                ".aspack",
                ".adata",
                "ij[bh",
                "xW_~",
                "'ZkT=",
                "qaf%",
                "[Y^@",
                "BYqv",
                "t-Vv",
                "I^ES",
                ";-WD",
                "<GQ6",
                "@ :N",
                "<NS[",
                "?IqmoMa",
                "(e$UB",
                "k}}S3",
                "-az[",
                "X;(h",
                "vjtp",
                "-i\\l",
                "jb;4\\i",
                "r4-qfW!$",
                "n#ru",
                "}BR<",
                "[jJl7",
                ">Z.|Y",
                "9\\\"Z",
                "/{A=",
                "8t.J",
                "k>-c",
                "Acip",
                " *wG",
                "tM{S",
                "A+Dn8",
                "&.O%",
                "?[w.",
                "j1v.",
                "%(X%",
                "<N\\8",
                "nr2$",
                "~$Z4",
                "[Oh~",
                "(|i?t",
                "e./z",
                "9iAX",
                "\"vi/kAg(De",
                "#Y _",
                "C|RU",
                "oVyF",
                "roEP#",
                "g_ua",
                "]8>D",
                "^U}o?",
                "tjP.",
                "Bj+b",
                "+KSv~ik",
                "7~-. ",
                "q+U,",
                "epxZ",
                "<[b9",
                "nz/v",
                "B+m2",
                " {X-",
                "sg]b",
                "M=S6",
                "_0gj}5",
                "r]vL",
                "|zIz",
                "tq]l6",
                "]sg7",
                "xp75",
                "I$|!",
                "0?oQ",
                "NiZW",
                "vlX*K",
                "4ze=&",
                "2 2 ",
                "s{*JH",
                "3<Jr",
                "?xCY",
                "}shV",
                "0ed=%",
                "syVr%",
                "Jb.\"",
                "):Sd$",
                "3e1)",
                "3(v`t",
                "\"O{gbR5",
                "^Pkf",
                "9Iq}i",
                "c5ON",
                "-~=k",
                "AWa&",
                "Nq/q",
                "iC>*",
                "y~w*v",
                "t(JM~",
                "G~-Z",
                "XF2~",
                "DGHm",
                "uiQ$",
                "]i~4a",
                "&2+ ",
                "H3.=P",
                "VY)w",
                "tat9",
                "/'dv",
                "8f~8",
                "5A'G",
                "K{/X7",
                "VwnD",
                "> 9ps ",
                "|YspP",
                " nrD",
                "[/OV",
                "CotJ",
                "/O/O/O/O/O",
                "U9!)",
                "| |P\\A",
                "#m\\ye",
                "^OJZ-",
                "<ETk",
                "y+qB",
                "'&-[",
                "9huHuN",
                "Tv_~K",
                "iZXaS",
                "ueP~",
                "dkk$`",
                ";TP`",
                "c3-]G",
                "46gOm",
                "1`hGWS9Fs",
                "sE6}->",
                "kj1(_y?/",
                "TW9B",
                "Q.G|/+",
                "ywb!",
                "Ar?3",
                "~\"98",
                ";<E}",
                "&P0C",
                "An=$",
                ".bNZH",
                "YTMD",
                "RV>(",
                "NWL]",
                "!fFa",
                "sBIB",
                "50.NGF",
                "k4cr",
                "{r{N",
                "c-'Wn",
                "eXj(r",
                "pENX",
                "eu&0",
                "3g'1",
                "e.Rt",
                "A|0u",
                "^EOF",
                "e#S&",
                "XBl#",
                "=[Qn ",
                "Q<a$R",
                "niM1",
                "E1Gdv!qI%",
                "Sq#(",
                ";v)&\"",
                "-F>0",
                "(&/j.",
                "&beg/Ef",
                "W/,dq<",
                "+C[@-u",
                "ek|<",
                "|=UW|",
                "|(V=",
                "?olM",
                "T5R~",
                "HU%O",
                " 53T`",
                "CYh:",
                "\\%=T",
                "n8)]",
                "}Q*zfC",
                "\"VzSM",
                "(,ex(",
                "{,gT\"!i\"",
                "dJed|",
                "<c\\r#",
                "m=/z{",
                "`HL%[",
                "$WjI",
                "Hb36B",
                "`c56i~",
                "YnyA",
                "S*_<*",
                "=l/;",
                "'4/M",
                ">g; 7",
                "ykdk",
                "_]B4",
                "::lh",
                "x@5V}",
                "b@<k",
                "r0-;",
                "ia;]<.",
                "k)SD}|P",
                "zx~T",
                "th;8",
                "A9W$",
                "B Y%",
                "OMz~",
                "QD5[1",
                ":|iV",
                ".rm\"9",
                "`t7q",
                "YTyQ",
                "I:$H2",
                "}jlG",
                "srI`",
                "DgIy^j5",
                ";ESc",
                "3V`@7",
                "i=,M",
                "Njq~U",
                "ebr~",
                "XhZ/",
                "UnOF",
                "%S@;",
                "&>MY",
                "bmW45",
                ",)hU",
                "d\\=?",
                "+\"{'p",
                "wNOM4",
                ">C5ez",
                "~$OhL;",
                ">JZko",
                "9Gw,",
                "xvyy",
                "(Iy5",
                "IV:Q",
                "]5/Z)M",
                "popopopopoppq",
                ">h* ",
                "/jveu",
                "k OKH",
                "Z#xG",
                "x[yr",
                "npopopopopoq",
                "%B,eB",
                "1@u`T",
                "{gYZ@",
                "ZVEl",
                ")9'j",
                "k>Xi",
                "{!Io&7",
                "=hmj",
                "6s*HmE",
                "iQAG",
                "Zm(y",
                "Q)+F",
                "<H+qI~),",
                "3>\\5I",
                "7C{|",
                ",2Xl",
                "|6|*@ef",
                "d%L)",
                "%&We",
                "0`qf",
                "11/.",
                " zG4",
                "66Z{;",
                "[l2 p=",
                "\"~Ud",
                "b055",
                "B|%m6",
                "BMc*",
                "-$_n,",
                "FNstm",
                "RKkP",
                "! %1U",
                "`o[w4",
                "(Yqe",
                "W55Gy",
                ".z_x",
                "qj-n",
                "@E\"$",
                "77[}r",
                "'%qL",
                "HN-D",
                "e++r\"+|",
                "$4}jaC",
                "RC/FnO",
                " ydM",
                "<uqg",
                "_Uu[",
                ".IuD!]",
                "5^TT*M",
                "c|)-",
                "L,M&ek",
                "b0@+",
                "y\"Rwf",
                "b#Jl",
                "NmB$",
                ":@PIAn",
                "P%QUlV*",
                "oBHy",
                "c(>7ww",
                "*CoC",
                "3^-O",
                "^)KA",
                "LVCTa.",
                "'M:\"",
                "\\#Qqf",
                "3xB{O",
                "8Iof",
                "Vv#y",
                "1#9J",
                "jmK4r\\",
                "n1^E",
                "rrsq",
                "NNnuqz",
                "e(#u",
                "}6V-",
                "p>7 ",
                "*Fwa",
                ",yc3",
                "&Z]S",
                "V@YN}",
                "L~09",
                "xyU@",
                "3t[V/j",
                "%|Ml",
                "\"eOy$",
                "3vTZ",
                "uKXtzx6",
                "#&9)",
                "W6^[",
                "# .d",
                ";P<x",
                "G=4o1",
                "*)%y",
                "]IgX",
                "[)oi",
                "FPHYx",
                "=&G}",
                "_8lG8",
                "D5GQ",
                "YJ9q",
                "}$,W",
                "i0*;WB4",
                "},#me",
                "KHJU",
                "xw;d",
                "$'sO",
                "C)mF",
                "p`>9",
                "zl!m",
                "[PG\"\"",
                ":s* vO",
                "}*1To",
                "Tq!\\tT",
                "b+FI",
                "4b6I",
                "t \"H",
                "gX`#Eek",
                "Wo%(D",
                "a 2U",
                "NtZ4",
                "bYUI",
                "hr]b",
                "=qJ@",
                "PsK`",
                "!vL-",
                "V+\",",
                "'GLZv",
                "u-NN",
                "7/,IFt5",
                "/.=`s",
                "\"2OO",
                "TvA^>",
                "Kj;v",
                "b$Bp",
                "N\\KH=VU",
                "jYCW",
                "U0o,",
                "*UI83",
                "%T|l4&",
                "lj7M",
                "&_zL9",
                "R=^2",
                "\\JG2",
                "*w+H",
                "*Z^2<",
                "#<]u",
                "dCHn",
                "rAA~",
                "ntE>",
                "p`lUf@",
                "i~;2JN",
                ")L~$",
                "4R)_",
                "Uv<i",
                "m.ol",
                "\"{4}",
                "t)ZTB",
                "Y|WY!~",
                "8Xct^",
                "; ,^^@",
                "w{vN",
                "xtImk",
                "S{TO",
                "HqGA",
                "jvl3",
                "R9XOT",
                "Z4g;b",
                "OVU=7",
                "y1_R",
                "8'Uv",
                "xVQU4u7v",
                ":v6Wu]",
                "',n$",
                "'LRM",
                "a/kA",
                "FzvK",
                "~t(.JK",
                "Z1NE",
                "}_OY",
                "0TV0'AP",
                ".i1+",
                "/bmJ",
                "PW2`Fq<",
                "H60O",
                "PWU:2B=$",
                "@o0x",
                "4tP~",
                ":&Hu",
                "K+S|w",
                "C>9t",
                "B.M|",
                "PsxlZ",
                "TjW*",
                "t^%T",
                "+cmJ",
                "GL$`",
                "E>|s",
                "C6e4$",
                "B:7D",
                "7|-k",
                "\\3+l",
                "e$'yk",
                "wAAY",
                "+Oaj",
                "@`$D",
                "^@;x#",
                "ohSH",
                "~8wZ|=b",
                "<[?(",
                "u+[<_",
                "%)@9*",
                "@\\5ep",
                " WcdA",
                "$pcdL*",
                "E&AW",
                "|HEg",
                "x@z6",
                "},BWk",
                "q%&2z",
                "pc{>{}",
                "13S8 ",
                "AfU3z",
                "_htP",
                "fEkN",
                "zRA+",
                "]#)f<",
                "zQqg",
                "4qb|",
                "lj A44",
                "gR:9",
                "Rn3{w=",
                "Zp8=n",
                "<0$s,",
                "~b8]4",
                "hr7E",
                " 2@;h",
                "L]Bc",
                "U7-;",
                "p=g'",
                "}dI[",
                "VCxHh",
                ".l-z",
                "f _c",
                "Vn_o(ha4",
                "Tvz]af",
                "7+TYG",
                "vn|P",
                "58sNy{",
                "]vij",
                "{iBK",
                "j<!Q",
                "{xFj6GO",
                "}@x7",
                ":T%M",
                "_T}JA",
                "q_fq",
                "\\f*O",
                "J;b<9",
                "C2Tk8",
                "O@_L\"",
                "4 #p",
                "a'MyQ",
                "=@,R",
                ")8w ",
                "q{VZ=",
                "0XQ7",
                "*Kn>",
                ">Lhs",
                ":Gg9Z-",
                "9=Q{@",
                "I(79$",
                "(glG`,7",
                "&=,\"2z=",
                "ua'&",
                " $ll",
                "N:.H",
                "%33a",
                "dIW)",
                "=#}7",
                "3p3YH#",
                "CH&y",
                "N`?@w",
                "GQbT(3",
                "7>6)E",
                "GcSS",
                "rCJ-",
                "eckX",
                "b:?Lc",
                "L3HVb",
                "({OO",
                ",)@b",
                "RQho",
                "1KXX",
                ">\"NlzF",
                "-8(]",
                "g2\"S",
                "_$K>",
                "}vGqK",
                "~:6r",
                "ne8p",
                "F?Yf1",
                "\"Q.E",
                ")'DQg\\",
                ".a(K",
                " !\"#$%&'",
                "\"*2:BJRZc",
                "#+3;CKS[cks{",
                "(&@:",
                "|?XA",
                "AQaa",
                "sSD_",
                "UrA1[Q'P&n3",
                "Ymmdcn,",
                "!j~9",
                "uCI3",
                "c\\AX",
                ";7q)",
                "'?_!_",
                "d&k#",
                "lvbem]>",
                "c6\"]cG",
                "=E2n",
                "reCw",
                "a.{+b/",
                "Fv$y5X",
                "5\\3Q",
                "jCRJ8",
                "X9NaRg",
                "wKBt",
                "Z^DRG",
                ">z9z",
                "hLDnq",
                "E_N_",
                "^EGo",
                "j4jsD",
                "03m$k:",
                "jZ&Rj=G",
                "a'JU)",
                "I^Kl",
                "3MhC",
                "eS]'(+M",
                "RQ)DrD",
                "J;<x",
                "Y!)Y",
                "&@CG",
                "`$JH",
                "FC%T>Mh",
                "QJD<",
                "oLbL",
                "}3nI",
                "^g@^jL",
                "f_RY$!P",
                "vI\"Q",
                "y;a:",
                "-crK2",
                ":rS_",
                "i41'R",
                "*d/j",
                "' o}",
                "[S9R|&",
                "_cHF?&",
                "m)e\\",
                ",L!$W.J",
                "5]v,k{=",
                "pPr\\",
                "CnH&",
                "~:]R",
                "P$=d}v^",
                "b{8jF3",
                ">Dd]",
                "^e#k",
                "+&n4]*",
                "sdo$",
                "@L$n+C",
                "nob(",
                "7~sd",
                "3cw3TF",
                "uP<G",
                "_1=AEK",
                "VWXY",
                "C3*!",
                "H%)J&",
                "w'D#",
                "H$'E ",
                "BYY#",
                "ciJ\"B",
                "\"[;I",
                ">00!",
                "@Xqg,",
                "~G}%i",
                "  /!",
                "82gm/",
                "[t]#i",
                "c1{a",
                "!Z#V",
                "Ce_dK",
                "W} =V",
                "z.xE",
                "\"}.?",
                "q^j]",
                "SMVl",
                "I0}[WD62 {4E",
                "2mZc",
                "D^+ ",
                ")i^l_",
                "hL[]q",
                "d'Sg",
                "Z($Z",
                "/;?!Yns",
                "kzPE",
                "j-i[>",
                "U3F7",
                "lz9f",
                "Q@obPJ",
                "29kG",
                "@ce}f",
                "Wf})n#4",
                "6|QC*",
                "{er?3>j",
                "[yoK+",
                "b1$S<*",
                "iwN#",
                ">x&QT",
                "PxBd",
                "3~fJ?",
                "r,sOlc5",
                "madBasic_.bpl",
                "@$xp$12Madtools@TOS",
                "@$xp$14Madbasic@IList",
                "@$xp$15Madbasic@IBasic",
                "@$xp$15Madbasic@TIList",
                "@$xp$15Madtypes@TSByte",
                "@$xp$15Madtypes@TSChar",
                "@$xp$16Madbasic@TIBasic",
                "@$xp$16Madtools@TOsEnum",
                "@$xp$16Madtypes@TDAByte",
                "@$xp$16Madtypes@TDAChar",
                "@$xp$16Madtypes@TDAWord",
                "@$xp$17Madbasic@TDABasic",
                "@$xp$17Madtypes@TAString",
                "@$xp$17Madtypes@TDAInt64",
                "@$xp$17Madtypes@TExtBool",
                "@$xp$18Madtypes@TDAString",
                "@$xp$18Madtypes@TSBoolean",
                "@$xp$18Madtypes@TSExtBool",
                "@$xp$19Madlists@IBasicList",
                "@$xp$19Madtypes@TAIUnknown",
                "@$xp$19Madtypes@TDABoolean",
                "@$xp$19Madtypes@TDAExtBool",
                "@$xp$19Madtypes@TDAInteger",
                "@$xp$19Madtypes@TDAPointer",
                "@$xp$20Madbasic@TChangeType",
                "@$xp$20Madbasic@_TIBasic@_1",
                "@$xp$20Madtypes@TDAAnsiChar",
                "@$xp$20Madtypes@TDACardinal",
                "@$xp$20Madtypes@TDAIUnknown",
                "@$xp$20Madtypes@TDAShortInt",
                "@$xp$20Madtypes@TDASmallInt",
                "@$xp$20Madtypes@TDAWideChar",
                "@$xp$21Madlists@IPointerList",
                "@$xp$21Madtypes@MadException",
                "@$xp$21Madtypes@TAAnsiString",
                "@$xp$21Madtypes@TAWideString",
                "@$xp$22Madtools@TMsgHandlerOO",
                "@$xp$22Madtypes@TDAAnsiString",
                "@$xp$22Madtypes@TDAWideString",
                "@$xp$23Madlists@IInterfaceList",
                "@$xp$24Madgraphics@TGrayPercent",
                "@$xp$24Madtypes@TAUnicodeString",
                "@$xp$25Madbasic@ICriticalSection",
                "@$xp$25Madbasic@ICustomBasicList",
                "@$xp$25Madtypes@TDAUnicodeString",
                "@$xp$26Madbasic@TICustomBasicList",
                "@$xp$27Madbasic@TDataDestroyProcOO",
                "@$xp$27Madgraphics@TStretchQuality",
                "@$xp$28Madbasic@IBasicListSelection",
                "@$xp$28Madbasic@TIListChangeEventOO",
                "@$xp$29Madbasic@TIBasicListSelection",
                "@$xp$30Madbasic@_TICustomBasicList@_1",
                "@$xp$30Madbasic@_TICustomBasicList@_2",
                "@$xp$30Madbasic@_TICustomBasicList@_3",
                "@$xp$30Madbasic@_TICustomBasicList@_4",
                "@GetPackageInfoTable",
                "@Madbasic@CErrorStr_AmInvalid",
                "@Madbasic@CErrorStr_IndexOutOfRange",
                "@Madbasic@CErrorStr_InvalidClass",
                "@Madbasic@CErrorStr_InvalidIndex",
                "@Madbasic@CErrorStr_SectionBlocked",
                "@Madbasic@CErrorStr_SectionLeaveError",
                "@Madbasic@CErrorStr_Unknown",
                "@Madbasic@Finalization$qqrv",
                "@Madbasic@NewCriticalSection$qqrv",
                "@Madbasic@TIBasic@",
                "@Madbasic@TIBasic@$bctr$qqroui27System@%AnsiStringT$us$i0$%",
                "@Madbasic@TIBasic@$bdtr$qqrv",
                "@Madbasic@TIBasic@AddParent$qqrp26Madbasic@TICustomBasicList",
                "@Madbasic@TIBasic@AfterConstruction$qqrv",
                "@Madbasic@TIBasic@BeforeDestruction$qqrv",
                "@Madbasic@TIBasic@CheckValid$qqrv",
                "@Madbasic@TIBasic@DelParent$qqrp26Madbasic@TICustomBasicList",
                "@Madbasic@TIBasic@GetChecked$qqrx53System@%DelphiInterface$t25Madbasic@ICustomBasicList%",
                "@Madbasic@TIBasic@GetData$qqrv",
                "@Madbasic@TIBasic@GetFocused$qqrx53System@%DelphiInterface$t25Madbasic@ICustomBasicList%",
                "@Madbasic@TIBasic@GetIndex$qqrx53System@%DelphiInterface$t25Madbasic@ICustomBasicList%",
                "@Madbasic@TIBasic@GetLastChangeType$qqrx53System@%DelphiInterface$t25Madbasic@ICustomBasicList%",
                "@Madbasic@TIBasic@GetLastErrorNo$qqrv",
                "@Madbasic@TIBasic@GetLastErrorStr$qqrv",
                "@Madbasic@TIBasic@GetOldIndex$qqrx53System@%DelphiInterface$t25Madbasic@ICustomBasicList%",
                "@Madbasic@TIBasic@GetSelected$qqrx53System@%DelphiInterface$t25Madbasic@ICustomBasicList%",
                "@Madbasic@TIBasic@GetStrBuf$qqrv",
                "@Madbasic@TIBasic@IsValid$qqrv",
                "@Madbasic@TIBasic@NewInstance$qqrv",
                "@Madbasic@TIBasic@QueryInterface$qqsrx5_GUIDpv",
                "@Madbasic@TIBasic@SelfAsTObject$qqrv",
                "@Madbasic@TIBasic@SetChecked$qqrx53System@%DelphiInterface$t25Madbasic@ICustomBasicList%17Madtypes@TExtBool",
                "@Madbasic@TIBasic@SetData$qqrpv",
                "@Madbasic@TIBasic@SetData$qqrpvpqqrrpv$v",
                "@Madbasic@TIBasic@SetData$qqrpvynpqqrrpv$v",
                "@Madbasic@TIBasic@SetFocused$qqrx53System@%DelphiInterface$t25Madbasic@ICustomBasicList%o",
                "@Madbasic@TIBasic@SetLastChangeType$qqrx53System@%DelphiInterface$t25Madbasic@ICustomBasicList%20Madbasic@TChangeType",
                "@Madbasic@TIBasic@SetLastError$qqrui27System@%AnsiStringT$us$i0$%",
                "@Madbasic@TIBasic@SetLastErrorNo$qqrui",
                "@Madbasic@TIBasic@SetLastErrorStr$qqr27System@%AnsiStringT$us$i0$%",
                "@Madbasic@TIBasic@SetSelected$qqrx53System@%DelphiInterface$t25Madbasic@ICustomBasicList%o",
                "@Madbasic@TIBasic@SetStrBuf$qqr27System@%AnsiStringT$us$i0$%",
                "@Madbasic@TIBasic@Success$qqrv",
                "@Madbasic@TIBasic@Supports$qqrrx5_GUID",
                "@Madbasic@TIBasic@_AddRef$qqsv",
                "@Madbasic@TIBasic@_Release$qqsv",
                "@Madbasic@TIBasicListSelection@",
                "@Madbasic@TIBasicListSelection@$bctr$qqroui27System@%AnsiStringT$us$i0$%x53System@%DelphiInterface$t25Madbasic@ICustomBasicList%o",
                "@Madbasic@TIBasicListSelection@$bdtr$qqrv",
                "@Madbasic@TIBasicListSelection@GetParentList$qqrv",
                "@Madbasic@TIBasicListSelection@ParentListChanged$qqrx53System@%DelphiInterface$t25Madbasic@ICustomBasicList%x43System@%DelphiInterface$t15Madbasic@IBasic%o20Madbasic@TChangeTypeii",
                "@Madbasic@TICustomBasicList@",
                "@Madbasic@TICustomBasicList@$bdtr$qqrv",
                "@Madbasic@TICustomBasicList@AddItem$qqrx43System@%DelphiInterface$t15Madbasic@IBasic%",
                "@Madbasic@TICustomBasicList@AddItems$qqrpx43System@%DelphiInterface$t15Madbasic@IBasic%xi",
                "@Madbasic@TICustomBasicList@BasicItem$qqri",
                "@Madbasic@TICustomBasicList@BeginRefresh$qqrv",
                "@Madbasic@TICustomBasicList@Change$qqrx43System@%DelphiInterface$t15Madbasic@IBasic%o20Madbasic@TChangeTypeii",
                "@Madbasic@TICustomBasicList@DeleteItem$qqri",
                "@Madbasic@TICustomBasicList@EndRefresh$qqrv",
                "@Madbasic@TICustomBasicList@GetSortDown$qqrv",
                "@Madbasic@TICustomBasicList@GetSortInfo$qqrv",
                "@Madbasic@TICustomBasicList@GetSortParams$qqrrpqqrx42System@%DelphiInterface$t14Madbasic@IList%x43System@%DelphiInterface$t15Madbasic@IBasic%t2i$irori",
                "@Madbasic@TICustomBasicList@GetSortProc$qqrv",
                "@Madbasic@TICustomBasicList@InsertItem$qqrx43System@%DelphiInterface$t15Madbasic@IBasic%i",
                "@Madbasic@TICustomBasicList@Pack$qqrv",
                "@Madbasic@TICustomBasicList@RegisterChangeEvent$qqrpqqrx53System@%DelphiInterface$t25Madbasic@ICustomBasicList%x43System@%DelphiInterface$t15Madbasic@IBasic%o20Madbasic@TChangeTypeii$v",
                "@Madbasic@TICustomBasicList@RegisterChangeEvent$qqrynpqqrx53System@%DelphiInterface$t25Madbasic@ICustomBasicList%x43System@%DelphiInterface$t15Madbasic@IBasic%o20Madbasic@TChangeTypeii$v",
                "@Madbasic@TICustomBasicList@SetCapacity$qqri",
                "@Madbasic@TICustomBasicList@SetSortDown$qqro",
                "@Madbasic@TICustomBasicList@SetSortInfo$qqri",
                "@Madbasic@TICustomBasicList@SetSortParams$qqrpqqrx42System@%DelphiInterface$t14Madbasic@IList%x43System@%DelphiInterface$t15Madbasic@IBasic%t2i$ioi",
                "@Madbasic@TICustomBasicList@SetSortProc$qqrpqqrx42System@%DelphiInterface$t14Madbasic@IList%x43System@%DelphiInterface$t15Madbasic@IBasic%t2i$i",
                "@Madbasic@TICustomBasicList@SortItem$qqri",
                "@Madbasic@TICustomBasicList@UnregisterChangeEvent$qqrpqqrx53System@%DelphiInterface$t25Madbasic@ICustomBasicList%x43System@%DelphiInterface$t15Madbasic@IBasic%o20Madbasic@TChangeTypeii$v",
                "@Madbasic@TICustomBasicList@UnregisterChangeEvent$qqrynpqqrx53System@%DelphiInterface$t25Madbasic@ICustomBasicList%x43System@%DelphiInterface$t15Madbasic@IBasic%o20Madbasic@TChangeTypeii$v",
                "@Madbasic@TIList@",
                "@Madbasic@TIList@$bctr$qqroui27System@%AnsiStringT$us$i0$%",
                "@Madbasic@TIList@$bdtr$qqrv",
                "@Madbasic@TIList@Clear$qqrv",
                "@Madbasic@TIList@GetCapacity$qqrv",
                "@Madbasic@TIList@GetFocusedItem$qqrv",
                "@Madbasic@TIList@GetItemCount$qqrv",
                "@Madbasic@TIList@GetLastFocusedItem$qqrv",
                "@Madbasic@TIList@GetSelectedCount$qqrv",
                "@Madbasic@TIList@Grow$qqrv",
                "@Madbasic@TIList@Lock$qqrv",
                "@Madbasic@TIList@QuickSort$qqrpvt1iit1oi",
                "@Madbasic@TIList@SetLastFocusedItem$qqr43System@%DelphiInterface$t15Madbasic@IBasic%",
                "@Madbasic@TIList@Unlock$qqrv",
                "@Madbasic@initialization$qqrv",
                "@Madbasic_@@GetPackageInfoTable$qqrv",
                "@Madbasic_@@PackageLoad$qqrv",
                "@Madbasic_@@PackageUnload$qqrv",
                "@Madbasic_@initialization$qqrv",
                "@Madcrypt@Decode$qqr27System@%AnsiStringT$us$i0$%",
                "@Madcrypt@Decode$qqrpci",
                "@Madcrypt@Decrypt$qqrpvuix27System@%AnsiStringT$us$i0$%j",
                "@Madcrypt@Decrypt$qqrr27System@%AnsiStringT$us$i0$%x27System@%AnsiStringT$us$i0$%j",
                "@Madcrypt@Encode$qqr27System@%AnsiStringT$us$i0$%",
                "@Madcrypt@Encode$qqrpci",
                "@Madcrypt@Encrypt$qqrpvuix27System@%AnsiStringT$us$i0$%j",
                "@Madcrypt@Encrypt$qqrr27System@%AnsiStringT$us$i0$%x27System@%AnsiStringT$us$i0$%j",
                "@Madcrypt@Finalization$qqrv",
                "@Madcrypt@OldDecrypt$qqrpvui27System@%AnsiStringT$us$i0$%",
                "@Madcrypt@OldDecrypt$qqrr27System@%AnsiStringT$us$i0$%27System@%AnsiStringT$us$i0$%",
                "@Madcrypt@OldEncrypt$qqrpvui27System@%AnsiStringT$us$i0$%",
                "@Madcrypt@OldEncrypt$qqrr27System@%AnsiStringT$us$i0$%27System@%AnsiStringT$us$i0$%",
                "@Madcrypt@initialization$qqrv",
                "@Madgraphics@AlphaBlend$qqrp16Graphics@TBitmapt1t1ui",
                "@Madgraphics@AlphaBlend$qqrp16Graphics@TBitmapt1uit1ii",
                "@Madgraphics@Draw$qqrp16Graphics@TBitmapt1t1iiii24Madgraphics@TGrayPercentui27Madgraphics@TStretchQuality",
                "@Madgraphics@Draw$qqruiuip16Graphics@TBitmapiiii24Madgraphics@TGrayPercentui27Madgraphics@TStretchQuality",
                "@Madgraphics@Finalization$qqrv",
                "@Madgraphics@GrayScale$qqrp16Graphics@TBitmap24Madgraphics@TGrayPercent",
                "@Madgraphics@StretchBitmap$qqrp16Graphics@TBitmapt1ii27Madgraphics@TStretchQuality",
                "@Madgraphics@StretchBitmap$qqrp16Graphics@TBitmapt1t1t127Madgraphics@TStretchQuality",
                "@Madgraphics@initialization$qqrv",
                "@Madlists@Finalization$qqrv",
                "@Madlists@NewBasicList$qqrpx43System@%DelphiInterface$t15Madbasic@IBasic%xi",
                "@Madlists@NewBasicList$qqrv",
                "@Madlists@NewInterfaceList$qqrpx45System@%DelphiInterface$t17System@IInterface%xi",
                "@Madlists@NewInterfaceList$qqrv",
                "@Madlists@NewPointerList$qqrpxpvxipqqrrpv$v",
                "@Madlists@NewPointerList$qqrv",
                "@Madlists@initialization$qqrv",
                "@Madres@BeginUpdateResourceW$qqspbi",
                "@Madres@DeleteIconGroupResourceW$qqsuipbus",
                "@Madres@DontShrinkResourceSection",
                "@Madres@EndUpdateResourceW$qqsuii",
                "@Madres@Finalization$qqrv",
                "@Madres@GetIconGroupResourceW$qqsuipbusrp17Madres@TIconGroup",
                "@Madres@GetResourceW$qqsuipbt2usrpvrui",
                "@Madres@LoadBitmapResourceW$qqsuipbust2",
                "@Madres@LoadIconGroupResourceW$qqsuipbust2",
                "@Madres@SaveBitmapResourceW$qqsuipbust2",
                "@Madres@SaveIconGroupResourceW$qqsuipbust2",
                "@Madres@UpdateResourceW$qqsuipbt2uspvui",
                "@Madres@initialization$qqrv",
                "@Madstrings@AnsiToWideEx$qqrx27System@%AnsiStringT$us$i0$%o",
                "@Madstrings@BooleanToChar$qqro",
                "@Madstrings@CNtDll",
                "@Madstrings@CompareStr$qqrx20System@UnicodeStringt1",
                "@Madstrings@CompareStr$qqrx27System@%AnsiStringT$us$i0$%t1",
                "@Madstrings@CompareText$qqrx20System@UnicodeStringt1",
                "@Madstrings@CompareText$qqrx27System@%AnsiStringT$us$i0$%t1",
                "@Madstrings@CopyR$qqrx20System@UnicodeStringui",
                "@Madstrings@CopyR$qqrx27System@%AnsiStringT$us$i0$%ui",
                "@Madstrings@DecryptStr$qqrx27System@%AnsiStringT$us$i0$%",
                "@Madstrings@DeleteR$qqrr20System@UnicodeStringui",
                "@Madstrings@DeleteR$qqrr27System@%AnsiStringT$us$i0$%ui",
                "@Madstrings@ErrorCodeToStr$qqrui",
                "@Madstrings@FileMatch$qqrx20System@UnicodeStringt1",
                "@Madstrings@FileMatch$qqrx27System@%AnsiStringT$us$i0$%t1",
                "@Madstrings@FillStr$qqrx20System@UnicodeStringib",
                "@Madstrings@FillStr$qqrx27System@%AnsiStringT$us$i0$%ic",
                "@Madstrings@Finalization$qqrv",
                "@Madstrings@FormatSubStrs$qqrr20System@UnicodeStringc",
                "@Madstrings@FormatSubStrs$qqrr27System@%AnsiStringT$us$i0$%c",
                "@Madstrings@IntToHexEx$qqriic",
                "@Madstrings@IntToHexEx$qqrjic",
                "@Madstrings@IntToHexEx$qqruiic",
                "@Madstrings@IntToStrEx$qqriic",
                "@Madstrings@IntToStrEx$qqrjic",
                "@Madstrings@IntToStrEx$qqruiic",
                "@Madstrings@IsTextEqual$qqrx20System@UnicodeStringt1",
                "@Madstrings@IsTextEqual$qqrx27System@%AnsiStringT$us$i0$%t1",
                "@Madstrings@Keep$qqrr20System@UnicodeStringuiui",
                "@Madstrings@Keep$qqrr27System@%AnsiStringT$us$i0$%uiui",
                "@Madstrings@KeepR$qqrr20System@UnicodeStringui",
                "@Madstrings@KeepR$qqrr27System@%AnsiStringT$us$i0$%ui",
                "@Madstrings@KillChar$qqrr20System@UnicodeStringb",
                "@Madstrings@KillChar$qqrr27System@%AnsiStringT$us$i0$%c",
                "@Madstrings@KillChars$qqrr20System@UnicodeStringrx29System@%Set$tc$iuc$0$iuc$255%",
                "@Madstrings@KillChars$qqrr27System@%AnsiStringT$us$i0$%rx29System@%Set$tc$iuc$0$iuc$255%",
                "@Madstrings@KillStr$qqrr20System@UnicodeStringx20System@UnicodeString",
                "@Madstrings@KillStr$qqrr27System@%AnsiStringT$us$i0$%x27System@%AnsiStringT$us$i0$%",
                "@Madstrings@LowChar$qqrxb",
                "@Madstrings@LowChar$qqrxc",
                "@Madstrings@LowStr$qqrx20System@UnicodeString",
                "@Madstrings@LowStr$qqrx27System@%AnsiStringT$us$i0$%",
                "@Madstrings@MsToStr$qqrui",
                "@Madstrings@PosChars$qqrrx29System@%Set$tc$iuc$0$iuc$255%x20System@UnicodeStringuiui",
                "@Madstrings@PosChars$qqrrx29System@%Set$tc$iuc$0$iuc$255%x27System@%AnsiStringT$us$i0$%uiui",
                "@Madstrings@PosPChar$qqrpbt1uiuiouiui",
                "@Madstrings@PosPChar$qqrpct1uiuiouiui",
                "@Madstrings@PosStr$qqrx20System@UnicodeStringt1uiui",
                "@Madstrings@PosStr$qqrx27System@%AnsiStringT$us$i0$%t1uiui",
                "@Madstrings@PosStrIs1$qqrx20System@UnicodeStringt1",
                "@Madstrings@PosStrIs1$qqrx27System@%AnsiStringT$us$i0$%t1",
                "@Madstrings@PosText$qqrx20System@UnicodeStringt1uiui",
                "@Madstrings@PosText$qqrx27System@%AnsiStringT$us$i0$%t1uiui",
                "@Madstrings@PosTextIs1$qqrx20System@UnicodeStringt1",
                "@Madstrings@PosTextIs1$qqrx27System@%AnsiStringT$us$i0$%t1",
                "@Madstrings@ReplaceStr$qqrr20System@UnicodeStringx20System@UnicodeStringt2o",
                "@Madstrings@ReplaceStr$qqrr27System@%AnsiStringT$us$i0$%x27System@%AnsiStringT$us$i0$%t2o",
                "@Madstrings@ReplaceText$qqrr20System@UnicodeStringx20System@UnicodeStringt2o",
                "@Madstrings@ReplaceText$qqrr27System@%AnsiStringT$us$i0$%x27System@%AnsiStringT$us$i0$%t2o",
                "@Madstrings@RetDelete$qqrx20System@UnicodeStringuiui",
                "@Madstrings@RetDelete$qqrx27System@%AnsiStringT$us$i0$%uiui",
                "@Madstrings@RetDeleteR$qqrx20System@UnicodeStringui",
                "@Madstrings@RetDeleteR$qqrx27System@%AnsiStringT$us$i0$%ui",
                "@Madstrings@RetTrimStr$qqrx20System@UnicodeString",
                "@Madstrings@RetTrimStr$qqrx27System@%AnsiStringT$us$i0$%",
                "@Madstrings@SizeToStr$qqrj",
                "@Madstrings@StrMatch$qqrx20System@UnicodeStringt1",
                "@Madstrings@StrMatch$qqrx27System@%AnsiStringT$us$i0$%t1",
                "@Madstrings@StrMatchEx$qqrx27System@%AnsiStringT$us$i0$%t1",
                "@Madstrings@StrToIntEx$qqropci",
                "@Madstrings@SubStr$qqrx20System@UnicodeStringuic",
                "@Madstrings@SubStr$qqrx27System@%AnsiStringT$us$i0$%uic",
                "@Madstrings@SubStrCount$qqrx20System@UnicodeStringc",
                "@Madstrings@SubStrCount$qqrx27System@%AnsiStringT$us$i0$%c",
                "@Madstrings@SubStrExists$qqrx20System@UnicodeStringt1c",
                "@Madstrings@SubStrExists$qqrx27System@%AnsiStringT$us$i0$%t1c",
                "@Madstrings@SubTextExists$qqrx20System@UnicodeStringt1c",
                "@Madstrings@SubTextExists$qqrx27System@%AnsiStringT$us$i0$%t1c",
                "@Madstrings@TextMatch$qqrx20System@UnicodeStringt1",
                "@Madstrings@TextMatch$qqrx27System@%AnsiStringT$us$i0$%t1",
                "@Madstrings@TextMatchEx$qqrx27System@%AnsiStringT$us$i0$%t1",
                "@Madstrings@TrimStr$qqrr20System@UnicodeString",
                "@Madstrings@TrimStr$qqrr27System@%AnsiStringT$us$i0$%",
                "@Madstrings@UpChar$qqrxb",
                "@Madstrings@UpChar$qqrxc",
                "@Madstrings@UpStr$qqrx20System@UnicodeString",
                "@Madstrings@UpStr$qqrx27System@%AnsiStringT$us$i0$%",
                "@Madstrings@WideToAnsiEx$qqrpb",
                "@Madstrings@initialization$qqrv",
                "@Madtools@AddMsgHandler$qqrpqqruiuiiiri$vuiui",
                "@Madtools@AddMsgHandler$qqrynpqqruiuiiiri$vuiui",
                "@Madtools@COsDescr",
                "@Madtools@CheckProcAddress",
                "@Madtools@DelMsgHandler$qqrpqqruiuiiiri$vuiui",
                "@Madtools@DelMsgHandler$qqrynpqqruiuiiiri$vuiui",
                "@Madtools@FileVersionToStr$qqrj",
                "@Madtools@Finalization$qqrv",
                "@Madtools@FindModule$qqrpvruir20System@UnicodeString",
                "@Madtools@FindModule$qqrpvruir27System@%AnsiStringT$us$i0$%",
                "@Madtools@GetFileVersion$qqrx20System@UnicodeString",
                "@Madtools@GetFileVersion$qqrx27System@%AnsiStringT$us$i0$%",
                "@Madtools@GetFreeSystemResources$qqrus",
                "@Madtools@GetImageExportDirectory$qqrui",
                "@Madtools@GetImageImportDirectory$qqrui",
                "@Madtools@GetImageNtHeaders$qqrui",
                "@Madtools@GetImageProcAddress$qqruii",
                "@Madtools@GetImageProcAddress$qqruix27System@%AnsiStringT$us$i0$%o",
                "@Madtools@GetImageProcName$qqruipvo",
                "@Madtools@GetLongFileName$qqr20System@UnicodeString",
                "@Madtools@GetLongFileName$qqr27System@%AnsiStringT$us$i0$%",
                "@Madtools@GetShortFileName$qqr20System@UnicodeString",
                "@Madtools@GetShortFileName$qqr27System@%AnsiStringT$us$i0$%",
                "@Madtools@GetSizeOfImage$qqrp17_IMAGE_NT_HEADERS",
                "@Madtools@InitTryExceptFinally$qqrv",
                "@Madtools@Is64bitModule$qqspb",
                "@Madtools@MethodToProcedure$qqrp14System@TObjectpv",
                "@Madtools@MethodToProcedure$qqrrx16Madtypes@TMethod",
                "@Madtools@MsgHandlerWindow$qqrui",
                "@Madtools@NeedModuleFileMap$qqrui",
                "@Madtools@NeedModuleFileMapEx",
                "@Madtools@OS$qqrv",
                "@Madtools@ProcedureToMethod$qqrp14System@TObjectpv",
                "@Madtools@ResToStr$qqruipct2",
                "@Madtools@TickDif$qqrui",
                "@Madtools@Unmangle$qqrr27System@%AnsiStringT$us$i0$%t1",
                "@Madtools@VirtualToRaw$qqrp17_IMAGE_NT_HEADERSui",
                "@Madtools@initialization$qqrv",
                "@Madtypes@Finalization$qqrv",
                "@Madtypes@MadException@",
                "@Madtypes@MadException@$bctr$qqrx20System@UnicodeString",
                "@Madtypes@initialization$qqrv",
                "@Madzip@Compress$qqr27System@%AnsiStringT$us$i0$%o",
                "@Madzip@Compress$qqr27System@%AnsiStringT$us$i0$%t1o",
                "@Madzip@Compress$qqrpvt1ii",
                "@Madzip@Finalization$qqrv",
                "@Madzip@GetCompressedFileInfo$qqr27System@%AnsiStringT$us$i0$%rjrui",
                "@Madzip@GetUncompressedFileInfo$qqr27System@%AnsiStringT$us$i0$%rjrui",
                "@Madzip@IsCompressedFileEqual$qqr27System@%AnsiStringT$us$i0$%t1",
                "@Madzip@Uncompress$qqr27System@%AnsiStringT$us$i0$%",
                "@Madzip@Uncompress$qqr27System@%AnsiStringT$us$i0$%t1jui",
                "@Madzip@Uncompress$qqrpvt1ii",
                "@Madzip@UpdateCrc32$qqruipxvi",
                "@Madzip@Zip$qqr20System@UnicodeStringpx20System@UnicodeStringxix45System@%DynamicArray$t20System@UnicodeString%",
                "@Madzip@initialization$qqrv",
                "Finalize",
                "Initialize",
                "madBasic 1.1q  -  www.madshi.net",
                "`1.'",
                "TB\"#",
                "PZAj",
                "6QZEj",
                "HYqf",
                "Z!iE",
                "#Iy%",
                "'P_ ",
                "^yv~D",
                "r)6)",
                "D?||",
                "$y$I$",
                "&IBJ",
                "NMI*",
                "%a+y*XG",
                "^m~7\"",
                "g3cW2",
                "^Q|U",
                "rM2]5",
                "kSi}",
                "MLjsjM",
                "yt{1",
                "<C*g",
                "U6.E",
                "VY^J",
                "%toP",
                "[snx3",
                "[2([}sy",
                "/Z|9",
                "\")!_",
                "&)AJ",
                "XXAL",
                "j.TV",
                "[HAy",
                "t8gG",
                "G;WA",
                "_&@RO",
                "oG_;",
                "/6>Is8",
                "ZUu?fBPK",
                "|=_~",
                "rM(M",
                "@V/5*",
                "k%)yz",
                "j$Tn",
                "X<&/",
                "1IZ?k",
                "h:|L",
                "X/c(",
                "GFys",
                ")P~m",
                "*-dp",
                "]IyJ",
                "m}M ",
                "Pc$T",
                "O)(le",
                "AgSk",
                "5?FK",
                "\"RVH",
                "Se`3",
                " aTR&",
                "fv7H",
                "\\jsqlE';",
                "ai|u",
                "q^nrJ",
                "d&CmP>",
                "&f_L",
                "H\\0H",
                "4hj,",
                "12[I",
                "W^sG",
                ")iDZ",
                "ORR8",
                "(*gV",
                "$IUo",
                "|R/I",
                "g>-Hd",
                "F]v2",
                "30RK",
                "WJAK",
                "+S.D",
                "v{+qyp9",
                "27 N",
                "@`$\"",
                ":z1P",
                "?L$6",
                ")n>E0@",
                "4|[D|",
                "N4G_",
                "ZWP;",
                "Qug0_",
                "]^SP",
                "]kSW",
                "VirtualAlloc",
                "VirtualFree",
                "PQVS",
                "t.x,",
                "[^YX",
                "kernel32.dll",
                "ExitProcess",
                "user32.dll",
                "MessageBoxA",
                "wsprintfA",
                "LOADER ERROR",
                "The procedure entry point %s could not be located in the dynamic link library %s",
                "The ordinal %u could not be located in the dynamic link library %s",
                " (08@P`p",
                "|$,3",
                "T$ v",
                "(C@;",
                "t$h3",
                "D4l|M",
                "_^]2",
                ";;F,s",
                ",;F0s",
                " ;F4s",
                ";F8s",
                "0:@D",
                "_^][",
                "T4$F",
                "`u(j",
                "L4#H",
                "L4$F",
                "D$$W3",
                "5:@D",
                "D$ %",
                ";|$(",
                "8_^]",
                "GetProcAddress",
                "GetModuleHandleA",
                "LoadLibraryA",
                "rtl120.bpl",
                "gdi32.dll",
                "version.dll",
                "vcl120.bpl",
                "comctl32.dll",
                "@System@initialization$qqrv",
                "CreateWindowExA",
                "GetObjectW",
                "VerQueryValueA",
                "@Graphics@initialization$qqrv",
                "@Classes@initialization$qqrv",
                "@Typinfo@initialization$qqrv",
                "@Sysutils@initialization$qqrv",
                "@Math@Min$qqrxixi",
                "@Variants@initialization$qqrv",
                "@Varutils@initialization$qqrv",
                "@Registry@initialization$qqrv",
                "@Inifiles@initialization$qqrv",
                "ImageList_GetImageInfo",
                "$VyRSPQ_`%gh&<=:;\"12845967TUcdabstqropYZWX'DEJKNOHILMFGmnklijefuv(BC?3-./0+,)*@A>wx]^[\\#!",
                "CALIBRATE",
                "EXCEPT",
                "DESCRIPTION",
                "PACKAGEINFO",
                "PACKAGEOPTIONS",
                "TMADEXCEPT"
            ]
        }
    ]
}