{
    "malware_data": [
        {
            "filename": "406aecfd2cd7bf9ad2fcea90491ffa1584e0be5d5cd913ee30ae9e9f98defa97.elf",
            "filetype": "7F454C46",
            "filesize": "25KB",
            "hash_sha256": "406aecfd2cd7bf9ad2fcea90491ffa1584e0be5d5cd913ee30ae9e9f98defa97",
            "strings": [
                "ZUPX!d",
                "73&h",
                "99wm^",
                "~J9-*",
                "?`?h",
                "xns:",
                "?M74$M2mUr",
                "UVk}",
                ".1<S",
                "Em.H:",
                "3G9r",
                "+nE[",
                "G,`W",
                "K\"Jw",
                "iNCz",
                "Gk&s",
                ";S3u/",
                " sL(",
                "Lhm_-",
                "[.ij",
                "z-Y\"D",
                "W22/u",
                "1*.#",
                "@,Nc^",
                "RI+;",
                "Kc@*)",
                "N/ZM",
                "1(,g",
                "_]+b",
                "%Fx7",
                "#`N'l",
                "^Y#t",
                "h9N{",
                "3o't",
                "uZ:t",
                "[l}H",
                "^Fv_",
                "kOW-",
                "IBX+",
                "QzGH",
                "kWO/",
                "VnAC",
                "@wZ+_$",
                "gt*DU",
                "c'c#",
                "G mQ",
                "yJ2]",
                "@4=qVw",
                "XO\\1",
                "\\m \"",
                ",Wb:",
                "EEJ(",
                "?6AbDA",
                "$/AQ",
                "KhN2",
                "]v@z",
                "S6Z&dgk ",
                "\"n|qRfq",
                ":pH!",
                "|R\"/",
                ".Pfj5y",
                "otBi-^",
                "6:.1%",
                "7B}@",
                "5c*Xx",
                "j>!*",
                "kMGX\\",
                "tJ!L",
                "nyI&",
                "S](4a",
                " hf~Bb",
                "N{R1K",
                "D\\zo",
                "J](!Z",
                "bz.H",
                "M69D",
                "E~<j",
                "b`/G8",
                "%lba",
                "v?AE}",
                "iO`J",
                "/k[ix",
                "EX0ww",
                "#<SU5",
                ";']e6",
                "#b#!",
                ">^qd",
                "%4s.J6",
                "toEh`w",
                "|anW;",
                "?DwG",
                "X+_F",
                "~ZkV",
                "KFyM",
                "BZ(/",
                "\\]u[",
                "^USCj",
                "6~U+6Q",
                "'Zg\"",
                " |XV",
                "/9am",
                "}_w.",
                "xIQ#",
                "VUG}",
                ".0cMI",
                "r`@\"",
                "`z*T",
                ">c$(",
                "J;K&",
                "Kuk=",
                "G6yI6",
                "Gk!DF",
                "]ssT",
                "7-r!",
                "\\SD}",
                ".\"*13",
                "wGkH",
                "R-F_;",
                "-~~-",
                "@`*m",
                "~4e83",
                "%J\\jK",
                "l/t\\",
                ";&jI",
                "jPjY",
                "fmm[",
                "\\M7t>",
                "ID,IEtm",
                "r~g,",
                "_6/>x",
                "V+\"b:",
                "48JP",
                "5wDh{",
                "*7PqN",
                ">8D)",
                "FeW!jY",
                "KuzPXq",
                "gslt!",
                "sD?^",
                "A;7fo",
                "Cnf_",
                "/3O=o",
                "Fuy;",
                "7I/a",
                ",\\bB",
                "n@7\"",
                "#@$?",
                "Elndt",
                "K.3b",
                "#\"54",
                "iSYW",
                "{}QT",
                "|<K-",
                "&r9,",
                "Z{Ae",
                "Aton",
                "@*Gy",
                "F)C5",
                "Fw2-",
                "TlI|7",
                "}#(Ka",
                "Kyq-",
                "h|KQ",
                "H2uN",
                "#;r@",
                "VoR?",
                "k%n%q",
                "Mz23h",
                "PP!z",
                "4*bW",
                "5q'8",
                "OTpn",
                "s};(j",
                "fqRs",
                "j)tc",
                "?Z81",
                "/j&6",
                "T+Fq",
                "'K?o",
                "xk#?",
                "r{Su",
                "i'/[",
                "'rGW",
                "=/~0",
                "!qr}",
                "}A<}B",
                "F(f29",
                "3x&}7$#0",
                "c1*fS",
                "OHS,",
                "zO17",
                "SCo>e",
                "\\MmU,",
                "^.Gw",
                "nr'~",
                "+K4D",
                "#Z3c",
                "5'Mp",
                "`!.ER",
                "+*d.C",
                "THhR",
                "ZJ4+)q",
                "f\\Ev$O",
                "VK0l",
                ",occ",
                "r{hb",
                "6-%(",
                "8s]{",
                "U'}K",
                "\"Syi",
                "x!_2YE",
                "3}@<N",
                "2ji;;",
                "u8]a",
                "kr(~",
                "`#6`H",
                "zC<@",
                "\\;Q6",
                ".Wq&q<",
                "!'!=L",
                "~M$`\\",
                "43=>",
                "k>;z",
                "us[ Z",
                "E)3Ee",
                "B$!8",
                "R&# ",
                "E$!x",
                "$#xd",
                "$!P`",
                "PROT_EXEC|PROT_WRITE failed.",
                "$Info: This file is packed with the UPX executable packer http://upx.sf.net $",
                "$Id: UPX 3.94 Copyright (C) 1996-2017 the UPX Team. All Rights Reserved. $",
                "vyB!F",
                "dBx'2",
                " HC\"",
                "J%1c",
                "@tDB",
                "A&v}",
                "sUge",
                " @*i8",
                "80c=",
                "VA*w$",
                " &Nw",
                "_u7k",
                "-R3\"",
                "K,^<.",
                "ArHF,tC^",
                "emO<V(A48",
                "l(bJ",
                "x0eJ,x7",
                "4H)6",
                "kWxL",
                "}p|2",
                "A\\fJ",
                "]}Bd",
                "UPX!"
            ]
        }
    ]
}