{
    "malware_data": [
        {
            "filename": "a27077a912f26f983b7077ae3dcf11c85a508d9eb4cd773cd46797d4784a7110.elf",
            "filetype": "7F454C46",
            "filesize": "29KB",
            "hash_sha256": "a27077a912f26f983b7077ae3dcf11c85a508d9eb4cd773cd46797d4784a7110",
            "strings": [
                "UPX!",
                "7<xT",
                "v;W86K1d",
                "pu'r1",
                "R|L}9",
                "kL=^D",
                "}q~>",
                "(<lX",
                "JuUD",
                "%yh;",
                "VTR_",
                "=ZEy",
                "d-Q<",
                "PjiN45Z",
                ".mx.",
                "qT+6",
                "P\".?",
                "0CIt",
                "x(p>",
                "3-g%",
                "MK ^x",
                "amk>",
                "Xv0Cb",
                "'?ho",
                "(26d",
                "S28|",
                "q} (",
                "fLZ9k{",
                "euB0QD",
                "P*+^6;",
                "y\\$D",
                "osIk",
                "]|QE",
                ",WC'/g",
                "#k/SO",
                ",ztI",
                ";'kfE",
                "g*BA%e",
                "R5V{W",
                "2scf2",
                "3;,&",
                "#&hV><",
                "]6\"%",
                "f5feO",
                "$q&}",
                "^VEZ",
                "%%PH",
                ")fG@",
                "+X%Q",
                "-6'!",
                "aIt(za6",
                " m$\\",
                "/#7s",
                "};f}w",
                "bSq7",
                "IU'Z",
                "L;F(PF",
                ";na#",
                "|oG{",
                "??<g+",
                "HP:\"J`",
                " _x?",
                "59;aCt",
                "J-r]",
                "yKo_",
                "S:A~l",
                "nG7i",
                "K/9T",
                "yhEI",
                "cWC\"",
                "=H|nW",
                "D7*B",
                "' hCH7E",
                "Mx_&",
                "AN1eYr",
                "`c/mtw",
                "ID8=",
                ">l;<!c",
                "`{YK",
                "vT?>t",
                "=jR-",
                "<yMrl{",
                "aV}E",
                "o!C]",
                "(BP`G",
                ".Y9P%",
                "@J\\i",
                "(%WI",
                ")><x",
                "yE<g",
                "9mDt",
                "BtQI",
                "N[G{X",
                "*bRP-",
                "`ba7",
                "-EWT",
                "s:=k",
                "R&|h",
                "IbHR",
                "wk(g",
                "mz(_)",
                "1c'\"",
                "2[QC",
                "V-ly}",
                "UgWw",
                ">BSN",
                "e)t]",
                "UlVai",
                "FOc7",
                "\\dwU",
                "JEuX",
                ":u@\\",
                "WQ?z",
                "<rPW<C]~{",
                "_y5$",
                "]TYc",
                "\\-9#,",
                "T>}^r2",
                "Oc1=",
                "Nb$\"",
                "#p**\"O",
                "S$pJ",
                "a~uT",
                "P1I[",
                "^t,b",
                "{1\\%:[1b",
                "ald>cDe;3",
                "nJOI",
                "$W<Mtx",
                "Hw6.",
                "?EQ!",
                "|;1k.",
                "Q9qp",
                "NI;T ",
                "@7QP",
                "H0Eif",
                "\\bV\"",
                "6Ja}",
                "o9!9",
                "LNuj",
                "[O1e",
                "W7XP",
                ".G:\"`",
                "$G!_",
                "4'-_",
                ",w[%",
                "BQ6\\cN0",
                "8}H`/M",
                "RE ]",
                "o~_?",
                "SK/n",
                "l,X)E[1_",
                "@6X%A",
                "\\DVtx",
                "<i[4",
                "f:p-",
                "e)k}",
                "}ay(",
                "Up;;]5",
                ".\"qE",
                "hHM:",
                "A+rl,",
                " !Uk~",
                "ah:=",
                "*.]{",
                "^&YE",
                ")&B^",
                "HcV`",
                "c`_L",
                "S0 dJ",
                "xY--.",
                "#RB}%",
                "2HD8",
                "!/ZuW",
                "pLL@5",
                "`+>>",
                "kyWP",
                "\"d^?",
                "&Y[F",
                "WQA\"",
                "elFf",
                "1]3s",
                "*dC!",
                "<lHW",
                "xqLH",
                ",c=}",
                "nN_n",
                "zS g",
                "n=F7m",
                "yU){I",
                "gVg1\"",
                "H 9+",
                "NWVr^",
                "2Efq",
                "S|G&\\!",
                "dLa:31",
                "r_+$|",
                "6UY@b",
                "@Q_>",
                "MphvD",
                "I>2q",
                ",]NG",
                " mEq`",
                "TB7+8",
                "6?Zqm8cm",
                "&JUk",
                "/W<9",
                "64CAw",
                "6@<O/",
                "`J:BHhw",
                "Sh<-",
                "Xgm+/V",
                "gcMXj",
                "*Q-Z",
                "bV3X",
                ".^l~>t?",
                "PbT,A",
                "\\WkSr",
                "z{n\\;&",
                "AixJ",
                "Gz$5",
                "S*-,5",
                "i. | ",
                "}O*5",
                "p'iO",
                "HONUD",
                "+]HP*",
                "rqLO",
                "#?A8q2",
                "(rS`",
                "PjHd@D",
                "j\"os~",
                ";o5-3",
                "VKO*",
                "Yf\"a",
                "fj 4g",
                "8f5*8#x",
                "y2MK",
                "R(}Y",
                "p6pM",
                "KO~:",
                "_+*m",
                "vImJ",
                "*O?Iw",
                "5 K~",
                "^=%3",
                "if_]",
                "/4)/",
                "bvA_=v",
                "Cxhk",
                "k#$2",
                ";U_,4",
                "rHY3",
                "V=Zl",
                "EF>N",
                "9F Lk|",
                "gQ$A",
                "\\}_1v",
                ".\\,$",
                "gJ-sFv",
                "|cX08c",
                "@}+X0})P09k",
                "}HSx8`",
                ".}8J",
                "#x}@Y",
                "}iXP",
                "}HSxA",
                "(P8d",
                "x}f:.U",
                "}HSx|",
                "(P}f;.8g",
                "}HSx8",
                "@PU`",
                "@.UH@.9",
                ".p}HSx|",
                "P}7Kx",
                ".p~)",
                "x}:Kx/",
                "0Ti 6 ",
                "x}d:.U",
                "}d;.B",
                "U)80?",
                "}f;.B",
                "ZX0T",
                "<}8J",
                "} HP8",
                "@.WZ",
                "(PcZ",
                "WZ 6|",
                "}f;.",
                "Z#xT",
                "`P8`",
                "PROT_EXEC|PROT_WRITE failed.",
                "$Info: This file is packed with the UPX executable packer http://upx.sf.net $",
                "$Id: UPX 3.94 Copyright (C) 1996-2017 the UPX Team. All Rights Reserved. $",
                "2TYv",
                "]@xv",
                "+#8D",
                "F)N[",
                "U?y!",
                "P_'i~",
                "LJ)H",
                "7JZx",
                "lO c",
                "tz0(",
                "%\\bSG",
                "&k?H{8",
                "s?P>",
                "2\"SA",
                "PhDT",
                "GCe%",
                "7St*W",
                "F0.V",
                "18(05",
                "_%b:e",
                "B$J|"
            ]
        }
    ]
}