{
    "malware_data": [
        {
            "filename": "a55d0d1030b4e204c432033a95ea8a2e3e3b88ec5db13ffca30d185740002df7.exe",
            "filetype": "4D5A9000",
            "filesize": "45KB",
            "hash_sha256": "a55d0d1030b4e204c432033a95ea8a2e3e3b88ec5db13ffca30d185740002df7",
            "strings": [
                "!This program cannot be run in DOS mode.",
                "Richg",
                ".text",
                "`.rdata",
                "@.data",
                ".pdata",
                "@.rsrc",
                "@.reloc",
                "L$ SVWH",
                "t$ L",
                "0_^[",
                "\\$0H",
                "T$p3",
                "D$0E",
                "t$19",
                "t$2:",
                "t$3;4<",
                "t$5=",
                "D$RE3",
                "D$`H",
                "}FIc",
                "L$8L",
                "D$0H",
                "T$83",
                "D$R3",
                "o%Su",
                "T$<D",
                "}DHc",
                "D$8L",
                "VWAVH",
                ")t$`H",
                "D$XH",
                "T$PL",
                "D$ 3",
                "\\$8H",
                "A'H;",
                "D$ H",
                "t$0H",
                "|$8L",
                "D$08",
                "o-!q",
                "o%iq",
                "o51q",
                "D$@H",
                "T$@ff",
                "D$ f",
                "L$XH3",
                "\\$pI",
                "(t$`I",
                "A^_^",
                "L$HA",
                "D$  D",
                "D$0A",
                "t$4H",
                "T$ A",
                "t=E3",
                "D$8H",
                "\\$(H",
                "D$4A",
                "L$ I",
                "t>E3",
                "D$@@",
                "D$(H",
                "CpH9",
                "SUWAUAVH",
                "D$ h",
                "L$Pf",
                "T$Df",
                "o-Jh",
                "D$0D",
                "o5Gh",
                "6};Hc",
                "D$@L",
                "8A0@",
                "A^A]_][",
                "SWAVAWH",
                "D$ t",
                "D$@f",
                ")t$pf",
                "(t$p",
                "+}@Hc",
                "L$@L",
                "8A0A",
                "A_A^_[H",
                "l$ VAVL",
                "M+p0",
                "@^@u",
                "l$0A^^",
                "|$(D",
                "|$ H",
                "|$(H",
                "UVWAUH",
                "\\$pL",
                "d$0L",
                "t$(L",
                "|$ E",
                "\\$xH",
                "|$ L",
                "d$0H",
                "\\$pH",
                "8A]_^]",
                "|$hH",
                "@USVWATAVAWH",
                "D$@4B",
                "t$A9",
                "t$B:L",
                "t$C;I",
                "t$D<",
                "t$E=",
                "t$F>",
                "t$G?H",
                "t$IA3",
                "D$JH",
                "D$@C",
                "|$pH",
                "T$@H",
                "t$`H",
                "|$pI",
                "C}CLc",
                "\\$0E3",
                "\\$ H",
                "D$@A",
                "L$Df",
                "}EIc",
                "D$pA",
                "L$df",
                "o%2V",
                "L$`L",
                "o%6T",
                "o%]R",
                "o5%R",
                "o-=P",
                "o5MP",
                "o-WN",
                "o5gN",
                "}DIc",
                "D$`A",
                "o%@I",
                "3}EIc",
                "o%UG",
                "D$`f",
                "o-7E",
                "o5GE",
                "o-qC",
                ",fA;_",
                "l$@I",
                "(fA;w",
                "o-PA",
                "o5`A",
                "D$@M",
                "L$pA",
                "o-r?",
                "%}EIc",
                "(fA;_",
                "L$ H",
                "(fE;w",
                "o%N=",
                "}CIc",
                "o-B;",
                "o5R;",
                "}CHc",
                "D$`L",
                "o-y9",
                "A_A^A\\_^[]",
                ")J0f",
                "@SVH",
                "D$83",
                "|$@H",
                "L$0H",
                "t$(H",
                "T$ H",
                "L$(H",
                "L$8H3",
                "@SVWH",
                "D$(I",
                "D$ tp",
                "GpH9",
                "L$(H3",
                "@SUVWAVH",
                "L90u",
                "L90u\"H",
                "0A^_^][",
                "@SWAWH",
                " A__[H",
                "l$@H",
                "t$HH",
                "t$XL",
                "~-H;",
                "O@Hc",
                "t$XH+",
                " A__[",
                "@UVAVH",
                "0A^^]",
                "0A^^]H",
                "|$ H;",
                "N8Hc",
                "FpI9",
                "v8ff",
                "u%H;",
                "|$ UH",
                "WPLc",
                "GpI9",
                "CPHc",
                "|$0H",
                "SpI9",
                "\\$ WH",
                "AXLc",
                "CpI9",
                "|$PH",
                "D$xH",
                "D$0L",
                "L$QH",
                "D$(L",
                "D$PH",
                "D$HH",
                "L$PH",
                "t$@H",
                "D$XH+",
                "L$XL",
                "H9D$H",
                "L$xH3",
                "ApI9",
                "D$ L",
                "|$xH",
                "D$8H+",
                "\\$8I9",
                "UVWH",
                "D$hH",
                "L$03",
                "l$ H",
                "\\$PH",
                "l$XH",
                "l$`H",
                "l$PL",
                "L$PL",
                "T$XH",
                "L$HH",
                "L$hH3",
                "p_^]",
                "t$ WH",
                "\\$XH",
                "t$hH",
                "@SUVAWH",
                "|$XL",
                "d$`L",
                "H'H;",
                "d$`H",
                "t$ H",
                "(A_^][",
                "\\$@H",
                "t!eH",
                "uxHc",
                "uTL+",
                "T$`H",
                "L$hH",
                "T$`L",
                "L$0L",
                "L$pH",
                "L$(3",
                "@_^[",
                " H3E",
                "L$ 3",
                "u/HcH<H",
                ";csm",
                "\\$03",
                "ntelA",
                "ineID",
                "Genu",
                "t(=`",
                "t!=p",
                " w$H",
                "D$ \"",
                "D$ $",
                "\\$(3",
                "x AVH",
                "l$8H",
                "|$HH",
                "bad allocation",
                "Unknown exception",
                "bad array new length",
                "string too long",
                "bad cast",
                "[DEBUG LOG] read_process_memory address < 0xffffff address Returned",
                "[DEBUG LOG] read_process_memory address > 0x7fffffff0000 address Returned",
                "[DEBUG LOG] write_process_memory address < 0xffffff address Returned",
                "[DEBUG LOG] write_process_memory address > 0x7fffffff0000 address Returned",
                "[-] call_remote_load_library -> error code : %lu",
                "[-] call_dll_main -> error code : %lu",
                "pause",
                "lQ[^3$b36 54h($2l&+6q[R",
                "kOWK)/%c0-#g;,)?%\" <~",
                "fKHN",
                "K85B",
                "oRRI)/%c6 *(+(>\"##=a~",
                "jLIO",
                "QWZ.5l&< F",
                "lRLK`3'\" ,( h=%ki)DOc",
                "_\\RS",
                "('.&igul+!:>577t&\"6,,){(2~z",
                "\\RS)/%c",
                "ifg@K",
                "tRQT)/%c",
                "ifgj",
                " (/<5q?<\"0v.7,({12+,",
                "yO_L)/%c ,5$);.*.!+o#41'=:8$vwtQ\\",
                "}khtn=",
                "uSTZ#5+-#df",
                "$,+8)m9.9%XS",
                "~PV^",
                "O[^$a",
                "16*4g",
                "&..vm~7bbR",
                "nHMK`",
                "0,' 54h'%?l+!:>5sYT",
                "nXMP,7+-#e/*8&8??c`aZQ",
                "nXRP# 6& e",
                "mWSOEjP[",
                "-#07E",
                "3'.+1#",
                "$&+/",
                "!'-\"0 *txhw>6/588:",
                "IO\\3:",
                "uSH^,(&c )*MH",
                "HXOHY=",
                "&..vm~7bcR",
                "uP_X%a \"7 |gm9@K",
                "nXRP#a+.%\"#g.(#'))oEP",
                "/4\"(,\"g",
                "j#),**\"[R",
                "RPQ%\"6*++f!) &.(cn",
                "\"#=!t693=czk$lg",
                "VM[XH",
                "MJ01-10dLG",
                "uSTZ#5''d1.\"h98$/(=<q[R",
                "nXMP,7'c",
                "(6(:=9k*,'#55sYT",
                "nXRP# 6& e\"+$gdeFM",
                "8888888888888888",
                "RSDS",
                "C:\\Users\\wins\\Desktop\\dyg\\project injs\\build\\injector.pdb",
                "GCTL",
                ".text$di",
                ".text$mn",
                ".text$mn$00",
                ".text$x",
                ".text$yd",
                ".idata$5",
                ".00cfg",
                ".CRT$XCA",
                ".CRT$XCAA",
                ".CRT$XCL",
                ".CRT$XCU",
                ".CRT$XCZ",
                ".CRT$XIA",
                ".CRT$XIAA",
                ".CRT$XIAC",
                ".CRT$XIZ",
                ".CRT$XPA",
                ".CRT$XPZ",
                ".CRT$XTA",
                ".CRT$XTZ",
                ".rdata",
                ".rdata$r",
                ".rdata$voltmd",
                ".rdata$zzzdbg",
                ".rtc$IAA",
                ".rtc$IZZ",
                ".rtc$TAA",
                ".rtc$TZZ",
                ".xdata",
                ".xdata$x",
                ".idata$2",
                ".idata$3",
                ".idata$4",
                ".idata$6",
                ".data",
                ".data$r",
                ".data$rs",
                ".bss",
                ".rsrc$01",
                ".rsrc$02",
                "P20j",
                "ReadFile",
                "Process32First",
                "VirtualFree",
                "VirtualAlloc",
                "LoadLibraryExA",
                "CreateFileW",
                "CreateToolhelp32Snapshot",
                "Sleep",
                "GetLastError",
                "LoadLibraryA",
                "Process32Next",
                "CloseHandle",
                "LoadLibraryW",
                "GetProcAddress",
                "GetFileSize",
                "GetCurrentProcessId",
                "FreeLibrary",
                "KERNEL32.dll",
                "FindWindowA",
                "UnhookWindowsHookEx",
                "MessageBoxA",
                "SetWindowsHookExA",
                "GetWindowThreadProcessId",
                "USER32.dll",
                "??1_Lockit@std@@QEAA@XZ",
                "??0_Lockit@std@@QEAA@H@Z",
                "?_Getgloballocale@locale@std@@CAPEAV_Locimp@12@XZ",
                "?id@?$codecvt@DDU_Mbstatet@@@std@@2V0locale@2@A",
                "?_Fiopen@std@@YAPEAU_iobuf@@PEBDHH@Z",
                "?_Xlength_error@std@@YAXPEBD@Z",
                "?_Getcat@?$codecvt@DDU_Mbstatet@@@std@@SA_KPEAPEBVfacet@locale@2@PEBV42@@Z",
                "??0?$basic_streambuf@DU?$char_traits@D@std@@@std@@IEAA@XZ",
                "?getloc@?$basic_streambuf@DU?$char_traits@D@std@@@std@@QEBA?AVlocale@2@XZ",
                "?unshift@?$codecvt@DDU_Mbstatet@@@std@@QEBAHAEAU_Mbstatet@@PEAD1AEAPEAD@Z",
                "?_Init@?$basic_streambuf@DU?$char_traits@D@std@@@std@@IEAAXXZ",
                "??0?$basic_ios@DU?$char_traits@D@std@@@std@@IEAA@XZ",
                "??0?$basic_istream@DU?$char_traits@D@std@@@std@@QEAA@PEAV?$basic_streambuf@DU?$char_traits@D@std@@@1@_N@Z",
                "?in@?$codecvt@DDU_Mbstatet@@@std@@QEBAHAEAU_Mbstatet@@PEBD1AEAPEBDPEAD3AEAPEAD@Z",
                "?out@?$codecvt@DDU_Mbstatet@@@std@@QEBAHAEAU_Mbstatet@@PEBD1AEAPEBDPEAD3AEAPEAD@Z",
                "?setstate@?$basic_ios@DU?$char_traits@D@std@@@std@@QEAAXH_N@Z",
                "??1?$basic_streambuf@DU?$char_traits@D@std@@@std@@UEAA@XZ",
                "?showmanyc@?$basic_streambuf@DU?$char_traits@D@std@@@std@@MEAA_JXZ",
                "?xsgetn@?$basic_streambuf@DU?$char_traits@D@std@@@std@@MEAA_JPEAD_J@Z",
                "?xsputn@?$basic_streambuf@DU?$char_traits@D@std@@@std@@MEAA_JPEBD_J@Z",
                "??1?$basic_ios@DU?$char_traits@D@std@@@std@@UEAA@XZ",
                "??1?$basic_istream@DU?$char_traits@D@std@@@std@@UEAA@XZ",
                "??5?$basic_istream@DU?$char_traits@D@std@@@std@@QEAAAEAV01@AEAH@Z",
                "?fail@ios_base@std@@QEBA_NXZ",
                "?always_noconv@codecvt_base@std@@QEBA_NXZ",
                "??Bid@locale@std@@QEAA_KXZ",
                "MSVCP140.dll",
                "WS2_32.dll",
                "RtlImageNtHeader",
                "RtlCaptureContext",
                "RtlLookupFunctionEntry",
                "RtlVirtualUnwind",
                "ntdll.dll",
                "__CxxFrameHandler4",
                "__std_terminate",
                "__std_exception_destroy",
                "__std_exception_copy",
                "__C_specific_handler",
                "_CxxThrowException",
                "__current_exception",
                "__current_exception_context",
                "memset",
                "VCRUNTIME140_1.dll",
                "VCRUNTIME140.dll",
                "exit",
                "fputc",
                "__acrt_iob_func",
                "fflush",
                "fclose",
                "fgetc",
                "__stdio_common_vfprintf",
                "system",
                "_unlock_file",
                "_lock_file",
                "strcpy_s",
                "fwrite",
                "fgetpos",
                "setvbuf",
                "ungetc",
                "getchar",
                "fsetpos",
                "fread",
                "_fseeki64",
                "_invalid_parameter_noinfo_noreturn",
                "_get_stream_buffer_pointers",
                "_callnewh",
                "malloc",
                "_seh_filter_exe",
                "_set_app_type",
                "__setusermatherr",
                "_configure_narrow_argv",
                "_initialize_narrow_environment",
                "_get_initial_narrow_environment",
                "_initterm",
                "_initterm_e",
                "_exit",
                "_set_fmode",
                "__p___argc",
                "__p___argv",
                "_cexit",
                "_c_exit",
                "_register_thread_local_exe_atexit_callback",
                "_configthreadlocale",
                "_set_new_mode",
                "__p__commode",
                "_initialize_onexit_table",
                "_register_onexit_function",
                "_crt_atexit",
                "free",
                "terminate",
                "api-ms-win-crt-runtime-l1-1-0.dll",
                "api-ms-win-crt-stdio-l1-1-0.dll",
                "api-ms-win-crt-heap-l1-1-0.dll",
                "api-ms-win-crt-filesystem-l1-1-0.dll",
                "api-ms-win-crt-string-l1-1-0.dll",
                "api-ms-win-crt-math-l1-1-0.dll",
                "api-ms-win-crt-locale-l1-1-0.dll",
                "UnhandledExceptionFilter",
                "SetUnhandledExceptionFilter",
                "GetCurrentProcess",
                "TerminateProcess",
                "IsProcessorFeaturePresent",
                "QueryPerformanceCounter",
                "GetCurrentThreadId",
                "GetSystemTimeAsFileTime",
                "InitializeSListHead",
                "IsDebuggerPresent",
                "GetModuleHandleW",
                "memcpy",
                "memmove",
                "T$(H",
                "D$(E3",
                ".?AVbad_alloc@std@@",
                ".?AVbad_cast@std@@",
                ".?AVexception@std@@",
                ".?AVbad_array_new_length@std@@",
                ".?AVtype_info@@",
                ".?AV?$basic_filebuf@DU?$char_traits@D@std@@@std@@",
                ".?AV?$basic_ifstream@DU?$char_traits@D@std@@@std@@",
                ".?AVios_base@std@@",
                ".?AV?$_Iosb@H@std@@",
                ".?AV?$basic_streambuf@DU?$char_traits@D@std@@@std@@",
                ".?AV?$basic_istream@DU?$char_traits@D@std@@@std@@",
                ".?AV?$basic_ios@DU?$char_traits@D@std@@@std@@",
                "<?xml version='1.0' encoding='UTF-8' standalone='yes'?>",
                "<assembly xmlns='urn:schemas-microsoft-com:asm.v1' manifestVersion='1.0'>",
                "  <trustInfo xmlns=\"urn:schemas-microsoft-com:asm.v3\">",
                "    <security>",
                "      <requestedPrivileges>",
                "        <requestedExecutionLevel level='requireAdministrator' uiAccess='false' />",
                "      </requestedPrivileges>",
                "    </security>",
                "  </trustInfo>",
                "</assembly>",
                "YRS@"
            ]
        }
    ]
}