{
    "malware_data": [
        {
            "filename": "a60a88ba2b5562988d8a1ce4f949d4ff73ab8161af5688421ed59d753309a8ba.elf",
            "filetype": "7F454C46",
            "filesize": "38KB",
            "hash_sha256": "a60a88ba2b5562988d8a1ce4f949d4ff73ab8161af5688421ed59d753309a8ba",
            "strings": [
                "gUPX!",
                "$CM&C",
                "`g/?",
                "~y70o",
                "[3kBf#",
                "(9J.",
                "M9,9",
                "0:=.",
                "\"S-0",
                "&L!*#",
                "tW}-",
                "<Xzn|",
                "0$.I",
                "3C<#",
                "a*eo",
                "Wr^q",
                "Y}0I",
                "i1t<",
                "ZN^.",
                "\"n\"j>",
                "&EOck",
                "I]EJ",
                "v{R'",
                "_:hcnO",
                "@`U}",
                "@:C6",
                "S%1Gf_",
                "ps;7",
                "cjdb",
                "[b7A",
                "ja,#K",
                "ChUO",
                "f#x{oB",
                ";}p-",
                "C;{r",
                "QyYF&[",
                "x2Jl",
                "F.{y",
                "n9Xo\\N3",
                "VUx?",
                "b]=c35",
                "i=q9",
                "c}=R&",
                "4kVO",
                "(fC\\",
                ";c:M",
                "$x-:w",
                "r\\%J",
                "0e@A\\",
                "fW4SF",
                "DAce)",
                "~@COyu7f",
                ")F#@",
                "\\~4:",
                "Y =]D",
                "r9^a!Kx",
                "g'[$",
                "79rE",
                "(!-:q,",
                "JA)E",
                "!dzQ",
                "Vr1z",
                "$'1=",
                "OJA{",
                "6a>G",
                "/Ty?,",
                "YL?ps",
                "Z po",
                "jfWP",
                "TnQ8",
                "'m P",
                "n<Lq",
                "Ju13",
                "X?#@",
                "zk2^",
                "0Z5/]?",
                "2a}I",
                "oTQ{c",
                "(hpQ",
                ".{g\\.",
                "\"?D.\\",
                "D.U=[",
                "EcE4",
                "q'_C",
                "T_MI",
                "/_c\\*",
                "pbNq",
                "m,]!",
                "PSg+",
                "yCE;",
                "O{Bp",
                "18mJP",
                "&S/E",
                "nN2z&q",
                ",%8||J",
                "a `;Q",
                "v)k7c",
                "GQwb",
                "/Q)U",
                "z(wC",
                "B[8P",
                ";UnL",
                "`v+IB<",
                "d63z",
                "1\\C\"",
                "wKCiqB",
                "/nk(",
                "^c86>v&t",
                "zu}l",
                "L@ik",
                "U}1.",
                "D*?oV",
                "gud6",
                "g7q>",
                ".{XHR",
                "{hE;",
                "aDQf",
                "LO)6\\N",
                "P8A^",
                "cMM]",
                "7Y_Z",
                "y4J_",
                "Or9%",
                "s{{XZ",
                "AD]D",
                "UtZe",
                "FS @",
                "C!<p",
                "Ml]IR",
                "cg8)[",
                "c'Rf",
                "OF>&",
                "VcfU",
                "k'\\o-",
                ";xG*",
                "t2s~",
                "T,`Z",
                "6xd}",
                "P0>I",
                "CO&+",
                "O[BG",
                "<eX8",
                "^TXs",
                "UI3DL",
                "gMn[",
                "bQKS",
                " N}Oy1",
                "{Qfe",
                "Qvc8",
                "Eya%",
                "SZC ",
                " 39[",
                "C]DU7",
                "#t0 ",
                "'y4K",
                "Rtd^x",
                "!oHoq",
                "c4?el",
                "PM.j",
                "aDn:",
                "Bohy)",
                "~y;k",
                "JB&25E,nQ",
                "Gy:cVh",
                "NOp7",
                "m7Qh",
                "IoF2",
                "RCja",
                "pF^:",
                "eZ2%",
                "plih",
                "aRp#",
                "w~S+'",
                "D\"jkS0",
                "9',w",
                "eyF|P",
                "f'cS,Ug",
                "~_0P'=x",
                "Ci`2",
                "09~,",
                "15$o_)s",
                "\"y8F\"N",
                ">e/J",
                "o(be",
                "Hrc?5",
                "O!@U",
                "wZ(O",
                "+\\{]",
                ":ZW}",
                ":s[R",
                "]G>j",
                "s,{(D'",
                "Lp^d",
                "'c.m5",
                "1Y>>y",
                "^8&,",
                "W$:QPW<",
                "y-]1",
                "y?7'",
                "F`uR",
                "Y}=GV",
                "4OfE",
                "AX2o",
                "QaE?XZkk",
                ".JM!",
                "D9\"Z",
                "uE( v",
                "6(1tQ",
                "AzI@",
                "v&2>PQ",
                "cj(R",
                "'Vfa",
                "C>}D\\E",
                "zT^D*y",
                "g_2RO",
                "7.iL",
                "4|9(",
                "vreh",
                "Y1}ee",
                "A0)A",
                "nIJu",
                "$B]CKc*Z1N[}",
                "&9@K",
                "h=_O",
                "}vJ9",
                "1kp7",
                "(~~Th",
                "X^_V Qtin",
                "2v#;(",
                "}w#d",
                "K}7$",
                "U#%m",
                "B^%7",
                "$Tn#9",
                "k+(q",
                "tP*oe",
                "v;nbq",
                "lx\"e",
                "+0/]",
                "CRGGjs",
                "L3KGi",
                "q?85",
                "=4e%",
                "rSZE",
                "aD+Q(",
                "$L~TZ",
                "5(Pz",
                ";rsJ",
                "3;l!",
                "8j;N*",
                "N9AR5",
                "y]KC",
                "-D9f",
                "'BBj#^",
                "FvsT",
                " J,X",
                "'TCEFD",
                "{2`n=",
                "E8Sw1",
                "*OA.",
                "ptSX",
                "<%}j",
                "#R'<",
                "VZ>u",
                "C+1p",
                "|Qb0",
                "K9+WuC",
                "#>dw",
                "U\"?K",
                "r,'Ec",
                "CFO:",
                "4%ay",
                "%&*x",
                "?BOi",
                ";tAk",
                "e^ekF",
                "aBgHH",
                "{QM;&",
                ";<<C",
                "+oaG",
                "-TV*",
                "TEZ1vzHT",
                "C*qg",
                "MN5w",
                "Or6-",
                "MxD:",
                "#_Np",
                "VwVz",
                ",'}A0",
                "!rm&zJ",
                "Bs+_",
                "bl0t",
                "&=aKt",
                "5lZ<l",
                "uqXR@5",
                "xnyu",
                "mvy&",
                "B)&L",
                "PId&'?",
                "ydsq",
                "Z$C]H",
                "k~Sa",
                "qdQo",
                "E{Y=",
                "r3.!?",
                "r#qx",
                "FuPg",
                "SRQUPk",
                "m,Cp",
                "_x2/;",
                "i,}z",
                "Nl)}",
                "^{%<",
                "x|wC",
                "yYyp",
                "?%!kI]p",
                "9Oc49Sn",
                "Bn[J",
                "JSA!+p",
                "kNG[e6",
                "s6L1",
                "7GG=",
                "TH)(?uU",
                "BR3JL",
                "Vu2D#",
                "v4Ah",
                "P,i@",
                "r//S",
                "'$Q6\\",
                "r\")X",
                "kX <y",
                "jr?X",
                "$x\"W",
                "w!Y=",
                "Y*4$",
                "}w|C2U",
                "9{L)",
                "Z:sb",
                "<c)U",
                "(31C",
                "yeHx",
                "xD;Z",
                "JcD8}9,",
                "cGd|",
                "h(<c",
                "KNK?k(",
                "Uu/7",
                "UPu<",
                "9X[~x",
                "ZkJ%f",
                "mA,E",
                "iV@fij",
                "2pa3r",
                "e<.B",
                "r;ct",
                "e/@aV--",
                "g\\*9f",
                "Nlli",
                "e|X$",
                "|\"I(",
                "8\\Hr^A",
                "sFO<$",
                "islqDa",
                "AR//#",
                "kt:r",
                "%.!z",
                "NEQc",
                "lF;TO",
                "5QN/",
                "}yt97)",
                "6*S~i>",
                " :ds",
                "3wv@",
                "O&R`",
                "S\"3y",
                "NsN-D",
                "Ha=D",
                ";<t@",
                "K0N5",
                "U<#@S",
                "bMrNi",
                "r{z[",
                "mvCX",
                "7+JQ",
                "vnSX",
                "kDBFT",
                "}h?.O",
                "KMV ",
                "qvjm",
                "5&rK",
                "0P=@;",
                "grH;",
                " =$!-N",
                ";KKI",
                "qi42",
                "&|-d",
                "P7A;",
                "40]Q",
                "q~My\\",
                "{OPz",
                "GLy'Yz",
                "W#|}",
                "^V4El~ $",
                "*PT=0",
                "vu[?{xF",
                "@q$lV,",
                "8Q>Tt",
                "_-@5",
                "^ J7",
                "YmY*",
                "'lfz",
                ")_Gd2",
                "QM76l",
                "sd4\"",
                ">Bq5",
                "rp}m",
                "igzX",
                "{giB",
                "I|+/",
                "DN|22",
                "5[u,",
                "977a!",
                "@=Bpd",
                ";-~X",
                "6:5P",
                "#9k9",
                "v7PuJ",
                "4r_;",
                "~jo+",
                "W8J[",
                "*kWF|",
                "}~6.X",
                "e}eF",
                ">KbC_",
                "u?N-O O&",
                "nL'T",
                "H$Iy",
                ":8 n`",
                "B$!8",
                "R&# ",
                "E$!x",
                "$#xd",
                "$!P`",
                "PROT_EXEC|PROT_WRITE failed.",
                "$Info: This file is packed with the UPX executable packer http://upx.sf.net $",
                "$Id: UPX 3.95 Copyright (C) 1996-2018 the UPX Team. All Rights Reserved. $",
                "'/proc/self/exe",
                "TMJO",
                "jij*",
                "A*rs~",
                "s.5-*",
                "gwAb'<I",
                "Z,yH",
                "S_J&i",
                "=]$!",
                "0fFh",
                "Q=Gm",
                "vd%h",
                ">@Rh",
                ";kzf}x$",
                ",%Rq",
                "UPX!"
            ]
        }
    ]
}