{
    "malware_data": [
        {
            "filename": "a4b0ee25d1fcedd5c3acb39e5a04a1b3a2e6df417d6522d96e74c1411e80df73.exe",
            "filetype": "4D5A9000",
            "filesize": "121KB",
            "hash_sha256": "a4b0ee25d1fcedd5c3acb39e5a04a1b3a2e6df417d6522d96e74c1411e80df73",
            "strings": [
                "!This program cannot be run in DOS mode.",
                "RichMdy",
                "UPX0",
                "UPX1",
                "UPX2",
                "3.01",
                "UPX!",
                "@KHC",
                " SVW",
                "dvPl",
                "npoP",
                "Qj2U",
                "<32.dl",
                "\"R<r3l",
                "2.dly",
                "ssHeapvj",
                ":PEj",
                " 6xfHPQn",
                "QPR2I",
                "Q(<$",
                "E6ViE",
                "irtua<",
                "uJx.8",
                "k<j*",
                "}V:N",
                "VI}tQ",
                "AZ8\"",
                "roe*",
                "Wl6E",
                "R(u5#",
                "@\"`#",
                "CV^G",
                "A0IsBaU",
                "dRea",
                "dPtr",
                "i\\KERN",
                "4MEL32.d",
                "4llC",
                "jJtP",
                "9xSL",
                "~\"d#",
                "QQ2U",
                "!'\"C",
                "%!;K",
                "R!O\"",
                "5\\bF",
                "`pCQ",
                "@y,P",
                "763m",
                "P70@",
                "X\"-h",
                "_#):",
                "L3F\\",
                "EMY4M",
                "o~R4",
                "p:xi",
                "}g%,C%",
                "]vc^",
                "P+@7",
                "7b&U",
                "x5<w:",
                "eN&Q",
                ")'{!t",
                "$T$8",
                "F3?U",
                "Y=D$",
                "|$Nj",
                "rt.;t$$t(",
                "GFBG",
                ",@ ^_",
                "dlt|",
                "1%ME*/",
                " *;\\",
                "PsiL",
                "h>0qh",
                "MGl8",
                "t6ic",
                "e{!L",
                ")80g'",
                "6tA2",
                "pdN|",
                "p{*O",
                "=/P t",
                "N_t.\"$",
                "`l7+HA;",
                "L(Z4",
                "ev*7",
                "6*~$:",
                "z4:D",
                "ohY_",
                " GB0",
                "2a(DO",
                "#.;HO",
                "T/PqJP",
                "9:\\*W",
                "yxYG",
                "l[pe",
                "8D'#",
                "QC]Y[",
                "@PHj",
                "TGch",
                "kRt#",
                "-`$(",
                "#a6*",
                "70bL",
                "X@zG9",
                "3pRT",
                "s{c3",
                "4R6s",
                "sq,8",
                "UnFMAX",
                "XqKC",
                "~qbj",
                ":|8#[",
                "!/tz",
                ">Ztpg",
                "jt'y",
                "t@(k",
                "+>iv",
                "9>t ",
                "jdh(",
                "[b%u",
                "0hB3",
                "!|L:",
                "W3:@",
                "$F74",
                "`3MU",
                "Rl&o",
                "1 vo$hq",
                "1VC20XC00",
                "k*l7",
                "B9Xp",
                "T<v,W",
                ";#P9",
                "v!hP",
                "y+;4",
                "uldz",
                "g8HF:",
                "$CZP",
                "J%#U",
                "mg.V",
                "tAY!",
                "/A|Hzy",
                "QeOx#w:",
                "/^h ",
                "Bt35",
                "/{it",
                "|f%L",
                "~MED",
                "^9T,",
                "8@N5",
                "\"XK^",
                "`T!>",
                "hW.\"#",
                "wx^>",
                "t7h|",
                "Kuo+^",
                "@@8+Dp",
                "eGb'",
                "s%K+Q|",
                "5`vS",
                "\"J-dl",
                "T=Ba",
                "< s_",
                "LrHH",
                "PuP6U",
                "zBL_",
                ".:)d",
                "_wE>",
                "ah~8",
                "\"5!9(6{",
                "=G*du\\*C",
                "8VA]]",
                "8{R&.",
                "|UHC",
                "OZuQ",
                "yv!h",
                "1jz`r",
                "a`\\1",
                ";2w])",
                "tx5q",
                "3'8O",
                "HsoL",
                "w_OZ",
                "#h  ",
                "/km0",
                "\"79iup",
                "3:\\M",
                "G/EUsz",
                "%kG'",
                "SXh($",
                "#[ZyM",
                "sis;",
                ">\\JUh",
                "=Wqu",
                "zIQt%",
                "Oj1H",
                "s3o-+",
                "%VN`",
                "r!)`",
                "H}Bh`",
                ",hT2",
                " Ck5",
                "WtCi",
                ";na<",
                "Q{D:J?",
                "Rt>,=",
                "uK.9!U",
                "@^%8",
                "D-(`",
                "V9)Q",
                "$H:X",
                "k4XKWoJ",
                "Ez488",
                "VK=T",
                "< 69Ly",
                ",V@4",
                "3z3 '",
                "&7xt",
                "!wYxh",
                "ANaV",
                "7nh{",
                "tQ%u",
                "CZ2'",
                "w'cB",
                "rWSVr",
                "( B8'",
                "FN:5",
                "8b!Ta",
                "ph^tD",
                ")?_f",
                "LNZ;Q",
                "A:/K",
                "7^b?f=\"",
                "D0hE0YXd",
                "OZh<",
                "Mp3<",
                "KPU*",
                "a#~g",
                "-!~\\",
                "x|$7",
                "H[AhU",
                ".{gh ",
                "cM Q",
                "-s$]",
                "+Kz6",
                "-66,r",
                "}!ht",
                "8CG/",
                "nFZT",
                "V||g",
                "GQCg",
                "[y*u3",
                "WC``I",
                "``.wl`Qe",
                "axSXJ",
                "t8{?O",
                ")u8@P%",
                "?L<=/",
                "MpYO",
                "0O<Q",
                "AF*t",
                ";/??",
                "^[Ea",
                "[9~w",
                "n@G0u",
                "2xkx",
                "xtmO",
                "lC7~",
                "+C0h",
                "jUJu}mwW",
                "gRJ%-",
                "U:~ ",
                "ogzB2",
                "SrQK",
                "2#]B",
                "%RsG",
                "$ bae#",
                "iQ`rDa",
                "-4<J",
                "<WF$,",
                "?*)a",
                "9;$&",
                "TM\"_8IU",
                "Q,/(",
                "%gTg",
                ",42/",
                "~[=q;",
                "PSFE",
                "@u\"x",
                "}w/kzm2",
                "mlock.c/",
                "-6PbgdelHpp",
                "_BLOCK_TYPE_IS_VALID(pHead->nBv",
                "Use)",
                "tidtabl",
                "lnvpu",
                "argva_",
                "ioinit",
                "_HEAP_SELECTED/MSVCRT",
                ". _run4me err",
                "SING",
                "DOMA$7",
                "#R6028",
                " !ializ",
                "|O7notz",
                "ugh spac",
                "wiqa",
                "io6\"o",
                "5purVvirtuB{mW`fJcG c",
                "4_Tex",
                "vOope",
                "ZcW8",
                "G73:",
                "~mult",
                "hr0 +_",
                "B/i6",
                "DBrm",
                "gram@",
                "TV`\\W",
                "8DuQs",
                "btu\"Ld",
                "rf*Vis",
                "oUC++ RALibr",
                "!\"P!",
                "wn>6Ct",
                "-b3tyf.",
                "d[4|",
                "d%uTy",
                "sJ%s",
                "ookWfai",
                "DM](),^",
                "o'IsVOHNP ",
                "rDd))v",
                "== U",
                "vpLa-",
                "NORE_L",
                "E && =lReque",
                "Ewh8(#",
                ")-0x%@X",
                "Wbe6eY",
                "':0UW",
                "&` s",
                "W;(rk",
                "+02A",
                "!jWoB%O",
                "ADPTR",
                "GEND_",
                "BEG5",
                "TNULLR",
                "ObjZ",
                "dlp~",
                "/V/B",
                ":N{%",
                "aks(As0",
                "Waz0@",
                "j'`gDt_X",
                "^Str",
                "`32.d",
                "@(BX",
                "tr dw",
                "gcVU",
                "ms.|",
                "sz2M",
                ",ag~!=",
                "BoxA",
                "Q7v9",
                "_fG0",
                "P9 (8PX",
                "00WP",
                "`h`f",
                "W(:\"t",
                "_T('\\0'O",
                ", M ",
                "v/d/",
                "VMnM",
                "LvZt",
                "FFru",
                "+BsgFa",
                "Th$s'W0",
                "n!Su",
                "wo_OG)",
                "]:>6",
                "LZhv",
                "<JXf",
                "}Dg0",
                "[w '? ",
                "J.BN",
                "w.xy9.",
                "rBMZ",
                "U0as",
                "}2jz}",
                "oI1b",
                ".1,[5",
                "5[>M",
                "Kd7h",
                "\"dBn?\"M",
                "!v\\^-",
                "\"_4#",
                "]gm)(",
                "1/1:",
                "{S`1R",
                "V\\ gte",
                "hk$l",
                "7'4u",
                "x1>j=",
                "G1 j",
                "}43Jby",
                "x}am",
                "ivB#o",
                "o,_W",
                "c0L ",
                "W~=K",
                "S[wz7",
                "8D@U",
                "]AG|",
                "bc]F",
                "#0b6/",
                "^%}7",
                "sjpTa",
                "X;nh",
                "b+vNa7j",
                "qR ;",
                "t(=(",
                "f|1Y*",
                "*#Nc",
                "IS2*t_",
                "W:]6u",
                ":S}DJ~",
                "|Wq[",
                "xF:4",
                "CZi_",
                ")zVZ",
                "!Il;",
                "'t.I",
                "z.BC#$ns",
                "q\\-/",
                ".J7[",
                "vpCzN/",
                ">tzYmi",
                "~=Vk",
                "&`W_#e",
                "Kg/i",
                "HJA~",
                "~Ha.",
                "=,nw&",
                "Q$hl",
                "7W};}",
                "\\#6^",
                "UEB._",
                "2dPQ-",
                "MLQ)",
                "9Nvq",
                "|Y2c[",
                "1Dh!q",
                "dpQ~",
                "|Hxo",
                "_x5n3",
                "('HU",
                "T32Z",
                "UM]8",
                "pYT.",
                "0SpN[P",
                "cQ(F",
                "gT ;",
                "5Ts7",
                "Ad`.4;p\"",
                "zFK`",
                "W,lEV",
                ";9gy57",
                "q0>-",
                "X3F7F",
                "B^bm",
                "8:s,f",
                " NAP=R",
                "z0T~N",
                "G2;H",
                ")#Re}",
                "wy=#As",
                "*_C3",
                "ZF*$y",
                "B2zg4O",
                ">_([",
                "FZj-",
                "}`gn",
                "uLLun",
                "Q~0p5",
                "VJLQO",
                "pl1dc",
                "v7+s$B7",
                "[C4q",
                "wg&M",
                "Wd6 ",
                "LS{A",
                "UaB@",
                "[=J`",
                " ~7S",
                "=8I6H",
                ")H%h",
                "M$Ek",
                "{l#<",
                "<yew",
                "t^VR",
                "-z+JP",
                "BmbF]",
                "CP`=",
                "%0kc",
                "u__c",
                "VBO=&",
                "*?0`",
                ")QrM",
                "*;1J",
                "gd_Y",
                "6/]8",
                "|VdR",
                " eST",
                "!J5N",
                "n8 f",
                "70Sx",
                "2!V*",
                "V6nQ#=",
                "yOXn",
                "c3ww",
                "ClUU",
                "l`TT",
                "s@Dp",
                "~;\"%Ur",
                "jirT",
                ",]MOGv",
                "y]T=",
                ":@Qt=8",
                "=J^#",
                "uSoYn",
                "2n*an,f",
                "AIP6tw",
                "Yx_A",
                ")CcR",
                "r~.*",
                "4r|-3nu",
                "ik-b",
                "*&:y",
                "%lLM",
                "EjM<",
                "S8 B",
                "1*o\"",
                "[pJ}(",
                "\\*$0",
                "XJtg",
                "foN~",
                "mDB?",
                "^Oq5v",
                "#4)2",
                "caFD",
                "Nxx>",
                "#{3'",
                "7VUV0",
                "QSQ+",
                "WGM2",
                "WKW`",
                "XVW(",
                "-b1i6",
                "=ifg",
                "U^rn",
                "N>h]Z",
                "Z]Y+u",
                "s{YfL>",
                "\\6r>",
                "q Z*XU",
                "*cm\"",
                "T+(:",
                "*{|x{",
                "v~Pe",
                "YP9K,",
                "wGf8",
                "/_+C",
                "-lp_MZ",
                "f_h7",
                "8d=@|.T",
                "dirH",
                "<xU/l",
                ")Bup",
                "K/dh",
                "cK%]",
                "Tg#E",
                "Nus>/",
                "Uh%/",
                "r'WHd",
                "*f,9",
                "`-ab",
                "or0!",
                "dMS>",
                "_At[",
                "aiEd",
                "b3WP",
                "|\"z-",
                "tqRw",
                "EkKm",
                "'Lit",
                "$s;@",
                "Bc\\^",
                "5)N#",
                "z/yE",
                "@q6t+!",
                "bZ#i",
                "Y2vs6",
                "9R.>sa",
                "$}c8",
                "+#@0",
                "3[17",
                "nn:[`z",
                "/77;",
                "2=pM=",
                ";=Pm",
                "+uRu",
                ";Mr5",
                "_D9VR",
                "&1Fy{E",
                "&lsw",
                "qcd5",
                "b<zM",
                "r~|{~",
                "(@{<*",
                "28Ks`",
                ";l^~",
                "u`[v",
                "Xsx5",
                "}Rn@",
                "G'MO",
                ";:9!",
                "SY'a",
                "n8/)",
                "JS=N",
                "{gV`",
                "Kxs ",
                "pEv\\s",
                ")PlN",
                "b\"GN",
                ">e-c",
                "<(Ug",
                "IrrB%v",
                "^]?G",
                "apZ([",
                "4C=S",
                "ucRc",
                "usZn",
                "uko*G",
                "iF!%uN",
                "_X.k",
                "EBV\"0",
                "&~H|",
                "EZC|T|",
                "{}#tCw:k",
                "&^Pb",
                "TCuz^",
                "BU1Y",
                "@x{`",
                "g-4]t+%",
                "m\"/r",
                "dq_y",
                "kt8`",
                "s0AC",
                "8Z a@V",
                "=]u\"",
                "\\bDO",
                "Wra/",
                "id#U",
                "rv)g",
                "&a}6",
                "x=i=",
                "G;A95",
                "81P<",
                "\"^w*",
                "Kl%MOf",
                "*BM6*i",
                "\\UPod",
                "]n(z",
                "ssHo",
                "}DpB",
                "hHr9b-.",
                "64|a<",
                "cw!j",
                "`x2H",
                "-$R7VJ|",
                "Hqp]r'_:#l",
                "UzJ=X",
                "m~,AUop",
                ":w07u6|t",
                "yO+x",
                "+JFy",
                "V1-_",
                "`8U#",
                "'Mvm",
                "9JXf",
                "l5ITk",
                "\"} :",
                "C0Wo@e",
                "%sN\\",
                "`jDro",
                "BXO/",
                "KZ\\}",
                "^bv`K",
                "-[U?",
                "a\"-!+",
                "El]l",
                "Veu[",
                "f8O;",
                "GL_yJ",
                "#zP^h-w",
                "i.fq",
                "A21r",
                "$s(RHw",
                "(S(C",
                "IZ^Zg",
                "fvd 'H",
                "h7;og'",
                "{6lv",
                "Hdtv0E",
                "1~. D",
                "C!5=",
                "bCUO",
                "/bh:",
                "Fty>I",
                "csoRK",
                "-$'T",
                "v>Ds",
                "_F5ev",
                "?k[_bG",
                "db_G/",
                "+@Xz'H",
                "kV9~",
                "Q?z|",
                "f\\q'",
                "$g,Kr",
                "8RT^",
                "G,wv",
                "+T%^",
                "6hU ",
                "!=3{o",
                "_4HrG",
                "~5,bI",
                "'Eo#",
                "/Dax",
                "]FJT",
                "5-\\\\",
                " DI?",
                "AXkMq",
                "hT,6",
                "xND#",
                "O$b4",
                "U\\)dZ",
                "4+(H",
                "#tV9L.",
                "#{A_",
                "+E!H[sV",
                "7`9Dn",
                "9~=8",
                ",FE ",
                "|jNx",
                ";eZb'-[",
                "%]49",
                "=TY{",
                "6k{r$2a",
                "b#_\"o.",
                "S5sih>nC",
                "~;/Y",
                "*IEA",
                "j@)*",
                "Pg9MC",
                "Lqe=-^",
                "Eu<eD",
                "^&z-",
                "qKWs",
                "S.9o",
                "S>R:",
                "b_&M",
                "8L-.",
                "~k.hC1",
                "F\"aQ;W",
                "&U3@",
                "c2}}q",
                "NoP8ihG~",
                "R)y{x",
                "BQeP",
                "6}aA",
                "(bpg:",
                "Tm|M",
                "Wg\\D",
                "g@>9",
                "^E&a",
                "W}>@,",
                "j|,<",
                "QijK",
                "c;2R",
                "XW\"n",
                "kjT@",
                "<Gvs`",
                "{=f2",
                "b.9k",
                "3QQ>",
                "'/Ise:6",
                "dWzj",
                "aaOy(",
                ".6Ze",
                "4{8F",
                "`!FX",
                "cp8=",
                "@!).",
                "$xTq",
                "e?>_'",
                "sl&\\",
                "yw-@O",
                ",uWl",
                "-$yB",
                ",Gv#/",
                "YGqi",
                "nZl~1",
                "; Fd~",
                "72n~",
                "o$V3u",
                "Hc'5",
                "g0&s",
                "BN;2",
                "ZoGm",
                "qWgf$",
                "@}DM\\o",
                "VD,P",
                "U,J<",
                "1e},&",
                "VA{=",
                "'LsJLy",
                "ip#xW0",
                "F^Wc",
                "o\\lC",
                "S6p}",
                "9P,`",
                "bzNsx",
                ".|\\n",
                "D0Wz",
                ":\\7>",
                "fl6O",
                "mbTY2",
                "$Mxg0",
                "C8IEW%D",
                "S%l<",
                "S|OgDd",
                "mt@T",
                "3`8<",
                "qf.`",
                "85hVLs",
                "c}(-3",
                "vPNw",
                "~{m}5b",
                "~59gI?}",
                "0Y%)",
                "Flq k",
                "czL'",
                "f~b8M+",
                ",mc[",
                "0/2iV",
                ")Jbf",
                "4,Zt",
                "DEb?",
                "|&k9",
                "Ev[b",
                "JPsr",
                "ZE_(jTX",
                "35,e",
                "rbs'5",
                "#72.]x",
                "2WUE",
                "by0D",
                "ZBDb;",
                "g'D{`",
                ":n\"z",
                "$o&yD<m,",
                "S2zsi-",
                "rMG%",
                "4s(e#",
                "`3%1",
                "h09M?",
                "\"FUN",
                ";\"P*",
                "ghI?rf",
                ".}[D",
                "}gO{",
                "m7X?48",
                ",\"j^",
                "2a0G",
                "GM#8",
                "Q>Th",
                "l>\"p",
                "&j6W\"",
                "hkR,",
                "^}wW",
                "'xY/",
                "jFq4",
                "9HHk1P",
                "%O5`\\",
                ")@aT",
                "AN<0",
                "p/a J.",
                "+^c+H",
                "fBY~",
                "=8C$F",
                "j]+0",
                "{430",
                "KAs,",
                " `[Q",
                "!S0c",
                "&Rx;",
                "$CI}M",
                "5ip6",
                "5O#$>",
                "8gYeJ",
                "<&QK;",
                "~~RF",
                "k$*e",
                "dNV[",
                "0J'~",
                "-n7:|k",
                "m8JT6t",
                "|t{M",
                "Qqg:",
                "5T~z",
                "W0T-",
                "oX}tT",
                "pYq'5",
                "\\FMO",
                ".Zh[",
                "3IO_",
                "3YHQ",
                "NhG1",
                "+\\.E",
                "=zfw",
                "Xsc8",
                "<B%L",
                "&(_o",
                "RxZi",
                "J@Pz",
                "LK~}",
                " *>>u",
                ".u1.",
                "XETym",
                ";qn;m",
                "2H},",
                "jQP@p",
                "[t+s",
                "'?Gs",
                "u3#V",
                "bDml",
                "e35{n",
                "E)r&JG",
                "fbs4A",
                "gkrkna",
                "T%+)",
                "2h&H+",
                "V}1p",
                "G& Z",
                ",=xY",
                "XjZL",
                "R9N\\",
                "\\N-ux",
                "IVllB",
                "cRk}4",
                "^RX6",
                "H/Se",
                "ff5;",
                " D}qn",
                "k0vK-",
                "\" N&",
                "17z7",
                "dy0}",
                "=P+C",
                "s_jNt<N",
                "TZK:",
                "KNTz",
                " TN7",
                "^XL(",
                "$81@dk",
                "]@fs",
                "/^Yb3Z",
                "gKdQ-",
                "Y%FZ",
                "e_\\3",
                "7Ji^52",
                "]3OD",
                ")ixbM?Fuf",
                "m0z5",
                "D90I",
                "vYGW",
                "L< q",
                "NS)n",
                "TD5Gc",
                "<k^E",
                " uo8!v",
                "j\"&|",
                "P|u*T",
                "\"oeL",
                "[R@t",
                "Sc 9[=",
                "@)MM1",
                "s3G3f",
                "!`];_",
                "A<RR",
                "\\eIZ",
                "s<<K_",
                "npn<",
                "PEX~iJ",
                "]X<N",
                "7Y!h+}J",
                ">yjE",
                ":T-I",
                "m'mL",
                "(6;=e.B",
                "O8~[e",
                ">w/L",
                "!H%8F~9",
                "s^Q[",
                "j%0]",
                "<gC*",
                "$X$*",
                "Dz\"Po",
                "{V[)",
                "V;, bw",
                "( zV",
                "$+/c",
                "?.!x<",
                "E(KK",
                ",V{:",
                "}~i^-",
                "\\0P}_",
                "^C<H3",
                "FwlU1",
                ":5`Ff",
                "#yKt",
                "D,WY[c",
                "\\+d{",
                "Re!l",
                "iuOk",
                "(Ey_n",
                "07a?",
                "o+Mg",
                "~K|E",
                "lAk#",
                "0CH~",
                "IOfm",
                "-UVV",
                ",=Fp",
                ":k+.",
                "-'*Vv",
                "I)gF",
                "fkqz",
                ";T_a",
                "IQ|6",
                "jWSa",
                "9?KW",
                "zcTC",
                "Y>`,IBO3",
                "?ri7I",
                "/&l/",
                "H^7i",
                "gL'Y",
                "Q9TW",
                "|?NX",
                "ZFo$",
                "TU!p",
                "'K+}u",
                "3J*q",
                "g<VI",
                "\"\\},p",
                "NXyL",
                ")0%E",
                "Rl4r",
                "PX]_",
                "-\\(eAc",
                "MyGRuL1",
                "h\")&",
                "hW*0",
                ")@]n",
                "#nwM.D",
                "JZ{d",
                "0[2Z'1",
                "\\xDu2x",
                "pD~55",
                "/[q?",
                "lm)x",
                "9SlP",
                "uio=r&\\",
                "ekY)o\\",
                "@$i+",
                "~D?8A",
                "7g?)!H+",
                "1%LK",
                "xI#t",
                "edNs",
                ">0^K",
                "iPh*",
                "O%WB",
                "h=XD",
                "x8g!",
                "lO\"q",
                "<\\Lo",
                "G!+eh",
                "rmI}",
                "M/Je",
                "oR*}",
                ")& N*",
                "1j(m",
                "8x%I",
                "]b52",
                "K0AF",
                "<}]2",
                "z.S@",
                "eOUA",
                "f}@Agq",
                "Lu;}",
                "<g)w@",
                "nT2J%",
                "^KUsV",
                "cfMQ",
                "tp6t",
                "szC}",
                "H>'h}",
                "l$Xr<",
                "fDci",
                ":+Bx",
                "'|XV",
                "2<=+",
                ",&7z",
                "=Bo2",
                "3R{E",
                "ar*R",
                "#h^ ",
                "dg3Gx ",
                "a92S",
                "EY) -",
                "GnsC",
                "ix=J",
                "^AQ=",
                "#af^EJ_M",
                "\\J|?",
                "Q3_x",
                "4ZdvQ+",
                ":Mgb",
                "\"$1g",
                ">o{D<_",
                "1S{\\u^",
                "kQLe@",
                "G-1X",
                "b@5=9",
                "8{I8",
                "PWP)",
                "`&d6",
                "u_$7{",
                "z)y4P-5",
                "8-U;",
                "$'n{NH",
                "I?*9",
                "3}scD",
                "cB+V3",
                "wfh0",
                "F[n}",
                "h?kl",
                "'Idb=",
                "9pkN",
                "cp[8",
                "D)]Q",
                "ei5>a",
                "dr,c",
                "pJps ",
                "uK$g^;",
                "%!s?A!",
                "YJ[d",
                "'2E&",
                "V\"Xty",
                "hsqn",
                ">vB/",
                "7aJ6",
                "T=zv",
                " S<#w^0",
                "=LxR",
                "/O:8Xa!%",
                ".v4RQ",
                "3#HQ",
                "}& x-",
                "BXfQ[",
                "P?c\\",
                "dWfl",
                "NCOGh",
                "+&$x",
                "x,+4V<",
                "Bq|[%",
                "&Ee,",
                ",^i5",
                "]=$m",
                "(lbW",
                "{8=l",
                "6K0G#aK&",
                "jBO^",
                "Fxn]",
                "8TB`",
                " @StudyHard0u",
                "kernel",
                "7ReA",
                "7`73o&e",
                "Pr2u",
                "KERNEL",
                "?AV&",
                "L@@W",
                "9y.9",
                "n/!5",
                "n'PgR/S",
                "l/mV p",
                "@?y^;rH",
                "|xph",
                "`TH@40y",
                "y,($ ",
                "xsAj",
                "Zp0QL6",
                "i/Ml",
                "RtlUn",
                "aiseExce",
                "A#Sta",
                "!Comm>A{",
                "nCVers",
                "iC(,",
                "PYSkg",
                "+LeavW;",
                "N+a#ur",
                "e5xT",
                "TlsS.",
                ";oIG",
                "G5QFhAYc",
                "@,>nQX",
                " eNa",
                "AE{DYc",
                "WWid(",
                "h7CTyp",
                "C$5W",
                "0sBJ",
                "k~k*kj",
                ",c&A*O",
                "`SIn",
                ">CMd",
                "F2sh?Buff",
                "U`Clo=",
                "O!.text",
                "XPTPSW",
                "KERNEL32.DLL",
                "LoadLibraryA",
                "GetProcAddress",
                "VirtualProtect",
                "VirtualAlloc",
                "VirtualFree",
                "ExitProcess",
                ">0<0",
                "Western Cape1",
                "Durbanville1",
                "Thawte1",
                "Thawte Certification1",
                "Thawte Timestamping CA0",
                "121221000000Z",
                "201230235959Z0^1",
                "Symantec Corporation100.",
                "'Symantec Time Stamping Services CA - G20",
                "\"W*o",
                "]jxdE",
                "`F~T",
                "&0$0\"",
                "http://ocsp.thawte.com0",
                "80604",
                ".http://crl.thawte.com/ThawteTimestampingCA.crl0",
                "TimeStamp-2048-10",
                "y@b%",
                "121018000000Z",
                "201229235959Z0b1",
                "Symantec Corporation1402",
                "+Symantec Time Stamping Services Signer - G40",
                "2oNW",
                "a;EQ",
                "g0e0*",
                "http://ts-ocsp.ws.symantec.com07",
                "+http://ts-aia.ws.symantec.com/tss-ca-g2.cer0<",
                "50301",
                "+http://ts-crl.ws.symantec.com/tss-ca-g2.crl0(",
                "TimeStamp-2048-20",
                "b07x",
                ",&c3",
                "\\vnO^",
                "EFAn",
                "y3+.{",
                ">\"hcS",
                "VeriSign, Inc.1",
                "VeriSign Trust Network1:08",
                "1(c) 2006 VeriSign, Inc. - For authorized use only1E0C",
                "<VeriSign Class 3 Public Primary Certification Authority - G50",
                "131210000000Z",
                "231209235959Z0",
                "Symantec Corporation1",
                "Symantec Trust Network100.",
                "'Symantec Class 3 SHA256 Code Signing CA0",
                "XM#bj",
                "1-=n",
                "+ojr\\`",
                "#0!0",
                "http://s2.symcb.com0",
                "e0c0a",
                "0R0&",
                "http://www.symauth.com/cps0(",
                "http://www.symauth.com/rpa00",
                ")0'0%",
                "http://s1.symcb.com/pca3-g5.crl0",
                "SymantecPKI-1-5670",
                "3130",
                "5/3X",
                "141229000000Z",
                "171228235959Z0",
                "Guangdong1",
                "Guangzhou1503",
                ",GuangZhou KuGou Computer Technology Co.,Ltd.1",
                "PC Development Dept.1503",
                ",GuangZhou KuGou Computer Technology Co.,Ltd.0",
                "a\\b2",
                "sE`'m",
                "~x#m",
                "BN[+b",
                "$0\"0 ",
                "http://sv.symcb.com/sv.crl0f",
                "_0]0[",
                "0L0#",
                "https://d.symcb.com/cps0%",
                "https://d.symcb.com/rpa0",
                "K0I0",
                "http://sv.symcd.com0&",
                "http://sv.symcb.com/sv.crt0",
                "-SKe",
                "1CC@",
                "p1/3]",
                "'Symantec Class 3 SHA256 Code Signing CA",
                "=N#y",
                "C005a",
                "+N-Qi",
                "0r0^1",
                "'Symantec Time Stamping Services CA - G2",
                "170709055820Z0#",
                "TPvY",
                "AZ!O}vh",
                "x#wi",
                "@%Nb",
                "@|[="
            ]
        }
    ]
}