{
    "malware_data": [
        {
            "filename": "a07e42a6c632f85095e7cc6f87268df742ead45854ca5a65a8d7492d08e76bbc.elf",
            "filetype": "7F454C46",
            "filesize": "106KB",
            "hash_sha256": "a07e42a6c632f85095e7cc6f87268df742ead45854ca5a65a8d7492d08e76bbc",
            "strings": [
                "*@ls",
                "ff/F/",
                "|?&O",
                "34R'04",
                "W,7pa",
                "ACbZ",
                "|<si6",
                "4MWOP",
                "wp0}",
                ";!B-&",
                "C;\"\"!",
                "MWOPM",
                "2P<T",
                "26PL",
                "04T5W#",
                "2<P?QD",
                "a)By!",
                "!;\"kf",
                "2)%#a)')A",
                "AMB[!+'{!",
                "R(\">",
                "P+!s0",
                "A,1s`",
                "S\"!s3",
                ",9(5",
                "2,9(5",
                "2,8(5K",
                "r'1&",
                "d}A,1",
                "A<1s`",
                "C;\"s4\"!",
                "2,8(5t",
                "4B/ 1",
                "G@uP",
                "2,:(5B",
                "-H<8",
                "Ap)a",
                "Lds`",
                "lfSa",
                "s#e@3",
                "/sm\"O,",
                "w`;!",
                "qx'g",
                " !3b",
                "r ask",
                "s3kD",
                "qsj !<",
                "Lds`La",
                "a`12",
                "s#e04",
                "RdH$",
                ",b#a",
                "d\"Oi",
                "c1!Q",
                "j2/!",
                "A tb",
                "e t@",
                "SRq3",
                "e!!Pu",
                "/\"Og",
                "AmH|g;\"'",
                "\"}@$",
                "2)'#a)#)A",
                "AmB{!+#;!",
                "/Sn\"O",
                "AmH|g;\"@",
                "\"}@=",
                "/\"Om",
                "z\"/G",
                "fa+=",
                "{#d&",
                "AmH<c{!",
                "\";c+!=@",
                "BmA{\"",
                "#;\"!",
                "R(\"\"",
                "R(\",",
                "/\"Oe",
                "A#eZ",
                "-b,a",
                "yk'@",
                "y#$W@",
                "6)'bRH",
                "Plag",
                "Ri P",
                " { @",
                "3y!-AL",
                " 6Q) H",
                "y!mA&",
                " 7Q) ",
                "=A) ",
                "F$yN",
                ")A0g",
                "AmH|g;!2",
                "\"{g}@1",
                "#;\"$",
                "/\"Of",
                "d1c=b",
                "`(p,a",
                "zW,a",
                "A{!@",
                " cQ+ U",
                "zi!-AK",
                " uQ) G",
                "i!=A%",
                " vQ) ",
                "y!-A8",
                "Wp:6",
                ",a#n",
                "AmH|g;!3",
                "\"{g}@0",
                "B(s\"",
                "6>RbQ",
                "R#a9!01",
                ")'#a)#)A",
                "B{!+#;!",
                "P-e3b)B",
                "AmC;!",
                "E9 3b",
                "9!)B",
                "g#c#a",
                ")1a\"c",
                "#)!=",
                "6+!6",
                "RmC+!0",
                "`)!,",
                "R(ve",
                "s#3?",
                "yi @",
                "a{\"<",
                "@;\";",
                ")'#a)#",
                "@(t0",
                "5(qPe",
                "b\\m`f",
                "P#j,b",
                "5\\RmG",
                ")q (",
                "E*x4",
                "(,q`!",
                "(vb/",
                "a{\"9",
                "@;\"8",
                "@(t3",
                "/\"O{",
                "qb`cb",
                " ch@",
                "tpgc`",
                "\"ca!# ",
                " !cb",
                "-b|1",
                "h{\"&",
                "@;\"%",
                "P)'#a)#",
                "@`u@",
                "amg@",
                "`bR|",
                "@a\\iSd",
                "`sQ*",
                "VUUU",
                "C\"yc",
                "F6}`",
                " !q#",
                "Py#\\",
                "mCy ",
                "=A) M",
                "Q) i!",
                "y\"`f",
                "A+!k#",
                "6m2/",
                "w}fK",
                "AmH|g;!!",
                "\"{g}@",
                "q1!#",
                "1,A81",
                "A(5 ",
                "/\"O@",
                "R/se?",
                "C|6+.b/;-",
                "ab`cd",
                "Sb/r",
                "p!,c",
                "Bcg;\"cc",
                "'!#,",
                "(tcb",
                "31UT",
                "AmfS",
                "r'6&",
                "JR**",
                ")A c",
                "-a@a",
                "2-a#`)@",
                "/s`miCWDX",
                "t@bsa9'",
                "`)A|1)@,b9(",
                "3b) ",
                "!!0!",
                "7y`}a",
                "\"O&O",
                "NCmN",
                "7|2\"a",
                "P(33a",
                "AsdD",
                "s2/mf",
                "B3eZ",
                "3>R+ ",
                "/\"Oi",
                "Q)!.",
                "Sj\"O",
                "2gBb",
                "sa\"#]A",
                "$se2a",
                "&2a2f-Aj!",
                "'z%R#2`",
                "/Si\"O",
                "xsaMA\"#",
                "2a2f-A",
                "'z$B#2c",
                "B3dZ",
                "8Cf@",
                "*RaRc",
                "\"*'r%R`",
                "G,a|",
                "Bp$,",
                "#cmC",
                "*'r%Rc",
                "2(30)",
                "p#a}A2&",
                ")RaRc",
                "\"*'r%Ra",
                "@#a}A2&",
                "a3b}B",
                ")RaRg-Az!",
                "#:&b%",
                "\"OAT",
                "qP&#f",
                ",a#i",
                "Z&F3T",
                "Z&#c\\3",
                "0as`",
                "c,3L3",
                "3s`0a",
                "c`|0",
                "A,b+!p1",
                "p4b$",
                "p0b$",
                "0e1T\\e",
                "g|a,b",
                "/\"OAP",
                "/\"O;",
                "P,1&",
                "g3amA|1Qf",
                "ql22,!!!%",
                "sf\\1",
                "B`Cb",
                "x(x)",
                "3Vq)",
                "mX$1",
                "c`'q",
                "%qX!%",
                "v 3`P",
                "m|&0",
                "V&(\"",
                "q*&x",
                "3`c`^",
                ",c`o",
                ",c`(",
                "x'c`",
                "3`c`G",
                ")3`x",
                "Qk#[#`",
                "B<cmA{\"[",
                "!B!B",
                "A#eH",
                "4RAc",
                "#bd>",
                "gfff",
                "3a9'",
                "V9\")A",
                "A;\"N",
                "{!+!M",
                "\"+'`7\"",
                "<6#a",
                "qQ!#d8",
                "HlfR",
                "R(1f1",
                "PsamA",
                "T3a-A",
                "A3`L139",
                "G{\"\"!",
                ")#;a",
                "!a#e",
                "V2a,6f",
                "Zc;:",
                "r&3!",
                "rl1&1",
                " qC`",
                "@q#`",
                "HCe~",
                "HCe}",
                "HCes",
                "HCec",
                "HCeU",
                "HCe'",
                "HCe|",
                "HCe^",
                "HCen",
                "HCem",
                "HCel",
                "HCek",
                "HCeP",
                "Sb)BSa",
                "ASc)C",
                "h.d^cba|1",
                "b:\" !ba|1",
                "\" !ba|1",
                "wJ\" !",
                "J!,[",
                "r#`\\",
                "@acc",
                "r#`L",
                "/\"Ota",
                "4lb#a",
                "r,aV11",
                "ca81",
                "S`#q",
                " !Cc",
                "b|2 a",
                "CcKc8#",
                "%ZE-",
                "n#csd",
                "q)!h",
                "(w2\"$qq",
                "wraSc",
                "@~3`",
                " 3`@~",
                "q\"f3`",
                " @~3`",
                "/3`\"O",
                "wra6",
                "/Sh\"O",
                "3e3a u",
                "a,q3b2",
                "0R!S",
                "emf3`",
                "b0Q r",
                "(-b2Qq",
                "Q-b\"(]e",
                "1a-b",
                "/\"OB`",
                "/\"O+",
                "/Ci\"O",
                "28#!",
                "/\"OM\\",
                "Ch8x",
                "@\"(A",
                "/cj\"O",
                "c$q s",
                "12\"3",
                "/\"O:",
                "/\"O=",
                "/\"OP`",
                " ~ ~",
                "/\"OBQDV",
                "/Cm\"O",
                "t@`%",
                "ssac7",
                "L1XS8#",
                "`4Q-",
                "FQCf",
                "CaLq",
                "#\"&\"",
                "ChCaLq",
                "#\"&!",
                "ChLx~",
                "Ts\"a#g!R",
                "Cg\\wra",
                "'\"&1",
                "v\"a#c!R",
                "Cc\\s2a",
                "#\"&1",
                "Q9\"<2",
                "wrb)",
                "Ca$q",
                "AQ01",
                "Ca%q",
                "b(s4r",
                "\"h&FQ",
                "CmBb",
                "a'q !",
                "b `*",
                "G7#a",
                "&:3`m",
                "b#c0`*",
                "zsiq",
                "b0c(\"",
                "9'SdPa 1",
                "uSbH2",
                ";!)!",
                "(rs`",
                "1$q,c",
                " !\"S|3",
                "@3l4r",
                "e(t !<u",
                "/\"O*",
                " \"(A",
                "/\"O?",
                "nH$u",
                "!*!>",
                "~A`@",
                "\"!(7",
                "/Clq`",
                "uCb^",
                "sc&0(C",
                "sc&0",
                "c`K [ h&",
                "C`l0",
                "H5g1",
                "Scg1",
                "uCg^",
                "w(&Sc",
                "#Cb00",
                "qQSRVSWTXUYVZW[",
                "(!Sc",
                "v0f ",
                "qVcVf(@Vg= Vhm#Vi}&Vj",
                "#`K`cm",
                "&6DT",
                "v3a;",
                "v3a(",
                "vra2\"qS",
                "vwSh&",
                " r2\"T",
                "c {!",
                "zcd&",
                "u#dc`",
                "bCa-GSP",
                "6Sil4",
                "#`C`",
                "*:JZ",
                "rCa!W",
                "rCa\"V",
                "rCa#W",
                "rCa$V",
                "rCa%W",
                "rCa&V",
                "r'WCa",
                "cCa(V",
                "s'Wg",
                "s\"f8#r!",
                "\"Cc {",
                "j\"UCc!X",
                "j#WCc\"U",
                "rCc$V#W",
                "j%XCc$V",
                "Fca{!",
                "ncg/",
                "Cb\\fca",
                "ca2\"1",
                "aP1B",
                "A[!\"",
                "f(F#`",
                "#`#`",
                "80 a",
                "C`80",
                "F@aChPbSg",
                ",b 0",
                ")#@a",
                "nChc`(",
                "GPaSc",
                "Sc#a",
                "Cb a",
                "R36al13`x!3b",
                "&5SbR3",
                "S`#`H0",
                "w`apb",
                "p(\"sc",
                "`bpa,b",
                "(\"#a",
                "/ck\"O",
                "713ej6",
                "/\"OC",
                "/\"OaP",
                "b<qXr",
                "gSfSd",
                "8#Pa",
                "#8#S",
                "b<rR",
                "0cb/",
                "Q)!x",
                "@Dv\"",
                "tr#k.",
                "#k#k",
                "c<s<Q",
                "|~<q",
                "a y!",
                "4 tF",
                "|~|~",
                "qr./",
                "Cl@`*",
                "bDr#",
                "!\")F",
                "`#D`",
                "ax1 !",
                "Pccg7x3",
                "/Sm\"O@",
                "B,bU2",
                "20r.a$",
                "(10q",
                "w,bscU2",
                "i3gL93f",
                " b3`}@<0",
                "bg3<2",
                "sw33`",
                "@4q!",
                "cesf\"/",
                "h8xD",
                "a0f,bpglf",
                "@|g+",
                "lfcg",
                "h@xI",
                "T~3`",
                "nB.Q",
                "/\"OD",
                "'b)!",
                "h)('",
                "/ScG",
                "/\"OT",
                "#a,q",
                "3b\"$",
                "3b(1",
                " 80\"%",
                "n\"c81",
                "!Wx'",
                "\"Q!R",
                "c!R(\"",
                "/h&b",
                "x'R$x'",
                "\"OBh",
                "l98#",
                "e2a2V",
                "sarb(1",
                ",93fsesh",
                "/\"O_",
                "A|11",
                "p\"OSS",
                "nRR8##f",
                "eQQ(1!A!A",
                "2<2/",
                "!C'9",
                "A<1#c",
                "A8#,13",
                "Race",
                "#cL33d",
                "BcAR2a3f&g",
                "vFU|1",
                "/\"OSR",
                "nH$RW",
                "(\"B'2",
                "4G:*2",
                "4B#S6",
                "|2\")",
                "1!A!A",
                "nB.V",
                "/\"OF",
                "/Ch\"O",
                "b(r!",
                "c<s2a",
                "b,rL",
                "3 q4",
                "gb/#fba",
                "8\"O!H",
                "/l5\"O",
                "pScS",
                "2(\"!ba",
                "CmR(O",
                "Sb&a",
                "c@s7P",
                "=R;Q 1",
                "!H\"!",
                "da)mf0a",
                "/\"Ol",
                "#<7&7",
                "/Sf\"O",
                "/H$\"O",
                "r/cg",
                "sfRbc`",
                "\"av1",
                "/\"Ok",
                "ab(!O",
                "naPdT",
                "/\"OAa",
                "+%Q$",
                "c3` ",
                "\"!(5",
                "]eS`",
                "I\"(\"",
                "R`QQ",
                "_eW2S`",
                "BceZ",
                "H#dZ",
                "|8<8",
                "CceZ",
                "dceg",
                "/\"ORQ",
                "`QQ ",
                "i\"(\"",
                "mA|1",
                "8#(4,",
                "8#,4,",
                "vSch3",
                "70wp#",
                "c sE",
                "vs !0",
                "s0a,1",
                "ChCh",
                "335p",
                "ESb82",
                "8tX3\\9",
                "8#{a",
                "3ah&",
                "!C!Cw9",
                "70wt\"",
                "3g8#",
                "b$r\"a",
                ",1tQ,1",
                "/\"ODY",
                "Q bg",
                "#ErW",
                "2#Q$R",
                "6bas`",
                "6:P3e",
                "Cy#8#",
                "4Ca@q",
                "5(\"$",
                "SQNU",
                "y]q!",
                "b#`]",
                "33aDq",
                "asaDq",
                "nQ`R",
                "CcCb",
                "/Ci\"ODQ",
                "sDQ0`",
                "CQ #",
                "/\"OLZ",
                "xLR a",
                "Ca@q",
                "CeEu",
                "LSpb0a,b",
                "`%pa",
                "l6CaEq",
                ")CbDr",
                "Cf@v",
                "LR a",
                "rLR4",
                "pbLS0a,b",
                "wLVpaCc%",
                "pb`a,b",
                "a 1%",
                "X7 a",
                "20c,2NV-",
                "<cce-b",
                "ESa'b;!(!",
                "\\~#`+",
                "a#` ",
                "0*|i",
                "\\~\\~",
                "/\"ODR",
                "nA`R",
                "aP1K",
                "A[!$",
                "c`@a",
                "aP1J",
                "A[!#",
                "C`X0",
                "nCbTa",
                "/\"O!",
                "/\"ON",
                "c<33a",
                "<93i?",
                "t@b#`",
                "(\"#`.",
                "sc-Cy!sb",
                "G)B|g",
                "\"{#;\"\"*",
                "/\"O(",
                "A3mZ",
                "R(\"X",
                "Pl~l~",
                "/\"OW",
                ",22`-",
                "3grb",
                "@a@a",
                "@a`$",
                "+#`6",
                "*#`6",
                "4P~T~",
                "/Sa\"O",
                "/sj\"O",
                "!R.$",
                "/Ck\"O;",
                "R|q3",
                "/\"Os",
                "Rsh#7^",
                "|6Sa",
                "12cl<",
                "F261",
                "J)ASg",
                "Zejf",
                "~S`ca",
                "rZB-",
                "C#`.",
                "`cal",
                "\\1|1,2",
                "acc\\3|3",
                "sS`|",
                "x'<6",
                "\"#`e",
                "s0`+",
                "q gs`",
                "sfRb",
                "/cgj6",
                "/\"OMZ",
                "/\"O][",
                "Sh8x",
                "/Ch\"OA`",
                "73`@",
                "EPDQ",
                "8QT|83f",
                "6Cg*7casb@2",
                "G261b%q",
                "\"OATRe",
                "/\"OmZ",
                "ch8x",
                "/Ck\"O",
                "nDaTb",
                "+` 0",
                "FPb3aSh",
                "BaSb",
                "CQBP",
                "#{&;!",
                "q`!FQ",
                "uHQ)!<A",
                "uIQ)!<A",
                "uJQ)!<A",
                "uKQ)!<A",
                "/Cb$aCc",
                "n,b+!Cb",
                " a}A",
                "DaDb",
                "A,b+!",
                "Da@b",
                "\"OBd",
                "29!|A",
                "Q9!|A",
                ",b+!",
                "A+!sb",
                "g<c bmA(C;!,b|g{!",
                "\"#=$",
                "i$z0|",
                "s0b(\"",
                "z0b(\"",
                "$~$~",
                "@`Pa",
                "3`@a",
                "nb.!",
                "C`p3",
                "1#`X0",
                "http://",
                "https://",
                "0123456789abcdef",
                "d1{b6>",
                "/proc/%d/exe",
                "/proc/%d/stat",
                "%*s %*s %*s %*s %*s %*s %*s %*s %*s %*s %*s %*s %*s %*s %*s %*s %*s %*s %*s %*s %*s %s",
                "/proc/",
                "/tmp/encoder",
                "/ (deleted)",
                "/home/",
                "/compress/bin/",
                "/compress/usr/",
                "/usr/local/",
                "/usr/java/",
                "/usr/libexec/",
                "/usr/sbin/",
                "/usr/bin",
                "/usr/lib/",
                "/html/home/webserver",
                "/opt/app/",
                "/lib/systemd/",
                "/snap/snapd/",
                "/system/system/bin/",
                "/gm/bin/",
                "/mnt/mtd/",
                "/z/zbin/",
                "/dvr/",
                "/z/bin/",
                "/z/secom/",
                "/bin/",
                "/data/module/jdk",
                "/db2/",
                "/db/",
                "/data/",
                "/run/",
                "/proc/%d",
                "reboot",
                "lets.lock",
                "abcdefghijklmnopqrstuvwxyzABCDEFGHIJKLMNOPQRSTUVWXYZ0123456789",
                "`abeqhp",
                "e5war1}3g7=o",
                "jaskvejcapagl",
                "ravpa|61aopow567",
                "skk`}",
                "skk`}5543",
                "n5+[2w.s",
                "sefnpei",
                "a54e`g7=",
                "etm|",
                "ja||e`imj",
                "}5j6mjg*gki4311",
                "n5+[3w|s",
                "pahagkie`imj",
                "e`imjpahagki",
                "41=EjoN",
                "OHDQLa^4",
                "5057<<",
                "llllll",
                "5555",
                "e`imj5670",
                "E`imjmwpvepkv",
                "e`etpag",
                "ffw`)ghmajp",
                "JQHH",
                "tev4p",
                "gefhagki",
                "tkmjpkbweha",
                "mgepgl==",
                "@KGWMW[ETT",
                "7gki",
                "japktme",
                "Gleiahakj",
                "K|lhsWC<",
                "W6bCuJBw",
                "cqawp",
                "56701",
                "5670",
                "pwckmjckj",
                "wkhkoa}",
                "pahjape`imj",
                "567012",
                "644<4<62",
                "5445glmj",
                "|g7155",
                "rm~|r",
                "lc6|4",
                "lqjp131=",
                "jbhagpmkj",
                "tewwskv`",
                "teww",
                "p4pehg4jpv4h0%",
                "~h||*",
                "|il`mtg",
                "ohr567",
                "ohr5670",
                "w}wpai",
                "msof",
                "44444444",
                "smj5`ksw",
                "jaswlaaj",
                "jaskvejca<<<<<<<<",
                "jaskvejc",
                "phNstfk2",
                "rwpevgei6451",
                "64514246",
                "lmormwmkj",
                "rl`5642",
                "UsawpI4`ai",
                "bm`ah567",
                "weiwqjc",
                "atmgvkqpav",
                "e`imjDimimbm",
                "`eaikj",
                "wqttkvp",
                "3qnIok4e`imj",
                "`rv61<4666",
                "lectkhi5",
                "r6itvp",
                "hNstfk2",
                "6455rwpe",
                "@57ll_",
                "|il`tmg",
                "pahjap",
                "seck",
                "glmje567",
                "fddldlfb",
                "nqejpagl",
                "10765",
                "222222",
                "^pa165",
                "lm715<",
                "nrf~`",
                "ejok",
                "qfpj",
                "wkhm`fhqa",
                "e`imjth`p",
                "<`76b<0=20effg3e24=3a07",
                "a<lkia",
                "Ehtlejapskvow",
                "svcj04[`hsfv[`mv251n",
                "5e`imj4",
                "hpagh0v4",
                "g}peqwav",
                "eppe`imj",
                "7the}",
                "^\\@WH",
                "fe}ej`wh",
                "vkkp",
                "7:7z#%z3-",
                "6; z#%z3-",
                ":217 10",
                "=3< t0=0t= 't>;6",
                "'<188",
                "1:5681",
                "'-' 19",
                "{6=:{6!'-6;,t",
                "nt5$$81 t:; t2;!:0",
                ":7;&&17 ",
                "5''#;&0",
                ";3=:",
                "1: 1&",
                "8=:!,'<188",
                "{1 7{&1';8\"z7;:2",
                ":591'1&\"1&t",
                "7;::17 =;:nt?11$y58=\"1",
                "771$ nt 1, {< 98x5$$8=75 =;:{,< 98",
                ",98x5$$8=75 =;:{,98o%idzmx=9531{#16$x~{~o%idzl",
                "771$ y",
                "5:3!531nt1:y",
                "x1:o%idzl",
                "'1 7;;?=1|}",
                "&12&1'<n",
                "8;75 =;:n",
                "'1 y7;;?=1n",
                "7;: 1: y81:3 <n",
                " &5:'21&y1:7;0=:3n",
                "7<!:?10",
                "7;::17 =;:n",
                "'1&\"1&nt0;'5&&1' ",
                "'1&\"1&nt78;!0285&1y:3=:,",
                ";.=885{azdt|",
                "57=: ;'<ot",
                ": 18t",
                "tedzbot&\"nfazd}t",
                "17?;{fdeddedet",
                "=&12;,{fazd",
                "tedzbot&\"nfezd}t",
                "=&12;,{fezd",
                "tedzbot&\"nf`zd}t",
                "=&12;,{f`zd",
                "edot&\"nggzd}t",
                "=&12;,{ggzd",
                "{$&;7{",
                "{ 9${",
                "{1,1",
                "{$&;7{:1 { 7$",
                "{7908=:1",
                ";!&71t",
                ":3=:1t",
                "!1&-",
                "7;: 1: y",
                "-$1nt5$$8=75 =;:{,y###y2;&9y!&81:7;010",
                "=:0;#'t",
                "tedzdot",
                "b`}t",
                "$$81",
                "= {agczgbt|",
                "xt8=?1t",
                "17?;}t",
                "<&;91{aezdzfcd`zedgt",
                "525&={agczgb",
                "<&;91{afzdzfc`gzeebt",
                "tbzeot",
                "= {bdezczct|",
                "1&'=;:{mzezft",
                "525&={bdezczc",
                ";.=885{`zdt|7;9$5 =681ot",
                "tmzdot",
                "tazeot",
                "&=01: {azd}",
                "tbzdot",
                "&=01: {`zdot",
                "cz`ot",
                "5 <zgot",
                "eotz",
                "tgz`zaggbdot",
                "b`ot1:y",
                "&5#81&ot",
                "10=5t",
                "1: 1&t",
                "tazd}",
                "5 <zfot",
                "t`z`zalcmmot",
                "&=01: {azdot",
                "&;0!7 '}",
                "=:b`ot,b`}t",
                "<&;91{bfzdzgfdfzm`",
                "(nil)",
                "(null)",
                "hlLjztqZ",
                "npxXoudifFeEgGaACScs",
                " +0-#'I",
                "Unknown error ",
                "Success",
                "Operation not permitted",
                "No such file or directory",
                "No such process",
                "Interrupted system call",
                "Input/output error",
                "No such device or address",
                "Argument list too long",
                "Exec format error",
                "Bad file descriptor",
                "No child processes",
                "Resource temporarily unavailable",
                "Cannot allocate memory",
                "Permission denied",
                "Bad address",
                "Block device required",
                "Device or resource busy",
                "File exists",
                "Invalid cross-device link",
                "No such device",
                "Not a directory",
                "Is a directory",
                "Invalid argument",
                "Too many open files in system",
                "Too many open files",
                "Inappropriate ioctl for device",
                "Text file busy",
                "File too large",
                "No space left on device",
                "Illegal seek",
                "Read-only file system",
                "Too many links",
                "Broken pipe",
                "Numerical argument out of domain",
                "Numerical result out of range",
                "Resource deadlock avoided",
                "File name too long",
                "No locks available",
                "Function not implemented",
                "Directory not empty",
                "Too many levels of symbolic links",
                "No message of desired type",
                "Identifier removed",
                "Channel number out of range",
                "Level 2 not synchronized",
                "Level 3 halted",
                "Level 3 reset",
                "Link number out of range",
                "Protocol driver not attached",
                "No CSI structure available",
                "Level 2 halted",
                "Invalid exchange",
                "Invalid request descriptor",
                "Exchange full",
                "No anode",
                "Invalid request code",
                "Invalid slot",
                "Bad font file format",
                "Device not a stream",
                "No data available",
                "Timer expired",
                "Out of streams resources",
                "Machine is not on the network",
                "Package not installed",
                "Object is remote",
                "Link has been severed",
                "Advertise error",
                "Srmount error",
                "Communication error on send",
                "Protocol error",
                "Multihop attempted",
                "RFS specific error",
                "Bad message",
                "Value too large for defined data type",
                "Name not unique on network",
                "File descriptor in bad state",
                "Remote address changed",
                "Can not access a needed shared library",
                "Accessing a corrupted shared library",
                ".lib section in a.out corrupted",
                "Attempting to link in too many shared libraries",
                "Cannot exec a shared library directly",
                "Invalid or incomplete multibyte or wide character",
                "Interrupted system call should be restarted",
                "Streams pipe error",
                "Too many users",
                "Socket operation on non-socket",
                "Destination address required",
                "Message too long",
                "Protocol wrong type for socket",
                "Protocol not available",
                "Protocol not supported",
                "Socket type not supported",
                "Operation not supported",
                "Protocol family not supported",
                "Address family not supported by protocol",
                "Address already in use",
                "Cannot assign requested address",
                "Network is down",
                "Network is unreachable",
                "Network dropped connection on reset",
                "Software caused connection abort",
                "Connection reset by peer",
                "No buffer space available",
                "Transport endpoint is already connected",
                "Transport endpoint is not connected",
                "Cannot send after transport endpoint shutdown",
                "Too many references: cannot splice",
                "Connection timed out",
                "Connection refused",
                "Host is down",
                "No route to host",
                "Operation already in progress",
                "Operation now in progress",
                "Stale NFS file handle",
                "Structure needs cleaning",
                "Not a XENIX named type file",
                "No XENIX semaphores available",
                "Is a named type file",
                "Remote I/O error",
                "Disk quota exceeded",
                "No medium found",
                "Wrong medium type",
                "%u.%u.%u.%u.in-addr.arpa",
                "%x.%x.",
                "ip6.arpa",
                "/bin/sh",
                "/dev/null",
                "O8M2",
                "hlLjztq",
                "npxXoudifFeEgGaACSncs[",
                "nfinity",
                "/etc/services",
                "/etc/resolv.conf",
                "/etc/config/resolv.conf",
                "nameserver",
                "domain",
                "search",
                "infinity",
                "/etc/hosts",
                "/etc/config/hosts",
                "CAk[S",
                ".shstrtab",
                ".init",
                ".text",
                ".fini",
                ".rodata",
                ".ctors",
                ".dtors",
                ".data",
                ".got",
                ".bss",
                " !\"#$%&'()*+,-./0123456789:;<=>?@abcdefghijklmnopqrstuvwxyz[\\]^_`abcdefghijklmnopqrstuvwxyz{|}~"
            ]
        }
    ]
}