{
    "malware_data": [
        {
            "filename": "a78c585914214e3c71123e41b7c9c220065cddd3b9aefbe909ebe9dc40e29ff0.elf",
            "filetype": "7F454C46",
            "filesize": "26KB",
            "hash_sha256": "a78c585914214e3c71123e41b7c9c220065cddd3b9aefbe909ebe9dc40e29ff0",
            "strings": [
                "'UPX!",
                "\\W4N",
                ")s{j",
                "{C#$",
                "o9'q",
                "`A O",
                "x)P%",
                "tHrz",
                "1GC/",
                "WX)c",
                "j%'ssz",
                "f$q/\\",
                "mHw.",
                "?b2~",
                "*L,^",
                "X 7f",
                "IRqB",
                "&->de!",
                "ydEmb",
                "<;zm",
                "qxxK",
                "+laN",
                "BR)G",
                "2WVIx",
                "%j[|",
                "%Y%m",
                "A|+09",
                "-\\4%",
                "ybL\"",
                "0TOg",
                "y$pV",
                "HEC#",
                "r@Iu",
                "qRV8",
                "UKm*P",
                "`+p?",
                "Wp!Y",
                "kZ6s7",
                "[s[)={k",
                "~\"rO",
                "=Kb7d>",
                "WX=o7",
                "di0g",
                "<fc_U",
                " hD1",
                "gy%KU",
                "VPWBbk",
                "qiG.",
                "MY!=",
                "=$>F",
                "n-7e",
                "Er`b",
                "*;Dq",
                ";S(E",
                "]<}Q",
                "$A8}",
                "RXw$H+",
                "H2]m",
                "-<RB",
                "K<A}",
                "=v%i",
                "/ :Gt",
                "B,T9",
                "VE'_?",
                "fT<~",
                "*:_%",
                ",$r0",
                "x>V}",
                "DP!1",
                "ZBa^",
                "#CE:",
                "m{>z",
                "z~b$m",
                "3GPY7",
                "H\"+R",
                "5k]l",
                "JO;)OA",
                "N3rS",
                "Ja#A",
                "AB6+",
                "*r.8",
                "LQYP^es",
                "MF99MC",
                "S)^#",
                "Cc&:",
                "3Oz(3",
                "!P2\\U",
                "A:jq",
                "aaFLA",
                "QS&}",
                "8m^v-",
                "By_o@",
                ".T\"{",
                "2`rf",
                ",K/eSu",
                "Xpt*",
                "`yML3",
                "ZXpO",
                "PK9e",
                "!OVk",
                "T5[>",
                "a:\"h",
                "tJzEO",
                "WxFIO",
                "jRT}'y",
                "eHT.",
                "oRPZ",
                "-zdmS",
                "zuqHV",
                "Muck",
                "R,.=",
                "i78AH&]M",
                "[wp ",
                "?tf{",
                "rF(!+",
                "Z4mM!",
                "50b2",
                "\"D.z",
                "x=QE",
                "_ql<",
                "|RXeg",
                "t;a-",
                "K{2n",
                "L^B7$8",
                "q=w&",
                "j.'F",
                "g|XZ",
                "nezZnK\"",
                " Qm3",
                "pg,L+",
                "\"M$D",
                "(2\"p",
                "w=6*Jm",
                "U]U\"@;",
                "` }T",
                "1BC?",
                "K#2Xq",
                "=y&+",
                "@y@P",
                "89u.",
                "aw.\\D",
                "!pi)",
                ">y!{",
                "uH6[",
                "`C+?",
                "!7W.",
                "Uuq[",
                "wEZD",
                "r-<Pj",
                "Dnh$I",
                ">]4+jnB",
                "`d0xG",
                "Oqe6`",
                "<'z!",
                "GW~)H36",
                "byQN",
                "7z;p",
                "9{&#",
                "CT4k'",
                "Mt/,",
                "-UDO",
                "P|Tsq",
                "'hy5",
                "*[Tr}",
                "#+Wj",
                "<HE7",
                "J8_w6",
                "*@^9",
                ":|m.",
                "TEDo5",
                "zS496",
                "yYS|",
                "TK;[",
                " 7,`",
                "=iX&",
                "XmwA",
                "q<x\\",
                "*#.c",
                "o<77",
                "U\\5S",
                ">Lb7",
                "tTuR?",
                "N*^n",
                "xs>l(pX{",
                "1HM'm",
                "W4XA",
                "b[.>",
                "sm~IJY",
                "1C8&",
                "Y?1V",
                "j&QH",
                "88[3",
                "XY?V",
                "S/zB",
                "IrmGc",
                "DW#_*+",
                "85t.",
                "I9Ve",
                "@2cd",
                "\\{9\"8g#",
                "VN[Bm",
                "~#G]",
                "1Xh#V",
                "Lk{A",
                "d:7Cw",
                "D*9o",
                "(|)IJ",
                "-{'O",
                "y!6TK-",
                "!)ny",
                "W6$#",
                "k*b6",
                "iK'h",
                "X'qnp",
                "L7? =",
                "22{v",
                "lY1D",
                "I!N,",
                "Ry}f",
                "B:<$",
                "*xh|",
                "{I#&f>-",
                "JUc$",
                ".:-5yT",
                ";_NC",
                "Zq,K_",
                "wHs8",
                "[,6G",
                "5979",
                "VTV3K5!2c",
                "yc:R",
                "jk@$",
                "T'R=",
                "zJq ",
                "yukN",
                "O/I,?",
                "!?;z>",
                "OL?`",
                "0a,t",
                "J&y;",
                "$b.-",
                "#bS? -'l",
                "vh*H",
                "%H.|",
                "?VQ6t",
                "j[LmM",
                "n4;?",
                "SnO}C",
                "98.g/U",
                "'rBe",
                "OUwD",
                "FH!*B",
                "p!'9",
                " C0b",
                "p%'9",
                "(!PROT_EXEC|PROT_WRITE failed.",
                "$Info: This file is packed with the UPX executable packer http://upx.sf.net $",
                "$Id: UPX 3.94 Copyright (C) 1996-2017 the UPX Team. All Rights Reserved. $",
                "r&J+",
                "lc'+\"",
                "wfb_.i/",
                "3!L!",
                "x)h5",
                "gdv]",
                "^Zq9 ",
                "XCpah",
                "3wj}",
                "#?a4",
                "n&2|",
                "AzX6",
                "K:bTH",
                "r9aQ",
                "39R0flU",
                "UPX!"
            ]
        }
    ]
}