{
    "malware_data": [
        {
            "filename": "9cc3f85bf7ed1c4470c3b21f0b4c74ecd5520d5365952400983c9b6031c9e20f.elf",
            "filetype": "7F454C46",
            "filesize": "28KB",
            "hash_sha256": "9cc3f85bf7ed1c4470c3b21f0b4c74ecd5520d5365952400983c9b6031c9e20f",
            "strings": [
                "UPX!",
                "/ew9",
                ")V\"8*",
                "Np@v",
                "bz3v",
                "nkd'",
                "yKW1j",
                "a:wm",
                "MQZi",
                "4cfR",
                "Pmc!I",
                "_$VT",
                "Ff|oF",
                "$gR0C",
                "7Vv9",
                "VB(\\",
                "+PD@o",
                "|CT!",
                "M8EzO",
                "3:Y3z?fed7[B",
                "fl3B",
                "{d>d",
                "o6@!K",
                "G\"B ",
                "(|EZ",
                "wHNM",
                "J``^",
                "Tw\\*",
                "OJU*",
                "Cku-",
                "\"5M(-",
                "(0~b",
                "\"1yU",
                "@(R\"",
                "}dC(",
                "{)H{!E",
                "wOwFh",
                "IB7$",
                "4mY>",
                "PEcf",
                "72;j",
                "h(hZ",
                "|=JK",
                "dB2~",
                "&Nij",
                "LeF]",
                "n[2N",
                "vc\"E",
                "0ef:",
                "<XSM",
                "-ag+&!8",
                "5J*;",
                "Pf_P X",
                "}{B.A`",
                "c1U)",
                "LY}\"",
                "H3gK",
                "d)h+",
                "bO=.",
                "B9ZO",
                "C-c9k",
                "pv7s0",
                "qSy3",
                " jqC",
                "64|m",
                "@aE|",
                ",Elc",
                "=_Wo",
                "@x46",
                "($u$",
                "E4VN",
                "2![R",
                " ;(*",
                "bP<t",
                "C%tU",
                "inrG",
                "a3>%",
                "T)S&",
                "lFwI",
                "}]t|",
                "EFK%",
                "(gE!^'",
                "98uE",
                "9DPR",
                "#KX~/",
                "Hrmq",
                ".a mqd",
                "PW~C_>n}Y",
                "wyA3",
                "\\w} c>x",
                "/T/3",
                "37]Q",
                "I q3",
                "_iRg",
                "gg|8",
                "l%::",
                "IL^Q",
                "IR#\"",
                "%B75",
                "}=_u",
                "[qRj",
                "CR:x",
                "llq(",
                "UU%uL/CU",
                "[\" XzbeL",
                "/DrWB\\",
                "UEttr",
                "PK\"Cs",
                "5V9p",
                "'p1PD",
                "XLg-ng",
                "*4Tl",
                "=GDM",
                "!yo~",
                ":<`Vk",
                "]BCA",
                "8*a <+l",
                "@Eg{",
                "x)Y)",
                " |(z",
                "?bXh",
                "EMY.",
                "|p2ef",
                "zvJQ",
                "<)G`",
                "&Wg7P`}",
                "r|{3",
                "/I>w)",
                ">879",
                "}-nB",
                "jzIP",
                ",y8F",
                "X;1RG?",
                "Kp:9",
                "k&qz&",
                "Pi&bla]",
                "}lu7 =",
                "|<l&",
                "bXsDJ",
                "dd6i-",
                "dr;foC",
                ".8X]",
                "IM:L}",
                "'Wp6",
                "#Uv.",
                "f^Jy?",
                ">zFW",
                "QjH9)",
                "pkHK\\?",
                "#Kwl",
                "bduX",
                "q`$3",
                "D)!~",
                "e8P)",
                "}AG|",
                "!2!1",
                "hwk~5",
                "NArb",
                "w;=L",
                "X$\\9",
                "^)r3",
                "un{K",
                "lx.Q]",
                "*GkG",
                "*fytH",
                "(\"BS",
                "9?}/p",
                "P$<vp",
                "Z}&5",
                ":b7Q",
                "L`vB!",
                "9pR:",
                "#H'p",
                "dTOw",
                "xv*`",
                "x;hV",
                "Gm@M~",
                ")+rw",
                "xqwy",
                "bztr",
                "g~.Q",
                "\\cyb*",
                "<z`h",
                "|&W^",
                "~</!",
                "'y }",
                "f, Z",
                "*\\-N",
                "\"f+>",
                "~xU&/",
                "c0}y",
                "OSH~-S",
                "~tGw",
                " Sq;",
                "@MO#_j",
                "u3[y",
                "\"f=wk",
                "( +XL",
                "a2 j",
                "I ]w",
                "%4ft",
                "`:m#",
                "GilU",
                "%<\\Z",
                "bL^'",
                "SwU8",
                "+U3i",
                "!2v)g",
                "$mIP",
                "w0B[oJ",
                "cy28",
                "&(T[",
                "R:*$",
                "^b}d",
                "[~:7",
                "K[UK",
                "EYN7",
                "G=>5",
                "ZCg-",
                "]=p1",
                "q(U]",
                "GVOE",
                "I:>`",
                "PT`O`",
                "(ve'3",
                "(SGSZ",
                ")}KU",
                "%/#Q",
                "b-AU",
                "99fd\\",
                "lz]|T",
                "4xc\\",
                "=nL?7",
                "^~.}",
                "twBW",
                "2q2y",
                "QZHO",
                "t.af",
                "4r]T",
                "=7hM\"I",
                "/+4~",
                "oJz3",
                "0A.&",
                "It%3:",
                "?gN&",
                "H/[ ",
                "_h2UP",
                " $a\"*",
                "gC4Y",
                "Zfow~",
                "Fm&\\",
                "pV(Y",
                " _bM",
                "QDRE",
                ")mSO",
                "` !@",
                "#[1!",
                "0vOF",
                "LZ6P",
                ")}Blk4",
                ":JOb",
                "t<szGB",
                "O^@<",
                "Y3h1",
                "&m+A",
                "Q]~X",
                "O|KD",
                "7`YS",
                "Zq[IO5",
                "N/y?",
                "3qVz",
                "=(7r",
                "w?WOc",
                ":I_J",
                "N@l4K",
                "[HY0-",
                "Z#fk",
                "2CuKUE",
                "FH!*B",
                "p!'9",
                " C0b",
                "p%'9",
                "(!PROT_EXEC|PROT_WRITE failed.",
                "$Info: This file is packed with the UPX executable packer http://upx.sf.net $",
                "$Id: UPX 3.94 Copyright (C) 1996-2017 the UPX Team. All Rights Reserved. $",
                "r&J+",
                "lc'+\"",
                "wfb_.i/",
                "3!L!",
                "x)h5",
                "gdv]",
                "^Zq9 ",
                "XCpah",
                "3wj}",
                "#?a4",
                "n&2|",
                "AzX6",
                "K:bTH",
                "39R0flU",
                "Q-C="
            ]
        }
    ]
}