{
    "malware_data": [
        {
            "filename": "a56ab2abe69823efba8192aad89c0521b3869f091752ce63e7ec399f679b1768.exe",
            "filetype": "4D5A9000",
            "filesize": "95KB",
            "hash_sha256": "a56ab2abe69823efba8192aad89c0521b3869f091752ce63e7ec399f679b1768",
            "strings": [
                "!This program cannot be run in DOS mode.",
                ".text",
                "`.rsrc",
                "@.reloc",
                "-$ro",
                "3$ro",
                "-es,",
                "-e(V",
                "iY(c",
                " KDBM(k",
                "*2(V",
                "*.sH",
                " @B/",
                "jXi(",
                "j[+.",
                "+[(x",
                "+O~*",
                "+$~+",
                "+*.s",
                ">@(G",
                "BSJB",
                "v4.0.30319",
                "#Strings",
                "#GUID",
                "#Blob",
                "/M@C",
                "f9GF",
                "O<9&",
                "0=M@.",
                "/M@.",
                "F=QI",
                ")M3&",
                "k;M3",
                "hKM3",
                ";!:\"",
                "O0M@",
                " WO]",
                " cOb",
                " d*z",
                "Q?E\"",
                "3EEECA8C90CAA62AB5F9CCDD8715DA5023F4BA00",
                "__StaticArrayInitTypeSize=10",
                "__StaticArrayInitTypeSize=20",
                "359A00EF6C789FD4C18644F56C5D3F97453FFF20",
                "__StaticArrayInitTypeSize=30",
                "__StaticArrayInitTypeSize=40",
                "7C9294BE6200FF78DBFFD78FF8899846A7C82760",
                "77A9683FAF2EC9EC3DABC09D33C3BD04E8897D60",
                "A8F9B62160DF085B926D5ED70E2B0F6C95A25280",
                "__StaticArrayInitTypeSize=90",
                "F413CEA9BAA458730567FE47F57CC3C94DDF63C0",
                "<>9__0_0",
                "<Scan>b__0_0",
                "<.ctor>b__0_0",
                "<DistinctBy>b__0_0",
                "<>c__DisplayClass0_0",
                "<GetWindowsVersion>g__HKLM_GetString|11_0",
                "<>c__DisplayClass1_0",
                "<>9__3_0",
                "<ContainsDomains>b__3_0",
                "<>9__5_0",
                "<GetScanArgs>b__5_0",
                "<>9__8_0",
                "<ListOfPrograms>b__8_0",
                "<>9__9_0",
                "<AvailableLanguages>b__9_0",
                "<Execute>b__0",
                "<.cctor>b__0",
                "<>p__0",
                "2FBDC611D3D91C142C969071EA8A7D3D10FF6301",
                "855FED6E03442FBB3AF914FFBFA9DA82813817A1",
                "989657DD93570810E43C5B1F68E529460CA796F1",
                "<>9__3_1",
                "<ContainsDomains>b__3_1",
                "<Scan>b__1",
                "<>p__1",
                "Func`1",
                "IEnumerable`1",
                "IOrderedEnumerable`1",
                "CallSite`1",
                "ICollection`1",
                "IEnumerator`1",
                "IList`1",
                "ChannelFactory`1",
                "arg1",
                "1674D4347598B476FA761898A499DB4C02053102",
                "__StaticArrayInitTypeSize=102",
                "CA800E6788E431A0A8BC7A47AE9929225FEE5702",
                "__StaticArrayInitTypeSize=12",
                "__StaticArrayInitTypeSize=22",
                "__StaticArrayInitTypeSize=32",
                "Microsoft.Win32",
                "ToUInt32",
                "ToInt32",
                "A937C899247696B6565665BE3BD09607F49A2042",
                "__StaticArrayInitTypeSize=42",
                "__StaticArrayInitTypeSize=152",
                "__StaticArrayInitTypeSize=52",
                "C870F92F620E60CAA51A5D7E3D77C55576D20862",
                "__StaticArrayInitTypeSize=62",
                "__StaticArrayInitTypeSize=72",
                "3F6BA22DF7E6EB52DA3166FB3020D155A2776ED2",
                "D67333042BFFC20116BF01BC556566EC76C6F7E2",
                "EB7EF1973CDC295B7B08FE6D82B9ECDAD1106AF2",
                "<>9__0_2",
                "<Scan>b__0_2",
                "<GetTokens>d__2",
                "<>p__2",
                "<>c__0`2",
                "Func`2",
                "IGrouping`2",
                "KeyValuePair`2",
                "Dictionary`2",
                "04EC68A0FC7D9B6A255684F330C28A4DCAB91F13",
                "asd44123",
                "AKSFD8H23",
                "EB14352FBADB40E2FA237D444A6575B918573C43",
                "5AC5D01D531EDFB3707A50A2476ABF6A4D050763",
                "2ADC9207E27E1E7B3C16C7A8A6F212757DCFE863",
                "4E3D7F188A5F5102BEC5B820632BBAEC26839E63",
                "387D8DBBFB12BA323F1E0F1F539B4DA9550070C3",
                "8D47DE3FB22B40C72F6EC333F40C80E5B29C87D3",
                "C39241F447680C35D3966F9446AAE6D462E04AD3",
                "840CAD2B45646D90644E85D8BE6A733AA684A0E3",
                "79E9B68FB6E1987DED749BCD71143BD8EB323CE3",
                "<Scan>b__3",
                "<>p__3",
                "Func`3",
                "4EF472E2E74116C7FD95C74AB422CCF80DB1C404",
                "__StaticArrayInitTypeSize=14",
                "__StaticArrayInitTypeSize=124",
                "__StaticArrayInitTypeSize=24",
                "sl9HSDF234",
                "sdfo8n234",
                "46884713B2F882E5304A1FF1B16370575A53E434",
                "__StaticArrayInitTypeSize=34",
                "__StaticArrayInitTypeSize=144",
                "__StaticArrayInitTypeSize=154",
                "__StaticArrayInitTypeSize=64",
                "FromBase64",
                "ToInt64",
                "67CD3B1DF0AD5BAEAA1ABDDA3FCAFB2EEBDD2684",
                "24745D8330E61F986032C2034A579B0B80181594",
                "5DCB9EAE4CEECF21F13DB2FBBE60A2FFC47453B4",
                "1076B53156E190E9BCBE281016712F2D3F02D3B4",
                "<>9__0_4",
                "<Scan>b__0_4",
                "<>o__4",
                "get_IPv4",
                "set_IPv4",
                "EB2DB456E0D779E528D1474FA55AC99055A5E815",
                "38F431A549411AEB32810068A4C83250B2D31E15",
                "B14822E504AE1EF678AE0E823684D7B32F95A725",
                "askd435",
                "9345",
                "703C0129D2425B4E51361C24EBE8A0042E483AC5",
                "2A92E2F98903398CD12F10BDF583F44C2C6EEBF5",
                "<Scan>b__5",
                "Func`5",
                "Action`5",
                "89597D644F71E5F46E2E63751A3C5F94FCFCD516",
                "__StaticArrayInitTypeSize=16",
                "E0CEB3E46E857A70CFB575A05B01A64806A8D426",
                "5E52C12E6FD3BB7F2A02D01E80229C758C55CC26",
                "__StaticArrayInitTypeSize=46",
                "__StaticArrayInitTypeSize=76",
                "7390CD62F6A65F4FB819D675F451B41EE1790C96",
                "__StaticArrayInitTypeSize=6",
                "80E5A0A2B81DB2473AFBB3FDD6F479670B7B41C6",
                "0E5921723BD3C6CB75662A156FB56AF05A7152C6",
                "<>9__0_6",
                "<Scan>b__0_6",
                "508209E11F4027EB3115950926B6AA24E91A3607",
                "3F97CA5BE7FE9C129528F72AF4DFC001E9A3D047",
                "D3E21E15607F5CF9027C28EA14C124E278E3D957",
                "FB77AA8CDAF4D2192696350B7AB546B533467477",
                "18B532EF2959EF2ED8C549D712E3446FF49E4287",
                "4062BDAE12A3F6A735FAD41F5A4EA518A1C50B87",
                "C961283A536D49979AAD11F7BC192F2ACA8D3B97",
                "007A56C60CB686C542C5A63F4806094A4F9494B7",
                "89C95FB6F8086AFCCD50B1B257669F2B17C047B7",
                "B322AF50AA029F1E4D2A68F4003EFBC9BE2A0FB7",
                "D82572C56BDDD62E320B8BDAF0397A0DF9DD5BF7",
                "<Scan>b__7",
                "<>o__7",
                "__StaticArrayInitTypeSize=18",
                "__StaticArrayInitTypeSize=28",
                "__StaticArrayInitTypeSize=38",
                "__StaticArrayInitTypeSize=48",
                "__StaticArrayInitTypeSize=58",
                "A9B6DE7C485B3014653A30C8B4BEFA8F70610178",
                "__StaticArrayInitTypeSize=78",
                "00D675BCFF1D9FECDD0CA29C78CB6A24748C8788",
                "DF08DD4DFFDB6C9048202CAE65882EF91ECE6BA8",
                "9B88C78E81ADB9E7247AB37D1F5F3861810916D8",
                "46F273EF641E07D271D91E0DC24A4392582671F8",
                "get_UTF8",
                "<>9__0_8",
                "<Scan>b__0_8",
                "asdkadu8",
                "20CB5B8963ECE3D796594F043D66C0E0BAD86669",
                "2B9522D4F7398AB5DB789596FE5DB90589B031E9",
                "<Module>",
                "<PrivateImplementationDetails>",
                "8743F6DD6877BBC815E9F16BEC59057DD1A89B0A",
                "96D6CB223DCF17F7C9F93C825239BDAA3634674A",
                "FE79FF373808574898C82AC1320C55C1182FB75A",
                "A3EFD00EA085079EE7F97407F8EFF07E3990696A",
                "4C1117B01D5C4E103EE817F889EC547C63B47B7A",
                "A9139732ED4CF84F8CE948DCB134114E4F24598A",
                "57F4CB785574C3A09AF99937BF91EA2C31E37C8A",
                "BEDDFAEB0360B1694AB8CD2A69986414790A1D9A",
                "E63C93C721909983D6276C980CFF923987A4D2AA",
                "D3DCBB25544C46B48A1F93C97090361F54FE88BA",
                "4CDA4454A3C36A7EBDCF8FE8B804B379A31D33CA",
                "085EF559935ACAE54FCEBE778C7DE9948289EEDA",
                "A8A5F2DC86E781EC7360D1DDBE09F80EEECE48EA",
                "EBD075615CBE4A710F9410FFECEAF6110A01922B",
                "DF2BDC3975DC25BFAFFA4976E9CD1E38AADF463B",
                "9D9AF3AE11A58D55EB8A6AEC8F03F7AD01E8994B",
                "5BB3788A197C26B8310159EC9A81635814ABB05B",
                "0410277C15CAD5E63A25F491DAEEF493B897678B",
                "81E046FA1D93B661CC948A4DD1E01F20D6192E9B",
                "3D8123EB7B42B02A966BA40985475548B40BE5AB",
                "4369729D8B79D0C651E00137A3B22A1A24DEBB4C",
                "C58D707276695E733863DD82C6DF4DF66A3AD49C",
                "get_CC",
                "set_CC",
                "ScanCC",
                "5F2F91D44A21E42A979E24B620CF42F2CB8687EC",
                "System.Drawing.Drawing2D",
                "FD4C77C0C4405C6A46E5C3CE53E0AE6BAEE7746D",
                "cbAAD",
                "B5B4FA236B87DBCD8055443F05776B10DDEFA5CD",
                "get_ReleaseID",
                "set_ReleaseID",
                "get_TaskID",
                "set_TaskID",
                "6F66485AF823BAE1F185740DA7F4F595701CD22E",
                "571B1023DF3ABFB94C92465B365B1814FEBFAB3E",
                "019AF2BA5625A007B9445741626B50B552493C8E",
                "4956BACC797B0C6C013C7E4846581396C9EF0D8E",
                "459812D18B50C8E5F96831EFD700F962F692D29E",
                "71E427369E07185AE0407E3FAB1A16ED62BD159E",
                "EE4BBE44D57B0465CF2328FB6D7FD1CF1478A9AE",
                "95098CDF929872F9B67E58070D088F8238F7CABE",
                "RunPE",
                "CE18B047107AA23D1AA9B2ED32D316148E02655F",
                "17C588718030CA902BC760013FE165199AD1C85F",
                "4B05CEBD7D70F1607D474CAE176FEAEB7439795F",
                "E705C6345C26AF82E64D22DBE44B2A3514F2F06F",
                "8C49F78A06E711CF0E21134D0B091985336CC37F",
                "501BADE98ACDE8BF4A0424FD9A4354615FF08C7F",
                "D7DC31ED4320E74979DEC780486CF9586470608F",
                "B14D74C51EAE4F88FBF39B8BD07DA392799FCAAF",
                "FE2C2369398F2E9CCEE2214F4E86D8EFDE954FAF",
                "3DB6DAD76E13B54DC03AF1C6092C40388E57FBBF",
                "get_ASCII",
                "get_URL",
                "set_URL",
                "TotalOfRAM",
                "BCRYPT_INIT_AUTH_MODE_INFO_VERSION",
                "get_JSON",
                "FromJSON",
                "ToJSON",
                "get_ScanVPN",
                "set_ScanVPN",
                "BCRYPT_AUTHENTICATED_CIPHER_MODE_INFO",
                "BCRYPT_OAEP_PADDING_INFO",
                "BCRYPT_PSS_PADDING_INFO",
                "System.IO",
                "get_IP",
                "set_IP",
                "get_BlockedIP",
                "set_BlockedIP",
                "get_ScanFTP",
                "set_ScanFTP",
                "DESKTOPVERTRES",
                "BCRYPT_KEY_LENGTHS_STRUCT",
                "cbIV",
                "pbIV",
                "value__",
                "FileZilla",
                "sdi845sa",
                "cbData",
                "DownloadData",
                "ProtectedData",
                "bEncryptedData",
                "cbAuthData",
                "pbAuthData",
                "IpSb",
                "mscorlib",
                "DecryptBlob",
                "ReleaseHdc",
                "GetHdc",
                "Graphic",
                "System.Collections.Generic",
                "func",
                "get_ManagedThreadId",
                "<>l__initialThreadId",
                "updateId",
                "pszAlgId",
                "taskId",
                "get_SessionId",
                "set_MaxBytesPerRead",
                "get_CurrentThread",
                "Load",
                "Download",
                "IsOdd",
                "managed",
                "BytesToStringConverted",
                "<IPv4>k__BackingField",
                "<CC>k__BackingField",
                "<ReleaseID>k__BackingField",
                "<TaskID>k__BackingField",
                "<URL>k__BackingField",
                "<ScanVPN>k__BackingField",
                "<IP>k__BackingField",
                "<BlockedIP>k__BackingField",
                "<ScanFTP>k__BackingField",
                "<ScanDiscord>k__BackingField",
                "<Password>k__BackingField",
                "<PostalCode>k__BackingField",
                "<ZipCode>k__BackingField",
                "<geoplugin_countryCode>k__BackingField",
                "<postal_code>k__BackingField",
                "<country_code>k__BackingField",
                "<geoplugin_longitude>k__BackingField",
                "<geoplugin_latitude>k__BackingField",
                "<Language>k__BackingField",
                "<NameOfFile>k__BackingField",
                "<PathOfFile>k__BackingField",
                "<DirOfFile>k__BackingField",
                "<BrowserProfile>k__BackingField",
                "<Name>k__BackingField",
                "<MachineName>k__BackingField",
                "<HolderName>k__BackingField",
                "<BrowserName>k__BackingField",
                "<Username>k__BackingField",
                "<TimeZone>k__BackingField",
                "<HardType>k__BackingField",
                "<Hardware>k__BackingField",
                "<SeenBefore>k__BackingField",
                "<Secure>k__BackingField",
                "<Value>k__BackingField",
                "<Recoursive>k__BackingField",
                "<Tag>k__BackingField",
                "<TaskArg>k__BackingField",
                "<Path>k__BackingField",
                "<Month>k__BackingField",
                "<ScanSteam>k__BackingField",
                "<ScanTelegram>k__BackingField",
                "<ScanScreen>k__BackingField",
                "<Open>k__BackingField",
                "<geoplugin_region>k__BackingField",
                "<Version>k__BackingField",
                "<OSVersion>k__BackingField",
                "<NameOfApplication>k__BackingField",
                "<Location>k__BackingField",
                "<FileLocation>k__BackingField",
                "<Action>k__BackingField",
                "<Resolution>k__BackingField",
                "<Proton>k__BackingField",
                "<Pattern>k__BackingField",
                "<ip>k__BackingField",
                "<Http>k__BackingField",
                "<Year>k__BackingField",
                "<Number>k__BackingField",
                "<NameOfBrowser>k__BackingField",
                "<DomainFilter>k__BackingField",
                "<Counter>k__BackingField",
                "<Monitor>k__BackingField",
                "<AvailableLanguages>k__BackingField",
                "<Cookies>k__BackingField",
                "<ScannedFiles>k__BackingField",
                "<ScanFiles>k__BackingField",
                "<GameLauncherFiles>k__BackingField",
                "<GameChatFiles>k__BackingField",
                "<MessageClientFiles>k__BackingField",
                "<SystemHardwares>k__BackingField",
                "<Softwares>k__BackingField",
                "<Expires>k__BackingField",
                "<Processes>k__BackingField",
                "<PassedPaths>k__BackingField",
                "<ScanFilesPaths>k__BackingField",
                "<ScanChromeBrowsersPaths>k__BackingField",
                "<ScanGeckoBrowsersPaths>k__BackingField",
                "<ScanDetails>k__BackingField",
                "<SecurityUtils>k__BackingField",
                "<Autofills>k__BackingField",
                "<Logins>k__BackingField",
                "<Actions>k__BackingField",
                "<FtpConnections>k__BackingField",
                "<Browsers>k__BackingField",
                "<InstalledBrowsers>k__BackingField",
                "<ScanBrowsers>k__BackingField",
                "<TaskProcessors>k__BackingField",
                "<ScannedWallets>k__BackingField",
                "<ScanWallets>k__BackingField",
                "<NordAccounts>k__BackingField",
                "<Result>k__BackingField",
                "<os_crypt>k__BackingField",
                "<geoplugin_request>k__BackingField",
                "<Host>k__BackingField",
                "<Body>k__BackingField",
                "<encrypted_key>k__BackingField",
                "<Directory>k__BackingField",
                "<Country>k__BackingField",
                "<BlockedCountry>k__BackingField",
                "<City>k__BackingField",
                "<geoplugin_city>k__BackingField",
                "RecordHeaderField",
                "field",
                "hWnd",
                "Append",
                "CreateBind",
                "Find",
                "Round",
                "set_IsBackground",
                "FromHwnd",
                "method",
                "get_ScanDiscord",
                "set_ScanDiscord",
                "get_Password",
                "set_Password",
                "sdf934asd",
                "asdk9345asd",
                "asdk8jasd",
                "a03md9ajsd",
                "C_h_r_o_m_e",
                "Replace",
                "IsNullOrWhiteSpace",
                "serviceInterfacce",
                "cbNonce",
                "pbNonce",
                "source",
                "Hide",
                "get_PostalCode",
                "set_PostalCode",
                "get_ZipCode",
                "set_ZipCode",
                "get_geoplugin_countryCode",
                "set_geoplugin_countryCode",
                "set_Mode",
                "set_SmoothingMode",
                "chainingMode",
                "set_InterpolationMode",
                "set_TransferMode",
                "set_PixelOffsetMode",
                "BasicHttpSecurityMode",
                "SelectSingleNode",
                "XmlNode",
                "xmlNode",
                "get_postal_code",
                "set_postal_code",
                "get_country_code",
                "set_country_code",
                "get_Unicode",
                "get_BigEndianUnicode",
                "get_geoplugin_longitude",
                "set_geoplugin_longitude",
                "get_geoplugin_latitude",
                "set_geoplugin_latitude",
                "FromImage",
                "Message",
                "percentage",
                "get_Language",
                "set_Language",
                "get_CurrentInputLanguage",
                "AddRange",
                "ScannedCookie",
                "Take",
                "EndInvoke",
                "BeginInvoke",
                "ReadTable",
                "ReadMasterTable",
                "IEnumerable",
                "IDisposable",
                "ToDouble",
                "RuntimeFieldHandle",
                "RuntimeTypeHandle",
                "GetTypeFromHandle",
                "Rectangle",
                "DownloadFile",
                "ScannedFile",
                "get_NameOfFile",
                "set_NameOfFile",
                "get_PathOfFile",
                "set_PathOfFile",
                "get_DirOfFile",
                "set_DirOfFile",
                "CopyFile",
                "get_BrowserProfile",
                "set_BrowserProfile",
                "profile",
                "SetConsole",
                "OpenVPNRule",
                "ProtonVPNRule",
                "GuardaRule",
                "AtomicRule",
                "DiscordRule",
                "EthRule",
                "CoinomiRule",
                "ElectrumRule",
                "DesktopMessangerRule",
                "GameLauncherRule",
                "FileScannerRule",
                "BrowserExtensionsRule",
                "AllWalletsRule",
                "ExodusRule",
                "ArmoryRule",
                "hModule",
                "get_Name",
                "set_Name",
                "procName",
                "fieldName",
                "tableName",
                "set_FileName",
                "lpExistingFileName",
                "GetTempFileName",
                "lpNewFileName",
                "fileName",
                "get_MachineName",
                "set_MachineName",
                "GeckoRoamingName",
                "ChromeGetRoamingName",
                "get_EnglishName",
                "GeckoLocalName",
                "ChromeGetLocalName",
                "get_FullName",
                "ItemName",
                "get_UserDomainName",
                "get_HolderName",
                "set_HolderName",
                "get_UserName",
                "get_BrowserName",
                "set_BrowserName",
                "ChromeGetName",
                "GetProcessesByName",
                "get_DisplayName",
                "tmpFilename",
                "filename",
                "get_Username",
                "set_Username",
                "DateTime",
                "AppendLine",
                "Combine",
                "LocalMachine",
                "get_TimeZone",
                "set_TimeZone",
                "DataProtectionScope",
                "dataProtectionScope",
                "pszBlobType",
                "get_HardType",
                "set_HardType",
                "ChangeType",
                "HardwareType",
                "ValueType",
                "SecurityProtocolType",
                "Compare",
                "get_Hardware",
                "set_Hardware",
                "SystemHardware",
                "Where",
                "System.Core",
                "get_SeenBefore",
                "set_SeenBefore",
                "get_Secure",
                "set_Secure",
                "get_Culture",
                "get_InvariantCulture",
                "Close",
                "System.IDisposable.Dispose",
                "TryParse",
                "Reverse",
                "X509Certificate",
                "certificate",
                "DownloadUpdate",
                "CommandLineUpdate",
                "DownloadAndExecuteUpdate",
                "OpenUpdate",
                "VerifyUpdate",
                "Create",
                "GetDelegate",
                "MulticastDelegate",
                "LocalState",
                "<>1__state",
                "Delete",
                "CallSite",
                "DynamicAttribute",
                "CompilerGeneratedAttribute",
                "UnverifiableCodeAttribute",
                "DebuggableAttribute",
                "TargetFrameworkAttribute",
                "DebuggerHiddenAttribute",
                "ExtensionAttribute",
                "DataMemberAttribute",
                "EnumMemberAttribute",
                "CompilationRelaxationsAttribute",
                "DataContractAttribute",
                "ServiceContractAttribute",
                "OperationContractAttribute",
                "ReliabilityContractAttribute",
                "ParamArrayAttribute",
                "RuntimeCompatibilityAttribute",
                "set_UseShellExecute",
                "ImageToByte",
                "get_Value",
                "set_Value",
                "ParseValue",
                "GetValue",
                "value",
                "Save",
                "get_Recoursive",
                "set_Recoursive",
                "Remove",
                "Happy.exe",
                "get_Size",
                "cbSize",
                "_pageSize",
                "set_MaxReceivedMessageSize",
                "_sqlDataTypeSize",
                "MaxAuthTagSize",
                "set_MaxBufferPoolSize",
                "set_MaxBufferSize",
                "MonitorSize",
                "Serialize",
                "Deserialize",
                "SuppressFinalize",
                "Resize",
                "SizeOf",
                "get_ItemOf",
                "IndexOf",
                "sdfi35sdf",
                "get_Tag",
                "set_Tag",
                "cbTag",
                "pbTag",
                "authTag",
                "hAlg",
                "get_Png",
                "lang",
                "System.Threading",
                "BasicHttpBinding",
                "_dbEncoding",
                "GetEncoding",
                "System.Drawing.Imaging",
                "System.Runtime.Versioning",
                "FromBase64String",
                "ToString",
                "GetString",
                "GetHexString",
                "Substring",
                "System.Drawing",
                "ConvertToULong",
                "get_TaskArg",
                "set_TaskArg",
                "FileScannerArg",
                "scannerArg",
                "Match",
                "GetMd5Hash",
                "ComputeHash",
                "Math",
                "get_Path",
                "set_Path",
                "profilePath",
                "GetFolderPath",
                "rootPath",
                "path",
                "get_Width",
                "get_Length",
                "dwMinLength",
                "set_MaxJsonLength",
                "set_MaxStringContentLength",
                "get_RowLength",
                "dwMaxLength",
                "set_MaxArrayLength",
                "StartsWith",
                "get_Month",
                "set_Month",
                "set_MaxDepth",
                "AsyncCallback",
                "RemoteCertificateValidationCallback",
                "get_ServerCertificateValidationCallback",
                "set_ServerCertificateValidationCallback",
                "callback",
                "OpenLink",
                "EnumCook",
                "ScanCook",
                "UpdateTask",
                "updateTask",
                "TryCompleteTask",
                "AllocHGlobal",
                "FreeHGlobal",
                "get_Local",
                "Marshal",
                "cbLabel",
                "pbLabel",
                "System.ServiceModel",
                "CreateChannel",
                "IClientChannel",
                "maxLevel",
                "level",
                "gdi32.dll",
                "kernel32.dll",
                "bcrypt.dll",
                "Autofill",
                "System.Xml",
                "get_SecurityProtocol",
                "set_SecurityProtocol",
                "MemoryStream",
                "get_ScanSteam",
                "set_ScanSteam",
                "get_ScanTelegram",
                "set_ScanTelegram",
                "Program",
                "get_Item",
                "get_Is64BitOperatingSystem",
                "phAlgorithm",
                "HashAlgorithm",
                "Trim",
                "Random",
                "RootNum",
                "rowNum",
                "DecryptChromium",
                "Enum",
                "Scan",
                "TimeSpan",
                "get_ScanScreen",
                "set_ScanScreen",
                "get_PrimaryScreen",
                "get_Open",
                "set_Open",
                "Main",
                "X509Chain",
                "chain",
                "GeoPlugin",
                "Join",
                "MessageBoxIcon",
                "get_geoplugin_region",
                "set_geoplugin_region",
                "get_OSVersion",
                "set_OSVersion",
                "get_Version",
                "set_Version",
                "get_FileVersion",
                "dwInfoVersion",
                "BrowserVersion",
                "GetWindowsVersion",
                "get_NameOfApplication",
                "set_NameOfApplication",
                "get_Location",
                "set_Location",
                "get_FileLocation",
                "set_FileLocation",
                "pszImplementation",
                "System.Globalization",
                "System.Runtime.Serialization",
                "System.Web.Script.Serialization",
                "get_Action",
                "set_Action",
                "IsValidAction",
                "UpdateAction",
                "action",
                "System.Reflection",
                "InputLanguageCollection",
                "MatchCollection",
                "ManagementObjectCollection",
                "DataBaseConnection",
                "TryGetConnection",
                "EndpointConnection",
                "RequestConnection",
                "SearchOption",
                "searchOption",
                "CryptographicException",
                "NotSupportedException",
                "System.Runtime.ConstrainedExecution",
                "get_Resolution",
                "set_Resolution",
                "Json",
                "StringComparison",
                "json",
                "get_Proton",
                "set_Proton",
                "get_Pattern",
                "set_Pattern",
                "CompareTo",
                "FileInfo",
                "fileInfo",
                "TimeZoneInfo",
                "CultureInfo",
                "pPaddingInfo",
                "FileSystemInfo",
                "FileVersionInfo",
                "GetVersionInfo",
                "GeoInfo",
                "CSharpArgumentInfo",
                "ProcessStartInfo",
                "DirectoryInfo",
                "Gecko",
                "Zero",
                "DeviceCap",
                "Bitmap",
                "Sleep",
                "ParsingStep",
                "get_ip",
                "set_ip",
                "CopyToTemp",
                "temp",
                "NordApp",
                "Microsoft.CSharp",
                "get_Http",
                "set_Http",
                "System.Linq",
                "get_Year",
                "set_Year",
                "Char",
                "RecoursiveFileGrabber",
                "InvokeMember",
                "GetMember",
                "get_Number",
                "set_Number",
                "GetSerialNumber",
                "XmlReader",
                "XmlTextReader",
                "MD5CryptoServiceProvider",
                "BCryptCloseAlgorithmProvider",
                "BCryptOpenAlgorithmProvider",
                "CryptoProvider",
                "IFormatProvider",
                "provider",
                "StringBuilder",
                "dataFolder",
                "SpecialFolder",
                "GetFolder",
                "sender",
                "Microsoft.CSharp.RuntimeBinder",
                "CallSiteBinder",
                "Buffer",
                "ServicePointManager",
                "ManagementObjectSearcher",
                "FileCopier",
                "FileScanner",
                "NativeHelper",
                "GeoHelper",
                "SystemInfoHelper",
                "CryptoHelper",
                "MonitorHelper",
                "ToUpper",
                "CurrentUser",
                "user",
                "ScannedBrowser",
                "get_NameOfBrowser",
                "set_NameOfBrowser",
                "get_DomainFilter",
                "set_DomainFilter",
                "GetDelegateForFunctionPointer",
                "get_Counter",
                "set_Counter",
                "BitConverter",
                "TaskResolver",
                "ToLower",
                "JavaScriptSerializer",
                "ITaskProcessor",
                "IEnumerator",
                "ManagementObjectEnumerator",
                "System.Collections.Generic.IEnumerable<ScannedFile>.GetEnumerator",
                "System.Collections.IEnumerable.GetEnumerator",
                ".ctor",
                "GetWindowsScreenScalingFactor",
                ".cctor",
                "InvokeConstructor",
                "get_Monitor",
                "set_Monitor",
                "IntPtr",
                "base64str",
                "set_ReaderQuotas",
                "XmlDictionaryReaderQuotas",
                "Graphics",
                "System.Diagnostics",
                "Fields",
                "get_Bounds",
                "GetGraphicCards",
                "ScanPasswords",
                "System.Runtime.InteropServices",
                "System.Runtime.CompilerServices",
                "DebuggingModes",
                "get_ChildNodes",
                "get_AvailableLanguages",
                "set_AvailableLanguages",
                "get_InstalledInputLanguages",
                "Matches",
                "get_Cookies",
                "set_Cookies",
                "MakeTries",
                "EnumerateDirectories",
                "GetDirectories",
                "_masterTableEntries",
                "_tableEntries",
                "ExpandEnvironmentVariables",
                "get_ScannedFiles",
                "set_ScannedFiles",
                "get_ScanFiles",
                "set_ScanFiles",
                "get_GameLauncherFiles",
                "set_GameLauncherFiles",
                "get_GameChatFiles",
                "set_GameChatFiles",
                "GetFiles",
                "get_MessageClientFiles",
                "set_MessageClientFiles",
                "profiles",
                "scannerRules",
                "ExtensionNames",
                "GetSubKeyNames",
                "get_SystemHardwares",
                "set_SystemHardwares",
                "get_Softwares",
                "set_Softwares",
                "get_Expires",
                "set_Expires",
                "get_Processes",
                "set_Processes",
                "ListOfProcesses",
                "System.Security.Cryptography.X509Certificates",
                "ReleaseUpdates",
                "GetUpdates",
                "StripQuotes",
                "FromMinutes",
                "_fileBytes",
                "ReadAllBytes",
                "WriteAllBytes",
                "GetBytes",
                "bytes",
                "ReplaceEmptyValues",
                "GetLogicalDrives",
                "CSharpArgumentInfoFlags",
                "CSharpBinderFlags",
                "dwFlags",
                "flags",
                "settings",
                "ScanningArgs",
                "GetScanArgs",
                "TryGetArgs",
                "args",
                "get_PassedPaths",
                "set_PassedPaths",
                "FindPaths",
                "BrowserPaths",
                "browserPaths",
                "get_ScanFilesPaths",
                "set_ScanFilesPaths",
                "get_ScanChromeBrowsersPaths",
                "set_ScanChromeBrowsersPaths",
                "get_ScanGeckoBrowsersPaths",
                "set_ScanGeckoBrowsersPaths",
                "SetPaths",
                "paths",
                "AddMonths",
                "this",
                "get_Ticks",
                "remoteTasks",
                "TryGetTasks",
                "tasks",
                "ScanCredentials",
                "System.ServiceModel.Channels",
                "get_ScanDetails",
                "set_ScanDetails",
                "get_SecurityUtils",
                "set_SecurityUtils",
                "GetFirewalls",
                "ScanFills",
                "get_Autofills",
                "set_Autofills",
                "ListOfPrograms",
                "items",
                "System.Windows.Forms",
                "GetTokens",
                "ContainsDomains",
                "domains",
                "Contains",
                "get_Logins",
                "set_Logins",
                "System.Web.Extensions",
                "System.Text.RegularExpressions",
                "get_Actions",
                "set_Actions",
                "System.Collections",
                "get_FtpConnections",
                "set_FtpConnections",
                "StringSplitOptions",
                "MessageBoxButtons",
                "searchPatterns",
                "patterns",
                "GetDeviceCaps",
                "get_Chars",
                "RuntimeHelpers",
                "get_Browsers",
                "set_Browsers",
                "get_InstalledBrowsers",
                "set_InstalledBrowsers",
                "get_ScanBrowsers",
                "set_ScanBrowsers",
                "GetBrowsers",
                "SslPolicyErrors",
                "sslPolicyErrors",
                "get_TaskProcessors",
                "GetProcessors",
                "success",
                "GetCurrentProcess",
                "GetProcAddress",
                "EndpointAddress",
                "set_ProxyAddress",
                "address",
                "get_ScannedWallets",
                "set_ScannedWallets",
                "get_ScanWallets",
                "set_ScanWallets",
                "GetArguments",
                "get_NordAccounts",
                "set_NordAccounts",
                "get_Exists",
                "bFailIfExists",
                "arrays",
                "Concat",
                "ImageFormat",
                "ManagementBaseObject",
                "hObject",
                "ICommunicationObject",
                "ManagementObject",
                "cbKeyObject",
                "pbKeyObject",
                "object",
                "Select",
                "CheckConnect",
                "Unprotect",
                "System.Net",
                "Target",
                "System.Collections.IEnumerator.Reset",
                "ReadTableFromOffset",
                "offset",
                "get_Height",
                "Split",
                "WaitForExit",
                "cbSalt",
                "get_Result",
                "pcbResult",
                "IAsyncResult",
                "DialogResult",
                "ScanResult",
                "__result",
                "GetRecent",
                "WebClient",
                "System.Management",
                "XmlElement",
                "get_DocumentElement",
                "dwIncrement",
                "SqlStatement",
                "Environment",
                "XmlDocument",
                "System.Collections.Generic.IEnumerator<ScannedFile>.Current",
                "System.Collections.IEnumerator.Current",
                "System.Collections.Generic.IEnumerator<ScannedFile>.get_Current",
                "System.Collections.IEnumerator.get_Current",
                "<>2__current",
                "Content",
                "EntryPoint",
                "IRemoteEndpoint",
                "get_Count",
                "set_MaxNameTableCharCount",
                "GetRowCount",
                "Account",
                "OsCrypt",
                "get_os_crypt",
                "set_os_crypt",
                "StringDecrypt",
                "BCryptDecrypt",
                "ThreadStart",
                "TrimStart",
                "Convert",
                "Abort",
                "Cast",
                "Last",
                "VerifyScanRequest",
                "get_geoplugin_request",
                "set_geoplugin_request",
                "XmlNodeList",
                "ToList",
                "get_Host",
                "set_Host",
                "First",
                "set_SendTimeout",
                "set_CloseTimeout",
                "set_ReceiveTimeout",
                "set_OpenTimeout",
                "cbInput",
                "pbInput",
                "input",
                "cbOutput",
                "pbOutput",
                "MoveNext",
                "System.Text",
                "ReadAllText",
                "cipherText",
                "get_InnerText",
                "chiperText",
                "cbMacContext",
                "pbMacContext",
                "createdNew",
                "get_Now",
                "GetConsoleWindow",
                "set_CreateNoWindow",
                "nCmdShow",
                "DownloadAndEx",
                "endIdx",
                "startIdx",
                "nIndex",
                "startIndex",
                "rowIndex",
                "Regex",
                "MessageBox",
                "GroupBy",
                "OrderBy",
                "DistinctBy",
                "InitializeArray",
                "ToArray",
                "Consistency",
                "get_Body",
                "set_Body",
                "TKey",
                "get_Key",
                "OpenSubKey",
                "chromeKey",
                "ParseLocalStateKey",
                "stringKey",
                "phKey",
                "bMasterKey",
                "hImportKey",
                "BCryptImportKey",
                "BCryptDestroyKey",
                "RegistryKey",
                "get_encrypted_key",
                "set_encrypted_key",
                "TryVerify",
                "System.Security.Cryptography",
                "GetExecutingAssembly",
                "SelectMany",
                "BlockCopy",
                "CreateShadowCopy",
                "entropy",
                "Happy",
                "LoadLibrary",
                "FreeLibrary",
                "ResultFactory",
                "get_Directory",
                "set_Directory",
                "baseDirectory",
                "CreateDirectory",
                "set_WorkingDirectory",
                "profilesDirectory",
                "TableEntry",
                "SqliteMasterEntry",
                "entry",
                "get_Country",
                "set_Country",
                "get_BlockedCountry",
                "set_BlockedCountry",
                "Registry",
                "get_City",
                "set_City",
                "get_geoplugin_city",
                "set_geoplugin_city",
                "op_Equality",
                "op_Inequality",
                "System.Security",
                "System.Net.Security",
                "set_Security",
                "BasicHttpSecurity",
                "IsNullOrEmpty",
                "IsEmpty",
                "BCryptSetAlgorithmProperty",
                "BCryptGetProperty",
                "BCryptSetProperty",
                "pszProperty",
                "property",
                "set_UseDefaultWebProxy",
                "Name",
                "EnvironmentSettings",
                "SetEnvironment",
                "Endpoint",
                "Value1",
                "AutofillT",
                "Namespace",
                "BrowserExtension",
                "BrowserName",
                "BrowserProfile",
                "Logins",
                "Autofills",
                "Cookies7",
                "ScannedBrowserT",
                "Host",
                "Http",
                "Path",
                "Secure",
                "Expires6",
                "ScannedCookieT",
                "HolderName",
                "Month",
                "Year",
                "Number+",
                "Username",
                "Password0",
                "AccountT",
                "RemoteTaskAction",
                "ScanBrowsers",
                "ScanFiles",
                "ScanFTP",
                "ScanWallets",
                "ScanScreen",
                "ScanTelegram",
                "ScanVPN",
                "ScanSteam",
                "ScanDiscord",
                "ScanFilesPaths",
                "BlockedCountry",
                "BlockedIP#",
                "ScanChromeBrowsersPaths\"",
                "ScanGeckoBrowsersPaths5",
                "ScanningArgsT",
                "SecurityUtils",
                "AvailableLanguages",
                "Softwares",
                "Processes",
                "SystemHardwares",
                "Browsers",
                "FtpConnections",
                "InstalledBrowsers",
                "ScannedFiles",
                "GameLauncherFiles",
                "ScannedWallets",
                "Nord",
                "Open",
                "Proton",
                "MessageClientFiles",
                "GameChatFiles4",
                "ScanDetailsT",
                "Counter",
                "HardType7",
                "SystemHardwareT",
                "NameOfBrowser",
                "Version",
                "PathOfFile7",
                "BrowserVersionT",
                "NameOfFile",
                "Body",
                "NameOfApplication",
                "DirOfFile4",
                "ScannedFileT",
                "TaskID",
                "TaskArg",
                "Action",
                "DomainFilter3",
                "UpdateTaskT",
                "Hardware",
                "ReleaseID",
                "MachineName",
                "OSVersion",
                "Language",
                "ScreenSize",
                "ScanDetails",
                "Country",
                "City",
                "TimeZone",
                "IPv4",
                "Monitor",
                "ZipCode",
                "FileLocation",
                "SeenBefore3",
                "ScanResultT",
                "geoplugin_request",
                "geoplugin_city",
                "geoplugin_region!",
                "geoplugin_countryCode",
                "geoplugin_latitude",
                "geoplugin_longitude",
                "postal_code",
                "country_code",
                "os_crypt",
                "encrypted_key",
                "WrapNonExceptionThrows",
                ".NETFramework,Version=v4.0",
                "FrameworkDisplayName",
                ".NET Framework 4",
                "System.Security.Permissions.SecurityPermissionAttribute, mscorlib, Version=4.0.0.0, Culture=neutral, PublicKeyToken=b77a5c561934e089",
                "SkipVerification",
                "_CorExeMain",
                "mscoree.dll",
                "PADDINGXXPADDINGPADDINGXXPADDINGPADDINGXXPADDINGPADDINGXXPAD",
                "*autofillexpiraas21tion_yas21earffnbelfdoeiohenkjibnmadjiehjhajbProfilesTotal of RAMhttps://api.ip.sb/geoip%USERPEnvironmentROFILE%\\AppDEnvironmentata\\RoaEnvironmentmingAppData\\Local\\ProtonVPN",
                "[^\\u0020-\\u007F]ProcessIdname_on_cardencrypted_valuehttps://ipinfo.io/ip%appdata%\\logins{0}\\FileZilla\\recentservers.xml%appdata%\\discord\\Local Storage\\leveldb\\tdataAtomicWalletv10/C \\EtFile.IOhereuFile.IOm\\walFile.IOletsESystem.UItherSystem.UIeumElectrum[AString-ZaString-z\\d]{2String4}\\.[String\\w-]{String6}\\.[\\wString-]{2String7}profiles\\Windows\\valueexpiras21ation_moas21nth",
                "user.config{0}\\FileZilla\\sitemanager.xmlcookies.sqlite\\Program Files (x86)\\configRoninWalletdisplayNamehost_key\\Electrum\\walletsName\\Exodus\\exodus.walletnanjmdknhkinifnkgdcggcfnhdaammmjtdataexpires_utc\\Program Data\\coMANGOokies.sqMANGOlite*ssfn*ExodusDisplayVersion%localappdata%\\GuildWalletOpHandlerenVPHandlerN ConHandlernect%DSK_23%YoroiWalletcmdOpera GXhttps://api.ipify.orgcookies//settinString.Removeg[@name=\\PasswString.Removeord\\]/valuString.RemoveeSaturnWalletWeb DataSteamPathwaasflleasft.datasfCommandLineSOFTWARE\\Microsoft\\Windows\\CurrentVersion\\UninstallCookiesis_secureSoftware\\Valve\\SteamLogin DataID: isSecureNoDefrdDefVPNDefwaasflletasfMewCxv11\\Program Files\\Opera GX StableSELECT * FROM Win32_Process Where SessionId='nlbmnnijcnlegkjjpcfjclmcfggfefdmnkddgncdjgjfcddamfgcmfnlhccnimig\\coFile.IOm.libeFile.IOrty.jFile.IOaxFile.IOxnamefnjhmkhhmkbjkkabndcnnogagogbneecfhilaheimglignddkjgofkcbgekhenbhProfile_Unknowncard_number_encrypted, Name: AppData\\Roaming\\TReplaceokReplaceenReplaces.tReplacext //settString.Replaceing[@name=\\UString.Replacesername\\]/vaString.ReplacelueNWinordVWinpn.eWinxe*Winhostmoz_cookiesUser Datawindows-1251, CommandLine: \\ExodusDisplayNameexpiry*.vstring.ReplacedfJaxxpath",
                "<IHI",
                "G!N$O2PBQERHSMTQU`VdWjXmYn",
                "9Eo~",
                "$#%#&#.-0/1/43538797;:[Z\\Z]Z^Z_Z`ZaZbZcZdZeZfZgZhZiZjZkZlZmZnZoZpZqZrZsZtZuZvZwZxZyZ",
                "UNKNOWN",
                "cmyredmyit_cmyardmys",
                "as21",
                "Local State",
                "LocalPrefs.json",
                "Port",
                "User",
                "Pass",
                "MANGO",
                "%USEWanaLifeRPROFILE%\\AppDaWanaLifeta\\LWanaLifeocal",
                "WanaLife",
                "String.Replace",
                "String.Remove",
                "windows-1251",
                "Microsoft Primitive Provider",
                "ChainingModeGCM",
                "AuthTagLength",
                "ChainingMode",
                "ObjectLength",
                "KeyDataBlob",
                "BCrypt.BCryptImportKey() failed with status code:{0}",
                "BCrypt.BCryptGetProperty() (get size) failed with status code:{0}",
                "BCrypt.BCryptGetProperty() failed with status code:{0}",
                "http://",
                "Yandex\\YaAddon",
                "31.210.43.215:51414",
                "cheat",
                "*wallet*",
                "Armory",
                "\\Armory",
                "*.wallet",
                "Atomic",
                "\\atomic",
                "ibnejdfjmmkpcnlpebklmnkoeoihofec",
                "Tronlink",
                "jbdaocneiiinmjbjlgalhcelgbejmnid",
                "NiftyWallet",
                "nkbihfbeogaeaoehlefnkodbefgpgknn",
                "Metamask",
                "afbcbjpbpfadlkmhmclhkeeodmamcflc",
                "MathWallet",
                "hnfanknocfeofbddgcijnmhnfnkdnaad",
                "Coinbase",
                "fhbohimaelbohpjbbldcngcnapndodjp",
                "BinanceChain",
                "odbfpeeihdkbihmopkbjmoonfanlbfcl",
                "BraveWallet",
                "hpglfhgfnhbgpjdenjgmdgoeiappafln",
                "GuardaWallet",
                "blnieiiffboillknjnepogjhkgnoapac",
                "EqualWallet",
                "cjelfplplebdjjenllpjcblmjkfcffne",
                "JaxxxLiberty",
                "fihkakfobkmkjojpchpfgcmhfjnmnfpi",
                "BitAppWallet",
                "kncchdigobghenbbaddojjnnaogfppfj",
                "iWallet",
                "amkmjjmmflddogmhpjloimipbofnfjih",
                "Wombat",
                "UnknownExtension",
                "Local Extension Settings",
                "Coinomi",
                "\\Coinomi",
                "Profile_",
                "egram.exe",
                "\\Telegram Desktop\\tdata",
                "-*.lo--g",
                "1*.1l1d1b",
                "String",
                "System.UI",
                "File.IO",
                "*.json",
                "string.Replace",
                "Guarda",
                "\\Guarda",
                "%USERPFile.WriteROFILE%\\AppFile.WriteData\\RoamiFile.Writeng",
                "File.Write",
                "Handler",
                "npvo*",
                "%USERPstring.ReplaceROFILE%\\Apstring.ReplacepData\\Locastring.Replacel",
                "UNIQUE",
                "Width",
                "Height",
                "CopyFromScreen",
                "kernel32",
                "user32.dll",
                "ShowWindow",
                "SELECT * FROM Win32_Processor",
                "NumberOfCores",
                "root\\CIMV2",
                "SELECT * FROM Win32_VideoController",
                "AdapterRAM",
                "ROWindowsServiceOT\\SecurityCenteWindowsServicer2",
                "ROWindowsServiceOT\\SecurWindowsServiceityCenter",
                "AntqueiresivirusProdqueiresuct",
                "AntqueiresiSpyqueiresWareProdqueiresuct",
                "FiqueiresrewallProqueiresduct",
                "WindowsService",
                "SELECT * FROM ",
                "queires",
                "SOFTWARE\\WOW6432Node\\Clients\\StartMenuInternet",
                "SOFTWARE\\Clients\\StartMenuInternet",
                "shell\\open\\command",
                "Unknown Version",
                "SELECT * FROM Win32_DiskDrive",
                "SerialNumber",
                "ExecutablePath",
                "0 Mb or 0",
                "SELECT * FROM Win32_OperatingSystem",
                "TotalVisibleMemorySize",
                "{0} MB or {1}",
                "SOFTWARE\\Microsoft\\Windows NT\\CurrentVersion",
                "ProductName",
                "CSDVersion",
                "Unknown",
                "VS_VERSION_INFO",
                "VarFileInfo",
                "Translation",
                "StringFileInfo",
                "000004b0",
                "Comments",
                "CompanyName",
                "FileDescription",
                "PSNGiftCardChecker",
                "FileVersion",
                "1.0.0.0",
                "InternalName",
                "PSNGiftCardChecker.exe",
                "LegalCopyright",
                "Copyright ",
                "  2017",
                "LegalTrademarks",
                "OriginalFilename",
                "ProductVersion",
                "Assembly Version"
            ]
        }
    ]
}