{
    "malware_data": [
        {
            "filename": "a4efa5353fd2e66e4b893d4b3b918d8fca3c9b2ef7c50fb0a99f43a56c9ba053.elf",
            "filetype": "7F454C46",
            "filesize": "24KB",
            "hash_sha256": "a4efa5353fd2e66e4b893d4b3b918d8fca3c9b2ef7c50fb0a99f43a56c9ba053",
            "strings": [
                "CvUPX!",
                "<w<I3",
                "3\\ _",
                "G\"mL",
                "<Uf~L",
                "gm#s",
                "`ad;M;2/",
                "f#LIB4",
                "G]7S\"p",
                "1sH!R",
                "NyZ>",
                "VT1X",
                "lNDW",
                "&2D8",
                "ZQ}:",
                "b1NrO>",
                "$75F",
                "+bD,ya1",
                "AMqE#",
                "zKsn19",
                "PxOv",
                "|b{Z",
                "z*PR;",
                "=&S\\^.^",
                "lzWtF",
                "g3y-",
                "@nL-4",
                "M]u>k",
                "Q\\XCn",
                "hqsXf",
                "eR g",
                "86Ns",
                "gisr",
                "pl9=",
                "P(QT",
                "'HFU",
                ",qW4",
                "B%xu",
                "J6Pp)",
                "@JcB",
                "2G!*z",
                "%KYp",
                "fSc%!",
                ")Y4//",
                "92K2",
                "a6.I",
                "6(^E",
                "yQ:K",
                "$Nc=^",
                "uH@.%",
                "ym=Fz",
                "'U4#M",
                "kC.i#",
                "-:Zj",
                "Lxo0",
                "WS_e",
                "rFIt\"#",
                "oa-;",
                "'*W5;",
                "b<m,o",
                "t`/[d",
                "55x63Q",
                "AC<-}o",
                "ITAH",
                ":`si$G",
                "?dO~",
                "~I6pY",
                "V\"5m",
                "w6O}\\",
                "C:1;Y",
                "][k~d1P",
                "Q0JB",
                "ta9v",
                "/sRs",
                "D`H96A",
                "-D)x(",
                "msR%",
                "/fsko",
                "@K~B",
                "uJ,x",
                "LRj*~$",
                "ev-D",
                ")/9<G",
                "d_V ",
                "LLib",
                "'(F<",
                "Mnrx^]m",
                "l3.h\\V",
                "d':4",
                "U)/0}",
                "bl>D",
                "GAXl",
                "+I80=>",
                "qwZ5",
                "%!%F",
                "7NS<C",
                "w'Rc",
                "*h _",
                "sp^;K",
                "OMm4b!",
                "Vu{6",
                " ].5",
                "+(N<",
                "0w%Xn",
                "^wK+",
                "Sby7",
                ":.@!",
                "].W/",
                "c8~h9",
                "^$(R",
                "dDC:7,",
                "`G*e",
                "va6`",
                "hy>Y",
                "1exL",
                "'-)d",
                ">FM3v",
                "B6m_",
                "nh-6",
                "7He0",
                "ER1=",
                "en*~",
                "?J21",
                "FK:X",
                "h1cgI",
                "?!r`",
                "Yil5",
                "_}LfoA",
                "]_3`t",
                "qq7\\n",
                "9C&Jz",
                "xG<;e",
                ".5'+",
                "%,#H",
                ">A@ n",
                "*t78O",
                "nqQE",
                "X`pn",
                ")rQ(",
                "Pt5y",
                "Lr?lbN8",
                "gfJI",
                "L+N-b5",
                "]-(\"Q",
                "^mL/",
                ".tM4",
                " i)RR",
                "P73a",
                "')3X",
                ",6:|",
                "pKdhp",
                "~uj=(!",
                "vG1{",
                ",G>TN~",
                ">[m[;",
                "$PHX",
                ">@B(",
                "^s{(r",
                "8}2j",
                "E2`V",
                "QItau",
                "C'+`;",
                "YJQ:B",
                "-~<J",
                "Wy-<",
                "oKOI",
                "<xT9",
                "l>bA",
                "Es]g[",
                "uO$E",
                "tmR,%",
                "I:2.#1",
                "Fql'#l",
                "Fcj1",
                "*^8W",
                "'&h0:",
                "AfGS",
                "aT8+",
                "I*o2",
                "+f(i",
                "B:iL}]",
                "QoU4q",
                "5voO(g",
                "~ D^",
                "BXm5",
                "z,]h",
                "&J J",
                "WwuGdi",
                "}SVG",
                ".V%N",
                "-E,5",
                "Fg# ",
                "4Quj<",
                "+r1 ",
                "X|+^",
                "[cdq{",
                "qID%",
                "F$zyw",
                "T^S2",
                "v.rW`",
                "{gXD",
                "4p~8",
                "@a&I",
                "}p;:",
                "Rfs8",
                "/E,Z",
                "'7[G",
                "u4_Y",
                "[NAv>",
                "gJ=t",
                "I`H%",
                "Tw+y~",
                "td8mJi",
                "/_A<",
                "z=K8",
                "VBg[",
                "q!2[=",
                "wC<SrF\\;",
                "Kf!TP",
                "98sx9",
                "^ jt",
                "RQ!{",
                "cfC5.k/$",
                ";QE1Z",
                "\\PB-",
                "YX-7",
                "v)+&",
                "]RP`",
                "w`{]",
                ",$hNu",
                "Pb )",
                "PROT_EXEC|PROT_WRITE failed.",
                "$Info: This file is packed with the UPX executable packer http://upx.sf.net $",
                "$Id: UPX 3.94 Copyright (C) 1996-2017 the UPX Team. All Rights Reserved. $",
                "5n9#",
                "]=2)",
                "%b')",
                "U+V!]",
                "/S|1",
                "[*v!q6L",
                "|[%'",
                "Jv?R",
                "TB$gsp8",
                "[>2g",
                "u`QMf",
                "kA;C].",
                "]a$<",
                ":C2~z",
                "?Usd",
                "K+~(",
                "961K",
                "B-@B",
                "mT}@",
                "?A<V",
                "UPX!"
            ]
        }
    ]
}