{
    "malware_data": [
        {
            "filename": "0694efe67f4e22a5989a53f5279a760870b75688c7cc590ed3eb629e9f25401f.elf",
            "filetype": "7F454C46",
            "filesize": "21KB",
            "hash_sha256": "0694efe67f4e22a5989a53f5279a760870b75688c7cc590ed3eb629e9f25401f",
            "strings": [
                "CvUPX!",
                "ZaC1",
                "?+8 ",
                "E;N^qQ",
                "}~6%",
                "q+V?",
                "vJu*h",
                ";nZ,",
                "4l\\Z",
                "6'5c",
                "e~6+",
                "~roB",
                "l|m6u#",
                "[8>*U",
                "ah I",
                "51-CY",
                "g%1X",
                "n`w /",
                "x(oE",
                "0o]i7A",
                "3<QI",
                "y8,&",
                "Wp&#",
                "ABKE",
                "/Wc~-YE(A/",
                "jKK@",
                "Vrp=7",
                "BVGKm2",
                "gpK8",
                "tFwn",
                ";W4Ow)",
                "a{+:",
                ")D[%",
                "v53*",
                "HO^W",
                "VDcZ",
                "{U&8",
                "s<*<",
                ",,|Hq",
                "Mzf )",
                "!Ye,",
                "Cu2q",
                "7C&A",
                "ZyO^",
                "Hv0%E8",
                "{zPp",
                "UWfS",
                "GDu.",
                "6~;<",
                "IGn(r",
                "q<8c!",
                "7b65",
                ")k_w",
                "4B{e*",
                "e\"}&",
                "SGd%S",
                "~q\\I",
                "MA22",
                "P'BJ",
                "UHaj ",
                "%-7y",
                "}8ze",
                "|jGY",
                "{Z\"~-",
                "R#b_$",
                "v}n5",
                "nxD[",
                "5>Nw",
                "k|p!",
                "_|IIa",
                "Y;Vg/",
                "~<En",
                "vVh ",
                "?C}J",
                "ps5;C",
                "?JqU",
                "Q~ld",
                " P+{3",
                "'WH%",
                "E=id",
                ")d>#",
                "?3O_",
                "|3@*",
                "{2Wm",
                "nw0r",
                "F~q6)r",
                "/Q);",
                "Pu0;",
                "{ y\"X",
                "?$1%",
                "9AuHY",
                ";S~1",
                "19&j",
                ">Sm ",
                "yI9T",
                "$V1)",
                "y>b_",
                "tT~{",
                "^@f!*]",
                "4A$h",
                "Yn\":",
                "Au9lQyP",
                " 1,8",
                "SZ_N",
                "1n`$",
                "XZ, @",
                "Z>`k",
                "O\\6n",
                "vuC!",
                "dfNu",
                "W7%&",
                "9C~I",
                "AzIf",
                "(*&l",
                "gkn;",
                "n^'S",
                "Za_e",
                "ioF!",
                "U-1e",
                "$UZ>",
                "2DS`",
                "e+af",
                "T\\Uj",
                "BTM&\\P",
                "gf-B'",
                "\\6k}",
                "'`<q",
                "]CHH|",
                "GG\"y",
                ".Q+rH",
                "[En;",
                "mP<[",
                "WC:a",
                "_:$6 ",
                "?};F^",
                "kQ`-3g.i^",
                "d;:So",
                "^EF$SIl6^=-",
                "@47z",
                "So_h=",
                "e_j\"",
                "=YeP",
                "Qdq(",
                "\"E W",
                "\"5t6",
                "RMxe)",
                "n/UP",
                ">tJVz",
                "-$n!",
                "$B_e",
                "]6C A",
                "/Od8I<8u",
                "SMcw",
                "xh4Co",
                "HfBt",
                "D+\"a",
                "k675",
                "^j^O",
                "{#Qv",
                "KS@&",
                ")2 f6x",
                "M'oZ",
                "@w)[",
                "6h!~",
                "puNX",
                "6{N>IU",
                "}_!2",
                "313H",
                "NFH(",
                "6j6z",
                "de7?",
                "a%{Y",
                "+~~t",
                "3-hm7",
                "jr[Zp",
                ":;3T",
                "@JiB",
                "I?`-{",
                "q}yd",
                "Hc,N",
                "*}b\"",
                "E29RM",
                "dt/Ut",
                "r'KL=",
                "r0!I",
                "Bom5",
                "qcw,",
                "?`Hc",
                "lR>a",
                "j?/)",
                "vd9U",
                "J3>$)",
                "C@GZ",
                "3Q7n",
                "uJ5v",
                "pe2'g",
                "Rq=?",
                "zn-h",
                "zXEv",
                "KeG.Y",
                "e`LVV",
                "PVJSB",
                "Pb )",
                "PROT_EXEC|PROT_WRITE failed.",
                "$Info: This file is packed with the UPX executable packer http://upx.sf.net $",
                "$Id: UPX 3.94 Copyright (C) 1996-2017 the UPX Team. All Rights Reserved. $",
                "5n9#",
                "]=2)",
                "%b')",
                "U+V!]",
                "/S|1",
                "[*v!q6L",
                "|[%'",
                "Jv?R",
                "TB$gsp8",
                "[>2g",
                "u`QMf",
                "kA;C].",
                "]a$<",
                ":C2~z",
                "?Usd",
                "K+~(",
                "961K",
                "'Z-yN",
                "UPX!"
            ]
        }
    ]
}