{
    "malware_data": [
        {
            "filename": "5437dda04c8ce748054771bd8bd95c224a09997e319d35ade5e5d004fa247194.elf",
            "filetype": "7F454C46",
            "filesize": "28KB",
            "hash_sha256": "5437dda04c8ce748054771bd8bd95c224a09997e319d35ade5e5d004fa247194",
            "strings": [
                "EBUPX!,",
                "&IUU",
                "PTRh",
                "Z[^T",
                "3UPj",
                "U{<:T",
                "<c_.f",
                "8RxHP",
                "/PUP",
                "+6 (8",
                "~\\8nP",
                "N4V<v",
                "aWT$",
                " Uw4",
                "PX[Z",
                "f+p:YDh",
                "xPPf",
                "f?\\b",
                "\\V%- ",
                "mX0C",
                "C(V3n",
                "F2QQj",
                "KlAR",
                "62R{",
                "4S(A",
                "L22D",
                "S`@rrI",
                "7XhL",
                "Yp(m",
                "C6`5",
                "FHpp!",
                "9@2tLr ",
                "h@Ht",
                "-lns",
                "mC0,8",
                "<V2R",
                ":PP+",
                "{<PA4`5A?C2D",
                "$Cr ",
                "\\$LS",
                "X$/9",
                "VS3VS[",
                "VS7#",
                "DpO{",
                "^v0DF",
                "zB QVS]",
                "8PV}",
                "ToHH",
                "f*:j",
                "WMJv\\",
                "Ia>Y",
                "}wd4",
                "uEAD",
                "(<LT",
                "+FSSL$LQ",
                "xIl$<U",
                "4PQ1",
                "n((v",
                "5\\$,SMO",
                "Nd0L:9",
                ".pn\"\\",
                "naUU",
                ">h!+",
                "pP|M",
                "zQ\"<RR",
                ">xfj",
                "PQRr",
                "\\VWX",
                "2?_XhD",
                ".|V|(",
                "?/t,",
                "UhP9@",
                "Q%XZ",
                "#Z{QWK6",
                "uhpD",
                "?ZYhP_",
                "Tk#Y",
                "r CKK",
                "rKLL",
                " W LY",
                "MMZ%",
                "t*bc\\",
                "T=<RcP",
                "O$Q &",
                "BD7 Q",
                "H5!(",
                "C\"8\\",
                " t4ZP>",
                "}Q`WT",
                "lbo0",
                "A`WWUD",
                "GSSTX",
                "-ixw",
                "nlaA",
                "-SuD",
                "S.(}'",
                "XSoX",
                "hA+|,",
                "xwGxKH",
                "\\j$.",
                "gGCya",
                "GQ&E",
                "a5Nj",
                "\\NPt",
                "PWC ",
                "#R]d",
                "K=@u.;",
                "B}v(",
                "h-tb{{",
                "vA9(aS",
                "g];O",
                "h/H2",
                "AR)t)",
                "QUUJ",
                "_yP^",
                "vmZY&",
                "_h0IHA",
                "Y[|YZY",
                "5!aaT",
                "L2^^^",
                "`[[2",
                "eee ",
                " ggL2",
                "2ccd ",
                "7WKl",
                "d@}-",
                "]X~{",
                "kg`~",
                "3phd",
                "f|!_=X",
                "bLlG",
                "Y[^ZP",
                ".oaqw)h",
                "VV{?k",
                "\\$%&%",
                "\\r'*+",
                ",-./\\r",
                "%012r",
                "\\679%",
                "\\r;<=",
                "Y[x\"",
                "`)*.",
                "\\.L/`H\\.",
                "\\0\\D1",
                "X@2T.",
                "\\.<3P8\\.",
                "\\4L45",
                "H06D.",
                "\\.,7@\\\\.",
                "\\9<X;",
                "8T<4.",
                "\\.P=0(",
                "\\>,$):",
                "5bmJ",
                "9HH%",
                "\\rHHH",
                "HHHH\\r",
                "%HHHr",
                "\\HHH%",
                "HHHH^r",
                "%HHH_",
                "4B1;",
                "`MJ@",
                "\"9Hht",
                "`%gl",
                "\\hE2",
                "=`/j|",
                "TD{Pr",
                "$@L$",
                "A<HAr",
                "Ar4$0r",
                "$T,$",
                "AP(Ar",
                "hqj ",
                "CKj}",
                "(wG_Xhv",
                "XWyc",
                "wm3!",
                "60<Z",
                "=,4!j",
                "#SB$1",
                "`rT'",
                "_L$HQ+",
                "_A6h",
                "RRc<1",
                "y8h?",
                "~]o=",
                "a>>%JM",
                "n:gS",
                "48T@9",
                "@h ^",
                "q(K(",
                "<Ay[",
                "ebCrN",
                "_Irlb",
                "I2_&",
                "@`B.?",
                "L2\\`",
                "3bTT",
                "I*SS",
                "/McM*",
                " IJI\"",
                "FF,<",
                "iU-D",
                "f!;C",
                "vA.O",
                "u7@@",
                "8-??",
                "O=.=# ",
                "2@<<F",
                "7874O",
                "ryf=:0h",
                "rJ1.Y",
                "U/f/",
                ".8.x",
                "\\;=h-",
                "&W3m",
                "<]>C)*)",
                "y*M(",
                "98%\\,",
                "C4Cg3Z",
                "/a&|V",
                "3%%f%a",
                "s;D_",
                "\\m\"\\",
                "#.#F*",
                ":|Z+?t",
                "g]z!",
                "t?QU",
                "T^v)c0",
                "<^q@?",
                "Lp9[",
                "o9\"**C/",
                ";Q?^'k",
                "qluT",
                "$iw:R(",
                "2P#N",
                "iV69",
                "$3;3",
                "ooEN{9",
                "`*=\\",
                "<0x$Qk",
                "8x8f",
                "IO}v]",
                "z;nhu",
                "oeO;",
                "w~Jt[j",
                "d1 |",
                ".S6(N>vB",
                "K'U~P",
                "H! m",
                "$#%Hu",
                "$#%-",
                "mBL>P",
                "QyHX",
                "2 'i",
                "tUUn",
                "kPlmn",
                "|`-*",
                ":,NH",
                "r/#f%",
                "u.RxVG2",
                "V$SG",
                "[(,]",
                "|/Iv",
                "09Q~c",
                "n6)8|",
                "u}J5~w",
                "^&i'",
                "/Isi",
                "xKN[",
                "m:mP}",
                "1pXx#?",
                "322X",
                "HFF.p",
                "tFF.y",
                "h\"<##",
                "3ddd",
                "(s,s",
                "HFF.",
                "Aqm+Yh)l",
                "6!7Yp",
                "Sh322",
                " 0h<",
                "sP]2b",
                "|ohpd",
                "nI>$#",
                "nhPe&",
                "K u$",
                "uh0f(@",
                ",u@h",
                "8g<2",
                "{ghhg@",
                "PhLhYPRT",
                "`dHi",
                "LhSl",
                "pets",
                "AC&u",
                "x7e\"<",
                "xk;l*we",
                "L-Eu^F",
                "xPKJ",
                "iG9<",
                "4:GU",
                "6(rCA",
                "~ABN",
                "YK*Hx",
                "4ou7",
                "GZ&0",
                "PRQW",
                "ZYZS",
                "M)J[",
                "UUy1J",
                "SZpV",
                "01x3",
                "WRX;F",
                "_ctd",
                "po SI",
                "@(D,N",
                "yH0 ",
                "04&W",
                "@DHLd*",
                "ML%W\\",
                "77u@Th8",
                "A|m/",
                "]h<u",
                ";\\r[>9B",
                "Q6428F",
                "CXYl:Vw",
                "t%Q[",
                "$10v",
                "~IVi",
                "A2#,",
                "M2SH",
                "}Tp<",
                ";5{u8",
                "V?>~",
                "6xv.",
                "|G0{m",
                "9ls?+",
                "R,%m",
                "ZhnD",
                "6jfT",
                "p>pN",
                "_-hH",
                "lR*;X,t",
                "t4HHg",
                "tRp.n6P",
                "SSPQ)",
                "4S?G",
                "zE<>XRh",
                "\\,hhC\\$ S",
                "XPh>0",
                " <xu",
                "\"wHt",
                "(<`v ",
                "%WWS",
                "ZY^ H",
                "Xj-Z",
                "o\"[X[",
                "XZ[&",
                "L=:C",
                "8(@\"",
                "npj@;",
                "[I<3",
                "G~\"N",
                "l$@@.",
                "Pd\\QAc",
                ",}</",
                "&@}Ypv",
                "<\\$(",
                "0PCy",
                "tjX9",
                "\\$C ",
                " 8(@0",
                ".u5A",
                "ZfBX",
                "POST /cdn-",
                "cgi/",
                " HTTP/1.1",
                "User-Agent: ",
                "-XwHos",
                "ookie3\";",
                "http",
                "url=",
                "80.70",
                "vkkpo",
                "v0125!8",
                ",<8#",
                "#$6;b",
                ",7gaae",
                "&;;Z?8\"efg",
                ".-50",
                "8,,z",
                "?;d\"=.,\"",
                "<=ve",
                "75 edfm",
                "::=1fd;",
                "3191",
                "3!1'",
                "!'1&",
                "$5''",
                "#;&f",
                "mv&8",
                "93dd",
                "1:56j",
                "{6=:",
                "[!$6;,t",
                "; t2;!:0",
                ":76&17 i$'!o",
                "{{?=",
                "tymt,$",
                "95m?",
                "{ 7$",
                "!.[`",
                "`AE;hz,:2:5b",
                "62*7!4",
                "e365`7@9ag:",
                "(1=d?2>vFTPjGNRGP",
                "7lKeeGp",
                "qMPCnmco",
                "U~p7F",
                "LIQ5 z",
                "wkwvkW{EWHGkSL",
                "AAcf",
                "RPMA",
                "G!ARWKLDM",
                "`mem",
                "rq0F.PA",
                "IHDVF",
                "UC`JFME",
                "OKQA'x",
                "dvufv",
                "toqe",
                "iknncvvi",
                "mDHjx",
                "MQVuWXvPG",
                " uQec",
                "@cFpKCerm?",
                "8LKRAL",
                "ZON%RKAFGa",
                "QAAVPNZ",
                "jlcr",
                "*EK|A`",
                "EKVOwL@VI)",
                "eRMLd",
                "QJ[3",
                "IGGR",
                "KT`QV4+0",
                "+oHFKLEJWL",
                "NQCP",
                "WFDN,G",
                "6:d10tv",
                ";!&71t",
                "V|CC",
                "KOCEGpG@R",
                "v[R@",
                "oMXK",
                "NMUQ",
                "Gu\"iKVP",
                "Vijvon",
                "MLaJ",
                "Km\"l^",
                "fPTP(v",
                "dfoWa",
                "WLRr",
                "FWAVQg",
                "l\"d ",
                "3:}FA",
                "/dB/nul4Cr",
                "CAk[S",
                "T$(9",
                "H+|$,",
                "$Info: This file is packed with the UPX executable packer http://upx.sf.net $",
                "$Id: UPX 3.94 Copyright (C) 1996-2017 the UPX Team. All Rights Reserved. $",
                "PROT_EXEC|PROT_WRITE failed.",
                "(/proc/self/exe",
                "[jUX",
                "POv<",
                "jZh[",
                "lEf}",
                "UPX!u",
                ".8(<",
                "~,|E",
                "@bQs4",
                "$o7\\",
                "lj2h",
                "'xp[",
                "j-\\.",
                "j.0U",
                ".shstrtab",
                "init",
                "texfi",
                "roda4",
                "ctors",
                "7'bs",
                "ynW{F",
                "KnO,",
                "3   ",
                "O@q@",
                "O>$IX",
                "UPX!"
            ]
        }
    ]
}