{
    "malware_data": [
        {
            "filename": "5c03686f34066921e1481c0e979f1daf5cab80a850b2c6131e8e3804ad873a7c.elf",
            "filetype": "7F454C46",
            "filesize": "30KB",
            "hash_sha256": "5c03686f34066921e1481c0e979f1daf5cab80a850b2c6131e8e3804ad873a7c",
            "strings": [
                "UPX!`",
                "2\"ds",
                "ZB!c",
                "#U -",
                "@aGb",
                " V$0",
                "l(Bd",
                "`C~$?",
                "BCxb4",
                "/.@V",
                "+sOi",
                "&FX\"",
                "u66~r",
                "?&r)",
                "fc+4",
                "u3>DZ&",
                ">G4L",
                "oW95",
                "v-Ec",
                "@?*+",
                "d85@2",
                "by\"Lk",
                "]VXkN",
                ";$o%",
                "+wgt",
                "LYw2",
                "JJDD",
                "rSa(",
                "pO;?",
                "V1ZS>K",
                "Wonf",
                "YRsL",
                "93Og",
                "'OUA:",
                "B/TR",
                "l)I ",
                "cP;D",
                "k;j*oQ",
                "6W<M",
                "GnRZ",
                ">A<1(",
                "%A:D",
                "4b#8\\",
                "Arpm'",
                "Su$] ",
                "Jw@Z",
                "No~M0",
                "[zO!",
                "[FFm8",
                "Jr0Z",
                "\"^9)",
                "9g@A",
                "c5YT",
                "[R%;#",
                "^~HFA\\",
                "Jl[W1",
                "SXX\\",
                "'zdm",
                ";?Lz",
                "$-P,",
                "zF7{",
                "j3z7",
                "/^l>",
                "e\"t`",
                "$rYQ",
                "8d,3",
                "%@-E%",
                "[Br{",
                ")tLG*M{",
                "GZ!@",
                "~pz3",
                "gx&X7",
                "(_uk",
                "ff5~",
                "-i$H",
                "Ipcj",
                ";cVJ",
                "If33s",
                "ybs4",
                "IxSi",
                "r(,Q",
                "0AjJ",
                "`=)Ti",
                ">uT%",
                "F<f\"",
                "KM8N",
                "TB]~",
                "?W~9",
                "$.g8",
                "0}g%",
                ",M|]L",
                ".bHq",
                "H^F6",
                "&_eb",
                "?^HS",
                "iu9U7",
                "q[,`cwA",
                "v_Gq",
                "/a$d",
                "n{^z",
                "730*",
                "7a72q4z",
                "_uPN",
                "2%Qs",
                "%6tM",
                "OQ~=k}",
                "<_0b}",
                ">A``:;",
                "IHzJ",
                "HgkMp/",
                "->4vj!",
                "&Hvt",
                "2qHvKm",
                "M5:g",
                "y>,B",
                "uQe?S",
                "3wd6",
                "E9;On",
                "Uk9p",
                "X\"Qp",
                "2_3v<",
                "IdH2",
                "P/I>",
                "y_T@",
                "3#-L",
                "mU;ux",
                ")5'<",
                "WdHBU",
                "LS&m",
                "MY_|",
                "p1Po",
                "G>.r",
                "1((H",
                "3^t*",
                "]:nA#",
                "/mM>",
                "G6`G",
                "*<]:o~",
                "lS'\"",
                "d=V@",
                "@0Fs",
                "}R.=)y",
                "nLP[",
                "3`tw=F",
                "j+oj/",
                "hH8E",
                "*vtKyG",
                "m!4]|s",
                "&;bO?d",
                "c8/6",
                "T$Gy{",
                "#<Q/B",
                "\\`Gg)&5",
                "Cq$36",
                "U_+M[",
                "l1M;",
                "`3\">c",
                "49Y;",
                "rOP`",
                "xi3&",
                "H%sb",
                "Fk/K",
                "V|i{",
                "_&f=",
                "L0vU~Z",
                "B5h7^)",
                "mg1'",
                "M DH",
                "\"wUJ",
                "*!<|)i",
                "}OVV",
                "97!O52OC~",
                "3$Y2(:*D",
                "V@yu1",
                "TKUe",
                "_njo",
                "0; #",
                "5ip0",
                "\\$-wSz",
                "/V6Mx",
                "hx4)uf.",
                "}b&:5",
                "3SCr",
                "pgn9",
                "=-Cq",
                "#VoKR",
                "C$sj",
                "Ayc~N",
                "P_jk",
                "<\"\\~",
                "A)X|)",
                "uwf9~",
                "Dh$?",
                "j8\"B",
                "xE6K",
                "JwlB",
                "I24m",
                "/%'l",
                "F,'T",
                "n*q_O>",
                "7NKR",
                "5y\\.",
                "JJky3",
                "A7!q",
                "ep@6",
                "_Z)R",
                "={*K",
                "?  ]",
                "CO>H",
                "RJ\\y",
                "^;U&",
                "CZ+,f",
                ")ZmM7",
                "U/2~f",
                "r(~x",
                "2Aq1",
                "lQ5I'",
                ")Wcx",
                "~X?=",
                "6eiJ",
                "8 tE",
                "Zudr",
                "]2[n1V",
                "jff+8",
                "d7+!oO",
                "cgK&",
                "60Ew",
                "\"{l|",
                "21wjh",
                "TZ>S",
                "zt x~",
                "YL8y",
                "wFv#",
                "TBQ}",
                "&Tf6",
                "A- J",
                "~NbLR",
                "]L0w",
                "YS~D",
                "Fs-:",
                "B$dz,M",
                "-s__",
                "l_i6",
                "bX'8",
                "[0WD",
                "%7SR",
                "y-)q",
                "Oh&?I",
                "!*i|Sifn",
                "es'q2+",
                "0{Lz,~Y",
                "~Sxk",
                "%?yC",
                ",]b>$",
                "e}WPx",
                "+%h\\z",
                "$5@n",
                "!Obo",
                "ek^VI",
                "n%ndK;jC",
                "Y;>S",
                "|ufl",
                "$o'*",
                "pdvx",
                "{8m$",
                "@4,_",
                "3gNX",
                "qIym",
                ",X 4",
                "4Btf",
                "o`pA6",
                "/-B(",
                "AcwA",
                "b;;w",
                "S9YP]",
                "Yd.#3",
                "e`\\bj",
                "lU1(",
                "z@Oy",
                "4|Y_",
                "7vg@",
                ")8+ZpEu",
                "vK;V",
                "mB!`",
                ",m3>",
                "pFvO",
                "sPSi",
                "Hmar]A",
                ";A//",
                "~A*M",
                "<.EQQ,",
                ")Ikw3",
                "OE{Y^Y",
                "EIk%",
                "pf5F",
                "E+.}?",
                "c(Z4",
                ">z>MS",
                "^Bkk",
                "a\\X|",
                "B$!8",
                "R&# ",
                "E$!x",
                "$#xd",
                "$!P`",
                "PROT_EXEC|PROT_WRITE failed.",
                "$Info: This file is packed with the UPX executable packer http://upx.sf.net $",
                "$Id: UPX 3.94 Copyright (C) 1996-2017 the UPX Team. All Rights Reserved. $",
                "vyB!F",
                "dBx'2",
                " HC\"",
                "J%1c",
                "@tDB",
                "A&v}",
                "sUge",
                " @*i8",
                "80c=",
                "VA*w$",
                " &Nw",
                "_u7k",
                "-R3\"",
                "K,^<.",
                "ArHF,tC^",
                "emO<V(A48",
                "l(bJ",
                "x0eJ,x7",
                "4H)6",
                "kWxL",
                "4g_3",
                "<yiR",
                "UPX!"
            ]
        }
    ]
}