{
    "malware_data": [
        {
            "filename": "5d1c1302458cd715172c06fb186d4e0281cd1adfb09fa40be22a4b2459f57191.elf",
            "filetype": "7F454C46",
            "filesize": "37KB",
            "hash_sha256": "5d1c1302458cd715172c06fb186d4e0281cd1adfb09fa40be22a4b2459f57191",
            "strings": [
                "aUPX!",
                "-pGb83",
                "o-N4X",
                "L/y7",
                "9O0Rd8I}",
                ";@\"dX",
                "jPg6b",
                "xp '`*Z",
                "axfM",
                "*+8p",
                ":kSj",
                "v)F(l$",
                "=Kv#",
                "e'>Y",
                "hjAQ",
                "lV15'",
                "Gi@*",
                "0=RI",
                "QaQC",
                " nOqR",
                ";E+D",
                "J=)h",
                "-F<v",
                "POq`",
                "F#|)3q",
                "Rz6k",
                "u{^w",
                "8H8K",
                "Q$@m",
                "fP\"r",
                "b]PP1J",
                ".J3`p",
                "+p8~%",
                "^WW'",
                "E;qo",
                "P0){",
                "+,CT",
                "m.HXq",
                "VrPe",
                "N\\<3'",
                "iBo}",
                "4Pr*",
                "x%Th",
                "Jb8IF",
                "3:V4W",
                "JBXUd",
                "IAbM",
                "F\\0H",
                "D.~~}",
                "<TeJ",
                "2]>p",
                ")D!\"",
                "99x qA",
                "xTN<",
                "5>w=",
                "1JT@~",
                "Y9Ek",
                " uF1",
                "A)%7",
                "rFkF",
                "&'4@k",
                "s<=M",
                "Sb~@",
                "MpF8",
                "jUOW",
                "bsC&",
                "R{dbh",
                "x=,a",
                "v_5F",
                ")g*p",
                " gf$",
                "j;1}J",
                "_S_O",
                " <Bwe",
                "xV?/",
                "'wTp",
                ">BPu",
                ",lF+",
                "8Uk!",
                "`_d,9nN",
                "<#YiL",
                "+U}.",
                "O|b.",
                "%O04",
                "[,?X",
                "$d0X",
                "E]!fF",
                "DM0W5y",
                "MO>V6",
                "+aEH5/",
                "U|&b",
                "6cl^",
                "la] ",
                "2|s%",
                "znF&",
                "YeJOCJm",
                "'gC*",
                "5%8e",
                "bKH'",
                "6$D'A",
                "4P5?0Cq",
                "a'R{ o",
                "K\\!C96c",
                "q5-z",
                "y6ko",
                "\";xa",
                "LOZu",
                "X*gx",
                "qF{$$",
                "VB4?",
                "aD68",
                "?S,x(",
                "\\q_xk",
                "%m?\"",
                "0|'6&b",
                "Msi6;Q",
                ":!uEF?",
                "\\(fc",
                "1#e<A$",
                "ajqH",
                "Xiaip",
                "L{jU",
                "m?Ad<",
                "iC\\3",
                ">q]i",
                "8y28",
                "yQQf",
                ",:]\"",
                "$WG>WB",
                "_jXp",
                "020y",
                "F!7x,",
                "tn%F",
                "x:(gb\"",
                "(q&^",
                "N%42",
                "5#=;O",
                "> d~Y",
                "hVBo",
                "*}^q",
                "t:5!}",
                "G=_'",
                "@19/",
                "c-$<",
                "wgvKya",
                "b_ug",
                "Z':j",
                "'O$bWN",
                "Nf!MH",
                "{-HU",
                "iQj(",
                "-ig4H:",
                "\\?yF",
                "w_ W",
                "P-Q8^4",
                "pG- =",
                "NQ!}h^",
                " TVd`",
                "V^#^",
                "Nde?d",
                "`-2pA6",
                "mC^|i",
                "I=UY",
                "3'cP{",
                "4n=)!",
                "U0;s",
                "UHAm",
                "89cP",
                "6bLrHD;",
                "x6Mn",
                "7E{Yi",
                "gaZr",
                "SOJV",
                "aiwA",
                "a8R~9T",
                "/eWO",
                "b%JK",
                ", ,p",
                "=eOo",
                "&{6*",
                "pR00_>%",
                "/Q=(T",
                "g[,u",
                "mAR*I",
                ",`#Ss",
                "JC1Y",
                "C>[1o",
                ".IK=",
                "iJ\\TF",
                "b+d2",
                "rr`~",
                "q<hi",
                "M&'NR",
                "H(En*",
                "w#vN",
                "9Lt;",
                "A2o6",
                "QODS",
                "9SXp,",
                "a::U",
                "Ec%[",
                ";5a`",
                "A*[p>+",
                "z6wA",
                "#7-R",
                "er0d@k",
                "GZlU",
                "<>MZ",
                ")'a[",
                "<k#/",
                "Vj=f",
                "#d;k",
                "?a(9",
                "UPBS4|",
                ">*>Ly",
                " pmj",
                "JTC4",
                "Rx;g",
                "x'_&",
                "}38\"T",
                "T*VX",
                "7tCvw",
                "Y:\"Wt",
                "L>k w!NL",
                "9s=;",
                "r}:)",
                "O9U5",
                "&*DL1",
                "%R2E",
                "$)|X8!",
                "d&u2",
                "\"_,N#",
                "ZudTC",
                "Hb+9:",
                "/!LvD]u",
                "`d9~",
                "*0E01Q",
                "bZd|",
                "7:<u<",
                " #23",
                ":1W8",
                "?(<I",
                "S;O}",
                " ~8k",
                "WO4[Ml}",
                "]7~v:",
                "CTb37",
                "pM$'",
                "g)%I!",
                "i_a+",
                "plekmh",
                ">*.hA",
                "lyqd",
                "-dua",
                "\\Y+y)",
                "F8N$",
                "%=b(",
                "uFrH2.~",
                "iT$o",
                "\\9+/i0",
                "U|ol",
                "7sd^",
                "%StV",
                "7!@S",
                "kJoY",
                "bY+%/",
                "I(Q:",
                "QwS)",
                "&wVH!o",
                "I\\=-4",
                "%o7{ic",
                "s|Kq\\",
                "XU95T",
                "yf@a",
                "6aui",
                "nhYPd",
                "m~xc/n",
                "E[vZ",
                ".IX1",
                "iXfm",
                "$kiS",
                "094*",
                "}>cqE",
                "<ix#",
                "<Kv!",
                "V1<z$ ",
                "Q}*1",
                "!P(Y92f",
                "zjR7",
                "g<h8",
                "q%[_",
                "zN'#",
                "{]$/",
                "ak@I",
                "wy2;",
                ".s1'*PK",
                "UzQ!",
                "e,|&y",
                "4U)2",
                "<*IvS",
                "D^wD",
                "pvEF!",
                "n2\"M",
                "Wu]DM",
                "@D=F",
                "XbqH",
                "O_yz",
                "?\"^,",
                "!tW(+",
                "Cgm:\\",
                "GHlsi",
                ".)js^",
                "4(*_",
                "D :{",
                "<nY^d",
                "QdPj",
                "bcD?",
                "zu+#E",
                "*v7B",
                "A{ jk",
                "8|GG",
                "to;E",
                "![y{",
                "=JzJ&",
                "d{C(0",
                "h2Y).<",
                "drgQ",
                "`\\r\\",
                "Z(xU",
                "6LAab",
                "2E+o^",
                "Qlf6",
                "QcmJ",
                "T\\P1@m",
                "Gg*|",
                "H 4s`",
                "u<._",
                "Xl(C",
                "InK2",
                "T{*HP",
                "9HzD",
                "[CI;",
                ",T[zcN",
                "p #u",
                "=+Ov",
                "}w4hkd",
                "w}<pz",
                ":$G@",
                "%!`i",
                "HxQu",
                "K`fQwy,",
                "uZN@",
                "Mv=_",
                "pmV`",
                "_u>T",
                "gbSf",
                "^Jfc",
                "Mq<D",
                "en{I",
                "q*vb",
                "bBd|",
                "|u4LrG]",
                "Ic'z",
                "/OCIT",
                "p#[g",
                "XnK2C<w",
                "xBLa`|6%B'",
                "UWhMrD",
                "h)?N",
                "cb~X",
                "VZ,6",
                "ea?W",
                "2csO",
                "yKEy",
                "g)OA",
                "jAS0%=",
                "k4VD",
                ">I\"a",
                ",s8i",
                "p edFi",
                "F[`O",
                "!hT.",
                "=6{[",
                "{avTG#K",
                "HMClV",
                "b8Wx",
                "6adV",
                "Z`\"Kj",
                "D0zzu",
                "BXGU",
                "Fx=k",
                "CeEW|",
                "'tya",
                "h1<Xh",
                "s!X:",
                "70l;\\",
                "ZfT7w",
                " Dw!1r",
                "klWe",
                "t\\c6e7",
                "_JnL",
                "=_SX",
                "eL;]t",
                "D4:R'",
                "<;V5|",
                "j<tJ!j%M2h)f",
                "6{L+",
                "Pb )",
                "PROT_EXEC|PROT_WRITE failed.",
                "$Info: This file is packed with the UPX executable packer http://upx.sf.net $",
                "$Id: UPX 3.94 Copyright (C) 1996-2017 the UPX Team. All Rights Reserved. $",
                "5n9#",
                "]=2)",
                "%b')",
                "/Cw@Z&",
                "9e(1",
                "xjqX",
                "/Vv<",
                "-zL0U",
                ":LM'",
                "~!'\"?",
                "gn;>",
                "`dOW",
                ">G\"V",
                "G0KT",
                "o9ruVu{",
                "A3Zp",
                "5(Ix5",
                "[NI.",
                "[zu%Z",
                "b/h>@%",
                " ;\\4",
                "+Ofp",
                "WJFj",
                "j%9Z",
                "iEO`",
                "UPX!"
            ]
        }
    ]
}