{
    "malware_data": [
        {
            "filename": "5b39f491dcda7d995b7fc7e304641335df795fc3dcc0d97eab76dd075d3b2d64.elf",
            "filetype": "7F454C46",
            "filesize": "27KB",
            "hash_sha256": "5b39f491dcda7d995b7fc7e304641335df795fc3dcc0d97eab76dd075d3b2d64",
            "strings": [
                "UPX!",
                "R]Z1#",
                "/M1<",
                "\\Wnq=",
                "lb<**'",
                "*'>,",
                "/y\"$N>",
                "p[?|",
                "m!(j",
                "pNpl",
                "Z!@~Y5",
                "5UTG",
                "|\\wH",
                "2[6e",
                "2TTF",
                "w[4e",
                "'P&}",
                "0aFq",
                "85l1",
                "&vg<>=",
                "Qp_Q",
                "o|/KF",
                "^#6\"T",
                " \"6>z7",
                "N(m,",
                "Q#Gf",
                "Rq>-QP",
                "{MJF$E",
                "BF)r",
                "FY*t",
                "LAg{Q",
                "85jP\\{",
                ".9+k",
                "\"mC$I7Bj",
                ".yfO9Hq",
                "~+#O",
                ">[+{!",
                "+|sx)*",
                "kj0,",
                "w<w]",
                "s/bS",
                "1d=vDH",
                "0Br:",
                "0!kP",
                "av^B",
                "n0Nr",
                "BtGK",
                ")1%%",
                "8[>t",
                "qww?o",
                "`2uJ",
                "^^Qt",
                "}2qTc_E",
                "Cpt'",
                "\\x+S",
                "[V01",
                "*#t6^",
                "+<^<%~",
                "9j(O",
                "!<r}N7",
                "MXB)I",
                ">SPw",
                ";2t\\",
                "nK*e",
                "Z[y^Jc",
                ";]xhO",
                "V TJ",
                "&>bE^",
                ",{l+HO9_",
                "@*]C\"",
                "')CV",
                "\"pcs",
                "5{L2",
                "H)kDU",
                "lF,qc",
                "3G~+n",
                "D3.'=;q",
                "bIS)",
                "g`*m",
                "CpfQ)P",
                ",n2k",
                "x23Z)",
                "8ZL4K8",
                "Rf[**",
                "P1*[",
                "49uP",
                "`X=U",
                "e:9)",
                "$lTE",
                "#;b,",
                "Llpz",
                "k'b!*",
                "ySoS",
                "Fbt#",
                "y-DlF",
                "Y)?=",
                "Xj4ICr",
                ")9VT",
                "Z?{B",
                "mQwHF",
                "|>Aa",
                "N*/$c",
                ")5=O",
                "*^)Q",
                "J68E",
                ",[NL\\",
                "P;f9L",
                "}kVH",
                "yZdk",
                "Y[ r@",
                "5\\T$",
                "*]/K&",
                "mW:Q\"",
                "?e&A",
                "iE\"|",
                "\"0\\E",
                "1Px/5",
                "OR{r",
                ")`MxP",
                "URz`&",
                "p4wEb",
                "zU]l",
                "8P`]f",
                "rG/Z",
                "<:<W4",
                "Q9}JX",
                "r2YfN",
                "Y3K\"",
                " NKL",
                ")MEU",
                "<OGg",
                "O4SL]",
                "7!PlaPIB",
                "OFsRP",
                "_6@c(",
                "PLDk",
                "JS! &",
                "2r0l",
                "l9$(fX",
                "p9'w",
                "e+61",
                ";X9^",
                "P{<5",
                "ACj7",
                "Y'XL|",
                "k~? ",
                "gClTE",
                "8l$In",
                ">Cvo;",
                "zj/i",
                "U)ws",
                " d}j",
                "VNLl",
                "R5*Us",
                "+Bv=",
                "x@qY",
                "F nH=",
                "ccFf",
                "X33N",
                "id',@E",
                "=yAr<",
                ",-}?B",
                "\"+,Xt",
                "^sii&",
                "T5^'<",
                "ziVXF\"",
                "I!CayD",
                "[Z'}` ak?",
                "$op8",
                "uPZiT",
                "k{4[",
                "Bf0_f!ccn",
                "ghgSqD}B",
                "p`'R",
                ";80?",
                "\\]Du",
                "`!av",
                "L_#=s",
                "3!or",
                "!.~Z0",
                "[rWg",
                "kRkF",
                "wlI4",
                "F wH9",
                "]/1Z",
                "G l!g",
                "Ax_!",
                "P,}^9Kp",
                "ZLs_|AP",
                "&)#5lIP/",
                "H5[$",
                "bxND2",
                ":d1K",
                "en(b",
                "Lb25",
                " ,@J",
                "=n544cs2",
                "~c4{",
                "Nf0q",
                "2+\"W\"",
                "xk(B",
                "d}'-x",
                "&NKS",
                "U36;",
                "gBt{",
                "{=5Zi",
                "ji75",
                "Y~bm",
                "[@XA",
                "|iq4I5",
                "eFf|[",
                "3\\`}",
                "?x&]",
                "%;zw",
                "MUEl?P",
                "OmAk",
                "6g}/",
                "1nH,Z",
                "mAB`",
                "GS@2z",
                ")Z,m",
                "\"*&l+",
                "cM\"{1B%6",
                "jEeTGof:a8",
                "|dqwU{",
                "K7p{",
                "C#QF",
                "K'aB",
                "$fCh",
                "Z;6 (",
                "O!EBTL$O3",
                "K*=L",
                "C>uf@",
                "a=J,2",
                "AS-H;I!",
                "drl<d",
                "$Rju>",
                "}@Sy",
                "CI)t",
                "cR:I",
                ";}gPm",
                "yo5y",
                "nm T_o",
                "IsTB",
                "`ZNF",
                ")ZuIF",
                "Sk+>",
                ";''6",
                "Bv ci",
                "0Ss;",
                "C]~_",
                "(\\e ",
                "ng*0",
                "A!4>^",
                "dxC@",
                "Ca20",
                "Q--\"r",
                "A8_5",
                "me#t=",
                "fZh=",
                "_hR\\0",
                ":On@2",
                "crb?",
                ",/6\\",
                "y>%s",
                "D:ab\"",
                "Xc=]",
                "Ai}`",
                "<^78",
                "a|$J[",
                ">#I<Ie",
                "*3he",
                "JX0[z",
                ">}8o",
                "  Zz3",
                "Dau;",
                "Rk6N",
                "$:F64~",
                "hv+1",
                "pP9_",
                "5\\\\?F",
                "Gg\\`",
                "i3\\,",
                "t@/};j",
                "J.GI",
                ".7!@",
                ";]2 ;",
                "u8wED",
                "?5G<",
                "^@P@@",
                "v<Bp",
                "|cX08c",
                "@}+X0})P09k",
                "}HSx8`",
                ".}8J",
                "#x}@Y",
                "}iXP",
                "}HSxA",
                "(P8d",
                "x}f:.U",
                "}HSx|",
                "(P}f;.8g",
                "}HSx8",
                "@PU`",
                "@.UH@.9",
                ".p}HSx|",
                "P}7Kx",
                ".p~)",
                "x}:Kx/",
                "0Ti 6 ",
                "x}d:.U",
                "}d;.B",
                "U)80?",
                "}f;.B",
                "ZX0T",
                "<}8J",
                "} HP8",
                "@.WZ",
                "(PcZ",
                "WZ 6|",
                "}f;.",
                "Z#xT",
                "`P8`",
                "PROT_EXEC|PROT_WRITE failed.",
                "$Info: This file is packed with the UPX executable packer http://upx.sf.net $",
                "$Id: UPX 3.94 Copyright (C) 1996-2017 the UPX Team. All Rights Reserved. $",
                "2TYv",
                "]@xv",
                "+#8D",
                "F)N[",
                "U?y!",
                "P_'i~",
                "LJ)H",
                "7JZx",
                "lO c",
                "tz0(",
                "%\\bSG",
                "&k?H{8",
                "s?P>",
                "2\"SA",
                "PhDT",
                "GCe%",
                "7St*W",
                "F0.V",
                "18(05",
                "_%b:e"
            ]
        }
    ]
}