{
    "malware_data": [
        {
            "filename": "5b3af2ecc4337e1ab54921de986e662816b5e5a30611584224863fa335a06a69.elf",
            "filetype": "7F454C46",
            "filesize": "55KB",
            "hash_sha256": "5b3af2ecc4337e1ab54921de986e662816b5e5a30611584224863fa335a06a69",
            "strings": [
                " NUPX!",
                "W.Z^t",
                ")$In",
                "0:J'",
                "=)h-[0Hyk",
                "y<R/",
                "{>+m",
                "}D!+",
                "%@VFq",
                "axuW",
                "mxILM*",
                "o0`$",
                "UGH!*",
                "pWa,",
                "PR@9",
                "{rwp",
                "}]}-Q",
                "<[+n",
                "/|}y",
                "v%+4",
                "65vO",
                "5xV`",
                "Rqbi",
                "jB\"/=V",
                "1Uv\"UC",
                "6Uoy",
                "Q$jt0?",
                ">%X4",
                "zP8Qk",
                "Jvdm",
                "aQCu",
                "<t-FLi",
                ">_8s",
                "+UW[C",
                "xL?~",
                "U&J@",
                "mJ}6",
                "jX9|x,",
                "%uYr",
                "dbycj",
                "]H@h",
                "0b$+\\",
                "$.?H",
                "o<Rr",
                "3s$ >E",
                "F:$U",
                "[ESL\\ ",
                "r354\\",
                "(3`*",
                "r9pJ",
                "]yu.",
                "YSs\"",
                "D,<B",
                "~/Ft",
                "8+uBOx&",
                ".6J94",
                ">Z.}",
                "A8:Y",
                "T5<!$",
                "$kVd",
                "\\fit",
                "`Pw>",
                "4>iC",
                "T}^>",
                "?{<^a|.2f",
                "bJhT",
                "<'orSA",
                "\\@cA",
                "28pX8",
                ":e'$",
                "J(|{",
                "T:*$",
                "oz3Nk",
                "rh$x",
                "WE7)QG",
                "wS?UW",
                " ^L9",
                "P KA",
                "hJ/)",
                ")_:)",
                "Dhi-",
                "#)A+nP\\",
                "RNp2",
                "j+\\Q",
                "W<E~",
                "F[-\">",
                "8p-@)cJ<H",
                ";5M;",
                "fibm",
                "\\w@@",
                "V09!",
                ";vDk`",
                "ug*u",
                "SFbU0",
                "}.Y(c",
                "`@Z|",
                "z{q~,",
                "(aHJ",
                "z'<|5",
                "Uwy<0",
                "s.t'",
                "+yNG",
                "{Z}U",
                "1Z:@",
                "?$rf",
                "'I&7=",
                "b>y=]",
                "c.eY@|Q6",
                "Yq0{l",
                "3{!0",
                "H\"AN0",
                "U@*F",
                "tpTC",
                "~6ry",
                "B_vun",
                "[9D=",
                "Q'oh",
                "saB4",
                "jk@f",
                "POH-w",
                "6u[W",
                "6Fe^",
                "R=Y!",
                "F-{pB",
                ",dh!",
                "Y2Eb9)",
                "@U8V",
                "o.V=%",
                "=JTjOg",
                "'|e^",
                "\\9tR",
                "}$m;",
                "+~XX",
                "6I&e",
                "9}K#",
                ",&K):x",
                "}'iKr",
                "@c<VT^*b",
                "+$.*",
                "V|m^P",
                ">f45",
                "E'D_",
                "C*R4.",
                "{}9_",
                "$_U#IL",
                "{~;,",
                "PitW",
                ".$(J:",
                "|k_0<",
                "G(B;)",
                "yW}E",
                "{Zy|j",
                "|Nt3",
                "9\\sd",
                "lz@i",
                "J_>l4 ",
                "*Z\"hF",
                ")`hW",
                "+Mt_",
                "A*#$",
                "WB$CH",
                "Mbv&",
                "wj!5",
                "@[Aq",
                "V0Xu",
                "W{_*",
                "_Yh;",
                "YfpH",
                "obdd",
                "jtCjx",
                "dDoT9=w",
                "QaSa",
                "(F2\"",
                "_;+\\",
                "/pHG",
                "2Q'bQ",
                ",myB",
                "-VI+",
                ">Tx\"",
                "/P!_",
                "3>S1",
                "-=1d",
                "32lI(",
                "&en5M*8P",
                "m`} ",
                "Wu(I",
                "Dzd8",
                "6'On",
                "L?.u",
                "VVSN|",
                "_9CED",
                "*!-WO",
                "QBC<",
                "[#rCh",
                "4lAe",
                "WNdh",
                "lUSL",
                "Md8tl",
                "`Fe_r",
                ".B;z+",
                "jj0#",
                "_`*k",
                "]H[8",
                "+kU<",
                "N:zgHp",
                "E]xG&O",
                "cB12",
                "fO/u",
                "E&(g\"Z",
                "j\\ |",
                "I>@Y",
                "+tPA",
                "3M\"E",
                "YJNi",
                "OWQq",
                "ft)}",
                "P'l;",
                "asRm",
                ">d`)(",
                "abY&",
                "tpD:",
                "$XKx(",
                "dp}xn",
                "w+M<y",
                "Y,'O",
                "m~6!rmVyf7 ",
                "W7vY",
                "hB)M",
                "7]%!",
                "|\"HP#",
                "#A>y6",
                "vJg*:m",
                "FS!G",
                ",?s2",
                "Cq;Q(X",
                "?T\\xi",
                "s)vLG",
                "Z{VFc",
                "?8+9F",
                ",m)#",
                "iv?^",
                "$QeF",
                "+V%8E",
                "(_P^<i:6x",
                "!YJiM",
                "eAq{",
                "@mr&",
                "\\-KS",
                "]2<g$!",
                "`~Bs",
                "#_{N",
                "qpy5",
                "dCs@",
                "US&N",
                "5$x;2",
                "#_Fpk,V",
                "N4t[J\":",
                "tWr`+",
                "Mo\\qm@",
                "+Co'w",
                "D&5s",
                "MPj:",
                "s{HOyA",
                "PBp8",
                "yfn(",
                "7^@;",
                "0AL+",
                "0g%$q",
                "H-J\"",
                "m{_]MTF4t",
                "JJ2Z",
                "c$Ya%",
                "p<I?",
                "u[z_",
                "nrO!o",
                ".z8i",
                "C[*F",
                "w!r~",
                "\"'/]",
                "_j~9",
                "t;E!",
                "uymp",
                "ToxO",
                "8MBU",
                "s#!nwqj",
                "d)x1F",
                ">q{@",
                "|;{`",
                "t}h%",
                "GAr\\Yxs",
                "lfu\\`",
                "@N?<",
                "AM0x",
                "50B\"",
                "1(hRr",
                "t5zS\\",
                "6dD(",
                "D`TI",
                "yhwl;AM",
                "\\n]{",
                ":2\\oG{",
                "Q'D0",
                "qkbY",
                "|>Kl:t",
                "[#+#",
                "( .3",
                "y5efM]",
                "w$+m",
                "mO!%",
                "F?<a",
                "P){6",
                ",Jb?|",
                "#sZtB",
                "ZelOS",
                "T[\"*",
                "EbSb",
                "'Ao}",
                "AgJ&",
                ":S%yL",
                ".C)'h",
                "<h>e1SL",
                "H\":8",
                "mZ$i",
                ";!{F",
                "1n_R",
                "ebc[",
                "5pi[",
                "i2MN*",
                "m+BC",
                "bBVv|M",
                ".qc.",
                "e:v ",
                "X|72",
                "/]&&\\",
                "L_vv",
                "mK.T",
                "HqXW",
                "ahMn",
                "eQ66W",
                "Y1r$",
                "v$yR",
                "gc<&H",
                ")yQR",
                ">~4)",
                "=kWV",
                "g '$",
                "rI;!",
                "lKYM",
                "<*8.",
                ",\\zY",
                "vHHbWt",
                "^Mo?v",
                "r*!s;",
                "|U,g",
                "rY(s",
                "<N? ",
                "uRYx/",
                "6kQb",
                "J\"t7",
                "k92h",
                "r9EX93",
                "W^1l",
                "79_|",
                "d)iD",
                "@?yg",
                "4)kp^Y",
                " &hO",
                "eOzy",
                " _[cfH",
                "E9Zg6",
                "I9b4",
                "W ,U",
                "'/vx",
                "p!5#5",
                "+Y-R",
                "b<f'",
                "#a6#",
                "d+l,",
                "(j^m",
                "?VX,",
                "Q:63",
                "xp(5,I,",
                "rb2\"",
                "+.#g~",
                "5-Q?,/",
                "[iQ]",
                "r),0",
                "2@n}",
                "~@1H",
                "|jM-",
                "mtx+",
                "//*`",
                "-MQS",
                "OhQ![",
                "<{{#l",
                "D9`O",
                "hY$8U6",
                "l-sl",
                "VJ.r",
                "mK|3",
                "h@57C",
                "K{7yt",
                "_{, Yc",
                "Pb )",
                "PROT_EXEC|PROT_WRITE failed.",
                "$Info: This file is packed with the UPX executable packer http://upx.sf.net $",
                "$Id: UPX 3.94 Copyright (C) 1996-2017 the UPX Team. All Rights Reserved. $",
                "5n9#",
                "]=2)",
                "%b')",
                "/Cw@Z&",
                "9e(1",
                "xjqX",
                "/Vv<",
                "-zL0U",
                ":LM'",
                "~!'\"?",
                "gn;>",
                "`dOW",
                ">G\"V",
                "G0KT",
                "o9ruVu{",
                "A3Zp",
                "5(Ix5",
                "[NI.",
                "[zu%Z",
                "b/h>@%",
                " ;\\4",
                "+Ofp",
                "R{=o",
                "K{Gn",
                "jo_C",
                "VC'Q",
                "%JYy",
                "ON?Y",
                "OyHO2",
                "cIPrQ",
                "G,2K)",
                "Mx(v",
                "?CV&b",
                "&8Yc$",
                "{kZ6",
                "\"v(E",
                "'OE'",
                "NJPs",
                "T01R",
                "8(!|",
                "OZZh",
                "K&L-",
                "%=N^X",
                "T;m;ID",
                "K$X\\S",
                "QE1y",
                "^u*a",
                "|_=d)^L",
                "%k N",
                "hMH\\8",
                "R7{S9*",
                "o v\\Te",
                "}z9Od",
                "3W`[",
                "1T%5",
                "\\^b)6h",
                "k#y@",
                "=?7J$",
                "UC[(",
                "P9;a",
                "@=39",
                "K!6,g",
                "{op.",
                "uP\"q",
                "C:;$V",
                "(Y3d[",
                "?t&~",
                "|?H_w",
                "%=0a",
                "`.G+",
                " 2dWf",
                "3&hN@",
                ".*sYA}",
                "U>y=d",
                "xV[R",
                "zxqh",
                "5>X5K",
                "E'gED",
                "^fm#x",
                "[Tl9",
                "A7;A",
                "X lB",
                "6|0J",
                "z`>Jxd",
                "!f;&=",
                "QA'2",
                "-ELEv",
                "'Y\"Ep",
                "KC-!",
                "E`9B",
                "Py%+",
                "eq$O",
                "\\(ZW",
                "c.gI\\",
                "^JRsk",
                "uUu6Da",
                "1@mR",
                "=2UQ",
                "nQgE",
                "Tz7C",
                "K-w-",
                "EXGY",
                "u;7$",
                "l.MM",
                ".QC{",
                "%S/}",
                "P)%EF",
                "4F'.q",
                "/$C+r",
                "pGVz3.",
                ":\"nY",
                "Y,]:k",
                "hM z",
                "h17~_&",
                "J~?!",
                "NUfM",
                "puDK",
                "MwQ=I",
                "'/Gke",
                "p$ex]",
                "<+?2",
                "(Xzpt",
                "hP^}",
                "'g56o",
                "`gPHE",
                "/sxd",
                " ul d",
                "Ig\\cB",
                "!u|w",
                "^\\w,",
                "u8$t\"",
                "%_:F^",
                "pk}*{",
                "j\\[3@",
                "4B/?;=",
                "KSo0K",
                "RV:fR",
                "~Vn%*",
                "UZWEE",
                "e7SZ]@8",
                "uUu7",
                "d*rm",
                "FH~c2",
                "+4S_q<<",
                "o|Gs",
                "v$y^",
                "T{\"3jQ",
                "7PR;2",
                "L$u;",
                ",,Bi2",
                "= ]T",
                "v%P_",
                "+L\"e",
                "0r;a",
                "v+Za",
                "iw-~",
                "f\"bhR?",
                "-{hp",
                "JL}k",
                " ctqP/",
                "vO=%V",
                "qp_obb",
                "8U8:j",
                "\"vay",
                "C'<:",
                "0.wG",
                "uG-]",
                "%.=}",
                "W#)q",
                "xyj7d",
                "$rJTX",
                "~7l`",
                "rqb;",
                "-lL3",
                "\\Bg?",
                "WwW&mk-",
                "i\\6,",
                "eKC[e",
                "`rEA",
                "fu<p ",
                "b qT",
                "C+7A",
                "tI<-",
                "6,Ws",
                "CG3,",
                "'$C7",
                "#9*tU",
                "1We=",
                "6p5%",
                "F%/S",
                "p1Ks",
                "jb$cx6",
                ";eMV",
                "vf@*p\\",
                ",,y?",
                "jYq7",
                "B}p'",
                "XK'%",
                "8%?Kn",
                "O\\t/",
                "l|bO",
                "LdkJ",
                ":^6$",
                "6->%GaAV",
                "v[oe",
                "vbG2%",
                "SJEY",
                "rOvE",
                "G38h",
                "\"^FQ",
                "%^ih2e",
                "bZ8g",
                "vcbqq",
                "uD-TH",
                ")cUY",
                "gpr*_",
                "\"l7W1",
                "Mqw=<",
                "rT}]",
                "G&oHW",
                "e{JC",
                "p)ge",
                "q[wy",
                "UPX!",
                "5K[Y"
            ]
        }
    ]
}