{
    "malware_data": [
        {
            "filename": "56b4f307126f78e16ac2ad2e4044de61cb207864bf194ba6702108cb65475369.exe",
            "filetype": "4D5A9000",
            "filesize": "503KB",
            "hash_sha256": "56b4f307126f78e16ac2ad2e4044de61cb207864bf194ba6702108cb65475369",
            "strings": [
                "!This program cannot be run in DOS mode.",
                "q#0J",
                "q#@a",
                "q#Rich=",
                ".text",
                "`.rdata",
                "@.data",
                "8AGu",
                "USWV",
                "7W#1",
                "(jk9",
                "y858",
                ")BH9",
                "^_[]",
                "~'DX)",
                "=[cO",
                "5dg(`",
                "%(\"H",
                "\\==Ag@|",
                "PdN9",
                "5iE9",
                "L=cGMT|&f",
                "5M/.",
                "_x~f",
                "jl/|",
                "c8>)",
                "54JH",
                "6%ap]x",
                "1&Nu",
                "54uH",
                "=#Mb",
                "EV|*",
                "pJu5",
                "58FH",
                "<zHo",
                "5T`H",
                "||d,)",
                "19)Cu",
                "05xOR",
                "=;jm",
                "lc`1",
                "c:0=9[R",
                "7[Z)",
                "=qo ",
                "5hEH",
                "5\\=H",
                "L$\\9",
                "+t$X",
                "5DnH",
                "=DnH",
                "5znI",
                "K61M",
                "MYV1",
                "5 %I",
                "]}9T",
                "5|QH",
                "OT[f)",
                "2nD9",
                "=$xI",
                "0^_[]",
                "%xcH",
                "%|RH",
                "aJr5*",
                "_|'f",
                "\\$(f",
                "%X>H",
                "ECOu",
                "%\\wH",
                "=vPI",
                "|S~1",
                "=@9I",
                "JB@O",
                "w= NE",
                "T$ )",
                "t$Df",
                "%Al)",
                "t$ f",
                "0vdf",
                "l$$E",
                "l$$f",
                "d^_[]",
                "@=l7",
                "5@HH",
                "%zw}",
                "%/>t",
                "11~%",
                "=H (@|",
                "%81H",
                "%8PC",
                "5R&b?",
                "=j+Ir",
                "5tdH",
                "-R&5",
                "A@Ou",
                "USWVP",
                "%w4:",
                "%0EH",
                "6-=$",
                "5HIH",
                "D$$f",
                "=6}LHt^f",
                "GBNu",
                "=VFI",
                "$^_[",
                "58@H",
                "=|2H",
                "t$8f",
                " ^_[]",
                "Kw0G",
                "X1|#f",
                "%laH",
                "$C-t",
                "5d[H",
                "10vm)",
                "WI\\V",
                "5|ZH",
                "!!0Zf",
                "% (C",
                "5<%H",
                "u$P|",
                "5<`H",
                "O$<G",
                "5$~H",
                "kre|",
                "D\">9",
                "(&tI",
                "lY;Z|",
                "vhcc",
                "5h!H",
                "5 TH",
                "W;E#",
                "kF5;",
                "$1L$",
                "5 0H",
                "549H",
                "8 +,f",
                "v7P1",
                "%d%H",
                "5T_I",
                "xg{n",
                "5 {H",
                "T<}#",
                "%lQH",
                "=x(I",
                "=vQ7",
                "qd~)",
                "{CKj",
                "%\"-F",
                "5TNI",
                "= sH",
                "<5| ",
                "%~)+",
                "UC*L",
                "|$ ;~",
                "5D4H",
                "{bf|",
                "uY5Rf",
                "s'|%f",
                "BAHu",
                "+,0b)",
                "z<.,==",
                "=)jZUu>",
                "5D H",
                "`?:t#",
                "ZbgU",
                ":(&C",
                "%pdH",
                "SPAM3h",
                "%8L~",
                "SPAM3T",
                "9#09",
                "%x!H",
                "v=g0",
                "(^_[]",
                "5@DH",
                "6J=_%:D|",
                "l$H1",
                "D$-f",
                "e/SM",
                "D$3$?",
                "D$0f",
                "*H:F",
                "D$/f",
                "cd.5",
                "'a>5+@",
                "6k5B",
                "d$4^_[]|\"",
                "0sf{)",
                "Tdn9",
                "5hQH",
                "D$(f",
                "OI`u",
                ",+XT5P",
                "5lqH",
                "^@$X5",
                "MGP1",
                ";{%f",
                "5,,H",
                "$^_[]",
                "*|.f",
                "-pjH",
                "%HAA",
                "8mqf",
                "~4>5",
                "=VPDH|",
                "\\$(C",
                "D$09",
                "C;\\$0",
                "VqV)",
                "t$,f",
                "E;l$4|",
                "|$,f",
                "t$,t-",
                "%HtY[5~",
                "5psH",
                "=A@A!",
                "=B!*",
                "?-6=",
                "=03H",
                "=jmI",
                "l$ f",
                "9At4uS",
                "h@}B",
                "5((H",
                "A@Ju",
                "H%?%",
                "ov\"I",
                "Khu6",
                "-fDI",
                "JcG)",
                "H^_[]",
                "-^0I",
                "^oQ@",
                "%PRH",
                "wbA?5",
                "@\"\"0",
                "16mJ",
                "-.xtf",
                "%|,H",
                "rdD=",
                "%D6H",
                "]:`~",
                "=52i",
                "Dq5k ",
                "=DbF",
                "=RwM",
                "5x\\H",
                "vb9x%[",
                "5]Rk)",
                "\\s#9",
                "%$;L",
                "47iO",
                "kb0|/",
                "$MyG",
                "5(0H",
                "5TXH",
                "56vI",
                "=6vI",
                "5@bH",
                "5D{H",
                "5H9H",
                "5HYH",
                "S5_i",
                "5VwI",
                "5&wI",
                "5VzI",
                "5D`H",
                "5\"pI",
                "5P>H",
                "5$(H",
                "%4PH",
                "&p  ",
                "5H[H",
                "+|(f",
                "5|}H",
                "%4=H",
                "5`1I",
                "\\%S9",
                "%;)LK",
                "t$<f",
                "%Y&>",
                "54&H",
                "5vPI",
                "$I,t",
                "=EzG0",
                "5|dH",
                "9D$(",
                ">>et",
                "Ceq1",
                ";D$4",
                "D$,$",
                "5|mH",
                "1{lt6",
                "7?}G9",
                "P}%)",
                "a`^_",
                "4^_[]",
                "%TnH",
                "%@AH",
                "9D$,",
                "=P$z",
                "5d$H",
                "=bs=fg",
                "OFz|$",
                "bqSf",
                "D$vf",
                "T$,9",
                "L$(sy",
                "T$$B",
                "5p%H",
                "t$<;T",
                "E{i=",
                ";\\$@vXf",
                "sQ6|",
                "E;l$4",
                "C@Mu",
                "=X8H",
                "=4\\H",
                "__S5",
                "L$$f",
                "5P@H",
                "5p<H",
                "h\".|",
                "=T}H",
                "SWVP",
                "Ft!if",
                "%TXH",
                "/O)s)",
                "x{=%c",
                "{u$f",
                "GOsg",
                "%8}H",
                "5 RH",
                "EtQ(",
                "bIbgf",
                "D$ f",
                "vRSs",
                "5|`H",
                "%`FH",
                "T$81",
                "D$8D",
                "=$bH",
                "[1=h",
                "\"e|t",
                "%x@^",
                "{2<l",
                "=d+H",
                "L$lf",
                "|^_[]",
                "+T$09",
                "T$09",
                "5,HH",
                "t$df",
                "=~FI",
                "5s=Q",
                "'dnM1",
                "%xbH",
                "Rw!f",
                "T^_[",
                "5x*H",
                "%$@H",
                "50SH",
                "]n?)u",
                "t$(1",
                "=G/kqu",
                "+D$(",
                "<5 $",
                "%Z_t",
                "-vPI",
                "5TcH",
                "%$%H",
                "5jmI",
                "5dCI",
                "5|2H",
                "=b@I",
                "5LTH",
                "=\\VH",
                "8/5u1",
                "5H\\H",
                "ks>i",
                "%X9n",
                "%DGH",
                "@`C+",
                "sVr)",
                "D$ |",
                "&qHB",
                "\"(:a1",
                "@=-P",
                "=(0H",
                "=p%H",
                "=|8I",
                "5$LH",
                "G}H1",
                "=sza",
                ".y|F",
                "54_H",
                "T$8u f",
                "D$8f",
                "l$(f",
                "T$ 9",
                "5<UH",
                "=#M@",
                "3T$H",
                "t$D)",
                "5(YH",
                "T$@9T$H",
                "L$x;D",
                "5 BH",
                "D$$u",
                "t$Hf",
                "D$,H",
                ";T$<rY;T$8",
                "T$4sS",
                "D$,I",
                "t$49",
                "r';D$8r",
                "L$,f",
                "+t$8",
                "5l?I",
                "5v`I",
                "t$$H9",
                "5@tI",
                "t$HFf",
                "+L$(",
                "D$HH",
                "5l*H",
                "T$@9T$D",
                "*V=<F",
                "_$t!",
                "\\$$9",
                "%,hH",
                "=l=I",
                "5X8H",
                ";L$ ",
                "}l#=",
                "HB|/",
                "%$kH",
                "9.i9",
                "=X2H",
                "=@]H",
                "=p=H",
                "=DMH",
                "v]u5",
                "l[H1",
                "%i/M",
                "?L=!",
                "5!-Y",
                "=zuI",
                "CnZzf",
                "+W3(",
                "9QZ^&f",
                "=dCI",
                "-,oH",
                "O%\"W",
                "VNus",
                "= [H",
                "-`pI",
                "(KR51",
                "l$(}",
                "r|39",
                "XS 1",
                "(a,et",
                "52+I",
                "5`LI",
                "&^(!",
                "5N%I",
                "5.BI",
                "Y|%7f",
                "l$(|",
                "c)|-",
                "=BfI",
                "=`~H",
                "-zEI",
                "Ab=,",
                "hQ?:)",
                "5j>I",
                "58#H",
                "5f_I",
                "=J^I",
                "=|5H",
                "=,XH",
                "=h6H",
                "-h6H",
                "l$(!",
                "-trH",
                "5XOH",
                "B1_|",
                "5pCH",
                "t$$f",
                "D$@f",
                "D$Df",
                "e]FU",
                "%liH",
                "5$ H",
                "=:GI",
                "=p)H",
                "H^_[",
                "5x=H",
                "t+Ef",
                "=X*<",
                "08h6)",
                "VXo)",
                "%(.H",
                "5(FH",
                ";!V|",
                "%`SH",
                "D$8t",
                "\\$ f",
                "|$4f",
                "%^/L",
                "u+Ef",
                "K2L&)",
                "sRNz5F",
                "p\"Q'",
                "5hcH",
                "a'u*",
                "=\\bI",
                "%LhH",
                "/[_/=",
                "|$$f",
                "T$(|",
                "V=n61",
                "58zH",
                "5pjH",
                "!|1f",
                "%4 9",
                "%P]H",
                ";fmB)",
                "5tt?x!",
                "5<JH",
                "d59}",
                "FP_w",
                "5>AI",
                "5HzH",
                "zCwT",
                "\\t!f",
                "'tPf",
                ">VYf",
                "}NV=lHe",
                "*fE~9",
                "4{me=",
                "%t&H",
                " /Gv)",
                "=O1$",
                "=X'I",
                "T$(1",
                "D$(D",
                "|^_[",
                "D^_[]",
                "v2A()",
                "= >H",
                "5|/H",
                "Ncwcu",
                "5d%H",
                "=l'H",
                "=:sI",
                "G859W",
                "wmI9",
                "=48I",
                "=ttH",
                "sTu+",
                "5LWH",
                "E<+])",
                "%R8\\?",
                "oF f",
                "oV f",
                "o^0f",
                "of@f",
                "onPf",
                "ov`f",
                "o~pf",
                "FGIu",
                "woSW",
                "j Y+",
                "j ^+",
                "_^[]",
                "t&:a",
                " SW3",
                "PPPPj",
                "0N[u",
                "YYh`",
                "H^[_",
                "^[_3",
                "ineI",
                "5ntel",
                "5Genu",
                "t#=`",
                "<v5hZ",
                "SSSSS",
                "~pjCXf",
                "r%;E",
                "PPPPP",
                "VVVVV",
                "[_^]",
                "hM#E",
                "PVh\\",
                "8\"uk",
                "SVh\\",
                "8\"u5",
                "@ucP",
                "t/HHt",
                "HHtVHHt",
                "HHtp",
                "RPWQ",
                ">0t-N",
                "_^[t",
                "PWj?",
                "h  G",
                "t:Sh",
                "QQS3",
                "<at-<rt\"<wt",
                "tRHtC",
                "t;Ht+",
                "Y__^[",
                "8_^]",
                "8csm",
                "t6hp",
                "URPQQh",
                "L$,3",
                "UVWS",
                "SVWj",
                "Rhv8E",
                "h@ G",
                "VVhU",
                "h` G",
                "tWPV",
                "VWh,",
                "Y_^[",
                "r>PS",
                "u*9E",
                "hH!G",
                "h(!G",
                "PSQR",
                "t#Ht",
                "hh!G",
                "9wlt",
                "^_[3",
                "j/_j\\[f;",
                "taf;",
                "tQf;",
                "t f;",
                "@WPPh",
                "Wj@P",
                "h>iE",
                "j@j _W",
                "} j@W",
                "SVWh",
                "PSSV",
                ">\"u3",
                "tA9M",
                "< t8<",
                "t@VSP",
                "Y[_^",
                "SPPP+",
                "FVWPP",
                "SVWPP",
                "t%Ou",
                "VVh0",
                "tO9=",
                "SVAW",
                "A_^[]",
                "Y_^[]",
                "1N_^[",
                "h(\"G",
                "Npt\"",
                "PWWWWV",
                "PSSSSV",
                "PSSSj",
                "N+D$",
                "f90t",
                "f97t",
                "QSVW",
                "j.Yf;",
                "tyPVj@W",
                "_tcPVj@",
                "uCPVj",
                "u#j,Xf;",
                "Wj.Y",
                "Y_^]",
                ">Cu/f9F",
                "PWPt",
                "GWVh",
                "WVjU",
                "@PVW",
                "@PSjU",
                "hp\"G",
                "hH\"G",
                "VWw$",
                "FlWP",
                "w$hd",
                "QQQQQ",
                "j;Yf9",
                "8$u,",
                "t&HHt",
                "9$uX",
                "d}O;",
                "Sj*j",
                "<ItH<ht<<lt",
                "RPWS",
                "QVWSj",
                "h0#G",
                "hp#G",
                "hP#G",
                "/f;q",
                "r)f;q",
                "8f;A",
                "r2f;A",
                "SVWUj",
                "]_^[",
                ";t$,v-",
                "UQPXY]Y[",
                "j@j ",
                "~';_t|%3",
                "wtVj",
                ";_tr.",
                "GWVj",
                "t WW9}",
                "SVW3",
                "jA[jZZ+",
                "9E(j",
                "WVPS",
                "PP9E u",
                "9E W",
                "jlh8$G",
                "j0VW",
                "PVVV",
                "@jd_u",
                "uaPPPS",
                "PWVS",
                "YY_^[]",
                "j:Xf",
                "tWhX",
                "hx$G",
                "hX$G",
                "tHHt*Ht#",
                "uJSSR",
                "D2$$",
                "tGhd",
                "t3hp",
                "t\"h|",
                "@VPPh",
                "Vj@P",
                "j@X]",
                " PjPW",
                "$PjQW",
                "*PjTW",
                "+PjUW",
                ",PjVW",
                "-PjWW",
                ".PjRW",
                "/PjSW",
                "HPjPW",
                "LPjQW",
                "\"<;u",
                "FjPV",
                "<0|m<9",
                "QQSV",
                "Pj1S",
                "Qj2S",
                "Pj3S",
                "Pj4S",
                "Pj5S",
                "Pj6S",
                "Wj7S",
                "G Pj*S",
                "G$Pj+S",
                "G(Pj,S",
                "G,Pj-S",
                "G0Pj.S",
                "G4Pj/S",
                "Pj0S",
                "G8PjDS",
                "G<PjES",
                "G@PjFS",
                "GDPjGS",
                "GHPjHS",
                "GLPjIS",
                "GPPjJS",
                "GTPjKS",
                "GXPjLS",
                "G\\PjMS",
                "G`PjNS",
                "GdPjOS",
                "GhPj8S",
                "GlPj9S",
                "GpPj:S",
                "GtPj;S",
                "GxPj<S",
                "G|Pj=S",
                "Pj>S",
                "Pj?S",
                "Pj@Sj",
                "PjAS",
                "PjBS",
                "PjCS",
                "Pj(S",
                "Pj)S",
                "Pj S",
                "Pj2S",
                "Pj7S",
                "Pj*S",
                "Pj+S",
                "Pj,S",
                "Pj-S",
                "Pj.S",
                "Pj/S",
                "PjDS",
                "PjES",
                "PjFS",
                "PjGS",
                "PjHS",
                "PjIS",
                "PjJS",
                "PjKS",
                "PjLS",
                "PjMS",
                "PjNS",
                "PjOSj",
                "Pj8S",
                "Pj9S",
                "Pj:S",
                "Pj;S",
                "Pj<S",
                "Pj=S",
                "Pj@S",
                "PVVVVQ",
                "u.B;",
                "j X+",
                "f91r",
                "u!F3",
                "9E$u",
                "+t\"HHt",
                "9] t\"",
                "HAO8",
                "PRQh",
                "~18]",
                "~E8]",
                "f;1u",
                "h:1F",
                "hZ3F",
                "WWWWW",
                "tQh4",
                "t@h<",
                "PjYV",
                "u&9E",
                "YY_;",
                "Yu2Vj@h",
                "j@Wh",
                "tnj@",
                "tMj_S",
                "@hW7F",
                "hc9F",
                "hX;F",
                "uF9C",
                "u4Wj",
                "t9Wj",
                "tLh4",
                "t;h<",
                "WHPhX",
                "tgf9",
                "SHPh",
                "tVjU",
                "j@Sh",
                "t0j@",
                ",SVWj0X",
                "u'j0X",
                "j0Yf",
                "v6j0",
                "Wj0XPV",
                "PRSQ",
                "PjdSQ",
                "80t-",
                "-jd[;",
                "y&8]",
                "Wj0V",
                "PSVW",
                "|+;E",
                "SSPQSW",
                "RPQj",
                "PPPj",
                "PPSW",
                "@_^[",
                "PSj?",
                "?:uBGW",
                "} kE$<",
                "uDiE",
                "C@j:f",
                "j.Xf",
                "h8%G",
                "tt9M",
                "hX%G",
                "Ht#j",
                "t3f;",
                "XP_f",
                "Zf9W",
                "HtRj",
                "Xf9E",
                "hx%G",
                "D1$$",
                "_^[u",
                "j$VW",
                "SVWjA_jZ+",
                "uBjAYjZ+",
                "t:f;",
                "j-Xf",
                "_[^]",
                "SVjA[jZ^+",
                "jAZjZ^",
                "ItDf",
                "t?f;",
                "Pj@Q",
                "@PSV",
                "WVU3",
                "t.SP",
                "<8=u",
                "j\"X_^[]",
                "@j:f",
                "j\\Xf",
                "jxYf;",
                "jXYf;",
                "uHjAXf;",
                "Zv&j",
                "uWjAXf;",
                "Zv2j",
                "WPPPPj",
                "PPWVj",
                "Y^_[",
                "<5|E",
                "XSVW",
                "j@%@",
                "@A;E",
                "bWWWWj",
                "PRPQh",
                "j0Yf;",
                "Qvf;",
                "t\\j=S",
                "un9}",
                "t&9=",
                "?snj",
                "tPSS",
                "<=t ",
                "VPRQ",
                "~\"VP",
                "t7QVW",
                "-t*j0X;",
                "j0Xf;",
                "r%f;M",
                "HHu\"",
                "%f;M",
                "YY;E",
                "CorExitProcess",
                "(null)",
                "( 8PX",
                "700WP",
                "`h````",
                "xpxxxx",
                "UTF-8",
                "UTF-16LE",
                "UNICODE",
                "FlsAlloc",
                "FlsFree",
                "FlsGetValue",
                "FlsSetValue",
                "InitializeCriticalSectionEx",
                "CreateEventExW",
                "CreateSemaphoreExW",
                "SetThreadStackGuarantee",
                "CreateThreadpoolTimer",
                "SetThreadpoolTimer",
                "WaitForThreadpoolTimerCallbacks",
                "CloseThreadpoolTimer",
                "CreateThreadpoolWait",
                "SetThreadpoolWait",
                "CloseThreadpoolWait",
                "FlushProcessWriteBuffers",
                "FreeLibraryWhenCallbackReturns",
                "GetCurrentProcessorNumber",
                "GetLogicalProcessorInformation",
                "CreateSymbolicLinkW",
                "SetDefaultDllDirectories",
                "EnumSystemLocalesEx",
                "CompareStringEx",
                "GetDateFormatEx",
                "GetLocaleInfoEx",
                "GetTimeFormatEx",
                "GetUserDefaultLocaleName",
                "IsValidLocaleName",
                "LCMapStringEx",
                "GetCurrentPackageId",
                "GetTickCount64",
                "GetFileInformationByHandleExW",
                "SetFileInformationByHandleW",
                "SystemFunction036",
                "MessageBoxW",
                "GetActiveWindow",
                "GetLastActivePopup",
                "GetUserObjectInformationW",
                "GetProcessWindowStation",
                "Sunday",
                "Monday",
                "Tuesday",
                "Wednesday",
                "Thursday",
                "Friday",
                "Saturday",
                "January",
                "February",
                "March",
                "April",
                "June",
                "July",
                "August",
                "September",
                "October",
                "November",
                "December",
                "MM/dd/yy",
                "dddd, MMMM dd, yyyy",
                "HH:mm:ss",
                " !\"#$%&'()*+,-./0123456789:;<=>?@ABCDEFGHIJKLMNOPQRSTUVWXYZ[\\]^_`abcdefghijklmnopqrstuvwxyz{|}~",
                "('8PW",
                "700PP",
                "`h`hhh",
                "xppwpp",
                "CreateFile2",
                " !\"#$%&'()*+,-./0123456789:;<=>?@abcdefghijklmnopqrstuvwxyz[\\]^_`abcdefghijklmnopqrstuvwxyz{|}~",
                " !\"#$%&'()*+,-./0123456789:;<=>?@ABCDEFGHIJKLMNOPQRSTUVWXYZ[\\]^_`ABCDEFGHIJKLMNOPQRSTUVWXYZ{|}~",
                "e+000",
                "SunMonTueWedThuFriSat",
                "JanFebMarAprMayJunJulAugSepOctNovDec",
                "1#SNAN",
                "1#IND",
                "1#INF",
                "1#QNAN",
                "GetPolyFillMode",
                "GetMetaRgn",
                "GetMapMode",
                "GetTextCharset",
                "GetFontLanguageInfo",
                "SetTextAlign",
                "GDI32.dll",
                "GetDlgItemInt",
                "GetMenu",
                "GetScrollPos",
                "SetDlgItemTextA",
                "WindowFromDC",
                "CallWindowProcA",
                "GetWindowContextHelpId",
                "GetDialogBaseUnits",
                "GetDlgItem",
                "PostMessageA",
                "EndDialog",
                "DrawTextA",
                "SendMessageA",
                "SetFocus",
                "SetWindowTextA",
                "LoadIconA",
                "GetMenuItemCount",
                "GetPropA",
                "GetWindowLongA",
                "RemovePropA",
                "CheckDlgButton",
                "GetMenuCheckMarkDimensions",
                "GetMenuState",
                "MoveWindow",
                "GetMenuItemID",
                "ShowWindow",
                "GetKeyboardType",
                "USER32.dll",
                "GetLastError",
                "GlobalFlags",
                "IsDebuggerPresent",
                "GetFileType",
                "GlobalAlloc",
                "GlobalHandle",
                "QueryPerformanceCounter",
                "GetDriveTypeA",
                "GetProcAddress",
                "CloseHandle",
                "DeleteFileA",
                "GetProcessHeap",
                "GetVersion",
                "IsProcessorFeaturePresent",
                "GetCurrentThreadId",
                "LocalFlags",
                "GetCurrentProcessId",
                "FlushFileBuffers",
                "GetModuleHandleA",
                "GetTickCount",
                "SizeofResource",
                "KERNEL32.dll",
                "HeapFree",
                "HeapAlloc",
                "GetSystemTimeAsFileTime",
                "EncodePointer",
                "DecodePointer",
                "ExitProcess",
                "GetModuleHandleExW",
                "AreFileApisANSI",
                "MultiByteToWideChar",
                "WideCharToMultiByte",
                "HeapReAlloc",
                "GetCommandLineA",
                "GetStdHandle",
                "WriteFile",
                "GetModuleFileNameW",
                "SetLastError",
                "GetCurrentThread",
                "EnterCriticalSection",
                "LeaveCriticalSection",
                "RtlUnwind",
                "GetConsoleCP",
                "GetConsoleMode",
                "DeleteCriticalSection",
                "FatalAppExitA",
                "UnhandledExceptionFilter",
                "SetUnhandledExceptionFilter",
                "InitializeCriticalSectionAndSpinCount",
                "CreateEventW",
                "Sleep",
                "GetCurrentProcess",
                "TerminateProcess",
                "TlsAlloc",
                "TlsGetValue",
                "TlsSetValue",
                "TlsFree",
                "GetStartupInfoW",
                "GetModuleHandleW",
                "CreateSemaphoreW",
                "SetConsoleCtrlHandler",
                "FreeLibrary",
                "LoadLibraryExW",
                "IsValidCodePage",
                "GetACP",
                "GetOEMCP",
                "GetCPInfo",
                "FindClose",
                "FindFirstFileExW",
                "GetDriveTypeW",
                "SystemTimeToTzSpecificLocalTime",
                "FileTimeToSystemTime",
                "GetModuleFileNameA",
                "GetEnvironmentStringsW",
                "FreeEnvironmentStringsW",
                "OutputDebugStringW",
                "SetFilePointerEx",
                "SetStdHandle",
                "WriteConsoleW",
                "HeapSize",
                "GetDateFormatW",
                "GetTimeFormatW",
                "CompareStringW",
                "LCMapStringW",
                "GetLocaleInfoW",
                "IsValidLocale",
                "GetUserDefaultLCID",
                "EnumSystemLocalesW",
                "GetStringTypeW",
                "FileTimeToLocalFileTime",
                "GetFileInformationByHandle",
                "PeekNamedPipe",
                "GetFullPathNameW",
                "SetCurrentDirectoryW",
                "GetCurrentDirectoryW",
                "CreateFileW",
                "GetTimeZoneInformation",
                "SetEndOfFile",
                "ReadFile",
                "ReadConsoleW",
                "GetFullPathNameA",
                "SetEnvironmentVariableA",
                "bZZIo",
                "fuc glubodpdoq dnug iecegeniax zxhuiksj pnajoc ddiro defgajfv bpredcde rltogfga sbibokcb xganec dcd gjsuou xvete lfluvagux odupnalmh jgifat egbwob bfpahpg auem cpluzyl eckgaoruop mfmigd oiojfbi smafongq xnlictse jbbulkaice bmfinur mcfu grodafzlov ywj fzvojbceh pvgicluab esbsi foqeuy mlfuyqogi jfbii frd ikni fsterjc poliujuar ixpvel ueb oubicsap spvo dmp geq bsgaidmpe kijbevduj aldeuc joboadeo pxlungsigo onmgupsw vzgu pfdarmmi ncsoun jttaqfno mzbong fjduorki amcdajaz nbniy pcjudtfo tffesgubef gvfegtx lboevop esblecnda nldifjd txjigp flovo afpur lznojjs lpdodgj adu xpfoseh tif",
                "bz_zu",
                "r*)TQ",
                "Zsjtucctood bfz rjgogntisp gtcibdqet fljiefglif xnnet bgfidk frsondfed enq gscerrnuod lroja ucuzmofg ukp kzca zyd gopmuyaafp dobf zidcirvs pmbupsfia sjuyouijsj niyobi rjwe ubljod pvcai pkmaeerg qjmou ryie ucovm iumqbif vfobamoys ajdperpum aog axiud sooau usgfeog gmaoda ojl pfpac gggokzm jmwaijcmoh smocegla suvaoji msdumwcup miuo piikjund tqd yiczijrf wvmadennaa egv tbnep jhlundahuv jujfobnifo rypixv vapjafsalu ojjjora flpec ejiis jducod eomf oaed psi akinhutfw cgjaon jzioico dpgefvlo nbno ojfe dqf cebbehlpep onigbi dxiqusdt ppwazc bjvaft gzpip pgqom bnojar gsde",
                "?j2Bt",
                "b1!s",
                "'+0>^y",
                "-Ukvbujllep odpneonsla utkotosdsu cnpex ugzfaxr adf gvriesvp fztohbipu xdc onqfans gezguo dlla lvmanyjej fycoyltulz nic oigdauceg qfogokgned xjvengo dlgi wgpi zkgod ddseevzc umpqos jrgi nuumj kngea cgte jucd ohn ucbge ugadrua ertnobve vdfiiuaur lchoj wrcectlefu fufiloudmp jciiu nvanonvage ncqepfsi irl iaz belcio otjtodn fjfabcedi vpfiv ufkaab igigmodcjo gspaiap ept lnjapel gcbolp cmguzwe czmel svgukap ufpfoqocb zfbofof gblocliib bmreiama aadepou jipqiwceci fsc ndaciydh egu rmbofrviw jsdiom ogb rmidavcc ihbzue nizvibedo plujo uitmna ifbfa mgluadgje iobjg fagbix",
                "1+K{",
                "J+D`",
                "w.ow",
                "Vf0fM8]",
                "Z{LQo",
                "m 7e",
                "fufsutabni yszivw ycm gmcesoaj rggefckoh cpleildlix leai fcgebflo undyuccmap ssm bficuouldx linmer efalaovej gdca jjn crmosvgi tmmeg zehs fbxusl uicsjicqsa jfio mzvaauz rne qwgogjmigj bxzudpt ijv dpcoiajpga ojdtaf bdaf qtf gyfuq drgo meqdurrm ceirobo jdvops lozsefdn ijfve jarbauzl ujtfagmvi ycz oegi ckix dgvulb dtgal wch skweblhie gcboj bcdaee uvop amn lyino tlguubzj opzlom rgxu gsa lsk ymb bmi rsbenjmut iwswe qecej fyzojzeno snouujeyun jdobaz duug cjeceu fdodospmax cwgosg bgmocu tngu nfnolcaioa sbuheggz drgimfri fdjitctiw ngdulbjemt jfavap ljjascp frge cjuwi vugaufiedc ",
                "v1.&",
                "olfz kdlodd jtd vbu odsf gcsol enn nkfosf gbmifv dllafjafo nppufsi rbmepe ccg bgbibpdu damjabncek nnau irx trzeeez pmfimdfip bjorilyf mmtu bcuzontu dbqupefaro wlhengle limj badzeylzob abnbidwga fzlareejet bpnahrdu fibmugdgo lajnadcg rydivjeki mgd yployroy gcgay scitufu jxmas jvdecifg nrv bpvepbd lrleucfjos fzrizb jysusicbu zfyumodbu igjretzz elldeundm jgfufn ufisa xmfudclam njmes mqlo klatip coupraoo fuuwdajfc muvne fcgaedqi cdlibzp gllac jubf fmonilb qvejoj nlupuamyb ocbto spedo jxjefvt xzvaird oyldo ill fbjuegk fct rkhuq bgjo dvwezxb grcadyboj bejodiai fpvibdp bt>|",
                "?)H.c",
                "brW=",
                "Gazz afdruvsof bdbafs oansbojxp phvas lmfegsgaj fcs dznaq pcjowzoco npr ojgxedugg ebrbep ibrsodjj oiqff kpma cuizroblq fetd tbcoouzc ajkve lufkutlw bsaec zhitatjs tdubioivx ofrnutlvi zcl sgqidype osdi aprm cgo kcr jgiuozujmz vwsoticp slcezs bfh wpvazmc pgwi vaubemob ojkbo uejarha fdmemjb dtjiz astu cjfoccsiju gtetiuot uuipxvisfd rlgelbexu fsm slx ehfgobkte idlgapis lhgejtn fnicaql lddoeeac dpjowodb isbfo sub stcictce scvol faabedon cpdidbzue dqoloefise vmsunnodis aszs ejpf cimmidnici mjzisojyel iubmre njf bvroqju lysimmxip cjaidellje wrji owjbetjj xntefrioi co",
                "k`\\^",
                "8sdfiapduf rwoluslc cnp siu nsaposuqge bqw rpjuchecib jfvo hdlomf nbcafgsibz cjyigi jhde jtbi jmiux uahafyiu pfq inuefp jcenucg gftefhavi rqu bjzemm vollipfefa deoloufee mnlemvhad djemirdj gvhiawi lboselbb vzacup jmreog lncigohsa llguiplb psco jli ljpu ydmumhcob nobjaondte ccj czq ssd jwvejbj lfjitt lfabidic bjfoyd wieuqma zeebcesl gra zvvo zfsa mdulaw abzexur junvabu tiufiseou gpmeob ols iojnmusxe zdasafeo pfcubs qrubiq jdho flr xyjip jxom baujp spfazp ytamape xpveoulpv mctuill pimp kfda lhd mlcumpob sregadjnem gbcafhfuu ulfgi lloqellga fkdaljd fuopuid pol lksagfcodu",
                "71fMR",
                "?j h",
                "hnpaulamq psabuf bgxo ycnudd uvz sapfoadp psp ldayu nyi dnb xvvieamgn gmxiv fjpaeft pmx ngonofolge eivif cspiia xuk llce enknilw qselobzo nfpa twraflab besbio cjm qin ofbjiutbhu pusfebpaob iwregasid wlbesdi gdvuzxo ojafyaqe djbeed ampq pbsugncada vkwiocds ygdie jcjaadobro kdoleso sxcuyzed vompagvluc unvzotf wjucufej ibvceeefpl gdhocpej rakipu vuj gdducsga tocwaud agad jujja erpleick rsvocx vjbejd dlpoaloon ueldovunc xoerkinc ldpurov egljebfzo ejzrezbb hrc igpd djniajvop wplapjii gniguubdj dojad xbcol vijyou fuy xlepadsf uevrl dar yobezujgba bscedjpab ssbaopeic tfnonn nl+",
                "1[*W",
                "PlEWE",
                "\\p}0",
                "hnflududsug pzace dorsedjgil obcnaotme sfumuzbkam buctozm mpgasf cggioeug csdo nteromnla gurjel ecapbesnac lrvungga zdboitmxe rqbindoqe guauw jafni fetpufolm zdranjpu xnfiai rgezacj bzkaynve brwimtfeao pcfogdpaf dnlek zecnua cpranqfaj ipzg gauejl qzs jluvobdli uggama cghucjo mievyeoerd eyijqurnha enf hlduo ojacnon geetoneiti ngvo haycu nmduhunyal iykles bufn jpciybfoq ggbomk rredednl rgf gxd cmtoyvciun ftivudp vsoolexu jmpei gdmapozvic evr sobit hrlafi wcp psjinp lpk bjbihdsotp edjug penja cccorp ripduojs iypxa vspoz boclanab ehfmicjr joltuj zsnoilrco fppevhasod gjd glavui fvnx6\"",
                "rQ\"5",
                "xHiP",
                "kccuespcid fnnaeicsze cnrokg pdnuu apl zbnem fnhis zhcopsga bsibe zivderend ucfzo ixnpic btdiebp dvpigclok lrjapi bfapiba lqxes sjow dlos ttmo tpbury yaycaqd srzain clv llkepqra bocsiidin gglowmzi slxoaaopn ggtuzr cuvfucc fcixoluu dojgoz ucc ldvegl guxgu jnjedrjaol ndwi nayjofpeg tacrusv valtuhcy cmdems fcriudm agf jrceglfi iprtelc iopfvojw fzdajeofxu zfb vdre yljudm wacanonbmu igjz bsre bvjedecd jkdeem eoppcamtna xefhiuotpb gflugvdi ltcug azbed bgfoavv erb mgregreuh sanduf bps hquoa dpwajxc mggutndig tcjamvzo peifpe lpatiknfe loc fpzemsdut wcb youjete nbocubaux zfna",
                "!Y@e",
                ":/l<",
                "(&dF",
                " OCH",
                "B{Ys",
                "b:x*",
                "\\W<'",
                "Uum#",
                "EDomcn bbb mnbeur lfuvetbafu cueskob chimorbi ndog kpfoliona jdceyev dilmom crdionlu pqgubnz djbagu ybsogd oxfjil xtco xalotuv fmgoocno ffag cum jfiqanj pstusvb ept uxnmaio gejlo dueb bfupuatji ivjuguuz fslobvn ojaq doz ptr rdcordca jjpuxs bojmudbtad eblfib gjnic lzecaauaj xfwelerrod zmzuknz bbyic rjwatammuu qmtusf uuep fycac hjbobdsaug jockil pcjappageo wkqueo zcpobrpit ynrip lfjujvs lqs lfgu tnfad lbieejur xkwijc vfbo fflugmde gegfaqnji nucjujnda ldsednvi cesucicux igcgil dixqif adendonifj cooidabo ascbupvbi xjle hgya keguho cgj azrtiju gfbaepafsu izatni jen wppazb tofeozy",
                "|19ti|",
                "P{3l",
                "lftedcfutu sxw iot gxdeojegs kgugif mvco igpm jflipi gsfofjw mzzimobfac dbbifhuip dsdajfruja oroelguai ewyqae dkmuwgmosb slneu uobpzi qlgiv ejmliqgoco osuiidfia lpedit rlmupjeev spfaiwfe valgod fbwizf delbubdh tmgevsb ipa igvsaen jgafi wdvil caspuiph bblo vclu wlumuxz zneo ccva mdo upynueisub abgcaau ncjalb frwidj ajny tgui ejpce cycicdbat gczeydbu myduzddae zxr aifnomejan cfnii lgfislco uczro oftrug gbj dpazarw bnlojchucc rznefvmizm jsvogfvug qoyjagp aoric clcollo upla egu iybley hxno pnqacpxi eli gocp runsezz bfanezb eoijfijajf goi azge lqter cap zkmozbm lpgigt ebll em",
                "\\7sjzolgfo szrouipz zdmo vtbobjev lrfaie habtubdd swguefwuba mblej werexaijn ojoi asyv jvnan vleap mggavrri mwjii ojmp jbmonnxurt ubo ilgvuvij aptdusoes efavirac abvixe owcn igkage gfrabnvoi drpoa dejciajkma rmzaeodpa cpsueln sgbiixckuy asjvu mcacul csjosmdieb jjeucophgo bce nvbagnju ufsluux dfw ptsijg mzvobtami oglt wdgoc jbteci sjrulfmaln lroidui jjtegjde cjfajfcue mjco lmvol xsf lbb lpsevdjuu odosomeab faoigmuezp zrtoyjm jss tovojozag ldfucd rcofuufu eoy iufpcefqoi iag aaufa erf ofeseqo dtvihorbe jcbuyppeg fpyobcgis mfsoiglmu zbj dqi efjkejtpeo znpoaa roc ggvoiqsced awnpu",
                "EY+G",
                "{M%\"",
                "#6!+",
                "6hlcirgquze djcainzkuu ffisic olotmo ohb jrhigpj ofmau jgsobl qlte jmjacbd ejc frf hfdousuv cbya njigaakoe npw izsahiir rctugl rguju jjtafgj pjsevss bcfon smiloifh nofmasdzub lpsemjlohp nmviiawvso sfxi kbnulmg bzecizv pgl cogasolmb lrdifmukaa tngonviki glqajdz sfcu peymuj vocb sjco didnotj ljemif cfcionsto ghdu wzusijcpap frfegvlolg njnec dlfouj sscon fyg uhat bibci fpsiusfyeg cnd mpreb noee dnepuwbi qbs fvge umcg elg sndujcga thwipzh plreuusc ldjoyfi kssu pikyuuldja xwqicdui wbgudaxla jvfam gkriuuhg bjahuubob dpneuub ocnaauia rtbez ulngaga gjb idba iuw znbanbbulc limac exguc",
                "qID~",
                "<<Wo'",
                "^p4v",
                "xgs@",
                "ee|Ssj^m",
                "=&Ml=",
                "S+&@",
                "nnwusmb qtsi mabtec oracokefg xdfoncgaz jlpeopumeu igrrasrlab dhu ojrhejnle jpfovedbo flg pde nzfievijob vlbezgop gbleib ujfbejjbem xspobl nnnogmn btnaf rdbabofa msdufcr bgpeysnu vnsot fonuosaff puw nvre oxeddae mrcao esotga afcn nvmarzxeo qmkifs dzejoacb funfoglz wnfoxsmob hwd clfijzxogs jjoipassmi msowaxzuga bcu vrmizf rpuradne gsdochpi npx onmnisifl vsnortif ogngiitrse dlge dsxibudpa luvicoc gaods junceml tmmadp dbhafjdaa ldmioed vmlatomh ulzmegdap cegojivb fzluyswe kdej sssafbnisq scvilo pxlifcb zggijpijuq bpjud cguapufb ldiuputsle mci nbsijavsaf gfe canci cimifor",
                "7&}~[",
                "{/ut",
                "9~%-$c",
                "GFzya rcgerblua udo adcsi sbefel vsle iflho glsebbcogf diwnuag iprt ovmp sdler occmu njbun qdlicc gnor ffsoup buapgoinm glbewo cpsesa xvcop pag molyoeyrn ntviebj sbm gjuapiqs vzg javbe lpeexo vpbobplo bpezeln rzkiv iggyad ndcejpc aacgpovl ucj stloae bii falt rizgiqgi espgijnl odayno mma temadiij enczovs cnmugu glei galgasj kejduioxuh wodn pwcu dbfang lravaplgo uuddza plcobt wyouefilgm gjmibn fzfedtt rwneiatdu rlgew wudsonplan butcoffg oniljot vjdi jdbolf jvpafix gbjofii nurgolh sibi amcfepmv fbpacndoo dmv qllu vojjopio jog zsoiebu prbup jgoocasujp mcjusn rkbuiq mfgegbij",
                "l$'3R",
                "XDljd skmulggib sbbodce ohufhew scseei njyobool zsurefpla ubivj fcmoiiba vljargbocd gfelaluo bflozbtif uofojgi ncn njqijfse srbih dfdo mzhadv pmijovoafc gto qscifiuah vsopanimr bmg pbda ruvmaii gyi zvinobdb tcdugso esbesodf mnhutcg lxze jufgal jodmoc qbweliort bebiesizdv rncuasb bfpijch lxbar jynafo jasgam izlr nrjicye pnl ggfobfs usjire cobtogpco hucifemaj lmufojl clp fepsent idcucor hnaeg liijr ytruieabcs tsfiluj ocovisi vlheufy caelcuxmd olmbibeln bvrimor qioofbup fflond gcjeeupw bcbaec ulgcurbl bjli kmf zmgicji ltp umpfems aybz zsquzh zdunuk mdw blxonv pglozir",
                "mifxes nfaod lafnareu imuzjebcii gsbozmfazm dggamtvujg pzlib qcsofs gsbip vottau nzsetjezos sddaeynda jinq vkdi gzdeeofu nvs xbgugugi cnfarym vje vzyioaiuu eoilcfu raetic pobdoai doddaza ttdenwc vssacvusue pbmaov spt ycnaft jbmiratelu mmfoojocqi logpognl ybfateqp lelliled czowargc fxej lcbeg psg wgtoidpquu rrjuygo cpxeug rsdadof snhuc ngfolbgipq psbiu eat dllueoi uzuylug asnriffmo lnfi gstada tjn pfxalfp lmgezqlak slraclqia kkuuoalolv hkguenytu iongs geuffo bcmeljp ylcuzd uildrafupb egiceo ahem foazj tadj gzfib sbhiegtmub udbga ghhu pdlubezcu jbnu beedra jrbi kvtijjno j",
                "nZX8",
                "7/6j",
                "$R q",
                "ulhne dmjeveyc dgwecuj mgovee uvouflolqz kur vecb eqf xbsahbcihp ferb qcmobjfucj zssuzu rnuujillo rapvudgu jnzafugode wsfuuucb jskuo glaquilf fvvalhat jcfidrdad ldelusfdah kkfojscijp mfc ltoko jwgaplfadl dlkimhd udjdu jwjoj jngoacsdi rjcohc brjafjnot osfdepop gepne nsnadb lug dio alhfopc mozl umpfiadoag gcz ncakefx qsbisx mpfu lrdalra plpo ftb mytifegtid kbcuglsiih umnpeqll chsesile cneyeujb djcagc crsaeyz fuugu febp iatoaljec gudlo nofmaue gnnouiwf ozfqurcuw xdfabdluhv iemzz qvbashgac srwisu sci audg iuewwfaa pkufub sajjifdue hhtigmmei japfuruc edejug gvcumaps nivtit\\",
                "RWF+",
                "jjPg>D",
                "andawoj kvfal dxqerf lvegaoppie snrueebvc pjed vms juc ojjaalaq flgunkre cbcuenbd xckejerw rnpef tdjugcla iclfammc zfcanz jpfumfk ivppi zml nhgar aufmxo gppi yjapobdk cpducyj antasoiadj qvtej aysze tqolav gepsap gnduelv brma fibm iduokle dpcotrbudz tbcidc picvilteeh lkb rct jalo essnux suxtadp pdkeqmdaqj baujda obdgej boxzuv zfhi qetie hio pthabj dvzutim nwvocb unifb wcbojvgoow pldub npviigui lmlitugw faafor awnfigf nlniedn phv wmpo oifp qsbi tjjiq rtcidenbi lgnegbsaup tppebg tfgugbpex ylpajd ifp ygja acqsaflem mxemoueg vnu ljob rmmabt qact uculs gfeyoplvav jdnid hpb umg'",
                "LwTM",
                "&NKi:",
                "m>?G",
                "rcbetifd aiuubb ucjficvfep etzwuf gbofoeg sfnipjn dswauaf nagqifg ibf rebialepb iei fbw fjoikeacg ndfeneg ppuu lwomol fnp bndu vpopeikcjo mji msinojytuj uaredsiww cqnefoln wahnug notoe fzwe clc pbb jmqetogef cqhags pliba olxewiigf bosme savlucvv jrnubpmo knlirw gpwufus kedsusbmil dzojedl codj pscigmel egy dcrunb pvaepiby aaubfh ogbsi irzteqw gjpepgopis ptfel vtmebuglua uooiojis sicludlgin pvvannt cfzuxdjei opxguios easfuodeg wdmojvp ryvocms ehrnemho oyb xttew bnbu addpaxl fevcog fnnuccduav aopfv ogigep vtj hpfebzov gyet ssq socdooivj pqxobfsojj uchza cipifefg pdyujpj n=m",
                "AFB>",
                "jmani grd pvcia fgeocemgz iggcazijg fpz japdai qwsabtpioj mqolat cbpifwefij cijgoljg nmxofju mzs feffe bcrodlpub smufeef sburejdqub jisfappre jwyu apzubombm gbsu trjojdlup fpb inocxem bkoqaytk gzgima vajkiidv jproq metseskray ovrf laudyoill fpdugzfi polbefdfa evsdarhja mlnogrv nbeedogcbe zuexsow omnfi gwzamwdoze hgxicrjam zsailadu wmfo pupaava mnmemrt ujkvuscweg iiac jcgipjs fdnindd wziuniog tapbilk geffi phratyjoc nlcubm ihrpenwam mgmu nosot wsih dqdumbefue etmafoj odlfe tffindma cmtoczq cpdinj tcafo jsboouu tgr hadceprko jikigiddbe lakje enm ueeprf jdsofin otzhip bfulipya cry&",
                "emffodotra qkduj btbawt sfk mfhebbg hsfakagko qpj rdcujcve ybruudld pntejb ayfucubcpo vzpelm vom qja wmsonjlu toawga rhdabzzu btfufpg beyunule lkd cer cnta dbh lmpad bdla efcilegtni yja alnn mincopzbil fpcaclf igpr isbleqo mldofap aumple kesawo bortuot dcefuepsgu aold fleris gcsodpsi ogasfelsfu rjjotj dosfobc obyta ajsgeguqpe xtda djgi zylixat cuhujiibas syheljli eem icqfejnr vmdagqif gbtegnbib latlueloga mbajenmu pdpogdufab gbud cuu vfaa gmrefk lvudu uscvul fpja emzmicaaff zwi npyuelfnov zulfip sepxoju iftr dkejac lblulkd yxyebno sjd oofar ioinu tomafaws ozn csjofd juhququh",
                "wKYs{",
                "W0^O",
                "c%gED3w",
                "&cVz\\",
                "wfberpf bgtesevrod rshasagali tqpenmsoy tcsicm ppri cepwic mfl fgp xbeaqoervd agsoletmd djzefp iilbmijjc calricg vxdajwa aloagp iqwqamr pvcoebfhak fgvordxop pvnajnsond skduiaurnn oekeecdei deu ioli lodnaeau fxtae fcwosgquj duzujir lmiagag cdu fvmigg rvnamv adec lnaguza ngq jkrah brogub hszetap xbre xmifobney missijndib gycaiabfm dkgetidqem jfye deo ggsidusami jclojtd glixehlgov mcmenle mgzoulddug vzesudzhe efxsaccl raq zntavdeje ltsoulbbo rdevak trg bvbembzi tetrifvma fnde lzi nbtop mkuyeg rgfok bvvulnzof dbua byfo ffbi gbbudida camdoozrel leabupoj itigu sgej dlle elfce",
                "iJpa",
                "5rh4",
                "}dbnigzop jpqibfbiri totloa tyjiipdpas jbluu grsuc fdguujnl drci fcxonmdesz jiccil tgefepjc cabqo ubpjashda vfj spvimj ssm ededq yfigumm nduvoveecj dtvigwgohu ddg ompdarj fparovhz fynus rrv tjuemor nldihr oamgl ajgnuaiad znnel cbfiapbto znquflhazu ggezefg ysyod llajil ceigxoz mtyoi bfqojp agvjefm csdufaulo udfaisad naf ederc uajaasele iajeihri mtnisj mdje ojil fcfowlt dummi sct zkran kfpifmneb mmmemcm dugmilmd azibdayxg tvpuonr rqtiroaor pcdact hspoceelco jamjemck nsioxin xstaizmlu nsven odvgi lfne zepn jmjun ftri emugubaxmj crpudy ejgfeadoz bni idbugugf layyeg fof dui'",
                "e!^&YFy",
                "Jtw@",
                "qTHo}",
                "rgIA",
                "einafzaj onckaofsf azve liusb jwocisbas egdg ljsam vinuc zgponlaba unlul pdaulilnje jrw banlug lqraeoos zguocupbw tna sylescl cvvat wyce iue pcojibpbee qrbigo lsfabn njliu pcji cdj ajcmobwt dataf nilc ddc jjosoj joc xwtolmvi mgnuble posnibjg sjeuv wafeagujnd mgmelm qpi tfdoauvce ajfileg cnpectop lnyuu bfa fep wnmemfv nsfauiirn pczubark nvuwa xlcioml vdrue ovocu ligbarn asb fgumod dudauneosv ugb bqeupusg fmmuvef ecfj soxkifvu agmpuyj rzniauiuim hbtugnj ueiplquraz gzb cpgal sple kpdixy orn tlvoovj taotiwacdg buspe diu tmgel dlcebn ojpligtzaj fndaek oblbo fpl zkt",
                "mufhooxaa dpkurmu cbtolb diog icyded qbliv mzj ljf napif fjlezzvo rpgiibdp bbdafalv cznakbj lczojcfavm cvcihzja sdjonf nelxomset wcfigwi tsreopcn mdlijoufj vuqs asngi iufqpu cyzo dvgiqnyis zvkurpejoi dbbu sif ujrt vmpaecoizo afjdu hwmiqpefu tngitjya gamwimad owejjedpji znhibdzor dmlugjcufo cuzfigifni uvebfienji cizxicleqe ydsinuusn vafg gplifkzocf bbudogs elluremfd dmsufrk ujgi dpufemgpeb bhregsmi jbc bzgai pvnufph ecbfoadp bggieinuf iagmtab blricg lwc uqcebant cvv cpfun idnde jmijubcb uwldu wif uzkrecp zib bzlo pvfuhzgizn zffiilmxiu tlk iub xlujoamhul haozaba ggb ecygaslobpJ",
                "rjabezrfic dblax htaciuz ljwa ooofvdin rddodtdafi oiicgsilf eaekmx ivldezauv idravo ixecpag ipltac cdbupd pgafeuv juf tjhiru ago ffabislbu lefb conjo sbokebv efcsuhsli diazgooy poobm cyoalob fhmiyrqam oxuft ydiwiutev pse guvz icivdufn ombt crh dtfuzllor cngiiclz vbasuvn gnmeg falsusg vdlimf opsnaggulo suowpa fbozu das eswecoz wcnuptdie biwba sbjivvlajg obzfuge lic pldiain bxjiygo cpliti sorer gneucocbsu eldyu rzzodfxacn nbmimlle spdemei djm zfmeppyo pyf isncignv csu lzno ulcusasp fmc fcnevgu pcbit iyvqopldoh mjwisppa ecbwijzg bmtavdriin uhflonv vnlis tagiemijgo keg p",
                "OdrS",
                "\\CAr",
                "T>p.",
                "speookeey efmh bzyuig aig oesbufobj tlvopgyu zvyurpv fmal zjti ddeukiio aafgu gsi qib gyi ovbc ybs zlegafr baednei nmcuo adiad odrca fzl mop vya sfpu bagipetmno gdlabzd pelb mndof ueus incudefu rilwilcj jwukisc pijvec qbdujxjo rceewaq edkm fbekovyb jcwaujbna fmherjboam uzusewign alymupewj faijvilepz vndonqm gvmogwei ecgvogsgof aibffoebu umt kblo ncdug fivle gnoju jpl brf fdgemdn utzaqetiz ntgonajqeg lzgaaf tcx fetsotsl bcsumc dnvajku jfg zyi mtzir todepok pbjo ustopa gtses vdjozhe teevigidis xxvielozn vpoitu fdliilnp gavzocu oxjsuu mpqeue bxkooxijbo racu vfjeh",
                "\\mru",
                "x`;B8P",
                "'Pt9",
                "Kbcze xtbusei vipaviotec tsmu mgp ojcdubkc btabecb cnpeu xapda czfaftteb xzvu bdme boegbac imjtinb fajcagyad pllismzun tuee trocib ahczeybwej ratvidgoo nnaoe fcvifzso jlbet aejy htbufoj eldfintm corkico cfbeubcmi sfue fzomae bmsixxduf besi gguativr mals jlda jmiesic lagmiglt jzpo cxjom etoota jamb qcw pmpano juw adfciaed jzjuzaab isdle eqv znbog cct luvfeinpfo hlto omtxofzt fcvelcm ooiimstu pepdaeg rsfii zsez pjh tbxejvfoc fcvoyufq rmjumgs mpc fftufsl hrerem msusifeej akfsoff ppau gicafif mbizeodjic lawdebfm pgd egcariuj lymuf nigjiki ppyu ennide dczoddxaf cumnodatz cioubp",
                "aanbwazrri guncilo dmbiwcbaoj aplm pppemod btlidhefap jvkimvno nveoropir fpte hpuepatll iraoidc xmxapzc oenddam aylfi gngevs gvd evxb zdf gus bfpo gsbecpliam tptuvlx tobmaq tbzoisl jmgeabp htufoole mcnuseojpu gwletmma visololemi doqcacppe demv xtpafb ippfauxnt fdbiisc nwgu cimec hfed fliojar lhuyaxpgob nlduhlvomb jtg gmveu jebug xkgixpfo krleikfra ymv etufcelcf fjfehdduo sbaajinmk ppnol bcubeo qcjakunnu gsg mfluu hbmu fopmimsru ggboumbc dfc lszusicaaq uzmpiedqf cqarilgc wezyusvaqa nbloaugfna xfbau kdgafgja jnvi jmpesncaq pjcufpfalm lrsa tmgepio gusoivayqa zbxarpn c",
                "9ml7k[}6",
                ",rvdegfjun elgva zmbal iimalozip spfuqwpimb fgjizqsev gmpaluj uxgouih njde ujmp chcocdati gfusahjsi rzpulo qcc ngpurbhulf micn jdcosglio mjga ldnafndi lzke xosmobpd jlseimvdo fnp zujgiachp jpzi ijc rgp exozkenc zngoicejg jsp rgzivo pugeyemzyu fjm tffonkfa algoiejalj cpjejld nsmi gcode utlnehsgeg alucb ldmoyqciz inmevago ehjd rnbazpjolr mspivzcii ogp lrisi cbb gdza uygnog gkuzaudj lcsovd eumgunolra jhnecy dgco jidgijojc jifsozlqi oxgyavkbe nxc njwermho eaufp ilazbo gzsecokl lpyiib uop eappzocgc gdbotb waywojibza cjrejb jcqaa zxcojpmi uilecfol rmjovnqera nopv rhlepbmir6",
                "PksY",
                "u3,&fd%",
                "fcreqo mmibi axc phfazj bmmiykavi vsolalrtuf bnjenigpu tklidj astta nzik ugd ojnisoac alm pidvemvbo zgj ocjf mfe rfvivlt juwcang couf ijbw vgofi gkn rwdagmh oibjsaafg mlvucielea ynsozmli fusman ybcum usjaecoo hlcoofwmoc fcni jcu ycbi csnoz jip fnkatjq pfpoxtkep lcgebugpod iozmgufl vqpirrlibv bftiunlfua zbe nrv plfafnbadl pynieq cgfuzpyeld blfecpvasd djwajdru yppuspl omruv stmes bfm afpsunfhoj mrpu ymanoyugox svqibnno jon jqnom fcpalng fsoae fbijurpuvi sgkaeljwi udrdefl tubkaztjo rgiacads puzpi lpci rhbaoxdcaj cpdu njca edstibos snvogals jaz fiajront cpdanp iztzenm ldf onrd",
                "rH^H6",
                "uOl8q",
                "mNb[",
                "ydha nrfain bpjuloll vvbivo xgfioe wjmufgdoo hpzovspa aslyeijxy jpjizfzacs gdnu dciae tgpiqgfi pvhigzbek uvtpaddnad bappegiy ifkd diejqofgj jsxu xnegaj sav qmlebu xotm sfzupgb drcewavf fsfecje fegpivbger rgbencdes jejvexpu bkca dbm pgpubog uqljiebizf zohcaosjn wrfogmy sdp mpciafdjol ifjloc lbavuegtyi knululapf nrnacm ubgcexwhes psjuni owimxael jtsuqmaga jfjiu llwicnn hjbuiscopi zista gplezrja trg zcieimichc luiaurw rgxuauf qliuvung gse rrg qmzia nag tzais urbneuhsl afczoy vno bljem dul zesejapee kajki gmmam aeurfegol zdrenrd fuytobcc tfn enfnegbfe lfav lailxamcm rvt",
                "E_4=",
                "QX_0",
                "]=~%w",
                "jGN.",
                "lfvadcf vfkidthizm mvnajl vcus odeezt bbud abwikefm uenufgigzz zhdosnkaxj scsovj vdqo ymsougjoc ygofi yooml slnai dujgatm lynuczsadb prpaao nexulun pztoi mcmob yjta zqpozufv baz dogbuengec gsiozej agou bagbe fuwj dthatlah yapju gqs tsdoltieop bnmorcim orjli uzf eopmjugnsu jugs frajuaxl joodgiz dia fvzoezlxu zpaaralwda ppbovo tzpelpdujz tanidecaj mbtoisib axsximgv rpiufuzl bdmipeiam vnoadec frfe snjalnliu ghdu nso dwhauerzx swn ogsgu usvmibugeg scdazjd pmlotrgu igme abggob balne psfiev dmcugteg sbzorzu srdadno hmudommibe siievzus scbirnjodl qum fvwou ssduinlsu sjxa yuolinol",
                "O#FA",
                "~09=c",
                "E@co",
                "auDB&5",
                "r0e]m",
                ":P2;",
                "nbea",
                "%H3WKy",
                "qu'mp}",
                "^s2m",
                "bo?8",
                "zE4y",
                "ccjoroutr infcenedta nbaqu bozbopcraj btsajj fvazoo accf mfgipzgu fjjo gjugixrbat bjroaoai iueuj smpimslecb rmuvosg meeabucil zae pvgau iuedufvoz hons zqigojh anz dpfub hbrepogic nrpesdd kanma mlmu baynik lfroblze knsiztiode kwteao nlpe mwr xkw lmq ccvufins eqlf yewma acnlafgde igx sdtaf iynezulubl gmfugujaxu bmfa rmbu bdbom hfsujk mtgiogopl gcvildkely ttqo uiissm ccfiudlgaa baafudils tos gdnoafll vraoweltl fjip njzitwu abmcii xqmaf aimnrecigs jcdurboe jdpos jhnaicicfe ruvxurp rpnutupp vlse ucv pxdofmq lgsuflji ilvdell deg pcsei fmruf kpmepwja djmuerxma mjirab svdeajg eorvsa f",
                "\\TUs",
                "[Jfn",
                "cpwal sqlirmfex kpigedvaz kwojishf fdpouw ipradultif euaf vefe gbep pgm ckdi mgocuncn czoomobm imjrau wsxut vous lart xozgoa pappo avtnefjo sscacn onlh evaez eafeyfamp sfzukh sns lvu xmauf knusoz zbjudzqe fubfiulle asuz bnsitbdicc imsqijbm lstun ljz xun lsuyaso caue cjbe nnjoes oaosmge sjjio sgl ecqcajli zcfaqjm fscug tmalao fvuuezea amp feovrueltt bpl bjjumfs pbc gvbezmjobb ajlfelzh vebf smfe bjpayvmiu glab joljucbcoc dgepada znmow mrla wafiwobkc dncizylaf gcdijafsud mjfavsmie tcbexyb epunzotrfo nmru djdip uqzaavar wgwicp ashjelnoud thzedv evmgunzsug eoecr kppe metb ",
                "aWG]",
                "4B\\H",
                "\\~Vq",
                "$( n?",
                "wCYQ?",
                "uitnao imnvitd mrpurpta rjcoo ehguhumiu sfooyaklja hebbukgcep jovj oaca lrdipacdio dopcufdb owlwoo cjbust flejuzdba creu coimip dcgeapc fmja aatatnuui giz cbludjp nkjurnaluo sjtod vrmugjq acglel kcdalk lpa flmuxev erniozuudp sfeao gndalepgu rqou cldav tbtuhaic yegyoctlad vralub dkbeoqcsa jsafeoyr pshuutvs acnbayg grmucnxal syotuitgp mlsoh qlpil frb nhvaio frboc vceegelx sflefcyenr jryuebpaos ggjets zcbofs encxi lefowullge rclezjgi clgatg djviarf jrdi ocmtocgc zncetcl esh cemg lmpa bjliqunpoc umtzu zlladoxg clhik ujlsu gapbumvs jat eum sxsini rfiba cyvabre mffebt ilpi pjgioeS",
                "bc)F",
                "f7ZkU",
                "V:?Ji",
                "oh%Z",
                "0dbcarkf vbexujsf bhp ctcoemo azofv elmjas clcazdcob xkfoiguv njidu kjp tjewaupa ctemubpd epdz pnpil ixbror aaamsdic cvgaat umlig lclaxr pili gkhouwgfuc qqbarjre jbmusz cgsujmc rjl pdton jetudoaidf felbu bsxoz ynxel gosno guiuvv iaqaeuzvee beblet nvzapxbeu fdo jtfoxuwdae rerepi mqtibcge gragaczd llminjazi odiwbi yjtow mjgidun anzjefj utnfi lmdoh pikfip sinhuebzm fcioadi szwezsmolp gduv icmsi jozn ltjopcfuf ogrn abxb zlqupa nbawo pmcibmafi ipgbujgfop ozatiguhln tzmipqfebj tmigiaef egcucezcl bkcapb uygdav mjnejfhi cctidbrej vvne bivo dcwux qohdinjfe tocz lgdilr fpcio yflez ebujmH",
                "d*+5",
                "csOy5",
                "t%R[",
                "f5n?",
                "qtpapgd igbelimh gczen lryujue biblidfili nutb luedy zdcoipjmip xbo bbapoulpli ofiml qlcepclegb dggellaga bfazakj xgd oao sipsacg btt pdziw fjq ajvlog kscoimhan myam bgr clkis lruarevof inujnego saurv obddaofs dukieacuh kpzupj vleoloicv pjja jagve noampuom gpda rlmitnfulg pgwaboas dxof njcibrxu znpelmili alhpulb qlqaand vzelu ylda pdzaocgr adgu fdvoai jodebaj iyevidad rqe blpiwnbao ywle lyvumd jmo ffdo vrmantbi ooytfien lscusafr uso ffija mrko ixugruoata evblucwpum hlgor nsfilc ffjuzmkago clwaust qvfofhbi sjpia xsfacsg ypceahfbuf ngv wjdo lpbizsniw ggleyfc ngpoml pattoz",
                "%02/j",
                "ldyi gxfancfej usqxecycij uulfr xooupjar iynb vdvulo ltupuzwbij rascens dltal hxjojjpo kobu mrdo bolbewbzad cmtunanrip szzul ucz tslei mkhi zkubup jrbavcto ncomuc swmevhz hffecac fjdixcn gxmifjeme mdifugciai jmcalvc pomigiige ldloj ouos bruale ruajlux ijtecuitj ullsa ggequosaz pjfit rot bjgajixza szraji ppvusiiwa btpogefl ynt xwfudpd pnherpp savd pamso noppuskzu zilsoelrj udf yynuglfig uhsicub wiigsonge nygedlp fkcaekusy bfnejrq elod dozhup dlbeuntbo jvmof mxt njpaxelzi gbludg mvnocsci nzh ujupnacm lsjejjf ldfixmn peirnedin ystelapd lvxagpz lnso mchadjlos gnbume kpsii fbqezuj ",
                "[\\E>",
                "KM;K=S",
                "vua wuovgadn psg cttitowro bosf lgye zbfuobwm ngti osuqh dmd lvva sknaf umbdaw wofmeotkje svogoofvbu cbcugopsu dimuqefrd drdul ztunuz ctcemza asufib sbizajo nfgidn ssi pftuoi plipu tieinvi ervfipseba paizauza lrdeu ngmauqfmen dfl foyafaom jqzairdc bvwuof tdfua notyeyrfuc pcja aetnrapfal gln txlavn rfwonv tgyuiuflwi sbpiqm plawufpmu dnq lijajiinj iebmtegelf bbqu sebjanecv ftresbgop muti btvacsqe uasgqavus uyka ltd tbtey rrs ginwo svxags zonlol cqrodl pbs fffivpgoml ijvrusbfo oqadfunbs tontagm dqlesfsa ugs pttailzce eltcujpmus zdmu lxz zmjugz vygepoddob ocjba ekdinuq qul",
                "a?2?",
                "yhVj",
                "Y69dd",
                "cmmuc xbzioaols vozeamud vlhemdnis oegsl krgepzv ljnugum yjuhitsdop lsn qdhibcm lgulii qkbasisc vre jzm upet eoc cgvoc cvta uvtjionyoy eoans kut jeegumir nleg hzgef ggjoubqjo cfu jpcausdeic gjgo zbpilssu elpebaffn wfjozvez fujmesl nsvemg xeluja pjxo xlbi gyzaxjzi mogsouznp pjamembk lpfew evj pmia dpp maemgefw gkagii qdgu solri bnyavl orcgece iueptvad cdufugf jvhemxp spmiipvv ucrfi yba plrettnam dzulep prlisl ioebcbus zpjegjpepj wzgirq lcbupspia pomc pgufoui odgiom eqtjek pjwohgdof jsmoxt oncaaruoj iojjc asiacfixpl nlsilcji rpilenn gpureqlpij cstu cja lcdovulgot qygalbb ja",
                "?OtJ",
                "mxphioj cjeduwvd tpzua sokias cmmuazfs gakbi jpvao uumdfes rbpub jtreqco grhulabeg atpcilzje lsguffjaim duble fecjudmn fidgaoji zjtiuclpac ezlbo lcyuhmue fpg nnreu uzdqunmnat vof zhxoiutdb wkzouefp dzudisobno ylcoeju fioyof reg ewie qnreoweott rftopeas scofufz cms bienlenfpo dki bmjitsm fkcerrog odbl vjnulaeiop efnnel gdzijs vczeamdd mjoladgc lubfafadx vzd fgwuqti oakpolaem abjo qbdilsf oaqbc rsbibi clyebtl ubnsof sradigopni sslaip pvp duejequ enndoai egmkemj pgjoocgja lsmel glrog egyb mubje uupspos flfub ovtcupcam zwyia ufjsajhda uocel mlfoxrl nar zufdu fmgemsd rtouc nrluuexn",
                "-]~]",
                "r[Ki",
                "nStO=8",
                ":iolajnaovcg toogva wfnem qcneno aeevuxapae shgo bsreiu etreriu iofdnoc bezep odjzicp zgxaee rgdua sqtasnb slafucfmu ysfupt esesvowqgu soijfolbe gdomikus syrusiedm bac valbo gsdun fnzu epzhas lsutugcno asjzifm ppsa cgf lgcim qvkeladb itwyasmki nbviwa njbifeesa bqniudvri qedxupr silxufgte sbd tlrendbuad btrobzf mespow mdg sywe hnqu zmufaaz bamd lgbulssifj ecmc rxees gsj ajrgenlilu fmey zjlii nhpol isp msibidb wtse btdemfjolj ojccogs jnlomis ugmiogut jmuzujjsem inffej jplisibe jgvuoedppi gsusi mkdokl mhlu psfiicrf qejwellmac tzcejnl djpagtlaju fmtutcr vtvucccau y",
                "0+ij4",
                "zafceo matcubnm apf fjpewcosea onguufacp augv gmaselg egbusih clpo onjtutdtof pgpeubdmet zhgof bvoum sppuacma fmsog mfnujogbul vbamervuf ougsjuu jfwo vqjuatiedu qoo clle dkmaabd nakzod jglae lll sieijuficd pmpobgxanj xug gudv prupegiw fjo jppunaslil bbapaoh dclamicpes aolc jvwopxred fgsov mgga xsoepaddme zxocuvcse liuorun ucvvajf pdleo iajvibonjs pyapou jlbuwpdu pfzaaubcca argsensni onneijebt skfo mlwiadawl fuelboj ncid bqv aztyobozri czjud zqgufmj rhnaaoyp treuzovc bmolouio rudjum fobwise gbiqemlmuc ownpee ryra tfguusbenu ofzxuufl tqlakda rruka rnpa fatbemu ",
                "LM^jJ",
                "8C6WZ",
                " V9Y",
                "3_HH",
                "-iPw",
                "s38J",
                "{`%s",
                "AP_~A",
                "^V]{'",
                "P28@r",
                "RDiv",
                "KbB.",
                "ylv.",
                "gmbH",
                "YF-J",
                "`X*Ve",
                "CNTWH)]",
                "&HLV",
                "wsZ7",
                "P [Cn",
                "R4WQ",
                "dxaficqfue zfzeiwc bgisaz gdqocdneit rwtu dfpumid jdceao nardisbod vfnigpli jqgufmzig ulofgimdcu aiobygenq pvaz gtcosqp ioctjengan elzbam mgtammdu ojjx ysk cachufycoa jlsib bnumo beb bezlilb caucecod bjn mnleiifys micupe rmojofpeqo axbzims dlgild ffkux bqton pdhe gumnierk cvceba beibof nwponj trriajuk curaseleu gadxibms vcp qsf azmn hgc dem ndqansbaq lkne eja zjturptui jqosirdne zznifpdo jtlaxdjivr dbpenzp rdde zgg fctag ggimolf fihfodsn zdgi cjz talc cekazedbnu uvg plobuc jzluncmua ubgfaxud fnobonws nfsotl ogmidoo izevoijec oopjfarn cyvousi bcwadggen gfcav lja",
                "%!r=",
                "-hni erdzuj psjujcc tnvo ejl lytuorom vjlusims ejfdespnuj oplabui gujoohizw igd cuaduomebj czwe nfvecv aizjcuhco zpjupbs pwjuo bfsebpbueg elzo ntunio oju jnlibriqae sfduiis mgya isnudu kdaira cpezujra ilnm udzd jvyejzdery epxjufn otvfas ulbsuk lilna nfcuc dcneb oim dfli fosb fltolkcug bjtahis ratr icvogukqd udpmaju pwdeddze cajfendza vvoezamm crloerc vdh efzdocu gztepp fdl pjbabf qoqfer ynceooa pvlafu ilmn lfsupjz vxgagpfa wrodejftu bjpapnj jlmizjel jzajowbcet neblaa zisz dcxulu cdoediigy fgsunlfak jns tlwapck lrnuu odseipa jsnijesbi txsujogi ksd tfyo gvja lzninfdic abpsalq\\M",
                "]Eb\"",
                "d6oei duhlo abmpo ilbuaruvh czg cggagab cnputl xgmagadn fgzeuzgpe ivjwo isoa ugsm smd doch uumsc npe imfjowfo aslfe ezvz gopnem cwu fnbepsd viopr iabf mtde dlluze fsm ipmhixuvd fljuaadlza zos jnicomlje jegqugdsu ldfuv dufcalga pbauabahwc jbcu efjzu kacsarl bjzats qnmocj qxtezngonx jjenu rpcejgroka scyuvmj tbmuglfia bbzajan hsfac srletghis dbouuge busyijd srmopcrerp cwjuw xfcucu dingidsdu iouuuh asweg ojdlu glb jdmonhiw ekkboul phmiias duju rswao aqzq kezadev zvfijdsobl lppunfmaf mscaawqoot ylbeyur sjhite jzxohzoc fmiise fmrouetht tvle nrmodzmimj pbzei ore nnsoaielz uzlad lryaffkp",
                ".~D'",
                "LRdP",
                "bgabintmos jpcahfl pbaf sdteh cbcei mgnefb llz pmnipo fic bapmuzegn lupdiziz zlyed bolyupd odndefmgo cowoifiuxd jrsalww gltes ooucyp ncujaqmqaj ygenelfo nocropniab fggu kggan zlfu cjgilsuv rthajxp jpuan icb fodvugfgi cvxujdcote ffli pbfu ckwu ddn nbxu dzsuirrpae otsfuzgeg dtazedvx cbfae rdze effm eprri agmureim hug zljoidr toimto bnl lfoz macgi lbvo pcnisbrep bapj obgfofalvu jrnigoqg fsbopooaoo pblidloz bmotu ntje fmdijidfos bgbuc sodviusp ojubugewig ldjusfje mjjuaic srg lsjovfraa fzd jxwiygeifo fhlejails mvmehgt ldgo sgf flp bemregl ycma wsefozxcoc iutzve ulwsilo jag",
                "`9bt",
                "HHl2A",
                "werbe diucuma rcjipr uaigieovza veumcoito xacnahzlu vcjeckre cgdosg gilwabweru fjilac krdulcr gxne pevjovmg rincayodb bgf vphofmn jjte hmxieczreq ijjl ucwp nzmiehcke lfci bdunohn cggu gbilisic cabfujpir dqlitg mqliinbu tplaa inc dbcojmuec ctlemnsuys xobm dol gyvauphca sakpaem vrcelc paj pbdivq zpza igqtoeb dftifjlans afrimajg uapuncazlq yiuljul ilmg bgaujaucl giesf crlogzd els tsofidwi eskjuz lygu jsj ijcp bbtej lfp aws fcemehd ossxem ahssavizbu fzfe btgag ccneswfe jueh vsvapfbo rxsi njbargbu mcveif vbpimvn zynaa hdv gnbucr oem sibni jfaxeews ebycasmv pfaseir fajz",
                "Zcv8m",
                "biznewipce kckooou sjmebg gvueuub csjufacfaz dokudebmgu dqzeicnk vgtis tcwiu sgda arss btfano lnaasopkb swbu poadv bjubacyli fdluivgf uiegemoce rdsejgsab sav dlzicsjis msujemliei fghud miainof grtotcrimj ptvedkcen geggaumavb tpvo cucx kvbow jmootobjb zrrunwyu ejbsikie frjufx nfjijujieu mnuneyppul cnbuegne stquq buyg jtceafg lddof jjnoyc ikiot zjeejioi hsniae zvf biuzxe cjateba jve rbufufcga psfe egpvunzje vsj sjez ppjoeib pdfemtz dzcibdbit kqhajjb ocvjed ousmpu msmenbno anl foljupm chyu ivtamas nesnac ansziocrj ewvuooabuc btge cfg fydevcm junrobgcan mgmorpe jln~",
                "j?yb",
                "v<pe",
                ">agtupaygbe sgodebfja ccopiiujs tnafoiws aphpiqpful jplobluig loaovgizla scruandsu jcjeubor gzpomgd wvdejj zpyokltek ccdaxvp fnl jsl tkte dpfexz clcuwnlif mmwikucve eccp rajdum icnvea lclig vmsu vxlo umpjuhnoat swojo zhcanerlo jptepgbiuz gmku cgnobjm anwfep pbimorb ujdij anpdoldgud bmpafnf gqfuic jlvozlai dlmamglin zoccasu byjacoc gjfazuhroe sfpo pbicuueau tepkiujmvo vnvupcsujn mlmoyly uiubegc lma fmjee abz lsap pjc ofgei arn hbeilacnga cgujeanzi gfcoun gijon zfluu bodmacbgu rnmusemqe scmumnyi jmlux ipzo agzkaxc ojpe ibjuebu nsnatayz pmzaa poaf pbudeye mtd edjmujc",
                "9dd:Gl",
                "4D_x}8-U",
                "kybuaqai ldlieoo geunnujy fbbebcnamo ijzje sdc nbx mlgadn tnnuepnd sdmoewebo sdc gizfuohn ddoamuljj nmf osbr gasguj szebopnma yjdarcda uccs szvatacala zazqal dird tlzobdmubq wgz ugnpegolo zumcext vjvafecih ppuaiooe pgeposc unzj jiccumnato jlze mzwoguklun bdabef qubpi jauvp ympe akvopefs iicftixnb dhgantwa akgbobgere nncorofrus zlb glo urrvamdzu bzjinnav gozm sbfilapzoq mlg fjfacgwam omjpoudcta ttmavfoba llmihf obccukwb cduhiiwa invmugag ltdalsfalz fcrazivaul ftbupsbuuj ecajoe iditlabjpu ojgot fam mresaog omkmebfv cplum emp kdlulmnel jnt ocqfohs jdtuf nlepulj azs cftv",
                "                          ",
                "abcdefghijklmnopqrstuvwxyz",
                "ABCDEFGHIJKLMNOPQRSTUVWXYZ",
                "kU'9",
                "HMXB",
                "?Zd;",
                "?/L[",
                "S;uD",
                "z?aUY",
                "D?$?",
                "U>c{",
                "zc%C1",
                ".:3q",
                "-64OS",
                "NKeb",
                "jjjjj",
                "mscoree.dll",
                "FR6002",
                "- floating point support not loaded",
                "R6008",
                "- not enough space for arguments",
                "R6009",
                "- not enough space for environment",
                "R6010",
                "- abort() has been called",
                "R6016",
                "- not enough space for thread data",
                "R6017",
                "- unexpected multithread lock error",
                "R6018",
                "- unexpected heap error",
                "R6019",
                "- unable to open console device",
                "R6024",
                "- not enough space for _onexit/atexit table",
                "R6025",
                "- pure virtual function call",
                "R6026",
                "- not enough space for stdio initialization",
                "R6027",
                "- not enough space for lowio initialization",
                "R6028",
                "- unable to initialize heap",
                "R6030",
                "- CRT not initialized",
                "R6031",
                "- Attempt to initialize the CRT more than once.",
                "This indicates a bug in your application.",
                "R6032",
                "- not enough space for locale information",
                "R6033",
                "- Attempt to use MSIL code from this assembly during native code initialization",
                "This indicates a bug in your application. It is most likely the result of calling an MSIL-compiled (/clr) function from a native constructor or from DllMain.",
                "R6034",
                "- inconsistent onexit begin-end variables",
                "DOMAIN error",
                "SING error",
                "TLOSS error",
                "runtime error ",
                "Runtime Error!",
                "Program: ",
                "<program name unknown>",
                "Microsoft Visual C++ Runtime Library",
                "Ekernel32.dll",
                "WADVAPI32.DLL",
                "Fja-JP",
                "zh-CN",
                "ko-KR",
                "zh-TW",
                "USER32.DLL",
                "en-US",
                "ELC_ALL",
                "LC_COLLATE",
                "LC_CTYPE",
                "LC_MONETARY",
                "LC_NUMERIC",
                "LC_TIME",
                "zh-CHS",
                "ar-SA",
                "bg-BG",
                "ca-ES",
                "cs-CZ",
                "da-DK",
                "de-DE",
                "el-GR",
                "fi-FI",
                "fr-FR",
                "he-IL",
                "hu-HU",
                "is-IS",
                "it-IT",
                "nl-NL",
                "nb-NO",
                "pl-PL",
                "pt-BR",
                "ro-RO",
                "ru-RU",
                "hr-HR",
                "sk-SK",
                "sq-AL",
                "sv-SE",
                "th-TH",
                "tr-TR",
                "ur-PK",
                "id-ID",
                "uk-UA",
                "be-BY",
                "sl-SI",
                "et-EE",
                "lv-LV",
                "lt-LT",
                "fa-IR",
                "vi-VN",
                "hy-AM",
                "az-AZ-Latn",
                "eu-ES",
                "mk-MK",
                "tn-ZA",
                "xh-ZA",
                "zu-ZA",
                "af-ZA",
                "ka-GE",
                "fo-FO",
                "hi-IN",
                "mt-MT",
                "se-NO",
                "ms-MY",
                "kk-KZ",
                "ky-KG",
                "sw-KE",
                "uz-UZ-Latn",
                "tt-RU",
                "bn-IN",
                "pa-IN",
                "gu-IN",
                "ta-IN",
                "te-IN",
                "kn-IN",
                "ml-IN",
                "mr-IN",
                "sa-IN",
                "mn-MN",
                "cy-GB",
                "gl-ES",
                "kok-IN",
                "syr-SY",
                "div-MV",
                "quz-BO",
                "ns-ZA",
                "mi-NZ",
                "ar-IQ",
                "de-CH",
                "en-GB",
                "es-MX",
                "fr-BE",
                "it-CH",
                "nl-BE",
                "nn-NO",
                "pt-PT",
                "sr-SP-Latn",
                "sv-FI",
                "az-AZ-Cyrl",
                "se-SE",
                "ms-BN",
                "uz-UZ-Cyrl",
                "quz-EC",
                "ar-EG",
                "zh-HK",
                "de-AT",
                "en-AU",
                "es-ES",
                "fr-CA",
                "sr-SP-Cyrl",
                "se-FI",
                "quz-PE",
                "ar-LY",
                "zh-SG",
                "de-LU",
                "en-CA",
                "es-GT",
                "fr-CH",
                "hr-BA",
                "smj-NO",
                "ar-DZ",
                "zh-MO",
                "de-LI",
                "en-NZ",
                "es-CR",
                "fr-LU",
                "bs-BA-Latn",
                "smj-SE",
                "ar-MA",
                "en-IE",
                "es-PA",
                "fr-MC",
                "sr-BA-Latn",
                "sma-NO",
                "ar-TN",
                "en-ZA",
                "es-DO",
                "sr-BA-Cyrl",
                "sma-SE",
                "ar-OM",
                "en-JM",
                "es-VE",
                "sms-FI",
                "ar-YE",
                "en-CB",
                "es-CO",
                "smn-FI",
                "ar-SY",
                "en-BZ",
                "es-PE",
                "ar-JO",
                "en-TT",
                "es-AR",
                "ar-LB",
                "en-ZW",
                "es-EC",
                "ar-KW",
                "en-PH",
                "es-CL",
                "ar-AE",
                "es-UY",
                "ar-BH",
                "es-PY",
                "ar-QA",
                "es-BO",
                "es-SV",
                "es-HN",
                "es-NI",
                "es-PR",
                "zh-CHT",
                "af-za",
                "ar-ae",
                "ar-bh",
                "ar-dz",
                "ar-eg",
                "ar-iq",
                "ar-jo",
                "ar-kw",
                "ar-lb",
                "ar-ly",
                "ar-ma",
                "ar-om",
                "ar-qa",
                "ar-sa",
                "ar-sy",
                "ar-tn",
                "ar-ye",
                "az-az-cyrl",
                "az-az-latn",
                "be-by",
                "bg-bg",
                "bn-in",
                "bs-ba-latn",
                "ca-es",
                "cs-cz",
                "cy-gb",
                "da-dk",
                "de-at",
                "de-ch",
                "de-de",
                "de-li",
                "de-lu",
                "div-mv",
                "el-gr",
                "en-au",
                "en-bz",
                "en-ca",
                "en-cb",
                "en-gb",
                "en-ie",
                "en-jm",
                "en-nz",
                "en-ph",
                "en-tt",
                "en-us",
                "en-za",
                "en-zw",
                "es-ar",
                "es-bo",
                "es-cl",
                "es-co",
                "es-cr",
                "es-do",
                "es-ec",
                "es-es",
                "es-gt",
                "es-hn",
                "es-mx",
                "es-ni",
                "es-pa",
                "es-pe",
                "es-pr",
                "es-py",
                "es-sv",
                "es-uy",
                "es-ve",
                "et-ee",
                "eu-es",
                "fa-ir",
                "fi-fi",
                "fo-fo",
                "fr-be",
                "fr-ca",
                "fr-ch",
                "fr-fr",
                "fr-lu",
                "fr-mc",
                "gl-es",
                "gu-in",
                "he-il",
                "hi-in",
                "hr-ba",
                "hr-hr",
                "hu-hu",
                "hy-am",
                "id-id",
                "is-is",
                "it-ch",
                "it-it",
                "ja-jp",
                "ka-ge",
                "kk-kz",
                "kn-in",
                "kok-in",
                "ko-kr",
                "ky-kg",
                "lt-lt",
                "lv-lv",
                "mi-nz",
                "mk-mk",
                "ml-in",
                "mn-mn",
                "mr-in",
                "ms-bn",
                "ms-my",
                "mt-mt",
                "nb-no",
                "nl-be",
                "nl-nl",
                "nn-no",
                "ns-za",
                "pa-in",
                "pl-pl",
                "pt-br",
                "pt-pt",
                "quz-bo",
                "quz-ec",
                "quz-pe",
                "ro-ro",
                "ru-ru",
                "sa-in",
                "se-fi",
                "se-no",
                "se-se",
                "sk-sk",
                "sl-si",
                "sma-no",
                "sma-se",
                "smj-no",
                "smj-se",
                "smn-fi",
                "sms-fi",
                "sq-al",
                "sr-ba-cyrl",
                "sr-ba-latn",
                "sr-sp-cyrl",
                "sr-sp-latn",
                "sv-fi",
                "sv-se",
                "sw-ke",
                "syr-sy",
                "ta-in",
                "te-in",
                "th-th",
                "tn-za",
                "tr-tr",
                "tt-ru",
                "uk-ua",
                "ur-pk",
                "uz-uz-cyrl",
                "uz-uz-latn",
                "vi-vn",
                "xh-za",
                "zh-chs",
                "zh-cht",
                "zh-cn",
                "zh-hk",
                "zh-mo",
                "zh-sg",
                "zh-tw",
                "zu-za",
                "2.exe",
                ".cmd",
                ".bat",
                ".com",
                "         (((((                  H",
                "                                 ",
                "GENU",
                "GENA",
                "GNLB",
                "GENC",
                "GZHH",
                "GZHI",
                "GCHS",
                "GCHT",
                "GENL",
                "GENB",
                "GENI",
                "GENJ",
                "GENZ",
                "GENS",
                "GENT",
                "GENG",
                "GFRB",
                "GFRC",
                "GFRL",
                "GFRS",
                "GDEA",
                "GDEC",
                "GDEL",
                "GDES",
                "GITS",
                "GNOR",
                "GNON",
                "GPTB",
                "GESS",
                "GESB",
                "GESL",
                "GESO",
                "GESC",
                "GESD",
                "GESF",
                "GESE",
                "GESG",
                "GESH",
                "GESM",
                "GESN",
                "GESI",
                "GESA",
                "GESZ",
                "GESR",
                "GESU",
                "GESY",
                "GESV",
                "GSVF",
                "FENG",
                "american",
                "american english",
                "american-english",
                "australian",
                "belgian",
                "canadian",
                "chinese",
                "chinese-hongkong",
                "chinese-simplified",
                "chinese-singapore",
                "chinese-traditional",
                "dutch-belgian",
                "english-american",
                "english-aus",
                "english-belize",
                "english-can",
                "english-caribbean",
                "english-ire",
                "english-jamaica",
                "english-nz",
                "english-south africa",
                "english-trinidad y tobago",
                "english-uk",
                "english-us",
                "english-usa",
                "french-belgian",
                "french-canadian",
                "french-luxembourg",
                "french-swiss",
                "german-austrian",
                "german-lichtenstein",
                "german-luxembourg",
                "german-swiss",
                "irish-english",
                "italian-swiss",
                "norwegian",
                "norwegian-bokmal",
                "norwegian-nynorsk",
                "portuguese-brazilian",
                "spanish-argentina",
                "spanish-bolivia",
                "spanish-chile",
                "spanish-colombia",
                "spanish-costa rica",
                "spanish-dominican republic",
                "spanish-ecuador",
                "spanish-el salvador",
                "spanish-guatemala",
                "spanish-honduras",
                "spanish-mexican",
                "spanish-modern",
                "spanish-nicaragua",
                "spanish-panama",
                "spanish-paraguay",
                "spanish-peru",
                "spanish-puerto rico",
                "spanish-uruguay",
                "spanish-venezuela",
                "swedish-finland",
                "swiss",
                "GUSA",
                "GGBR",
                "GCHN",
                "GCZE",
                "GNLD",
                "GHKG",
                "GNZL",
                "GPRI",
                "GSVK",
                "GZAF",
                "GKOR",
                "GTTO",
                "FGBR",
                "america",
                "britain",
                "china",
                "czech",
                "england",
                "great britain",
                "holland",
                "hong-kong",
                "new-zealand",
                "pr china",
                "pr-china",
                "puerto-rico",
                "slovak",
                "south africa",
                "south korea",
                "south-africa",
                "south-korea",
                "trinidad & tobago",
                "united-kingdom",
                "united-states",
                "CONOUT$"
            ]
        }
    ]
}