{
    "malware_data": [
        {
            "filename": "50ec179db9a98b015b8462f1b093be2100fda3d0516b0b39e57b9ffbbf13db1d.elf",
            "filetype": "7F454C46",
            "filesize": "26KB",
            "hash_sha256": "50ec179db9a98b015b8462f1b093be2100fda3d0516b0b39e57b9ffbbf13db1d",
            "strings": [
                "UPX!",
                "D*aN",
                "4NU0",
                "T3)D",
                "S{9Q9a",
                "!K=btz",
                "dbv~gVU",
                "i]JQ'",
                "',\\$",
                "]'[ci",
                "1OA|U)",
                "~*r*",
                "ZG;L",
                "_6k=",
                "BL.Yk",
                ">7U,WL",
                "!cB~",
                "\\y A",
                "l9ofd",
                "}+WjS",
                "*=v _Z",
                "1,,\\",
                "ad^UA",
                "2q4M/",
                "PIhpy",
                "a3;!",
                "nT,q@",
                "M_9t",
                "KdE/",
                "5dSF3",
                "2%/ABk",
                "O8@U5=m",
                "LB[n",
                "ilZF_",
                "8P^$",
                "T4qb",
                "T71}",
                "f*RO",
                "6&>VX",
                "@TWt0",
                "NYiz8R",
                "mId4y6",
                "qi?D",
                "/4fS",
                "Ic!\\",
                ":%5M",
                "nzq/5Z",
                "[x0\\%",
                ">bQ~",
                "!f\\_",
                "r+wwp@",
                "fa;^",
                "Vx%`",
                "aen.",
                "!R2,GJo=",
                "c8/f",
                "Rs}#",
                "v`cp",
                "68m/",
                "0Vdu",
                "R#qBw",
                "w%[/",
                "lM}n",
                "fe/{o",
                "ds\\@&",
                "fCH(#",
                "\\?4~@",
                ":oUYE",
                "r<Wm/t",
                "r{H:y",
                "*<Hqm",
                "*>+N",
                "HixJ",
                "H]1hcl ",
                "yuTC",
                "$-,H2J",
                "P8BE",
                "5Pa(",
                "NesG",
                ",wn>",
                "w2KS~v",
                "XJG6",
                "`l+i",
                "Ko_i.",
                ",iW{",
                "B,\"0",
                "vx>A",
                "sjH&",
                "|`pq",
                "}\"Cu",
                "x(w]",
                "4}fr",
                "D?1K",
                "]tOg",
                "k5YQ",
                "dM[>",
                "+_S7",
                "G'pN",
                "QwEiK",
                "vEn\"g",
                "]rq0",
                "A~o7",
                "JjBY",
                "YURV",
                "pGku",
                "5<9]P",
                "Y$j,",
                "*S7*",
                "@Y>y*",
                "6)S=[",
                "Myc~",
                "\"=#O^",
                "nC8@",
                "b<(N",
                "*L07",
                "4C0p",
                "wvez",
                "KS/ED)",
                "\"+~^WS<",
                "V ?#\\<",
                "p:-G",
                "dD#D.",
                "P la",
                ")I0 ",
                "FPOS",
                "vb)$pgt]",
                "$o*%}",
                "xE]UZ",
                "U1:}",
                "u_-`",
                "qLf?+uL",
                "yj`'Imw",
                "T;0*",
                "sYD_",
                "6t}U",
                "_4#Z",
                "Wb#E",
                "[2CC",
                "F\\\"G9#",
                "wH3;",
                "U9F?j",
                "bBQo",
                "K6CY",
                "?G\\Sp",
                "1jE!",
                "6-]cQ",
                "f[-,U",
                "H!yA~I",
                "]4sh/",
                ",=\\o",
                "U(<$",
                "BY??",
                ")t-Z",
                "WD_B. ",
                "<b){",
                "F\"X9@`",
                "ZQGlf~",
                ")f#&",
                "H,Jaa",
                "^6l&",
                "X8!a",
                "+=g5",
                "hpL=",
                "R4(NB",
                "KM0b",
                "1^j }f",
                "*:Pz._",
                "U`9|\"",
                "*eZt",
                "8+uA",
                "S&Ib",
                "d/zP",
                "0oLX",
                "Q()Cu",
                "<uxd+\\",
                "I::*",
                "BLxps",
                "bqdLo",
                "k&];",
                "@g2o",
                "YMzH-",
                "z/%$",
                "C<{)L6",
                "x/{&",
                ")tj!&",
                "5\"Q~z",
                "UQjg",
                "*`b)/^",
                "4Bd[",
                "c2+(~F6",
                "6qR8",
                ")T6TH",
                "]9}bk",
                "0wrQh",
                "a?.V[",
                "ML$_",
                "^N~|",
                "MDUo",
                "~rAm;",
                "-w^?&",
                "|nrR",
                "+aK}<",
                "-KDR",
                "M3[ u",
                "SAe>u",
                "}uCf'",
                "8f{G,!",
                "VP/9",
                "MhVC",
                "3eLl5",
                "p1F\"",
                "p.F~cb",
                "7Hk>",
                "0VrI",
                ".7[N",
                "qY<V",
                "Te]T",
                "gb +@MO",
                "wLe-eB",
                "0Ibt",
                "y%35",
                "x#;1l",
                "WpG|",
                "%bP,",
                "6n !",
                "3ya?",
                "fGRp",
                "m]fd",
                "k!+f",
                "0%*#z",
                "lncx",
                "2,k\\",
                "&2|1",
                "MnX)",
                "R+yj",
                "ns+'",
                "G62e",
                "|s'(",
                "9pW3",
                "qQn-,",
                "&2[j",
                "zL$`>",
                "o)Dj!",
                "R|=R(vC",
                "n:kR",
                "BOb#s",
                "|cX08c",
                "@}+X0})P09k",
                "}HSx8`",
                ".}8J",
                "#x}@Y",
                "}iXP",
                "}HSxA",
                "(P8d",
                "x}f:.U",
                "}HSx|",
                "(P}f;.8g",
                "}HSx8",
                "@PU`",
                "@.UH@.9",
                ".p}HSx|",
                "P}7Kx",
                ".p~)",
                "x}:Kx/",
                "0Ti 6 ",
                "x}d:.U",
                "}d;.B",
                "U)80?",
                "}f;.B",
                "ZX0T",
                "<}8J",
                "} HP8",
                "@.WZ",
                "(PcZ",
                "WZ 6|",
                "}f;.",
                "Z#xT",
                "`P8`",
                "PROT_EXEC|PROT_WRITE failed.",
                "$Info: This file is packed with the UPX executable packer http://upx.sf.net $",
                "$Id: UPX 3.94 Copyright (C) 1996-2017 the UPX Team. All Rights Reserved. $",
                "2TYv",
                "]@xv",
                "+#8D",
                "F)N[",
                "U?y!",
                "P_'i~",
                "LJ)H",
                "7JZx",
                "lO c",
                "tz0(",
                "%\\bSG",
                "&k?H{8",
                "s?P>",
                "2\"SA",
                "PhDT",
                "GCe%",
                "7St*W",
                "F0.V",
                "18(05",
                "_%b:e",
                "2P;J"
            ]
        }
    ]
}