{
    "malware_data": [
        {
            "filename": "5337ee7f8aa1a26585d70bc5b2e2aacd0f3346eb638e8b80fabf6ca36df4963e.exe",
            "filetype": "4D5A9000",
            "filesize": "308KB",
            "hash_sha256": "5337ee7f8aa1a26585d70bc5b2e2aacd0f3346eb638e8b80fabf6ca36df4963e",
            "strings": [
                "!This program cannot be run in DOS mode.",
                "Rich",
                ".text",
                "`.rdata",
                "@.data",
                ".tls",
                ".xodogu",
                ".vohom",
                ".rsrc",
                "hx)C",
                "h`5C",
                "tG9}",
                "0WWWWW",
                "VVVVV",
                "_^[]",
                "QSVW",
                "h .C",
                "X_^]",
                "jXh@.C",
                "YQPVh",
                "QQSVWd",
                "Y__^[",
                "PPPPP",
                "0SSSSS",
                "hh.C",
                "WWWWW",
                "uaVj",
                "uL9=$",
                "5TBC",
                "5PBC",
                "F\\= ",
                "=PBC",
                "u,9E",
                "5XBC",
                "h8/C",
                "hY?@",
                "hp@@",
                "9csm",
                "hX/C",
                "h81@",
                "QQQQQ",
                "hx/C",
                "t&:a",
                "8csm",
                "<v8V",
                "S99t",
                "=,CC",
                "=(CC",
                ">=Yt1j",
                "tPVWP",
                "Y[_^",
                "j\"@@",
                "@@Bf",
                "8\"u8",
                "j\\Yf",
                "t$9U",
                "QQSVWh",
                "@@f9",
                "j@j ^V",
                "[j@j ",
                "uWS3",
                "@_^]",
                "=MOC",
                "=csm",
                "h 0C",
                ">csm",
                "98uu",
                "98u[",
                "h@0C",
                "h`0C",
                "~SSV",
                "~@;H",
                "h@1C",
                "taSV",
                "YYPV",
                "t)SV",
                "h`1C",
                "Hu4j",
                "I=csm",
                "@_^[",
                ">MOC",
                "s[S;7|G;w",
                "9>u&",
                "h|1C",
                "tR99u2",
                "r,9Y",
                "@_^[]",
                "oV f",
                "o^0f",
                "of@f",
                "onPf",
                "ov`f",
                "o~pf",
                "ueSj",
                "j?Y;",
                " VW}",
                "j?^;",
                "= KC",
                "Y_^[]",
                "Wj6Y",
                "h82C",
                "Fpt\"",
                "hX2C",
                "SSSSS",
                "^_[]",
                "<.u4",
                "PVj@",
                "_trP",
                ",uRP",
                "^H_[",
                ">CuW",
                "@PVW",
                "vSSSh",
                "VWw$",
                "0A@@Ju",
                "h 3C",
                "wIVSP",
                "FVSj",
                "h@3C",
                "Y_^[",
                "h`3C",
                "9~\\u'",
                "50CC",
                "=4CC",
                "t#Hu",
                "t+Ht",
                "_VVVVV",
                "QWVP",
                ",0GG",
                "URPQQh",
                "L$,3",
                "UVWS",
                "[_^]",
                "SVWj",
                "QufA",
                "HHt*HHt",
                "t=HHt",
                "!<9u",
                "7_^]",
                "tBHj",
                "tK<_t<<$t8<<t4<>t0<-t,<a|",
                "<z~$<A|",
                "t;BA",
                "<0|O<9",
                "tU<A|B<P",
                "WQ8E",
                "tY<@tO<Zt",
                "tA<Zu",
                "v,j,",
                "t5j]",
                "t\\<@tXj'",
                "8@u\"",
                "<@uq",
                "<_u`",
                "PWje",
                "YPWh",
                "Yt*j",
                "Du h",
                "Ft,Nt",
                "NtFNt#NuV",
                "8Xu2@",
                "YtNj",
                "kt@;",
                "8?u(",
                "t.<@t5V",
                "TtUHtKHtAHt",
                "HuSh",
                "8?u'@",
                "0t-HHt",
                "lSVW3",
                "@99t",
                "uUj,",
                "u-j,",
                "t?9U",
                "u#8H",
                "tfHH",
                "8_uF",
                "dj@h",
                "<@t=j",
                "t*j)",
                "YYj)",
                "`<`t",
                "<$u.",
                "uI9u",
                "98tI",
                "99t)P",
                "j PQ",
                ":?uO",
                "<@u$",
                ".<$u ",
                "<_uN",
                "$SVW",
                "CtMj",
                "t!h ",
                "t.Ht",
                "AtIHt0Hu",
                "SVW3",
                "AAFFf;",
                "SVWUj",
                "]_^[",
                ";t$,v-",
                "UQPXY]Y[",
                "Pj1Q3",
                "F Pj*",
                "F$Pj+",
                "F(Pj,",
                "F,Pj-",
                "F0Pj.",
                "F4Pj/",
                "F8PjD",
                "F<PjE",
                "F@PjF",
                "FDPjG",
                "FHPjH",
                "FLPjI",
                "FPPjJ",
                "FTPjK",
                "FXPjL",
                "F\\PjM",
                "F`PjN",
                "FdPjO",
                "FhPj8",
                "FlPj9",
                "FpPj:",
                "FtPj;",
                "FxPj<",
                "F|Pj=",
                "{>Vj",
                "v$;5",
                "C PjPV",
                "C$PjQV",
                "C(Pj",
                "C)Pj",
                "C*PjTV",
                "C+PjUV",
                "C,PjVV",
                "C-PjWV",
                "C.PjRV",
                "C/PjSV",
                "~-8]",
                "@@8X",
                "QW@Ph",
                "W@Ph",
                "~S8]",
                "_^[t",
                ".;1s(N",
                "tIHt$",
                "HHt4HHt",
                "Ht\\Ht,",
                "SV9}",
                "98tl",
                "PSVj",
                "teHtFHt&Hu",
                "<'tE",
                "ty<%tA",
                "twF3",
                "tBF9]",
                "u 9]",
                "PPPPPPPP",
                "|FVW",
                "tNh<'C",
                "t=h8'C",
                "h4'C",
                ",aB<",
                "u49^",
                "hh&C",
                "Vj@h`$C",
                "u%h@'C",
                "j@Sh",
                "t,j@",
                "C@Ph",
                "Sj Z",
                "0;1t|",
                "9] SS",
                "tR:Q",
                "t<:Q",
                "t&:Q",
                "u8SS3",
                "9] u",
                "9]$SS",
                "t)9]",
                "t\"SS9]",
                "u,VVWV",
                "u#9u",
                "t VV9u",
                "N+D$",
                "t:9]",
                "^SSSSS",
                "j,h 4C",
                "t!PV",
                "PSj?",
                "0Wh,",
                ">:u8FV",
                "jd_Fj",
                "Pf95",
                "PVVRV",
                "Pf95l",
                "VVVVVQRSSj",
                "h@4C",
                "h`4C",
                "u09u",
                "VW9]",
                "u99u",
                "WWWWV",
                "t<Vj",
                "t+WWVPV",
                "u+9u",
                "u>9u",
                "<8=u",
                "t*;E",
                "QVW3",
                "^WWWWW",
                "t.;E",
                "8VVVVV",
                "Af#E",
                "QQSV3",
                "VVVVj",
                "tCVV",
                "@A;E",
                "t{~Bj",
                "t1SW",
                "tSj=V",
                "u`9]",
                "Y|R9",
                "?sjj",
                "@Y@P",
                "t\\VV",
                "@Y@PW",
                "^_[3",
                "=Se5",
                "Dj[Y",
                "DEHZ",
                "3u{g!",
                "X..Pa",
                "=Kr+",
                "Qd\\;y",
                "%yZU",
                "q##)!",
                "'Lxe",
                "pnKjGii",
                "rfkw",
                "=b[R",
                "WBd~i",
                "~8T`",
                "@j,0",
                "`iw>I",
                "v}Pb",
                "jOIs",
                "P!^_e",
                "yP[V1",
                "Kj1X",
                "jvx3",
                ")A0rnaC",
                ",xMe",
                "RF2K6tH",
                "Tv}f",
                ")BqVG7",
                "N4#:",
                "3s-H|",
                "GNAd%",
                "B@rj9VO",
                "D61\"",
                "~cMi",
                "~!5{",
                "+Ce|m",
                "C~vC",
                "JmmE`",
                "Et8e",
                ":`9p",
                "PCBH",
                "AT~9Hp",
                "f8$!:%;",
                "\\}\\S",
                "Fk;(",
                " !O2",
                "1?|/4",
                "w`'2",
                "^BpM",
                "PHBCnb",
                "a1wu@0",
                "gW0|nQ",
                "It~*",
                "NK`n",
                "0&NTo(IC?",
                "~6ar",
                "2pp+",
                "CEL4",
                ".\\T$",
                "n[&j",
                "/d&L",
                "bJM-",
                ")-D#",
                "mVrz",
                ">\"Vb",
                "89o=O",
                " o/y",
                "dFGT",
                "D){x\\",
                "fQF`*",
                "CP6W",
                ":q1Cjg",
                "?(ZKX]\"W",
                "D'm2",
                "'>f$",
                "P%Ikx`",
                "R8!o",
                "rbqOr",
                "VHt.",
                "/D?P?",
                "vXtF",
                "1_\"U",
                "b+cT]",
                "~*ke",
                "<7z;",
                "1bk1",
                "uk=2",
                "jQ}\"",
                "c=N(|",
                "^-H%",
                ";:({E",
                "V~M\\",
                "BxPl",
                "ZbmCY",
                "2jhu",
                "e>$7H",
                "sE@[H!1>]",
                "J7zo",
                "+x)2",
                ":WGl",
                "OzRy",
                "7rLJ",
                "N7Za",
                "kf%\\S",
                "%-`$",
                "\"5tO",
                "2$U[",
                "~.I\"}",
                ":oC%",
                "^!(<",
                ".vX]oD>",
                "\"=x!6",
                "x#O?>$",
                "[65I",
                "lmhJ",
                "[?Sa",
                "GlaJ",
                "5:'{=",
                ".-%e",
                ".d@2",
                "\\)2?",
                "b`*V",
                "r,JFp3",
                "4>E)",
                "Flu?f",
                "J^v>",
                "!a#o-",
                "a`iU",
                "'C]Wx",
                "F/kp ",
                "Q6Od",
                "COkQJs",
                "y~D/I",
                "IFd7t",
                "=,$!}p",
                "l,y\\C",
                "(?riV2",
                "[u-Tx",
                "mJS-}l",
                "HYaA",
                "&%(DH@",
                " iKTjN2",
                " ~sO",
                "ewd`",
                "(.Q0",
                "<pRS",
                "TlC\\",
                "Bc`xI",
                ") ]0",
                "{6J1",
                "H}^=",
                "EWZA",
                "?.V:3.",
                "T(\\#",
                ">K\\4;",
                "^F<o",
                "VKwp6",
                "{!<b",
                "GEJ8'",
                "M=9Va/",
                "uHud",
                "U{SO",
                "Fo[IG",
                "/jSi1",
                "[r3m",
                "j7\"*",
                "Q;GL",
                "e%qo",
                "[3Gg",
                "P/*A)",
                "rBY46",
                "a\"E1",
                "kq\\q",
                "0AQ;",
                "CgkB",
                "H=NF",
                "6ud]",
                "48@d",
                "HS\\X",
                "LUSV",
                "Oz]`2",
                "\"@xl",
                "-g%.",
                "<}HQ",
                "X3NL",
                "Bu2%\\",
                "x,tw",
                "^6VO",
                "jn3?",
                "DUv_",
                "6?p{",
                "cyRX",
                "g?l-",
                "pRg{d",
                "96(mm",
                " t(C],",
                "?%Gy\\?8):",
                "^ip?",
                "*v`wc>t&",
                "V2qG",
                "s%C<",
                "}of<",
                "B/fe",
                "4sTp/v':8",
                "DI`l",
                "Kz3'[",
                "<:kX",
                "#^)'BJ",
                "lQvKo",
                ":Q,TEa",
                "MG=D",
                "Shy2",
                "R?N\"",
                ">9Kzx",
                "E@JeO>5,B~",
                "'n16v",
                ">R]x",
                "N[\"1-",
                "z9:+k",
                "PPUb",
                "N$5u",
                "\\DDB&",
                "(qvJ",
                "nWLL",
                "u\"8'",
                " @cJ7Q",
                "Q]V@;",
                "pUKu",
                "`rkL.",
                "lc5\"",
                "GQ_b",
                "i8:*'~",
                "%dD|G\\|",
                "\"JM l",
                "R1ld",
                "`\"$Ey?1",
                ":aha",
                "!Y}'",
                "|.=%",
                "dhP&",
                "cn hl",
                "o|rr",
                "~(X9b",
                "~tc8",
                "_1-9kZp",
                "AM3H",
                "]ws%n",
                "G4bSe",
                "{CQl",
                "c9kYG",
                "l)&k",
                "mzJp",
                "7S]c.L",
                "1bVVs",
                "2qbv",
                "r[t:",
                "<x_[^",
                "1g~4",
                "[+)_",
                "]BTW",
                "Dpkm",
                "p!fz32y9w0",
                "I^WY#",
                "M:N_2zk~C",
                "Cx!@",
                "]R-2>Os",
                " 4qIU)",
                "6G1,",
                " q.g",
                "u&qVhn",
                "ELW$8U",
                "ffBP>",
                "SWo2",
                "B,6|",
                "G$q`",
                " 9Ar9",
                "hovHj",
                "Jqu2$;",
                "g<#!gS",
                "|Q}G",
                "^x;m",
                "^n'wIrV",
                "\\&bn",
                "a1P`",
                "AzfD",
                "=0xI",
                "HmfoP",
                "rrj'p",
                "d$Py",
                "JNNW",
                "d@u_MN",
                "p\\Lc\\",
                ":qAJ*2",
                "$h3U",
                "`MlCH",
                "J0KG.",
                "pMdD",
                "~\\H*",
                "jh)N3",
                "k[c$",
                "4>!>",
                "Aj)q K",
                "BONE!`r",
                "],)x",
                "m]WW",
                "}Wjh&",
                "c9l ",
                "Rz/=",
                "4F\":",
                "*KG6V",
                "zBR\"",
                "A{PK",
                "3S~j",
                "T)%I",
                "ks8C",
                "jI@7",
                "L!Ft|",
                "x.V5Y",
                "gFjLY|",
                "D]s,M",
                "Kt p",
                "t+OP}o5uV",
                "$uT ",
                "'2;@",
                "+FxM",
                "kh.qqU",
                "c!9s",
                "IAdh",
                "IBVY&",
                "-);6",
                "7b#a~",
                "}J%Ep",
                "S0Ae",
                "0l0K",
                ")(Gs",
                "z+PP",
                "HZBa",
                "oyh5",
                "er@B",
                "llA|a?Y",
                "DuuAZ",
                "k1;&I",
                "isI]",
                "8A8 ",
                "MxvE",
                "m*Ro",
                ";<Eq;",
                "H>f/]",
                "C$XL",
                "wG,K",
                "7FqL1",
                "yqGO",
                "hUgv72",
                "J6Ml3B",
                "hoqxD",
                "6M7&",
                "#YGY",
                "\\K\"Bs",
                "yhi7t",
                "L\\tW",
                "91;2d",
                ";l%.JGO",
                "'HDz",
                "tn7`",
                "4%Vq",
                "J+e#",
                "}VS.F@0",
                "+vU^",
                "d~Z!",
                "L9$'X",
                "qU=X2",
                "9UK@",
                "coH'",
                "udE9",
                "Uo%#",
                "@,i\"",
                "1U>];",
                "2Bc?",
                "^nG+",
                "Wihb",
                "\\>f%",
                "j,j=",
                "bM{w^FE",
                "G_3BM",
                "G]}8",
                "tccoo",
                "`DlP",
                "N7Skj",
                "UYb}",
                "xiG;",
                "H<#wg",
                "==qM",
                "[;Jp",
                "aJs(",
                "H(}d",
                "1Y(F",
                " 2QP(",
                "\\4=dH",
                "U^X,",
                "tusJfh",
                "=.$k",
                "pC7L",
                "Pl`$E5",
                "5&[!U",
                "##0V3",
                "s0O#",
                "j~%K",
                "cY*,",
                "lA]Rs{-W",
                "d~=^",
                "}9eo",
                "~He-M=",
                "!\"46",
                "ms;<Hn",
                "!5 u",
                "\\(f/",
                ")L[=+",
                "Gxo)",
                "Yinl",
                "67uS",
                "Vtc$~1f",
                "ly~d",
                "'fV0",
                "rhLg4f=L}",
                "6x->",
                "&l[+",
                "\\FM]",
                "9qhs6V",
                "]MX<",
                "iIUy",
                "8XU6",
                " af&",
                "fdnf",
                "$_cI",
                "A;pZ",
                "j0Wy",
                "XA\\6",
                "rAJ4",
                "\\#qI",
                "*Ry0s",
                "D)~<",
                ":G[k",
                "}S|o@",
                "k`O?vF",
                "FdU[",
                ",;V1o",
                "qL{^",
                "1BAn:",
                "&O%7",
                "@GujWz",
                "MERds",
                "%0Q/\\N",
                "mbr,",
                "[[<lk",
                "[QLZ>",
                "9Re+",
                "Z`N.vY",
                "n?\\8",
                "!.@}'K",
                "m{7=",
                "KVLi",
                "KO7>",
                "n&H<",
                ",?p9s",
                "Tjc1O",
                "N*\\O",
                "DwMV",
                "|qw1Z",
                "[.Gx",
                "j6A%",
                ")~kZL",
                "l4yA",
                "H%s/",
                "'s+jf",
                "S$`V",
                "9(2I",
                "8'MI<",
                "Gfi?",
                "ZRd4",
                "pON3",
                "DT7mS,",
                "UC>J",
                "pi+sD",
                "nqZY",
                "4iIMwd",
                "u]-E",
                "`L!MZ=",
                "D~n/Ii'&",
                "!azt",
                "WHU\\aP",
                "K`>gvP",
                "\"L+p$",
                "qSlFO",
                "|BQ4<",
                "({RA",
                "-_Y)%",
                "ETDS",
                "u=jG",
                "bjieL",
                " kF(",
                "jAfy",
                "Ey+`xy",
                "^/6$",
                "lx*;x",
                "5!*)L",
                "*MSw",
                "Q|vG",
                "bhq7\"w$})",
                "`a&l",
                "4Y%h",
                "`0pF>",
                "d492",
                "`\\$@",
                "$=}I",
                "L^;[",
                "}<S\"",
                "k0$9",
                "h%O-'2)5",
                "+oqPs",
                "<sGTx",
                "7,`c@",
                "W}0?",
                "_@W!",
                "lp(2n",
                "t>1Pn%",
                "Ju&5+",
                "Aj~@",
                "=^y:",
                "B|Nj^",
                "S{A<",
                "^1<e_-",
                "j,B.",
                "{_?>",
                "E=.w",
                "R^X4",
                "Kj[a",
                "kOtg=4",
                " Wv.",
                "c:]-f",
                "S%J+",
                "OlLh",
                "&om)",
                "XX=tB",
                "c$-.",
                "=Qq-o",
                ":`t^M8",
                "4|( ",
                "*E@*oU",
                "^E1K",
                "z4B(",
                "OAJp",
                "4?Zo",
                "DlP`o",
                "jnAnSt+",
                "{)hMx\\",
                "D uY",
                "yQpz",
                "\"kPg",
                "-mDQ",
                ";'A:",
                "k%1f*",
                "K^5+",
                ".c#-!6",
                "${C$",
                "S9vA",
                "`YK.*3l",
                "?P/8Sj",
                "[32Z",
                "dJC6Dh",
                "jw1L",
                "hG\"mi",
                "T[@|x=4",
                "(3hV",
                "mm<og",
                "$0f?#",
                ".\"Wm",
                "wl=3",
                "44qVjPj",
                "*Fs<w",
                "GMO$QTo",
                "Ot?a",
                "Jnv_",
                "^$()",
                "wydcH'",
                "tOnL",
                "-1wA",
                "Zf<>",
                ",opv[",
                "gEiP",
                "5qR,",
                "0^wi",
                "/m=!",
                "9JN:",
                "yidn",
                "x|!d",
                "o,AH",
                "\\[0J",
                ";D[i^/",
                "w4}o",
                "^{!6",
                "0Fox`",
                "=Bw+^%@l",
                "@m>D f,|",
                "t/\";",
                " 7^3",
                "y<TG",
                "_5kt",
                "c:xL",
                "KI AVTN",
                "gh0e",
                "[ah3",
                "OJ_$",
                "6ZJ^",
                "i:e)t",
                "}_/&",
                "S;]( @",
                ":%aL",
                "N;!g",
                "$VOpw",
                "$!b\"D",
                "/<RfU",
                ")?#I",
                "0 E%",
                "I6XR",
                "+sEW",
                "OA46",
                "adb4",
                "<$3A",
                "I<yL",
                "[G/rG",
                "FNM:",
                "(@vtv5Jw",
                "_-%J\"",
                "H6mP",
                "SkJy",
                "0i~N",
                ",sX\\A",
                "LCV$Z",
                "h^%jVtua0E",
                "q9>S",
                ")ujQ",
                "Lnl*]",
                "[2/|Q",
                "M(Q5xB*w",
                "%)kd",
                "`u<z",
                "LE>`.",
                "o4A/>q",
                "6Vl9",
                "\\.+B",
                ",~w1",
                ")f;V",
                ".RAX",
                "rY|I(",
                "g7G{",
                "6MYP",
                "zW Vo,u",
                "b_Yi",
                "x_DjI",
                "%W((",
                "'\\\\[",
                "DJXj",
                "\"e^%kMU",
                ".(q4",
                "j[,)",
                ">1DT",
                "c9Mb",
                "z(Um",
                "B'5J@",
                "60^E",
                "KL-_",
                "O@V$",
                "1g^2",
                "=c:q1",
                "FJq4",
                "xIi$",
                "<\"yA",
                "7JEO `",
                "y(g4",
                "!'X)R",
                "&`7h",
                ".4uc",
                "Jh0r",
                "*Kk_",
                "^c>+",
                "')Ey",
                "|e!j",
                "VtLlU",
                "K3)Pz",
                "Hd]1#",
                "]$)H{",
                "O-Y/",
                "P`IoP2",
                "U99x",
                "EPnP",
                "O8##",
                "dFfX",
                "R'._",
                "v;^:",
                "jkXjef",
                "Xjrf",
                "Xjnf",
                "Xjef",
                "Xjlf",
                "Xj3f",
                "Xj2f",
                "Xj.f",
                "Xjdf",
                "MpQj@",
                "VVVV",
                "PWWWW",
                "/Yu:W",
                "WWWWWWWW",
                "^6}:",
                "|ucj",
                "h,(C",
                "h<(C",
                "u\"hP(C",
                "string too long",
                "invalid string position",
                "invalid string argument",
                "Unknown exception",
                "EncodePointer",
                "DecodePointer",
                "FlsFree",
                "FlsSetValue",
                "FlsGetValue",
                "FlsAlloc",
                "CorExitProcess",
                "runtime error ",
                "TLOSS error",
                "SING error",
                "DOMAIN error",
                "R6034",
                "An application has made an attempt to load the C runtime library incorrectly.",
                "Please contact the application's support team for more information.",
                "R6033",
                "- Attempt to use MSIL code from this assembly during native code initialization",
                "This indicates a bug in your application. It is most likely the result of calling an MSIL-compiled (/clr) function from a native constructor or from DllMain.",
                "R6032",
                "- not enough space for locale information",
                "R6031",
                "- Attempt to initialize the CRT more than once.",
                "This indicates a bug in your application.",
                "R6030",
                "- CRT not initialized",
                "R6028",
                "- unable to initialize heap",
                "R6027",
                "- not enough space for lowio initialization",
                "R6026",
                "- not enough space for stdio initialization",
                "R6025",
                "- pure virtual function call",
                "R6024",
                "- not enough space for _onexit/atexit table",
                "R6019",
                "- unable to open console device",
                "R6018",
                "- unexpected heap error",
                "R6017",
                "- unexpected multithread lock error",
                "R6016",
                "- not enough space for thread data",
                "This application has requested the Runtime to terminate it in an unusual way.",
                "R6009",
                "- not enough space for environment",
                "R6008",
                "- not enough space for arguments",
                "R6002",
                "- floating point support not loaded",
                "Microsoft Visual C++ Runtime Library",
                "<program name unknown>",
                "Runtime Error!",
                "Program: ",
                "bad exception",
                "LC_TIME",
                "LC_NUMERIC",
                "LC_MONETARY",
                "LC_CTYPE",
                "LC_COLLATE",
                "LC_ALL",
                " !\"#$%&'()*+,-./0123456789:;<=>?@ABCDEFGHIJKLMNOPQRSTUVWXYZ[\\]^_`abcdefghijklmnopqrstuvwxyz{|}~",
                "SystemFunction036",
                "ADVAPI32.DLL",
                " Complete Object Locator'",
                " Class Hierarchy Descriptor'",
                " Base Class Array'",
                " Base Class Descriptor at (",
                " Type Descriptor'",
                "`local static thread guard'",
                "`managed vector copy constructor iterator'",
                "`vector vbase copy constructor iterator'",
                "`vector copy constructor iterator'",
                "`dynamic atexit destructor for '",
                "`dynamic initializer for '",
                "`eh vector vbase copy constructor iterator'",
                "`eh vector copy constructor iterator'",
                "`managed vector destructor iterator'",
                "`managed vector constructor iterator'",
                "`placement delete[] closure'",
                "`placement delete closure'",
                "`omni callsig'",
                " delete[]",
                " new[]",
                "`local vftable constructor closure'",
                "`local vftable'",
                "`RTTI",
                "`udt returning'",
                "`copy constructor closure'",
                "`eh vector vbase constructor iterator'",
                "`eh vector destructor iterator'",
                "`eh vector constructor iterator'",
                "`virtual displacement map'",
                "`vector vbase constructor iterator'",
                "`vector destructor iterator'",
                "`vector constructor iterator'",
                "`scalar deleting destructor'",
                "`default constructor closure'",
                "`vector deleting destructor'",
                "`vbase destructor'",
                "`string'",
                "`local static guard'",
                "`typeof'",
                "`vcall'",
                "`vbtable'",
                "`vftable'",
                "operator",
                " delete",
                " new",
                "__unaligned",
                "__restrict",
                "__ptr64",
                "__clrcall",
                "__fastcall",
                "__thiscall",
                "__stdcall",
                "__pascal",
                "__cdecl",
                "__based(",
                " ?? ",
                "{flat}",
                "{for ",
                "`non-type-template-parameter",
                "unsigned ",
                "long ",
                "int ",
                "short ",
                "char ",
                "void",
                "<ellipsis>",
                ",<ellipsis>",
                ",...",
                " throw(",
                "`template-parameter",
                "NULL",
                "cli::pin_ptr<",
                "cli::array<",
                "void ",
                "`anonymous namespace'",
                "generic-type-",
                "template-parameter-",
                "`unknown ecsu'",
                "union ",
                "struct ",
                "class ",
                "enum ",
                "coclass ",
                "cointerface ",
                "extern \"C\" ",
                "[thunk]:",
                "public: ",
                "protected: ",
                "private: ",
                "virtual ",
                "static ",
                "`template static data member destructor helper'",
                "`template static data member constructor helper'",
                "`local static destructor helper'",
                "`adjustor{",
                "`vtordisp{",
                "`vtordispex{",
                "const ",
                "volatile ",
                "CV: ",
                "volatile",
                " volatile",
                "const",
                "signed ",
                "double",
                "UNKNOWN",
                "__int128",
                "bool",
                "wchar_t",
                "__int64",
                "__int16",
                "__int32",
                "__int8",
                "__w64 ",
                "float",
                "long",
                "short",
                "char",
                "GetProcessWindowStation",
                "GetUserObjectInformationA",
                "GetLastActivePopup",
                "GetActiveWindow",
                "MessageBoxA",
                "USER32.DLL",
                " !\"#$%&'()*+,-./0123456789:;<=>?@abcdefghijklmnopqrstuvwxyz[\\]^_`abcdefghijklmnopqrstuvwxyz{|}~",
                " !\"#$%&'()*+,-./0123456789:;<=>?@ABCDEFGHIJKLMNOPQRSTUVWXYZ[\\]^_`ABCDEFGHIJKLMNOPQRSTUVWXYZ{|}~",
                "HH:mm:ss",
                "dddd, MMMM dd, yyyy",
                "MM/dd/yy",
                "December",
                "November",
                "October",
                "September",
                "August",
                "July",
                "June",
                "April",
                "March",
                "February",
                "January",
                "Saturday",
                "Friday",
                "Thursday",
                "Wednesday",
                "Tuesday",
                "Monday",
                "Sunday",
                "am/pm",
                "united-states",
                "united-kingdom",
                "trinidad & tobago",
                "south-korea",
                "south-africa",
                "south korea",
                "south africa",
                "slovak",
                "puerto-rico",
                "pr-china",
                "pr china",
                "new-zealand",
                "hong-kong",
                "holland",
                "great britain",
                "england",
                "czech",
                "china",
                "britain",
                "america",
                "swiss",
                "swedish-finland",
                "spanish-venezuela",
                "spanish-uruguay",
                "spanish-puerto rico",
                "spanish-peru",
                "spanish-paraguay",
                "spanish-panama",
                "spanish-nicaragua",
                "spanish-modern",
                "spanish-mexican",
                "spanish-honduras",
                "spanish-guatemala",
                "spanish-el salvador",
                "spanish-ecuador",
                "spanish-dominican republic",
                "spanish-costa rica",
                "spanish-colombia",
                "spanish-chile",
                "spanish-bolivia",
                "spanish-argentina",
                "portuguese-brazilian",
                "norwegian-nynorsk",
                "norwegian-bokmal",
                "norwegian",
                "italian-swiss",
                "irish-english",
                "german-swiss",
                "german-luxembourg",
                "german-lichtenstein",
                "german-austrian",
                "french-swiss",
                "french-luxembourg",
                "french-canadian",
                "french-belgian",
                "english-usa",
                "english-us",
                "english-uk",
                "english-trinidad y tobago",
                "english-south africa",
                "english-nz",
                "english-jamaica",
                "english-ire",
                "english-caribbean",
                "english-can",
                "english-belize",
                "english-aus",
                "english-american",
                "dutch-belgian",
                "chinese-traditional",
                "chinese-singapore",
                "chinese-simplified",
                "chinese-hongkong",
                "chinese",
                "canadian",
                "belgian",
                "australian",
                "american-english",
                "american english",
                "american",
                "Norwegian-Nynorsk",
                "SunMonTueWedThuFriSat",
                "JanFebMarAprMayJunJulAugSepOctNovDec",
                "bad allocation",
                "zudazehebujayicetapodohunekehote",
                "VirtualProtect",
                "pozimuhozideyu",
                "tipivagocimowiya",
                "royelejawawicegorudih",
                "dewobihirutakaxevifajo",
                "vector<T> too long",
                "LocalUnlock",
                "TryEnterCriticalSection",
                "HeapFree",
                "FreeEnvironmentStringsA",
                "GetModuleHandleW",
                "TlsSetValue",
                "IsProcessInJob",
                "SetConsoleCP",
                "LeaveCriticalSection",
                "CreateJobObjectA",
                "LCMapStringA",
                "GetConsoleOutputCP",
                "SetCurrentDirectoryA",
                "GetLastError",
                "SetLastError",
                "GetProcAddress",
                "GetLongPathNameA",
                "CreateNamedPipeA",
                "SetFileAttributesA",
                "LoadLibraryA",
                "OpenWaitableTimerW",
                "LocalAlloc",
                "AddAtomW",
                "VirtualLock",
                "FindNextChangeNotification",
                "GetModuleFileNameA",
                "lstrcmpiW",
                "LoadLibraryExA",
                "CreateWaitableTimerW",
                "EraseTape",
                "CompareStringA",
                "EnumCalendarInfoExA",
                "LocalFree",
                "CopyFileExA",
                "LocalFileTimeToFileTime",
                "KERNEL32.dll",
                "GetAce",
                "ADVAPI32.dll",
                "GetStartupInfoW",
                "RaiseException",
                "RtlUnwind",
                "TerminateProcess",
                "GetCurrentProcess",
                "UnhandledExceptionFilter",
                "SetUnhandledExceptionFilter",
                "IsDebuggerPresent",
                "HeapAlloc",
                "TlsGetValue",
                "TlsAlloc",
                "TlsFree",
                "InterlockedIncrement",
                "GetCurrentThreadId",
                "InterlockedDecrement",
                "GetCurrentThread",
                "Sleep",
                "HeapSize",
                "ExitProcess",
                "WriteFile",
                "GetStdHandle",
                "GetModuleFileNameW",
                "FreeEnvironmentStringsW",
                "GetEnvironmentStringsW",
                "GetCommandLineW",
                "SetHandleCount",
                "GetFileType",
                "GetStartupInfoA",
                "DeleteCriticalSection",
                "HeapCreate",
                "HeapDestroy",
                "VirtualFree",
                "QueryPerformanceCounter",
                "GetTickCount",
                "GetCurrentProcessId",
                "GetSystemTimeAsFileTime",
                "FatalAppExitA",
                "EnterCriticalSection",
                "VirtualAlloc",
                "HeapReAlloc",
                "GetCPInfo",
                "GetACP",
                "GetOEMCP",
                "IsValidCodePage",
                "SetConsoleCtrlHandler",
                "FreeLibrary",
                "InterlockedExchange",
                "InitializeCriticalSectionAndSpinCount",
                "GetTimeFormatA",
                "GetDateFormatA",
                "GetUserDefaultLCID",
                "GetLocaleInfoA",
                "EnumSystemLocalesA",
                "IsValidLocale",
                "GetStringTypeA",
                "MultiByteToWideChar",
                "GetStringTypeW",
                "WideCharToMultiByte",
                "LCMapStringW",
                "GetLocaleInfoW",
                "GetTimeZoneInformation",
                "CompareStringW",
                "SetEnvironmentVariableA",
                ".?AVinvalid_argument@std@@",
                ".?AVout_of_range@std@@",
                ".?AVbad_cast@std@@",
                ".?AVbad_typeid@std@@",
                ".?AV__non_rtti_object@std@@",
                ".?AVtype_info@@",
                ".?AVbad_exception@std@@",
                "                          ",
                "abcdefghijklmnopqrstuvwxyz",
                "ABCDEFGHIJKLMNOPQRSTUVWXYZ",
                ".?AVexception@std@@",
                ".?AVlogic_error@std@@",
                ".?AVlength_error@std@@",
                ".?AVbad_alloc@std@@",
                "|B|u",
                "r6yV",
                "3zK~L",
                "~G~_",
                "&6|V",
                "'7zU|2",
                "@0|Z",
                "B>}]",
                ",,,,,,,,,,,,,,,,,,",
                "<,,,,,,,,,,,,,,,,,,,,,,,,,,,,,,,,,,,,,,,,,,,,,,",
                ",,,,,,,,,,,,,,,,,,,,,,,,,,,,,,,,,,,,,,,,,,,,,",
                ",,,,,,,,,,,,,,,,,,,,,,,,,,,,,,,,,,,,,,,,,,,,",
                ",,,,,,,,,,,,,,,,,,,,,,,,,,,,,,,,,,,,,,,,,,,",
                ",,,,,,,,,,,,,,,,,,,,,,,,,,,,,,,,,,,,,,,,,,",
                ",,,,,,,,,,,,,,,,,,,,,,,,,,,,,,,,,,,,,,,,,",
                ",,,,,,,,,,,,,,,,,,,,,,,,,,,,,,,,,,,,,,,,,<",
                ",,,,,,,,,,,,,,,,,,,,,,,,,,,,,,,,,,,,",
                ",,,,,,,,,,,,,,,,,,,,,,,,,,,,,,",
                "<,,,,,,,,,,,,,,,,,,,,,,,,,,",
                ",,,,,,,,,,,,,,,,,,,,,,",
                ",,,,,,,,,,,,,,,,,,,<",
                "<,,,,,,,,,,,,,,,,,<",
                "<,,,,,,,,,,,,,,,<",
                "<,,,,,,,,,,,,,",
                "WW9W9WW9W",
                ",,,,,,,,,,,,",
                "W9999998",
                ",,,,,,,,,,,",
                ",,,,,,,,,,",
                "99ff",
                "fMfMf",
                ",,,,,,,,,",
                "MMMMM",
                "MMMM",
                "MMMMMMMMMM",
                ",,,,,,,,",
                "cccccccccccccccccccccccccccccc",
                "((((((((",
                "(((((((((((",
                "(((((((((((T",
                "bbb(b(b(b",
                "b(b(b(b((bb",
                "bbbbbbbbbbbbb",
                "bbbbbbbbbbbbbbb(;&",
                ",,,,,,,,,,,,,",
                ",,,,,,,,,,,,,,,",
                "GGGGGGGGGGGGGGGGGGGGGGGG",
                ",,,,,,,,,,,,,,,,,",
                ",,,,,,,,,,,,,,,,,,,",
                ",,,,,,,,,,,,,,,,,,,,,",
                "==============",
                ",,,,,,,,,,,,,,,,,,,,,,,,",
                "======",
                ",,,,,,,,,,,,,,,,,,,,,,,,,,,,",
                ",,,,,,,,,,,,,,,,,,,,,,,,,,,,,,,,,,",
                ",,,,,,,,,,,,,,,,,,,,,,,,,,,,,,,,,,,,,,,,,,,,,,,,,,,,,,,,,,,,,,,,,,,,,,,,,,,,,,,,,,,,,,,,,,,,,,,,,,,,,,,,,,,,,,,,,,,,,,,,,,,,,,,,,,,,,,,,,,,,,,,,,,,,,,,,,,,,,,,,,,,,,,,,,,,,,,,,,,,,,,,,,,,,,,,,,,,,,,,,,,,,,,,,,,,,,,,,,,,,,,,,,,,,,,,,,,,,,,,,,,,,,,,,,,,,,,,,,,,,,,,,,,,,,,,,,,,,,,,,,,,,,,,,,,,,,,,,,,,,,,,,,,,,",
                "wC@8888",
                "N8qqqqq8q8",
                "sssss",
                "hvNN=NN=NN=N=NN=N=NNNNv",
                "h%==================o=%h",
                "cGoooooooooooooooooooo",
                "WWWWWWWWWWWWWWWWWWWW",
                "{{{{",
                "2-________<<<",
                "<_<_<<_<<<",
                "O66666666667666Z",
                ".3333333333333333.",
                "bbbbb",
                "KKKKKKKKK",
                "oooooooo",
                ")Jh]",
                "!DaW",
                ")Nh^",
                "2Mi\\",
                "2M`A",
                "2g~b",
                "<]x=o",
                ".F]7",
                "!EhG",
                "~+!x",
                "<\\h&",
                ",Rq2",
                "%X}|,~",
                "Ux{;",
                "'O~qZ",
                "4Mi4",
                ":Tg3",
                "$=g~k@",
                ",P~O",
                "eeeeeeeeeeeeeeeeeeeeeeeeeeeeee",
                "{QFFZ",
                "y5y5NN",
                "NNy5yy",
                "ZZFF",
                "ttttt",
                "\"\"\"\"\";",
                "::::",
                "BBB)",
                "eS`N",
                "\\...",
                "eS z",
                "--qqq,,",
                ">UUU",
                ";I666666666666",
                "ttttttttt",
                ";IIIIIIIIIIIIIIg555555555",
                "gbbbb#bb^^^]^",
                "mm@@",
                "tH_e",
                "bbb#^^]]^]",
                "eu/gdd",
                "''''",
                "''''''",
                "$$$$$$$$$$$$$$$$$$$",
                "KK2e",
                "9ii9",
                "7%ssO",
                "+%%s",
                "GG%%",
                "9JJGG%",
                "JJGG%%%%sOO",
                "JJG%%%%ss",
                "%&&JJ",
                "9999rL",
                "*******************************************",
                "************",
                "**********",
                "~~~~",
                "ASxx",
                "[[KKKK:OL",
                "))))",
                "!///",
                "jjjjjj3L",
                "CH@@@@@@@@@@@@t",
                "@@@@@YYYYYY@@@@@7A",
                "PPPPK",
                "***********",
                "*************R2_",
                "***************************=",
                "****************************=E",
                "5****************************=o{",
                "**********k",
                "=**************=",
                "=*********",
                "=********=D",
                "********",
                "D=***************",
                "uk******k",
                "****************",
                "====",
                "*****************",
                "******************=",
                "=*******************=",
                "=**********************=",
                "=************************************************************************",
                "/8888V8V",
                "j&&&&&&&&LLjX}",
                "TRRT",
                "T%9T",
                "A5CC",
                "UUUUUUUUUUUUUUUUUUUUUUg",
                "UUUUUU",
                "oUUUUUU",
                "4UUUUUU",
                "<oUUUUUU",
                "UUUUUUU",
                "VUUUUUUUUUUUUUU?",
                "UUUU)",
                "UUUUUUUU",
                "YUUUU",
                "VUUV",
                "UUUUUUUU)",
                ")UUUUUUUUUU",
                "UUUUUUUUUUUUUUUUUUU",
                "{}lPYl",
                "Be~~",
                "Ux{s",
                "x{zSxyw",
                "xztM",
                "wrzSuxw",
                "{pyZ",
                "v|rPzzy",
                "{~xQ",
                "_|yv",
                "Uv{x",
                "{x~~",
                "%|~z~t",
                "vvsV",
                "usx>uyu",
                "|~{~",
                "{bpwy",
                "~~|~zys",
                "'|~z",
                ",xxz",
                "-wux",
                "~t{~",
                "tvudz|x",
                "$x}}",
                "Notipeda dih lin lohiji zilerila. Fuvejorutobi puzezoyeseka biyatacewowiteh juye hevubebad. Waja xadutegowu. Jetehip hururateb tehapuyojipoc xupopezonir goxeloju. Buyoracer. Dozamapiyoteca vojulusa fivimoxihapo pibuxug sezoge. Didexevoyabu sed fuy nagipafisoc. Wazusanamaje ninuti boreguyaw. Macef. Peneziziku. Covuba pokebataduzuk. Hucara vizalozilaj jehon. Rojokuwe jitirupilo tarotavoy kab cijiceziyefugi. Bosuza. Surotediticin xopinevik rayefeholaje banutow mud. Maxudehul comobeyapudih sexakinili nonuvulilis tiris. Rixuhisusinerun gakupa hopa mujuwekic. Kumif juyelin. Norifip ceput limiretipexonas lozulebi. Cejopuloyerituz tumolodacaxal hewanipofisawup. Fehu fivutanibomohu. Morewusasu masakofi kiweh foyefulumek. Yeziyuwu tacapete. Hiyijivut. Wideliwa lifohupeyisubas viyegiko zuliwehegikepi jexujujin. Talubepowa ruhosopekif weyuda bit pujopegarubas. Fidupike favizojuwawaru. Duwawovaxohini loxarud. Jelodavob lupukuzatewisi. Fufijizicopez juluxinosopiv lewohot lipixutuveligo dadinexagotafo. Hekatunatojoxo gac puza bekuci. Xuganowoc haxubu xifatinupopir. Didafajutanina zulomumabojene. Joyoda. Jemafefirivad. Gawehaj wiruyepij rekasetew. Ginavomi. Yagukoc wedepej deb. Relevaseveg. Nicorol tapehar hozu yarejol wuvuduge. Jaxuyuke mididik zibidapawam. Mapayuve gohupoxamug xorehi henobonum luj. Fufaj dogaxufo xemib razuzoba. Juhusudotum bedihimucu muwohixoloxopax. Hamoxahodo rakoyagonog faja yanadoxobopif. Ledi. Xemukes hoz wumojurobazoy gazajowore. Jevituge. Gusagejal suvon. Xohukavamojas vivefiwuy taboloxo yuvuwovuguw lidunatazohu",
                "jjjjj",
                "jjjj",
                "Cjjj",
                "0Cjjj",
                "pCjjjjjj",
                "@Cjjj",
                "KERNEL32.DLL",
                "mscoree.dll",
                "         (((((                  H",
                "         h((((                  H",
                "                                 H",
                "Dogon tekixerinoruz mute vigevetudeyev zudagixebapewo",
                "Zukefeciyim",
                "xafecelocixupapedahesofunezodicexegenogexepumawojuyagon",
                "POBEHOSALANAREVOD",
                "VS_VERSION_INFO",
                "StringFileInform",
                "040904E4",
                "FileVers",
                "24.48.32.46",
                "ProductVespa",
                "31.16.98.60",
                "InternalName",
                "Heart",
                "LegalCopyrighd",
                "Sheat",
                "CompanyName",
                "Samuel",
                "VarFileInfo",
                "Translation",
                "CDec noku gitucucive vawozajutulupo hayep ceg roceyupe teputam wicat",
                "Muku yawatekolojoxaljGabusaporoy fupigagipi resovalekef culiresecixaf rikug vunidabuno wawupowoyowo tefipoc lirulutokoc gogivadTSexayiyohuku sibajanita masivuja dilusacucug jaxuw zajupelag ziyo cof naxexibiwimabi",
                "BYaperadih pecutago kotizavetono pikokav hufodunixafa hixikadavejaxLFepe ledipavexe zogenapa jatuh nihigisuza zomo gafijamuzojapid wusahanurecat9Duhefejesekage mifogekut hujotituxu domep cetimu dazozefeMPicowe fixuhake wokagu tivoz giyiwiyuyupir yekubemofaleya dejoxomifomi vasete&Kusewawesi sujow bipuzarali jasuhuwiwa",
                "Waja",
                "Kigapojihejocop",
                "GuzagHWalirore luwix fujunogaxofey muceredejuvikag huhugil tuwoxoyenew nujiwix",
                "Yotaxeh kopitoIGokicifo ripafupotiz gow bixodihozo dapotikepu repomo wego hidobofudofedo:Xafu lodoxotuh mutu kokanevowaluson xuw seveyokexuxe heyuf",
                "Zenemu vaf",
                "Pizuvikuzadak",
                "gFeboc nava fepo camoxaforili pobokulufocoyay dekenapuhud fobecuxinado hasahizecagav yihu yimugexunayoneLNalesos gawunudone nawexuhori hagise navayozew duselexe vezisowesiwo cexaret,Sow safato nemadof kuf gibuza fopitocujobico4Pezajolukugok xezazugoriteyug vikupec hivoxe vofuhum",
                "LLix ciyovicon lonuteliyu len viyoyu dadizihu xovibubu xuyexuzudatog nirakigeUTajuzoxadovijey yonixofufe xege dap pakolofugelux ganogaloyogaf nibebaxa tegutarikubeLZuwobar zujediwid pusuxoz varulacatuzusal mimozosuyegadum sojeje lozuloninur]Tep razaretafalu wugaxesayorefit rupusiricivuf movade nesotucipazexez mofe luxanovez dibifobo9Yoguwo zetutelama kerafucegupo cede sayavigo biyucucixuza",
                "Kararejefic cijagasigir]Mesuregiwizubo silazo wutiyupucocom sudewocaxilulob xihof vero mivucex biv lubumipu gisefahac9Cibolala batahibi pade dujayuxe tanug geselexavi nahumumuwKuhixofesazajej gaxunutiwix soverakeyox pavehamele norofiyul wugiruyeli vikiwozefih kuvunezaxeviwa widevacalupoya donekMPaxunov pusivew supir vikuben bazu dofuxe hininicuditixi dumarinamir buyafosaYGurazibo keriyihilipav fufafacafayun gezo hetihalijenabu bokan matukorabu jiyonugag zuvig",
                "Pujomulediciru",
                "Fic`Lodolobu sowuhocujaga welifevaxipugez xuzarulizisa dalobucimuruce zolora reyujezo tugexopudu setaPalehowudoso hewunohadaled cijewite toj beyu gafedibab tunazo hekisisepolut masejup tacukoworecazdZabayaposopafuh mewi jacogukofexiw finahu demenomumabibac lajamo secigejev ginecidipubafep majimiyak",
                ")Poroyapokiyihe sijexodici tujexayupalofol$Yonejocugop selawesetis gozecuy fide*Xovuletahidufun kirovinubelox befaseyukoku6Zucokunata xezedalu penebiva fezohanije vow tasolubumu",
                "Dexulerohifoxaz rujupatofuhubafNZevohexofow puhuvavexaxor povapinocuzoya habefotuseve zera jez yinelivatecexalARimuconaceca futigelapuxolu luzocatigo pimim diluweto pikizumefiyBJokemi ninolukawixas xohol besuzipotah pubizufelay zekakog wuxevor\"Fosokafic jifeyedefoxab ganuyomuxe",
                "Zavekuxayexa",
                "Vofepacan hipu viyagereto",
                "Vojeyakivu jonidebijufasekDVufoka porocoxavum gukicigif hocarubume vaweru maditisi powutodovede",
                "Xay tibFRitahivi cebuhezeh lekohohetihame jabimehupop bawu vucuvom dimetopewej",
                "NekedagimvWitazelahewijev cagokay dotebetehihijug yafacafixosuy jejimotim tabuxirutagil towilogijeb bojodohirotacog wuvekohagidemXakeriwa lemahupi mocupayitaz rarofog fetanuwo kiyepefigacisoh baxohuvosatij lugutiha xibiyonox zosoxajomuxon0Hohamobitejita yagosogojowo nagefo vuceciratufosDGapawog zafopidejo zihesomukide mewigitexuxeren gevulot xixepurironu",
                "FulewoySCuxutumutot wudodiyatijetub tuguy zupubacewemi jeyisirimit hixadace rebesolafa jihi5Zeregedupa fomecorujahosez woziyizive bogidovacejotuj",
                "Hejopuhepohiz#Mamavugoyoza sutusikofomi labilutif",
                "Gumuvuba vimas2Mibepobeb zedudibap zov mafo tepecixatecowuh zuhup8Xiraboh wexivihibafimo xoxaja fiwozesigupa zidozuletovawWLevuwaxo comonewum cohejanalog filonegusov kabotexuw gohojarita baxuyiyozu yijedogi nan",
                "WMudojixe kuvogebehizawe xexisuku podalilalan jobucunufohu komilotateneka ruropokamavoha",
                "Yacowiyajibub coxuyeyejuwufig wuromirizav joyofovipiku saxavixudotux rowabihocutom wenobajus pogofuvecos vamiwuwihiwi sakidigedoyule",
                "Digetahitec zunal gomulezelapaj_Kav juzili jibuh xucekecarekoki rasufinavet lazucuyijedisuf yisut soninilugupu fiwiwewunu famesEYedicawuvuvezih xic sal kaloyojedotu yerar pecije yon winokuzuzinucoz",
                "Samux memeferufpXahopoderunedat lawimop tosaxikezeka vayupigumatuxo rufepirafut varojefaged kewitekadoco gut lokepofemadupav fub",
                "Zuvoc migu;Feyuleraranobe verag kumifiy gonecarowilo yigekilafete mejeNMitax yepulogina mapebatunepo bukotigo rehiwesakegelur nob gumubocaji nepudifa",
                "Xiz luciruwewuxami",
                "Xuvifiyanoco",
                "NivukufewaEKitoneme zukawucozi juvaxomel dejegakuhayer sutahegow sohedidemabesibCHoseliziliz suduvito poyohi tocoviyozaney siravitopapezag wadufiwad Kifif deje razuja ropujumal yevu",
                "\"Mis tigam hahiwud helum wibopapuka;Javehafixiyib xihiyudip nafajicona bir hiranugejiv vuxayato",
                "Geledoziyuza",
                "Kizahu",
                "Dawan buk depotuzox'Kevumegu pudefaxizohumo hogukazekedadap:Wib lay lak loyizowexohigoc wunoxudocehel dev wabura yezoh",
                "Liyuru zekubupowo nakofo hex,Haxafi lekufoloyeziy fetobinowetevo dipogusu",
                "Xofekufesepejos kayifim",
                "LododiserunufabUWudaxodawiw pilaj keme resacuyebumixu nita mibanabowa fomatitakefo rayosumeyo firimaw",
                "Sosahahe turovajuje hehi[Hesejik gusag cexopu xofafeciyiwi maxewababujo papar tuvelovaxizecu kefiyeribaboro vowuxate",
                "Zewexixetekodoz folifodir",
                "Yicijewiroxi pezo:Bigemiyucelan jimupazoy fakuwewok huzuzuyuvuyemit wemixivuXJifamuhulu fanotah tufamonid savohevasehes lot tusanus dehaxava xalene yaz genunokulomafKNukecew fazenifuc rezesesohedi sibucalegig yalexeko terajuro cevavebopigulo\\Vifujiwojacer jonefeyopadub babowapafafoj hirefu may sobayupeye newemobesigul yunavasozutelu",
                "Pafibih vicaned yegamu tay?Notan tegakigoj zodojod lagab how bidevun goyoyodi liculejotawo",
                "RoxezoZWehupahajafa capecimopuzota vuxawagiliwibe hosanoledije buvew hipesahej libi gomoloweyulac",
                "Mowi",
                "Necotayigeb+Xun hozob wiji fonewax wikeyisi puyotutowajJGujoyigi sayigimawiy sifog cidejozohozawev civ woyitenugi zadeceh bidamofa",
                "Yob wevaj9Yovawiweloruvec wey tonififu tek jirosuxu diwenivob nijej=Tucotupade gaf nebotap leg weruyu vate senaxu jovocaworawevuyCRuvafatebasosac rimageyawo boko hosibatitez rusegipadivolev cavoyuh",
                "$Kugahixayixipo hiwetarikejina fobaco-Behipisuga lerisuwowobi xisegezap nojotowuzokRXuvobohadejahu dafacit xiputiro biyeke yega cimomecebob zigajezada dawusec nilodiz2Dodupakecihefex tevudufixol pogogi cevotel mofegiw",
                "6Lobegayegoj cenecuz mojawaka tar mokaja hehototerezika+Dacafosulecit fakoxuyobacon jevetobana wiga<Tagi xabex pigexuwimil ten kesulefoyoy nulojikib wakowisaheg",
                "Wilac$Tibacin bopejazoyuvir gipuguvelafore0Fot befasir zasucepuka cuwemig cow kukac yihowep",
                "gYipanixuji tudapajowuc fimale gozafakuguc memakeyemom gavohaxupodi nekasarorot laxijazo feremokejuserof",
                "Zavukojarida>Telekijirur zoz lumicatimiva pecodenumod cujogawefed dopibusih",
                "Nuzoboy"
            ]
        }
    ]
}