{
    "malware_data": [
        {
            "filename": "548da0db38e363a75d4d386da3f2bcde5b2c2e1d88168f4e77275db55924c1c6.elf",
            "filetype": "7F454C46",
            "filesize": "33KB",
            "hash_sha256": "548da0db38e363a75d4d386da3f2bcde5b2c2e1d88168f4e77275db55924c1c6",
            "strings": [
                " NUPX!",
                "e{Tv",
                "2gP]n",
                "oJT<l",
                ">!toH",
                "6n.B",
                "thR~F@",
                "t+]w~",
                "{vQ84M",
                "q,B`",
                "\\u#N",
                "EL4aJ",
                "+Uf+",
                "MLh8",
                "9yW%",
                "& Cgn",
                "d_ly",
                "n!(LGG",
                "P;WV",
                "&2b.M",
                "uwY3",
                ";t1(",
                ">pV^\"C(",
                ")OVIO",
                "DtJ>  ",
                "5q{v",
                "<X(=)",
                "X<R$F",
                ":Ao79",
                "846`R",
                "Zz3-",
                "o9h1",
                "0tp:",
                "LtT[",
                "x?1y",
                "+Y96",
                "x:gg",
                "DfB%;",
                "ue>/",
                "(r{8",
                ";QDb",
                "yz.(3",
                "gD@A",
                "MdRi",
                ">cgB",
                "UDh-",
                "+tB5",
                "w2<Z",
                "24Cx",
                "UUVV",
                "68`@",
                "iY-{",
                ":&}=",
                "c}LvdlS",
                "mI{s",
                "o0)I",
                "DLET",
                "\"$lO~",
                "!'\\,]d",
                ">2OB",
                "$zdB",
                "$s|$",
                "QyM%",
                "jHRQ",
                "eI WG",
                "sJSp",
                "\\+I{",
                "n3=6,",
                "`^b+",
                "T*MT",
                "Px_w",
                "\\9>`",
                "$Ly?is/",
                "Y\",i",
                "5MWE/",
                "O[j|",
                "zE`;",
                "g5v\\IlY",
                "UOgM",
                "@:+q",
                "m(z<k",
                "5xykK:",
                "4Jt%",
                "$PEM .(=",
                "rq]`HH- ",
                "ZA*U",
                "]kd34",
                "+k+9",
                "K03,",
                "=<[e",
                "NeKS",
                "5}kH",
                "IQ|f",
                "&te)}+~",
                "VC3T",
                "'!Q+V",
                "_.9\\z",
                "%.f(UCCw",
                "i7A:",
                "[{>K",
                "h'{V",
                ".G__yrf",
                "%OjO",
                ">C%U",
                ">-kBq",
                "*}b^",
                "Cu_L",
                "cGQR*",
                "]\"gk",
                "*QT8",
                "F(*B",
                "=+^+",
                "t@ vJ",
                "sbb:1",
                "cMLqB",
                "ZD>.",
                "yH28$1T$",
                "&hltNf;",
                "J=J9",
                "cMlh",
                "Ct!tV",
                "<cB0M",
                "jZAS",
                ".K>`",
                "F9Kt",
                "\\Xa0",
                "8F>~t/",
                ">C (",
                "6Guz6t",
                "kb5l",
                "~Y%|",
                "lVy|",
                "QB^z",
                "Lvqqx_7",
                "91PIq",
                "6V\"+Q8",
                "{Mq@a`",
                "$S%vL",
                "ehkq",
                "<W&q",
                "%IG=",
                "GmMf",
                "25PjU",
                "MZYR)",
                "~ dn",
                "A#qF",
                "Fs0;",
                "J(I0E",
                "%DuH",
                "qJiy",
                "Cd+,|",
                "k!;0",
                "^6TW",
                "U>G$5",
                "YCWC",
                "[tr2",
                "07.D",
                "%F70b",
                "v61}",
                "'B75",
                "T41]",
                "qqp2",
                "sM45`",
                "rcu=",
                "6$JN0C",
                "bi2I;",
                "NS:)",
                "=W)y",
                "Y6i:",
                "`@\\^eTw",
                "4P\\Z",
                "6Tb=",
                "D/]?",
                "h&mA",
                "Ay,a'",
                "N#`o",
                "aiRI",
                "Djjm",
                "K#HT",
                "ueV-b[!",
                "LYp>",
                "X/a2",
                "-\\_+",
                "j\\h^Z",
                "GX\\JmR9",
                "A3Gj",
                "7/,o",
                "lfjMF",
                "Vk0O",
                "g~Ur",
                "*Te,2k>",
                "0<I]",
                "T i1X",
                "L`>aI",
                "\"!~7",
                "^t[f",
                "mPi1",
                "4H/^",
                "XM.P",
                "kd>2T|I",
                "*8ZM",
                "0DZ)",
                "g@zF",
                "h^&L",
                "y&&&",
                "hq44",
                ";>-n",
                "'g0m25",
                "O4FK",
                "I1J4x",
                "A;L!Y",
                "|#?4F",
                "m\\Vsy",
                "Bz_qd",
                "n%Y1p",
                "m4P)",
                "<S9w",
                "M/\\P",
                "&f2'",
                "M22[C",
                "qjg1w",
                "6,@2",
                "tO?/",
                "nW/YB+i",
                "lz\\k",
                " Ito",
                "-KlXN",
                "J/.i",
                "'~iH",
                "jy_3",
                "P@%#",
                ";0M}",
                "T`zE",
                "<D$4",
                "RENo",
                "fuM/",
                "?(a/",
                "Ev+b",
                "9HPU",
                ",W@o9]iq",
                "e/t'",
                "39_[",
                "fmRu",
                " }8QT|l",
                "@cX|%",
                ":Xtq7e",
                "wm~H",
                "qQg!O",
                " 2n`y",
                "B*#n",
                "uw($=",
                "Li+j",
                "y>+Q",
                "eDX/ ",
                "]7E(`",
                ">4qs",
                "0W'L",
                "(_j\\};",
                "T6=++",
                "%'yEpL",
                "qkX)",
                "ZsTm",
                "PLfI",
                "wa\"l",
                "@&Al",
                "uS+JWe6",
                "(x^\\",
                "d.>Q",
                "H*MQ",
                "ojPZ",
                "ek K",
                "<k`2YD",
                "EW5|",
                "v8PgC",
                "W(yHs",
                "u-ss",
                "SY;*",
                "y:ih",
                "R(a8Hd",
                "~'Ki",
                "$$r<U*",
                "$;I<r3",
                "g<).]",
                "a-zOn",
                ";e`d",
                "HIisU~",
                "3K4iB",
                "6?U<",
                "^D@X",
                "wUvW",
                "`D7Lz",
                "l zl+",
                "PVNj",
                "J+W_J",
                "F})iG",
                "[R^t{L",
                "<1[.",
                "@_)s",
                "v+CtR",
                ">G3e#",
                "kOt(",
                "HB}z",
                "IkaE",
                "Zu/:",
                "DW(o",
                "-@i3",
                "j8Y1",
                ":%)Y<Wod",
                "v%G;",
                "T4G7",
                "_DSw",
                ";/|F",
                "ADc}_K[",
                "DMIp",
                "e8!rI",
                "L11d",
                "<Kt;8n",
                "-sA9",
                "0mb_",
                "3[0f*a",
                "\\Mha",
                "v]t;|G",
                "#@@`c",
                "`:&r",
                "k.\\Y",
                "z;Ob",
                "?#+}",
                "Q<(<",
                "FG'O",
                "3&xg",
                "@~6t",
                "}TiA_",
                "Pb )",
                "PROT_EXEC|PROT_WRITE failed.",
                "$Info: This file is packed with the UPX executable packer http://upx.sf.net $",
                "$Id: UPX 3.94 Copyright (C) 1996-2017 the UPX Team. All Rights Reserved. $",
                "5n9#",
                "]=2)",
                "%b')",
                "/Cw@Z&",
                "9e(1",
                "xjqX",
                "/Vv<",
                "-zL0U",
                ":LM'",
                "~!'\"?",
                "gn;>",
                "`dOW",
                ">G\"V",
                "G0KT",
                "o9ruVu{",
                "A3Zp",
                "5(Ix5",
                "[NI.",
                "[zu%Z",
                "b/h>@%",
                " ;\\4",
                "+Ofp",
                "WJFj",
                "j/{tH",
                "UPX!"
            ]
        }
    ]
}