{
    "malware_data": [
        {
            "filename": "5dfb8679b06594b9ad8248ebb560b2150690a47acb97a9defd6a2fda5587574e.elf",
            "filetype": "7F454C46",
            "filesize": "43KB",
            "hash_sha256": "5dfb8679b06594b9ad8248ebb560b2150690a47acb97a9defd6a2fda5587574e",
            "strings": [
                "UPX!`",
                "L#<:",
                "jB+`'",
                "&A,:c",
                "|.&E",
                "zSyS",
                "Kres",
                "?iuk:b",
                ">SJa",
                "2MIHM",
                "-$b~",
                " ho`b",
                "tUhF",
                "'=S_",
                "8#y^",
                "^Rui{",
                "VRq/",
                "K|@\"",
                "TMDa",
                "cM~,",
                "^W>%1",
                "!Hew",
                "qJb1",
                "t9T7:",
                "*6[_",
                "oQd|{\"",
                ";{kb",
                "wMLX",
                "{<N\\",
                "Xc%E4\"",
                "H*C)",
                "qL:F",
                "@m-;h",
                "zNPY",
                "!{V1",
                "Qx`|",
                "V{J:",
                "5jj|",
                "oi^o",
                "A;|(",
                "2QJ?n",
                "5q1O>&",
                "G\"Es",
                "MT{4p",
                "aCmd",
                "E`A51",
                "2m(H",
                "`M8F",
                "RD:sk",
                "__hN:'Y",
                "+tYA",
                "vzxG",
                "-\\zix",
                "\"0sNu",
                ")!8QaH",
                ">'\\|",
                "ylDr:",
                "%D?g",
                "O*3V",
                "$ILG:\\",
                "~<A`",
                "`WbR<",
                "0p<L7g",
                "=hO}lQ",
                "_n,C",
                "*A,0^",
                "g(wKv",
                "Zuhg",
                "Bg27c",
                " 1+?T-)FN",
                "mDGlS",
                "_Y;r",
                "1VN2lf",
                "\\9L@2",
                ")>:Q",
                "c/\"4~%N",
                "+$xO)",
                "i\\LY",
                "]\\k5`KF%\"",
                "Chf-",
                "rR\\keS",
                "zZNe",
                "nQtdo",
                "bs$RSk",
                "%f-3",
                "m@0?",
                "?t9Z",
                "gzb5<",
                "6zmO",
                "hREi",
                "@Z`7",
                "FM2c",
                "<Uxgp",
                "V/c>",
                "0ztf",
                "T5b2",
                " 8\" %x",
                "eog_[3-",
                "xRD}3",
                ">j^g>",
                " 4;b",
                "Brt k",
                "JbQr\"",
                "FA@ElE",
                "|Edo/k",
                "y>Hf",
                "3Uu8",
                "Rs#A",
                "-TT2e'",
                ")Mesob",
                " B;F+",
                "H&:d+",
                "`L+B",
                "&3BF03<.z6N?i",
                "$PYQm",
                ".3r-D",
                "J+/i",
                "xbd=",
                " i>i",
                "Nl.n",
                "N)%H!",
                "d%+^",
                "wi3#",
                "B739",
                "'V#'",
                "C2DO",
                "Sh5Rr",
                "u=1(",
                "4q%f!rW",
                "k#I9",
                "4=mn",
                "`va#",
                "f+U<",
                "D5:F",
                "*V\"]",
                ".Jn\"\\`",
                "Kk@\\2",
                "igm\\",
                "V6NB",
                "}`.H",
                "R8PA",
                "ES[-w",
                "wEYb",
                "xZMbQh",
                ";mol",
                "v.IG",
                "}.U[",
                "v*>bH",
                "I$8e",
                "i=6$",
                ".BJ^",
                "h%!E_nT",
                "Lt V",
                "M8H0",
                ":N(@c))",
                "_@mC",
                "A-<al",
                "=#zTn",
                "n\"1q",
                "%aVX",
                "L+h|",
                "XT|-",
                "[!q\"",
                "(=&O",
                "UJNC",
                "K41Z",
                "IvD>Q?a ",
                "Q17|",
                "k~J+",
                "A(uA",
                "o:vo",
                "nY6We",
                "2d^7",
                "G3(|",
                "]hNc",
                "ZH8_",
                "~s?M8",
                "3Umu",
                "~h+)",
                "mU.!",
                "]x#s",
                "Hj%~",
                "1A4Xt",
                "|/\"h",
                "lq5O",
                "gtJ$",
                "9?:`",
                "4Fpm",
                "gKcE",
                "&\\Z]w",
                "2u O;",
                "[LeNuc",
                ")]5E1",
                "t>V=",
                "Jex^",
                "Gh[Z1",
                "'ZG+\"",
                ",*_A",
                "itPt",
                "Pa{L6",
                "aNkz",
                "HN1R",
                "<]bk",
                "7Xip",
                "%c%T",
                "r]Gg",
                "7p]`",
                "MwJF",
                "<Z.pYj}\\",
                "haxd",
                "?Nl&-&ZM",
                "Oy6l",
                "0e:f",
                "+6@v",
                "1]zB",
                "PhVy",
                "&pz9J",
                "%r/ x",
                "+<l_",
                "mH2B",
                "wyg/ia",
                "I!f\"",
                ".|lBn.",
                "HXO$",
                "R2\\l",
                "^d'u!u",
                "M3hc",
                "YT7;",
                ">JNr",
                "\\0mN",
                "01Q}",
                "%l)R",
                "%UOMp",
                "2x9k(",
                "b7tT",
                "sOB.6",
                "[Bdj",
                "\\lx| ",
                "NVI)UfW",
                "\\u.(",
                ">Q}E",
                "fp)x",
                "#\"OT",
                "jSz8q",
                "=%]^{",
                "8M!>?",
                "g8%0\"",
                "^\\dTk",
                "}%6>V",
                "8/0<J",
                "Po~A",
                ",:-v",
                "xo;3",
                "-IGC",
                "?O!8",
                "wz{.",
                "1E#$",
                ";!sS/",
                "\\ 8f",
                "i\\y4%Jx",
                "HZ.d",
                "eI9R",
                "{0E+k",
                "}LS=",
                "M^'(",
                ",|M%lE",
                "Y>E=:",
                "^spm ",
                "eX0@",
                "faRh",
                "X;ZMg`",
                "O~+pu",
                "7)Y*",
                "Cg@9z",
                "6hf\"-%",
                "h=jfs",
                "g']1",
                "?2c%",
                "8W+#",
                "7)Jn*e",
                "?r\\b",
                "j8|[",
                "`dQ1",
                "X8TP",
                "z)st",
                "%j(9",
                "eHUT+",
                "haT}",
                "T7C#Gv",
                "M>\"1~",
                ")R0A'",
                "}2pE1",
                "PAqa",
                "Y(=s",
                "%n2{",
                "cuT]S",
                "W*[w",
                "_6W?",
                "wW1t7 ",
                "AGR`",
                "1$6a",
                "mio=",
                "~Xaf",
                "+/cC-(",
                "nfzZ",
                ";tn3",
                ";n's",
                "!.rsT",
                "VNPe",
                "wdgT",
                "#S@u:",
                "VA\\Z",
                "R]Q\"",
                "XEAQ",
                "\\fs;Y7",
                "QY.t",
                "$Q9M]",
                "&Y$E",
                "PjMjo9",
                "TKkZz",
                "wm;z",
                "weYC",
                "Lm*|f",
                "$Xuj",
                "}FE!",
                "O<L:",
                "V'_\"",
                "${H`",
                "]nX7",
                "Vr)u",
                "eeJ[",
                ">RZ8",
                "L;8A",
                "RAfU",
                "U!a=",
                "*#Tq",
                "hcBq",
                "X $7",
                "6YA%M-o",
                "]dP)",
                "Tm_r",
                "(v}Hz?s",
                "TXK_",
                "H8AnG",
                "I&}R",
                "lTi'X^Z",
                "/shXg",
                "w*)I",
                ";>^y",
                "ei\\d",
                "sI]e",
                "ZM }W",
                "5#e$",
                "z }7",
                "'/P@",
                ",,fq<23",
                "94W ",
                ">{;\\f",
                "|v7-U",
                "IE_}",
                "_3(o#",
                ">R?Iw",
                "6w8{",
                ";Xc^7-#",
                "Y%_*",
                "vNU2%?2Sy",
                "qFsQj",
                "uuno",
                "$H$h",
                "02Ghk,",
                "XS|f]\\",
                ":[R%U",
                "Xj#X",
                "49|J",
                "*GS=",
                "?~\\_X",
                "hMG) ",
                "+%1I",
                "$k7foj",
                "aa$5",
                "\\DeP",
                "7b_s",
                "SZtu",
                "\"L;_",
                "DjX5",
                "RruO",
                "A7AA'",
                "Tv\\U/",
                "[(s\"",
                "{MeW",
                "9I~T",
                "zb$&",
                "7g7<E",
                "LdMN",
                "F]z8",
                "AjQV",
                "RVn<",
                "z7@t",
                "Vi!U",
                "r<qw",
                "-UuA$o",
                "}i@h/",
                "4p+x8",
                "'Zm0",
                "N$:tr",
                ";y[tBS",
                "jJ(a}",
                ",yWa",
                "aD]K",
                " Lbl-",
                "%{f[",
                "?q&*,",
                "$Qx6",
                "zUwtM}",
                "ixm@",
                "]-|t_",
                "FY]H",
                "Xh(u85",
                "{eMx$",
                "X_SZ",
                "B$!8",
                "R&# ",
                "E$!x",
                "$#xd",
                "$!P`",
                "PROT_EXEC|PROT_WRITE failed.",
                "$Info: This file is packed with the UPX executable packer http://upx.sf.net $",
                "$Id: UPX 3.94 Copyright (C) 1996-2017 the UPX Team. All Rights Reserved. $",
                "vyB!F",
                "dBx'2",
                " HC\"",
                "J%1c",
                "@tDB",
                "A&v}",
                "sUge",
                " @*i8",
                "80c=",
                "VA*w$",
                " &Nw",
                "_u7k",
                "-R3\"",
                "K,^<.",
                "ArHF,tC^",
                "emO<V(A48",
                "l(bJ",
                "x0eJ,x7",
                "4H)6",
                "tUd1g",
                "UPX!"
            ]
        }
    ]
}