{
    "malware_data": [
        {
            "filename": "d2fe71782616a730d38e437ad76327a5cbdc821a02d8cf910499ef781312cbfa.elf",
            "filetype": "7F454C46",
            "filesize": "41KB",
            "hash_sha256": "d2fe71782616a730d38e437ad76327a5cbdc821a02d8cf910499ef781312cbfa",
            "strings": [
                "HFu8sfga",
                "M (40",
                "8M@H4P",
                "XM`h5p",
                "s{+[[",
                "E]KkN",
                "83{#",
                "WMo\\",
                "$oW!$",
                "Rkm@",
                "GxS^",
                ";{w@#n",
                "o/ a",
                "[*W`",
                "'+W1@",
                ">Cd8",
                "0goX",
                " ?As",
                "cD0K3",
                "jKp7}",
                "OpB4 ",
                "s 4\"",
                "qnokN",
                "r/{? ",
                "'{m7",
                "#m{C",
                "$<iT",
                "4PuG",
                "G#7C1",
                "S@e7",
                "q45.",
                "/3t?",
                "4-;@",
                "@oFg",
                "Tsg_",
                "ggNs",
                "Ssl+",
                "CkoC!",
                "xF]g",
                "KS{OW",
                "loi:",
                "Bx/d",
                "bT5V",
                "ci5_z",
                "wK/x",
                "2KP{",
                "xRa[",
                "d6b~",
                "w\\B ",
                "SD O",
                "IoF5",
                "`S8 ",
                "o0;#a",
                "#m\"4",
                "rg8/",
                "1]g+6",
                "'uO#",
                "H7]@",
                "Pu7@",
                "5#n0",
                "X76l",
                "KaN#O",
                "f#I?",
                "h70Z",
                "Rn8_",
                "SG5'",
                "<1oA",
                "K\"0B",
                "{hg-",
                "olssv",
                ")#w!",
                "_#cw3",
                "$`+-",
                "+X_8",
                "@2!G|",
                "X?stUPL",
                "nSD2?",
                "G^|`",
                "0'O&",
                "l'!^;",
                "K0l6",
                "( +\\",
                "G@;vN",
                "??H0",
                "kqD0",
                ";Mc,N",
                "HKloSX",
                "4,3'/",
                "WGS8",
                "k}{'",
                "c%O`#7",
                "O,C;@?",
                "3_g rceg=",
                "'lMS8",
                "Dm[4 ",
                "%UbW:?",
                "/Q>; ",
                "qOF#",
                "Lp{h",
                "5/+o",
                "lcaL",
                "0WCg",
                "Q)v2h$",
                "*foo\"",
                "lOz{)",
                "n+F[*",
                "+Z'e",
                "P`%5G",
                "]CXu",
                "8c?@",
                "T`g4",
                "[#|Q",
                "SDQ\"",
                "J3h[ q",
                "H/4DMG",
                "xS;cp",
                "@kl3",
                "??s'$ew",
                "h? P",
                "gz;x",
                "H_epn",
                "pAO:|",
                "SJC{",
                "r`w3",
                "nX0w",
                "K/0k",
                "LUskC(9",
                "BbT=",
                "pCp{",
                "(tsP",
                "/GmK",
                "G&vFH:2",
                "Rs6 ",
                "8?.+",
                "j,4{nO",
                "{W/4KD",
                "w}4P",
                "s,S+0/T",
                "#3w:",
                "4Cs4M",
                "k| j",
                "+%7RK",
                "^'Kx",
                "Gwl+",
                "To_4",
                "K2SmT#",
                "cv`#",
                "`;M#p",
                "wc`7P^",
                "AlK*",
                "@8O!S",
                "doDe",
                "p3t[",
                "CDrG",
                "tW0//l",
                "{t7uzl",
                "^g*0",
                "/*Z[H",
                "67V*<",
                "Tmk\\",
                " .,0",
                "/^j?",
                "4kNk",
                "Q3s[",
                "\\(3'",
                "j# ,OP",
                "ao\"{_|",
                "GjS-oA",
                "P #;",
                "'3D7S",
                "ADBZ",
                "+`TEc",
                "6 w #",
                "P;sq",
                "cC[4",
                ";/K{",
                "WC/A(",
                "`3{O%",
                "'763",
                ";8(b",
                "h#lb",
                "QKNu",
                "g?0t",
                "gK#]",
                "mP3W",
                "a`h_A",
                "M[Z4Y",
                "WViU",
                "SR=#",
                "PMON2",
                "M3241^w",
                "Uus(",
                "#M\"!",
                "CWc`:",
                "P/@-",
                "H[ P",
                "l]7(",
                "AhB3",
                "t{^K",
                "2odA",
                "St`[",
                "k[Dt",
                "qpF#",
                "WTFm",
                "CP8S",
                "knJ/",
                "$22@",
                " CoA",
                " $o>",
                "WQ|3",
                "'Fo0h^",
                "cp;['",
                "/b:[",
                "c%Vl+",
                "Uact$",
                "wY{-",
                "pKE?",
                ",[9P8x",
                "v[?D3",
                "P#f0",
                "~#@`",
                "nD3z;",
                "*@?v ",
                "/TuO",
                "?6s0",
                "WInhS",
                "T8,'8",
                " w $?",
                "4GA[",
                "j`MO",
                "7,/?*",
                "Ge0G",
                ",@-w",
                "vgT1",
                "PoAL7'",
                "?AHK",
                " P<kP",
                "!mCd",
                "<!KUL",
                "[T\\;",
                "Bg+O",
                "SCWD",
                "/{S?@B",
                "'pgDt",
                ";Fsh+",
                ",0?`",
                "6o,#",
                "kg<[",
                "h8 >",
                "8$5L",
                "cWw4",
                ".[C[",
                "//0q",
                "|S9T",
                "/GSO",
                "@sE^",
                "@[on",
                "GO-F",
                "EQoR",
                "F<wFO",
                "01fo#",
                "`9ODu",
                "T%'F",
                "SoC=#",
                "/rpL",
                "H7sQ",
                "wAH[",
                "gUt?k",
                "3$D-",
                "%To'\\",
                ",T[S",
                "s3k)",
                "HHiX",
                "4LiD",
                "Sn+1",
                "XHiH d",
                "\\TiL",
                "lp;l,",
                "slK80F/",
                "L/*8",
                "4','&V",
                "`3!'",
                "T7W@",
                "G4z#(",
                "!#Cp*",
                "103e",
                "p3UsM",
                "d3KppO",
                ";J M",
                "@I#1X0[",
                "S:<\"",
                "To8x+",
                "\"u_4",
                ":Dts",
                "LS.J",
                "7p3G$",
                "(F#c",
                ":O#;",
                "1/ h",
                " cOGE\\",
                "KW8$`",
                "4CO %",
                "c.k0",
                "a!2Q",
                "7E'K",
                "+<TvS",
                "p Co3",
                "_)Nw",
                "Eg#0hg",
                "5DJI",
                "gTLp7;S",
                "m`VO",
                "1{H7b",
                "5{,3",
                "41Au",
                "s;H3",
                "xtwB",
                "DR;:Q",
                ",g@8",
                "!/bT",
                " gk+",
                "*67^",
                "]{ZAJ",
                ";~S@ ",
                "\\<_h",
                "\"xUv",
                "l#86",
                "FkP P",
                " :3,",
                "$3R]",
                "Z7o\\",
                "<{tX",
                "m[W2/",
                "+33;",
                "Gq @",
                "L#{3S",
                "[=C!C",
                "v#0 ",
                "(pk;",
                "W?gK",
                "Qzo\"",
                "<''v`",
                "$QX#",
                "4e;o7",
                "jB?x",
                "++{#",
                "/w{Gg",
                "WAL@",
                "Gs+S",
                "praw",
                "icmpech",
                "pplain",
                "5.157",
                "self/exea",
                "killer]",
                "ss with",
                "ID: ",
                "%d, E,]",
                "G}ZG9z",
                "var/C",
                "haKn",
                "/hi3",
                "s#dv",
                " _8182T_n",
                "?mnt/",
                "mtd/7",
                "guiO=Kyl",
                "4c+tk",
                "|oniaQ",
                "70wor",
                "_svc7k",
                "/Dav&",
                "hdogE_",
                "lspool`",
                "Soft",
                "httpd8",
                "hK_*pbea",
                "4.o:m4",
                "7}dbg",
                "mips",
                "x86_6e",
                "sysP",
                "A_cn",
                "yboxV",
                "|k_Clok",
                "F-Zo",
                "M$44@",
                "`Mpx4",
                "<HiT",
                "<oL_f",
                "Qqsfuf",
                "6MGAbI",
                "hlLjztq",
                "qpxX",
                "ifFeE",
                "gGaACSc1",
                " +0-#'",
                "kwzF",
                "$Suc",
                "No s\"",
                "ps1YVU",
                "c|Yy",
                "0p'5",
                "vTup",
                "licVRZ",
                "xmI +ZAm gh(",
                "'vmaB",
                "}y unm",
                "ab>D",
                "edbp",
                " m;Is",
                "0in ",
                "B`e0",
                "ata6",
                "nZpa",
                "(|[0-",
                "vlyGl",
                "4k]^bov0 ",
                "me2R",
                "e.ty",
                ",qnvd",
                "kIb[",
                "c 2~",
                "zed`",
                "k4mIf",
                "XNe@ X",
                "7)chbW",
                "kagk",
                "s)~sAd",
                "o<nd",
                "{Nam",
                "^-}Nb",
                "a'=a",
                "5,$..",
                "7|ca.",
                "Z`lKYb",
                "b<\"54r",
                "nq o$",
                ",X<[",
                "T6<dy",
                "HgnaA",
                "?ffer$/",
                "mt5V5",
                " cB#",
                "st`[Vnr'",
                "grdrvw",
                "NFSM",
                "t[d40S",
                "XENIX",
                "4*\\aO",
                "01234567",
                "89pc",
                "uc+G",
                "g/D}",
                "!;w4",
                "+0']\\Chu",
                "CAk[S",
                "\"+l\"",
                "6?6IG",
                "/=<Z",
                "4.002021",
                "/proc/self/exe",
                "/proc",
                "/self/ex",
                "0\\MSA",
                "lSrn",
                "CUPX!",
                "40CZ",
                "Wm?U",
                "! 9+",
                "Pdoc^",
                "`4n'",
                "4kScO",
                "hC`g",
                "w;@bQ",
                "4`\\s",
                "/4&'}",
                "<4'82/V",
                "GCC: (G",
                "NU) 3.",
                "2 200",
                "ian pre",
                "leas",
                "UFB*%",
                ".shst",
                "inito",
                "tex5f",
                "roda",
                "eh_fra",
                "me3b",
                "wgoU3Mc,c",
                "om9n",
                "{ibuzvs",
                "';;O",
                "Ch 3",
                "sfga",
                "Z@5="
            ]
        }
    ]
}