{
    "malware_data": [
        {
            "filename": "d6e58255fab8064f94b2ab44eebb1f1dcebae14efdb0fb28b6944e6f56e65571.exe",
            "filetype": "4D5A8000",
            "filesize": "41KB",
            "hash_sha256": "d6e58255fab8064f94b2ab44eebb1f1dcebae14efdb0fb28b6944e6f56e65571",
            "strings": [
                "!This program cannot be run in DOS mode.",
                ".text",
                "C.Ezuj",
                "qSOl",
                "?@}6",
                "j^d.",
                "h7V_",
                "6jbY",
                "7\\':R",
                "USVW",
                "rMrP",
                "_^[]",
                "`SVW",
                "2=QB",
                ")-V)",
                "N'n#x",
                "5K)7m)",
                "f7):",
                "J);JJI",
                "K;K8C",
                "8==I",
                "6=QZ",
                ">==)",
                ")7V)",
                "*j:==_^[",
                "s&add",
                "s3`dd",
                "2opnqp",
                "Fpl@p",
                "?bpt",
                "s~ldd_^[",
                "mMhPU",
                "loB]f",
                "CK/LjbY",
                "IUpI",
                "rpIV",
                "W]]_^[",
                "0j}Z",
                "|}}}",
                ":}}}",
                "}}}}}}}",
                "}}}}}}}}}}#\"",
                "}}}}",
                ".`}}",
                "}}}$",
                "n/*,",
                "c/0v,m6;;",
                "Erhbh",
                "Wg\\M",
                ",---",
                "G-G-G(",
                "-=--",
                "8,--",
                "---\\-H-@-X-",
                "-J-L-",
                "-H-U-H-----------\\-J-L-",
                "-H-U-H-------------------Z-D-C-I-L-C-_-",
                "-H-U-H-----------[-O-B-U-^-H-_-[-D-N-H-",
                "-H-U-H---[-O-B-U-Y-_-L-T-",
                "-H-U-H---------[-@-Y-B-B-A-^-I-",
                "-H-U-H---------]-_-A-r-Y-B-B-A-^-",
                "-H-U-H--------{~",
                "-Y3z{",
                "----",
                "G-G-G&",
                "-Y9}~",
                "1,--c",
                "&VEnPG",
                "6v:P",
                "<SVW",
                "{zzz",
                "czzz",
                "zzzz$",
                "axzz",
                "zzz&z(z?z=z3z)z.z(z#z&z7z;z9z2z3z4z?z&z)z",
                "z&z9z",
                "z&z?z",
                "z&z3z>z?zzzzz&z(z?z=z3z)z.z(z#z&z7z;z9z2z3z4z?z&z)z",
                "z&z)z9z)z3zzzz$",
                "J{zz",
                "~{zz",
                "}bzzz",
                "=~zzzz",
                "=v:zzz",
                "=jzzzz",
                "=nzzzz-",
                ":j*)",
                "zzzz",
                "s_zz\"",
                "2333",
                "3333F6G0",
                "s333",
                "3@3J3@3G3V3^3A3\\3\\3G3",
                "3o3@3J3@3G3V3^3",
                "3o3]3G3W3_3_3",
                "3W3_3_333k",
                "[7233dc",
                "333Y0cc[333",
                "ccc[1332ce",
                "cccY7e",
                "~?bc",
                "=133",
                "3333",
                ">663[",
                "233j",
                "{jeY",
                "Inwxn",
                "m<bzz",
                "jjjj",
                "/bi*V",
                "i/b:",
                ":Ji?b#",
                "0S/f",
                ",Ni/be",
                ",vi/b",
                "jjj3",
                "WVVV",
                "VVVV",
                "[nl!>",
                "4VVV",
                "5555n",
                "|655",
                ":sss",
                "s@sAsss",
                "s@sAsssssss",
                "s@sAssssss-",
                ";qss",
                "f^ss",
                "X766",
                "a766",
                "jVNp",
                "g21oj*",
                "**{z",
                "{G0J7",
                "@uiG",
                "\"hG3",
                "eVso",
                "wtQZ",
                "\\HV>",
                "aL@hta",
                "oKa`",
                "nVN}9",
                "alnv}",
                "pC%'",
                "i4B]",
                "GhpHH",
                "7v`7A",
                "t[1M",
                "|Z6x#$",
                "IbLX",
                "C^YK",
                "P,\"L",
                "z[$8",
                "n8o!b",
                "TuK3",
                "`xxP",
                "sk}K",
                ",pf'wh",
                "#cL/",
                "AtxW",
                "jCk]",
                "@UYi",
                "[ETPg",
                "?@VU",
                "OHP)",
                "P/T#1",
                "gGU!",
                "AV0x",
                "+-b,/",
                "rC{.",
                "qycz",
                "?ku!|",
                "_S@U",
                "3h=U",
                "Tzrx",
                "-I:_",
                "BUMG",
                "$Vc[",
                "2C<p",
                "9q8s",
                "U(yYW",
                "w|Ut",
                "QWz1;",
                "9c, kz",
                "Z+Yc!?",
                "98EA",
                "jD01B",
                "IL,K",
                "[T3P",
                "WjBJ",
                "=xu*b",
                ".Q^JG",
                "+1u+",
                "@MT'",
                "{`$I",
                "5`r%",
                "C^)8",
                ".VWF]",
                "2UKx",
                "d,#?",
                "8R4;t",
                "E3szW",
                "W4T=AGK",
                "=Upb",
                "Oc%.&L",
                ":CE.",
                "*[b$",
                "C8X<",
                "F;NP",
                "fUKk",
                "/01p",
                "+%|H`",
                "ON&`",
                "@_D;",
                "774cj",
                "3j)j",
                "s_W!",
                "*M}V",
                "\\2QCV",
                ";01a",
                "^@K(",
                "b&N)",
                "01HO8",
                "g=VX@",
                "nyE]",
                "]F3nW\"s6[=",
                "O]B=",
                "*m\\QW",
                "cOCk",
                "=}JQ",
                "_Ihs",
                "'!f\\Jm",
                "@z7k",
                "GhuLJ",
                "?tz6\\[",
                "'_!Us",
                "H/cH",
                "QZC~",
                "p{=5",
                "'NX9*",
                "453q",
                "=XX9",
                "ux.B",
                "n_Qe",
                "]<0Dn",
                "iV'i",
                "<4nH[",
                "<1n>[",
                "/^In",
                "zCZJ",
                "u@xM?D",
                "sTFS",
                "y)pKA)lX",
                "/jH_",
                "wG@6",
                ",kCf",
                "FOTA",
                "kIYd",
                "!-rA",
                "2QT4*",
                "a*nq",
                "?\\r6",
                "M\\`*oZ`{",
                "]K\",",
                "RAH6",
                "'K84n5A",
                "b9#m`2",
                "i;on",
                "'c\\m>",
                "\\=6]2Q",
                "_f+.",
                "T1dL|9z",
                "st{2r",
                "5N/;",
                "j\"nf",
                " t40",
                "93@{",
                "/V@\"",
                "{eT:",
                "lL8B",
                "8FNO",
                "(lDS",
                "cs'@",
                "%Otbl",
                "l`sk}",
                "Ip9= ",
                "C8UOX",
                "W/P0",
                "J1kU",
                ".>c$C",
                "@uzG",
                "t?HS",
                "Acknl",
                "W<!K",
                "?/R3",
                "}/AX7d~",
                "5LKMU",
                "7mj=",
                "^!kW",
                "a{\\D",
                "`>vn T",
                "EKWn",
                ")@I&",
                "OMz3",
                "?;by",
                "|5)3",
                "@/LB",
                "'t*T",
                "-`A:",
                "1-,6",
                "ngMC",
                "YMhW",
                "eM$wK",
                "[UPEG77",
                "skW<",
                "vG:G",
                "[I$J",
                ">2J~",
                "7'kh",
                "cC:Y",
                "}NUH",
                "S=cl6",
                "Lk&z",
                "H=JT",
                "dfU*",
                "cQNU",
                "L3\"co",
                "4zdZ",
                "U+(&v?_",
                "(*v&",
                "O $LCAz;K",
                "LXLcx",
                "LYOcd&]@",
                "pub1"
            ]
        }
    ]
}