{
    "malware_data": [
        {
            "filename": "dbed90be7333119e1c0bc18fe88ca3e6d497774feeccef3d28eeae794b69068a.elf",
            "filetype": "7F454C46",
            "filesize": "33KB",
            "hash_sha256": "dbed90be7333119e1c0bc18fe88ca3e6d497774feeccef3d28eeae794b69068a",
            "strings": [
                "UPX!",
                "d*nlz",
                "LxSe",
                "I!:K/",
                "I.vu{",
                "L82U",
                "NMF-",
                ",|V>diH",
                "v'\\r",
                "+qaI7n",
                "TJ#&A",
                "0?X&e$",
                "x%>t",
                "F1i!",
                "n&Y`",
                "'?yi",
                "^U*~",
                "BOM.",
                ">#g^.",
                "IaY(C[",
                "O:m~AT",
                "v`[=",
                "<[~Y'j",
                "j!U+",
                "A_#;",
                "W)Ac",
                "yi013",
                ")`E?",
                "j;v=",
                "x(Kc]",
                "T&pk",
                "~&l&u",
                "Xmg\\",
                "\\@y\"",
                "DLFV",
                "UW?x",
                "+({I",
                "g$Vd",
                "MCdY",
                "|Ouc",
                "pHh\\",
                "MOzTk:",
                "d.q\"h>",
                "Dpp4",
                "gB3Y",
                "N4<E",
                "A$,L\"",
                "LPl]",
                "`@wl",
                "' -]u",
                "J.JW",
                "D<>2[",
                "Xn/r",
                "lip7%",
                "Gojj{",
                "ZA]Q",
                "YVs`Xi",
                ":g`w",
                "333Z",
                "v[4f",
                ".YZ31",
                "_@ox",
                "!1`?iT5",
                "GVb_",
                "Ez\"T",
                "O5)9l",
                "6H+2",
                "MIDnR",
                "$ mX",
                "[0kUG",
                "1.3k",
                "KMaS",
                "vZRh H",
                "ChyR",
                "]ER]",
                "?e.%+",
                "UqS&'",
                "d*yh<",
                ":i'd",
                "k0\"*",
                "HT0F",
                "Q]3L",
                "2{V6",
                ".gIs",
                "&Lc:",
                "YDdI9",
                "vG1x",
                "E3qg",
                "x#d+)]",
                "w>=R",
                "-] .",
                "27:=",
                "`iS 'Z",
                "FCAu",
                "I@Ev",
                "/;,.N7^",
                "M3$sI",
                "+2}[R",
                "{=lv|?",
                "bw5A",
                "rrt?W1",
                "ye,l",
                "V2i=",
                "?mKyl&",
                ">9+_",
                "&;w\\",
                "3[W:",
                "n#F;0V",
                "\"BHrN",
                "!EQVfD",
                "=/]Mgl",
                "W;~<",
                "!>M6",
                "A/vh80",
                "]Kz7",
                "kyh];",
                "{:xe",
                "5i@,",
                "N`@L\\d",
                "YJ'R",
                "sdB;",
                "b+|*",
                "NOvD",
                "Ze4z",
                "u~7W",
                "p*uF'",
                "NL;#d}",
                "9['`",
                "^7~G",
                "nc?! ",
                "|OeC",
                "Jt(`-",
                "Qp\"+",
                "_\\BX",
                "q{m?",
                "5+HW",
                "l){v",
                "\\#xv",
                "8D%t",
                "^tH'",
                "jAO90",
                "5[Cc",
                "Y|?`",
                "zN[O",
                "Se/f",
                "foxs",
                "$}E5\"",
                "4B#o",
                "*S9\"mF",
                "GJWt",
                "HRJdB",
                "Sbk5",
                "j7Kw",
                "yQTC}",
                "*yW3'",
                "V@Jq",
                "vYfo.",
                "^EVL",
                "'ps)w",
                "G(Pg",
                "z+4g",
                "zR3E",
                ">z}J?4Eq",
                "[{`1/F",
                "PCA!(",
                "kOD9",
                "$\"u>",
                "#([R",
                "3`<#",
                "s^},a",
                "[,yZ",
                "&K-W",
                "fqdB",
                "'[Y?",
                "QpF,",
                "/dSS",
                ";B66",
                "C~& ",
                "g-,`",
                "]~!9_",
                "BWcG",
                "8/0'",
                "Ssg@",
                "aY~_h",
                "J}ryS",
                "W0tf(",
                ";Lk;",
                "v\"*T",
                "'dqF",
                "2)<mP",
                "GInQ",
                ".'qu",
                "XXV@",
                ")k/?Wvc",
                "r7+|_",
                "LY(9:",
                "LRTE",
                "!/%+WS+",
                "+0r#",
                "kPym",
                "Z9D<",
                "C?IMM",
                "%M:~^Wp?",
                "<kHzh",
                "rVP<E",
                ":,Ko",
                "h]|L",
                "51D-",
                "2Sayzc]",
                "^Ikw",
                "p {*",
                "1J<_{y",
                "31}3",
                "[/(H",
                ";ihJ/",
                "]QP.",
                ",}(]C",
                "P/x(&",
                "0mpUy",
                "~v1D",
                "`~QERz",
                "n`Sd",
                "6K_h",
                "(j^*",
                "LW=k",
                "XmVi%",
                "%;b'h",
                "Am$hx]yV",
                ";1!Y",
                ",y$F",
                "[uD!",
                "_-Hx?2A",
                "REn0",
                "COGB,",
                "Ky%D",
                "g5#,",
                "EdF`",
                "bW4-s",
                "A#0G",
                "o[O0",
                "Kuu9Y",
                "^|hmC",
                "D,:k3??",
                "1O9d",
                " l$yF",
                "A/Y\\52*\\<",
                "N|oi",
                "S|HPgt",
                "2Lf6",
                "a\\ta",
                "erT\"",
                "OBZ$",
                "HPx|",
                "yvWH",
                "7eq![",
                "sF=.",
                "uD6E",
                "qa/NAk",
                "h45o",
                "hkTE!",
                "Nu~q$u",
                "oqdp",
                "EgaQ",
                "a[gT\\S",
                "_jh;",
                "3w%'O?M",
                " 7 4",
                "Hw+84",
                "bl}`",
                "[4G4A",
                "wPJH",
                ",$fC",
                "jX3Z",
                "TgajD",
                "V!:B",
                "e\\:H",
                "]~DJ",
                "(^+w",
                "sgHF",
                "|EaY",
                "QP?-",
                "JZi%",
                "\\UDc",
                "fTIU",
                "hh:YS",
                "DE^Ffc",
                "\"0)e",
                "~ePl",
                "j_iLn",
                "A=5oW",
                "!0GF7",
                "9IHp",
                "po0V&",
                "p]J-",
                "9}*3",
                "YQG|",
                "d?iV",
                "ylX3",
                "\\M^1",
                ")5fS",
                "{+&-\"",
                "o@-x",
                "A~@jd",
                "RsQ]K",
                "erVsc",
                "7CR%S",
                "]YQy",
                "O~yh",
                "@@oN",
                "1U0&o4",
                " 0mf",
                "ka`H",
                "Uc(e",
                "RT.L",
                "v!xX",
                "J)12",
                ")AN\\",
                "?4L=",
                ">dhyYFG",
                "[[fp",
                "D+$.",
                ">T6}",
                "}J/v",
                "9nqS",
                "A&U}",
                "2)3mi",
                "=g;(",
                "{e<'",
                "'*s*",
                "S}MN",
                "YmR?",
                "<ZdyFf",
                "E$_,",
                "pYG}_",
                "F@vJ",
                "nR_mu",
                "eK@Y\"",
                "RVSPUWVS",
                "9L$ts",
                "D$xf",
                "T$L1",
                ";\\$L",
                "9L$t",
                "t$t#t$l",
                "D$Hf",
                "T$sf",
                "D$t#D$h",
                "+L$d",
                "D$t+D$\\",
                ".)D$H)",
                ")D$H)",
                "L$H)",
                "t$`)",
                "t$8w",
                "L$xf",
                "D$X1",
                "L$8f)",
                "L$8f",
                "s`)L$4",
                "l$8f)",
                "D$8f",
                "l$X1",
                "T$Df",
                "t$Hf",
                "t$(N",
                "t$(u",
                "l$$M",
                "l$$u",
                ";|$Hr",
                "+|$H",
                "t$\\tY",
                "9l$\\w_",
                "+D$\\",
                "D$tIt",
                "9l$tr",
                "9D$t",
                "|[^_]",
                "T$(9",
                "H+|$,",
                "$Info: This file is packed with the UPX executable packer http://upx.sf.net $",
                "$Id: UPX 3.94 Copyright (C) 1996-2017 the UPX Team. All Rights Reserved. $",
                "PROT_EXEC|PROT_WRITE failed.",
                "NxUP Z",
                "%XgC",
                " ?T]",
                "![U]",
                "M\"!Wg",
                "P!Lyo",
                "{=lz",
                "Y.H>=:",
                "i(z!.\"",
                "qjaR3",
                "-5.H",
                "e;Kt",
                "6yO&=",
                "!]aX4",
                "SH1T",
                "h/:[J",
                "_\\qO",
                "2B~BFRq",
                "A;gU",
                "lB-/",
                "pqd\"y"
            ]
        }
    ]
}