{
    "malware_data": [
        {
            "filename": "d8dacd3921a016ab597a8ffcf0aaa9496b3aef0c6b8c089511a37ffc34d1518c.elf",
            "filetype": "7F454C46",
            "filesize": "32KB",
            "hash_sha256": "d8dacd3921a016ab597a8ffcf0aaa9496b3aef0c6b8c089511a37ffc34d1518c",
            "strings": [
                "UPX!",
                "wrLu|ty",
                "Dm9]",
                "mQy7s2",
                "bxz$",
                "NTN\\][",
                "V)Aw",
                "sp&;X",
                "#M='",
                "@f+]\"",
                "E5zC",
                "wJ{I<|`1>",
                "S+B-",
                "nH+:",
                "+>.A",
                "756xCK",
                "V:wl&",
                "[pKQ",
                "/A?=",
                "y}*h",
                "|<im",
                ")w6r",
                " \\Tg e",
                "52_o",
                ">+{2",
                "=!a\"",
                "PjV.",
                "g$Xz",
                "-oqP",
                "`6?T",
                "*YLi}4",
                "s=-j",
                "ahm0c",
                "b6H)h",
                ";7{B",
                "[:~j",
                "y'Kd",
                ".vdU",
                ",1~|",
                "*#Zpp",
                "gs86Q",
                "iw-t",
                "h*A<",
                "ePPHJx",
                "~^NMY",
                "W>U3",
                "5@T#",
                "^!ww",
                "IY$I",
                "i=Pm",
                "(swc\"",
                "Z[tD",
                "c::3S",
                "Am=am",
                "H9QFgH",
                "L#[~",
                "KCT^6",
                ",Hgs",
                "XhBPJyuzV",
                "G$UB%",
                "5>De'",
                "5;e{",
                "E\\ym!",
                "$cd|",
                "0D\\:",
                "xY>SX",
                "vQ#j",
                "$] ^",
                "[VY\"",
                "sVczq",
                "wbxj axuU",
                "'2}O]",
                "r f0",
                "geJ~Y",
                "Ny([s{",
                ">AsX@E",
                "ixv`",
                "zNie",
                "'#7C{ |",
                "33@_",
                " 3Lqy",
                "zjk\"",
                "sxv&",
                "xJ-*",
                "w@\\2",
                "\\,S]",
                "LY2w",
                ".mpL",
                "ag0%",
                "nuPg",
                "H%MV4",
                "awjJ",
                "F>d@",
                "eFsJ",
                "\"g/c",
                ":3{jh",
                "|$9q",
                "z;55",
                "31Ml}K",
                "gQuFF",
                " ^w$",
                "t 8N",
                "Go_*",
                "@:VOo!",
                "'nXa",
                "z9w!",
                "juL/",
                "FAu^",
                "Awi6",
                "N'pa",
                "tsG#",
                "$~Qu",
                "5`J/",
                "{&88",
                "r=+9",
                "k=<[",
                "1MOV",
                "ciw7",
                "T1.'",
                "?GOJ",
                "Sp$$~",
                "ZQ^n/",
                "+F\\ht",
                "4MHl",
                "Q+b]",
                "lbX#",
                "<`b<",
                "du!!",
                "R7F?",
                "J A)[",
                "7M:p",
                "\\zOe",
                "nT.&",
                "9~2^",
                "E'Iw",
                "\"5qo",
                "TUHivo",
                "+d.}",
                "_7Q1wQ:",
                "A/ibfT",
                "2/BP",
                "T=`(",
                "\"31Lp",
                "RdIM",
                "-dbZ",
                "xv,E",
                "P8>%",
                "oa3,",
                "<'V@9",
                "m}`2",
                "khNa",
                "<is[",
                "9$@v",
                "*yW=",
                "KeA#",
                "oNY$",
                "5y<P",
                "i,djG",
                "*afz",
                "S>p&N",
                "P3.G",
                "2u7$",
                "quWs",
                "b8^~",
                "qP\\gC%",
                "(;do",
                "@(oG",
                "$L+^zz",
                "r~\"ynM",
                "qE/n",
                "YR!r:",
                "*oMW",
                "^5nuQd",
                "?j|F",
                "5)=:",
                ")4*)",
                ".@4~&",
                "VJ|S",
                "h;/b",
                "G~V-",
                "lHXN",
                "CZq8W",
                "NNHa",
                "(p?Ez",
                "nAY.",
                "!3<3",
                "NJ6p",
                "]s1:",
                "OC80n",
                "+unY$'*=",
                "E;G>",
                "b=S5",
                "5lQ:c",
                "H39i1",
                "!9L*",
                "E;<:~%",
                "?mX+",
                "Xflw",
                "f/a+",
                "+>,q",
                "Gt*NY",
                "'c0d",
                "C}ut",
                "j3]s",
                "d}s]",
                "2BWNv",
                "8c )",
                "*[qI7qP",
                "'hdJ",
                "z>)NL",
                "h{R@0",
                "R&*.&-",
                ">_?-V",
                "\"Yr9",
                "@t%=\"",
                "OUbK",
                "S]/P",
                "X)26m_",
                "J]Yr",
                ":5f,#",
                "#@rR'",
                "-.i\"",
                "u&rOR6",
                "V%RE",
                "$&j']",
                "8mjJI",
                "0<Rr",
                "Fyf:tu",
                ")t_iE",
                "/sjJh",
                "'ThD>s",
                "aM:&",
                "i|I%",
                "z^DK8",
                "l+ c$",
                "b`\\\\~t",
                "fGI6",
                "%DaW",
                "A6AFN\"",
                "+6j$",
                ">Il1 4",
                ",y,6+x",
                "{IS%K",
                "e5?rg",
                "o:E+",
                "12~K9e",
                "P#*F",
                "GLhQa",
                "I;,b",
                "tu=(",
                "Cv|q>",
                ";(~,b",
                "Zbz/",
                "V}1f",
                "L5(2",
                "#>>~g",
                "M_S6",
                "CRn\\2=",
                "eoInn",
                "XH{ ",
                "JprC",
                "ylb'",
                "%~1Y3",
                "wFv>s",
                "W~M*I",
                "\\DJ$5",
                "JJ*q",
                "FxkIK",
                "R@J~",
                "yDQRS",
                "m)y$S",
                ";{hF",
                "0Gkc0|",
                "(#MP",
                "xKDl",
                "uzog",
                "P&8E",
                "N:W1c_`",
                "$&J9",
                "z_AeNp",
                "/7cMe",
                "y}ypL",
                "c^*]VG",
                "KJv@",
                "d;%n",
                "G[}S",
                "I;]{",
                "zwm(",
                "&(Ffh",
                "lSXN",
                "o&!UA",
                "~rrz)*",
                "[1lMVG",
                "Kt}}\"",
                "@y\";",
                "K%f*",
                "!dCOY",
                "kXkFn",
                "jrU=A",
                "Gx}E",
                "<l::",
                "kT}S}E0",
                "wxT?",
                "Ks.z",
                "9b^ }$",
                "]\"cpk",
                "vxphS",
                "1m0b",
                "*7lS[",
                "Oa~Hr",
                "FH!*B",
                "p!'9",
                " C0b",
                "p%'9",
                "(!PROT_EXEC|PROT_WRITE failed.",
                "$Info: This file is packed with the UPX executable packer http://upx.sf.net $",
                "$Id: UPX 3.94 Copyright (C) 1996-2017 the UPX Team. All Rights Reserved. $",
                "r&J+",
                "lc'+\"",
                "wfb_.i/",
                "3!L!",
                "x)h5",
                "gdv]",
                "^Zq9 ",
                "XCpah",
                "3wj}",
                "#?a4",
                "n&2|",
                "AzX6",
                "K:bTH",
                "Ae:-",
                "^z$V"
            ]
        }
    ]
}