{
    "malware_data": [
        {
            "filename": "d017b24236b688b833d99cf27b8782718acaa8a9ec56f0c59b3855e3a20b3f42.elf",
            "filetype": "7F454C46",
            "filesize": "39KB",
            "hash_sha256": "d017b24236b688b833d99cf27b8782718acaa8a9ec56f0c59b3855e3a20b3f42",
            "strings": [
                "PN tI",
                "H@[k",
                "waY,D}8",
                "g2(izX",
                "ZGtO",
                "@9C.1G",
                "L:Z\"",
                "B'T&",
                "2=P'u",
                "R{w|w1",
                "ba7E",
                "db>'",
                ",$[b",
                "'xJ\"",
                "nqFM",
                "m$a6",
                "AYsP",
                "Z,a4",
                "iO3=?\\",
                "NX]E",
                "0_\"1%",
                " O{]2!",
                ",qYO",
                "iQ F",
                "^glb!",
                "4S5>",
                "N<|*",
                "J$lk",
                "%wRFH'",
                "rZO^",
                "JGGF.",
                "'Ot3",
                "*GD ",
                "AlCM",
                "2K<n(",
                "tt3g",
                "iPqB",
                ">m~K",
                "IwdD",
                "D-j%j{[",
                "K.[(:c!",
                "]ExO",
                "q^JJ",
                "Cb<c",
                ")bGP",
                "diOy",
                "7BNI",
                "Y2G2",
                ":~iG",
                "SL~\"",
                "Z|:]",
                "K/a:",
                "&^O(>1",
                "C/sa",
                "\\6gI",
                "9,)d",
                "1H,,",
                "-Jh[>a",
                "\\x6:",
                "9,!#",
                ":/7pS",
                "af*F8",
                "?Y$X",
                "hYiy",
                "LA6l",
                "[},$p",
                "P=)[p",
                "B:uY",
                "MX]G",
                "g0&m",
                "WvCH",
                "H6*F",
                ";vc$#",
                "aVY5",
                "*gR6",
                "7-Chy",
                "h6::",
                "<.Vr",
                "m^Vfa",
                "^2VP",
                "&l?CX,D5",
                "_Py&y",
                "GJ\"][",
                "R\"f;",
                "%@nVs",
                "<CwE#",
                "*;1\"",
                "Qlh7",
                "=<{rw",
                "k%p9Db",
                "JGb?",
                "rei?",
                "j\"F`T",
                "XSW+",
                ";k%o",
                "WKny",
                "K!My3s",
                "a?]K",
                "b)/o",
                "broM5`1",
                "PX/I",
                "1O9W",
                "+/}A",
                "6!w}*H",
                "6N%q",
                "pG\"'",
                "D>|?,",
                ">Q*J",
                "l` P0",
                "v~ {",
                "U.Cq",
                "rZH L ",
                "mP.zjfe",
                "7{bBr",
                "hlQJ",
                "+1,V",
                "$>jK^",
                "1=NH1<",
                "Uc19",
                "[?O)",
                "L9B<",
                "]oteb",
                "Q(+Q",
                "e*-ch",
                "w8S|",
                "lDwt(C|x",
                "WzLK",
                "d|Jb",
                "Pa~i",
                "7[0_lkS",
                "&:)l",
                "Y4=^d",
                "8''Q",
                "Dm3.",
                "F>^r",
                "c/]B",
                "p,~P!",
                "k)3Ju[q",
                ":u*#",
                "\\PJ9]E",
                "]yb4",
                "rcgb",
                "}ODq9",
                "g::^>",
                "rg3-S9",
                "HOID<",
                "3!sV",
                "FTL&",
                "q~&R",
                "j1+~cs2",
                "'CP0",
                "VKoeB",
                "dEnQ",
                "4x|}\"",
                "gitl",
                "8)3N",
                "UnHIKJ",
                "th\"LB",
                "h#~W(",
                " +7v",
                "L4)zA",
                "l_V:",
                "y&L1",
                ">ykE",
                "i}/:",
                "b F'",
                ",*d@q",
                "p)$X|&",
                "i6\\i",
                "*s(R",
                "9@DS",
                ")0Bd",
                "]KJm",
                "Zr_U",
                "^)=}uV",
                "0;]T{t",
                "eem[",
                "8}&.",
                "M9@TP",
                "0MyW{",
                "95;>kaQl",
                "a<buo",
                "]QOH",
                "A)S.",
                "_U(I|<Y",
                "~0%b%",
                "J^:KU",
                "=[kj",
                "_q'L",
                "W3E)n",
                "*QsVe",
                "k}FA6Y",
                "3P1h",
                ">{Yj",
                "R`=^a",
                "&UGM",
                "h>6r0",
                "P=f4k",
                "uo0O2",
                "W{>&u",
                "nJXc",
                "+}K0\"",
                ".5{L",
                "Q`{R",
                ":>6d",
                "BLs:",
                "Dn47",
                "<[#(",
                "k!jD]",
                "a2q6{",
                "fxBO",
                "NWeF",
                ":J&V",
                "ME).B",
                "]Mf9",
                "9^0!e{",
                "N>8Z",
                "]P\"7",
                "EDS{",
                "/f87",
                "#^UL b2",
                "CEq{%",
                ")Eny",
                ",bO!",
                "`+A>",
                "&)j$v",
                "4;V5",
                "=7CMu",
                "JoX ",
                "d\\C#T",
                "qe*O",
                "3C'Y",
                "~'q.g",
                "~ZIExV@{",
                "L:?1",
                "d@ss/_?",
                ":\\}/j",
                "moXh",
                "q@5l ",
                "M,[5",
                "&Zv0",
                "Wp1MH\"",
                "0q2W",
                "y,9Ls",
                "WE_S1f",
                ",)1K'",
                "Q{UfU",
                "kW\\TKlk",
                "qbzj",
                "GWvy",
                ".*Qf",
                "WnQ-",
                "y4#yj",
                "D~~V",
                "=R3H",
                "eA _",
                "O:Cz&[",
                "HF,q!G",
                "*M*VB!",
                "#DU8",
                "YXVJ",
                ")\\wA",
                "LLu7",
                "EbFr2",
                "i>>s",
                "?S1~",
                "OXUmb",
                "-<3wA9",
                "*/$\\x",
                "\\++\\",
                "x9[0",
                "\\'Zcj",
                " T$G",
                ":V\\](2",
                "/]Xj",
                "H2ABC#l",
                "-Tas",
                "O6~;$",
                "+Gwf",
                "<vIYi%3t",
                "F+^T",
                "Zn<2",
                "KIW)",
                "20+B",
                "%vWJ",
                "4E$E@",
                "C1/\"",
                "*\\K!",
                ":C)b",
                "[$?}q/",
                "1f7  ",
                "wFIT",
                "p8FX",
                "Zim(",
                "WrE@",
                "QH7c",
                "y0BJ",
                "C2sB",
                "6I}\"",
                "IK>\\/",
                "dt_%",
                "Op1R",
                "?Ai$",
                "0')&",
                "g;$O",
                "WGv.",
                "^fc/",
                "28:1",
                ")'!I;",
                "fY<,(",
                "gK5 ",
                "[tRe$",
                "!=wF",
                "8P|~$",
                "3ccNQ",
                "]&-5}",
                "JC')",
                ":5 PL`",
                "X9@_",
                "I4lW",
                "1(COY",
                "~z/`",
                "vkhB",
                "B$!8",
                "R&# ",
                "E$!x",
                "$#xd",
                "$!P`",
                "PROT_EXEC|PROT_WRITE failed.",
                "$Info: ",
                "'/proc/self/exe",
                "TMJO",
                "jij*",
                "A*rs~",
                "s.5-*",
                "gwAb'<I",
                "Z,yH",
                "S_J&i",
                "=]$!",
                "0fFh",
                "Q=Gm",
                "vd%h",
                ">@Rh",
                ";kzf}x$",
                ",%Rq",
                "Lrqg",
                "J&3=",
                "XgVa",
                "0h.N",
                "R?|\\h",
                "DDzZO",
                "/6-b8=",
                "(K dj",
                "mq;E",
                "lAi:",
                ".%C4",
                "ZHihq",
                "[-kB^:'|aOr",
                "C\"?V",
                "Hca.q",
                "TQ'C",
                "EDb)+",
                "lv+%/",
                "G6Hv_L",
                "'L=W~",
                "*G%$",
                "wclV",
                "J!Oy\"5",
                "%SjQ",
                "4o4Ou!Df}",
                "uvu}",
                "\"*qA",
                "g*:4",
                "8X?i|",
                "qT3\\",
                "x(4f",
                "\\%zO~",
                "X>?~",
                "ikX.d",
                "J*u3?",
                "{[9)",
                ";Z>^3",
                "J@T<k",
                "s\"!-",
                "Fhd@O",
                "H9[P",
                "nX={d",
                ";/-`",
                "Ut>`W5]!",
                "YU=M",
                "M?%1j",
                "CnKH",
                "o<]L({",
                "v$14",
                "`e{#HS",
                "{NZB",
                "(7f^",
                "1YeE",
                "'u.%",
                "SkW8EUz",
                "gW+JD",
                "FFFT",
                "\"&6TS",
                "v*)C",
                "7 dr",
                "H5Z&",
                "xteX",
                "\\O><",
                "`.|A'",
                "_dHp",
                "M-8S",
                "a}*C",
                "(Y0I",
                "k#5*",
                ")&X8",
                "A_n:",
                "}\\_i",
                "?-vD",
                "Skqu",
                "O>]y6V",
                "bEoU",
                "R3]|",
                "L^;)",
                "}esC)ej",
                "t@'*",
                "6l&O",
                "+Pl ",
                "]EKuQ",
                " S\\?",
                "Qx2,",
                "dg@&a",
                "9pY(X",
                "D}Q9"
            ]
        }
    ]
}