{
    "malware_data": [
        {
            "filename": "cea50bb5162cb062f9c1bb03ce6a5d59b2247d0fbeec76e47948b1f90fe5f7cc.exe",
            "filetype": "4D5A9000",
            "filesize": "15KB",
            "hash_sha256": "cea50bb5162cb062f9c1bb03ce6a5d59b2247d0fbeec76e47948b1f90fe5f7cc",
            "strings": [
                "!This program cannot be run in DOS mode.",
                ".text",
                "`.rsrc",
                "@.reloc",
                "PAsd",
                "*.s\"",
                "BSJB",
                "v4.0.30319",
                "#Strings",
                "#GUID",
                "#Blob",
                "<Harvest>d__10",
                "<>9__4_0",
                "<Evaporate>b__4_0",
                "<>9__4_1",
                "<Evaporate>b__4_1",
                "<>u__1",
                "Task`1",
                "AsyncTaskMethodBuilder`1",
                "TaskAwaiter`1",
                "Form1",
                "button1",
                "errorProvider1",
                "checkBox1",
                "comboBox1",
                "textBox1",
                "Microsoft.Win32",
                "Int32",
                "<oracle>5__2",
                "<ConjureAndExecute>d__9",
                "<Module>",
                "SizeF",
                "System.IO",
                "set_IV",
                "Enigma",
                "KeyZeta",
                "zeta",
                "mscorlib",
                "set_Verb",
                "GetStringAsync",
                "<<Evaporate>b__4_0>d",
                "Thread",
                "add_Load",
                "set_FormattingEnabled",
                "AwaitUnsafeOnCompleted",
                "get_IsCompleted",
                "encrypted",
                "Synchronized",
                "NewGuid",
                "ReadToEnd",
                "VerbCommand",
                "RegistryValueKind",
                "defaultInstance",
                "set_AutoScaleMode",
                "CryptoStreamMode",
                "IDisposable",
                "RuntimeTypeHandle",
                "GetTypeFromHandle",
                "File",
                "IsInRole",
                "WindowsBuiltInRole",
                "set_WindowStyle",
                "ProcessWindowStyle",
                "set_Name",
                "set_FileName",
                "get_ProcessName",
                "keyName",
                "Combine",
                "IAsyncStateMachine",
                "SetStateMachine",
                "stateMachine",
                "ValueType",
                "get_Culture",
                "set_Culture",
                "resourceCulture",
                "get_CodeBase",
                "ButtonBase",
                "ApplicationSettingsBase",
                "Dispose",
                "Create",
                "Evaporate",
                "EditorBrowsableState",
                "<>1__state",
                "STAThreadAttribute",
                "CompilerGeneratedAttribute",
                "GuidAttribute",
                "GeneratedCodeAttribute",
                "DebuggerNonUserCodeAttribute",
                "DebuggableAttribute",
                "EditorBrowsableAttribute",
                "ComVisibleAttribute",
                "AssemblyTitleAttribute",
                "AsyncStateMachineAttribute",
                "AssemblyTrademarkAttribute",
                "TargetFrameworkAttribute",
                "DebuggerHiddenAttribute",
                "AssemblyFileVersionAttribute",
                "AssemblyConfigurationAttribute",
                "AssemblyDescriptionAttribute",
                "CompilationRelaxationsAttribute",
                "AssemblyProductAttribute",
                "AssemblyCopyrightAttribute",
                "ParamArrayAttribute",
                "AssemblyCompanyAttribute",
                "RuntimeCompatibilityAttribute",
                "ConjureAndExecute",
                "set_UseShellExecute",
                "Transmute",
                "Byte",
                "SetValue",
                "keyValue",
                "value",
                "Gang.exe",
                "set_Size",
                "set_AutoSize",
                "set_ClientSize",
                "Materialize",
                "ISupportInitialize",
                "Gang",
                "System.Threading",
                "System.Runtime.Versioning",
                "FromBase64String",
                "disposing",
                "System.Drawing",
                "CoreLaunch",
                "PowerShellPath",
                "GetTempPath",
                "GetFolderPath",
                "path",
                "IVXi",
                "DataPsi",
                "RoleCheck",
                "PrincipalCheck",
                "get_Task",
                "System.Security.Principal",
                "WindowsPrincipal",
                "interval",
                "System.ComponentModel",
                "set_ContainerControl",
                "ListControl",
                "CryptoStream",
                "MemoryStream",
                "System",
                "SymmetricAlgorithm",
                "spectralForm",
                "ICryptoTransform",
                "resourceMan",
                "Main",
                "origin",
                "Fusion",
                "Application",
                "get_Location",
                "set_Location",
                "System.Configuration",
                "System.Globalization",
                "Action",
                "System.Reflection",
                "ControlCollection",
                "SetException",
                "PauseExecution",
                "Button",
                "procInfo",
                "CultureInfo",
                "ProcessStartInfo",
                "Sleep",
                "System.Net.Http",
                "set_ShowInTaskbar",
                "StreamReader",
                "TextReader",
                "Loader",
                "ErrorProvider",
                "AsyncVoidMethodBuilder",
                "AsyncTaskMethodBuilder",
                "<>t__builder",
                "SpecialFolder",
                "get_ResourceManager",
                "Linger",
                "EventHandler",
                "System.CodeDom.Compiler",
                "IContainer",
                "TaskAwaiter",
                "GetAwaiter",
                "set_UseVisualStyleBackColor",
                ".ctor",
                ".cctor",
                "CreateDecryptor",
                "System.Diagnostics",
                "System.Runtime.InteropServices",
                "System.Runtime.CompilerServices",
                "System.Resources",
                "Gang.Form1.resources",
                "Gang.Properties.Resources.resources",
                "DebuggingModes",
                "Gang.Properties",
                "particles",
                "EnableVisualStyles",
                "InitiateProcesses",
                "WriteAllBytes",
                "Settings",
                "EventArgs",
                "millis",
                "System.Threading.Tasks",
                "get_Controls",
                "System.Windows.Forms",
                "set_AutoScaleDimensions",
                "PowerShellArgsForExclusions",
                "LaunchProcess",
                "LaunchPowerShellProcess",
                "GetCurrentProcess",
                "segments",
                "set_Arguments",
                "arguments",
                "components",
                "Concat",
                "Format",
                "Object",
                "Wait",
                "EndInit",
                "BeginInit",
                "Exit",
                "get_Default",
                "SetCompatibleTextRenderingDefault",
                "GetResult",
                "SetResult",
                "HttpClient",
                "Environment",
                "InitializeComponent",
                "GetCurrent",
                "Point",
                "Start",
                "Convert",
                "Harvest",
                "SuspendLayout",
                "ResumeLayout",
                "PerformLayout",
                "MoveNext",
                "set_Text",
                "set_CreateNoWindow",
                "set_TabIndex",
                "CheckBox",
                "ComboBox",
                "TextBox",
                "ShadowPlay",
                "Delay",
                "set_Key",
                "System.Security.Cryptography",
                "get_Assembly",
                "GetExecutingAssembly",
                "ModifyRegistry",
                "set_Opacity",
                "WindowsIdentity",
                "WrapNonExceptionThrows",
                "Microsoft",
                "Copyright ",
                "  2023",
                "$cef65898-47b6-43d2-b441-07f3cd9c27e4",
                "1.0.0.0",
                ".NETFramework,Version=v4.7.2",
                "FrameworkDisplayName",
                ".NET Framework 4.7.2",
                "\"Gang.Form1+<ConjureAndExecute>d__9",
                "Gang.Form1+<Harvest>d__10",
                "#Gang.Form1+<>c+<<Evaporate>b__4_0>d",
                "3System.Resources.Tools.StronglyTypedResourceBuilder",
                "17.0.0.0",
                "KMicrosoft.VisualStudio.Editors.SettingsDesigner.SettingsSingleFileGenerator",
                "17.6.0.0",
                "lSystem.Resources.ResourceReader, mscorlib, Version=4.0.0.0, Culture=neutral, PublicKeyToken=b77a5c561934e089#System.Resources.RuntimeResourceSet",
                "PADPADP",
                "RSDS",
                "C:\\Users\\Boss\\Desktop\\Gang - Kopie\\Gang\\obj\\Release\\Gang.pdb",
                "_CorExeMain",
                "mscoree.dll",
                "<?xml version=\"1.0\" encoding=\"UTF-8\" standalone=\"yes\"?>",
                "<assembly xmlns=\"urn:schemas-microsoft-com:asm.v1\" manifestVersion=\"1.0\">",
                "  <assemblyIdentity version=\"1.0.0.0\" name=\"MyApplication.app\"/>",
                "  <trustInfo xmlns=\"urn:schemas-microsoft-com:asm.v2\">",
                "    <security>",
                "      <requestedPrivileges xmlns=\"urn:schemas-microsoft-com:asm.v3\">",
                "        <requestedExecutionLevel level=\"asInvoker\" uiAccess=\"false\"/>",
                "      </requestedPrivileges>",
                "    </security>",
                "  </trustInfo>",
                "</assembly>",
                "runas",
                "HKEY_CURRENT_USER\\SOFTWARE\\Microsoft\\Windows\\CurrentVersion\\Notifications\\Settings\\Windows.SystemToast.SecurityAndMaintenance",
                "Enabled",
                "HKEY_LOCAL_MACHINE\\SOFTWARE\\Microsoft\\Windows\\CurrentVersion\\Policies\\System",
                "EnableLUA",
                "powershell.exe",
                "-command \"Add-MpPreference -ExclusionPath '",
                "'; Add-MpPreference -ExclusionProcess '",
                "'; Add-MpPreference -ExclusionPath '",
                "{0}.exe",
                "/XwBl64f1P4",
                "YshBxvQmXyZQrUQNAJK",
                "PEiy30QCB5XQk=",
                "GbOYzg",
                "oxc722zRB",
                "RcbpfuQ==",
                "1A1drQ0P1PXVuPBt3y5g",
                "aqzK7wzVPQitQkSE9JdISzEdef1Bzk",
                "+HzCIRPQEGcBqx",
                "Gang.Properties.Resources",
                "VS_VERSION_INFO",
                "VarFileInfo",
                "Translation",
                "StringFileInfo",
                "000004b0",
                "Comments",
                "CompanyName",
                "FileDescription",
                "FileVersion",
                "InternalName",
                "LegalCopyright",
                "LegalTrademarks",
                "OriginalFilename",
                "ProductName",
                "ProductVersion",
                "Assembly Version"
            ]
        }
    ]
}