{
    "malware_data": [
        {
            "filename": "d534080dad4a1f1415a769e5552d61bd55841e20095dc9c9125d9fc5bdbacc4b.elf",
            "filetype": "7F454C46",
            "filesize": "80KB",
            "hash_sha256": "d534080dad4a1f1415a769e5552d61bd55841e20095dc9c9125d9fc5bdbacc4b",
            "strings": [
                "8c=`H",
                "=)<o8",
                ":} J",
                "}a[xN",
                "9@I^",
                "Cx= ",
                "}@Sx= ",
                "}`HP= ",
                "c%|`",
                "ba|`",
                "x}%KxH",
                "}%KxH",
                "x}$KxH",
                "Bq|`",
                "0} Z",
                ">} KxT",
                "x}d[x}%KxK",
                "} HP",
                "H0}k",
                "x}$Kx8",
                "}f[x}GSxH",
                "U5|`",
                "-)|`",
                "}c[x|",
                "1q|i",
                "}%Kx8",
                "}g[xH",
                "/=|`",
                "x}'KxH",
                "+!|`",
                ":}ISx8",
                "}@SxT",
                "T)= ",
                ">} Kx|",
                "JQ|`",
                "}CSx}d[x|",
                "x}%Kx8",
                "M%8`",
                "(98`",
                "*q|`",
                "T-|i",
                ".p} ",
                "OE|`",
                "He|`",
                "}CSx|",
                "x}e[xH",
                "Ku|`",
                "%a|`",
                "H5|`",
                "}'Kx9",
                "#y|`",
                "VU9 ",
                "FY|`",
                "?y|k",
                "x}e[x8",
                "?1|`",
                ">}c[x|",
                "}DSx|",
                "x}&Kx}g[x9",
                "RQ9 ",
                "H1|i",
                "p}`XP",
                "$} HP",
                "8}g[xL",
                "Ge|`",
                "K-|`",
                "J1|`",
                "H}|i",
                "HY|i",
                "H5|i",
                "Gu|`",
                "GA|`",
                "G%|`",
                "a)B@",
                "-u|`",
                "2}|`",
                "2%|`",
                ",!|`",
                "=E|`",
                "x}$Kx",
                "9iIx= ",
                "8iIx|",
                "8I8`",
                "*e|}",
                "0!= ",
                "\"A|`",
                "x}#Kx8",
                "!Y|`",
                "}#Kx}e[x8",
                "+x}%KxD",
                "|cJ.Tc",
                "Tc@.",
                "+x|}",
                "}#Kx",
                "8} J",
                "8})B",
                "<})XP=`",
                "T|kH",
                ":}'R",
                "}^Sx/",
                "}^SxH",
                "}KSx;@",
                "}KSx",
                "})XP/",
                "\\})@P/",
                "}eXP= ",
                "}z[x9!",
                "#x9c",
                "QJD.QJ",
                "}H2x9k",
                "}JZx9)",
                "@x9#",
                "}#KxN",
                "}c[xN",
                "}CSxN",
                "} @9A",
                "}ISxH",
                "}#Kx|j",
                "}+Kx`",
                "} 899+",
                "}*Kx",
                "} HP;",
                "@,|}",
                ",}+I",
                ":}yZ",
                ":} B",
                "x8cI",
                "4}#Kx",
                "H81 ",
                " 0})",
                " >})",
                "8cJHH",
                "8cIHH",
                "}*HP",
                "}CSx",
                " }CSx}e[x",
                "}CSx}e[x",
                "}e[x}CSx",
                "}`XP+",
                ":}iS",
                "}+HPU)",
                ":}#J",
                "3x8!",
                "akNm",
                "9)09U)",
                "}FSx}i",
                "|`HQ@",
                ":} :",
                "B@}c",
                ",}iXP",
                "9)M,/",
                "#x|y",
                "}iXP= ",
                ",}iXP;",
                "+x8!",
                "P} HP",
                "@}l;",
                "`P}l[x}",
                "})0P})Z",
                "<`C0",
                "}h0P",
                "})PP|",
                "(}^\"",
                "@}fHP",
                "}jXP",
                "0}*XP",
                "})XP|",
                "}`(P",
                "Jx=i~",
                "})Zx|",
                "Hy9#",
                "Jx9C",
                "})Zx9c",
                "(P5%",
                "<}@Z",
                "@XPK",
                ":9)J`|",
                " I|{",
                "}8HP",
                "Cx;`",
                ":9)Jp",
                ":9)J`",
                "x}g[x8`",
                "}$Kx",
                ":})B",
                "#x9@",
                "})PP9I",
                "}@PPq`",
                "p}J(",
                "H89)",
                " 6})",
                "QTc@.",
                "+x||",
                " 6}<",
                "D}#Kx",
                "}h[x9k",
                "0}*+",
                "} HP9)",
                "(}h[xH",
                " }*+",
                "}i[x;",
                "}<Kx",
                "x}<Kx/",
                "3xU)",
                "}JCx9)",
                "Sx})[x})",
                "[x9|",
                ";xU)@.})",
                "U)@.",
                ";x}QSx",
                "}DSx",
                "<})R",
                "} HQ@",
                "x|}Z",
                "}|[x:",
                "94.103.124.162:158",
                "Mozilla/5.0 (Windows NT 6.1; Win64; x64) AppleWebKit/537.36 (KHTML, like Gecko) Chrome/66.0.3359.117 Safari/537.36",
                "Mozilla/5.0 (Windows NT 10.0; Win64; x64) AppleWebKit/537.36 (KHTML, like Gecko) Chrome/70.0.3538.102 Safari/537.36",
                "Mozilla/5.0 (Windows NT 10.0; Win64; x64) AppleWebKit/537.36 (KHTML, like Gecko) Chrome/66.0.3359.117 Safari/537.36",
                "8.8.8.8",
                "/proc/net/route",
                "00000000",
                "(null)",
                "/x03/x23/x07/x82/x05/x84/x03/x23/x07/x82/x05/x84/x03/x23/x07/x82/x05/x84/x03/x23/x07/x82/x05/x84/x03/x23/x07/x82/x05/x84/x03/x23/x07/x82/x05/x84/x03/x23/x07/x82/x05/x84/x03/x23/x07/x82/x05/x84",
                "??s?td?????s?td?????s?td?????s?td?????s?td?????s?td?????s?td?????s?td?????s?td?????s?td???",
                "??s?td??h????s?td??h????s?td??h????s?td??h????s?td??h????s?td??h????s?td??h??",
                "??s?td??r?a?n?d?????s?td??r?a?n?d?????s?td??r?a?n?d?????s?td??r?a?n?d?????s?td??r?a?n?d?????s?td??r?a?n?d???",
                "d?v?s?e???v?s?e???v?s?e???v?s?e???v?s?e??",
                "?v?s?e??r?a?n?d??v?s?e??r?a?n?d??v?s?e??r?a?n?d?",
                "??h?t?t?p??f?l?o?o?d????h?t?t?p??f?l?o?o?d????h?t?t?p??f?l?o?o?d????h?t?t?p??f?l?o?o?d????h?t?t?p??f?l?o?o?d????h?t?t?p??f?l?o?o?d??",
                "??h?t?t?p??h?e?x????h?t?t?p??h?e?x????h?t?t?p??h?e?x????h?t?t?p??f?l?o?o?d????h?t?t?p??f?l?o?o?d????h?t?t?p??f?l?o?o?d??",
                "??h?t?t?p?r?a?n?d????h?t?t?p?r?a?n?d????h?t?t?p?r?a?n?d????h?t?t?p??f?l?o?o?d????h?t?t?p??f?l?o?o?d????h?t?t?p??f?l?o?o?d??",
                "DPATCH /%s HTTP/1.1",
                "Host: %s",
                "User-Agent: %s",
                "Connection: close",
                "PATCH",
                "STOP",
                "stop",
                "Stop",
                "/usr/lib/rkt",
                "CoreOS",
                "/usr/lib/portage",
                "Gentoo",
                "/usr/bin/yum",
                "Centos",
                "/var/lib/YaST2",
                "OpenSuse",
                "/usr/local/etc/pkg",
                "FreeBSD",
                "/usr/bin/miniterm.py",
                "Ubuntu",
                "/etc/dropbear/",
                "Dropbear",
                "/etc/opkg",
                "OpenWRT",
                "/usr/bin/watchgnupg",
                "Debian",
                "unknown",
                "[1;31mip",
                "[33m:",
                "[1;31m%s ",
                "[1;31march",
                "[1;31msoftware",
                "[1;31m%s",
                "(nil)",
                "hlLjztqZ",
                "npxXoudifFeEgGaACScs",
                " +0-#'I",
                "Unknown error ",
                "Success",
                "Operation not permitted",
                "No such file or directory",
                "No such process",
                "Interrupted system call",
                "Input/output error",
                "No such device or address",
                "Argument list too long",
                "Exec format error",
                "Bad file descriptor",
                "No child processes",
                "Resource temporarily unavailable",
                "Cannot allocate memory",
                "Permission denied",
                "Bad address",
                "Block device required",
                "Device or resource busy",
                "File exists",
                "Invalid cross-device link",
                "No such device",
                "Not a directory",
                "Is a directory",
                "Invalid argument",
                "Too many open files in system",
                "Too many open files",
                "Inappropriate ioctl for device",
                "Text file busy",
                "File too large",
                "No space left on device",
                "Illegal seek",
                "Read-only file system",
                "Too many links",
                "Broken pipe",
                "Numerical argument out of domain",
                "Numerical result out of range",
                "Resource deadlock avoided",
                "File name too long",
                "No locks available",
                "Function not implemented",
                "Directory not empty",
                "Too many levels of symbolic links",
                "No message of desired type",
                "Identifier removed",
                "Channel number out of range",
                "Level 2 not synchronized",
                "Level 3 halted",
                "Level 3 reset",
                "Link number out of range",
                "Protocol driver not attached",
                "No CSI structure available",
                "Level 2 halted",
                "Invalid exchange",
                "Invalid request descriptor",
                "Exchange full",
                "No anode",
                "Invalid request code",
                "Invalid slot",
                "Bad font file format",
                "Device not a stream",
                "No data available",
                "Timer expired",
                "Out of streams resources",
                "Machine is not on the network",
                "Package not installed",
                "Object is remote",
                "Link has been severed",
                "Advertise error",
                "Srmount error",
                "Communication error on send",
                "Protocol error",
                "Multihop attempted",
                "RFS specific error",
                "Bad message",
                "Value too large for defined data type",
                "Name not unique on network",
                "File descriptor in bad state",
                "Remote address changed",
                "Can not access a needed shared library",
                "Accessing a corrupted shared library",
                ".lib section in a.out corrupted",
                "Attempting to link in too many shared libraries",
                "Cannot exec a shared library directly",
                "Invalid or incomplete multibyte or wide character",
                "Interrupted system call should be restarted",
                "Streams pipe error",
                "Too many users",
                "Socket operation on non-socket",
                "Destination address required",
                "Message too long",
                "Protocol wrong type for socket",
                "Protocol not available",
                "Protocol not supported",
                "Socket type not supported",
                "Operation not supported",
                "Protocol family not supported",
                "Address family not supported by protocol",
                "Address already in use",
                "Cannot assign requested address",
                "Network is down",
                "Network is unreachable",
                "Network dropped connection on reset",
                "Software caused connection abort",
                "Connection reset by peer",
                "No buffer space available",
                "Transport endpoint is already connected",
                "Transport endpoint is not connected",
                "Cannot send after transport endpoint shutdown",
                "Too many references: cannot splice",
                "Connection timed out",
                "Connection refused",
                "Host is down",
                "No route to host",
                "Operation already in progress",
                "Operation now in progress",
                "Stale NFS file handle",
                "Structure needs cleaning",
                "Not a XENIX named type file",
                "No XENIX semaphores available",
                "Is a named type file",
                "Remote I/O error",
                "Disk quota exceeded",
                "No medium found",
                "Wrong medium type",
                "?/dev/null",
                " Nnk(A ",
                "/etc/resolv.conf",
                "/etc/config/resolv.conf",
                "nameserver",
                "domain",
                "search",
                "0123456789abcdef",
                "/etc/hosts",
                "/etc/config/hosts",
                "S[kA",
                "GCC: (GNU) 4.1.2",
                ".symtab",
                ".strtab",
                ".shstrtab",
                ".init",
                ".text",
                ".fini",
                ".rodata",
                ".eh_frame",
                ".ctors",
                ".dtors",
                ".jcr",
                ".data",
                ".sdata",
                ".sbss",
                ".bss",
                ".comment",
                "initfini.c",
                "libc/sysdeps/linux/powerpc/crti.S",
                "crtstuff.c",
                "__CTOR_LIST__",
                "__DTOR_LIST__",
                "__EH_FRAME_BEGIN__",
                "__JCR_LIST__",
                "completed.3069",
                "p.3067",
                "__do_global_dtors_aux",
                "call___do_global_dtors_aux",
                "object.3150",
                "frame_dummy",
                "call_frame_dummy",
                "__CTOR_END__",
                "__DTOR_END__",
                "__FRAME_END__",
                "__JCR_END__",
                "__do_global_ctors_aux",
                "call___do_global_ctors_aux",
                "libc/sysdeps/linux/powerpc/crtn.S",
                "libc/sysdeps/linux/powerpc/crt1.S",
                "bot.c",
                "i.4230",
                "printchar",
                "prints",
                "printi",
                "print",
                "C.75.4950",
                "C.105.5228",
                "ioctl.c",
                "__syscall_fcntl.c",
                "__syscall_fcntl64.c",
                "_exit.c",
                "access.c",
                "chdir.c",
                "close.c",
                "fork.c",
                "getpid.c",
                "kill.c",
                "open.c",
                "read.c",
                "select.c",
                "setsid.c",
                "time.c",
                "waitpid.c",
                "write.c",
                "isspace.c",
                "toupper.c",
                "__C_ctype_b.c",
                "__C_ctype_toupper.c",
                "__errno_location.c",
                "sprintf.c",
                "vsnprintf.c",
                "_stdio.c",
                "_stdio_streams",
                "__stdio_mutex_initializer.3862",
                "_fixed_buffers",
                "_wcommit.c",
                "_vfprintf_internal.c",
                "_charpad",
                "_fp_out_narrow",
                "spec_base.4073",
                "prefix.4074",
                "_ppfs_init.c",
                "_ppfs_prepargs.c",
                "_ppfs_setargs.c",
                "_ppfs_parsespec.c",
                "_promoted_size",
                "type_codes",
                "type_sizes",
                "spec_flags.4074",
                "qual_chars.4079",
                "spec_chars.4075",
                "spec_ranges.4076",
                "spec_or_mask.4077",
                "spec_and_mask.4078",
                "fputs_unlocked.c",
                "fwrite_unlocked.c",
                "memcpy.c",
                "memset.c",
                "strchr.c",
                "strcmp.c",
                "strcpy.c",
                "strlen.c",
                "strnlen.c",
                "strstr.c",
                "__glibc_strerror_r.c",
                "__xpg_strerror_r.c",
                "unknown.1128",
                "_string_syserrmsgs.c",
                "bcopy.c",
                "strtok.c",
                "next_start.1106",
                "isatty.c",
                "tcgetattr.c",
                "tcsetattr.c",
                "ntohl.c",
                "inet_ntoa.c",
                "buf.2641",
                "inet_makeaddr.c",
                "gethostbyname.c",
                "h.4864",
                "buf.4865",
                "gethostbyname_r.c",
                "connect.c",
                "getsockname.c",
                "getsockopt.c",
                "recv.c",
                "send.c",
                "sendto.c",
                "setsockopt.c",
                "socket.c",
                "signal.c",
                "sigsetops.c",
                "malloc.c",
                "initial_fa",
                "free.c",
                "heap_alloc.c",
                "heap_free.c",
                "__heap_link_free_area",
                "__heap_link_free_area_after",
                "rand.c",
                "random.c",
                "mylock",
                "unsafe_state",
                "randtbl",
                "random_r.c",
                "random_poly_info",
                "atol.c",
                "strtol.c",
                "_stdlib_strto_l.c",
                "exit.c",
                "sleep.c",
                "usleep.c",
                "__uClibc_main.c",
                "__pthread_return_0",
                "__pthread_return_void",
                "__check_one_fd",
                "been_there_done_that.2829",
                "__socketcall.c",
                "getegid.c",
                "geteuid.c",
                "getgid.c",
                "getuid.c",
                "nanosleep.c",
                "sbrk.c",
                "sigprocmask.c",
                "wait4.c",
                "errno.c",
                "__h_errno_location.c",
                "wcrtomb.c",
                "wcsrtombs.c",
                "wcsnrtombs.c",
                "_WRITE.c",
                "_fwrite.c",
                "_trans2w.c",
                "_load_inttype.c",
                "_store_inttype.c",
                "_uintmaxtostr.c",
                "_fpmaxtostr.c",
                "exp10_table",
                "memmove.c",
                "memchr.c",
                "mempcpy.c",
                "memrchr.c",
                "strncpy.c",
                "strtok_r.c",
                "strpbrk.c",
                "inet_aton.c",
                "dnslookup.c",
                "static_ns",
                "static_id",
                "opennameservers.c",
                "get_hosts_byname_r.c",
                "sigaction.c",
                "abort.c",
                "been_there_done_that",
                "dl-support.c",
                "libc/sysdeps/linux/powerpc/brk.S",
                "__syscall_rt_sigaction.c",
                "poll.c",
                "fclose.c",
                "fopen.c",
                "fseeko.c",
                "fseeko64.c",
                "_adjust_pos.c",
                "_fopen.c",
                "_cs_funcs.c",
                "fgets.c",
                "fflush_unlocked.c",
                "fgets_unlocked.c",
                "rawmemchr.c",
                "strncat.c",
                "strspn.c",
                "strdup.c",
                "ntop.c",
                "inet_pton4",
                "xdigits.3080",
                "inet_ntop4",
                "encodeh.c",
                "decodeh.c",
                "encodeq.c",
                "lengthq.c",
                "decodea.c",
                "read_etc_hosts_r.c",
                "raise.c",
                "__syscall_error.c",
                "llseek.c",
                "tolower.c",
                "__C_ctype_tolower.c",
                "fgetc_unlocked.c",
                "strcasecmp.c",
                "encoded.c",
                "decoded.c",
                "lengthd.c",
                "_READ.c",
                "_rfill.c",
                "_trans2r.c",
                "__fini_array_end",
                "__fini_array_start",
                "__init_array_end",
                "__preinit_array_end",
                "__init_array_start",
                "__preinit_array_start",
                "__read_etc_hosts_r",
                "__libc_sigaction",
                "strcpy",
                "__GI_fcntl64",
                "recvLine",
                "__socketcall",
                "__GI___ctype_b",
                "__GI_memchr",
                "__GI___glibc_strerror_r",
                "waitpid",
                "__open_nameservers",
                "__GI_fopen",
                "ioctl",
                "_stdio_openlist_use_count",
                "__GI_initstate_r",
                "__GI_sigaction",
                "strtok_r",
                "__GI___C_ctype_toupper_data",
                "__GI_time",
                "getgid",
                "stdout",
                "random",
                "__GI_strdup",
                "__GI_h_errno",
                "__length_question",
                "__GI___ctype_toupper",
                "__GI_strcasecmp",
                "__GI_tolower",
                "recv",
                "connect",
                "__encode_question",
                "__GI___uClibc_fini",
                "numpids",
                "__encode_header",
                "__GI_strncat",
                "__pthread_mutex_lock",
                "initConnection",
                "__sigdelset",
                "__uClibc_fini",
                "memrchr",
                "geteuid",
                "inet_pton",
                "__GI_vsnprintf",
                "__GI_setsid",
                "memmove",
                "__bsd_signal",
                "__GI_strpbrk",
                "__stdio_trans2r_o",
                "__GI_setsockopt",
                "__libc_stack_end",
                "__GI_fclose",
                "__GI_wcsnrtombs",
                "_uintmaxtostr",
                "__libc_fcntl",
                "atol",
                "_h_errno",
                "getc_unlocked",
                "__ctype_b",
                "__GI_random_r",
                "errno",
                "getegid",
                "__GI_sbrk",
                "__GI___uClibc_init",
                "usleep",
                "getpid",
                "__GI_lseek64",
                "setstate_r",
                "fgets",
                "getHost",
                "__libc_getpid",
                "__xpg_strerror_r",
                "__heap_free",
                "fcntl64",
                "vseattack",
                "memcpy",
                "getSoftware",
                "makeRandomStr",
                "getRandomIP",
                "__GI_fputs_unlocked",
                "__GI_fgets",
                "creat",
                "_stdio_openlist_dec_use",
                "__libc_select",
                "_ppfs_init",
                "__GI___C_ctype_toupper",
                "__GI_fgetc_unlocked",
                "__libc_nanosleep",
                "trim",
                "__GI_fgets_unlocked",
                "__pthread_mutex_init",
                "tolower",
                "getuid",
                "__open_etc_hosts",
                "malloc",
                "isatty",
                "sleep",
                "__GI_atol",
                "vsnprintf",
                "__dns_lookup",
                "__GI_read",
                "__C_ctype_tolower",
                "random_r",
                "__dso_handle",
                "__malloc_heap_lock",
                "gethostbyname_r",
                "socket",
                "select",
                "_pthread_cleanup_pop_restore",
                "__GI_wcrtomb",
                "__GI___libc_fcntl",
                "__GI_memset",
                "isspace",
                "__stdio_seek",
                "mempcpy",
                "__GI_strcoll",
                "__GI_write",
                "__ctype_toupper",
                "__libc_read",
                "_string_syserrmsgs",
                "__GI_open",
                "__GI_strchr",
                "__searchdomain",
                "__malloc_heap",
                "__GI_tcgetattr",
                "__environ",
                "wcsnrtombs",
                "sockprintf",
                "__GI_inet_ntoa",
                "send",
                "__fgetc_unlocked",
                "abort",
                "__GI_fcntl",
                "__GI_wcsrtombs",
                "__GI_fwrite_unlocked",
                "__GI_getgid",
                "srandom_r",
                "_init",
                "__GI_inet_ntoa_r",
                "__GI_setstate_r",
                "strtol",
                "__libc_lseek64",
                "strnlen",
                "rawmemchr",
                "__GI_mempcpy",
                "__GI___C_ctype_b_data",
                "__sigaddset",
                "nanosleep",
                "__GI_send",
                "h_errno",
                "__pthread_mutex_unlock",
                "wait4",
                "__GI_exit",
                "__app_fini",
                "csum",
                "__exit_cleanup",
                "__GI_srandom_r",
                "__GI___ctype_tolower",
                "write",
                "environ",
                "__GI_close",
                "__resolv_lock",
                "kill",
                "fputs_unlocked",
                "__pthread_mutex_trylock",
                "__GI_brk",
                "__GI_nanosleep",
                "__GI_strtok",
                "_stdio_openlist",
                "__GI_sigprocmask",
                "inet_addr",
                "ntohl",
                "__GI_fseek",
                "__deregister_frame_info",
                "ourIP",
                "chdir",
                "fseeko",
                "_stdio_openlist_del_count",
                "connectTimeout",
                "__raise",
                "setsockopt",
                "bsd_signal",
                "SendSTDHEX",
                "fseek",
                "__GI_kill",
                "__GI_strcmp",
                "__GI_memmove",
                "setstate",
                "__decode_dotted",
                "__stdio_READ",
                "memchr",
                "__GI_toupper",
                "__pthread_initialize_minimal",
                "__GI_recv",
                "__stdin",
                "stdin",
                "__GI_isatty",
                "_start",
                "strstr",
                "__GI_ioctl",
                "init_rand",
                "rand",
                "signal",
                "read",
                "__decode_header",
                "_SDA_BASE_",
                "__GI___h_errno_location",
                "__GI_memcpy",
                "strcoll",
                "wcsrtombs",
                "_stdio_user_locking",
                "strncpy",
                "strcasecmp",
                "htonl",
                "sendto",
                "__C_ctype_toupper",
                "snype",
                "__GI___C_ctype_b",
                "__GI_tcsetattr",
                "__GI_gethostbyname_r",
                "__GI_strncpy",
                "__libc_send",
                "__GI___xpg_strerror_r",
                "currentServer",
                "__GI___C_ctype_tolower",
                "bcopy",
                "__GI_strcpy",
                "__GI_inet_ntop",
                "strtok",
                "__stdio_adjust_position",
                "__GI_poll",
                "_vfprintf_internal",
                "fork",
                "__stdio_rfill",
                "strncat",
                "gotIP",
                "__GI_sleep",
                "sigaction",
                "__GI_gethostbyname",
                "_dl_phdr",
                "__GI_getc_unlocked",
                "__GI___libc_fcntl64",
                "__uClibc_init",
                "_store_inttype",
                "__length_dotted",
                "__GI_random",
                "__syscall_error",
                "__uclibc_progname",
                "__GI_getegid",
                "__GI_wait4",
                "__uClibc_main",
                "sbrk",
                "__rtld_fini",
                "__GI_fork",
                "strdup",
                "__libc_close",
                "__GI_getpid",
                "inet_aton",
                "_pthread_cleanup_push_defer",
                "index",
                "processCmd",
                "__sigismember",
                "fopen",
                "__bss_start",
                "__libc_open",
                "getOurIP",
                "memset",
                "__GI_socket",
                "main",
                "__glibc_strerror_r",
                "listFork",
                "__GI___C_ctype_tolower_data",
                "__stdio_fwrite",
                "srand",
                "initstate",
                "fclose",
                "__syscall_rt_sigaction",
                "ntohs",
                "inet_ntoa",
                "tcgetattr",
                "__C_ctype_tolower_data",
                "time",
                "__GI_abort",
                "poll",
                "__get_hosts_byname_r",
                "__stdio_init_mutex",
                "__GI__exit",
                "strcmp",
                "__nameserver",
                "data_start",
                "__h_errno_location",
                "__C_ctype_b_data",
                "__GI_inet_pton",
                "gethostbyname",
                "_stdio_fopen",
                "_fini",
                "__GI_chdir",
                "__malloc_sbrk_lock",
                "sprintf",
                "fdgets",
                "strerror_r",
                "__GI_select",
                "__libc_waitpid",
                "socket_connect",
                "__GI_waitpid",
                "_stdio_term",
                "__decode_answer",
                "__GI_signal",
                "stderr",
                "commServer",
                "__C_ctype_b",
                "srandom",
                "_ppfs_setargs",
                "__GI_sendto",
                "__libc_fork",
                "__atexit_lock",
                "rand_cmwc",
                "__libc_fcntl64",
                "getsockopt",
                "__GI_fseeko64",
                "fflush_unlocked",
                "__stdio_wcommit",
                "__GI___fgetc_unlocked",
                "__nameservers",
                "fwrite_unlocked",
                "inet_ntoa_r",
                "__pagesize",
                "_stdio_openlist_add_lock",
                "access",
                "_edata",
                "__stdout",
                "__GI_memrchr",
                "getArch",
                "__GI_fflush_unlocked",
                "__GI_strstr",
                "__searchdomains",
                "_end",
                "htons",
                "_sigintr",
                "_ppfs_prepargs",
                "__GI_strspn",
                "fgetc_unlocked",
                "initstate_r",
                "__GI_connect",
                "__curbrk",
                "__libc_poll",
                "_dl_phnum",
                "_fpmaxtostr",
                "__errno_location",
                "_stdlib_strto_l",
                "__GI___libc_open",
                "exit",
                "__stdio_WRITE",
                "_stdio_init",
                "__GI_geteuid",
                "__heap_alloc",
                "inet_ntop",
                "makevsepacket",
                "__C_ctype_toupper_data",
                "_dl_aux_init",
                "_errno",
                "atoi",
                "_stdio_openlist_del_lock",
                "__GI_inet_aton",
                "fgets_unlocked",
                "SendHttpRand",
                "_exit",
                "strspn",
                "__libc_recv",
                "__libc_creat",
                "strlen",
                "lseek64",
                "open",
                "toupper",
                "__libc_write",
                "_ppfs_parsespec",
                "__GI_strtol",
                "__GI_getuid",
                "__GI_strtok_r",
                "__GI_errno",
                "__libc_sendto",
                "__stdio_trans2w_o",
                "strchr",
                "__GI_rawmemchr",
                "__GI_raise",
                "__data_start",
                "setsid",
                "__GI_inet_addr",
                "__encode_dotted",
                "__GI_strnlen",
                "_Jv_RegisterClasses",
                "macAddress",
                "__GI___errno_location",
                "fcntl",
                "__GI_atoi",
                "fseeko64",
                "__GI_sprintf",
                "tcsetattr",
                "__ctype_tolower",
                "__register_frame_info",
                "wcrtomb",
                "__GI_getsockname",
                "close",
                "__libc_connect",
                "__GI_strlen",
                "mainCommSock",
                "pids",
                "strpbrk",
                "_load_inttype",
                "raise",
                "useragents",
                "free",
                "sigprocmask",
                "getsockname",
                " !\"#$%&'()*+,-./0123456789:;<=>?@ABCDEFGHIJKLMNOPQRSTUVWXYZ[\\]^_`ABCDEFGHIJKLMNOPQRSTUVWXYZ{|}~",
                " !\"#$%&'()*+,-./0123456789:;<=>?@abcdefghijklmnopqrstuvwxyz[\\]^_`abcdefghijklmnopqrstuvwxyz{|}~"
            ]
        }
    ]
}