{
    "malware_data": [
        {
            "filename": "da213006b4b1e1320baf8dec0c35c776f20a5e7ccc684363fd7f74547ce04f24.elf",
            "filetype": "7F454C46",
            "filesize": "43KB",
            "hash_sha256": "da213006b4b1e1320baf8dec0c35c776f20a5e7ccc684363fd7f74547ce04f24",
            "strings": [
                "HFu8sfga",
                "M (40",
                "8M@H4P",
                "XM`h5p",
                "s{+[[",
                " (g;",
                "O\"kv",
                "K 9+",
                "* J'",
                "w`+$",
                "/i}'",
                "/7;+",
                "Er+F",
                "0aOQ",
                "u `Wr",
                "'zG>",
                "hp@3",
                "P30I",
                "=7BG",
                "GqDq5S",
                "\\/]`",
                "0u#4",
                "`sK3[",
                "@(K5",
                "|G\"2C:k",
                "zOK_P",
                "MwLs",
                "A6`_",
                "pQop",
                "lc/w_",
                "0#`pc",
                "Tu# ",
                "S|t?",
                "]pwlu#",
                "#]h+du#",
                "+`'M",
                "H3MD@t+",
                "8?X0",
                "7,7](/$6",
                "akA!",
                "P,3Wj",
                "32-by",
                "860C",
                "V_(9",
                "13?`",
                "SG(j3",
                "$(O`",
                "k^kW)",
                "L8Wl3H`",
                ".ChO%",
                ":<Ks",
                "FcMp",
                "Tpgu",
                "[7oC",
                "V_74",
                "(q}C",
                "'0nC",
                "'cO\"",
                "2X+n{",
                "3,{T|K",
                "cta ",
                "CXT?0P`g",
                "{7G!",
                ":=}_+",
                "!D`o",
                "fm'X",
                "4PWgu",
                ";|os",
                "I:+0",
                "$3#2a",
                "q[pcZ",
                "$4kx:",
                "3+ ]g",
                ";c367!",
                "&?XSr",
                "GB'Sv",
                "EG,OPF",
                "oWSX",
                "@1;W7",
                "s[GE",
                "^##c",
                "1g6#",
                "!1.\"",
                "B#=<",
                "J{-'",
                "Gq0A",
                "b5Ds",
                "gK`gG",
                "X@z{",
                "k{+'",
                " ,76/",
                "7fdB",
                "s@[P",
                "_+r%",
                "787C",
                "npCSO",
                "p.{p",
                "D7Xo\\l#",
                "H-c+",
                "8 f`",
                "GP`#",
                "GX'\\",
                "X3;g",
                "{7'l",
                "++nX",
                "S>;t0",
                "S@H{*",
                "8W3C",
                "2,dO",
                "PVs]",
                "k/m0x",
                "D00{Ej/",
                "1ka:O",
                "SXw\"",
                "O?jk",
                "{'p{x",
                "7[3]",
                "K383",
                "+q(2 O~",
                "'lkS",
                "tC04",
                ";Q,71@,",
                "Lp{h",
                ".7Cg",
                "1{|0",
                "[7mK\\",
                "NC/[",
                "(Y{q",
                "s: N",
                "kl.ww",
                "#G_?",
                "++1t",
                "CP{b",
                "owU`G",
                "p;qW~;",
                "J34[m",
                "?~s'$",
                "afW'",
                ":x_P",
                "{vES3;",
                "7%7p",
                "?ixS",
                "\"JSU",
                "\\5(I[aGG",
                "(sPa",
                "Jw%<",
                "Zx;7",
                "3#gvj",
                "{W+Z0s",
                ");m:K",
                "o43?q",
                "Sa+/",
                "w!Bs",
                "w4Cms46",
                "lC4<",
                "02+#oQ",
                "Kn2S",
                "aH3G",
                "Y3 n",
                "/[uK",
                "3`/5",
                "o*LC",
                "doe$",
                "CDrG",
                "W0_/l",
                "<0?X",
                "w -?ZO",
                "`P#3",
                "4SSC",
                "C0[6",
                "7c13",
                "k4]:|#",
                "8c J",
                "}{P>",
                "? j[W",
                "/t_0^",
                "67_*",
                "i1'T",
                ",0/^L?6",
                "#E2G",
                "gxHGLw",
                ">#%O",
                "O5 ;v",
                "0[zW",
                ":K?9OC1",
                "/R.o",
                "PGswq",
                "O,CC",
                "<CxN7",
                "Wh/(+",
                "XL0CA",
                "F_CL",
                "jiif",
                "cbia",
                "].3t",
                "ZDYL",
                "UTiS",
                "=M<;",
                "=ov8",
                "Cg-&",
                "Zp3{",
                "PFGl",
                "pB+?",
                "V-E$",
                "w%A\"",
                "00st",
                "[B\"LsN",
                ":7}?",
                "_C[P",
                "H[ U",
                "3bPG",
                "#;a/",
                "Q`_\"",
                "'=(D",
                "@SD['&@",
                "WTFm[",
                "QUuK",
                "j71O",
                "nCD0",
                "]OCAE",
                "/@0+",
                "t*]'s",
                "eA}'",
                "<{Vc+",
                "kDh;g;[",
                "AX7]$",
                "w4w\\",
                "/cpg",
                "e/O'",
                "XX`BGp",
                ":@H#t",
                "%?a#",
                "1+PX",
                "r'(q",
                "<Ah[\"",
                "Q%#DJ",
                "'u`F",
                "0# j",
                "`F' ",
                "'Crw]",
                "mInS",
                "Oz8p",
                "/T`P",
                "_D@`",
                ",@hwp",
                "U{KWv",
                "gT1I",
                "uMA5",
                "zs>1",
                "ATRK",
                "`c(.7",
                "gXO\"",
                ";U@IG",
                "$X;-G",
                ";G/j",
                "3!x[#C",
                "WtPuVC",
                "`76`",
                "4G_G",
                "Ea#a[",
                "0SZ7",
                "[ `{",
                "[h?\"",
                "pU;w",
                "3G<'",
                "8AwCp",
                "on-+^",
                "loS=;",
                "d{WW",
                "O4`A",
                "GIK4",
                "F<wFO",
                ")GQ^",
                "D';Sp",
                "01fo#",
                "<EX{ ",
                "V'@x@",
                "X/Gp$",
                "Ew'0",
                "%TM3\\",
                "ek28",
                "HMHX4X",
                "<34MLD4\\",
                "0Kd'",
                "K3Gl",
                "K#50",
                "c&@K",
                "TLiD d",
                "$E[k",
                "lp;l,",
                "(z;.",
                "DDgKJ",
                "43\\0",
                "??PPN",
                "Q(G\\'B<E",
                "## m7",
                "UF3j",
                "#_X\\",
                "L(vc",
                "[(Htj<",
                "scg`",
                "EXo8",
                "!_`V",
                "5OV<",
                "KW#b",
                "TZGo",
                "SKDX.",
                "BCU%#",
                "3<Fw",
                "<7Tro",
                "Hg\"#[",
                "+(eO",
                "3t?B+",
                "W8$bM",
                "Pp[xS",
                "#@AI",
                "gn?PE",
                "D/f[!;",
                "C1A0",
                "V(/So",
                "ZHOl",
                "\\7s+",
                "d/l+r",
                "a#R#k",
                "#AM/Eg#0jg",
                "gPLp",
                "`VO{P",
                ":Z'3",
                "'O{ ",
                "WO=+",
                "TWpo",
                "*n7^",
                "[31K1",
                "s\"*p[",
                "x+{U",
                "w#TB",
                "B@_.",
                ";@F;",
                "W/(#",
                "?50h",
                "Zov\\",
                "|c`j",
                "[WL/(a",
                "G<s8c",
                "#Oxp",
                "+AO5",
                "Dt#`,",
                "GG3Q@E",
                "(3pC",
                "4+Wg",
                "4wKK",
                "Q3+c",
                "L+'0",
                "Fc\"'",
                "G?-;",
                " M!\"4#T",
                "&P'R",
                "E+V_w-",
                "2E3I",
                "9M:;",
                "'{At",
                "'7Er",
                "JUKY",
                "SMTU4V",
                "WMXY4Z",
                "M^_AY",
                "tMuv4w",
                "yMz{AI",
                "}Gj:",
                "Cs/c",
                "home",
                "sbin",
                "O*[D",
                "/etc/r",
                "esolv.co",
                "otpkt] CoSmit",
                "t@g ",
                "Suici[l",
                "ks!)",
                "ROR.o!abl",
                "e to i",
                "nect",
                "nc.k",
                "Erro",
                "r send",
                "ized ",
                "dnhahjdsaG",
                "ivIfm",
                "NC O",
                "mIwout",
                "hlLjztq%",
                "npxX",
                "fFeEgG",
                "aACScG",
                "0-#'o",
                "tTups5",
                "addrD",
                "Arguk|I` V",
                "Exkt",
                "Cscri",
                "2k\\'em|",
                "Bu,k",
                "omG-",
                "Gaa/",
                "Xlvb",
                "Zpas",
                "on5pI",
                "o2in` !b",
                "dpxD",
                "o]ddf",
                "ety`",
                "GIU4j,",
                "{ber",
                "Lc 2b~",
                "v3 ;",
                "mP>m",
                ",Ne  ,",
                "[Amwl",
                "PG~lagk",
                "Cs)?sAdp",
                "[tnX",
                "icLx",
                "[tRFS",
                "=Nam",
                "MOies",
                "Kadl AZ",
                "S0|W",
                "MM`m",
                "nA8e",
                "vIch",
                "sped",
                "ferA/X",
                "ed'!{",
                "]mte5c",
                "FqKj\\",
                "%+%/[EN",
                "[dh0S2",
                "ENIX#",
                "Ud2k",
                "01234",
                "56789p`ce~a/",
                " M$(4,",
                "0M484<",
                "@MDH4L",
                "PMTX4\\",
                "`Mdh4l",
                "Mx|x;",
                "\\`id",
                "lpit",
                "(M,044",
                "8M<@4D",
                "HMLP4T",
                "lMpt4x",
                "Ak[S",
                "16{1",
                "4.002021",
                "/proc/self/exe",
                "/proc",
                "/self/ex",
                "0\\MSA",
                "lSrn",
                "CUPX!",
                "40CZ",
                "Wm?U",
                "! 9+",
                "Pdoc^",
                "`4n'",
                "4kScO",
                "hC`g",
                "w;@bQ",
                "4`\\s",
                "/4&'}",
                "<4'82/V",
                "GCC: (G",
                "NU) 3.",
                "2 200",
                "ian pre",
                "leas",
                "UFH ",
                ".shst",
                "inito",
                "tex5f",
                "roda",
                "eh_fra",
                "me3b",
                "wgoU3Mc,c",
                "om9n",
                "{ibuzvs",
                "'pl ",
                "sfga"
            ]
        }
    ]
}