{
    "malware_data": [
        {
            "filename": "d7745852e7fd0e557896f1c6653f60bbcc05f1fc5d2605931d52517d2be64772.elf",
            "filetype": "7F454C46",
            "filesize": "30KB",
            "hash_sha256": "d7745852e7fd0e557896f1c6653f60bbcc05f1fc5d2605931d52517d2be64772",
            "strings": [
                "4UPX!",
                "&$U*T",
                "PTRhVC@",
                "xVO @",
                "8_]:",
                "$+u1<",
                "w5(j",
                "@9 u",
                "|$ d",
                "s0m8",
                "<@]:",
                "_yn%",
                "L5i4$",
                "4P1|L",
                "0\"gol",
                "Y$n7",
                "hdjf",
                "f=.t",
                "XfK>",
                "GQHmw",
                "C]  ",
                "G+L\\A",
                "$fxtH8",
                "U<CRND?",
                "ug\\u|Eh",
                ">m9k",
                "-S<1LWx.",
                "#H84[",
                "3`m(q",
                "2SQf",
                "L<SW",
                "SW<3;#",
                "B;(C",
                "&9Q4",
                "|48*(##S",
                "tLj(Y",
                "#I'}",
                "+P&=+",
                "_-DA",
                "j@B#",
                "K:s^5",
                "$xlA*",
                "#]xFa",
                "xP(:",
                "$BV'",
                "0\"-6|",
                "MoCt",
                "gB1hc)",
                "^Q7[",
                "@WB`9",
                "nc=q",
                "S,PW",
                "La(P",
                "|P{d",
                "SU]v&",
                "3IS( <",
                "D.i.9",
                "9Xht$LV",
                ":n$?",
                "KHr(s",
                "FkHUg",
                "S9CC",
                "KRX ",
                "F:2r",
                "R<FF",
                "\\FFFF",
                "NN`@%c",
                ">RRj(6",
                "e(k`",
                "8`r5h",
                "hj<V|n",
                "=X$p",
                "Q$SM",
                ">0Ch=",
                "Sgr ",
                "r>@V",
                "JPH3",
                "u}\\QQ",
                "]H9.i6",
                "rQQTR",
                "tQk&T\\",
                "r G$",
                "J;Y2J",
                "]rvPH",
                "4xH0,C",
                "@C2+/",
                ",j,g",
                "4U84",
                ",G.P",
                "}3>9",
                ":W[v",
                "zzcE",
                "VV\\Lr",
                "`1_k",
                "99UE,h",
                "80M<",
                ".fXZH,",
                "8(N)",
                "=B Q",
                "(D:R",
                "4z(z3P2QP",
                "V~}/",
                "5At<Y",
                "!X+V",
                "\"$Y_U)",
                "(G%B",
                "7SFuY",
                "@/]rvI",
                "W4Sd8",
                "l#uT",
                "bRhh",
                "/(Q#L",
                "kD#GO",
                "#3JP",
                "T( ?P$d",
                "A@SU",
                "N`0?",
                "L- v",
                "cw6h@X",
                "lR%:",
                "ctX]",
                "ybaP",
                "k\"9d",
                "=-v1",
                "a~S ",
                "QBbl!",
                "%KHPC",
                "fK8]",
                "k'sX\\H{h",
                "0cKtX",
                ";Q&D",
                "Kw51",
                "~i0~g",
                "?)dQ",
                "&|gq",
                "z*TP",
                "*IV?",
                "X*4XA",
                "?0?:",
                ">8g&E",
                "{t}WC",
                "tj:'{",
                "_Bk.u",
                "f;n ",
                ">d?F",
                "-vxN",
                "hM1,$A",
                "< =P",
                "$WRx",
                "XY3<",
                "dB\"$X",
                "xV*U|/fd/",
                "\\dZ?",
                "rXfc0i#",
                "Xcu\"z)",
                "Bv,Qhz",
                "yRtJ",
                "7Y''",
                "\\r3G",
                "}$''",
                "A.8=",
                "jL'P+g",
                " \"Yr3",
                "Au c}3",
                "U(so",
                "q[KRW",
                "-Se;",
                "#PZUf&",
                "XY[v",
                "i2 }",
                "iP[0.X",
                "W~tZ",
                "AtSB",
                "hh,>p",
                "Z(;YS[E",
                "rC4m",
                "}z)@",
                "<(K~",
                "^_G9<$u",
                "w@d\"6",
                "5-\":/",
                "LECgLc",
                "9Bxti}u",
                "|.mo7",
                "uNCx",
                "`IPBT",
                "dd=G",
                "T5UTr",
                ">Bdy",
                "z3yH",
                " BRG",
                "IVDi",
                "h[#hsn",
                "ju,\\",
                "1tNjY",
                "$BSmq;",
                "_9$`",
                "iq#r",
                "/n;F",
                "1m!l",
                "s8V\\",
                "V>[ -",
                "8}=Q70U",
                "@2$SBS<",
                "APjAv",
                "`,8(",
                "u%Z\\",
                "?0b_8",
                "iu/|w",
                "T7y`y",
                "_LQD",
                "u'!Y",
                "k<lk",
                "K8mT",
                "itP~N",
                "t@~>",
                "5A$k",
                "a\\wpL~",
                "7>.u",
                "P A?",
                "{;7n4a",
                "o&eTk",
                "E az*h",
                "G39Y",
                "6(/HF",
                "AxX:t",
                "`wh&|w",
                "V-ht",
                "t$\"Qo",
                "n3`#LL}NT",
                "T`'Ll",
                "?:rG",
                ";g(T",
                "m#4T.F",
                "~wwz",
                "$T]4)",
                "<$@(",
                "4MD,H0",
                "%G!I",
                "0o^Jo",
                "5DyHy",
                "sY#\\",
                "ThpbD",
                "PnKop",
                "fI%m",
                "m'Bul",
                "JbQ&",
                "H#yB6`",
                "${+L",
                "<O43",
                "M'i)",
                "`YU;K",
                "n6rzl",
                "5=u84",
                "T0Ir",
                "\"u/o/",
                "r ~$yb",
                "r]pN",
                "`X\"+@U",
                "P#2@",
                "vKJ96s?",
                ">o\"Q",
                ";X,t{",
                "+9kt",
                "ST7r",
                "@@@^_~",
                "SM50",
                "(GFA",
                "dY8tR",
                "SSPQ)@2O",
                "P<+0",
                "N{(6",
                "sRRK",
                ";0:C",
                " <xu",
                "A\"wa",
                "(<`v",
                "}/C;ywb",
                "]P\\\"",
                "<#.b#*",
                " V*#)",
                "~T(XM1",
                "7V0u",
                "u%WW",
                "A[X[",
                "/)@u",
                "a0TT",
                "XhhpJ ",
                "Oue(x",
                "CQ23",
                "P|\"B",
                "U2$Q",
                "`SS:",
                "nm+c",
                ";Eul",
                "D0x>",
                "[\\$(",
                "%+[U2d",
                "m)\"M",
                "0P!y",
                "(@0H",
                "WTA5[",
                "BMqF",
                "vt><5",
                "N@Px",
                "7*py",
                "jv/>",
                "u*z(",
                "4vz-",
                "O8u?z=j",
                "*}KT6",
                "lk&hAA",
                "M'gd",
                "mT-zx ",
                "|4n[E",
                "uX+\\",
                "1.QM",
                "Q! r",
                "t0DiGQOPN^",
                "m4)} ",
                "u5AnA",
                ".x;R",
                "P9#|",
                "HGNv",
                "ssWQhJ",
                "FT@KL",
                "WEWS@",
                "bDA@AWO",
                "4Mw`",
                "m;q,T.",
                "(/var/",
                "Sofia",
                "Hello, World!",
                "84.5",
                "Found A",
                "Ki*e",
                "Proc",
                "ID=%d;Realpath",
                "2surf2`p$/s[f",
                "/exe",
                "uslib%ystemd/*",
                "sbin",
                "ag-ty",
                "cLn>po",
                "ykit-1",
                "-da^1open",
                "du*d",
                "+~Bso",
                "$typp/",
                "com/G",
                ":15534PC",
                "rmvpq",
                "qf*kja",
                "kqvga$Aj",
                "pgl`kc",
                "imwg",
                "P]5[",
                "qhp&",
                "@N~ ",
                "/hlLjztqZ`",
                "XoudifFeEgGaACScs+0-#'IJs",
                "Unkno",
                "io38!",
                "eNo s\"h f",
                "nup5 ",
                "DArgu%[",
                "A g(l",
                "'maB",
                "fmiuVT",
                "6xk%",
                ")ly ",
                ":ilable",
                "2\\'m",
                "fbgKF",
                "mIsA",
                "Ga/x",
                "ef&%5I",
                "=CqG",
                "fo2. ",
                "e,q[k",
                "vdCh",
                "Lc 2~egnC",
                "3:,+",
                "moIft",
                "[Awl",
                "kin<",
                "U*Lbj",
                "s)sAd",
                "u5Lp",
                "Pe3hng!",
                "|a.Mh",
                "vlZ-",
                "b\"4r",
                "S|eMx",
                "XDwr",
                "=(T<dy#I",
                "gnAe",
                "0fp>q",
                "czIs",
                "M?ff",
                "a,{!",
                "mK`Vr'",
                "grrw",
                "%azN",
                "[d0S",
                "+XENIX",
                "23456789jcx",
                "`+M7Xsl=",
                "|Kv#K+",
                "Ds/H7Hz",
                "L(knN",
                "A/EIY",
                "c1{b6>",
                "MOPF",
                "i$,4;D",
                "/dgc",
                "\\7Xw",
                "CAk[S",
                "T$(9",
                "H+|$,",
                "$Info: This file is packed with the UPX executable packer http://upx.sf.net $",
                "$Id: UPX 3.94 Copyright (C) 1996-2017 the UPX Team. All Rights Reserved. $",
                "PROT_EXEC|PROT_WRITE failed.",
                "/proc/sm",
                "elf/exe",
                "[jUX",
                "PO;C",
                "UPX!u",
                "_um9",
                "@bQs",
                "W?:m",
                "tr[]",
                "tf~{",
                ".shstrtab",
                "init",
                "roda",
                "ctors",
                "B3  ",
                "w9G'",
                "UPX!",
                "#$%&",
                "56789",
                "uvwx",
                "{|}~"
            ]
        }
    ]
}