{
    "malware_data": [
        {
            "filename": "d2cf8156a14802cadeafc9cd7da63d7afec4648dee9b4ef17ed80cbb90da0d75.exe",
            "filetype": "4D5A9000",
            "filesize": "44KB",
            "hash_sha256": "d2cf8156a14802cadeafc9cd7da63d7afec4648dee9b4ef17ed80cbb90da0d75",
            "strings": [
                "!This file was created by ClamAV for internal use and should not be run.",
                "ClamAV - A GPL virus scanner - http://www.clamav.net",
                "CLAM",
                ".text",
                "`.rdata",
                "@.data",
                ".rsrc",
                "jdjd",
                "j Y3",
                "SSSh",
                "@@FF",
                "u>9}",
                "pt Hu+j",
                "hDt@",
                "hPt@",
                "hXq@",
                "hpq@",
                "SUVW",
                "u;SSh",
                "SSWh",
                "f9D$",
                "uCSSh",
                "uQSSh",
                "@_^][",
                "@WPS",
                "SVWj",
                "Ht6Ht%HHt",
                "(_^[]",
                "j`h u@",
                "=Pp@",
                "8MZu",
                "Yu+Vj",
                "hhu@",
                "hdu@",
                "hTu@",
                "h,u@",
                "h,!@",
                "Y_^[",
                "VC20XC00U",
                "SVWU",
                "tYVU",
                "t?xH",
                "]_^[",
                "h4w@",
                "h$w@",
                "<Yv\"",
                "h`u@",
                "t$<\"u",
                "0<=t",
                ">=Yt",
                "t7VP",
                "Y]_^[",
                "8\"u&",
                "QQSVW3",
                "tyf9",
                "SSS+",
                "@PVSS",
                "t#SSUP",
                "t$$VSS",
                "_^][YY",
                "uiSj",
                "@_^[",
                "j?^;",
                "eYt*F",
                "SVWt'",
                "h0{@",
                "80t.",
                "_^[]",
                "UVWt(",
                "D$$VP3",
                "+2Wj0U",
                "hl{@",
                "hP{@",
                "VWumh",
                "hx{@",
                "SVWUj",
                "hdB@",
                "_p]_^[",
                "hlB@",
                "t.;t$$t(",
                "A#D$",
                "Wj@3",
                " t6S",
                "    ",
                "s\"95",
                "VWj Y",
                "BNYY",
                "SVWj ^",
                "CAYY3",
                "PPPP",
                "@PWV",
                "F1YYh",
                "_^]t",
                "wHVSU",
                ":LSU",
                "FVSj",
                "^_][",
                "u8SS3",
                "9] u",
                "E SS",
                "t-9]",
                "t!SS9]",
                "T[Oj",
                "+tzHHtj",
                "u.h4",
                "Xwh$",
                "j8hH",
                "5(p@",
                "6PWS",
                "t WW",
                "WWWWVSW",
                "tCVj",
                "t2WWVPVSW",
                "LSVWj",
                "t@VW",
                "Need for Speed",
                " Carbon",
                "About NFSC Unlocker",
                "Savegames:",
                "ALT+1: Toogle unlock normal cars/upgrades",
                "ALT+2: Toogle unlock all cars",
                "ALT+3: Allow you to load ANY valid savegame (that respect the savegame structure)",
                "even with different CDKEY AND incorrect checksum",
                "Note 1: Remember to ENABLE \"Unlock Normal Cars\" when you want",
                "to select a special car (cars that you can't buy in career mode)",
                "or the game will crash.",
                "Note 2: Remember to DISABLE \"Unlock All Cars\" when you want",
                "to select a car in career or the game will crash.",
                "Note 3: This second build will not crash even with this option activated in 'Free Roam'",
                "Remember to save the loaded file to get a valid checksum.",
                "Thanks to GodSpeed for beta testing.",
                "Any updates on http://gnagna2000.free.fr",
                "Credits",
                "JONG, cparty, Zhoul & SunBeam",
                "http://forum.cheatengine.org/viewtopic.php?t=35439",
                "Warning",
                "Unable to start KeyHook.",
                "Ingame shorcuts will not be available.",
                "Microsoft Visual C++ Runtime Library",
                "Program: ",
                "<program name unknown>",
                "A buffer overrun has been detected which has corrupted the program's",
                "internal state.  The program cannot safely continue execution and must",
                "now be terminated.",
                "Buffer overrun detected!",
                "A security error of unknown cause has been detected which has",
                "corrupted the program's internal state.  The program cannot safely",
                "continue execution and must now be terminated.",
                "Unknown security failure detected!",
                "CorExitProcess",
                "mscoree.dll",
                "runtime error ",
                "TLOSS error",
                "SING error",
                "DOMAIN error",
                "R6029",
                "- This application cannot run using the active version of the Microsoft .NET Runtime",
                "Please contact the application's support team for more information.",
                "R6028",
                "- unable to initialize heap",
                "R6027",
                "- not enough space for lowio initialization",
                "R6026",
                "- not enough space for stdio initialization",
                "R6025",
                "- pure virtual function call",
                "R6024",
                "- not enough space for _onexit/atexit table",
                "R6019",
                "- unable to open console device",
                "R6018",
                "- unexpected heap error",
                "R6017",
                "- unexpected multithread lock error",
                "R6016",
                "- not enough space for thread data",
                "This application has requested the Runtime to terminate it in an unusual way.",
                "R6009",
                "- not enough space for environment",
                "R6008",
                "- not enough space for arguments",
                "R6002",
                "- floating point not loaded",
                "Runtime Error!",
                "e+000",
                "GAIsProcessorFeaturePresent",
                "KERNEL32",
                "GetProcessWindowStation",
                "GetUserObjectInformationA",
                "GetLastActivePopup",
                "GetActiveWindow",
                "MessageBoxA",
                "user32.dll",
                "1#QNAN",
                "1#INF",
                "1#IND",
                "1#SNAN",
                "RSDS3",
                "kU'9",
                "HMXB",
                "?Zd;",
                "?/L[",
                "S;uD",
                "z?aUY",
                "D?$?",
                "U>c{",
                "zc%C1",
                ".:3q",
                "-64OS",
                "NKeb",
                "         (((((                  H",
                "         h((((                  H",
                "                                 H",
                "NFS Carbon CE v1.2 Unlocker",
                "Verdana",
                "Unlock Series Cars/Upgrades",
                "Unlock All Cars (*)",
                "F1 for help",
                "gnagna2000@hotmail.com",
                "Load any save (CDKEY && checksum)"
            ]
        }
    ]
}