{
    "malware_data": [
        {
            "filename": "f28ca289207dfe7c79f3eca130f2a340bbc260c9818b5f5d7b94a3304a9fd4b1.exe",
            "filetype": "4D5A9000",
            "filesize": "100KB",
            "hash_sha256": "f28ca289207dfe7c79f3eca130f2a340bbc260c9818b5f5d7b94a3304a9fd4b1",
            "strings": [
                "!This program cannot be run in DOS mode.",
                "Rich",
                ".text",
                "`.data",
                ".rsrc",
                "MSVBVM60.DLL",
                "wRsD",
                "Ns1hRs",
                "hPsf",
                "-OsbrRs",
                "sPsEtPs&HPs?",
                "Ns)uPs",
                "HPsl`Rs",
                "GPsF",
                "PsetPs",
                "uRs.",
                "Os&nPs",
                "{PssnPs",
                "`Rs*aQs",
                "Ps$FPs",
                "NOsj|Ps",
                "uRs-",
                "OsfLPs7vPs",
                "PsDROsk",
                "Ns];Os~",
                "Rs\\TPs",
                "AOsz",
                "jPs/",
                "OsEjPsZ]Os",
                "OstLPs%",
                "mRsYuRspuRs",
                "lPsh",
                "NstjPs",
                "lPs-",
                "PsfzPs0jPs",
                "Printer_Send_RAW_Command",
                "Aplicatie de programat imprimante",
                "Form1",
                "3333333393333",
                "333333339",
                "338x",
                "33339",
                "3333",
                "3339",
                "33393338",
                "33330",
                "3330",
                "wwwwwwwww",
                "3333930",
                "333330",
                "wwwx",
                "wwxw",
                "wwwxw",
                "wwwwxw",
                "wwwwwxw",
                "wwwwwx",
                "wwwww",
                "wwww",
                "wwwwww",
                "'www",
                "33333",
                "3333333",
                "333333333",
                "33333333333",
                "3333333333333",
                "33333333333333",
                "333333333333333",
                "33333333333333333",
                "3333333333333333338",
                "33333333333333333333",
                "3333333333333333333338",
                "3333333333",
                "wwxx",
                "wwwxx",
                "xwwwxx",
                "xwwwx",
                "xwww",
                "_@TG",
                ",TGH",
                "?fSUij:",
                "_bimV",
                "Kmqa^LH",
                "kgKp",
                "#R02",
                "1al_p",
                "K+ag",
                "eTZZZZQ[d49",
                "EWttoooZZZZo[dh",
                "TwwwwwwwvtttooooTC",
                "'ryyyyyyyyyyyyyxwW1",
                "yzzzzzzzzzzzzzzzBV",
                "#4MFA",
                "B{{{{{{{{{{{{{{{{",
                "d|||||||||||||||G1",
                "B}}}}}}}}}}}}}}}}B1",
                "'A~~~~~~~~~~~~~~~n+",
                "'YuuuuuuuuuuuuuuuRH",
                "'@DDO666",
                "ROE`e;",
                "AAAADDD",
                "@@@A",
                "IY-3J",
                "s{uT",
                "dYiw}z",
                " D<K",
                "Hlhhkpqx",
                "#<-B",
                "dE;\"",
                "======A=====",
                "\\U5N",
                "}[x#",
                "][az",
                "jYZf",
                "}efffdkr",
                "cfinglopmhm",
                "ygo|~k\\^=HFGB",
                "yn_xtyv",
                ".1/-",
                "'@:;AI",
                " ,X$",
                "<MNNJK",
                "\"(*!",
                "?OOOOL",
                "DPPPPE",
                "3QSRUT>",
                "XXX%",
                "2C0333",
                "c)))",
                ":!!!",
                "F###",
                "}000",
                "O,,,",
                "&%%%",
                "%%%9333",
                "   \\",
                "]]] ^^^",
                "fff0",
                "]>>O",
                "RKxvjg",
                "8DGGf",
                "A:9M>(",
                "O%%%",
                "&\"\"\"",
                "c111",
                "\\\\\\@",
                "___`www",
                "7*$o9",
                "aaa@",
                "]88^",
                "xJII",
                "sxKJI",
                "CxLKI",
                "xLKI",
                "xMLI",
                "xNNI",
                "xONI",
                "zWVI",
                "SFF)",
                "ZWU2",
                "cDDD",
                "0666",
                "AAAP",
                "\\aaa",
                "kkk`",
                "ArialF",
                "Command6",
                "Caractere speciale...",
                "Frame2",
                "Comenzi de trimis imprimantei :",
                "Text1",
                "Arial6",
                "Command3",
                "Sterge tot",
                "Command4",
                "Deschide fisier comenzi",
                "Command5",
                "Salveaza fisier comenzi",
                "Arial",
                "Command2",
                "Iesire",
                "Command1",
                "Trimite",
                "Frame1",
                "Alegere imprimanta :",
                "Combo1",
                "VB5!",
                "PSRC",
                "M]@+/",
                "FatLib5_0",
                "C:\\Program Files\\Microsoft Visual Studio\\VB98\\VB6.OLB",
                "Form",
                "winspool.drv",
                "ClosePrinter",
                "EndDocPrinter",
                "EndPagePrinter",
                "OpenPrinterA",
                "StartDocPrinterA",
                "StartPagePrinter",
                "WritePrinter",
                "StripOut",
                "CoTaskMemFree",
                "user32",
                "SetCursor",
                "LoadCursorA",
                "Kernel32",
                "WritePrivateProfileStringA",
                "GetPrivateProfileStringA",
                "ole32.dll",
                "kernel32.dll",
                "lstrcatA",
                "shell32.dll",
                "SHBrowseForFolder",
                "ShellAboutA",
                "SHGetSpecialFolderLocation",
                "SHGetPathFromIDListA",
                "SHAddToRecentDocs",
                "advapi32.dll",
                "RegOpenKeyA",
                "RegCloseKey",
                "RegCreateKeyA",
                "RegDeleteKeyA",
                "RegDeleteValueA",
                "RegEnumKeyA",
                "RegEnumValueA",
                "RegQueryValueExA",
                "RegSetValueExA",
                "ShellExecuteA",
                "SetWindowPos",
                "GetSaveFileNameA",
                "ShowCursor",
                "SHELL32",
                "Shell_NotifyIconA",
                "FindWindowA",
                "GetWindowsDirectoryA",
                "GetSystemDirectoryA",
                "UnhookWindowsHookEx",
                "GetWindowLongA",
                "GetCurrentThreadId",
                "SetWindowsHookExA",
                "GetWindowRect",
                "comdlg32.dll",
                "GetOpenFileNameA",
                "ChooseColorA",
                "CommDlgExtendedError",
                "GetShortPathNameA",
                "ChooseFontA",
                "PrintDlgA",
                "GetDC",
                "ReleaseDC",
                "OpenProcess",
                "GetExitCodeProcess",
                "CloseHandle",
                "FlashWindow",
                "GetThreadContext",
                "WriteProcessMemory",
                "SetThreadContext",
                "SuspendThread",
                "ResumeThread",
                "CreateProcessA",
                "ntdll.dll",
                "ZwUnmapViewOfSection",
                "ReadProcessMemory",
                "VirtualAllocEx",
                "VirtualProtectEx",
                "RtlMoveMemory",
                "VBA6.DLL",
                "__vbaNextEachCollObj",
                "__vbaForEachCollObj",
                "__vbaStrI2",
                "__vbaPrintFile",
                "__vbaExitProc",
                "__vbaFileClose",
                "__vbaLineInputStr",
                "__vbaFileOpen",
                "__vbaGenerateBoundsError",
                "__vbaRecAssign",
                "__vbaOnError",
                "__vbaEnd",
                "__vbaLenVar",
                "__vbaStrVarCopy",
                "__vbaVarCopy",
                "__vbaVarCat",
                "__vbaStrVarVal",
                "__vbaFreeObjList",
                "__vbaVarAdd",
                "__vbaVarSub",
                "__vbaI4Var",
                "__vbaVarTstGt",
                "__vbaObjSet",
                "__vbaInStrVar",
                "__vbaVarTstNe",
                "__vbaFreeStrList",
                "__vbaVarTstEq",
                "__vbaVarMove",
                "__vbaUI1I2",
                "__vbaUbound",
                "__vbaUI1I4",
                "__vbaRecDestruct",
                "__vbaRecDestructAnsi",
                "__vbaRecAnsiToUni",
                "__vbaRecUniToAnsi",
                "__vbaFreeVarList",
                "__vbaStrCat",
                "__vbaVarDup",
                "__vbaHresultCheckObj",
                "__vbaStrToUnicode",
                "__vbaFreeObj",
                "__vbaSetSystemError",
                "__vbaStrVarMove",
                "__vbaStrToAnsi",
                "__vbaNew2",
                "__vbaLateIdCallLd",
                "__vbaStrCmp",
                "__vbaErrorOverflow",
                "__vbaFreeStr",
                "__vbaFreeVar",
                "__vbaStrMove",
                "__vbaLenBstr",
                "__vbaI2I4",
                "__vbaStrCopy",
                "__vbaVarForNext",
                "__vbaStrFixstr",
                "__vbaLsetFixstrFree",
                "__vbaVarForInit",
                "__vbaR8IntI2",
                "__vbaPowerR8",
                "__vbaVarIndexLoad",
                "__vbaAryCopy",
                "__vbaGetOwner3",
                "__vbaLsetFixstr",
                "__vbaCopyBytes",
                "__vbaResume",
                "__vbaFpI2",
                "__vbaBoolVar",
                "__vbaVarLateMemCallLdRf",
                "__vbaErase",
                "__vbaMidStmtBstr",
                "__vbaLateMemSt",
                "__vbaLateMemCallLd",
                "__vbaObjSetAddref",
                "__vbaVarSetObjAddref",
                "__vbaObjVar",
                "__vbaLateMemCall",
                "__vbaVarLateMemCallLd",
                "__vbaI2Var",
                "__vbaVarSetVar",
                "__vbaFpR4",
                "__vbaRedimPreserve",
                "__vbaRedim",
                "__vbaVarVargNofree",
                "__vbaAryUnlock",
                "__vbaAryLock",
                "__vbaError",
                "__vbaAryConstruct2",
                "__vbaAryDestruct",
                "__vbaLbound",
                "__vbaVar2Vec",
                "__vbaAryMove",
                "__vbaFpR8",
                "__vbaInStr",
                "__vbaFpI4",
                "SourceString",
                "What",
                "DSVW",
                "N8Qj",
                "f9~l",
                "f9^l",
                "f9wl",
                "jPhx",
                "Ht~H",
                "hSVW",
                "pSVW",
                "PSVW",
                "WWWj",
                "WPSf",
                "f98u",
                "jPh|",
                "L$(QW",
                "D$<+",
                "D$<+T$,",
                "_^]3",
                "_CIcos",
                "_adj_fptan",
                "_adj_fdiv_m64",
                "_adj_fprem1",
                "_adj_fdiv_m32",
                "_adj_fdiv_m16i",
                "_adj_fdivr_m16i",
                "_CIsin",
                "__vbaChkstk",
                "EVENT_SINK_AddRef",
                "DllFunctionCall",
                "_adj_fpatan",
                "EVENT_SINK_Release",
                "_CIsqrt",
                "EVENT_SINK_QueryInterface",
                "__vbaExceptHandler",
                "_adj_fprem",
                "_adj_fdivr_m64",
                "__vbaFPException",
                "_CIlog",
                "_adj_fdiv_m32i",
                "_adj_fdivr_m32i",
                "_adj_fdivr_m32",
                "_adj_fdiv_r",
                "_CIatan",
                "_allmul",
                "_CItan",
                "_CIexp",
                "1u  ",
                "3u00",
                "4u  ",
                "6u00",
                "7u  ",
                "1&'*",
                "A*\\AC:\\Documents and Settings\\Administrator\\Desktop\\PSRC\\psrc.vbp",
                "Aplicatie PSRC",
                "SATO SBPL Command",
                "commdlg_LBSelChangedNotify",
                "commdlg_ShareViolation",
                "commdlg_FileNameOK",
                "commdlg_ColorOK",
                "commdlg_SetRGBColor",
                "commdlg_help",
                "commdlg_FindReplace",
                "Microsoft.Jet.OLEDB.4.0;",
                "*.zpl",
                "Toate fisierele (*.*)",
                "Nu am putut trimite comanda la imprimanta : ",
                "Printare",
                "Comanda ",
                "Aveti niste comenzi scrise. Daca inchideti aplicatia fara sa le salvati se vor pierde. Doriti acest lucru ?",
                "*.sbpl",
                "Fisiere ZPL (*.zpl)",
                "Sunteti sigur ca doriti sa stergem toate comenzile introduse pana acum ?",
                "Aveti comenzi introduse. Deschiderea unui fisier va sterge ceea ce ati introdus pana acum. Continuam ?",
                "Fisiere text (*.txt)",
                "*.txt",
                "Fisiere SBPL (*.sbpl)",
                "<cr>",
                "<lf>",
                "<can>",
                "<off-line>",
                "<enq>",
                "<etx>",
                "<stx>",
                "@r\\Deskto0",
                "Incarcare fisier comenzi",
                "Salvare fisier comenzi",
                ".txt",
                ".sbpl",
                ".zpl",
                "Urmatoarele cuvinte cheie sunt recunoscute a fi caractere speciale : ",
                " reproduce caracterul ASCII : ",
                "<esc>",
                "ycount",
                "Files",
                "\\MSHTML.DLL",
                "rundll32.exe ",
                "\\MSHTML.DLL,PrintHTML ",
                "Program Files\\",
                "Program Files\\Common Files\\",
                "Scripting.FileSystemObject",
                "GetFolder",
                "Folders",
                "FolderExists",
                "CreateFolder",
                "WScript.Shell",
                ".lnk",
                "CreateShortcut",
                "WindowStyle",
                "HotKey",
                "TargetPath",
                "IconLocation",
                "Description",
                "WorkingDirectory",
                "Save",
                "open",
                "FileExists",
                "Screen ",
                "MsgBox ",
                "Text Files (*.txt)",
                "*.sky",
                "All Files (*.*)",
                "Show Open",
                "Directory : ",
                "Show Open Selected",
                "Show Save",
                "Show Save Selected",
                "Times New Roman",
                "VS_VERSION_INFO",
                "VarFileInfo",
                "Translation",
                "StringFileInfo",
                "040904B0",
                "Comments",
                "CompanyName",
                "SupraSoft Romania",
                "FileDescription",
                "PSRC.EXE",
                "ProductName",
                "FileVersion",
                "1.00.0003",
                "ProductVersion",
                "InternalName",
                "OriginalFilename"
            ]
        }
    ]
}