{
    "malware_data": [
        {
            "filename": "e8884be11c02bfb630f1e52b9f062f816e98cea492d05378f72fb496ca029c32.elf",
            "filetype": "7F454C46",
            "filesize": "35KB",
            "hash_sha256": "e8884be11c02bfb630f1e52b9f062f816e98cea492d05378f72fb496ca029c32",
            "strings": [
                "eUPX!`",
                "3JEDC",
                "i[LW",
                " =b*",
                "WBwz",
                "Ov#a@",
                "aK&=EN",
                "R{}J",
                "7&4r+>",
                "u?do",
                "7w'~K",
                "v3g8",
                "&A-l",
                "13p}2G",
                "<J,?",
                "_ptM",
                "l5y]",
                "k2yk1",
                "ZuTN^",
                "Kd4>q",
                "6>dFg",
                "iSt#g1N+I",
                "N.C{",
                "Or%lr",
                "Yg`r",
                "iJN{",
                "9!L =",
                "n[W'I",
                "g*+T",
                "e~9a",
                "lB\\^'GZ",
                "%<qnTKG2",
                "]BL4",
                "\\c@)",
                "lC@-",
                "UW1!",
                "IyC@%",
                "yH~d",
                "ZT2&n",
                "?<uE",
                "'5~?7",
                "/U|J?",
                "~DQ<",
                "%{.pm",
                "W]!C",
                "zX`w",
                "aajX-xI;",
                "jUD\"",
                "1qW:",
                " Z~f",
                "4(`>",
                "O/!.",
                "^FRW",
                "RG?|=",
                "y-1\\",
                "2U||5",
                "/u\"'",
                "lbX*}W",
                "x,X2",
                "J[OO\\;",
                "V~p\"",
                "Bhz4",
                "wQV`",
                "=th#",
                "OD_r",
                "5:nS",
                "3JrL",
                "TqK=4TB",
                "^6}Z",
                "Cxqj",
                "2e-cn",
                ":uP@",
                "3i$Z",
                "3N S%",
                "R2::",
                "X*{rAF<",
                "GDdp^",
                "oNA{",
                "&\\gAH",
                "0#T~`",
                "DhK!L",
                "BSS}Z",
                "G%kw",
                ">[#W",
                "Lz=u",
                "TS4,",
                "X}h7",
                "8KE\\",
                "p\\<0L}91",
                "I_pi6",
                "1$[y",
                "M;Z1>%TC",
                "V8ttu#",
                "Xr>`",
                "_Z3G",
                " Q m",
                "bjqml",
                "]]E}",
                "oJ}y",
                "kW*9",
                "K{4O",
                "KJnL",
                "M2:=!",
                "?+/T",
                "a`FK",
                "]k!:",
                "\\#VyG",
                "L@](",
                ":@|L3kM",
                "nLkY",
                "*Z#q",
                "ul_s",
                "sP:!",
                "faRg?",
                "39\\q",
                "YkdvD",
                "He4?",
                "YFlU",
                "<1VS",
                "u=l,",
                "CKf(",
                "q>Ji#QT",
                "BScu",
                "=:p,",
                "Cq#_",
                "9pg}UHEE",
                "(>K)",
                "^.\\wUZw",
                "V\\[r",
                "E +l3c_",
                "7rF|",
                "c#o1",
                "[FUh*",
                "YgYQWE",
                "\"L.>",
                "Q!b0B",
                "1`SC",
                "+Lx/",
                "cbPn^",
                "ZdTv",
                "'O\"zzy",
                "M&af",
                "RdDc",
                "<&<mo",
                "X2^9M",
                "<7It6",
                "\"fEr",
                "4\\FX",
                "%g|`",
                "q+<J",
                "fg1 ",
                "PQq|",
                "Z6>N",
                "gsHQ",
                "^8oHn6+",
                "^]7I\")",
                "JNE_",
                "fTD}",
                "U ]?",
                "NwDq",
                "XwYz",
                "=51s[",
                "Lywh]",
                "H4hH@k",
                "U/qO",
                "vNi0",
                "s6-}",
                ".]p*",
                "-2`>",
                "a8[>{",
                "]j4k",
                "H*AWg",
                "vy@U",
                " Ey)",
                "s[-s",
                "*iW9n]",
                "JWe'",
                "]&pi",
                "@+uj",
                "Hg'.K",
                "TUe0/",
                "*a)W",
                "F;x0",
                "LmX+",
                "G4u'",
                "(iq*AB",
                "(Jwg;a",
                "X\"e[p_<m",
                "#c5Nj",
                "qq~BK",
                "HGO',",
                "txvZ",
                "~ops",
                "*jT/",
                "}EZ2'K",
                "4wrZ",
                "6N7q",
                "/a@\\",
                ",0?$",
                "OU/D",
                "3\\45",
                "anv5J",
                "aSHy6",
                "}Th1",
                "9\\YC]5j",
                "Q%)F+",
                "hQD-",
                "M:Jd",
                "z${s",
                "zlN$",
                "gZT-",
                "NFcoO",
                "kKCQ",
                "nKKu!",
                "l2~`",
                " XUYx\\",
                "1O\\e",
                "yDr[3U",
                "O;6fx",
                "YQq^I",
                "EH~j",
                "[xt\"z",
                "eP2b",
                "y8/?",
                "f}5Q^",
                "h6I\"",
                "wHH%",
                "C]rS",
                "i,Gb",
                "x&UF",
                "B)uE",
                "F6IKy",
                "`f-z",
                "7|in",
                "`/S|f",
                "./DH",
                "t%#i}Z",
                "QByE",
                "|k/[h",
                "LK%+",
                "*lbbV",
                "pcR*1",
                "+Z7)z",
                "[%k,",
                "&5)O",
                "gIMO",
                "*k;E",
                "3b8?",
                "5Hz$",
                "7$IR)",
                "~>n3",
                "$F=DY",
                "=#wL",
                "}=,J\\",
                "rt}}t&",
                "tA)i",
                "}D`}",
                "Uok(T",
                "R;dy?P",
                "wH[r+",
                "@cp9[/]aYa",
                "cgld",
                "<:GDP",
                "c9v<Yd*",
                " x:Ef",
                "/,=T",
                "q%xv",
                "D|}!",
                "v1QC",
                "7w$m",
                "kd\"'",
                "=Q=hCt",
                "S,>J",
                "@vwd",
                "YV{z",
                "C21D",
                "T' /<",
                "9w^S",
                "jONC)s",
                "pXS\"",
                "Ku?>",
                "B[Ca",
                "Y55N",
                "Y>E(",
                " 4yb",
                "}^*F",
                "7A9:",
                "+N=Kw 4@",
                "c>r1",
                "uX7<",
                "JM'w",
                "vs/>",
                "DD4y",
                "pcy!@S.@n",
                "\\KQAu",
                "\"}ir",
                "\"<2{",
                "6v)A",
                "'$(O",
                "L{,'",
                "U#J3",
                "[i2\"",
                "9}|8",
                "B&X^",
                "D9U]w",
                "7Uw1",
                "lAxna",
                ".f\\@y",
                ";~*W",
                "!wWU",
                "pSMu1",
                "3{\"1#!",
                "`lz=",
                "nt- ",
                "Jx0#",
                "$%4m",
                "g|Jo",
                "!6a)+#",
                "&exC",
                "d>m,",
                "/{xL",
                "y2k/}F",
                ")'nwl",
                "u{u)*qw?",
                "\"[(=",
                "(,{V8",
                "p~xi",
                "GHhE",
                "n)Rv",
                "04)9",
                "aj 1",
                "pg>)",
                "NJ<N",
                "22u6",
                "`u]B",
                "z1g+",
                "fF28R",
                "(`&^41",
                "4OO'x",
                "906vGV",
                ";)bS",
                "#,B8",
                "Y].-",
                "ou=\\[Ak",
                "]I?.",
                "!Dw1",
                "c1rY+",
                "O$r*6",
                "PL!gp*",
                "9<''",
                "ST4-",
                "1[j^",
                "ppN2Q",
                "8ithA",
                "G|>A",
                "->,B",
                "dY{6",
                "4{BV",
                "6lnL=",
                "x}+t",
                "<>di",
                "RCxFyC",
                "z9*p",
                "S0xA>B",
                "Nbq%",
                "S!X-q",
                "a{18",
                "dvS-G",
                "Z6;:",
                ",Mx&",
                ">5$w",
                "-2&;u",
                "uM} s(i",
                ".bq)",
                "UwW\\h",
                "`}TE",
                "lS{YW",
                "Ygy3",
                "vEh,j",
                ":ym\"",
                "lg2&G",
                "7Tz+",
                ",~-6",
                "bbF%S",
                "vh/3T",
                "3v{y",
                "B$!8",
                "R&# ",
                "E$!x",
                "$#xd",
                "$!P`",
                "PROT_EXEC|PROT_WRITE failed.",
                "$Info: This file is packed with the UPX executable packer http://upx.sf.net $",
                "$Id: UPX 3.94 Copyright (C) 1996-2017 the UPX Team. All Rights Reserved. $",
                "vyB!F",
                "dBx'2",
                " HC\"",
                "J%1c",
                "@tDB",
                "A&v}",
                "sUge",
                " @*i8",
                "80c=",
                "VA*w$",
                " &Nw",
                "_u7k",
                "-R3\"",
                "K,^<.",
                "ArHF,tC^",
                "emO<V(A48",
                "l(bJ",
                "x0eJ,x7",
                "4H)6",
                "r9aQ",
                "$SJy&",
                "19d7",
                "UPX!"
            ]
        }
    ]
}