{
    "malware_data": [
        {
            "filename": "f40d25d149bb970c7cff3fec7dfde5f2d5a0dce52cd2fb339de144160e68e705.elf",
            "filetype": "7F454C46",
            "filesize": "53KB",
            "hash_sha256": "f40d25d149bb970c7cff3fec7dfde5f2d5a0dce52cd2fb339de144160e68e705",
            "strings": [
                " NUPX!",
                "Tp^N",
                "'9}Q",
                "Y0Rb",
                "i-,p",
                "w6y3",
                "!5WF",
                "n9F|J",
                "-2k*%<",
                "H]d#",
                "[A<|",
                "YB(d",
                "o49(X",
                "69U3",
                "CK8D",
                "X/JE",
                "WEN\"",
                "%I9up",
                "53y@",
                "paDW",
                "o8?hY}",
                "Uq6t",
                "|%K'",
                "N#9.",
                "6C/NmA",
                "|MmR\"|",
                "EQT$r",
                "xT~kE",
                "FYO+",
                "Ok2\\",
                "5gKAg",
                "~~\\q",
                "Iv!|",
                "WWsR",
                "\\A9%",
                "&%I@",
                "~'CB",
                "D\\&y",
                "/z(`",
                "Xx9C-",
                "3)Iy",
                "X '1",
                "\"D?pX%",
                "yNm8",
                "Vd\"~A%&",
                ".A<$No",
                "Z?DT",
                "hT5&UqHKe",
                "(FPi",
                "y2Of",
                "=$?Jt",
                "=tn&{",
                "8B Hc",
                "}xp%",
                "_o>S8",
                "'C#CdH",
                "na7W",
                "&:09\"0",
                ",c.#d{-",
                "T^{[",
                "r;<Gf",
                "|xZ7T",
                "Ec|);-FDR",
                "wv?F",
                "^<2L",
                ">3.V",
                "4uTM",
                "]o3'",
                "iNTvtwe",
                "oOW\"",
                "hYJ<",
                "1(+=[",
                "N6][.",
                "4VAv",
                "h4$-",
                "0=^x",
                "491L",
                "6`q(;",
                "HDhh",
                "5Z{vPy",
                "(4Hd",
                "Oy%z.",
                "cs2_\"",
                "}Y0~sJ",
                "y0Q\\",
                "J0\\U",
                "n<QT",
                "OksY",
                "X~7U",
                "2moJ",
                "3%v&",
                "}@Kj",
                "5bDk",
                "Qr}k",
                "SbZc",
                "u>I0",
                "\"m<%",
                "LWU\"",
                "*L]@",
                "% +R",
                "0o~'P",
                "|w+l-<",
                "Bf F",
                "WsvJ",
                "j[wpg",
                "d|`X",
                "l/n~",
                "W_Adx",
                "}-39I",
                "B5.x",
                "3n6t",
                "X2}-^",
                "fAYf",
                "Zk^W",
                "y_x|",
                "hEnm",
                "+9NQ",
                " zKpB",
                "CqmR",
                "G]l*",
                "hI/k",
                "jjQ+Q",
                "/J+uw",
                "Y/k*",
                "q4i2",
                "y:[E",
                "k4vS",
                "jA&p",
                "/WyN",
                "XnN^z",
                "7x0;",
                "mD,g",
                "uv\\E",
                "^Q~wD",
                ",VIa",
                " n6>X",
                "8nAq^",
                "HwEA",
                "y<O~",
                "/Ntf",
                "OU%#",
                "&w]&",
                ";J>_",
                "]FLT",
                "D9vK",
                "q8%>",
                "YZyCR",
                "|M_x",
                "(H8\"",
                "$*>#",
                "#2`d_6E",
                "0>Q(",
                "v|e/",
                "5b>R",
                "<6X:",
                "JJid",
                "-Jl]",
                "o[iL;",
                "tY-w",
                "HuU2",
                "?}7K",
                "imPoQ",
                "j{|m",
                "9.In",
                "(Tiwu6",
                "XG,*\\1UF",
                "6y!J",
                "[0\"%",
                "S?URHrb",
                "KcK5",
                "UD0q!",
                "@}pM",
                "nuaY",
                "Sm-.",
                "QP,K'jpd",
                "j9iP",
                "gH2q{",
                "G^<q",
                "Ab jv",
                "_q<F",
                "``Jt",
                "V\\eM",
                ";$}B-!",
                "p ?$W",
                "8FMk<",
                "I#i|",
                "Qdt)",
                ",;jD*",
                "pwi^",
                "liVja",
                "i,H0",
                "^.tM",
                "Fi2~",
                ".Zoa$G",
                "B-Q&;",
                "V-9ju",
                ":(N;",
                "*c`)",
                "QS6<,",
                "1>`Zf",
                "'Vn;",
                "8ef/",
                "G/v!",
                "j ^E",
                "@~:Z",
                "\"||)",
                "}32^7",
                "YhbQ'",
                "TDhc",
                "/<rC",
                ",?u)Up",
                "-u\\X",
                "F`]yZ",
                "MMw$Uf",
                "G#Nr`",
                "`cXp",
                "VxME",
                ")my+",
                "%slR",
                "u!23\"*",
                ";/wcM",
                "/xkX\\c",
                "5b#W",
                "eB>NR",
                "Q&JJ",
                "lfNc",
                "c$}QT8.px}",
                "gFD&",
                "P6`zp",
                "J97j?",
                ",~$7",
                "*\\NEnUJ",
                "kvKa",
                "79U&",
                ")7?6",
                "4rG*",
                "d69{l",
                "Z[kJ",
                ".4/w",
                "[,?Z",
                "\"XuiV",
                "WMw:=",
                "rSR%r",
                "Ge\"1",
                "g{R+",
                "-FHq",
                "A=, ",
                "Gd6n",
                "T6f%",
                "c`>G/",
                ",*FL",
                "C!z(",
                "y:l%",
                "K&KF",
                ")F*s",
                "+NNT",
                "3BSeX",
                "-n~(W",
                ",Kn%",
                "l-0y!",
                "f0%ll",
                "X8sy",
                "?(D$U&",
                "k.E|@",
                "@qM<b",
                "t1\\4",
                "?WK&I7",
                "8]<=",
                "mIrGy",
                "-6#X",
                "<yP8+2",
                "9r=D",
                "?v`9s",
                "Ki(6j+Y",
                "+GFq",
                "V0BU",
                "* X|c",
                "OT0.X",
                "31^JvP].",
                "OL.q",
                "VdmL",
                "Qr-YuS",
                " g?|h",
                "d4<'n",
                "XB+4",
                ":H{[",
                "cF!v",
                " 4ui",
                "(xJ&",
                "Vfm3b",
                "M2tRsUG",
                "6QZO",
                ")#6OC",
                "FRBA",
                "0kux",
                "HP:)",
                "1}<}",
                "HMTX",
                "Nt1+",
                "LWm%7",
                "nUIh",
                "iid^",
                ":|X=",
                "@8;G",
                "0{QlAy",
                "m?}&M",
                "0wWP</",
                "xO)06E",
                ";Y^ZN",
                "vy9H",
                "j[U[",
                "E_%b3",
                "/.wOL",
                "sH_k'",
                "n4bu",
                "o0x7",
                "WxaH",
                "; nx",
                "#X^S4",
                "6n5:",
                "{1cXz",
                "U+~>",
                "BR!-",
                "wD$ !4",
                "Y`N ?]G5",
                "A>@o",
                "oJ-Y",
                "u*`,R",
                "Sxie",
                "xsgYSe",
                "wW>i",
                "2.]|T#",
                "i*cA",
                "IY,J",
                "u9)Aq",
                "l-@v",
                "r)bR",
                "+>jh",
                "MYG;hHz",
                "7LPZO",
                ")ZUm>",
                "Lsk6",
                "+#{E",
                "bb!Z",
                "5]>Z",
                "&'iW",
                "fBpn;",
                "6yhg",
                "z[L-",
                "(<4a",
                "Mq?zC",
                "i6DI\"A",
                "2m.WL4q",
                "$.Kn",
                "M(7\"",
                "ynxVu",
                "`q| ",
                "!+Ej$mf",
                "1FjO",
                "a/M4<>4",
                ";y5 [",
                "xaH[",
                "SY6 A",
                "BYG0",
                "`sQMeA",
                "FE?a",
                "=bO ",
                "HzM|",
                "=;9?\"pT'",
                "`<iK",
                "Le+p+9z,",
                "KtHN",
                "]v?9",
                "o7CS",
                "^*R0l",
                "*lK ",
                "n#N2",
                "T.t ",
                "mkt\"e1",
                "}_aS",
                ";fj|=:",
                "W,+;i",
                "J,d~",
                "Vh(E",
                "jE0l",
                "-f4/!",
                "p3` ",
                "7^Y8,f9",
                "B:!m",
                "K\"p.",
                "]&K)",
                "C=<H",
                "*3m&",
                "{h|Fr",
                "S.sM\\",
                "Ww=b$",
                "8>|]$j",
                "^sLR",
                "<_n&tqQ,",
                "A7dh",
                "ss5nX",
                "4fXi",
                "=krj",
                "v*J%",
                "z&!Z",
                "&>|H",
                "Pb )",
                "PROT_EXEC|PROT_WRITE failed.",
                "$Info: This file is packed with the UPX executable packer http://upx.sf.net $",
                "$Id: UPX 3.94 Copyright (C) 1996-2017 the UPX Team. All Rights Reserved. $",
                "5n9#",
                "]=2)",
                "%b')",
                "/Cw@Z&",
                "9e(1",
                "xjqX",
                "/Vv<",
                "-zL0U",
                ":LM'",
                "~!'\"?",
                "gn;>",
                "`dOW",
                ">G\"V",
                "G0KT",
                "o9ruVu{",
                "A3Zp",
                "5(Ix5",
                "[NI.",
                "[zu%Z",
                "b/h>@%",
                " ;\\4",
                "+Ofp",
                "vg6z=B",
                "+%}j",
                "6LKK",
                "Ip(c;",
                "F]I}",
                "*'qLvC5",
                "uyCh",
                "XBJ#L7",
                "BbN~",
                "JIu%D",
                "U|?0",
                "&J'>]",
                "uUJ2CW./G",
                "Xa,00",
                "uH)ZZ",
                "6QF>",
                "!%EP2",
                "k\"$@",
                "J&#e",
                "l]xQ",
                "(c9B",
                "vbfT`",
                "P89x",
                "^EP2",
                "[fu/8",
                "FM^,",
                "=Rxt",
                "PQWC",
                "S'YU",
                "Vzbg",
                " sxsX",
                ",g|AR",
                " +*=c",
                "v>S%p",
                "&pRN",
                "h)r|",
                "fZGJ",
                "6Q>Z",
                "jB#?",
                "H~k4",
                "$WW^5`",
                "Azqw?[",
                "/s)~",
                "'u_$z",
                "1]4S",
                "Li ^$F}*",
                "RNB12y#",
                "3y&1",
                "kEl@=",
                ",05i",
                "uS>\\",
                "l;#>@",
                "L-Uk",
                "8(=2",
                "?7j_",
                "2vVx",
                "[(s,",
                "roF~",
                "aP8zd3",
                "@h*g",
                "J'hn",
                "i'*he",
                "\\U/Ot<",
                "l~oI",
                "7/mR",
                "}lpa",
                "{|bqk3",
                "HIcX",
                "D35rv",
                "*<eq",
                " CPE",
                "_gv+>",
                "pkc+",
                "RH$Tu",
                "[Sg'",
                "/9.n].",
                "R/'C4",
                "JI?2",
                "PI$F:c",
                "Nb2B",
                "\\ybT:$",
                "FxxJe",
                "pf\"~p6",
                "h&l+",
                "P'{t)m",
                "l!@z?",
                "+ I)",
                "A/FH",
                "fhow",
                "|9\"V.",
                "iB@SUI",
                "_9=0fu",
                "f A;%",
                "uTy,\\",
                " +sF",
                ".O4X",
                "r,-U",
                "7`gB",
                "L]_@r",
                "W@+T",
                "U<*[",
                "Xpl*",
                "Rt[;",
                "dFs$]",
                "Khb1",
                "6F)S",
                "X$e ",
                "9765",
                "CWTm",
                "U{o\\",
                "wVS:#",
                "\\il-",
                ".pV|O\"",
                "dV.P",
                "wCYs",
                "Uac:",
                "|fR*",
                "klwu",
                "~d\"#",
                "8q+K",
                "$C\\9",
                "rGI0",
                "3<xeB\\[t",
                "bONV7",
                "&mf&",
                "|`oG",
                "RTzZ",
                "kiB,",
                "EiPg",
                "?-q0Gf\\",
                "?bL,",
                "w__vTf",
                "({}0%=",
                "N2To",
                "%ORH",
                "O/\"1",
                "l5{M",
                "es9!*y",
                "V5E ",
                "*BAS",
                "jQYiu",
                "o%^&",
                "2a.b",
                "N04[",
                "%}j>t",
                ">kU+8",
                "W2F{",
                ")-)^",
                "riEHS",
                "Gv3+",
                "#%Lf",
                "{ksI",
                "/zNU8",
                "1~G;",
                "0n{,I",
                "`A0\"",
                "!vu35",
                "n hu",
                "^F}]",
                "VuI\"[",
                "ya`>]F",
                "g)Z#",
                "3~t:",
                "DHN'",
                "PA ]<",
                "NJ1&",
                "lV:'",
                "Olbz",
                "rz1%.<h",
                "1*5u",
                "'t) ",
                "0LL=l",
                "=Ri]ZUDC~",
                ",wmKlO",
                "vEY[",
                "3Z>\"",
                "AhlDS",
                "S+#`",
                "x0!/",
                "FoKO",
                "K,~m",
                "(nQI",
                "ovfy|",
                "Uo,q",
                "R\":<w",
                "UPX!"
            ]
        }
    ]
}