{
    "malware_data": [
        {
            "filename": "ee5ad4f256c89ac9dd9d96f384cabbe25a731835561f9741b1314d51f66a014a.elf",
            "filetype": "7F454C46",
            "filesize": "33KB",
            "hash_sha256": "ee5ad4f256c89ac9dd9d96f384cabbe25a731835561f9741b1314d51f66a014a",
            "strings": [
                "UPX!`",
                "~nd9",
                "_]~)",
                "J8u ",
                "/jfK",
                "*#mx",
                " X.5",
                "\\N=6V",
                "L.r'",
                "^Huo>",
                "uC?O",
                "?;'5",
                "$j@Z",
                "lZ\")",
                "P@`tq",
                "Kkf>$",
                "UcR%",
                "t`3l",
                "lzd8",
                "/X|z2",
                "G*lg(",
                "\\ezx",
                "x-Rl",
                "^eOM]Ef",
                "[DU\\",
                "L~gqr",
                "KOL>",
                "kAIE",
                "P2I=",
                "R)/{",
                "^CjV-R",
                "}FMm_?",
                "T#WtW",
                "bkN>",
                "#^d[",
                "#0p%",
                "c4Sz",
                ":4pm",
                "vWZG",
                "0=^nv",
                "#|Z#eE",
                "/zy6%",
                "nSNc[",
                "x}!i",
                "9|h3",
                "~Pg!",
                "N4u_",
                "`sMD",
                "AG2x",
                "jyf}",
                ",a^X",
                "w~(1^hj",
                "v;O'",
                "Cul{W",
                "DyfD",
                "@x6v",
                "m0l1",
                "`/)I",
                "+8f-?\"",
                "GX[D",
                "@=&2",
                "rt0j ",
                "/I`;",
                "8O{3,&^\\",
                ");vh",
                "J^wd]",
                "kT <}",
                "dd?a",
                "&QqeJk",
                "jWhVH'",
                "0`&E",
                "q;Ye",
                "XJCA",
                "wYA>",
                "M&rEo",
                "sz4K",
                "|%8d",
                "yy{|",
                "^C-Og+",
                " :bRD",
                "!1+ !",
                "qe#=eq",
                "K.[W",
                "k~^`*0",
                ")H<9gs",
                "=cvS",
                "WcA%A",
                "CD8Fp",
                "Tk}'Mn",
                "i9dO",
                "4[%}",
                "MWgg$",
                ".3kJ#Z",
                "MYLY",
                "l6y{",
                "J9b,o ",
                "x]6]",
                "06~k",
                "M{vR",
                "glMQ",
                "8WKg",
                "|E7c~c",
                "%?|{b",
                "nbn$",
                "YeU'",
                "R{Pkw",
                "?9TP",
                "#>Xk",
                "Z4PI",
                "GhMb",
                "'.n1o",
                "k=;=",
                "xAuOL",
                "9fgGx",
                "5(p|",
                ".*xx6",
                ">Q_Y",
                "ZN^Y",
                "hKrx",
                "_o\"{J",
                "qb3$",
                "*\\boB",
                "{^#c",
                "J |9'?d",
                "3sb\"-Z",
                "#$mq",
                "^e)Q",
                "KX9h",
                "70u[",
                "E#FFo^",
                "- -i-",
                "h4j_6",
                "WwqB'",
                "wjkq",
                "MAFUh",
                "V^JQ",
                "keoO",
                "q@L3",
                "]8=F",
                "nChK",
                "_iFG?",
                "3MAk",
                "id5F",
                "L}0|",
                "<n*'",
                "}3$J",
                "^>JN",
                "]f{U\\f5TQ>]",
                "<q]g",
                "/4\\X",
                "z/>M",
                "R7}[",
                "+c`\\:V",
                "/<E`",
                "[q]*&m",
                "w=!5)c",
                "{izvA",
                "7R\\Z",
                "]T6*",
                "[Z$^",
                "\\(vo",
                "M\"}f",
                "-zNa",
                "%yza",
                "V_|;t",
                "{@+c",
                ";H0W",
                "d\\Do:S)",
                "E8`,",
                "}f9G",
                ";Xey",
                "Ny`[",
                "A<\"=",
                "/;=VG8e#",
                "13!(",
                "*#&(@v",
                "~8wd",
                "Pojm",
                "W}X=@3",
                " A!`",
                "7&==pa",
                "et(:",
                "'oc0",
                "~Q\"p*",
                "0T#o",
                "&$pc",
                "]prW",
                "_GP.",
                "]0tw",
                "&6!#",
                "&L5%",
                "IAS<",
                ">aj&",
                "hu06",
                "luqB",
                "kTh9",
                "D=p$U",
                "\"T%g",
                "S%o4Lb",
                "!W@o",
                "V@<0",
                "q{8}",
                "o)n'",
                "?R+&",
                "g3=XB",
                "-QUU",
                " k'>",
                "R`1l",
                "fmJ%#",
                "#>J}",
                "sA\\&S",
                ".(+{3",
                "z>GN",
                "5 z2Aw",
                "Lxdh",
                "jC'O]t",
                "-4F&",
                "5k#`",
                "v?:4,",
                "\"++m",
                "r!9%",
                ")+wSN",
                "MN Ev",
                "jj.[",
                "r4RuS",
                "rHsU",
                "r|HU0",
                "3[Rs",
                "Mw(Kx",
                "+{`E",
                "&&Rq",
                "b@}j",
                "[I&(o",
                "^f8t",
                "Z9}\\",
                "QU-F",
                "0_3u",
                "wo-A",
                "e^wI",
                "e]T9",
                "55fnM",
                "\\?t>j",
                "]%-ou",
                "U<hX",
                "GueY u",
                "\\<~`",
                "0R`kX",
                "vjo`S",
                "q'BR",
                "`MDI",
                "KT4f+U",
                "[S8^4Q{",
                "s,dR",
                "4',vp",
                "wSnq",
                "}?G_",
                "0ifR",
                "E?Jt",
                "n+d-",
                "L}.#",
                "|>}5,",
                "7go@",
                "5A9f",
                "\\[}1",
                "YNi4",
                "rS%*",
                "2EX2",
                ",1#~",
                "YUgJ",
                "\\3D7",
                "0w60AK|?",
                "s*xQ ",
                "@FqZ",
                "R;v]",
                "Jjpd9q",
                "*#']",
                "b$a6",
                "f>S9E1y",
                "T}yQ",
                "=[#o",
                "E9k-",
                "x<yD",
                "]ES/",
                "* 1Z)",
                "C*PU",
                "A>\"A",
                "2`J{",
                "qK`H",
                "DLBp",
                "U}L&3",
                "$y+P*R",
                "\"o8XE",
                "7C29",
                "X2UI",
                "$m'ot'*",
                "bw)b",
                "9iEE",
                "y{:V",
                "0MlC;",
                "WwNWvx8j",
                "!loT:",
                "ng+X8e",
                "K(Nv",
                "oQ+S",
                "5\"RJ",
                "YA\\`ST2=Sd",
                "aXTY",
                "ubEl",
                "4X&%",
                "_AH~sLR",
                "HZ{5P",
                "Q!7H%",
                "0@^#",
                "!Eqi",
                "*w,Ctw",
                "P.e9",
                "|\"a)",
                "qbu$",
                "hwWn",
                "%Vr!Or",
                "UyQ?",
                "xju;!",
                "+GHtJ<",
                "^!xa",
                "CXE*:J",
                "L76F0",
                "[=0aR(T^",
                "0D=1e",
                "6Mfo",
                "?[,4sM",
                "B$!8",
                "R&# ",
                "E$!x",
                "$#xd",
                "$!P`",
                "PROT_EXEC|PROT_WRITE failed.",
                "$Info: This file is packed with the UPX executable packer http://upx.sf.net $",
                "$Id: UPX 3.94 Copyright (C) 1996-2017 the UPX Team. All Rights Reserved. $",
                "vyB!F",
                "dBx'2",
                " HC\"",
                "J%1c",
                "@tDB",
                "A&v}",
                "sUge",
                " @*i8",
                "80c=",
                "VA*w$",
                " &Nw",
                "_u7k",
                "-R3\"",
                "K,^<.",
                "ArHF,tC^",
                "emO<V(A48",
                "l(bJ",
                "x0eJ,x7",
                "4H)6",
                "UPX!",
                "|/Cr{"
            ]
        }
    ]
}