{
    "malware_data": [
        {
            "filename": "166cbf3c1dbadae88b99b409f7c08afa849b5426c17e0fcff28bc6c7d31b379d.exe",
            "filetype": "4D5A9000",
            "filesize": "45KB",
            "hash_sha256": "166cbf3c1dbadae88b99b409f7c08afa849b5426c17e0fcff28bc6c7d31b379d",
            "strings": [
                "!This file was created by ClamAV for internal use and should not be run.",
                "ClamAV - A GPL virus scanner - http://www.clamav.net",
                "CLAM",
                ".clam01",
                ".clam02",
                ".clam03",
                ".clam04",
                "hh,@",
                "L$l3",
                "hl@@",
                "j0hX@@",
                "h @@",
                "F Rj",
                "Pj'Q",
                "=X2@",
                "SUVW3",
                "D$H(",
                "D$@PU",
                "Qj(P",
                "L$$R",
                "L$$j",
                "L$HQSh",
                "L$HQ",
                "_^]3",
                "VSWj",
                "N Qh",
                "PlRh`",
                "5D2@",
                "htA@",
                "hpA@",
                "hdA@",
                "h`A@",
                "hTA@",
                "hPA@",
                "hDA@",
                "h@A@",
                "h,A@",
                "h(A@",
                "_^]d",
                "WPSV",
                "(SUVWh",
                "L$8_^][d",
                "SUVWj",
                "t$$j",
                "=@0@",
                "l$(j",
                "PUVR",
                "t$0j",
                "\\$4j",
                "_^][",
                "UVW3",
                "T$0WR",
                "l$$[_",
                "D$/@",
                "D$1?",
                "D$2B",
                "D$6x",
                "D$;U",
                "T$@QSh-\\",
                "D$_@",
                "D$a?",
                "D$bB",
                "D$f@",
                "D$oU",
                "D$DU",
                "D$K@",
                "D$Mc",
                "D$Rx",
                "D$UN",
                "D$V<",
                "L$HPSh{]",
                "D$tU",
                "D$[U",
                "D$.R",
                "L$7S",
                "D$,h",
                "D$2t",
                "D$6U",
                "D$Gt",
                "D$Nt",
                "D$QU",
                "D$#U",
                "SSh.",
                "T$8S",
                "D$?F",
                "D$DB",
                "D$G,",
                "D$HF",
                "D$KURh",
                "L$HPSh",
                "D$gF",
                "D$lB",
                "D$nF",
                "D$qF",
                "D$r\\",
                "D$;Sh",
                "D$0SPh",
                "D$Et",
                "D$G`",
                "D$IG",
                "D$J<",
                "D$MG",
                "D$Oa",
                "D$WU",
                "D$/G",
                "D$0,",
                "D$4C",
                "L$8SQh",
                "D$TG",
                "D$U,",
                "T$hSRh",
                "D$z;",
                "D$|u",
                "5T0@",
                "5@0@",
                "%|0@",
                "% 1@",
                "%(1@",
                "%,1@",
                "%01@",
                "%41@",
                "%81@",
                "%<1@",
                "%@1@",
                "%D1@",
                "%H1@",
                "%L1@",
                "%P1@",
                "%T1@",
                "%X1@",
                "%\\1@",
                "%`1@",
                "%d1@",
                "%h1@",
                "%l1@",
                "%p1@",
                "%t1@",
                "%x1@",
                "%|1@",
                "=@C@",
                "h<C@",
                "h@C@",
                "%<2@",
                "%@2@",
                "hSVW",
                "5$C@",
                ">\"u:F",
                "XPVSS",
                "%H2@",
                "%02@",
                "% 2@",
                "%L2@",
                "%`0@",
                "%d0@",
                "%h0@",
                "%H0@",
                "%P0@",
                "gfffff",
                "@X)@",
                "MFC42.DLL",
                "__CxxFrameHandler",
                "_ftol",
                "_mbscmp",
                "__dllonexit",
                "_onexit",
                "MSVCRT.dll",
                "_exit",
                "_XcptFilter",
                "exit",
                "_acmdln",
                "__getmainargs",
                "_initterm",
                "__setusermatherr",
                "_adjust_fdiv",
                "__p__commode",
                "__p__fmode",
                "__set_app_type",
                "_except_handler3",
                "_controlfp",
                "FreeLibrary",
                "GetProcAddress",
                "LoadLibraryA",
                "OpenProcess",
                "Sleep",
                "CloseHandle",
                "GetCurrentProcess",
                "Process32Next",
                "Process32First",
                "CreateToolhelp32Snapshot",
                "GetVersion",
                "WinExec",
                "LockResource",
                "SizeofResource",
                "LoadResource",
                "FindResourceA",
                "DeleteFileA",
                "WriteProcessMemory",
                "VirtualAllocEx",
                "Module32Next",
                "lstrcmpA",
                "Module32First",
                "ReadProcessMemory",
                "GetModuleHandleA",
                "GetStartupInfoA",
                "KERNEL32.dll",
                "MessageBoxA",
                "SetWindowLongA",
                "GetWindowLongA",
                "LoadIconA",
                "SendMessageA",
                "DrawIcon",
                "GetClientRect",
                "GetSystemMetrics",
                "IsIconic",
                "PostMessageA",
                "SetDlgItemTextA",
                "CallNextHookEx",
                "GetKeyState",
                "SetWindowsHookExA",
                "MessageBeep",
                "EnableWindow",
                "USER32.dll",
                "AdjustTokenPrivileges",
                "LookupPrivilegeValueA",
                "OpenProcessToken",
                "GetUserNameA",
                "ADVAPI32.dll",
                "_setmbcp",
                "Failed to find the User32.dll in the System Directory!",
                "Transparent Failure",
                "SetLayeredWindowAttributes",
                "User32.DLL",
                "Red Alert 3 V1.0 Plus 7 Trainer By KelSat",
                "ra3_1.0.game",
                "The Game Is Running !",
                "The Game Is Not Running ...",
                "SeDebugPrivilege",
                "Windows Vista",
                "Windows Server 2003",
                "Windows XP",
                "Windows Me",
                "Windows 98",
                "Windows 95",
                "%d.%d",
                "C:\\Windows\\System32\\Notepad.exe ",
                "C:\\Windows\\Temp\\ReadMe.txt",
                "Text",
                "SUSMO",
                "-NUS*NUSMO:_",
                "-NUS*NUSMO1_",
                "-NUSMO:_",
                "UMO7_",
                "UMO1_",
                "This is the trainer readme",
                "This is the trainer readme CHS",
                "This is the trainer readme CHTdasdasd",
                "jjjjj",
                "TEXT",
                "CTrainer",
                "Arial",
                "Game Status",
                "Operation System",
                "Login Name",
                "Trainer HotKey",
                "Trainer By KelSat",
                "Shift+M - Unlimited Money",
                "Shift+P - Unlimited Power",
                "Shift+T - Unlimited Points",
                "Shift+B - Instant Bulid",
                "Shift+G - Powerful Unit",
                "Shift+K - Poor Unit",
                "Shift+F - Full Top Secret",
                "Shift+D - Instant SideBar",
                "Shift+N - Powerful Group",
                "Shift+M - ",
                "Shift+P - ",
                "Shift+T - ",
                "Shift+B - ",
                "Shift+G - ",
                "Shift+K - ",
                "Shift+F - ",
                "Shift+D - ",
                "Shift+N - "
            ]
        }
    ]
}