{
    "malware_data": [
        {
            "filename": "ee8623307bbea96542aa91b81601f9b4362cc474fa4257628f99e3bb087c3f4c.exe",
            "filetype": "4D5A9000",
            "filesize": "343KB",
            "hash_sha256": "ee8623307bbea96542aa91b81601f9b4362cc474fa4257628f99e3bb087c3f4c",
            "strings": [
                "!This program cannot be run in DOS mode.",
                ".text",
                "`.rsrc",
                "@.reloc",
                " @B/",
                "jXi(",
                "j[81",
                "_b_9",
                "_bj_9",
                "_daT",
                "jX}y",
                "_b`*",
                "b`~z",
                "ba~z",
                "ba~{",
                "?_d ",
                " vT2",
                "f_`X",
                "f`aX",
                "XjXo$",
                "%%o#",
                "vlmX",
                "*BSJB",
                "v4.0.30319",
                "#Strings",
                "#GUID",
                "#Blob",
                "]'g'",
                "[UiU",
                "Z^g^",
                "i_{_",
                "3e?e",
                "#S( ",
                "(S( ",
                "PS- ",
                "_S2 ",
                "dS7 ",
                "iS< ",
                "nSA ",
                "sSF ",
                "xSK ",
                "d\\-$",
                "i\\:$",
                "n\\N$",
                "s\\b$",
                "x\\o$",
                "(] &",
                "/]6&",
                "6]L&",
                "=]`&",
                "D]t&",
                "\"^u(",
                "b_$+",
                "9`~+",
                "[a(.",
                "ba>.",
                "iaZ.",
                "pag.",
                "wa}.",
                "Qb 0",
                "Xb60",
                "_bC0",
                "fbO0",
                "mb]0",
                "tbk0",
                "{bx0",
                "#cW2",
                "*ce2",
                "1cs2",
                "yc*3",
                "(d#5",
                "/d85",
                "6dH5",
                "=d^5",
                "Ddm5",
                "Ve-7",
                "]eK7",
                "deY7",
                "keo7",
                "%fD8",
                ",fV8",
                "3fh8",
                "rf$9",
                "yf19",
                "eg!;",
                "lg/;",
                "sgA;",
                "zgN;",
                "5h/<",
                "<hO<",
                "Che<",
                "Jh{<P ",
                " uXN",
                "U\\$$",
                "U\\2$",
                "U\\E$",
                "U\\Y$",
                "U\\g$",
                "U\\{$",
                "U\\)%",
                "U\\G%",
                "U\\b%",
                "U\\x%",
                "U\\,&",
                "U\\B&",
                "U\\W&",
                "U\\k&",
                "U\\~&",
                "U\\J'",
                "U\\*(",
                "U\\7(",
                "U\\D(",
                "U\\R(",
                "U\\_(",
                "U\\m(",
                "U\\z(",
                "U\\1)",
                "U\\F)",
                "U\\`)",
                "U\\{)",
                "U\\)*",
                "U\\?*",
                "U\\M*",
                "U\\[*",
                "U\\i*",
                "U\\w*",
                "U\\0+",
                "U\\F+",
                "U\\\\+",
                "U\\s+",
                "U\\D,",
                "U\\c,",
                "U\\ -",
                "U\\9-",
                "U\\H-",
                "U\\T-",
                "U\\i-",
                "U\\}-",
                "U\\!.",
                "U\\4.",
                "U\\M.",
                "U\\_.",
                "U\\s.",
                "U\\$/",
                "U\\2/",
                "U\\E/",
                "U\\\\/",
                "U\\m/",
                "U\\{/",
                "U\\,0",
                "U\\;0",
                "U\\H0",
                "U\\T0",
                "U\\b0",
                "U\\p0",
                "U\\}0",
                "U\\,1",
                "U\\?1",
                "U\\R1",
                "U\\`1",
                "U\\s1",
                "U\\92",
                "U\\M2",
                "U\\\\2",
                "U\\j2",
                "U\\~2",
                "U\\73",
                "U\\P3",
                "U\\h3",
                "U\\w3",
                "U\\&4",
                "U\\?4",
                "U\\Y4",
                "U\\r4",
                "U\\(5",
                "U\\=5",
                "U\\T5",
                "U\\c5",
                "U\\z5",
                "U\\%6",
                "U\\36",
                "U\\A6",
                "U\\T6",
                "U\\i6",
                "U\\$7",
                "U\\=7",
                "U\\P7",
                "U\\e7",
                "U\\{7",
                "U\\+8",
                "U\\:8",
                "U\\N8",
                "U\\`8",
                "U\\w8",
                "U\\)9",
                "U\\69",
                "U\\H9",
                "U\\[9",
                "U\\o9",
                "U\\.:",
                "U\\=:",
                "U\\I:",
                "U\\W:",
                "U\\m:",
                "U\\~:",
                "U\\&;",
                "U\\9;",
                "U\\F;",
                "U\\Z;",
                "U\\q;",
                "U\\$<",
                "U\\@<",
                "U\\[<",
                "U\\q<",
                "SP )",
                "Si Y",
                "Uc!|",
                "Uy!)",
                "OW&\"9",
                "vW,\"",
                "W=\"q",
                "WC\"Y",
                "WS\")",
                "lXt\"Y",
                "X_\"Y",
                "?iM\"Y",
                "i\"=Y",
                "Tf=Y",
                "r'q=",
                "FlA>",
                "UlG>i",
                "ylN>",
                "Ul]>i",
                "lr>Q",
                "ly>Q",
                "mM\"Y",
                "Wn2#Q",
                "n[\"Q",
                "n#?)",
                "n;?Y",
                "mA?Y",
                "m;?!",
                "oU?1",
                "r'[?)",
                ")of?)",
                "Wm?)",
                "mVw?9",
                "ior>A",
                "p#@Q",
                "pF@i",
                "\"qL@i",
                ")5W@Y",
                "Eq`@",
                "tmg@",
                "$n@!",
                "Sqz@",
                "p3@Y",
                "SF`I#",
                "7A`OS",
                "Gynae",
                "ExtensionAttribute",
                "System.Runtime.CompilerServices",
                "System.Core",
                ".ctor",
                "Void",
                "System",
                "mscorlib",
                "CompilationRelaxationsAttribute",
                "Int32",
                "Boolean",
                "RuntimeCompatibilityAttribute",
                "DebuggableAttribute",
                "System.Diagnostics",
                "DebuggingModes",
                "ComVisibleAttribute",
                "System.Runtime.InteropServices",
                "AssemblyTitleAttribute",
                "System.Reflection",
                "String",
                "AssemblyDescriptionAttribute",
                "AssemblyCompanyAttribute",
                "AssemblyProductAttribute",
                "AssemblyCopyrightAttribute",
                "AssemblyFileVersionAttribute",
                "TargetFrameworkAttribute",
                "System.Runtime.Versioning",
                "Gynae.exe",
                "<Module>",
                "Object",
                "<>c__DisplayClass0_0",
                "<>o__8",
                "Schema19",
                "Schema20",
                "<>o__1",
                "Schema21",
                "<>o__0",
                "SchemaRoot",
                "Schema31",
                "Schema32",
                "Schema23",
                "Schema24",
                "Schema25",
                "Schema26",
                "Schema27",
                "Schema28",
                "Schema29",
                "CallArgs",
                "EventArgs",
                "Handler",
                "MulticastDelegate",
                "Schema13",
                "<>c__DisplayClass8_0",
                "<>c__DisplayClass16_0",
                "<>c__DisplayClass16_1",
                "<>o__17",
                "<>o__31",
                "SchemaReaderSql",
                "Extembus",
                "<>c__DisplayClass3_0",
                "Json",
                "StringExt",
                "UserExt",
                "BerkeleyDB",
                "CryptoHelper",
                "Arrays",
                "ParametersWithIV",
                "KeyParameter",
                "IGcmMultiplier",
                "Tables8kGcmMultiplier",
                "GcmBlockCipher",
                "IAeadBlockCipher",
                "AesFastEngine",
                "CryptoException",
                "Exception",
                "DataLengthException",
                "IBlockCipher",
                "ICipherParameters",
                "InvalidCipherTextException",
                "AesGcm256",
                "AeadParameters",
                "StringDecrypt",
                "DeviceMonitor",
                "<>o__2",
                "IPv4Helper",
                "DeviceCap",
                "Enum",
                "ProcessFileHandle",
                "ValueType",
                "UNICODE_STRING",
                "SYSTEM_HANDLE_INFORMATION",
                "OBJECT_NAME_INFORMATION",
                "NT_STATUS",
                "FileMapProtection",
                "FileMapAccess",
                "FileType",
                "OBJECT_INFORMATION_CLASS",
                "ProcessAccessFlags",
                "DuplicateOptions",
                "SYSTEM_INFORMATION_CLASS",
                "MemoryImport",
                "Strings",
                "SystemInfoHelper",
                "Proc",
                "Schema8",
                "Schema9",
                "AccountDetails",
                "Schema10",
                "Schema11",
                "Schema12",
                "BCRYPT_AUTHENTICATED_CIPHER_MODE_INFO",
                "BCRYPT_KEY_LENGTHS_STRUCT",
                "BCRYPT_OAEP_PADDING_INFO",
                "BCRYPT_PSS_PADDING_INFO",
                "Schema14",
                "FileHelper",
                "Schema16",
                "FileScannerRule",
                "Schema17",
                "Asn1Der",
                "Type",
                "Asn1DerObject",
                "PBKDF2",
                "Schema18",
                "Schema1",
                "Schema3",
                "Schema4",
                "IRemoteEndpoint",
                "Schema5",
                "Schema7",
                "RcHdrFd",
                "Program",
                "<PrivateImplementationDetails>",
                "__StaticArrayInitTypeSize=6",
                "__StaticArrayInitTypeSize=12",
                "__StaticArrayInitTypeSize=16",
                "__StaticArrayInitTypeSize=30",
                "__StaticArrayInitTypeSize=32",
                "__StaticArrayInitTypeSize=48",
                "__StaticArrayInitTypeSize=64",
                "__StaticArrayInitTypeSize=66",
                "__StaticArrayInitTypeSize=80",
                "__StaticArrayInitTypeSize=256",
                "__StaticArrayInitTypeSize=1024",
                "__StaticArrayInitTypeSize=6160",
                "<Module>{6A198999-5383-4E63-98B1-1E8555508444}",
                "Attribute",
                "<PrivateImplementationDetails>{42827204-B38E-4A58-93E5-EDCDA1CCCE02}",
                "__StaticArrayInitTypeSize=18",
                "__StaticArrayInitTypeSize=40",
                "m8DC0B16800814D4",
                ".cctor",
                "TreeObject1",
                "List`1",
                "System.Collections.Generic",
                "IList`1",
                "profiles",
                "IEnumerator`1",
                "Enumerator",
                "Char",
                "Func`2",
                "IntPtr",
                "Enumerable",
                "System.Linq",
                "Select",
                "IEnumerable`1",
                "GetEnumerator",
                "get_Current",
                "Empty",
                "FileInfo",
                "System.IO",
                "Func`1",
                "MoveNext",
                "IDisposable",
                "Dispose",
                "TreeObject2",
                "profilePath",
                "First",
                "TreeObject3",
                "dbPath",
                "DateTime",
                "TreeObject6",
                "chiperText",
                "chromeKey",
                "caller",
                "Byte",
                "Skip",
                "Take",
                "ToArray",
                "TreeObject7",
                "CallSite`1",
                "Func`3",
                "CallSite",
                "Create",
                "CallSiteBinder",
                "Target",
                "CSharpArgumentInfo",
                "Microsoft.CSharp.RuntimeBinder",
                "Microsoft.CSharp",
                "Func`4",
                "Invoke",
                "TreeObject8",
                "func",
                "success",
                "get_Count",
                "Environment",
                "GetFolderPath",
                "SpecialFolder",
                "AddRange",
                "Path",
                "XmlTextReader",
                "System.Xml",
                "IEnumerator",
                "System.Collections",
                "XmlDocument",
                "XmlNode",
                "xmlNode",
                "paths",
                "DirectoryInfo",
                "IEnumerable",
                "get_Item",
                "profile",
                "profilesDirectory",
                "TreeObject4",
                "KeyValuePair`2",
                "Where",
                "FirstOrDefault",
                "get_Key",
                "get_Value",
                "connector",
                "result",
                "address",
                "IContextChannel",
                "System.ServiceModel",
                "MessageHeader",
                "System.ServiceModel.Channels",
                "NetTcpBinding",
                "XmlDictionaryReaderQuotas",
                "System.Runtime.Serialization",
                "NetTcpSecurity",
                "MessageSecurityOverTcp",
                "AddressHeader",
                "EndpointAddress",
                "EndpointIdentity",
                "ChannelFactory`1",
                "Binding",
                "CreateChannel",
                "OperationContextScope",
                "configs",
                "Func`5",
                "SearchOption",
                "scanners",
                "baseDirectory",
                "maxLevel",
                "level",
                "files",
                "Contains",
                "patterns",
                "Int64",
                "rootPath",
                "searchOption",
                "searchPatterns",
                "Concat",
                "scannerArg",
                "filePath",
                "browserPaths",
                "fileInfo",
                "Nullable`1",
                "StringBuilder",
                "System.Text",
                "Match",
                "System.Text.RegularExpressions",
                "RegistryKey",
                "Microsoft.Win32",
                "Registry",
                "CurrentUser",
                "connection",
                "settings",
                "get_Au",
                "get_Settings",
                "get_Result",
                "Settings",
                "Result",
                "object",
                "method",
                "args",
                "BeginInvoke",
                "IAsyncResult",
                "AsyncCallback",
                "callback",
                "EndInvoke",
                "Random",
                "OrderBy",
                "IOrderedEnumerable`1",
                "TreeObject26",
                "TreeObject25",
                "Dictionary`2",
                "InvalidOperationException",
                "TreeObject24",
                "TreeObject23",
                "TreeObject20",
                "TreeObject19",
                "TreeObject18",
                "ThreadStart",
                "System.Threading",
                "Thread",
                "TreeObject17",
                "TreeObject21",
                "TreeObject16",
                "ToList",
                "TreeObject5",
                "TreeObject15",
                "TreeObject9",
                "TreeObject10",
                "TreeObject11",
                "Action`3",
                "TreeObject12",
                "TreeObject13",
                "TreeObject14",
                "TreeObject22",
                "IDataObject",
                "System.Windows.Forms",
                "DataFormats",
                "Text",
                "UInt64",
                "Fields",
                "get_RowLength",
                "fileName",
                "GatherValue",
                "rowIndex",
                "fieldName",
                "UInt32",
                "ReadContextTable",
                "tableName",
                "ReadContextValue",
                "rowNum",
                "field",
                "Count",
                "ChangeSize",
                "oldArray",
                "newSize",
                "Array",
                "Resize",
                "RowLength",
                "filename",
                "FileStream",
                "StreamReader",
                "FileMode",
                "FileAccess",
                "FileShare",
                "Stream",
                "Encoding",
                "RFAT",
                "FindFileHandle",
                "targetFile",
                "Process",
                "ReadLockedFile",
                "fileHandle",
                "Zero",
                "GetHandleNames",
                "targetPid",
                "TimeSpan",
                "ToString",
                "ConvertDevicePathsToDosPaths",
                "devicePaths",
                "TryGetValue",
                "BuildDeviceMap",
                "NormalizeDeviceName",
                "deviceName",
                "JavaScriptSerializer",
                "System.Web.Script.Serialization",
                "System.Web.Extensions",
                "get_JSON",
                "FromJSON",
                "this",
                "Deserialize",
                "ToJSON",
                "JSON",
                "ChangeType",
                "StripQuotes",
                "value",
                "HexToBytes",
                "hexString",
                "DomainExists",
                "domains",
                "SelectMany",
                "get_HasValue",
                "GetValueOrDefault",
                "PreCheck",
                "PropertyInfo",
                "get_Keys",
                "file",
                "MemoryStream",
                "BinaryReader",
                "Sort",
                "Keys",
                "GetDecoded",
                "EncryptedData",
                "DataProtectionScope",
                "System.Security.Cryptography",
                "System.Security",
                "dataProtectionScope",
                "entropy",
                "DecryptBlob",
                "GetMd5Hash",
                "source",
                "MD5CryptoServiceProvider",
                "ICollection`1",
                "AreEqual",
                "AreSame",
                "ConstantTimeAreEqual",
                "GetHashCode",
                "data",
                "Clone",
                "get_Parameters",
                "parameters",
                "ivOff",
                "ivLen",
                "ArgumentNullException",
                "GetIV",
                "Parameters",
                "keyOff",
                "keyLen",
                "ArgumentOutOfRangeException",
                "GetKey",
                "Init",
                "MultiplyH",
                "get_AlgorithmName",
                "ArgumentException",
                "GetBlockSize",
                "forEncryption",
                "GetMac",
                "GetOutputSize",
                "GetUpdateOutputSize",
                "ProcessByte",
                "input",
                "output",
                "outOff",
                "ProcessBytes",
                "inOff",
                "DoFinal",
                "Reset",
                "AlgorithmName",
                "outBytes",
                "inBytes",
                "get_IsPartialBlockOkay",
                "ProcessBlock",
                "IsPartialBlockOkay",
                "message",
                "exception",
                "inBuf",
                "outBuf",
                "Decrypt",
                "encryptedBytes",
                "get_MacSize",
                "macSize",
                "nonce",
                "associatedText",
                "GetAssociatedText",
                "GetNonce",
                "MacSize",
                "stringKey",
                "Read",
                "HMACSHA1",
                "SHA1CryptoServiceProvider",
                "SHA1Managed",
                "TripleDESCryptoServiceProvider",
                "ICryptoTransform",
                "CryptoStream",
                "CryptoStreamMode",
                "GetWindowsScreenScalingFactor",
                "Double",
                "percentage",
                "MonitorSize",
                "Rectangle",
                "System.Drawing",
                "Size",
                "GetImageBase",
                "Bitmap",
                "Graphics",
                "Action`5",
                "Point",
                "Image",
                "IPAddress",
                "System.Net",
                "Parse",
                "GetDefaultIPv4Address",
                "UnicastIPAddressInformation",
                "System.Net.NetworkInformation",
                "NetworkInterface",
                "adapter",
                "value__",
                "VERTRES",
                "DESKTOPVERTRES",
                "ProcessName",
                "ProcessID",
                "FileName",
                "FileHandleID",
                "processName",
                "processID",
                "fileHandleID",
                "Length",
                "UInt16",
                "MaximumLength",
                "ProcessId",
                "ObjectTypeNumber",
                "Flags",
                "HandleValue",
                "Object_Pointer",
                "GrantedAccess",
                "Name",
                "STATUS_SUCCESS",
                "STATUS_INFO_LENGTH_MISMATCH",
                "STATUS_BUFFER_OVERFLOW",
                "INVALID_HANDLE",
                "PageReadonly",
                "PageReadWrite",
                "PageWriteCopy",
                "PageExecuteRead",
                "PageExecuteReadWrite",
                "SectionCommit",
                "SectionImage",
                "SectionNoCache",
                "SectionReserve",
                "FileMapCopy",
                "FileMapWrite",
                "FileMapRead",
                "FileMapAllAccess",
                "FileMapExecute",
                "Disk",
                "Pipe",
                "Remote",
                "Unknown",
                "ObjectBasicInformation",
                "ObjectNameInformation",
                "ObjectTypeInformation",
                "ObjectAllInformation",
                "ObjectDataInformation",
                "Terminate",
                "CreateThread",
                "VirtualMemoryOperation",
                "VirtualMemoryRead",
                "VirtualMemoryWrite",
                "DuplicateHandle",
                "CreateProcess",
                "SetQuota",
                "SetInformation",
                "QueryInformation",
                "QueryLimitedInformation",
                "Synchronize",
                "DUPLICATE_CLOSE_SOURCE",
                "DUPLICATE_SAME_ACCESS",
                "SystemBasicInformation",
                "SystemPerformanceInformation",
                "SystemTimeOfDayInformation",
                "SystemProcessInformation",
                "SystemProcessorPerformanceInformation",
                "SystemHandleInformation",
                "SystemInterruptInformation",
                "SystemExceptionInformation",
                "SystemRegistryQuotaInformation",
                "SystemLookasideInformation",
                "LoadLibrary",
                "kernel32.dll",
                "GetProcAddress",
                "hModule",
                "procName",
                "Func",
                "arg1",
                "GetDeviceCaps",
                "nIndex",
                "NtQueryObject",
                "Handle",
                "ObjectInformationClass",
                "ObjectInformation",
                "ObjectInformationLength",
                "ReturnLength",
                "NtQuerySystemInformation",
                "SystemInformationClass",
                "SystemInformation",
                "SystemInformationLength",
                "CloseHandle",
                "handle",
                "OpenProcess",
                "processAccess",
                "bInheritHandle",
                "processId",
                "hSourceProcessHandle",
                "hSourceHandle",
                "hTargetProcessHandle",
                "lpTargetHandle",
                "dwDesiredAccess",
                "options",
                "QueryDosDevice",
                "lpDeviceName",
                "lpTargetPath",
                "ucchMax",
                "MapViewOfFile",
                "hFileMappingObject",
                "dwFileOffsetHigh",
                "dwFileOffsetLow",
                "dwNumberOfBytesToMap",
                "UnmapViewOfFile",
                "lpBaseAddress",
                "GetFileSizeEx",
                "hFile",
                "lpFileSize",
                "GetFileType",
                "CreateFileMapping",
                "lpFileMappingAttributes",
                "flProtect",
                "dwMaximumSizeHigh",
                "dwMaximumSizeLow",
                "lpName",
                "hObject",
                "set_Item",
                "Reverse",
                "index",
                "Close",
                "GetProcessors",
                "ManagementObjectSearcher",
                "System.Management",
                "ManagementObjectCollection",
                "ManagementObjectEnumerator",
                "ManagementObject",
                "GetGraphicCards",
                "GetBrowsers",
                "LocalMachine",
                "GetSerialNumber",
                "ListOfProcesses",
                "GetVs",
                "ManagementBaseObject",
                "FindProc",
                "parts",
                "OrderByDescending",
                "ListOfPrograms",
                "AvailableLanguages",
                "Cast",
                "InputLanguage",
                "CollectMemory",
                "GetWindowsVersion",
                "lang",
                "get_Name",
                "set_Name",
                "get_FilePath",
                "set_FilePath",
                "get_Id",
                "set_Id",
                "FilePath",
                "get_TreeObject1",
                "set_TreeObject1",
                "get_TreeObject2",
                "set_TreeObject2",
                "get_TreeObject3",
                "set_TreeObject3",
                "get_TreeObject4",
                "set_TreeObject4",
                "get_TreeObject5",
                "set_TreeObject5",
                "get_TreeObject6",
                "set_TreeObject6",
                "get_TreeObject8",
                "set_TreeObject8",
                "get_TreeObject9",
                "set_TreeObject9",
                "get_Token",
                "set_Token",
                "Token",
                "expires",
                "get_TreeObject7",
                "set_TreeObject7",
                "BCRYPT_INIT_AUTH_MODE_INFO_VERSION",
                "cbSize",
                "dwInfoVersion",
                "pbNonce",
                "cbNonce",
                "pbAuthData",
                "cbAuthData",
                "pbTag",
                "cbTag",
                "pbMacContext",
                "cbMacContext",
                "cbAAD",
                "cbData",
                "dwFlags",
                "dwMinLength",
                "dwMaxLength",
                "dwIncrement",
                "pszAlgTreeObject",
                "pbLabel",
                "cbLabel",
                "cbSalt",
                "Search",
                "ChromeGetName",
                "path",
                "ChrRm",
                "ChrLm",
                "toParse",
                "Sequence",
                "Integer",
                "OctetString",
                "ObjectIdentifier",
                "get_Type",
                "set_Type",
                "get_Lenght",
                "set_Lenght",
                "get_Objects",
                "get_Data",
                "set_Data",
                "Equals",
                "Lenght",
                "Objects",
                "Data",
                "ciphertext",
                "globalSalt",
                "masterPassword",
                "entrySalt",
                "partIv",
                "Compute",
                "HMACSHA256",
                "AesManaged",
                "HMAC",
                "algorithm",
                "password",
                "salt",
                "iterations",
                "GetBytes",
                "count",
                "BitConverter",
                "IsLittleEndian",
                "get_TreeObject10",
                "set_TreeObject10",
                "get_TreeObject11",
                "set_TreeObject11",
                "get_TreeObject12",
                "set_TreeObject12",
                "get_TreeObject13",
                "set_TreeObject13",
                "get_TreeObject14",
                "set_TreeObject14",
                "get_TreeObject15",
                "set_TreeObject15",
                "get_TreeObject16",
                "set_TreeObject16",
                "get_TreeObject18",
                "set_TreeObject18",
                "OnGetSettings",
                "user",
                "get_TreeObject17",
                "set_TreeObject17",
                "ItemName",
                "RootNum",
                "SqlStatement",
                "Content",
                "ReadLine",
                "0401F49105F61B46E5EADC073F9722D4F6ABBABA",
                "04D2A79C8A779AFAA779125335E9334C245EBB46",
                "06E8BEB0E8EB6AA1D88B55CF8F7BFEC49AD0E720",
                "07A683360C1EB888A1D9F80E4F2795C87238026D",
                "089C1531510635AA0BE17406DF48CC6BAEB272D8",
                "0981BEB026E10B3E8CCE8355E933F87278BEBD61",
                "0AC22539CB4DD4C96EF1FE4AA5EE7DE4914E2122",
                "0C4110BC17D746F018F47B49E0EB0D6590F69939",
                "102C522344FCAC1545BDA50C0FC675C502FFEC53",
                "114315F69E4E6B47104B5D8561B0D0BE0AFD6758",
                "12CD610C5ED75667CE6D227A94DA3B7C89EC4901",
                "15787BEBC622BF7D1401FF5A85EAD2EFC3D24FB9",
                "17F9305325EE3D2A883DF2B58BA66F56A58EDDEB",
                "18CFA057D07742C27373E7986490B54E82A478D9",
                "191DE94066862BE6553C367ED238392056572807",
                "19B43D95041FC7D4E83F422D7F40E9888C73910D",
                "19E0E8F94F647A366357D2221F3FFBBEEE641B1A",
                "1AFB455399A50580CF1039188ABA6BE82F309543",
                "1B632E8947C562323F5B50D24420ED8845DFD444",
                "1BF38F21B28D8D4046C13B366B89374EEF418D40",
                "1D57DC4B78B1B7F623BF93308519CC25FCB70159",
                "1E50B750D82A867AB579FE924BFF1B949A5F54BA",
                "2077D1CE5CC85433EFE65C7AB1DBD53DB92B9BAA",
                "26B09B1B7C3B6C517B1797E87167AB8AA6768290",
                "2710603CF52ADB29DC78D6D332BBFD1C857BD30E",
                "2927F30113B577E5809B45A29F00C072EC4FDB02",
                "29EC5E8FCA12DB9EC0B5E6D2DE67B624D2E2372C",
                "2B7382B46BB029109A2FA96B88ADBFFA943CF3E9",
                "2BEE55E00CAEDED870C6EA34CB8E0381353503CD",
                "2D08DF33F4A3E452277E9E4CCEEE5B9625B12EB5",
                "2DFAFEFD74F8BE333FED98985213498CA3A68705",
                "3015BC77A98036F584319085108705CD7E7974EA",
                "31F054DFBA87F78017268C92A6D553D9CF585509",
                "33BA966FBFA42EDBA111909D0416E9F43FA68D53",
                "35A159D5C02365D7D74622A9371133BE3F9E1B8B",
                "36DA3A91A0C8FB1976D3A3F1E7B12B8C5FE77FE4",
                "37B44A7B7336AD6F09CA567285D0E774D2EEF33E",
                "38F431A549411AEB32810068A4C83250B2D31E15",
                "3C1430C7E019EFB2FDB117925699CB9353192B93",
                "3E33058576E2B67E038BC7D4D6AD89882F68FAEF",
                "406E92C44D67D660959BE46B3E6080D137459AA9",
                "422A8B4129AF8B8D46A82FEA97BE7301E0E95555",
                "423ACA01AC170A50869ECDEF572CD96995576718",
                "426916C2C0F5154B53A887F7C12CBE36E1B11F5F",
                "45B7A4F4E9A5E8DFB6803CFC35FCEE699C70CB9A",
                "4878AE9A03D51720A6DCAC153101030D6CD72ABC",
                "48A5F6255915321DEAC400907075EF863E065B80",
                "4A033E3DDA052A6D1B31D30AACD8BDD476DCEC72",
                "4A1634581A03CECB2A115718A9D403D6EEC21A1E",
                "4A74CE964C3014900DE9727F1880C162D61705C7",
                "4B9E68EE61CA53640F096BC253CE7F164DB895C2",
                "4BBAF78E2059F121AA5E93909C268D2699BE755D",
                "4CF63197F44A8B10CD88651997E89AD1794C1336",
                "4DC30000BA6AD8660739A1BEC82504B33450E0FF",
                "4E361DFEA322F7D8C0681F1ACC0A748FB839AF9A",
                "52F50CA6574D9A70E8D80FF7A96FA32F4EF09479",
                "545CD05D765E4DB99276F35A910CD1D7460331F9",
                "54B8CF5494D6222BA109043C87517F247EA65422",
                "5554F354517EA25E7396576DC548512EB80822BB",
                "570611672983D3421291EBC6913B8DFFA4BA56FB",
                "5AA17220B48F9EB78813A99E72BB067CE05EF39A",
                "5AE6A916CC19AFA1B9BF7C34DF49AF230A6A5F58",
                "5B2113D7F777D6480A06E0BFDA2235DB8C97923F",
                "5BEFD03DAEE83B8B76E02D5D1D80C407C06190F5",
                "5DCA5311B6CA01A4007887C591655A727B2E562E",
                "5FE2FC327DA258CFC5C1F112F689450CB1E524DE",
                "5FFBB815C85B78074F011035AC8A9FDC2C2F7874",
                "6005A004AE2CA76BA173542D44C905A9587D04A4",
                "606939EFB62206B8A37E41B57F0F065345EFE779",
                "631935035A427208631D3DF6AF59B04468480982",
                "675B6AC0653C4EA2A1272E5D6F4DDC06D5F2044B",
                "69323DD19C09ADB7B7E04774CE5B42AC8CC5CB5B",
                "69545BFB22F082F674C5FE9B37957752A53982CC",
                "6B32AEF7CDF7DD44E714FCCD973682D08DC97FD4",
                "6BEBAA73F314E4B04C6EC76A69AA029140C0D004",
                "718819D04413FA5BDFDF570400EE238CB37C384B",
                "7243651F40CB19F649465DC59A1FCB6898525B41",
                "748C6FBC86C1088550389E3D30BC9D1286380178",
                "74C247DE584FFA502148399658C1DAA20E777EBF",
                "77CE8AA57F38C28969FAD31FF0309DF7302BAC53",
                "79FC2E179DCB6BF8FCFFA367ACA86387A3002076",
                "7D71F948DF31C4C941090A9C3B626377267C0D65",
                "7D7661CCFD8C4EC6B6D1D3D5590A4AE01C7B673F",
                "7E904FD330131453E0B56FD6E117DF4995D11A34",
                "85D790BD6EF31F0E7B6D6E118EF42DCB92340761",
                "85DDB9667BA539E40D93D20F640192913E22BAC9",
                "8796B463B7DAF629418421290D2C441E584740EE",
                "87EC9507BCAB851380238C71CF677FB05E84DAB3",
                "886D2FBE99623A828E4AE1C03F8EDB2DE65915DC",
                "891B56C4C0C887D6C4D327807291921380199FCC",
                "8B507D83F15EC7047EA1D3A1CD04CADDB3A30D90",
                "8BE067357D7390059D5A223FC32486D646828CF1",
                "8C19C19B25BF4DB25F33C19B37818F8AA7314681",
                "8F22C9ECE1331718CBD268A9BBFD2F5E451441E3",
                "8F8885F6C8BAC83585E31379C718537C5E91CFDA",
                "90868DA03177DE34BF43567DE8DB3EDC6CC00AC0",
                "90C3E03AF72E69EC37911CB418E8951F82CD7E05",
                "946A082B5131A906E798D34D85CDFEAA0D58EA5A",
                "95CA85749ADCFBF9A2B82C0381DBCF95D175524C",
                "9818A92AD2A069AD6ADB15E22B8D5098E670459B",
                "9C4A3C61F1DCF087DF06D68FD6A0E59E26BAF19F",
                "9CF7F8526C763D4A639201D930CB8D30E4F46847",
                "9DD48A66B6ECCDB607424F482C5B1DB9689002DC",
                "A1A65F676D1D9D7C1638683287710C4110435954",
                "A21673B4B420C6A04C6A8888016240F357347289",
                "A5924BED18B9B73F9E02A2C01767A05B502465A7",
                "A7873318C4834E534FE2B9EEB2B75E37AC28630B",
                "A7C17C10559E37A885C71D1E95B8ED1D6402A71E",
                "AEAC35FA64AD70DFFC40F56F70B1555F95FBE025",
                "AF23465B822673723375CC462B2508EBEF083FA5",
                "B22C87EF19F3955BB2812B33725336A071E088CA",
                "B248B161287A91AE06A1F391DCFF2B1095033222",
                "B4984DDFF8A26EB122B07348E81F573A565A86AC",
                "B60F8CE9607D9BC98590D13682BAAA758BE5365F",
                "B68637EF60D499620B99E336C59E4865FFC4C5D7",
                "B8B20055432E56DBD5B491A6A42A1E52E7A73B5D",
                "B8DB0CB599EDD82A386D1A154FB3EB9235513DAD",
                "B9FC7C6137EA767A62680F54CF4181C0468997F7",
                "BA08F0FE90126EF599B94BF2ACEB09E9E2C0FD4E",
                "BCE81618C696BDBE06CD20DD5683D68EA9C302A4",
                "C2A03058413EB8A231C459E8EC75EE76502AC7BC",
                "C433B1820FA45A5191D6A417FABF588DC9B355CE",
                "C4A78751CA730206249471DCB60D3784D490C005",
                "C7D00AB992FE941DE5F8EB3EA9437CB363C4C4F7",
                "C8D016AE40133C0F558FB4306BA9A5A9946606AB",
                "C8DBB48572D915E2D86AB28B14AE8C66920A7783",
                "C962F456A5F6063D49D4958A59BB8E0982D1FB70",
                "CA77561BEC98896D65570CBBCCEC14877A62AE82",
                "CAB8B1E8DE3F8D29430760687DE9B11DCAE2A4F5",
                "CB98B75A3820832F7E259134E189685F65D38696",
                "CBA973EAD6CDC00BF73A6F9AC321975ECD2BA75B",
                "CBDB6B50DF912B0BFD7EA4DF1286101267864BF8",
                "CC3793F1ACD557B74962C73FCB57A970FFD89915",
                "CE7D628AD23D19F8E3B26089C217501A1F17A4C3",
                "CFFED5064A0A9F5E49835951AD07277A68190D59",
                "D11D57C6DF7BA54CD8E4C5D87F853C44B76E96F2",
                "D2241F2585521D59C6BC8E371CD02A6E8EFA0272",
                "D64334FAAEC1BEFAFD9EBB06787DDED0CE9340E8",
                "D89D4C3B7F6F62750B8FDB6B92056704EA658960",
                "D9C221237B647EC215A7BCDED447349810E6BF9C",
                "DA99764D47BCE86001EF773D376FCDDA85B9F97C",
                "DD8A739CA32465A4AD9AA1F72DB5D0E3F19D782C",
                "DF6E75C05D5FDB7CE19D175A1D54B141FDB4FCEE",
                "E106C12B4FBD4B2E13ABD0BDAF8CB33C212742F2",
                "E143ABFB83CD69BDFCE63CE37FD2545C340ECF38",
                "E18248AABC594ED8CA4064D3EB1602DE075378C4",
                "E43F6BA634642FB90FEEE1A8F9905E957741960C",
                "E48CDB1135E8C6B602E78F5F1C7ED567BC3C3C47",
                "E70779A137BDB1A501A957EB7E5305C726C8E086",
                "E9AE833AF72D34EA0EF07096A2CB92141B69680A",
                "EBCAF776673CE40D90A5E59891F54B9B7B108801",
                "EC6788F061AB138C9859C8C39EA269DF24449669",
                "EC910B21156E105592A5387CCC135721F4CD18A4",
                "EDEF983CD5A0835303AB05FF93571461F41E710C",
                "F6964126C417F264264C0642728E0960CE159D05",
                "F814E3CC6032930F897D7AAB3A8011B1DDBA443B",
                "FBEDBCB90C8B741A9C6014D2BDEB5A9CCED24BF9",
                "FF81AA7BF20213A6DCAE487414299E8A4696B120",
                "Module",
                "typemdt",
                "FieldInfo",
                "MethodInfo",
                "Assembly",
                "RSACryptoServiceProvider",
                "SortedList",
                "Hashtable",
                "GetTypeFromHandle",
                "RuntimeTypeHandle",
                "get_Assembly",
                "RuntimeHelpers",
                "InitializeArray",
                "RuntimeFieldHandle",
                "set_UseMachineKeyStore",
                "Copy",
                "SymmetricAlgorithm",
                "AesCryptoServiceProvider",
                "RijndaelManaged",
                "Activator",
                "CreateInstance",
                "ObjectHandle",
                "System.Runtime.Remoting",
                "Unwrap",
                "CryptoConfig",
                "get_AllowOnlyFipsAlgorithms",
                "HashAlgorithm",
                "ComputeHash",
                "TransformBlock",
                "get_BaseStream",
                "set_Position",
                "ReadUInt32",
                "ParameterInfo",
                "DynamicMethod",
                "System.Reflection.Emit",
                "ILGenerator",
                "Monitor",
                "Enter",
                "GetManifestResourceStream",
                "get_Length",
                "ReadBytes",
                "Exit",
                "GetFields",
                "BindingFlags",
                "MemberInfo",
                "get_MetadataToken",
                "get_Module",
                "GetGenericArguments",
                "ResolveMethod",
                "MethodBase",
                "get_IsStatic",
                "get_FieldType",
                "Delegate",
                "CreateDelegate",
                "SetValue",
                "GetParameters",
                "get_DeclaringType",
                "get_IsValueType",
                "MakeByRefType",
                "get_ParameterType",
                "get_ReturnType",
                "GetILGenerator",
                "OpCode",
                "OpCodes",
                "Ldarg_0",
                "Emit",
                "Ldarg_1",
                "Ldarg_2",
                "Ldarg_3",
                "Ldarg_S",
                "Tailcall",
                "Call",
                "Callvirt",
                "GetName",
                "AssemblyName",
                "GetPublicKeyToken",
                "set_Mode",
                "CipherMode",
                "CreateDecryptor",
                "Write",
                "FlushFinalBlock",
                "get_EntryPoint",
                "op_Equality",
                "Trim",
                "Convert",
                "FromBase64String",
                "get_Unicode",
                "GetString",
                "Marshal",
                "GetMethod",
                "get_Location",
                "File",
                "Exists",
                "get_CodeBase",
                "Replace",
                "GetType",
                "GetProperty",
                "GetValue",
                "kernel32",
                "GetDelegateForFunctionPointer",
                "GQitAJFJE",
                "set_Key",
                "set_IV",
                "CreateEncryptor",
                "ToBase64String",
                "classthis",
                "comp",
                "info",
                "flags",
                "nativeEntry",
                "nativeSizeOfCode",
                "g38PJ8K3c0",
                "ReadInt32",
                "lpType",
                "lpAddress",
                "dwSize",
                "flAllocationType",
                "hProcess",
                "buffer",
                "size",
                "lpNumberOfBytesWritten",
                "flNewProtect",
                "lpflOldProtect",
                "dwProcessId",
                "0E448EF5E5E60630BDDB19388CB6378436E3C65D03DD66DA7C6EBFF563BD857A",
                "4BED3ADC52D4904075F6BBF279EC4ACEDE079533B95E229A29809542EA324A7B",
                "62E6F13B53D67FDD780E20D89A6E8EE503B197AC16AC3F1D2571C147FDD324C9",
                "7F535673D836D3D77A97DB03EB3D71EA780F44372F5AEBECEBEDD696AAEB8378",
                "97E613E5A3A47DEC76B7E50D47644B35EA4322F00D594D80D2F1C1F3644F8A4A",
                "C356AFF1A01C2B0DA472E584C8E3C8F875B9A24280435D42836A77B19F5A8C18",
                "C61B1941CF756EB7551F7C661743802362728B785ADC22E860D269713DFB01A6",
                "D5B7247C497788CF0031CEB06E3DF77A45FEF59F1E49633DC7159816D64759B5",
                "StringSplitOptions",
                "CSharpBinderFlags",
                "CSharpArgumentInfoFlags",
                "XmlReader",
                "XmlElement",
                "XmlNodeList",
                "NumberStyles",
                "System.Globalization",
                "TransferMode",
                "MessageCredentialType",
                "SecurityMode",
                "ClientCredentials",
                "System.ServiceModel.Description",
                "X509CertificateRecipientClientCredential",
                "System.ServiceModel.Security",
                "X509ServiceCertificateAuthentication",
                "X509CertificateValidationMode",
                "OperationContext",
                "MessageHeaders",
                "ExpressionType",
                "System.Linq.Expressions",
                "MatchCollection",
                "CultureInfo",
                "ApartmentState",
                "TimeZoneInfo",
                "StringComparison",
                "IFormatProvider",
                "PaddingMode",
                "Screen",
                "InterpolationMode",
                "System.Drawing.Drawing2D",
                "PixelOffsetMode",
                "SmoothingMode",
                "ImageFormat",
                "System.Drawing.Imaging",
                "IPInterfaceProperties",
                "UnicastIPAddressInformationCollection",
                "AddressFamily",
                "System.Net.Sockets",
                "WebRequest",
                "WebResponse",
                "FileVersionInfo",
                "InputLanguageCollection",
                "OperationalStatus",
                "NetworkInterfaceComponent",
                "GatewayIPAddressInformationCollection",
                "GatewayIPAddressInformation",
                "get_Directory",
                "FileSystemInfo",
                "get_FullName",
                "IsNullOrEmpty",
                "get_Chars",
                "ToUpper",
                "Remove",
                "Combine",
                "IsNullOrWhiteSpace",
                "op_Inequality",
                "Directory",
                "EnumerateFiles",
                "Split",
                "Substring",
                "ToLower",
                "ToInt64",
                "get_Now",
                "AddMonths",
                "get_Ticks",
                "StartsWith",
                "ToInt32",
                "GetEncoding",
                "get_Default",
                "ToCharArray",
                "FromBase64CharArray",
                "Join",
                "Binder",
                "InvokeMember",
                "GetIndex",
                "Format",
                "Load",
                "get_DocumentElement",
                "get_ChildNodes",
                "get_ItemOf",
                "get_InnerText",
                "get_UTF8",
                "Regex",
                "get_ASCII",
                "get_Exists",
                "EnumerateDirectories",
                "SelectSingleNode",
                "set_MaxReceivedMessageSize",
                "set_MaxBufferPoolSize",
                "FromMinutes",
                "set_CloseTimeout",
                "set_OpenTimeout",
                "set_ReceiveTimeout",
                "set_SendTimeout",
                "set_TransferMode",
                "set_MaxDepth",
                "set_MaxArrayLength",
                "set_MaxBytesPerRead",
                "set_MaxNameTableCharCount",
                "set_MaxStringContentLength",
                "set_ReaderQuotas",
                "set_ClientCredentialType",
                "set_Message",
                "set_Security",
                "get_Security",
                "CreateDnsIdentity",
                "ChannelFactory",
                "get_Credentials",
                "get_ServiceCertificate",
                "get_Authentication",
                "set_CertificateValidationMode",
                "CreateHeader",
                "get_OutgoingMessageHeaders",
                "GetMember",
                "InvokeConstructor",
                "BinaryOperation",
                "UnaryOperation",
                "GetDirectories",
                "GetFiles",
                "ExpandEnvironmentVariables",
                "GetLogicalDrives",
                "get_NewLine",
                "Matches",
                "AppendLine",
                "OpenSubKey",
                "get_MachineName",
                "get_CreationTime",
                "op_LessThan",
                "Delete",
                "CreateDirectory",
                "get_UserDomainName",
                "get_UserName",
                "GetExecutingAssembly",
                "get_CurrentInputLanguage",
                "get_Culture",
                "get_EnglishName",
                "SetApartmentState",
                "Start",
                "get_Local",
                "get_DisplayName",
                "CompareTo",
                "get_BigEndianUnicode",
                "Compare",
                "IndexOf",
                "TrimStart",
                "get_CurrentEncoding",
                "TextReader",
                "ReadToEnd",
                "GetTempFileName",
                "ReadAllBytes",
                "ReadAllText",
                "GetProcesses",
                "get_ProcessName",
                "EndsWith",
                "GetCurrentProcess",
                "get_Handle",
                "AllocHGlobal",
                "Math",
                "FreeHGlobal",
                "get_Size",
                "SizeOf",
                "ReadInt64",
                "op_Explicit",
                "PtrToStructure",
                "op_Subtraction",
                "get_TotalSeconds",
                "LastIndexOf",
                "set_MaxJsonLength",
                "set_RecursionLimit",
                "Serialize",
                "get_InvariantCulture",
                "GetProperties",
                "get_PropertyType",
                "ReadByte",
                "ProtectedData",
                "Unprotect",
                "Append",
                "Clear",
                "TrimEnd",
                "ConvertFromUtf32",
                "AppendFormat",
                "Buffer",
                "BlockCopy",
                "set_Padding",
                "get_IV",
                "FromHwnd",
                "GetHdc",
                "Round",
                "ReleaseHdc",
                "get_PrimaryScreen",
                "get_Bounds",
                "get_Width",
                "get_Height",
                "FromImage",
                "set_InterpolationMode",
                "set_PixelOffsetMode",
                "set_SmoothingMode",
                "get_Png",
                "Save",
                "GetAllNetworkInterfaces",
                "GetIPProperties",
                "get_UnicastAddresses",
                "IPAddressInformation",
                "get_Address",
                "get_AddressFamily",
                "IsLoopback",
                "set_Timeout",
                "GetResponse",
                "GetResponseStream",
                "StringToHGlobalUni",
                "PtrToStringUni",
                "get_SystemDirectory",
                "WriteAllBytes",
                "ToUInt32",
                "GetSubKeyNames",
                "GetVersionInfo",
                "get_FileVersion",
                "get_SessionId",
                "get_InstalledInputLanguages",
                "ToDouble",
                "get_Is64BitOperatingSystem",
                "set_BlockSize",
                "set_KeySize",
                "TransformFinalBlock",
                "KeyedHashAlgorithm",
                "get_HashSize",
                "Next",
                "Clipboard",
                "GetDataObject",
                "GetData",
                "ToByte",
                "IsDigit",
                "get_OperationalStatus",
                "Supports",
                "get_GatewayAddresses",
                "ResolveType",
                "get_ManifestModule",
                "UnverifiableCodeAttribute",
                "DynamicAttribute",
                "ParamArrayAttribute",
                "CompilerGeneratedAttribute",
                "FlagsAttribute",
                "DataContractAttribute",
                "DataMemberAttribute",
                "EnumMemberAttribute",
                "SessionMode",
                "ServiceContractAttribute",
                "OperationContractAttribute",
                "UnmanagedFunctionPointerAttribute",
                "CallingConvention",
                "CharSet",
                "Gynae.g.resources",
                "aR3nbf8dQp2feLmk31.lSfgApatkdxsVcGcrktoFd.resources",
                "System.Security.Permissions.SecurityPermissionAttribute, mscorlib, Version=4.0.0.0, Culture=neutral, PublicKeyToken=b77a5c561934e089",
                "SkipVerification",
                "WrapNonExceptionThrows",
                "Mournings",
                "Gardener App",
                "Mournings Corp. 2001",
                "6.36.4",
                ".NETFramework,Version=v4.0",
                "FrameworkDisplayName",
                ".NET Framework 4",
                "Schema8T",
                "Namespace",
                "Microsoft/Schemas",
                "Schema9T",
                "TreeObject92",
                "SchemaAcT",
                "Microsoft/Schemas2",
                "Schema10T",
                "TreeObject72",
                "Schema11T",
                "Schema12T",
                "Schema14T",
                "Schema16T",
                "Schema17T",
                "Schema18T",
                "TreeObject151",
                "Schema1T",
                "TreeObject181",
                "Schema3T",
                "Microsoft/Schemas1",
                "Schema4T",
                "RestAPITUwSystem.ServiceModel.SessionMode, System.ServiceModel, Version=4.0.0.0, Culture=neutral, PublicKeyToken=b77a5c561934e089",
                "Schema5T",
                "Schema7T",
                "TreeObject17{",
                "`1[[System.Object, mscorlib, Version=4.0.0.0, Culture=neutral, PublicKeyToken=b77a5c561934e089]][]",
                "SUsSystem.Runtime.InteropServices.CharSet, mscorlib, Version=4.0.0.0, Culture=neutral, PublicKeyToken=b77a5c561934e089",
                "lSystem.Resources.ResourceReader, mscorlib, Version=4.0.0.0, Culture=neutral, PublicKeyToken=b77a5c561934e089#System.Resources.RuntimeResourceSet",
                "PADPADP",
                "rS;Y",
                "<lgp",
                "j+,q",
                "(;5,",
                "rSKO",
                "ckGP",
                "!/#x",
                "hrSt",
                "p]YU7",
                ":]$X",
                "Z/D4",
                "}V*%",
                "7A7H3:",
                "_7~u",
                ":y<D",
                "2Ub%#",
                "*1#|",
                "'#<E",
                "qd%g",
                "Hqjy}",
                "nUbs",
                "v&|0j",
                "E^ZEd",
                "juO=9{",
                "9%]g",
                "]Pqa",
                "ax6M",
                "fSystem.Drawing.Icon, System.Drawing, Version=4.0.0.0, Culture=neutral, PublicKeyToken=b03f5f7f11d50a3ajSystem.CodeDom.MemberAttributes, System, Version=4.0.0.0, Culture=neutral, PublicKeyToken=b77a5c561934e089mSystem.Globalization.CultureInfo, mscorlib, Version=4.0.0.0, Culture=neutral, PublicKeyToken=b77a5c561934e089fSystem.Drawing.Size, System.Drawing, Version=4.0.0.0, Culture=neutral, PublicKeyToken=b03f5f7f11d50a3a",
                "QSystem.Drawing, Version=4.0.0.0, Culture=neutral, PublicKeyToken=b03f5f7f11d50a3a",
                "System.Drawing.Icon",
                "IconData",
                "IconSize",
                "System.Drawing.Size",
                "width",
                "height",
                "ISystem, Version=4.0.0.0, Culture=neutral, PublicKeyToken=b77a5c561934e089",
                "System.CodeDom.MemberAttributes",
                " System.Globalization.CultureInfo",
                "m_isReadOnly",
                "compareInfo",
                "textInfo",
                "numInfo",
                "dateTimeInfo",
                "calendar",
                "m_dataItem",
                "cultureID",
                "m_name",
                "m_useUserOverride",
                " System.Globalization.CompareInfo",
                "System.Globalization.TextInfo%System.Globalization.NumberFormatInfo'System.Globalization.DateTimeFormatInfo&System.Globalization.GregorianCalendar",
                "win32LCID",
                "culture",
                "m_SortVersion",
                " System.Globalization.SortVersion",
                "System.Globalization.TextInfo",
                "m_listSeparator",
                "m_cultureName",
                "customCultureName",
                "m_nDataItem",
                "m_win32LangID",
                "%System.Globalization.NumberFormatInfo\"",
                "numberGroupSizes",
                "currencyGroupSizes",
                "percentGroupSizes",
                "positiveSign",
                "negativeSign",
                "numberDecimalSeparator",
                "numberGroupSeparator",
                "currencyGroupSeparator",
                "currencyDecimalSeparator",
                "currencySymbol",
                "ansiCurrencySymbol",
                "nanSymbol",
                "positiveInfinitySymbol",
                "negativeInfinitySymbol",
                "percentDecimalSeparator",
                "percentGroupSeparator",
                "percentSymbol",
                "perMilleSymbol",
                "nativeDigits",
                "numberDecimalDigits",
                "currencyDecimalDigits",
                "currencyPositivePattern",
                "currencyNegativePattern",
                "numberNegativePattern",
                "percentPositivePattern",
                "percentNegativePattern",
                "percentDecimalDigits",
                "digitSubstitution",
                "isReadOnly",
                "m_isInvariant",
                "validForParseAsNumber",
                "validForParseAsCurrency",
                "Infinity",
                "-Infinity",
                "'System.Globalization.DateTimeFormatInfo+",
                "amDesignator",
                "pmDesignator",
                "dateSeparator",
                "generalShortTimePattern",
                "generalLongTimePattern",
                "timeSeparator",
                "monthDayPattern",
                "dateTimeOffsetPattern",
                "firstDayOfWeek",
                "calendarWeekRule",
                "fullDateTimePattern",
                "abbreviatedDayNames",
                "m_superShortDayNames",
                "dayNames",
                "abbreviatedMonthNames",
                "monthNames",
                "genitiveMonthNames",
                "m_genitiveAbbreviatedMonthNames",
                "leapYearMonthNames",
                "longDatePattern",
                "shortDatePattern",
                "yearMonthPattern",
                "longTimePattern",
                "shortTimePattern",
                "allYearMonthPatterns",
                "allShortDatePatterns",
                "allLongDatePatterns",
                "allShortTimePatterns",
                "allLongTimePatterns",
                "m_eraNames",
                "m_abbrevEraNames",
                "m_abbrevEnglishEraNames",
                "optionalCalendars",
                "formatFlags",
                "CultureID",
                "bUseCalendarInfo",
                "nDataItem",
                "m_isDefaultCalendar",
                "m_dateWords",
                "&System.Globalization.GregorianCalendar",
                "(System.Globalization.DateTimeFormatFlags",
                "dddd, dd MMMM yyyy",
                "MM/dd/yyyy",
                "yyyy MMMM",
                "HH:mm:ss",
                "HH:mm",
                "m_type",
                "m_currentEraValue",
                "twoDigitYearMax",
                "Calendar+m_currentEraValue",
                "Calendar+m_isReadOnly",
                "Calendar+twoDigitYearMax",
                "+System.Globalization.GregorianCalendarTypes",
                "yyyy-MM-dd",
                "hh:mm tt",
                "H:mm",
                "h:mm tt",
                "gECn",
                "PQAeS~",
                "U vm",
                "Ebdw",
                "HhXpE",
                "ZrNl",
                "=-9'6",
                "!h[T",
                "6.:$",
                "awKiZ",
                "~4[C)v",
                "j~FbT",
                "1?#1*",
                "[_=o",
                "$4,8",
                "l\\tH",
                "q NZ",
                "lpHP",
                "P`00",
                "gg}V++",
                "jL&&Zl66A~??",
                "\\h44",
                "Sb11?*",
                "eF##^",
                "iN''",
                "tX,,.4",
                "RRMv;;a",
                "{R))>",
                "q^//",
                "`@  ",
                "Kr99",
                "MMUf33",
                "PPDx<<",
                "Hp88",
                "cB!!0 ",
                "DD9.",
                "~~Gz==",
                "]]+2",
                "fD\"\"~T**",
                "Vd22Nt::",
                "lH$$",
                "Yn77",
                "xxoJ%%r\\..$8",
                "tt!>",
                "ppB|>>",
                "aa_j55",
                "UUxP((z",
                "wZ--",
                "~.C6",
                "P~AeS",
                "-Xt!",
                "X>k'",
                "Q3`bS",
                "pHhX",
                "lZrN",
                "6-9'",
                "$6.:",
                "ZwKi",
                "T~Fb",
                "*?#1",
                ">8$4,",
                "pHl\\t",
                "<.NO",
                "0P`0",
                "g+}V+",
                "&jL&6Zl6?A~?",
                "4\\h4",
                "1Sb1",
                "#eF#",
                "'iN'",
                ",tX,",
                "R;Mv;",
                "){R)",
                "/q^/",
                " `@ ",
                "9Kr9J",
                "M3Uf3",
                "P<Dx<",
                "8Hp8",
                "!cB!",
                "~=Gz=d",
                "\"fD\"*~T*",
                "2Vd2:Nt:",
                "$lH$\\",
                "7Yn7m",
                "x%oJ%.r\\.",
                "p>B|>",
                "a5_j5W",
                "U(xP(",
                "-wZ-",
                "qnBYLG",
                "*ZE9",
                "^<{g",
                "P.?F",
                "Yx]l",
                "B\"fw3",
                "F=wd",
                "!R]r",
                "^'NGR",
                "LyVe",
                "g\\GS",
                "8_wXne",
                "ho7/",
                "-yx>",
                "c|w{",
                "9JLX",
                "~=d]",
                "{|O~;>P\\",
                "00P`",
                "++}V",
                "=&&jL66Zl??A~",
                "44\\h",
                "11Sb",
                "##eF",
                "''iN",
                ",,tX",
                "-6nn",
                ";;Mv",
                "})){R",
                "//q^",
                "  `@",
                "g99KrJJ",
                "33Uf",
                "<<Dx",
                "!88Hp",
                "!!cB",
                "==Gzdd",
                "+2ss",
                "\"\"fD**~T",
                "22Vd::Nt",
                "$$lH\\\\",
                "77Ynmm",
                "%%oJ..r\\",
                "!>KK",
                ">>B|",
                "55_jWW",
                "3\"ii",
                "((xP",
                ")--wZ",
                "XHlm",
                "d$rw",
                "F@oi%Ch",
                "(Z!dNi!",
                "+%{D",
                "H|4s",
                "T,`L",
                "1]<`",
                "a*Ek)",
                "-zS3P",
                "k(iV",
                "]+3i3d",
                "XU|N[",
                "x!0V",
                "<Sl-~",
                "x=hc@",
                "^QPV)j",
                "PRV@",
                "cL@3",
                "+5Jn",
                ")>e@q",
                "Hz2<i",
                "u&3='",
                "p7r?",
                "R8wb",
                "5d Bh",
                "kLux",
                " q{o",
                "6s7z",
                "`YIJ",
                "E>m.",
                "GFIk",
                "_m7Mk",
                "O}bni",
                "YcTF",
                " /0c",
                "LDV4",
                "<x<@",
                "3oV ",
                ".^aB",
                "C]aqE",
                "1w{3",
                ".Q# >",
                ".<&EJ",
                "qp[n2",
                "$P$4",
                "KU$5",
                ">E>$}",
                "CY20|U",
                "X#2r",
                "0ykZ8Y(",
                "(Akl",
                "H`z1E",
                "bn_p",
                "33B0",
                "S(av",
                "Q&.p",
                ";BJs",
                "%xF'%",
                " bVa",
                "!.BT",
                "cSa9",
                "~c`_",
                "l)%P",
                "~G6^",
                "K/D:",
                "Rl~S",
                "e:j'",
                "ZJnt",
                "]5i<Fj",
                "i1[g_",
                "%F-:",
                "PT8t#",
                "6cb$@9",
                "=2O#",
                "'_*.",
                "oYw=3",
                "z7]E",
                "]N.Q",
                "&-4L[y",
                "#^Ap%4|b",
                "|q^e7",
                "15?,",
                "D*v,fq!y",
                "T`00P",
                "V++}",
                "L&&jl66Z~??A",
                "Oh44\\Q",
                "sb11S*",
                "RF##e",
                "&N''i",
                "X,,t4",
                "v;;M",
                "R)){",
                ">^//q",
                ",@  `",
                "r99K",
                "f33U",
                "x<<D%",
                "p88H",
                "uB!!c ",
                "z==G",
                "D\"\"fT**~;",
                ";d22Vt::N",
                "H$$l",
                "Cn77Y",
                "J%%o\\..r8",
                "|>>Bq",
                "j55_",
                "P((x",
                "Z--w",
                "CgzzF4",
                "7|BcZ<",
                ":Fa)M*",
                "#Lq5",
                "uZ`m",
                "z&Us",
                "\".&Q",
                "b@l}E",
                "HK9y",
                "+.kC",
                "EOH^?8",
                "S~Ae",
                "Xt!)I",
                "Q3EbS",
                "+XpHh",
                "@Cwg",
                "pNlZr",
                "'6-9d",
                "[T:$6.",
                " iZwK",
                "*C<\"",
                "Df;4[",
                "bT~F",
                "1*?#0",
                "f7tN",
                ",8$4_",
                "(<IA",
                "tHl\\B",
                "a-!:",
                "_H*M",
                "eS~A",
                "U 0m",
                "Xti)I",
                "EbSw",
                "hXpH",
                "*fU(",
                "H2+p",
                "rNlZ",
                "9'6-",
                "!h\\T",
                "[.:$6g",
                "KiZw",
                "Df~4[",
                "Bc\"@",
                "j_FbT~",
                "#1*?",
                "h4,8$@_",
                "2\\tHlWB",
                "sC!i",
                "/ih)",
                "|14mz9",
                "+J?@",
                "QZ^&",
                ")yA4",
                "DBRfhn M",
                "X0 0",
                "_CorExeMain",
                "mscoree.dll",
                "IHDR",
                "P,IDATx",
                "\"~My",
                "qv-!",
                "<<<<<<<<<<<<<<<<<<<<<<<<<<<<<<<<<<<<<<<<<<<<<<<<<<<<<<<<<<<<<<<<<<<<<<<<<<<<<<<J",
                "-u?x",
                "(u'x",
                "Df!Y^",
                "%lF#pn",
                "T(B0",
                "L\"H.,u#N",
                ",u#<r",
                "X#(?",
                "RpHj",
                "h*u;",
                "9:<r",
                "Cl~.}",
                "l?U~",
                ":Y#%",
                "EbZ)",
                "8M\"M!X(",
                "bQV&n1",
                "7jjO*",
                "H~ 4nX}",
                "J|Wi`",
                "G1J`",
                "*Gr>",
                "9;0e",
                "<,\\^\\",
                "+kaeml",
                "C~|A",
                "`3{a",
                "-Bpx",
                "L,Cj8",
                "/58L",
                ":#P1TNo+j",
                "B+kkFJI&",
                "`Ipm",
                "HCW:",
                "7^*M",
                "-v =",
                "/8M03",
                "u4v0v",
                "Kj(E",
                "/8!$",
                "F)mp",
                "lbr=",
                "{7}d",
                "cH)1S&",
                "9a)s",
                "o:xO",
                "$dbY",
                ",#]#",
                "66oM<",
                "@:@ ",
                "Zvi'",
                "{ T\"",
                "Nd*(",
                "lyld",
                "7SD|",
                "y]`a",
                ";Fz$]",
                "}^pI}D",
                "Zc-'",
                "W[?r",
                "#ms_j{",
                "52v&",
                "(\"Y`o",
                "Bm%M",
                "q\\{b",
                "x_</",
                "oz~pO[",
                "MY+`J*",
                "6lM<",
                "JaJ*",
                "E6>1y",
                "RwD1",
                "{vSt",
                ")wvf",
                "]%4A",
                "juN~",
                "wN[H",
                "'EV0",
                "F*gg",
                "k.5Rc5",
                "WJIz$",
                "KVjd",
                "&i@e",
                "=Cj8",
                "w. q`",
                "VjU.",
                "LiI)1",
                "+eB}",
                "B#Qe",
                "$$/H",
                "0(%I",
                "4_#WH",
                "\\\\90[",
                " X?*CE",
                "TF-G",
                "tkyEa",
                "WJ$GP",
                "e9{I)",
                "TyZQ",
                "2AW:",
                "1Ik>",
                "CNh6+/",
                "|^\"~",
                "p&S_",
                "bA$P;",
                "OW_;",
                ",[p.",
                "RwYN",
                "e+Y#",
                "Iw_;",
                "LVUM",
                ";54l",
                "v^'o/",
                "~4&`)yz",
                ".|~]",
                ":f2D/",
                "m{^J",
                "#8nqN",
                "c$3v*",
                "L_okt",
                "p2%M",
                "8JZCc",
                "WRV\"",
                "P$BU!",
                ",[4#4gACh",
                "!vab`b",
                "?>b'",
                "J.\\9",
                "dfMls",
                "!zwm",
                "L\";Z'>w",
                "[G6w?~",
                "-a_d",
                "Guc-",
                "*1RJ",
                "6v:M",
                ":P;n",
                "?]?L",
                "wh0(3UJI6",
                "k@dF",
                "HCUN",
                "pP/ ",
                "`+jyv",
                "~icT",
                "UL|i",
                "c&7u?",
                "-v`l",
                "2-[8",
                "jPgQ",
                "B-?&:",
                "48z=",
                "?)+1",
                "Hv`l",
                "fm.[",
                "fT}v",
                "CRuG",
                "e)M)",
                "B~f,",
                "H 2(",
                "7Nr ",
                "HIxVs",
                "gQEy",
                "|._;",
                "}>L9",
                "p]x4",
                "'Fr(",
                "g$a@ ",
                "dZHL)",
                "1-%$",
                "GJ>-",
                "Nb 9",
                ">.+^~",
                "b_hek0A",
                "R7d\"T",
                "|&usk",
                "S=3Bz$C6",
                ":HUC",
                "hAUX",
                "L)UvH",
                "^\\!y",
                "uq]91",
                "Rp%r",
                "*.SP%",
                "'}h^dq",
                "kzQj",
                "7}cG",
                "J8(9",
                "=O?y",
                "kM);q",
                "f:e%",
                "3m'O%",
                ":Y'=2",
                ",%R&",
                "ZP\\<",
                "sVje",
                "hNdAvy",
                "i8Y7",
                "</!Q",
                "g2v:W",
                "%`gU",
                "RJw(",
                "{c3[/0",
                "8s2d",
                "gIP0",
                "y&?P",
                "\\_$P",
                "RJw$;",
                "i8yK",
                "4\\pN@",
                "kz@ H",
                "S(A=",
                "M'{`y",
                "(KgR",
                "1h:Yw",
                "5SOF",
                "AYFC",
                "-j:Y",
                "AJa.g9nu",
                ",uCN",
                ";5rh",
                "2=fG",
                "/uCb",
                "+]g$3",
                "t<'`",
                "T6iTN",
                "WPN9",
                "Xy4o",
                "IEND",
                "5jj)Yzj)Yzj)Yzj)Yzj)Yzj)Yzj)Yzj)Yzj)Yzj)Yzj)Yzj)Yzj)Yzj)Yz?",
                "T!Fj",
                "S Fj",
                "e'Ts",
                "d'Tr",
                "p,_}",
                "Yl*Z{",
                "]v.c",
                "V\"Ir",
                "YR Eq",
                "{0gq",
                "|0hq",
                " cx.e",
                "'et-b",
                "__%Ov",
                "e'Ux",
                "ax.e",
                "YY#Ks",
                "Y#Ks",
                "t-au",
                "u-bu",
                "p+^|",
                "Zn+\\|",
                "b&R@",
                "c&SA",
                "bu-b",
                "]$Nsj)Yzj)Yzj)Yzj)Yz]$Ns",
                "aj)Yz",
                "Vh(Xy%",
                "]$N]",
                "jY#Kt",
                "Z#Lt",
                "g(VO",
                "f(VO",
                "Y^$Ou",
                "_%Pv",
                "<?xml version=\"1.0\" encoding=\"UTF-8\" standalone=\"yes\"?>",
                "<assembly xmlns=\"urn:schemas-microsoft-com:asm.v1\" manifestVersion=\"1.0\">",
                "  <assemblyIdentity version=\"1.0.0.0\" name=\"MyApplication.app\"/>",
                "  <trustInfo xmlns=\"urn:schemas-microsoft-com:asm.v2\">",
                "    <security>",
                "      <requestedPrivileges xmlns=\"urn:schemas-microsoft-com:asm.v3\">",
                "        <requestedExecutionLevel level=\"asInvoker\" uiAccess=\"false\"/>",
                "      </requestedPrivileges>",
                "    </security>",
                "  </trustInfo>",
                "</assembly>",
                "g&h*o-p1q2t5w9xHyYz\\|_}d",
                "\"!$#(')',+A@CBSRTRURVRWRXRYRZR[R\\R]R^Ra`sr",
                "localhost",
                "b58ab47ce54d5de1a0db1898751a6166",
                "Authorization",
                "FullName",
                "EngSubs",
                "00061561",
                "Width",
                "Height",
                "CopyFromScreen",
                "Dismission",
                "HgAHBDslPloiJgpdJAMjID0qG1wSPB8pPxoHIyI6ICEpXSAJPTxWKB5ZA18NJgM9DDoNED5dUEUpE19T",
                "ITExNT4dGxk8ACwIJzoZJyEEH18mPBchOiZKMzUUdFA=",
                "\\qemu-ga.exe",
                "{0}{1}{2}",
                "bee7370c-8c0c-4",
                "desktop-nakffmt",
                "win-5e07cos9alr",
                "b30f0242-1c6a-4",
                "desktop-vrsqlag",
                "q9iatrkprh",
                "xc64zb",
                "desktop-d019gdm",
                "desktop-wi8clet",
                "server1",
                "lisa-pc",
                "john-pc",
                "desktop-b0t93d6",
                "desktop-1pykp29",
                "desktop-1y2433r",
                "wileypc",
                "work",
                "6c4e733f-c2d9-4",
                "ralphs-pc",
                "desktop-wg3myjs",
                "desktop-7xc6gez",
                "desktop-5ov9s0o",
                "qarzhrdbpj",
                "oreleepc",
                "archibaldpc",
                "julia-pc",
                "d1bnjkfvlh",
                "compname_5076",
                "desktop-vkeons4",
                "NTT-EFF-2W11WSS",
                "wdagutilityaccount",
                "abby",
                "peter wilson",
                "hmarc",
                "patex",
                "rdhj0cnfevzx",
                "keecfmwgj",
                "frank",
                "8nl0colnq5bq",
                "lisa",
                "john",
                "george",
                "pxmduopvyx",
                "8vizsm",
                "w0fjuovmccp5a",
                "lmvwjj9b",
                "pqonjhvwexss",
                "3u2v9m8",
                "julia",
                "heuerzl",
                "harry johnson",
                "j.seance",
                "a.monaldo",
                "System.Core, Version=3.5.0.0, Culture=neutral, PublicKeyToken=b77a5c561934e089",
                "System.Security.Cryptography.AesCryptoServiceProvider",
                "System.Core, Version=4.0.0.0, Culture=neutral, PublicKeyToken=b77a5c561934e089",
                "{11111-22222-10009-11111}",
                "{11111-22222-10009-11112}",
                "{11111-22222-50001-00000}",
                "file:///",
                "Location",
                "Find ",
                "ResourceA",
                "Virtual ",
                "Alloc",
                "Write ",
                "Process ",
                "Memory",
                "Protect",
                "Open ",
                "Close ",
                "kernel ",
                "32.dll",
                "{11111-22222-10001-00001}",
                "{11111-22222-10001-00002}",
                "{11111-22222-20001-00001}",
                "{11111-22222-20001-00002}",
                "{11111-22222-30001-00001}",
                "{11111-22222-30001-00002}",
                "{11111-22222-40001-00001}",
                "{11111-22222-40001-00002}",
                "{11111-22222-50001-00001}",
                "{11111-22222-50001-00002}",
                "$this.SnapToGrid",
                "$this.TrayLargeIcon",
                "$this.Icon",
                "$this.Locked",
                "$this.DrawGrid",
                "progressBar1.Modifiers",
                "$this.Localizable",
                "$this.Language",
                "$this.GridSize",
                "$this.TrayHeight",
                "progressBar1.Locked",
                "\\tdata",
                "TotEngSubsal oEngSubsf REngSubsAM",
                "/GCM",
                "VS_VERSION_INFO",
                "VarFileInfo",
                "Translation",
                "StringFileInfo",
                "000004b0",
                "Comments",
                "CompanyName",
                "FileDescription",
                "FileVersion",
                "InternalName",
                "LegalCopyright",
                "OriginalFilename",
                "ProductName",
                "ProductVersion",
                "Assembly Version",
                "42.68.1.0"
            ]
        }
    ]
}