{
    "malware_data": [
        {
            "filename": "e872ec40a4c2ca42b1330b6b6332ac44705ec697432c901aa39e93edb7765531.exe",
            "filetype": "4D5A9000",
            "filesize": "10KB",
            "hash_sha256": "e872ec40a4c2ca42b1330b6b6332ac44705ec697432c901aa39e93edb7765531",
            "strings": [
                "!This program cannot be run in DOS mode.",
                ".text",
                "`.rsrc",
                "@.reloc",
                "\\Microsoft\\Network\\Connections",
                "https://clfeed.online/keyfileupdate/rst32.jpg",
                "Software\\Microsoft\\Windows\\CurrentVersion\\Run",
                "mjmKuHa^",
                "Mj\\u^uFy[f{Dfcpv`]J54wDk{RHUvMpODwy^SMi",
                "Swp^v}QL[+",
                ")*8%",
                "\"<?:E9#K",
                "83\"L%\"su",
                "2\"-;\"/",
                "kapg",
                "gI{`icmOwtBkH|AVih|Kvy{dbqVR",
                "fKflKlSMkOQoeH^RNQvhWVA|&V~x,d>",
                "5;6=",
                "%~}'7 1)",
                "+6(?",
                "kiNAAY[URDzmwtpD_P",
                "zDLvWhUtF`mcbI3JAZ|BC{hrQnpSB}&%mpkeOpgVT\\ymc>>/+",
                ")(.&4(",
                "*BSJB",
                "v4.0.30319",
                "#Strings",
                "#GUID",
                "#Blob",
                "0xb11a1",
                "ConsoleApp1",
                "Microsoft.Win32",
                "get_UTF8",
                "wqBBQQ==",
                "4oCAQUE=",
                "4ZqAQUE=",
                "<Module>",
                "RDZBOEI0NDUtODY1NC00MUYwLUEzOTMtM0ZCMDA5NkZFNjJEQUFB",
                "System.IO",
                "mscorlib",
                "Thread",
                "set_Method",
                "set_Mode",
                "PaddingMode",
                "CipherMode",
                "GetEnvironmentVariable",
                "IDisposable",
                "RuntimeFieldHandle",
                "File",
                "set_FileName",
                "WriteLine",
                "ValueType",
                "HttpWebResponse",
                "GetResponse",
                "Close",
                "Dispose",
                "Create",
                "CompilerGeneratedAttribute",
                "GuidAttribute",
                "DebuggableAttribute",
                "ComVisibleAttribute",
                "AssemblyTitleAttribute",
                "AssemblyTrademarkAttribute",
                "TargetFrameworkAttribute",
                "SuppressIldasmAttribute",
                "AssemblyFileVersionAttribute",
                "AssemblyConfigurationAttribute",
                "AssemblyDescriptionAttribute",
                "CompilationRelaxationsAttribute",
                "AssemblyProductAttribute",
                "AssemblyCopyrightAttribute",
                "AssemblyCompanyAttribute",
                "RuntimeCompatibilityAttribute",
                "set_UseShellExecute",
                "Byte",
                "SetValue",
                "ConsoleApp1.exe",
                "System.Threading",
                "set_Padding",
                "Encoding",
                "System.Runtime.Versioning",
                "FromBase64String",
                "GetString",
                "ComputeHash",
                "TransformFinalBlock",
                "GetResponseStream",
                "MemoryStream",
                "System",
                "SymmetricAlgorithm",
                "HashAlgorithm",
                "ICryptoTransform",
                "System.Reflection",
                "CopyTo",
                "set_StartInfo",
                "ProcessStartInfo",
                "Sleep",
                "Clear",
                "MD5CryptoServiceProvider",
                "TripleDESCryptoServiceProvider",
                "CurrentUser",
                "StreamWriter",
                "TextWriter",
                ".ctor",
                ".cctor",
                "CreateDecryptor",
                "System.Diagnostics",
                "System.Runtime.InteropServices",
                "System.Runtime.CompilerServices",
                "DebuggingModes",
                "WriteAllBytes",
                "GetBytes",
                "RuntimeHelpers",
                "Process",
                "set_Arguments",
                "Concat",
                "Format",
                "Object",
                "System.Net",
                "set_UserAgent",
                "Environment",
                "Start",
                "Convert",
                "HttpWebRequest",
                "get_StandardInput",
                "set_RedirectStandardInput",
                "System.Text",
                "set_CreateNoWindow",
                "InitializeArray",
                "ToArray",
                "set_Key",
                "OpenSubKey",
                "RegistryKey",
                "System.Security.Cryptography",
                "Registry",
                "<PrivateImplementationDetails>{C221C222-8815-40CB-85AE-F40756C25C29}",
                "WrapNonExceptionThrows",
                "Autodesk",
                "Copyright 2014",
                "]28-9e93-ca58fa4dea65",
                "5.10.12.1216",
                ".NETFramework,Version=v4.0",
                "FrameworkDisplayName",
                ".NET Framework 4",
                "_CorExeMain",
                "mscoree.dll",
                "<?xml version=\"1.0\" encoding=\"UTF-8\" standalone=\"yes\"?>",
                "<assembly xmlns=\"urn:schemas-microsoft-com:asm.v1\" manifestVersion=\"1.0\">",
                "  <assemblyIdentity version=\"1.0.0.0\" name=\"MyApplication.app\"/>",
                "  <trustInfo xmlns=\"urn:schemas-microsoft-com:asm.v2\">",
                "    <security>",
                "      <requestedPrivileges xmlns=\"urn:schemas-microsoft-com:asm.v3\">",
                "        <requestedExecutionLevel level=\"asInvoker\" uiAccess=\"false\"/>",
                "      </requestedPrivileges>",
                "    </security>",
                "  </trustInfo>",
                "</assembly>",
                "aVPmFMajhA90xvFbdeF6FnDFAmVi3Vob9h7qrDTnkfhGHldi",
                "VS_VERSION_INFO",
                "VarFileInfo",
                "Translation",
                "StringFileInfo",
                "000004b0",
                "Comments",
                "CompanyName",
                "FileDescription",
                "FileVersion",
                "InternalName",
                "LegalCopyright",
                "LegalTrademarks",
                "OriginalFilename",
                "ProductName",
                "ProductVersion",
                "Assembly Version",
                "1.14.12.1620"
            ]
        }
    ]
}