{
    "malware_data": [
        {
            "filename": "efe63a2db88d9166eb773f1c479a642b3d05494ade91263e53cd61f06e5d0d59.exe",
            "filetype": "4D5A9000",
            "filesize": "52KB",
            "hash_sha256": "efe63a2db88d9166eb773f1c479a642b3d05494ade91263e53cd61f06e5d0d59",
            "strings": [
                "Wine builtin DLL",
                "t be run in DOS mode.",
                ".text",
                "`.data",
                ".rdata",
                "@.idata",
                ".rsrc",
                ".reloc",
                "%0a@",
                "% a@",
                "UWVS",
                "[^_]",
                ";<$w",
                "WVSQ",
                "Y[^_]",
                "$*@@",
                "<-tO",
                "$00@",
                "$ 0@",
                "$H0@",
                "$<@@",
                "dpnsvr",
                "microsecs",
                "timestamp",
                "#%04x",
                "(null)",
                "(invalid)",
                "stub:",
                "fixme",
                "WINEDEBUG",
                "%s:%s:%s ",
                "__wine_dbg_get_channel_flags",
                "%3u.%06u:",
                "%3u.%03u:",
                "%04x:",
                "__wine_dbg_strdup",
                "__wine_dbg_output",
                "__wine_dbg_header",
                "warn",
                "trace",
                "wmain",
                "0123456789abcdefGCC: (GNU) 10.3.0",
                "GCC: (GNU) 10.3.0",
                "GetModuleHandleW",
                "GetProcAddress",
                "GetTickCount",
                "HeapAlloc",
                "HeapReAlloc",
                "IsBadStringPtrW",
                "QueryPerformanceCounter",
                "QueryPerformanceFrequency",
                "_vsnprintf",
                "__acrt_iob_func",
                "__p___argc",
                "__p___wargv",
                "__stdio_common_vsprintf",
                "_configure_wide_argv",
                "_get_initial_wide_environment",
                "_initialize_wide_environment",
                "_set_app_type",
                "_strdup",
                "exit",
                "free",
                "fwrite",
                "getenv",
                "memcmp",
                "memmove",
                "strchr",
                "strcmp",
                "strcpy",
                "strcspn",
                "strlen",
                "kernel32.dll",
                "ntdll.dll",
                "ucrtbase.dll",
                "0\"0*020:0:3J3Q3V3[3l3",
                "4*4:4A4F4K4\\4",
                "5S5Y5_5p5",
                "6(6}6",
                "7f7l7",
                "798V8",
                "9(9:9R9_9x9",
                ":::I:O:]:j:",
                ";4;I;",
                "<!<&<+<A<F<K<a<f<k<",
                "=2=A=N=W=",
                "='>2>P>",
                ">3?|?",
                "2$2D2L2T2g2",
                ".data",
                "_hex.0",
                "_wmain",
                "_pos.2",
                "_list.1",
                "_sprintf",
                "_memcmp",
                ".idata$4",
                ".idata$50",
                ".idata$6",
                ".idata$7",
                ".idata$2(",
                ".idata$4|",
                ".idata$5",
                ".idata$5L",
                ".idata$6$",
                ".idata$6P",
                ".idata$6h",
                "_exit",
                ".idata$5 ",
                ".idata$2",
                ".idata$4P",
                ".idata$4p",
                ".idata$7`",
                ".idata$4t",
                ".idata$4x",
                ".idata$7t",
                ".idata$64",
                ".idata$5$",
                ".idata$5(",
                ".idata$5,",
                ".idata$54",
                ".idata$58",
                ".idata$5<",
                ".idata$5@",
                ".idata$5D",
                ".idata$6(",
                ".idata$5H",
                ".idata$7@",
                ".idata$4T",
                ".idata$6d",
                ".idata$7D",
                ".idata$4X",
                ".idata$6x",
                ".idata$7H",
                ".idata$4\\",
                ".idata$7L",
                ".idata$4`",
                ".idata$7P",
                ".idata$4d",
                ".idata$7T",
                ".idata$4h",
                ".idata$7X",
                ".idata$4l",
                ".idata$7\\",
                ".idata$7p",
                "__dll__",
                "__strdup",
                "_free",
                "_fwrite",
                "_getenv",
                "_memmove",
                "_strchr",
                "_strcmp",
                "_strcpy",
                "_strcspn",
                "_strlen",
                "__end__",
                ".eh_frame",
                "_wine_dbg_sprintf.constprop.0",
                "_wine_dbgstr_wn.constprop.0",
                "_wine_dbg_vprintf",
                "_wine_dbg_log.constprop.0",
                "___func__.1",
                "___wine_dbch_dpnsvr",
                ".text$wine_dbg_sprintf.constprop.0",
                ".text$wine_dbgstr_wn.constprop.0",
                ".text$wine_dbg_vprintf",
                ".text$wine_dbg_log.constprop.0",
                ".text$wmain",
                ".rdata$hex.0",
                ".rdata$__func__.1",
                ".data$__wine_dbch_dpnsvr",
                ".rdata$zzz",
                "_fallback__wine_dbg_strdup",
                "_fallback__wine_dbg_output",
                "_partial_line_tid",
                "_fallback__wine_dbg_get_channel_flags",
                "_nb_debug_options",
                "_debug_options",
                "_default_flags",
                "_debug_classes",
                "_options_size",
                "_load_func.part.0",
                "_snprintf.constprop.0",
                "_fallback__wine_dbg_header",
                "_p__wine_dbg_get_channel_flags",
                "___wine_dbch_microsecs",
                "___wine_dbch_timestamp",
                "___wine_dbch_pid",
                "_frequency.0",
                "___wine_dbg_strdup",
                "_p__wine_dbg_strdup",
                "___wine_dbg_output",
                "_p__wine_dbg_output",
                "___wine_dbg_get_channel_flags",
                "___wine_dbg_header",
                "_p__wine_dbg_header",
                ".text$fallback__wine_dbg_strdup",
                ".text$fallback__wine_dbg_output",
                ".text$fallback__wine_dbg_get_channel_flags",
                ".text$sprintf",
                ".text$load_func.part.0",
                ".text$snprintf.constprop.0",
                ".text$fallback__wine_dbg_header",
                ".text$__wine_dbg_strdup",
                ".text$__wine_dbg_output",
                ".text$__wine_dbg_get_channel_flags",
                ".text$__wine_dbg_header",
                ".data$frequency.0",
                ".data$list.1",
                ".data$pos.2",
                ".data$partial_line_tid",
                ".data$debug_options",
                ".data$options_size",
                ".data$nb_debug_options",
                ".data$default_flags",
                ".rdata$debug_classes",
                ".data$p__wine_dbg_header",
                ".data$p__wine_dbg_get_channel_flags",
                ".data$p__wine_dbg_output",
                ".data$p__wine_dbg_strdup",
                ".data$__wine_dbch_microsecs",
                ".data$__wine_dbch_timestamp",
                ".data$__wine_dbch_pid",
                "_wmainCRTStartup",
                ".text$wmainCRTStartup",
                "___p___argc",
                "___p___wargv",
                "__configure_wide_argv",
                "__get_initial_wide_environment",
                "__initialize_wide_environment",
                "__set_app_type",
                "___divdi3",
                "___moddi3",
                "___RUNTIME_PSEUDO_RELOC_LIST__",
                "__imp__getenv",
                "__data_start__",
                "___DTOR_LIST__",
                "__imp__IsBadStringPtrW@8",
                "___wine_import_ucrtbase_name",
                "__imp____stdio_common_vsprintf",
                "__rt_psrelocs_start",
                "___wine_import_kernel32_name",
                "__imp___strdup",
                "__dll_characteristics__",
                "__size_of_stack_commit__",
                "__size_of_stack_reserve__",
                "__major_subsystem_version__",
                "__imp__QueryPerformanceCounter@4",
                "__imp__HeapReAlloc@16",
                "___RUNTIME_PSEUDO_RELOC_LIST_END__",
                "__size_of_heap_commit__",
                "___wine_import_ucrtbase_desc",
                "__imp__GetProcAddress@8",
                "___wine_import_kernel32_desc",
                "___wine_import_ntdll_name",
                "__minor_os_version__",
                "__imp__QueryPerformanceFrequency@4",
                "__image_base__",
                "__imp__exit",
                "__section_alignment__",
                "__imp__memmove",
                "__IAT_end__",
                "__RUNTIME_PSEUDO_RELOC_LIST__",
                "__data_end__",
                "__CTOR_LIST__",
                "__imp__GetTickCount@0",
                "__imp__strchr",
                "___CTOR_LIST__",
                "__rt_psrelocs_size",
                "__imp____acrt_iob_func",
                "__imp__GetModuleHandleW@4",
                "__imp__strcmp",
                "__file_alignment__",
                "__imp___get_initial_wide_environment",
                "__imp____p___argc",
                "__imp__memcmp",
                "__major_os_version__",
                "__IAT_start__",
                "__DTOR_LIST__",
                "__imp___configure_wide_argv",
                "__imp____p___wargv",
                "__size_of_heap_reserve__",
                "___ImageBase",
                "__subsystem__",
                "__imp__strlen",
                "__imp__strcpy",
                "__imp___initialize_wide_environment",
                "___wine_import_ntdll_desc",
                "__imp__free",
                "__major_image_version__",
                "__loader_flags__",
                "__rt_psrelocs_end",
                "__minor_subsystem_version__",
                "__minor_image_version__",
                "__imp___set_app_type",
                "__imp__HeapAlloc@12",
                "__imp__strcspn",
                "__RUNTIME_PSEUDO_RELOC_LIST_END__",
                "__imp___vsnprintf",
                "__imp__fwrite",
                "___acrt_iob_func",
                "___stdio_common_vsprintf",
                "_GetModuleHandleW@4",
                "_GetProcAddress@8",
                "_GetTickCount@0",
                "_HeapAlloc@12",
                "_HeapReAlloc@16",
                "_IsBadStringPtrW@8",
                "_QueryPerformanceCounter@4",
                "_QueryPerformanceFrequency@4",
                "__vsnprintf",
                "___tls_start__",
                "___crt_xl_start__",
                "___crt_xi_start__",
                "___crt_xi_end__",
                "__bss_start__",
                "___crt_xp_start__",
                "___crt_xp_end__",
                "__bss_end__",
                "___crt_xc_end__",
                "___crt_xc_start__",
                "___crt_xt_start__",
                "___tls_end__",
                "___crt_xt_end__",
                "VS_VERSION_INFO",
                "StringFileInfo",
                "040904B0",
                "CompanyName",
                "Microsoft Corporation",
                "FileDescription",
                "Wine dpnsvr",
                "FileVersion",
                "5.3.0.900",
                "InternalName",
                "LegalCopyright",
                "Copyright (c) 1993-2023 the Wine project authors (see the file AUTHORS for a complete list)",
                "OriginalFilename",
                "dpnsvr.dll",
                "ProductName",
                "Wine",
                "ProductVersion",
                "VarFileInfo",
                "Translation"
            ]
        }
    ]
}