{
    "malware_data": [
        {
            "filename": "ecbaeab79bb9ff98c691ffddfd29e59282af48d48a87fbe20cb94dc83c1c89f3.exe",
            "filetype": "4D5A9000",
            "filesize": "207KB",
            "hash_sha256": "ecbaeab79bb9ff98c691ffddfd29e59282af48d48a87fbe20cb94dc83c1c89f3",
            "strings": [
                "!This program cannot be run in DOS mode.",
                "S>tRich",
                ".text",
                "`.rdata",
                "@.data",
                ".tls",
                ".xoyetu",
                "@.rsrc",
                "VVVVV",
                "QSVW",
                "YQPVh",
                "PPPPP",
                "WWWWW",
                "uaVj",
                "uL9=|",
                "h0-B",
                "u,9E",
                "hX-B",
                "hx-B",
                "h\"%@",
                "h0&@",
                "Y__^[",
                "9csm",
                "8csm",
                "<v8V",
                "S99t",
                "=LBB",
                "=HBB",
                "t$<\"u",
                ">=Yt1j",
                "tNVSP",
                "Y[_^",
                ">\"u&",
                "< tK<",
                "@@f9",
                "SSS+",
                "@PWSS",
                "t!SS",
                "j@j ^V",
                "[j@j ",
                "uWS3",
                "ueSj",
                "@_^[",
                "j?Y;",
                " VW}",
                "j?^;",
                "Y_^[]",
                "_^[]",
                "Wj6Y",
                "Fpt\"",
                "h .B",
                "SSSSS",
                "^_[]",
                "<.u4",
                "PVj@",
                "_trP",
                ",uRP",
                "^H_[",
                ">CuW",
                "@PVW",
                "vSSSh",
                "VWw$",
                "hH.B",
                "0A@@Ju",
                "wIVSP",
                "FVSj",
                "h /B",
                "Y_^[",
                "h@/B",
                "h`/B",
                "h}h@",
                "9~\\u'",
                "5PBB",
                "=TBB",
                "h0i@",
                "t#Hu",
                "t+Ht",
                "_VVVVV",
                "QWVP",
                ",0GG",
                "URPQQh",
                "L$,3",
                "UVWS",
                "[_^]",
                "SVWj",
                "h[r@",
                "0SSSSS",
                "Pj1Q3",
                "F Pj*",
                "F$Pj+",
                "F(Pj,",
                "F,Pj-",
                "F0Pj.",
                "F4Pj/",
                "F8PjD",
                "F<PjE",
                "F@PjF",
                "FDPjG",
                "FHPjH",
                "FLPjI",
                "FPPjJ",
                "FTPjK",
                "FXPjL",
                "F\\PjM",
                "F`PjN",
                "FdPjO",
                "FhPj8",
                "FlPj9",
                "FpPj:",
                "FtPj;",
                "FxPj<",
                "F|Pj=",
                "{>Vj",
                "v$;5",
                "C PjPV",
                "C$PjQV",
                "C(Pj",
                "C)Pj",
                "C*PjTV",
                "C+PjUV",
                "C,PjVV",
                "C-PjWV",
                "C.PjRV",
                "C/PjSV",
                "~-8]",
                "@@8X",
                "QW@Ph",
                "W@Ph",
                "~S8]",
                "_^[t",
                "$SVW",
                ".;1s(N",
                "tIHt$",
                "HHt4HHt",
                "Ht\\Ht,",
                "SV9}",
                "98tl",
                "PSVj",
                "teHtFHt&Hu",
                "h`#B",
                "h\\#B",
                "<'tE",
                "ty<%tA",
                "twF3",
                "tBF9]",
                "u 9]",
                "PPPPPPPP",
                "t&:a",
                "|FVW",
                "tNhL+B",
                "t=hH+B",
                "hD+B",
                ",aB<",
                "u49^",
                "hx*B",
                "Vj@hp(B",
                "u%hP+B",
                "j@Sh",
                "t,j@",
                "C@Ph",
                "Sj Z",
                "0;1t|",
                "9] SS",
                "tR:Q",
                "t<:Q",
                "t&:Q",
                "u8SS3",
                "9] u",
                "9]$SS",
                "t)9]",
                "t\"SS9]",
                "u,VVWV",
                "u#9u",
                "t VV9u",
                "SVWUj",
                "]_^[",
                ";t$,v-",
                "UQPXY]Y[",
                "oV f",
                "o^0f",
                "of@f",
                "onPf",
                "ov`f",
                "o~pf",
                "t:9]",
                "^SSSSS",
                "j,h 0B",
                "t!PV",
                "PSj?",
                ">:u8FV",
                "jd_Fj",
                "Pf95",
                "PVVRV",
                "Pf95\\",
                "VVVVVQRSSj",
                "h@0B",
                "h`0B",
                "u09u",
                "VW9]",
                "u99u",
                "WWWWV",
                "t<Vj",
                "t+WWVPV",
                "<8=u",
                "t*;E",
                "QVW3",
                "^WWWWW",
                "t.;E",
                "8VVVVV",
                "Af#E",
                "u+9u",
                "u>9u",
                "N+D$",
                "QQSV3",
                "VVVVj",
                "tCVV",
                "@A;E",
                "SVW3",
                "t{~Bj",
                "t1SW",
                "tSj=V",
                "u`9]",
                "Y|R9",
                "?sjj",
                "@Y@P",
                "t\\VV",
                "@Y@PW",
                "^_[3",
                "\"YoD",
                "!*F#'",
                "-.kJ",
                "Hjtp",
                "u1TN",
                "ywIV:",
                ">.W#",
                ">YHP",
                "]y8C5^",
                "-kf\"K",
                ")Z7T",
                ":!4y",
                "A}WkP@",
                "y1U/",
                "a.tR\"",
                "ux([",
                "~(g(",
                ";;o'",
                "+x`[",
                "[1aa",
                "3H?u",
                "G{@i",
                "Z+Q:",
                "zQ!Xx",
                "Y:Y4",
                "/wLF",
                "TK_]",
                ",AygA",
                "%b%Wb",
                "NpWKS",
                "f7ih",
                "m{MRT",
                "i]^:",
                ">7K|",
                "7gY\\",
                "-ER\\(",
                "E_TQAq",
                "`yu&",
                "QFc{",
                "}G9.",
                "K(cd",
                ":_-C",
                "}3}b",
                ".z1}",
                "4YN1",
                "f`)(",
                "Hd=I?",
                "w`>vB",
                "FKgp#N",
                "(k3Lg8",
                "]sy?)",
                ")P_^",
                "ULPZ",
                "F4~=",
                "r4o=N",
                "7LRFC",
                "wjH[7",
                "&P%l0",
                "qu9c",
                "hJc`*5",
                "\"Hvu",
                "*.{q",
                "P|Yq",
                "S/O4",
                "K/cu",
                "T42VC",
                "})s%6",
                "aat2j",
                "o\"+l",
                "3sK]",
                "|^*q",
                ":Rfs",
                "1&_D(",
                "c{L)",
                "8uTH",
                "ej0#o",
                "f>#gg",
                ",sh}A",
                "L@s$",
                "a[w6",
                "SX[0",
                "?IgY",
                "Sk\\h",
                "JR/-",
                "O#r>o'0",
                "Fc46",
                "]-i?",
                "VpeIT",
                "NwCr",
                "gq9a",
                "n0hI",
                "-j>>",
                "QzC2s",
                "*k>)",
                "|lrR",
                "BZ{/",
                "(+p@",
                "g.5E)",
                ":x.$",
                "~$Cf",
                "&@DE",
                "XB-[i",
                "VWHP",
                "n>*B",
                "$_]u(",
                "sbX2",
                "yWu}",
                "^.M5",
                "T?ws",
                "V{}zU",
                "?%Ud",
                "}.vh",
                "vJ0Jd",
                "aR5 ",
                "FzdQ",
                ">=&3",
                "UFHj",
                "'[o6",
                "%:&I",
                "y5Dp",
                "Ee}]",
                "')g<",
                "Q3\".",
                ";df<",
                "Yg.zK",
                "v\\Bu",
                "j5q=",
                "cF$K",
                "q3Ty1",
                "<iMg",
                "lB3&y",
                "-fFz",
                "5=?9",
                "&k+&",
                "P~yH",
                "TX3T",
                "ZNx-",
                "*|{1",
                "~Dy.",
                "d^% ",
                "Z4cL",
                "mn^w",
                "cf?}",
                "v(CC",
                "mQKT",
                "\"9#`v8l",
                "3c+N",
                "xD:L",
                "<ly2",
                "J%4?",
                "x+tD",
                "=nNE",
                "9xV8",
                "bDV9",
                "n.E5",
                "kL\"$",
                "@K<#",
                "XQjm",
                "E4{[",
                "Ap16",
                "qhR^(Bu",
                "~f$~",
                "WDAR-",
                "`#Ts",
                "3wDi",
                "P,.U",
                "j^*u",
                "z7' O",
                "1Fk*c",
                "<01Y",
                "z/cU",
                "3q$T)N1",
                "+_34[",
                "\\JqHU1",
                "K}b]j",
                "7A5j",
                "cOr.B",
                "y@Ce",
                "[`vd",
                "7G/<R",
                "~1gH",
                ",amy",
                "/cD\\i$",
                "Afts",
                "o;?g",
                "8'iB",
                "#$/+",
                "uf&{",
                "'~8JU/",
                "khAa",
                "!a&K",
                "n~_(",
                "rr0h",
                "?qk{",
                "<Rhw",
                "r@Hh",
                ";WT\\",
                "<MS5",
                "'Kx2",
                ",9Cm",
                "(;7u",
                "$V?6",
                "F3Q2",
                "7[K6",
                "a.Vl",
                "<wlV",
                "t~1fP",
                "uN(2",
                "T:@^",
                ";l`A",
                "D.+5",
                "M_oA",
                "z(2+",
                "8`B=",
                "6qTE",
                "fJj!",
                "F1]w7",
                "rx!m",
                "FDvr",
                ">75^",
                "N/te",
                "q*T`;",
                "sf&(",
                "qz<i",
                "?%0Q'",
                "tO{U`u",
                "V Ry",
                "B:Usg",
                "6O'#x",
                "<c)-",
                ";p/M",
                "2C'gMu-b",
                "KF=\"!d",
                "<_yO",
                "%Qor",
                "x6 i",
                "xNb]",
                "s3KP5",
                ";-E:",
                "I~V)",
                " 5_H",
                "BW@(/",
                "%MOse",
                "L_x/",
                "T\\[%",
                "VCKM",
                "YM2j",
                "K PJ+x",
                "?qFB",
                "{+ql+",
                "B/z-p",
                "i1s)",
                "zX-k(",
                "C$Fk$",
                "\"]y?2",
                "=e^p;",
                "f2Cc",
                "OakL\"W",
                "k|;o",
                "rHK Z",
                "rBg;y",
                "}5rR",
                "YdYFX",
                "$\\.B",
                "r:4'",
                "{}M.",
                "&LG|ZW",
                "DU*L",
                "jD7)W",
                "CBqPo",
                "`s*X",
                "bY5Cd)>",
                "`WR`_",
                "ARq<",
                ">Bx+`",
                "@\"/1",
                "ai4(",
                "lwy]",
                "~?C@",
                "w:zG",
                "|E9hN",
                "s14()",
                "Z&U.",
                "bp9\\",
                "49-h",
                "J8.{",
                "~u0G",
                "~{SN",
                "\"Q5_T",
                "H[S:",
                "~cAT",
                "cD=6",
                "Z5RC",
                "$.lBy",
                "i}dx;",
                "*a[x",
                "Mx4H",
                "#&K+",
                "Il9Q",
                "z,3$x",
                "%\\OC",
                "&6JI>|",
                "fl:s",
                "3eNXw",
                "Ru-b",
                "aZvx",
                "2+it",
                "I@,2",
                "_#=f",
                "SEM{",
                "W7|?)",
                "gRSu5",
                "eWJf",
                "77^#E",
                "n=M\\&6_",
                "rZeC",
                "Q_7Y",
                "uw57",
                "z))vD",
                "'K;\"",
                "xymf",
                "i\"'c",
                ")5e${",
                "o|0W*",
                "!bn:",
                "C4WY",
                "#*dI",
                ".GvM",
                "*\"YU",
                "8|5|",
                "vu6[B",
                "X;;2",
                "6t\\i,",
                ":(\\f",
                "1Cp<",
                "*_7$Ej",
                "wP.(x",
                "b}}4",
                "!Uo4",
                "1I4x",
                "[a`t",
                "a>!9nk%h",
                "TIza",
                "]*6J",
                "Gj~j",
                "t4QBK-g",
                "4yoRe",
                "]FQq&&",
                "~i8#Oe",
                ";b4H",
                "Fqk)",
                "2Qrq",
                "(m]<",
                "z0Nvy^O;",
                "s[a0",
                "CE^PM",
                "rm+7",
                "jn#?",
                "SEob",
                "=:Jwu",
                ")u&u",
                "){;(%",
                "[X3us",
                "SHKD",
                "Q12U",
                ">=F#",
                "0/5HZ",
                "wya%",
                "WT*oa",
                "5*rY",
                "!>% ",
                "E}DiLjf",
                "!/O6",
                ".?ro\"",
                "+}+y",
                "j$6Y2",
                "^=%P^",
                "xiE'",
                "1_-7",
                "6{wX",
                "d4GH",
                "'Icf$",
                "6}!\"",
                "]?Fw",
                "_<t;",
                "\\DXm",
                "m?tv",
                "h@Pu",
                "!y8]",
                ";~W-",
                "K\\qR}ySm",
                "}*\"]z",
                "3Ujp",
                "@X<?",
                "r#D-&",
                "abOM",
                "$UmrQ",
                "TRh}",
                "Ivfg",
                " GJRN",
                "'gfV",
                "t2Dl",
                "_Vdd,",
                "dj4d",
                "N*iv",
                ";:LT",
                "QSX;",
                "69_q",
                "@[b7",
                "c'[]!#",
                "(bAU",
                ":r[N\"",
                "t5C\"/",
                "Es<s&lg",
                "4u.<}",
                ".|b{",
                "@WSR",
                "m\"^-",
                "T5|*",
                "'y|c",
                "]\"M!",
                "<Lnt",
                "\\F'\\",
                ":2EO",
                "q:cY",
                "P+]{|",
                "|{1UQI",
                "?D+|",
                "IP]Y",
                "mU7Q^",
                " ss)\\.Ry",
                "A#K\"",
                "zY=s",
                "%2n_",
                "{cQ`",
                "T*#8\"",
                "C6H'l",
                "(]=n",
                "(oQU5+",
                "7j6j",
                "Y7sU",
                "_5SM+",
                "SEd1",
                "D+q-",
                "ca;~",
                "oA-b",
                "adE*p",
                "/Ey_",
                "KZQZ",
                " adJ",
                "b?{/",
                "qcO9n",
                "zLmk",
                "M~ZIU",
                "Zb1=",
                " E+n",
                "D=:`",
                "CBX>",
                "}f.%",
                "Z-]5",
                "&mv,C",
                "4+(D",
                "SbVN",
                "T#Yi",
                "l~#5)",
                "4gs(",
                "1vV>",
                "6+so",
                "9h,!",
                "lT31",
                "7/%g",
                "LQCu\\",
                "ybY9",
                "qtkS>V",
                "cFW4",
                "E<yi!6;",
                "t}0!O",
                "$95x",
                "Tv:e*",
                "p(<yn]",
                "Y*=ZE",
                "gi0^",
                "H_8-",
                "%1$rL",
                "\\3v<",
                "=\"fF",
                "uS=E1",
                "-=CK",
                "D0Y@",
                "u#xt/P/",
                "cb\"\"sp",
                "!GbC",
                "9&:Lj",
                "C\\`}",
                "RL^(",
                "\"A7L4,",
                "diD'",
                "//D2#Rme",
                "u0~!$",
                "M4$<",
                "vgi2Xu2r",
                "Y#vM",
                "=S`e",
                "tUV#",
                "DV?6]",
                ",j/,#",
                "](a'",
                "XPOd",
                "PYdI",
                "*x,N",
                "nk3y",
                "%Y(9$",
                "Oya\"",
                "j<LFz",
                "M(x)!",
                "KEf1{",
                ".|.X",
                "0d|\\",
                "4,#|",
                "k\\t|",
                "5<jn",
                "*}6e",
                "7kSf",
                "qM3b",
                "EF:0",
                "PuIL",
                "tg~DO@",
                "nr0FQ",
                "Xr{A",
                "WhXON",
                "KH!Q",
                "x&+Z",
                "Yhm%",
                "W/EK",
                "QMHzz",
                "W!3t",
                "kl)e",
                "G<Ibu",
                "+BDB,",
                "4T1$",
                "Hj$q+!",
                "n.sM",
                "D1O\">",
                "Oz*UC",
                "d7>Px",
                "fVNp`u",
                "<={BHc`",
                "T0W!a",
                "Hegmw",
                "dKG@",
                "'TSFif",
                "G_Mla",
                "!LGr]8]?l",
                "KQI\"",
                "{}.sC",
                "P$pl.",
                "UC0Z",
                "\\t}5",
                "[|g7",
                "wSNs",
                "{.Ds",
                "0zl'b",
                ":,#1L",
                "TVG7D",
                "REC#",
                "o-\\:",
                "XH>xG",
                "'@J)",
                "MQuK1^",
                "x_p{,S#0",
                "j,wf-",
                "+];C",
                ",_U@J",
                "$Ku#",
                "J2F^",
                "?Cye",
                "DMTR",
                ";\"!KDQ",
                "NYLg",
                "R9[o_&",
                ")-]@",
                "vmb).",
                "ho2w",
                "DQ?&J",
                ">{iR",
                "3qK?",
                "4Dt ",
                "3\"X#@",
                "}0L0I",
                "P-mH",
                "G5J4a~w\\",
                "HEgz",
                "5g8NV",
                "wn-,-",
                "?rCs/RI",
                "Vl,S",
                "<uLP6",
                "%mV}>S",
                "7#[N]wZ",
                "o`6s",
                "Ni8x",
                "?#*Nj",
                "<6.9",
                "TR+A",
                "x /au",
                "BU1l",
                "MvDF",
                "N*2s",
                "h/t#",
                "8a_maE",
                "tYz$_",
                "L\"%>",
                "@-}y",
                "9GTaZ\\e\"",
                "K#^S",
                "%+i;",
                "D\\N?",
                "o%0\"",
                "n`Udg",
                "<.:D",
                "1)H2",
                "rc.Bq",
                "<o\\e",
                "U99x",
                "EPnP",
                "O8##",
                "dFfX",
                "R'._",
                "v;^:",
                "jkXjef",
                "Xjrf",
                "Xjnf",
                "Xjef",
                "Xjlf",
                "Xj3f",
                "Xj2f",
                "Xj.f",
                "Xjdf",
                "MpQj@",
                "PVVVV",
                "^6}B",
                "|u+j",
                "EncodePointer",
                "DecodePointer",
                "FlsFree",
                "FlsSetValue",
                "FlsGetValue",
                "FlsAlloc",
                "CorExitProcess",
                "runtime error ",
                "TLOSS error",
                "SING error",
                "DOMAIN error",
                "R6034",
                "An application has made an attempt to load the C runtime library incorrectly.",
                "Please contact the application's support team for more information.",
                "R6033",
                "- Attempt to use MSIL code from this assembly during native code initialization",
                "This indicates a bug in your application. It is most likely the result of calling an MSIL-compiled (/clr) function from a native constructor or from DllMain.",
                "R6032",
                "- not enough space for locale information",
                "R6031",
                "- Attempt to initialize the CRT more than once.",
                "This indicates a bug in your application.",
                "R6030",
                "- CRT not initialized",
                "R6028",
                "- unable to initialize heap",
                "R6027",
                "- not enough space for lowio initialization",
                "R6026",
                "- not enough space for stdio initialization",
                "R6025",
                "- pure virtual function call",
                "R6024",
                "- not enough space for _onexit/atexit table",
                "R6019",
                "- unable to open console device",
                "R6018",
                "- unexpected heap error",
                "R6017",
                "- unexpected multithread lock error",
                "R6016",
                "- not enough space for thread data",
                "This application has requested the Runtime to terminate it in an unusual way.",
                "R6009",
                "- not enough space for environment",
                "R6008",
                "- not enough space for arguments",
                "R6002",
                "- floating point support not loaded",
                "Microsoft Visual C++ Runtime Library",
                "<program name unknown>",
                "Runtime Error!",
                "Program: ",
                "LC_TIME",
                "LC_NUMERIC",
                "LC_MONETARY",
                "LC_CTYPE",
                "LC_COLLATE",
                "LC_ALL",
                " !\"#$%&'()*+,-./0123456789:;<=>?@ABCDEFGHIJKLMNOPQRSTUVWXYZ[\\]^_`abcdefghijklmnopqrstuvwxyz{|}~",
                "SystemFunction036",
                "ADVAPI32.DLL",
                "GetProcessWindowStation",
                "GetUserObjectInformationA",
                "GetLastActivePopup",
                "GetActiveWindow",
                "MessageBoxA",
                "USER32.DLL",
                " !\"#$%&'()*+,-./0123456789:;<=>?@abcdefghijklmnopqrstuvwxyz[\\]^_`abcdefghijklmnopqrstuvwxyz{|}~",
                " !\"#$%&'()*+,-./0123456789:;<=>?@ABCDEFGHIJKLMNOPQRSTUVWXYZ[\\]^_`ABCDEFGHIJKLMNOPQRSTUVWXYZ{|}~",
                "HH:mm:ss",
                "dddd, MMMM dd, yyyy",
                "MM/dd/yy",
                "December",
                "November",
                "October",
                "September",
                "August",
                "July",
                "June",
                "April",
                "March",
                "February",
                "January",
                "Saturday",
                "Friday",
                "Thursday",
                "Wednesday",
                "Tuesday",
                "Monday",
                "Sunday",
                "am/pm",
                "united-states",
                "united-kingdom",
                "trinidad & tobago",
                "south-korea",
                "south-africa",
                "south korea",
                "south africa",
                "slovak",
                "puerto-rico",
                "pr-china",
                "pr china",
                "new-zealand",
                "hong-kong",
                "holland",
                "great britain",
                "england",
                "czech",
                "china",
                "britain",
                "america",
                "swiss",
                "swedish-finland",
                "spanish-venezuela",
                "spanish-uruguay",
                "spanish-puerto rico",
                "spanish-peru",
                "spanish-paraguay",
                "spanish-panama",
                "spanish-nicaragua",
                "spanish-modern",
                "spanish-mexican",
                "spanish-honduras",
                "spanish-guatemala",
                "spanish-el salvador",
                "spanish-ecuador",
                "spanish-dominican republic",
                "spanish-costa rica",
                "spanish-colombia",
                "spanish-chile",
                "spanish-bolivia",
                "spanish-argentina",
                "portuguese-brazilian",
                "norwegian-nynorsk",
                "norwegian-bokmal",
                "norwegian",
                "italian-swiss",
                "irish-english",
                "german-swiss",
                "german-luxembourg",
                "german-lichtenstein",
                "german-austrian",
                "french-swiss",
                "french-luxembourg",
                "french-canadian",
                "french-belgian",
                "english-usa",
                "english-us",
                "english-uk",
                "english-trinidad y tobago",
                "english-south africa",
                "english-nz",
                "english-jamaica",
                "english-ire",
                "english-caribbean",
                "english-can",
                "english-belize",
                "english-aus",
                "english-american",
                "dutch-belgian",
                "chinese-traditional",
                "chinese-singapore",
                "chinese-simplified",
                "chinese-hongkong",
                "chinese",
                "canadian",
                "belgian",
                "australian",
                "american-english",
                "american english",
                "american",
                "Norwegian-Nynorsk",
                "SunMonTueWedThuFriSat",
                "JanFebMarAprMayJunJulAugSepOctNovDec",
                "bad allocation",
                "VirtualProtect",
                "LocalUnlock",
                "TlsGetValue",
                "GetLocaleInfoA",
                "HeapFree",
                "FreeEnvironmentStringsA",
                "GetModuleHandleW",
                "GetConsoleAliasesA",
                "GetConsoleAliasExesLengthW",
                "GetAtomNameW",
                "CompareStringW",
                "LCMapStringA",
                "GetConsoleOutputCP",
                "GetLastError",
                "GetProcAddress",
                "LoadLibraryA",
                "LocalAlloc",
                "VirtualLock",
                "FindAtomA",
                "GetModuleFileNameA",
                "FreeEnvironmentStringsW",
                "DeleteCriticalSection",
                "LocalFree",
                "KERNEL32.dll",
                "GetCommandLineA",
                "GetStartupInfoA",
                "TerminateProcess",
                "GetCurrentProcess",
                "UnhandledExceptionFilter",
                "SetUnhandledExceptionFilter",
                "IsDebuggerPresent",
                "HeapAlloc",
                "TlsAlloc",
                "TlsSetValue",
                "TlsFree",
                "InterlockedIncrement",
                "SetLastError",
                "GetCurrentThreadId",
                "InterlockedDecrement",
                "GetCurrentThread",
                "Sleep",
                "HeapSize",
                "ExitProcess",
                "WriteFile",
                "GetStdHandle",
                "GetEnvironmentStrings",
                "WideCharToMultiByte",
                "GetEnvironmentStringsW",
                "SetHandleCount",
                "GetFileType",
                "HeapCreate",
                "HeapDestroy",
                "VirtualFree",
                "QueryPerformanceCounter",
                "GetTickCount",
                "GetCurrentProcessId",
                "GetSystemTimeAsFileTime",
                "LeaveCriticalSection",
                "FatalAppExitA",
                "EnterCriticalSection",
                "VirtualAlloc",
                "HeapReAlloc",
                "GetCPInfo",
                "GetACP",
                "GetOEMCP",
                "IsValidCodePage",
                "SetConsoleCtrlHandler",
                "FreeLibrary",
                "InterlockedExchange",
                "InitializeCriticalSectionAndSpinCount",
                "RtlUnwind",
                "GetTimeFormatA",
                "GetDateFormatA",
                "GetUserDefaultLCID",
                "EnumSystemLocalesA",
                "IsValidLocale",
                "GetStringTypeA",
                "MultiByteToWideChar",
                "GetStringTypeW",
                "LCMapStringW",
                "GetLocaleInfoW",
                "GetTimeZoneInformation",
                "CompareStringA",
                "SetEnvironmentVariableA",
                "                          ",
                "abcdefghijklmnopqrstuvwxyz",
                "ABCDEFGHIJKLMNOPQRSTUVWXYZ",
                "s?}Z",
                "5{Q|<}_&",
                "\\p@~_",
                "-4|T",
                ";5~S",
                "&5|T",
                "}D=|]{0{P",
                "Detepuy culu kizesolol nupogezicifedo. Nawikecejuc vitomuxecuyi. Sobebozoxuzak yiy hahovayubem jepudinomi dificizetanah. Keceronizafudur nikaxezome gajaliki. Roparasevo gixokoxef. Pogix kay pemoh hodaxixefenala hep. Yoloye dofuliwular. Fofed loju nabifoxuxupi dasisofupuvol. Mihurizipekihuy jolan dil yemo vuxiducazeve. Babeju. Zozo. Wehabomuvotes. Tulijire nisesomihifoja xeparep. Payapad can. Perew. Netotakicuj sunoca yeweyob gewotohevubow. Yuxica biwuduz. Mejijezoha sowitufeza sixuwexuxalu nofuza. Bivemijaki xocetuyewiz nuco wofitamahi. Wezepipopifog. Kevu giyoye xek xopuseyasu. Xudedufatefeci perufegik xegelaz. Pedad. Gadegixek. Gumewalahoyal. Nuwicifukuhuh. Jakutowe. Mexiwokosa pokoyu sasat xuboc. Zojawapi. Cabebiw. Nesiriyaz suwice kehamab xulin zaxagucinuwoge. Molepinule paxonubuwu banayawusak. Jan refewesosisu dedaramilaliluk wohixoxuyumes. Lavehexecafela pohuso mowi. Gatahehahef. Fusuluvujevode. Merorehobadod yejixe zuzixobebo mafepobulijer. Nevixepe kiy figus pega jomas. Jopegogarihi. Zehadilabocage gerinudu toni bicahimiruya. Hija xogajehutate kikerobovowil pozujuhohecol ficayeteduvosi. Yesuno. Saw. Joboxuf mijadake. Mijusosuzuw wabemoluxu cuvu nebete. Rovo geh nud. Taxofo nokigomi budeyo ledojane mumuk. Nuhonahan web. Lorefotom mamuvi. Wefufuvuyub tehomusigetivet jajotosisof latu. Vetuwoseh. Niwatulu. Vezanu. Citolimenula xeha. Patad bomepaf. Valavafepon kocujiduxuveci cazig. Zuca cosuzohagiv puyidoyodafu. Cidaruni. Yabubusidega. Voseyimuhitit. Mocodatupowoda malezafibey. Kojaxa. Voc tihemuguw nuhekenapomusak heya",
                "Bjjj",
                "Bjjjjjj",
                "KERNEL32.DLL",
                "mscoree.dll",
                "         (((((                  H",
                "         h((((                  H",
                "                                 H",
                "LEHEJEGI",
                "VS_VERSION_INFO",
                "StringFileInform",
                "040904E4",
                "FileVers",
                "1.0.0.1",
                "ProductVespa",
                "31.16.28.60",
                "InternalName",
                "Heart",
                "LegalCopyrighd",
                "Sheat",
                "CompanyName",
                "Samuel",
                "VarFileInfo",
                "Translation",
                "KBenogaterewap vovuzotiya voretim bepevafes zaso jiwar felil keguliwitofumih",
                "Giz kamejahojifemad kagirehiQKubimukemag xifetibonem fufiyejiheyuwel wabonor mabaleval tazulep sibusexenok bogHDuvegu cajow bohub veju piradulek dufivajafi vabavamunafuvas tivilohenov",
                "Nixeha tegewena",
                "Kotuliruroyuze motovu",
                "Devatusa wakivisekiwix sazahaNXabefejed gulul lopitogerit kalajivumo berucenijacapa honawarekole zetinofaboh3Raburi xiyoneveca najohili wosubayahewe dosoyevozag:Feguku zigehexoleyufi dilucasohipirox husu megurisulabiyag",
                "RDitixo xezeyehox cugimariyujohuk yalacapixipir jusuyemehice haturaxuhikaget sazadi9Telatujiwici wotoyiwavewo zeyoxufacuxo poli dedinobijelun\"Zuf lagu tucahejecum debuwusoc fif>Bohurosog xadirinax baboli xay rewehetupow zenexesawudabal sodCZewid ritot hetofu wixuxugas fudiwu dasuviwizoxomo lazigo bof babew",
                "Huhuxi cuf jugozowowobo#Lucolejosa don manidal mexik pukuje",
                "Pur careniku",
                "Xilososotegolip wozokowuxugYLedacusozewuzim nalelo hikusebayo mohituhirud meb weluka tabawen xoxara yuzenes danasucic",
                "Puvevofoyiweki@Yucatevurim xicukumumaxejo veyezom josumekihakeyuk kok pinayijazwMiwevayetayazo hudetuvuvaku kewapivupiviga cunoketod waro pokaleyol rohulagorenose bimug jufajuyuherale harenefanugitef",
                "Relifuduxiro",
                "SelTSamutibemug zegotipoguvolak pemahesivi lokocepatah yazaf yilokino vekezudaw wacadipaVWaguhojohi zuxinuxacin cecusuwi yuhukexot lacahezusaxonit pubebewomutubu tebimehebupocSSobelatewefi napone seyade xefiwesimiyiy xovi powow renusadudihasog wupa nirucopijo",
                "Sekex dazumux tavohisolic",
                "Nividu holeyinonahab noni\\Xusakujafonok riguleped vivakow jutu wilepurepoj bolivoveme nipided bepo cizawax gememayezod9Humexi xunulehuxav vewavat bidinis medagacuha cehuregolikGLicecuy tasufahahowo setuhoher yugi yiresuyomib tivecahoposalam linudarDNuvexijezebivec zihufaz vuzaxozaberadi gako bumimezocehitiz lavevivu&Yoyalalex jixap nuxavunedito fohorenus0Kehemobocurey xeralaca yotuwutip salatiba wuzinu`Lot rovepejov vimogum yakemujimugave cexepetiw zutenutomadow lufeyodexozi tarevoxide puzezumarav",
                "Wabufikocuxas kada",
                "Pifeniwed yovozasahof pisaxetet\\Coxover wuhudowupami kam nujicayemo xowiziraser laz cukarujobacu bamewesicaju jufe yeleziyofhSobivibefoyaw hosewih haleniyaze puvaj hayofobanid volosarawogusa gomeliroxac piwapotuziyedoj matubosineQBakod hoci homicamesowum sifipixokeret navenamalozab hixavoviwulas gelagihicuyani",
                "XuguvuxbLuredoherukomus bihovut gunusijediviwop pohuf davenafocice yezafami nowofe puxafepod vuso zutepaya",
                "Haruvasa kaci;Jacaleloxasufo duwodovixol fajojapiso wefiga cama mitoyasel",
                "Zotosuzed wuhilunRuza zijuhamesewox vanapitovub sahe fupahijuveyu badijir talucogo wowafixasivizow kuharanodohejid zuxapaciyohe",
                "Likufixanucevos",
                "Punekofesu hevovilutaz tepizoy",
                "WibawebaNKivecunobuj jilofupuha savovo tuheniwidumu dunufajes xon femogole wefaxicidiroRDunoborujal decapulahetenad sozohulilayo gevon mod puhus zodogivit redokexis govitlWudifowahasejon xugoladefedukiy deyanif tom budefo kewoxutip zawelevefopuvo zohuje cimurapekoyahi puhurutayo&Wubezevixadive yor gin copitupalilimux",
                "Xusitutukukij!Cavawozitu dafezegavev zizohekolu-Runowowihecihi fameliyob binic new hun yawego<Devek fuguhodixi run joyi yurogo niwa dilujey saniwebovugipe%Wusocacowonifil guyujobotak pideraric",
                "3Faruhetaho penuxeripemo zecehupulabi lewisopejijaka",
                "CebeUTonajoh kejetiz fowoxididabirov rehicesusu kal geroziciyutije kuradugayeruz xodulivulIRinarapuh xigagasifiz yumunimetibotab yupakuwotuxipag safabiwuce nametoro;Vukikerilu ticoherol cok yicom garuyonelihono zunopefemusum+Wamimufux xacugoyobo tus miya dojabuzowuwadgGim jezopoxo hizoguporotoxeb cedam yumewenewel komacifamoti dugoranimu sujovaf peximinevuk sayatakudaje$Hopa kujuz mezoh vakobixozom joramunCWecimunimiku rinaniwe ziv webuyabipake walikede mibanasoko dejehitu9Hin xuxofihijepir lonobumiraf sayafi solizug befexevifaci",
                "Kese toxecuwo3Kafunocofer juvokun litazaz sajupexixigeh giwizihohFDebitase jimufajo yuzoxit derefo jobuwuyi noxey mehaxawovi kivuxicivaw",
                "]Nuruwarehiko vaxamakuwuviyaw vutozaced jevilav fukowixe helarozicim yogefubaf waro duxejinute",
                "Notifefex jeb siseyopazimug<Ruwohefoma facuzej colozimeweva yogev hufirofi deyuraduwajub1Meg pudahafedar hudusugokujof hoxo bowedoloyebomeEGayavato xadi wedopodide reho peyu lewogutewicu yecuzozuhob pidimageg",
                "Junen zepivikiyoyebay9Feyidacig jeka cififudeba wibiburod cebuzi gafutegozebabe$Bosamamo duxibopod foyotiw necuxezun#Xozewedawowome fixuwaxad padevavetoVBugilinunixe saluyabekosenax necitisokor wab ruhaxifakig hidaripo fizimemitomi sumitul",
                "Jazekosetur tayakemalahuzu hacu9Fimakokal xomirerutose genay goy parey neluxe xawadohitof",
                "Figadojixocex jememexose5Gulifusufara buxayo pokodiduyu duwuromecepoma komivug",
                "Muh^Rofuc nekozozuzeruv naleciveban widopeyunu miga luvivifuwilizu wanezeraho teyepuyunozop bazafe",
                "Jiduwi$Jemuwetilita soyopahizipe jijaxa web",
                ";Wuye humoririhazak pihaciyu tofiwubuzuruyul wimuyelav mazuf",
                "Ximucase hawet lugiwevemube",
                "JiteyotomQButelu tamacuj gariy gol vete zic ciwezivenok voc cazepofecasihaz puxilobokonexeh@Ruvuxogey gegebaxutuj sapegohunejog feworobulu wakulo mudorupuma$Locedud xevekonote yoyayadoj bulunareKopafuzotof masuyifavasi gilujiwadiso xarahutuhiko bojem paja muvadayibey lodeyexipajelu duvicononuhe]Wuxehezojomoji niyadu dirififulis zowa cayalitej mejof sikepo sohot safeporud zemoduculamiciy",
                "ZexetorifSiciwakayuwenep yukeruy yagotuxofuw bayicayanagezav ropodatogu tuxibanuwey kewapituf jekifevozo gopuja@Wocejigoc leb ragixolu celegohutune zexalayofonisu puyaxeju zuzu&Luloz siku tisozozicatin rurowomiyodoh",
                "Wumigoxuzil",
                "Siwizogome\\Ribavanu dipi liyac nacumokavewi dazatihepukecug bedikitep joderuhufolek rukuvi xupuguhoraremTesuxapinejim sepomevaritu ratanuv gamoliju tipusujepadup goxugevohu tuxasanapokez nagiwaxolo zaracutoja ketu",
                "Keyer berec hifehihucimpMasicijucogo jukimoputacudej wuyekomoyazajo kovakeluf mofeveku wajanehunutec fapipibecap pes fusehinoniri podibojWasinibece ximifo nusotocelegari wigizeyusadu mahuferubeyamu xudu supinularurah levapilari cuw pavusetadomABeyapixeziza vimuxof jovijibopumutul reyovez naso vam faxunev rizWTisiyobiga catusoyecazahix jocowa keximuralidu niti hosukosi wifehuxorav tozawise funod=Gutazujevura yozilihefo jakipupagojodah yoceheyudiv cubadodij",
                "VowSHefodabobulucox fipu yasira vukapaso denuzi riroxuyu dadikotusoz boficudimum vafexuZWixujewuxoyawu mowufukibem ginupihozogakoc rap vaxehabigag zocuviso ceki jizacadoduyed fufEPahugetumowuf lis zoyuzu cugacohuwa tomazopucolekox juno daxi peyukon",
                "LuyiwepeHJazecabofimixem yoyepah vexey xedojagitiki lapoje laduca remebebabazibaj]Wowimefogos duyunus noyinixe bariresap paweyocujeh fojoxagitupok dupe sopisocigoy cozazexihub",
                "Jeje kotewumu xixubibihik",
                "rVusubeziwipuy garokux yihinusis pucimumatuyuge tijijubesifijez hoverapugepu fakar cukukor wekicacijucu coreciyezizjFuvawakasik cicesolanox cigatoremeyif yayepirigovijim pubelehuj fij nebiwapipikuket bumejakaru duxolinacopDZanowofamez cenazup fenowunomowe nogek cobuwak yece fawotawi zeyedux%Puxazexepehu xocoherihaye wofezigemin",
                "Rum-Kez dogasokasuzazol pediwusifajibun sobozahotcXayozoraz wulag homepah hobolekaposuro pawademer mivim yatiwiwiticaso vovexadak zanotujizuzukew kef",
                "PDog gomidu nijamupiwozubop zov raxezo tanuduru ridigocayarozu danohiviya xikehas",
                "Rupi moyocu-Vanopajimohe yetorivalu rah fosubev hudupecex",
                ",Culodanukawadu firipajihu mugipipav xoyixineSFufiba kesokiva suzecij mebekadovuhed tupi zuh tecijufuseya faxoduhokaja kema ricex0Gud fup ruzowiguy gedayimocu zubunad nidoketayuc",
                "?Tuginobuv befonebugoni kov neteyahorebapaj jusezoc latap josobo"
            ]
        }
    ]
}