{
    "malware_data": [
        {
            "filename": "ec290f43906d38164409c75f65b4bd1515a3a20da00f29ae7028d1f9561fb7fa.elf",
            "filetype": "7F454C46",
            "filesize": "33KB",
            "hash_sha256": "ec290f43906d38164409c75f65b4bd1515a3a20da00f29ae7028d1f9561fb7fa",
            "strings": [
                "UPX!",
                "PTRhq",
                "D$;1",
                "(|\"9Hk",
                "<=x\\",
                "[^_.T",
                "234%",
                "\\r567",
                "89:;",
                "+/t-",
                "DaEL",
                "hB}f*",
                "vfb(=X(?",
                "Q<I\\mH",
                "Mx}#H0",
                "//]H",
                "{d_o",
                "H)31@",
                "q0t]",
                "\\qPF",
                "IA@D",
                "Xj<xy",
                "7d_1",
                "X@tB",
                "bGyul",
                "~!C>",
                ";\\TC",
                "G3=d",
                "EL~|",
                "H`~qD",
                "@t+A",
                "90@b",
                "@~9D\"",
                "W1=2",
                "gRe/",
                "fq+O8",
                "GETv",
                ")9t$|",
                "4 Gri!",
                ";9dm",
                "FFDB(",
                "LDK$",
                "#y===G",
                "|Az!",
                "L!>1",
                "AoA{KC",
                "dAB!",
                "/BkB",
                "CC{CS",
                "DDD!G2$EE",
                "LEFF$C2",
                "rGGH",
                "LJJS",
                "JII{",
                "~ :C",
                ";*9q",
                "\\`.f",
                "'6X%",
                ")!9<",
                "a3*#C",
                "l6j?",
                "p6$r",
                "pn(t(",
                "B!+p",
                "U +W",
                "7-`La",
                "j\\d~BBs",
                "s&:S",
                "%p8>",
                "TF*\\",
                "L.L7/",
                "c|!C",
                "il8D",
                "@\\lw",
                "RKZL",
                "/j}m",
                "EJ:)",
                "9Bx~",
                "u<@8",
                "6TfH",
                "`dHh",
                "PYTwt",
                "K>`H",
                "\\.NO",
                "GC&iFNdh O",
                "XX4 $",
                "0$~8n,",
                "9*9\"",
                "<9QH9]",
                "P9i)-",
                "KJ,)us&E",
                "X4 9",
                "83<Vc",
                "] WE@.",
                "otAb",
                "9i|o",
                "7`C+",
                "LPVW",
                " .W:DU",
                "7cb$",
                "(\\a,",
                "d8h$}r",
                "u@+5",
                "L]X20",
                "\\JI\\",
                "J=G:R",
                "w2lnLv",
                "iX&&",
                "jkmwiP",
                "RY#&",
                "|-`D*",
                "$yn2",
                "S\\c\\",
                "tn_L",
                "8fzpj",
                "D{m{",
                "=ZyDz6",
                "bc!C",
                "Lrdh",
                "/+zD",
                "-H>(",
                "<0G(",
                "ZI(X",
                "ZpPC",
                "Wdlh",
                "K^xP",
                "0^6N",
                "Gp7O",
                "hO%8",
                "O3<OAr",
                "o$Nn",
                "%Gb4",
                "^HbA",
                "{d'r\\",
                "@Dew-",
                "HL|+_",
                "gh4D",
                "TF]Pr$",
                "<W*L(6",
                "PPn+",
                "B h!",
                "\"]fSf",
                "HH[bi!",
                "[XHJ",
                "U56+",
                "`(+n",
                "HNb=",
                "Z[t$D\\",
                "|lX0",
                "_CNL",
                "xGz0",
                "zHai",
                "`S_|",
                "6T_U",
                "A6%CIu",
                "t@Tp",
                "{zn/",
                "4Oi7",
                "w)Q0P",
                "C4I'^s",
                "^;8}H",
                "CD/Ms]",
                "t9W5",
                "#64l",
                "55: 8uF",
                "k1kE",
                "@8l{",
                "!%W)",
                "6|vw1",
                "?vs1",
                "CzD<",
                "9j)XT8",
                ")X{A",
                "6B6u",
                ":B,\"",
                "1d,\"E",
                "cb24W",
                "i5Og)",
                "w4\"d",
                "q\\mFO",
                "C@<u",
                "k p|",
                ".!-g",
                "|Piq",
                "!J(Qo",
                ",JA0u",
                "K.xxx",
                "xxxK.",
                "xxx8",
                "8<xv_",
                "@t*'",
                ";ct^]",
                "MwY,",
                "|--H",
                "%]M>l",
                "\\skK",
                "`$</",
                "R-4?c",
                "G[sI",
                "0K`#x",
                ";u=<S",
                "ngGt",
                "!C-Ym`",
                "8MD[",
                "oC;@",
                "{0@EY",
                "t'j$",
                "[{Rf9",
                "X2>T",
                "m3'vn",
                "f#-Eh%9",
                "W0pw",
                "I3@@ ",
                "Qa#[",
                "Wr%W",
                ")y%t",
                ">HN\\",
                "\\W_f",
                "DBk0",
                "kcI^6Av",
                "lpt$",
                "C SL",
                "R$/?",
                "[A/@",
                "v\" |",
                "WVL9`",
                "!l$C",
                "z(= 0",
                "2$#%",
                "\"-2H7",
                "!%]~",
                " W  ",
                "!\\0wJ",
                "!D%\\",
                "],!tm",
                "`;u6S[",
                "#*8,",
                "X x\"6",
                "YRFo}",
                "y%/y",
                "S q$",
                "Wj##",
                "OWdd",
                "0<0W",
                "2$@0D",
                "IeB^",
                "Wor9@VD",
                "w!nq",
                "AFF*{",
                "|SWg",
                "p>x!",
                "&eqTeK",
                "c%t#",
                "7D,A<",
                "{\\p[!",
                "qWI=",
                "nh0k",
                "tkdK^",
                "ABN_",
                "GT$!",
                "PRQW)",
                "]!ZXYZSn",
                "9L)J",
                "@T2P",
                "vp(}",
                "@hCz%",
                "u j0e",
                "jPapz",
                "H)H;",
                "L<04",
                "KBq.>",
                " SI{r",
                "%S S",
                "@(D,HKN",
                "!049",
                ";99$(,",
                "L0S '#",
                "v)G\\",
                "7O\"_w",
                "m/io",
                "wWZ;f",
                ";\\r[U",
                "z`0~",
                "E@@'0",
                "&QQj",
                "\\4j/",
                ";Lrz@@)",
                "V]g\\",
                "z-nz",
                "&\\#0",
                "B>Sa",
                ">Tt<",
                ";5{u8",
                "U?]R",
                "mr :",
                "GV02d",
                "Y3D+",
                "s?G|h",
                "VX0S",
                ";X,t",
                "@<_~",
                "fB,j",
                "sxO<",
                "Wzj0",
                "tRp.n",
                "!Mr1",
                "SSPQ)",
                "7j$u",
                "zE<>XRh",
                "l+LI",
                "B\"hlC8",
                " ?\\$ SlYX",
                "W/el",
                "A|0s",
                ";0zC",
                " <xu",
                "(<`v",
                "}/C9",
                ":Ldv",
                "<d*>h ",
                "Q>[G?",
                "{nVa%",
                "u%WWS",
                "ZY^6H",
                "=\\#:",
                "\"[X[",
                "b,>J",
                "w/O#",
                "~a$A",
                "dbz@",
                "q,4=",
                "|0PCy",
                "\\$C ",
                "4 8(@0,|",
                "O$fI",
                "POST /cdn-cgi/",
                " HTTP/1.1",
                "r-Agent: ",
                "Cookie ;9(",
                "http",
                "url=",
                "t/DeviceUpgrade_1G",
                ":@-L",
                "w430)neri",
                " keep-ali",
                "ve.Ac",
                "u^X 8",
                "orizaODi",
                " u[3",
                "name=\"dslf$4f0\",5",
                "m(Huawei",
                "neway4nFc^88645",
                "8f9eJ0e336",
                "569d75",
                "sp12f",
                "a42db38f4",
                "97e19cX",
                "&MD5 qop",
                "f7#c=0",
                "d1a2 (.6,\"v",
                "[i<?xml 6rs",
                "L ?><s:En(l",
                "://schemam",
                "s..soap.",
                "^$codiStyle",
                "-upn",
                ":WANP",
                "URL>$(/b",
                "ybox ",
                "-g 157.90.2",
                "/tm$p",
                "rbz\"rh0r0z",
                "!.mips",
                ")</u",
                "Down6 ",
                "UAWEIUP1",
                " *h$l?",
                "++;rm+",
                "f+*;E",
                "+A/jN",
                "wFldy",
                "1:80",
                "#/x#+x+Cs<",
                "oubp,",
                "vghijk",
                "vw*23~678",
                "n2^~D",
                "0=1<1",
                "vkkp",
                "$wckmj",
                "wkhk",
                "qh2q",
                "x`0L5",
                "76$<",
                "w5glr|g71v1qt",
                "c6|4",
                "kdq|",
                "\"h3<7",
                "f/ZCI<5",
                "fqjp13zN",
                "JL)<6",
                "a>7g",
                "VKKP1",
                "g`f6",
                ")Lh:6",
                "m@mv",
                "pmVtHi[v",
                "oc*n",
                "hg4Dv4",
                "h||*",
                "|il`",
                "ohrgT",
                "v0tl*3qnIV4",
                "`8 P",
                "}V^l",
                "mcq74sv*",
                "Ap5`kx",
                "4e)6",
                "E7I5",
                "j[mw[",
                "}[kb[4",
                "|p+lpih(ett",
                "+|#/|+",
                "?u94*=",
                "ft(.+.",
                ")HDq>",
                "v)QW(",
                ")P}t@",
                "Xi)qv",
                "gIk.hd+1*4$,S",
                "BA$JP$\" ?$SKS27W",
                "0-$E",
                "aS\"ONP73*",
                "72VOLPIH($,a$C",
                ":LGlv$B5t*",
                "@6522X",
                "h$ $KW$\\",
                "[z[2",
                "IWMA$=",
                "`<U-M",
                "2*40",
                "*JA^GHV$",
                "fPTP",
                "}!B@IWGvesnv",
                "!0<3==",
                "`qgpwg",
                "2vr>6",
                "2<5$",
                "=0qa~",
                "xeow*",
                "+tFg+",
                "vpqwC0+pgt",
                "`>Yp",
                "NhhFeh\"Bup|fk",
                "Fwh `ep",
                "leoem",
                "q<l|$QJWPEFHA",
                ";0.x",
                "ar+s",
                "Twg'w",
                "eBPS@P,",
                "g41Bcn",
                "wTat)l^lw}#",
                "4koma,#",
                "YC)gE",
                "cpQp",
                "`[(0",
                "5h*)",
                "NOW/",
                "CAk[S",
                "T$(9",
                "H+|$,",
                "$Info: This file is packed with the UPX executable packer http://upx.sf.net $",
                "$Id: UPX 3.95 Copyright (C) 1996-2018 the UPX Team. All Rights Reserved. $",
                "mmap failed.",
                "/proc/self/exe",
                "YQRP",
                "ZRQP",
                "PSRQV",
                "Zj}X",
                "ZXP)",
                "?/proc/self/exe",
                "X]X^Yh",
                "naXY_[V",
                ",H[j",
                "'USVW",
                "3[^_",
                "UPX!u",
                "mS9,",
                "EhuA",
                "6FXZ",
                "ks};P",
                "5mk^  (S",
                "Fl{q",
                "ffz{",
                "ugw<",
                ".shstrtab",
                "init",
                "texfi",
                "roda4",
                "ctors",
                "7'bs",
                "K.3  "
            ]
        }
    ]
}