{
    "malware_data": [
        {
            "filename": "edc1a7fda1d6a02bbcc94a09be6b886b90d6c2aca1e5830c1a4bb841e0466bf4.elf",
            "filetype": "7F454C46",
            "filesize": "74KB",
            "hash_sha256": "edc1a7fda1d6a02bbcc94a09be6b886b90d6c2aca1e5830c1a4bb841e0466bf4",
            "strings": [
                "pN^NuNV",
                "E8f>\"y",
                "C( QJ",
                "E8N^NuNV",
                "N^NuNV",
                "E:Hy",
                "N^Nu",
                " OHWHQHy",
                "?>(o-t$/-|",
                "/-sB",
                "/-{B",
                "$ GN",
                "eV0;",
                "-D /",
                "/A-THo-TB",
                "Ho,P/",
                " 7- ,D",
                "-p/j",
                "-t?|",
                "P-r%o",
                "Ho(Ka",
                "Ho(Sa",
                "Ho([a",
                " (CHo(C GN",
                "Ho(O/",
                "~Hx(",
                " ,`O",
                "~Ho(Ca",
                "-`Hx",
                "Ho-da",
                "\"Ho-hHx",
                "Ho-t GN",
                "/@-dHo-dHo-`Hx",
                "-\\fLJ",
                "-@NuO",
                "?>,oQ",
                "K$HB",
                "Qh/H",
                "/BQxHoQxB",
                "HoPpHoP",
                " 7- P",
                "^$HB",
                "HoQl/",
                " PtO",
                "<Hx(",
                "Ho(ta",
                "Ho(xG",
                " (la",
                "Ho(pa",
                " (xa",
                "Ho(|a",
                " Ho(ha",
                " (pa",
                "^Ho(ta",
                " (|a",
                "BHo(",
                "$Ho(ha",
                "Ho(la",
                " (ta",
                "|Ho(ta",
                "\"Ho(xa",
                "Ho(tN",
                " (|N",
                " (lN",
                "Ho(xN",
                "Ho(pN",
                "Hw) (xHx",
                "JHo(",
                "Ho(hN",
                " (pN",
                "Ho(ha",
                "Hr) ",
                "Ho(hK",
                " (pM",
                "gTHo(hN",
                "Ho(t/",
                "<Hx@",
                "X /Q",
                "j\"@O",
                "e,$/",
                "g^ FJ",
                "B5) ",
                "tth(",
                " DHp",
                "P G ",
                "2$BV",
                "? G ",
                "v(@O",
                "lh J",
                "l^ J",
                "D K`",
                "Q`NuH",
                "NuNV",
                "f$/.",
                "ET Q",
                "N^NuO",
                "?>&o",
                "/f4B",
                " BHh",
                "Nu 9",
                "EX 9",
                "E\\ 9",
                "E` 9",
                "Ed 9",
                "Eh 9",
                "El 9",
                "Ep 9",
                "Et 9",
                "Ex 9",
                "E| 9",
                "g \"H",
                "$HB(",
                " @Hh",
                "ERHx",
                "?>(o",
                "F Hx",
                "0$p,",
                "_fxBj",
                "NN5@",
                "^|7@",
                "^f'@",
                "^P'@",
                "` \"o",
                "HNuO",
                "?>,/",
                "&@/<",
                "&@!sh",
                ".$p,",
                "JH7@",
                "\"FHq",
                "Ip5@",
                "ZZ7@",
                "ZD%@",
                "Z05@",
                "f~Bj",
                "D,5@",
                "Df7@",
                "<NuO",
                "?>*o",
                "(@/<",
                "F0@A",
                "J<@M",
                "4$p,",
                "H`(a",
                "O~'@",
                "Oh5@",
                "F@7@",
                "$NuO",
                "^Hk(",
                "Mj$/",
                "2$p,",
                "cfxBj",
                "987@",
                "J$$/",
                "`\":|",
                "LNuO",
                "447@",
                "3v5@",
                "0&7@",
                "/L5@",
                "@j$/",
                "@67@",
                "@ %@",
                "*F7@",
                "?>&/",
                "(HHx",
                "`Hx@",
                " G$p",
                "%.5@",
                "%N7@",
                "{\" /",
                "XNuO",
                "v2 /",
                "/z$/",
                "/B?@",
                ".V5@",
                "y:\"G#",
                "?>$/",
                "&HHx",
                "(H/<",
                "<@Hx",
                "+D5@",
                "(v5@",
                "s&&HHx",
                "pN,HHx",
                "p@/H",
                "8@Hx",
                "!\\8@`",
                "?>,o",
                "L:@K",
                "3|eX",
                "4$q,",
                "X GN",
                "T\"GN",
                "< GN",
                "4NuNV",
                "?<(n",
                " N!<",
                "?>./",
                "c8/H",
                "*@Hx",
                "(\"EN",
                "R FN",
                "$\"EN",
                "$ FN",
                "L\"C$F",
                "H<@M",
                " GHp",
                "Hw(P/",
                "W*/@",
                "Xz /",
                "`2/|",
                "2/|@",
                "&/|JR**",
                "DNu/",
                "BBHB",
                "BAHA",
                "BAHAJ",
                "<NuHx",
                "?<4.",
                "(\"FN",
                "5\\Hx",
                "h8Hx",
                "g,Hx",
                "N^Nu#",
                "C4NuNV",
                "C8gP=|",
                "gVHx",
                "F =|",
                "gL=|",
                "NbHx",
                "80Hx[",
                "`PB9",
                "C8=|",
                "eZ/9",
                "N^NuHx",
                "F2Hx",
                "?<(.",
                ";xHx",
                "(\"CN",
                "6RHx",
                ",\"FN",
                "!,Hn",
                "5\"CN",
                "6\"CN",
                "7\"CN",
                "8\"CN",
                "9\"CN",
                ":\"CN",
                ";\"CN",
                "<\"CN",
                "T$DX",
                "3xHx",
                "f(Bn",
                "C0Hx",
                "F0/9",
                "C,J9",
                "&NBca",
                "C0&<",
                "gT/9",
                "C0 FN",
                "\"@Hi",
                "F Hx@",
                "C0 CN",
                "C0\"CN",
                "|Hx@",
                "N^Nu/",
                "< $n",
                "N^NuH",
                "8 $o",
                "D '@",
                " AHh",
                ",$MN",
                " G1@",
                "BBHB(",
                "H@B@",
                " G!B",
                "fffg",
                "f F1|",
                " F!y",
                " F1@",
                "gH IC",
                "F$&*",
                "(C$.",
                " KHh",
                "F$$,",
                " 6- ",
                " C/(",
                " F1|",
                "P F1@",
                "fl n",
                "g\\Hx@",
                "f, .",
                "~ THx@",
                " THx@",
                "$Hx@",
                "vHx@",
                "PHx@",
                "h D ",
                "g2/,",
                "-|]{U",
                "z&B$.",
                "N^Nu\"/",
                "FL 9",
                "C:Ji",
                "BCHC$",
                "<NuH",
                " 0Hx",
                "FVHx",
                "FbHx",
                "FnHx",
                "FzHx",
                "G(Hx",
                "G4Hx",
                "G@Hx",
                "GLHx",
                "GXHx",
                "GdHx",
                "GpHx",
                "G|Hx",
                "H*Hx",
                "H6Hx",
                "HBHx",
                "HNHx",
                "Nu o",
                "NuNq/",
                "g \"A\"",
                "Nu\"o",
                "NuNq o",
                "NuNqH",
                " 0&o",
                "?0\"o",
                "b60|",
                "eLgF ",
                "b(p7 B",
                "pW B",
                ">0,/",
                "$BHx",
                "|NuNV",
                "gF=|",
                "< */",
                "<Nu\"o",
                "m BBS",
                "8  /",
                "gb J",
                "`Jp7",
                "` J ",
                "$NuNuNV",
                " A-P",
                "`V-n",
                "p7N@-@",
                "N@-@",
                "N^NuNuNV",
                "p@N@-@",
                "p6N@-@",
                "p%N@-@",
                "<0&n",
                "0 $n",
                "pUN@-@",
                "<8&n",
                "pBN@-@",
                "`h-n",
                "f(/.",
                " @N^NuNuNV",
                "eL n",
                "`j .",
                " @N^NuNV",
                "`R n",
                "`& n",
                "`H n",
                "`~ n",
                "`@ n",
                "`b n",
                "`l n",
                "lp -@",
                "`^/.",
                "b\"\"9",
                "g4 .",
                "gF/.",
                " @$.",
                "f>Hy",
                "C@/.",
                "g\"\".",
                "`2/.",
                " @-P",
                "`j/.",
                "f* 9",
                "f\"/.",
                "g& .",
                "bHHy",
                "`J n",
                "e4\".",
                "`\\\".",
                "b0 .",
                "f6 n",
                "e*/.",
                "`t n",
                "g>\".",
                "f& n",
                "`& .",
                "`\"/.",
                "D`/.",
                "`*\"n",
                "fffg\"",
                "gR n",
                "fffg$",
                "f: n",
                "g*\"n",
                "jNqNV",
                "p -@",
                "(r -A",
                "g. .",
                "HN^NuNuNV",
                "f&/.",
                "f8 9",
                ":N^NuNV",
                "`>-n",
                "e( n",
                "f\" .",
                "gF\".",
                "g./<",
                "NqNuNV",
                "pfN@-@",
                "NqNV",
                "plN@-@",
                "`,-y",
                "p+N@-@",
                "LN^NuNV",
                "DN^NuNV",
                "`> .",
                "`| n",
                "gB n",
                "mB .",
                "f4Hx",
                "f6 9",
                "f~ 9",
                "p-N@-@",
                "80&n",
                "`N^NuPOST /cdn-cgi/",
                " HTTP/1.1",
                "User-Agent: ",
                "Host: ",
                "Cookie: ",
                "http",
                "url=",
                "POST",
                "{93.123.85.19",
                "abcdefghijklmnopqrstuvwxyzABCDEFGHIJKLMNOPQRSTUVWXYZ012345678",
                "&;; ",
                "5:?;",
                "<!: acam",
                " 18:1 ",
                "0125!8 ",
                "$5''#;&0",
                "\"=.,\"",
                "'!$$;& ",
                "?;d509=:",
                "efg`a",
                "!'1&",
                ",<8#",
                ":217 10",
                "=3< t0=0t= 't>;6T",
                "'<188T",
                "1:5681T",
                "'-' 19T",
                "{6=:{6!'-6;,t",
                "nt5$$81 t:; t2;!:0T",
                ":7;&&17 T",
                "{6=:{6!'-6;,t$'T",
                "{6=:{6!'-6;,t?=88tymtT",
                "{$&;7{T",
                "{1,1T",
                "{20T",
                "{95$'T",
                "{$&;7{:1 { 7$T",
                "{' 5 !'T",
                "z5:=91T",
                "{$&;7{:1 {&;! 1T",
                "{7908=:1T",
                " 9${T",
                "05 5{8;758T",
                "% ,6; T",
                "5&9T",
                ",lbT",
                "'<`T",
                "9=$'T",
                "9$'8T",
                "'05T",
                "9 0T",
                "<5?5=T",
                "{1 7{&1';8\"z7;:2T",
                ":591'1&\"1&tT",
                "544?9.354`z1??*w;63,?Z",
                "99?*.`z.?\".u2.76v;**639;.354u\"2.76q\"76v;**639;.354u\"76a+gjtcv37;=?u-?8*vpupa+gjtbZ",
                "99?*.w",
                ";4=/;=?`z?4w",
                "v?4a+gjtbZ",
                "54.?4.w",
                "#*?`z;**639;.354u\"w---w<5(7w/(6?495>?>Z",
                "5513?r}Z",
                "(?<(?)2`Z",
                "659;.354`Z",
                ")?.w95513?`Z",
                "954.?4.w6?4=.2`Z",
                ".(;4)<?(w?495>34=`Z",
                "92/41?>Z",
                "9544?9.354`Z",
                ")?(,?(`z>5);((?).Z",
                ")?(,?(`z965/><6;(?w4=34\"Z",
                "{01\"{#5 7<0;3T",
                "{01\"{9='7{#5 7<0;3T",
                "{'6=:{#5 7<0;3T",
                "{6=:{#5 7<0;3T",
                "{01\"{#5 7<0;3dT",
                "{1 7{0125!8 {#5 7<0;3T",
                "{1 7{#5 7<0;3T",
                "5''#;&0T",
                ";3=:T",
                "1: 1&T",
                "e365`70;9ag:<$ef1=d?2>T",
                "5 366;uotjzr",
                "34>5-)z",
                "zkjtjaz",
                "lnsz",
                "**6?",
                "3.uoimtilzr",
                "vz631?z",
                "?915sz",
                "2(57?uoktjthmjntkjiz",
                ";<;(3uoimtilZ",
                "2(57?uohtjthmnitkklz",
                "zltkaz",
                ";934.5)2az",
                "4.?6z",
                "3.uljktmtmzr",
                "?()354uctkthz",
                ";<;(3uljktmtmZ",
                "oMXKNNC",
                "uKLFMUQ",
                "cRRNGuG@iKV",
                "ijvon",
                "NKIG",
                "eGAIM",
                "aJPMOG",
                "qCDCPK",
                "oCAKLVMQJ",
                "kLVGN",
                "tGPQKML",
                "AMORCVK@NG",
                "oqkg",
                "vPKFGLV",
                "kLDMrCVJ",
                "oqkgaPCUNGP",
                "oGFKC",
                "aGLVGP",
                "dWLuG@rPMFWAVQ",
                "dKPGDMZ",
                ";!&71t",
                ":3=:1t",
                "!1&-T",
                "{01\"{",
                "#5 7<0;3T",
                "ede{#5 7<0;3T",
                "?/dev/null",
                "S[kA",
                ".shstrtab",
                ".init",
                ".text",
                ".fini",
                ".rodata",
                ".ctors",
                ".dtors",
                ".data",
                ".bss",
                "!#$%()*+,-.1234567<>?@ABCDEFGHIJKLMNOPQRSUVWXY[\\]^_`bcdefghijknoqrstuvxyz{|}~"
            ]
        }
    ]
}