{
    "malware_data": [
        {
            "filename": "171b6ee729d08135b26b3784bffd1de202717a543c5d8969d613be7a500c86aa.elf",
            "filetype": "7F454C46",
            "filesize": "29KB",
            "hash_sha256": "171b6ee729d08135b26b3784bffd1de202717a543c5d8969d613be7a500c86aa",
            "strings": [
                "gUPX!",
                "\"iD@",
                ";V7,",
                "UK;O~",
                "Dkt|*",
                "dmX%,",
                "W$c;",
                "tk6+",
                "ZK^'",
                "Ki5<",
                "B;a:",
                "Q{GGr",
                "1u*f",
                "Z{48",
                "=b.d.6G",
                ">Zf9@",
                "BpdI",
                "+8lw",
                "Y7nx",
                "rA7o\"",
                "7U)<",
                "B,B?",
                "[<W=z_:|",
                "YIgyV",
                "SwBm",
                "x=0\\",
                "=6kN~Gp",
                "Cp*^",
                "mw\"!",
                "gvnD",
                "M;-\"",
                "k(DTG",
                "S))wOLmr",
                "@fj[6[1",
                ",*VM",
                "9?>u",
                "R2j}Kigv3",
                "I=Yh",
                "2S#:",
                "<P9#GkF",
                "x8Ray}",
                "2mn`o",
                "ekgB6",
                "B1+>",
                "< ['",
                "R#>{",
                "SQ*W",
                "m\"KO",
                "3wS*",
                "H]kp",
                "Ve^\"",
                "BE<>",
                "K\"v!",
                "b)YU3",
                "jM+1",
                "1E$ \\",
                "L)[%!",
                "zr-2",
                "}wpE",
                "#N;{",
                "tJs\\q",
                ";bO,",
                "}B@F",
                "~3(a}A&",
                "^=@}",
                ">]rD",
                " {1M{",
                "U7W7",
                "~NA~%",
                "o|p%",
                "KZQC",
                ",wZ\\",
                "G[fM.",
                "GQBJ",
                "8#Fl",
                "'ykV0[u",
                "2u, $}",
                "kJp'",
                "ujiW_",
                "#yeB",
                "Ap%D>ryc",
                "\"M9b",
                "-)3Pw",
                "-%n<",
                "lmWJ",
                ">DEwEg",
                "8?)m",
                "#-4Yg",
                "t5[D",
                "H+||B",
                "y[Lj",
                "ONw&WF",
                "N0B.cs",
                "C>F^",
                "l*G9PB_px",
                ">Q5:",
                "i1-O",
                "8)9Vp",
                "|\"|-c",
                "qITG>",
                "b~}v^",
                "v>(-K",
                "X_#)U",
                "i><w",
                "wL]5",
                "jh,m",
                "JhO#",
                ",_SjN",
                "0Xkh-",
                "=TJZ",
                "!Ms8Sl",
                "dT?@tQ",
                "5PyW",
                "*IeQ.(s",
                "3e%{",
                "IMJx",
                "&u1g{/",
                "g/)<",
                "k,19",
                "FY}h",
                "yej?",
                "RM.M",
                "<VeA",
                "l0ow",
                "F*N(",
                "`,g(?#",
                "XI-)",
                "W`o#",
                "lwzu<O/#",
                "#SX8F",
                "5nq ",
                "3' #FA",
                "$#RR",
                "r.<&",
                "_1A,",
                "N%&D",
                "A5OvS",
                "BvUvB",
                "ak`=",
                "<@1^,",
                "Rb.d?d",
                "})Y=",
                "-STQ",
                "^xBRE",
                "r~3y",
                "Sl:)7i^",
                "]aiF",
                "v\"jytz",
                "G91s",
                "t9nz",
                "fs@<",
                "tk9Ei",
                "<Zjh",
                "1G+z",
                "z:t0J",
                "L-|g&",
                "R]!X",
                "G!^Q",
                "^6e!Ch8-",
                "%QZU",
                "@.*|",
                "o8e8",
                "JE%\\[uFz",
                "4zqo",
                "z,MF1$",
                "!0Po",
                "K=;]A",
                "[UKYE",
                ">@Hbf",
                "rl}E",
                "h(T&IA",
                ")C2U",
                "U9.1",
                "Pz9)0",
                "/|@Z+C",
                "nm3f%",
                "(63I",
                "@R'T",
                "Y48_\\Kg",
                "zgo9",
                "rU!|y",
                "AO,.",
                "ptVU7",
                "u+zwd$w",
                ";,FiL",
                "jkY*",
                "}K^J",
                "KeRa/",
                "fu0?S",
                "n=q7$]",
                "*i,,",
                "S2@=3",
                "[tFs",
                "]#[fI",
                "ZMkh",
                "Dk-$,",
                "iHf<",
                "1}H40",
                "4DfE",
                "SNCc9",
                "a5y`",
                "n?zx^",
                "v|Up",
                "K|;>",
                "6A.Z2",
                "J1Wz",
                ";sYjV",
                "|#:}",
                "m/0M9Y~5",
                "Zj(~",
                "F2^A",
                "E;xb",
                "<ymm",
                "5X,o`",
                "/:v@",
                "jTL7\"#",
                "KW#+",
                "UKce",
                "f=wmk",
                "6qip,h",
                "rErRo",
                "7}CPS",
                "#X8-",
                "^(e4F;s",
                ";TTe",
                "V/O*",
                "It$Rs",
                "bA(f",
                "KqUB",
                "9@4=cP",
                "337Jj",
                ".2'c",
                "VFnA",
                "{g/`",
                "9(Hg",
                "Z6}(ld",
                "#l(%",
                "o]\"<>,",
                "&$tP",
                "cheb",
                "tH]f!F",
                "h_@'v",
                "KaXc93",
                "W`f'",
                "0eKy",
                "bf{~Q",
                "QI{,",
                ")%kx",
                "Ebli",
                " l|Y",
                "<@0N~T",
                "@hgJ",
                "KdFN",
                "|7.U",
                "X_k?",
                "klMB",
                "1yxc`",
                "R9/?#",
                "V*{!o",
                " 9mx",
                "_bMUU",
                "DFMY",
                "}=/ ",
                "T}u=",
                "~jPs9",
                "t0Z+nlc",
                "KUD<",
                "[UWyX",
                "'G!@",
                "NU*L",
                "{d,c",
                "fK]W",
                "sKG)9",
                "ig@NH",
                "Rw@:",
                "Oj1T",
                "\"txmN;?+",
                ">)>`!",
                "v0QQs5#",
                "U+/7*Y",
                "Gk:9",
                "b!./g",
                "ud.TkE",
                "_Mpm",
                "7%4K",
                "n+W\"",
                "b.3c",
                "B7@P",
                "\"P)O",
                "ESU[",
                "%L^`",
                "RSB&",
                "]owN3",
                "oqxu",
                "357o",
                "]dF1",
                ":xIx",
                ">w[kiS",
                "\"pke",
                "iPua",
                "DW/p",
                ".VP7",
                "Z9gr={S",
                "EGMU",
                "Z?W5",
                "Pb )",
                "$Info: This file is packed with the UPX executable packer http://upx.sf.net $",
                "$Id: UPX 3.95 Copyright (C) 1996-2018 the UPX Team. All Rights Reserved. $",
                "/proc/self/exe",
                "x/U9",
                "#Zw^",
                "^n0|p\\",
                "!msNX<",
                "yL[_",
                "i/xS",
                "3Ndd&]iz",
                "Buzu",
                "6uv/W",
                "dLNn&",
                "r-k;p",
                "W^]>",
                "rQY\\,",
                "F.`Y",
                ".xCA",
                "#^n$",
                "d+0V",
                "2chVV>",
                "s7lP",
                "ZDdP5",
                "ML:}w'",
                "UPX!"
            ]
        }
    ]
}