{
    "malware_data": [
        {
            "filename": "164e9826d76a4614e525719487ec5ba06d4d4fd22b2339577af3683b50045d0b.elf",
            "filetype": "7F454C46",
            "filesize": "54KB",
            "hash_sha256": "164e9826d76a4614e525719487ec5ba06d4d4fd22b2339577af3683b50045d0b",
            "strings": [
                "PTRh",
                "[^_]",
                "UWVS",
                "<[^_]",
                "L$$Q",
                "L$,Q",
                "T$8R",
                "D$HP",
                "D$,P1",
                "D$/PU",
                "D$DP",
                "D$+9",
                "D$,@",
                "Y[^_",
                "[[^_",
                "^[^_",
                "_[^_",
                "D$Oh",
                "D$$h",
                "D$,j",
                "D$4j",
                "D$<j",
                "D$xPj",
                "D$PP",
                "T$<f",
                "T$$f",
                "L$Nf",
                "D$@f",
                "D$Bf",
                "D$Vf",
                "\\$hC",
                "\\$h;\\$",
                " ;D$",
                "D$Pf",
                "D$LP",
                "D$@P",
                "l[^_]",
                "t$pj",
                "D$ j@j",
                "D$(h",
                "D$XPj",
                "T$*f",
                "L$.f",
                "l$0f",
                "D$:f=",
                "|$:f",
                "T$=f",
                "D$.f",
                "D$0f",
                "\\$H9\\$",
                "D$h@",
                " 9D$",
                "D$4f",
                "D$B%",
                "D$0P",
                "L[^_]",
                "D$|%",
                "D$Ih",
                "D$ h",
                "D$(j",
                "D$0j",
                "D$8j",
                "D$hPj",
                "\\$LS",
                "L$:f",
                "L$Ef",
                "D$Ff",
                "D$:f",
                "D$<f",
                "\\$XC",
                "\\$X9",
                "D$xf",
                "D$x@",
                "L$<Q",
                "\\[^_]",
                "D$ j",
                "D$$j@j",
                "D$;h",
                "D$Dj",
                "D$<P",
                "T$(f",
                "L$,f",
                "D$01",
                "L$8f",
                "D$,Cf",
                "\\$Hf",
                "D$8f",
                "D$,P",
                "D$Mh",
                "T$:f",
                "L$$f",
                "D$df",
                "D$Jf",
                "D$>f",
                "\\$xC",
                "RPWV",
                "L$PQ",
                "T$LR",
                "|$<W",
                "D$ P",
                "t$TB",
                ";|$(t?",
                "L$$PP",
                "D$D@",
                " 9|$$",
                ";|$(t:PPj",
                "L$DA",
                "D$(_]j",
                "L$ Q",
                "D$>j",
                "D$@j",
                "D$Bj",
                "T$<R",
                "D$,f",
                "l$\\U",
                "l$<U",
                "l$Xf;",
                "T$/f",
                "PUWV",
                "\\$$SV",
                " ;T$",
                "D$(]Xj",
                "|$ W",
                "\\$<S",
                "L$<QP",
                "D$$PV",
                "D$$j",
                "D$(j@j",
                "D$Ch",
                "D$0h",
                "D$Nj",
                "L$4f",
                "D$81",
                "T$Hf",
                "D$4Cf",
                "\\$Xf",
                "D$6f",
                "D$Xf",
                "D$Hf",
                "l$4U",
                "D$LPj",
                "L$\\QU",
                "T$XRP",
                "L$TQP",
                "D$VP",
                "D$ PV",
                "\\$Pj",
                "D$L%",
                "D$,Pj",
                "D$8Pj",
                "D$(P",
                "D$$f",
                "B VP",
                "\\$8C",
                "L$df",
                "D$H@",
                ",[^_]",
                " j5j",
                "T$`RS",
                "L$dQ",
                "< t <",
                "t$HV",
                "\\$DS",
                "t$6f",
                "D$;1",
                "A@;D$",
                "t$H1",
                "C)QQWP",
                "L$DQ",
                " ;D$$",
                ";\\$$",
                "L$4Q",
                "D$ @",
                "D$ JR**",
                "t < ",
                "D$#P",
                "T$'R",
                "D$'P",
                "At^B1",
                "D$0Pj",
                ";ctYf",
                "UWVSQ",
                "XZj ",
                "XZSW",
                "XZj W",
                "D$,X",
                "]XWj",
                "Y[^_]",
                "D$8P",
                "L$HQ",
                "\\$`f",
                "@ttPP",
                "48T@9",
                "40T@9",
                "XZh ",
                "T$BRQ",
                "D$:;",
                "t$>f",
                "f;D$@u",
                "9L$6",
                "D$$P",
                "\\$$S",
                "j h M",
                "j0hDM",
                "l$ 9",
                "Z[^_]",
                "$< t",
                "t$(1",
                ";T$(}Q",
                "xk;l$",
                "wet]",
                ";T$(|",
                "|$(P",
                "D$$PSV",
                "G9<$u",
                "0[^_]",
                "PRQW",
                "T$(S",
                "WVS1",
                "D$ Pj",
                "xAPPSh",
                "\\$Th<c",
                ";-Pg",
                "T$ !",
                "#t$ ",
                "2#D$ ",
                "Vh<c",
                "Wh<c",
                ";5Lg",
                "t$8R",
                "$9D$",
                "t$8S",
                "\\$0PPj",
                "u=9J",
                ";X,tQ",
                "u<9J",
                "SSPQ)",
                "uXRh",
                ",hlc",
                "\\$ S",
                "D$,Ph",
                "t$$h d",
                "u%WWSS",
                "ZYSS",
                "yPPj",
                "PPSh",
                "Qjxj",
                "t@;D$xu",
                "t$\\Q",
                "T$$S",
                ".u5A",
                "93.123.85.110",
                "abcdefghijklmnopqrstuvwxyzABCDEFGHIJKLMNOPQRSTUVWXYZ012345678",
                "`abeqhp",
                "K|lhsWC<",
                "W6bCuJBw",
                "56701",
                "cqawp",
                "pe^~D670=1<1=",
                "pwckmjckj",
                "wkhkoa}",
                "qwav",
                "pahjape`imj",
                "567012",
                "644<4<62",
                "222222",
                "5445glmj",
                "|g7155",
                "nrf~`",
                "lc6|4",
                "^pa165",
                "cvkqpav",
                "pahjap",
                "kahmjq|567",
                "ph3<=",
                "CI<5<6",
                "lqjp131=",
                "pahagkie`imj",
                "psa<alkia",
                "jic|[setme",
                "tvmrepa",
                "efg567",
                "VKKP144",
                "elap~mt<",
                "ejok",
                "ewgaj`",
                "fhaj`av",
                "gep546=",
                "glejcaia",
                "m@mvagp",
                "jbhagpmkj",
                "mtgei[vp1714",
                "wswf~ocj",
                "nqejpagl",
                "teww",
                "tewwskv`",
                "wrck`ma",
                "p4pehg4jpv4h0%",
                "~lkjc|mjc",
                "~h||*",
                "~wqj55<<",
                "|il`mtg",
                "ohr567",
                "lm715<",
                "3qnIok4rm~|r",
                "3qnIok4e`imj",
                "`vaeifk|",
                "w}wpai",
                "msof",
                "vaehpao",
                "44444444",
                "lqmcq74=",
                "smj5`ksw",
                "ejpwhu",
                "jaswlaaj",
                "jaskvejca<<<<<<<<",
                "jaskvejc",
                "Gajpqv}H5jo",
                "imgvkfqwmjaww",
                "mtg35e",
                "phNstfk2",
                "+E@IMJ+",
                "64514246",
                "rwpevgei6451",
                "qwave`imj",
                "e`imjmwpvepkv",
                "bkqj`av<<",
                "ohr5670",
                "lmormwmkj",
                "MTGeiDws",
                "Qu)0CMp7I",
                "gei546=",
                "rl`5642",
                "ravpa|61aopow567",
                "jA3nE!1i",
                "wige`imj",
                "UsawpI4`ai",
                "bm`ah567",
                "ehtmja",
                "lwhsmbmgei",
                "a~`rv",
                "5670123<=4",
                "gkigkigki",
                "emvhmra",
                "weiwqjc",
                "atmgvkqpav",
                "rk`ebkja",
                "usavp}qmkt",
                "r6itvp",
                "qGhmjq|",
                "EmpfMWT0aGmC",
                "e`imjhrnl567",
                "e`imjhrnl",
                "e`imjDimimbm",
                "`eaikj",
                "wqttkvp",
                "5555555",
                "66666",
                "euqevmk",
                "gmwgk",
                "`rv61<4666",
                "bhmve`imj",
                "lectkhi5",
                "japcaev5",
                "jmi`e",
                "usavp}",
                "^iuRbkWMT",
                "iavhmj",
                "ic7144",
                "6455rwpe",
                "3qnIok4vkkp",
                "geiave",
                "@57ll_",
                "vkkp567",
                "pe^~D45",
                "pmjm",
                "|il`tmg",
                "~pa=|51",
                "wavrmga",
                "pahagki",
                "qfjp",
                "seck",
                "glmje567",
                "`afqc560",
                "`afqc",
                "t#5't<1&1t8;8T",
                "'<188T",
                "1:5681T",
                "'-' 19T",
                "{6=:{6!'-6;,t",
                "nt5$$81 t:; t2;!:0T",
                ":7;&&17 T",
                "{6=:{6!'-6;,t$'T",
                "{6=:{6!'-6;,t?=88tymtT",
                "{$&;7{:1 {&;! 1T",
                "{$&;7{T",
                "{1,1T",
                "{20T",
                "{$&;7{:1 { 7$T",
                "{1 7{&1';8\"z7;:2T",
                ":591'1&\"1&tT",
                "544?9.354`z1??*w;63,?Z",
                "5513?r}Z",
                "(?<(?)2`Z",
                "659;.354`Z",
                ")?.w95513?`Z",
                "954.?4.w6?4=.2`Z",
                ".(;4)<?(w?495>34=`Z",
                "92/41?>Z",
                "9544?9.354`Z",
                ")?(,?(`z>5);((?).Z",
                ")?(,?(`z965/><6;(?w4=34\"Z",
                "{01\"{#5 7<0;3T",
                "{01\"{9='7{#5 7<0;3T",
                "{'6=:{#5 7<0;3T",
                "{6=:{#5 7<0;3T",
                "{01\"{#5 7<0;3dT",
                "{1 7{0125!8 {#5 7<0;3T",
                "{1 7{#5 7<0;3T",
                "5''#;&0T",
                ";3=:T",
                "1: 1&T",
                "e365`70;9ag:<$ef1=d?2>T",
                ";!&71t",
                ":3=:1t",
                "!1&-T",
                "{01\"{",
                "#5 7<0;3T",
                "ede{#5 7<0;3T",
                "99?*.`z.?\".u2.76v;**639;.354u\"2.76q\"76v;**639;.354u\"76a+gjtcv37;=?u-?8*vpupa+gjtbZ",
                "99?*.w",
                ";4=/;=?`z?4w",
                "v?4a+gjtbZ",
                "54.?4.w",
                "#*?`z;**639;.354u\"w---w<5(7w/(6?495>?>Z",
                "/dev/null",
                "CAk[S",
                ".shstrtab",
                ".init",
                ".text",
                ".fini",
                ".rodata",
                ".ctors",
                ".dtors",
                ".data",
                ".bss",
                "jjh@"
            ]
        }
    ]
}