{
    "malware_data": [
        {
            "filename": "95975615eb1d0194e9ed527770f247e241194a3ad66ae2294a8939a216ae3ad2.exe",
            "filetype": "4D5A8000",
            "filesize": "37KB",
            "hash_sha256": "95975615eb1d0194e9ed527770f247e241194a3ad66ae2294a8939a216ae3ad2",
            "strings": [
                "!This program cannot be run in DOS mode.",
                ".text",
                "8\\4'",
                "W'.;",
                "wB);",
                "E;;{",
                "_UIx",
                ">&p/",
                "8(ph_",
                "U4j_Y",
                "9jTZ",
                "USVW",
                "eZeG",
                "_^[]",
                "B/hihi",
                "U;W?",
                "??mnoU",
                "????a`hi",
                ",??g",
                "`SVW",
                "4<??",
                "9'???",
                "U=hhoU",
                "??o??",
                "hW???7U;ohU9i",
                "U;hU>nhhhoU",
                "U;hU>nhhho",
                "W;>??ih",
                "7=??",
                "??>?",
                "hW???7U",
                "ohU1i",
                ",=??",
                "6=??",
                "hU>nhhho",
                "????J9K;",
                "])??",
                "7>??",
                "???n",
                "E3<B",
                "M+<J3",
                "????`",
                "d(??",
                ">??o",
                "????",
                "??K3",
                "0??<z",
                "nhhhhh",
                "+??g",
                "<??f",
                "~c}Bc",
                "IjMc",
                "=8sww",
                "$sww",
                "5<sww",
                "=4uww",
                "oc}c`M}ww_^[",
                "Q[[_^[",
                "3ssp",
                "slms",
                "pDkgg",
                "xcmg }",
                "xc{}lc",
                "xcca{}",
                "xc=jc~",
                "xc|oyj",
                "xcckcm",
                "xlavi{",
                "xlav}h",
                "xlavca",
                "xlavxg",
                "xlavjg",
                "xga}k|",
                "9'mv",
                "$%%%",
                "wO%O%O ",
                "%5%%",
                "0$%%",
                "%%%T%@%H%P%",
                "%B%D%",
                "%@%]%@%%%%%%%%%%%T%B%D%",
                "%@%]%@%%%%%%%%%%%%%%%%%%%R%L%K%A%D%K%W%",
                "%@%]%@%%%%%%%%%%%S%G%J%]%V%@%W%S%L%F%@%",
                "%@%]%@%%%S%G%J%]%Q%W%D%\\%",
                "%@%]%@%%%%%%%%%S%H%Q%J%J%I%V%A%",
                "%@%]%@%%%%%%%%%U%W%I%z%Q%J%J%I%V%",
                "%@%]%@%%%%%%%%sv",
                "%Q;rs",
                "%%%%",
                "wO%O%O.",
                "%Q1uv",
                "9$%%k",
                "Mf'%%",
                "srrr",
                "tzrrr%",
                "rrrr",
                "nQrr",
                "rrr+",
                "<SVW",
                "oszH",
                "5444",
                "-444GV]QPXX4UGC\\[[_4GZL\\_4444j",
                "4@%b",
                "/644",
                "444h4f4q4s4}4g4`4f4m4h4y4u4w4|4}4z4q4h4g4M4G4@4Q4Y4h4w4A4F4F4Q4Z4@4w4[4Z4@4F4[4X4g4Q4@4h4q4Z4A4Y4h4}4p4q44444h4f4q4s4}4g4`4f4m4h4y4u4w4|4}4z4q4h4g4M4G4@4Q4Y4h4w4A4F4F4Q4Z4@4w4[4Z4@4F4[4X4g4Q4@4h4q4Z4A4Y4h4g4w4g4}4444j",
                "544\\0544^t",
                "3,444",
                "s04444",
                "s8t444",
                "s$4444",
                "s 4444c^=",
                "f^4^4^6",
                "f^4^4^4c",
                "t$dg",
                "4444",
                ":')-",
                "Ql-~[h",
                "KKKs",
                "KKKq",
                ".7;.",
                "x.0W-h\"::",
                "6/0=/",
                "XI/1",
                ",o\";;",
                "bccc",
                "cccc",
                "R79(",
                "RRnDEE?z",
                "QUPQ",
                "VUU/j",
                "AEVA",
                "A/..",
                "v/..",
                "...w",
                "CO7,",
                "$lfG",
                "P!AP",
                "Hv]Y5",
                "c;_\\",
                "^;60T[",
                "`D+D",
                "\\<Q8}",
                "sbL9",
                "bNKY",
                "X5=ea",
                "C-EZY",
                "(EYS}`xk[Fkk",
                "N[u/$40l%4d",
                "j+\"S",
                "BaL+j",
                "RJ`T",
                "9b,%",
                ";#ps",
                "JdU+",
                "Z4z`J0",
                "cwNR",
                "P5+l",
                "L;(-",
                "X_|Z",
                "+raT",
                "U\"8S",
                "2%q.X",
                "1tCe",
                "Pb8Hw",
                "yetr",
                "^*wD*a",
                "a%?^",
                "G=~y",
                "mB )",
                "%(K&",
                "<6IJ",
                "w-YTl",
                "uh-2",
                "+>!B",
                "^@U8",
                "+|Q$",
                ";93af",
                "J$so",
                "rc:Y",
                "tAea",
                "CsB>",
                "Qv\"9",
                "zWrZ",
                "t[B^",
                "Rz]O",
                "DCNf",
                ";wai_b",
                ":1Ou[",
                "P,tb",
                "9jpo",
                "iS |",
                "Pwf|",
                "G[c^",
                "&!uh",
                "G82P~",
                "G*RL",
                "xj2G{",
                " 8d\"N",
                "3:M`",
                "_&5L",
                "C`Iz^S",
                "@hYO",
                "Jb>Y",
                "ERTg",
                "a 9>!",
                "FJYgZ",
                "SbwWm",
                "e+1r#+*",
                ",8wa@",
                ";q*W",
                "wb0aiJ",
                "v7OA",
                "ZU`l",
                "/QlvL",
                "bcA8Az",
                "0/i]",
                "d9Zs",
                "^-HG",
                "OU-6+",
                "kj K{",
                "-JP?",
                "PK<u",
                "n!dtM",
                "mw?K",
                "]:wwu",
                "5qIX",
                "Zwc'",
                "~s}n",
                "o2k~",
                "vd7(",
                "'Do9b:R",
                "|&'x",
                "BaL+",
                "tJ`T",
                "{gu]`E",
                "_ZcU",
                "fb,%",
                "TK$+",
                "3D\"S",
                "tK[B|",
                "g>xWx",
                "NR){Q",
                ";urE!",
                "~'ON",
                "'f(Y",
                "Qg88aY",
                "J|/S",
                "$xvv",
                "#k?D",
                "[}T#",
                "OD_(L",
                "Dlbi=",
                "=1+N",
                "1-Cl",
                "lf!8",
                "fcSq",
                "*1Xy",
                "w,vp",
                "N#D\\`",
                "9]E7",
                "$=JY",
                "e([t,",
                "eY#v",
                "-&8A",
                "O]A6",
                "DW/\\",
                "x#3M",
                "*?#C",
                "i#hKe",
                "QCML",
                "E<`1",
                "QNXg",
                "W3:l",
                "=ZN_",
                "N_wP",
                "cTbp",
                ".#Nw",
                "CjXx",
                "f,.{^",
                "xibRw",
                "_/HY",
                "ySt3T",
                "f8ZRw",
                "bcum",
                "C(+93{",
                "Pr~@",
                "0H?[",
                "c~BF",
                "AJ)L",
                "dFhI",
                "Wd8B",
                "~;',",
                "*viY",
                "[)=I}",
                "9*<H",
                "iHOr",
                "^o;}",
                "V^Rl1",
                "pg}W",
                "B`6Y",
                "6Pv3",
                "Lp44",
                "1Z,-",
                "RZTL",
                "C_C%S",
                "b#:Y",
                "&z<m",
                "*?R<`",
                "yQ~A",
                "UOO$",
                "$/\"\"",
                "hq$ ;y",
                "Jz{9",
                "^NBO",
                "@R@k",
                "@hD![",
                "{L$-",
                "83;@",
                "lBE4Ri",
                "pZAJ2v",
                "7|rN",
                "t9+)",
                "vSRbV",
                "=6:<+y",
                "Da&:[a.",
                ">:\\`"
            ]
        }
    ]
}