{
    "malware_data": [
        {
            "filename": "917053f9fda8808ce0ae455c527011de8444e0f86e87de0f20c38b05153324d5.elf",
            "filetype": "7F454C46",
            "filesize": "18KB",
            "hash_sha256": "917053f9fda8808ce0ae455c527011de8444e0f86e87de0f20c38b05153324d5",
            "strings": [
                "CvUPX!",
                "\"duYTd",
                "\"4Rz",
                "\\KmK",
                "/<5R",
                "<^9C",
                "QK.%",
                "`Hig",
                "RADk",
                "-\\hbFF?",
                "#Kyr",
                "y{-x",
                "^/|y",
                "^9>R",
                ".w=h",
                "|\\SQzZ",
                "<EEc",
                "/~<pm",
                "SIsA3",
                ";[1yj",
                "tEN.",
                ",C7a",
                "/w*AY]xf",
                "@[l[m",
                "~Dzxy",
                "S%o\\",
                "}}]/",
                "wz`^",
                "gKGC",
                "zz%K(Okf",
                "'o@Z",
                ":9:l",
                "Oa<F",
                "KQ%`",
                "MwAz",
                "v`mz",
                "$6oZ",
                "}8t:O",
                "096'@",
                "\"Msg",
                "9iB+KM",
                "S,Y%",
                "0@*<",
                "7p[O",
                "q(46",
                "Tp~()",
                "`=AA~^",
                ";;uQu",
                "]k(v",
                "V/NI",
                "XK}u",
                "||@|",
                "Ch<D*",
                "~bR`",
                "y(!?sNM",
                "1/OAE",
                "<4ij",
                "L1d<P{",
                "6L0|",
                ",}K>",
                "v2cM+",
                "{JPj/",
                "MFDQ=",
                "2Z\"V",
                "iFJ'",
                "8AFf",
                "ytW}",
                "G1jh",
                "$h?+",
                "^&e3!X",
                ")N=\\5",
                ">s>\"",
                "[3x.",
                "dIBq}",
                "4S[*",
                "5V?5",
                "HHpk",
                "2\\TZ",
                "R<`X",
                "Gx#L",
                "rQ|\"t",
                "asb&",
                ".-\\e*",
                "uvci'",
                "{{wL",
                "lTpa",
                "['#Y",
                "t]w^@>",
                "o->8",
                "[E0*x",
                "lf7o",
                "/d +",
                "/h7ih.el",
                "eyIj",
                "Dd+?",
                "N\"Vl",
                "#)v5",
                "Bw__",
                "[D:~",
                "yewW",
                "DpZ%r",
                "c@gH",
                "0`hY",
                "n`q$P",
                "^m?\"",
                "X5Jt",
                "B>MNE",
                "?k@wf:",
                "cGwi.\"!==",
                "E@@e",
                "`Gp?",
                "XmX_",
                "'s5\"o",
                "qDhI",
                "uU1:_~7",
                "}#;(",
                "k|6 H",
                "d|<5",
                "!N|x",
                "&Qn6NB",
                "k0r]+Vo",
                "fS+h",
                "=kEu",
                "]blqu",
                "2ZGZ~",
                "sV`x",
                "MQ|xJ",
                "DQ~3C",
                "Srfq",
                "TiC?",
                "$ey%N",
                "q+p3",
                "k0EC",
                "31`m<]",
                "`XUcH",
                "]CPbz}",
                "ePBs4#$z",
                "6$'U",
                "Ea5j",
                "+\\Ti/7",
                "HpTG",
                "BnKo",
                "wW7vBL",
                "\\&=U",
                "zJH}v^",
                "eA*7l%",
                "*tKb",
                "c^&mV",
                "Rmu}",
                "UQ_K@",
                "_AgYIr",
                "q|[DdT",
                "sI?[p",
                "+TO2",
                "6n5'",
                "NG`;",
                "<9DIk",
                "(AE*",
                "Pb )",
                "PROT_EXEC|PROT_WRITE failed.",
                "$Info: This file is packed with the UPX executable packer http://upx.sf.net $",
                "$Id: UPX 3.94 Copyright (C) 1996-2017 the UPX Team. All Rights Reserved. $",
                "5n9#",
                "]=2)",
                "%b')",
                "U+V!]",
                "/S|1",
                "[*v!q6L",
                "|[%'",
                "Jv?R",
                "TB$gsp8",
                "[>2g",
                "u`QMf",
                "kA;C].",
                "]a$<",
                ":C2~z",
                "?Usd",
                "K+~(",
                "961K",
                "$*Ua",
                "]MLew",
                "UPX!"
            ]
        }
    ]
}