{
    "malware_data": [
        {
            "filename": "99119e4a6302bad65f77ccebea703adc800906e19efce05dcb87c96eb4146b0d.elf",
            "filetype": "7F454C46",
            "filesize": "40KB",
            "hash_sha256": "99119e4a6302bad65f77ccebea703adc800906e19efce05dcb87c96eb4146b0d",
            "strings": [
                "HFu8sfga",
                "M (40",
                "8M@H4P",
                "XM`h5p",
                "S8v_",
                "s{+[[",
                "wG`P",
                "Ck'?",
                "@-/)",
                "<]tWP",
                "4_ocD0K",
                " T20",
                "72#pP",
                "K['0",
                "#6{C",
                "6/|A",
                "4PuG",
                "G#7C1",
                "ykjr7hK9",
                "4SM3",
                "!S)w",
                "!#Ah",
                "A?}#e",
                "07a_",
                "T37_",
                "`)kW",
                "kp/k2",
                "KS{OW",
                "\\sKC",
                "hF;(",
                "(-P?",
                ";C+p^",
                "#0e_p0U`",
                "dWn[",
                "_zwS",
                "2KP{",
                "xRa[",
                "d6b~",
                "w\\B ",
                "CKm`",
                "\\!O.",
                "1kLO",
                "IoF5",
                "`S8 ",
                "o0;#a",
                "cl`g",
                "E#7'G",
                "#m\"4",
                "rg8/",
                "`K[+",
                "5m#0",
                ";;X7",
                "I?s?",
                "4w#]",
                "=`7p}",
                "S_Kk",
                ",:RT",
                " P7g",
                "0K\"0",
                ";7/A3?",
                "Z/5#",
                "]|ON",
                "_n#c",
                "KE6_R",
                "R(?x",
                "c\\_'k",
                "vO&%",
                "j5F7p",
                "Og@`",
                "0Vwk",
                "cvp{\\K",
                "/9'F'",
                "SkG?pT6?",
                "( +\\",
                "G@;vN",
                "??H0",
                "kqD0",
                "8sg{o",
                "HKloSX",
                "4,3'/",
                "WGS8",
                "ts$8",
                " c2g",
                "tC04",
                "5oKS",
                "D't?",
                "P>kU",
                "t7MD",
                "#/Ro",
                "#9oFc",
                "3?#A\"?",
                "[0dW0g",
                "obo-",
                ",w]3",
                "[1KsO",
                "G?G0Gm",
                "[nmK",
                "[gU[",
                "GS&0",
                "l.wZ",
                "$#kG?",
                "+T w4",
                "K3|P",
                "cDP\"",
                "6C<G",
                "/ND6",
                "GKtu",
                "(sLP<",
                "#2[~<7Q\\",
                "j'-O",
                ";[KBS",
                "4Cs4M",
                "k8K ",
                "OcDC",
                "JZ39",
                "K2vST#",
                "Ab(W",
                "3`/5",
                "//l+",
                "<S2cX",
                "DG(f+",
                "0uxl",
                "g\"#W8",
                "<?,L",
                "_{Pm",
                "2Hkr",
                "Qh#){",
                "?V7m",
                "r[<G",
                "$O_|t",
                "tXFS",
                "OF${",
                ":Z?9|C1",
                "'7Ko",
                "l5CM",
                "7@^/",
                "{o[a",
                "g/K{",
                "WC/C(K7",
                "j7V'7",
                "H3,c5",
                "7QK]N",
                "Mji4f",
                "dMcb4a",
                "]Ws:",
                "XWiV",
                "TShR",
                "MPO4N",
                "<;i:",
                "M3241^w",
                "M)(4'",
                "\"T!^",
                "/A#W",
                "p304",
                "CS&sTJK",
                "qI^@G",
                "zK-3",
                "sowc",
                "o&A@",
                " +Z(q",
                "k)E2",
                "K|D0",
                " ;7\\[e",
                "@(S%s",
                "kwknx",
                "&3V3~",
                "J_Tp",
                "XooS",
                "pKE?",
                "[P'x",
                "n@?|",
                "[d?C",
                "mk:4Vs",
                "En_ ",
                ":s.g",
                "+@4&",
                "FwB*l",
                ")KQ\\",
                "1>WIn",
                "wc8p",
                "S@w@",
                " f7;{b(",
                ":G0'",
                "0w*jcb)",
                "_A\"Y",
                "Df_6;",
                "9j3<",
                "gT1'",
                "0Rwb",
                "!Cmdc",
                "o@d`",
                "31CK!",
                "KU@<C8",
                "E^7(",
                "3Wo=S",
                "sNCU",
                "8[C#",
                "/@6_0p",
                "WtPuV",
                "]/`~",
                "O-P?Kh",
                "G+*P",
                "2[63",
                "g<r[",
                "L[)#",
                "1}+R",
                "o3aG",
                "w;x;",
                "Uoo0q",
                "|S9Q",
                "276s@",
                "RO6QCc",
                ";[{4rw",
                "kzKh",
                "@k@rQ",
                " _ X",
                "B)/ ",
                "E{|2",
                "b:SJ",
                "SC~=#",
                "Q akh",
                "wAH'",
                "Ut?k",
                "{x R",
                ".6/0",
                "%TM+\\",
                "HHiX",
                "4LiD",
                "Sn+1",
                "XHiH d",
                "\\TiL",
                "gBD:",
                "0Puk",
                "E/A$+",
                "B3v0G0",
                "3DX7](",
                "g_&GS",
                "`3!'",
                " +O_",
                "s.,_o",
                "!)7p*",
                "%p,P",
                "?(C(",
                "S-Oa+1",
                "'sUw",
                "u;MoS",
                "@*>S",
                "gF3QI",
                "WX_V",
                "!v/3",
                "p3$8",
                "&OTh?",
                "DSOz",
                "e3oTo",
                "pe2o",
                "aODr",
                "jW(*",
                "b,oD",
                "W8$bM",
                "TRk ",
                "KbBGGaB",
                "B'35",
                ".!1]\"",
                "^OZt",
                "Qu/'",
                "#S'm",
                "TCDu",
                "K#ld",
                "$_F[b ",
                "8h1{",
                "-;o#",
                "jo];",
                "/#c+",
                "e_)w",
                "r#\"k",
                "E#;0g@",
                "CxC*>",
                "sHp3",
                "['^t",
                "Z>>/S",
                "g3@&",
                "fWO= ",
                "+T`/",
                "*7h^",
                "=Ks{",
                "WK+1",
                "|1Ph",
                "N:_w",
                "FGNH",
                "S9{lw",
                "wAr#",
                "_kHs?k",
                "`P0.#",
                "m?8R'",
                "8cOTCO",
                "*$!k",
                "[_$@",
                "m[W2/",
                "+33;",
                "Gq @",
                "L#{3S",
                "[=C!C",
                "?i C?8",
                " WM$J",
                "gg0Wot0",
                ":''v`",
                "h_+_n",
                "+Acg",
                "kHC+",
                "tcpraw",
                "icmpe",
                "udpplain}",
                "elf/exe",
                "ZG9z",
                "var/Cha",
                "lleng",
                "/hi351E",
                "gmDVR}cs",
                "#dvr_mwg _8",
                "182T_",
                "w08?",
                "mnt/mtd",
                "/7gu",
                "~anko-",
                ">l4+mt",
                "av&c",
                "spool",
                "ofth",
                "ttpd",
                "[-vne",
                "K/*pbe",
                "r[4.:{m4",
                ".5@d6",
                "mips",
                "x86_6e",
                "node",
                "-clo",
                "0M<H4T",
                "\\Mdp4x",
                "Qqsfuf",
                "boS5",
                "45.15",
                "qE6MGAbI",
                "hlLjztqZV",
                "ifFeEgG",
                "aACSc",
                "0-#'",
                "r/xSuc",
                "No s",
                "\"h *",
                "15Yl",
                "cupy",
                "em c\\",
                "pu+r",
                "'maB",
                "y un",
                "B,ka",
                "&on5",
                "lyfG",
                "KZG4",
                "o]$ed",
                "evty",
                "qvpd",
                "{zed",
                "N6P>",
                "c)vchW,",
                "m}Td",
                "-:sI",
                "Awhl",
                "{kagk6%",
                "Lbjs",
                "pic&x",
                "[*8M",
                "RFSf",
                "Bd'c",
                "_Nbp_g",
                "g!co",
                ".KDB",
                "ies!",
                "KalB",
                ">~by",
                "WwS=",
                "bx\"k4r",
                "YH6u",
                "q oI",
                "D;wr",
                "[H&f",
                "($(Tl<dy>",
                "Ilch",
                "?|fferH/+",
                "%+%/[EN",
                "[dh0S2",
                "ENIX#",
                "Ud2k",
                ";AKC",
                "/l;s",
                "DTr7",
                "O8M2",
                "hHfd",
                "CAk[",
                "4.002021",
                "/proc/self/exe",
                "/proc",
                "/self/ex",
                "0\\MSA",
                "lSrn",
                "CUPX!",
                "40CZ",
                "Wm?U",
                "! 9+",
                "Pdoc^",
                "`4n'",
                "4kScO",
                "hC`g",
                "w;@bQ",
                "4`\\s",
                "/4&'}",
                "<4'82/V",
                "GCC: (G",
                "NU) 3.",
                "2 200",
                "ian pre",
                "leas",
                ".shst",
                "inito",
                "tex5f",
                "roda",
                "eh_fra",
                "me3b",
                "wgoU3Mc,c",
                "om9n",
                "{ibuzvs",
                "0'=p",
                "`'O`",
                "7%vxO",
                "gKpa",
                "sfga"
            ]
        }
    ]
}