{
    "malware_data": [
        {
            "filename": "8ec9dfa52e933ed9a8a7b3a64f0f540ed655ea99c3c650d14d5539f772b90788.elf",
            "filetype": "7F454C46",
            "filesize": "26KB",
            "hash_sha256": "8ec9dfa52e933ed9a8a7b3a64f0f540ed655ea99c3c650d14d5539f772b90788",
            "strings": [
                "gUPX!",
                "}\"'q",
                "dg(p",
                "Ok]5",
                "#_V2",
                "?0ly",
                "A\".kw",
                "P}^5",
                "?v$zt,",
                "o6af",
                "qZ\"s\"W",
                "~rE'^",
                "ZP`Z",
                "^)_k_",
                "/WuC",
                "F9F1",
                "H\"E2",
                "PV-az",
                "~e6`N",
                "DcRB",
                "=p&jZ",
                "=(9J|",
                "IA[<}",
                "`GFZ",
                "\"%cz",
                "Z9/_",
                "9rS@",
                "1Z4rC",
                "qJM<p",
                "T\\?_J",
                "D\\U{",
                "#?[!",
                "Vl23p",
                "(oU6",
                "-#4Q",
                "95jC",
                "@yxa",
                "5'\\;",
                "7p f",
                "&.JC",
                "Xss*",
                "K61V,",
                "O9qS",
                "Bh\"\\",
                "d\"+OsP",
                "iUnr",
                "7[X4e",
                "!WIw",
                "a /k",
                "=-D3",
                "EJ:B",
                "D2mT\\",
                "o*Y8uda:",
                "[g7L{",
                "OMG[",
                "qqu/Y,F",
                "gV?Kq",
                "F{Q.B",
                "P0c*h",
                "HCHR",
                "]wDl",
                "HEz(",
                "s_Lz%",
                ")7is<",
                "HF[CgM6o",
                ",W;d",
                "9U(<",
                "0_.1[",
                "+Koq",
                "H5<2",
                "@U%0OH",
                "lg'f",
                "mH=p",
                "U-}0>",
                ")kxp",
                "8kzGi",
                "(p9%6",
                "ndZP",
                "AY|9",
                ",[k+(3X",
                "P&@jY",
                "E0dO",
                "|BQ6",
                "\"uscd",
                "mr'b",
                "LF2m",
                "(xmb",
                ">syKP",
                "Og9|",
                "W>U8",
                "F5?0",
                "B6y{",
                "HK;c",
                "wX~pm",
                "+OsH",
                "!aK\\",
                "}kM'",
                "\"+`q",
                "!uOb",
                "4'vm}",
                "`y$(",
                "7Q^t",
                "m~S5",
                "N:=o",
                "mu.~cT9Es",
                "y$Hs=_g",
                "I{WO",
                "J%1&",
                "%.BX",
                "~p&J",
                "D@cHZ",
                "!Z9MLP",
                "}0 #",
                "om?Z",
                "!oyg",
                "j\\$6",
                "xxO`",
                "\"R>lh",
                "8Jv8",
                "\"lf~",
                "*,dE",
                "i{+L",
                "wueO",
                "+?O8",
                "7n6U",
                "g/U(",
                "1k--",
                ".<5+",
                ":cz[,",
                "7PQ[",
                "B|VUR,",
                "\\XlwW",
                "zK,NgU1Q",
                "HR<T",
                "mmo.",
                "[rH,",
                ":B+6",
                "S5$Gt",
                "~wc)+",
                "N'W9>Be9",
                "fn\"A",
                "8&-z",
                "|u1{",
                ":,rk",
                "o`nnzr@",
                "{|~n",
                "/*~K",
                "M+?J",
                "hFeV",
                "v m-",
                "H1DQ",
                "vX#@",
                "L>tD",
                "tKMA",
                "LrMX",
                "w47,\\",
                "d>,A",
                "K~}^",
                "S25>",
                "7&) ",
                "PT@i",
                "F]dC",
                "sX7vM",
                "#b>~M",
                "7l+h",
                " GUl",
                "}y|{dG.",
                "t553",
                "@{5Y{K",
                "\"W+T4",
                "Gf!&",
                "nJS4",
                "0IXi",
                "a;gF1",
                "C|jn",
                "cq ,j",
                "n:Tk",
                "I(|9",
                "'BjL",
                "lhxj~",
                "eiB4\"",
                "}aC_",
                ">L,m",
                "h>x&",
                "|yz\\p",
                "tU<Z",
                "cA~\\",
                "_>CH3",
                "h\"e{7",
                "}8Yh",
                "=>rq",
                "Yr3C",
                ".s57",
                " 7fG",
                "C<*?",
                "qg(m",
                ")JGQ",
                "f@n ",
                "!u)G",
                "X4D.D",
                "-2l3",
                "!x<H-",
                "r4T;",
                "e&r,",
                "e o3",
                "9d$-",
                "Pu~#",
                "Y^gZ",
                "kiV98",
                "KNth",
                "#*bg4",
                "H!S~A02P",
                "5T-V",
                "2>(c",
                "=P_KML",
                "mGA|l",
                "kNzf",
                "U|QR",
                "OYL*",
                "+>(N",
                "c\"6p",
                "t5FA<",
                "#{Kr@",
                "S=!=",
                "4w0y",
                "qy&5",
                "^*=8~s",
                "qc{!",
                ">TIeF",
                "=an1",
                "O\"~s7}",
                "P^&m",
                "X+5?",
                "Kf&<vu",
                "0\\Y4]",
                " c0Y",
                "F4gw",
                ")(+#",
                "JT)<",
                "Pb )",
                "$Info: This file is packed with the UPX executable packer http://upx.sf.net $",
                "$Id: UPX 3.95 Copyright (C) 1996-2018 the UPX Team. All Rights Reserved. $",
                "/proc/self/exe",
                "x/U9",
                "#Zw^",
                "^n0|p\\",
                "!msNX<",
                "yL[_",
                "i/xS",
                "3Ndd&]iz",
                "Buzu",
                "6uv/W",
                "dLNn&",
                "r-k;p",
                "W^]>",
                "rQY\\,",
                "F.`Y",
                ".xCA",
                "#^n$",
                "d+0V",
                "2chVV>",
                "s7lP",
                "ZDdP5",
                "ML:}w'",
                "S^d>",
                "yx1B",
                "*&OEs?",
                "UPX!"
            ]
        }
    ]
}