{
    "malware_data": [
        {
            "filename": "9243bdcbe30fbd430a841a623e9e1bcc894e4fdc136d46e702a94dad4b10dfdc.exe",
            "filetype": "4D5A9000",
            "filesize": "217KB",
            "hash_sha256": "9243bdcbe30fbd430a841a623e9e1bcc894e4fdc136d46e702a94dad4b10dfdc",
            "strings": [
                "!This program cannot be run in DOS mode.",
                "Rich",
                ".text",
                "`.data",
                ".pdata",
                "@.idata",
                "@_RDATA",
                "@.rsrc",
                "@.reloc",
                "__based(",
                "__cdecl",
                "__pascal",
                "__stdcall",
                "__thiscall",
                "__fastcall",
                "__vectorcall",
                "__clrcall",
                "__eabi",
                "__swift_1",
                "__swift_2",
                "__swift_3",
                "__ptr64",
                "__restrict",
                "__unaligned",
                "restrict(",
                " new",
                " delete",
                "operator",
                "`vftable'",
                "`vbtable'",
                "`vcall'",
                "`typeof'",
                "`local static guard'",
                "`string'",
                "`vbase destructor'",
                "`vector deleting destructor'",
                "`default constructor closure'",
                "`scalar deleting destructor'",
                "`vector constructor iterator'",
                "`vector destructor iterator'",
                "`vector vbase constructor iterator'",
                "`virtual displacement map'",
                "`eh vector constructor iterator'",
                "`eh vector destructor iterator'",
                "`eh vector vbase constructor iterator'",
                "`copy constructor closure'",
                "`udt returning'",
                "`RTTI",
                "`local vftable'",
                "`local vftable constructor closure'",
                " new[]",
                " delete[]",
                "`omni callsig'",
                "`placement delete closure'",
                "`placement delete[] closure'",
                "`managed vector constructor iterator'",
                "`managed vector destructor iterator'",
                "`eh vector copy constructor iterator'",
                "`eh vector vbase copy constructor iterator'",
                "`dynamic initializer for '",
                "`dynamic atexit destructor for '",
                "`vector copy constructor iterator'",
                "`vector vbase copy constructor iterator'",
                "`managed vector copy constructor iterator'",
                "`local static thread guard'",
                "operator \"\" ",
                "operator co_await",
                "operator<=>",
                " Type Descriptor'",
                " Base Class Descriptor at (",
                " Base Class Array'",
                " Class Hierarchy Descriptor'",
                " Complete Object Locator'",
                "`anonymous namespace'",
                "FlsAlloc",
                "FlsFree",
                "FlsGetValue",
                "FlsSetValue",
                "InitializeCriticalSectionEx",
                "(null)",
                "CorExitProcess",
                "NAN(SNAN)",
                "nan(snan)",
                "NAN(IND)",
                "nan(ind)",
                "e+000",
                "Sunday",
                "Monday",
                "Tuesday",
                "Wednesday",
                "Thursday",
                "Friday",
                "Saturday",
                "January",
                "February",
                "March",
                "April",
                "June",
                "July",
                "August",
                "September",
                "October",
                "November",
                "December",
                "MM/dd/yy",
                "dddd, MMMM dd, yyyy",
                "HH:mm:ss",
                "AreFileApisANSI",
                "CompareStringEx",
                "LCMapStringEx",
                "LocaleNameToLCID",
                "AppPolicyGetProcessTerminationMethod",
                " !\"#$%&'()*+,-./0123456789:;<=>?@abcdefghijklmnopqrstuvwxyz[\\]^_`abcdefghijklmnopqrstuvwxyz{|}~",
                " !\"#$%&'()*+,-./0123456789:;<=>?@ABCDEFGHIJKLMNOPQRSTUVWXYZ[\\]^_`ABCDEFGHIJKLMNOPQRSTUVWXYZ{|}~",
                "d8L2",
                "[aOni*{",
                "@2&@",
                "\"RP(",
                "eLK(w",
                "FEMh",
                "h0'D",
                "owM&",
                "~ $s%r",
                "@b;zO]",
                "$qE}",
                ";*xh",
                "[\"93",
                "iu+-,",
                "\\lo}",
                "obwQ4",
                "&Sgw",
                "?nz(",
                "=87M",
                "v2!L.2",
                "X/4B",
                "k=yI",
                "^<V7w",
                "W&|.",
                "1#INF",
                "1#QNAN",
                "1#SNAN",
                "1#IND",
                "UUUUUU",
                "TUUUU",
                "#Ib?",
                "=imb;D",
                "=W>6",
                ">[^j",
                ">Kb|",
                "+>De",
                "11Y@",
                "/>58d%",
                "MJ$>",
                ">cQ6",
                "!>6'Y",
                ">jtm}S",
                ">77:",
                ")>6{1n",
                "Vr.>T",
                "+f)>0'",
                "Lj[;>",
                "3>fvw",
                ";H9>&X",
                "*StO9>T",
                ".>Tu",
                ".(!>",
                "n03>Pu",
                "S9>H",
                "x.&>",
                "K~Je#>!",
                "-/!>",
                "(>aI",
                "=cQ6",
                "+M<7>",
                "*>f[",
                "o ->",
                "l(>>",
                "c(>\\,",
                "ET5>",
                ";>9l",
                "mG4>",
                "bp(=>?g",
                "36,>",
                "37>k",
                "~X3>",
                "6>J`",
                "?>!T",
                "BC?>6t9^",
                "8'>0",
                "'._M",
                "=4<,",
                "BF>^G",
                "K&>.yC",
                " 'L>[",
                ".xJ>Hf",
                "y\\PD>!",
                "|b=})>",
                "c [1>H'",
                "dL?>",
                "uzKs@>",
                "3>N;kU",
                "kE>fvw",
                "eF>t",
                "L>ev",
                "A>pP&",
                "V6E>`\"(5",
                ",=>B",
                "\">}t",
                "0iN>/",
                "+h->|",
                "@>%>b",
                "?qBJ",
                "l@6 ",
                "?-hk",
                "OZQ%",
                "-)4d",
                "?:kP<",
                "?UUUUUU",
                "?f`Y4",
                "?QY^&",
                "?U)#",
                "?ysB",
                "?$G4",
                "?30]",
                "?7zQ6$",
                "log10",
                "We are the Abyss.",
                "Your company Servers are crypted and your data has been stolen to our servers.",
                "Good news for you:",
                "   1) We can restore your entire system.",
                "   2) We are not interested in publishing your information.",
                "   3) Our motivation is purely financial.",
                "   4) We are open to negotiations.",
                "   5) We are ready to maintain complete confidentiality of this incident.",
                "Let's explain the further steps in the situation:",
                "    You can seek help from authorities - unfortunately, this path will not lead to a constructive resolution of the situation. ",
                "They will not assist you with decryption, seize your servers for OPsec, and your company's operations will be halted.",
                "Subsequently, the date will be disclosed, leading to fines, legal actions, and reputational damage.",
                "    OR",
                "    You initiate negotiations with us, and we reach a mutually beneficial and constructive solution for both parties.",
                "You pay a specified amount and receive the full decryption, support throughout the decryption process, ",
                "proofs that all information on our servers has been deleted, and a guarantee that it will never resurface, ",
                "ensuring no one learns about this incident.",
                "To initiate negotiations, please download the Tor Browser using their official website: https://www.torproject.org/",
                "use these credentials to enter the Chat for text negotiation: http://jqlcrn2fsfvxlngdq53rqyrwtwfrulup74xyle54bsvo3l2kgpeeijid.onion/x89yk54gGqjJ8ZAduh5dioahO1TXRA",
                "There will be no bad news for your company after successful negotiations for both sides. But there will be plenty of those bad news if case of failed negotiations, so don",
                "t think about how to avoid it.",
                "Just focus on negotiations, payment and decryption to make all of your problems solved by our specialists within 1 day after payment received: servers and data restored, everything will work good as new.",
                "MSSQLServerADHelper100",
                "MSSQL$ISARS",
                "MSSQL$MSFW",
                "SQLAgent$ISARS",
                "SQLAgent$MSFW",
                "SQLBrowser",
                "ReportServer$ISARS",
                "SQLWriter",
                "WinDefend",
                "mr2kserv",
                "MSExchangeADTopology",
                "MSExchangeFBA",
                "MSExchangeIS",
                "MSExchangeSA",
                "ShadowProtectSvc",
                "SPAdminV4",
                "SPTimerV4",
                "SPTraceV4",
                "SPUserCodeV4",
                "SPWriterV4",
                "SPSearch4",
                "IISADMIN",
                "firebirdguardiandefaultinstance",
                "ibmiasrw",
                "QBCFMonitorService",
                "QBVSS",
                "QBPOSDBServiceV12",
                "IBM Domino Server (CProgramFilesIBMDominodata)",
                "IBM Domino Diagnostics (CProgramFilesIBMDomino)",
                "Simply Accounting Database Connection Manager",
                "QuickBooksDB1",
                "QuickBooksDB2",
                "QuickBooksDB3",
                "QuickBooksDB4",
                "QuickBooksDB5wrapper",
                "DefWatch",
                "ccEvtMgr",
                "ccSetMgr",
                "SavRoam",
                "Sqlservr",
                "sqlagent",
                "sqladhlp",
                "Culserver",
                "RTVscan",
                "sqlbrowser",
                "SQLADHLP",
                "QBIDPService",
                "Intuit.QuickBooks.FCS",
                "msmdsrv",
                "tomcat6",
                "zhudongfangyu",
                "vmware - usbarbitator64",
                "vmware - converter",
                "dbsrv12",
                "dbeng8",
                "MSSQL$MICROSOFT##WID",
                "MSSQL$VEEAMSQL2012",
                "SQLAgent$VEEAMSQL2012",
                "FishbowlMySQ",
                "MySQL57",
                "MSSQL$KAV_CS_ADMIN_KIT",
                "SQLAgent$KAV_CS_ADMIN_KIT",
                "msftesql - Exchange",
                "MSSQL$MICROSOFT##SSEE",
                "MSSQL$SBSMONITORING",
                "MSSQL$SHAREPOINT",
                "MSSQLFDLauncher$SBSMONITORING",
                "MSSQLFDLauncher$SHAREPOINT",
                "SQLAgent$SBSMONITORING",
                "SQLAgent$SHAREPOINT",
                "QBFCService",
                "YooBackup",
                "YooIT",
                "svc$",
                "MSSQL",
                "MSSQL$",
                "memtas",
                "mepocs",
                "sophos",
                "veeam",
                "backup",
                "bedbg",
                "PDVFSService",
                "BackupExecVSSProvider",
                "BackupExecAgentAccelerator",
                "BackupExecAgentBrowser",
                "BackupExecDiveciMediaService",
                "BackupExecJobEngine",
                "BackupExecManagementService",
                "BackupExecRPCService",
                "MVArmor",
                "MVarmor64",
                "stc_raw_agent",
                "VSNAPVSS",
                "VeeamTransportSvc",
                "VeeamDeploymentService",
                "VeeamNFSSvc",
                "AcronisAgent",
                "ARSM",
                "AcrSch2Svc",
                "CASAD2DWebSvc",
                "CAARCUpdateSvc",
                "WSBExchange",
                "MSExchange",
                "MSExchange$",
                "GxVss",
                "GxBlr",
                "GxFWD",
                "GxCVD",
                "GxCIMgr",
                "kernel32.dll",
                "IsWow64Process",
                "Wow64DisableWow64FsRedirection",
                "Wow64RevertWow64FsRedirection",
                "error create log file",
                " output only Console",
                "DontWorryBeHappy",
                "6666666666666666jjjjjjjjjjjjjjjj",
                "GCTL",
                ".CRT$XCA",
                ".CRT$XCAA",
                ".CRT$XCZ",
                ".CRT$XIA",
                ".CRT$XIAA",
                ".CRT$XIAC",
                ".CRT$XIC",
                ".CRT$XIZ",
                ".CRT$XPA",
                ".CRT$XPX",
                ".CRT$XPXA",
                ".CRT$XPZ",
                ".CRT$XTA",
                ".CRT$XTZ",
                ".rdata",
                ".rdata$voltmd",
                ".rdata$zzzdbg",
                ".rtc$IAA",
                ".rtc$IZZ",
                ".rtc$TAA",
                ".rtc$TZZ",
                ".text$",
                ".text$mn",
                ".text$mn$00",
                ".text$x",
                ".xdata",
                ".data",
                ".bss",
                ".idata$5",
                ".00cfg",
                ".idata$2",
                ".idata$3",
                ".idata$4",
                ".idata$6",
                "_RDATA",
                ".rsrc$01",
                ".rsrc$02",
                "expand 32-byte k",
                "fffffff",
                "D$(H",
                "SUATAUAVAWH",
                "D$0H",
                "ffffff",
                "expa",
                "nd 3",
                "2-by",
                "te kD",
                "d$0D",
                "l$4D",
                "t$8L",
                "|$(D",
                "|$<H",
                "l$@H",
                "|$,A",
                "|$$A",
                "t$ H",
                "|$$H",
                "t$8D",
                "T$,D3F",
                "3F 3^$3N(3V,D3f0D3n4D3v8D3~<H",
                "vfffff",
                "\\$,D",
                "\\$,H3",
                "D$(L",
                "T$ f",
                "\\$0I",
                "Pfffffff",
                "oT$ f",
                "\\$0H",
                "of f",
                "on0H",
                "\\$0M3",
                "\\$0f",
                "D$ f",
                "of fD",
                "on0f",
                "of@f",
                "onPfD",
                "of`fD",
                "onpf",
                "D$@fE",
                "L$PfE",
                "T$`fD",
                "\\$pfE",
                "oD$@fD",
                "oL$PfD",
                "oT$`fD",
                "o\\$pfD",
                "oQ f",
                "oY0f",
                "t$ f",
                "|$0fA",
                "o3fD",
                "o9fD",
                "od$ f",
                "ol$0fE",
                "d$ f",
                "l$0f",
                "o$$f",
                "D$@fD",
                "L$PfD",
                "\\$pfA",
                "oD$ fD",
                "oL$0fE",
                "t$ fD",
                "\\$0fD",
                "Y0fD",
                "o~0f",
                "4$fE",
                "o~pH",
                "t$ fE",
                "t$0fE",
                "v@M3",
                "4$fD",
                "l$ H",
                "o~pf",
                "ot$ H",
                "0tKf",
                "ot$0H",
                "L$ H",
                "\\$0B",
                "b}Zy",
                "}Z8H",
                "efffffff",
                "B}Z9",
                "B}Z3",
                "}od$@",
                "}ol$`",
                "}o$$",
                "}ol$ ",
                "}o|$@",
                "}oL$`",
                "}od$ H",
                "@s#M3",
                "ffff",
                "d$ B",
                "}HZQ",
                "}Ho%/",
                "@rib",
                "|$0H",
                "}(ZQ",
                "}(o%s",
                "@rlb",
                "}HZ9br}HZY",
                "bR}HZ8b",
                "bQ}Hp",
                "UbQ}Hp",
                "}HXI",
                "}HXQ",
                "}HXY",
                "bQ=H",
                "bQ5H",
                "bQ-H",
                "bQ%H",
                "bQ=Hj",
                "bQ-Hj",
                "DbS5HC",
                "bSMHC",
                "DbSMHC",
                "DbS%HC",
                "bS=HC",
                "DbS=HC",
                "bSUHC",
                "bSmHC",
                "bsm@C",
                "bSEHC",
                "bSeHC",
                "bS]HC",
                "bq=H",
                "bq~H",
                "bq5H",
                "bq%H",
                "bq-H",
                "fffff",
                "6bq~H",
                "rabq",
                ".bq~H",
                "r;bq-H",
                "7tbb",
                ">bq~H",
                "<7t@b",
                "b}ZY",
                "B}Z8",
                "b1}(o",
                "|7 tv",
                "\\7 tJ",
                "D$ H",
                "VWSUATAUAVAW",
                "T$ L",
                "\\$(L",
                "d$0H",
                "A_A^A]A\\][_^",
                "d$ H",
                "l$(H",
                "d$8H",
                "D$8H",
                "4fffffff",
                "zow0H",
                "yoy@",
                "zoW ",
                "zo_0",
                "zog@",
                "yo4$",
                "o\\$0",
                "od$@",
                "oT$P",
                "o\\$`",
                "AyoC",
                "AyoK",
                "ypO 2",
                "ypG@2",
                "yosP",
                "yo{`",
                "AyoCp",
                "(fffffff",
                "zow ",
                "E8~ ",
                "c=8F0",
                "}oD$ ",
                "}oP0",
                "~oD$$",
                "~oL$d",
                "~oP4",
                "G(I#",
                "H;4$",
                "(o5]",
                "}Y_@",
                "}Yg`",
                "nW8b",
                "8-u.f",
                "8-uE",
                "@UVATH",
                "L$@A",
                "L$pD",
                "T$pH",
                "L$@E",
                "L$pH",
                "T$pA",
                "T$@I",
                "|$@L",
                "A\\^]",
                "Q 9Q ",
                "@UVWAVH",
                "n<5g",
                "T$ H",
                "@v<H",
                "\\$pH",
                "|$ 3",
                "L$`H3",
                "xA^_^]",
                "SAWH",
                "D$Pf",
                "E3o A",
                "D$LA3",
                "D$DfH",
                "D$Xf",
                "E3W$A",
                "T$4A",
                "D$8fH",
                "E3W(A",
                "T$Hf",
                "E3W,A",
                "L$`A",
                "D$<A3",
                "D$,B",
                "\\$DfH",
                "L$xf",
                "T$LD",
                "D$$E3",
                "D3D$4A",
                "L$pA",
                "T$8A",
                "D$4C",
                "D3D$HA",
                "L$LH",
                "D$HA3",
                "D$DC",
                "L$`D",
                "D$ C",
                "l$LA",
                "D$<D",
                "T$$E",
                "L$4A",
                "D3D$@A",
                "L$xA3",
                "D$43",
                "D$8C",
                "L$PD",
                "d$DD3",
                "T$,H",
                "l$XA",
                "D$$C",
                "T$HA",
                "D$8A3",
                "D$@H",
                "T$ A",
                "D$,C",
                "d$`A",
                "D$HD",
                "D3L$$A",
                "L$@A3",
                "D$XA3",
                "D3L$@A",
                "L$LA",
                "L$,A3",
                "D3D$(A",
                "D$@D",
                "D3L$,A",
                "d$pD",
                "D3D$ A",
                "D$,A3",
                "D$(D",
                "L$$A",
                "T$HD",
                "D$4H",
                "D3D$<A",
                "L$DA3",
                "t$hD",
                "T$0A",
                "D3L$DA",
                "L$(A3",
                "D$$A3",
                "D$@C",
                "D3L$(A",
                "l$xA",
                "L$ A3",
                "t$pD",
                "D3D$8",
                "D3L$ A",
                "L$XH",
                "D3D$0",
                "D$,D",
                "l$PD",
                "T$$A",
                "D$4A3",
                "D$0E",
                "D3D$<",
                "D$(A",
                "D$HC",
                "D$ A3",
                "L$hD",
                "D3D$D",
                "D$0D",
                "\\$HD",
                "D3D$$A",
                "L$xD",
                "D$$H",
                "T$,D",
                "D3D$0A",
                "L$XA",
                "D$@A3",
                "D$<C",
                "L$PA",
                "T$$H",
                "D$ D",
                "T$4C",
                "D$$B",
                "D$DA",
                "D$0E3",
                "\\$<A",
                "T$,A",
                "D$(C",
                "L$xA",
                "\\$HD3",
                "L$hA",
                "T$DC",
                "D$ A",
                "T$@D",
                "D3D$$L",
                "|$XL",
                "l$pA",
                "L$<A3",
                "D3L$<",
                "L$8A3",
                "D$0D3",
                "D3L$8A",
                "T$HA3",
                "L$ L",
                "|$hD3",
                "L$$A3",
                "D3D$DA",
                "d$PD",
                "D$$A",
                "L$(A",
                "d$LD",
                "D$ D3",
                "D3L$$L",
                "L$0A3",
                "D3L$0A",
                "D$(A3",
                "L$<A",
                "D3L$<A",
                "D$ E",
                "L$`A3",
                "L$LE",
                "\\$pE",
                "d$$A3",
                "L$ A",
                "D$4E3/",
                "T$(A3_",
                "D$4D",
                "T$PA3",
                "3D$4A1G",
                "D$,H",
                "USVWAUAVI",
                "D$(r",
                "D$,:",
                "D$ G",
                "T$PH",
                "@v5D",
                "L$PI",
                "L$ E",
                "@v7H",
                "L$ I",
                "L$P3",
                "T$PA",
                "L$PH",
                "A^A]_^[]",
                "|$ ATAUAVAWD",
                "|$@A",
                "\\$(A_A^A]A\\",
                "SUVWATAUAVAWH",
                "D$0A",
                "|$pA",
                "L$HH",
                "t$XA",
                "T$`I",
                "\\$hL",
                "D$(I",
                "D$HH",
                "D$XH",
                "L$(H",
                "D$PH",
                "D$ Hk",
                "L$hH",
                "D$0L",
                "D$ L",
                "D$PL",
                "L$8H",
                "|$pL",
                "D$XLk",
                "L$`L",
                "L$XL",
                "D$@L",
                "l$`H",
                "D$8L",
                "|$hL",
                "D$0M",
                "A_A^A]A\\_^][",
                "T$(H",
                "D$(%",
                "8A_A^A]A\\_^][",
                "t$ UH",
                "|$ ATAVAW",
                "B Li",
                "B$Li",
                "\\$ A",
                "t$0H",
                "|$8A_A^A\\",
                "UVWATAUAVAWH",
                "D$ 3",
                "L$(A#",
                "#D$ 3",
                "E0+D$(",
                "E4+E",
                "E8+E",
                "E<+E",
                "E@+E",
                "EDA+",
                "EHA+",
                "EPA+",
                "ETA+",
                "D$$+E",
                "E A+",
                "E$A+",
                "T$0H",
                "UX+E",
                "L$|H",
                "L$,x",
                "A_A^A]A\\_^]",
                "L$ SVWH",
                "t$ L",
                "0_^[",
                "\\$0E3",
                "L$ SW",
                "L$0H",
                "T$@H",
                "L$@L",
                "HcD$",
                "s'ff",
                "t$ WH",
                "HcL$0H;",
                "s'LcD$0HcL$0A",
                "D$0HcD$0H;",
                "HcSHH",
                "\\$@H",
                "t$HH",
                "\\$@3",
                "LcFLH",
                "t$8H",
                "t$83",
                "UAVAWH",
                "|$ H",
                "D$8A",
                "D$@E",
                "D$`H",
                "D$hH",
                "D$pH",
                "D$xH",
                "A_A^]",
                "\\$8H",
                "\\$ H",
                "@USVAVH",
                "E'E3",
                "D$(M",
                "M'H3",
                "A^^[]",
                "D$ 8",
                "D$(3",
                "UATAUAVAWH",
                "D$@ ",
                "l$8E3",
                "l$03",
                "d$(H",
                "\\$(I",
                "L$hE3",
                "l$0H",
                "L$PL",
                "l$ A",
                "l$ E",
                "D$XA",
                "\\$ E3",
                "A_A^A]A\\]",
                "\\$ UH",
                "\\$DHcD$DH",
                "HcD$D",
                "D$DHcD$DH",
                "\\$(E3",
                "L$@H",
                "D$XL",
                "L$`H",
                "9\\$H",
                ";D<`",
                "D<`3",
                ";\\$H",
                "@USATAWH",
                "\\$HL",
                "HcD$HH",
                "HcD$H",
                "D$HHcD$HH",
                "EPI;",
                "@v6I",
                "D$pexpa",
                "D$tnd 3H",
                "D$x2-by",
                "D$|te kD",
                " uZI",
                "T$XI",
                "D$XE3",
                "A_A\\[]",
                "gfffffffH",
                "\\$HH",
                "l$XH",
                "l$@E",
                "l$HI",
                "l$HL;",
                "VUUUUUUUL",
                "\\$ I",
                "|$HE3",
                "@SUAWH",
                "L$HL",
                "d$ D",
                "D$|H",
                "L$|I",
                "D9d$lu",
                "D9d$p",
                "T$|H",
                "T$DD",
                "d$DH",
                "d$@L",
                "HcL$@H;",
                "LcD$@HcL$@A",
                "D$@HcD$@H;",
                "T$PI",
                "A_][",
                "@SUWATAWH",
                "T$$D",
                "d$$H",
                "d$ L",
                "HcL$ H;",
                "s'LcD$ HcL$ C",
                "D$ HcD$ H;",
                "DT\\Hc",
                "fD9d",
                "|L\\.u",
                "\\teA",
                "T$\\H",
                "T$0I",
                "A_A\\_][",
                "D$03",
                "L$hL",
                "\\$PH",
                "|$03",
                "9t$X",
                "<K.u",
                ";t$X",
                "D$Df",
                "9|$@",
                ";|$@",
                "@WATAUAWH",
                "|$(L",
                "l$pH",
                "t$hI",
                ";-}}",
                "<N,u",
                "<F,u",
                "9=F{",
                "t$`H",
                "l$p~ ",
                "t$hH",
                "D$`3",
                ")T$p",
                "nI f",
                "nY8fD",
                "nATf",
                "nQpf",
                "nY<f",
                "nAXf",
                "nQtf",
                "nY4H",
                "(T$pf",
                "}:Ic",
                "D$ZH",
                "\\$ WH",
                "T$PL",
                "L$0L",
                "L$(3",
                "\\$hH",
                "@SVWH",
                "T$`H",
                "T$`L",
                "@_^[",
                "t!eH",
                "uxHc",
                "uTL+",
                "M H1E",
                " H3E H3E",
                "L$ 3",
                "D$H3",
                "u/HcH<H",
                ";csm",
                "\\$03",
                "ntelA",
                "ineID",
                "Genu",
                "t(=`",
                "t!=p",
                " w$H",
                "D$ \"",
                "D$ $",
                "\\$(3",
                "WATAUAVAWH",
                "_8M+",
                "t$8;;",
                "L$0I",
                "x}~t",
                "w I+",
                " tDE3",
                "\\$@I",
                "A_A^A]A\\_",
                "9csm",
                "A - ",
                "t7HcP",
                "t=L;",
                "t#eH",
                "Wu-D",
                " A_A^A]A\\_",
                "ob0f",
                "obpf",
                "T$8D",
                "T$8H",
                "T$8L",
                "L$HE",
                "L$ WH",
                "l$8H",
                "t$@H",
                "D+AHH",
                "E+BHH",
                "x AVH",
                "|$HH",
                "UWAVH",
                "L$ @",
                "t$PL",
                "t$hL",
                "t$xfD",
                "D$HL",
                "T$`D",
                "D8t$8t",
                "A^_]",
                "t$xD",
                "VWAVH",
                "D$@H;G",
                "\\$H@",
                "l$PH",
                " A^_^",
                "|$ AVH",
                "D$0H;G",
                "|$8H",
                " t(<#t",
                "<0uG",
                "t3fA",
                "#t'fA",
                "9s,t",
                "AA<Fu",
                "<Nu'",
                "<htl<jt\\<lt4<tt$<wt",
                "8<6u",
                ",X< w",
                "htxf",
                "jtff",
                "lt:f",
                "tt(f",
                "t$ WAVAWH",
                "<Ct-<D",
                "<StW@:",
                "tg<Zt",
                "<g~{<itd<ntY<ot7<pt",
                "<utT@:",
                "D$P3",
                "D$P-",
                "D$P+",
                "D$P I",
                "D<P0@:",
                "t<QH",
                "k4+kP+",
                "\\$XH",
                "0A_A^_",
                "VWAUAVAWH",
                "Ct9f",
                "Stof;",
                "Zt f",
                "itnf",
                "ntaf",
                "ot=f",
                "utTf;",
                "l$0I",
                "L|0f;",
                "t|2H",
                "s4+sP+",
                "L$8H3",
                "A_A^A]_^",
                "w.Hc",
                "AA,c",
                "AA,A$",
                "yAgt",
                "yAGu",
                "CA,G",
                "K0@H",
                ",I<%w",
                "CAsH",
                "AfA#",
                "yBgt",
                "yBGu",
                "CA,c",
                "T$0@",
                "D$1H",
                "HcS8",
                "KHf9",
                "HcC(H",
                "KHIc",
                "_HHc",
                "_HE3",
                "T$4D",
                "T$4H",
                ";{Pu",
                "L$@H3",
                "t$pH",
                "D8qT",
                "D9qP",
                "t$PH",
                "0A^_^",
                "x ATAVAWH",
                "|$`I",
                "8*u;I",
                "l$HH",
                "|$XH",
                " A_A^A\\",
                "8*uEI",
                "N0E3",
                "D$0H+",
                "|$`M",
                "< t=<",
                "UVWAVAWH",
                "@8>u",
                "D$ E3",
                "H9:t",
                "H98u",
                "0A_A^_^]",
                "H9=1",
                "WAVAWH",
                "A84.u",
                "<=t5",
                "t$ E3",
                "t$XH",
                "t$(H",
                "u&H9",
                "u3HcH<H",
                "\\$`H",
                "t(eH",
                "H93t",
                "D$8I",
                "D$@I",
                "H33M3",
                " A_A^_",
                "D$PI",
                "x AUAVAWH",
                "t2A;",
                "s-A;",
                "@88t",
                "t@A;",
                "l$hH",
                "|$xH",
                "@A_A^A]",
                "VWATAVAWH",
                "L9\"u",
                "|$xA",
                "Hvf;",
                "HFf;",
                "t:f9",
                "Avf;",
                "AFf;",
                "Q&f+",
                "t7A;",
                "s2A;",
                "?D8d$8t",
                "D8d$8t",
                "t'D8d$8t",
                "%D8d$8t",
                "A_A^A\\_^",
                "T$@L",
                "L$0M",
                "L$`I",
                "t7SH",
                "T$ 3",
                "@8*u",
                "@8l$Ht",
                "L$8D",
                "~/A;",
                "r>@8o",
                "L$ UVWH",
                "`_^]",
                "t$(3",
                "t$@I",
                "|$(H",
                "d|.H",
                "D8t$ht",
                "|$@-H",
                "x AWH",
                "80tWD",
                "gfffA",
                "T$xH",
                "\\$P3",
                "|$hH",
                "t$DE3",
                "|$@-D",
                "D$(I+",
                "}=D;",
                "L$@D",
                "|$pH",
                "L9?|",
                "L9?}",
                "D$HI",
                "L$ M",
                "D$TE3",
                "|$P-H",
                "t$(A",
                "D$ I+",
                "t$HI",
                "\\$`I",
                "8]8}KD",
                "u)9\\$ ~FH",
                ";\\$ |",
                "L$0H3",
                "@A^_^",
                "t4SH",
                "fD9t$b",
                "\\$$;",
                "tmHc",
                "L$ VWAVH",
                "\\$8I;",
                "T$XH",
                "L$(L",
                "`A^_^",
                "EE(H",
                "u\"8Z(t",
                "uUH9Z",
                "uF8Z(t",
                "vC8_(t",
                "uTH9Z",
                "\\$8A",
                "\\$0L",
                "vB8_(t",
                "\\$8L",
                "EP*?H",
                "}PI+",
                "UXM;",
                "C8<(u",
                "EXM;",
                "`A_A^A]A\\_^]",
                "|$ E3",
                "@84)u",
                "0A_A^A]A\\_",
                "H97u+A",
                "mL+7H",
                "\\$ UVWATAUAVAWH",
                ",/<-w",
                "@8|$Ht",
                "M+4$I",
                "D$XD9x",
                "@8|$ht",
                "t <.u",
                "t)I+",
                "8Z(t",
                "u0H9Z",
                "8_(t",
                "8D$8t",
                "D$VH",
                "D$p ",
                "UVWH",
                "@_^]",
                "\\$0H;",
                "L$0H;",
                "L$&8\\$&t,8Y",
                "t>8Z",
                "@A_A^A]A\\_^]",
                "*u/3",
                "D$HE",
                "fD90t",
                "fD94Fu",
                "fD96u",
                "t$8H+",
                "t$ 3",
                "t$0L",
                "l$(3",
                "L;5,",
                "l$pu",
                "t?H95",
                "H95m",
                "H95I",
                "xWI96tRI",
                "9t$x",
                "C847u",
                "0A_A^A]A\\_^]",
                "|$PH",
                "\\$0eH",
                "H 9Y",
                "\\$ ;",
                "|$@H",
                "s*Hc",
                "K H;",
                "K(H;",
                "K0H;",
                "K8H;",
                "K@H;",
                "KHH;",
                "KhH;",
                "KpH;",
                "KxH;",
                "tfSH",
                "KXH;",
                "K`H;",
                "@UATAUAVAWH",
                "t$(M",
                "M H3",
                "e0A_A^A]A\\]",
                "t0SH",
                "t1H;",
                "\\$ VWATAUAVH",
                "D!l$xA",
                "@A^A]A\\_^",
                "D$0I",
                "D$(H;",
                "L$0f",
                "D8/u",
                "?0t0",
                "SUVWATAVAWH",
                "D$DH",
                "l$@L",
                "\\$ E",
                "D$0E;",
                "L$0E",
                "A_A^A\\_^][",
                "@USVWATAVAWH",
                "L$8M",
                "D$hA",
                "|$0H#",
                "T$XL",
                "t$`I",
                "swkA",
                "svBE3",
                "\\$DH",
                "T$8E",
                "u!E;",
                "st]A",
                "\\$DA",
                "+L$LA",
                "taE3",
                "T$XE",
                "\\$HA",
                "T$DL",
                "+T$P",
                "tjA;",
                "t$0H+",
                "D8|$0A",
                "u8E3",
                "A_A^A\\_^[]",
                "B8 t",
                "D$0f",
                "D$83",
                "D$0H9D$8",
                "s&Hc",
                "L$XE3",
                "L$DD",
                "D8\\0>t",
                "H}-H",
                "\\$0E",
                "L$LD",
                "9t$L",
                "L$Lf",
                "D$DE",
                "~-H+",
                "L$@D8]",
                "L$@8]",
                "VWAV",
                "\\$@H;",
                "D$@+",
                "L$0D",
                "A^_^",
                "D$@H+",
                "VWATAVAW",
                "D$PI;",
                "D$PH+",
                "D$(U",
                "L$ D",
                "t$@;",
                "H!D$ H",
                "ATAUAVH",
                "L$ fff",
                "s I+",
                "L$ |+L;",
                "L$ I;",
                "L$ L;",
                "A^A]A\\",
                "\\$0A",
                "D$@3",
                "Hc]`M",
                "d$(D",
                "tSH;",
                "|$(I",
                "H!T$0D",
                "ue!T$(H!T$ ",
                "\\$pI",
                "|$0A",
                "D8}?t",
                "fE9S",
                "\\$xH",
                "@A_A^_^]",
                "D$09",
                "D$49C",
                "@CH;",
                "t'H;",
                "|$ D",
                "|$ fA",
                "@USVWATAUAVAWH",
                "E(Hc",
                "D8 u",
                "t D8`",
                "M(H3",
                "e8A_A^A]A\\_^[]",
                "t$xH",
                "ATAVAWH",
                "\\$@=",
                "\\$@A",
                "USVWAVH",
                "D$@M",
                "A^_^[]",
                "D$(\"",
                "t$xL",
                "(t$PH",
                "\\$0D",
                "\\$(H",
                "t>H=",
                "t&H=",
                "!P H",
                "!P`H",
                "A A#",
                "B`A#",
                "LcA<E3",
                "t\"H+",
                "HcQ<H",
                "@SUH",
                "8csm",
                "                          ",
                "abcdefghijklmnopqrstuvwxyz",
                "ABCDEFGHIJKLMNOPQRSTUVWXYZ",
                "IsProcessorFeaturePresent",
                "TryEnterCriticalSection",
                "lstrlenW",
                "WriteFile",
                "LeaveCriticalSection",
                "InitializeCriticalSection",
                "lstrlenA",
                "CreateFileW",
                "CloseHandle",
                "DeleteCriticalSection",
                "FlushFileBuffers",
                "HeapFree",
                "HeapAlloc",
                "GetProcessHeap",
                "EnterCriticalSection",
                "ReleaseSemaphore",
                "WaitForSingleObject",
                "CreateSemaphoreA",
                "FindFirstVolumeW",
                "GetCurrentProcess",
                "TerminateProcess",
                "GetTempPathW",
                "GetModuleHandleA",
                "OpenProcess",
                "CreateToolhelp32Snapshot",
                "Sleep",
                "GetLastError",
                "Process32NextW",
                "LoadLibraryA",
                "GlobalAlloc",
                "Process32FirstW",
                "GlobalFree",
                "SetVolumeMountPointW",
                "GetProcAddress",
                "GlobalLock",
                "FindVolumeClose",
                "GetVolumePathNamesForVolumeNameW",
                "FindNextVolumeW",
                "GetTickCount",
                "GlobalUnlock",
                "lstrcmpW",
                "GetDriveTypeW",
                "ReadFile",
                "GetLogicalDrives",
                "FindFirstFileW",
                "GetFileSizeEx",
                "GetCommandLineW",
                "FindNextFileW",
                "WaitForMultipleObjects",
                "SetProcessShutdownParameters",
                "FindClose",
                "CreateMutexA",
                "GetFileAttributesW",
                "ExitThread",
                "SetFileAttributesW",
                "OpenMutexA",
                "lstrcatW",
                "GetSystemInfo",
                "CreateThread",
                "SetFilePointerEx",
                "MoveFileExW",
                "ExitProcess",
                "GetCurrentProcessId",
                "lstrcpyW",
                "GetSystemTime",
                "lstrcmpiW",
                "RtlVirtualUnwind",
                "KERNEL32.dll",
                "wsprintfW",
                "wvsprintfW",
                "SystemParametersInfoW",
                "DrawTextA",
                "FillRect",
                "GetDC",
                "USER32.dll",
                "DeleteObject",
                "GetObjectW",
                "SetTextColor",
                "DeleteDC",
                "GetDIBits",
                "GetStockObject",
                "CreateCompatibleDC",
                "SelectObject",
                "CreateCompatibleBitmap",
                "BitBlt",
                "GDI32.dll",
                "CryptGenRandom",
                "CryptAcquireContextW",
                "OpenServiceA",
                "QueryServiceStatusEx",
                "RegOpenKeyExW",
                "RegSetValueExW",
                "ControlService",
                "OpenSCManagerA",
                "CloseServiceHandle",
                "RegCloseKey",
                "EnumDependentServicesA",
                "CryptReleaseContext",
                "ADVAPI32.dll",
                "ShellExecuteW",
                "SHEmptyRecycleBinA",
                "CommandLineToArgvW",
                "SHELL32.dll",
                "NetShareEnum",
                "NetApiBufferFree",
                "NETAPI32.dll",
                "RmRegisterResources",
                "RmGetList",
                "RmStartSession",
                "RmEndSession",
                "RstrtMgr.DLL",
                "WNetCloseEnum",
                "WNetGetConnectionW",
                "WNetEnumResourceW",
                "WNetOpenEnumW",
                "MPR.dll",
                "RtlCaptureContext",
                "RtlLookupFunctionEntry",
                "UnhandledExceptionFilter",
                "SetUnhandledExceptionFilter",
                "QueryPerformanceCounter",
                "GetCurrentThreadId",
                "GetSystemTimeAsFileTime",
                "InitializeSListHead",
                "IsDebuggerPresent",
                "GetStartupInfoW",
                "GetModuleHandleW",
                "RtlUnwindEx",
                "SetLastError",
                "InitializeCriticalSectionAndSpinCount",
                "TlsAlloc",
                "TlsGetValue",
                "TlsSetValue",
                "TlsFree",
                "FreeLibrary",
                "LoadLibraryExW",
                "RaiseException",
                "QueryPerformanceFrequency",
                "GetStdHandle",
                "GetModuleFileNameW",
                "GetModuleHandleExW",
                "GetCommandLineA",
                "GetFileType",
                "CompareStringW",
                "LCMapStringW",
                "FindFirstFileExW",
                "IsValidCodePage",
                "GetACP",
                "GetOEMCP",
                "GetCPInfo",
                "MultiByteToWideChar",
                "WideCharToMultiByte",
                "GetEnvironmentStringsW",
                "FreeEnvironmentStringsW",
                "SetEnvironmentVariableW",
                "SetStdHandle",
                "GetStringTypeW",
                "GetConsoleOutputCP",
                "GetConsoleMode",
                "HeapSize",
                "HeapReAlloc",
                "WriteConsoleW",
                "<?xml version='1.0' encoding='UTF-8' standalone='yes'?>",
                "<assembly xmlns='urn:schemas-microsoft-com:asm.v1' manifestVersion='1.0'>",
                "  <trustInfo xmlns=\"urn:schemas-microsoft-com:asm.v3\">",
                "    <security>",
                "      <requestedPrivileges>",
                "        <requestedExecutionLevel level='asInvoker' uiAccess='false' />",
                "      </requestedPrivileges>",
                "    </security>",
                "  </trustInfo>",
                "</assembly>",
                "api-ms-win-core-fibers-l1-1-1",
                "api-ms-win-core-synch-l1-2-0",
                "kernel32",
                "api-ms-",
                "mscoree.dll",
                "en-US",
                "api-ms-win-core-datetime-l1-1-1",
                "api-ms-win-core-file-l1-2-2",
                "api-ms-win-core-localization-l1-2-1",
                "api-ms-win-core-localization-obsolete-l1-2-0",
                "api-ms-win-core-processthreads-l1-1-2",
                "api-ms-win-core-string-l1-1-0",
                "api-ms-win-core-sysinfo-l1-2-1",
                "api-ms-win-core-winrt-l1-1-0",
                "api-ms-win-core-xstate-l2-1-0",
                "api-ms-win-rtcore-ntuser-window-l1-1-0",
                "api-ms-win-security-systemfunctions-l1-1-0",
                "ext-ms-win-ntuser-dialogbox-l1-1-0",
                "ext-ms-win-ntuser-windowstation-l1-1-0",
                "advapi32",
                "ntdll",
                "api-ms-win-appmodel-runtime-l1-1-2",
                "user32",
                "ext-ms-",
                "ja-JP",
                "zh-CN",
                "ko-KR",
                "zh-TW",
                "         (((((                  H",
                "      (                          ",
                "zh-CHS",
                "ar-SA",
                "bg-BG",
                "ca-ES",
                "cs-CZ",
                "da-DK",
                "de-DE",
                "el-GR",
                "fi-FI",
                "fr-FR",
                "he-IL",
                "hu-HU",
                "is-IS",
                "it-IT",
                "nl-NL",
                "nb-NO",
                "pl-PL",
                "pt-BR",
                "ro-RO",
                "ru-RU",
                "hr-HR",
                "sk-SK",
                "sq-AL",
                "sv-SE",
                "th-TH",
                "tr-TR",
                "ur-PK",
                "id-ID",
                "uk-UA",
                "be-BY",
                "sl-SI",
                "et-EE",
                "lv-LV",
                "lt-LT",
                "fa-IR",
                "vi-VN",
                "hy-AM",
                "az-AZ-Latn",
                "eu-ES",
                "mk-MK",
                "tn-ZA",
                "xh-ZA",
                "zu-ZA",
                "af-ZA",
                "ka-GE",
                "fo-FO",
                "hi-IN",
                "mt-MT",
                "se-NO",
                "ms-MY",
                "kk-KZ",
                "ky-KG",
                "sw-KE",
                "uz-UZ-Latn",
                "tt-RU",
                "bn-IN",
                "pa-IN",
                "gu-IN",
                "ta-IN",
                "te-IN",
                "kn-IN",
                "ml-IN",
                "mr-IN",
                "sa-IN",
                "mn-MN",
                "cy-GB",
                "gl-ES",
                "kok-IN",
                "syr-SY",
                "div-MV",
                "quz-BO",
                "ns-ZA",
                "mi-NZ",
                "ar-IQ",
                "de-CH",
                "en-GB",
                "es-MX",
                "fr-BE",
                "it-CH",
                "nl-BE",
                "nn-NO",
                "pt-PT",
                "sr-SP-Latn",
                "sv-FI",
                "az-AZ-Cyrl",
                "se-SE",
                "ms-BN",
                "uz-UZ-Cyrl",
                "quz-EC",
                "ar-EG",
                "zh-HK",
                "de-AT",
                "en-AU",
                "es-ES",
                "fr-CA",
                "sr-SP-Cyrl",
                "se-FI",
                "quz-PE",
                "ar-LY",
                "zh-SG",
                "de-LU",
                "en-CA",
                "es-GT",
                "fr-CH",
                "hr-BA",
                "smj-NO",
                "ar-DZ",
                "zh-MO",
                "de-LI",
                "en-NZ",
                "es-CR",
                "fr-LU",
                "bs-BA-Latn",
                "smj-SE",
                "ar-MA",
                "en-IE",
                "es-PA",
                "fr-MC",
                "sr-BA-Latn",
                "sma-NO",
                "ar-TN",
                "en-ZA",
                "es-DO",
                "sr-BA-Cyrl",
                "sma-SE",
                "ar-OM",
                "en-JM",
                "es-VE",
                "sms-FI",
                "ar-YE",
                "en-CB",
                "es-CO",
                "smn-FI",
                "ar-SY",
                "en-BZ",
                "es-PE",
                "ar-JO",
                "en-TT",
                "es-AR",
                "ar-LB",
                "en-ZW",
                "es-EC",
                "ar-KW",
                "en-PH",
                "es-CL",
                "ar-AE",
                "es-UY",
                "ar-BH",
                "es-PY",
                "ar-QA",
                "es-BO",
                "es-SV",
                "es-HN",
                "es-NI",
                "es-PR",
                "zh-CHT",
                "af-za",
                "ar-ae",
                "ar-bh",
                "ar-dz",
                "ar-eg",
                "ar-iq",
                "ar-jo",
                "ar-kw",
                "ar-lb",
                "ar-ly",
                "ar-ma",
                "ar-om",
                "ar-qa",
                "ar-sa",
                "ar-sy",
                "ar-tn",
                "ar-ye",
                "az-az-cyrl",
                "az-az-latn",
                "be-by",
                "bg-bg",
                "bn-in",
                "bs-ba-latn",
                "ca-es",
                "cs-cz",
                "cy-gb",
                "da-dk",
                "de-at",
                "de-ch",
                "de-de",
                "de-li",
                "de-lu",
                "div-mv",
                "el-gr",
                "en-au",
                "en-bz",
                "en-ca",
                "en-cb",
                "en-gb",
                "en-ie",
                "en-jm",
                "en-nz",
                "en-ph",
                "en-tt",
                "en-us",
                "en-za",
                "en-zw",
                "es-ar",
                "es-bo",
                "es-cl",
                "es-co",
                "es-cr",
                "es-do",
                "es-ec",
                "es-es",
                "es-gt",
                "es-hn",
                "es-mx",
                "es-ni",
                "es-pa",
                "es-pe",
                "es-pr",
                "es-py",
                "es-sv",
                "es-uy",
                "es-ve",
                "et-ee",
                "eu-es",
                "fa-ir",
                "fi-fi",
                "fo-fo",
                "fr-be",
                "fr-ca",
                "fr-ch",
                "fr-fr",
                "fr-lu",
                "fr-mc",
                "gl-es",
                "gu-in",
                "he-il",
                "hi-in",
                "hr-ba",
                "hr-hr",
                "hu-hu",
                "hy-am",
                "id-id",
                "is-is",
                "it-ch",
                "it-it",
                "ja-jp",
                "ka-ge",
                "kk-kz",
                "kn-in",
                "kok-in",
                "ko-kr",
                "ky-kg",
                "lt-lt",
                "lv-lv",
                "mi-nz",
                "mk-mk",
                "ml-in",
                "mn-mn",
                "mr-in",
                "ms-bn",
                "ms-my",
                "mt-mt",
                "nb-no",
                "nl-be",
                "nl-nl",
                "nn-no",
                "ns-za",
                "pa-in",
                "pl-pl",
                "pt-br",
                "pt-pt",
                "quz-bo",
                "quz-ec",
                "quz-pe",
                "ro-ro",
                "ru-ru",
                "sa-in",
                "se-fi",
                "se-no",
                "se-se",
                "sk-sk",
                "sl-si",
                "sma-no",
                "sma-se",
                "smj-no",
                "smj-se",
                "smn-fi",
                "sms-fi",
                "sq-al",
                "sr-ba-cyrl",
                "sr-ba-latn",
                "sr-sp-cyrl",
                "sr-sp-latn",
                "sv-fi",
                "sv-se",
                "sw-ke",
                "syr-sy",
                "ta-in",
                "te-in",
                "th-th",
                "tn-za",
                "tr-tr",
                "tt-ru",
                "uk-ua",
                "ur-pk",
                "uz-uz-cyrl",
                "uz-uz-latn",
                "vi-vn",
                "xh-za",
                "zh-chs",
                "zh-cht",
                "zh-cn",
                "zh-hk",
                "zh-mo",
                "zh-sg",
                "zh-tw",
                "zu-za",
                "CONOUT$",
                ".Abyss",
                "Access Deny on: %s",
                "Error on: %s code: %X",
                "r360doctor.exe",
                "360se.exe",
                "ADExplorer.exe",
                "ADExplorer64.exe",
                "ADExplorer64a.exe",
                "Adobe CEF.exe",
                "Adobe Desktop Service.exe",
                "AdobeCollabSync.exe",
                "AdobeIPCBroker.exe",
                "AutodeskDesktopApp.exe",
                "Autoruns.exe",
                "Autoruns64.exe",
                "Autoruns64a.exe",
                "Autorunsc.exe",
                "Autorunsc64.exe",
                "Autorunsc64a.exe",
                "AvastUI.exe",
                "BrCcUxSys.exe",
                "BrCtrlCntr.exe",
                "CNTAoSMgr.exe",
                "CagService.exe",
                "CoreSync.exe",
                "Creative Cloud.exe",
                "Culture.exe",
                "Defwatch.exe",
                "DellSystemDetect.exe",
                "EnterpriseClient.exe",
                "GDscan.exe",
                "GWCtlSrv.exe",
                "GlassWire.exe",
                "Helper.exe",
                "InputPersonalization.exe",
                "MsDtSrvr.exe",
                "MsDtsSrvr.exe",
                "MsMpEng.exe",
                "ONENOTEM.exe",
                "PccNTMon.exe",
                "ProcessHacker.exe",
                "Procexp.exe",
                "Procexp64.exe",
                "QBDBMgr.exe",
                "QBDBMgrN.exe",
                "QBIDPService.exe",
                "QBW32.exe",
                "RAgui.exe",
                "RTVscan.exe",
                "Raccine.exe",
                "RaccineElevatedCfg.exe",
                "RaccineSettings.exe",
                "Raccine_x86.exe",
                "RdrCEF.exe",
                "ReportingServicesService.exe",
                "SQLAGENT.EXE",
                "Simply.SystemTrayIcon.exe",
                "SimplyConnectionManager.exe",
                "Sqlservr.exe",
                "Ssms.exe",
                "Sysmon.exe",
                "Sysmon64.exe",
                "SystemExplorer.exe",
                "SystemExplorerService.exe",
                "SystemExplorerService64.exe",
                "TMBMSRV.exe",
                "TeamViewer.exe",
                "TeamViewer_Service.exe",
                "TitanV, Ssms.exe",
                "TmCCSF.exe",
                "TmListen.exe",
                "TmPfw.exe",
                "TmProxy.exe",
                "Totalcmd.exe",
                "Totalcmd64.exe",
                "VeeamDeploymentSvc.exe",
                "WRSA.exe",
                "WireShark.exe",
                "ZhuDongFangYu.exe",
                "acwebbrowser.exe",
                "agntsvc.exe",
                "avp.exe",
                "avz.exe",
                "axlbridge.exe",
                "bedbh.exe",
                "benetns.exe",
                "bengien.exe",
                "beserver.exe",
                "dbeng50.exe",
                "dbsnmp.exe",
                "dumpcap.exe",
                "egui.exe",
                "encsvc.exe",
                "excel.exe",
                "fbguard.exe",
                "fbserver.exe",
                "fdhost.exe",
                "fdlauncher.exe",
                "firefox.exe",
                "httpd.exe",
                "infopath.exe",
                "isqlplussvc.exe",
                "j0gnjko1.exe",
                "java.exe",
                "msaccess.exe",
                "msftesql.exe",
                "msmdsrv.exe",
                "mspub.exe",
                "mydesktopqos.exe",
                "mydesktopservice.exe",
                "mysqld.exe",
                "node.exe",
                "notepad++.exe",
                "notepad.exe",
                "ntrtscan.exe",
                "ocautoupds.exe",
                "ocomm.exe",
                "ocssd.exe",
                "onenote.exe",
                "oracle.exe",
                "outlook.exe",
                "pg_ctl.exe",
                "postgres.exe",
                "powerpnt.exe",
                "procexp64a.exe",
                "procmon.exe",
                "procmon64.exe",
                "procmon64a.exe",
                "pvlsvr.exe",
                "qbupdate.exe",
                "raw_agent_svc.exe",
                "sam.exe",
                "sqbcoreservice.exe",
                "sql.exe",
                "sqlbrowser.exe",
                "sqlceip.exe",
                "sqlmangr.exe",
                "sqlservr.exe",
                "sqlwriter.exe",
                "steam.exe",
                "supervise.exe",
                "synctime.exe",
                "tbirdconfig.exe",
                "tcpview.exe",
                "tcpview64.exe",
                "tcpview64a.exe",
                "tdsskiller.exe",
                "thebat.exe",
                "thunderbird.exe",
                "tomcat6.exe",
                "tv_w32.exe",
                "tv_x64.exe",
                "visio.exe",
                "vsnapvss.exe",
                "vxmon.exe",
                "wdswfsafe.exe",
                "winword.exe",
                "wordpad.exe",
                "wsa_service.exe",
                "wxServer.exe",
                "wxServerView.exe",
                "xfssvccon.exe",
                "/c vssadmin.exe delete shadows /all /quiet",
                "cmd.exe",
                "open",
                "/c wmic SHADOWCOPY DELETE ",
                "/c bcdedit / set{ default } recoveryenabled No",
                "/c bcdedit / set{ default } bootstatuspolicy ignoreallfailures",
                "readme.bmp",
                "Control Panel\\Desktop\\",
                "WallpaperStyle",
                "TileWallpaper",
                ".386",
                ".cmd",
                ".ani",
                ".adv",
                ".msi",
                ".msp",
                ".com",
                ".nls",
                ".ocx",
                ".mpa",
                ".cpl",
                ".mod",
                ".hta",
                ".prf",
                ".rtp",
                ".rpd",
                ".bin",
                ".hlp",
                ".shs",
                ".drv",
                ".wpx",
                ".bat",
                ".rom",
                ".msc",
                ".spl",
                ".msu",
                ".ics",
                ".key",
                ".exe",
                ".dllv",
                ".lnk",
                ".icov",
                ".sys",
                ".cur",
                ".idx",
                ".ini",
                ".reg",
                ".mp3",
                ".mp4",
                ".apk",
                ".ttf",
                ".otf",
                ".fon",
                ".fnt",
                ".dmp",
                ".tmp, .pif",
                ".wav",
                ".wma",
                ".dmg",
                ".iso",
                ".app",
                ".ipa",
                ".xex",
                ".wad",
                ".icns",
                ".lock",
                ".theme",
                ".diagcfg",
                ".blf",
                ".diagcab",
                ".diagpkg",
                ".msstyles",
                ".gadget",
                ".woff",
                ".part",
                ".sfcache",
                ".winmd",
                "autorun.inf",
                "boot.ini",
                "bootfont.bin",
                "bootsect.bak",
                "bootmgr",
                "bootmgr.efi",
                "bootmgfw.efi",
                "desktop.ini",
                "iconcache.db",
                "ntldr",
                "ntuser.dat",
                "ntuser.dat.log",
                "ntuser.ini",
                "thumbs.db",
                "!CryptoLockerDetectionDONT-DELETE!.jpg",
                "WhatHappened.txt",
                "Boot",
                "Windows",
                "Windows.old",
                "$Windows.~bt",
                "$windows.~ws",
                "windows nt",
                "msbuild",
                "microsoft",
                "perflog",
                "microsoft.net",
                "microsoft shared",
                "common files",
                "windows defender",
                "windowspowershell",
                "windows security",
                "usoshared",
                "windowsapp",
                "windows journal",
                "windows photo viewer",
                "$Recycle.Bin",
                "All Users",
                "Program Files",
                "Program Files (x86)",
                "system volume information",
                "msocache",
                "Tor Browser",
                "Internet Explorer",
                "Google",
                "Opera",
                "Opera Software",
                "Mozilla",
                "Mozilla Firefox",
                "#recycle",
                "Try Teminate process:%s for file %s ",
                "Error Teminate process:%s",
                "\\WhatHappened.txt",
                "Found network:%s",
                "ADMIN$",
                "Found share:%s",
                "Drive",
                "\\\\?\\",
                "Skip Drive:%s",
                "Process Remote Drive:%s",
                "Process Drive:%s",
                "console",
                "filelog",
                "work.log",
                "paths",
                "shares",
                "Process shares:%s",
                "Process path:%s",
                "Process Network Search",
                "Time taken: %f",
                "Total",
                "%02d:%02d %s: Errors=%d,Good=%d Size=%dMb"
            ]
        }
    ]
}