{
    "malware_data": [
        {
            "filename": "964aa781e5758bb5640773c844220b9771f66e6482d7d63749def2f1abcaf08b.exe",
            "filetype": "4D5A9000",
            "filesize": "17KB",
            "hash_sha256": "964aa781e5758bb5640773c844220b9771f66e6482d7d63749def2f1abcaf08b",
            "strings": [
                "!This program cannot be run in DOS mode.",
                "7!ye",
                ".text",
                "`.rsrc",
                "Y 4kg",
                " ,Bo|f ",
                "=t8 ",
                "Y ^LVGa}",
                "JY h",
                "_a}s",
                "GSX ",
                "Xa 5",
                "4gaf K",
                "{e _",
                "|of 0&",
                " xO], ",
                "c &D^",
                "% nN9",
                "!X -",
                " o(PL ",
                "2a}(",
                "Ja ^",
                "ka}M",
                "+a}v",
                "M(ff ",
                "M(a}i",
                "va}{",
                " -r02 |",
                "[a}o",
                "xa}4",
                "Ye |x",
                "Ga} ",
                "Ye c",
                "Ia}?",
                "dzIa ",
                "~a}J",
                ".a}N",
                "b ~U",
                "xY n",
                "b xC",
                "ba}B",
                "ee m",
                "0Pa}A",
                "rLa}P",
                "Ta}O",
                "a P#",
                "e N\\gIa}6",
                "na}p",
                "b vD",
                "Ma}.",
                "p,a}r",
                "Ga}#",
                "ia}^",
                "@Y \\",
                "*6a}",
                "4a}b",
                "a %PG",
                "\"f y",
                "+a}3",
                "$Ja}",
                "b (D",
                "ha}V",
                "ha}e",
                "X  8",
                "1a}:",
                "mX 4",
                "o %Ze",
                "7a}u",
                "1a}k",
                "na}X",
                "b  s(",
                "+a}w",
                "4gaf y",
                "a Qk",
                "<a}t",
                "Be ^T~",
                "na}[",
                "a W?",
                "Ta}Z",
                "<a}]",
                "1Fa}&",
                "b p-",
                "qa}|",
                "c >&",
                "a K$",
                "^Ne ",
                "BSJB",
                "v4.0.30319",
                "#Strings",
                "#GUID",
                "#Blob",
                "Spgfe",
                "Spgfe.exe",
                "<Module>",
                "ErrorValueObject",
                "Scpvsrji.Objects",
                "Object",
                "System",
                "mscorlib",
                "Collection",
                "<Module>{08aa676d-d75d-41d5-8e46-5c9c8406bdb5}",
                "f8DBFBA28D37F4C8",
                "Boolean",
                "m8DBFBA28D37F4C8",
                "Void",
                ".cctor",
                "InitProxy",
                "QueryCollection",
                "Type",
                "Int32",
                "Action",
                "GetTypeFromHandle",
                "RuntimeTypeHandle",
                "Delegate",
                "CreateDelegate",
                "String",
                "DynamicInvoke",
                "Assembly",
                "System.Reflection",
                "Load",
                "Byte",
                "GetTypes",
                "CollectProxy",
                "CompareProxy",
                "WriteProxy",
                "CreateCollection",
                "WebClient",
                "System.Net",
                ".ctor",
                "VisitProxy",
                "SecurityProtocolType",
                "ServicePointManager",
                "set_SecurityProtocol",
                "ConnectProxy",
                "DownloadData",
                "StartProxy",
                "GetProxy",
                "m_9b7ea5c1fdb14bd981cc2ab9fa75e7db",
                "m_bd8cb5d5ae594626b387b01b35ba4831",
                "m_c67e6bc296c947a3aba5ab778d5c377d",
                "m_3b51976cff76499da475a4a800a585fb",
                "m_8766f061f1fe4184846bab86a55cd70d",
                "m_167dc062a0f44dceb7c40bf527b48b97",
                "m_1e7af313c39543a1b77a2577bd7ba3b1",
                "m_181b1ca64d774b8fbe67a10d2ea7d2ea",
                "m_19f3a75662944098bab0b6acef8e930e",
                "m_464ab9e215fb47aaaa67a29541420a7e",
                "m_841664aef688448d87da1bfe5eabae2b",
                "m_335f8a2f984c420e9647703556accc4b",
                "m_06698d74d45448ba92135fcd48b84ab4",
                "m_d17ff2d361c44c1682adcf83b1c33acd",
                "m_ed9c916e99b24e8a99a20a0ccc6e837a",
                "m_fda3a86cb1ca41018b4f119ec179bbd1",
                "m_c460e7cca86544f09386465f6ee82616",
                "m_5d60d868f71749a9befd2ff6bfeb40e5",
                "m_be9a14469a26402aac6024156a10a36c",
                "m_ebcac6595eaf486694a1cd72d93eac5d",
                "m_1e6dbb7ca058465b9eaf46e68bd67151",
                "m_322cf862100f49518e2423c6f6e0bab6",
                "m_8f1a10c48fc54719b017bcdae9353566",
                "m_541c3a6b5584432c9d09c46e07ee6088",
                "m_44721b5697ad40568874ec6de905fb2b",
                "m_6f6e66306d164583b69e21be59f99546",
                "m_b4cd9bedc822493488b7b0fe971a1c21",
                "m_4904357b9b6f4f95853aa8e477893c80",
                "m_6443c7d7cd794fa19eb6bff0276893e8",
                "m_daad5f28a3534b3a839d62add92f7df8",
                "m_32030e0ad0bd4059aeef0a79494d147c",
                "m_75d2090aff9642f392b167ada6c2cceb",
                "m_cf0f2fef5c4c400f9a31e564f2017859",
                "m_7358b5446c654c9bbe4b87433379eed5",
                "m_1d3545570d1044a39ee89546c49fd0a2",
                "m_5e7711af7edb45d18ea1b0c84c275bae",
                "m_7e727ac97c8d4cfa985682806368d739",
                "m_e30d56a5267046689d646b2ddf5582ac",
                "m_41c075b417994db1a1278ffe4e4b5e2f",
                "m_ef46264f8e07457492fec1c55d9693ef",
                "m_aeba281277ea421497abb3cb7224ce7b",
                "m_3abec9e2c5844cdebb9264930614c0eb",
                "m_66fea59d6b0f4a0a8e88055852c36172",
                "m_cac3f7d7dab744b49f0d65b74e1efd23",
                "m_d9c9ee92329048dd9571d1593b83f681",
                "m_d0ed8c84e7294a6abac52010b8868c7d",
                "m_b9cb5ef4801147b9bd6c6273ce7f803c",
                "m_68555bb5684b4661afaac1a73de484ec",
                "m_8b24cf4a95dc4afdb103918d0eff89e7",
                "m_8e0b2724d70449b09d6d43dc1b83e088",
                "m_c7ea65d8b9304069b8c07e4c14829ab5",
                "m_9967647e91cf4168bf4873cc54bb77a3",
                "m_b27d3f5993b841bba3464bbeaba793bf",
                "m_662bb272cdf64a1694549be0c18b298c",
                "m_759030368ed445b98ee442d0d17d5a1b",
                "m_ac58095d2a63480a9305c04735fcb658",
                "m_0390ed5ad2f7434786992187ad80ac53",
                "m_df4254cf948a4f8e8bd21775ada9382b",
                "m_51c9dc330b0246a1929bf4d7448655e0",
                "m_18d241030c6c4ef287e33765e77bd0df",
                "m_0ece74def8ac47a78a67b6bcedacc1b8",
                "m_afa50b4ba90a41a189f5c7f4d6b7c2cf",
                "m_ff4e61e1348047538ccbff01348ab05f",
                "m_a527ab2bc1d64f9bb32adc1ee33fd18d",
                "m_f7b709bdd78148ea8e853ae4b5aa091c",
                "m_df3be2eaeca44c2696fa1675ad8f3793",
                "m_c434104530c440e989f4a4efa552d617",
                "m_1c99c1159d3c4798b1e7c4e2018822c3",
                "m_70269dbdc30543c99b10480ffdbcdee1",
                "m_34cf4cbea2b245ef90cb1f4a97528235",
                "m_995c7bcbcc0f48f18d4fec001ff4acca",
                "m_f61b591fa3b54d029bb5644e8cca56a4",
                "m_ef697dd9b86440edbb17d06310b331e1",
                "m_4e23854e8183464fb2585484fcf8b391",
                "m_8c2a94434d784ab08fb46bb0afc92c33",
                "m_a3fb06f987434afb9aab12c8f72ce424",
                "m_1e9589f055ee4354ac2fd5705de06107",
                "m_24591f77ac3e443ab44be10293b1a4ec",
                "m_fdd54eae661849ee900d954c248e9809",
                "m_85d2e3f8e3de494689736132e6862731",
                "m_e739ad318c7a4df3b371344452d1a8d1",
                "m_b5113a7d47db4d4f9de8b4db3afc03f8",
                "m_8e37bfceb8a1428e9fd9f93150877cfc",
                "m_62e9073d2de946cabd74c965996a373f",
                "m_4406dd84312445628c3595c96e204b5b",
                "m_1cbe3771907e4a9dac01434d0df9ca62",
                "m_b2b0b8c11e0544778f994928bca55470",
                "m_a8f0f3a53bb64a7e9db72ab76e9126da",
                "m_81928a37831e42748e8c558ff1fbd17c",
                "m_84270b62a9554de39fc5da65a9b657c0",
                "m_e0e8fe846eea49f088f071de4ecc0697",
                "m_3bc63a1b95d34906af8632b3cd922931",
                "m_798db91a78504ae1b8d7573e7c826335",
                "m_45626e3f02864a98826d5ce025abddd9",
                "m_078970fdea654604acdbb4a1e0b9f2b9",
                "m_6bd7b9d89f134c2eb95b58f2f29cefe6",
                "m_836b00bb00164f8e88e88e2099a46941",
                "m_9642a1581d2f4d2899ddc48cb6b69921",
                "m_6d872ec0f5d14626a683213989d450ac",
                "m_f87c6d0a13e342889a7e6197265b5460",
                "m_5c37d28e690a4232a3b4954dca85d3d4",
                "m_b772a7431f964b6cacfaab944f58a6b5",
                "m_bab63b35845c4cfcb1f51036f3592762",
                "m_986bde96641b4d5bb68f1977c4824430",
                "m_2bc3341e9b6f405881617c4d66f7e293",
                "m_e1fff5b132fa49eb86a58ae8ce8ead48",
                "m_9ee2fee57558453dbfc58c8d7d5106bc",
                "m_b59469ddb4954db4b0aaf477ac6c4665",
                "m_320bdb4e0b714705b37dab54fef20ab3",
                "m_5a2c2eff9f054eb59ebd47264d351916",
                "m_994810ffd24b41909d647a7f5abbe6b4",
                "m_eeca47b9d1124411a4591a85feff2c1c",
                "m_968d96454bf543668204c7ea955547d9",
                "m_eea55d38ea5f40c49dd8c308f94c9f54",
                "m_ecfe3e1904b547c698a6ed3c1c331918",
                "m_ea76b6cfd4f5473f86ec789d2fc0b717",
                "m_525b72d02f9545fcae88384aa0d30776",
                "m_2be1be931ac54a68a1e04a27a26d75f4",
                "m_25d1bdce8f774d98bf4f1f6a6b986121",
                "m_eae31d16cf074f1587686878ef8d2344",
                "m_48a3cbf99046405fb6a038e5262d8b9e",
                "m_0df6ed10fe0c480f9191fac50c30ddff",
                "m_aae60112eb274d699a678ca4897f2328",
                "CallProxy",
                "o9dc8d93bdc3c470bb6810b9d24f7e478",
                "ReadProxy",
                "QueryProxy",
                "CompilationRelaxationsAttribute",
                "System.Runtime.CompilerServices",
                "RuntimeCompatibilityAttribute",
                "DebuggableAttribute",
                "System.Diagnostics",
                "DebuggingModes",
                "AssemblyTitleAttribute",
                "AssemblyDescriptionAttribute",
                "AssemblyConfigurationAttribute",
                "AssemblyCompanyAttribute",
                "AssemblyProductAttribute",
                "AssemblyCopyrightAttribute",
                "AssemblyTrademarkAttribute",
                "GuidAttribute",
                "System.Runtime.InteropServices",
                "AssemblyFileVersionAttribute",
                "TargetFrameworkAttribute",
                "System.Runtime.Versioning",
                "ComVisibleAttribute",
                "J7PJ",
                "WrapNonExceptionThrows",
                "$38efc259-2ae8-494c-ab38-d83445272746",
                "1.0.0.0",
                ".NETFramework,Version=v4.5",
                "FrameworkDisplayName",
                ".NET Framework 4.5",
                "<?xml version=\"1.0\" encoding=\"UTF-8\" standalone=\"yes\"?>",
                "<assembly xmlns=\"urn:schemas-microsoft-com:asm.v1\" manifestVersion=\"1.0\">",
                "  <assemblyIdentity version=\"1.0.0.0\" name=\"MyApplication.app\"/>",
                "  <trustInfo xmlns=\"urn:schemas-microsoft-com:asm.v2\">",
                "    <security>",
                "      <requestedPrivileges xmlns=\"urn:schemas-microsoft-com:asm.v3\">",
                "        <requestedExecutionLevel level=\"asInvoker\" uiAccess=\"false\"/>",
                "      </requestedPrivileges>",
                "    </security>",
                "  </trustInfo>",
                "</assembly>",
                "CloneMerchant",
                "http://38.255.43.23/sure.dat",
                "VS_VERSION_INFO",
                "VarFileInfo",
                "Translation",
                "StringFileInfo",
                "000004b0",
                "Comments",
                "CompanyName",
                "FileDescription",
                "FileVersion",
                "InternalName",
                "LegalCopyright",
                "LegalTrademarks",
                "OriginalFilename",
                "ProductName",
                "ProductVersion",
                "Assembly Version"
            ]
        }
    ]
}