{
    "malware_data": [
        {
            "filename": "011b0363e2b125d98402378784d98d848aab0d8a79136a1da0379871228508af.elf",
            "filetype": "7F454C46",
            "filesize": "32KB",
            "hash_sha256": "011b0363e2b125d98402378784d98d848aab0d8a79136a1da0379871228508af",
            "strings": [
                " NUPX!",
                "&&[=",
                "m]GkN;",
                "b}MH",
                "68jk",
                "8As9V",
                "AI4Gc",
                "lW0~",
                "DE<e",
                "dx^W",
                "~o',",
                "L!v*",
                "^b7$",
                "fH1[",
                ":-Dv",
                "Gg6N",
                "RJaf ",
                "$G;[",
                "^EH=~",
                "1SA>",
                "j~_}",
                "lV#OJ",
                "DC8M",
                " FlH",
                "Qh1|)",
                "@`(8",
                "%htd^",
                "P%0k",
                "Fy&0",
                ")ZE96",
                "a.t ",
                "=FbV",
                "8!2)*",
                "l,CR",
                "U+MOv",
                "Ng?:",
                ":pJ;",
                ")Cit$",
                "Y M*",
                "^L!)a\\",
                "C$os",
                "1b2?",
                "70ni",
                "Ze2O6",
                "!}c;6",
                "`ol[",
                "0*[Zu",
                "G=!ix",
                "Ipq\"",
                "A=4d&`",
                "[IF.(",
                "Y<+=#?",
                "#]R?",
                "Y\"|p",
                "w|7^F",
                "mb|_",
                "R]k&",
                "$Fj9",
                "J@1<\"",
                "lc;s",
                "mQ`~>",
                "Qcy4",
                "dxg7",
                "3PZL|3",
                "M4O[",
                "LXve~",
                "/\"*'C",
                "*;\"Xr$R",
                "$ReUm",
                "1VcB",
                "]v]02F",
                "/zd(.",
                ":K?8)",
                "d[KE",
                "CP61/T",
                "v%J*",
                "2.b;",
                "K4wb",
                "2c}D",
                "']AD",
                "Tq_*",
                "U K';",
                "5uyJ",
                "v6ZGL",
                "$SdS2",
                "?sOf",
                "i8NY",
                "hOa8",
                "pRkCE",
                "]S\"i",
                "<-\\%",
                "GB{|1",
                "uLMq",
                "%a'N@",
                "E+K8B",
                "cc:4",
                "t'N(@>",
                "c209a",
                "~K!Kc",
                "3e!r",
                "%9DA`",
                "3$)Z2",
                "\"\\HF8",
                "^>up",
                "_3xA",
                "mLVb",
                "q*`i",
                "pC7M",
                "kZ6]*h",
                "6=W4",
                "B>?s",
                "R;k,A",
                ",,b]",
                "NE,>",
                ";BWzF",
                "q>) ",
                ">Uq#",
                "K1Ms",
                "7}_[",
                ">593",
                "eg$dE7",
                "LGAk",
                ">@O3w8",
                "O>sFs'",
                "65;:",
                "!gH8",
                "rpg;",
                "%~RC",
                "r&;vp",
                ";O9_",
                "Hvh=E.",
                "$G02i",
                "nDW:S~",
                "ZvQ-T",
                "{FbF",
                "d]Qqm*",
                "OMQV",
                "ZY^0T",
                "|k`.T",
                "h>\"f",
                "}K?7+W)",
                "]\\]A",
                ")$Er",
                "/>+F",
                "vf\\]",
                "!\"^A",
                "*!dK",
                "*Jyi",
                "uJKi<",
                "{Q%)",
                ",}K6j",
                "cCUz",
                "{0').",
                "/B.B",
                "_(Qj",
                "K?qT:d",
                "B(!{",
                "iMi(",
                "~p0)",
                "}(AOW",
                "Pw#+",
                "W6k}f",
                "#sjNu",
                "7)+n",
                "Ym e",
                "_@ZDe%n",
                ">ir1",
                "b4u8",
                "./rg1",
                "zhC<w",
                "!=!m",
                "xf7l",
                "Y\"hV",
                "Q X:",
                "K'SyV",
                "%hzM]2>",
                "5SjZ\"Es",
                ",R!}",
                "x5uf",
                ".-TGM",
                "TZ%}",
                "LBWr",
                "!c1j",
                "24tM",
                "GDxN",
                "pI/T",
                "2mqK",
                "-1W<b",
                "CR^Yo",
                "-G\\4",
                "<zdL9",
                "j#3y",
                "8~h|-",
                "j:F%",
                "%!2Q",
                "[W;,",
                "V2g[",
                "y[^4n",
                "2MGo",
                "`?J;",
                "f$('",
                "rx/0",
                "Cs `e.",
                "7>Ys",
                "K,hAH",
                "0DuV",
                "k0ee",
                "kQoq",
                "O[bS",
                "GgD7,",
                "F{:0",
                "OV2H",
                "CLc6",
                "B=PR",
                ">7Pg",
                "K)h9X",
                "Q{y]",
                "3_f:",
                "1s\\eq",
                "Sj*N",
                "R]V3",
                "s#_#X",
                "j-.5",
                "igq!",
                "QqV8",
                ">/N;,",
                "quly",
                "|== G",
                "V>'d1\\",
                "[ID%",
                "`6fI",
                "w cSE",
                "RDf$",
                "lnma",
                "T{\\=",
                "-d7[",
                "P~W4Q",
                "@w75",
                "=tqgB",
                "$3<~",
                "%}S/",
                "X}83{",
                "O2rk",
                "~`V^",
                "9eU8",
                "U]$%gi2",
                "PdJ_C",
                "S{v,y",
                "kby}",
                "{mNB",
                "kIg\"[m^",
                "1i9I",
                "qMq0",
                "A^/x",
                "2TNM",
                "L|8q=V:",
                "uV`t",
                "[(NS",
                "@d0hJ",
                "WNch$",
                "vQMN>",
                "u|C`",
                "rpdc",
                "d0$>",
                "V.rkY",
                "4J`1vD",
                "hWa^*",
                "`*zI",
                "uyvQJ!",
                "VR'Q",
                "pwIC9(",
                "p>Mo_",
                "/wF-:",
                "pV)/",
                "v Nss#",
                "]R@1U",
                "j_DuyK",
                "7`@f",
                "~]y#",
                "Yu\\qT",
                "dLd~<_",
                ",O'%",
                "!%I>",
                "uzh[",
                "|1eq",
                ">xzh",
                "#_{d`",
                "~{x>S",
                "a0@}#I",
                "wY*#J7",
                "E~xz",
                "x^bxO",
                "pc+VE;",
                "-72A",
                "ku1$",
                "r(|!Cb",
                "*.Mq",
                "D*&=",
                "B7@7X)",
                "7fx9\\%",
                "&(Hh",
                "NuV@",
                ")]\"a",
                "7Y>9",
                "E~ I]",
                "9.,hR",
                "&&;I1^<",
                "w();i_",
                "}O'=]K",
                "xqd^",
                "~LO7",
                "[G{|",
                ">;(x",
                "akT\\",
                "\")yk",
                ";Ai<N",
                "=$_s]q",
                "a$L\\",
                "Z}sg#",
                "^&jN.}",
                "(xKn",
                "CW[(",
                "6M GK",
                "Fw#I",
                "7*1g",
                "$P{q",
                ":bJG",
                "VLb.",
                "y9{|",
                "p-FY",
                "H'RuU",
                "&@M^",
                "\\A2*-",
                "o4>1",
                ";k!_F",
                "6Cz|Q",
                "DGmvp",
                "RzOo|",
                "J#z_'TO",
                "CJT>,}",
                "mRim+p",
                "FOc+",
                ":amy",
                "azZgpixv",
                "}HCO",
                "\\Yf+E",
                "7cM^*",
                "B\\gN",
                "{B{s",
                ",X2+bC",
                ",37kt",
                "Giw&",
                "7<EE",
                "qI=U",
                "6eTL",
                "Q;}Q",
                "L5:Y",
                "=qT~",
                "wM<g",
                "Pb )",
                "PROT_EXEC|PROT_WRITE failed.",
                "$Info: This file is packed with the UPX executable packer http://upx.sf.net $",
                "$Id: UPX 3.94 Copyright (C) 1996-2017 the UPX Team. All Rights Reserved. $",
                "5n9#",
                "]=2)",
                "%b')",
                "/Cw@Z&",
                "9e(1",
                "xjqX",
                "/Vv<",
                "-zL0U",
                ":LM'",
                "~!'\"?",
                "gn;>",
                "`dOW",
                ">G\"V",
                "G0KT",
                "o9ruVu{",
                "A3Zp",
                "5(Ix5",
                "[NI.",
                "[zu%Z",
                "b/h>@%",
                " ;\\4",
                "+Ofp",
                "WJFj",
                "lvHV",
                "\",'g",
                "UPX!"
            ]
        }
    ]
}