{
    "malware_data": [
        {
            "filename": "90631e8f2658ee4c8030fa20aa99f294036e47877beb6ad72dff5aa5932e7807.elf",
            "filetype": "7F454C46",
            "filesize": "10KB",
            "hash_sha256": "90631e8f2658ee4c8030fa20aa99f294036e47877beb6ad72dff5aa5932e7807",
            "strings": [
                "/system/bin/linker",
                "__aeabi_unwind_cpp_pr0",
                "strlen",
                "__errno",
                "open",
                "write",
                "close",
                "__stack_chk_fail",
                "__stack_chk_guard",
                "munmap",
                "mmap",
                "read",
                "memcmp",
                "sscanf",
                "fprintf",
                "__sF",
                "memcpy",
                "atoi",
                "__libc_init",
                "__dso_handle",
                "__INIT_ARRAY__",
                "__FINI_ARRAY__",
                "kill",
                "__aeabi_unwind_cpp_pr1",
                "strcpy",
                "strchr",
                "getenv",
                "ioctl",
                "strcmp",
                "readdir",
                "opendir",
                "sleep",
                "strerror",
                "fputs",
                "printf",
                "puts",
                "sprintf",
                "atol",
                "strcat",
                "strspn",
                "__exidx_start",
                "__exidx_end",
                "__data_start",
                "_edata",
                "__bss_start",
                "__bss_start__",
                "_bss_end__",
                "__bss_end__",
                "__end__",
                "_end",
                "_stack",
                "libc.so",
                "libstdc++.so",
                "libm.so",
                "OMOJPL}D",
                "hOHiD",
                "KHxD]",
                ";H;I\"",
                "(XyD",
                "hX2I",
                "'N(O~D",
                "%HxD",
                "<H!hxD",
                ";HahxD",
                "6H!ixD",
                "5HaixD",
                "2HamxD",
                ")H!mxD",
                "(H!nxD",
                "&HanxD",
                "\"H!oxD",
                " HaoxD",
                "H!ixD",
                "HaixD",
                "H!jxD",
                "H!kxD",
                "J{D\\X",
                "HxDx",
                "HxDl",
                "\",XyD",
                "&a`!aab",
                "HxD#",
                "pHxD_J",
                "DKVI2",
                "XyD#",
                "S`5I",
                "\"L6H)YxD",
                "4IhX",
                "2HB!xD",
                "L*H)YxD",
                "HiXxD",
                "1N2H",
                "}D,Y",
                " zD{D",
                "YlI0",
                "MO_I2",
                "WJXO",
                "QHxD",
                "PJPL",
                "zD|DOH",
                "KHxD/J",
                ",HHI(X",
                "\"N?H",
                "/Y<N<LS",
                "XBXA",
                "|D~D)",
                "/proc",
                "Failed to open /proc? kill adbd manually... somehow",
                "0123456789",
                "/proc/",
                "/cmdline",
                "Failed to open cmdline for pid %s",
                "Failed to read cmdline for pid %s",
                "/sbin/adbd",
                "Failed to find adbd pid :(",
                "Failed to kill adbd (%s)",
                "fb_var_screeninfo:",
                "  xres: %d",
                "  yres: %d",
                "  xres_virtual: %d",
                "  yres_virtual: %d",
                "  xoffset: %d",
                "  yoffset: %d",
                "  bits_per_pixel: %d",
                "  activate: %d",
                "  height: %d",
                "  width: %d",
                "  rotate: %d",
                "  grayscale: %d",
                "  nonstd: %d",
                "  accel_flags: %d",
                "  pixclock: %d",
                "  left_margin: %d",
                "  right_margin: %d",
                "  upper_margin: %d",
                "  lower_margin: %d",
                "  hsync_len: %d",
                "  vsync_len: %d",
                "  sync: %d",
                "  vmode: %d",
                "fb_fix_screeninfo:",
                "  id: %s",
                "  smem_start: %ld",
                "  smem_len: %d",
                "  type: %d",
                "  type_aux: %d",
                "  visual: %d",
                "  xpanstep: %d",
                "  ypanstep: %d",
                "  line_length: %d",
                "  mmio_start: %ld",
                "  accel: %d",
                "/dev/graphics/fb%d",
                "An invalid argument was passed into the exploit engine.",
                "/dev/msm_rotator",
                "This device either does not support the fre3vo exploit, or this ",
                "account lacks permission to access the required devices.",
                "An error has occurred accessing required resources.",
                "An error has occurred retrieving system information.",
                "Buffer offset:      %08x",
                "Buffer size:        %d",
                "This device does not support this exploit.",
                "Unable to map buffer into memory",
                "Scanning region %x...",
                "Potential exploit area found at address %x:%x.",
                "Unable to retrieve data blob.",
                "/data/local/tmp/fre3vo.dmp",
                "Unable to open dump log file.",
                "Payload verification failed.",
                "Exploiting device...",
                "Unable to exploit device. The exploit may have been fixed?",
                "ANDROID_PROPERTY_WORKSPACE",
                "fre3vo by #teamwin",
                "Please wait...",
                "Unable to map Android Property Workspace into memory.",
                "-start",
                "-end",
                "-debug",
                "-dump",
                "-self",
                "-adb",
                "-device",
                "evo3d",
                "sensation",
                "view",
                "Unknown device type %s.",
                "-verify",
                "0000000000000000",
                "Verify level 0 complete.",
                "Verify level 1 complete.",
                "Invalid argument: %s",
                "Attempting to modify ro.secure property...",
                "An error has occured.",
                "gold 1.9A&",
                "aeabi",
                ".data",
                ".rodata",
                ".shstrtab",
                ".ARM.extab",
                ".dynamic",
                ".hash",
                ".dynsym",
                ".note.gnu.gold-version",
                ".rel.dyn",
                ".interp",
                ".dynstr",
                ".ARM.attributes",
                ".ctors",
                ".bss",
                ".rel.plt",
                ".got",
                ".text",
                ".ARM.exidx",
                ".fini_array",
                ".init_array",
                ".preinit_array"
            ]
        }
    ]
}