{
    "malware_data": [
        {
            "filename": "9a23805b493744d541cc279f7676d724e7a0f2824612fc9393c68d49ea2eb384.exe",
            "filetype": "4D5A9000",
            "filesize": "202KB",
            "hash_sha256": "9a23805b493744d541cc279f7676d724e7a0f2824612fc9393c68d49ea2eb384",
            "strings": [
                "!This program cannot be run in DOS mode.",
                ".text",
                "`.rdata",
                "@.data",
                ".rsrc",
                "PQRV",
                "RWWW",
                "WWWWWW",
                "58pB",
                "h(dB",
                "=xpB",
                "F;5`",
                "=TpB",
                "5DpB",
                "= pB",
                "VWu(j",
                "=XpB",
                "=0pB",
                "tPxu",
                "5,pB",
                "9F<vD",
                "9F<s",
                "V4W3",
                "h@rB",
                "hPrB",
                "hxrB",
                "uXj4",
                "$|rB",
                "tG9}",
                "0WWWWW",
                "_^[]",
                "X_^]",
                "jXh@",
                "YQPVh",
                "QSVW",
                "QQSVWd",
                "Y__^[",
                "to=8",
                "Y_^[]",
                "Fpt\"",
                "hlsB",
                "h\\sB",
                "uBh*q@",
                "h L@",
                "t+Ht",
                "PPPPP",
                "h(yB",
                "VVVVV",
                "<v8V",
                "0SSSSS",
                "SVW3",
                "X 9} ",
                "t/Ht",
                "9] t",
                "C YY",
                "@tH9",
                "WWWWW",
                "u+9u",
                "t&:a",
                "8csm",
                "S99t",
                ">=Yt1j",
                "tPVWP",
                "Y[_^",
                "j\"@@",
                "@@Bf",
                "8\"u8",
                "j\\Yf",
                "t$9U",
                "QQSVWh",
                "@@f9",
                "jThh",
                "j@j ^V",
                "[j@j ",
                "5$qB",
                "Y;=h",
                "5`pB",
                "5,qB",
                "teh1t@",
                "9csm",
                "u,9E",
                "@_^]",
                "=MOC",
                "=csm",
                "~SSV",
                "~@;H",
                ">csm",
                "taSV",
                "YYPV",
                "t)SV",
                "Hu4j",
                ">MOC",
                "s[S;7|G;w",
                "9>u&",
                "tR99u2",
                "r,9Y",
                "@_^[]",
                "5<qB",
                "ueSj",
                "@_^[",
                " VW}",
                "j?^;",
                "v$;5\\",
                "0A@@Ju",
                "PPPPPPPP",
                "FVh\\",
                "5hqB",
                "9] SS",
                "Y_^[",
                "oV f",
                "o^0f",
                "of@f",
                "onPf",
                "ov`f",
                "o~pf",
                "_VVVVV",
                "SSSSS",
                "80t.",
                "^WWWWW",
                "SQRP",
                "jdRP",
                "Wj0V",
                "|-;E",
                "N+D$",
                "URPQQh",
                "L$,3",
                "UVWS",
                "[_^]",
                "SVWj",
                "AAFFf;",
                "uaVj",
                "uL9=(",
                "wIVSP",
                "FVSj",
                "SVWUj",
                "]_^[",
                ";t$,v-",
                "UQPXY]Y[",
                "u8SS3",
                "GWh\\",
                "9] u",
                "9]$SS",
                "t)9]",
                "t\"SS9]",
                "5xqB",
                "5TqB",
                "WWWWV",
                "t<Vj",
                "t+WWVPV",
                "SSSSW",
                "@PWV",
                "WVU3",
                "r\"9U",
                "9]$u",
                "<+t(<-t$:",
                "+t HHt",
                "u;hx",
                "u,hp",
                "K<5}",
                "0K;]",
                "^_[3",
                "H_j+",
                ".Nj<",
                "l^T%",
                "h[=(&",
                "u5yR",
                "6|kr",
                ")1x\\",
                "*xtn+",
                "wN*t",
                "&7mQTi",
                "OLm}",
                "l(CW",
                "]'}[",
                "Thf`",
                "k%!nn",
                "'m))",
                "6/W1",
                "SWw+",
                "X}cwW4",
                "a'Naq",
                "x$k%$",
                "D=z^x",
                "Ix :",
                "-@*V",
                "6bv95",
                "Z.-R",
                "ibj&c",
                "7\"4#",
                "}/bq",
                "*l 2",
                "5qc,",
                "1sTRX",
                ")hfG",
                "QU:\"",
                "z(2L",
                "_\"qBy",
                "'o4JES",
                "983H",
                "B;P;t4",
                "&5-(=",
                "cJMK",
                "@RgT)h",
                "FvHlER",
                "GWs)",
                "Z^k}",
                "cV,Hq",
                "x#t}",
                "V 7@",
                "X/j8",
                "dI2i,",
                "9*C<",
                "iMaX",
                "+u&=",
                "b]WL",
                "HQ{D",
                "~=76!s",
                "tP`M",
                "iW$Y",
                "BMwoR0>",
                "_G\".",
                "xdUR",
                "7C4iL^y\\",
                "d\"fG\\",
                "mC/V",
                "*2j+",
                "\\Q;\"",
                "9lTG@",
                ":Iwz",
                "%YIS",
                "iNR9",
                "Ceay",
                "<70#",
                "PH~@",
                "8y[{Q",
                "vAxf",
                "A}p2",
                "rnKM",
                "N# KpO",
                "(I^WCO",
                "<[{\\",
                "yn3?w:",
                "\"JB<",
                "xW[*",
                "d85K",
                "go2b",
                "j~q28!S",
                "MO\"qb",
                "`cCp",
                "vb`zt",
                "F/Xat",
                "!6*]",
                "^LI&i",
                "5CsZk",
                "opTz",
                "p2;6",
                "C.B+",
                "H1>,",
                "O+QLa",
                "F2IR",
                "Q Jw:C",
                "_-,Oo",
                "eYGlW",
                "vti7u",
                "4]y;D",
                "OUP,",
                "~AYy-",
                "MFb6S",
                "^[x+K",
                "w~=#",
                "[Or79E",
                "f'#Ha",
                "n#;3",
                "~Xad+",
                ">lX61",
                "C~{j",
                "7\\eB",
                "Eq\\qh",
                "R(uf",
                "/yiw",
                "/HXf",
                "|qQ{Nb",
                "noQCx",
                "uj.|,",
                "*]/QH",
                "l3RQ",
                "W>4%",
                "B.s2N",
                "B`2#X9",
                " t@<",
                "#[T>",
                "Eei6x=",
                "Lsf-",
                "~rPw",
                "ilCj",
                "=(=?",
                "ibVl0",
                "IJ0.",
                "\"='Q",
                "8W'r",
                "q~)-",
                "&|Tk",
                "b>R(",
                "}A#!",
                "S5c{",
                ">JSFzH",
                "\"o=D",
                ",rN}",
                "5u7lZ",
                ";_xN",
                "UHB]w",
                "@w&!",
                "\\WFi",
                "q*/l9",
                "u k:",
                "+Nz,",
                "L*7UR`",
                "<c\\}@",
                "*C>/",
                "kmMQ",
                "<r\"t",
                "^nkt1u",
                "VQ;uleQ",
                "<]#=",
                "s:]i",
                "GV_'",
                "a@xq",
                "ay!*",
                "$Ui[-",
                "{yA>",
                "L#|Z&E",
                "0/~h",
                "VK\\]",
                ",ZA-",
                "T9&V",
                "\\A}f|Z",
                "u6>:",
                "vV4=NA",
                "U.z.,",
                "BbWF",
                "gTw>_",
                "r*BP",
                "LXu8",
                "NpyT",
                "?$t,",
                "<-Pv",
                "{p-e",
                "MO{0dji(",
                "X)6-",
                "~w$VnA",
                ">qH:",
                "-->Q",
                "z:mr",
                "1g@X",
                "<A~<a",
                "m%jr",
                ";z<`",
                "wFrC",
                "]M!^%37$#y",
                "DZI}>#",
                "mbFn *f",
                ",\"qE",
                "O!w\\",
                "ben0",
                "PmbC",
                "KHeO",
                "Fu| ",
                "qDaKq",
                "ilgd",
                "e^RU",
                "yiY^",
                "V[d>",
                "I@k{",
                ";+THr",
                "$K+@",
                "x\"sB",
                ",\\(B",
                "Pg'd,",
                "}gLi",
                "hv$T",
                "8'p=3S",
                "BtEL",
                "5N,5",
                "mYAg3",
                "x7V-v",
                "Aiw4",
                "#9ijI",
                "?O]\\",
                "pWA^",
                ";99D",
                "W;nht",
                "N`|(#",
                "hF4p",
                "=N:{",
                "vUYA{",
                "H=5Y",
                ";)EaPda]D",
                "F25e|",
                "da-^)",
                ">@:P",
                "yLYR",
                ")K%j",
                "&qn#u",
                "nS*+",
                "]0oK",
                "3S7S",
                "{4Cq",
                "vydF",
                "e]YM",
                "4(\\8",
                "PqvH_",
                "#lvn",
                "|d=5",
                "^tv6Z#SG",
                "g/]zy",
                "gob>c",
                "-?G|",
                "WVt\\",
                "]J_(",
                "v6C(:z_",
                "Y\\ 4",
                "%nG:",
                "B^C-",
                "V/F\"X",
                "6Dcuf\\",
                "rRxKfF-J",
                "9d%I",
                "gdl`|",
                "4'mK)",
                "@+EB",
                "e_ :X",
                "as>%",
                "?il]}",
                "@{-B3",
                "Jh?0",
                "|@%8",
                "Z1z$!i",
                "%.v$,",
                "`Hug",
                "6{A+",
                "Em,w",
                "?UCl",
                "WeDR",
                "TN%o",
                "+F\"V",
                "tH|m",
                "Fyo#",
                "cqni",
                "#C*idN<(c",
                "uLrD",
                "M9kX@",
                "\\v\">IqjsWYP",
                "dpO3",
                "Fl?(",
                "Xr-)J",
                "BRH\"n",
                "w|32*4",
                "9{Ut",
                "w1&J",
                "^cS9^",
                "*h/nr",
                "Vlla",
                "S,I6",
                "SCP[",
                "32#m",
                "+vuU",
                "t0q3",
                "%\\hu",
                "U}#N",
                "FSAO)",
                "HIn;6",
                "55e3O",
                "uUqOF*",
                "I23}",
                "4a#!",
                "axeF",
                "vo2tG",
                "N2h@",
                "Jw,l",
                "Z?8(p",
                "w0dcN_w",
                "'76GA",
                "(`#[",
                "^f+=",
                "mIJ@",
                "%@f<",
                ">:`NG",
                "1me2",
                "Vtu_KY",
                ";2{i",
                ")p_;",
                "JPqk",
                "CvOs",
                "`{,i",
                "w{-up",
                "@}B5S",
                "*NZ\"",
                "C>fJ&`",
                "C{r0Ho",
                "EX|%",
                "\\?i|",
                "/wv<",
                "`!Ji",
                "j&/d|",
                "\\W[#",
                ".{/!~D",
                "Ou2*",
                "zyq4",
                "ITuQ",
                "*I(#",
                "SI#5",
                " =fV",
                "j(/D",
                "q$1z",
                "o~kY",
                "RntF",
                "BB;R",
                "5jAu",
                "s~z8",
                "wZ`q1",
                "6:}T",
                "]F:\"`",
                "IB9^y",
                "L='x",
                "&:K:",
                "F+}6%",
                "\"zU#{_",
                "ob\"H,",
                "0m$_a",
                "VK!>",
                "51FA",
                "kkBd",
                "=B']",
                "dx)n",
                "*3a)",
                "WHcE",
                "u,b)",
                "hu]+",
                "/`d<",
                "LDY+",
                "6eP31",
                "r6V+",
                "8-d?C",
                "|/`xHO",
                ":er(",
                "wKVtB",
                "$Rcn",
                "#1Sk",
                "W-4r*x",
                "MGXZ",
                "/NOSU",
                "mz}CdC",
                "ZmkwF",
                ">~X ",
                "dCcrS",
                ">{5q",
                "Y9$!&",
                ":s*ai",
                "NH 3",
                "wu1bp",
                "%\"{2Bj^",
                "@(x5",
                "=&J0qD",
                ".jIL9",
                "U*\\g",
                "GbBp",
                "@7h-CW",
                "j%j_",
                "tA>G",
                "coi1",
                ";e.]",
                "en`a",
                ":jA!",
                "JhIGC",
                "#q55",
                "]E@J",
                "{EUn",
                "mAl#{",
                ",[wJ",
                "c~PFV",
                "-h(?q",
                "rR_j!&",
                ">Wd\"",
                "K<to",
                "E'\\M",
                "<.csL?",
                "guJr",
                "Fi,~",
                "(t3M",
                "OijB",
                "oweY\"",
                "O/.&d1",
                "A$Z?:G",
                "++yn",
                "|zfV",
                "5WUG",
                "T{\\]",
                ";zWi",
                ">f+>$",
                "-/Qu/",
                "uNV2N",
                "?=WtR",
                "x?e:",
                "!L)r?",
                "gv_l",
                "kNITe!",
                ".*zy\"",
                "H& 8",
                "[/?n",
                ":`tt",
                "HfvW+",
                "*fq6",
                "}Ua WY",
                "5}09/",
                "$^!t(",
                "PiP\"4",
                ":mA|B",
                "Iorp",
                "CP'J",
                "7G$D)fT<3",
                "/4J{g",
                "$*iV4",
                "FjG*",
                " \"*P",
                "\"_q|~",
                "arPG&",
                "M7fg",
                "wB'K",
                "NR7in",
                "i)=U",
                "2oIs6",
                "9wkY",
                "Wxih",
                "~pm)",
                "5jqY",
                "m%%M!c",
                "XQsX",
                "V]2b",
                "{&Qk",
                "AfD\\",
                "cr,E~U",
                "cI\\\"",
                "fdU[",
                "G)=T",
                "tBh.",
                "Vk*C",
                "l$l7",
                "W}'2b5F",
                "}H:%",
                "S9~L<",
                "0*$Np6",
                "L^`ZH@",
                "FRx7",
                ".ZJF ",
                "F1z{",
                "yI3>Pj",
                "`X|e",
                "ntX2",
                ",2Ud",
                "ky1x",
                "U\\4d",
                "TAT6",
                "oYSO9",
                "99U[e5pS",
                "=d:x",
                "+`_\"",
                "<x1i ",
                "yehF.w",
                "w-6o",
                "*TK<",
                "!CG<B",
                "vDWm",
                "P>@l",
                "wi+E",
                "QZ)n\\",
                "TF:Z",
                "NHa8",
                "2=d87",
                "p5<sq",
                "0tMM~",
                "*)GB",
                "&wov",
                "2t<I",
                "T@3X",
                "FVnG5",
                "1L+/",
                "=a6DV",
                "):x7",
                "TRm'",
                ",#Re",
                "$Tw*",
                "^{Ak\\i`",
                "Dc=Y",
                "JfFo",
                "1\"h,!:4d|",
                "HwJF",
                "?^8q",
                "vFC9g",
                "=PUz",
                "#/dZ",
                "Jf5w",
                "Icyl",
                "p27V",
                "clXy",
                "x5^>",
                "tG!!\\!A",
                "[Ac=#",
                "AY9a",
                "P\"3le",
                "m5Td",
                "> mk",
                "R&:Zdt-",
                "Y|:x",
                "zm3d,F.",
                "5AE<6rAuYW",
                "\\ uH",
                "T,%ATiK",
                "^xZ2",
                "|Ml[",
                "h/Po",
                "a 5J",
                "21OB",
                "7\\mx.",
                "@0G9",
                "iJ)=",
                "7PZ3",
                "F-|)",
                "{u>5]|",
                "MBQS",
                "mTZK",
                "S71\"",
                "Tj3(X!U",
                "9z.G",
                "3RP.",
                "~Fr&",
                "*:\\e",
                "0{X#z3G",
                "N;c2fI",
                "+.^)<m",
                "YF~jJ",
                "5aA}",
                "\"w$[",
                "\"vae",
                "B^\"'np",
                "a[W^",
                "x}F.L",
                "9.wz",
                "~k0K",
                "C7k<",
                "kdhS",
                "1&tk",
                " i0_I",
                "[3n/|",
                "[.7J",
                "00kR",
                "Z_t!",
                "L))*]n>",
                "'0A3:",
                "5la,",
                "zLpF1q",
                "!OesW",
                ">Ndv",
                "t`bmS",
                "r2^v",
                "z`;C-A",
                "3Iqd",
                "9Ng\\",
                "PZEB",
                "g)UBO",
                "}{M&",
                "Ee_Y8",
                "(Utx",
                "{~QY8",
                "Yp?k",
                "khcd9",
                "ywGL",
                "^\"Jdd",
                "VLIu",
                "Bsbi",
                "fmL*",
                "tO8C",
                "U}t^",
                "OkRY",
                "Qo|0",
                "r-0*m",
                "~KP/",
                "qGslYo^",
                "0?uSM",
                "v!;S",
                "l1K ",
                "7g.(0",
                "'C`W",
                "jqDx",
                "\"&/-",
                "XUcl3",
                ",`/+*J",
                "%= y",
                "{W+`N",
                ":\\T.O",
                " O%H\\",
                "83.[",
                "=4^x4",
                ">GXJ*",
                ";wmK",
                "ZhhDR",
                "o]]!",
                "pGG_",
                ".,k,",
                "t&OZ",
                "-[F}uGh",
                "C_rn",
                "IH05EB",
                "`1+_",
                "j7h.",
                "9)XV",
                "sUi~?",
                "8s}+",
                ">E=5",
                "$:{U]",
                "-f!x",
                "1FF4",
                "kHQq",
                "n,x[",
                "3~,6",
                "xM*P",
                "HMFV",
                ":=7[",
                "hXYC",
                "3{T(",
                "oyEW",
                "vW[EDP",
                "L:\\iD",
                "&.E\"",
                "/Rp}",
                "D1A&L",
                "s|~'",
                "'eUo",
                "W<4E",
                "3\"-o",
                "~I=>dO",
                "m|;q",
                "vU\"~",
                "+g|)b",
                "'gpl",
                "`KV#",
                "xF}eS",
                "y`&^",
                "Fb^/",
                "kn$AO",
                "|X@Q",
                "GoU+",
                "yh'D",
                ")DlK@",
                "4?bA",
                "|P'o",
                "HMS}|;",
                " BIx",
                "*flE",
                "/^$|&",
                "zI;P",
                "}%I ",
                "qAKq",
                "|oWtG",
                "(6_.V6:",
                ";K8%!",
                "T1E4",
                "ckL1F",
                "bG@-",
                "+Ko*",
                "q,]Q0y^M?!",
                "\\c_*{k",
                "Geo]",
                "#~(QZ",
                "$?p:",
                "{~><",
                "`D`V",
                "B:n5",
                "@,T1",
                "iYNm",
                "q+FCz=",
                "|n9qL",
                "j4HL",
                "B>l'j",
                "<1jX",
                "5s|\\9",
                "sIh8h",
                "nq`;",
                "nE-8",
                "2Rh$",
                "&,2<",
                "u?zj",
                "FS&M",
                "dS8:",
                "Fhi:0&",
                "#? <",
                ",=d/",
                "]cuK",
                "I%u5u",
                "\\Y1Vu",
                "m#.'W",
                "0jwl",
                "jDK7:",
                ",gqK",
                "M=NH",
                "6qs5",
                "h'S}4",
                "@\")Oz",
                "nt(Vy",
                "Ie%i",
                "-qntq",
                "\"RVz",
                "-[NG",
                "vSuO",
                "xRmI",
                "FuP2;",
                "ij-7",
                "k5Ee",
                ".EEZ",
                "IaCa",
                "I0jX",
                "G5jOA",
                "2AAP",
                "pQisb",
                "Y%f}",
                "@RB\\",
                "rQng",
                "Di/p%j",
                "~LXv4",
                "`Q_E",
                "6f>{)m",
                "u4a:",
                "_+Rp",
                "g HE",
                ",. u",
                "3_63",
                "!yyA",
                "~HBu",
                "%&5T",
                "o\\:Lc",
                "}~`,",
                "@xwf",
                "YEC$^",
                "S@}R;y",
                "1r]Or",
                "^,)*z",
                "g5=bn",
                "d<}(",
                "bzf}",
                "z`B&",
                "(|bm0#",
                "418l(",
                "%7@q,",
                "sg*D",
                "\\!<c",
                "RL X",
                "?%?;L",
                "uArj",
                "x{&~",
                "y[s+r",
                "[A]j",
                "'Pq~",
                "3rX3",
                "a),w@>+v",
                "Es#U",
                "sd@z",
                "m 2zb",
                "rz !",
                "5o2*n",
                "=]K7",
                "D>cAT",
                "1EGC",
                "Shq0",
                "PuZ!",
                "a--s",
                "e0Yn",
                "~sp&",
                "PTuU",
                "G-VH",
                "lyF2W8",
                "3]c9/d",
                "q@h0",
                ".k%$",
                "\"{%\"",
                ".C1c",
                "=N6Tp",
                "[oNO",
                "p{-4T",
                "0<^Y",
                "s+(`|iw",
                "9k]!",
                "Uv?]",
                " h]_",
                "3.Gm",
                "lVBf",
                "oY;$",
                "R(Czy",
                "mVF4",
                "\"Z59",
                "\"mBP",
                "f=x7",
                "U2BE ",
                "r_Y}`",
                "IX!a;",
                "\\!YD",
                "yK9PG'vr",
                "K;S1",
                ".m63",
                "HP^c{",
                "6 +]T",
                "NEwD",
                "Ro`Z",
                "w7ZK",
                "k}gO",
                "JGL(",
                "RUFs",
                "z$ZP",
                "8wK=",
                "3^8%5u ",
                "48[j",
                "hbLK",
                ")ev\\",
                "9<+Y",
                "b)i*",
                "jv0jpc",
                "pThu",
                "Y]{W",
                "A)#\\",
                "PpE=",
                "s*#xW",
                "!1Hc",
                "Y;m:",
                "I<$U",
                "vEvw@oYx",
                "[;PwJ70&{vc",
                "7mU;C",
                "sQ]\"a",
                " ^tc",
                "t!| 1eHab'pO",
                "hF_&",
                "B#``j",
                "H6lW",
                "HK)Yr",
                " Zr=c",
                "g-P]+",
                "pRT%7h",
                ":2(=",
                "F`A+",
                "^n97",
                " #l0R",
                "[2UZP",
                "CH&HC",
                "a},O\\",
                "JOy.",
                "%h7#",
                "\"zdQd",
                ":rz\\",
                "v\"rC",
                "0%.*",
                "Cypr@",
                "fTWP",
                "Khjz@",
                "gdEI",
                "Hy<\"",
                "pY:i",
                "xNqj",
                "?\\/N",
                "8XGC",
                "W5IV7>k)>%",
                "A 'H",
                "D*4c",
                "[e9Sm",
                " Xa8",
                "Bg4>",
                "eUZe",
                "9|:y",
                "Bq<Xbc,",
                "]HWa",
                "2d!w",
                "sF-R>2",
                "oQ`r^",
                "t> g6",
                "egIn",
                "CPFa",
                "BD0BlW",
                "L0fK",
                "Jc\\;",
                "&ni +",
                "]l>L",
                "(dCK",
                "WGB=l",
                "}x\"-",
                "4GNis",
                "@\"|;",
                "|DAO+D!C",
                "9f}FO)dA1",
                "Y8}9",
                "1Lv^yU",
                "VN 8",
                "`OS'",
                "WNz*",
                "U:z=O",
                "H5Q\\",
                "V-rE",
                "OQ= ",
                "@TFg",
                "^{v\\_a:",
                "2rg-",
                "#9(Pg",
                "_ulq",
                "hFRi",
                "y*79",
                "^.OT",
                "Hw5z",
                "1>h/1$T>",
                "zH9wdH#",
                "Qo!*",
                "&*,L",
                "3\"k{T",
                "o$U~",
                "{jVz#%yfvj",
                "S,d]",
                "CD&8",
                " hW)",
                "@ Rh",
                "!Ah` ",
                ")Z4~",
                "V~.z",
                "!{0e\"",
                "l*eHT",
                "uu6)E",
                ":)dA",
                "UG@/l",
                "~]9$",
                "bY 3T",
                "rk\"*S",
                "!6(J",
                "M&>HK",
                "6]Zr",
                "UTb+",
                "`kBb",
                "{DeEL",
                "4nc']-r?",
                "]541]@",
                "V/F[",
                "&r_(iNh",
                ":+9i",
                "kk=D_",
                "[1;$",
                "W` b,",
                ":gx-",
                ";Br!{",
                "a.GfkP",
                "759rA",
                "iE@n",
                "S6QS",
                "Et\"X9",
                "{48H",
                "R>I/c",
                "LM`F~",
                "&1f<",
                "?(BbQnLT3",
                "(GiJ",
                "ha+L",
                "(,jL",
                "7X6Z",
                "i16y",
                "d+8T",
                "vG7)",
                "hvdB",
                "bad allocation",
                "string too long",
                "invalid string position",
                "Unknown exception",
                " !\"#$%&'()*+,-./0123456789:;<=>?@ABCDEFGHIJKLMNOPQRSTUVWXYZ[\\]^_`abcdefghijklmnopqrstuvwxyz{|}~",
                "CorExitProcess",
                "runtime error ",
                "TLOSS error",
                "SING error",
                "DOMAIN error",
                "R6034",
                "An application has made an attempt to load the C runtime library incorrectly.",
                "Please contact the application's support team for more information.",
                "R6033",
                "- Attempt to use MSIL code from this assembly during native code initialization",
                "This indicates a bug in your application. It is most likely the result of calling an MSIL-compiled (/clr) function from a native constructor or from DllMain.",
                "R6032",
                "- not enough space for locale information",
                "R6031",
                "- Attempt to initialize the CRT more than once.",
                "This indicates a bug in your application.",
                "R6030",
                "- CRT not initialized",
                "R6028",
                "- unable to initialize heap",
                "R6027",
                "- not enough space for lowio initialization",
                "R6026",
                "- not enough space for stdio initialization",
                "R6025",
                "- pure virtual function call",
                "R6024",
                "- not enough space for _onexit/atexit table",
                "R6019",
                "- unable to open console device",
                "R6018",
                "- unexpected heap error",
                "R6017",
                "- unexpected multithread lock error",
                "R6016",
                "- not enough space for thread data",
                "This application has requested the Runtime to terminate it in an unusual way.",
                "R6009",
                "- not enough space for environment",
                "R6008",
                "- not enough space for arguments",
                "R6002",
                "- floating point support not loaded",
                "Microsoft Visual C++ Runtime Library",
                "<program name unknown>",
                "Runtime Error!",
                "Program: ",
                "_nextafter",
                "_logb",
                "frexp",
                "fmod",
                "_hypot",
                "_cabs",
                "ldexp",
                "modf",
                "fabs",
                "floor",
                "ceil",
                "sqrt",
                "atan2",
                "atan",
                "acos",
                "asin",
                "tanh",
                "cosh",
                "sinh",
                "log10",
                "EncodePointer",
                "DecodePointer",
                "FlsFree",
                "FlsSetValue",
                "FlsGetValue",
                "FlsAlloc",
                "bad exception",
                " !\"#$%&'()*+,-./0123456789:;<=>?@abcdefghijklmnopqrstuvwxyz[\\]^_`abcdefghijklmnopqrstuvwxyz{|}~",
                " !\"#$%&'()*+,-./0123456789:;<=>?@ABCDEFGHIJKLMNOPQRSTUVWXYZ[\\]^_`ABCDEFGHIJKLMNOPQRSTUVWXYZ{|}~",
                "HH:mm:ss",
                "dddd, MMMM dd, yyyy",
                "MM/dd/yy",
                "December",
                "November",
                "October",
                "September",
                "August",
                "July",
                "June",
                "April",
                "March",
                "February",
                "January",
                "Saturday",
                "Friday",
                "Thursday",
                "Wednesday",
                "Tuesday",
                "Monday",
                "Sunday",
                "GetProcessWindowStation",
                "GetUserObjectInformationA",
                "GetLastActivePopup",
                "GetActiveWindow",
                "MessageBoxA",
                "USER32.DLL",
                "e+000",
                "GAIsProcessorFeaturePresent",
                "KERNEL32",
                " Complete Object Locator'",
                " Class Hierarchy Descriptor'",
                " Base Class Array'",
                " Base Class Descriptor at (",
                " Type Descriptor'",
                "`local static thread guard'",
                "`managed vector copy constructor iterator'",
                "`vector vbase copy constructor iterator'",
                "`vector copy constructor iterator'",
                "`dynamic atexit destructor for '",
                "`dynamic initializer for '",
                "`eh vector vbase copy constructor iterator'",
                "`eh vector copy constructor iterator'",
                "`managed vector destructor iterator'",
                "`managed vector constructor iterator'",
                "`placement delete[] closure'",
                "`placement delete closure'",
                "`omni callsig'",
                " delete[]",
                " new[]",
                "`local vftable constructor closure'",
                "`local vftable'",
                "`RTTI",
                "`udt returning'",
                "`copy constructor closure'",
                "`eh vector vbase constructor iterator'",
                "`eh vector destructor iterator'",
                "`eh vector constructor iterator'",
                "`virtual displacement map'",
                "`vector vbase constructor iterator'",
                "`vector destructor iterator'",
                "`vector constructor iterator'",
                "`scalar deleting destructor'",
                "`default constructor closure'",
                "`vector deleting destructor'",
                "`vbase destructor'",
                "`string'",
                "`local static guard'",
                "`typeof'",
                "`vcall'",
                "`vbtable'",
                "`vftable'",
                "operator",
                " delete",
                " new",
                "__unaligned",
                "__restrict",
                "__ptr64",
                "__clrcall",
                "__fastcall",
                "__thiscall",
                "__stdcall",
                "__pascal",
                "__cdecl",
                "__based(",
                "SunMonTueWedThuFriSat",
                "JanFebMarAprMayJunJulAugSepOctNovDec",
                "1#QNAN",
                "1#INF",
                "1#IND",
                "1#SNAN",
                "filofebubakexojut",
                "galobakanokusi",
                "vopaxi",
                "negodefivezefulisaw",
                "muhobahodagok",
                "vozizisijocojiviragovabijo",
                "RSDS",
                "c=*`WG",
                "C:\\wolihevibewabu\\nebehagoyuweru\\bekocibameveta35.pdb",
                "GetComputerNameA",
                "HeapCompact",
                "GetStringTypeA",
                "LoadResource",
                "UpdateResourceA",
                "CreateJobObjectW",
                "SetComputerNameW",
                "GetComputerNameW",
                "CreateHardLinkA",
                "GetConsoleAliasesLengthA",
                "GetWindowsDirectoryA",
                "GetVolumePathNameW",
                "GlobalFindAtomA",
                "LoadLibraryW",
                "GetConsoleMode",
                "GetSystemWindowsDirectoryA",
                "GetVersionExW",
                "DnsHostnameToComputerNameW",
                "EnumResourceLanguagesA",
                "InterlockedExchange",
                "OpenMutexW",
                "GetLastError",
                "SetLastError",
                "BackupRead",
                "GetProcAddress",
                "VirtualAlloc",
                "BeginUpdateResourceW",
                "RemoveDirectoryA",
                "SetFileAttributesA",
                "WriteConsoleA",
                "InterlockedExchangeAdd",
                "LocalAlloc",
                "FindFirstVolumeMountPointW",
                "AddAtomW",
                "GetCommMask",
                "GetModuleHandleA",
                "FindFirstChangeNotificationA",
                "GetCurrentProcessId",
                "OpenFileMappingA",
                "SuspendThread",
                "lstrcpyA",
                "KERNEL32.dll",
                "CharLowerBuffA",
                "USER32.dll",
                "SetColorAdjustment",
                "GetDeviceGammaRamp",
                "GDI32.dll",
                "InterlockedIncrement",
                "InterlockedDecrement",
                "Sleep",
                "InitializeCriticalSection",
                "DeleteCriticalSection",
                "EnterCriticalSection",
                "LeaveCriticalSection",
                "UnhandledExceptionFilter",
                "SetUnhandledExceptionFilter",
                "GetStartupInfoW",
                "RaiseException",
                "RtlUnwind",
                "HeapFree",
                "GetModuleHandleW",
                "ExitProcess",
                "WriteFile",
                "GetStdHandle",
                "GetModuleFileNameA",
                "TerminateProcess",
                "GetCurrentProcess",
                "IsDebuggerPresent",
                "HeapAlloc",
                "GetModuleFileNameW",
                "FreeEnvironmentStringsW",
                "GetEnvironmentStringsW",
                "GetCommandLineW",
                "SetHandleCount",
                "GetFileType",
                "GetStartupInfoA",
                "TlsGetValue",
                "TlsAlloc",
                "TlsSetValue",
                "TlsFree",
                "GetCurrentThreadId",
                "HeapCreate",
                "VirtualFree",
                "QueryPerformanceCounter",
                "GetTickCount",
                "GetSystemTimeAsFileTime",
                "HeapSize",
                "HeapReAlloc",
                "GetCPInfo",
                "GetACP",
                "GetOEMCP",
                "IsValidCodePage",
                "GetLocaleInfoA",
                "MultiByteToWideChar",
                "GetStringTypeW",
                "LoadLibraryA",
                "InitializeCriticalSectionAndSpinCount",
                "LCMapStringA",
                "WideCharToMultiByte",
                "LCMapStringW",
                ".?AVlogic_error@std@@",
                ".?AVlength_error@std@@",
                ".?AVout_of_range@std@@",
                ".?AVfacet@locale@std@@",
                ".?AV_Locimp@locale@std@@",
                "Copyright (c) 1992-2004 by P.J. Plauger, licensed by Dinkumware, Ltd. ALL RIGHTS RESERVED.",
                ".?AVtype_info@@",
                ".?AVbad_exception@std@@",
                "                          ",
                "abcdefghijklmnopqrstuvwxyz",
                "ABCDEFGHIJKLMNOPQRSTUVWXYZ",
                "kU'9",
                "HMXB",
                "?Zd;",
                "?/L[",
                "S;uD",
                "z?aUY",
                "D?$?",
                "U>c{",
                "zc%C1",
                ".:3q",
                "-64OS",
                "NKeb",
                ".?AV?$basic_stringbuf@DU?$char_traits@D@std@@V?$allocator@D@2@@std@@",
                ".?AV?$basic_streambuf@DU?$char_traits@D@std@@@std@@",
                ".?AVexception@std@@",
                ".?AVbad_alloc@std@@",
                "6..................................P",
                ".ROOOOOOOOOOOOOOOOOOOOOOOOOOOOOOOOO",
                "ZZZZZZZZZZZZZZZZZZZZZZZZZZZZZZZZZZ",
                "ccccc",
                "ZZO.",
                "O.....Z",
                "ZO.Z",
                "999<",
                ")0[0)",
                "9999",
                "<<<999",
                ".ZX<<<<",
                "c<<9999",
                "<<<<<999",
                "Xccccc<<<",
                "cccc^o*{]",
                "cc|)q#",
                "sAKj",
                "F8HC",
                "ZZZZZZZV)D\\",
                "*)))))))))g8",
                "))))))))",
                ")@@@@@",
                "ccc)",
                ".................)",
                "EN)08sn",
                "Vm999",
                "KZ)z",
                "cB%.",
                "p)e<<9999",
                "<<<<999",
                "j[abvvvvvvvv",
                ")L..........U",
                "llllll",
                "P.;WWWWWWWWWW",
                "...........",
                "YYYYYYYYYYYYYYYYYYYYYY",
                "Bvvvv",
                ",,,,",
                "B,,,m s",
                ".KKKKO#",
                "JJJJJ",
                "7eHkkk",
                "iYYYYYY",
                ":[?_)))))E!",
                "YYYYY-",
                "YYYYYYYY",
                "///////////////",
                "zzzzz($",
                "M/zz",
                "/zz/",
                "ggggg[",
                "Lggg[",
                "/zz/e/",
                "YYYY",
                "/zz/[/",
                "^^YY#&V",
                "/zz/T/",
                "QQ^}",
                "/zz/T",
                "/////",
                "PX/////",
                "zzz/",
                "zzzz/",
                "/////zzzzz/Y",
                "zzzzzzzzzzz",
                "zzzzzzzzzzzz",
                "////o)",
                "}zzzzzzzzzzzzzzzzzzzzz",
                "zzzzzzzzzzzzzzzzzzzzzzzzzzzzzzzzzzzzzzzzzzzzzzzzzzzzzzzzzzzzzzzzzzzzzzzzzzzzzzzzzzzzzzz",
                ">>>>",
                "MMMMMM",
                ">>(+",
                "m>>#+",
                ">>#+M",
                "1$>>1UU]UUa",
                "I>>>1UUUU",
                ">>>>uWWWW",
                "y>>>>>>>>>",
                ">>>>>>>>>>>>>>>>>>>>>>>>>>>>>>>>>>>>>>>>>",
                "~z}~",
                "~}~z",
                "|{z{",
                "~}{|}~~",
                "zy{|",
                "}|z~~",
                "|y}~",
                "z}|}",
                "{}|{y",
                "z}}~{",
                "~yzz|",
                "}{~}",
                "~}|~",
                "{y|{",
                "zz~{{",
                "|}}z~~~",
                "z{}}",
                "{|}{{",
                "}~|~",
                "|}z|~~",
                "|{z~}{",
                "z~|{{~",
                "}|||}",
                "~|{|",
                "{y|~",
                "}{z{",
                "|}~}",
                "~{||",
                "|~|}",
                "|~|~zz}",
                "}}|z|}~",
                "||~~}",
                "}y~|}",
                "}~|}~~{z",
                "~{~z~",
                "}z~}",
                "|}|z}",
                "z~{{",
                "|}{|",
                "z|{|",
                "|~||",
                "}~z~{",
                "{z}||",
                "|}}~",
                "z{}}|",
                "{{~|z",
                "{|zz",
                "z|~}",
                "~~z~~",
                "~}{}}",
                "}}~{",
                "~}}|",
                "{{{}",
                "|~}|~~",
                "|{}z",
                "~~~||",
                "y}|{}",
                "}}|{",
                "~z~{z~",
                "~|~|",
                "|~~{",
                "~y~}z",
                "|}|}",
                "yz{z|",
                "{{}|y}~|~",
                "{{|z",
                "|{|}",
                "~}}z|zz}",
                "}~~z",
                "|zz|",
                "~y}z}|",
                "}|}~",
                "~}z|",
                "|~~~|~",
                "}~}{",
                "{{|{",
                "~~}z",
                "~~~|",
                "{~|~",
                "~{{|||~|}}}",
                "~|~{",
                "{}|}",
                "{~|z",
                "|{{|",
                "}~zz",
                "}}{|",
                "|{{{y",
                "~}~}",
                "~{}}",
                "~~}}}",
                "~{}~",
                "~||~",
                "}|~||",
                "{~z}",
                "~|y{",
                "{|{{",
                "}~~|",
                "|~}{",
                "}{}~}",
                "z}}z",
                "|zy|",
                "~~}|",
                "z}{~",
                "}~z|",
                "~~|{",
                "{||||}}~",
                "~~~~|}",
                "~|~z{",
                "~}{|~",
                "zz~~",
                "|~{|{~",
                "z|}{{|",
                "}~}}|",
                "}y|}",
                "{~z}}",
                "}||z",
                "~~z~",
                "{|}z",
                "z~{{~|~",
                "z}~{~",
                "~~z~||~",
                "}}{}",
                "}~zzz",
                "|}}}z",
                "}{}{{}z",
                "|~~}",
                "y}|~{|",
                "z||{",
                "~{~z",
                "||~z",
                "}zz{",
                "~~{~",
                "|{|~",
                "}{z~",
                "~}|{}",
                "}{~|",
                "}}z}",
                "|{~y",
                "~||~y",
                "{{||}{",
                "||{~",
                "{|{~",
                "}~z~",
                "~|}{",
                "{}{|z",
                "~z~z|{|",
                "Bjjjjj",
                "jjjjj",
                "mscoree.dll",
                "KERNEL32.DLL",
                "         (((((                  H",
                "         h((((                  H",
                "                                 H",
                "kernel32.dll",
                "xuyitobavevomowafega",
                "wtikebicaviwefijuliyuduco",
                "msimg32.dll",
                "pucofapolegis",
                "VS_VERSION_INFO",
                "StringFileInfo",
                "040904E4",
                "OriginalFilename",
                "Garegutis",
                "ProductsVersion",
                "1.3.40.110",
                "ProdeuctionVersion",
                "66.0.12.96",
                "VarFileInfo",
                "Translation",
                "VHefasu keja tiwuburutonow mijofakufas dogikixogovejob yiwaxobu luxedivirevamad hanuletqSatereketemo towacoruru begolijefo cosoge zayeyonumafigo tugih rusutubisamoxe biziramewif napanil royomihadejomejaLeros jiy becocixefej bajupafeluyo helahofuf sexugokixurojol denibumoti baf saxucuhepe satidiribaXRuzuludisuwut bafavixarexarih fofeziloroyeje gojuvihuficozul fev jun fijuney yifoliromez",
                "TefarizedawagfRexazotubico sel rotuxedawowim cevezuful xamewiyenuwaj zocur rabujifujin ruyibid codupagiluvo mabadowo",
                "(Kimahuxexih bulojexod puke fig lejozedax",
                "#Lavuki gefosumabivego higoviyivemuk(Cerabim rezeyijej gebinipepopici yezanag",
                "Fiva mociciza xaka7Bohemulixexined fomekepeleg poxa fifuyadiki nupiresesem",
                "3Zim piregoc sekegazom yuwimohumulelo cakizehufumupu&Vedo fitimedoj daluliy ciwopudax gofix",
                "Kawamilen jevi pucasizeli$Yiruc tajivuh semibic hiwamoruhoguwadKomolu cogonuwo finorakolunifat jigopodupovale nepipo seyacobu pajewapituke vezemofibo kirovoxah pibECeruyufumiy nabu dehurawogafab kitoxaw zamofolof hilib cijanuhepohevu?Legoseh civuxob coruz xamivuzin holi bocudo run hexizitozud suh#Fofucidahewe puronecow fabadokotobuFFir vumokaredin xurizigicef witakibe kunozoxud nakas weraf hahudebojurEVevetikoyu bimec wayusewatolemof runomeg rerafanohacih xiyetud getita",
                "9Wunujupuwiba bopusifaweton jejixiropohu fojosem xicujobed",
                "Suyoyacuw",
                "Hanogasu pavulusu(Cenu yubay lujomizacimifi mewedafaxowuheUBopubicofefa senehahu zevegotobe temiyehelozutu xolo celiselexahixe xacubuzuzu coyowu",
                "Nax com yupupaj valokugizixura",
                "ORakikijaxug rocalucutel xilemofofoxux daceca rayo rirudeniroji rapirewuw givivi",
                "OJuwufajetavo zus yugohesocureba xepireparonuro wojiyajugexurug retigemogum luha",
                "Biguxe wuzimekebar$Wufujit simafo mekikigo ronezihaware",
                "fBob ticowa gadimuvohax gejapezawop sikim zonidoguhiyeris gunacufebimoda humofukuvaj woxujuhibi dizegib",
                "Salofuf",
                "1Dosa wukugehijerulu sepusuyube suf fapenitozilayuLJer hesekoxepig nosenazuya yelu gix rifedawowaninap hif nakagumujasofow rari",
                "Yarafujipu lugagokama",
                "Daceweso fikugixofuheve(Wuwabitoz lahogavo sukezo meligige wunuk6Horow balupofo vak meweteyina payipat ses duluvoducona'Bed xazuca luyak bosazubojobirex pugeje",
                "*Kihejosecamakoh bux damepabomo komuxehumux*Picinowiwupuzig pixizevulo rusowogivedisep",
                "Huwivefusic wecitokitu mosieWuvih kapek yegebaducilog hoyojifotiwe disetubayu rifuvucepogiso huvasufukemiwo wep tozicego zoluvesu:Vugemikocizo lerutuhoh xamudajelazimo fobavilunewalo peren",
                "kZevufevulu sexizunepuyaz lero wegowenoze cogosegagirohi fom wuzasovubabexu diwocat walawokigicuheg namegazu",
                "ISafil tobe kehojemavir bovasusupebitor pijetezugafom tejo tijetotocupatuv",
                "Fusi@Sohunameruguj jakawimeluvip muw gafa havigelir gulilucixubih ves=Gebipoketazup vexajizagahad zuho yipuwa potowezihe xavaxiyituOMarazo cocoluculexu pisipofohevet fapuv pubicaherapo tapitili xumoro yipefulupe",
                "BFag gozokezohe bihehaho baxuyobomovoket sidutus hizobulimah bodisu",
                "Ruzovahifesuj",
                "KobizerigayazehLavubas vasifele lexofirug yel roduwadimek hajezacericis besozejojicaboc cicajiso zuxuzu vapecivigogawavbPuvayumupic sawevape wigohax pejafawi dixoyul hehonohubukasi mov yaceserubixe dafe xututeyujacadil"
            ]
        }
    ]
}