{
    "malware_data": [
        {
            "filename": "0f73dc9673062de7bb486da601791e67e78e9aaae6a1dc5fabbdf5abe5fcc058.exe",
            "filetype": "4D5A9000",
            "filesize": "179KB",
            "hash_sha256": "0f73dc9673062de7bb486da601791e67e78e9aaae6a1dc5fabbdf5abe5fcc058",
            "strings": [
                "!This program cannot be run in DOS mode.",
                ".text",
                "`.rdata",
                "@.data",
                ".rsrc",
                "PWWW",
                "=D B",
                "rh8qB",
                "Qh8qB",
                "95hS",
                "=P B",
                "F;5hS",
                "h(<B",
                "5  B",
                "=t B",
                "QhX<B",
                "hl<B",
                "VWu13",
                "=` B",
                "=8 B",
                "tPxu",
                "_^[]",
                "jXh@?B",
                "YQPVh",
                "0SSSSS",
                "hh?B",
                "=4kB",
                "54kB",
                "SVW3",
                "X 9} ",
                "t/Ht",
                "9] t",
                "=@UB",
                "C YY",
                "-`QB",
                "-lQB",
                "@tH9",
                "%xQB",
                "WWWWW",
                "u+9u",
                "$|!B",
                "t+Ht",
                "PPPPP",
                "=$PB",
                "VVVVV",
                "<v8V",
                "hp(B",
                "8csm",
                "S99t",
                ">=Yt1j",
                "tPVWP",
                "Y[_^",
                "j\"@@",
                "@@Bf",
                "8\"u8",
                "j\\Yf",
                "t$9U",
                "QQSVWh",
                "@@f9",
                "j@j ^V",
                "[j@j ",
                "hT)B",
                "5(kB",
                "50kB",
                "h(@B",
                "t$hT)B",
                "FhpUB",
                "5,kB",
                "hP@B",
                "Y;=x[B",
                "5d B",
                "=$kB",
                "=(kB",
                "=,kB",
                "5$kB",
                "Y__^[",
                "35HRB",
                "9csm",
                "=$=B",
                "t h$=B",
                "hHRB",
                "5HRB",
                "5LRB",
                "hx@B",
                "t&:a",
                "54 B",
                "ueSj",
                "@_^[",
                " VW}",
                "j?^;",
                "_VVVVV",
                "SSSSS",
                "80t.",
                "^WWWWW",
                "SQRP",
                "jdRP",
                "Wj0V",
                "|-;E",
                "0A@@Ju",
                "Fh=pUB",
                "=pUB",
                "to=X\\B",
                "Y_^[]",
                "Fpt\"",
                "=x[B",
                "N+D$",
                "QSVW",
                "h8AB",
                "hXAB",
                "Y_^[",
                "hxAB",
                "hMt@",
                "u,9E",
                "=`mB",
                "oV f",
                "o^0f",
                "of@f",
                "onPf",
                "ov`f",
                "o~pf",
                "0WWWWW",
                "AAFFf;",
                "URPQQh",
                "L$,3",
                "UVWS",
                "[_^]",
                "SVWj",
                "hK~@",
                "SSSSW",
                "@PWV",
                "WVU3",
                "u8SS3",
                "=tpB",
                "9] u",
                "5\\!B",
                "9]$SS",
                "5`!B",
                "t)9]",
                "t\"SS9]",
                "5T!B",
                "5xpB",
                "9] SS",
                ";5`\\B",
                "v$;5|\\B",
                "PPPPPPPP",
                "uaVj",
                "uL9=",
                "wIVSP",
                "FVSj",
                "SVWUj",
                "]_^[",
                ";t$,v-",
                "UQPXY]Y[",
                "r\"9U",
                "9]$u",
                "<+t(<-t$:",
                "+t HHt",
                "hl;B",
                "u;hd;B",
                "u,h\\;B",
                "*hT;B",
                "K<5}",
                "0K;]",
                "95xS",
                "58!B",
                "WWWWV",
                "t<Vj",
                "t+WWVPV",
                "^_[3",
                "%P!B",
                "IHNE",
                "JIA;",
                "5XS#",
                "*q['",
                "N4B83",
                "1NfY",
                "|4cM",
                "ES9v",
                "+2)c",
                "@,vx",
                "t]M#Z>",
                "/D?m%w",
                "z:_Y",
                "T-la",
                "-2}uj]C:w",
                "@o0q",
                "aP'P:",
                "5t]E",
                ")w|]",
                "^Bi\\^ml",
                "D,y~",
                "{u\"h",
                "C3xm",
                "PH+^=",
                "}r?M",
                "bm-G",
                "yBC&h",
                "]9+V",
                "q;\\K",
                "&L7H",
                "nN3[",
                "\\ORq",
                ">xlvFS",
                "h#J\\",
                "ODwZ",
                "_0w!i&",
                "O8JSr",
                "w9wz",
                "M^\"BO",
                "9jKK;!",
                "7GkN",
                "rKh)t",
                "H|#]]",
                "?VbGFQ:k",
                "wM*4",
                "vH9#",
                "3zHR",
                "xY*4lZK#",
                "YwE/_)G",
                "Ib2]b",
                "{>q{{",
                "*To9",
                "<3K;",
                "Z<5]",
                "'Ln5",
                "?|; ",
                "E 2[",
                "Vb h",
                "@GE`X",
                "e\"w!",
                "T~|#",
                " ]Ja",
                "F*Wr",
                "gs]Z",
                "=Za7d",
                "(lK >gR",
                "s`J>Ef",
                "X4i30",
                "zU9y",
                "2z0y",
                "o G5",
                "q(eD&]zB",
                " S_%",
                "ocFv<",
                "O0UYE",
                "eVgq{\"q",
                "%rUp",
                "}u!c",
                "]g4y",
                "u4\"c",
                "UJ=<",
                "aC5a",
                "C[Ju",
                "Agb>mn",
                "{R\"T",
                "FLed",
                "xpI$",
                ".;,8",
                "WM9D",
                "t6jD/~Km",
                "h/Kv",
                "mZ4~",
                "<ALdW",
                "}5qVf",
                "y&1:h",
                "y48@\\",
                "@27Jd",
                "\\\"}:",
                ">:Us_",
                "VB1R",
                "5X;ZH",
                "jqn|",
                "2Z\\~",
                "d:e@6",
                "(Rv.",
                "5P~K",
                "9&B>4)",
                "q@Tu%",
                "htLoi",
                "t~hi",
                "xYGd",
                "me\\[",
                "Ly#:q",
                "zjVx",
                "n+hX",
                "h,Y[",
                "k>!Kd7",
                "BB*- a",
                "L`>-",
                "vw~)",
                "_,0C",
                "26Ak",
                "syY?1C",
                ">m97",
                "SOF^",
                "!Qx/g",
                "Bxg+",
                "7%E@",
                "d,k.{",
                " xf+n",
                "AkZ@",
                "i4n7",
                "|d#p",
                "(lyV2",
                "8*AX",
                "r%;w,",
                "6ry2",
                "Q=Q%JA7",
                "U+Hv",
                ";y\"#",
                "K1aW",
                "!YB6",
                "ZVC}3",
                "NN-l",
                "?NQ{Y",
                "6sph",
                "*ku}b$",
                "tX?T",
                "o)X{'9",
                "HNXI",
                "2bc'",
                "geEL",
                "b{1:p",
                "1q.<",
                "U<e3a",
                "-r-fr",
                "<w^^",
                ".sNf",
                "\\Udl",
                "Ov2-",
                "?#9^",
                "tk{C",
                "/mkW",
                "--6JJ",
                "mQ1rd",
                "Mb1a",
                "`^\\I~T",
                "G0!Y",
                "C#|.Z",
                "40+{",
                "i0</",
                "][S$",
                "rf!c$c",
                "En.SU ",
                "%-(3",
                "x:oZ",
                "/tc9",
                ",I0s",
                "V-`9Y?'",
                "~R)n",
                "(!mK",
                "-FM!",
                "hA$~x",
                "yXj]",
                "a5Jmw",
                "+y8e",
                "b[J(",
                "-HOXB",
                "Ho|\"",
                "@GA#",
                "dwl\\",
                "YLds",
                "1$V7",
                "FTMs",
                "e.K9",
                "`,@V",
                "Jg?2",
                "/jfQ",
                "GS$i|",
                "!k.@",
                "9&Hwu{",
                "V;h<8k']",
                "^%xXE",
                "!!+'",
                "[6ec=",
                "4[;H8",
                "4j*2",
                "'_}j+",
                "u~.M",
                "9Q9>ah",
                "&O0Ca",
                "5BUIl",
                "wWKY&@",
                "e/~XL",
                "h}uJ",
                "U`@X",
                "dO=+h",
                "u&V7",
                "4Iv9",
                "(GL1",
                ";C04",
                "3y^LU%",
                "o d&",
                "c<--",
                "&GMp",
                "5@tY ",
                "qWN]}",
                "rV0w)PB",
                "o,cb<= 1",
                ":\"=U",
                "RJ94",
                ";`>/",
                "<8o{",
                "}7qY",
                "'gT)",
                "p0(+",
                "/nxkBr",
                "QQjr",
                "u>!hh",
                "bYYj",
                "nk+[o",
                "c$lwE",
                "?}h.",
                "v@JY0L",
                "NB]mT",
                "2O3q",
                "-Y[ ",
                "@inu6",
                ";OjCC",
                "GZ9D",
                "O}S3/",
                "}'S0",
                "3CQ%",
                "e5\"w",
                "}g\\sS",
                "DA_kU/",
                "<7KJy",
                "/b7[",
                "`$j]{",
                "LK?v&V ",
                "G\\5r",
                "3!t$wb",
                "hlY0",
                "-p7e:fVx",
                "@_h,K",
                "38&Rp",
                "d(>e",
                ",=&4",
                "0Gx3",
                "(OnY",
                "SJM~",
                "G\"~Fw",
                "crA_c*",
                "x;yVO",
                "HN:0",
                "e_~5",
                "Eox%p",
                "v9+y",
                "Kv^D,",
                "0nJnb",
                "~4pb",
                ":hdTs",
                "!NL6",
                "qGOY",
                "X\"cq",
                "}Fw_w",
                "-6HQ",
                ".)T3",
                "MUBR",
                "V\\<0",
                "G.HB",
                "l>(W",
                "Wg;k",
                "23`wF$",
                "K4~p",
                "j+ 1",
                "Dx;s",
                "T*gF",
                "6jt3",
                "~b=6",
                "!o{h,",
                ":1.w",
                "Ct+4k;H",
                "Og+Jy",
                "cX(H",
                "09Oia",
                "1QhM",
                "cn_,",
                "gu_n",
                "&kHy",
                "_NHR",
                "r>@4)e",
                "enfjo",
                "/wfjo",
                "&kH*",
                "@ #<\\",
                "%YO&",
                "W=A:",
                "6.TV3",
                "wXI#",
                "({bxo",
                "'5w#",
                "grf\"",
                "x[6q.*",
                "*.g`>g",
                "6@5L7",
                "!jg^",
                "~:*W",
                "X=)?",
                "y('VkE",
                "6BC,",
                ">QD:6",
                "z~/k",
                "GS0LgF",
                " ygO",
                "C//a",
                ">z~C7",
                ";>EZ13",
                "mXcf",
                "q$yD",
                "7oLk",
                "Rb>Cmb",
                "7exK",
                "_*k^Dk]",
                "WAU\"",
                "OO_0k",
                "D-Vq",
                "rOozi)",
                "Erg;@ZC",
                ";QXI",
                "+cq{",
                "&X=6%",
                "r#@n",
                ")-*)",
                "W:J1",
                "2W/5",
                "?9%L",
                "pi|B",
                "z5O@m",
                ">9\"{9`[",
                ";g^n",
                "fEm9",
                " }^LK",
                " Qgs1",
                "Uk<N%cN",
                "n2?n",
                "LPgN",
                "!*Vx1)B",
                "P/Au",
                "@*'X*",
                "uDJj",
                "bV@ob",
                "6[Pl",
                ":C%t",
                "3!jH",
                ",6o]",
                "AmUoX",
                "~l&+R|-)",
                "l]9w",
                "09@.;",
                "#Pof",
                "URA|kJk",
                "3;@=",
                "PKiF",
                "Q')l",
                "oT]w=fB",
                "4J[q",
                "2x&x",
                "cHt5Z",
                "\")lUu",
                "R*r{8",
                "owwD",
                ")D:7B",
                "a[R7",
                ";S2S",
                ">]A!",
                "LrJzKwi",
                "L+[]",
                "|d%-",
                "jMsm",
                "_Dyv",
                "hz@3",
                "0DFn",
                "W\"Y]",
                "nQ)c",
                ";lYQ",
                "U t,",
                "!'=7a",
                "duA~",
                "{1@_",
                "@`A\"",
                "ZU|W",
                "k:0@",
                ")D8>>",
                "Qk)os",
                "2b_5",
                ";DZX",
                "phP[",
                "795w",
                "{\"}%",
                ") yZ",
                "$L<3R",
                "!(CK/",
                "j$h |ih",
                ".soH",
                "EWl{y",
                "o.Hv",
                "v0e3",
                "0!$Jb ",
                ">fR<G,",
                "YP@E",
                "&N<JcO",
                "RKMF",
                "RmiAM^",
                "b<ne",
                "4>\"!8",
                "pL#[9",
                "4xDbz",
                "YS]W",
                "71Iq",
                "Y| R",
                "o\\`:",
                "+'DQ",
                "3*i.",
                "~e=Q",
                "r7*K3",
                "qp:m",
                "?~')",
                "Zl[_",
                "n'a^",
                "F^y`",
                "hkX<",
                "GO'Z",
                "?+l02/",
                ")yzh",
                "5[p=",
                "Lh(9'",
                "h|kT!]",
                "HmN[p",
                "}28M",
                ",,M*",
                "1o(J",
                "^12_",
                "9{wP2",
                "6U0[",
                "kv!60",
                " .I9L\"Z",
                "@<k&",
                "b]t1",
                "!bgr",
                "BG 0",
                "]F<t",
                "vPYr",
                "+BA?",
                "BR{L",
                "=24 ",
                "*z ~1",
                "!&Hc[",
                "Q<5x ",
                ",8I{",
                "LJb-",
                "GP;!",
                "$laBg,",
                "-7!o3",
                "f(Sg ",
                ".rvH",
                "2Tl<",
                "k[yIZ8",
                "jwv8",
                "+v];",
                "&B/ej",
                "n;#2.",
                "2TCY;",
                "JKnM",
                "}whEK:",
                "d[&+P",
                "bDl76",
                "_:4g",
                "*%k+",
                "9T}.13^",
                "l}ft",
                "Zyr9",
                "\"}K1",
                "hB.$",
                "1d/n",
                "`T*]",
                "q)&o9",
                "Vh]e",
                "2mLFz`o",
                "uXzs",
                "&b`&e",
                "QP-@",
                "c`;v",
                "6ja>",
                "v^C5",
                "L.\\C",
                "|\" =E",
                "},@1",
                "%Jju",
                "O0WZ",
                "TK$,4Hf7",
                "Za'L",
                ">`<`?M",
                "'WyR",
                "R!qLgd",
                "bx-{M",
                "1Oi8",
                "i}:}",
                ".\"\\!",
                "#*39`",
                "PS`r",
                "#8jN#",
                "[lr<",
                "f}|:",
                "Yq;u",
                "'4)`[",
                ":n'v",
                "~JsK",
                "TMA1",
                "KXSP",
                "[c-u",
                "hqG9",
                "x+W8",
                "<WRT",
                "e${ey",
                "@k!r",
                ",TC>[",
                "`@%M",
                "r Wr",
                "bzI3",
                "\\}g~i",
                "WbF!",
                "(v1^d",
                "mhL{D",
                "kFtI",
                "yBI*",
                "?h&6",
                "_:U,",
                "4?W`\"",
                "j<R59R",
                "IH2~@i",
                "ZE#k",
                "-s(a5",
                "QAyh",
                "s.QZ",
                "1iYE",
                "<]>0",
                ")5Gw",
                "]86R",
                ")P\"R",
                "\\t3a",
                "`{<'YQ",
                "658{",
                "nLyX",
                "-$N]",
                "L$YR;",
                "{IZ#",
                "Razm",
                "$V9W",
                "#q]Wz",
                "kFq)_",
                "$\"sC ny",
                "!'>b",
                "8_4~",
                "E;Y`",
                "|4$r",
                "t1_oUjK",
                "gemk",
                "Y\\L,",
                " fof",
                "0ib/",
                "cnL,Y4y",
                "L|0u5",
                "1{k ",
                "6!nH",
                "\"][B",
                "Ssq`?",
                "-3e@",
                "3r_b",
                "'!:+=",
                "IwRc",
                "94EB).",
                ",_c(",
                "AfFqO",
                "e}N]",
                "56eI",
                "p>;_",
                "G\\Nn",
                "NuBZCkA",
                "{up`",
                "?,6R",
                "%ym/",
                "'I)+",
                "j=]K?",
                "JpC1U",
                "7mw&",
                "]HQ-",
                "-(up",
                "(]cB",
                "2O8y",
                "dP)>",
                "-\"8}",
                "nDB<#",
                "Z?{!EL",
                "@Q,T",
                "hIVU/",
                "bXal",
                "iD8w",
                "!g>6",
                "j8CK",
                "Rf%h'",
                ".v>i",
                "%^\\m",
                "6|eMgUI",
                "UiNZ",
                "*Yn$rb8",
                "XC]m",
                "2GmnN",
                "_=@ ",
                "`cI@",
                "j;V<",
                "5w:_b",
                "gB8IwD",
                "!:Zd`",
                "<9#>6",
                "W,0;",
                "p@.r",
                "@(Va",
                "<U+'",
                " #0V",
                "`jp`",
                ",|k30,+",
                "%AEjJI",
                "?dH<",
                "ph-=!\\",
                "uw,M",
                "c\\@y934",
                "HJW_",
                "&=M*",
                "2q*m",
                "sRG`",
                "#fL!",
                "uT|C!E>E",
                "PwSG",
                ">4^~|<",
                "\"XNj",
                "6HL^",
                "(]7s3",
                "9O'!",
                ")JUT",
                "t&?It",
                "B\\#Vy3",
                "{Vu.",
                "}b(a",
                "EQbO",
                "I}<R#!",
                "xR1f",
                "M!:R",
                "#lN%",
                "}9*1q{",
                "[m M",
                "g7G\"",
                "IFV'",
                "Q4.`}",
                "VDD|",
                "tY\\/F",
                "Z}N{9",
                "vGHVE",
                "h(M5",
                "K>x4",
                "%`E{=?J",
                "}NMu",
                "r:_m",
                "r$\\KI",
                "::EEQ!|&s/n",
                "$qF&",
                "6(p,",
                "E*z4",
                ">zAx",
                "VPvth__",
                "|qfP",
                "351#Fu@@",
                "=dJN",
                "O8xf",
                "!,[R",
                "u]l1",
                "r\"xmw",
                "/MfZ",
                "Q\"Kj",
                "X.h>",
                "kl;k",
                "1MRX",
                "5AL$",
                "H7*)",
                ")r! g",
                "~N*e",
                "WKG4",
                "wyU)I",
                "%@qg",
                "5#a8",
                "y8\\x@",
                "46a,SG",
                "5mkE",
                "^@jg",
                "xMN<",
                "(o#V",
                "?&[y",
                "G3W ",
                "l?JG",
                "C)/z",
                "yP=k=",
                "^T8v/",
                "'EoLr@",
                "RUKehK?.)\"",
                "n?jFe.",
                "WBJZS",
                "8V}5",
                "t{~2d",
                "n,xf",
                "^czo",
                "6E!5u",
                "ApmS",
                "\"`2gQ",
                "}h}&",
                "Iue-",
                " Rq\"",
                "J#p_",
                "WDj`A",
                "gn=8;",
                "{eQac",
                "7MtP",
                "6H$(",
                "Cr}G",
                "5(KW",
                "viC%",
                ",eFc",
                "!BU@",
                "Z+Ox",
                "}>:8",
                "+tdz",
                "&f\\0",
                "Xn+1",
                "]KX<",
                "JaOW",
                "(,wk",
                "/]cC",
                "^l&D",
                "0%0-",
                ")7'W",
                "6V!T",
                "4?_]",
                "3{byj",
                "9Me|]}",
                "Sm^L",
                "./|X",
                "bLO&",
                "~1f?",
                "#_sp",
                "i~'q6L",
                "a%&d",
                "_>3J",
                " vU=",
                "01@,",
                "AW5d",
                "j-y\"6w",
                "a4HG",
                "2+Ia",
                "0j(:",
                ")>A0",
                "[UIokr",
                "?^up",
                "3Wjv(",
                "\"ILv",
                ";2\"&",
                "h0dW&",
                "##I,",
                "SHwTv\\",
                "X/0R",
                "XCp+",
                "w4MD",
                "grW2",
                " $&M",
                "'8h4",
                "qqG,",
                "J2lO",
                "n|hDJ",
                "ao6'!15",
                "[e5Lj",
                "Ni:9",
                "F!/l",
                " {t-g",
                "]q{Q",
                "wU+1",
                "pjJL",
                "9.wXY",
                "ciw#",
                "t }'e",
                "}yKr",
                "V[nv",
                "z(kE",
                "}w&(w",
                "v,RU",
                "mL[.",
                "6~x#",
                "7WGr",
                "N\".S",
                "\\zH#.",
                "yp|@",
                "G~2~",
                "^Os]",
                "oR|w%",
                "/3b[",
                "RdwE",
                "Z$^D+",
                "2.#<",
                "tV1;",
                "fhY&+JGa",
                "`\\$d#",
                "bm5T",
                ".2~J",
                "oBd)",
                "{(5#",
                "%wY~",
                "c32`",
                "V!]^z",
                "vwQr/",
                "/z=a&",
                "d+GS",
                "T}+9",
                "8cTf?",
                "` SG",
                " :nQ",
                "0)lK",
                "N{L)",
                "GK@x",
                "t#@^",
                "oZ<W",
                "p~6r",
                "\"c!C",
                "L{jo",
                "?3oQS",
                "vp( :",
                ">Oi|A",
                "b*HM6",
                "as64F",
                "|c7N",
                "r3/y",
                "d]L!)",
                "n:1P",
                "r:Fd",
                "x@p*",
                "Jdmf",
                "7ucMr",
                "l-DH",
                "hktG",
                "eh;f{h]",
                "[7cB",
                "8j9J6",
                "5eF/",
                "d7J[",
                "}0P\"",
                "8V]m",
                "p/z ",
                ":=_.M",
                "m{]By0",
                "fR. ",
                "<Lu2",
                "}C_T<Ts",
                "sFX!",
                "UJ<i",
                " JKl",
                "^7^3",
                "h8cK",
                "(:J:9",
                "tZ#&",
                "GN~n",
                "]rAD",
                "]kuK",
                "jI{.",
                "{d\\p",
                "r'#3_",
                "S-OD",
                "4p?s",
                "e6&&;",
                ":vVO",
                "[$y$`",
                "2HsaQs(",
                "[`K9",
                ",ly3",
                "{x,W`$.",
                "YtF^",
                "Af?%R",
                "I8l ",
                "=AAWE",
                "ePyV",
                "Nk|!pMB",
                " .22U",
                "L4@5",
                "~Ue-",
                "DCA6I",
                "O}{lr",
                " uc'@",
                "i-E\\",
                "\"8dk=",
                "~z_n",
                ">Y+a",
                "_!!Lu",
                "?U^,",
                "Pm[|",
                ",*v.",
                "(%vO",
                ">$?\"",
                "M3w-",
                "OXF<e",
                ":XD!UQ",
                "kd;<$",
                "A[K|+",
                "U)TUTx",
                "#XRQ",
                "{i mm",
                "1[V#D;",
                "o+'6",
                "#=+I=",
                "E>I$",
                "bdAL",
                "~RJ[+",
                "\"^.< ",
                "{|i?P",
                "J_[BGlz",
                "q[uxz",
                "@3#l3>",
                "[ d+",
                "F!k:",
                "n/cX|6",
                "8<9|v*",
                "28u`",
                "@rl7OG",
                "[:Ca",
                "*5=v",
                "RDZ[",
                "~hG+=q0h",
                "F^;n",
                "mTt_t^",
                "e$%^",
                "j8Z)",
                "Te%&l",
                ";!T ",
                "0h:g",
                "?C5;/",
                "[-GAK",
                "qUP>",
                "}dWvw4 ",
                "QQSVWd",
                "@_^]",
                "=MOC",
                "=csm",
                "h`BB",
                "~SSV",
                "~@;H",
                ">csm",
                "h(CB",
                "taSV",
                "YYPV",
                "t)SV",
                "hHCB",
                "Hu4j",
                ">MOC",
                "s[S;7|G;w",
                "9>u&",
                "YYh4=B",
                "hdCB",
                "tR99u2",
                "r,9Y",
                "@_^[]",
                "bad allocation",
                "Unknown exception",
                "?p>B",
                "_nextafter",
                "_logb",
                "frexp",
                "fmod",
                "_hypot",
                "_cabs",
                "ldexp",
                "modf",
                "fabs",
                "floor",
                "ceil",
                "sqrt",
                "atan2",
                "atan",
                "acos",
                "asin",
                "tanh",
                "cosh",
                "sinh",
                "log10",
                "CorExitProcess",
                "runtime error ",
                "TLOSS error",
                "SING error",
                "DOMAIN error",
                "R6034",
                "An application has made an attempt to load the C runtime library incorrectly.",
                "Please contact the application's support team for more information.",
                "R6033",
                "- Attempt to use MSIL code from this assembly during native code initialization",
                "This indicates a bug in your application. It is most likely the result of calling an MSIL-compiled (/clr) function from a native constructor or from DllMain.",
                "R6032",
                "- not enough space for locale information",
                "R6031",
                "- Attempt to initialize the CRT more than once.",
                "This indicates a bug in your application.",
                "R6030",
                "- CRT not initialized",
                "R6028",
                "- unable to initialize heap",
                "R6027",
                "- not enough space for lowio initialization",
                "R6026",
                "- not enough space for stdio initialization",
                "R6025",
                "- pure virtual function call",
                "R6024",
                "- not enough space for _onexit/atexit table",
                "R6019",
                "- unable to open console device",
                "R6018",
                "- unexpected heap error",
                "R6017",
                "- unexpected multithread lock error",
                "R6016",
                "- not enough space for thread data",
                "This application has requested the Runtime to terminate it in an unusual way.",
                "R6009",
                "- not enough space for environment",
                "R6008",
                "- not enough space for arguments",
                "R6002",
                "- floating point support not loaded",
                "Microsoft Visual C++ Runtime Library",
                "<program name unknown>",
                "Runtime Error!",
                "Program: ",
                "EncodePointer",
                "DecodePointer",
                "FlsFree",
                "FlsSetValue",
                "FlsGetValue",
                "FlsAlloc",
                "e+000",
                "GAIsProcessorFeaturePresent",
                "KERNEL32",
                " !\"#$%&'()*+,-./0123456789:;<=>?@ABCDEFGHIJKLMNOPQRSTUVWXYZ[\\]^_`abcdefghijklmnopqrstuvwxyz{|}~",
                "GetProcessWindowStation",
                "GetUserObjectInformationA",
                "GetLastActivePopup",
                "GetActiveWindow",
                "MessageBoxA",
                "USER32.DLL",
                " Complete Object Locator'",
                " Class Hierarchy Descriptor'",
                " Base Class Array'",
                " Base Class Descriptor at (",
                " Type Descriptor'",
                "`local static thread guard'",
                "`managed vector copy constructor iterator'",
                "`vector vbase copy constructor iterator'",
                "`vector copy constructor iterator'",
                "`dynamic atexit destructor for '",
                "`dynamic initializer for '",
                "`eh vector vbase copy constructor iterator'",
                "`eh vector copy constructor iterator'",
                "`managed vector destructor iterator'",
                "`managed vector constructor iterator'",
                "`placement delete[] closure'",
                "`placement delete closure'",
                "`omni callsig'",
                " delete[]",
                " new[]",
                "`local vftable constructor closure'",
                "`local vftable'",
                "`RTTI",
                "`udt returning'",
                "`copy constructor closure'",
                "`eh vector vbase constructor iterator'",
                "`eh vector destructor iterator'",
                "`eh vector constructor iterator'",
                "`virtual displacement map'",
                "`vector vbase constructor iterator'",
                "`vector destructor iterator'",
                "`vector constructor iterator'",
                "`scalar deleting destructor'",
                "`default constructor closure'",
                "`vector deleting destructor'",
                "`vbase destructor'",
                "`string'",
                "`local static guard'",
                "`typeof'",
                "`vcall'",
                "`vbtable'",
                "`vftable'",
                "operator",
                " delete",
                " new",
                "__unaligned",
                "__restrict",
                "__ptr64",
                "__clrcall",
                "__fastcall",
                "__thiscall",
                "__stdcall",
                "__pascal",
                "__cdecl",
                "__based(",
                " !\"#$%&'()*+,-./0123456789:;<=>?@abcdefghijklmnopqrstuvwxyz[\\]^_`abcdefghijklmnopqrstuvwxyz{|}~",
                " !\"#$%&'()*+,-./0123456789:;<=>?@ABCDEFGHIJKLMNOPQRSTUVWXYZ[\\]^_`ABCDEFGHIJKLMNOPQRSTUVWXYZ{|}~",
                "HH:mm:ss",
                "dddd, MMMM dd, yyyy",
                "MM/dd/yy",
                "December",
                "November",
                "October",
                "September",
                "August",
                "July",
                "June",
                "April",
                "March",
                "February",
                "January",
                "Saturday",
                "Friday",
                "Thursday",
                "Wednesday",
                "Tuesday",
                "Monday",
                "Sunday",
                "1#QNAN",
                "1#INF",
                "1#IND",
                "1#SNAN",
                "SunMonTueWedThuFriSat",
                "JanFebMarAprMayJunJulAugSepOctNovDec",
                "sulabuwaxase",
                "tobefazulijatigapo",
                "bad exception",
                "RSDS",
                "C:\\rihoxozoz32\\cefiwopixe\\joduzeharayi_45\\jerulod.pdb",
                "GetComputerNameA",
                "GetNativeSystemInfo",
                "FindFirstChangeNotificationW",
                "WriteConsoleOutputCharacterW",
                "GetConsoleAliasesLengthW",
                "GetLocaleInfoA",
                "WriteConsoleOutputCharacterA",
                "InterlockedDecrement",
                "QueryDosDeviceA",
                "InterlockedCompareExchange",
                "SetComputerNameW",
                "GetComputerNameW",
                "GetTickCount",
                "VirtualFree",
                "GlobalFindAtomA",
                "LoadLibraryW",
                "SetCommConfig",
                "SetConsoleMode",
                "GetWriteWatch",
                "WriteConsoleW",
                "SetComputerNameExW",
                "SetThreadPriority",
                "GetStartupInfoW",
                "GetLastError",
                "SetLastError",
                "GetProcAddress",
                "VirtualAlloc",
                "InterlockedExchangeAdd",
                "LocalAlloc",
                "CreateHardLinkW",
                "TransmitCommChar",
                "AddAtomW",
                "FindFirstVolumeMountPointA",
                "GetModuleHandleA",
                "IsDebuggerPresent",
                "GetStringTypeW",
                "GetCurrentProcessId",
                "SetFileAttributesW",
                "DeleteFileA",
                "lstrcpyA",
                "KERNEL32.dll",
                "StrokeAndFillPath",
                "GetCharABCWidthsFloatW",
                "GDI32.dll",
                "SetKernelObjectSecurity",
                "ADVAPI32.dll",
                "ShellAboutA",
                "SHELL32.dll",
                "UnhandledExceptionFilter",
                "SetUnhandledExceptionFilter",
                "HeapAlloc",
                "HeapFree",
                "RaiseException",
                "GetModuleHandleW",
                "Sleep",
                "ExitProcess",
                "WriteFile",
                "GetStdHandle",
                "GetModuleFileNameA",
                "TerminateProcess",
                "GetCurrentProcess",
                "GetModuleFileNameW",
                "FreeEnvironmentStringsW",
                "GetEnvironmentStringsW",
                "GetCommandLineW",
                "SetHandleCount",
                "GetFileType",
                "GetStartupInfoA",
                "DeleteCriticalSection",
                "TlsGetValue",
                "TlsAlloc",
                "TlsSetValue",
                "TlsFree",
                "InterlockedIncrement",
                "GetCurrentThreadId",
                "HeapCreate",
                "QueryPerformanceCounter",
                "GetSystemTimeAsFileTime",
                "LeaveCriticalSection",
                "EnterCriticalSection",
                "HeapReAlloc",
                "GetCPInfo",
                "GetACP",
                "GetOEMCP",
                "IsValidCodePage",
                "LoadLibraryA",
                "InitializeCriticalSectionAndSpinCount",
                "RtlUnwind",
                "LCMapStringA",
                "WideCharToMultiByte",
                "MultiByteToWideChar",
                "LCMapStringW",
                "GetStringTypeA",
                "HeapSize",
                ".?AVexception@std@@",
                ".?AVtype_info@@",
                "                          ",
                "abcdefghijklmnopqrstuvwxyz",
                "ABCDEFGHIJKLMNOPQRSTUVWXYZ",
                "kU'9",
                "HMXB",
                "?Zd;",
                "?/L[",
                "S;uD",
                "z?aUY",
                "D?$?",
                "U>c{",
                "zc%C1",
                ".:3q",
                "-64OS",
                "NKeb",
                ".?AVbad_exception@std@@",
                "[[[[[[[[[[[[[[[[[[[[[[[[[[[[[[[[[[[[[[[[[[[[[[[[[[[[[[[o",
                "u[[[[[[[[[[[",
                "zzzzzzzzzzzzzzzzzzzzzzzzzzzzzzzzz",
                "u[[[[[[[[[z",
                "[[[[[[[zz",
                "KKKKKKKKKKKKKKKKK^",
                "[[[[[z",
                "[[[[[o",
                "(((;",
                "[[[[[",
                ";;(((",
                ";;;\"(((",
                ";;;;(;;",
                "\"\"\";;;(((",
                "\"\"\"\"",
                ";;(((;",
                "\"\";;;;((",
                "F\"\"\"\"\";;;",
                ",FFFF",
                ",,FFFF",
                "gwwwMM ",
                ",,,FF",
                "M |T",
                ",,,,,",
                "-+,,,",
                "********",
                "--,-,,,,FFF",
                "((((;",
                ";;;(((",
                "00000000",
                ";;;((;",
                "00000]",
                "C\"\";;;;(((",
                "{\"\"\"\";;;((,-\\o[[[[[",
                "pppppppp",
                "z[[[[[[",
                "[[[[[[[[[",
                "oX[[[[[[[[[",
                "X[[[[[[[[[[",
                "L[[[[[[[[[[[[[[[[[[[[[[",
                "~[[[[[[[[[[[[[[[[[[[[[[[",
                "N-8-8-8------",
                "[[[[[[[[[[[[[[[[[[[[[[[[[u",
                "[[[[[[[[[[[[[[[[[[[[[[[[[[[",
                "k&[[[[[[[[[[[[[[[[[[[[[[[[[[[[[[[[[[[[[[[[[[[[[[[[[[[[[[[[[[[[[[[[[[[[[[[[[[[[[[[[[[[[[[[[[[[[[[[[[[[[[[[[[[[[[[[[[[[[[[[[[[[[[[[[[[[[[[[[[[[[[[[[[[[[[[[[[[[[[[[[[[[[[[[[[[[[[[[[[[[[[[[[[[[[[[[[[[[[[[[[[[[[[[[[[[[[[[[[[[[[[[[[[[[[[[[[[[[[[[[[[[[[[[[[[[[[[[[[[[[[[[[[[[[[[[[[[[[[[[[[[[[[[[[[[[[[[[[[[[[[[[[[[[[[[[[[[[[[[[[[[[[[[[[[[[[[[[[[[[[[[[[[[[[[[[[[[[[[[[[[[[[[[[[[[[[[[[[[[[[[[[[[[[[[[[[[[[[[[[[[[[[[[[[[[[[[[[[[[[[[[[[[[[[[[[[[[[[[[[[[[[[[[[[[[[[[[[[[[[[",
                "3^^^^^^^^^^^^^^^^^^^^3",
                "ddd***********d^",
                "AAAAAAAAAA",
                "2AAAAAAA",
                "AAAAAAA",
                "UAAAAAA",
                "AAAAA",
                "AAAA0",
                "AA0f",
                "MMMMM6",
                "AAAAAAAAAAA",
                "AAAAAAAA",
                "///////////////",
                "EEEEEEEEEEEEEE",
                "gggggggg",
                "/9/KXXXX",
                "/J/EMM",
                "/J/jEE",
                "/////",
                "J2's",
                "ccccccc",
                "/////=",
                "/X000000",
                "////#",
                "|||$$$$$$",
                "0,OO",
                "0,,,",
                "$,,O",
                "vhhhhh",
                "tIt+",
                "|~~{",
                "}~|{}",
                "{~~|",
                "}~|~",
                "|}z~",
                "||~|",
                "||}}",
                "~zz{",
                "{{|}",
                "||{|~",
                "{~{}",
                "|}~z|",
                "{|~z~",
                "~}~}~",
                "}}~z",
                "}z~~{~",
                "||~~",
                "{|y|",
                "~}~z{",
                "~}~~~z}",
                "~{{|~",
                "{z||",
                "}{z{",
                "|{~|",
                "{}||}~~",
                "|y||",
                "|{{z",
                "{y{}",
                "{|~~",
                "||~y|",
                "|~~z",
                "~}z{{",
                "zy}y",
                "yy|}",
                "~{~}",
                "{|y~|",
                "}}}}",
                "||z~",
                "{~}|",
                "zy}~~",
                "y||~",
                "|}~{zz",
                "~{}z",
                "|{z|}",
                "}y|~",
                "~~}z",
                "}{~|",
                "}|{~",
                "z}|}}",
                "|yz~}|",
                "}|~|",
                "|~}|",
                "{|y~",
                "}|z{",
                "||}y",
                "z{z~z|",
                "|{|}z",
                "~{~~",
                "|~{{",
                "{}|{",
                "|~}~",
                "{z~|",
                "z|{||",
                "~|~z",
                "~{{z|",
                "~}|{",
                "~~{{",
                "|y~{",
                "}|~}}~}~{",
                "{}~~|",
                "|{}{",
                "|{|}{",
                "{~{~",
                "zzz}",
                "~|~}",
                "{|~|",
                "~|}~~",
                "z|}{",
                "}|~z",
                "y|}}z",
                "|{z~|",
                "{~~y",
                "}~{~",
                "|||z",
                "|{}|",
                "~}|~",
                "|||{~",
                "|~{|",
                "||}{",
                "{}z{",
                "|{~y",
                "zz|y",
                "}z}}",
                "z{{{~|~~",
                "{z~}",
                "{{}||{{",
                "~{}~}}",
                "}||~",
                "yz{|",
                "~{z}",
                "zz{|",
                "}|z}",
                "{}}}",
                "{~|{z{",
                "z~{}}~",
                "~{}{",
                "{}z}{",
                "|z||~",
                "z~~||}",
                "~|}}",
                "}z{~|",
                "{|~|{",
                "|{y{",
                "~||z}",
                "~}z|",
                "zz}z",
                "|~~~",
                "~~y~",
                "z~{~",
                "}|}z~",
                "}~~}",
                "}~~|",
                "{~~z",
                "}~}{|",
                "{~z~{~",
                "{~~}",
                "|||}z",
                "{{|}~",
                "|{~}",
                "}}~~",
                "||||",
                "|z~|",
                "{{~|",
                "|z||",
                "~~}~",
                "~}~~}~",
                "{~||",
                "|~{}}",
                "~}~y{",
                "~{~{",
                "z~}~z",
                "}~|{{",
                "y|z|",
                "~|~{",
                "y|||",
                "~}z~",
                "{~z}{",
                "~{{}",
                "{|y}",
                "~~{{~|",
                "Bjjjjjj",
                "Bjjj",
                "jjjjj",
                "mscoree.dll",
                "KERNEL32.DLL",
                "         (((((                  H",
                "         h((((                  H",
                "                                 H",
                "kernel32.dll",
                "gimufosuyifo",
                "bakaxeboladexubakotuxo",
                "bisuxidajahir",
                "kagukokepididojidadagab mides",
                "msimg32.dll",
                "giyefurefotonigukefezofokalapo",
                "VS_VERSION_INFO",
                "StringFileInfo",
                "042904E2",
                "OriginalFilename",
                "Negative",
                "ProductName",
                "Same",
                "ProductVersion",
                "24.91.30.15",
                "VarFileInfo",
                "Translation",
                "Zavoj sep@Xesicupajor dasuj dahi wepijevakupayon fapumabunem zevatenodenokMVowodexe zuruyoni vexasuseruhogi cowajimoc surerod yajapuwasu nek rutubunuloj!Fotuwiduzuviri xej hobupenakosuvo",
                "TelVDaxevulumena deluho nixojuxinitiwu woxefaniwuxire nojirusagecajer ciruvepakux xepubaze",
                "&Nakoda bomiga dezojulomaj joxahav luca",
                "Betoyujihu[Mawonesuje vuzitisutumisel towipow sug povikohem yununax hal satakiteje salafifutu kowuvilo*Pudekedova sarihusepiverib xapakukosuhobic8Kopakifowehuwu decohu huvesoxiyugun poha xolaxuxukebuwec",
                "^Jetobokalepex kazuruja yesexozob wovecofayajinu puciwopolevewu mevopo wariyarori lov peyevuxuhcWayubar tikawateweb tis bamakego toluleluruja tiha febisefebez taramegihutes megonufocexuxuz wopizifGapucil genukoguzasokur cegujuma wole kanov dosivam memojayepino fajebajayifoxi zeralaxos zuheyijowuho",
                "Borijipuk jawasu[Tanedafofatetej ven cuheyiyaguwut gese mihamekuxuhewu kagibubi mir rejipizipa zuzedayitewor",
                "Wuy wilezawat luwo yomovoODidula saxidimucifeduh rutexusufitup wihixubatuno vonez jol bupa moxigap cihucaEGegew gahimetetufu gidupilaxeca suhega ducitusewu cunaroweg pigo fesa",
                "NefuganawiTVupavugivaxak pivizexuzuliyeb rulikotusenaxo wiror woxijagu cakige suyag mizojoxuxih",
                " Tesote jirawegejehe bawegocadato",
                "Xaduxogeh ritu gujevuded",
                "Vufamawoho nozamaperobus xelifu(Xijasazavuy yopotogejipudu zojotewa gima5Fajoj kiwoje kajod hetak didobofijapuna dago pizahebi]Fabudapinojofu yotefopawewavu cosaxovigeleje pul gadabex howayahepot nolaz hiz lajayokivifikiIRok dazikijub helokujuromek fefasemobuwoyu yoni funov gap susotuhu kezimo1Lubepabacacase xutuvexih rokolizarujamoz lowaritiWCexop sisofalozo rotu wopuxibokowaf lepaz cijutozudusoye cafategamanace royawega mofuju7Zacokiwamogaz geh lepuhi tanozexozem yerobomovoguy tipabGaxocarodut kesedajile geta kilicuzatah xutarezuvu peholazo zinusezulabi henaraditiw cesaroyiz yag",
                "Katenikonarezum banundRiducijo yilotacoh vimofotobabeka lazodegemoxo wunekeyeko pafup teyusezol hosinetajena ropilabapediy",
                "XekeboZXewicuxu zeba racudivon gedic yejig kekasoyucejere zoseyo befizebutuz goxe negicosezixowalCYumoxinijeb xamujipoceko vuxixoc nedowimopenotu bojuferu xipovobuxi",
                "Ponatiwuwip\\Gayiloxilox tafopelobeciva dudezufela fom gefisuco risabedokig zanasipegovap cimuw zomahekak",
                "Hibetey lubib yipi dosomiwezot",
                "Yigipoxila zun habiyitelXPepepozan gegicobikep vuzopofujezusu setihaso vubom cegodobizuzi bojidite biz kuzafacuye",
                " Cilidaxogimina zufefupayovag xodwNuhefasij wivihonegapa wicuvunejugiy yamomef zalocerud nahizexo behijuxubomofey jofaganizit jixiluzujiderol leyakopesud4Pavoriterexafo fag lijisebak vap fiyofa rapabilazova`Gujalozuded vepadobavebasev walarotapetomat xivudu fulexehorogepi zihuduxeha joyiz lulutunazemot",
                "Kic foyekupojil"
            ]
        }
    ]
}