{
    "malware_data": [
        {
            "filename": "944035b2dc54907819cf64c2b8c2acc0771485ebe1ac229f47fd8fdcaff5cbb1.elf",
            "filetype": "7F454C46",
            "filesize": "43KB",
            "hash_sha256": "944035b2dc54907819cf64c2b8c2acc0771485ebe1ac229f47fd8fdcaff5cbb1",
            "strings": [
                "HFu8sfga",
                "M (40",
                "8M@H4P",
                "XM`h5p",
                "v_D4",
                "s{+[[",
                "+CWv",
                "WE&{7k",
                "5C3xc",
                "[c0;n",
                "P4{o+",
                "?|K s+",
                "* J'",
                "w`+$",
                "?|&CB",
                "/i}'",
                "/7;+",
                "Er+F",
                "0aOQ",
                "u `Wr",
                "'zG?",
                "?SoO",
                "7jCp",
                "j#03B_",
                "Z/PX",
                "P30I",
                "COR\"D",
                "\"%GCk",
                "pZ{!S",
                "4`+p",
                "6o Q",
                "U7\\/",
                "X;3zl`>",
                ";\\pl",
                "'o|+",
                "{(b?",
                "k+wtp",
                "Z[mf",
                "w+O`d7k",
                "1cs'_kQ",
                " g?W>",
                "zI;U",
                "9|9 ",
                "o!HWi/",
                "AkwO",
                "LwKA",
                "7/ v",
                "W@WCF",
                "[CMK",
                "OpWk",
                "2O.;",
                ",?3Rw>Pr",
                "7039",
                "sG3c",
                "S[UPz",
                "Z>LW",
                "4@sCGqA",
                "`+o7",
                "3Ac#",
                "\\W/Z",
                "G5?0",
                "@xY{",
                "!?Z#",
                "h'0U",
                "H?!'",
                "B/O`",
                "Ws7C",
                "lc5tk",
                "O<$A",
                "$]_[",
                "mO-v",
                "KW@n+",
                "cto65",
                "<1Y/4@",
                "8+.G",
                "7@+3",
                "3+@n'",
                "bUc`",
                "<uw-",
                "WLU&w+sn",
                "g#P\"",
                "\\S$8",
                "*@WX",
                "g`C{",
                "{;Pg",
                "cLrs",
                "?\"9W",
                "93\\/",
                "dCRk`",
                "uoYKa;xV",
                "D .I!",
                "Q{l'",
                "$`+-",
                "?K6G2 ",
                "CS`X@",
                "k{+'",
                "s@[P",
                " 1a/",
                "]'+%!CTxCt",
                "C}Gp]sp",
                "GcR(",
                "D3H*j",
                "X)=+",
                "3lrS}Sh",
                "kXUb/",
                "s@d70",
                "_l[2",
                "XEObW",
                "pa;l",
                "5o[7",
                "{ E/8c",
                "J34[",
                "6{ )Ga0",
                ":gWt",
                "4@?b",
                "@QO=|R",
                "0I{p",
                "{8{-",
                "X0w ",
                "L'CG",
                ")pCq{S",
                "0OD57t",
                "[;(s",
                "nw0c(",
                "n[<\"",
                "kC76",
                "w(;]",
                " 43S",
                "K#:lK",
                "C[m`",
                ",S+0/T",
                "w4Csi4",
                "Ohc ",
                "k):{",
                "//Z{",
                "Gc]t",
                "Gf0An",
                ")Yo n",
                "hoX/",
                "<w0/{+",
                "`67\"",
                "A/o*",
                "dtoeH",
                "CDG(f",
                "W0_/l",
                "<0?X",
                "O.'\"",
                "wAJ+",
                "KPkW",
                "^a?K+P",
                "*W+[X+J",
                "Ep/4",
                "? [R",
                "#ko9",
                "/t_0^",
                "c`PT",
                "p#b~+;",
                "1'@M",
                ",_a0",
                "''tp",
                "!+mk",
                " Q\"_",
                "dX?\\XA",
                "?*K\\",
                "O5 ;v$",
                "0[xW",
                "qgK3",
                ":K?9OC1",
                "0|/R\\o",
                "+P03",
                "[AW_(",
                "+o!0+",
                "x'7\\",
                "0L_G",
                "`X/(K",
                "'763",
                "APC{",
                "7QK]N",
                "jMif5g",
                "cMba4`",
                "[ZhY",
                "UMTS4R{#",
                "6G5[",
                "zovq",
                "J)fg",
                "GlA.",
                "fO.#P",
                "[PHw",
                "P/D-",
                "tI^@s;3@",
                "Hx[e",
                "1kUsw",
                "DhGK~@",
                "@L3C",
                "[Hc8",
                "GD['&@",
                "akj)",
                ");${",
                "Ua?6L",
                "POMS",
                "CAT0/",
                "@L\"s",
                "iE<sP/",
                "k`x\"`",
                "xHo:",
                " >KV1+",
                "23PC#SH",
                "T VW",
                "mc%V",
                "?hPc",
                ";G4$yp",
                "G,[9P8xH",
                "+x@S",
                "4[P!",
                "^K\";",
                "D'6C",
                "X+/6",
                "{AXW",
                "`FTu",
                "3ocs",
                ",P`'",
                "@O'0",
                "D!w[",
                "!\\+j{",
                "rW't",
                "0msb",
                "DOPX[",
                "\"EH;",
                "7cp[^3<",
                "X/?*",
                "9j3=[Em",
                "\"c-xW",
                ",@Xw",
                "p_(<",
                "gT1Y",
                " P|3P",
                "<q'a<",
                "f3(d",
                "O@8#*`[",
                "gD0s",
                "S&2U",
                ";ka:O",
                "8Op#\\S",
                "8gm{",
                "C,'</",
                "/0<7r",
                "+(Fw",
                "'ilS",
                "CEh_",
                "MG p",
                "?C0l",
                "*KVk",
                "SA2s",
                "O<PlLDM",
                "8W|?",
                "EWP3#o",
                "(k:oH",
                "C!+xH",
                "GlsO{",
                ",W#q",
                "p{)'",
                "+c[0",
                "[nmK",
                "+(=g",
                "KgUv[",
                "C^[.",
                "Zh'\"4/lK",
                "pX6K",
                "Ew+8P",
                "j#[!A",
                "#PN3",
                "01o4",
                "!{AC",
                "oC=#",
                "5#gj:",
                "Bgbjc",
                "'D0++",
                "// R",
                "T*?-?E",
                "HHiX",
                "4LiD",
                "K3Gl",
                "K#50",
                "c&@K",
                "TLiD d",
                "ClUo[",
                "# ,35",
                "[')V[4",
                "Ga Ox",
                "0^@c7 ",
                " 37v",
                "o80E",
                "^C/C",
                "0o@Hst`(",
                "$cT0",
                "P*;T",
                "(YSx",
                "w<S.u{",
                "H|<t",
                "nHKp",
                "2&#Z",
                "]?;k",
                "kCGn",
                "/3E`7",
                "* A`",
                "5OV<",
                ":owj",
                "\\@6O",
                "4wP W2T",
                "7`\"\"",
                "DC[X",
                "D\\g;?",
                "MGQCk",
                "'!E4",
                "=G8\"",
                "`c()",
                "@R/4\"Z",
                "Hk1RDgw",
                "M/pD",
                "l30\\",
                "Or[T",
                "7n +z",
                "S7P.",
                "PoP`",
                "g<[@0",
                "SA-'d",
                "o3aG",
                "w;x;",
                "Y*K7",
                "ks'`",
                "&7B3",
                "G<'(",
                "`hkV",
                "#T?A",
                "?X~ ~",
                "c_oH",
                "l[T'",
                "?*E ",
                "*0?b0(A",
                "CA/6",
                "\"0+x",
                "5g,sch",
                " W7n!",
                "$.kU",
                "PWK?T",
                "T;k0Sv",
                "K#ld",
                "c6KB",
                "KK2@]",
                "B'|m",
                "lQ7C ",
                "ZHOl",
                "_JuwP",
                "xC {",
                "*A=D\\",
                "#`VoOP",
                "x`F ",
                "wKO!d3",
                "Kv&^",
                "<kRO",
                "[:6g3",
                "TN/%{",
                "*gO+",
                "*o7^",
                "gg#M",
                "W/+1",
                "1Wb?",
                "0Rg`",
                "Hg]o",
                "/C@jC",
                "gANc",
                "?!'{",
                "M;=kDFW[",
                "Zno\\",
                "?a<{",
                "EB#~",
                "Cy?2",
                "vCX0",
                "Om[W2/",
                "G<s8c",
                ";CoM",
                "CHCi?",
                "B_~8",
                "/0g^s(1#",
                "D0_@",
                "C';v",
                "_Dmc",
                "GMs@DR",
                "R#@0",
                "kHC+",
                "4WLEI",
                " M!\"5#T",
                "BhC\"",
                ":Q!u",
                "UMVW4X",
                "YMZ[",
                "^5_U'",
                "fT'+it",
                "kMmnQ",
                "proc/",
                "fd/0",
                "elf/exe",
                "xmap",
                "resolv",
                ".con",
                "botpkt",
                "] Commit",
                "ting Sui",
                ">Kill",
                "~ runn",
                "/acks!v)8.",
                "/ERRORk.!",
                "able t",
                "o in",
                "{nc.",
                "nized` /",
                "var/Sof",
                "ceiv}",
                "012345",
                "6789",
                "r'sy",
                "tem)",
                "'pnu",
                "Z'0X",
                "hlLjztq",
                "fFeEgGa",
                "ACScc",
                "+0-#'",
                "know",
                "}ntvTup",
                "addr",
                "DArgu",
                "YlI ",
                "Extk",
                "'vmaB",
                "riptVmTm",
                "ursc",
                "a)ly",
                "B,ka",
                "0inA",
                "&on5",
                "Gegh",
                "|0m-",
                "1tZk3K",
                "e]ty",
                "hmV9",
                "%msa",
                "kIb[",
                "c 2~",
                " ;lt`",
                "IftJ",
                "n)ch",
                "6-ts",
                "gkj%",
                "ll~Lbj",
                "<nd%",
                "[RFS",
                "a=8a1U",
                "K*c.",
                "ies!",
                "KalB",
                ">~by",
                "WwS=",
                "bx\"k4r",
                "YH Vf",
                "=n-s",
                "D;wr",
                "[H&f",
                "($(Tl<dy>",
                "Ilch",
                "I@kx$G/",
                "us#[C]",
                "ffer /",
                "aved'",
                "st`[Vnr'",
                "grdrvw",
                "NFSM",
                "t[d40S",
                "XENIX",
                "qre ",
                ",`A;$@",
                "O8M2",
                " $i(",
                "04i8",
                "@DiH",
                "PTiX",
                "`dih",
                "ptix",
                "M $4(",
                ",M0448",
                "<M@D4H",
                "LMPT4X",
                "\\M`d4h",
                "lMpt4x",
                "CAk[S",
                "4.002021",
                "/proc/self/exe",
                "/proc",
                "/self/ex",
                "0\\MSA",
                "lSrn",
                "CUPX!",
                "40CZ",
                "Wm?U",
                "! 9+",
                "Pdoc^",
                "`4n'",
                "4kScO",
                "hC`g",
                "w;@bQ",
                "4`\\s",
                "/4&'}",
                "<4'82/V",
                "GCC: (G",
                "NU) 3.",
                "2 200",
                "ian pre",
                "leas",
                "UFB\"",
                ".shst",
                "inito",
                "tex5f",
                "roda",
                "eh_fra",
                "me3b",
                "wgoU3Mc,c",
                "om9n",
                "{ibuzvs",
                "O60'{p",
                "'<q+",
                "sfga"
            ]
        }
    ]
}