{
    "malware_data": [
        {
            "filename": "8f521e02c757b114ab91ad79addd1890364f9b1e952b683c2460e1fbe8854278.elf",
            "filetype": "7F454C46",
            "filesize": "37KB",
            "hash_sha256": "8f521e02c757b114ab91ad79addd1890364f9b1e952b683c2460e1fbe8854278",
            "strings": [
                "8UPX!L",
                "*oJ4&",
                "+r,F",
                "S5o`4T(z'\"7/",
                "k[Q_",
                "Zr=}",
                "NY!N",
                "4 *,R",
                "u8Y':4,Ur",
                "-;S4-",
                "HZAIV",
                "}ZE-",
                "2ljG",
                "OV6M6",
                "n5qHz",
                ".Z`Wv",
                "n1Ahxvnn",
                "OUoy*U",
                "c0toY",
                ":=1hM",
                "L@3Y",
                "z:J]",
                "Ya/[",
                "]@;t",
                "HYk[c",
                "kzA_",
                "v@],",
                "6tGJt",
                ",,2C",
                "q$WF",
                "SGEF",
                "+1C/",
                "Uz>V8",
                "g]{;",
                "dp(niUl.9",
                "Z_Jia3",
                "{8oiW",
                "Uq46n",
                "U\"~_",
                "QX*=5",
                "l(v!pK",
                "x{UX",
                "n@N<6",
                "-,GG?NvcG",
                "-D']Ge'*",
                "JeL_",
                "3-#c",
                "R?p@",
                "Z@:XD",
                "RUob",
                "K@u*",
                "1RK=",
                "Y#gRq",
                "A38ku",
                "ot]I",
                "PJ\"8*",
                "Q, /",
                "^~G[",
                "hl\".,d",
                "5cNq",
                "u*s%",
                ":yTq",
                "XWAl,",
                "dlSq",
                "\"n`V1",
                "l_Arcz",
                "6&9&",
                "@U-+$",
                "3vMj",
                "jv/x",
                "!;\\j",
                "7~ls",
                "5A=Wtl",
                "<~XV",
                "SdFe",
                "(1sr",
                "~Wom",
                "9bs3^",
                "VnSU",
                "eogp",
                " +agpF",
                "-\"C`;",
                "M,Zd",
                "HG y",
                "k*uZ",
                "Bn{E",
                "9$>t.",
                "H(@#",
                "b>Gwt",
                "=5^a",
                "\\U/K",
                "@i&<",
                "FP|r",
                "m;i$O",
                "}c2;",
                "YW?h",
                "UP}d!3",
                "v_Y&`",
                "G`f ",
                "]]5*",
                "OSN~",
                "Mw9#",
                ",McSIX",
                "CKwL",
                "T-(?Yv",
                "cXBw^",
                "#%#;",
                "Z?){ M~r",
                "=@@B",
                "d.BN|",
                "e:_(",
                ";a\"A",
                "ocT\\i",
                "W4sQ",
                ";1~~",
                "f1$<|?p",
                "*G=C",
                "$/dxC",
                "P#W^P@",
                ";;f1",
                "XxmO",
                "`?O~",
                "X3]]6zk",
                "qpO-",
                "N{GJh",
                "_>\\Q",
                "7JY_E",
                "aQ`! ",
                "@,A[",
                "UK3Bo",
                "}O\"3",
                "P}q(",
                "V\\0\\)",
                "&AL>",
                "4/wt/",
                "LJa]k",
                "^oxB7",
                "f(Hu",
                "_RC.",
                "^||)",
                "R{c1",
                "cVYG",
                "il0w",
                "BI4g",
                "J?'$)",
                "KR9X",
                "}?>Y",
                "bCa;r+",
                "i\\s#",
                "YdJ8#Ct",
                "4-@Dv",
                "'{\\}",
                ";#\\4",
                "huZ1",
                "1<2tN",
                "mVw(",
                "H/S*Q",
                "J:HK",
                "wODMZ",
                "Y|Uv",
                ":Z$x",
                "njXH",
                "atAH]",
                ";yXl",
                "Q(>N",
                "vv+R",
                "cLB\\",
                "F[v`",
                "~oS~^",
                "n_L'",
                "<rM(",
                "3zdy",
                "i~]o",
                "39\"o",
                "I1v=",
                "gcj,Z{R",
                "Th83",
                "Wm0T",
                "o|z<",
                "G/m%",
                "c<_/",
                "Y3Axw",
                ")c<z%*n",
                ",?kZW",
                "ad'p",
                "PS|Z",
                "Tede",
                ",o0\"",
                "b@@G",
                "(A6.",
                "sqe)Y",
                "+Ab)@",
                "T=/ ",
                "S4bi\\",
                ":]JDB",
                "mBG)",
                "JQzP",
                "I>hT",
                "0-)*",
                "V]VB",
                "IXIkv8",
                "Y%,C",
                ">+|S4t",
                "_G*Kq",
                ";7o]Dh",
                "h\\`7",
                "|Ty(",
                "TR8G*",
                "MM]/",
                "Di{g",
                "4=BO",
                "ut8YD",
                "O;=g",
                "<DI\"Di+",
                "QUbw",
                "#Ng,",
                "8B!h#",
                "5H(m$",
                "Ft-*",
                "X7i1",
                "jEWN",
                "D~ai",
                "mj1+,",
                "`HLA",
                "9K2t>",
                "H|?[",
                "?`=w",
                "feB >L)",
                "01Q)",
                "n+Q&",
                "x=@ATw",
                ">>q_",
                "t$7pCx}Vo",
                "}r}7!",
                "-s_1=",
                ">dv?Z",
                "w*#:g",
                ",iw{w",
                "?Om]hT",
                "niFk`",
                "z::1",
                "[1Hr/",
                ")rr+",
                "5XTK",
                "3Hr-",
                "<U>l",
                "NAwZkd#",
                "K@x6",
                "V\\Kh-",
                "X=SFb",
                "Y<_%",
                "ye=J",
                " TTa",
                "nj#$",
                "[\\Mg",
                "&M-]",
                "/p\":",
                "SzF$",
                "jvN{",
                "k1!~",
                "*N=QA",
                "jJ_6x",
                "'MUm",
                "g[ka",
                "wn$C",
                "tT1L",
                "+d{[p",
                "P/gq+",
                "[n: J5",
                "ahl'",
                "ADU@",
                "50dV",
                ">=}*/}",
                "mb5|1",
                "6WU}",
                ",?rt",
                "7Tu6p",
                "KB,-(",
                "UW41y&",
                "%o~DH0",
                "=H &t",
                "kET*Mm",
                "clyd",
                "|04S",
                "YD=l",
                "c 5=",
                "KVqty.]",
                "D&^g",
                "qN-DT",
                "VM1(",
                "Ewt%l!<",
                "H{sr|",
                "\\(5dR",
                "P8HG9",
                "FW[r",
                "OHvjA",
                "BU0V",
                "<YtS.",
                "i\\^+",
                "+\"sp",
                "7% F",
                "YQOAI",
                "4~0DZ",
                "`LYx",
                "K)zs",
                "^A5*6",
                "Vi^:",
                "mc];|",
                ")gxG",
                "j>p|",
                "gC<&",
                "]C_~ ",
                "!bJ:",
                ";1h8",
                "*LY`",
                "F}'9*",
                "i~1S",
                "5!hkv",
                "G<q}",
                "QE([",
                "FZj\"",
                "G@=*",
                "(=8-r",
                "=&Jc",
                "B!<N",
                "eqZ-",
                "Vk\"w",
                "j($n`H",
                "(Mxo",
                ")DRmS",
                "ZvD8",
                "ex/d",
                ",J$+",
                ")(~N",
                "\\mvU",
                "nUWV@g w",
                "|]]fR",
                "(>VB",
                "OBmv",
                "fd|#",
                "w[tc{ ",
                "Z}$';k",
                "!&%I",
                "pqd+",
                "H4$M",
                "La?v",
                "Ltla,*",
                "&qZ1",
                "%LYBWc",
                "eq^H!9",
                "K$~XD",
                ";4~y",
                ")Nv{",
                "_d</",
                "`&so",
                "-vK x",
                "nr;3",
                "EZ+Y",
                "qh-^",
                "i-.+<3<LO",
                "H8e~",
                "IM0W",
                "B=zL",
                "kyXH",
                "/,-Osn",
                "&D\\b",
                "#KZz",
                "*M{D",
                "cc*+F",
                "J3C'",
                "WH^=4",
                "oH0f",
                "%pKS",
                "OeDS",
                "k:k4?x<J",
                "=h@^.[?",
                "kI/h",
                "Q@VK",
                "PK*OM",
                "[-Jb\"",
                "T^Ab",
                "2UhG*^",
                "/<?B",
                "82vs",
                "RFZl",
                " nkicA",
                ":%CW",
                "70XP6F",
                "xlP\"",
                "o!a%",
                "MhT8",
                "V^.lu",
                "}S'$",
                ":U9;",
                "'alJ",
                ">7G?",
                "USQRH",
                "PAWH",
                "AUE1",
                "ATUSH",
                "D;|$",
                "Hc\\$",
                "Hcl$",
                "sOA)",
                "HcD$",
                "[]A\\A]A^A_H",
                "PROT_EXEC|PROT_WRITE failed.",
                "$Info: This file is packed with the UPX executable packer http://upx.sf.net $",
                "$Id: UPX 3.95 Copyright (C) 1996-2018 the UPX Team. All Rights Reserved. $",
                "_j<X",
                "RPI)",
                "WQM)",
                "j\"AZR^j",
                "Y^_]j",
                "/proc/self/exe",
                "iQG*",
                "PE>a",
                "Fghw",
                ":WW6(L1a",
                "Pmx%",
                "*M4~",
                "2nS|vu",
                "BSc&",
                "1;aUv0",
                ".MmY",
                "iB[vY<",
                "9fz7",
                "gU#I%",
                "i?DjH",
                "PWTZ7",
                "y(T5",
                "WIOx",
                "x0v/c)$",
                "nDmg",
                "?.F$2k",
                "(zLvw1",
                "n)%<",
                "A;gU",
                "lB-2",
                "x`//",
                "*ymwqp",
                "UPX!",
                "*g[)"
            ]
        }
    ]
}