{
    "malware_data": [
        {
            "filename": "cb1ae846ff0cf850daca17d92289cbbcd099f5ea3b68c3f3877409b8c4df2b44.exe",
            "filetype": "4D5A9000",
            "filesize": "189KB",
            "hash_sha256": "cb1ae846ff0cf850daca17d92289cbbcd099f5ea3b68c3f3877409b8c4df2b44",
            "strings": [
                "!This program cannot be run in DOS mode.",
                "fRich",
                ".text",
                "`.rdata",
                "@.data",
                ".rsrc",
                "@.reloc",
                "$Pj(",
                "twh\\",
                "h$fA",
                "5XQA",
                "=TQA",
                "=PQA",
                "h4fA",
                "hDfA",
                "5TQA",
                "ysWh",
                "%`RA",
                "%\\RA",
                "%XRA",
                "%<RA",
                "%8RA",
                "%4RA",
                "%0RA",
                "%,RA",
                "%(RA",
                "%$RA",
                "% RA",
                "%|QA",
                "%xQA",
                "%tQA",
                "%pQA",
                "%lQA",
                "%hQA",
                "%dQA",
                "%`QA",
                "h0%@",
                "VPWh",
                "Y_^[",
                "u\"h<",
                "Y__^[",
                "h@>@",
                "hh0@",
                ">csm",
                "hheA",
                "SVW3",
                "Genu",
                "5ineI",
                "5ntel",
                "t#=`",
                "_^[3",
                "~4_^",
                "h0DA",
                "QQSVWd",
                ";p$u",
                "p$^]",
                "8csm",
                "t2VW",
                "?RCC",
                "?MOC",
                "?csm",
                "8_^]",
                "=TfA",
                "t/hTfA",
                "5TfA",
                "oF f",
                "oV f",
                "o^0f",
                "of@f",
                "onPf",
                "ov`f",
                "o~pf",
                "FGIu",
                "hcsm",
                "BVj(j",
                "YYPV",
                "u SW",
                "_^[]",
                "dSVW",
                ";csm",
                "u$9G",
                "v!8E",
                "u QW",
                "uf_^[",
                ";MOC",
                ";RCC",
                "@u)j",
                "u Qj",
                "@_^[]",
                "9p u\"",
                ":csm",
                "ft&9q",
                "r49z",
                "j<hX",
                "t0QW",
                "URPQQh",
                "L$,3",
                "UVWS",
                "[_^]",
                "SVWj",
                "RhEV@",
                "Wu%j",
                "Vh(qA",
                "h qA",
                "h(qA",
                "UQPXY]Y[",
                "PPPPP",
                "VVVVV",
                "SSSSS",
                "9^4t",
                "F0^[]",
                "QQSV",
                "t8I3",
                "F0^[",
                "EIqA",
                "EHqA",
                "<8et",
                "<8xu",
                "A-<Fu",
                "<Nu4",
                "RRRRR",
                "9Q(u",
                "<ItC<Lt3<Tt#<h",
                "8<6u",
                "A<lt'<tt",
                "<zu1",
                "Xt$+",
                "~2Pj0",
                "8^8tb9^4~]",
                "u,9]",
                ";F4u",
                "j4Yt",
                "F0XrA",
                "F-<at",
                "F-<gt",
                "<Gu(",
                "~0SW",
                "QSVW",
                "unWQ",
                "wGt>",
                "j Y+",
                "f93u",
                "PVVS",
                "Y[^_",
                "j\"^f92",
                "j _f;",
                "j [f;",
                "j\"Xf;",
                "j\"_f9z",
                "t5j=",
                "Y_^]",
                "Vj 2",
                "=csm",
                "j _;",
                ">_^]",
                "h(sA",
                "f;1u",
                "FLY;",
                "eVhd",
                "tahd",
                "tfhd",
                "Wu7j",
                "%xPA",
                "%|PA",
                "Wj#Y",
                "j,hH",
                "j X+",
                "M,j\"^QRRRRR",
                "u$RV",
                "j0Xu",
                "j0Yf",
                "Vj0XPW",
                "j0Yj",
                "dr'j",
                "jdVS",
                "u(RPW",
                "M$j\"^QRRRRR",
                "8U t\"",
                "80t=",
                "-jd[;",
                "u RP3",
                "W@j0P",
                "QWPV",
                "}'9E",
                " _^[",
                "t,9F",
                "QQSVW",
                "u0SP",
                "u0St:",
                "(_^[",
                "RWPQj",
                "j\"[VWWWW",
                "u#Vh",
                "t^j*Yf",
                "j?Yf",
                "t4f9",
                "IH;A",
                "9wLt",
                ";3t'",
                "X_^]",
                "wFt&",
                "w=ty",
                "*ti-",
                "tL-c",
                "}$YY",
                "f9:t!V",
                "f9:u",
                "QQSVj8j@",
                "Y_[^]",
                "xg;5",
                "SVWf9",
                "9E WW",
                "YY^]",
                "j(h(",
                "WWWWW",
                "xE;5",
                "SVWP",
                "SS@j",
                "L2.;",
                "PVVVVV",
                "SPPP",
                "^PQQQQQ",
                "E ^PQQQQ",
                ">;9u",
                "wIPS3",
                "Wj _",
                "uVh ",
                "j _=",
                "sv+3",
                "sv*R",
                "E H;",
                "YY^[]",
                "@( t",
                "CSPj",
                "w/PV",
                "<0WV",
                "v!WQ",
                "PPPPPPPP",
                "9E(j",
                "PPPPPWV",
                "QQQP",
                "PPPSW",
                "PP9E u",
                "PPSWP",
                "xK;5",
                "PQQQ",
                "<$tL",
                "|%=2",
                " VWj",
                "etPj",
                "YY^[",
                "WVS3",
                "%dRA",
                "%PRA",
                "Mb=Lk",
                "GT:@",
                "bad exception",
                "__based(",
                "__cdecl",
                "__pascal",
                "__stdcall",
                "__thiscall",
                "__fastcall",
                "__vectorcall",
                "__clrcall",
                "__eabi",
                "__swift_1",
                "__swift_2",
                "__swift_3",
                "__ptr64",
                "__restrict",
                "__unaligned",
                "restrict(",
                " new",
                " delete",
                "operator",
                "`vftable'",
                "`vbtable'",
                "`vcall'",
                "`typeof'",
                "`local static guard'",
                "`string'",
                "`vbase destructor'",
                "`vector deleting destructor'",
                "`default constructor closure'",
                "`scalar deleting destructor'",
                "`vector constructor iterator'",
                "`vector destructor iterator'",
                "`vector vbase constructor iterator'",
                "`virtual displacement map'",
                "`eh vector constructor iterator'",
                "`eh vector destructor iterator'",
                "`eh vector vbase constructor iterator'",
                "`copy constructor closure'",
                "`udt returning'",
                "`RTTI",
                "`local vftable'",
                "`local vftable constructor closure'",
                " new[]",
                " delete[]",
                "`omni callsig'",
                "`placement delete closure'",
                "`placement delete[] closure'",
                "`managed vector constructor iterator'",
                "`managed vector destructor iterator'",
                "`eh vector copy constructor iterator'",
                "`eh vector vbase copy constructor iterator'",
                "`dynamic initializer for '",
                "`dynamic atexit destructor for '",
                "`vector copy constructor iterator'",
                "`vector vbase copy constructor iterator'",
                "`managed vector copy constructor iterator'",
                "`local static thread guard'",
                "operator \"\" ",
                "operator co_await",
                "operator<=>",
                " Type Descriptor'",
                " Base Class Descriptor at (",
                " Base Class Array'",
                " Class Hierarchy Descriptor'",
                " Complete Object Locator'",
                "`anonymous namespace'",
                "FlsAlloc",
                "FlsFree",
                "FlsGetValue",
                "FlsSetValue",
                "InitializeCriticalSectionEx",
                "(null)",
                "CorExitProcess",
                "Sunday",
                "Monday",
                "Tuesday",
                "Wednesday",
                "Thursday",
                "Friday",
                "Saturday",
                "January",
                "February",
                "March",
                "April",
                "June",
                "July",
                "August",
                "September",
                "October",
                "November",
                "December",
                "MM/dd/yy",
                "dddd, MMMM dd, yyyy",
                "HH:mm:ss",
                "LCMapStringEx",
                "LocaleNameToLCID",
                "AppPolicyGetProcessTerminationMethod",
                "NAN(SNAN)",
                "nan(snan)",
                "NAN(IND)",
                "nan(ind)",
                "e+000",
                " !\"#$%&'()*+,-./0123456789:;<=>?@abcdefghijklmnopqrstuvwxyz[\\]^_`abcdefghijklmnopqrstuvwxyz{|}~",
                " !\"#$%&'()*+,-./0123456789:;<=>?@ABCDEFGHIJKLMNOPQRSTUVWXYZ[\\]^_`ABCDEFGHIJKLMNOPQRSTUVWXYZ{|}~",
                "d8L2",
                "[aOni*{",
                "@2&@",
                "\"RP(",
                "eLK(w",
                "FEMh",
                "h0'D",
                "owM&",
                "~ $s%r",
                "@b;zO]",
                "$qE}",
                ";*xh",
                "[\"93",
                "iu+-,",
                "\\lo}",
                "obwQ4",
                "&Sgw",
                "?nz(",
                "=87M",
                "v2!L.2",
                "X/4B",
                "k=yI",
                "^<V7w",
                "W&|.",
                "1#INF",
                "1#QNAN",
                "1#SNAN",
                "1#IND",
                "log10",
                "lzZ?",
                "asin",
                "acos",
                "sqrt",
                "?5Wg4p",
                "Nv$^",
                "BC .=",
                "(lX ",
                "#{ =",
                "`~R=",
                "}s\"=",
                "%S#[k",
                "\"B <1=",
                "\\-!y",
                "#.X'=",
                "i9+=",
                "sinh",
                "cosh",
                "tanh",
                "atan",
                "atan2",
                "ceil",
                "floor",
                "fabs",
                "modf",
                "ldexp",
                "_cabs",
                "_hypot",
                "fmod",
                "frexp",
                "_logb",
                "_nextafter",
                "Unknown exception",
                "LookupPrivilegeValue error: %u",
                "AdjustTokenPrivileges error: %u",
                "The token does not have the specified privilege. ",
                "[+] Got target proc PID: %d",
                "[*] Opened Target Handle",
                "[*] Opened Target Token Handle",
                "Failed",
                "[*] Removed All Privileges",
                "SetTokenInformation failed",
                "[*] Token Integrity set to Untrusted",
                "CoInitializeEx failed: %x",
                "CoInitializeSecurity failed: %x",
                "Failed to create an instance of ITaskService: %x",
                "ITaskService::Connect failed: %x",
                "Cannot get Root Folder pointer: %x",
                "Failed to create a task definition: %x",
                "Cannot get identification pointer: %x",
                "Cannot put identification info: %x",
                "Cannot get settings pointer: %x",
                "Cannot put setting info: %x",
                "Cannot get trigger collection: %x",
                "Cannot create the trigger: %x",
                "QueryInterface call failed for ILogonTrigger: %x",
                "Cannot put the trigger ID: %x",
                "Cannot put the start boundary: %x",
                "Cannot put the end boundary: %x",
                "Cannot add user ID to logon trigger: %x",
                "Cannot get Task collection pointer: %x",
                "Cannot create the action: %x",
                "QueryInterface call failed for IExecAction: %x",
                "Cannot set path of executable: %x",
                "Error saving the Task : %x",
                " Success! Task successfully registered. ",
                "RSDSP",
                "C:\\Users\\Administrator\\Desktop\\",
                "shellcode\\dwm2\\MFCMessage\\Release\\MFCMessage.pdb",
                "GCTL",
                ".text$di",
                ".text$mn",
                ".text$x",
                ".text$yd",
                ".idata$5",
                ".00cfg",
                ".CRT$XCA",
                ".CRT$XCAA",
                ".CRT$XCL",
                ".CRT$XCU",
                ".CRT$XCZ",
                ".CRT$XIA",
                ".CRT$XIAA",
                ".CRT$XIAC",
                ".CRT$XIC",
                ".CRT$XIZ",
                ".CRT$XLA",
                ".CRT$XLZ",
                ".CRT$XPA",
                ".CRT$XPX",
                ".CRT$XPXA",
                ".CRT$XPZ",
                ".CRT$XTA",
                ".CRT$XTZ",
                ".rdata",
                ".rdata$T",
                ".rdata$r",
                ".rdata$sxdata",
                ".rdata$voltmd",
                ".rdata$zzzdbg",
                ".rtc$IAA",
                ".rtc$IZZ",
                ".rtc$TAA",
                ".rtc$TZZ",
                ".tls",
                ".tls$",
                ".tls$ZZZ",
                ".xdata$x",
                ".idata$2",
                ".idata$3",
                ".idata$4",
                ".idata$6",
                ".data",
                ".data$r",
                ".data$rs",
                ".bss",
                ".rsrc$01",
                ".rsrc$02",
                "mfc140u.dll",
                "GetCurrentProcess",
                "CloseHandle",
                "GetLastError",
                "CreateToolhelp32Snapshot",
                "Process32FirstW",
                "Process32NextW",
                "OpenProcess",
                "Sleep",
                "HeapFree",
                "EnterCriticalSection",
                "LeaveCriticalSection",
                "HeapSize",
                "HeapReAlloc",
                "HeapAlloc",
                "DecodePointer",
                "DeleteCriticalSection",
                "GetProcessHeap",
                "SetLastError",
                "InitializeCriticalSectionAndSpinCount",
                "GetModuleFileNameW",
                "GetModuleHandleW",
                "GetProcAddress",
                "QueryPerformanceCounter",
                "GetCurrentProcessId",
                "GetCurrentThreadId",
                "GetSystemTimeAsFileTime",
                "InitializeSListHead",
                "IsDebuggerPresent",
                "UnhandledExceptionFilter",
                "SetUnhandledExceptionFilter",
                "GetStartupInfoW",
                "IsProcessorFeaturePresent",
                "TerminateProcess",
                "KERNEL32.dll",
                "OpenProcessToken",
                "LookupPrivilegeValueW",
                "AdjustTokenPrivileges",
                "SetTokenInformation",
                "GetLengthSid",
                "GetUserNameW",
                "ADVAPI32.dll",
                "InitCommonControlsEx",
                "COMCTL32.dll",
                "CoInitializeEx",
                "CoInitializeSecurity",
                "CoUninitialize",
                "CoCreateInstance",
                "ole32.dll",
                "OLEAUT32.dll",
                "OutputDebugStringW",
                "RaiseException",
                "LocalFree",
                "RtlUnwind",
                "EncodePointer",
                "TlsAlloc",
                "TlsGetValue",
                "TlsSetValue",
                "TlsFree",
                "FreeLibrary",
                "LoadLibraryExW",
                "GetStdHandle",
                "WriteFile",
                "ExitProcess",
                "GetModuleHandleExW",
                "LCMapStringW",
                "GetFileType",
                "FindClose",
                "FindFirstFileExW",
                "FindNextFileW",
                "IsValidCodePage",
                "GetACP",
                "GetOEMCP",
                "GetCPInfo",
                "GetCommandLineA",
                "GetCommandLineW",
                "MultiByteToWideChar",
                "WideCharToMultiByte",
                "GetEnvironmentStringsW",
                "FreeEnvironmentStringsW",
                "SetStdHandle",
                "GetStringTypeW",
                "FlushFileBuffers",
                "GetConsoleOutputCP",
                "GetConsoleMode",
                "GetFileSizeEx",
                "SetFilePointerEx",
                "CreateFileW",
                "WriteConsoleW",
                "                          ",
                "abcdefghijklmnopqrstuvwxyz",
                "ABCDEFGHIJKLMNOPQRSTUVWXYZ",
                ".?AV_com_error@@",
                ".?AVbad_exception@std@@",
                ".?AVexception@std@@",
                ".?AVtype_info@@",
                ".?AVCCmdTarget@@",
                ".?AVCObject@@",
                ".?AVCWinApp@@",
                ".?AVCWinThread@@",
                ".?AVCMFCMessageApp@@",
                "fldd|g",
                "gf|vv",
                "f||gldt||dp",
                "lgflffVFp",
                "3#`#'",
                "lvgF",
                "73cc3cR0",
                "vl|fV`",
                "773c72a'#",
                "vftd`",
                "2s27#c",
                "s#cc42>",
                "vlvvvv",
                "ss27#%(~",
                "'7'2",
                "~vvv",
                "s7#2",
                "c762w",
                "nv|lv`",
                "s7'3c(",
                "hglp",
                "3sc68",
                "3z77#h",
                "~^|p",
                "zss'(",
                "{sss8u",
                "W|~~ww",
                "{x{s",
                "vf|gg",
                "yyy0",
                "{yy0",
                "FvF@",
                "lvlf",
                "s2rrp",
                "|f|vF",
                "ss2s#s ",
                "lvvvfV",
                "'2p6x",
                "3cs#x",
                "fvgl",
                "r3rr~",
                "rs6x",
                "sssw",
                "5gf~^W",
                "fxf|`",
                "3#g'|",
                "3g'~",
                "672x",
                "3'7~vvg",
                "v~|h",
                "sss7",
                "T~|h",
                "j8($\"!",
                "+!!W",
                "kP5000($$\"!",
                "NJII5300((%$!!",
                "1$\"!",
                "RNMIH5300.($$!!2$#!",
                "RRNIIH5f",
                "%$!2($!!",
                "_RRNJ[",
                "%$#3($$!",
                "C@><<",
                "__RR`",
                "k.%$8.($\"!",
                "CCBAA><<",
                "gaRR",
                "kH330..$8.($$\"",
                ">><<",
                "llea",
                "II533...90.($\"\"",
                "A>><<",
                "hMII5330.;0.(%#\"",
                "BA><<<",
                "kXNI8H30.L00.(%#\"",
                "BBA><<",
                "c[`N;530L300((#\"!",
                "><<<?<",
                "O95V520(((#\"",
                "@><<E<",
                "SP;XL530((#\"",
                "A>>@?=<",
                "jVQPbQL830((#",
                "CCAA@@E><<",
                "lljh]e[`XQbVQ;830(%",
                "CCBAAE><<",
                "lllgeiigegcVQL83+(",
                "CBAG@@<<",
                "llgda_`dkXVO;31",
                "GEG?@=<",
                "Y[[Xaadaa____e]VO;8",
                "EE?@=<<",
                "{yppy",
                "-KPQS____RMN_fbU;",
                "ws||rrqp",
                "-8HMNNRR_MMNXbU",
                "zxv~~}|t|rqp",
                "&,28IIMJMNMONX",
                "~~~||rtrq",
                "|rrrn",
                "'*245IJJNRk",
                "~~}}|",
                "|trrpo",
                "'*2Oh",
                "||rrrpom",
                "|||rrppo",
                "}||rrrpo",
                "~|||rrpp",
                "~}||trrp",
                "~~|||rrp",
                "~~||trr",
                "~~|||rr",
                "~~||tt",
                "~}|tt",
                "~~}|t",
                "W+& ",
                "hLG)P",
                "WN'!",
                ":642",
                ")+&&&!N$!",
                "&GF+&$N&!",
                "KKJ,+&R&$!",
                "84242?",
                "TK+W+&!",
                "KSKcI+&!",
                "?64E2",
                "odRaWcaSgOI'& ",
                "D@36",
                "lmljSI+%",
                "hdbb`amZJ-",
                "/LQ`Q`MQhgX",
                "xwuttst~",
                "'1GMMMMQW",
                "}}||tsrt",
                "\")GGLOm",
                "}||z",
                "ttrp",
                "ttsrq",
                "ztssq",
                "|ttsr",
                "|zttr",
                "||tts",
                "}|zzt",
                "}|tt",
                "jI&/TY)",
                "]$ 'K!",
                "2-/O' ",
                "*,$0T/!",
                ",LZ-.!",
                "cKR31WfL/'",
                "mlmgL1",
                "UXdcPjh\\",
                "{zyto|",
                "+5MNNN[",
                "(1Hg",
                "h)-$9A<=8",
                "+fJLy|::;~}",
                "\\YHUDMB",
                "I]FCK",
                "S_NE",
                "P`OH",
                "W^VsRN",
                "rdbt",
                "wecXat",
                "IHDR",
                "IDATx",
                "%Gu&",
                "w>2&",
                " Z&r",
                "JI!!",
                "=D- ",
                "~ad ",
                " !T<",
                "|PYV",
                "6n1d",
                "]R,+",
                "RHU@>z",
                "?l80#",
                "D$Tn",
                "(YGR",
                "x_wz",
                "ke{BL",
                "^im&",
                ":]PPk~*u9&",
                "s'Ld",
                "6tjhU`\"",
                "-[~J",
                "WH@E",
                "K5+P",
                "V?>g1",
                "(V>h",
                "w6Ae_",
                "KNH`<",
                "rP(@l",
                "|T3{+",
                "qDA,8E",
                "zk*b",
                "Bk*(",
                "D!Pb",
                "4[0{",
                "\"$ujW",
                "N*Bh",
                "LkP,",
                "h 18P;",
                " YW[",
                "\\_C_",
                "!y<W",
                "P_gJ6P",
                "hf?z+m",
                "i$2^",
                "@-85",
                "q1d]",
                "4[0s",
                "ZETF",
                "o-`l",
                "/>~>",
                "ZgvLE",
                "`TL ",
                ">'u/#",
                "We22",
                "(~A[",
                "(77q",
                "Esb\"",
                "xjIu",
                "eXP.",
                "f03;",
                "wcqiw",
                "+@B=",
                "tR>~f",
                "ZyEB",
                "_{dd",
                "IA[M",
                "IDAT",
                "9/[S",
                ".^YE<",
                "e{}h",
                "}z(-",
                "<\"x+",
                "tyvdz",
                "8JD k`",
                "zOa'n10pp~",
                "t72{",
                "ph2F",
                "MmXn",
                "Gh6&",
                ".=~M~",
                "f1yL",
                "B}nc",
                "19hI",
                "I^>BD",
                "GAEp",
                ";Ybb",
                ">=g.",
                "` `|",
                "N[|M@",
                "_L}{",
                "=KHHn",
                ")2+o",
                "rPO$,",
                "~,3,",
                "QV_G",
                "p[a[A:",
                "dH0 ",
                "0*m+",
                "E G0m`",
                "2;7m",
                ",`\\\\'",
                "I`pz",
                "08]2",
                "->Ku#",
                "o^~[",
                "c~<$H",
                "9W/)",
                "a?#1C",
                "Z/>>Q,-",
                "98*=",
                "^|=P@",
                "$PX3b ",
                "N|}m",
                "pu@P",
                "qgH\"",
                "[oW$",
                "<\"Xut",
                "z;g6",
                "GI}R",
                "1(}0",
                "&,,J",
                ".[~~",
                "e<QeF`:)",
                "\"BnIN",
                "?_@U",
                "l9?'V^c",
                "S%:p",
                "(X= ",
                "TD|D",
                "S}jp",
                "xSF.",
                "u}er",
                ")0D`",
                "6K;I",
                "LnNms\\W",
                "0pL!",
                "ozBhH",
                "SXXk",
                "Ta=1",
                "K:/su",
                "S<G&",
                "Aa[(L",
                "_\"}`",
                "3_Rm",
                "[xBh",
                "<r=01",
                "gUGO",
                "z\"m/\"",
                "p0X3",
                "PuPR",
                "z^o$",
                "I^?9Y",
                "K~$e",
                "Oo#\"l:",
                "*@+ydmB",
                "7GTky",
                "9PRK",
                "(VzhZ",
                "\\D\\$",
                "JG[~",
                "oX,4",
                ":6iM",
                "cG p",
                "3]\\v",
                "=SML",
                "$?f^Od",
                "$O:?",
                "g-l#",
                "[~4WO",
                "UC|b",
                "O1_-",
                ",}B]h7a",
                ";<OA",
                "R0D7",
                "D!^@",
                "z}MycD",
                "R_$K",
                "$$@$",
                "d$ud",
                "mQ*L",
                "#0S3hZ",
                "W&F~+$",
                "Kq=UW",
                "}5e(/",
                "wai~",
                " OT@",
                "G__@",
                "G-$*`",
                "W~'vM",
                "xgQ`sc",
                "K]Pp",
                "^bj5Zx",
                "j_h{",
                "\"6J\"",
                "};R<Z",
                "y#'8 ",
                "Bxx7Xo",
                "0Ry?Bd",
                "?wf-",
                "`H|rI",
                "+9:]`",
                "1=^C",
                "5`\\]7",
                "nb-@",
                "l}}+",
                "Xnv K-d",
                "gmwo",
                "~C>a",
                "=YG}",
                "6ER^",
                "S 6`",
                "YF+o@",
                "Yx9a",
                "$I(a",
                "=yl(",
                "'bpZ",
                "KyL,$",
                "IDAT]",
                "r*uSV",
                "N\"`Rr('",
                "kshO",
                "e.hw",
                "rAcp",
                "7@fY",
                "Ot-0z",
                " n'F",
                "he\\2r]",
                "DgRp",
                "dYFN",
                "3>Ua'S$K",
                "*?B\\",
                "eh/Q",
                "Nd\">",
                "l|5)",
                "'%5`",
                "T:y{",
                "YXY9",
                "t5!?",
                "+:f!",
                "!FN9Q-X",
                "2ny/",
                "{B7D",
                ")]C[P[Kd",
                "\\|L{",
                "p\"z6",
                "M0CrhP",
                ";|=B>",
                "~C=b=",
                "ullW",
                "ANx2",
                "O8.5",
                ")?e>",
                ":vFOUO",
                "Kfr2",
                "b|45",
                "y&O8",
                ":Xnv",
                ":!y=IB",
                "u&.&o",
                "8htz",
                "x>XU`",
                "vVNh",
                "{4 l",
                ",B>s",
                "}sL4& 4",
                "ep<t?",
                "/$dH",
                "kc}\"",
                "WO.'",
                "OSP:z",
                "XXmajr",
                "VN$s",
                "D]?Y~",
                "z3iq;",
                " J$V",
                "&Y9`",
                "qL%d",
                "j5%O",
                "|w>9BB",
                "<Qx#@",
                "^|8}",
                ">eCJ?",
                "GN.c",
                "dQ#1",
                "%@&uG",
                "hp!\"",
                "'>^p}",
                "\"V[m",
                "OvrN",
                "O`V#",
                " 'n'%",
                "K.$C ",
                "bIDAT_",
                "EH~1:z(",
                " Cbf",
                "7cnn+V",
                ")<~r",
                "%7 G",
                "Y\\>7",
                "nSlR;h",
                "692|",
                "21ug",
                "{hd<",
                "z32\\{",
                "_=vW",
                "}WeoD",
                "^)nJ",
                "b1zA",
                "tP#z8",
                "p'^q",
                "}0|404",
                "kT}za",
                "l;0{",
                "|= h",
                "!&w\"",
                "[Jy[f",
                "CD06Q",
                "`fk<",
                "gJ=ZS_A",
                "E>$\"",
                "~ZN/G",
                "Q7jG",
                "H'i;",
                "nN5Z",
                "gDjP",
                "G$Q1",
                "fBfB",
                "H?2I",
                ";vLcfv",
                "/o~Z",
                " %!T",
                "4aO]6`",
                "o|Ro",
                "gwLcff",
                "Maff",
                "0*Oy",
                "!`/JB",
                "-{ z",
                "IEND",
                "#rK/!lFo",
                "#sL_ jD",
                "333K",
                ":::G",
                "$uN? kE",
                "%xQ!!kEl",
                "OYu@b",
                "gCg)R",
                "<?xml version=\"1.0\" encoding=\"UTF-8\" standalone=\"yes\"?>",
                "<assembly xmlns=\"urn:schemas-microsoft-com:asm.v1\" manifestVersion=\"1.0\"><dependency><dependentAssembly><assemblyIdentity type=\"win32\" name=\"Microsoft.Windows.Common-Controls\" version=\"6.0.0.0\" processorArchitecture=\"x86\" publicKeyToken=\"6595b64144ccf1df\" language=\"*\"></assemblyIdentity></dependentAssembly></dependency><trustInfo xmlns=\"urn:schemas-microsoft-com:asm.v3\"><security><requestedPrivileges><requestedExecutionLevel level=\"requireAdministrator\" uiAccess=\"false\"></requestedExecutionLevel></requestedPrivileges></security></trustInfo><application xmlns=\"urn:schemas-microsoft-com:asm.v3\"><windowsSettings><dpiAware xmlns=\"http://schemas.microsoft.com/SMI/2005/WindowsSettings\">true</dpiAware></windowsSettings></application></assembly>",
                "0.080P0a0x0",
                "0*1<1C1Q1Y1f1",
                "2O2Y2_2",
                "3B3I3o3z3",
                "4/484I4|4",
                "5b5k5",
                "6/6?6O6Y6",
                "6+757X7a7g7q7",
                "7$8X8}8",
                "9(9M9h9",
                ";3;d;",
                ";#<D<a<n<",
                "=1=A=g=",
                "0>0N0j0",
                "0L1`1",
                "1$2J2",
                "3<3b3",
                "7#7)7/757;7A7G7M7S7Y7_7e7k7q7w7}7",
                "8O8x8",
                "9$9)9J9O9\\9",
                ":$;J;Y;p;v;|;",
                ";O<\\<",
                "=Q=q=",
                ">I>R>c>i>",
                "0]0c0",
                "1%1.191@1S1a1g1m1s1y1",
                "2,252E2O2X2",
                "3N3X3a3j3",
                "4)4F4U4^4d4j4",
                "4!5>5d5",
                "6\"646D6",
                "6#7:7",
                "<`=k>",
                ">'?/?A?N?p?",
                "D0W0u0",
                "012h2o2t2x2|2",
                "3 3$3(3,3",
                "6*606K6s6",
                "6L7[7;8h:",
                "060[0*2",
                "5!5:6A6j6",
                "7,7W7a7",
                "8\"8,888=8B8]8g8s8x8}8",
                "9C9S9",
                ": :9:i:",
                ";G<`<j<v<",
                "=%=1===K=[=p=",
                ">3><>",
                "':2;J;",
                "4F7_7{8",
                ">!>->@>H>N>W>l>y>",
                "1$2+2",
                "5*575F5Z5c5{5",
                "7'70797J7[7{7",
                "7$818J8O8X8",
                "8(919^9g9o9",
                "=0=;=C=N=T=_=e=s=",
                "0G1x1",
                "464=4\\4",
                "515F5V5c5",
                "6)686Y6",
                "7X7^7",
                "8&828>8R8h8{8",
                "9)9=9B9G9d9}9",
                ": :/:::?:D:b:q:|:",
                ";8;O;X;o;",
                "<A?y?",
                "070I0y0",
                "1S1Y1y1",
                "2R4\\4",
                "2 3+3",
                "94:V:_:y:p;",
                "<`<g<n<u<",
                "<#=6=[=",
                "20L0^0",
                "1)171M1}1",
                "6+6D6q6x6",
                "8(8E8M8v8}8",
                "9_9s9",
                ":':9:K:]:o:",
                ";~<A=",
                ")0b0y0",
                "12191C1g1",
                "2\"2=2y2",
                "3'3x3}3",
                "4*596m8",
                ":/;5;];",
                "=F=[=e=",
                "=7>F>|>",
                ">(?u?",
                "0,1n1",
                "6Y6z6K7q7",
                "7i8s8",
                "+0a0h0o0",
                "<3=:=",
                ":|:);",
                "<&=\\=",
                "92D2T2",
                "3'3]3",
                "8$9H9S9`9r9",
                "9W:l:u:~:",
                "X0~0",
                "3&3+3y3",
                "3!4-4A4M4Y4y4",
                "5+5:5M6~6",
                "7(737",
                "8L8~8",
                ":&:{:|;",
                ";-<8<><G<",
                "=#=l=u=~=",
                "=g>z?",
                ";&<+<=<[<o<u<",
                "4$4D4a4~4",
                "`5d5h5l5",
                "6T6X6\\6`6x6",
                "7 7(70787@7H7P7X7`7h7p7x7",
                "8 8(80888@8H8P8X8`8h8p8x8",
                "9 9(90989@9H9P9X9`9h9p9x9",
                ",00040(30383<3@3D3H3L3P3T3\\3`3d3h3l3p3t3x3",
                "5 5$5(5,5054585<5@5D5H5L5P5T5X5\\5`5d5h5l5p5t5x5|5",
                "6 6$6(6,6064686<6@6D6H6L6P6T6X6\\6`6d6h6l6p6",
                ":`?d?h?l?p?t?x?|?",
                "8$8,848<8D8L8T8\\8d8l8t8|8",
                "9$9,949<9D9L9T9\\9d9l9t9|9",
                ":$:,:4:<:D:L:T:\\:d:l:t:|:",
                ";$;,;4;<;D;L;T;\\;d;l;t;|;",
                "<$<,<4<<<D<L<T<\\<d<l<t<|<",
                "=$=,=4=<=D=L=T=\\=d=l=t=|=",
                ">$>,>4><>D>L>T>\\>d>l>t>|>",
                "? ?(?0?8?@?H?P?X?`?h?p?x?",
                "0 0(00080@0H0P0X0`0h0p0x0",
                "1 1(10181@1H1P1X1`1h1p1x1",
                "2 2(20282@2H2P2X2`2h2p2x2",
                "3 3(30383@3H3P3X3`3h3p3x3",
                "4 4(40484@4H4P4X4`4h4p4x4",
                "5 5(50585@5H5P5X5`5h5p5x5",
                "6 6(60686",
                "(5,5054585<5@5D5H5L5P5T5X5\\5`5d5h5l5p5t5x5|5",
                "6 6$6(6,6064686<6@6D6H6`6",
                "6 787",
                "8,808@8D8H8P8h8l8t8x8|8",
                "94989<9P9T9l9p9",
                "P0t0",
                "1$1,141<1D1L1d1h1",
                "2$2(2H2P2T2p2x2|2",
                "3 3(3,343H3h3p3x3",
                "4@4`4|4",
                "5 5@5`5",
                "6 6@6`6",
                "7 7<7@7H7\\7",
                "20242",
                "709L9l9",
                "jjjjj",
                "zh-CHS",
                "ar-SA",
                "bg-BG",
                "ca-ES",
                "zh-TW",
                "cs-CZ",
                "da-DK",
                "de-DE",
                "el-GR",
                "en-US",
                "fi-FI",
                "fr-FR",
                "he-IL",
                "hu-HU",
                "is-IS",
                "it-IT",
                "ja-JP",
                "ko-KR",
                "nl-NL",
                "nb-NO",
                "pl-PL",
                "pt-BR",
                "ro-RO",
                "ru-RU",
                "hr-HR",
                "sk-SK",
                "sq-AL",
                "sv-SE",
                "th-TH",
                "tr-TR",
                "ur-PK",
                "id-ID",
                "uk-UA",
                "be-BY",
                "sl-SI",
                "et-EE",
                "lv-LV",
                "lt-LT",
                "fa-IR",
                "vi-VN",
                "hy-AM",
                "az-AZ-Latn",
                "eu-ES",
                "mk-MK",
                "tn-ZA",
                "xh-ZA",
                "zu-ZA",
                "af-ZA",
                "ka-GE",
                "fo-FO",
                "hi-IN",
                "mt-MT",
                "se-NO",
                "ms-MY",
                "kk-KZ",
                "ky-KG",
                "sw-KE",
                "uz-UZ-Latn",
                "tt-RU",
                "bn-IN",
                "pa-IN",
                "gu-IN",
                "ta-IN",
                "te-IN",
                "kn-IN",
                "ml-IN",
                "mr-IN",
                "sa-IN",
                "mn-MN",
                "cy-GB",
                "gl-ES",
                "kok-IN",
                "syr-SY",
                "div-MV",
                "quz-BO",
                "ns-ZA",
                "mi-NZ",
                "ar-IQ",
                "zh-CN",
                "de-CH",
                "en-GB",
                "es-MX",
                "fr-BE",
                "it-CH",
                "nl-BE",
                "nn-NO",
                "pt-PT",
                "sr-SP-Latn",
                "sv-FI",
                "az-AZ-Cyrl",
                "se-SE",
                "ms-BN",
                "uz-UZ-Cyrl",
                "quz-EC",
                "ar-EG",
                "zh-HK",
                "de-AT",
                "en-AU",
                "es-ES",
                "fr-CA",
                "sr-SP-Cyrl",
                "se-FI",
                "quz-PE",
                "ar-LY",
                "zh-SG",
                "de-LU",
                "en-CA",
                "es-GT",
                "fr-CH",
                "hr-BA",
                "smj-NO",
                "ar-DZ",
                "zh-MO",
                "de-LI",
                "en-NZ",
                "es-CR",
                "fr-LU",
                "bs-BA-Latn",
                "smj-SE",
                "ar-MA",
                "en-IE",
                "es-PA",
                "fr-MC",
                "sr-BA-Latn",
                "sma-NO",
                "ar-TN",
                "en-ZA",
                "es-DO",
                "sr-BA-Cyrl",
                "sma-SE",
                "ar-OM",
                "en-JM",
                "es-VE",
                "sms-FI",
                "ar-YE",
                "en-CB",
                "es-CO",
                "smn-FI",
                "ar-SY",
                "en-BZ",
                "es-PE",
                "ar-JO",
                "en-TT",
                "es-AR",
                "ar-LB",
                "en-ZW",
                "es-EC",
                "ar-KW",
                "en-PH",
                "es-CL",
                "ar-AE",
                "es-UY",
                "ar-BH",
                "es-PY",
                "ar-QA",
                "es-BO",
                "es-SV",
                "es-HN",
                "es-NI",
                "es-PR",
                "zh-CHT",
                "af-za",
                "ar-ae",
                "ar-bh",
                "ar-dz",
                "ar-eg",
                "ar-iq",
                "ar-jo",
                "ar-kw",
                "ar-lb",
                "ar-ly",
                "ar-ma",
                "ar-om",
                "ar-qa",
                "ar-sa",
                "ar-sy",
                "ar-tn",
                "ar-ye",
                "az-az-cyrl",
                "az-az-latn",
                "be-by",
                "bg-bg",
                "bn-in",
                "bs-ba-latn",
                "ca-es",
                "cs-cz",
                "cy-gb",
                "da-dk",
                "de-at",
                "de-ch",
                "de-de",
                "de-li",
                "de-lu",
                "div-mv",
                "el-gr",
                "en-au",
                "en-bz",
                "en-ca",
                "en-cb",
                "en-gb",
                "en-ie",
                "en-jm",
                "en-nz",
                "en-ph",
                "en-tt",
                "en-us",
                "en-za",
                "en-zw",
                "es-ar",
                "es-bo",
                "es-cl",
                "es-co",
                "es-cr",
                "es-do",
                "es-ec",
                "es-es",
                "es-gt",
                "es-hn",
                "es-mx",
                "es-ni",
                "es-pa",
                "es-pe",
                "es-pr",
                "es-py",
                "es-sv",
                "es-uy",
                "es-ve",
                "et-ee",
                "eu-es",
                "fa-ir",
                "fi-fi",
                "fo-fo",
                "fr-be",
                "fr-ca",
                "fr-ch",
                "fr-fr",
                "fr-lu",
                "fr-mc",
                "gl-es",
                "gu-in",
                "he-il",
                "hi-in",
                "hr-ba",
                "hr-hr",
                "hu-hu",
                "hy-am",
                "id-id",
                "is-is",
                "it-ch",
                "it-it",
                "ja-jp",
                "ka-ge",
                "kk-kz",
                "kn-in",
                "kok-in",
                "ko-kr",
                "ky-kg",
                "lt-lt",
                "lv-lv",
                "mi-nz",
                "mk-mk",
                "ml-in",
                "mn-mn",
                "mr-in",
                "ms-bn",
                "ms-my",
                "mt-mt",
                "nb-no",
                "nl-be",
                "nl-nl",
                "nn-no",
                "ns-za",
                "pa-in",
                "pl-pl",
                "pt-br",
                "pt-pt",
                "quz-bo",
                "quz-ec",
                "quz-pe",
                "ro-ro",
                "ru-ru",
                "sa-in",
                "se-fi",
                "se-no",
                "se-se",
                "sk-sk",
                "sl-si",
                "sma-no",
                "sma-se",
                "smj-no",
                "smj-se",
                "smn-fi",
                "sms-fi",
                "sq-al",
                "sr-ba-cyrl",
                "sr-ba-latn",
                "sr-sp-cyrl",
                "sr-sp-latn",
                "sv-fi",
                "sv-se",
                "sw-ke",
                "syr-sy",
                "ta-in",
                "te-in",
                "th-th",
                "tn-za",
                "tr-tr",
                "tt-ru",
                "uk-ua",
                "ur-pk",
                "uz-uz-cyrl",
                "uz-uz-latn",
                "vi-vn",
                "xh-za",
                "zh-chs",
                "zh-cht",
                "zh-cn",
                "zh-hk",
                "zh-mo",
                "zh-sg",
                "zh-tw",
                "zu-za",
                "ERROR : Unable to initialize critical section in CAtlBaseModule",
                "Aapi-ms-win-core-fibers-l1-1-1",
                "api-ms-win-core-synch-l1-2-0",
                "kernel32",
                "api-ms-",
                "mscoree.dll",
                "Aapi-ms-win-core-datetime-l1-1-1",
                "api-ms-win-core-file-l1-2-4",
                "api-ms-win-core-file-l1-2-2",
                "api-ms-win-core-localization-l1-2-1",
                "api-ms-win-core-localization-obsolete-l1-2-0",
                "api-ms-win-core-processthreads-l1-1-2",
                "api-ms-win-core-string-l1-1-0",
                "api-ms-win-core-sysinfo-l1-2-1",
                "api-ms-win-core-winrt-l1-1-0",
                "api-ms-win-core-xstate-l2-1-0",
                "api-ms-win-rtcore-ntuser-window-l1-1-0",
                "api-ms-win-security-systemfunctions-l1-1-0",
                "ext-ms-win-ntuser-dialogbox-l1-1-0",
                "ext-ms-win-ntuser-windowstation-l1-1-0",
                "advapi32",
                "kernelbase",
                "ntdll",
                "api-ms-win-appmodel-runtime-l1-1-2",
                "user32",
                "api-ms-win-core-fibers-l1-1-0",
                "ext-ms-",
                "         (((((                  H",
                "      (                          ",
                "CONOUT$",
                "SeDebugPrivilege",
                "C:\\Users\\Public\\Music\\8588\\Microsoft1.exe",
                "360tray.exe",
                "SeChangeNotifyPrivilege",
                "SeTcbPrivilege",
                "SeImpersonatePrivilege",
                "SeLoadDriverPrivilege",
                "SeRestorePrivilege",
                "SeBackupPrivilege",
                "SeSecurityPrivilege",
                "SeSystemEnvironmentPrivilege",
                "SeIncreaseQuotaPrivilege",
                "SeTakeOwnershipPrivilege",
                "SeIncreaseBasePriorityPrivilege",
                "SeShutdownPrivilege",
                "SeAssignPrimaryTokenPrivilege",
                "Author Name",
                "Trigger1",
                "2005-01-01T12:05:00",
                "2066-05-02T08:00:00",
                "S-1-5-32-544",
                " MFCMessage",
                "MS Shell Dlg",
                "MFCMessage",
                "1.0 ",
                "Copyright (C) 2017",
                "VS_VERSION_INFO",
                "StringFileInfo",
                "080404B0",
                "CompanyName",
                "TODO:  <",
                "FileDescription",
                "FileVersion",
                "1.0.0.1",
                "InternalName",
                "MFCMessage.exe",
                "LegalCopyright",
                "TODO:  (C) <",
                "OriginalFilename",
                "ProductName",
                "ProductVersion",
                "VarFileInfo",
                "Translation",
                " MFCMessage(&A)..."
            ]
        }
    ]
}