{
    "malware_data": [
        {
            "filename": "cb30f47c6e8148a5a89a61577dd8f3f312d7f434022b4b1f54a1d6e649a236e1.elf",
            "filetype": "7F454C46",
            "filesize": "45KB",
            "hash_sha256": "cb30f47c6e8148a5a89a61577dd8f3f312d7f434022b4b1f54a1d6e649a236e1",
            "strings": [
                "/lib/ld-uClibc.so.0",
                "libc.so.0",
                "ioctl",
                "printf",
                "recv",
                "connect",
                "sigemptyset",
                "memmove",
                "usleep",
                "getpid",
                "prctl",
                "memcpy",
                "readlink",
                "malloc",
                "__udivsi3",
                "recvfrom",
                "socket",
                "select",
                "readdir",
                "sigaddset",
                "send",
                "abort",
                "accept",
                "calloc",
                "kill",
                "bind",
                "__umodsi3",
                "inet_addr",
                "setsockopt",
                "rand",
                "signal",
                "read",
                "sendto",
                "realloc",
                "listen",
                "fork",
                "__aeabi_ldiv0",
                "__uClibc_main",
                "memset",
                "__div0",
                "__aeabi_uidiv",
                "getppid",
                "time",
                "opendir",
                "getsockopt",
                "__aeabi_uidivmod",
                "__errno_location",
                "exit",
                "__modsi3",
                "__aeabi_idiv0",
                "open",
                "clock",
                "__data_start",
                "setsid",
                "closedir",
                "fcntl",
                "close",
                "free",
                "sigprocmask",
                "getsockname",
                "_edata",
                "__bss_start",
                "__bss_start__",
                "__bss_end__",
                "__end__",
                "_end",
                "@ #!",
                " HTTP/1.1",
                "User-Agent: ",
                "Host: ",
                "Cookie: ",
                "[http flood] headers: \"%s\"",
                "http",
                "url=",
                "POST",
                "/lib/",
                "/sbin/",
                "/usr/",
                "/proc/",
                "/exe",
                "/fd/",
                "socket:",
                "/proc",
                "abcdefghijklmnopqrstuvw012345678",
                "cVXERCV",
                "^YQRTCRS7",
                "D_R[[7",
                "RYVU[R7",
                "DNDCRZ7",
                "UBDNUXO",
                "`~t|rs7",
                "`~t|rs",
                "VGG[RC",
                "QXBYS7",
                "YTXEERTC7",
                "\\^[[",
                "XP^Y7",
                "RYCRE7",
                "VDD@XES7",
                "{01\"{#5 7<0;3T",
                "{01\"{9='7{#5 7<0;3T",
                "DRCtXX\\^R",
                "ERQERD_",
                "[XTVC^XY",
                "TXX\\^R",
                "TXYCRYC",
                "[RYPC_",
                "CEVYDQRE",
                "RYTXS^YP",
                "T_BY\\RS7",
                "TXYYRTC^XY",
                "DREARE",
                "SXDVEERDC7",
                "T[XBSQ[VER",
                "YP^YO7",
                "tXYYRTC^XY",
                "\\RRG",
                "V[^AR7",
                "vTTRGC",
                "CROC",
                "_CZ[",
                "VGG[^TVC^XY",
                "O_CZ[",
                "^ZVPR",
                "@RUG",
                "{VYPBVPR",
                "tXYCRYC",
                "cNGR",
                "QXEZ",
                "BE[RYTXSRS7",
                "bDRE",
                "vPRYC",
                "tXX\\^R",
                "_CCG7",
                "gxdc7",
                "cdXBETR",
                "rYP^YR",
                "fBREN7",
                "ERDX[A",
                "TXYQ7",
                "YVZRDREARE7",
                "Mqqd",
                "tTZV",
                "`_{m~@PvZmC",
                "AAcp}",
                "}Crb",
                "T~aoe",
                ".shstrtab",
                ".interp",
                ".hash",
                ".dynsym",
                ".dynstr",
                ".rel.plt",
                ".init",
                ".text",
                ".fini",
                ".rodata",
                ".ctors",
                ".dtors",
                ".dynamic",
                ".got",
                ".data",
                ".bss"
            ]
        }
    ]
}