{
    "malware_data": [
        {
            "filename": "c716bedd906bb5ac14606e0eab0c4fab90c4e95250972257bf3bf0957159edd8.elf",
            "filetype": "7F454C46",
            "filesize": "21KB",
            "hash_sha256": "c716bedd906bb5ac14606e0eab0c4fab90c4e95250972257bf3bf0957159edd8",
            "strings": [
                "sfga",
                "S`tc",
                "p3np",
                "h6]?",
                "[1WtS",
                "kcWC",
                "$M(,4",
                "cU?G3m8!",
                "@c~#",
                "c3O#",
                ";S{C",
                "3TK0G",
                "<LiX",
                "p80K+",
                "#azK",
                "+i ?",
                "!;+A",
                "7s69",
                "s<;!3",
                "_h;3w",
                "4#./",
                "`'@4",
                "{[q{",
                "lc\"[",
                "[>4n",
                "t_s ",
                "cK7(%",
                "_vwC",
                "?7hh",
                "#pP(",
                "(K&W",
                "[Q3 m",
                "X`C:P0",
                "#[KP",
                "8*L8",
                "C6S0",
                "S @n/8P&;k",
                "6w@D",
                "SO;@",
                "?w,1n",
                "JW&/",
                "o6vg",
                " r+l3",
                "cap[<wZ",
                "+|a,c",
                "Y@Op",
                "aY#V3",
                "C[:w",
                "Lp;5",
                "<O|C(",
                "j0pG5",
                "8[.V`",
                "cQ1.",
                "Ofw+",
                "/k B",
                "{mtOC",
                "7t# ",
                "!kCc{",
                "/k0K",
                "AW|S",
                "^v7N",
                "G@{'",
                ":0$5",
                "&U'/bk",
                "(/U0`;pfj",
                ".Wb j%",
                "u+\"6",
                "SP|[U",
                ",`;`",
                "'H`S0@",
                "C1ZK",
                "g73Z`",
                ":ZC9nG",
                "FK`E",
                "QEBZ",
                "f.CT",
                "\"<#l",
                "H#81",
                "AD / ",
                "GS/*",
                "[/ _ax[",
                "'Cx;",
                "nO|?",
                "*mC0U",
                "/^G(",
                "7@%[X",
                "'GUr",
                "}s@A",
                "{Wgb",
                "]gN4",
                "'/T2g",
                "r6@ ",
                "Q6;P",
                "AMW$uO-",
                "+1O@,;",
                "2/@d3",
                ">;@d?",
                "BkdC",
                "M4 48",
                "(M@04H",
                "$M<,2{{",
                "/W+F^",
                "wg[G",
                "'X;o",
                "p FG",
                "Xw(?",
                "-*u]",
                "B'*6'",
                "oj([;",
                "? s#",
                "q@wY3",
                "<#3/",
                "`tK$",
                "@GY?!o",
                "\"z?0!",
                "pw5wj",
                "?TNK",
                " =?{K?q\\",
                "W$P8",
                "S0/T8",
                "{w<c",
                "+Q=[",
                "cSA{",
                "38(m",
                "sek28",
                "HMHX4X",
                "<34MLD4\\",
                "sa?{1",
                "30;d",
                "TLiD d",
                "_KPnS",
                "0\\fs:",
                "BC(_O",
                "{1`#",
                "Cs&g",
                "Vkb:",
                "!K'!",
                "C .W",
                ",K1T",
                "lo8KW",
                "tQu;",
                "W$U2;",
                "6GZ43x",
                "?_cfj",
                "&5{R",
                "`VOP",
                "G!3K",
                "`:&_",
                "!udp",
                "1024",
                "/proc",
                "/15.1",
                "unknow",
                "dCK ",
                " * :",
                "IVMSG #",
                "7PING~?PO",
                ",(&+",
                "opbang.",
                "nil)",
                "hlLjzt",
                "pxXo",
                "?ifFeE",
                "gGaACSc",
                "0-#'IP",
                "1{7>",
                "sUIm",
                " erXwro",
                "Succ",
                "esFO",
                "mitte",
                "o s\"",
                "}rectm",
                "AInt",
                "Tup5",
                "v6:Hm",
                "Vadd",
                "rDAr",
                "gumeI",
                " liA",
                "n'ma",
                "scriptfV",
                "yrc8",
                "2k\\'em|",
                "Bu,k",
                "@mvIs",
                "T0*[",
                "0in ",
                "Bapf(",
                "fn&on",
                "evty",
                "{b@B",
                "IsUjB",
                "vdCh",
                " 2~-en",
                "hr_ized`",
                ",Ne  ,",
                "g-sI",
                "gkk%=W*?Lbj",
                "sg)s",
                "RFSf",
                "=Nam",
                "[Pgs!",
                "v|a.=",
                "aM<ies",
                "pe}Ka",
                "k81Bw",
                "VHMu",
                "7q o",
                "#D'wrp",
                ";HgnXAqe%",
                "4snp>nqnn0tpon I",
                "?|fferH/+",
                "st`[Vnr'",
                "grFrGwa",
                ")%Z/",
                "ENFS",
                "[Cd0AS",
                "XENI",
                "U2#X",
                "=I/O ",
                "%l!/",
                "OAN[",
                "CAk[S",
                "4.002021",
                "/proc/self/exe",
                "/proc/se",
                "lf/exe",
                "lSr.",
                "8p;{",
                ";KUP",
                "0s;+",
                "c/[G",
                "4C4k",
                "$oj7Q",
                "?C(+",
                "@bQsHc",
                "b4`d",
                ".8c.",
                "GCC: (G",
                "NU) 3.",
                "2 200",
                "ian pre",
                "leas",
                "UB,2",
                ".shstr",
                "init",
                "tex\\f",
                "rodak",
                "~ctors",
                "comm",
                "8k']"
            ]
        }
    ]
}