{
    "malware_data": [
        {
            "filename": "149e50cf48fb35fab9ba319d734c4894a578e6a9d764cda6a63607dd41f656ef.elf",
            "filetype": "7F454C46",
            "filesize": "52KB",
            "hash_sha256": "149e50cf48fb35fab9ba319d734c4894a578e6a9d764cda6a63607dd41f656ef",
            "strings": [
                " NUPX!",
                "U#4C",
                "f^q3F",
                "\"dgW",
                "I<Gw{*Zn1",
                ".&'N",
                "@:R3/",
                "V.nn",
                "#-; {Uv",
                "cuSL",
                "($-7",
                ">gG)",
                "|ZG7",
                "n\\kk",
                "D2-{?",
                "N%Lc",
                "nc42c.",
                "9WZF",
                "m@Vz",
                "|Y.?@O",
                "zju*",
                "|Ez-",
                " eac)",
                "8e\\>",
                "_mpK",
                "do=TB",
                "bZmf_",
                " KH|;",
                "d\\6!",
                "V+h}*BF",
                "~EM$a",
                "W.L@|",
                "L`E|",
                "@}Lks",
                "Rxz*",
                "$a^f=",
                "B;Qp",
                "3yH~}/",
                "fnW_",
                "yUsU",
                "\\ua #'b ",
                "<}P4m",
                "_V8vq",
                "iK!V",
                "<l:*",
                "Jq\\,",
                "uA-s",
                "8\"L5",
                "R>#{",
                "F5JX^Gw",
                "5t,A",
                "Xq5r",
                "X5}#",
                "rl&U",
                "dtYwT",
                "+gIh",
                "-eQ7",
                "$gd8",
                "jwWt",
                "ug4K",
                "VCz[",
                "5}c|",
                "nwYw;",
                "Iy7J",
                "{MI{",
                ".CIv",
                "UF291",
                "4a'\"",
                "cd]I",
                "QY+(C",
                "p.*f",
                "}hF`",
                "D3a6",
                "J}$%.y",
                "nnID6)",
                "A+Bkc",
                "wQU_",
                "Yd!R",
                "f>gA",
                "qE#G",
                "\\MX0",
                "fSu9u",
                ")v=@",
                "X,-I0",
                "cp(ZH",
                "rCCs: ",
                "YSg<0|j",
                "ksgU",
                "+&Kf",
                "%n3n",
                "FpYL",
                "G`\"4",
                ",MQ3",
                "M-W9",
                "48JK",
                "As|JTY",
                "$>H{v",
                "EyS`",
                "4oT<",
                "Y:Se",
                "z)wmI",
                "wj9H",
                "K>uw",
                "]P)f",
                "q^Z!T",
                "O\"k;",
                "HR)=.",
                ".MC!B}",
                "{M.)OJ",
                ")^tx",
                ":Y[Mt",
                "?xR|",
                "j0<4",
                "S{ks",
                "K&gfl",
                "faoz{N",
                "!ccd# ",
                "^vCc$",
                "m$%a",
                "Qoyt",
                "i4kn",
                ">~(\"",
                "3<F@",
                "rPlG /r",
                "]h/5",
                "jW3W",
                "A5\\V",
                "Q0};,",
                "X:0Z",
                "MNg*",
                "VsjIR",
                "wAeg",
                "p+`h",
                "i3F$`u",
                "\\!X=",
                ">{}3T",
                "O%U:G",
                "e>%0I\\<",
                "P!=c",
                "Mf9v",
                "]NCa",
                "X>bId",
                "@Kn!P",
                "O=Z'5~",
                "!LXe",
                "cP-o",
                "H,@s",
                "$hWG",
                "D^6 $Zd",
                "h\"}8P",
                "WE!~",
                "Y},`6",
                "9wiu",
                "]q8}=",
                "uGwM{",
                "RP\"A",
                "$YxR",
                "WC@!,",
                ">m=L",
                "&'\\s^",
                "6ZQ}",
                "y$N^/",
                "JgBy",
                "]yWd",
                "JY1S#",
                "WNA_",
                "xFw@}0",
                "U\"'|2z",
                "\"t%!,",
                "09<{",
                "n}t<",
                "PPbt",
                "^|W^",
                "^_0eq",
                "\"\"m|",
                "(3v#,oj",
                "={Yl",
                "ne#l",
                "3=fWR{>lr",
                "6nS-",
                "yY^h",
                ")::h J",
                "}xp}",
                "h\"z3",
                "a.61",
                "$f)!w",
                "l_Nrf",
                "``1i",
                "w0ok",
                "OtS6",
                "7Si@(",
                "+Q0Tz",
                "Ag(g",
                "=UXk",
                "ZQ\"qO",
                "~:ox",
                "/+g4",
                "GN\"#",
                "p5$D",
                "D'0]KL",
                "|Tjn",
                "Rg.(",
                "_#hP",
                "dPBp",
                "@$WF5",
                "ki*j",
                "D((+N",
                "[`#s",
                "o+kR",
                "{k5E",
                "^9e-T",
                "6Cj%",
                "e`qi=",
                "*2UJ",
                "GeHP",
                "DAdt",
                "/kELkr",
                "p?D@",
                "5>K9",
                "vB.'",
                "ogzw.",
                "-K')d",
                "o_,:Q",
                "W}2uk",
                "Ru.d",
                "9/b1",
                "2ZL|",
                "Qr{0'",
                "1Ciz",
                "e$_kn",
                "Ran-",
                "!0id",
                "IS0V^",
                ">j}@",
                "[dHXd7f",
                "bbdUh",
                "W+vM",
                "qr`~",
                "hGuI",
                "z>Io",
                "RmSl",
                "Fl0&",
                "bwhY",
                ">iVc=2[",
                "=&%8",
                "->J_",
                "+=<5.L[",
                "~Icb",
                "XEe_",
                "0|`k",
                "gJ(i",
                "V&3o%#",
                "B;Z;",
                "=9vH",
                "UqkN",
                "c|_\\",
                "!LV.",
                "qSe-",
                "]g;6C",
                ")\\KoX",
                "uIVre",
                ">|:Es",
                "V(oC",
                ";9!i",
                "Z5`.m",
                "P:$}",
                "IENZ:",
                "d4SB]ZQq",
                "Ev$?",
                "X?4WU",
                "!zD[",
                "!Sj[",
                "T<38",
                "*:jU",
                "T3>'",
                "a{.:",
                "|CPC",
                "H5DG",
                "mg~u",
                "gBU{",
                "O7,|j",
                "3_=q}",
                "ZZq4",
                "c'u%",
                "\\$Q,",
                "'^|8t",
                "f.r ",
                "*7QU<0@",
                "[1Hp",
                "$2o z ",
                "eqHg",
                "bu1k",
                "Y\"}[",
                "Hpvm",
                "zaX<",
                "78qV5k",
                ":?#)",
                "unO7",
                "E^JJM",
                "LeNH",
                "W2hr",
                "M5Im",
                "k0;u",
                "+u.7",
                "zt>}",
                "\"h3h",
                "ol'*!",
                "g.GR/",
                "28.0",
                "O>d}",
                "L- Z9",
                "+myt",
                "#[$z",
                "dQU$",
                "!|;US",
                "10[m+G!m",
                "dBzu",
                ".eqj^",
                "ZhHQ",
                "H+0M",
                "+Gta",
                "v&4>e",
                "{H,M~",
                "}.T4\"C",
                "nd:G",
                "8}WHb",
                "Nzee",
                ":PJ^",
                "#!dG",
                "n9Bo",
                " HeA",
                "Dj{>/F:",
                "%C#J",
                "{b%QE",
                "!Wm3",
                "W$:h&",
                "u%-E",
                "#N3^",
                "zbjD",
                "&N^$",
                ">:[L",
                "hL3R",
                "U$Z-",
                "t[#K",
                "%jyH>",
                "Kzk6G",
                "DbEN",
                "JUI[?",
                "P{, ",
                "z9rX",
                "=_=x\"",
                "ee9k",
                "l(rb",
                "`\\g?7",
                "M]:\\G",
                "b})Q",
                "'C 0",
                "7@hCZ1D^d",
                "TP\\0",
                "EJ/Q",
                "&%Y:Z",
                "3D)b",
                "YR[|",
                "nMfD",
                "+BkE",
                "?-yl@",
                "yUjm",
                "rY*d",
                "np@M ",
                "xv9b",
                ",J*!UK",
                "=Uy\"",
                "BO_.",
                "dQE>",
                "QQ|0",
                "EDMA",
                "6 nw",
                "z9L1",
                "[5af3c",
                "lJJMg",
                "wbyQn",
                "s;[?",
                "su=X",
                ">B=F1",
                "EAXz| ",
                "~gFf",
                "eQDjH",
                "MM'.n",
                "[^>L",
                "hdLK",
                "sG]*",
                "+i3^",
                "mt*mA",
                "#1&J",
                "gAM'G",
                "$Dx0\"@",
                "Pb )",
                "PROT_EXEC|PROT_WRITE failed.",
                "$Info: This file is packed with the UPX executable packer http://upx.sf.net $",
                "$Id: UPX 3.94 Copyright (C) 1996-2017 the UPX Team. All Rights Reserved. $",
                "5n9#",
                "]=2)",
                "%b')",
                "/Cw@Z&",
                "9e(1",
                "xjqX",
                "/Vv<",
                "-zL0U",
                ":LM'",
                "~!'\"?",
                "gn;>",
                "`dOW",
                ">G\"V",
                "G0KT",
                "o9ruVu{",
                "A3Zp",
                "5(Ix5",
                "[NI.",
                "[zu%Z",
                "b/h>@%",
                " ;\\4",
                "+Ofp",
                "ndm.",
                "(:h,",
                "z1b2",
                "[VB-",
                "pBUE",
                "d(Y0",
                "\\%sU",
                "GG%K",
                "Lu\\?9",
                "D()b",
                "[kXr",
                "X#\\@~N,&",
                "S_-U",
                "D0z|!",
                "x2V;",
                "L;[m",
                "i.`J1",
                "A@mH25",
                "KZKm",
                "<7\";",
                "wqjo",
                "?aC7[",
                "CXj%",
                "$B=f",
                "fpBJ",
                "em qG",
                "tI\"3",
                "hp?S!_",
                "8MLG",
                "wo45(",
                "*[a5",
                "8Hew",
                "Lf(.",
                "Iw:!",
                "xno\"",
                ".TwX",
                "mI(;~",
                "jENS",
                "8VRa",
                "X'Cx7P",
                "7Q&%k",
                "[YM.",
                "H,M.'",
                "bo^,",
                "Oz@z",
                "NIWw",
                "!0M?",
                "t,}`+",
                "H5uv",
                "C{W1",
                "'SNqf",
                "8aFu",
                "VN)yG",
                "0A}H",
                "dJ9*f",
                "pRUM",
                ")@i=",
                "CX->",
                "a!Qu]2",
                "wp9y2",
                "iv0E",
                "MU3o",
                "1#F^P",
                "%\\Gl",
                "7usWr",
                "~g8c",
                "~*{}",
                "4:JP",
                "0ESe",
                "8}FI",
                "Uoz.",
                "n_-z",
                "oWCZ",
                "+!.,",
                "95}-",
                "=l_d",
                "oL<Pn8",
                "V\"E,",
                "(>Etv",
                "O6J7,",
                "'26<0",
                "z[N:r",
                "857n",
                "S$B{",
                "J,i%",
                "&Xu]/",
                "lzE)",
                "Q*E'",
                "4ExK",
                ",@Whl",
                "mtl:",
                "+1|h",
                "9HjYR",
                "M=^}",
                "J\"7U",
                "sAg9",
                "](c]",
                " cb}F",
                "r!MX",
                "43,R",
                "qa[p",
                "`n56",
                "p(6#",
                "w+7Ijk",
                "3)$k",
                "%~[N",
                "$1o>",
                "-CJL",
                "?@&m",
                "lp#ITU8@\\",
                "[F_/]w",
                "ER4C",
                "2B{8",
                "?,MM",
                "iZm_",
                "&^CuV",
                "FNux",
                ")hJE",
                "PS{(",
                "z2\"S",
                "P!Re",
                "h_:/",
                "^wC]",
                "Ciy_",
                "b[Tb-",
                "Vx=<",
                "XE{+0q",
                "{Ra:",
                "$6h-",
                "5Bu@",
                "G7/m",
                "I1$Mg!",
                "?<CF",
                "C{g*o",
                "b^IO",
                "!W +",
                "X-X-",
                "zQzb",
                "5QH*]xM",
                "Io'*",
                "=('l",
                "h]AWP",
                "B5R/ ",
                "+IW^",
                "/g8=&",
                "J8h:,&",
                "1TW&",
                "#;7]Q",
                "NCKP",
                "Hk1w",
                "oCVW",
                "qd<I",
                "xy4K",
                "tH}|",
                "w0;`",
                "4ULL",
                "LJ2u",
                "FG9 `",
                "o'{N",
                "K~ g",
                "*q[mZn",
                "y$<U",
                "UJ~-v",
                ">_J^",
                ")QgO",
                "cm?u",
                "?L~i",
                "6QUE",
                "#BH?",
                "fz1G=",
                "uC.1Gw$",
                "4UJN",
                ")UYI",
                "u1=WB",
                "g'w\\",
                "uFWmt",
                ".ia?",
                "aS|i-",
                "~xd\"",
                "4pZyZ",
                "=$4cT",
                "T(\"q",
                "g@im",
                ":S{X",
                "w09A.",
                "bB1]Z",
                "[t[x",
                "UPX!"
            ]
        }
    ]
}