{
    "malware_data": [
        {
            "filename": "caf40c1678b62e1fefa323b0c60604905258eca5f153d6bf51487d483463784c.elf",
            "filetype": "7F454C46",
            "filesize": "44KB",
            "hash_sha256": "caf40c1678b62e1fefa323b0c60604905258eca5f153d6bf51487d483463784c",
            "strings": [
                " 4_?wq",
                "G  9",
                "HB[U",
                "['Wi:",
                "Td#w\\",
                "N`,a[",
                "U`qB",
                "Od1V",
                "r}{O",
                "s34_",
                "\\3})+",
                "Z|vX",
                "fIUa",
                "t;AZo",
                "~iR+",
                "@23#",
                "v+ax",
                "7G\\m>",
                "eRRM",
                "COrj",
                "dh(|",
                "sIpF",
                "IF?k",
                "?PGz",
                "'FKcW",
                "]LfD",
                "OfZKH",
                "Y.c~",
                ":$<t9",
                ",W<L",
                "3CDT|",
                "L?iK",
                "~mI3y",
                "0A7&I5",
                "5G{V",
                "L-fL",
                "9WsM:8",
                "@sa4m.t",
                "1.u^",
                "cgpY",
                "V;@wk5",
                "W5lj",
                "B09-",
                "]Nmr+",
                "G=wI",
                "Yud1R",
                "n.9!",
                "RN<d",
                "^I|iI",
                "HQzS",
                "X8!C",
                "n!0aZ",
                "4k4fq57",
                "'M b",
                ")kc+",
                "^K@pM}/8",
                "xN9]",
                "%bp1",
                "hcD>",
                "a~Q/t",
                "z(A0,9",
                ".:Px",
                "G\"-87",
                "C@Z(",
                "EZq|^4Q",
                "V3uo",
                "DQ&N V",
                "e8PP",
                "b^Jp",
                "0adPC\"",
                ".}Wy",
                "\\sud",
                "tV8cU",
                "}S,9{b",
                "|N!5",
                "1Uk<p",
                "FV9g",
                "hTW>2",
                "9oT&b",
                "qsNU",
                "CEDdQj",
                "\"I,e",
                "#,6ss",
                " 85<",
                "c-o}ID",
                "`^m#",
                "bW\"CG",
                "6~q@",
                "MO6/X?M",
                "?b16",
                "eouJ!E",
                "dZ\\s",
                "#[#na",
                "Ev2;",
                "7fHP\\H",
                ", Xd",
                "74\\#",
                "/?A}",
                "W-R4fnJ)",
                "1bc@`b[",
                "\\.tF",
                "hdh9",
                "($R6 ",
                "A s! ODj",
                "uWHI;",
                "wV\"\"",
                "/UU4",
                "*Eo`q",
                "oN1J",
                "#C@d",
                "e~rB",
                "|I#9",
                "g-p5",
                "P\\yZ",
                " PWR",
                "<+G[",
                " dAK;",
                "?'yL",
                "jdXd",
                "]V!Pp",
                "5rjr",
                ":1P6",
                "ttd.",
                "e'SYbE",
                "`B?`",
                "[/yJ",
                ":>R/",
                "^'![",
                "P;iJc=",
                "f3<{",
                "@%1\"/",
                "c[!${",
                "7kv6",
                "J?/>",
                "x!_?^",
                "cz0q5",
                "R7E`",
                "~LnS",
                "a V!",
                "f]Oer.",
                "bK;,kTG",
                "9ly?",
                "V$}qZC",
                "`q}%LWv",
                "GHr;X[",
                "*$mHA",
                "Nwm4",
                "5@Aw",
                "%#=9uF",
                "<8u6e",
                "bi(/",
                "OM\"a\\b",
                ">|6n",
                "j%Q6",
                "fO`<",
                "YS$DLb1",
                "IJJp",
                ")_f2$",
                "?X(j",
                "&S3L",
                "_M2I",
                "e-X3",
                "I{qX",
                "/Sbj!=$",
                "+o/^",
                "S>^!",
                "K/XW",
                "/*lNU0z",
                "7ym15",
                ":xf}",
                "y~p ",
                "GD5w",
                "r|/o",
                "%mP$",
                "7]Mm",
                "VZW|kb",
                "]tdw",
                "zeSd",
                "]Nq[US/",
                "j!|w",
                "CC].",
                "},yV",
                "0f9F",
                "|:>k",
                "pg5b",
                "!HFf",
                "$xr1",
                ":O+$O",
                "vTD':z",
                "^} D\\{",
                "_aY1y\"z",
                "kByBcPZ",
                "TB^U",
                "yw`\"L",
                ">W)&",
                "l/3,",
                "7}Ri",
                "~52t",
                "35@YI",
                "Q<$)",
                "VuYs",
                ">c};",
                "ePbA=",
                "2i?f",
                "l_K@",
                "mGI'",
                "^:cmG",
                "pfha?",
                "j|t7h",
                "=y@|",
                "1_cF",
                "q;d?",
                "bBxP",
                "D/-D",
                "(J1l",
                "-<Qm",
                "F A33",
                "XA-c",
                ">m=U",
                "%9j-",
                "&1\"D",
                "cSg3",
                "i'W<w[",
                ":veL",
                "8Y]1",
                "$!Es",
                ",PtGH",
                "eUA)",
                "In)>_B;",
                "OPA>",
                "QmQ ",
                "=p>!U",
                "S|__ig",
                "]=(~",
                "cju5*vP",
                "Db(&",
                "jO.d",
                "0,)C",
                "sys^",
                "R\\i#",
                "#96KY",
                "o*^&",
                ";F)Y",
                "aGySf",
                "h+OQ5",
                "'qs*",
                "&M0I",
                "H{D\"zDo",
                "3\\u`",
                "r6Q9E",
                "Dsh#",
                "o1k$",
                "t?}\\",
                "]b/h8",
                "$.8PET",
                "RvUVLT",
                "@M,YQzx",
                "u(ZJ",
                "P` $C",
                "fb1iIQ",
                "U1~'v/%A",
                "_v57",
                "Cthf",
                "_shl",
                "q #_8",
                ">b\"vK",
                "-&@NZh",
                "%k2J",
                "5r3z",
                "Lm+\"*",
                "=*>l",
                "KscOE",
                "zkb=}",
                "KO/(z",
                "tJF5xf",
                "<gd)",
                "Kh: ",
                "O F>",
                "|w8s",
                "1i]Yi",
                "1MKet",
                "1F,y",
                "lddx",
                "EZI@",
                "R]2+9>",
                "L0Lk",
                ".cep",
                "S,Q+",
                "<KEn;",
                "[D9@",
                "x_BDE",
                "f>\\J]{",
                "]HQvs3i",
                "/k-j",
                "kS5E",
                "?tI(up",
                "PR4X",
                ">C.3g",
                "=o`1",
                "\\Y+dX",
                "V!,&",
                "V%#3R",
                "A|tDh}",
                "P?eq",
                "0Z@_",
                "bc/#\"@",
                "$9<3:",
                "kS.\"R",
                "UZh9",
                ":_A8",
                "ZFpg",
                "\"Yf8",
                "~GKT",
                "KOQv",
                "iEUk}8",
                ">E?$~s",
                "o8c-_i",
                "<X6Z",
                ":])\"<",
                "@;9aW",
                "{Vbd",
                "&WF x6'K",
                "kgFg",
                "G6rw",
                "U9Sfs",
                "F{DK",
                "qH+F",
                "v1c4",
                "l\\eu",
                "|R266M",
                "f- +",
                "'hH|",
                "O>kg",
                "]q8L",
                "UAA@",
                "=Q(J`;",
                "d!'91",
                "t$a*",
                "sba^]3",
                "t%s;",
                "78Pg{",
                "3~]30",
                "Y/(Sv",
                ">l>\\u",
                "@wl~",
                "NTOQ",
                "aI$%",
                "?`?-{",
                "_iC ",
                "H]TqLF",
                ",CmZwM@",
                "/utb",
                "UMZ1o",
                "Ukps",
                "R64>ST",
                "fn}CK/",
                "p(p\"",
                "V7-<-",
                "Vjh1*(",
                "D#0%w",
                "MV1kK",
                ">{ 9Q",
                "o',}",
                "PyAy6",
                "?\\1F",
                "%{!Cg4",
                "U`?`n:_q8[",
                "g7Tt",
                "G*jhzz",
                "HSlh]",
                "VJ&e",
                "B&xt",
                "oB<R",
                "Z\"qa/ ?",
                "t|/c",
                "6Q.Nd",
                "_$q&(",
                "eiB)1",
                "\"skc",
                "?M!U",
                "6j2U%",
                "`0jX",
                "qTlS",
                "||WJ",
                "F!eU",
                "**_s",
                "J>sX",
                "WiW{",
                "2$ (",
                "ecpy",
                "Pb )",
                "$Info: ",
                "/proc/self/exe",
                "x/Y ",
                "H}#L",
                "D:Q(",
                "$}.>",
                "*D9=",
                "GcUV",
                "lUw\"",
                "T`4N",
                "oAB/",
                "|97gA1_",
                "5E*X",
                ".@9!",
                "\\Qm[",
                "rh),$'-",
                "j*7NN",
                "WA+?",
                "*qN8",
                "V-99",
                "K^3+=5C!",
                "=QG$",
                "}f~B",
                "BD}!",
                "G[=p",
                "j}>Ev",
                "l!Akq",
                "v~_X",
                "dt>,",
                "pBR'",
                "{L=|",
                "[hb=",
                "&$_9X",
                "uM+<",
                "Y,~6",
                " 9nd'",
                "q6c^8",
                "|?G+",
                "S4'w",
                ",vE/#Q",
                ":pMZ,",
                "dc;o~R",
                "V4>}",
                "lsUP",
                "nT\"@C",
                ",9r\"",
                "a:@.",
                "mcXy",
                "!d+@",
                "Ct,H",
                "K1=:",
                "{V}tL/",
                "FCeo",
                "I\"B7(:",
                "{AG|",
                "+zJ(",
                "u\"m]",
                "7Q%\\S",
                "ocdZ",
                "5C?l",
                "uGbh",
                "iV(Y",
                "eM,*",
                "TIF~",
                "9#8:8",
                "[#x*Ue",
                "m%Of",
                "FF;A`K",
                "aHX7",
                "xi+q",
                "Y'XlG",
                "uSf@",
                "/]|+",
                "Yqc-",
                "+_Uy1",
                "YT4v",
                "1h]8h",
                "j$^h]",
                "^iK)",
                "_7Xl",
                "\"/|48",
                "Yi3v",
                "z`S7",
                "0.%/",
                "]$YU",
                "U^4u",
                "ZU,O",
                "E=0M",
                "fo'&",
                "Ga@,",
                "{KuK",
                "B\\FY/F",
                "=8*k",
                "_Fpl8",
                "VpSp",
                "A^FJ",
                "?!W9W",
                "{kB\\",
                "K-&,=c",
                "S]!ZL",
                "p?J#1",
                "K_]GW",
                "Jde,",
                "0{r;",
                "jVH/",
                "8;fX7",
                "*v7D\"8",
                "r'iP",
                "ue1(}*$",
                "`]]N",
                "A\\vf",
                "1f>3NI",
                "|8p{{<",
                "{tg&",
                ";dh%",
                "s@YAp",
                "m2jM",
                "w\\J@",
                "xGWLv",
                "k $x",
                "x{7o",
                ":m45",
                "t<B\"",
                "1`(R",
                "w:TS",
                ".Kh#",
                "m[FG0&r8",
                "T\"\"R",
                "ayV\\",
                ";J&D",
                "[=wB",
                "T4*R",
                "]YJ9",
                "3G+l",
                "LfR#"
            ]
        }
    ]
}