{
    "malware_data": [
        {
            "filename": "c50b9fb22b839b3119712ff166a8e7020c291b9f71c7a3e99c4e7211a0380250.elf",
            "filetype": "7F454C46",
            "filesize": "29KB",
            "hash_sha256": "c50b9fb22b839b3119712ff166a8e7020c291b9f71c7a3e99c4e7211a0380250",
            "strings": [
                "UPX!",
                "&$U*",
                "PTRh6:@",
                "WVSC",
                "Cj&+",
                "@;%u",
                "g@F,",
                "L$$Q",
                "'4+<;n",
                "1t#r",
                "X_[O>",
                "g^mxB",
                "K!@.C",
                "\\HOdL",
                "CbW|)",
                "#(j@j",
                "4fT6",
                "w{HB",
                ")FA0",
                "X04C",
                "9\\usa",
                "S){:VV",
                "eXan-6p",
                ")&EG",
                "t2^HF",
                "?jw\\-",
                "4]d!",
                "\\k.ta",
                "PLPg}\\",
                "G]XW",
                "%rPS",
                "$= RV70H<h",
                "x@;\\",
                "^UdcL",
                "&:;%",
                "LD2:[",
                "tl3 ",
                "pil2",
                "\\S$SJ",
                ",P 8gSP",
                " SDSd",
                "HX<;",
                "5y*(,",
                "6'0P4g",
                "&p76?(",
                ":dH,",
                "PPL$ ",
                "N*PS:r2",
                "J[SF",
                "C.L004",
                "W~n,T",
                "*(2i",
                ",G.P",
                "+9I[QQXZ4[",
                "EUEh",
                "Arr (",
                "fXWAp",
                "K Mx4X",
                "(nB|p",
                "0NQZz6",
                "4L4g",
                ";\\t:WW",
                "uEp\"",
                "R_.:",
                ",VSb",
                "VSVS",
                "L K\\[",
                "q88$",
                "i(fP",
                ";X`d",
                "\"95s",
                "l$\\U",
                "&Xf;",
                ":!em",
                "$d{`0B",
                "8:C/",
                "s&hm",
                "#[kn",
                ",I3V",
                ".(M+",
                "%t$N",
                "$Rhv",
                "O- '",
                "9d)^",
                "<%/>H",
                "IdF$",
                "JvQhC",
                "O@d+I",
                "kRVP+xC",
                "R>[@l",
                "CRPEr2d",
                "e@7A",
                "XFr$GI,x",
                "S( <",
                "vS`+",
                " MCu-",
                "?:<g8T~",
                "<i]$",
                "\\t@HZX",
                "d@.:<FF,9@",
                "N.s6P ",
                "Iaj(&([q`",
                "8>XU",
                "EO|%Xj<V",
                ";43L",
                "Ujnr",
                "uISSf",
                "=(SZ$#=w",
                "c.'9",
                "(.tUR",
                "[k'9",
                "$}C$[:2",
                "!''48",
                ".St:UU",
                "VVh1h",
                "WPP7",
                "iz[@@&b",
                "(}\\c8!",
                "pB@m;oB",
                "@D#A",
                "sGWV",
                "M8PV",
                "A;H(DO0",
                "I G2 ",
                "s ]!@~",
                "ivdv+",
                "d0$P",
                "*FHS#",
                "44F,",
                "xdvlcX",
                "b7-lg",
                "Jp2o",
                "F_<0",
                "\"[%(",
                "h@fh",
                "6])y,v",
                "f{1cX",
                " ]9,",
                "W1kH",
                "XlZm''",
                "##FY[,W",
                "7Xv`:",
                "4<S@Z",
                "/pro",
                "[hc/",
                "exeC",
                "ZYS)w7",
                "&:N ",
                "F~nGjt",
                "\\OUr#",
                "CQ)Ox",
                "pH0|+",
                "}Ak/",
                "PX`vI",
                "q\"Wi",
                "F7jJVU",
                "w>%y",
                "[Q2Z",
                "=rUh",
                "yhFA",
                "P\\(Z",
                "/o(D,6",
                "th26",
                "Ca6!",
                ";ctY^",
                "e(gU",
                "MWX>",
                "tp-/4",
                "a<_Vj",
                "v/%<X",
                "h8a5R",
                "U([h0,",
                "`T!&",
                "id~g~",
                ",hR0",
                "~G($",
                "hziNN",
                "48Vh",
                "d,Ip",
                ":h(R",
                "Au c}k",
                "QhAw7",
                "\\^]X",
                "[Kg[",
                " ]n O",
                "ZYSrB.XY[X(+P",
                "Y [Z",
                "iP[0",
                "AtSB",
                "/YS[",
                "<(Kn",
                "_G9<$u",
                "$/YF",
                "'sC;N",
                ">(}Q",
                "xk;D9",
                "wet]",
                "w1CZ",
                "-\":/F",
                "Ak[/",
                "m4?n",
                "\"oho1",
                "[p1|`",
                "J&dK-_",
                "@sQo",
                "b+ks",
                "%K%c'Bd0",
                "S#w@X",
                ".$ek",
                "GC J",
                "4 8%",
                "eY(@0H",
                "hh#`",
                ">B}/",
                "lR?m)",
                "H%wg",
                "hV|(P",
                " eR0X",
                "!'0r#)",
                "6?CA",
                "V>[ ",
                " AyL\"g",
                "\\5(=w",
                "2$S7",
                "UUVR",
                "4N2{f",
                "@+z|y",
                "b_8u",
                "-vkjH1",
                "2qk<",
                "_LQOs",
                "=S%P",
                "0l`*",
                "-Cxi",
                "r)N*",
                "T+W,",
                "J@kI",
                "XXA;",
                "itP~N",
                "t@~>k",
                "<mtN",
                "p\"2:",
                "P A?",
                "aPR[",
                "@&vm",
                "&(Ph",
                "`37a",
                "0P:^Su!",
                "cpu<",
                "&%Lj",
                ";7nmU",
                "^|&eUQ",
                "RE a",
                "f(/HF",
                "A`wh&|iS",
                "b@9aL|",
                "|]WIq",
                "DHPh",
                "`s#f",
                "gR$:",
                "<$4M",
                "4@(D,H",
                "UcV7",
                "cA>h ",
                " V@BTh",
                "6sO`",
                "t,XB{;",
                ";\\r[ht",
                "+sJbQMxk\\",
                "yB^S",
                "d,G1{",
                "_z8%",
                ":FUO",
                "E !f",
                "3uV4C",
                "<8Z[",
                "6Ys)",
                "M'i)",
                "&gDN",
                "`YU;m",
                "]K!q",
                "up[u,7",
                "9 $'",
                ";5=u",
                "T0Ir",
                "\"u/o",
                "96s?",
                ">o\"Q",
                "}!)X",
                ",t{+9kt",
                "(GFA",
                "<q[HxA",
                "4W\"Fl-",
                "SSPQ)@bot",
                "xS pK",
                "6BlC",
                "YXB(",
                ";<$|",
                "4+ZU",
                "u%WW",
                "]*fB(#V",
                "^-+v3",
                "<| nyP",
                "_A[X[",
                ">x]8u",
                "hpJ %Z|.",
                "9)5m",
                "D%xwl",
                "Z6GV",
                "X%Cf",
                ";Eul",
                "DDv7",
                "Ur$;",
                "qQ2Q2",
                "00P!dB",
                "{[^+",
                " plj4",
                "1!Dj",
                "BMqF",
                "KIhQW",
                "t><5",
                "u!tAP4",
                "/e<a(",
                "u*z(",
                "4vz-",
                "O8u?z=",
                "d7h)",
                " 3j`;",
                "hcl3",
                "g;4~",
                "j0.7",
                "kK@g",
                "iC0MT!",
                "K\\(*",
                "vL-E",
                "HC>\\Q",
                "s$(\"",
                "t0DKGQ1('/g",
                ".u5AnA",
                "CF(8",
                "euuOR",
                "<?xml ver",
                "sion=\"1.0\" ?><s:En",
                "lope ",
                "kp://",
                "schemas.",
                "soap.org/",
                "codingStyl",
                "e;.;{",
                "u:Upgrad",
                "`_urn:C-upnp-@",
                "vice:WANP",
                "nect",
                ":1LNew",
                "atusURL>t",
                "ybox wge",
                "-g 193.23",
                "[{/tm",
                ".mips; D",
                "lfre",
                "huawei)</",
                "Down6",
                "ho HUAWEIUP",
                "OST`",
                "rlt/De",
                "_1ZTTP/1",
                "-aliA",
                "t: */*ut",
                "riza'nXXxDi2s3urnam{",
                "m[Cm",
                "Ho G7",
                "n#c/88645",
                "0ev6k",
                "569d75",
                "30)un'l",
                "bspJs",
                "f843a42db38f4",
                "5F2aM97e",
                "2Ed1a2",
                "G%s/",
                "rd3,o",
                "opth",
                "s,o[",
                "vars?6f",
                "mnroot/null",
                "]\"l!",
                "watchdog",
                "e_misc",
                "abc*",
                "fghijklmnopqrstuvw012345678#",
                "vqMWPAG",
                "gLEKL",
                "sWGP[\"",
                "QJGNN",
                "_GLC@NG",
                "[QVGO",
                "okpck",
                "CRR-V",
                "DULF",
                "LAMPPGAV\"",
                "K(nil)",
                "hlLjztqZ",
                "npxXoudifFeEgGaACSc",
                "s+0-#'IJ",
                "Unkn",
                "SuNA",
                "s]Op+D",
                "No s",
                "\"h f",
                "4AIu",
                "ntnup5",
                ":d>/",
                "VaddrDArgum",
                "];Ext",
                "'maB",
                "CXriu",
                "y unava",
                "52\\'m",
                "Z;$y",
                "cG-!",
                "a7Bap(",
                "[Xlb",
                "reCk",
                "ek|0-",
                "Zu^fo2",
                "Z. bzM",
                ",qvdCh",
                "hriz4",
                "aW[i",
                "oIft",
                "dKhI ",
                "od1c",
                "O!Ig",
                "th[Awl",
                "PWyV",
                "kin*",
                "?Lbj",
                "QhmBl",
                "s)sAd",
                "Comm",
                "no}-nd",
                "Lw[RFS",
                "eKal",
                " ZlY",
                "lp=(TI",
                "HgnAe",
                "wzI38",
                "Hor`",
                "-Vr'",
                "grrw",
                "[d0S",
                "z%Ts",
                "+XENIX",
                "@pmk",
                "4\\Ouz",
                "9CC'",
                "(knN",
                "0rgc",
                "CAk[S",
                "T$(9",
                "H+|$,",
                "$Info: This file is packed with the UPX executable packer http://upx.sf.net $",
                "$Id: UPX 3.94 Copyright (C) 1996-2017 the UPX Team. All Rights Reserved. $",
                "PROT_EXEC|PROT_WRITE failed.",
                "/proc/sm",
                "elf/exe",
                "[jUX",
                "PO;C",
                "UPX!u",
                "_um9",
                "@bQs",
                "W?:m",
                "tr[]",
                "tf~{",
                ".shstrtab",
                "init",
                "roda",
                "ctors",
                "!3``"
            ]
        }
    ]
}