{
    "malware_data": [
        {
            "filename": "cc658ef20e0e8a449f5e6028f8514db2d628f30d2d648cec718d69a1b61bd16e.exe",
            "filetype": "4D5A9000",
            "filesize": "234KB",
            "hash_sha256": "cc658ef20e0e8a449f5e6028f8514db2d628f30d2d648cec718d69a1b61bd16e",
            "strings": [
                "!This program cannot be run in DOS mode.",
                ".text",
                "`.rsrc",
                "@.reloc",
                "H>H}>",
                "hSw/",
                "=!t@K",
                "com.apple.Safari",
                "ixKZ-",
                "~[b8",
                "wCLG",
                "Unable to resolve HTTP prox",
                "*J(T",
                " 1SPS*",
                "iX*B",
                "jX(A",
                "ZloX",
                "?Y>3",
                "pr9 ",
                "pro ",
                "pr3(",
                "pr-)",
                "ca((",
                "Z q1",
                "prx.",
                "pr(/",
                "pr80",
                "iY(\"",
                "jYl#",
                "@[l(",
                "nXi ",
                "YjX ",
                " @[(",
                " KDBM((",
                "l[ZA",
                "&r3H",
                "&ruH",
                "&r-I",
                "jYi(",
                "BSJB",
                "v4.0.30319",
                "#Strings",
                "#GUID",
                "#Blob",
                "h/'O",
                "X4.A",
                "xET+",
                "`'0@",
                "s'K7",
                "#=rF",
                "F%rF",
                "<NK7",
                "=_G*",
                "ABrF",
                "C_G*",
                "]7_G*",
                "L!9,",
                "V92/",
                " uKJ",
                " ,JN",
                " w&[",
                " \":y",
                " r>P",
                " b4U",
                " PLO",
                " mMV",
                " }DJ",
                "sC3 a",
                "#L a",
                "6&T ",
                "4?)!q",
                "&/!)",
                "uBk!",
                "}Eq!I",
                "-.^\"",
                "!Af\"a",
                "\" : Z ~ ",
                "!7!@!F!S!Z!x!",
                "!7\">\"F\"O\"W\"",
                "bE30",
                "3HF0",
                "m5cL4S5MH0",
                "O2iGeoK0",
                "IRXeqwj6R0",
                "TmT0",
                "kqOhfV0",
                "xQf0",
                "8GIwsg0",
                "SAdp0",
                "Fmq0",
                "e2qLOr0",
                "Wyodu0",
                "$$method0x6000120-1",
                "$$method0x6000191-1",
                "$$method0x6000105-1",
                "$$method0x6000115-1",
                "$$method0x6000255-1",
                "$$method0x600011a-1",
                "$$method0x600008c-1",
                "$$method0x600007d-1",
                "$$method0x600011f-1",
                "$$method0x600013f-1",
                "$$method0x60000ff-1",
                "gqWmuk11",
                "a8RKqP091",
                "HMACSHA1",
                "VT_UI1",
                "VT_I1",
                "IEnumerable`1",
                "ICollection`1",
                "IEnumerator`1",
                "IList`1",
                "CS$<>9__CachedAnonymousMethodDelegate1",
                "get_Item1",
                "RkXt1",
                "$$method0x6000115-2",
                "$$method0x6000255-2",
                "$$method0x60000ff-2",
                "jT3EMCHnL02",
                "HMACSHA512",
                "Advapi32",
                "kernel32",
                "Microsoft.Win32",
                "user32",
                "ToUInt32",
                "ReadInt32",
                "ToInt32",
                "cFnvOQH2",
                "VT_UI2",
                "VT_I2",
                "KeyValuePair`2",
                "Dictionary`2",
                "tdvalc2",
                "d4RlLI5fYk2",
                "get_Item2",
                "kcvn2",
                "KbTfh7qcLq2",
                "bA23",
                "nWtYX93",
                "yWC3",
                "g3cGNQwF3",
                "A3NVkH3H3",
                "SCMFb2wR3",
                "1gO2FFkX3",
                "Tuple`3",
                "zyh3",
                "get_Item3",
                "LMsir3",
                "bLOcz3",
                "Yh8Sx1fFe44",
                "ToUInt64",
                "ReadInt64",
                "ToInt64",
                "eD4J94",
                "mkXyHB4",
                "4nR8XND4",
                "NWw1xc3zG4",
                "VT_UI4",
                "VT_I4",
                "FnP4",
                "VT_R4",
                "LCV4",
                "6QA8az6JQW4",
                "RsBBDg4",
                "djL7yg4",
                "yVw1m4",
                "es7jMeMRm4",
                "bSu4",
                "7JTZ35",
                "xTahfq8g75",
                "4jTltw85",
                "0QrkOE5",
                "WE8DibQK5",
                "g4jJXF5ZN5",
                "KyeLGS5",
                "EJmEU5",
                "arg5",
                "ohKNbTiVl5",
                "YoSK3Saq5",
                "jYt5",
                "eGASVxu5u5",
                "IS_TEXT_UNICODE_ASCII16",
                "IS_TEXT_UNICODE_REVERSE_ASCII16",
                "ToUInt16",
                "ReadInt16",
                "ToInt16",
                "HMACSHA256",
                "xaqE6",
                "dkwwt22cI6",
                "osQ6",
                "5sqkbYZ6",
                "gfc6",
                "EzdLxv21ig6",
                "arg6",
                "ksn9GnUUGk6",
                "sAzJ2uRq6",
                "uOdpEZr6",
                "xlpulGZRor6",
                "HVyEkznt6",
                "hc4NGKXKK07",
                "420CJy37",
                "HNIecX97",
                "d8v0R6X5qC7",
                "eta1xjG7",
                "T38H7",
                "h6bF3HaIzJ7",
                "VaultGetItem_WIN7",
                "PEV7",
                "fMld7",
                "LiBo7",
                "mvmArTy7",
                "X93uEj6308",
                "dHog4W5e08",
                "muR3E8",
                "get_UTF8",
                "VT_UI8",
                "VT_I8",
                "fUC0K8",
                "R8M6wbMK8",
                "VaultGetItem_WIN8",
                "wXq9ZxxO8",
                "RqA1fD58P8",
                "VT_R8",
                "z312f1gi8",
                "1SdFDl8",
                "gpWl8",
                "6rszl8",
                "W9me4Eyyy8",
                "bb5b3922-2c45-425f-ae26-4631f7300239",
                "7EDR99",
                "rfHTVWbE9",
                "jQdF9",
                "0cMBzsJIKH9",
                "6RFPQPdmeI9",
                "elFNFOc9",
                "P0k9",
                "bSo9",
                "a9jfBu9",
                "<Module>",
                "EuDA",
                "qyK9Mq57JA",
                "7AvNA",
                "wjB9WPA",
                "cLYiA",
                "U4lA",
                "42qA",
                "WgDt7K0B",
                "XMz36B",
                "8xjADB",
                "GJZ88EB",
                "pK67bXNB",
                "BCRYPT_KEY_DATA_BLOB",
                "VT_BLOB",
                "rMUB",
                "ybGVB",
                "MnuNvyVB",
                "WCtbB",
                "O2eB",
                "cNPbBgB",
                "OgAzVU7UhB",
                "zCCOVthB",
                "XnadJH0kB",
                "kyVYuOrB",
                "LDT5SG60C",
                "Oa2C",
                "HMAC",
                "dK48BC",
                "BCRYPT_KEY_DATA_BLOB_MAGIC",
                "MkliNC",
                "RLMEbHcRC",
                "OfaCRo1XSC",
                "DmcIAIWC",
                "KKIcC",
                "cbAAD",
                "LLKHF_EXTENDED",
                "LLKHF_INJECTED",
                "VT_CLSID",
                "get_ID",
                "set_ID",
                "FileHandleID",
                "fileHandleID",
                "lpdwProcessID",
                "processID",
                "get_FormatID",
                "set_FormatID",
                "Uz71FVD",
                "1koR7VVD",
                "3rTQNJdXWD",
                "fAc0PeD",
                "iGVJYFdZeD",
                "t2JyeD",
                "zMLR25ObmD",
                "5F3bKpD",
                "tPjXRIrSEvD",
                "P6QxD",
                "DUPLICATE_CLOSE_SOURCE",
                "BCRYPT_CHAINING_MODE",
                "ftDdLRfU4EE",
                "VT_STORAGE",
                "dW2d18SzYGE",
                "INVALID_HANDLE",
                "VT_FILETIME",
                "lgJiNE",
                "eSdV5ErTQE",
                "IS_TEXT_UNICODE_SIGNATURE",
                "IS_TEXT_UNICODE_REVERSE_SIGNATURE",
                "VT_DATE",
                "IS_TEXT_UNICODE_DBCS_LEADBYTE",
                "hoyZrxYVE",
                "07i7evkdWE",
                "6zMuQagqoE",
                "9S5ZLVbxoE",
                "JQWPBNq7vE",
                "YdewTXWJwE",
                "StdJFDMuu0F",
                "Hb1F",
                "nsr2F",
                "Y2FBF",
                "VT_CF",
                "kF5sS6NF",
                "cQCEha8SaVF",
                "KpkvcpwEbYF",
                "mroQApUdF",
                "FczOlmy0eF",
                "2pgtmimF",
                "BxIbkjsF",
                "i1zzfwF",
                "zmnJYzF",
                "doRDcQg4G",
                "LKPW7G",
                "vuHyQf9G",
                "Qtg9G",
                "BCRYPT_AUTH_MODE_CHAIN_CALLS_FLAG",
                "pbRFhSlVBG",
                "LPGG",
                "SzqLG",
                "PoUG",
                "AS8QFvgXG",
                "JGWZG",
                "usmhIQ0SBcG",
                "V0uG",
                "nDzG",
                "AxzlVuBH",
                "STATUS_AUTH_TAG_MISMATCH",
                "STATUS_INFO_LENGTH_MISMATCH",
                "eJ4FH",
                "P2mmAXveLH",
                "3GEXRKzsMH",
                "IS_TEXT_UNICODE_ODD_LENGTH",
                "BCRYPT_AUTH_TAG_LENGTH",
                "BCRYPT_OBJECT_LENGTH",
                "kqlTH",
                "GJqH",
                "Fm5zH",
                "zkEE0I",
                "2zn0I",
                "0JEof7I",
                "9qishA9I",
                "NwMAI",
                "ZFYrnBYEI",
                "get_ASCII",
                "ONU2vmlPI",
                "euYI",
                "FwfwzZI",
                "A57NfI",
                "F8qI",
                "VG6J",
                "aIGUhsmZBJ",
                "wqGO8l4bBJ",
                "96cFJ",
                "V7HxMJ",
                "20HP17RJ",
                "fQeHabJ",
                "AmyUBrJ",
                "ucsJ",
                "cWPGZy1eUyJ",
                "h7fzJ",
                "rN0YcwXoPAK",
                "HqW2i3GK",
                "kIRPK",
                "IS_TEXT_UNICODE_UNICODE_MASK",
                "IS_TEXT_UNICODE_NOT_UNICODE_MASK",
                "IS_TEXT_UNICODE_REVERSE_MASK",
                "IS_TEXT_UNICODE_NOT_ASCII_MASK",
                "73APRYK",
                "hhCCr6GcK",
                "94CYQrqOcK",
                "5o2VxpK",
                "8sc1lxSJ7L",
                "VT_DECIMAL",
                "7AF4EL",
                "ME5HL",
                "VT_NULL",
                "WH_KEYBOARD_LL",
                "C7tuKiLL",
                "VT_BOOL",
                "0TwRL",
                "Bh2HkxCkTL",
                "6f7gEMZWL",
                "pqHqUw1EcL",
                "nZfL",
                "5yvBiL",
                "9JqpMiRLFoL",
                "hW7IevL",
                "kPTui3zL",
                "pLD0M",
                "VT_VERSIONED_STREAM",
                "VT_STREAM",
                "BCRYPT_CHAIN_MODE_GCM",
                "kQ1wfzJNFM",
                "BCRYPT_AES_ALGORITHM",
                "cQqsVM",
                "U10YM",
                "RnIXgM",
                "F0hZpzhM",
                "jTuM",
                "Jy1QR79D9wM",
                "krZ49N",
                "Q86aGFAN",
                "lxBN",
                "BCRYPT_INIT_AUTH_MODE_INFO_VERSION",
                "HC_ACTION",
                "goYPN",
                "PlotE55ShPN",
                "LLKHF_ALTDOWN",
                "WM_SYSKEYDOWN",
                "WM_KEYDOWN",
                "HkcN",
                "xF0mfN",
                "qOGmN",
                "4xvOFBYbwN",
                "AdWeyN",
                "nM1O",
                "D0BO",
                "wFEO",
                "System.IO",
                "nOSUO",
                "HwqoVO",
                "prWeoOXoaXO",
                "x7K544P",
                "1YM4P",
                "3PUHM4xl5P",
                "BCRYPT_PAD_OAEP",
                "1zZWQJ8LP",
                "vEjypZeSP",
                "WM_SYSKEYUP",
                "WM_KEYUP",
                "LLKHF_UP",
                "snx0qgaQyaP",
                "wxtrLxU5JrP",
                "Cax3Q",
                "atvDfWFJOMQ",
                "HMg6QNKbOQ",
                "n7gEgIdfPQ",
                "H4Ngpw71hQ",
                "lLsHj78UiQ",
                "tvONpt69sQ",
                "XVe2zQ",
                "WvMNoGF8R",
                "MS_PRIMITIVE_PROVIDER",
                "bcGR",
                "VT_ERROR",
                "VT_VECTOR",
                "TwQkPR",
                "VT_BSTR",
                "VT_LPSTR",
                "VT_LPWSTR",
                "ZlRAdsuR",
                "F5Picah6BxR",
                "sCrBS",
                "IS_TEXT_UNICODE_STATISTICS",
                "IS_TEXT_UNICODE_REVERSE_STATISTICS",
                "IS_TEXT_UNICODE_NULL_BYTES",
                "SDv3SjmrgFS",
                "PpbBMQJS",
                "IS_TEXT_UNICODE_CONTROLS",
                "IS_TEXT_UNICODE_REVERSE_CONTROLS",
                "YkCQS",
                "IS_TEXT_UNICODE_ILLEGAL_CHARS",
                "DUPLICATE_SAME_ACCESS",
                "ERROR_SUCCESS",
                "STATUS_SUCCESS",
                "BCRYPT_PAD_PSS",
                "XABnICmxdS",
                "BZOB2eS",
                "Nx4vClfS",
                "JE7Ty2SjS",
                "vy8s6Xy7tpS",
                "Q6zS",
                "6uZ40T",
                "1dd2T",
                "OcBeET",
                "VT_UINT",
                "VT_INT",
                "nPUkYT",
                "womLIIfZZT",
                "IiWoti0BshT",
                "wTiT",
                "fqnT",
                "uz8wT",
                "DsOV010U",
                "tF0n0U",
                "jukT7U",
                "I3oZFcZNrBU",
                "l5HU",
                "4WMU",
                "ijpjiwB3QU",
                "Z8ERSU",
                "3XO4fgSU",
                "zSW93aEXTU",
                "CsNAQvETvgU",
                "39RzjU",
                "Tje9MC74oU",
                "drftU",
                "fBVHHFjuU",
                "I1HiF0xU",
                "7Qf4f5nDU0V",
                "tGAV",
                "BfpSYu2DV",
                "get_IV",
                "set_IV",
                "cbIV",
                "pbIV",
                "x5eNiOWV",
                "CZawOvCcV",
                "KViiydPccV",
                "HueV",
                "jL28DpV",
                "9wwiMtV",
                "Pzg0AZxV",
                "tA0W282zV",
                "wrxkFW",
                "bZFPMW",
                "STATUS_BUFFER_OVERFLOW",
                "QJQW",
                "jCzkkFGbiW",
                "VUVaekW",
                "sgKRorQzW",
                "MQ63X",
                "liPGdtjKQ3X",
                "ADGjK5D6X",
                "h1i8X",
                "1ov98ps5EX",
                "YK0psiT5VX",
                "wJfxBiDINcX",
                "GtnlvowPhnX",
                "1YNN2rX",
                "NzFZ7XwH5rX",
                "tq3FbIcwzX",
                "Cc65Y",
                "oWWR5j8Y",
                "VT_ARRAY",
                "VRgVYByf5BY",
                "6uBY",
                "VT_CY",
                "TIJY",
                "VT_EMPTY",
                "7mYHCDSdrUY",
                "4zFlCFVY",
                "7OaHriyqeZY",
                "AdGbY",
                "wKdY",
                "5AwIXkEj4hY",
                "H6GO4HrpnY",
                "XJMwrioY",
                "vDwY",
                "Yf2xJuNwY",
                "nh8rK2Z",
                "nq6HaJd2Z",
                "7uJB5Z",
                "aMwXHWZ9Z",
                "TaptGZ",
                "U7MZ",
                "NlS6QOZ",
                "LyqEkh9QZ",
                "Qaay6r19RZ",
                "x1UZ",
                "TYeVKUZ",
                "CNcZ",
                "f61qZ",
                "ruLzZ",
                "value__",
                "Yual9Y1a",
                "zTxBNHKa",
                "DDPMa",
                "9frc9Sa",
                "SZWLLs8sHTa",
                "9WQUa",
                "ycEx3Ya",
                "8JAtZgka",
                "oDbMrM61Aqa",
                "get_Data",
                "set_Data",
                "cbData",
                "ProtectedData",
                "cbAuthData",
                "pbAuthData",
                "pData",
                "PropertyData",
                "data",
                "SetQuota",
                "aRMSbxa9ua",
                "FHUep4cua",
                "MQc6cxa",
                "rfq2b",
                "cbN5dP8jBBb",
                "g6BFFb",
                "Upecxn8Hb",
                "RJArGfvtFJb",
                "giKb",
                "29hLb",
                "jnpaXNUb",
                "Ok86qpp6Vb",
                "NbHqCpVRXb",
                "GYqEZb",
                "PublicIpAddressGrab",
                "g1bBClMdb",
                "YFkdJcib",
                "mscorlib",
                "vuYHKAVE6jb",
                "uDAFB1coEkb",
                "R8S0v6Opb",
                "GAGSqb",
                "rQUaodBTxb",
                "5sbiUefbw6c",
                "rdF1rtA17c",
                "kaX5Gse4TCc",
                "XT3Dc",
                "Gss2ZgfEc",
                "haml2fOFc",
                "EgFjGc",
                "joqoZO2Jc",
                "RZGTc",
                "1Hq6w4VbZc",
                "mMWwacic",
                "System.Collections.Generic",
                "Microsoft.VisualBasic",
                "WndProc",
                "HookProc",
                "FromFileTimeUtc",
                "iauyyc",
                "EyprkupNi9d",
                "8K21XWOCd",
                "get_Id",
                "SchemaId",
                "schemaId",
                "pszAlgId",
                "HookId",
                "GetWindowThreadProcessId",
                "processId",
                "SchemaElementId",
                "qeBQRd",
                "0rqeeBlWd",
                "PageExecuteRead",
                "OpenRead",
                "FileMapRead",
                "VirtualMemoryRead",
                "CreateThread",
                "Load",
                "bE7EGIbd",
                "lpcbNeeded",
                "DomainExtended",
                "SHA1Managed",
                "RijndaelManaged",
                "add_Changed",
                "remove_Changed",
                "get_LastModified",
                "set_LastModified",
                "_lastModified",
                "Interlocked",
                "set_Enabled",
                "get_IsEnabled",
                "set_IsEnabled",
                "_enabled",
                "Undefined",
                "lpOverlapped",
                "samDesired",
                "add_Elapsed",
                "get_LastAccessed",
                "set_LastAccessed",
                "_lastAccessed",
                "get_Reserved",
                "reserved",
                "TorPid",
                "activeWindowPid",
                "pPackageSid",
                "row_id",
                "get_IsInvalid",
                "get_Guid",
                "vaultGuid",
                "PcHwid",
                "<ID>k__BackingField",
                "<FormatID>k__BackingField",
                "<Data>k__BackingField",
                "<LastModified>k__BackingField",
                "<IsEnabled>k__BackingField",
                "<LastAccessed>k__BackingField",
                "<Password>k__BackingField",
                "<password>k__BackingField",
                "<PropertyStorage>k__BackingField",
                "<Name>k__BackingField",
                "<FileName>k__BackingField",
                "<ApplicationName>k__BackingField",
                "<Username>k__BackingField",
                "<username>k__BackingField",
                "<Type>k__BackingField",
                "<type>k__BackingField",
                "<TypedPropertyValue>k__BackingField",
                "<Size>k__BackingField",
                "<IsRunning>k__BackingField",
                "<Path>k__BackingField",
                "<hostmask>k__BackingField",
                "<Version>k__BackingField",
                "<Application>k__BackingField",
                "<Description>k__BackingField",
                "<user>k__BackingField",
                "<hoster>k__BackingField",
                "<Tasks>k__BackingField",
                "<objects>k__BackingField",
                "<Accounts>k__BackingField",
                "<Keys>k__BackingField",
                "<Lenght>k__BackingField",
                "<Host>k__BackingField",
                "<GuidMasterKey>k__BackingField",
                "GetField",
                "TrimEnd",
                "ReadToEnd",
                "AppEnd",
                "hWnd",
                "Append",
                "get_Millisecond",
                "GetUpperBound",
                "GetLowerBound",
                "Round",
                "hwnd",
                "set_Method",
                "method",
                "izb8cWsqd",
                "IgTBPGsIrd",
                "Clipboard",
                "get_Password",
                "set_Password",
                "DomainPassword",
                "FtpPassword",
                "get_password",
                "set_password",
                "ZtEud",
                "zhIGvd",
                "cY4svQgvd",
                "2z045RxNEEe",
                "eo8be",
                "Replace",
                "DeleteBackspace",
                "QueryDosDevice",
                "hInstance",
                "IdentityReference",
                "Sequence",
                "cbNonce",
                "pbNonce",
                "Resource",
                "vkCode",
                "wScanCode",
                "scanCode",
                "keyCode",
                "set_Mode",
                "FileMode",
                "ShareMode",
                "PaddingMode",
                "CryptoStreamMode",
                "CipherMode",
                "SelectSingleNode",
                "XmlNode",
                "get_Unicode",
                "get_BigEndianUnicode",
                "IsTextUnicode",
                "Pr1tee",
                "FromImage",
                "SectionImage",
                "get_PropertyStorage",
                "set_PropertyStorage",
                "SerializedPropertyStorage",
                "SendMessage",
                "AddRange",
                "CompareExchange",
                "CredentialCache",
                "SectionNoCache",
                "Take",
                "EndInvoke",
                "BeginInvoke",
                "GetEnvironmentVariable",
                "SetEnvironmentVariable",
                "IEnumerable",
                "IDisposable",
                "ToDouble",
                "get_Handle",
                "RuntimeFieldHandle",
                "hSourceHandle",
                "SafeHandle",
                "GetModuleHandle",
                "RuntimeTypeHandle",
                "ReleaseHandle",
                "CloseHandle",
                "DuplicateHandle",
                "CreateHandle",
                "GetTypeFromHandle",
                "hSourceProcessHandle",
                "hTargetProcessHandle",
                "lpTargetHandle",
                "bInheritHandle",
                "vaultHandle",
                "activeWindowHandle",
                "handle",
                "Rectangle",
                "ToSingle",
                "CreateFile",
                "hTemplateFile",
                "DeleteFile",
                "WriteFile",
                "MoveFile",
                "MapViewOfFile",
                "UnmapViewOfFile",
                "hFile",
                "lastTitle",
                "activeWindowTitle",
                "lphModule",
                "get_MainModule",
                "ProcessModule",
                "get_Name",
                "set_Name",
                "lpDeviceName",
                "get_FileName",
                "set_FileName",
                "GetModuleFileName",
                "lpExistingFileName",
                "lpFileName",
                "GetFileName",
                "lpNewFileName",
                "_fileName",
                "get_ModuleName",
                "lpModuleName",
                "lpBaseName",
                "baseName",
                "lpValueName",
                "StartupRegName",
                "rootPathName",
                "get_OSFullName",
                "get_FullName",
                "OperatingSystemName",
                "get_ApplicationName",
                "set_ApplicationName",
                "StartupInstallationName",
                "lpName",
                "lpAppName",
                "get_UserName",
                "get_ComputerName",
                "ThisComputerName",
                "ProcessorName",
                "get_ProcessName",
                "processName",
                "StartupEnvName",
                "GetProcessesByName",
                "lpKeyName",
                "pszCredentialFriendlyName",
                "StartupDirectoryName",
                "GetDirectoryName",
                "astable_name",
                "item_name",
                "Filename",
                "filename",
                "get_Username",
                "set_Username",
                "get_username",
                "set_username",
                "DateTime",
                "GetLastAccessTime",
                "dwTime",
                "time",
                "AppendLine",
                "get_NewLine",
                "Combine",
                "LocalMachine",
                "Escape",
                "Unescape",
                "Pipe",
                "DataProtectionScope",
                "get_Type",
                "set_Type",
                "pszBlobType",
                "GetFileType",
                "MimeType",
                "ValueType",
                "LogType",
                "SecurityProtocolType",
                "GetType",
                "item_type",
                "get_type",
                "set_type",
                "FileShare",
                "Compare",
                "System.Core",
                "PtrToStructure",
                "get_InvariantCulture",
                "Capture",
                "HttpWebResponse",
                "GetResponse",
                "Close",
                "Dispose",
                "Parse",
                "Reverse",
                "X509Certificate",
                "GenericCertificate",
                "DomainCertificate",
                "Create",
                "KBDLLHookProcDelegate",
                "MulticastDelegate",
                "Terminate",
                "PcState",
                "GetKeyboardState",
                "lpKeyState",
                "GetKeyState",
                "Delete",
                "PageReadWrite",
                "PageExecuteReadWrite",
                "nNumberOfBytesToWrite",
                "FileMapWrite",
                "VirtualMemoryWrite",
                "Remote",
                "STAThreadAttribute",
                "CompilerGeneratedAttribute",
                "GuidAttribute",
                "SecuritySafeCriticalAttribute",
                "ExtensionAttribute",
                "AssemblyFileVersionAttribute",
                "FlagsAttribute",
                "CompilationRelaxationsAttribute",
                "ReliabilityContractAttribute",
                "ParamArrayAttribute",
                "RuntimeCompatibilityAttribute",
                "SuppressUnmanagedCodeSecurityAttribute",
                "set_UseShellExecute",
                "FileMapExecute",
                "SByte",
                "ReadByte",
                "ToByte",
                "get_Value",
                "HandleValue",
                "TryGetValue",
                "get_TypedPropertyValue",
                "set_TypedPropertyValue",
                "GetPropertyValue",
                "value",
                "Save",
                "set_KeepAlive",
                "Remove",
                "SectionReserve",
                "get_Size",
                "set_Size",
                "dataSize",
                "cbSize",
                "get_StorageSize",
                "lpFileSize",
                "get_NameSize",
                "volumeNameSize",
                "nFileSystemNameSize",
                "SQLDataTypeSize",
                "get_StoreSize",
                "get_ValueSize",
                "get_HashSize",
                "set_BlockSize",
                "chunkSize",
                "nSize",
                "get_KeySize",
                "Serialize",
                "Deserialize",
                "Initialize",
                "Finalize",
                "Synchronize",
                "page_size",
                "Resize",
                "kkRIA5f",
                "vs8f",
                "CFHf",
                "HKipHf",
                "TAIf",
                "bkLFSLf",
                "SizeOf",
                "get_ItemOf",
                "LastIndexOf",
                "qBHTf",
                "sEvWXf",
                "cchBuff",
                "UFaltmnhf",
                "e1UJNOujf",
                "OWkf",
                "lastInputInf",
                "4pg6xf",
                "DXx5Izf",
                "0h6eNCzh52g",
                "zM6z8g",
                "f19g",
                "HnWGWGg",
                "1DuaWzKg",
                "aNq0cwwRg",
                "cbTag",
                "pbTag",
                "2TJeSImcg",
                "get_Jpeg",
                "LvFZ2mg",
                "System.Threading",
                "get_Padding",
                "set_Padding",
                "UTF8Encoding",
                "encoding",
                "System.Drawing.Imaging",
                "get_IsRunning",
                "set_IsRunning",
                "CreateFileMapping",
                "FromBase64String",
                "ToBase64String",
                "EscapeDataString",
                "UnescapeDataString",
                "lpReturnedString",
                "GetPrivateProfileString",
                "ToString",
                "GetString",
                "OctetString",
                "BitString",
                "Substring",
                "System.Drawing",
                "eC5L1sg",
                "get_Msg",
                "9tKzEvg",
                "TOgp3h",
                "JY2E7h",
                "X3WEh9SAh",
                "OVrO4Vh",
                "Match",
                "7mY0gQjdh",
                "dwMaximumSizeHigh",
                "dwFileOffsetHigh",
                "xtOsh",
                "ComputeHash",
                "Math",
                "get_Path",
                "set_Path",
                "SystemAppdataPath",
                "get_ExecutablePath",
                "AsmFilePath",
                "AppStartupFullPath",
                "GetTempPath",
                "GetFolderPath",
                "lpTargetPath",
                "StartupDirectoryPath",
                "_path",
                "get_Width",
                "get_Length",
                "MaximumLength",
                "dwMinLength",
                "SystemInformationLength",
                "ObjectInformationLength",
                "set_MaxJsonLength",
                "ReturnLength",
                "maximumComponentLength",
                "set_ContentLength",
                "GetWindowTextLength",
                "dwMaxLength",
                "EndsWith",
                "StartsWith",
                "PDmmFhwh",
                "m5xZ4m5Nh1i",
                "cDVMDw4i",
                "GZ0CBCErHi",
                "BEsOzHi",
                "8pYk8bi",
                "4JOyg1H4Hdi",
                "plii",
                "2GJPNni",
                "PtrToStringUni",
                "StringToHGlobalUni",
                "IpApi",
                "yTqi",
                "ahti",
                "6D9qb41j",
                "xL3Bj",
                "U3NPDj",
                "uvb4ANj",
                "PDOO0fTFOj",
                "U8Qj",
                "T2YQFRj",
                "7THbTG3VObj",
                "objrij",
                "9aC3tij",
                "QAGMRlj",
                "pNUwrj",
                "weZYh2k",
                "6dWRnUo4k",
                "Pjlq9k",
                "AsyncCallback",
                "RemoteCertificateValidationCallback",
                "get_ServerCertificateValidationCallback",
                "set_ServerCertificateValidationCallback",
                "callback",
                "get_CapsLock",
                "TransformFinalBlock",
                "TransformBlock",
                "_lock",
                "X2Slvuck",
                "mpGKok",
                "idHook",
                "_clipboardHook",
                "_keyboardHook",
                "get_hostmask",
                "set_hostmask",
                "Disk",
                "JMYr2l",
                "FkNXubmCl",
                "uzj3fjsMl",
                "ku05LztWl",
                "AllocHGlobal",
                "FreeHGlobal",
                "Illegal",
                "Marshal",
                "NetworkCredential",
                "Decimal",
                "System.Security.Principal",
                "set_Interval",
                "ScreenInterval",
                "KeyloggerInterval",
                "drNbl",
                "6gdl",
                "Rijndael",
                "cbLabel",
                "pbLabel",
                "System.ComponentModel",
                "EnableTorPanel",
                "vCpkGIiuJil",
                "dwhkl",
                "4Ell",
                "Kernel32.dll",
                "kernel32.dll",
                "User32.dll",
                "user32.dll",
                "vaultcli.dll",
                "psapi.dll",
                "ntdll.dll",
                "bcrypt.dll",
                "Kill",
                "Null",
                "System.Xml",
                "gLPg1nl",
                "set_SecurityProtocol",
                "Control",
                "ouunU9m",
                "HpIcJBm",
                "FileStream",
                "get_BaseStream",
                "GetResponseStream",
                "CryptoStream",
                "GetRequestStream",
                "MemoryStream",
                "get_LParam",
                "get_WParam",
                "get_Param",
                "lParam",
                "wParam",
                "ww88xBcem",
                "get_Item",
                "set_Item",
                "VaultGetItem",
                "vaultItem",
                "OperatingSystem",
                "iul0mEQNhm",
                "HmacAlgorithm",
                "SymmetricAlgorithm",
                "phAlgorithm",
                "KeyedHashAlgorithm",
                "algorithm",
                "Trim",
                "O9nh9V6Rmm",
                "Random",
                "ICryptoTransform",
                "Maximum",
                "Enum",
                "root_num",
                "07lNvvm",
                "1tIZSowm",
                "kzjjy6Szxm",
                "pa7hRsAd5n",
                "za6n",
                "jU6PWJMDn",
                "EQkmQ4ZofDn",
                "CIpN2BTXMn",
                "bUovANn",
                "jyy8ENn",
                "vcOamTFFRUn",
                "ToBoolean",
                "IsLittleEndian",
                "u3Zkdn",
                "CopyFromScreen",
                "get_PrimaryScreen",
                "lpNumberOfBytesWritten",
                "2U8Z9in",
                "X509Chain",
                "ChangeClipboardChain",
                "Join",
                "LZzenudln",
                "Extension",
                "get_OSVersion",
                "get_Version",
                "set_Version",
                "dwInfoVersion",
                "get_Application",
                "set_Application",
                "get_Location",
                "ObjectDataInformation",
                "SystemRegistryQuotaInformation",
                "SystemBasicInformation",
                "ObjectBasicInformation",
                "QueryLimitedInformation",
                "SystemPerformanceInformation",
                "SystemProcessorPerformanceInformation",
                "SystemLookasideInformation",
                "SystemHandleInformation",
                "ObjectNameInformation",
                "GetVolumeInformation",
                "ObjectTypeInformation",
                "ObjectAllInformation",
                "NtQuerySystemInformation",
                "SystemExceptionInformation",
                "SystemProcessInformation",
                "ObjectInformation",
                "SetInformation",
                "SystemInterruptInformation",
                "SystemTimeOfDayInformation",
                "QueryInformation",
                "VirtualMemoryOperation",
                "pszImplementation",
                "System.Globalization",
                "System.Web.Script.Serialization",
                "System.Reflection",
                "PropertyDataCollection",
                "ValueCollection",
                "MatchCollection",
                "GroupCollection",
                "ManagementObjectCollection",
                "KeyCollection",
                "set_Position",
                "CreationDisposition",
                "SearchOption",
                "Win32Exception",
                "CryptographicException",
                "ArgumentOutOfRangeException",
                "ArgumentException",
                "get_Description",
                "set_Description",
                "get_StatusDescription",
                "_description",
                "System.Runtime.ConstrainedExecution",
                "StringComparison",
                "Ya2VQaFtn",
                "add_KeyDown",
                "remove_KeyDown",
                "get_CtrlKeyDown",
                "get_ShiftKeyDown",
                "get_AltKeyDown",
                "Unknown",
                "WlDifxn",
                "Kzzn",
                "WdS0o",
                "JNs86g7o",
                "1Xh4tlBAo",
                "VCYBFCo",
                "BZUGo",
                "CompareTo",
                "CopyTo",
                "9a9eTXo",
                "O8BeimTao",
                "NO2exLeo",
                "lastInPutNfo",
                "dwExtraInfo",
                "ImageCodecInfo",
                "FieldInfo",
                "FileInfo",
                "CultureInfo",
                "pPaddingInfo",
                "FileSystemInfo",
                "MemberInfo",
                "ComputerInfo",
                "get_StartInfo",
                "ProcessStartInfo",
                "GetLastInputInfo",
                "DirectoryInfo",
                "cCAkKgo",
                "AokVko",
                "3zGFLSVXoo",
                "Zero",
                "zero",
                "r0Dp",
                "R4FCPEp",
                "7L3B0Ig3jJp",
                "add_KeyUp",
                "remove_KeyUp",
                "QEXp",
                "qeg5yfBYp",
                "dwNumberOfBytesToMap",
                "Bitmap",
                "7Zsofdp",
                "Skip",
                "TimeStamp",
                "Stop",
                "LocalApp",
                "_app",
                "NgPMYqp",
                "T43Stp",
                "Group",
                "AppAddStartup",
                "HideFileStartup",
                "iU8xy5Boyyp",
                "VP3XB1q",
                "f4mRT05UGq",
                "Jp9xbiJq",
                "iqn1I2bwaVq",
                "e29Wq",
                "L1Hbq",
                "System.Linq",
                "KraHqnq",
                "RlApq",
                "NY6Kq6r",
                "9gdJFvB0W7r",
                "JCIc5Cr",
                "sSNr",
                "lVgLSr",
                "Clear",
                "ToChar",
                "lpChar",
                "DirectorySeparatorChar",
                "ObjectTypeNumber",
                "volumeSerialNumber",
                "StreamReader",
                "TextReader",
                "BinaryReader",
                "SHA1CryptoServiceProvider",
                "MD5CryptoServiceProvider",
                "RNGCryptoServiceProvider",
                "TripleDESCryptoServiceProvider",
                "BCryptCloseAlgorithmProvider",
                "BCryptOpenAlgorithmProvider",
                "IFormatProvider",
                "StringBuilder",
                "SpecialFolder",
                "sender",
                "Encoder",
                "volumeNameBuffer",
                "fileSystemNameBuffer",
                "buffer",
                "ServicePointManager",
                "Integer",
                "EnableClipboardLogger",
                "EnableScreenLogger",
                "_screenLogger",
                "_keyLogger",
                "EnableKeylogger",
                "ManagementObjectSearcher",
                "ObjectIdentifier",
                "SecurityIdentifier",
                "ElapsedEventHandler",
                "LogTimer",
                "ToUpper",
                "FtpUser",
                "CurrentUser",
                "get_user",
                "set_user",
                "EncoderParameter",
                "Enter",
                "Object_Pointer",
                "BitConverter",
                "get_hoster",
                "set_hoster",
                "BinaryFormatter",
                "SetClipboardViewer",
                "ToLower",
                "JavaScriptSerializer",
                "aYAfr",
                "get_Major",
                "get_Minor",
                "GetLastWin32Error",
                "GetLastError",
                "Authenticator",
                "IEnumerator",
                "ManagementObjectEnumerator",
                "GetEnumerator",
                "RandomNumberGenerator",
                ".ctor",
                ".cctor",
                "Monitor",
                "CreateDecryptor",
                "CreateEncryptor",
                "passwordVaultPtr",
                "ReadIntPtr",
                "UASajntT8wr",
                "ZU8lRXAV0s",
                "GJIs",
                "F1pZmRIs",
                "YNOlE9tIs",
                "HOcSpGuz7Ss",
                "Graphics",
                "System.Diagnostics",
                "get_Bounds",
                "Microsoft.VisualBasic.Devices",
                "System.Runtime.InteropServices",
                "System.Runtime.CompilerServices",
                "GetInstances",
                "get_ChildNodes",
                "Matches",
                "EnableCookies",
                "GetDirectories",
                "master_table_entries",
                "get_Properties",
                "ExpandEnvironmentVariables",
                "GetFiles",
                "EnumProcessModules",
                "NumberStyles",
                "GetSubKeyNames",
                "field_names",
                "ReadAllLines",
                "GetProcesses",
                "System.Security.Cryptography.X509Certificates",
                "FlagsAndAttributes",
                "lpFileMappingAttributes",
                "SecurityAttributes",
                "FileBytes",
                "Rfc2898DeriveBytes",
                "ReadAllBytes",
                "BufferBytes",
                "GetBytes",
                "db_bytes",
                "get_Values",
                "GetLogicalDrives",
                "fileSystemFlags",
                "dwFlags",
                "flags",
                "ElapsedEventArgs",
                "get_Tasks",
                "set_Tasks",
                "ICredentials",
                "set_Credentials",
                "get_DefaultCredentials",
                "Equals",
                "CreateParams",
                "VaultEnumerateItems",
                "System.Windows.Forms",
                "Contains",
                "System.Web.Extensions",
                "System.Text.RegularExpressions",
                "iterations",
                "System.Collections",
                "set_MaximumAutomaticRedirections",
                "StringSplitOptions",
                "RegexOptions",
                "options",
                "tcWSos",
                "get_Groups",
                "get_Chars",
                "GetImageEncoders",
                "System.Timers",
                "RuntimeHelpers",
                "EncoderParameters",
                "SslPolicyErrors",
                "SystemInformationClass",
                "ObjectInformationClass",
                "ManagementClass",
                "pass",
                "dwDesiredAccess",
                "GrantedAccess",
                "FileAccess",
                "FileMapAllAccess",
                "processAccess",
                "get_Success",
                "CreateProcess",
                "hProcess",
                "OpenProcess",
                "GetCurrentProcess",
                "lpBaseAddress",
                "PublicIpAddress",
                "EnableContacts",
                "get_objects",
                "set_objects",
                "VaultEnumerateVaults",
                "pPropertyElements",
                "set_Arguments",
                "get_Accounts",
                "set_Accounts",
                "get_Exists",
                "JhfCaus",
                "get_Keys",
                "set_Keys",
                "get_ModifierKeys",
                "VuNPZt",
                "Concat",
                "AppendFormat",
                "ImageFormat",
                "glEbt",
                "Subtract",
                "VT_BLOB_Object",
                "VT_STREAMED_Object",
                "VT_STORED_Object",
                "ManagementBaseObject",
                "hFileMappingObject",
                "hObject",
                "ManagementObject",
                "cbKeyObject",
                "pbKeyObject",
                "NtQueryObject",
                "object",
                "Collect",
                "set_AllowAutoRedirect",
                "flProtect",
                "Unprotect",
                "1nAs9dt",
                "System.Net",
                "offset",
                "A4ht",
                "get_Height",
                "get_Lenght",
                "set_Lenght",
                "op_Explicit",
                "Split",
                "SectionCommit",
                "WaitForExit",
                "cbSalt",
                "sSalt",
                "salt",
                "VaultOpenVault",
                "get_Default",
                "lpDefault",
                "pcbResult",
                "IAsyncResult",
                "phkResult",
                "result",
                "UnsignedInt",
                "set_UserAgent",
                "PublicUserAgent",
                "System.Management",
                "pResourceElement",
                "XmlElement",
                "pAuthenticatorElement",
                "pIdentityElement",
                "dwIncrement",
                "sql_statement",
                "Environment",
                "XmlDocument",
                "get_Parent",
                "GetParent",
                "get_Current",
                "content",
                "Point",
                "get_Count",
                "get_HandleCount",
                "get_TickCount",
                "vaultItemCount",
                "set_IterationCount",
                "dwPropertiesCount",
                "vaultCount",
                "count",
                "BCryptDecrypt",
                "BCryptEncrypt",
                "TrimStart",
                "AppStart",
                "Convert",
                "Sort",
                "UnsignedShort",
                "Cast",
                "Last",
                "FtpWebRequest",
                "HttpWebRequest",
                "XmlNodeList",
                "ToList",
                "MozillaBrowserList",
                "ChromiumBrowserList",
                "get_Host",
                "set_Host",
                "FtpHost",
                "host",
                "b8mtt",
                "set_Timeout",
                "GetKeyboardLayout",
                "dwLayout",
                "cbInput",
                "pbInput",
                "cbOutput",
                "pbOutput",
                "get_StandardOutput",
                "set_RedirectStandardOutput",
                "MoveNext",
                "System.Text",
                "LastCopiedText",
                "KeylogText",
                "ReadAllText",
                "AppendAllText",
                "get_InnerText",
                "GetText",
                "GetWindowText",
                "next",
                "Log_text",
                "cbMacContext",
                "pbMacContext",
                "N721TdoW9u",
                "gWKdhrLHu",
                "xqbaHu",
                "zxnQ29bJu",
                "eeiKwe9Wu",
                "HBPvNqlu",
                "7tdTZYmu",
                "OYJfxu",
                "BGBcuJv",
                "DNn9Qv",
                "q5Vv",
                "cJOE8Vv",
                "zMmSmsWWv",
                "e1Ihv",
                "53y6jv",
                "6pov",
                "YupcKRmuv",
                "xhs3C88w",
                "ak8ExRE9X9w",
                "mcQfZCgkGw",
                "RgoUZibaHw",
                "U13M2UPw",
                "i0gAmTw",
                "nwnOWw",
                "dwMaximumSizeLow",
                "dwFileOffsetLow",
                "get_Now",
                "GetForegroundWindow",
                "NativeWindow",
                "set_CreateNoWindow",
                "xo5QHyqaqw",
                "LXlcsw",
                "0ErTyw",
                "P4i5Cx",
                "7MyIeeHpDx",
                "ToUnicodeEx",
                "GetModuleFileNameEx",
                "RegQueryValueEx",
                "GetFileSizeEx",
                "UnhookWindowsHookEx",
                "SetWindowsHookEx",
                "CallNextHookEx",
                "MaximumEx",
                "RegOpenKeyEx",
                "PLjJQx",
                "O3bqFZ8VyQx",
                "LzDd49nSx",
                "nyPQUx",
                "ucchMax",
                "PRIbx",
                "BufferEndIndex",
                "BlockIndex",
                "BufferStartIndex",
                "Regex",
                "hyHHJNZfnx",
                "BFqN2y",
                "yp2y",
                "mHW4y",
                "99zMveZ6y",
                "KXy7Fy",
                "fIh6IPy",
                "ProtectedArray",
                "ToByteArray",
                "InitializeArray",
                "ToArray",
                "ToCharArray",
                "AyJcy",
                "Consistency",
                "get_Key",
                "set_Key",
                "OpenSubKey",
                "subKey",
                "RegCloseKey",
                "phKey",
                "get_GuidMasterKey",
                "set_GuidMasterKey",
                "_guidMasterKey",
                "ContainsKey",
                "wVirtKey",
                "hImportKey",
                "BCryptImportKey",
                "BCryptDestroyKey",
                "RegistryKey",
                "_wsftpkey",
                "yWXhy",
                "System.Security.Cryptography",
                "GetExecutingAssembly",
                "PageReadonly",
                "Multiply",
                "PageWriteCopy",
                "BlockCopy",
                "FileMapCopy",
                "System.Runtime.Serialization.Formatters.Binary",
                "AmountOfMemory",
                "get_TotalPhysicalMemory",
                "Directory",
                "Registry",
                "get_Capacity",
                "Quality",
                "op_Equality",
                "op_Inequality",
                "System.Security",
                "System.Net.Security",
                "Identity",
                "IsNullOrEmpty",
                "BCryptSetAlgorithmProperty",
                "BCryptGetProperty",
                "BCryptSetProperty",
                "pszProperty",
                "aDvy",
                "pQZU6eNoyy",
                "JmteHMeNdzy",
                "vLN16ILd1z",
                "HxBz",
                "xkkZQz",
                "yDnGgj3tQRz",
                "Ogmc0LErlfz",
                "p96hz",
                "46GSZUd0nz",
                "B1VYtz",
                "WrapNonExceptionThrows",
                "1.0.0.0",
                "$2ecb21e2-948a-414a-b09a-e900fd5b6859",
                "_CorExeMain",
                "mscoree.dll",
                "<?xml version=\"1.0\" encoding=\"UTF-8\" standalone=\"yes\"?>",
                "<assembly xmlns=\"urn:schemas-microsoft-com:asm.v1\" manifestVersion=\"1.0\">",
                "  <assemblyIdentity version=\"1.0.0.0\" name=\"MyApplication.app\"/>",
                "  <trustInfo xmlns=\"urn:schemas-microsoft-com:asm.v2\">",
                "    <security>",
                "      <requestedPrivileges xmlns=\"urn:schemas-microsoft-com:asm.v3\">",
                "        <requestedExecutionLevel level=\"asInvoker\" uiAccess=\"false\"/>",
                "      </requestedPrivileges>",
                "    </security>",
                "  </trustInfo>",
                "</assembly>",
                "p p!p\"p#p$p%p&p'p(p)p*p+p,p-p.p/p0p1p2p3p4p5p6p7p8p9p:p;p<p=p>p?p@pApDpEpFpGpHpKpfy|y",
                "k#n+n9",
                "HnJnO",
                "5 6!7\"8#9$:%;&<'=(>)?*@+A,B-C0D4E5F6G7H8I9K:N;O=QATD]FcJuPvTwVxYy]z`",
                "BACAIHJHQPVUWUXU\\[cbedfdgdhdidjdml",
                "yyyy_MM_dd_HH_mm_ss",
                ".jpeg",
                "/log.tmp",
                ".html",
                "<html>",
                "</html>",
                "<br>[",
                "yyyy-MM-dd HH:mm:ss",
                "]<br>",
                "<br>",
                "Time: ",
                "<br>OSFullName: ",
                "IP Address: ",
                "<br>CPU: ",
                "MM/dd/yyyy HH:mm:ss",
                "<br>User Name: ",
                "<br>Computer Name: ",
                "<br>RAM: ",
                "<hr>",
                "CPU: ",
                "New ",
                "User Name: ",
                "RAM: ",
                " Recovered!",
                "OSFullName: ",
                "true",
                "https://api.ipify.org",
                "Mozilla/5.0 (Windows NT 10.0; Win64; x64; rv:99.0) Gecko/20100101 Firefox/99.0",
                "false",
                "ftp://ftp.cefin.bg",
                "kaai@cefin.bg",
                "#UuXy?6cIbL+",
                "appdata",
                "CnDERH",
                "CnDERH.exe",
                "Type",
                "<b>[ ",
                "]</b> (",
                ")<br>",
                "{KEYDOWN}",
                "{END}",
                "{F1}",
                "{F4}",
                "{F12}",
                "{F7}",
                "{HOME}",
                "{PageUp}",
                "{KEYLEFT}",
                "{Insert}",
                "{F8}",
                "{Win}",
                "{F9}",
                "{CAPSLOCK}",
                "{PageDown}",
                "{F3}",
                "{F2}",
                "{F5}",
                "{KEYRIGHT}",
                "{ENTER}",
                "{ALT+F4}",
                "{F11}",
                "{KEYUP}",
                "{DEL}",
                "{TAB}",
                "control",
                "{BACK}",
                "{NumLock}",
                "{F10}",
                "{CTRL}",
                "{ESC}",
                "{ALT+TAB}",
                "{F6}",
                "&gt;",
                "&quot;",
                "&amp;",
                "&lt;",
                "<br><hr>Copied Text: <br>",
                "logins",
                "IE/Edge",
                "2F1A6504-0641-44CF-8BB5-3612D865F2E5",
                "Windows Secure Note",
                "3CCD5499-87A8-4B10-A215-608888DD3B55",
                "Windows Web Password Credential",
                "154E23D0-C644-4E6F-8CE6-5069272F999F",
                "Windows Credential Picker Protector",
                "4BF4C442-9B8A-41A0-B380-DD4A704DDB28",
                "Web Credentials",
                "77BC582B-F0A6-4E15-4E80-61736B6F3B29",
                "Windows Credentials",
                "E69D7838-91B5-4FC9-89D5-230D4D4CC2BC",
                "Windows Domain Certificate Credential",
                "3E0E35BE-1B77-43E7-B873-AED901B6275B",
                "Windows Domain Password Credential",
                "3C886FF3-2669-4AA2-A8FB-3F6759A77548",
                "Windows Extended Credential",
                "00000000-0000-0000-0000-000000000000",
                "UC Browser",
                "UCBrowser\\",
                "Login Data",
                "journal",
                "wow_logins",
                "Safari for Windows",
                "\\Common Files\\Apple\\Apple Application Support\\plutil.exe",
                "\\Apple Computer\\Preferences\\keychain.plist",
                "<array>",
                "<string>",
                "</string>",
                "<data>",
                "</data>",
                "<dict>",
                " -convert xml1 -s -o \"",
                "\\fixed_keychain.xml\" ",
                "\\Microsoft\\Credentials\\",
                "\\Microsoft\\Protect\\",
                "credential",
                "QQ Browser",
                "\\EncryptedStorage",
                "Tencent\\QQBrowser\\User Data",
                "\\Default\\EncryptedStorage",
                "Profile",
                "entries",
                "category",
                "Password",
                "str3",
                "str2",
                "blob0",
                "password_value",
                "IncrediMail",
                "SmtpPassword",
                "PopPassword",
                "Software\\IncrediMail\\Identities\\",
                "\\Accounts_New",
                "SmtpServer",
                "EmailAddress",
                "Eudora",
                "Software\\Qualcomm\\Eudora\\CommandLine\\",
                "current",
                "Settings",
                "SavePasswordText",
                "ReturnAddress",
                "Falkon Browser",
                "\\falkon\\profiles\\",
                "profiles.ini",
                "startProfile=([A-z0-9\\/\\.\\\"]+)",
                "\\browsedata.db",
                "autofill",
                "ClawsMail",
                "\\clawsrc",
                "\\Claws-mail",
                "passkey0",
                "master_passphrase_salt=(.+)",
                "master_passphrase_pbkdf2_rounds=(.+)",
                "\\accountrc",
                "smtp_server",
                "address",
                "account",
                "\\passwordstorerc",
                "{(.*),(.*)}(.*)",
                "Flock Browser",
                "APPDATA",
                "\\Flock\\Browser\\",
                "signons3.txt",
                "DynDns",
                "ALLUSERSPROFILE",
                "Dyn\\Updater\\config.dyndns",
                "username=",
                "password=",
                "https://account.dyn.com/",
                "t6KzXhCh",
                "Dyn\\Updater\\daemon.cfg",
                "global",
                "accounts",
                "account.",
                "username",
                "password",
                "Psi/Psi+",
                "name",
                "\\accounts.xml",
                "\\Psi+\\profiles",
                "\\Psi\\profiles",
                "OpenVPN",
                "Software\\OpenVPN-GUI\\configs",
                "Software\\OpenVPN-GUI\\configs\\",
                "auth-data",
                "entropy",
                "remote ",
                "USERPROFILE",
                "\\OpenVPN\\config\\",
                "NordVPN",
                "NordVpn.exe*",
                "user.config",
                "//setting[@name='Username']/value",
                "//setting[@name='Password']/value",
                "Private Internet Access",
                "%ProgramW6432%",
                "Private Internet Access\\data",
                "\\account.json",
                ".*\"username\":\"(.*?)\"",
                ".*\"password\":\"(.*?)\"",
                "privateinternetaccess.com",
                "ProgramFiles(x86)",
                "\\Private Internet Access\\data",
                "FileZilla",
                "\\FileZilla\\recentservers.xml",
                "<Server>",
                "<Host>",
                "</Host>",
                "<Port>",
                "</Port>",
                "<User>",
                "</User>",
                "<Pass encoding=\"base64\">",
                "</Pass>",
                "<Pass>",
                "CoreFTP",
                "SOFTWARE\\FTPWare\\COREFTP\\Sites",
                "User",
                "Host",
                "Port",
                "hdfzpysvpzimorhk",
                "WinSCP",
                "SOFTWARE\\Martin Prikryl\\WinSCP 2\\Sessions",
                "HostName",
                "UserName",
                "PublicKeyFile",
                "PortNumber",
                "[PRIVATE KEY LOCATION: \"{0}\"]",
                "ABCDEF",
                "Flash FXP",
                "port",
                "user",
                "quick.dat",
                "Sites.dat",
                "\\FlashFXP\\",
                "yA36zA48dEhfrvghGRg57h5UlDv3",
                "FTP Navigator",
                "No Password",
                "SystemDrive",
                "\\FTP Navigator\\Ftplist.txt",
                "Server",
                "SmartFTP",
                "SmartFTP\\Client 2.0\\Favorites\\Quick Connect",
                "WS_FTP",
                "Ipswitch\\WS_FTP\\Sites\\ws_ftp.ini",
                "HOST",
                "PWD=",
                "FtpCommander",
                "\\VirtualStore\\Program Files (x86)\\FTP Commander\\Ftplist.txt",
                ";User=",
                ";Anonymous=",
                "\\cftp\\Ftplist.txt",
                "\\VirtualStore\\Program Files (x86)\\FTP Commander Deluxe\\Ftplist.txt",
                ";Port=",
                ";Password=",
                "\\Program Files (x86)\\FTP Commander\\Ftplist.txt",
                ";Server=",
                "\\Program Files (x86)\\FTP Commander Deluxe\\Ftplist.txt",
                "FTPGetter",
                "<server>",
                "\\FTPGetter\\servers.xml",
                "<server_ip>",
                "</server_ip>",
                "<server_port>",
                "</server_port>",
                "<server_user_name>",
                "</server_user_name>",
                "<server_user_password>",
                "</server_user_password>",
                "The Bat!",
                "\\The Bat!",
                "\\Account.CFN",
                "=-=-=-=-=-=-=-=-=-=-=-=-=-=-=-=-=-=-=-=-=-=-=-=-=-=-=-=-=-=-=-=-=-=-=-=-=-=-=-=",
                "+-0123456789ABCDEFGHIJKLMNOPQRSTUVWXYZabcdefghijklmnopqrstuvwxyz",
                "Becky!",
                "HKEY_CURRENT_USER\\Software\\RimArts\\B2\\Settings",
                "DataDir",
                "Folder.lst",
                "\\Mailbox.ini",
                "Account",
                "PassWd",
                "SMTPServer",
                "MailAddress",
                "Outlook",
                "9375CFF0413111d3B88A00104B2A6676",
                "Software\\Microsoft\\Office\\11.0\\Outlook\\Profiles",
                "Software\\Microsoft\\Office\\12.0\\Outlook\\Profiles",
                "Software\\Microsoft\\Office\\14.0\\Outlook\\Profiles",
                "Software\\Microsoft\\Office\\15.0\\Outlook\\Profiles",
                "Software\\Microsoft\\Windows NT\\CurrentVersion\\Windows Messaging Subsystem\\Profiles",
                "Software\\Microsoft\\Windows Messaging Subsystem\\Profiles\\9375CFF0413111d3B88A00104B2A6676",
                "Software\\Microsoft\\Office\\16.0\\Outlook\\Profiles",
                "Email",
                "IMAP Password",
                "POP3 Password",
                "HTTP Password",
                "SMTP Password",
                " Server",
                "Windows Mail App",
                "COMPlus_legacyCorruptedStateExceptionsPolicy",
                "Software\\Microsoft\\ActiveSync\\Partners",
                "syncpassword",
                "mailoutgoing",
                "FoxMail",
                "HKEY_CURRENT_USER\\Software\\Aerofox\\FoxmailPreview",
                "Executable",
                "HKEY_CURRENT_USER\\Software\\Aerofox\\Foxmail\\V3.1",
                "FoxmailPath",
                "\\Storage\\",
                "\\mail",
                "\\VirtualStore\\Program Files\\Foxmail\\mail",
                "\\VirtualStore\\Program Files (x86)\\Foxmail\\mail",
                "\\Accounts\\Account.rec0",
                "\\Account.stg",
                "POP3Host",
                "SMTPHost",
                "IncomingServer",
                "POP3Password",
                "Opera Mail",
                "\\Opera Mail\\Opera Mail\\wand.dat",
                "opera:",
                "defg",
                "ijklmno",
                "pqrs",
                "vwxyz1234567890_-.~!@#$%^&*()[{]}\\|';:,<>/?+=",
                "PocoMail",
                "\\Pocomail\\accounts.ini",
                "POPPass",
                "SMTPPass",
                "SMTP",
                "eM Client",
                "Accounts",
                "\"Username\":\"",
                "\"Secret\":\"",
                "72905C47-F4FD-4CF7-A489-4E8121A155BD",
                "\"ProviderName\":\"",
                "eM Client\\accounts.dat",
                "o6806642kbM7c5",
                "Mailbird",
                "SenderIdentities",
                "Server_Host",
                "Username",
                "EncryptedPassword",
                "\\Mailbird\\Store\\Store.db",
                "TightVNC",
                "Software\\TightVNC\\Server",
                "PasswordViewOnly",
                "RealVNC 4.x",
                "SOFTWARE\\RealVNC\\WinVNC4",
                "TigerVNC",
                "Software\\TigerVNC\\Server",
                "TightVNC ControlPassword",
                "ControlPassword",
                "RealVNC 3.x",
                "Software\\ORL\\WinVNC3",
                "SOFTWARE\\Wow6432Node\\RealVNC\\WinVNC4",
                "SOFTWARE\\RealVNC\\vncserver",
                "UltraVNC",
                "\\uvnc bvba\\UltraVNC\\ultravnc.ini",
                "passwd",
                "passwd2",
                "ProgramFiles",
                "\\UltraVNC\\ultravnc.ini",
                "JDownloader 2.0",
                "JDownloader 2.0\\cfg",
                "org.jdownloader.settings.AccountSettings.accounts.ejs",
                "jd.controlling.authentication.AuthenticationControllerSettings.list.ejs",
                "Paltalk",
                "Software\\A.V.M.\\Paltalk NG\\common_settings\\core\\users\\creds\\",
                "nickname",
                "paltalk.com",
                "Pidgin",
                "\\.purple\\accounts.xml",
                "<account>",
                "<protocol>",
                "</protocol>",
                "<name>",
                "</name>",
                "<password>",
                "</password>",
                "Trillian",
                "\\Trillian\\users\\global\\accounts.dat",
                "trillian.im",
                "MysqlWorkbench",
                "\\MySQL\\Workbench\\workbench_user_data.dat",
                "Internet Downloader Manager",
                "Software\\DownloadManager\\Passwords\\",
                "EncPassword",
                "Discord",
                "discord.com",
                "Discord Token",
                "[\\w-]{24}\\.[\\w-]{6}\\.[\\w-]{27}",
                "mfa\\.[\\w-]{84}",
                "*.ldb",
                "discordptb",
                "discordcanary",
                "*.log",
                "Local Storage\\leveldb",
                "origin_url",
                "username_value",
                "Opera Stable",
                "\\Local State",
                "\"encrypted_key\":\"(.*?)\"",
                "\\Login Data",
                "\\Default\\Login Data",
                "key4.db",
                "metaData",
                "item1",
                "item2",
                "nssPrivate",
                "a102",
                "2a864886f70d0209",
                "2a864886f70d010c050103",
                "key3.db",
                "global-salt",
                "Version",
                "password-check",
                "Path=([A-z0-9\\/\\.\\-]+)",
                "[^\\u0020-\\u007F]",
                "logins.json",
                "oauth",
                "\\\"(hostname|encryptedPassword|encryptedUsername)\":\"(.*?)\"",
                "signons.sqlite",
                "moz_logins",
                "hostname",
                "encryptedUsername",
                "encryptedPassword",
                "Host: ",
                "Application: ",
                "Password: ",
                "Username: ",
                "<br>Username: ",
                "<br>Password: ",
                "<br><hr>",
                "<br>Application: ",
                "CentBrowser",
                "CentBrowser\\User Data",
                "Iridium Browser",
                "Iridium\\User Data",
                "Kometa",
                "Kometa\\User Data",
                "PaleMoon",
                "\\Moonchild Productions\\Pale Moon\\",
                "Sleipnir 6",
                "Fenrir Inc\\Sleipnir5\\setting\\modules\\ChromiumViewer",
                "Chromium",
                "Chromium\\User Data",
                "CyberFox",
                "\\8pecxstudios\\Cyberfox\\",
                "BlackHawk",
                "\\NETGATE Technologies\\BlackHawk\\",
                "IceCat",
                "\\Mozilla\\icecat\\",
                "Amigo",
                "Amigo\\User Data",
                "Uran",
                "uCozMedia\\Uran\\User Data",
                "Thunderbird",
                "\\Thunderbird\\",
                "Chedot",
                "Chedot\\User Data",
                "Elements Browser",
                "Elements Browser\\User Data",
                "Chrome",
                "Google\\Chrome\\User Data",
                "K-Meleon",
                "\\K-Meleon\\",
                "Yandex Browser",
                "Yandex\\YandexBrowser\\User Data",
                "7Star",
                "7Star\\7Star\\User Data",
                "Postbox",
                "\\Postbox\\",
                "Sputnik",
                "Sputnik\\Sputnik\\User Data",
                "Comodo Dragon",
                "Comodo\\Dragon\\User Data",
                "SeaMonkey",
                "\\Mozilla\\SeaMonkey\\",
                "360 Browser",
                "360Chrome\\Chrome\\User Data",
                "Opera Browser",
                "Opera Software\\Opera Stable",
                "Coowon",
                "Coowon\\Coowon\\User Data",
                "Brave",
                "BraveSoftware\\Brave-Browser\\User Data",
                "Coccoc",
                "CocCoc\\Browser\\User Data",
                "Liebao Browser",
                "liebao\\User Data",
                "Orbitum",
                "Orbitum\\User Data",
                "Citrio",
                "CatalinaGroup\\Citrio\\User Data",
                "Edge Chromium",
                "Microsoft\\Edge\\User Data",
                "QIP Surf",
                "QIP Surf\\User Data",
                "WaterFox",
                "\\Waterfox\\",
                "Vivaldi",
                "Vivaldi\\User Data",
                "Epic Privacy",
                "Epic Privacy Browser\\User Data",
                "Firefox",
                "\\Mozilla\\Firefox\\",
                "Flock",
                "Torch Browser",
                "Torch\\User Data",
                "IceDragon",
                "\\Comodo\\IceDragon\\",
                "Cool Novo",
                "MapleStudio\\ChromePlus\\User Data",
                "00061561",
                "Berkelet DB",
                "00000002",
                " 1.85 (Hash, version 2, native byte-order)",
                "Unknow database format",
                "SQLite format 3",
                "table",
                "UNIQUE",
                "INTEGER ",
                "{0:X2}",
                "SEQUENCE {",
                "OCTETSTRING ",
                "OBJECTIDENTIFIER ",
                "Windows Credential",
                "blob",
                "policy",
                "{{{0}}}",
                "chrome",
                "sha512",
                "ObjectLength",
                "ChainingModeGCM",
                "AuthTagLength",
                "ChainingMode",
                "KeyDataBlob",
                "Microsoft Primitive Provider",
                ":Zone.Identifier",
                "SELECT * FROM Win32_Processor",
                "Name",
                ".tmp",
                "None",
                "win32_processor",
                "processorID",
                "aafbde59-66b6-40fb-940d-cf6d229cc625",
                "Win32_NetworkAdapterConfiguration",
                "IPEnabled",
                "MacAddress",
                "5a4a2c18-aac0-4612-ae75-bcd06e786a42",
                "Win32_BaseBoard",
                "SerialNumber",
                "f801f388-a863-40dd-8dc9-230b251a0ea7",
                "STOR",
                "{0}:",
                "FormatID: {0}",
                "StorageSize: {0} (0x{0:X})",
                "Version: 0x{0:X}",
                "Size of the SerializedPropertyStorage is less than 28 ({0})",
                "{D5CDD505-2E9C-101B-9397-08002B2CF9AE}",
                "Version is not equal to {0} ({1})",
                "Size of the SerializedPropertyStore is less than {0} ({1})",
                "Value: {0}",
                "Type: {0}",
                "ValueSize: {0} (0x{0:X})",
                "NameSize: {0} (0x{0:X})",
                "Name: {0}",
                "Size of the StringName is not equal to {0} ({1})",
                "Size of the StringName is less than 9 ({0})",
                "Size of the NameSize is not equal to {0} ({1})",
                "ID: 0x{0:X}",
                "Size of the SerializedPropertyStore is less than 8 ({0})",
                "StoreSize: {0} (0x{0X})",
                "\\Device\\LanmanRedirector\\",
                "Failed to retrieve system handle information.",
                "VS_VERSION_INFO",
                "VarFileInfo",
                "Translation",
                "StringFileInfo",
                "000004b0",
                "FileDescription",
                "FileVersion",
                "InternalName",
                "bb5b3922-2c45-425f-ae26-4631f7300239.exe",
                "LegalCopyright",
                "OriginalFilename",
                "ProductVersion",
                "Assembly Version"
            ]
        }
    ]
}