{
    "malware_data": [
        {
            "filename": "c62a19295b0e7fe56135d786dad65b1e2773eea90733799c0e068bd11bdaaa47.exe",
            "filetype": "4D5A9000",
            "filesize": "27KB",
            "hash_sha256": "c62a19295b0e7fe56135d786dad65b1e2773eea90733799c0e068bd11bdaaa47",
            "strings": [
                "!This program cannot be run in DOS mode.",
                ".text",
                "`.rsrc",
                "@.reloc",
                "3 r5",
                "-%('",
                " %('",
                ",E(#",
                ",)~(",
                "3)rI",
                "7%('",
                "1rs@",
                "3%('",
                "_,?~",
                "_,:~",
                ";%('",
                "0%('",
                "!%('",
                ",-(0",
                "BSJB",
                "v4.0.30319",
                "#Strings",
                "#GUID",
                "#Blob",
                "<Module>",
                "mscorlib",
                "Microsoft.VisualBasic",
                "MyApplication",
                "MyComputer",
                "MyProject",
                "MyWebServices",
                "ThreadSafeObjectProvider`1",
                "Microsoft.VisualBasic.ApplicationServices",
                "ApplicationBase",
                ".ctor",
                "Microsoft.VisualBasic.Devices",
                "Computer",
                "System",
                "Object",
                ".cctor",
                "get_Computer",
                "m_ComputerObjectProvider",
                "get_Application",
                "m_AppObjectProvider",
                "User",
                "get_User",
                "m_UserObjectProvider",
                "get_WebServices",
                "m_MyWebServicesObjectProvider",
                "Application",
                "WebServices",
                "Equals",
                "GetHashCode",
                "Type",
                "GetType",
                "ToString",
                "Create__Instance__",
                "instance",
                "Dispose__Instance__",
                "get_GetInstance",
                "m_ThreadStaticValue",
                "GetInstance",
                "Main",
                "System.Text",
                "StringBuilder",
                "ToUnicodeEx",
                "user32.dll",
                "GetKeyboardState",
                "MapVirtualKey",
                "GetWindowThreadProcessId",
                "GetKeyboardLayout",
                "user32",
                "GetAsyncKeyState",
                "VKCodeToUnicode",
                "System.Windows.Forms",
                "Keys",
                "LastAV",
                "LastAS",
                "lastKey",
                "Logs",
                "NtSetInformationProcess",
                "hProcess",
                "processInformationClass",
                "processInformation",
                "processInformationLength",
                "ntdll",
                "capGetDriverDescriptionA",
                "wDriver",
                "lpszName",
                "cbName",
                "lpszVer",
                "cbVer",
                "avicap32.dll",
                "GetVolumeInformation",
                "lpRootPathName",
                "lpVolumeNameBuffer",
                "nVolumeNameSize",
                "lpVolumeSerialNumber",
                "lpMaximumComponentLength",
                "lpFileSystemFlags",
                "lpFileSystemNameBuffer",
                "nFileSystemNameSize",
                "kernel32",
                "GetVolumeInformationA",
                "GetForegroundWindow",
                "GetWindowText",
                "hWnd",
                "WinTitle",
                "MaxLength",
                "GetWindowTextA",
                "GetWindowTextLength",
                "hwnd",
                "GetWindowTextLengthA",
                "Microsoft.Win32",
                "RegistryValueKind",
                "Plugin",
                "SessionEndingEventArgs",
                "sender",
                "Sendb",
                "Send",
                "connect",
                "AdicionarAplicacaoAoIniciar",
                "webcam",
                "System.Net.Sockets",
                "TcpClient",
                "lastcap",
                "System.IO",
                "FileInfo",
                "MemoryStream",
                "DownloadHostOrNot",
                "DownloadHostOrNotURL",
                "FileStream",
                "System.ComponentModel",
                "EditorBrowsableAttribute",
                "EditorBrowsableState",
                "System.CodeDom.Compiler",
                "GeneratedCodeAttribute",
                "System.Diagnostics",
                "DebuggerHiddenAttribute",
                "Microsoft.VisualBasic.CompilerServices",
                "StandardModuleAttribute",
                "HideModuleNameAttribute",
                "System.ComponentModel.Design",
                "HelpKeywordAttribute",
                "System.Runtime.CompilerServices",
                "RuntimeHelpers",
                "GetObjectValue",
                "RuntimeTypeHandle",
                "GetTypeFromHandle",
                "Activator",
                "CreateInstance",
                "MyGroupCollectionAttribute",
                "System.Runtime.InteropServices",
                "ComVisibleAttribute",
                "ThreadStaticAttribute",
                "CompilerGeneratedAttribute",
                "STAThreadAttribute",
                "Process",
                "Exception",
                "DateTime",
                "GetProcessById",
                "IntPtr",
                "ToInt32",
                "get_MainWindowTitle",
                "Operators",
                "CompareString",
                "String",
                "get_Length",
                "DateAndTime",
                "get_Now",
                "get_ProcessName",
                "Concat",
                "ProjectData",
                "SetProjectError",
                "ClearProjectError",
                "Byte",
                "op_Explicit",
                "Enum",
                "Empty",
                "Keyboard",
                "get_Keyboard",
                "get_CapsLock",
                "ToUpper",
                "ToLower",
                "Conversions",
                "ToInteger",
                "Remove",
                "System.Threading",
                "Thread",
                "Sleep",
                "OutAttribute",
                "MarshalAsAttribute",
                "UnmanagedType",
                "ToBoolean",
                "Strings",
                "StrReverse",
                "System.Reflection",
                "Assembly",
                "GetEntryAssembly",
                "get_Location",
                "ServerComputer",
                "Microsoft.VisualBasic.MyServices",
                "RegistryProxy",
                "get_Registry",
                "RegistryKey",
                "get_CurrentUser",
                "OpenSubKey",
                "DeleteValue",
                "GetValue",
                "CreateSubKey",
                "SetValue",
                "ConditionalCompareObjectEqual",
                "Environment",
                "get_MachineName",
                "get_UserName",
                "FileSystemInfo",
                "get_LastWriteTime",
                "get_Date",
                "ComputerInfo",
                "get_Info",
                "get_OSFullName",
                "Replace",
                "OperatingSystem",
                "get_OSVersion",
                "get_ServicePack",
                "CompareMethod",
                "Split",
                "SpecialFolder",
                "GetFolderPath",
                "Contains",
                "RegistryKeyPermissionCheck",
                "GetValueNames",
                "Convert",
                "ToBase64String",
                "FromBase64String",
                "Encoding",
                "get_UTF8",
                "GetBytes",
                "GetString",
                "System.IO.Compression",
                "GZipStream",
                "Stream",
                "CompressionMode",
                "set_Position",
                "Read",
                "BitConverter",
                "Dispose",
                "Space",
                "Socket",
                "get_Client",
                "get_Connected",
                "Zero",
                "op_Equality",
                "Interaction",
                "Environ",
                "Conversion",
                "Module",
                "Load",
                "GetModules",
                "GetTypes",
                "get_FullName",
                "EndsWith",
                "get_Assembly",
                "get_LocalMachine",
                "File",
                "Delete",
                "DeleteSubKey",
                "AppWinStyle",
                "Shell",
                "EndApp",
                "System.Net",
                "WebClient",
                "System.Drawing",
                "Bitmap",
                "Rectangle",
                "Graphics",
                "Size",
                "Cursor",
                "Point",
                "ConcatenateObject",
                "get_Chars",
                "NewLateBinding",
                "LateGet",
                "Int32",
                "SubtractObject",
                "Write",
                "ToArray",
                "DownloadData",
                "Path",
                "GetTempFileName",
                "WriteAllBytes",
                "Start",
                "get_Name",
                "get_Message",
                "LateSet",
                "LateCall",
                "Boolean",
                "CompareObjectEqual",
                "OrObject",
                "Screen",
                "get_PrimaryScreen",
                "get_Bounds",
                "get_Width",
                "get_Height",
                "System.Drawing.Imaging",
                "PixelFormat",
                "Image",
                "FromImage",
                "CopyPixelOperation",
                "CopyFromScreen",
                "Cursors",
                "get_Default",
                "get_Position",
                "Draw",
                "DrawImage",
                "ImageFormat",
                "get_Jpeg",
                "Save",
                "WriteByte",
                "ChangeType",
                "System.Security.Cryptography",
                "MD5CryptoServiceProvider",
                "HashAlgorithm",
                "ComputeHash",
                "GetCurrentProcess",
                "get_Handle",
                "Monitor",
                "Enter",
                "SocketFlags",
                "Exit",
                "Close",
                "ServicePointManager",
                "SecurityProtocolType",
                "set_SecurityProtocol",
                "set_Encoding",
                "WebHeaderCollection",
                "get_Headers",
                "HttpRequestHeader",
                "set_Item",
                "DownloadString",
                "Trim",
                "set_ReceiveBufferSize",
                "set_SendBufferSize",
                "set_SendTimeout",
                "set_ReceiveTimeout",
                "Connect",
                "get_Available",
                "SelectMode",
                "Poll",
                "Receive",
                "ParameterizedThreadStart",
                "Join",
                "NetworkStream",
                "GetStream",
                "ReadByte",
                "ChrW",
                "Char",
                "ToLong",
                "DirectoryInfo",
                "get_Directory",
                "ThreadStart",
                "SessionEndingEventHandler",
                "SystemEvents",
                "add_SessionEnding",
                "DoEvents",
                "set_MinWorkingSet",
                "Registry",
                "CurrentUser",
                "get_ExecutablePath",
                "IDisposable",
                "CompilationRelaxationsAttribute",
                "RuntimeCompatibilityAttribute",
                "Server",
                "Server.exe",
                "MyTemplate",
                "14.0.0.0",
                "My.User",
                "My.Application",
                "My.WebServices",
                "My.Computer",
                "4System.Web.Services.Protocols.SoapHttpClientProtocol",
                "WrapNonExceptionThrows",
                "_CorExeMain",
                "mscoree.dll",
                "<?xml version=\"1.0\" encoding=\"UTF-8\" standalone=\"yes\"?>",
                "<assembly xmlns=\"urn:schemas-microsoft-com:asm.v1\" manifestVersion=\"1.0\">",
                "  <assemblyIdentity version=\"1.0.0.0\" name=\"MyApplication.app\"/>",
                "  <trustInfo xmlns=\"urn:schemas-microsoft-com:asm.v2\">",
                "    <security>",
                "      <requestedPrivileges xmlns=\"urn:schemas-microsoft-com:asm.v3\">",
                "        <requestedExecutionLevel level=\"asInvoker\" uiAccess=\"false\"/>",
                "      </requestedPrivileges>",
                "    </security>",
                "  </trustInfo>",
                "</assembly>",
                "xabcdefg",
                "[kl]",
                "yy/MM/dd ",
                "[ENTER]",
                "[TAP]",
                "[CapsLock]",
                "False",
                "TEMP",
                "exe.revreS",
                "clarosecurity-com.duckdns.org",
                "false",
                "2054",
                "6a2634340fbf8a0a2c038c6263d49fd1",
                "Software\\Microsoft\\Windows\\CurrentVersion\\Run",
                "SGFjS2Vk",
                "0.7d By Pjoao1578",
                "|'|'|",
                "{URLHOST}",
                "Software\\",
                "yy-MM-dd",
                "??-??-??",
                "Microsoft",
                "Windows",
                " Win",
                " x64",
                " x86",
                "SystemDrive",
                ".exe",
                "Software",
                "cmd.exe /c ping 0 -n 2 & del \"",
                "prof",
                "getvalue",
                "Length",
                "Execute ERROR",
                "Download ERROR",
                "Executed As ",
                "Execute ERROR ",
                "start",
                "Update ERROR",
                "Updating To ",
                "Update ERROR ",
                "Mozilla/4.0 (compatible; MSIE 5.01; Windows NT 5.0)",
                "clear",
                "SOFTWARE\\Microsoft\\Windows\\CurrentVersion\\Run",
                "VS_VERSION_INFO",
                "VarFileInfo",
                "Translation",
                "StringFileInfo",
                "000004b0",
                "FileDescription",
                "FileVersion",
                "0.0.0.0",
                "InternalName",
                "LegalCopyright",
                "OriginalFilename",
                "ProductVersion",
                "Assembly Version"
            ]
        }
    ]
}