{
    "malware_data": [
        {
            "filename": "cd7082b1698cc23b04f5dcdac78a0ef1852c4629a0cd8491dba84545090baef1.elf",
            "filetype": "7F454C46",
            "filesize": "34KB",
            "hash_sha256": "cd7082b1698cc23b04f5dcdac78a0ef1852c4629a0cd8491dba84545090baef1",
            "strings": [
                " NUPX!",
                "!sJ-h",
                "3Re/",
                "z6t^",
                "Pqt[",
                "kFh$",
                "=st]",
                "<gd&sx",
                "~w{y",
                "(K{\"",
                "^k<2",
                "kH97",
                "Jm4&g4",
                "Ws:+",
                "+cq\\",
                "ysLQ_",
                "1[FU>",
                "#Yz>",
                "TCtW<",
                "}+<P",
                "Qm}.R",
                "9n/*",
                "l%N&",
                ">~j_",
                "d{to",
                "gCIGjj",
                "#Xv!y",
                "iDx/",
                "k~Om-",
                "(Xd2",
                "}aK5",
                "=(+XDX",
                "~+DS",
                ".Fx*",
                "[b\\b",
                "HM)i\"",
                "uwnX",
                "HBpY",
                "e`@^",
                "/^Tlwx73",
                "^.T6",
                "tyiAw$>)M",
                "Wc='B",
                "pS&27",
                "}atQ",
                "4NVh",
                "f +yC(",
                "sHA\"w",
                "BX!+",
                "p#s@*",
                "L7:@8",
                "\"msI",
                "1xRdP",
                ",uXL",
                "_|^i",
                "\"1e=",
                "~`dS{",
                "6_@v",
                "\"vDR",
                "qJ-r",
                "CieW",
                "6fz>X",
                "wc5;",
                "bLM)",
                ">'y}",
                "m5f0",
                ";JL^",
                "~?+u",
                "%A'(-3",
                "SJe:S",
                "M\\Fz",
                "CMXt",
                "g^Ga",
                "1Deo",
                "s*OV",
                "7yw4",
                "9 K0EO",
                "l,ZV",
                "A#)X",
                "r+z}",
                "5{fr",
                "fsxG/",
                "<:4#",
                "} ;pl%",
                "0Gv!",
                "&/46'",
                "J<&MP",
                "2|uj",
                "(u~L6k",
                "/^#}",
                "^7H9v",
                "*AnA",
                "()tn",
                "gi}*",
                "dPb+",
                "0Nty7U",
                "Pl]C",
                "_8-gb",
                "`hjpkU6",
                "T@=~6",
                "c}fyn\\;",
                "H|\\%",
                "UG)j1",
                "[z6?",
                "k`]b",
                "'9A%",
                "nn?kI<Eo",
                "]ra;",
                "ufrq8",
                "|!KO%\"",
                "KPJk",
                "op*-",
                "hc5[",
                "(*q0",
                ">Sr?Jg",
                "l>n;s2",
                "]d1:q ",
                "$QG6",
                "I!Ib0HM",
                "^Bd.",
                "2*B)",
                "eu'_",
                "zI\"{",
                "e\\4H#",
                "HUxFm",
                "zEw]",
                ">Y=2\\>ln~cj@",
                "^oPp",
                "-k~5i",
                ">!zT",
                "j>`Qp",
                "Z1s8",
                "2CI1",
                "6fY#/",
                "&_#y",
                "yj['B",
                "Lhil",
                "!j6I",
                "h$5M",
                "<2@O",
                "}fgj",
                "XZDn%",
                "`PtI",
                "q]5_I",
                "b$pbc5g",
                "(a49",
                "7@u'F",
                "&Vi;T",
                "`PL2",
                "iN'YGt",
                "T'$G",
                "tD{?",
                "+a`!",
                "/1M!",
                ">s_?Wm",
                "pb<K",
                "dLb&",
                "7pP%",
                ")3o<",
                "C^JB",
                "wqV5",
                "R2?M",
                "UplH",
                "j9at",
                ">9.-a",
                "dbnM",
                "0UB&",
                ";LYFW",
                "LuRx",
                "]?P8",
                "A^k%n",
                "7=s\"",
                "0[eR9",
                "lPc'(",
                "{)sL",
                "}^06",
                " aROM",
                "|kC7+",
                "6S={",
                "~YY*X",
                ",9u}E[of&H",
                "<S9P",
                "DF<}",
                "\\sTH_ ",
                "V5;K",
                "no7\"",
                ")YFrG",
                "?B9x",
                "|[pi",
                "LfL'",
                "O08~;!",
                "Zff,",
                "WBox",
                "iY<9",
                "bp=E",
                "e{-k$",
                "i{8\\",
                "D&]Q",
                ",ZOH",
                "yIih",
                "p=f}",
                "AK*Hz",
                "cd}8",
                ";pa T",
                "RjhE",
                "CT)Wx",
                "&I}@Gp",
                "Cu-rz",
                "x;C!",
                "U~VBVir",
                "y(Ex+",
                "@ m'",
                " 4V;LnZ}#",
                "EEiUGL",
                "xz$x",
                "CZv.",
                "4V;z",
                "@js%",
                "w'4A'",
                "2#i8T",
                "9#43",
                "p\" +",
                "HP1F",
                "}Jg=]b",
                "B]-$",
                "v163fs",
                "54Um",
                "= qb",
                "P49K",
                "gAY ",
                "<'pN3",
                "z9SM'",
                "0\"[B",
                "X)ns",
                "i]9*",
                "W'6>",
                ",{4;P",
                "_p'-",
                "jT{r<",
                "lv}y=",
                "`oVK",
                "xOWW",
                "pCA$",
                "tj!S{m",
                "h49z",
                "$<'RK3",
                "S4vb",
                "X1\"`",
                "Rn|#",
                "FBUeT",
                "!;K~",
                "eADZ",
                "^Hg*",
                ":|^ai",
                "6N|AE",
                "x8Q}S",
                "=k-V[ M!",
                "\"GM*",
                "H'Km",
                "8k#v",
                "E'RpU",
                "Pe<|",
                "\\@f2",
                "PUl\\",
                "I(sn",
                "?=ir@",
                "F)n?",
                "t.74",
                "mP;o",
                "uk|q",
                "*JxO",
                "@YPS",
                ">v#(",
                "}H.J",
                "g!fS>",
                "i0xG",
                "<s\\* ",
                "|qTC",
                "A7CJ",
                "79jP",
                "r\"\"G",
                "vmc{",
                "7z{Z",
                "`&+r%i8`",
                "4- =!",
                "'|AE",
                "e'Yz",
                "|kkf*A",
                "R>2VM",
                "Hy?{MV",
                "la1M]cq",
                "F1\\^",
                "Pg\\~jn",
                "d!D-",
                "QZ?J;]",
                "#FtQ",
                "*.$Y",
                "2NH3",
                "^fi)",
                "*R~X",
                "OPON",
                "s&<w_'",
                "$l08",
                ".by[",
                "~EIa",
                "J&B3",
                "4b5<",
                "&n@2",
                "q5s|R",
                "FlrG",
                "8,k:d(",
                "YD!w",
                "~=yAt;",
                "N4e*G",
                "do52",
                ":Ej:",
                "r`!G",
                "iR3]",
                "^wU%@",
                "\"das",
                ";rHX",
                "~*.V",
                "^E?Z",
                "9dk]",
                ":_/<\"",
                "+*/Y",
                "4B>E}c",
                "q3re",
                ",5:L",
                "[o=d=",
                "zHz\"",
                "po|Q=",
                "+~5qi",
                "l~Sg",
                "5LcB",
                ")hHO{",
                "qp<g",
                "\\D%[",
                "3] s",
                "MA\"/",
                "qJj?Q/,",
                "+{0e",
                "R4S}",
                "Qg!x",
                "Gx\"e",
                "JCqx",
                "Pb )",
                "PROT_EXEC|PROT_WRITE failed.",
                "$Info: This file is packed with the UPX executable packer http://upx.sf.net $",
                "$Id: UPX 3.94 Copyright (C) 1996-2017 the UPX Team. All Rights Reserved. $",
                "5n9#",
                "]=2)",
                "%b')",
                "/Cw@Z&",
                "9e(1",
                "xjqX",
                "/Vv<",
                "-zL0U",
                ":LM'",
                "~!'\"?",
                "gn;>",
                "`dOW",
                ">G\"V",
                "G0KT",
                "o9ruVu{",
                "A3Zp",
                "5(Ix5",
                "[NI.",
                "[zu%Z",
                "b/h>@%",
                " ;\\4",
                "+Ofp",
                "WJFj",
                "UPX!"
            ]
        }
    ]
}