{
    "malware_data": [
        {
            "filename": "c897c784626cb3d7748dc94bf3401205aa785efcef10a1e5534def1ab68a2f6f.dll",
            "filetype": "4D5A9000",
            "filesize": "4KB",
            "hash_sha256": "c897c784626cb3d7748dc94bf3401205aa785efcef10a1e5534def1ab68a2f6f",
            "strings": [
                "!This program cannot be run in DOS mode.",
                ".text",
                "`.rsrc",
                "@.reloc",
                "*BSJB",
                "v4.0.30319",
                "#Strings",
                "#GUID",
                "#Blob",
                "<Module>",
                "nhkey0vk.dll",
                "AMSIReaper",
                "mscorlib",
                "System",
                "Object",
                "PROCESS_VM_OPERATION",
                "PROCESS_VM_READ",
                "PROCESS_VM_WRITE",
                "OpenProcess",
                "WriteProcessMemory",
                "CloseHandle",
                "LoadLibrary",
                "GetProcAddress",
                ".ctor",
                "dwDesiredAccess",
                "bInheritHandle",
                "dwProcessId",
                "hProcess",
                "lpBaseAddress",
                "lpBuffer",
                "nSize",
                "lpNumberOfBytesWritten",
                "System.Runtime.InteropServices",
                "OutAttribute",
                "hObject",
                "lpFileName",
                "hModule",
                "lpProcName",
                "System.Runtime.CompilerServices",
                "CompilationRelaxationsAttribute",
                "RuntimeCompatibilityAttribute",
                "nhkey0vk",
                "DllImportAttribute",
                "kernel32.dll",
                "WrapNonExceptionThrows",
                "_CorDllMain",
                "mscoree.dll",
                "VS_VERSION_INFO",
                "VarFileInfo",
                "Translation",
                "StringFileInfo",
                "000004b0",
                "FileDescription",
                "FileVersion",
                "0.0.0.0",
                "InternalName",
                "LegalCopyright",
                "OriginalFilename",
                "ProductVersion",
                "Assembly Version"
            ]
        }
    ]
}