{
    "malware_data": [
        {
            "filename": "cc26dca6301b50e3a5f5270ebbe9c1d797bb1f1f3205f7ade8e310a6f19e59c0.exe",
            "filetype": "4D5A9000",
            "filesize": "191KB",
            "hash_sha256": "cc26dca6301b50e3a5f5270ebbe9c1d797bb1f1f3205f7ade8e310a6f19e59c0",
            "strings": [
                "!This program cannot be run in DOS mode.",
                "S>tRich",
                ".text",
                "`.rdata",
                "@.data",
                ".gisayi",
                ".tls",
                ".lusasa",
                ".rsrc",
                "VVVVV",
                "QSVW",
                "YQPVh",
                "PPPPP",
                "WWWWW",
                "uaVj",
                "uL9=|",
                "h0-B",
                "u,9E",
                "hX-B",
                "hx-B",
                "h &@",
                "Y__^[",
                "9csm",
                "t h@",
                "8csm",
                "<v8V",
                "S99t",
                "=LBB",
                "=HBB",
                "t$<\"u",
                ">=Yt1j",
                "tNVSP",
                "Y[_^",
                ">\"u&",
                "< tK<",
                "@@f9",
                "SSS+",
                "@PWSS",
                "t!SS",
                "j@j ^V",
                "[j@j ",
                "uWS3",
                "ueSj",
                "@_^[",
                "j?Y;",
                " VW}",
                "j?^;",
                "Y_^[]",
                "_^[]",
                "Wj6Y",
                "Fpt\"",
                "h .B",
                "SSSSS",
                "^_[]",
                "<.u4",
                "PVj@",
                "_trP",
                ",uRP",
                "^H_[",
                ">CuW",
                "@PVW",
                "vSSSh",
                "VWw$",
                "hH.B",
                "0A@@Ju",
                "wIVSP",
                "FVSj",
                "h /B",
                "Y_^[",
                "h@/B",
                "h`/B",
                "hmh@",
                "9~\\u'",
                "5PBB",
                "=TBB",
                "h i@",
                "t#Hu",
                "t+Ht",
                "_VVVVV",
                "QWVP",
                ",0GG",
                "URPQQh",
                "L$,3",
                "UVWS",
                "[_^]",
                "SVWj",
                "hKr@",
                "0SSSSS",
                "Pj1Q3",
                "F Pj*",
                "F$Pj+",
                "F(Pj,",
                "F,Pj-",
                "F0Pj.",
                "F4Pj/",
                "F8PjD",
                "F<PjE",
                "F@PjF",
                "FDPjG",
                "FHPjH",
                "FLPjI",
                "FPPjJ",
                "FTPjK",
                "FXPjL",
                "F\\PjM",
                "F`PjN",
                "FdPjO",
                "FhPj8",
                "FlPj9",
                "FpPj:",
                "FtPj;",
                "FxPj<",
                "F|Pj=",
                "{>Vj",
                "v$;5",
                "C PjPV",
                "C$PjQV",
                "C(Pj",
                "C)Pj",
                "C*PjTV",
                "C+PjUV",
                "C,PjVV",
                "C-PjWV",
                "C.PjRV",
                "C/PjSV",
                "~-8]",
                "@@8X",
                "QW@Ph",
                "W@Ph",
                "~S8]",
                "_^[t",
                "$SVW",
                ".;1s(N",
                "tIHt$",
                "HHt4HHt",
                "Ht\\Ht,",
                "SV9}",
                "98tl",
                "PSVj",
                "teHtFHt&Hu",
                "hX#B",
                "hT#B",
                "<'tE",
                "ty<%tA",
                "twF3",
                "tBF9]",
                "u 9]",
                "PPPPPPPP",
                "t&:a",
                "|FVW",
                "tNhD+B",
                "t=h@+B",
                "h<+B",
                ",aB<",
                "u49^",
                "hp*B",
                "Vj@hh(B",
                "u%hH+B",
                "j@Sh",
                "t,j@",
                "C@Ph",
                "Sj Z",
                "0;1t|",
                "9] SS",
                "tR:Q",
                "t<:Q",
                "t&:Q",
                "u8SS3",
                "9] u",
                "9]$SS",
                "t)9]",
                "t\"SS9]",
                "u,VVWV",
                "u#9u",
                "t VV9u",
                "SVWUj",
                "]_^[",
                ";t$,v-",
                "UQPXY]Y[",
                "oV f",
                "o^0f",
                "of@f",
                "onPf",
                "ov`f",
                "o~pf",
                "t:9]",
                "^SSSSS",
                "j,h 0B",
                "t!PV",
                "PSj?",
                ">:u8FV",
                "jd_Fj",
                "Pf95",
                "PVVRV",
                "Pf95\\",
                "VVVVVQRSSj",
                "h@0B",
                "h`0B",
                "u09u",
                "VW9]",
                "u99u",
                "WWWWV",
                "t<Vj",
                "t+WWVPV",
                "<8=u",
                "t*;E",
                "QVW3",
                "^WWWWW",
                "t.;E",
                "8VVVVV",
                "Af#E",
                "u+9u",
                "u>9u",
                "N+D$",
                "QQSV3",
                "VVVVj",
                "tCVV",
                "@A;E",
                "SVW3",
                "t{~Bj",
                "t1SW",
                "tSj=V",
                "u`9]",
                "Y|R9",
                "?sjj",
                "@Y@P",
                "t\\VV",
                "@Y@PW",
                "^_[3",
                "yerT",
                "VKyd",
                "qH)UQ",
                "Za<%",
                "hy5\\",
                "@p_&X",
                "jtNR",
                "osd>",
                "B.&|",
                "]vDzOV",
                "IDJ<",
                "TuO[",
                "8DcU",
                "x!$6",
                "FF:F^tCc",
                "#jo\\pco",
                ")S-LKjJ",
                "\\4Q0",
                "(sV&",
                "*OJd@",
                "_/A3",
                "P2p/",
                "%eG_K",
                ",%=mj",
                "2aMH}x",
                "-5cE",
                "RF.L",
                "2YD-",
                "&XQw",
                "IZS=f/_a",
                ">&pK",
                "QCqig",
                "[GBM",
                "|%]k",
                "`Q#m",
                "\"$+1(",
                "x;Vq",
                "cb,C",
                "NUQh",
                "B$ZY",
                "5;/c",
                "jw92",
                "US]O",
                "Sh93",
                "p5$%z",
                "/=)b",
                "'pr.",
                "VZ5u",
                "Uz|\\GD",
                "yZ!5",
                "k#%e",
                "-%FY",
                "OO{f",
                "9&O](",
                "3Ye2",
                "bnL}",
                "dO4k",
                "kLvG^",
                "}~#pVa\\",
                "&?Mbx",
                "!P%!",
                "[&!e",
                "4]UT+5",
                "Bl}t",
                "\"@%#",
                ">w#:$",
                "wV^%",
                "NhP]",
                "BFLam",
                "t)]Q",
                "'4R|",
                "$=_8",
                "P*!(;Rv",
                "T9.qJ",
                "T^-+",
                "%mK(ct",
                "LSO`gxPV",
                "\"<&^",
                ")@.+",
                "-OhT",
                "a]5=",
                "2{Vp",
                "m\"$j",
                "^A>p",
                "ZJ<BQK",
                "5Q]Q",
                "G_HK",
                "l&Z<",
                "|,sL",
                ">S]B",
                "7j3?",
                "7i;w",
                "3:&c",
                "r(!0",
                "::Wta=",
                " WIP",
                "q_Ek",
                "c}o@=S",
                "msHnoQ",
                "1vc ",
                "I`IU",
                "*)6H",
                "\\V&Q",
                "+ts3",
                "pcD-",
                "8_XS",
                "g09]",
                "WE{Y)J",
                "d=4F",
                "f)1416j",
                " @3<",
                "~&O)\\}",
                "z@}<",
                "A,:I",
                "en3K",
                "%Qv(9",
                "%w`ET\"",
                "Ay9dO\\",
                "R3{j",
                "w]ar)",
                "|7b(`",
                "'x+m",
                "6DPn.",
                "c?7rS",
                "\"jP^",
                "CMoqu",
                "dPlP",
                "wF^:",
                ">&oD",
                "q;6vf",
                "+R8L'?1",
                "/;>$",
                "*VMhv",
                "#0)-fNq\\",
                ".~q#",
                "%}{6",
                "_W].",
                "DJ_1",
                "QE*4Ip)",
                "^-92",
                "V<7<",
                "vH6M%",
                ";pD\"",
                "jtf<",
                "x*KR",
                "Q98W",
                "te{*",
                "(F3UF",
                "gdP7z",
                "iG$/d",
                "D&|U",
                "BN#/N",
                "9A:[:u",
                ".1K:",
                "<%rxA$",
                "kI+m",
                "9R(3",
                "sK,v0T",
                "0u\"5>",
                "9hmy",
                "8Z_e",
                "6(Yu",
                "U7eS1",
                "\"Pn!",
                "`,7?",
                "1_3w",
                "- sw",
                "j,)l",
                "[-Oq<z",
                "B0AU",
                ":\"1!B%",
                "^HfNe",
                "d$Cx",
                "@-A\"",
                "3l}_L",
                "X9aM+",
                "/6m]",
                "StPm",
                ":\\y5",
                ">+5b:",
                "cU<+",
                "XK2u",
                ",<$z",
                "3,e\"",
                "P#`#s",
                "D{,^#g",
                ")P(j",
                ":F|+",
                "lq||",
                "?!I^",
                "|JS%",
                " e8d~",
                "42bGv{",
                "5| <JN",
                "QS-(",
                ")fSI",
                "e*qr,",
                "UUMb;r",
                ")?<s!y1f",
                ")=G0",
                "LE{/",
                "9[$R",
                "e(A0",
                "RM},",
                "eRKIn",
                "31lx\"",
                "J3wV",
                "{JMu#",
                "||QJ",
                "gHr;",
                "E\"Ht",
                "u$,\\!0",
                "blCP",
                "pqgGv#2",
                "&_67",
                "bT)x",
                "s4A@l",
                "N+no`,F",
                "-R_EA",
                "!67u",
                "p_Uy1",
                "5N\\:[",
                "F=eE",
                "$8/5",
                "auW]",
                "'g(Q",
                "SWRK",
                "m(R8",
                "`h8DR",
                "K07lKL",
                "CdUF",
                "ucj/",
                "jRC;",
                "$J~.",
                "fD$7x",
                "5c,#+",
                "7UgM",
                "'.DO",
                "#c*M",
                "n8We",
                "^K/x_",
                "|_Bu/`",
                "a Q=",
                "!Nv#",
                "c6.M",
                "T2mj",
                "-J):D",
                "7@-JP6",
                "8!`#D",
                "A\"/'",
                "H%KN",
                "xh+3",
                "O[a\"@zvLz",
                "o?#Dn",
                "CF:9",
                "P?K2f",
                "Gx1->",
                "MrVK",
                ":-`+&",
                "Fc-9",
                "'*Be",
                "YiN ",
                "fS;5",
                "HDI3",
                "t,LN*",
                "mvY)}",
                "i_1A",
                ",DR9",
                "CGz!",
                "ion+",
                "^vx`",
                "Y>mn",
                "KfZg5",
                "iR['",
                "04zZO",
                "\\uJ*J",
                "}8/ ",
                "QA;<",
                "oSk<`",
                "#o2/",
                "|1Xw",
                "iH/ut",
                "c:I8]",
                "8]90",
                ":twk",
                ";r}_",
                "Kw%r",
                "<W[T>",
                "lhuj",
                "U*ME",
                ".aLI",
                "<?sW^v",
                "6(BU",
                "b6h!",
                "@>95",
                "~,^z",
                "Q04l",
                "Gt94",
                "tr\"Z",
                "LYUN!e)",
                "*o$4oix",
                "MMVW",
                "kz+t'",
                "ZKiZdO",
                "baV9",
                "Atu8",
                "6P}hlr",
                "7`msij",
                "UO%@",
                ")~-lC`",
                ":L1)l",
                "Epaf",
                "H:-G",
                "Sc(:b",
                "N/24",
                "/vwS",
                "@{m[",
                "faP%",
                "Qi0M",
                "lZjFp",
                "!PzF",
                "t*;[",
                "vc1E:",
                ";vH[",
                "(:2.",
                "+jk/D",
                "H8Vm",
                "rd7b",
                "4R/k|",
                "+4Qdga",
                "Q[8g",
                "_wHY",
                "{Kq~",
                "8wY8",
                "Lb>@=",
                "g3HYx",
                "_4+2",
                "1f_+",
                "qpm(",
                "W2%Y",
                "Db2<:",
                "8Y^P",
                "bN8-",
                "CxP^",
                ";}!Zb",
                ":[ua",
                "(,L|P\\)",
                ".^e!r",
                "TGhr",
                "e--CI",
                "[5{Z(x",
                "+=wXm",
                "Z^RQ",
                "n:Vy",
                "wEu?",
                "k+f4",
                "\"j9:",
                "(X$i",
                "o0PU",
                "czoJ",
                "RLDD",
                "t 4oW",
                "@Kb}",
                "S]M#+",
                "u[;V=",
                "_ >l",
                ">!={",
                "O+&#",
                "n{g)2\"",
                "0<-g",
                "&w2|2",
                "efxJ",
                "y,*gw",
                "XD12",
                "WU!=",
                "TOof",
                "(dIk",
                "pC4W",
                "vZGN",
                "ve-X&",
                ")~o-",
                "^yCG/",
                "|d.j",
                "p'PdI",
                "'icyPG",
                "TuNXc",
                "9Pl;^hG",
                "u^+h+L",
                "7Zke^^",
                "4(2<JJU\\",
                "?'jX",
                "{uFzI",
                "rv-=",
                "TLi}'",
                "1w=/",
                "d/7k",
                "!fqb",
                "gt#c`",
                ",]@IE0a",
                ">m~C",
                "PPT9",
                "2P7G `2",
                "=I!n",
                "B&I=",
                "}xwoD",
                "[}2}",
                " I.h",
                "],[vR",
                "70w ",
                "KWx{g",
                "z!_[I\"",
                "$#+pe",
                ";=<?",
                "@k[p3;",
                "NI@aEsQ",
                "UaE)",
                ";af,K",
                "gv%s",
                "NnfE",
                "7(U1",
                "CO3ro",
                "BxUrN",
                "c\\LeLt@",
                "u!z.7",
                "uU :",
                "bZJHbU px&w.",
                ";8Au",
                "~f(t",
                "<#@\\\"",
                " A9.",
                "&FF^",
                "%$kP",
                "-MoW)j",
                "7hc.",
                "(~/j",
                "Fx8;7",
                "S5:h%oC",
                "P\"E$2z",
                "ntx*",
                "KZQC,",
                "u/(\"",
                "=U<y;",
                "Y$$/}",
                "Y#uA",
                "9bM$3",
                "{'%16s",
                "xMat;",
                "e$po?",
                "q=Y05",
                "?VMa",
                "!nE9&",
                "&$jp",
                "hmyE5",
                "g}c~[",
                "*\"'6",
                "Whm2",
                "1,xvm",
                "(UUP",
                "9DO[dn",
                "T!Ql",
                "<\\l}",
                "XNFO",
                "@2{$",
                "`<kP",
                "9!Pw",
                "=t<OW",
                " A_t",
                "-L-:",
                "d[') ",
                "}9_t",
                "|fUzo",
                "PBBI",
                "~Ri,+",
                "b^\"X",
                "RdS=",
                "y|k|",
                ",V9R",
                "vm`R",
                "oSJ?",
                "SARd",
                "\"Hml",
                "nhC1J",
                "M0Co",
                "oY~?L",
                "oU]29",
                "Q,U#",
                "z[U5;",
                "!%P~",
                "IvPlz",
                "]~xf",
                "R&n:",
                "Mo7RP^J",
                "Hx|8",
                "5Pi*",
                "q3#xlP",
                "9[L[]ta\\",
                "EE@-",
                "SD&jR",
                ")Td-",
                "mUFA",
                "xc~8",
                "<QBd:,",
                "kf/Q",
                "(Ql/'pT",
                "+Iv~$",
                "0Ad;",
                ";`,,",
                "HuuV",
                "(2Q9",
                " QKg",
                "NF~@0",
                "T;Q[*",
                "L2{A*7",
                "MM|YdZ",
                "}':G#",
                "Lxi3W=",
                "KYxUQo",
                "qWlM",
                "\"ssx23+",
                "n1>W>",
                "C}w-",
                "-?j5",
                "~S=J",
                ".J/nS",
                "<$[W",
                "@,rO",
                "jyNe",
                ")J@!IE",
                ".CR+}^",
                ",e\\p",
                "2h X",
                "L_tm",
                ",D\\w",
                "qod4",
                "(F8Yp}",
                ")O/v6]/",
                "k\\+L",
                "'=:A",
                "x~5/e",
                "H'_a",
                "q2d'",
                "98$C",
                ";rP<kX",
                "v8G?",
                "}[K\\*",
                "t,,u",
                "C^-C",
                "Vd\")6",
                "*8}h",
                "azqx",
                "m@(|",
                "94WdX",
                "eSaW/",
                "%iyz-",
                "voXj",
                "4i}b",
                "d!f!",
                "jr}U",
                "egTI",
                "`NKh{B",
                "%C{`3",
                "juDL",
                "(HH9r",
                "]7c?{",
                "h.;0h",
                "FOjQ",
                "7CzNf",
                "Pso68",
                "RG>g",
                "Fi!,",
                "%Z^;:",
                "i$)QF",
                ")$xHe",
                "+dMl",
                "UL@=@",
                "YR3*L",
                "]k0\"",
                "aQ(X*",
                "e;,d$",
                "!Y$}",
                "JOZ$n",
                "2~eH",
                "aXXI",
                ">#:K",
                "R@vU",
                "ucV?",
                "nS.JO'+",
                "\\9]P",
                ")sTZ",
                "3;H#",
                "x&/<",
                ";hC9",
                "r?%-$y",
                "\\uW=",
                "=HQSQ",
                "?QJH",
                "fQTB_",
                "sBt8",
                "hR[3",
                "k rC",
                "w!A=",
                "W_uA",
                ",ke^",
                "u%;$h!",
                "--|5",
                "4QuG",
                "X0qc/s",
                "xe?\\Yk;",
                "9Ljv",
                "~BA2N",
                "%,al",
                "BL%]",
                "?yj]",
                "-xDeR",
                "(q5`",
                "jep=siP",
                "JQak",
                "i..S8.l",
                "do`j",
                "B:&e",
                "^5tL",
                ")hg8",
                "Zo9m",
                "Q=&m",
                "Yj<G%",
                "J5O(y",
                "Q\\T|]",
                "d%hZ",
                "cy-:",
                "dh%Ii",
                "Np#Jzu",
                "6 +8",
                "r<ER",
                "c56A",
                "w[M;",
                "fUMI",
                "U99x",
                "EPnP",
                "O8##",
                "dFfX",
                "R'._",
                "v;^:",
                "jkXjef",
                "Xjrf",
                "Xjnf",
                "Xjef",
                "Xjlf",
                "Xj3f",
                "Xj2f",
                "Xj.f",
                "Xjdf",
                "MpQj@",
                "PWWWW",
                "^6}B",
                "|u#j",
                "EncodePointer",
                "DecodePointer",
                "FlsFree",
                "FlsSetValue",
                "FlsGetValue",
                "FlsAlloc",
                "CorExitProcess",
                "runtime error ",
                "TLOSS error",
                "SING error",
                "DOMAIN error",
                "R6034",
                "An application has made an attempt to load the C runtime library incorrectly.",
                "Please contact the application's support team for more information.",
                "R6033",
                "- Attempt to use MSIL code from this assembly during native code initialization",
                "This indicates a bug in your application. It is most likely the result of calling an MSIL-compiled (/clr) function from a native constructor or from DllMain.",
                "R6032",
                "- not enough space for locale information",
                "R6031",
                "- Attempt to initialize the CRT more than once.",
                "This indicates a bug in your application.",
                "R6030",
                "- CRT not initialized",
                "R6028",
                "- unable to initialize heap",
                "R6027",
                "- not enough space for lowio initialization",
                "R6026",
                "- not enough space for stdio initialization",
                "R6025",
                "- pure virtual function call",
                "R6024",
                "- not enough space for _onexit/atexit table",
                "R6019",
                "- unable to open console device",
                "R6018",
                "- unexpected heap error",
                "R6017",
                "- unexpected multithread lock error",
                "R6016",
                "- not enough space for thread data",
                "This application has requested the Runtime to terminate it in an unusual way.",
                "R6009",
                "- not enough space for environment",
                "R6008",
                "- not enough space for arguments",
                "R6002",
                "- floating point support not loaded",
                "Microsoft Visual C++ Runtime Library",
                "<program name unknown>",
                "Runtime Error!",
                "Program: ",
                "LC_TIME",
                "LC_NUMERIC",
                "LC_MONETARY",
                "LC_CTYPE",
                "LC_COLLATE",
                "LC_ALL",
                " !\"#$%&'()*+,-./0123456789:;<=>?@ABCDEFGHIJKLMNOPQRSTUVWXYZ[\\]^_`abcdefghijklmnopqrstuvwxyz{|}~",
                "SystemFunction036",
                "ADVAPI32.DLL",
                "GetProcessWindowStation",
                "GetUserObjectInformationA",
                "GetLastActivePopup",
                "GetActiveWindow",
                "MessageBoxA",
                "USER32.DLL",
                " !\"#$%&'()*+,-./0123456789:;<=>?@abcdefghijklmnopqrstuvwxyz[\\]^_`abcdefghijklmnopqrstuvwxyz{|}~",
                " !\"#$%&'()*+,-./0123456789:;<=>?@ABCDEFGHIJKLMNOPQRSTUVWXYZ[\\]^_`ABCDEFGHIJKLMNOPQRSTUVWXYZ{|}~",
                "HH:mm:ss",
                "dddd, MMMM dd, yyyy",
                "MM/dd/yy",
                "December",
                "November",
                "October",
                "September",
                "August",
                "July",
                "June",
                "April",
                "March",
                "February",
                "January",
                "Saturday",
                "Friday",
                "Thursday",
                "Wednesday",
                "Tuesday",
                "Monday",
                "Sunday",
                "am/pm",
                "united-states",
                "united-kingdom",
                "trinidad & tobago",
                "south-korea",
                "south-africa",
                "south korea",
                "south africa",
                "slovak",
                "puerto-rico",
                "pr-china",
                "pr china",
                "new-zealand",
                "hong-kong",
                "holland",
                "great britain",
                "england",
                "czech",
                "china",
                "britain",
                "america",
                "swiss",
                "swedish-finland",
                "spanish-venezuela",
                "spanish-uruguay",
                "spanish-puerto rico",
                "spanish-peru",
                "spanish-paraguay",
                "spanish-panama",
                "spanish-nicaragua",
                "spanish-modern",
                "spanish-mexican",
                "spanish-honduras",
                "spanish-guatemala",
                "spanish-el salvador",
                "spanish-ecuador",
                "spanish-dominican republic",
                "spanish-costa rica",
                "spanish-colombia",
                "spanish-chile",
                "spanish-bolivia",
                "spanish-argentina",
                "portuguese-brazilian",
                "norwegian-nynorsk",
                "norwegian-bokmal",
                "norwegian",
                "italian-swiss",
                "irish-english",
                "german-swiss",
                "german-luxembourg",
                "german-lichtenstein",
                "german-austrian",
                "french-swiss",
                "french-luxembourg",
                "french-canadian",
                "french-belgian",
                "english-usa",
                "english-us",
                "english-uk",
                "english-trinidad y tobago",
                "english-south africa",
                "english-nz",
                "english-jamaica",
                "english-ire",
                "english-caribbean",
                "english-can",
                "english-belize",
                "english-aus",
                "english-american",
                "dutch-belgian",
                "chinese-traditional",
                "chinese-singapore",
                "chinese-simplified",
                "chinese-hongkong",
                "chinese",
                "canadian",
                "belgian",
                "australian",
                "american-english",
                "american english",
                "american",
                "Norwegian-Nynorsk",
                "SunMonTueWedThuFriSat",
                "JanFebMarAprMayJunJulAugSepOctNovDec",
                "bad allocation",
                "VirtualProtect",
                "LocalUnlock",
                "TlsGetValue",
                "HeapFree",
                "FreeEnvironmentStringsA",
                "GetModuleHandleW",
                "GetConsoleAliasesA",
                "GetLocaleInfoW",
                "GetAtomNameW",
                "CompareStringW",
                "LCMapStringA",
                "GetConsoleOutputCP",
                "GetLastError",
                "GetProcAddress",
                "LoadLibraryA",
                "LocalAlloc",
                "VirtualLock",
                "GetModuleFileNameA",
                "DeleteCriticalSection",
                "LocalFree",
                "KERNEL32.dll",
                "GetCommandLineA",
                "GetStartupInfoA",
                "TerminateProcess",
                "GetCurrentProcess",
                "UnhandledExceptionFilter",
                "SetUnhandledExceptionFilter",
                "IsDebuggerPresent",
                "HeapAlloc",
                "TlsAlloc",
                "TlsSetValue",
                "TlsFree",
                "InterlockedIncrement",
                "SetLastError",
                "GetCurrentThreadId",
                "InterlockedDecrement",
                "GetCurrentThread",
                "Sleep",
                "HeapSize",
                "ExitProcess",
                "WriteFile",
                "GetStdHandle",
                "GetEnvironmentStrings",
                "FreeEnvironmentStringsW",
                "WideCharToMultiByte",
                "GetEnvironmentStringsW",
                "SetHandleCount",
                "GetFileType",
                "HeapCreate",
                "HeapDestroy",
                "VirtualFree",
                "QueryPerformanceCounter",
                "GetTickCount",
                "GetCurrentProcessId",
                "GetSystemTimeAsFileTime",
                "LeaveCriticalSection",
                "FatalAppExitA",
                "EnterCriticalSection",
                "VirtualAlloc",
                "HeapReAlloc",
                "GetCPInfo",
                "GetACP",
                "GetOEMCP",
                "IsValidCodePage",
                "SetConsoleCtrlHandler",
                "FreeLibrary",
                "InterlockedExchange",
                "InitializeCriticalSectionAndSpinCount",
                "RtlUnwind",
                "GetTimeFormatA",
                "GetDateFormatA",
                "GetUserDefaultLCID",
                "GetLocaleInfoA",
                "EnumSystemLocalesA",
                "IsValidLocale",
                "GetStringTypeA",
                "MultiByteToWideChar",
                "GetStringTypeW",
                "LCMapStringW",
                "GetTimeZoneInformation",
                "CompareStringA",
                "SetEnvironmentVariableA",
                "                          ",
                "abcdefghijklmnopqrstuvwxyz",
                "ABCDEFGHIJKLMNOPQRSTUVWXYZ",
                "t~D~f",
                "H|Z~",
                "3{P}O",
                " (}S",
                "<2|X",
                "GB}Z",
                "Detepuy culu kizesolol nupogezicifedo. Nawikecejuc vitomuxecuyi. Sobebozoxuzak yiy hahovayubem jepudinomi dificizetanah. Keceronizafudur nikaxezome gajaliki. Roparasevo gixokoxef. Pogix kay pemoh hodaxixefenala hep. Yoloye dofuliwular. Fofed loju nabifoxuxupi dasisofupuvol. Mihurizipekihuy jolan dil yemo vuxiducazeve. Babeju. Zozo. Wehabomuvotes. Tulijire nisesomihifoja xeparep. Payapad can. Perew. Netotakicuj sunoca yeweyob gewotohevubow. Yuxica biwuduz. Mejijezoha sowitufeza sixuwexuxalu nofuza. Bivemijaki xocetuyewiz nuco wofitamahi. Wezepipopifog. Kevu giyoye xek xopuseyasu. Xudedufatefeci perufegik xegelaz. Pedad. Gadegixek. Gumewalahoyal. Nuwicifukuhuh. Jakutowe. Mexiwokosa pokoyu sasat xuboc. Zojawapi. Cabebiw. Nesiriyaz suwice kehamab xulin zaxagucinuwoge. Molepinule paxonubuwu banayawusak. Jan refewesosisu dedaramilaliluk wohixoxuyumes. Lavehexecafela pohuso mowi. Gatahehahef. Fusuluvujevode. Merorehobadod yejixe zuzixobebo mafepobulijer. Nevixepe kiy figus pega jomas. Jopegogarihi. Zehadilabocage gerinudu toni bicahimiruya. Hija xogajehutate kikerobovowil pozujuhohecol ficayeteduvosi. Yesuno. Saw. Joboxuf mijadake. Mijusosuzuw wabemoluxu cuvu nebete. Rovo geh nud. Taxofo nokigomi budeyo ledojane mumuk. Nuhonahan web. Lorefotom mamuvi. Wefufuvuyub tehomusigetivet jajotosisof latu. Vetuwoseh. Niwatulu. Vezanu. Citolimenula xeha. Patad bomepaf. Valavafepon kocujiduxuveci cazig. Zuca cosuzohagiv puyidoyodafu. Cidaruni. Yabubusidega. Voseyimuhitit. Mocodatupowoda malezafibey. Kojaxa. Voc tihemuguw nuhekenapomusak heya",
                "Bjjj",
                "Bjjjjjj",
                "KERNEL32.DLL",
                "mscoree.dll",
                "         (((((                  H",
                "         h((((                  H",
                "                                 H",
                "LEHEJEGI",
                "VS_VERSION_INFO",
                "StringFileInform",
                "040904E4",
                "FileVers",
                "1.0.0.1",
                "ProductVespa",
                "31.16.28.60",
                "InternalName",
                "Heart",
                "LegalCopyrighd",
                "Sheat",
                "CompanyName",
                "Samuel",
                "VarFileInfo",
                "Translation",
                "KBenogaterewap vovuzotiya voretim bepevafes zaso jiwar "
            ]
        }
    ]
}