{
    "malware_data": [
        {
            "filename": "8302d62f0ccd3c416440e413b641e698172e5258c81f1271da5fa782c034cc15.exe",
            "filetype": "4D5A9000",
            "filesize": "420KB",
            "hash_sha256": "8302d62f0ccd3c416440e413b641e698172e5258c81f1271da5fa782c034cc15",
            "strings": [
                "!This program cannot be run in DOS mode.",
                "\"Rich",
                ".text",
                "`.data",
                ".pdata",
                "@.rsrc",
                "@.reloc",
                "ADVAPI32.dll",
                "ntdll.DLL",
                "KERNEL32.dll",
                "GDI32.dll",
                "USER32.dll",
                "msvcrt.dll",
                "gdiplus.dll",
                "COMCTL32.dll",
                "SHLWAPI.dll",
                "SHELL32.dll",
                "ole32.dll",
                "OLEAUT32.dll",
                "UxTheme.dll",
                "OLEACC.dll",
                "slc.dll",
                "msdrm.dll",
                "D/ |",
                "4e |",
                "P? |",
                "$0 |",
                "\\/ju",
                "|;ju",
                "@2ju",
                "XOku",
                "`Hju",
                "@Fku",
                "=L9o<",
                "Delete",
                "NoRemove",
                "ForceRemove",
                "Invalid parameter passed to C runtime function.",
                "@Qm6t",
                "'D,3",
                "^I&r",
                "sl\\20",
                ";+?;c[;",
                "yw5E",
                "k;F*",
                "}%v&s",
                "ZOxD",
                "CCaptureForm::CCaptureForm",
                "CCaptureForm::~CCaptureForm",
                "CCaptureForm::SetVisible",
                "CCaptureForm::SetCapture",
                "CCaptureForm::SetMode",
                "CCaptureForm::UpdateCursor",
                "CCaptureForm::Register",
                "CCaptureForm::Init",
                "CCaptureForm::InitResources",
                "CCaptureForm::WndProcDispatch",
                "CCaptureForm::WndProc",
                "CCaptureForm::OnCreate",
                "CCaptureForm::Paint",
                "CCaptureForm::MonitorEnumProc",
                "CCaptureForm::GetHighlightedWindowRect",
                "CCaptureForm::PaintMinusRect",
                "CCaptureForm::Cleanup",
                "CCaptureForm::GetWindowAtPoint",
                "CCaptureForm::UpdateWindowCache",
                "CCaptureForm::RectSelectEventHelper",
                "CCaptureForm::CreateCaptureDC",
                "CCaptureForm::CreateDisplayDC",
                "CCaptureForm::GetDWMWindowRect",
                "CClipboard::CClipboard",
                "CClipboard::~CClipboard",
                "CClipboard::Close",
                "CClipboard::Open",
                "CClipboard::Empty",
                "CClipboard::SetData",
                "CEmailSupport::LoadMailProvider",
                "CEmailSupport::DoesDefaultMapiHandlerSupportUTF8",
                "CEmailSupport::SendEMailWithSimpleMAPI",
                "MAPISendMail",
                "CEmailSupport::ComposeAsInlineHtml",
                "CEmailSupport::ComposeAsAttachment",
                "CLinkFingerprint::Load",
                "CLinkFingerprint::LoadStringW",
                "CLinkFingerprint::DoesMatch",
                "CLinkFingerprint::DoesParentMatch",
                "CLinkFingerprint::CheckParent",
                "CLinkFingerprint::IsValid",
                "CLinkInfo::GetLinkInfo",
                "CLinkInfo::GetURLRecursive",
                "WinMain",
                "CMain::CMain",
                "CMain::~CMain",
                "CMain::Run",
                "CMain::CopyBitmap",
                "CMain::Init",
                "CMain::Exit",
                "CMain::InitLibs",
                "CMain::PointsToRect",
                "CMain::MillimetersToPixels",
                "CMain::IsOnTablet",
                "CMain::SetSnipInEditor",
                "CMain::SetInEditorMode",
                "CMain::GetCapturePen",
                "CMain::CreateCapturePenDrawingAttributes",
                "CMain::PixelToInkSpace",
                "CMain::CreateStrokesFromStroke",
                "CMain::SetInCaptureMode",
                "CanRunSnippingTool",
                "CMain::EnsureWindowFullyOnScreen",
                "CMain::GetAnnotationBackgroundROP",
                "CMain::GetHighContrastInkColor",
                "CMain::GetHighContrastHighlighterColor",
                "CMain::DispError",
                "CMain::ShowHelp",
                "BringSnipperToFrontIfAlreadyRunning",
                "COptions::Init",
                "COptions::Load",
                "COptions::ReadEraseEnabled",
                "COptions::Persist",
                "COptions::CustColCmdProc",
                "COptions::CustColDlgProc",
                "COptions::ComboboxAddItemWithData",
                "COptions::ComboboxSelectItemUsingData",
                "COptions::ComboboxGetCurSelItemData",
                "COptions::ComboboxDrawColorItem",
                "COptions::ComboboxDrawThicknessItem",
                "COptions::ComboboxDrawPenTipItem",
                "COptions::PopulateColorList",
                "COptions::GetColor",
                "COptions::EncodeColor",
                "COptions::GetThickness",
                "COptions::EncodeThickness",
                "COptions::OptionsCmdProc",
                "COptions::OptionsDlgToOptions",
                "COptions::OptionsDlgProcDispatch",
                "COptions::OptionsDlgProc",
                "COptions::ShowOptionsDlg",
                "COptions::ShowColorDlg",
                "COptions::GetCustomPenDims",
                "COptions::GetPenWidth",
                "COptions::IsCaptureURLEnabled",
                "CScreenCapture::TakeDesktopScreenShot",
                "CScreenCapture::IsScreenShotAllowed",
                "CSnip::CSnip",
                "CSnip::~CSnip",
                "CSnip::SetCaptureStroke",
                "CSnip::SaveAs",
                "CSnip::GetEncoderClsid",
                "CSnip::GenerateHTMLBody",
                "CSnip::GenerateHTML",
                "CSnip::GenerateInlineHTML",
                "CSnip::GetOriginalDimensions",
                "CSnip::DrawCaptureDecorations",
                "CSnip::DrawCaptureRect",
                "CSnip::StrokeClearOffset",
                "CSnip::DrawCaptureStroke",
                "CSnip::GetStrokePointArray",
                "CSnip::ObscureStrokeNegativeRegion",
                "CToolbar::CToolbar",
                "CToolbar::~CToolbar",
                "CToolbar::SetVisible",
                "CToolbar::SetInCaptureMode",
                "CToolbar::SetCancelButtonEnabled",
                "CToolbar::SetCaptureButtonChecked",
                "CToolbar::SetInstructionsText",
                "CToolbar::Init",
                "CToolbar::InitResources",
                "CToolbar::InitCaptureForm",
                "CToolbar::Register",
                "CToolbar::InitToolbar",
                "CToolbar::OnCreate",
                "CToolbar::DoLayout",
                "CToolbar::InitBar",
                "CToolbar::InitInstructions",
                "CToolbar::InitInkCollector",
                "CToolbar::SetCapturePenProperties",
                "CToolbar::WndProcDispatch",
                "CToolbar::WndProc",
                "CToolbar::OnUpdateCaptureProc",
                "CToolbar::DropDownProc",
                "CToolbar::CommandProc",
                "CToolbar::ToolTipProc",
                "CToolbar::UpdateScreenshot",
                "CToolbar::ClearTouchUI",
                "CToolbar::BringToFront",
                "CToolbar::EnsureForegroundOrCancelActiveSnip",
                "CToolbar::MakeToolWindow",
                "CToolbar::GetRectFromBoundingBox",
                "CToolbar::PixelsToInkSpace",
                "CToolbar::InkSpaceToPixels",
                "CToolbar::ClearStrokes",
                "CToolbar::Cleanup",
                "CToolbar::PutStrokeOnScreen",
                "CToolbar::Stroke",
                "CToolbar::NewInAirPackets",
                "CToolbar::RectSelectEvent",
                "CToolbar::WindowSelectEvent",
                "CToolbar::FullScreenSelectEvent",
                "CToolbar::StrokeToEditor",
                "CToolbar::ShowDRMError",
                "CToolbar::StaticWndProcDispatch",
                "CToolbar::DrawIcon",
                "CToolbar::StaticWndProc",
                "CToolbar::PaintInstructions",
                "CToolbar::GetInstructionHelpDim",
                "CToolbar::GetInstructionTextParams",
                "CToolbar::CalcInstructionHeight",
                "CToolbar::ButtonWndProcDispatch",
                "CToolbar::ButtonWndProc",
                "305.1i.",
                "CEditor::CEditor",
                "CEditor::~CEditor",
                "CEditor::Init",
                "CEditor::OnCreate",
                "CEditor::InitToolbar",
                "CEditor::SetVisible",
                "CEditor::MakeToolWindow",
                "CEditor::DoLayout",
                "CEditor::SetRect",
                "CEditor::SetPen",
                "CEditor::SetSnip",
                "CEditor::InitResources",
                "CEditor::Cleanup",
                "CEditor::ShowSaveExitDlg",
                "CEditor::WndProc",
                "CEditor::CommandProc",
                "CEditor::DropDownProc",
                "CEditor::ToolTipProc",
                "CEditor::WndProcDispatch",
                "CEditor::Register",
                "CEditor::SetButtonCheck",
                "CEditor::NewSnip",
                "CEditor::SaveSnip",
                "CEditor::SetFocus",
                "CEditorPanel::CEditorPanel",
                "CEditorPanel::~CEditorPanel",
                "CEditorPanel::Init",
                "CEditorPanel::InitGui",
                "CEditorPanel::InitInkOverlay",
                "CEditorPanel::OnSysColorChange",
                "CEditorPanel::SetInkProperties",
                "CEditorPanel::SetSnip",
                "CEditorPanel::InitResources",
                "CEditorPanel::Cleanup",
                "CEditorPanel::OnCreate",
                "CEditorPanel::WndProc",
                "CEditorPanel::PaintCanvas",
                "CEditorPanel::WndProcDispatch",
                "CEditorPanel::Register",
                "CEditorPanel::Scroll",
                "CEditorPanel::TranslateInk",
                "CEditorPanel::ResetScrollBars",
                "CEditorPanel::InvalidateClipboardImage",
                "CEditorPanel::GetInkBoundingBoxInPixels",
                "CEditorPanel::UpdateAnnotatedBitmap",
                "CEditorPanel::DrawInkToBitmap",
                "CEditorPanel::CopyToClipboard",
                "CEditorPanel::Stroke",
                "CEditorPanel::DeleteAllStrokes",
                "CEditorPanel::NewInAirPackets",
                "CEditorPanel::CursorInRange",
                "CEditorPanel::HandleInvertedCursor",
                "CEditorPanel::SystemGesture",
                "CEditorPanel::StrokesDeleted",
                "Jhni",
                "image/pict",
                "image/x-emf",
                "image/png",
                "image/bmp",
                "image/jpeg",
                "image/gif",
                "CMimeFile::Release",
                "CMimeFile::InitNew",
                "CMimeFile::EncodeString",
                "CMimeFile::Save",
                "CMimeFile::AddString",
                "CMimeFile::CreateCIDFromStream",
                "CMimeFile::SecureBodyCID",
                "cid:",
                "NULL",
                "Helpers::SelectObject",
                "Helpers::DeleteObject",
                "Helpers::DeleteDC",
                "Helpers::GetDC",
                "Helpers::GetObjectW",
                "Helpers::ReleaseDC",
                "Helpers::CreateCompatibleDC",
                "Helpers::CreateCompatibleBitmap",
                "Helpers::CreateCompatibleDIBSection",
                "Helpers::MapWindowPoints",
                "Helpers::GetClientRect",
                "Helpers::GetWindowRect",
                "Helpers::CreatePen",
                "Helpers::CreateSolidBrush",
                "Helpers::LoadIconW",
                "Helpers::LoadImageW",
                "Helpers::LoadStringW",
                "Helpers::PostMessageW",
                "Helpers::RegOpenKeyExW",
                "Helpers::RegCloseKey",
                "Helpers::RegCreateKeyExW",
                "Helpers::RegQueryValueExW",
                "Helpers::RegSetValueExW",
                "Helpers::StringCchCopyW",
                "Helpers::CloseHandle",
                "Helpers::CreateMutexW",
                "Helpers::ReleaseMutex",
                "Helpers::GetStockObject",
                "Helpers::SetWindowPos",
                "Helpers::BitBlt",
                "Helpers::LoadMenuW",
                "Helpers::GetSubMenu",
                "Helpers::CreateWindowExW",
                "Helpers::GetMonitorInfoW",
                "Helpers::MonitorFromWindow",
                "Helpers::CopyRect",
                "Helpers::OffsetRect",
                "Helpers::SetLayout",
                "Helpers::CreateDIBSection",
                "TabUtils::TabQueryPolicyValue",
                "TabUtils::TabQueryDWORDValue",
                "TabUtils::IsHighContrastModeOn",
                "TabUtils::TrackPopupMenuExAndRespectHandedness",
                "TabUtils::IsRTLProcess",
                "CTabLicense::GetBOOLPermission",
                "CTabLicense::CanRunSnippingTool",
                "33KB",
                "RSDSa",
                "SnippingTool.pdb",
                "\\$@H",
                "l$HH",
                "t$PH",
                "|$xH",
                "\\$pH",
                "UVWATAUAVAWH",
                "K(I;",
                "K I;",
                "C D9",
                "D$@ ",
                "|$8D",
                "|$0L",
                "L$ D",
                "L$ E3",
                "pA_A^A]A\\_^]",
                "L$HH",
                "\\$HH",
                "D$XH",
                "L$0H",
                "D$`H",
                "|$XH",
                "D$PH",
                "D$ A",
                "\\$PH",
                "l$XH",
                "t$`H",
                "|$hH",
                "@SVWATAUH",
                "t$HH",
                "D$HH",
                "D$0H",
                "D$@H",
                "D$(H",
                "\\$ M",
                "T$ D",
                "H;YHt",
                "D$H;",
                "T$`H",
                "9w<t}3",
                "D$TL",
                "D$xH",
                "T$xH",
                "T$PH",
                "D$TH",
                "D$P3",
                "9t$H|&H",
                "H9GHt",
                "GHE3",
                "t$@H",
                "A]A\\_^[",
                "f9{Xu",
                "CXf;",
                "L$@H",
                "VWAUAVAWH",
                "D$pH",
                "t$X3",
                "9S<t",
                "L$ H",
                "T$XH",
                "L$PH",
                "T$XL",
                "L$03",
                "D$PD",
                "T$0H",
                "T$hE3",
                "T$pH",
                "L$PE3",
                "L$P3",
                "A_A^A]_^",
                "L$0L",
                "L$hH",
                "L$0D",
                "L$hL",
                "T$@3",
                "\\$hH",
                "T$0E3",
                "L$hA",
                "\\$`H",
                "p WATAUAVAWH",
                "D$PH;",
                "\\$0D;",
                "\\$03",
                "T$PE3",
                "\\$pI",
                "A_A^A]A\\_",
                "K H;",
                "K(H;",
                "K`H;",
                "KhH;",
                "KpH;",
                "KXf;",
                "UVWATAUH",
                "~sH;",
                "L$pL",
                "D$ H",
                "9\\$p|",
                "@A]A\\_^]",
                "KxHc",
                "CxHc",
                "D+?H",
                "T$XI",
                "t$XH",
                "d$XH",
                "D$PL",
                "T$`E3",
                "VWATH",
                "\\$XH",
                "0A\\_^",
                "T$0I",
                "T$8I",
                "D$<D",
                "PA\\_^",
                "\\$0H",
                "\\$8H",
                "H SH",
                "D$DH",
                "L$`L",
                "D$@|BL",
                "D$@|#L",
                "D$LH",
                "|$@L",
                "|$DL",
                "L$DH",
                "|$8H",
                "D$ D",
                "D$@D;",
                "L$ A",
                "L$@L",
                "L$@;",
                "|$ A",
                "D$pI",
                "|$@H",
                "A_A^A]A\\_^]",
                "l$ L",
                ",$fD",
                "l$H3",
                "D$ A;",
                "l$(H",
                "T$(H",
                "L$(L",
                "\\$ A;",
                "T$`I",
                "\\$ H",
                "|3E3",
                "A]A\\_^]",
                "UVWH",
                "T$@H",
                "L$ L",
                "\\$ ;",
                "L$ SUVWH",
                "(_^][",
                "|JI+",
                "\\$0A",
                "\\$(H",
                "D$8H",
                "D$03",
                "|$03",
                "|$0H",
                "@SVWH",
                "D$ L",
                "L$HE3",
                "|$pf",
                "T$DH",
                "VWAUH",
                "l$@D",
                "\\$ L",
                "L$(H",
                "@tPD",
                "A]_^",
                "WATAUH",
                "l$(L",
                "l$0I;",
                "|$`D",
                "l$hA",
                "L$`H",
                "PhA;",
                "l$ D",
                "D$(I;",
                "D$0I;",
                "T$ H",
                "|$ A;",
                "D$ I;",
                "L$(I;",
                "L$0I;",
                "A]A\\_",
                "VWATAUAVH",
                "L9w0",
                "l$PH",
                "l$8D",
                "ttD9w",
                "L$8H",
                "F8L+",
                "trD9w u=H",
                "F L+",
                " ttD9w$u>H",
                "F(L+",
                "@tXD9w(uHH",
                "\\$XD",
                "F09G",
                "A^A]A\\_^",
                "l$`H",
                "l$hH",
                "l$xH",
                "L$hH;",
                "L$pH;",
                "T$@A",
                "`_^]",
                "SUVWATAUH",
                "L$(H;",
                "l$(A",
                "l$0H",
                "l$ H",
                "D$8A",
                "t$@fA;",
                "L$ H;",
                "H9)A",
                "A]A\\_^][",
                "t$PI",
                "t$8H",
                "WATAUAVAWH",
                "D$HL",
                "t$0E",
                "t$(H",
                "t$HD",
                "[0I;",
                "L$jD",
                "T$hH",
                "|$lf",
                "L$XE3",
                "D9t$DA",
                "D$@}8H",
                "L$XH",
                "T$HE",
                "t:E3",
                "VWATAUAWH",
                "D$@3",
                "H;CHtPH",
                "\\$ D",
                "A_A]A\\_^",
                "p WATAUH",
                "T$dL",
                "L$hD",
                "L$dH",
                "UVWATAVH",
                "D$hH",
                "A^A\\_^]",
                "D$HD;",
                "L$L;",
                "(t$0",
                "@SWH",
                "9\\$x~XH",
                ";\\$x|",
                "T$HH",
                "T$P3",
                "L$PD",
                "(t$0H",
                "\\$xH",
                "\\$`I",
                "(t$PI",
                "t$hH",
                "L$pH",
                "\\$`E",
                "@_^[",
                "D$`(",
                "L$tD",
                "L$DD",
                "l$HD",
                "t$LA;",
                "}/A+",
                "D$@A",
                "}+A+",
                "T$|D",
                "9T$H~&+T$HL",
                "L$@E3",
                "T$LD;",
                "~'A+",
                "D$HD",
                "d$0A+",
                "L$0E3",
                "L$xE",
                "L$ 99s",
                "SUVWATH",
                "s4E3",
                ".5MI",
                ".5BI",
                ".5;I",
                "(t$PH",
                "`A\\_^][",
                "p WH",
                "D$H|",
                "\\$PL",
                "l$0E3",
                "D$(?",
                "9k(H",
                "L$XH;",
                "l$xA",
                "L$ M",
                "LcF@H",
                "|$LL",
                "LcF8I",
                "d$8M",
                "McL$",
                "LcFHH",
                "@SUVWATH",
                "A\\_^][",
                "x ATH",
                "~<Lc",
                "t5E3",
                "x^E3",
                "\\$DD+\\$<fA",
                "T$8+",
                "tsE3",
                "L$@D",
                "T$8H",
                "\\$@A",
                "D$ $",
                "L$HE",
                "L$8+",
                "V4+V,",
                "D$<A",
                "F4+F,f",
                "L$`+",
                "\\$P+\\$H",
                "L$@+",
                "D$P+",
                "+D$H",
                "L$<A+",
                "D$@D",
                "D$8A+",
                "\\$PA",
                ")t$0",
                ";_ t>H",
                "G(A;",
                "D$(D",
                "\\$PI",
                "t$pH",
                "LcG H",
                "D9g(A",
                "tuE3",
                "D$8D",
                "l$(D",
                "`A_A^A]A\\_^]",
                "D$<H",
                "VWAVH",
                "l$8H",
                "l$T@",
                "l$X@",
                "l$pH",
                "D$(3",
                "D$ ;",
                "D$(P",
                "D$ 9l$ },H",
                "l$Y@",
                "A^_^",
                "D$ 3",
                "@_^]",
                "WATAVH",
                "H9n tTH",
                "N H9)t",
                "xzE3",
                "x:E3",
                "A^A\\_",
                "l$@D9-",
                "D9l$@|",
                "l$XL",
                "D$@I",
                "|$XA;",
                "D$@A;",
                "l$HL",
                "t$@A;",
                "l$8L",
                "l$0D",
                "L$HD",
                ";t$H",
                "SVWH",
                "D$ld",
                "H!L$8L",
                "D$ E3",
                "t$(D",
                "d$ E",
                "l$ E",
                "D$0I",
                "D$x3",
                "L$xH",
                "T$ L",
                "L$DL",
                "D$ Hc",
                "D$$H",
                "nT$ ",
                "nL$$",
                "|$(H",
                "t$xH",
                "D$H3",
                "T$$H",
                "A\\_^",
                "ATAUAVH",
                "D$4H",
                "L$8L",
                "T$4H",
                "\\$h3",
                "|$pH",
                "x ATAUAVH",
                " A^A]A\\",
                "fD9/",
                "|$HH",
                ":D9j",
                "t\"D9j",
                "}5D9h",
                " A]A\\_",
                "d$P;",
                "P D9c",
                " A\\_^",
                "<QM;",
                "|*;X",
                "@WATAUH",
                "t$`I",
                ",AHcA",
                "$AI;",
                "0A]A\\_",
                "@SUVWATAUAVH",
                ")t$0A",
                "o4 H",
                "@A^A]A\\_^][",
                "@UVWATAUAVAWH",
                "M@H3",
                "ePA_A^A]A\\_^]",
                "E0H;",
                "E8|$)t~E",
                "D$(I",
                "huxD",
                "D$NL",
                "C$D+",
                "9T$H",
                "D$$3",
                "OPH;",
                "t.E3",
                "OPE3",
                "\\$0L",
                "!t$(!t$ E3",
                "pA\\_^",
                "OXE3",
                "!t$pL",
                "VWAWH",
                "D$0E3",
                "VUUU",
                "tHE3",
                "tSE3",
                "A__^",
                "L$pE3",
                "D$0,",
                "T$(A",
                "D$\\H",
                "T$\\H",
                "KPE3",
                "T$@L",
                "L$TH",
                "+L$L+D$HH",
                "KHE3",
                "D$@E3",
                "D$8E+",
                "xA]A\\_^][",
                "L$xL",
                "D+\\$xH",
                "OxE3",
                "D$H\\",
                "T$(L",
                "t$ L",
                "E(HcP",
                "P_^]",
                "l$@3",
                "D$(L",
                "D$@9w",
                "X0H;",
                "G(H;h",
                "u~H9w(txH",
                "G(Lc@0H",
                "t$ E3",
                "\\$PD",
                "D$dH",
                "D$`;",
                "L$LA;",
                "DD$@H",
                "d$(H",
                "\\$`Hc",
                "~N=[",
                "O(E3",
                "N(E3",
                "\\$@I",
                "f9t$`u",
                "xNf9t$`uxH",
                "|$`H",
                "L$pA",
                "D$\\!D$P!D$TH",
                "D$LL",
                "L$@9",
                "L$D9",
                "D$L;",
                "|0f9",
                "D$0A;",
                "D$0f9>u",
                "D$0L",
                "l$8I",
                "D$83",
                "l$4L",
                "L$TL",
                "T$LH",
                "l$4H",
                "l$0A;",
                "L$T+L$L",
                "D$P+D$H",
                "D$hI",
                "D$hf;",
                "L$ ;",
                "L$d+L$\\",
                "D$`+D$X",
                "t6E3",
                "O(H!\\$ D",
                "\\$ A",
                "D$lH",
                "SUWAUH",
                "l$LH",
                "l$ A",
                "xA]_][",
                "9l$P",
                "D++D",
                "d$PI",
                "d$(D",
                "t$ E",
                "T$PI",
                "L$\\D",
                "L$XD",
                "\\$p3",
                "|$ M",
                "UWATAVAWH",
                "L$p3",
                "L$\\f",
                "D$`f",
                "L$ u",
                "T$pA",
                "D$xs",
                "D$xf",
                "nL$t+",
                "D$|+D$t",
                "t$0H",
                "A_A^A\\_]",
                "@SUVWATAUH",
                "L$@M",
                "(<>=:/j",
                "_BEF(D",
                "3VHK3PIYHY`(",
                "TZ]JY[",
                "^PUPUL[",
                "TLTJW`",
                "=PY[\\HS(SSVJ",
                "0U[LYUL[6WLU(",
                "0U[LYUL[6WLU<YS(",
                "0U[LYUL[9LHK-PSL",
                "0U[LYUL[*SVZL/HUKSL",
                "/;;79,(+",
                "O[[WZ!",
                "HSPL",
                "RZNHH",
                "PTHNK",
                "(=(<>=:/j",
                "/J'#/t",
                "BEF(D(E",
                "L$XL",
                "D$xI",
                "+|$hf",
                "nD$hf",
                "nL$lH",
                ",D$t",
                "T$`;",
                "MXE3",
                "t$03",
                "L$(3",
                "F E3",
                "L$@3",
                "D$DK",
                "D$dL",
                "+\\$T",
                "+L$@+",
                "+L$@",
                "\\$0E3",
                "SUVWATAUAVH",
                "L$TE3",
                "D$T+D$L",
                ")D$LD",
                ")t$H",
                "t$PE3",
                "L$TD",
                "L$LA+",
                "D$HA+",
                "\\$PD+\\$HA",
                "A^A]A\\_^][",
                "VATAUAVAWH",
                "nDE3",
                "D!h,",
                "(t$p",
                "(|$`I",
                "A_A^A]A\\^",
                "L$dA",
                "tWE3",
                "L$43",
                "D$Le",
                "D$@9_(",
                "x0H;",
                "O H;",
                "l$@L",
                "D$@;",
                "\\$|D",
                "\\$@3",
                "D$hW",
                "D$h3",
                "@A]A\\_",
                "SUVWH",
                "X_^][",
                "D8=L",
                "}6Lc",
                "|$ E",
                "|$0A",
                "T$@I;",
                "\\$0E;",
                "T$P;",
                "T$HI",
                "D$XM;",
                "T$(I",
                "l$0I",
                "|$ L",
                "HcUH",
                "SUVWATAUAVAWH",
                "L9vXu",
                "D$`I;",
                "D$xI;",
                "D$0A",
                "L$PI;",
                "t$ H",
                "t-I;",
                "t+E3",
                "N(I;",
                "A_A^A]A\\_^][",
                "T$ A",
                "t%E3",
                "(t$`",
                "(|$PI",
                "@SUVWATAUAVAWH",
                "|$PH",
                "9|$P",
                "H9{Xt?H",
                "KXH;",
                "|$`L",
                "\\$P;",
                "|$(L",
                "D$P;",
                "|2f9|$`u`f",
                "L$X;",
                "L$dD",
                "D$\\A+",
                "T$XD+",
                "W8+W0D",
                "G<D+G4D",
                "T$\\E",
                ";D$`~",
                "L$`D+",
                ";D$d~",
                "L$dA+",
                "T$8D",
                "|$4+",
                "+|$,",
                "|$0+",
                "+|$(",
                "L$\\A;",
                "+|$\\",
                "+\\$\\",
                ")^0)~4E3",
                "xoE3",
                "pA]A\\_^]",
                "d$4H",
                "D$4A",
                "nT$0",
                "nL$4",
                "l$8+l$0D",
                "d$<D+d$4E",
                "W4A+",
                "D$dD",
                "d$`A",
                "D$PA",
                "t$XB",
                "l$`E",
                "L$dL",
                "xSHc",
                "L$\\L",
                "oD$X",
                "E(H;",
                "t$\\L",
                "\\$t+\\$lD",
                "l$pD+l$hL",
                "\\$ E",
                "D+D$l+T$hH",
                "T$\\+",
                "D$`D",
                "L$XA+",
                "+T$lD+L$h",
                "P@Hc",
                "H9k(u",
                "L$`H;",
                "nD$l",
                "t)9W ",
                "W D;",
                "\\$ I",
                "4kHc",
                "|%;{",
                "@A_A^A]A\\_^]",
                "l$LD",
                "l$PD",
                "l$TD",
                "l$XD",
                "l$`D",
                "l$hL",
                "l$YD",
                "l$XA;",
                "T$ E3",
                "D$xM",
                "D$0W",
                "D$8dns",
                "t&H+",
                "\\$0E",
                ":t5I",
                "T$8H+",
                "L$PI",
                "L$xH3",
                "H SUVWATH",
                " A\\_^][",
                "@UVWATAUH",
                "ePA]A\\_^]",
                "D8n)txD",
                "L$(D",
                "L$(E",
                "D$XE",
                "4fA;",
                "D$@H;",
                "\\$pA",
                "D$pL",
                "\\$(L",
                "D$DI",
                "L$H3",
                "L$D;",
                "H VWATH",
                "/fA;",
                "\\$h}5H",
                "L$X3",
                "D$@L",
                "L$p;",
                "KBE3",
                "L$ 3",
                "L$`;",
                "9y@~(3",
                "x`;{@}[H",
                ";{@|",
                "x:;^Xu",
                "9t$0u",
                "? ws",
                "8csm",
                "@ = ",
                "HcH<H",
                "LcA<E3",
                "t\"M+",
                "u*9Q<|%",
                "HcA<H",
                "f9H\\u",
                "L$8D",
                "\\$8L3",
                "\\$XE3",
                "L$PL",
                "T$`3",
                "D$p3",
                "|$HA",
                "TraceMessage",
                "GetTraceLoggerHandle",
                "GetTraceEnableLevel",
                "GetTraceEnableFlags",
                "RegisterTraceGuidsW",
                "UnregisterTraceGuids",
                "TraceEvent",
                "GetLastError",
                "GlobalAddAtomW",
                "GlobalDeleteAtom",
                "RaiseException",
                "ExpandEnvironmentStringsW",
                "LoadLibraryW",
                "GetProcAddress",
                "WideCharToMultiByte",
                "FreeLibrary",
                "GetTempPathW",
                "DeleteFileW",
                "HeapSetInformation",
                "RegisterApplicationRestart",
                "LeaveCriticalSection",
                "EnterCriticalSection",
                "SizeofResource",
                "LockResource",
                "LoadResource",
                "FindResourceW",
                "FindResourceExW",
                "CreateFileW",
                "lstrlenW",
                "WriteFile",
                "CloseHandle",
                "Sleep",
                "GetSystemDefaultUILanguage",
                "GetVersionExW",
                "MultiByteToWideChar",
                "lstrlenA",
                "CreateRectRgnIndirect",
                "CreateRectRgn",
                "CombineRgn",
                "GetStockObject",
                "Rectangle",
                "SelectObject",
                "GetDeviceCaps",
                "DeleteObject",
                "SetTextColor",
                "SetBkMode",
                "GetLayout",
                "GetClipRgn",
                "SelectClipRgn",
                "GetObjectW",
                "CreatePolygonRgn",
                "OffsetRgn",
                "FillRgn",
                "PatBlt",
                "CreateCompatibleDC",
                "DeleteDC",
                "GetSystemMetrics",
                "IsWindowVisible",
                "ShowWindow",
                "ReleaseDC",
                "LoadCursorW",
                "SetClassLongPtrW",
                "RegisterClassW",
                "GetWindowLongPtrW",
                "SetWindowLongPtrW",
                "DefWindowProcW",
                "BeginPaint",
                "EndPaint",
                "SetCapture",
                "ReleaseCapture",
                "UnionRect",
                "InvalidateRect",
                "GetPropW",
                "SetPropW",
                "IntersectRect",
                "EnumDisplayMonitors",
                "IsIconic",
                "PtInRect",
                "GetWindow",
                "LogicalToPhysicalPoint",
                "SetRect",
                "CloseClipboard",
                "OpenClipboard",
                "EmptyClipboard",
                "SetClipboardData",
                "GetClassNameW",
                "GetParent",
                "LoadAcceleratorsW",
                "GetMessageW",
                "TranslateMessage",
                "DispatchMessageW",
                "PostQuitMessage",
                "GetDesktopWindow",
                "GetWindowDC",
                "SetWindowPos",
                "GetSysColor",
                "MessageBoxW",
                "FindWindowW",
                "OpenIcon",
                "SetForegroundWindow",
                "GetDC",
                "GetDlgItem",
                "EndDialog",
                "SendMessageW",
                "FillRect",
                "InflateRect",
                "DrawTextW",
                "DrawFocusRect",
                "GetClientRect",
                "IsDlgButtonChecked",
                "CheckDlgButton",
                "DialogBoxParamW",
                "IsZoomed",
                "SetWindowTextW",
                "DestroyWindow",
                "RegisterHotKey",
                "AdjustWindowRect",
                "CreateWindowExW",
                "LoadStringW",
                "TranslateAcceleratorW",
                "GetWindowRect",
                "CheckMenuRadioItem",
                "DestroyMenu",
                "GetForegroundWindow",
                "GetWindowLongW",
                "UnregisterHotKey",
                "GetWindowRgnBox",
                "OffsetRect",
                "DrawIconEx",
                "CallWindowProcW",
                "GetWindowTextW",
                "GetIconInfo",
                "SetCursor",
                "BeginDeferWindowPos",
                "DeferWindowPos",
                "EndDeferWindowPos",
                "AdjustWindowRectEx",
                "LoadMenuW",
                "PostMessageW",
                "SetFocus",
                "GetScrollInfo",
                "SetScrollInfo",
                "??3@YAXPEAX@Z",
                "??_V@YAXPEAX@Z",
                "free",
                "_vsnwprintf",
                "??_U@YAPEAX_K@Z",
                "??2@YAPEAX_K@Z",
                "_wcsicmp",
                "memcpy_s",
                "wcscspn",
                "wcsspn",
                "memmove_s",
                "malloc",
                "_resetstkoflw",
                "strstr",
                "_vscwprintf",
                "vswprintf_s",
                "__C_specific_handler",
                "memset",
                "__getmainargs",
                "_XcptFilter",
                "_exit",
                "_ismbblead",
                "_cexit",
                "exit",
                "_acmdln",
                "_initterm",
                "_amsg_exit",
                "__setusermatherr",
                "_commode",
                "_fmode",
                "__set_app_type",
                "?terminate@@YAXXZ",
                "realloc",
                "_errno",
                "??1type_info@@UEAA@XZ",
                "_unlock",
                "__dllonexit",
                "_lock",
                "_onexit",
                "WinSqmIsOptedIn",
                "WinSqmIncrementDWORD",
                "RtlVirtualUnwind",
                "RtlLookupFunctionEntry",
                "RtlCaptureContext",
                "ntdll.dll",
                "GdipAlloc",
                "GdipFree",
                "GdipCreateFromHDC",
                "GdipCreateSolidFill",
                "GdipDeleteBrush",
                "GdipCloneBrush",
                "GdipFillRectangleI",
                "GdipDeleteGraphics",
                "GdiplusShutdown",
                "GdiplusStartup",
                "GdipSetSmoothingMode",
                "GdipFillEllipseI",
                "GdipSaveImageToFile",
                "GdipDisposeImage",
                "GdipCloneImage",
                "GdipCreateBitmapFromHBITMAP",
                "GdipCreateBitmapFromScan0",
                "GdipGetImageEncoders",
                "GdipGetImageEncodersSize",
                "GdipCreateLineBrushFromRect",
                "GdipFillRectangle",
                "GdipDrawString",
                "GdipDeleteFont",
                "GdipDeleteStringFormat",
                "GdipCreateFontFromLogfontW",
                "GdipCreateStringFormat",
                "GdipSetStringFormatAlign",
                "GdipSetStringFormatLineAlign",
                "GdipSetStringFormatFlags",
                "GdipMeasureString",
                "GdipSaveImageToStream",
                "InitCommonControlsEx",
                "ImageList_Create",
                "ImageList_Add",
                "ImageList_Destroy",
                "SHRegGetUSValueW",
                "PathFindFileNameW",
                "StrChrW",
                "PathIsURLW",
                "StrStrA",
                "PathFindExtensionW",
                "UrlCreateFromPathW",
                "PathRemoveExtensionW",
                "ShellAboutW",
                "SHCreateItemInKnownFolder",
                "CoCreateGuid",
                "StringFromCLSID",
                "CoTaskMemFree",
                "CoUninitialize",
                "CoInitialize",
                "CoCreateInstance",
                "CreateStreamOnHGlobal",
                "GetThemeSysColor",
                "GetThemeSysFont",
                "AccessibleObjectFromWindow",
                "SLGetWindowsInformationDWORD",
                "DRMIsWindowProtected",
                "RegCreateKeyExW",
                "RegQueryValueExW",
                "RegOpenKeyExW",
                "RegCloseKey",
                "RegSetValueExW",
                "InitializeCriticalSection",
                "DeleteCriticalSection",
                "HeapDestroy",
                "HeapAlloc",
                "HeapFree",
                "HeapReAlloc",
                "HeapSize",
                "GetProcessHeap",
                "GetVersionExA",
                "GetStartupInfoW",
                "SetUnhandledExceptionFilter",
                "GetModuleHandleW",
                "QueryPerformanceCounter",
                "GetTickCount",
                "GetCurrentThreadId",
                "GetCurrentProcessId",
                "GetSystemTimeAsFileTime",
                "TerminateProcess",
                "GetCurrentProcess",
                "UnhandledExceptionFilter",
                "OutputDebugStringA",
                "CreateMutexW",
                "SetLastError",
                "ReleaseMutex",
                "CreateSolidBrush",
                "CreatePen",
                "CreateCompatibleBitmap",
                "CreateDIBSection",
                "BitBlt",
                "SetLayout",
                "UnregisterClassA",
                "CopyRect",
                "GetMonitorInfoW",
                "MapWindowPoints",
                "MonitorFromWindow",
                "SystemParametersInfoW",
                "LoadIconW",
                "GetSubMenu",
                "LoadImageW",
                "GetProcessDefaultLayout",
                "TrackPopupMenuEx",
                "EtwTraceMessage",
                "__CxxFrameHandler3",
                "_CxxThrowException",
                ".?AVCAtlException@ATL@@",
                "ta?:ub?",
                "sa?H",
                "qbE[",
                "YP<eXP?M",
                "eff7",
                "HB6_",
                "e\\I7",
                "m^?r",
                "C@9*A>7K?=90;:8",
                "o`?=",
                "dX=Jo`?",
                "_XHa",
                "waB]",
                "zcI-",
                "B?81",
                "XP@f",
                "ncQP",
                "DA;8",
                "IE>@c[I9d\\J",
                "MH:U",
                ";;;TXYY",
                ";;;ITTT",
                "FA6.",
                ";;;DUVV",
                "%%%\"333",
                "999CYYY",
                "222z333",
                "999>[[[",
                "3338",
                "@@@7ggg",
                "AAA1[[[",
                "===9",
                "ABB+NNN",
                "UUU>PPP",
                "RRRP",
                ">>> ",
                "SSS<",
                "FFF=SSS",
                "DEEr",
                "ZZZVOOP",
                "wb3\"",
                "IUH<1gXHZ",
                "ZF w",
                "f^W_",
                "ZUNN",
                "! f155",
                "Q=YL?J",
                "IC>(",
                "2,#O\"",
                "34v~",
                "!!!;999",
                "8-3e",
                ")/11",
                "[[[&",
                "\\\\\\*",
                "kQq3",
                "U;YH",
                "9AAA",
                "I0MP",
                "RRRr",
                "SUBf",
                "H-KW",
                "hNJJ",
                "E,J^",
                "C,Hf",
                "\\MJI",
                "WWWP",
                "LO<5",
                "D,Il",
                "D+Hr",
                "EF>7",
                "E,Lv",
                "D.Lx",
                "ZZY=",
                "dgNJ",
                "XT0F",
                "VVVW",
                "ehO\"",
                "{{{/",
                "}}}x",
                "UTTf",
                "orVa",
                "SSRm",
                "zoAA",
                "WVUd",
                "|||R",
                "YYY_",
                "@=9U542C",
                "><:Dypg",
                "@><G",
                "754;{si",
                "\\WRm",
                "   %",
                "%%%-$$$+$$$+$$$+$$$+$$$+$$$+$$$+$$$+$$$+$$$+$$$+$$$+$$$+$$$+$$$+$$$+$$$+$$$,&&&/$$$+",
                ".-,0",
                "1/.5",
                "IGDS",
                "555L",
                "TQM`",
                "><7J",
                "<;9P",
                "555J",
                "\\WS~",
                ";:9FTQNb\"\"\"%",
                "333D",
                "CA?e",
                "444H",
                "==<J",
                "!!!&",
                "973A",
                "444I",
                "&%%'",
                "---5",
                "<:7E",
                "OKD|",
                "/.,6scE",
                "543C",
                "a_\\z",
                "OLF`",
                ";:9O",
                "'''0",
                "HD=Y",
                "*))3",
                ",++/",
                "988B",
                " \"..2988?I;;DO==FQ99AL005?\"\"#(YUMt",
                "SPIw",
                "EC?e",
                "VSP_",
                "665;",
                "\"\"%'EEQY^^mrnm{|ut",
                "fevzTSgob^m",
                "JHDn",
                "<;9S",
                "322?&&&.###*B@?M",
                "XVTb",
                "229;bbsw",
                "$xdD",
                "776I",
                "WRIy",
                "##\")",
                "MKIR",
                "FDBQ",
                "\"KIGY",
                "USQd",
                "((--hh}}",
                "~|z~",
                "=<<W",
                "(('/",
                "554H",
                "998<",
                "hb[z",
                "###&",
                "FF\\\\",
                "110@",
                "liey",
                "4339",
                "\\\\ss",
                "NJC}",
                "+++/",
                "eezz",
                "332E",
                "QLH[",
                "C@>J",
                "[YVh",
                "UUjj",
                "226D",
                "NKHW",
                "-,+0",
                "66@@vv",
                "??Fa",
                "iebv",
                "4218",
                "AAHz&&&.",
                "[ZXe",
                "XSOe",
                "^[Vt",
                "*)),",
                "`^[k",
                "0/.4",
                "\"\"\"$",
                "==>c,,,8",
                "b[Xl",
                "VQNb",
                "765>",
                ")((+",
                " !pq",
                "555K",
                "b[Wx><:FCA?Mle^",
                " !``",
                "888T\"\"\"(",
                "5328",
                "??=C",
                "999U\"\"\"(",
                "111B",
                "A@?F",
                ";;:?",
                "--79XX",
                "BBiogg",
                ")))4",
                "QQQv",
                "0//2",
                "CCmsUU",
                "BBQq",
                "PPPp",
                "pf`z",
                ",,,/",
                "<<W[II",
                "OOOq",
                "fd`r",
                "$$*+EEv}II",
                "BBVh",
                "QQQt",
                "WVU[",
                "\\YVf",
                "KJIPnkg",
                ":99?",
                "\"\"()::UZAA",
                "DDck",
                "OOOp",
                "1102tso",
                "..-0IHGM",
                "ECBK",
                "))13//;=((/1##)*  %&",
                "VVU\\wur",
                "POLY",
                "-,+6",
                "2106EC@S000;",
                ">=<S==<U'''/",
                "LHAb",
                "B@>Z",
                "\"\"\"(555K666L555K555K555K555K555K555K555K555K555K555K555K555K555K555K555K555K555K555K555K555K555K666N555K\"\"\")",
                "JIIl",
                "&%$)",
                "IGBe",
                "777N",
                "((')",
                "$   &",
                "RNEn'&&.UPHx",
                "888N",
                "3216",
                "QOLY",
                ")))3%%%-(((2***5$$$+",
                "HE>X",
                "FC?^",
                "777M",
                "hd^z",
                "RRQtHGElb\\V",
                "GGFg###*$$$+",
                "@><U",
                "DB>a",
                "UUT|",
                "))'-",
                "$$$+",
                "431>",
                "!!!'",
                "@@@V",
                "A>:K",
                "NJCm",
                ",,+4qcJ",
                "432?",
                "aZNs",
                "))(1",
                ".--9",
                "VPEp",
                "FD@]",
                "d^Ry",
                "654DpcN",
                "KIDf",
                "(('0",
                "('&)(''*jd^x",
                "///6",
                "!!\"&004<88BK@@NW>>LWAANX;;FR229D)),4",
                "#ogU",
                "00/=",
                ")('/",
                "LIDf",
                "><:S",
                "\"\"!#",
                "UTQtBBA[LLKi",
                "\\\\[u",
                "..48II_c__vwnn",
                "hg|}WWrvAAW``[k",
                "764E",
                "?>;S",
                "321@",
                "HFET",
                "100;",
                "EEY[kk",
                "B@<W",
                "//.:",
                "[UJz",
                "++*.",
                "-,,4",
                "$$$(",
                "LLefyy",
                "}yy}",
                "336EPLDt",
                "%%%,",
                "875J",
                "B@>H",
                "|xx|",
                "SOH{",
                "B@;R",
                ";97N",
                "DCBH",
                "}zz}}yy",
                "987N",
                "=;:B",
                "976:",
                "SMD~",
                "('')",
                "8759",
                "{yy~|{z}~~~",
                "332D",
                "865:",
                "nkg}",
                "||{|{{|",
                "^^y~66;I   %",
                "5547",
                "XTQ^",
                "]\\Yg",
                "}}}}",
                "AAN\\&&&.",
                ";:8<",
                "***,",
                "JJ^k''(0",
                ";:9<",
                "-,+/",
                ",,+.",
                "PPppaa",
                "GG[~(((1",
                "(((*",
                "DDqq",
                "333G",
                "6558",
                "RNKe",
                "pke{",
                "<<<`   &",
                "\"\"\"%",
                "AAH~333F",
                "888P",
                "EDCG",
                "\\YVo--,0<;:@snj",
                "FFEJ",
                "<<<_\"\"\"(",
                "   !",
                "AAEu---:",
                "666K",
                "VUSZ",
                "!!!\"",
                "CCXY",
                "000A",
                "444F",
                ",,,8",
                "TRQW",
                "ddcz",
                "))12\\\\",
                "??It\"\"\"(",
                "&&&.",
                "###$JIHNZYVa",
                "99IKTT",
                "777P",
                "***3",
                "22@BLL",
                "   &",
                "(((0",
                "[YXa",
                "\"\"'(JJ",
                "###)",
                "&&&-",
                "ZYW_",
                "<<<?",
                "77HKLL",
                "$$$*",
                "&&%'",
                "5547[YVi",
                "??>C",
                "$##%",
                "..:<??hn??",
                "//3;",
                " +**,",
                "ONLY",
                "$$$%",
                " 22BDAAcgFFjnBBhnEElq88KO,,58",
                "EEEU888C",
                "@@@D",
                "CCCG",
                "888;",
                "bbbm",
                "///0",
                "2225",
                "MMMS",
                "XXX`",
                "AAAJ",
                "BBBP",
                "iii~",
                "???FYYYb###%",
                "777D",
                "KKKe",
                "CCCJ",
                "\"\"\"&",
                ";;;A",
                "&&&'",
                "0005",
                "???E",
                "[[[|",
                "1116",
                "999C",
                "lllz",
                "TTT`",
                "AAAO",
                "LLLY",
                "+++3",
                "---/",
                "===B",
                "   \"4449BBBIGGGOIIIQCCCL777?$$$(bbbt",
                "___w",
                "NNNe",
                "%%%'RRRYlllryyy|}}}",
                "tttzfffowww",
                "UUUn",
                "AAAS",
                "777?&&&.###*FFFM",
                "\\\\\\b",
                "888;qqqw",
                "===I",
                "aaay",
                "NNNR",
                "JJJQ",
                "\"QQQY",
                "[[[d",
                ",,,-xxx}",
                "}}}~",
                "DDDW",
                "***/",
                "888H",
                ";;;<",
                "nnnz",
                "$$$&",
                "WWW\\",
                "333@",
                "qqqy",
                "6669",
                "nnns",
                "ZZZ}",
                "uuuz",
                "444E",
                "TTT[",
                "EEEJ",
                "aaah",
                "eeej",
                "999D",
                "QQQW",
                "...0",
                ">>>@",
                "NNNa",
                "nnnv",
                "5558",
                "SSSz&&&.",
                "```e",
                "\\\\\\e",
                "gggt",
                "+++,",
                "dddk",
                "1114",
                "###$",
                "@@@c,,,8",
                "eeel",
                "ZZZb",
                ":::>",
                "***+",
                "jjjxAAAFGGGMwww",
                "6668",
                "AAAC",
                "CCCF",
                "===?",
                "bbbo",
                "bbbv",
                "1112",
                "eees",
                "YYYq",
                "^^^p",
                "qqqz",
                ".../",
                "RRR[",
                "^^^q",
                "kkkr",
                ")))+lll}",
                "YYYh",
                "```t",
                "YYY[",
                "```f",
                "MMMPuuu",
                "''')PPPZ",
                "___k!!!#",
                "]]]p",
                "1112yyy",
                "///0KKKM",
                "GGGK",
                "0003999=...1(((*$$$&",
                "YYY\\}}}",
                "TTTY",
                "4446JJJS444;",
                "EEESEEEU)))/",
                "QQQb",
                "IIIZ",
                "\"\"\"(666K777L666K666K666K666K666K666K666K666K666K666K666K666K666K666K666K666K666K666K666K666K666K888N666K\"\"\")",
                "WWWl",
                "''')",
                "RRRe",
                ";;;N",
                "((()",
                "ZZZn(((.```x",
                "===N",
                "4446",
                "LLLX",
                "MMM^",
                "<<<M",
                "oooz",
                "aaatTTTl",
                "SSSg###*$$$+",
                "FFFU",
                "LLLa",
                "fff|",
                "***-",
                "&&&+",
                "777>",
                "IIIV",
                "CCCK",
                "VVVm",
                "///4zzz",
                "888?",
                "+++1",
                "0009",
                "\\\\\\p",
                "MMM]",
                "jjjy",
                ":::D|||",
                "TTTf",
                "***0",
                "((())))*nnnx",
                "2226",
                "###&666<CCCKNNNWMMMWOOOXHHHR;;;D---4",
                "#xxx",
                "333=",
                "DDDS",
                "\"\"\"#",
                "bbbtLLL[XXXi",
                "hhhu",
                "4448\\\\\\cqqqw{{{",
                "xxx}mmmvUUU`{{{",
                ";;;E",
                "EEES",
                "666@",
                "MMMT",
                "555;",
                "UUU[{{{",
                "HHHW",
                "222:",
                "dddz",
                "---.",
                "0004",
                "%%%(",
                "|||}",
                "999EZZZt",
                "&&&,",
                "<<<J",
                "DDDH",
                "{{{|",
                "```{",
                "GGGR",
                "@@@N",
                "FFFH",
                "???B",
                "999:",
                "^^^~",
                "8889",
                "|||~|||}",
                "555D",
                "888:",
                "ttt}",
                "||||",
                "uuu~>>>I   %",
                "6667",
                "YYY^",
                "bbbg",
                "QQQ\\&&&.",
                "___k)))0",
                "iiip",
                "ddd~)))1",
                ")))*",
                "eeeq",
                "7778",
                "YYYe",
                "sss{",
                "<<<N",
                "###%",
                "TTT~333F",
                "===P",
                "FFFG",
                "dddo...0===@yyy",
                "HHHJ",
                "!!!!",
                "NNNu---:",
                ";;;K",
                "XXXZ",
                "777F",
                "UUUW",
                "///2",
                "RRRt\"\"\"(",
                "(((.",
                "$$$$LLLN]]]a",
                "FFFK",
                ",,,3",
                "]]]a",
                "&&&(",
                "$$$)",
                "'''-",
                "\\\\\\_",
                ">>>?",
                "EEEK",
                "%%%*",
                "6667aaai",
                "888<```n",
                "    +++,",
                "SSSY",
                "%%%%",
                " >>>D\\\\\\gcccnaaandddqHHHO4448",
                "!!!%",
                "   &   &   &   &   &   &   &   &   &   &   &   &   &   &   &   &   &   &   &   &   &   &   &   &   &",
                "444H<<<`<<<`<<<`<<<`<<<`<<<`<<<`<<<`<<<`<<<`<<<`<<<`<<<`<<<`<<<`444H",
                "&&&////>333G444I777O999U:::Z;;;\\;;;];;;\\:::Z999U777P555K333G333F333F333F333F333F333F333F333F333F///>&&&/",
                ";;;J",
                "?UUp",
                "<<<`",
                "///>999U===e???q@@@",
                "@@@x???n===e<<<`;;;^;;;];;;];;;];;;];;;];;;]888S///>",
                "///?333F,,,9$$$+",
                "188B",
                "333F",
                "HHHg)))3555L555L444H///?(((2",
                "&**.%",
                "<:<I879D",
                "CCBV666",
                ",,,4",
                "(((1000@222E111C...=,,,8%%%-",
                ";JKZ",
                "C@DUcYf",
                "KGLg",
                " )))3---:---:+++7)))3%%%-",
                "(--2",
                "')).",
                "A>BPo`u",
                "SMT{",
                "$$$$,&&&/%%%-\"\"\")   %",
                "   #h\\l",
                "SLT~",
                "<<<K[[Y",
                "GGG_",
                "FGD[",
                "WPXu",
                "444H<<<`<<<`<<<`<<<`<<<`<<<`<<<`",
                ":7:Due~",
                "MLKcomj",
                "8@AGF",
                ">==M",
                "443=",
                "B?DN",
                "BBBWYZW",
                "OOJ^",
                "PPNs",
                "TVQw",
                "888E",
                ")))/",
                "664=",
                "  %%\\\\ss",
                "))//eezz",
                "--,3",
                "666A",
                "!! #",
                "BC@S",
                "[XSz",
                "VVOj",
                "999U",
                "222E",
                "A@@R",
                "VXRz",
                "+++6",
                "///?",
                "LJH`",
                "??<K",
                "/0/7",
                "LHNo",
                "JJJe",
                "ROU`",
                "998E",
                "01/6",
                "@A>P",
                " !^Zaq",
                "MMMm",
                ",,-/faiy",
                "))).",
                ">>>O",
                "###'",
                "MNKh",
                "1025slw",
                "FFFO",
                "NKG`",
                "NNNs",
                "NOJ`",
                "2136",
                "NNNd",
                "879=",
                "97:E",
                "&&&+www",
                "WWWp",
                "OOOt",
                "342:",
                "ECFL",
                "QMSd%%&)",
                "GGGW",
                "XTNr",
                "IGKS",
                "MJO^\"\"#%",
                "CCCQ",
                "GGGb",
                "XYSu",
                "@?BHhbk",
                "ECGS",
                "\\\\\\x",
                ",,+2",
                "PPKa",
                ":>=H",
                "3338rrr",
                "<<<D",
                "TQKgc\\N",
                "1448",
                ")))*2224",
                "GGGdSSS",
                "QQQ{",
                "/..;;:;S;::S;::S;::S878O;;;R===U===U===U<=<U<=<U<=<U==<U=<<U=<<U=<=U=<<U=<=U=<=U=<=U=<=U===U;;;T767N777N767N777N989Q;::T;:;V---:",
                "000:PPPz(((0+++7)))4\"\"\")",
                "GDEi",
                "\"\"\"),,,8333G888T;;;[;;;]:::Z888S444H---;&&&/",
                "111<AAA",
                "...8111B888R555L333F///>'''0",
                "HEFe",
                "'''0+++6+++6+++6+++6+++6+++6+++6+++6+++6+++6+++6+++6+++6+++6+++6+++6",
                "***5:::Z???tBBL",
                "CCO~==Ab555L000A,,,9***5)))3)))3)))3)))3)))3)))3)))3)))3)))3)))3###*",
                "$222D555K555J333G222D...=(((2",
                "***-yyy",
                "222DAAA",
                "CCCzBBBqAAAnAAAmAAAmAAAmAAAmAAAmAAAmAAAmAAAm999T",
                "   &,,,9222C222D111B///?...<+++6$$$,",
                "869B><?N",
                ")))2",
                "---;EEE",
                "SRQoCBC",
                "QQQk",
                "$$$+,,,9...<---:+++7)))3(((1###*",
                "?VVt",
                "NJQcwg",
                "''(-",
                ")))3>>>h:=p",
                "''&+rrp",
                "(((,",
                "%%%-(((2(((1&&&/###*!!!'",
                ";OOY",
                ".33<",
                "NJQa|k",
                ",+,3",
                "___q",
                "888RCD^",
                "   %!!!'   %",
                "@=BL|k",
                "0/1:",
                " <<<b@B",
                "AAARqqo",
                "TTTr",
                "6==N",
                "869Auh}",
                "535A",
                "JJJl",
                "\"===gRU",
                "---3",
                "3??F3",
                "@NNd",
                "))*.ncu",
                "757E",
                "PPP[bbb",
                " ===dik",
                "@@?Orrq",
                "0;;@.",
                "<:=N",
                ":::YZ[",
                ";;;G",
                "XR[q",
                "@>BW",
                "000AGI",
                "2219uts",
                ")*)2",
                "647=}m",
                "A>BY",
                "WWW{",
                "DAFa",
                "..0;FH",
                ")))0hhg",
                "'''+",
                "231@",
                "GCHg",
                "IEKm",
                "XXXs",
                "::;F",
                ">@<[",
                "KFMq",
                "TTTj",
                "YWSi",
                "EFBT",
                "LHNu",
                "OOOg",
                "PPPl",
                "MNGv",
                "MHOz",
                "DCAO",
                "//-5",
                "MIP}",
                "```r",
                "?=@T",
                "fffv",
                "&&%+",
                "A<DK",
                "%%%-",
                "\\\\\\m",
                "TUNi",
                "536:",
                "777A",
                "OPIs",
                "GDHO",
                "LLL`",
                "@@@U",
                "IGET",
                ":;8E",
                "//-7",
                "ROT]",
                "III\\",
                "fajw",
                "999E",
                "%$$'",
                ",,+1",
                "331=",
                "! !\"qju",
                "PPPZ",
                "YWSh",
                "DDDT",
                "]_V|",
                "'&')}t",
                "@@<R",
                ":9;@",
                "AAAZ",
                "...5",
                "TTTo",
                "986?",
                "JJJ_",
                "==:H",
                "=;>C",
                "XT[e&%&(",
                "OOO`",
                "---4",
                "LLFf",
                "NJPX",
                "]Y`k2025",
                "dcbq",
                "LLLb",
                "B@DJ",
                "SOV`/.03",
                "654<",
                "PPJe",
                "))*,\"!\"$",
                ">>>N",
                "AAAP",
                "DEDW",
                "KKKX",
                ";;9F",
                "LOO`",
                "3336333633363336333633363336333633363336333632263326///1",
                "\\\\\\w",
                "--,2lke",
                "..-3::8?",
                "---1dddxRRR`",
                "#ZZZ",
                "VVV}",
                ",9<n",
                "X4kyO:f",
                "zC?x",
                "zu>?I4$",
                "s)&>",
                "O'8{",
                "mG+9R",
                "f.Gz",
                "$-J~",
                ";DEc",
                "x61Z",
                "lHLDX",
                "tK>1Ikxmj7&",
                "%761",
                "&?7)G",
                "Y0-%",
                "Z1 7",
                "931F",
                "\\1#+VT-",
                "qpmmol^",
                "zsw~xty|",
                "LQY[H?",
                "{we~d",
                "\"(+(\"",
                "'++++++",
                "\"++\"",
                "\"+++",
                "+++!",
                ")++!",
                "$++)",
                "\"++++",
                "IHDR",
                "IDATx",
                "lYcy",
                "&%^8H",
                "<5~k",
                "dz&W8",
                "S\\G6",
                "~CV!7",
                "_8`K",
                "DV@T",
                "DQA3",
                "/Sn(",
                "<l[g",
                "@syPI",
                "CU@RA",
                "a%epC",
                ">auOQ",
                "sx>\"I",
                "P9')",
                "exK5X'",
                ",t%zx",
                "T@K%",
                "BvxkV",
                ")%J)",
                "Xb[ZXhj",
                "p'BH",
                ">PJ I",
                ">c }\\",
                "'Hb:",
                "ur- ",
                "~oAQ",
                "W8A[~",
                "<b% *",
                ")r6G",
                "#\\fBy$",
                "*jF.V",
                "%`\"V",
                "mw {",
                "DV?6",
                "\\|&8X",
                "xl|r",
                "f +H",
                "plO<M",
                "^%r-v",
                "z.*m",
                "j5x3g",
                "mk?Yjw~Y",
                "o{g09fxx?L",
                "$),Z",
                "QT?b",
                "m/(/d",
                "$zg)",
                "<WBn",
                "Nc5QD ",
                "ek%C?",
                "M,--AU",
                "E,..",
                "-JuT",
                "_/Zy",
                "6#sI",
                "_MV?-",
                "f2`>",
                "H\\JJ;pK",
                "<,/-",
                "*fggq",
                "TUed",
                "'191",
                "XXr,",
                "Z-bd",
                "kB^K",
                "qLNN",
                "V04TB",
                "j[oA",
                "@zR|,A",
                "@|d<Y8",
                "@H&X",
                "\\VG&",
                "{?Zj6",
                "<&&&",
                "02RB",
                "\\@.o@U",
                "'L\\:",
                "# TF",
                "y mA",
                "n[0M",
                "g,XQ",
                "IDATW",
                "+!r.s",
                "g4p\"",
                "IPIFQQ",
                "LmHX",
                "Sd)RhF",
                "2H##",
                "'1>>",
                "R@ga",
                "Pb]WC",
                "{)2O",
                "*2FP",
                "/n'~",
                "bTtUG",
                "bX6Z-+",
                "(2t]C.g",
                "BQed2F`",
                "p:c'",
                "%jrP",
                ":EL'",
                "6RJ ",
                "XIVc",
                "</:G",
                "MblX",
                "}`0D",
                "`QY2",
                "~N>O",
                ">??!",
                "Y#B(l",
                "d1>^",
                "v)ckP|",
                "f1<\\",
                "YUB\"",
                "'BG8[",
                "M$~H",
                "cGTb+",
                "LMBU[",
                "X4Z0",
                "ADepM",
                "gnAl",
                ":]WP(dP",
                "04T@",
                "P(dQ",
                "%,-.",
                "_U(&",
                "A%\\[",
                "c$a!y",
                ")g>8^",
                "r^-4[",
                "UUE6",
                "CCC8y",
                ">FYP",
                "^01h",
                "5-Xf8s",
                "j?J)2",
                "D@$<",
                "haq1",
                ",..\"",
                "\\./Xy",
                "1:ZF",
                "kavMx",
                "\\obq",
                "JTe0",
                "0<\\A.",
                "YQ@%",
                "`bPY",
                "LAUd",
                "VP_Z",
                "*auc",
                ">N8xP2",
                "ELOO",
                "$Ip\\",
                "r^>_",
                ".`aq",
                "S(dP.",
                "ec~a",
                "<FFJ",
                "OxJ.X",
                ".&&'",
                "7oB.",
                "w3/%1",
                "wUUP",
                "(fff0::",
                "-c~~",
                "IDATc",
                "/`vv",
                "uyj&",
                "u\\T+",
                "SJaQ",
                "q077",
                "f7d>",
                "G&;m",
                "^~y}",
                "IWfd",
                "h6-8",
                "y.TUE",
                "IE9B",
                ">`dTT",
                "5t(j",
                "AZ0@",
                "9,,.",
                "0=(I",
                "X*ai",
                "4f./",
                ")EQ04",
                "r0M3\\",
                "UQ033",
                "\\UAgO",
                "?nnU",
                "V@ :+0w",
                "YEIof",
                "sGZKG",
                "Ng8w",
                "X[]C",
                "p=/6!",
                "jagw",
                "cGv8",
                "YR=j",
                "6VVV",
                "W_F(E",
                "xGT`",
                "4\\jU",
                "waY&(c",
                "n<@{",
                "++u,-i:",
                "5R@0U",
                "JC%A",
                "[h6k",
                "WNKk",
                "+uJ?",
                "]lnn",
                "v:b\\7",
                "*VWV!",
                "{X[[",
                "@-s.",
                ":VWW!",
                ";Wot>Ua0",
                "wIq+t",
                "[;_2",
                "gV\"<",
                "557 ",
                "Agg3",
                "q5N6>",
                "es_,E",
                "L+3-x",
                "%J@66",
                "O5,s",
                "R9C.",
                "~M->f",
                "hp0O",
                "6vvwP",
                "K&<S >",
                "oBtv",
                "U(I]y",
                ">^2E",
                "(VVVa",
                "b,yZ",
                "Sfom",
                "/cmu",
                "irtz=",
                "'3pN",
                "$Rb/h",
                "IDAT>*",
                "ult:}",
                "ep0F0",
                ",>)5%",
                "nnRR",
                "`Ba;.",
                "`Z&<3",
                "ILn^",
                "$xy\\",
                "lnnb8",
                "=/H\\",
                "CtzI",
                "J@AA",
                "vdYVRv",
                "ZmH) ",
                "VWWa",
                "+0M+m",
                "UINI",
                "EX^^",
                "87Ty",
                "H_#c",
                " )[}",
                "R$dF|",
                "WksB",
                "_Jz#",
                " r=?",
                "W.B+",
                "cr#hl",
                "Zia? ",
                "TYZ/",
                "/_Dt",
                "M{58",
                "h+fY",
                "(\"+W-",
                " Ewr",
                "F!X\\",
                "CpFaYV",
                "[71>",
                "Z_~L",
                "R&%)",
                "pN<F",
                "bU(Hd",
                "#)5x",
                "ZeHvnc|",
                "T[a=\\#k",
                "M,//",
                "02L#c",
                "plW8",
                "TLX,",
                "dVZe",
                "8X[]",
                "4LSY",
                "PJ)p",
                ":EG)",
                "z#\\ ",
                "VZw~",
                "msx>",
                "p8&`",
                "\"v_=",
                "J!Nb",
                "0&kkG",
                "v7!v",
                "_xl6",
                "LM&B",
                "7j5()",
                "Wonbsk",
                "fL)E!",
                "w vE",
                "-)D\"",
                "1P@e",
                "3Ir)",
                "lZg2an",
                "2\"%!",
                "X6H%",
                "jt]&",
                "Wtr@",
                "(c-o",
                "8QR*",
                "gN&6",
                "7-E(%r6",
                "~c0cF",
                ")y/f,1",
                "_|y&",
                "JomF(F",
                "48b!5xH",
                "IDAT",
                "JJAt",
                "DJI\\),",
                "0i\"X",
                "9/\"c",
                "0M[&",
                "$R*\"",
                "$D)\"",
                "`0MCe?",
                "%!TQJ",
                "P!t'",
                "R*8R I$",
                "5CRJt",
                "r1$X\\",
                "&\\[az",
                "?9yq",
                "3% I",
                "4S2Z",
                "*IJY",
                "yZ;A",
                "J cJ&",
                "z6\\Waz",
                "C%IB",
                "IGIL",
                " )U=*d~",
                "(Jy*",
                "F!E&3",
                "|J)DQ",
                "@)Ph",
                "Fd6K",
                "Sd5-",
                "HfTRJUl",
                "1&0)",
                "y+5{-",
                "FV&~",
                "=6&l:`",
                "{1$r",
                ">'\"9",
                "W_-egf",
                "BH?t",
                "qxX\\",
                "(#HK",
                "J)d3",
                ">xKo",
                "Ua&t",
                "y!\\7T",
                "c+~l",
                "(5L>r",
                "xlJ;",
                "qX{g7",
                "hq)j",
                "l`PK%Y",
                "'^|1",
                "Pb|_",
                "U13S$SS",
                "i?]w",
                "-h\\C6k",
                "x|6S",
                "% 8H",
                "U090h",
                ".iC#",
                "#<[(f",
                "B+G`",
                "`P c",
                ",J`Q",
                "&Cp%",
                "ZES?",
                "K_}q",
                "tzf.S,",
                "}&H(",
                "t,\"A",
                "+G^x",
                "IN`Z",
                "?1[:",
                "qI22",
                "jP4.",
                "]ni8z",
                "=5U,",
                "8G&c",
                "+Wz+",
                "wkw3",
                "8AZUJk",
                "{=/X\\\\",
                "734gj(",
                "Ktb>",
                "040F'",
                ">33W",
                "k5K)",
                "'*Ybq",
                "~MDa3",
                "RB\"68G",
                "\\EwZyc",
                "@?p&",
                "?>o>",
                "{'dx",
                "I28%b",
                "$EVgx|*",
                "v(!@",
                "?oYC",
                "Mlcn",
                "O_:W1",
                "{ehwj",
                "*)%a",
                "4ZYY",
                "IDAT*Sv",
                "T*D7t AJ",
                "E %<",
                "G.gbz:q",
                "u<V2",
                "^>}L",
                "`Vvpbz",
                "X)`ssK~",
                "nqzjjzzz",
                "Fj{{",
                "Jm!&",
                "^gww",
                "3X(f",
                "@H1p",
                "Y8:o",
                "{uTI",
                "\"pyV+",
                "&^9wZ",
                "!3H3",
                "c.gB*",
                "+++au",
                "nY:5!d",
                "r677omnn",
                ">~G)",
                "{7.]",
                "xjl_<7 ",
                "uskw",
                "Nk'[(",
                "B( P",
                "6?wr",
                "'EE|?",
                "%@F#",
                "rxBA",
                "=9U)",
                "o&p7",
                "$4i<",
                "XCltK*",
                "$0?]",
                ":Nwws",
                "iD0`xJ",
                "HC$%",
                "{TD8",
                "JBJ N",
                "FI&k",
                "w7o_/",
                "EfXOy",
                "hj@a",
                "9*|W",
                "@+WAu",
                "|^k]~",
                "#G\"p",
                "N aK",
                "~uk?",
                "[g2p",
                " u7b",
                "$?8gbt<IY",
                "4HpJ",
                "/pds",
                "HM%e",
                "}#ke",
                ">+$0.",
                "d03X",
                "l{g'",
                "412*",
                "5umeS8",
                "(N=-",
                "C\"[(",
                "[;awg",
                "{$Ko5\\ze",
                "TT_]",
                "17=ef",
                "'[o\\_",
                "8CFc ",
                "nXDy",
                "p[Mz",
                "5e L",
                " 'DO0I",
                "&~%Uj[",
                ">&ukZu",
                "F$4(dM",
                "N`w<",
                "V=\"m",
                "-x7>Acc%X",
                "z!ci",
                "_z\\#",
                "x$35_&",
                "x6<-",
                ",#+=",
                "=<?m",
                "*75[",
                "[9}b~!Kq$gb",
                "soatV",
                "OeJSU{{",
                ":vj`<,L",
                "eq]zJ",
                "GCOB",
                "E,(#",
                "u#cY",
                "QGRe",
                "F>)uSX_",
                "$WAg",
                "{_io",
                "8j1<V Xc",
                "3g,#",
                "JK(T",
                "D+}k~",
                "RwsY",
                "^!F>",
                "(/0r",
                "5#W2o",
                "o~ $p",
                "a\"b3",
                "vGt\\/P",
                "~7bO",
                "Wrg_",
                "Z6:|",
                "1cP}W",
                "#+)A",
                "_;a8G\\",
                "e9v)",
                "|HU>",
                "0cuT",
                "Wce!X",
                "DGdf",
                "1@q@",
                "$S:$",
                "mgGN>",
                "[}n+",
                "CLJH",
                "Jg^}",
                "`NM1",
                "go^vW",
                "$J@()",
                "@ y<",
                "<Ppp",
                "GG5MC",
                "|<B1",
                "gK#;",
                "WoI!",
                "ZH`j",
                "z%khnqd",
                "`Du8",
                "lTB b:",
                "[P+s",
                "NMbs",
                "0#_*",
                "Q@Mj0d",
                "rsu/",
                "w X]",
                "$;J}}",
                "2N#F\\j]*",
                "ED+W",
                "@lN&",
                "}'4s8",
                "4lP(",
                "{>Ht^\"",
                "'^8U",
                ",TkXl",
                "nRIwT",
                "5 ZKs+",
                " t]P)",
                "Cn .",
                "-=_4",
                "sJp3",
                "FN=s",
                " B(%x",
                "2IsY8",
                "* J:GG!",
                "Jo^?7%",
                "))eBJ",
                "0%AU",
                "J)Q4(",
                "hyM0",
                "j7/\\i",
                "YB|;X",
                "\"tr)",
                "J-l7f",
                "!$RJU",
                "Pol D",
                "sGr^",
                "(uG)u",
                "M]@OqI<\\n>q",
                "2jM]",
                ":(! D",
                "IDATsn_",
                "@J7R)",
                "50((M",
                "4,H3",
                "`9S+",
                "Q@lMc",
                "sMkwoy",
                "^m9Y",
                "\\6[l|",
                "R6 U",
                ";tZQ",
                "~ oC",
                "ni,C",
                "DG!=",
                ",()g",
                "MB@5",
                "kV&>",
                "RrDD",
                "3 c20C",
                "m\"W*!",
                "II\\6",
                "=L7t",
                " \\wm",
                "4<<p",
                "*iT4",
                "AIFm",
                "ZD5M",
                "l4\"`",
                "h'b%` ",
                "~mtV",
                "PC'6`",
                "U{@Gh",
                "wB)WRF",
                "yB69N",
                "OIIIIIIIIIII",
                "IEND",
                "y^*T",
                "fP-y",
                "\\H#c-#",
                "}a3~",
                "{b5g",
                "@5 N",
                "}e:>",
                "aK!GSB",
                "}e8g",
                "u[*=",
                "~d5~",
                "D8#Z",
                "o\\:b|a.",
                "=&,,n3",
                "S5##]7",
                "rbA@",
                ";:UG.M",
                "zb9t",
                "WF'f",
                "e`[H)",
                "zc<P",
                "y$$\\G",
                "((uQ",
                "..vE",
                "eK 1",
                "L= Z",
                "qW$=",
                "H;#w",
                "..~|",
                "xx|lH",
                "`W^avva^W`",
                "^Yo[?67EdoY^",
                "`Yo3",
                " qx<)PlY`",
                " uv>$+PoW",
                "122b^`XaF",
                "\"'DaX",
                "v:*%",
                "XaQ-,%",
                "8aX`^i/-JR;M",
                "WoU.L~",
                "`YqT0VttgHBjY`",
                "^YofSKKMcmY^",
                "lkl8lklxlkl",
                "lklxlkl8",
                "lkl=lkl",
                "lkl=",
                "lkljvuv",
                "lklj",
                "lkly",
                "lkl=vuv",
                "lkl8xwx",
                "lkl8lklx",
                "lklxlkl",
                "lklx",
                "lklxlkl8xwx",
                "lkl8",
                "ihi\\xxy",
                "hhi\\fef",
                "fef`",
                "fefajij",
                "nmm~",
                "mlm~jij",
                "nmn}",
                "mlm}jij",
                "ede`",
                "ihi\\",
                "hhh\\xwx",
                "hhh\\gff",
                "gff`",
                "nnn}",
                "nmn}jij",
                "onn}",
                "nmn~ihi",
                "gfg`",
                "fef`jij",
                "ihi\\wvw",
                "ihi\\gfg",
                "rqrFrqr",
                "rqrF",
                "rqr rqr",
                "rqr ",
                "<?xml version=\"1.0\" encoding=\"UTF-8\" standalone=\"yes\"?>",
                "<!-- Copyright (c) Microsoft Corporation -->",
                "<assembly xmlns=\"urn:schemas-microsoft-com:asm.v1\" manifestVersion=\"1.0\" xmlns:asmv3=\"urn:schemas-microsoft-com:asm.v3\">",
                "<assemblyIdentity",
                "    version=\"5.1.0.0\"",
                "    processorArchitecture=\"amd64\"",
                "    name=\"Microsoft.TabletPC.SnippingTool\"",
                "    type=\"win32\"",
                "<description>Tablet PC Snipping Tool accessory.</description>",
                "<dependency>",
                "    <dependentAssembly>",
                "        <assemblyIdentity",
                "            type=\"win32\"",
                "            name=\"Microsoft.Windows.Common-Controls\"",
                "            version=\"6.0.0.0\"",
                "            processorArchitecture=\"amd64\"",
                "            publicKeyToken=\"6595b64144ccf1df\"",
                "            language=\"*\"",
                "        />",
                "    </dependentAssembly>",
                "</dependency>",
                "<trustInfo xmlns=\"urn:schemas-microsoft-com:asm.v3\">",
                "    <security>",
                "        <requestedPrivileges>",
                "            <requestedExecutionLevel level=\"asInvoker\" uiAccess=\"false\"/>",
                "        </requestedPrivileges>",
                "    </security>",
                "</trustInfo>",
                "<asmv3:application>",
                "    <asmv3:windowsSettings xmlns=\"http://schemas.microsoft.com/SMI/2005/WindowsSettings\">",
                "        <dpiAware>true</dpiAware>",
                "    </asmv3:windowsSettings>",
                "</asmv3:application>",
                "</assembly>",
                "&#%d;",
                "{CDCC3C6A-53FE-4cee-9F03-597C4E5A4892}",
                "{FFADD4B1-76C6-4044-9B4E-10AE6009EB82}",
                "Microsoft-Windows-Tablet-SnipperEditorPanel",
                "Microsoft-Windows-Tablet-SnipperEditor",
                "Microsoft-Windows-Tablet-SnipperToolbar",
                "Microsoft-Windows-Tablet-SnipperCaptureForm",
                "MicrosoftTabletPenServiceProperty",
                "Windows Mail",
                "SupportUTF8",
                "Software\\Clients\\Mail\\",
                "r%windir%\\system32\\mapi32.dll",
                "SnipImage-%s().PNG",
                "SnipFile-%s().HTML",
                "SnipImage().JPG",
                "Software\\Microsoft\\Windows\\TabletPC\\Snipping Tool\\LinkFingerprints",
                "IEFrame",
                "Mask",
                "Name",
                "Description",
                "ParentDescription",
                "ParentValue",
                "ParentName",
                "Role",
                "ParentRole",
                "Microsoft-Windows-TabletPC-SnippingTool-InitializingMutex",
                "DisableSnippingTool",
                "pmshelp://Windows/?id=1337CDBA-52A2-4704-AD4D-2D7BACE605B4",
                "CaptureMode",
                "Software\\Microsoft\\Windows\\TabletPC\\Snipping Tool",
                "DisplaySnipInstructions",
                "PromptToSave",
                "NotFirstRun",
                "CaptureWindowVisible",
                "FileFormat",
                "DisplayURL",
                "CapturePenColor",
                "ShowCaptureStroke",
                "AutoCopyToClipboard",
                "MarkupPen",
                "CustomPenColor",
                "CustomPenTip",
                "CustomPenThickness",
                "ToolbarX",
                "ToolbarY",
                "SendTo",
                "DeviceKind",
                "SOFTWARE\\Microsoft\\Windows\\Tablet PC",
                "EraseEnable",
                "Software\\Microsoft\\WISP\\PEN\\SysEventParameters",
                "ToolbarWindow32",
                "Static",
                "button",
                "TabletPenServiceHelperClass",
                ".MHT",
                "*.MHT",
                ".JPG",
                "*.JPG",
                ".GIF",
                "*.GIF",
                ".PNG",
                "*.PNG",
                "%s %lu.%lu.%lu",
                "SOFTWARE\\Policies\\Microsoft\\TabletPC",
                "lSnippingToolLicensing-Enabled",
                "en-US"
            ]
        }
    ]
}