{
    "malware_data": [
        {
            "filename": "8e160bb2b1c1d64a5017c752bc1ec64aa7651d0f3bca50f6561af5ba6e8e7a90.elf",
            "filetype": "7F454C46",
            "filesize": "38KB",
            "hash_sha256": "8e160bb2b1c1d64a5017c752bc1ec64aa7651d0f3bca50f6561af5ba6e8e7a90",
            "strings": [
                "Sd2C",
                "Yg)\"",
                "0\"Wl'l6",
                "3+z>",
                "^+'3",
                "cSCp",
                "NV)$x",
                "LJ=|K",
                "4k\\!",
                "W,qr$",
                "GRWv",
                "mO,Q",
                "?}`<x&",
                "Jf2/ZA",
                "K#=d",
                "}`1M",
                "/#xy",
                ";*!I",
                "JaCKH",
                "^Dhp",
                "=w6o",
                "A|_y",
                "MzyE",
                "dwPb,",
                "oAR:p",
                "c`PV",
                "c 'F;",
                "FTd]/x",
                "y\\d~",
                "=W7.",
                ">XuXN/",
                "f=l*",
                "W]`+",
                "w[uIp",
                "(v2t6U",
                "8b0Ee",
                "#wSTkS",
                "~LKhJ~`",
                ",Je^R",
                "*;NX",
                "x6=@",
                "\"lw}",
                "k~Bb",
                "f!\"E",
                "@<~XF",
                "~nZ7",
                "#o'7aJ",
                "p|!=C",
                "2-\":",
                "}_aPh",
                "b.ph",
                "F}vM",
                "4|6^yk",
                "')oV T(T",
                "Ert)j",
                "%x7a",
                "S>+D",
                "Q){5",
                "j9dii[kN",
                "x9RV",
                "PzJ=",
                ";kN?",
                "KN=5",
                "+]I(",
                "1X^Z",
                "Kr1N",
                "nj *",
                "+)XQ",
                "BdE?",
                "6ZipS",
                "z?<VT",
                "[]qh(}",
                "Psxj",
                "1pm2",
                "hV#wB",
                "iMob",
                "de7p",
                "]xBw",
                "1Yy}x",
                "X~'H",
                "Mc>'",
                "K9Ig",
                "W[Cd",
                ".Iba}",
                "}ttR",
                "+b|#",
                "`YVS",
                "ux0j",
                "j8`Hg",
                "M>|F",
                "0b#>4",
                "k[Uh",
                "GFxwE",
                "2$WG",
                "k7%@<",
                "1xkX",
                "Z7Nn",
                "}]:)",
                "$Nc=",
                "s0i2l",
                "_.2]",
                "TU2ZH",
                "E_wS",
                "hd60",
                "lUw&",
                "658AB",
                "*/*N=v",
                "5,kf",
                "^.Hv",
                "Ac@#{",
                "P_i~",
                "wp;&A",
                "<e\\w\"bj",
                "z[* 5",
                "@wD4",
                "QX'a~",
                "Y1rVg",
                "|HB\\\"u^O|",
                "r3'm",
                "|7s^",
                "-]8(\\_",
                "{GR7",
                "^0A@",
                ")-lg",
                "+R}:/nAu",
                "1(C@",
                "Qx<<",
                "<S0\\",
                "JnQ^",
                "n^H{50",
                "K=(_",
                "{Im^",
                "0U n",
                "9R&D4",
                "=`^|",
                "OP*\"",
                "eRht",
                "ej.F",
                "`Z~B",
                "=U=b",
                "7w*)",
                "82dJU",
                "E8L7",
                "37(?,",
                "&J^)",
                "D)B2N",
                "ilkE",
                "cud6",
                "(_0T",
                "{FB@{",
                "Ngb$",
                "/w33vHnk",
                " @{D",
                "6d;.",
                "\"Aik>",
                "QL.u",
                "pMbLxI",
                "~^Z0t",
                "um|:",
                "pj'd",
                "a<ZR",
                ">0-+",
                "d~H)",
                "5,~u",
                "6#tD",
                "E(&o",
                "3z:l*",
                "wXj+0Xq",
                "\\L-/",
                "3}+[",
                "9/<v[1",
                "Ti0q",
                "[1Py%?",
                "V5 |",
                "|!5~C",
                "|).tT",
                "F*'e",
                "'Tf*",
                "L<3h",
                "H.Hy,",
                "lHMHa",
                "^ zp:",
                "tOP;",
                "T=NDc))",
                "c5Q<",
                "sFtX}",
                "l+8o",
                ")Wx1",
                "p-Gd",
                "i)'m",
                "<V{3",
                "sMfY`",
                "k]TB",
                "Vh^+)",
                ",y>z",
                "We}>k",
                "XXl]",
                "`F;D3",
                "nkPgT",
                "_B=I",
                "{ @B",
                "{SYl",
                "+RM%C",
                "uCF=l@",
                "\"z?b",
                "AI<{",
                "keQN",
                "8eL!",
                "^KDt",
                "9^6m7*a",
                "tPlW/",
                "tr8&",
                "?wHP",
                "}0AnA",
                "QMZr",
                "9pRn",
                "bBN?",
                "Hi&>",
                "rw'VO",
                "-u3c4",
                "`I=:",
                ":bTU",
                "nH-K%",
                "?dI,",
                "r{;>E5",
                "~+)o",
                ";\"yc",
                "XbNJ@uK",
                "OC3_",
                "{`T3S",
                "*f5l>%",
                "?%wt6",
                "Ut\"hI",
                "fT'e",
                "!SWaNP8",
                "9gI,",
                "z}ja",
                "0Jt:+~",
                "RBzXh'>U",
                "$xIS",
                "9J&0",
                "/@t)",
                "u)EZ",
                " D1G",
                "4bE*K",
                "eX0_",
                "8Zee:X",
                "(6lrB",
                "H.HO",
                "~d0y",
                "&uN4Er",
                "`a|7ZS",
                "SjM7",
                "lK JZ[",
                "?UAc",
                "$Eh&",
                ",&/?w4",
                "'WWQ",
                "O9T8",
                "f@E`",
                "~moyi",
                ";[F%kz:",
                "/SzZ",
                "~q#-",
                "$@UP",
                "!<$WY",
                "7r|FN|",
                ":Mb{",
                ";'vK",
                "&NZC",
                "3%B]",
                "Off<",
                "8rrY",
                "q16Z",
                "{'\"V",
                "~dOPw",
                "cFa&",
                "p>w$",
                "^$l 1u3)",
                " .\"X",
                "!o=@",
                "[BR>",
                "&iJ:.",
                "|aSP",
                "<cp-",
                "ls00",
                "cPUl",
                "U8=8",
                "-%kK",
                "k~6<",
                "n[X)",
                "wa!wQS",
                "7^0(",
                "5nFX",
                "X8$SC",
                "A#>2o",
                "OSZo",
                "##tIz%",
                "Pb )",
                "$Info: ",
                "/proc/self/exe",
                "x/U9",
                "#Zw^",
                "^n0|p\\",
                "!msNX<",
                "yL[_",
                "i/xS",
                "3Ndd&]iz",
                "Buzu",
                "6uv/W",
                "dLNn&",
                "r-k;p",
                "W^]>",
                "rQY\\,",
                "F.`Y",
                ".xCA",
                "#^n$",
                "d+0V",
                "2chVV>",
                "s7lP",
                "ZDdP5",
                "ML:}w'",
                "WZbK",
                "!QDJ,",
                "Yl+y",
                "o35=",
                ")*`<",
                "Qo<]2",
                "odX&",
                " <,xl",
                ")fR?",
                "\"s%5",
                "aOt{",
                "5nwD",
                "W(||l",
                " UI7",
                "P5O$",
                "P4IN",
                "+Hfx",
                "xM~\"3",
                "H(f^",
                "`/v6",
                "*dw~R",
                "Nd<|",
                "h+WYF<",
                "lH)|KX",
                "q#9S",
                "%Jj@",
                ",=K}z",
                "w1ti",
                "(8sD",
                "Tq;x",
                "F]0iL",
                "\\dc?s",
                ">(6um",
                "~|Pq?3",
                "Z;e|",
                "0)RV",
                "Vqxs{",
                "QPZ$",
                "*z<v",
                "<#PGS",
                "qm60",
                "XvQn#",
                "Qutt",
                "asT+",
                "cFr'",
                "?p(2",
                ";{;w",
                "2l'A",
                ")9!'q",
                "CPQwF",
                "5=PV",
                "GRBE_8r]",
                "rFP{S",
                "H97Q",
                "~NM'",
                "-}tr7",
                "?Gvx",
                "tg|q",
                "w=jj?:",
                "w@g(",
                "HSX-K",
                ".~C}g",
                "nIi/",
                "0*#I",
                "J0lb",
                "?yXN",
                "zfkJz",
                "?urUL",
                "C/5N",
                "rBJl8-",
                " B/_il",
                "b.P[",
                "91r^/K",
                "I=Qq0@",
                "@>a#6",
                "vDnC",
                "* ~Psc",
                "7x91",
                "a ri",
                "(_\"\\",
                "*Qh!z",
                " V]w",
                "PO)^",
                "Ji\";",
                "9f@ ",
                "l3T)",
                "&tDe",
                "~V9%",
                "YfDM",
                "Ne{w",
                "?n+V",
                "`sOKc",
                "1+Cf",
                ";4gH",
                "Apq-P",
                "<Yol",
                "i &4_m 8",
                "xwxG",
                "]#,\\",
                "q*Y=",
                "bM1~",
                "j}w2",
                "cZgD?",
                "dEoB",
                "EwX>E",
                "PUa1",
                "(>TOX",
                "S%3>k+",
                "k3JY"
            ]
        }
    ]
}