{
    "malware_data": [
        {
            "filename": "86f1a75b8dd44fc6982db418c457e07caaebcb6c426d2953439b79cc8b16e180.exe",
            "filetype": "4D5A9000",
            "filesize": "136KB",
            "hash_sha256": "86f1a75b8dd44fc6982db418c457e07caaebcb6c426d2953439b79cc8b16e180",
            "strings": [
                "!This program cannot be run in DOS mode.",
                ".text",
                ".bss",
                ".data",
                ".idata",
                ".flh",
                "]3I$s",
                "-T\"c}Pm",
                "#L}Y",
                "UY\"NF",
                "YtDH",
                ")3e>",
                "YtqaZ7",
                "VHYt",
                "(lYt",
                "x&Yt",
                "RQ$q",
                "YtJA",
                "UYtm",
                "Y+GL",
                "t RU{",
                "+Xtl",
                "G3vq",
                "YtIs",
                "M'O@",
                "qO[t",
                "U'O@",
                "AtFI",
                "qTYt",
                "SAuI",
                "SAvI",
                ".ND1",
                "9Yts",
                "bP3\"",
                "$qc[7",
                ",O P",
                "\"WYt",
                "$qF[7",
                "q<[7",
                "UYts",
                "1, WY",
                "UY+GL",
                "2FYt",
                "E`YtqV",
                "YtFI",
                "o+Zw",
                "G3ts",
                "YtlIV",
                "+_Pl",
                "+gvlr",
                "+_vlF",
                "+_ul^",
                "U+GL",
                "E2Yt",
                "UYvl",
                "tlL1",
                "atl?",
                "%*Xt",
                "%*Zt",
                "%*\\t",
                "YtI}Y",
                "+_yl\\",
                "`!Pb",
                "eJEb^",
                "] Xt",
                ",3vs",
                "E3tO",
                "I$sW",
                "jUtm",
                "@3vs",
                "$nYt",
                "\"p,xZ",
                "b Yt",
                "TuI%",
                "G3tq(Y{",
                "U(Yt",
                "+[tm",
                "6G:M",
                "UYtl",
                "]sEq",
                "+^(mJ",
                "]s6q",
                "+^[l",
                "q7Xt",
                "YtFJ",
                "SKYt",
                "tqWat",
                "UY$q",
                "Ytq}X7",
                "Y'O@",
                "$qx[7",
                "!hYt",
                "l$1*",
                "YtO@",
                "EiYt",
                "m31I",
                "iYts",
                "miYts",
                "}Y$q$X7",
                "}Y$q3X7",
                "kYts",
                "L6bk",
                "RU4I",
                "1lYt",
                ",Pq$X7",
                "Ytq3X7",
                "%mYt",
                "qnYt",
                "oYtJA",
                "jLYt",
                "jUtl",
                "q`Yt",
                "}bYt",
                "E`Yt",
                "oYts",
                "}oYts",
                "_FYts",
                "b[l1",
                "lXNl",
                "inYt",
                "m53t",
                "efYt",
                "W3Yt",
                "bYts",
                "~Yts",
                "'\\EV",
                "YtfLd7NSy{",
                "hxII@",
                "Yt$Z",
                "Yt$C",
                "1URV",
                "=CRV",
                ";KC-(f:d&\\C",
                "hIIJC",
                "YIIV",
                "YIU^",
                "&d$E",
                "Yt$D",
                "YtlX",
                "}Y$q",
                "axYt",
                "G3tJ",
                "lUtm",
                "G3vJ",
                "3}Yt",
                "YtqIX7",
                "qeY7",
                "fYts",
                "}Y$qDY7",
                "y{Yt",
                "gYts",
                "xYts",
                "ELYt",
                "9xYt",
                "]zYt",
                "|Yt(",
                "M{Yt",
                "xYt@",
                "G1tY",
                "1yYts",
                " cYt",
                "TKoV",
                "G3tO",
                "ypYts",
                "Yt@&",
                "A}Yt",
                "JEYtJ",
                "}Y$J",
                "MpYt",
                "qzYt",
                "QqYt",
                "VYtm",
                "NYts",
                "qYts",
                "zt+4",
                "pYt(",
                "RA$O}Y",
                "]pYt",
                "9pYt(",
                "y`/2",
                "UYtm1",
                "3uqG",
                "Ytlz3qO",
                "}X$s'",
                "tYts",
                "9tYts",
                "YuYt",
                "QvYt",
                "i'O@",
                "]MYt",
                "VYtl",
                "]NYt",
                "(Yts",
                "VYts",
                "er6b]",
                "]'X$",
                "AYts",
                "$R~t",
                "cWIU0Ytm",
                "Ytlu?",
                "yOYt",
                "e@Yts",
                "3uqM",
                "pFYt",
                "+iNl/3~",
                "YI*0Ytl",
                "GYtI",
                "@^Yt",
                "$qi?p",
                "y\\Yt",
                "I\\Yt",
                "atl5",
                "\\0Ytm",
                "U0Ytm",
                "_0Yt",
                "pZYt",
                "3uqf",
                "YtlAV",
                "YYts",
                ",~ss",
                "r_,,",
                "3uq*",
                "3tIA",
                "QYtFI",
                "@YN~",
                "PYtJA",
                "S452",
                "-SYt",
                ",uYt(",
                "TYt(",
                "{Yt(",
                "mTYt",
                ">QYtN",
                "-UYt(",
                "EVYt",
                "=WYt",
                "%WYtJA",
                "bW]{",
                " YtJ",
                "mKYt",
                "4(~H",
                "%xYt",
                "-YtN",
                "V>Yt",
                "y'O@",
                "e+Yt",
                "aozt",
                "TYa5",
                "9+Yt",
                "_HieLHf`H",
                ")-Yt",
                "1-Yt",
                "UYM\\",
                "+byl*",
                "+btl",
                "Q#Yt",
                "j2\"b",
                "] Yt",
                "80QF",
                "Y#sW",
                "m\"Yt",
                "%\"Yt",
                "a#Yt",
                "Y#Yt",
                "wMYt",
                "$gq:",
                "d7Y{",
                "%&Yt",
                ".^Yt",
                "}9Yt",
                "A9Yt",
                "]:Yt",
                "I;Yt",
                "E;Yt",
                ")0Yt",
                "8mYtF",
                "C[u[",
                "2YtI",
                "3ts73ts",
                "3Ytq",
                "AYtO",
                "3YtFI",
                "%3Yt",
                "93Yt",
                "SI\\I}Y",
                "SIwI",
                "w!47",
                "I3Yt",
                ",dqc",
                "e5Yt",
                "95Yt",
                "y7Yt",
                "VYtq!",
                "sS3t",
                ",]qb",
                "I}Y\"qg",
                "3tqd",
                "q\"Yt",
                "Ytq^",
                "cA#q",
                "I+GL",
                "Z`Btq",
                "YiYts",
                "pcS{",
                "PgYtFI",
                "tqyX7",
                "ZYts",
                "2]`Z",
                "2I`Z",
                "2M`Z",
                "2A`Z",
                "3uN}Y$",
                "C}|(",
                "2}`Z",
                "2q`Z",
                "2u`Z",
                "2i`Z",
                "2m`Z",
                "2a`Z",
                "2e`Z",
                "29`Z",
                "2=`Z",
                "21`Z",
                "25`Z",
                "2)`Z",
                "2-`Z",
                "2!`Z",
                "2%`Z",
                "2YaZ",
                "2]aZ",
                "2QaZ",
                "2UaZ",
                "2IaZ",
                "2MaZ",
                "2AaZ",
                "2EaZ",
                "2qaZ",
                "2uaZ",
                "2iaZ",
                "2maZ",
                "2aaZ",
                "2eaZ",
                "29aZ",
                "2=aZ",
                "21aZ",
                "25aZ",
                "2)aZ",
                "2-aZ",
                "2!aZ",
                "2%aZ",
                "2YbZ",
                "2]bZ",
                "2QbZ",
                "2UbZ",
                "2IbZ",
                "TMsr&",
                "yv&A",
                ".1[r*Et",
                "\"R>wG",
                "9*E2",
                "v_:Hp",
                ">Jh?",
                ")-3z",
                "[B23X",
                "-3D1",
                "WSAGetLastError",
                "WSAStartup",
                "__WSAFDIsSet",
                "accept",
                "bind",
                "closesocket",
                "connect",
                "gethostbyname",
                "htonl",
                "htons",
                "inet_addr",
                "ioctlsocket",
                "listen",
                "recv",
                "select",
                "send",
                "socket",
                "CoCreateInstance",
                "CLSIDFromString",
                "CoTaskMemFree",
                "CoInitialize",
                "CoUninitialize",
                "SysAllocString",
                "DeleteUrlCacheEntry",
                "FindFirstUrlCacheEntryA",
                "FindNextUrlCacheEntryA",
                "ExitProcess",
                "ExitThread",
                "ExpandEnvironmentStringsA",
                "FileTimeToLocalFileTime",
                "FileTimeToSystemTime",
                "FindClose",
                "FindFirstFileA",
                "FindNextFileA",
                "FreeLibrary",
                "GetCommandLineA",
                "GetCurrentProcessId",
                "GetCurrentThreadId",
                "GetExitCodeProcess",
                "GetExitCodeThread",
                "GetFileAttributesA",
                "GetFileSize",
                "GetFileTime",
                "GetLocalTime",
                "GetModuleFileNameA",
                "GetModuleHandleA",
                "CloseHandle",
                "GetProcAddress",
                "GetSystemDirectoryA",
                "GetTempPathA",
                "GetTickCount",
                "GetTimeZoneInformation",
                "GetVersion",
                "GetVersionExA",
                "GetWindowsDirectoryA",
                "GlobalMemoryStatus",
                "CopyFileA",
                "InterlockedIncrement",
                "IsBadReadPtr",
                "IsBadWritePtr",
                "LoadLibraryA",
                "CreateDirectoryA",
                "LocalAlloc",
                "LocalFree",
                "OpenFile",
                "OpenMutexA",
                "OpenProcess",
                "PeekNamedPipe",
                "CreateFileA",
                "ReadFile",
                "RemoveDirectoryA",
                "RtlUnwind",
                "SetFileAttributesA",
                "SetFilePointer",
                "CreateMutexA",
                "Sleep",
                "TerminateProcess",
                "TerminateThread",
                "CreatePipe",
                "VirtualQuery",
                "CreateProcessA",
                "WaitForSingleObject",
                "WideCharToMultiByte",
                "WinExec",
                "WriteFile",
                "lstrlenA",
                "lstrlenW",
                "CreateThread",
                "DeleteFileA",
                "GetWindowTextA",
                "GetWindowRect",
                "FindWindowA",
                "GetWindow",
                "IsWindowVisible",
                "GetClassNameA",
                "GetForegroundWindow",
                "LoadCursorA",
                "SetTimer",
                "KillTimer",
                "RegisterClassA",
                "GetMessageA",
                "CreateDesktopA",
                "SetThreadDesktop",
                "GetThreadDesktop",
                "TranslateMessage",
                "DispatchMessageA",
                "SendMessageA",
                "CharUpperBuffA",
                "OemToCharA",
                "PostQuitMessage",
                "ShowWindow",
                "CreateWindowExA",
                "DestroyWindow",
                "DefWindowProcA",
                "GetStockObject",
                "DeleteObject",
                "RegCreateKeyExA",
                "RegCloseKey",
                "RegOpenKeyExA",
                "RegQueryValueExA",
                "RegSetValueExA",
                "GetSecurityInfo",
                "SetSecurityInfo",
                "SetEntriesInAclA",
                "_itoa",
                "__GetMainArgs",
                "_sleep",
                "_strcmpi",
                "_stricmp",
                "atoi",
                "exit",
                "memcpy",
                "memset",
                "raise",
                "rand",
                "signal",
                "sprintf",
                "srand",
                "sscanf",
                "strcat",
                "strchr",
                "strncmp",
                "wsock32.dll",
                "ole32.DLL",
                "OLEAUT32.DLL",
                "WININET.DLL",
                "KERNEL32.DLL",
                "USER32.DLL",
                "GDI32.DLL",
                "ADVAPI32.DLL",
                "CRTDLL.DLL",
                "erator",
                "$ rC",
                "0:1d:f",
                "6:7e:a1:bf:75:27:65:0a:a3:8e:2a:cd:42:c8:0c:61:fd:68:e2:c6:89:42:54P",
                "0293, 0.1151168",
                "0502",
                ".115",
                "1683464",
                "6834",
                "4050293",
                "4640",
                "1511683",
                "293, 0",
                "0.11A",
                "683464050293, 0.11511683464050293, 0.11511683464050293, 0.11511683464050293, 0.1p",
                "3, 0.11",
                "293,",
                "64050293, ': None, 'x_seq': ",
                "one ",
                "9rv$",
                "d5:14:60:61:a7:3b:6e:4e:",
                "2:29:ce:69:5",
                ":7e:H|",
                ":fa:22:33:b1:6d:5d:1d:d9:a3:f1:b6:e1:ba:ed:0f:b3",
                "19:d2:1c:d3:",
                ":71:35:0",
                "48:97:84:72:c2:9",
                "jv$e",
                "4<<@",
                "r@DDHn",
                "vl#Qj",
                "a{}p",
                "L`fYNGh",
                "$&t3V",
                "pjCXf",
                "\\p0(l6",
                "bl:h",
                "W6\\ua",
                "Y^f:",
                "md$'x",
                "n$}X",
                "@VAy}p",
                "@*<v5",
                "'W7-u{h",
                "j@j _",
                "}?Z^",
                "\"Sxa",
                " S@d",
                "ZC@t",
                "4Xu;",
                "&_y98j",
                "~a\"f;5\\",
                "tDwYd",
                "AVSP",
                "x!J~",
                "!u7 ",
                "tGqE",
                ";d6t",
                "VHQVx",
                "wYCg%",
                "e@0pD ",
                "t\\x\\",
                "]6,K",
                "Vj ^y",
                "Y_Z ",
                "TG~h",
                "T-/Mi([",
                "@x8ug",
                "R0mh",
                "4+\\VL",
                "-*0z",
                "dKT<'Y2",
                "Bh=7",
                "w=ZI",
                "j3N(J",
                "f\\~`",
                "vx)g",
                "Nst6",
                "x:lc",
                "/RyF",
                "Q4_[@a",
                "FlP\\k",
                "t4J0;",
                "kf=A",
                "\\`Ht",
                ";5[6",
                "sh-l",
                "aqnh {",
                "3S{qxt",
                "mr&S",
                "s_W~",
                "{02#",
                "lUh$",
                "u]~.",
                "YYYY",
                "`@[D",
                "mV\"cS",
                "96g(",
                "t'-r",
                "B>(\"",
                "%#HM",
                "pU\\S",
                "w<Cw6",
                "/y&>t1",
                "{DluH",
                "8b9q",
                "u&z3r",
                "jP0T",
                "kWPX",
                "9TV/",
                "?)$9}",
                "tO9=0G",
                "?nT$",
                "URPQQ",
                "RQ2tG",
                "8\"1w{H",
                ">Z6B",
                ")||$R",
                "0gh>",
                "(n00",
                "n+o ",
                "#F#n",
                "';;22",
                "OHgb",
                " (08<",
                "@H[6",
                "}>v`~p0g&",
                "H86~",
                "*d$z",
                "woSP",
                "  $$",
                "88<<",
                "@@DD.",
                "\\.HHLL",
                "$(,0''''4",
                "@Srrr",
                "DHLP",
                "\\prTX",
                "dhlp",
                "tx|K",
                "I&(,0",
                "`@eDH",
                "L2LPT",
                "pM$3",
                "9E8RNJ",
                "`sop",
                "1z~B",
                " @Wt",
                "Pw_j",
                "?p%dx",
                "t^6S",
                "NjA[jZZ+",
                "x$;ag",
                "uBh6",
                "9l>+~",
                "@.W^",
                "5C;0",
                "GchK",
                ";tv-#",
                "UQPX^Y[",
                "}!L%[",
                "Z/J<xif",
                "ttW(",
                "+6ae",
                "7v_x",
                "3~9U",
                "NP]4c",
                "Pe~,8n",
                "|pWi",
                "Zh]@",
                "VDxmQ",
                "$QPcIM",
                "=RtU$<",
                "(S#_",
                "Cf>%;",
                ">T1%",
                "^0k4",
                "VVhU",
                ".12(",
                "8Q.$",
                "J&F`",
                "ZiW0",
                "QpzA)q",
                ">lCl",
                "';_t|%",
                "wtVj",
                "Wkpd",
                "E8RS",
                "\\RTGy",
                "N+0|",
                "/?_U[mP?",
                "`dhlpx<",
                " ,4@LP",
                "yT`t",
                " 4<D",
                "LT\\dl",
                "v{giv_",
                "r1~#",
                "ACPgRv",
                "mV p",
                "=ZzK",
                "iiFile",
                "{{+B",
                "S;P[:;",
                "]Yv&dNexAW5Fm",
                "xpaREnvi",
                "vC*so",
                "y^GS",
                "Vaabg",
                "dH6l}o",
                "mmfK;{VL",
                "Isw;[<",
                "F$ur",
                "^ked",
                "cFm+De",
                "FliiwF10",
                "c\\uH",
                "E+7Addr",
                "M<tiBy oWivCha>",
                "Z`tER",
                "ZYUn",
                "bAs+",
                "V+1Unh",
                "*km$T.m",
                "SveV",
                "CCUag",
                "NbugNr",
                "M{W0",
                "Rtl`wi",
                "c]*@",
                "g1Key9+S",
                "nRJX9/",
                "_:W=Acqu",
                "fQq6",
                "Wwspdtf",
                "9b45",
                "'+:6",
                "3'K6",
                "$-7(",
                ",!*2",
                "+))6<",
                "\"S@48",
                "data",
                ".reJf",
                "XPTPSW",
                "$jN1",
                "zz%)",
                "MzTq",
                "$,iSdt",
                "}(l8",
                "qp|_",
                "0Gdc",
                "_QaK",
                "V)Kq",
                "mt/R",
                " V!Z",
                "[.(5('@",
                "~lkIu",
                " #8v~c",
                "M,mw",
                "_B.vM",
                "mQlt",
                ">YQ#C'",
                "ADVAPI32.dll",
                "ntdll.dll",
                "USER32.dll",
                "VirtualProtect",
                "NtClose",
                "wsprintfW",
                "YZ;[",
                "J(D*7&",
                "lass(7|",
                "1, 'model': Mal",
                "  Pn^",
                "_siz",
                "=(500,)",
                "d(8,",
                "128, ke",
                "00,)",
                "ias=",
                "@nQf",
                "G[j\\",
                "Gk?\\",
                "@59:21",
                "}bYe92^e)2Fg",
                "e12^e5",
                "KZe8",
                "TVg`",
                "#b>?",
                "+j>?",
                "^cq`",
                "m^cq`",
                "*q|V)x",
                "#F>?",
                "}F2gX",
                "7A20oq2V",
                "#r>?",
                "3B>?",
                "S^dy.",
                "-|Vc",
                "}|Vc",
                "~UVc",
                "KZQ`s",
                "+Z??",
                "SZMu",
                "AJg8",
                "Avg8",
                "3Z??",
                "yUVe",
                "A.g8",
                "}F>^",
                "Azg8",
                "A\"g8",
                "}b<)",
                "}cQ(",
                "2jId",
                ")#`V",
                "JPo0",
                "S^(y",
                "cFe ",
                "YPy.",
                ":A>K~UV",
                "tQmS",
                "~c\\n",
                "mc\\n",
                "\\o,r",
                "g.=I",
                "TVdy.",
                "V)xn",
                "WVm@",
                "ycrnp",
                "YXxb"
            ]
        }
    ]
}