{
    "malware_data": [
        {
            "filename": "8be7871aecfc2e3039cefaeab9954a4ee7903ece4099bfa295936b030764f521.exe",
            "filetype": "4D5A9000",
            "filesize": "30KB",
            "hash_sha256": "8be7871aecfc2e3039cefaeab9954a4ee7903ece4099bfa295936b030764f521",
            "strings": [
                "!This program cannot be run in DOS mode.",
                ".text",
                "`.rsrc",
                "@.reloc",
                "!%(/",
                " %(/",
                ",Ur!",
                "C%(/",
                ",Ms)",
                ",ms)",
                "5%(/",
                ",%(/",
                "'%(/",
                "&%(/",
                "O%(/",
                "6[+=r",
                "X%(/",
                "-%(/",
                "-L+n",
                "BSJB",
                "v2.0.50727",
                "#Strings",
                "#GUID",
                "#Blob",
                "_Lambda__1",
                "ThreadSafeObjectProvider`1",
                "kernel32",
                "Microsoft.Win32",
                "user32",
                "ToInt32",
                "_Lambda__2",
                "get_UTF8",
                "<Module>",
                "GetWindowTextLengthA",
                "GetVolumeInformationA",
                "capGetDriverDescriptionA",
                "GetWindowTextA",
                "Anti_CH",
                "System.IO",
                "USB_SP",
                "LastAS",
                "LastAV",
                "ChrW",
                "Dispose__Instance__",
                "Create__Instance__",
                "DownloadData",
                "ProjectData",
                "Sendb",
                "mscorlib",
                "Stub",
                "Microsoft.VisualBasic",
                "GetWindowThreadProcessId",
                "GetProcessById",
                "Read",
                "Thread",
                "Load",
                "set_Enabled",
                "add_Elapsed",
                "hWnd",
                "Command",
                "Send",
                "RegistryValueKind",
                "hwnd",
                "CompareMethod",
                "get_Keyboard",
                "Replace",
                "Space",
                "CreateInstance",
                "get_GetInstance",
                "instance",
                "GetHashCode",
                "FileMode",
                "CompressionMode",
                "SelectMode",
                "VKCodeToUnicode",
                "FromImage",
                "DrawImage",
                "get_Message",
                "SetEnvironmentVariable",
                "get_Available",
                "IEnumerable",
                "IDisposable",
                "get_Handle",
                "RuntimeTypeHandle",
                "GetTypeFromHandle",
                "Rectangle",
                "File",
                "WinTitle",
                "get_MainWindowTitle",
                "Module",
                "AppWinStyle",
                "get_Name",
                "cbName",
                "GetTempFileName",
                "get_MachineName",
                "lpRootPathName",
                "get_OSFullName",
                "get_FullName",
                "get_UserName",
                "get_ProcessName",
                "GetProcessesByName",
                "lpszName",
                "DateAndTime",
                "DateTime",
                "get_LastWriteTime",
                "get_LocalMachine",
                "ChangeType",
                "GetType",
                "ApplicationBase",
                "Close",
                "Dispose",
                "get_Date",
                "GetKeyboardState",
                "EditorBrowsableState",
                "GetAsyncKeyState",
                "Delete",
                "Write",
                "ThreadStaticAttribute",
                "STAThreadAttribute",
                "CompilerGeneratedAttribute",
                "HelpKeywordAttribute",
                "GeneratedCodeAttribute",
                "EditorBrowsableAttribute",
                "ComVisibleAttribute",
                "StandardModuleAttribute",
                "HideModuleNameAttribute",
                "MyGroupCollectionAttribute",
                "CompilationRelaxationsAttribute",
                "RuntimeCompatibilityAttribute",
                "ReadByte",
                "WriteByte",
                "m_ThreadStaticValue",
                "DeleteValue",
                "GetObjectValue",
                "GetValue",
                "SetValue",
                "Save",
                "Receive",
                "Remove",
                "Stub.exe",
                "nVolumeNameSize",
                "nFileSystemNameSize",
                "set_SendBufferSize",
                "set_ReceiveBufferSize",
                "get_Jpeg",
                "System.Threading",
                "add_SessionEnding",
                "NewLateBinding",
                "Encoding",
                "System.Drawing.Imaging",
                "FromBase64String",
                "ToBase64String",
                "CompareString",
                "ToString",
                "GetString",
                "System.Drawing",
                "ToLong",
                "ComputeHash",
                "Flush",
                "GetFolderPath",
                "get_Width",
                "get_Length",
                "processInformationLength",
                "lpMaximumComponentLength",
                "MaxLength",
                "EndsWith",
                "get_ServicePack",
                "RegistryKeyPermissionCheck",
                "get_CapsLock",
                "ConditionalCompareObjectEqual",
                "ConditionalCompareObjectNotEqual",
                "System.ComponentModel",
                "LateCall",
                "avicap32.dll",
                "user32.dll",
                "ntdll",
                "Shell",
                "Poll",
                "FileStream",
                "NetworkStream",
                "GZipStream",
                "GetStream",
                "MemoryStream",
                "get_FileSystem",
                "OperatingSystem",
                "HashAlgorithm",
                "Enum",
                "ToBoolean",
                "CopyFromScreen",
                "get_PrimaryScreen",
                "System.ComponentModel.Design",
                "main",
                "Plugin",
                "Join",
                "get_OSVersion",
                "Conversion",
                "System.IO.Compression",
                "get_Application",
                "MyApplication",
                "get_Location",
                "processInformation",
                "CopyPixelOperation",
                "Interaction",
                "System.Reflection",
                "get_Position",
                "set_Position",
                "Exception",
                "Environ",
                "get_CtrlKeyDown",
                "get_ShiftKeyDown",
                "get_Info",
                "FileInfo",
                "FileSystemInfo",
                "ComputerInfo",
                "DirectoryInfo",
                "Zero",
                "lastcap",
                "Bitmap",
                "Sleep",
                "EndApp",
                "Char",
                "cbVer",
                "lpszVer",
                "lpVolumeSerialNumber",
                "MD5CryptoServiceProvider",
                "m_AppObjectProvider",
                "m_UserObjectProvider",
                "m_ComputerObjectProvider",
                "m_MyWebServicesObjectProvider",
                "StringBuilder",
                "SpecialFolder",
                "sender",
                "lpVolumeNameBuffer",
                "lpFileSystemNameBuffer",
                "ToInteger",
                "ElapsedEventHandler",
                "SessionEndingEventHandler",
                "System.CodeDom.Compiler",
                "Timer",
                "ToUpper",
                "get_User",
                "get_CurrentUser",
                "Enter",
                "BitConverter",
                "get_Computer",
                "ServerComputer",
                "MyComputer",
                "wDriver",
                "ToLower",
                "CompDir",
                "ClearProjectError",
                "SetProjectError",
                "Cursor",
                "IEnumerator",
                "GetEnumerator",
                "Activator",
                ".ctor",
                ".cctor",
                "Monitor",
                "IntPtr",
                "Graphics",
                "System.Diagnostics",
                "get_Bounds",
                "Microsoft.VisualBasic.Devices",
                "get_WebServices",
                "MyWebServices",
                "Microsoft.VisualBasic.ApplicationServices",
                "System.Runtime.InteropServices",
                "Microsoft.VisualBasic.CompilerServices",
                "System.Runtime.CompilerServices",
                "Microsoft.VisualBasic.MyServices",
                "get_SpecialDirectories",
                "get_ProgramFiles",
                "GetModules",
                "GetValueNames",
                "GetTypes",
                "ReadAllBytes",
                "WriteAllBytes",
                "GetBytes",
                "GetLogicalDrives",
                "lpFileSystemFlags",
                "SocketFlags",
                "Strings",
                "Logs",
                "ElapsedEventArgs",
                "SessionEndingEventArgs",
                "Equals",
                "System.Windows.Forms",
                "Contains",
                "Conversions",
                "System.Collections",
                "get_Chars",
                "System.Timers",
                "RuntimeHelpers",
                "Cursors",
                "Operators",
                "processInformationClass",
                "hProcess",
                "CsAntiProcess",
                "NtSetInformationProcess",
                "GetCurrentProcess",
                "System.Net.Sockets",
                "SystemEvents",
                "DoEvents",
                "Exists",
                "GetAntiVirus",
                "Keys",
                "Concat",
                "ImageFormat",
                "PixelFormat",
                "ConcatenateObject",
                "OrObject",
                "GetObject",
                "MyProject",
                "Connect",
                "connect",
                "LateGet",
                "System.Net",
                "LateSet",
                "set_MinWorkingSet",
                "EnvironmentVariableTarget",
                "Socket",
                "get_Height",
                "op_Explicit",
                "Split",
                "Exit",
                "get_Default",
                "get_Client",
                "WebClient",
                "TcpClient",
                "Environment",
                "get_Parent",
                "get_Current",
                "Point",
                "ParameterizedThreadStart",
                "Convert",
                "set_SendTimeout",
                "set_ReceiveTimeout",
                "GetKeyboardLayout",
                "MoveNext",
                "System.Text",
                "Draw",
                "get_Now",
                "GetForegroundWindow",
                "ToUnicodeEx",
                "Mutex",
                "ToArray",
                "CreateSubKey",
                "DeleteSubKey",
                "OpenSubKey",
                "MapVirtualKey",
                "lastKey",
                "RegistryKey",
                "System.Security.Cryptography",
                "get_Assembly",
                "GetExecutingAssembly",
                "GetEntryAssembly",
                "Copy",
                "get_Directory",
                "get_Registry",
                "op_Equality",
                "FileSystemProxy",
                "SpecialDirectoriesProxy",
                "RegistryProxy",
                "WrapNonExceptionThrows",
                "MyTemplate",
                "11.0.0.0",
                "My.Computer",
                "My.Application",
                "My.User",
                "My.WebServices",
                "4System.Web.Services.Protocols.SoapHttpClientProtocol",
                "_CorExeMain",
                "mscoree.dll",
                "<?xml version=\"1.0\" encoding=\"UTF-8\" standalone=\"yes\"?>",
                "<assembly xmlns=\"urn:schemas-microsoft-com:asm.v1\" manifestVersion=\"1.0\">",
                "  <assemblyIdentity version=\"1.0.0.0\" name=\"MyApplication.app\"/>",
                "  <trustInfo xmlns=\"urn:schemas-microsoft-com:asm.v2\">",
                "    <security>",
                "      <requestedPrivileges xmlns=\"urn:schemas-microsoft-com:asm.v3\">",
                "        <requestedExecutionLevel level=\"asInvoker\" uiAccess=\"false\"/>",
                "      </requestedPrivileges>",
                "    </security>",
                "  </trustInfo>",
                "</assembly>",
                "procexp",
                "SbieCtrl",
                "SpyTheSpy",
                "wireshark",
                "apateDNS",
                "IPBlocker",
                "TiGeR-Firewall",
                "smsniff",
                "exeinfoPE",
                "NetSnifferCs",
                "Sandboxie Control",
                "processhacker",
                "dnSpy",
                "CodeReflect",
                "Reflector",
                "ILSpy",
                "VGAuthService",
                "VBoxService",
                "False",
                "TEMP",
                "WindowsServices.exe",
                "mznhr.ddns.net",
                "4887",
                "5d33060b656af2b9a3ae52904371dccf",
                "Software\\Microsoft\\Windows\\CurrentVersion\\Run",
                "TXlCb3QgMjAyNQ==",
                "0.7d",
                "Y262SUCZ4UJJ",
                "Software\\",
                "Select * From AntiVirusProduct",
                "winmgmts:\\\\.\\root\\SecurityCenter2",
                "ExecQuery",
                "displayName",
                "No AV",
                "SystemDrive",
                "prof",
                "Update ERROR",
                ".exe",
                "Updating To ",
                "Update ERROR ",
                "start",
                "Execute ERROR",
                "Download ERROR",
                "Executed As ",
                "Execute ERROR ",
                "getvalue",
                "yy-MM-dd",
                "??-??-??",
                "Microsoft",
                "Windows",
                " Win",
                " x64",
                " x86",
                "SEE_MASK_NOZONECHECKS",
                "netsh firewall add allowedprogram \"",
                "\" ENABLE",
                "\" ..",
                "Tools.exe",
                "clear",
                "netsh firewall delete allowedprogram \"",
                "Software",
                "cmd.exe /c ping 0 -n 2 & del \"",
                "[kl]",
                "yy/MM/dd ",
                "[ENTER]",
                "[TAP]"
            ]
        }
    ]
}