{
    "malware_data": [
        {
            "filename": "0bc9c084c262a26e686902d19a051678b0c7811477fd01de00b1009892fa4d3c.elf",
            "filetype": "7F454C46",
            "filesize": "1KB",
            "hash_sha256": "0bc9c084c262a26e686902d19a051678b0c7811477fd01de00b1009892fa4d3c",
            "strings": [
                "j\"AZj",
                "AYPj)X",
                "Zj*X",
                "Wj#Xj",
                "YY_H",
                "j<Xj",
                "^j~Z"
            ]
        }
    ]
}