{
    "malware_data": [
        {
            "filename": "8e335f903d86e447fb05936d26290e5d7ee0250eef7bc7b1129c0a017db6c538.exe",
            "filetype": "4D5A9000",
            "filesize": "11KB",
            "hash_sha256": "8e335f903d86e447fb05936d26290e5d7ee0250eef7bc7b1129c0a017db6c538",
            "strings": [
                "!This program cannot be run in DOS mode.",
                ".text",
                "`.rsrc",
                "@.reloc",
                "*nro",
                "*BSJB",
                "v4.0.30319",
                "#Strings",
                "#Blob",
                "#GUID",
                "Kozlhtg2",
                "resultContainer",
                "result",
                "Main",
                ".ctor",
                "Execute",
                "CallRandomMethod",
                "Fjferf",
                "Khjoieg",
                "StoreResult",
                "DisplayResult",
                "Reverse",
                "ToArray",
                "Load",
                "DownloadData",
                "Dispose",
                "GetTypeFromHandle",
                "GetExportedTypes",
                "First",
                "CreateDelegate",
                "Empty",
                "DynamicInvoke",
                "Format",
                "WriteLine",
                "Kozlhtg2.exe",
                "parameter1",
                "parameter2",
                "value",
                "<Module>",
                "Program",
                "Hssahdbkyeo",
                "FirstProcessor",
                "SecondProcessor",
                "ThirdProcessor",
                "ResultContainer",
                "IEnumerable`1",
                "System.Collections.Generic",
                "Enumerable",
                "System.Linq",
                "Assembly",
                "System.Reflection",
                "MemoryStream",
                "System.IO",
                "StreamWriter",
                "WebClient",
                "System.Net",
                "IDisposable",
                "System",
                "Action",
                "Type",
                "Delegate",
                "Array",
                "Int32",
                "Console",
                "CompilationRelaxationsAttribute",
                "System.Runtime.CompilerServices",
                "RuntimeCompatibilityAttribute",
                "DebuggableAttribute",
                "System.Diagnostics",
                "AssemblyTitleAttribute",
                "AssemblyDescriptionAttribute",
                "AssemblyConfigurationAttribute",
                "AssemblyCompanyAttribute",
                "AssemblyProductAttribute",
                "AssemblyCopyrightAttribute",
                "AssemblyTrademarkAttribute",
                "GuidAttribute",
                "System.Runtime.InteropServices",
                "AssemblyFileVersionAttribute",
                "TargetFrameworkAttribute",
                "System.Runtime.Versioning",
                "ComVisibleAttribute",
                "Object",
                "Stream",
                "RuntimeTypeHandle",
                "String",
                "DebuggingModes",
                "mscorlib",
                "System.Core",
                "WrapNonExceptionThrows",
                "$ba8e4dd7-e8f7-425b-8638-99b6b7efb432",
                "1.0.0.0",
                ".NETFramework,Version=v4.6",
                "FrameworkDisplayName",
                ".NET Framework 4.6",
                "_CorExeMain",
                "mscoree.dll",
                "<?xml version=\"1.0\" encoding=\"UTF-8\" standalone=\"yes\"?>",
                "<assembly xmlns=\"urn:schemas-microsoft-com:asm.v1\" manifestVersion=\"1.0\">",
                "  <assemblyIdentity version=\"1.0.0.0\" name=\"MyApplication.app\"/>",
                "  <trustInfo xmlns=\"urn:schemas-microsoft-com:asm.v2\">",
                "    <security>",
                "      <requestedPrivileges xmlns=\"urn:schemas-microsoft-com:asm.v3\">",
                "        <requestedExecutionLevel level=\"asInvoker\" uiAccess=\"false\"/>",
                "      </requestedPrivileges>",
                "    </security>",
                "  </trustInfo>",
                "</assembly>",
                "eletromaqpromo.jairlimajr.com.br/Reeshbh.dat",
                "RunReader",
                "Result: {0}",
                "VS_VERSION_INFO",
                "VarFileInfo",
                "Translation",
                "StringFileInfo",
                "000004b0",
                "Comments",
                "CompanyName",
                "FileDescription",
                "FileVersion",
                "InternalName",
                "LegalCopyright",
                "LegalTrademarks",
                "OriginalFilename",
                "ProductName",
                "ProductVersion",
                "Assembly Version"
            ]
        }
    ]
}