{
    "malware_data": [
        {
            "filename": "83ebda36fd35669fb0644dc692e6354f2544936d34d382668e6f84ba5c84d1c6.elf",
            "filetype": "7F454C46",
            "filesize": "27KB",
            "hash_sha256": "83ebda36fd35669fb0644dc692e6354f2544936d34d382668e6f84ba5c84d1c6",
            "strings": [
                "UPX!",
                "(~[P",
                "L{\"Mm",
                "^bqHxcr|",
                "D5&l_h&",
                "^-`r",
                ">.nk",
                "b-Uf3",
                ">7'L",
                "[S(~",
                "_0uP",
                "!t&.",
                ",?[{,I",
                "K$)y6~",
                "hh|?",
                "C~9a[",
                "s<VC",
                "0:?|}",
                "TlL\"",
                "0TfW",
                "[#?1@",
                ":i/,j",
                ".6y+",
                ".qvXZ",
                "nI$o",
                "B))<",
                "JjYku",
                "[Hpv~",
                "aC7.",
                "Z|M ",
                "K.NK",
                "4;o\"!7",
                "041G",
                "[M9=yEJ",
                "^sSmz",
                "HLqq",
                "7t*0",
                "DA/8",
                "T&Y$'",
                "XA8U",
                "j?gE",
                "1C~k",
                "N{kt",
                "H@F(",
                "b\"qEv",
                "VX@}",
                "[`^(<",
                ".VJUT",
                "}_1`;P",
                "/xC?",
                "L40/",
                "t=SS$",
                "S\"M[",
                "u2JGq",
                "kXT^@~$i",
                "syr[",
                "879]",
                "*e\\w",
                "['$m",
                "TAHv/#bU",
                "|a~aX",
                "@NDG",
                "8Qi*N(",
                "PPKT",
                "GJTW",
                "QD=,",
                "xqFe",
                "$}vO)",
                "X8Fn/",
                "uMPp",
                "q75D",
                "NFr>",
                "58:u",
                "G]UrI",
                "j-3d",
                "Di/$c",
                ":)<9",
                "C(_g",
                "C=.&",
                "Ya$U",
                "S+1P",
                "S.N|",
                "H]Yg `",
                "@7.f",
                "?\".,",
                "8b[;M",
                "T7@;D",
                "S*F7",
                "k?Bnf",
                "J0k ",
                "?r<m",
                "%8dwT",
                "\">qo",
                "y2m`~Z",
                "o' 4F",
                "L4Ay",
                "D~(r",
                "_?T` ",
                "/*(x",
                "@U6/",
                "5?pZnPq;",
                "+ zmQ",
                "-mW]",
                "sae/",
                "f%Od",
                "hk[u",
                ".m~S",
                "we2X",
                "[+3e",
                "+[Kg",
                "yFY7bY)",
                "CPGL",
                "+/4.",
                "!r P",
                "=L}V",
                "M:nK,L",
                "rBOF",
                "IN7 z!",
                "}:]Y",
                "pn1b^",
                "\"E@g",
                "pC5o$Z",
                "n?Tqo",
                "+GAQ",
                "M?{n",
                "Z%'b$",
                "4f^&",
                "i~M<",
                "'J]4",
                "(kzw",
                "?M:2UT",
                "v:[f",
                "_+,9~",
                "SQ-d",
                "P\"4z6$",
                "cD}V",
                "ol4S",
                ".^dH",
                "T]cC%",
                "N.gM",
                "Jh(C",
                "'vX23",
                "u>uD_",
                "\\o4h",
                "$7*9r\"}!",
                "'vHM",
                "g+e=",
                "G0xb",
                "]waJ{",
                "r v.",
                "Sv\"=",
                "rX[Mt",
                "(V_~(",
                "v|L}",
                "u&0Z",
                "M7Oi",
                "7fF*",
                "H(vl",
                "m6_+",
                "W2Lk6",
                "kBCI",
                "N~N39",
                "O+])",
                "[Sbk",
                "_[$k=",
                "L#}W",
                "-Q_H",
                "!-[H",
                "lq=:e",
                "czT=",
                "U\\kc",
                ":}s:",
                "%#/E",
                "t1T)u",
                "WePN",
                "rKc~F",
                "6qkS",
                "E=pg",
                "r<Cmr|",
                "(s[Q`",
                ">^<A",
                "]2-$",
                "VX boR",
                "s+9q",
                "8?5n",
                "R<X4\\",
                "I@e|",
                "J8qV-",
                "^Jfg",
                " r*^",
                "x8py",
                "Cn<Y",
                "8luU",
                "a3!9",
                "{t1q",
                "YGiBC",
                "YHrOT",
                "Wx\"x",
                "SD5R",
                "bJ4W",
                "zR@.k",
                "F(>&-",
                "43Cs",
                "iQd)",
                ">t&d",
                "t&[4~d?",
                "WP75",
                ",/\"2U",
                ";:**",
                "YtZfw",
                "aCbaVH",
                "h~\\_",
                "9FJ$",
                "I`dU",
                "c*Tv",
                "X}A!",
                "Pz\\'",
                "R1a.",
                "wzT{",
                "g nZF",
                "rZP2",
                "BtZ=",
                ")28Vq",
                "vw+H",
                "|&<z",
                "Yt4Fz",
                "P8},",
                "v5@)",
                "HFiS",
                "xOw+",
                "QR`a",
                "s_7]~",
                "?'J9",
                "R9.JHf",
                "t0H>",
                "$Sy6",
                "8#G}2",
                "Z*{c",
                "4)^8",
                "Q]\\{",
                "j'ZH\\Gx",
                "%sdn",
                "a\"&K",
                "r0&c",
                "dx-z",
                "z+BV",
                ":uD;t",
                "W &)",
                "N1d&",
                "}#Z_9",
                "\"ecF",
                "z5kX",
                "h}T ",
                "]@MR",
                "E5ZY",
                "{LAY",
                "Qv/G",
                "{?'a",
                "|ymC",
                ":FQx n",
                "Ee}Ag",
                "(`D<",
                "d*,s",
                "kIicIE",
                "R3<k",
                "nkkC1",
                "D=$:",
                "SC>wP$+M",
                "Pb )",
                "PROT_EXEC|PROT_WRITE failed.",
                "$Info: This file is packed with the UPX executable packer http://upx.sf.net $",
                "$Id: UPX 3.94 Copyright (C) 1996-2017 the UPX Team. All Rights Reserved. $",
                "5n9#",
                "]=2)",
                "%b')",
                "U+V!]",
                "/S|1",
                "[*v!q6L",
                "|[%'",
                "Jv?R",
                "TB$gsp8",
                "[>2g",
                "u`QMf",
                "kA;C].",
                "]a$<",
                ":C2~z",
                "?Usd",
                "K+~(",
                "961K",
                "G#muI",
                "CR~sQo6",
                "B{u{%A"
            ]
        }
    ]
}