{
    "malware_data": [
        {
            "filename": "8649f64e8a9ffe0dc1e203412f4a409078e856f39a896353057925eed7457e89.elf",
            "filetype": "7F454C46",
            "filesize": "55KB",
            "hash_sha256": "8649f64e8a9ffe0dc1e203412f4a409078e856f39a896353057925eed7457e89",
            "strings": [
                "}$KxB",
                ":})P.",
                "}=HP`",
                " }$KxB",
                "3x8!",
                "iY.8`",
                "9)Xl",
                "9)(h",
                "9)\"`",
                "9)B<",
                "wM|~",
                "r!|y",
                "3QTv",
                "5]||",
                "2%||",
                ":}VI.}6J",
                "U) 6|",
                "xU) 6",
                "gA|v",
                "`q|`",
                "[=|x",
                "WY|p",
                "Ei8`",
                "OI|u",
                ":W{ >",
                "WZ >",
                ">|cJ",
                ">}(J",
                "a\"L;a",
                "\"T|}",
                "!\"D;!",
                "/q8`",
                "/i8`",
                "/a8`",
                "}KSx",
                "}KSx}>",
                ":A9@",
                ",Q|d",
                "+a|d",
                "+)|d",
                "V-8`",
                "*q8`",
                "*i8`",
                "*a8`",
                "\"\\8!\"`N",
                "C)8`",
                "'a8`",
                "'Y8`",
                "'Q8`",
                "'I8`",
                "'A8`",
                "'98`",
                "'18`",
                "')8`",
                "4m8`",
                ",Y||",
                "P0})",
                "\\09`",
                "T`X(}iJx|c",
                "|iJxTc",
                ">|cJx",
                "+xUIX(T",
                "})Rx|",
                "}@Zx8",
                "U) 6",
                ";!|y",
                "U) 6})",
                " 6})",
                "UK 6",
                "U @.U)(4})",
                " }ISxB",
                "%!= ",
                ">TjF>/",
                "KxTi@.|",
                "}#Kx9)",
                " !8`",
                ".})Z",
                "#)8`",
                "\"A8`",
                " q8`",
                "h}cJ",
                "|cH.N",
                "h|cJ",
                "$}+Kx9k",
                "}#KxN",
                ">}(Kx/",
                "W}@@P",
                ";x9@",
                "+x8!",
                "+x9J",
                " }!R",
                "+x9@",
                "}#Kx}e[x8",
                "+x}%KxD",
                "4}#Kx",
                "}`(P",
                "#x9c",
                "QJD.QJ",
                "@,|}",
                "}#Kx8!",
                ":} B",
                "H81 ",
                " 0})",
                " >})",
                "}*HP",
                "}#XP9)",
                "}CSx",
                " }CSx}e[x",
                "}CSx}e[x",
                "}e[x}CSx",
                "x}$Kx",
                "}`XP+",
                ":}iS",
                "}+HPU)",
                ":}#J",
                "akNm",
                "9)09U)",
                "}FSx}i",
                "|`HQ@",
                ":} :",
                "P}iXP",
                "#x|y",
                "}iXP= ",
                "P}iXP;",
                "+x|v",
                "}}[x",
                "}a[xN",
                "}DSx",
                "#x||",
                "<}@Z",
                "+x|}",
                "}$Kx",
                ":})B",
                "45.90.97.101",
                "abcdefghijklmnopqrstuvwxyzABCDEFGHIJKLMNOPQRSTUVWXYZ012345678",
                "5:?;",
                "<!: acam",
                " 18:1 ",
                "0125!8 ",
                "$5''#;&0",
                "509=:",
                "\"=.,\"",
                "'!$$;& ",
                "?;d509=:",
                "efg`a",
                "!'1&",
                ",<8#",
                "&;; ",
                "t#5't<1&1t8;8T",
                "'<188T",
                "1:5681T",
                "'-' 19T",
                "{6=:{6!'-6;,t",
                "nt5$$81 t:; t2;!:0T",
                ":7;&&17 T",
                "{6=:{6!'-6;,t$'T",
                "{6=:{6!'-6;,t?=88tymtT",
                "{$&;7{:1 {&;! 1T",
                "{$&;7{T",
                "{1,1T",
                "{20T",
                "{$&;7{:1 { 7$T",
                "{1 7{&1';8\"z7;:2T",
                ":591'1&\"1&tT",
                "544?9.354`z1??*w;63,?Z",
                "99?*.`z.?\".u2.76v;**639;.354u\"2.76q\"76v;**639;.354u\"76a+gjtcv37;=?u-?8*vpupa+gjtbZ",
                "99?*.w",
                ";4=/;=?`z?4w",
                "v?4a+gjtbZ",
                "54.?4.w",
                "#*?`z;**639;.354u\"w---w<5(7w/(6?495>?>Z",
                "5513?r}Z",
                "(?<(?)2`Z",
                "659;.354`Z",
                ")?.w95513?`Z",
                "954.?4.w6?4=.2`Z",
                ".(;4)<?(w?495>34=`Z",
                "92/41?>Z",
                "9544?9.354`Z",
                ")?(,?(`z>5);((?).Z",
                ")?(,?(`z965/><6;(?w4=34\"Z",
                "{01\"{#5 7<0;3T",
                "{01\"{9='7{#5 7<0;3T",
                "{'6=:{#5 7<0;3T",
                "{6=:{#5 7<0;3T",
                "{01\"{#5 7<0;3dT",
                "{1 7{0125!8 {#5 7<0;3T",
                "{1 7{#5 7<0;3T",
                "5''#;&0T",
                ";3=:T",
                "1: 1&T",
                "e365`70;9ag:<$ef1=d?2>T",
                ";!&71t",
                ":3=:1t",
                "!1&-T",
                "{01\"{",
                "#5 7<0;3T",
                "ede{#5 7<0;3T",
                "?/dev/null",
                "S[kA",
                ".shstrtab",
                ".init",
                ".text",
                ".fini",
                ".rodata",
                ".ctors",
                ".dtors",
                ".data",
                ".sdata",
                ".sbss",
                ".bss"
            ]
        }
    ]
}