{
    "malware_data": [
        {
            "filename": "8d074060c491ad1e1366486ea95b2c11913423dbf978f8aa4748de9bdcaf7c4e.exe",
            "filetype": "4D5A9000",
            "filesize": "59KB",
            "hash_sha256": "8d074060c491ad1e1366486ea95b2c11913423dbf978f8aa4748de9bdcaf7c4e",
            "strings": [
                "!This program cannot be run in DOS mode.",
                ".text",
                "`.rsrc",
                "@.reloc",
                " /L]",
                "+5sO",
                "*\"(>",
                " *p{",
                " oX[",
                "*b~,",
                " %(-",
                "-#r9",
                "#%(-",
                "*BSJB",
                "v4.0.30319",
                "#Strings",
                "#GUID",
                "#Blob",
                "`)U5",
                "iBC@",
                ",JqB",
                "YDmE",
                "9mE[",
                ":@k/",
                "\\,k/",
                "y&k/",
                "1:qB",
                "'0C@",
                ".&<<",
                "H<j\"",
                " 9-z",
                "5t5X",
                "D9994r1KTMnfAvKRL3PQ10",
                "xXazrJAuR8UwMlhmj762B0",
                "Y3TigbZtgxwYP25wI8O6R0",
                "XpiQZdmrUlTRGkTC2tkqm0",
                "FbUCRfS3nCUAsu83h6GGmIeq8TEL36Ymz1z7bmobzaPNX3A0cwA3fkqKxT8WXvW2bNPL2e9gzWZEMGx0",
                "HP4i02qyMvUnWeX8yAb0z0",
                "xj4AAWQhpyYdz8tZj8j0hDKAHs4r9ma2oojmCnRmmrqfH5J0q50MxoOLfe1pyEA7bTu5QQMzjmGw406QzGMU12xWIVBE6IaU81",
                "gojOCVIWMQFOfqYtOAnSR1",
                "_Closure$__1",
                "IEnumerable`1",
                "ThreadSafeObjectProvider`1",
                "List`1",
                "7C3gLbGCDiEFRNx2xoL5l1",
                "TD5SeWX9nBJtUsTysaWDoLgtBZcpMn09ZCl4Bnm1",
                "DOYisUksMVFDmkLbLXUCw1",
                "4S4Zszpvei9EDMKROeZ6z1",
                "222222222222",
                "Microsoft.Win32",
                "ToInt32",
                "Func`2",
                "hDWznJTsuV2PjHgx2o3Jl3",
                "mO7b4schGsqQyhhPY0D2u3",
                "FemHQ8ukBWbkegw7CcvTLhTzO8E5wkufWvlKxY2XhS1JJg47m6x4lTF8wFDCwvr0ffUOrCCFHPxVxGzilv2E6uq4UBAUO7pVw3",
                "EMEGGpGQaqOIeqzWqdof04",
                "G2wWyrI1sLmrqlIjxPwo34",
                "Int64",
                "9GUWrgB9HRYumDL8WSJwH4",
                "zgv7BxhRVP6WeJH0eji1P4",
                "KmPrZXQxJKLQc4XeqGqMp9bcOjdhWCdS5FJWDLV2KLpNZ3K3vjcHQ5LPKhBrd6p60LclDSTOD0IfzOlxluiyD52vgDFugyrQR4",
                "8E5maevDTwLhzGEzZEEoR4",
                "C5deckLanFuApJlujyGqX4",
                "gca2V9y8laUoDvRLvaszk4",
                "174UWdOPNCzSGqz4Py3rzZiQfwnPx4WVeodq19x4",
                "zMgU7kfpnwVMbaUuJY8mz4",
                "Jnm2ijuE25FnSf1hkrVTrGc982XGk8dqhmFreFUybTGX3ni85kkMFoynhQwintIP1Q8eErXxwvGYmV75",
                "ZyrYe2OVOce1IgA7QAGhG5",
                "MuK4bW1WC4XdYzO4NhBTX5",
                "q9OCGdyrnLNPuE6SLRzvZ5",
                "rGSbqW5eTgBazQ3oGFRUd5",
                "F74bgrtMsh8Rzvd3vIuDz5",
                "6A69MoDWtOJCWDXxIhxKW6",
                "v8fDvt90OQbsl4ghdOYQW6",
                "Dw1ew1UTC9iN0kxsZepwX6",
                "HBFYrkDcob4fL5aSlx9jf6",
                "XR5m6ukXaJ65hGXmTrcvj6",
                "ynSLwpL9yytRnVMIlmGx27",
                "Olk88J9lW28a9Ri6poQ9G7",
                "_Lambda$__7",
                "DQkwYAsdrNW6xI4DLKLwn7",
                "YWhtKQpK02Iy3WY1Qkqj48",
                "MyzsuIIj9SAoBToA9TV778",
                "get_UTF8",
                "LyLrdTu2FR3vAlmISn4xG8",
                "U0M8DCkuQziKCqGYtBHYH8",
                "Hnf84yCeCb4vrk6FENffS8",
                "u9A110ibhd3P8UH8Llo9c8",
                "8L5oF1BQkGxY2XUBaJWi0S3ZSOEOpMa8nP5QxRbMtjKi0tE9V0vCjI8z16sMTBiSfCRYOepXJRHZIAf8",
                "oohPjekro2epCVt80xffoIszAWuRqJmlSSwVf9WjeGFDZvF4ojDI3pMAL6BZ4M6xcPr9gd8f4A8svBf8",
                "RWXd83kWGKYZFdV1afaeD2U4n4PFrDb65VnAN0UjkSgQLiUlxh6ifTdgAsWix3CUWaHw4jBK7JIH9Cl8",
                "g7VlmuEbCVHSiW4jygucw8",
                "AHlYobGdgi6C1lUyjVhMJT0XoYazU5uNO46aMff03YouYvdiVCdKjU7SjAJIbytfD22RmF1s2VKYRJ79",
                "bDheXenqvxxg7AVXzbrTh0vCq4S6Av9nQOJNnESeItoBloT6gN8MoCIbi4pxS7FTlcikCxzFgbYt5RO9",
                "PIdKXxrF6oqab18yWxHnfDtXbq2GTJUhFddZ5Zgy8xfZB9yFwX3OklQJczhoJjaXMfJxoQq9aVTL6fQ9",
                "bPHAjw82nT0woAq43aAam9",
                "<Module>",
                "zZLD8ZDBS8NwpXjN53y9GA",
                "8IhZWEVWyPnIVPvBzBtmIA",
                "C7YYjcSmZjO7XH2US8hBMA",
                "0RAbaYqIE2MQmcpIiVmYPA",
                "m1lmUhmvVSHLwTYWAL7PSZnVHbCkfZW2poGLzfexLl77DGfXqFuOhE22TdaQUr6lNJ86Cui4qQ0UNFcDWT4dVhd6iA0Qpy8FTA",
                "nB6lmWrwl6yrTzoLzPT7YA",
                "Spvux4QDwgEnSA4NVqjWbA",
                "capGetDriverDescriptionA",
                "capCreateCaptureWindowA",
                "aaMtOZh7towngkjLnSRTAB",
                "ZF2OVbctMgFrF2v4Nm1PDB",
                "o5rpVwFPNFslDWkbpi7OHB",
                "ric2gmx1BVmeqBcW2UJeLB",
                "eNgO4w2yJ9wy3EPwQtBtbxIqbAmLWYG4emPGvYJ5e9Exm92zXIc56IrjCOWxkkEiCAw5MxLvlxMmgp64BjEXep43y7KBZKVNfB",
                "tBtlq9mAEhguIYfBOUuzRC",
                "YvJgnOhZj5zN5PabINiapC",
                "ERZKsuxftmBNGeD0ZnqZ0D",
                "f4R7H2iIIVyVJyOVv6MbBD",
                "xuWGQbWthklzQSZVvFlKUeQbpxZXQmxeTHPjEdW6UUzaSHrzKqUFDafrbqjHES8XY64ig6zmqmqvRstaycmZeILjuP7bNz1SDD",
                "ES_SYSTEM_REQUIRED",
                "ES_DISPLAY_REQUIRED",
                "HjZDmkRSsseqAq9TwUFherFajDPbh2bPX4qvSbXD",
                "lh64IvZK40kQvgK4E4HXYD",
                "Wa0xjSEHxlOcEtmKyftTpQunjLMp04k4vtEjg5aqY2AGzbzaasEc6vTnrkRx4ocIxPBM8CEzQCi1OiiD",
                "l30xgcbv5risezFSm23KqD",
                "VZZ2KjLFfIzrQbY7XmMLrD",
                "60ExH22Igion0n5yFMemsD",
                "IfWqPEPpdeGv2Z9FWlhzvD",
                "IOsa9pdN4a4u6GwLYF7wVJW8ik3Ng22N8oQFwqAvOxn2qOmQarTQMR3V27C8RbsPmmZAzbqqekAf6KFT03xh51hhQQl24fS4wD",
                "K7ofbpN87ltuIsSSwnPrQJ40LE5jAdM3fN2hmULbj1VjR8IKpZIVeHUgmFlhzJYlRpWnwUOfJXs3F4K94AMV0VTWDusyNSlG1E",
                "wKJaAdsCD0euNUKnJPKoCE",
                "2HrkkAQ23eCZY66wkJlYIE",
                "akC5luvLduH3sAZpETzXPE",
                "hvCqmZNZn6DDAVodmaZBSE",
                "EXECUTION_STATE",
                "wkcJi7yyyGyVdA3QOp3nDP9E0U1MtWhRIQwS3PuZBrqurYqDs0XzPHbtgtKwJKM9TknjEaBKzbJU3oeNd9O50GFoyRpDhU11dE",
                "lzfhqdNvOFjXB028XvLieE",
                "eo26X8uJAvcw7Q7KSMtzmE",
                "Zms99R6eaDhPfVmsBgjJGF",
                "Xbq753VPmpcbY71v2t32qWlcaldJ8529a3wP7qDGgVuyZnQNfCxBOavNgxMB5ASvqZxzBnuLwLVm9xrHXgHF3mB6tmRsmqyYHF",
                "Kq8lw3KkxV5O7QOZRZHMfF",
                "ZsBreql4tzpC8qzbni5AsF",
                "jBV7uoHwwoEHdKHsIkHNtF",
                "GORL0PNp4fX6lw6Tjg51xF",
                "qOpEwBLENPfyRf09JsNz1G",
                "10M7krTXNLtx7okGTJqMtDUwgTw9p90hST7Mnc9G",
                "t4W2SBBCvEakUNaHhfg4DG",
                "JfQF140g8LkWgUluSDAKYG",
                "AbDkrxJNnmoAESafXVxTbG",
                "Pbsa6sU24XtoiIIYws4fbG",
                "D2zCD6uRmIvS9nQFyhtQcG",
                "NJxSySdSMfR20CyPIKzZjG",
                "alceN9TEdWNjqTtCrcJArG",
                "tbkmuWy1rzIVYRW8DS96sG",
                "c3aghayqjECXbLY5vIZ2tG",
                "o0az66w7cE5IAxT1gBNXFUr7iTHmGjjapTxxpyVArx26UwJ1x73ZGfB1PAA8L377sTK4GaWPTyt7F4GH",
                "lzmh0pRe7u45g7J30mRf7pVubsefUA5zQQDbDgYR8HPXMaSyyvfXzLJi0XFK8M8MWuj0IjfZkH3mUXGH",
                "V3RCVkARAkslCxjD6NU2U0OJHrHH0TLwLXIES7a6BDS9xQTJn5596bzpxLvAcC5cxQreIEMdbduNx6Y2eiyFuX9FhfSDb7S5MH",
                "tf9t4gQLx2eNZ1eYQDJq1ZXdwJ24Y5Olsk0hpiMH",
                "zbAVdoKe5jiNEGwjVBW9NH",
                "72razyathQDf2gU5VvxMnH",
                "xE6C3VDyNPJgdJC3VcUs0Cgr1wvEwdoMsf3UTuTGuoDgGHKBgNnUKUAnvD9EM65J5IQyeIYPYZ4TyDoH",
                "TUrddyzRQAPkxDBKfdX1Tv194wCgWFA4m4NEcJtI9MkD5D7n4RxB8uFoXnJV3CRXlnLHw0to0cA1UF4I",
                "KywyVxV99iGIl6h0XZvo8I",
                "get_ASCII",
                "z4lG9a42etrMnppt7FZCQI",
                "tbaKOnfqCXKq0D94Li2xUI",
                "jUyxjI7qoxItJlg9CpqpmI",
                "ZSV0KsL1iljw3JJjxk33BJ",
                "zJuZfJsis22fXELco6jiHJ",
                "mmjjnM7iQ3NAYpZhOtSJqQc9h1nBU0jQCMrP78WHxsHy5KrTxWCl9a8K9anxiyV0I6VhK7AcRb9RCbUJ",
                "rt8sO81jZ96CQ1pwYsOcFDpUj2HwKbIUnzw8eYpfks8rBCHrLBX1LszM0c6bYh2FPG5vThzVhioOzUeJ",
                "9ojaLdgmPTQXqEZkehL9P1yqS8V6xueujo8umtR7xDbpxwBl6gZ8ZHij96TcCiXPCdFvHgRZGKJNysiJ",
                "wDUyl2rp8PkXGH7wCJTtKORn0Xcg9iwtGlI6qYUdmyXSnXdK3K7YE4RDrGHGwEecntZWe0GYrGDyyAA69CgIdVSKI6q3iztTqJ",
                "Mq91jLsjyySm36LytFFRyJ",
                "OnnEUaVTOUIBzGfyw3mBDg6RKKfnCdxWIbGhiRyuRh0ri210x79T3fXsGdrLf4TGBfSq0fVUeLI5M87K",
                "IBubLa4WlRdZtBPX1wdyPK",
                "EOiVKgp2KyZTCwaWq8PgpK",
                "GWWhurtFd7xBSDQmKgRJ3L",
                "k2b2f2ZiEnXZ0645EjWv4RQqEtwoitJ0BThXEtRhpRfTxNV1qh1PCxfcvGd1VIGXTcNvNI7ljAF8UuCL",
                "KoiOIEkRUkJLQ0g2nWWsIL",
                "IxTPxwqlWiFiWP3S2j21XL",
                "x1Gc3fqUryFZ5uBiDYbebL",
                "TxUO9vhYKWgTYzlOj8P7oL",
                "2nazR17Dg1oYoFqbgX6koLZFWrqOI770yBaUPYnlFckoL3PhKSqzX1mWnEacBYMAU2dYmNx2yF6LvKtcRy2x4bGrJ3dvFYy5pL",
                "DbAZ7M6KWMxW1hmu12ZApL",
                "m9ZjnSR1D3AZXsSxs8HPwL",
                "HKvXWjARCa7Yb2dDCXFvyL",
                "8XtzbtNb9tYPwPckNO1e3M",
                "rJeCKdWsx4dNpHgg80PCRM",
                "oh8VUjXpgtld6foYAW1dZM",
                "FBM4PexMvLH88SAiHfLT0ZNIdF708SNEhQfAc4tmtVpAzRCAei51UrrOpCd4XtTPuDYIrPhH6hAi4ZhLVXpBaboCxkHbwlwYfM",
                "wVOF5r4bNeBROsMnwFuciM",
                "aKFTRf2wL3tXJocpj34pAYqIQ4KrijRYc9yNMo1NI8OAmcthlcvkx8FFZBJ3U0H8vR1UzXjqKc6742kwpHoUGa7uoxIOlOlhiM",
                "6GRxPgaa5F7IkZXtZQuS5N",
                "SiVyAGayvulYM6WARhgDjuCV5hkGXPlelXSBYv8N",
                "7IZ2ZbXzmuan5qe5rjJZHQ1s5XXEHroaMEger9PccoUavtpNknhwWstZaW3sCM9jflrHSuvwkGeoGwPN",
                "yOEu9sh55xpbjKUPNBvdUN",
                "wbb3I16g8ANOZiFEeAhTyt9ojxsRx2d3OeMRvFuzEhuQasdmmxDB9247A6e3GfEwV31wkwL1ksSrkdmN",
                "VG9lGpEPfJ5wLF7DKanQYyAsiT192xuScQOd0adYAQavlRkuy19bIttGUlDfLo6sNkmxVFvc25xGqNbv0Nd8RtT88SbeXxZatN",
                "xUGFnxjaGLkJjFwNxi70EO",
                "LASTINPUTINFO",
                "System.IO",
                "6RRdnPR0cP6OtnRta1Hsc7NbSdvj4lQO36LiD1IrMT6XymTe6pDtR1DjyTybcLYzP9kUEZLjXlinjqIO",
                "7OaMAbySq7CVHK1r2CgbhO",
                "oBzI9PMLCaK7sMtC5pzhmO",
                "0Luis8HbUQV9stLHcn5EzO",
                "4kVgxlRadWiKSt3HW3LmbP",
                "w3ZUfGxqBbNux7RXZ5TWvP",
                "OreDi7bmFpI7iSGHvxfrxP",
                "Qrdtiaz7GIKKyMg4OavCNQ",
                "6QkbgGCNGNcSJDJLrLPIZJ5aLu7aWSyV8NmV2H8DMsDYYAAu9GooQnYI61lZZYEMWIewVQneTWSNUvVQ",
                "nxgXFSWYTKbq9X3BwWcYsQ",
                "ZpBDDFAUvIY7HT9CKHfZlR",
                "sv2HTVW7gIjBItNmipD7sR",
                "xtKE0xZboJGde4adT8phQbd8xS9R74sOef6Tz7uR",
                "qJPGLf9eibXdEy8UaPA93S",
                "ES_CONTINUOUS",
                "gduDZr6SpeBf4IRFTaVTVS",
                "S6iV2phfalAaDay1yhkhtpROQ9mb7K4WdVgrR8p01sG4Kv9DryyXJH9MfJ7RyjTPCyMRFPHDvFVrffSGttoKfadqhoqRo68r5T",
                "A9WvAAtpUdk9FRI0Zngy9T",
                "AbjGhDrckw1KZlT2B95cAT",
                "1p9iGCN6iv5FwuafleG1GT",
                "iLCNO7IjAwe2e0Be01yCcSLLdGSAyIg8uvJwXIfbYrgpSGLTYRg1pr62o79BOVLB85FOfChrRWmXzMKT",
                "jOR7kthJcm5Ylv4MeG9hOT",
                "4vTkujr2viOrfjE99GgR5bGDvEsBabWQXqHwTip4uqQTaQ0Lvip3nTJvKTP5L0xgsIj9jcsJCDi7CxOT",
                "49UqNe8KB4m1R3PJhmB1PT",
                "1EPgw0fGRTJqwWCw7hCMkT",
                "7fvJ5tNfYRsqssaFzQw56U",
                "ddLjYt4hJ6R5S8764OGmViuTB9siWlrLMa9hqe8QtKUW1lLjp1cK3kWJqCDZyPQ4Sou8XZOGypu0o6OmhSo4rGP3VCv63byWFU",
                "d4UrCoEdIKidtpYXXCenJDIbtnIYmptCmUn16jWU",
                "crGEZQy41TaSGVbscoPwbU",
                "9T7XIqQTyEKauaW6zKKzwmSzzSmgAlarrNXwUoeU",
                "5ImOZb7w3rMa9Ze0y3a4vqIRO0g3mIDa3bBD1d4ZXMebVKEIFn0YdG1BzlYUIWdz4vehSGlJg6FDhctU",
                "oNzSTbzZKkLXn2H3WfQz2FkFXJXfMt0gkrjqdB9NS6IMsN1XXhhmiVwkVWG6tzF1PGPbv4LyUvxOn1uU",
                "suDXOex8fBMK71Civ4Oa2V",
                "O2r5KNMYeOJ5USWe99SiXV",
                "ikmEpvsLcdYEx0AQrWOGZV",
                "CR22HcaC7icSaCc8WIOSp0trVib9N0h3xqSfFe3W",
                "vaK8Rmhcq6nnA1OMXiNoAW",
                "9MJ5f0NWQTZ9b4Nqp2k8KFqPzeSN5k7S1Zyj1GHrEjpoNkTuQhRILYaezkvwTzrpPSKqLfRTOzh43Cb35KXQMtXaZACjT71uhW",
                "wqhwUH44ohLNud5maaG9dL7DMGCQgDqQCNpAf9eqo5ZQ5uHMSa8Catf40jrIg1sZwRRaXPTNvi8Ew5Wr54EeB5F96ZVA0RqiyW",
                "bJ4coQgSZ5R2NfxDp4M7nX",
                "SXiVXZ6UZpKMMXbegy8qnX",
                "8pyQ3bzlEQuzrT9OEOjKIY",
                "GjJ4LsOiAZirtsiz8irpbWTn0Q6QUStiuu4DmiGhahjPtWo0y7J0Fp7Ciimc6nryXYPAnL0FtFhcGyPDKnlNeIPKsqM0f7lMSY",
                "LUoSZj1fKQPCbxtZwMraaY",
                "Yb5j6THbGk5XHDwsSpT1jY",
                "qMeGHEGlohFRnpbMNSmHssf2U6LEHXVNzkgCITS5xvSadSEAfQmM3YKQ8oybOoklBmnY41Uvc6sljAoY",
                "hNjHYg22Rti2GD0Ch5ZM7Z",
                "m4hikpUqx3CXPMFb2cfuAZ",
                "OjCjWDKQVD3baIET6to5OZ",
                "K71HYGs9o5ejPnHaMMzyTZ",
                "1dOS6hoIlAUyg19LQ7aqbZ",
                "64phQrDc8Vn2Q1PFDgpy6HHM5Vv0x1mrxWFv1Z5uyvfvxwXfQ2Hh2zHwCMr2PMhbYRpSwh6IGRIZCDgZ",
                "Dispose__Instance__",
                "Create__Instance__",
                "value__",
                "oXt0jJKLcBL0bOFmnFfVEFZyldPAq2IUACx6p7S1FfHSFPsaRnsdYTNm2OshFdG46W2MJmGXTpBtIVJa",
                "jhTviCXamtcE6wDTZksnma",
                "2Ys6VOhYA6LTl9eyj4zf0lOxwuqLHdbBZPoycVh8XrLJ8X0SnjAbo32iQHEiN2DSaBsWP45jZm7un0wJwHYDgkcxY2N1a0HYra",
                "CVo7RhoecdUpjpeDAFWa7vgIPNyFuKvqPgjEjrnJU2kUnCf1oUF02FdPjh7eQey5BfKxRQnabOHRcyra",
                "ProjectData",
                "5Y9ve3xF9TXmnOppqkCu4b",
                "byx2fg8bFIbaQl1i6vZ18b",
                "nFzhSf5MyL1i9LD5JAOjMb",
                "cWMw2p6sdO4kcAwkNT0Ueb",
                "mscorlib",
                "dHsc9ljxDDUvGCCYYJRJnb",
                "tcawZ2SboXRYiJI9dMASob",
                "DZ6UQueIYKgheoP4uNGNpb",
                "LfWA1H7CVAr2J3hf9ngOrb",
                "Stub",
                "aRi5RHOEAiGbqPzxVAdQ8c",
                "26jTVFudA7t1Jl4bjJqWEc",
                "1RoJO1MMDwgzdL9LLdnkJc",
                "WIX4SUlekvJ6z4sNdbd1Qc",
                "System.Collections.Generic",
                "Microsoft.VisualBasic",
                "OaM8F8fvr6OIgIZofj8cnc",
                "5opQRTI3bVL3ztNih2HUpc",
                "XvIPwjBeyk3vKYJ6AGPryc",
                "fY85dIjQSfoq1m1b1rIPEZhHJyizCLQu32MZEx3d",
                "6nMFxiQbzzH7TjiuZ8pb9d",
                "XQEXVlD5hUHhbvVXkUITId",
                "Y8LQDG6PZTPNy0GGx6lyPd",
                "2jce0OTzZDNGYCiMBroNGCOqdM9wIVEWIDamSU0kVivxJgzvtdtxpXpOETYV9OdvkposH2RsjP4CqSSd",
                "14vHayeqXDZJe9B7RqTZWd",
                "Thread",
                "Load",
                "RijndaelManaged",
                "get_Elapsed",
                "GLnwO6r837FL18iy1Q9V6jmiJcH8vHK2691e7sYtf32ntwd8jT5chI9cjcrg3S1htpFCXsNRa29cmCfd",
                "EndSend",
                "BeginSend",
                "Append",
                "RegistryValueKind",
                "UBound",
                "Round",
                "set_Method",
                "CompareMethod",
                "SGxrv8SS8mDGDIjkFSy9vd",
                "UP96whRId6Z772nFtCR5Ce",
                "hG9yl8D3V0ZyG1rdPYRVCe",
                "f487tlCeCbuEQJcAQePy6LOKV4JUc1NwErJ7eN6r3iJB5uhXIkPcXRjTT7dQ4BUWxTzIFvn4PPW0exbnvHptU4pWBOagPjBlLe",
                "Replace",
                "Space",
                "CreateInstance",
                "get_GetInstance",
                "instance",
                "GetHashCode",
                "set_Mode",
                "FileMode",
                "CompressionMode",
                "CipherMode",
                "SelectMode",
                "FromImage",
                "DrawImage",
                "get_Message",
                "Invoke",
                "Enumerable",
                "IDisposable",
                "RuntimeTypeHandle",
                "GetTypeFromHandle",
                "EventWaitHandle",
                "Rectangle",
                "DownloadFile",
                "IsInRole",
                "WindowsBuiltInRole",
                "get_MainWindowTitle",
                "get_MainModule",
                "ProcessModule",
                "AppWinStyle",
                "set_WindowStyle",
                "ProcessWindowStyle",
                "CJPGAPXFg22Fk9cDkBqJme",
                "get_Name",
                "get_FileName",
                "set_FileName",
                "GetTempFileName",
                "GetFileName",
                "get_MachineName",
                "get_OSFullName",
                "get_UserName",
                "DateTime",
                "get_LastWriteTime",
                "dwTime",
                "WaitOne",
                "WriteLine",
                "Combine",
                "ChangeType",
                "CheckForSyncLockOnValueType",
                "get_DriveType",
                "SecurityProtocolType",
                "GetType",
                "SocketType",
                "System.Core",
                "E0SbwO9XImT151m9h49Kse",
                "MethodBase",
                "ApplicationBase",
                "HttpWebResponse",
                "GetResponse",
                "Close",
                "Dispose",
                "Create",
                "MulticastDelegate",
                "EditorBrowsableState",
                "SetThreadExecutionState",
                "Delete",
                "Write",
                "ThreadStaticAttribute",
                "STAThreadAttribute",
                "CompilerGeneratedAttribute",
                "GuidAttribute",
                "HelpKeywordAttribute",
                "GeneratedCodeAttribute",
                "EditorBrowsableAttribute",
                "ComVisibleAttribute",
                "AssemblyTitleAttribute",
                "StandardModuleAttribute",
                "HideModuleNameAttribute",
                "DebuggerStepThroughAttribute",
                "AssemblyTrademarkAttribute",
                "DebuggerHiddenAttribute",
                "AssemblyFileVersionAttribute",
                "MyGroupCollectionAttribute",
                "AssemblyDescriptionAttribute",
                "CompilationRelaxationsAttribute",
                "AssemblyProductAttribute",
                "AssemblyCopyrightAttribute",
                "DebuggerDisplayAttribute",
                "AssemblyCompanyAttribute",
                "RuntimeCompatibilityAttribute",
                "set_UseShellExecute",
                "WriteByte",
                "m_ThreadStaticValue",
                "DeleteValue",
                "GetObjectValue",
                "GetValue",
                "SetValue",
                "set_Expect100Continue",
                "V3FQ6gxjnjas2HZsRND7RbR2kTP48Nqat6P057lqnzmDkDTD1cDCzyHqIPGTG7RLqvmLBRTrFKht3EhdsGlvD05L9jAv8rtUve",
                "Save",
                "EndReceive",
                "BeginReceive",
                "222222222222.exe",
                "cbSize",
                "get_TotalSize",
                "set_SendBufferSize",
                "set_ReceiveBufferSize",
                "SizeOf",
                "nCEjmv045SzsuJzz06oVo5jUavabXYbWoNHoY5Qf",
                "QLPouZDerFTwAZEAGoipSf",
                "plpEzLuwdcmGDb7Q1OjagPwGYMmMKhSx8iSPxMNqCXf4akIllaCEGT0EX7mMKtIVRQRoBrOiHsqCa65sypTUAUxZ7VuKDjgtif",
                "H56pQkPycKFAeafvygE2lf",
                "jcQqNn79grRxSEX40dVolf",
                "eKQXyczn4vmqbIJxNxRrtf",
                "aTjjCnprni2xoWXb2712muUol1yQJDcQ6xjxm5J5bTfj3vjpjdTiMhvrwtsFXincMcxcIKZbmFHyYofpYiyHFxmx46NGUqRm1g",
                "9C8lWBLlDujeOBLOALzmuFCg5L5CoC2KExn2cN3LiJnC1EeCoOuLuU1XDZDb8XHk3VB0deljrKa8NjBg",
                "QKxrHogAki8Q65mcQaVv4s9hB3ERaPhrFZqpCFN4dj2PuAv3dINEPXjYiHMaFuWUCYZIY3q7Qc0Jo2Gg",
                "OncYpTT1WQBGm8V4kQkCPg",
                "INX8viIQEtXZ5Xfheu42Rg",
                "XrtDCy7Hdp17cl7isezil8JFU7fHg3QwhBpn38ujz6hYX4CnJLSUkHOurseGNGapFI7l8oGbzemLwGivEnpiCpMXudEMWu3dRg",
                "get_Jpeg",
                "System.Threading",
                "NewLateBinding",
                "Encoding",
                "System.Drawing.Imaging",
                "FromBase64String",
                "CompareString",
                "ToString",
                "GetString",
                "Substring",
                "System.Drawing",
                "ToLong",
                "set_ErrorDialog",
                "K4VS7HNHPIQ2Y9E8cuUJxA6MQfQcusj7I998hvxyfbkwRQDkGilCb2pWJTMTnqv1ynuTu1LpEDQgIuwg",
                "m8U6aPXRZgbWWxL73R3HGh",
                "uASu0HSqhgS4pcFwNDZeJh",
                "8bz2fSTKvqb4jiheq0ztLh",
                "Stopwatch",
                "Gh9SPZWqjUotNufKK6mHdh",
                "XrsNyVcqsAVBkJ3EGEGrlh",
                "gFP2u2VLTekAOcjFYjSHIBV3mUM2PuAA4L5n1rvwhpvlrKXwTfhy3UB1QuK5MFbqiCkRbJxrkg2I0Xnh",
                "ComputeHash",
                "Math",
                "get_ExecutablePath",
                "GetTempPath",
                "get_StartupPath",
                "GetFolderPath",
                "get_Width",
                "get_Length",
                "EndsWith",
                "Euagjulhne481bn5UQPv0QjLXoiantPNKf02xymds3OncSWM6A6RwaLYVb6at7ZC3xMnl53iizZmjsLmw2Uay6tXiOzrdIbSuh",
                "lF56HEfDxyyrfJzc73WRskTnyvW4UyObJrfVJrYa8FaRavusyJ4YiONkljb1FZS6nB8jqN4X1fKZR3ZCPXTlc6acgNMS0WHoyh",
                "FM5BAoQYEBVjdvQpV86X7i",
                "6zvUuECviXZMBPQW5yP7Li",
                "VtziPtvbfHDiI4N4xHMiQi",
                "lredPGdydpQp5ZfH8mCzQi",
                "ZjGcWouZdsd6rOWZwkHzRi",
                "ALTn3vqM897ybWyZZbmsai",
                "KRQ0X8OMZ6h8ddMV8x7ELl8VKyuiU5fgbErF1rgsziPq6j6YS6isr5C8egbK72CcliEvJw6QsxHhF8bi",
                "foSNScpMp7xmXaYIFouRni",
                "s9YygWzGPKxtLY7xjxhl8j",
                "clRWAbB7N1mwLzJ8y7AfHWq8QNCtEKMr7byZVv5wDAxQQmvfCcRj6SvemCOVbwXBk62qGLFYgVN5RIaj",
                "Bz3vW4735TjdviwckVIhAk",
                "T8JukmBESEKPdvg5DnsZPk",
                "5gRLcTaWpNrIWFTkAomKTk",
                "EOxOBru2f9z9Vh3LWeXhZk",
                "pEqBimQzecOKxnALtNW7ck",
                "get_ServicePack",
                "AsyncCallback",
                "TimerCallback",
                "WaitCallback",
                "RegistryKeyPermissionCheck",
                "TransformFinalBlock",
                "FGezgBDlOhUBU5glhIHCgk",
                "R7C6ONONPPceUxI8rmP4zk",
                "KUtaFamChRNehiqJHF5s9l",
                "QwCKjZSnN0Ab9eP6ZnNac2HFZcBYnuSznVC3Bgdxrf9bOgxUQyC9B0BdMvLsp3ucXaHhs0VFzRMVZekm9AobJbtTdXQu0VHWJl",
                "YSSFNf603Xg22GZ2cSDAOl",
                "zvvFLLRODkT6Gj1jmffSal",
                "Marshal",
                "System.Security.Principal",
                "WindowsPrincipal",
                "ConditionalCompareObjectEqual",
                "vmlSNnFQ8sJRlKn0UpBgbl",
                "System.ComponentModel",
                "LateCall",
                "kernel32.dll",
                "avicap32.dll",
                "user32.dll",
                "Shell",
                "Poll",
                "t7vwgfiLrK260C4K9yArml",
                "set_SecurityProtocol",
                "ThreadPool",
                "ObjectFlowControl",
                "lOQD42DWeN3mEWPsuAMO8ip5PR27mUKfnMUKSnQCzJXqElz4hkfcxRHxKxEy04VSYrw2Lfbf2udwDLPljGBmIJK6YgA1TFLUBm",
                "KUCxUdBxloBFlm0iL04ya1LMxlaPzjPMD5IvFnZ4GIrQKN9TJdn2C48ruRkDRdx7toYbIw6S9Qfp85Lm",
                "KWSx96l5wGnJusSuo4Zprm0Uw9vPbQLwUk7OHMZ3Y2s4eI0mp6u6RK2SrrWQhwRdayYo8i3j4k7MwtSm",
                "FileStream",
                "GZipStream",
                "MemoryStream",
                "6yWO743tjPqkKmBQpX4OMteoU6caGrpVNfU8SWU6lBmW8CaFjmhNowy2mWyrralU6889NWZEK7XNsDcm",
                "get_Item",
                "QueueUserWorkItem",
                "get_Is64BitOperatingSystem",
                "lgi1gl9VYYbNOzdITi8vfm",
                "SymmetricAlgorithm",
                "HashAlgorithm",
                "Random",
                "ICryptoTransform",
                "Enum",
                "6FShGsBMGCTYTwO3sy162n",
                "6rN5Vl1RoyKOp64Azdpg3n",
                "YtEahjPBgcahOpt33Sr3An",
                "iJCfxB4DwGG0InYSsbCDNn",
                "ToBoolean",
                "op_GreaterThan",
                "TimeSpan",
                "CCiOequemYxtPzZnKuZAwBvKSjufC0OiRyX1T88u5yeNLtu0MCvNnzlVLBrpR1WrRF3utCPhULMtF6yL7WYMDD4NUXqqO1u4dn",
                "CopyFromScreen",
                "get_PrimaryScreen",
                "FlJTWV10z4FoWlyJjNu2fn",
                "System.ComponentModel.Design",
                "AppDomain",
                "get_CurrentDomain",
                "Join",
                "GetExtension",
                "GetFileNameWithoutExtension",
                "get_OSVersion",
                "System.IO.Compression",
                "Application",
                "Information",
                "CopyPixelOperation",
                "Interaction",
                "System.Reflection",
                "ManagementObjectCollection",
                "Exception",
                "3FSuPSG9fN7GMeomTxAkqn",
                "5tEvwa17UJmYttuZWeHXtn",
                "SocketShutdown",
                "S6htCnoW6hGyT2NEbTiA5hUCM7RmYvSd2ZJ0l994HLydQTuMadCNgpDqYh6Bkl5dSS799wFHZ0CAw3yWNHL2LHdDO1RVtHZA0o",
                "XyfJP8jucZVJ2wP5zCVz1o",
                "MethodInfo",
                "FileInfo",
                "DriveInfo",
                "FileSystemInfo",
                "MemberInfo",
                "ParameterInfo",
                "ComputerInfo",
                "ProcessStartInfo",
                "GetLastInputInfo",
                "DirectoryInfo",
                "UkrpnDUvWT1RRciJv7cwmQoRQuhkLdBTiHt01zbGJ86Tj5yQK2FD3irxnFZ75YrUeTNcOo8NmzEpAboo",
                "P0Clc2tW6sxBkXtd2xGbyo",
                "nNyxp0WCem0wpspS91GGzo",
                "orRI7nupWXkCwiMYWoqE3p",
                "SY7iffw2Ntxv520nI2qUEp",
                "Bitmap",
                "t7GTCnei4qcg0wbOmYnsdp",
                "Sleep",
                "NJBdDDKjarNKu2jGZHPWTq",
                "pzD5O6CJcmNNxPjgW0VVmq",
                "System.Linq",
                "kfZg9vWSf361acniNKls2r",
                "eLXPgx9p72GBBSJETLJxYz6QZO66ndMGTqhncUQErulplWuOpBef6GnfZSUZgRI1bQsw1IRghKqO8Sujk89ZhNfpmEQlqVnQ3r",
                "USFjVT2qYfY9EOqgp7AKbck7HiNrgnCmO8JxHY4bdsCL9VmHhxJllpdO9xce1qSl5ZJnTl2LpQrA9C5r",
                "S2eJLewIFUnvDVl59dz7R8KxSHuLn12mREE27XfruqOaIuuRYLQX2RPighkOgVqS9JH66OiviHOcSrEr",
                "rebzyMYUZbzEiBrhmM0xpD5AQkDSrCHAaiEeEwadvGZTZ2FE37tQ7t7fxAAN3qygVoEos08R3Ty4ChVr",
                "ChXQDBfehOsnl9qiOWmt55tu1baf6QvElCSa4n9tMuKo8rMUgackDQ2fJ1zeBmq9CFoJl6LPtynnr2TWQFdwYtdZavKdY1SCWr",
                "qfbmTux8AhcHIwriC82bWr",
                "Char",
                "MD5CryptoServiceProvider",
                "StringBuilder",
                "SpecialFolder",
                "ServicePointManager",
                "ToInteger",
                "ManagementObjectSearcher",
                "System.CodeDom.Compiler",
                "Timer",
                "ToUpper",
                "get_CurrentUser",
                "StreamWriter",
                "TextWriter",
                "Enter",
                "BitConverter",
                "ServerComputer",
                "ToLower",
                "CreateProjectError",
                "ClearProjectError",
                "SetProjectError",
                "ManagementObjectEnumerator",
                "GetEnumerator",
                "Activator",
                ".ctor",
                ".cctor",
                "Monitor",
                "CreateDecryptor",
                "CreateEncryptor",
                "0RyKhkTMfC9ZvW6FkllGsr",
                "InStr",
                "d8aEzJth0p5lgc7hM1n29s",
                "pqWw2lOMEwbDWZPKqwmGfUbP1Hgq7AUQSIXlR2xVK8In4Omys7BGMM7oSMmhvyfjnOsiI3DOEaNeWwXs",
                "Graphics",
                "System.Diagnostics",
                "FromSeconds",
                "get_Bounds",
                "GetMethods",
                "Microsoft.VisualBasic.Devices",
                "MyWebServices",
                "Microsoft.VisualBasic.ApplicationServices",
                "System.Runtime.InteropServices",
                "Microsoft.VisualBasic.CompilerServices",
                "System.Runtime.CompilerServices",
                "Microsoft.VisualBasic.MyServices",
                "GetDirectories",
                "ExpandEnvironmentVariables",
                "GetFiles",
                "GetTypes",
                "GetProcesses",
                "FileAttributes",
                "SetAttributes",
                "ReadAllBytes",
                "WriteAllBytes",
                "GetBytes",
                "GetDrives",
                "SocketFlags",
                "Strings",
                "Equals",
                "System.Windows.Forms",
                "Contains",
                "Conversions",
                "get_Chars",
                "RuntimeHelpers",
                "GetParameters",
                "Operators",
                "GetCurrentProcess",
                "System.Net.Sockets",
                "set_Arguments",
                "Exists",
                "wgcs80EqOCMsKz44q10yzs",
                "aaridHvzBNspZbySNLqW7t",
                "iU1MDDwRajD0NLxtHqLiAt",
                "dJuACDzcyAGmxzXly6Lsy9lfVSnyVcmfgoigYGCjZ0Af4O1uGqFWZzw7j68EnmkPdEZf0DYiQo0Umv2Cmvk9ZjOW286j0ikTOt",
                "LwdPBrb6ZPB4nLybjsSCDY9BWNqCUSBoZWzWKLbM5RvWhqbXBPyk25lppW7WPZeWxnYtOq2s2RJYAk6cGXmcCKkpXWMwfsu7Qt",
                "CO0fm1BojB1R8RrIRtduWfk5J4xOqMCdktcX1cwvdrtaxF8jJFAIGlPkoSLQGBXikjFqkALJTaCsb7v9xQUf229tbYYowRiVZt",
                "QfwikAGNh43wObszF0Ot30XEqZWUqWbushuo3Uat",
                "Concat",
                "ImageFormat",
                "PixelFormat",
                "AddObject",
                "ManagementBaseObject",
                "CreateObject",
                "ConcatenateObject",
                "SubtractObject",
                "NotObject",
                "Collect",
                "Connect",
                "set_AllowAutoRedirect",
                "LateGet",
                "System.Net",
                "Socket",
                "get_Height",
                "Split",
                "set_DefaultConnectionLimit",
                "GraphicsUnit",
                "WaitForExit",
                "get_Default",
                "IAsyncResult",
                "DialogResult",
                "set_UserAgent",
                "WebClient",
                "System.Management",
                "Environment",
                "get_Current",
                "GetCurrent",
                "ManualResetEvent",
                "get_EntryPoint",
                "get_TickCount",
                "get_ProcessorCount",
                "GetPathRoot",
                "bYFAMgy93mWWkKwM7clTrt",
                "ParameterizedThreadStart",
                "Restart",
                "Convert",
                "$VB$Local_Port",
                "Abort",
                "HttpWebRequest",
                "$VB$Local_Host",
                "set_Timeout",
                "m8EyzFUPEEHgFMrWDSfxwt",
                "MoveNext",
                "System.Text",
                "GetWindowText",
                "PLaEcCOI9a7aJiCVdoQRCIhbJjrcZDG7pvCEv6iCoACOlz9lfXOeCuzaBzk7hEBAjRXtE0VjRNdPrczt",
                "wXB1b6M0iITVXhLcVH4sNK55jqPP2gQspXgSHFOxxvz1AW2M1fXGjuz28ELVxcAB0aORjh90DwGaiN7u",
                "m6Vk4ArbXGLkxCmEKZmhAu",
                "337gdYrNpyt7UvTPLrDsSu",
                "0V7DRXJexyUAKWWJo8ZYeu",
                "TL7BkBZ9xV7Lox2khqQ5Dv",
                "7ayRCdPN7Zk6cDcgsF4xbtDPnwjYdN6AciMrIdJ6KRvnzpjvf32CwNFlG7xAeOzH8TqXvtOJ4tN5t913f0MCjhSJnH0m1rHrNv",
                "2emCCA4vwDele7qHrXj41OYHiZ8MQYRTApWJndmcTg59eE9kCY3RbWde2lrPg2BE1q6zMbmz6vF5nzVv",
                "HkjPdsbkMbobBFFaiXTPsTbxmOfVxteNg8j9nsiSoRtgqd010RGulYfD1X1Rg0n8IQfPA62avLPV96K16J1wznfKr212eLNZZw",
                "GetForegroundWindow",
                "set_CreateNoWindow",
                "Show",
                "YTBeq9QKyj2Zd8yTrx7VAx",
                "LateSetComplex",
                "Mutex",
                "MessageBox",
                "KyUUuODoVnQwlCjvSXBJcbUwsbi6JrYHqVuQeHt3POZL7wsFko7OUdJOgJDV4FwLyMOJZaoWv72GZkQhd3yHv5p1rsyJD07s8y",
                "W6FqMv1LqFJmPNJr6pET0cmKmLB34WXMaOlDHgDy",
                "VlNtxmjbDvJb4gXbnnSATy",
                "ToArray",
                "get_IsReady",
                "set_Key",
                "CreateSubKey",
                "OpenSubKey",
                "RegistryKey",
                "System.Security.Cryptography",
                "Assembly",
                "AddressFamily",
                "Copy",
                "get_SystemDirectory",
                "get_Registry",
                "WindowsIdentity",
                "IsNullOrEmpty",
                "RegistryProxy",
                "mgge0wczLBrkzSWoMAFRyy",
                "vT6KwAu5t6qO8MW3r5qL7z",
                "JTF1oFqzIphF7ug9eaOMJz",
                "aaVyXx5YWgkbh2krKGlwOz",
                "AIXYgSnwwCr0UbI27ETNbz",
                "GZsENAzxGyb6bOoSXvJ7nz",
                "7IUJ1Dgz30SZZ7YrSJHerz",
                "68Yv0IUlKOgH7LBs5Dzhuz",
                "90oYAErsFAoxSHqmX8CG02zuTCKqFlqEQ1vQQDizvFWt1lG1htfJNlmsni84RBe2lkSyFHrZflqRqURoYOvczUffOaHDccHRyz",
                "WrapNonExceptionThrows",
                "$91ac81ea-a218-4969-af48-cd73f8d05256",
                "1.0.0.0",
                "MyTemplate",
                "14.0.0.0",
                "My.Computer",
                "My.Application",
                "My.User",
                "My.WebServices",
                "4System.Web.Services.Protocols.SoapHttpClientProtocol",
                "<generated method>",
                "Type",
                "_CorExeMain",
                "mscoree.dll",
                "<?xml version=\"1.0\" encoding=\"UTF-8\" standalone=\"yes\"?>",
                "<assembly xmlns=\"urn:schemas-microsoft-com:asm.v1\" manifestVersion=\"1.0\">",
                "  <assemblyIdentity version=\"1.0.0.0\" name=\"MyApplication.app\"/>",
                "  <trustInfo xmlns=\"urn:schemas-microsoft-com:asm.v2\">",
                "    <security>",
                "      <requestedPrivileges xmlns=\"urn:schemas-microsoft-com:asm.v3\">",
                "        <requestedExecutionLevel level=\"asInvoker\" uiAccess=\"false\"/>",
                "      </requestedPrivileges>",
                "    </security>",
                "  </trustInfo>",
                "</assembly>",
                "9RE6mjI4JkDvWvxBnrizhL",
                "6ngvDNMNV9ImgLwbIYxq07",
                "5wz3rRTzvQnFFoaFLig9C4",
                "Cs3dfR5AGGTRTG22ay6fvm",
                "GeARWtIjs6Tkn4lFyYwJ57",
                "mkGyuy3QaNGcqAWRzPA8w6",
                "ci1OZHjjd6wz0vXA8gFeeD",
                "avrVtoAHiSoEN6qw8C93A/7aOn4zDlOIKwYzDzS7YxI=",
                "rueWrUEx3wWRK+gu4OVirQ==",
                "qnLy2kxPuiI5aP5W/B0Biw==",
                "peur2c74anBRIk6aLOMpGw==",
                "0twZeUWtwDsZjYCBXKvv7A==",
                "%AppData%",
                "TKurkrqbfTxerStH",
                "mnLhX4gySd46G4lxtQGmk5",
                "auswB93TI9EXhR4nuvBaOJ",
                "schtasks.exe",
                "/create /f /RL HIGHEST /sc minute /mo 1 /tn \"",
                "\" /tr \"",
                "/create /f /sc minute /mo 1 /tn \"",
                "SOFTWARE\\Microsoft\\Windows\\CurrentVersion\\Run",
                ".lnk",
                "WScript.Shell",
                "CreateShortcut",
                "TargetPath",
                "WorkingDirectory",
                "8t0Hgtc5eonFMeyrRC0uzL",
                "4A52IxNmVYOMWWN9pp4gjo",
                "kEk5Wy77S2A8H3n2apt9cd",
                "KARXKgsvd6a6031JmF1oZi",
                "INFO",
                "Microsoft",
                "Service Pack",
                "False",
                "32bit",
                "True",
                "64bit",
                "XWorm V3.0",
                "dd/MM/yyy",
                "Error",
                "\\root\\SecurityCenter2",
                "Select * from AntivirusProduct",
                "displayName",
                "None",
                "PING!",
                "Xvq7MjbctArgNBCTXnqNlX",
                "fV06TDdVkqp9yvWpOF9aai",
                "LOmzt5iII9KA6QYbQMRhr3",
                "1mO5xw8lKXlwx4Mmlk1250",
                "ljallKsJdjnbg8kZWuAdOW",
                "BYCHvWjd0PicO6nAGo5Bxe",
                "THIYzxFx7DErmU7dID3sxy",
                "NYo1Za3wGvlPiRaQKBl6oP",
                "ULbXEBcFzAHDhIDw8tp1q5",
                "tJxl2EUCmzf6gb8ich0hDx",
                "kOQ6uC5yq3bsV9k0dxUU97",
                "WX8YKFhcDnMIKlB7jb5iQh",
                "kfN9WiFUYzrpTiQlpBd8OF",
                "BxsWX4LEkiT8OkzKvTSL1G",
                "Exms41AgVf1iAk1JMKQJyd",
                "xMdngWjoCdf4qBdgdejw7E",
                "CLOSE",
                "uninstall",
                "update",
                "Urlopen",
                "Urlhide",
                "PCShutdown",
                "shutdown.exe /f /s /t 0",
                "PCRestart",
                "shutdown.exe /f /r /t 0",
                "PCLogoff",
                "shutdown.exe -L",
                "StartDDos",
                "StopDDos",
                "StartReport",
                "StopReport",
                "Xchat",
                "DDos",
                "ngrok",
                "plugin",
                "sendPlugin",
                "savePlugin",
                "OfflineGet",
                "OfflineKeylogger Not Enabled",
                "$Cap",
                "#CAP",
                "Plugin",
                "Name",
                "RunRecovery",
                "Recovery",
                "injRun",
                "UACFunc",
                "ngrok+",
                "Plugin Error! ",
                "Open [",
                ".ps1",
                "powershell.exe",
                "-ExecutionPolicy Bypass -File \"",
                "Start",
                "WYkW482JnX1j46JQXg3hT7",
                "76fi88zaGfcWlgHuOxwouR",
                "fgs2CVJL6ddg6IZhhlrw4q",
                "u2TXLkZ7TcEeQTjCoFiXN6",
                "JDAyo7YaNKxq83F5L3KmPa",
                "q7rp5FaBeYonvewZMQdmaz",
                "fGUx1dhqhGdZtQmv8ripTy",
                "D0lKLUZXFTtFlXxKUTMNCf",
                "oTE6dK9VhQAx28jLcZa9U0",
                "X1ztyfgqHWWgGUUZdfyhlp",
                "t6hDlv2i5MAwUcOr54sqwC",
                "V6CNCkaQd3qDqp6mMxhO7t",
                "358RddYl0NU1p3EdKB0oLk",
                "dOwt4TF70vT5oX6moS65mb",
                "JjtwY1NzWimhI7sdocOgMT",
                "y5uIHi82K45ZdGkKMQOUec",
                "POST / HTTP/1.1",
                "Host: ",
                "Connection: keep-alive",
                "Content-Type: application/x-www-form-urlencoded",
                "User-Agent: ",
                "Content-length: 5235",
                "schtasks",
                "/delete /f  /tn \"",
                "attrib -h -s ",
                "*.* /s /d",
                "*.lnk",
                ".bat",
                "@echo off",
                "timeout 3 > NUL",
                "DEL \"",
                "\" /f /q",
                "g3WAYyphbBwe3w2Yn4ihV5",
                "RzlDFB4UVrGBsvzyZU1Ztd",
                "wscript.shell",
                "Software\\Microsoft\\Windows\\CurrentVersion\\Explorer\\Advanced",
                "ShowSuperHidden",
                "windowstyle",
                "cmd.exe",
                "Arguments",
                "/c start ",
                "&start ",
                " & exit",
                "regread",
                "HKEY_LOCAL_MACHINE\\software\\classes\\",
                "HKEY_LOCAL_MACHINE\\software\\classes\\.",
                "\\defaulticon\\",
                "IconLocation",
                "iconlocation",
                " .lnk",
                "arguments",
                "&start explorer ",
                "&exit",
                "HKEY_LOCAL_MACHINE\\software\\classes\\folder\\defaulticon\\",
                "d6irpOSPZBoQRIgdQULQNO",
                "gQcG15fpUS6RaMdk8Gh1FX",
                "rqNXkn4ru6bKMZoYlVmenc",
                "FmcXtBBMeIR3myUZ9jrwvH",
                "erAWyioOLBoYXsQB3yptpd",
                "MBraZeC85nppHNt4oFDqEr",
                "Hww0ynS892iysdIEjkjRDsFtzr2JWp9VBpIFp3Y1hsTSCQTVucpAz3Q1GsxbdGvowF06SeRudGM0endTTtcDh64g8u1XztD4E1",
                "nJHRaMZk6punfkPAdMzlKqYglE2lAKprZBTYP2d6Eb8dqQSTCqHvwHbF94F1H4XfJXYcjUrj1TqUOWryl7864RKZe575Qdlntv",
                "Software\\",
                "Mozilla/5.0 (Windows NT 6.1; Win64; x64; rv:66.0) Gecko/20100101 Firefox/66.0",
                "Mozilla/5.0 (iPhone; CPU iPhone OS 11_4_1 like Mac OS X) AppleWebKit/605.1.15 (KHTML, like Gecko) Version/11.0 Mobile/15E148 Safari/604.1",
                "Mozilla/5.0 (Windows NT 10.0; Win64; x64) AppleWebKit/537.36 (KHTML, like Gecko) Chrome/60.0.3112.113 Safari/537.36",
                "abcdefghijklmnopqrstuvwxyz",
                "Err HWID",
                "Read",
                "Flush",
                "hVm3nC194JTu8q0vXqm7ROtFk0YQr83xwiAsNTd1OZZaIA6NRB4ddK37iwmuEX98ydDHWAv21LJzqLC900Fg4XL6KpvUoypuuS",
                "6iDWyP62SFws6fDBngSmAkGTcxpBiRbLualRW7L8EyiG8YsCCZsXshmHkClwxz9U188LxHJZ4heZtHYlTTwWaLLFsjQpigyVXf",
                "INze70K1KabRhg6noCFGuYGWjKYQ7M5dj0NhS86T99UtV3UiGzNWXuoSxifMhsvW51WWHOEeGrjOuKIZRClfiMTjpQbWLEm2NI",
                "pkfrGSXCqwHcpb9sVa5aUr6n1eYSsT9iXrqvJ8I9V2S3r45NSrMvYAwN4O5sqRveHNU4FZgXEgH83OM0yfXrtcChoBYslI0QCW",
                "EGcgHm5fxI3EKaX3pQZcA0zUoY75vnOWgseU1GCcwwRNoSk1mztwnepyEgS2MYdkbXBwFhOfkpnhDGMciiAfEQTCms0DrGuW5S",
                "D6YiPdWxFCWVtuuzuggSxsPlVk13BabcJOus30eRJ5cuCUxHx88tWI5aEhVoWlFt6QvxzicZnvKZYlFiKocWfi9psL0Txgb0mI",
                "59okMgdsbjYFXhLBUHJP9cn46Uvh3vyuV70xTBhhrJHM5L5WtPLXx9rqN75XjqMMI0j4vdkpQugJc2DPQ5EZp3b6ZQzFRYqb8o",
                "73lztCF18s90KcR7RP9OYFPJ6DHtWzkRWe89Q8ZwGfwFe0rE033vJgmihoDjTrUQLipveaOJpZVvdvQDrO9WbuyR6uNxa63sSY",
                "gSf6ik6zTd30U28B9ls2TqS4Sg8aM4MT7SAyTboRFoa6fd3XTE3QuBxSDnWMs0m1GwSR5qBHvehKGxQhwAi5BFh2x0R7VZx4Dy",
                "4md2nFXAasl3c9QD9jbMQeT5k6jW0FiewNYxXoxpxnI4J82GOm6qx9Hj3E4iVMyKXXzn04SNySqJlr6QPq6mOnA29CxEuy8f7Y",
                "DoN0kqFzprFwmnjrvwxl1GmZEJYGEe5GxsGuWijgFKKBH1sLQTWUmiym1xovLeKAXgJPku41aG48jEixDyUX1o2k19toXyJIkg",
                "KqszdL7lf3mBqZFop0gP8ULzhesFgBLUGmbCLeSh3vdIMJwrl6qqu4Rwzd01CPBQWKD8SAPSUONUpP3Z11VNfja5QNDB49poxF",
                "a2DjTksvtDie17y0uJNVl6nGXWjcx3C9bDHkaV0r6Opx6ipnSz6ytQYIv0kV9sIQvNlIW2C92cviE80C99NqGmX0A9CPUeeaa5",
                "7X1IKVBbF6sEKExc2S0fpyJTdW2UKM7TaVHiedWwEwcwJqMA1RXCtWlyQNbrswtZ24PfCUkcA0mf0V2SgxTckT3isGa3apvf0s",
                "7LrzM4VK6FIs5tVKDy8zODwElWJk1VOrdLDFI6zh4L7nhzswnWpA9xuzxOJdfBZildGiBAp6VM6pZB0o7aRS4FPUzFKDl06jxR",
                "TPi4zMkjzL0XlNWkELL8UQttke9JAgLngHBprtdImcKAqcgmbX9j3Ip9fXZXp7uGvP6vCGJS4y2qOYHgWndYzUyMduyKu8gUM5",
                "3MPUQHjyEymwQezEKoe9YtKhIWSY8LrZKTuxjIAulwfBe2gXso752RjoGzPliUzToTRrbJBj3ZKZ0GRkUnJJSJ4VjycmoLVwD3",
                "c0JJj7Gqzqa6Cv3ApkzxZGMFbWbiXKk3doxF47qI4xsGG55repeuGp5fry8Bj2YyU1zSeCmKYsSojMiEsIO51qnxRksH23u10w",
                "w119TtRJ5M1YW2rPbNl1i4tBW9av3BYiQNUZGxxVSaffVIDaVt78ySm1zwME59UsB5rfrXoRlM9cM2fiGnsSBiPtTneBsQuo20",
                "KU81bRHsc7SR4IJjFvBB3IgQXAyMxv4mBKPSuJp6gPfnnmRvbJF1L3SZm84RArUtT8jRx77iDIQWuH4BStb97Jpgbqiy95jdXn",
                "QHcuiLQSjpQxxm2wwQP5UR3Rhg6fmJ3oqGK31bxN",
                "w1pMjAhII5e5TdgFEB804RrWvbzqiytKl1tWbWTj",
                "g1cJ5LOdZcg5SwprYHRS8A5R71MjoO5BCniRIkKQ",
                "NdgQc05LJG8474w5FgmjFegJ4eh25x0TaTtkXK58",
                "IfmxLZ1lOlgqVGmBzx6bMoLLxR0ELjbY1tkHk7s3",
                "XmB7i5uy3UMPXCB3bjNQ2t7flqSuyTtQNKiGz2Dp",
                "VS_VERSION_INFO",
                "VarFileInfo",
                "Translation",
                "StringFileInfo",
                "000004b0",
                "FileDescription",
                "FileVersion",
                "InternalName",
                "LegalCopyright",
                "OriginalFilename",
                "ProductVersion",
                "Assembly Version"
            ]
        }
    ]
}