{
    "malware_data": [
        {
            "filename": "8526c9ec79feb6493e41d770fa6cea984641a676f9ba121fc2b8a3428ace585c.elf",
            "filetype": "7F454C46",
            "filesize": "23KB",
            "hash_sha256": "8526c9ec79feb6493e41d770fa6cea984641a676f9ba121fc2b8a3428ace585c",
            "strings": [
                "sfga",
                "/`n%",
                "wo 3",
                "72Gcp",
                "~D$d",
                "!(O;",
                "4@<840m",
                "XOTP!c",
                "'Pg @",
                "}s]C",
                "4M<@D",
                "3[$sk",
                "$33h",
                "fl{;",
                "X{?'",
                "  G(",
                "V`[w",
                " F0u",
                "k;(w(",
                "5/$n",
                "?=wR",
                "_{/F",
                "93M7k",
                "0GKwF",
                "4[dA",
                "+QC,#",
                "WF0M",
                "0n7C",
                "LhAku",
                "3M$(C,",
                "R&/'",
                "?Yt%",
                "#aB0",
                "\"ui;",
                "|g3^I?",
                "' ( O",
                "b, cu",
                ";WgG",
                "}c7q",
                ")Wk3",
                "n$gP#",
                "+3{6",
                "&Dj0",
                "jS/ d",
                "9l?0",
                "+,|c",
                "oLlj",
                "`/Po",
                "C?3x",
                "cb(S",
                "`;c4",
                "mU?k",
                "nC1B",
                "vlSOCB1",
                "[+Z3O",
                "mp'c",
                "wolQ",
                "p_Wk",
                "<ww6`",
                "g@34",
                "W;N1`",
                "nS3@c4",
                "#,w[",
                "(S{A",
                "2baY",
                "70oP",
                "sns]-",
                "o6`7",
                "oGGs6",
                "3o{0",
                "WF|n{",
                "Kl3g",
                ".9H3",
                "j[kI",
                "`PcwD",
                "3Q$H",
                " XSG",
                "( @g",
                "/ a4",
                "VOUwK{",
                "-WF0",
                ";# &",
                "6kO^\"",
                "S$0C",
                "XWCO",
                "g{B3",
                "h)oh",
                "'@'A",
                "<gfJ4O",
                "X/xdk",
                ";HUO",
                "90?k",
                "_KSC",
                "j+Dj%",
                "%jXh1)",
                "m1nK",
                "P/'O",
                "SQ*XE",
                "kqVO",
                "\"&c07:A",
                "h2T0! ",
                "b$;(",
                "zX'L",
                "fPO#",
                "/\"$E",
                "G?8 ",
                "w;Se",
                "'o { D",
                "wq#|`",
                "kV<t",
                "w[0$p",
                "'H1aAB",
                "I4f:g",
                "]j1_G",
                "solgJ",
                "twUo&",
                "  $$",
                "(,K(",
                "8<Ku",
                "<KX'X",
                "4DDLL",
                "dH<7D",
                "foog",
                ")S+Ws",
                "69WcD",
                "(`/A",
                "c0;=",
                "'Ec7",
                "_qaqs",
                "j#OJ",
                "{cA*",
                "FBO+",
                "L;hw",
                "_`'lC",
                "7nL.",
                "-RW/+S",
                "2 $F",
                "+\"F#",
                "ZsS<",
                "9lFW",
                ";/#X$",
                "hIx+SC ",
                "%#(H",
                "(x'k",
                "zE$5",
                "zQoK",
                "-v(`",
                "'n=7f",
                "uG\\'",
                "hcop",
                "_S^l",
                "gfL4",
                "D,P(",
                "3/kW",
                "OT=w",
                "g0O3",
                "K:Cc+",
                "0#hL",
                "VWs`",
                "7?ci",
                "C0Gb",
                "uH&f",
                "!@<@",
                "K +rw",
                "6#1;",
                "+(EG",
                "v 7@o",
                "o<_z",
                "cB_C",
                "_9BHD;",
                "w!P#bB,",
                "UKu@",
                "{(5bRm",
                "fs/i#B",
                "zH!'O",
                "SJo#7",
                "iHA_",
                "Kd'%f",
                "!udp",
                "/proc/",
                "{fd/0",
                "45.157",
                "unknow",
                "NICK ",
                "USER",
                "5 b* :",
                "RIVMSG ",
                "opbang./%d6l;",
                "gJO0 ",
                "(nil)",
                "?hlLjztqZ",
                "npxXo",
                "_ifFeEgGaACSc",
                "4-#'IP",
                " !\"-N.Y]",
                "#$%&'()",
                "*+,23",
                ";<=>?@ABCDEFGJIMO",
                "PQRSTUVWX[\\^_`abcxyz{|}~",
                " er#r<",
                "Succes",
                "atio",
                "mitte",
                "No s\"h fm_p",
                "ve 1",
                "rect",
                "lAIntTup5",
                "m ca",
                "t/Ct",
                "icVaddrDArgume",
                "I liA g(l",
                "'maB",
                "CscriptV",
                "6lkT",
                "myrc",
                "`redp",
                "mXwB,k",
                "rubuk",
                "oG-A",
                "Xl&l",
                "ef&on5IG",
                "UZ2Gs",
                "m;4of^o2. B",
                "o$ed",
                "X[h@",
                "IUjc",
                "e,qvdCh",
                "~c 2~e",
                "3 ;lt",
                ")chW",
                "`Wv{c",
                "od1c",
                "th[Awljm",
                "kagk%=",
                "*Lbj",
                "Vp?Cs)sAd",
                "o<nd",
                "[RFS",
                "ZNb_",
                "a=aU",
                "mPg!",
                "5$M2",
                "Mies",
                "eKalZ",
                "=WwS",
                "81wAs#",
                "b\"4r",
                "S|YAx",
                "&,I6",
                "po,,6",
                "-[X<",
                "(T<dy",
                "sp>qnntG",
                "f$/][",
                "us#C",
                "?ffer/}",
                "aed'",
                ": cB",
                "Host`",
                "mVr'",
                "grrw",
                "%/ENFS",
                "][d0S",
                " g[{",
                "A9Wk",
                "bANt",
                "O8M2",
                "CAk[S",
                "@ou[",
                "y@>wl",
                "CY;a@",
                "pCH#",
                "^+{7E",
                "fG;d",
                "7'nC",
                "94t]",
                ";`/s`oT",
                "Z;H_",
                "kp;[",
                "PVKk",
                "PROT_EXEC|PROT_WRITE failed.",
                "4.002021",
                "$!(`",
                "/proc/self/exe",
                "!Pf!H",
                "?#(S",
                "<UPB4",
                "QX(@",
                "Q K7",
                "*g1&$",
                "RoK]",
                "G[BG",
                "CFkn",
                "$oK'",
                "f[#H\"",
                "+Eo'",
                "cku/{gn",
                "[-Xs",
                "f\"GG",
                "d&+C",
                "GCC: (GNU) 3.",
                "u_'`",
                "\";`&",
                "P7_p",
                "Pv8_8",
                "pC?C",
                "?2^d",
                "?+;0&",
                "\"{`_",
                "\"a(\\",
                " `_`",
                "pb_a(",
                "Pd?e?",
                "C0|?|",
                ".shstrtab",
                "reginfo",
                "rittexf",
                "ctors",
                "go&sbs",
                "commen",
                "\\O&'+",
                "`O5'",
                "'SX+"
            ]
        }
    ]
}