{
    "malware_data": [
        {
            "filename": "330aea213247a491354b799ace1111e9436822ec668557e02d0d75e9e7ac1544.exe",
            "filetype": "4D5A4000",
            "filesize": "145KB",
            "hash_sha256": "330aea213247a491354b799ace1111e9436822ec668557e02d0d75e9e7ac1544",
            "strings": [
                "!Win32 .EXE.",
                ".MPRESS1",
                ".MPRESS2",
                ".rsrc",
                "v2.19",
                "fi6B",
                "X$y<",
                "~5fC",
                ">do(",
                ";uTHd",
                "AvbA4",
                "x<T)5;",
                "aoZn",
                "FV:_w",
                "\\S+*Z$",
                "'OTb",
                "\\$xT",
                "a\"[B",
                "GIiK",
                "q9Z5",
                "',:Y",
                "|k]Kl",
                "Xmgo",
                "&=K)",
                "P@hC",
                "'$gI",
                "zSZ-",
                "GW+(B",
                "1`J'",
                "<.R],-<",
                "MjLd",
                "E3a+",
                "#uhRFS",
                "#sE{,",
                "@K5b",
                "G*ix",
                "?ix=`",
                "\\G.g",
                ":r3'0",
                "NO\\E",
                "+]hh",
                "<W?.q@",
                "q/3*US",
                "]a!n",
                ")j^8",
                "aR*[UZ",
                "3TH/",
                "m&\"h",
                "_;\\q",
                "{Pp{",
                "v,Op",
                "yh7F",
                "*}oC",
                "Cz Qro",
                "+g_>4{",
                "5jKb.F",
                "%+C@!",
                ">BsQ[",
                "qEj;",
                "a9lb",
                "oe($",
                "XVjQ",
                "3Wd!z",
                "Q,2~",
                "( t[f",
                "]MrSo",
                " ]+\\",
                ",XJz?D*",
                "=Cf/H",
                "}GP2zW",
                "XI`Cb[",
                "I7+I",
                "]kGp",
                "'Z[S",
                "x*>kF~",
                "(xZS",
                "3V5N8",
                "t5ST",
                "hfE`m.H",
                "?m`dP]~Z",
                ".*QY",
                "6;x#",
                "#=jc",
                "X7e2",
                "KlkTXk",
                "EJ$m",
                "jqIW6",
                "+]' ",
                "E(@u",
                "?E|+",
                "GXzK",
                "/jbd",
                "EzS+2",
                "Loc!@",
                "w`tr",
                ";5N~",
                "^U9zc",
                "/Ssw",
                ",Ue%\"0",
                "7ATt",
                "3@]^-",
                "=7S w",
                "VXB ",
                "x\\(E",
                "J#VL6",
                ">-RG",
                "XMxUW",
                "zA>B2/",
                "e!^-=",
                "^0X]I",
                "U{~93",
                "q#xq",
                "?=;rr",
                "\\F\\)",
                "Bc`Y",
                "H y%4o",
                "l1aqM`",
                "/?'q",
                "}7xV",
                "_=hdz",
                "H-5o5a",
                "JxmL",
                "(qhiI",
                ",CO(",
                "`e'JIB?Fu",
                " !`1",
                "rcj`{",
                "uiB$",
                "QqYHo",
                "PaP&I|",
                "t^NW",
                ")4W2",
                "dwGQz",
                "#+mS",
                ",&xL",
                "\"c%p0F",
                "]H|^}",
                "=]Lq[",
                "L-a$k",
                ")3'U",
                "`3bIz",
                "g#3p",
                "\"JqE",
                "loEg",
                "sYqf",
                "hkB*",
                "({O6i",
                "1%a6",
                "bpab",
                "+[PI",
                "#k G",
                "^;vPC",
                " xQB",
                "T\\|w",
                "nf*S",
                "_8Tr",
                "uNyq",
                "b|RpP",
                "Q[U|'",
                "uSfU~z",
                "TEzK",
                "*ooB",
                "qiCS",
                "@&ym>",
                "~fmx",
                "U'6p",
                "i\\.c",
                "}(DF[",
                "6E/9",
                "&fd.",
                ",WxY7",
                "pvcd",
                ".ObpE",
                "(1>i",
                "0[9j",
                "UVll",
                "C+lwq",
                "Rt#M",
                "NWZW",
                "co?y",
                "s]i{",
                "sd7v8Lc*yCi",
                "4F#{F#",
                "[9&CwF",
                "Z5q(",
                "z80k",
                "We<?",
                "u6;:",
                "e{d^c",
                "03CN",
                "p)\"6k",
                "*m>U",
                "/O7y",
                "n=_t",
                "\"ROz)qW",
                "Iey=e",
                "GPLf",
                "zu,%0",
                ">5v`",
                ">mMV",
                "YFGe",
                "0G((9",
                "fh<!}E",
                "E9}2",
                "mNyO",
                "iMTOq",
                "wDKQ",
                "=_CH%?",
                "TD>nN",
                "9LOk$;MgvA",
                "=o;&",
                "TvhY",
                "o*g2",
                ":(#O",
                "Bo7C",
                "]\\]cG62",
                "'K@2^",
                "3qwO",
                "E2:E",
                "!qk6O",
                "8k: ",
                "9-^y",
                "+@j3",
                " 0R'",
                "?xo!Ys",
                "X&G6",
                "+j{^",
                "tPO3[)",
                "95mb",
                "EBhF7",
                "53pjq",
                "b6)2TK;",
                "2h )",
                "{,1;&",
                "%,W/",
                "6eGd",
                "qTn%",
                "#jETnl",
                "l\"UB",
                "3L'k",
                ",[IS",
                "tU.C",
                "@v1c*H",
                "nQ^S",
                ":9u'",
                "]J2)",
                ".wRJW_",
                "GM,Xy",
                "p kA",
                ":BL?",
                "%1#x",
                "ogRz",
                "Sh8^l",
                "3>b7AP",
                "}e/H",
                "+gHI",
                "ey8!1",
                "jS[}\\",
                "!a=:",
                "Fy{;",
                ")}'i",
                "YGbl",
                "'+^q",
                "b>/t",
                ":)qxH",
                "t8(6m",
                " qG\"",
                "=L>v",
                "-*tm",
                "$O&j0",
                "F%Mt",
                "/gro",
                "6'Lc",
                "Xk{|",
                "4c<A",
                "XJ\\<",
                "3Po%(",
                "\"#C&",
                "NT\"p",
                "%xLY",
                "PA%2",
                "RF/c",
                "fr?TE_2",
                "zVJi",
                "*G:u",
                "l3*E",
                "+;V\"5U",
                "PawZ",
                "iAN-",
                "9/!,",
                "P\"%A1[",
                "L96P",
                "6=s#",
                "}?&i",
                "Wk7~L",
                "P/EI",
                "a5}Wc:",
                "QP5|",
                "mx^J",
                "h1<H",
                "0^$5w",
                "S?B4",
                "+N[(",
                "Zf%G",
                "6;.;",
                "h56.y",
                "{kJV",
                "y*,`m",
                "}yR^",
                "VbeV+o",
                "8A<{n",
                "5WYz",
                "[wS4",
                "Y'f0",
                "uZ#3*1",
                "6Ecn",
                "qLf0",
                "pvSn",
                "@e#:",
                "^U(N",
                ";>J,",
                "W-WA}Q",
                "$:Cr",
                "QM)B",
                "%md(d=",
                "K2I*",
                "Qju`",
                "/#4[",
                "$u<\"h",
                "F??Y",
                "|$%+o ",
                "iS[!@",
                "\\vw+",
                "\"z1t/",
                "bLSH`",
                "\"FV0",
                "IG4#_o",
                "oXkQ",
                "Ii\"c",
                "14Zm",
                "<|:G51",
                "\\)vc",
                "Cmiz5",
                "\\bv|",
                "Z_l>t32",
                "u_O^",
                "5_[R",
                "D6WPQ",
                "}`~&",
                "vUzUER",
                "`m13q",
                "7:sM",
                "Z`__Y",
                "O-2,>8{",
                "^%M>",
                " #O2",
                "v^bO",
                "Z<~/C",
                "rH,]",
                "cgpdX*",
                "aXN9",
                "j:(4v",
                "lf*-",
                "3?2h",
                "GK,-",
                "s'm&2",
                "&#w:!",
                "19!/.[j",
                "_JK~My&$O",
                "-5kaz",
                "$D05",
                "5iLb8",
                "YQH9",
                "|2~3",
                "[Uw];",
                "$WcDR",
                " M4L",
                " 5sP",
                "OmA4",
                "VyXbw",
                "-ZgJ",
                "ik+6Zi=",
                "&h)5",
                "^t!Pn{e(",
                "Y3(z",
                "&)0i",
                "1YtX",
                "GFA?",
                "4z<>\\.3a`",
                "!/n5Pt5",
                "Ug{!",
                "<N?bP",
                "HjuQ",
                "^U8P",
                "r9n(",
                "4@Ohy",
                "79 N",
                "NE^s",
                "Ofu_",
                "XK2f}",
                "YyrH",
                "J_I_m",
                "2+aXEr",
                "t8#y",
                "A3:y(e|",
                "Q/UI",
                "`F'T",
                "AW;;s",
                "F[h+",
                ":PMn#",
                "2uj^",
                "9`x%h",
                "}Zy;",
                "mlYkN",
                ")GbV}",
                "2 G7",
                "IP@^",
                "'rg\\F",
                "2$CR",
                "6a^3",
                "4mI:",
                "P/EY",
                "%eY!~",
                "C#{7",
                "z:Z<",
                "aDh$i",
                "Od$e",
                "R /q",
                "/e^U",
                "O@2W,",
                "\\BUY",
                "/d)]",
                "UTZR",
                "%0`MIBi",
                "/c\"{",
                "g*h#",
                "\\AJ^1",
                "f8L*",
                "NJ\"7%z",
                "5`1c",
                "#XLX\"",
                "rOEXJKC",
                ".Th.",
                "*#hhUD",
                "k.['",
                "u7Ja",
                "Hsm\"",
                ">\\MG",
                "<i*J",
                "l!oK4NzX",
                "mK}JH/",
                "2_AF",
                "::=I!",
                "aKwm",
                "*>!1s*<",
                "Lil$",
                "81@+D|",
                "%kWe ",
                "B6Z!",
                "k=IA",
                "^D~Q",
                "vmgX",
                "@uN~,",
                "k&^-n.?",
                "\\n1e",
                "Wvath",
                "'q`7",
                "pA&wn",
                "Y# 5",
                "RBa*",
                "YUja",
                "!n}<hD",
                "s>_]",
                "z=Zg",
                "PJeH",
                "7p1n",
                "cby]",
                "KRsMXF",
                "AiYaf",
                "-*TH",
                "u{c.",
                "YaxuQ",
                "O$K~",
                "vl?U.",
                "z5vu$",
                "H<8c",
                ")y(U",
                "7[yT:",
                "{GT_IZ",
                "'tNwZ",
                "Q3fk",
                "cXR?",
                "7%x%j",
                "$1~<",
                "_C~)",
                "~^ZX$",
                "#P(~",
                "3CDI",
                "?Ke[",
                "afZJlF",
                "3~hT",
                "u('43",
                "u`9,",
                "h/od",
                "9jxG",
                "Fx;D",
                "Fe}@",
                "Mc\"j4",
                "Jg\"^wY",
                "<tse",
                "`/k|H;",
                "4baN",
                "B>P*",
                "1Z)`",
                "#}7O",
                "nGpo",
                "bDEu",
                "V\\D]",
                "gq'CY3k",
                "g+i6",
                "OIa{h",
                "'=o\"",
                ",)/i",
                "Sw`c=",
                "r[<8p4",
                "3k0^",
                "BU(4",
                "c=EHm",
                "[^TH",
                "~ka]\\",
                "4%xz",
                "(x^[",
                "d=xGp",
                "Nim6",
                "@)'_d",
                "0V<5",
                "4rK'",
                "g/SP",
                "~\"vp",
                "SxyP",
                "&H!?",
                "#g`{",
                "`; ?",
                "zD>^S",
                "smVk",
                "C@XF~",
                "Hw;{",
                "6bVr",
                "\"<zn,",
                "9MMW",
                "GF}tK",
                "$5R|",
                "[Vno",
                "VROk",
                "}lh2",
                "N6n0",
                "8\\oy$",
                "}=8]bT",
                "*rS7",
                "~Zaa",
                ":dxv",
                "Lh&i",
                "DG0,Z",
                "0deW'",
                "VOHZ",
                "\"x(3",
                "]_1wP",
                "zKAM/k",
                "ZM-}",
                "pTlQ",
                "W(\"q",
                "gn]:",
                "9O:g",
                "7Xu(ma",
                "!+E$,",
                "hoDZ",
                "a=65g",
                "%}9lD",
                ".&f6",
                "VJ\\A*B\"",
                "_&WgK[",
                "^;ej",
                "(RJC",
                "da_}",
                "N)]rT",
                "YYG1",
                "#gvV",
                " $hy",
                "bmaN",
                "iwne+3",
                "2WrrL",
                "4(0a",
                "1eNM",
                "bV'\\U",
                "v5d~",
                "0,Fb_0",
                "@pwD",
                "qY;P",
                ">[!z",
                "A1g?<G",
                "wk|A",
                "73pg",
                "o?d(",
                "mQ1Y",
                "1V+A",
                "drGYx",
                "S}lSls#",
                "9GUBx",
                "iTaJ",
                "<p(D",
                "*Gvo38xY",
                "XN/}",
                "THHH",
                "ui 5",
                "4}Q?",
                "cIzj",
                "Fk-{/",
                "K{=$",
                "Q/iM'",
                "78 U3",
                ":@O{@",
                ".}Tm",
                ":JmG",
                "B/=\\$&",
                "5z`t",
                "qemU^",
                ":5(eUQ",
                "JXo$",
                "H{sT",
                "\\(DP",
                "N @,",
                "%n0!",
                "}\\ds",
                "T2E(",
                "`(0nU",
                "TR|U",
                "Zg2s",
                "DQv/06V",
                "J/+:",
                "GNL'",
                ";cx>",
                "{'AN",
                "a!T0",
                "Cyk2-",
                "wkrRF",
                "aiT<",
                "Q8_v",
                "AKo$",
                "T)R7g",
                "5 {JY",
                "{O|^;[",
                "ul[:",
                "egZs",
                "H-$?",
                "uPu72@",
                "'cW4$",
                "k\\WB",
                "S.:1",
                "yN7]^",
                "X?>1",
                "=mk\\",
                "Cd^h",
                "9g4@",
                "Qs>\"p",
                "Tg(*",
                "bYdY",
                ":Tctp_",
                "IL6u",
                " QNIe",
                "7]\"`$",
                "o)L)-",
                "qwWa",
                "FCXcXg",
                ".Rpk)",
                "+'X|",
                "[3vK^",
                "1i]p;",
                "c5U:",
                "01)\"",
                ">[{c",
                "41S#A",
                "Y:SM/{",
                "@'Pl",
                "_1e!",
                "6,aq,",
                "ZVnK",
                "D!>?",
                "3(ml",
                "v>%#",
                "^nAy",
                "R-a}",
                "D*?~0",
                "Hi:J8,l",
                "i4*;",
                "-Vc\"",
                "X$a`",
                "W)2:@{v",
                "'Nf',Be'J?c",
                "KO^$|",
                "1&=xXR-u",
                "%Q'P",
                "1Rp=",
                "lM<M@",
                "so|u",
                "Jh}+Q",
                "$tdk",
                "Fp1+",
                "r-r]m",
                "rdzS2",
                "Dz7erFv",
                "V-=;",
                "qiF0$",
                "Snsa",
                " IL1{R",
                "{Zx3",
                "vk4v}",
                "qJnwOw",
                "/\"\\&",
                "/uQP",
                ",3f2",
                "s<`?",
                "lO+a",
                "T5] gn4N",
                ":0fG",
                "]/hd1",
                "E}@Z",
                "o/Ho",
                "9F00",
                "|\"@\"K",
                "M)QK",
                "!2(MJS^M;\"",
                "0^gaJ",
                "pSqL4rgi2q2",
                "AWgZ@z",
                "Q<*y",
                "N%\"(",
                ":/5^`",
                "k6&*;",
                "*Q)=",
                "1Qa_",
                "/_Xl",
                "8_VK",
                "lgjxr",
                "r>^bul",
                "A'H<J",
                "tkI_]!G",
                "K~%w",
                "f&\\G",
                "v>S}",
                "VYDO",
                "q,~y",
                "6msQ",
                "kQE6",
                "-uV>",
                "!G5>_",
                "MIwc",
                "%v308T",
                " hCo",
                "tuQ2",
                "W]bEMI",
                "J{;df",
                "QP^O=",
                "_<:[",
                "Wkr-",
                "9+imj",
                "**Fz",
                "W;ut",
                "8<)*",
                "\"3j5",
                "tD4R",
                "2TDY",
                "qp-0<w6",
                "#=6&",
                "c@qh",
                " )3q",
                "~nu=",
                "^FnKh",
                "2V+N",
                "u>[|",
                "^HMG",
                "\\at)",
                "h.K/",
                "1i7L",
                "hu>?r",
                ")a4r",
                "rhuR",
                "SV(\"@U",
                ">Ir_",
                ";ti'o`",
                "i6z.K;v@",
                "IX+L",
                "&U];",
                "WVI%+5",
                "5`#@]",
                "+]=2",
                "g\"Xu",
                "a|H<",
                "NBrB",
                "#Fe7",
                "jxFb",
                "PzdO",
                "_.=3>",
                "`z{W",
                "FEdi",
                "#|AFH",
                "9@ZS",
                ";qOv",
                "u`63a",
                "@6Ed",
                "pR Yi",
                "Mv8s",
                "\\zxx",
                "L}*Y",
                "CCT1",
                "p)MO?",
                "`y7Y",
                "N\\IY",
                "c6!3",
                "EOO.$",
                "RtR&",
                "My>^",
                "OX+/",
                "mhg/",
                "5[ u",
                "{|e!",
                "=Cg9",
                "I60u",
                "MqqMD",
                "#HvP",
                "^-'X",
                "HP)B",
                "##?EdZ",
                "n~Gl",
                "&auF",
                "sATD%",
                "x_dh-",
                "M!j+",
                " XWLD",
                "uBQx",
                "{HW7",
                "bHgV+",
                "jx9&",
                ",y|G",
                "iPTm",
                "~M5I",
                "v$+,S",
                "EF(tQ",
                "giRq",
                "`Y+W]",
                "$\"9FA",
                "r4zn",
                "<cZ=",
                "!bfU",
                "|b_]0",
                "L.^j",
                ">xtV",
                "&fCr",
                "t/\"B",
                "X<8l",
                "&M=g",
                "oj @-",
                "\"7+4T",
                "@A:nW",
                "\"P0&",
                "Q%5CN",
                "t9A(",
                "~Xj ",
                "EnZ={xL",
                "(Y?`",
                "`kH{S",
                "ke6..r5i",
                "f$%0",
                "g+^S'",
                "4b&$FD",
                "gx^&",
                ":+}{",
                "}GO+",
                "oPD9Y",
                ",OcqLc",
                "M?O`S-",
                "FP___j",
                "/'XO",
                "2Wq;A",
                "Nhl2",
                "X.C#",
                "?>$T",
                "<V\"S",
                "O,aq",
                "vL{W:",
                "7k,l{Z",
                "DR$5D3a",
                "UF>\"(",
                "dimJ",
                "\"hVWl",
                "GfE$",
                "A\\~V",
                "{>+9H",
                "@Lt`c",
                "}-GJK",
                "f^0y",
                "Y&eLT^",
                "P&|_",
                "TtJ[Qy",
                "<-{wm",
                "C8oe$c",
                "o[<}",
                "kNWyi",
                "\"c&q\"",
                "Fq@a",
                "'\\X^",
                "tb$*T)",
                "5BX'",
                "=,wZ",
                ")_28/",
                "HdzMG",
                "[B~=3",
                "JUf>",
                "Op!:J",
                "{mb`",
                "W-FP",
                "\\1[gC^",
                "'NCe",
                "[SLd",
                "#hup",
                "}Jgc",
                "Mksy_M",
                "k)hp",
                "/9.\\",
                "!;<w",
                "z2fD",
                "^{qT",
                "H`R,q",
                "oCJ{_",
                "Z?DJ",
                "`8`T",
                "LGt;",
                "y\\x|",
                "r.}>",
                "X|7'",
                "_uS}be;",
                "C\"wO",
                "$}=\\",
                "vSUqt6",
                "_?n>S",
                "\\]TV7IM:",
                "80Y!>",
                "@6{e",
                "Kz/>",
                ">4}8q",
                "[P\"M",
                ">Y9)",
                "M7Q(MN",
                "]nyM",
                "!9G\\",
                "Np*6,h!",
                "0 *)",
                ":_gQ",
                "2Y[?*",
                "2LZ[{",
                "(:T,",
                "yifJ",
                "TGYR",
                "\\E-RFF",
                "IrSF",
                "'R!WT",
                "FXB-+h",
                "E(+IK",
                "`jLk",
                "L7+C",
                "Y0j.",
                "\"2Dh",
                "@Gg<",
                "O~WF",
                "5c3O~",
                "y5LT1",
                "44~p",
                "y'`*",
                "_ZeBL-K0z^",
                "~Ag6",
                "R~ A@",
                "6$v0",
                "8#s.",
                "L&wd",
                "Q,nX",
                "E&oe",
                "lj}z",
                "#c0i",
                "{|Hv",
                ".4}y",
                "E?3~3qS",
                "b*[a",
                "LImR7_",
                "W?$#C",
                "~NYH",
                "0rHy]",
                "yI;jTO",
                "W$=%",
                " N.2J",
                "^[1J",
                "uqa<",
                "4a*e",
                "#jY|",
                "DwbL",
                ";AUJI",
                "NdCiEa",
                "|d-L",
                "?oh4",
                "CDf;",
                "uIY)",
                "d'iP8m",
                "nMHi",
                "x\"+t",
                "VK8'",
                "&$vPI",
                "(v|i",
                "5AVX",
                "z-cN,u:2",
                "KCtL",
                "!<&i",
                "9`/h{",
                "7tA>",
                "Pu9^&",
                "-3+;",
                ":MV#",
                "HiFSM",
                "pgc~F",
                "=]:P",
                "@.vG",
                "X+=y",
                "i3$\\",
                "zTW8S",
                "0UkPn2",
                "rCa@",
                "02]q,",
                "riT+G",
                "ojJuR",
                "wZ1C",
                "*[mp",
                "b\"1Ko",
                "FgSt",
                "s\\K}",
                "$-I ",
                "=j]{Li",
                "'lonR~",
                "'Y1G)",
                "=OUxw",
                ",Ct ",
                "M8Cqr|M",
                "=e\"4",
                "$:')",
                "A3li",
                "WF)b",
                "slvTd",
                "?Fl1-",
                ")^\"C",
                "e+#F",
                "F)K7{",
                "~zX@[",
                "H1\\R",
                "?A?vv",
                "LbP~",
                "AuPu",
                "br^r",
                "B8{.",
                "X<;D",
                "+}Ovo",
                "HF&bO",
                "<~V+",
                "O*l&dP",
                "@~wn",
                "\\3rNN+",
                "3?mXaa",
                "}O}u",
                "D2OM",
                "SlM?",
                "_Ug1R",
                "@70Z",
                "bSaT",
                "e|ZAk",
                "(kH66",
                "IEI8#",
                "tz6h4",
                "~SJF",
                ":SI&",
                "9%-8",
                "`OqdB",
                "8?x9",
                "n,'h",
                "L~04",
                "]w!f",
                "n%R+.",
                "Il_O",
                "SDd\\",
                "^oD-JH",
                "KGE<",
                "61,-P",
                "#N9'X",
                "aX\"B(",
                "8oIkhS",
                "D$/!0",
                "r'bW",
                "2?CI~|NI",
                "iML#",
                "mvU1",
                "0(\"H",
                "!8)a*",
                "X~8|",
                "uU)^R",
                "8Gj4",
                "|Zq\\E",
                "9Th2",
                "I<rV=5'",
                "`t(#",
                "`DF^",
                "f9U>",
                "F,+B",
                "I\"tU=9",
                "V0T$*",
                "i.`I",
                "X|\"O",
                "-; G,",
                ":$:L",
                "~{M_Z",
                "'X{S",
                "gh);",
                "\\3Sf",
                ":+;V",
                "$pRp",
                "l!nM[",
                "[}V7",
                "\\`1L`.",
                "c'T?",
                "R,Ur",
                "6jd?",
                "IT0|&",
                "%J>+",
                "MIcM",
                "oa:-",
                ")ofPc",
                "W~>j\\",
                "*PfHg",
                "jmFy",
                "4X~f",
                "*N(x8H",
                "c#XX",
                "2f/nT",
                "/w8_4Z",
                "/K|C",
                "vJ$Vy",
                "qbeG",
                "xC*89",
                "VU~]I3ZRt",
                "s;0s",
                "Es_FK",
                ";dSm",
                "dF-hh",
                "0K8#$K",
                "u}&5",
                "==khS",
                "Kcy*",
                "bpOZ}",
                "#kS|",
                ":Nom~",
                "NYty",
                "J6}`2",
                "UeB}",
                "szj+",
                "lQLr",
                "}[4F",
                "i{<PV",
                "F>[)2",
                "GL*2",
                "f74,",
                "+K*s",
                ">bb8",
                "8$E^",
                "|-\"O",
                "k%)>",
                "={4<iYa",
                "^o5Es",
                "QJ4}",
                "/Uc}",
                "(;O)",
                "Q~r#X",
                "xv`m",
                "zVY*jJ",
                "\\xxt",
                "2*,l",
                "lPF[",
                "w/c_",
                "BvG1&2`",
                "Itc^",
                "lvIx",
                "|Fn_",
                "Nv0'",
                ";(PMS",
                "65,Q",
                "0}SP",
                "K[1H,",
                "bx.~",
                "gd@Q",
                "Gt.5",
                "BB`P",
                "T=F0",
                "AHY(",
                "Wk'Bs",
                "{.wN",
                "/_Pi",
                "LuVe",
                "v*]*-",
                "v_N'",
                "|]}Q",
                "3-I1",
                ".LnL",
                "6Ma!",
                "gS(L{",
                "Ov_N",
                "oK(>",
                "]beY",
                "9;?9",
                "\"V<x",
                "DG;@",
                "[_i=",
                "{=}h",
                "fVp[|",
                "o)`j~",
                ":7$aZ",
                "bG-|",
                "\"B7t",
                ",}:&",
                "uxl)p",
                "\":]y-",
                "6]^m8",
                "6$]'C",
                "B?U6z",
                "b,R9_",
                "W2*M",
                "UjJG",
                "t:S&A",
                "KaA6",
                "atOP",
                "{mV=",
                "=n9S",
                "07Q\"N",
                "L$Y5eA",
                "ye!sg{.",
                "p~#BW",
                "`(xM",
                "i[3s",
                "$=M2",
                "ge^%",
                "8*;E",
                "2Mo{@",
                "0<4.",
                "*5K\\",
                "IO-B",
                "j5\\K",
                "NT6/:t[.p",
                "'XLz",
                "`W'*",
                "5bg:$",
                ">`e~",
                "JK?#x",
                "\\UsO",
                "sa-%H",
                "n_V(_",
                "t0um",
                "[$,{",
                "^`JD",
                "[U+AE/",
                "H?*,-",
                "^KG1",
                "9Ylu",
                "F[H9$#g",
                ":~<2",
                "uTNTmV",
                "-S\\]G^",
                ";5zE\"",
                "m7~ ",
                "<4}G",
                "sGl]^|",
                "qd1m",
                "?G$G",
                ",rOA|",
                "8PU=S",
                "#Yp}",
                "f`ek",
                "s>`8",
                "Qzd=",
                "[LNq@/",
                "/QQ]",
                "pi\"Ie",
                "{Uuk",
                "E HA=",
                "o4DU",
                "]AX|",
                "xe?[",
                "zi!H{{%@",
                "Bh\\Y$",
                "6Ghs",
                "dXB7",
                "tY:N",
                "6E!.",
                "%{TJ.",
                "$YD7lWv",
                "r+TT",
                "h4x+",
                "o;@|",
                "G}^e",
                "_)cn",
                ":8E;",
                "6}\"%-f",
                "P=%rT",
                "dH#|t$Rq",
                ",o4Z",
                "_#Yw~9",
                "!JOaH",
                "pn>^",
                "\"pDo",
                "IF2g",
                "_t@W",
                "GHw.V",
                "\\t4>",
                "$s'A0",
                "JZwh",
                "e)'n%bA",
                "X%nr",
                "5rq@zG",
                "c3~j",
                ">zzD",
                "i;pl'",
                ",8sh%",
                "aViT3",
                ">z)P",
                "(t$_",
                "gmsR",
                ";h+!",
                "ovEabF",
                "L)$$",
                "6<nf",
                "`(hcr",
                "PlAG~",
                "\"_SD^= *R",
                "HG1T",
                "E[2V",
                "ZmTRN ",
                "lFm[p",
                "@*v~1",
                "=[Kv",
                "`FO|",
                "p)<['",
                " JS4",
                "V@nM$",
                "qz%W",
                "&Rb*",
                "$ An",
                "x1GC",
                ",~80",
                "\\iO?E",
                "q=pb6",
                "kUA3u",
                "G\\o^!",
                "_+`B",
                "N`<j",
                "-08t",
                "nJ+r",
                "SBoP",
                ",:>/",
                ";B{@",
                "_P 0",
                "?-W<",
                "29|sp",
                "{d.K",
                "/]C8*K",
                "hN!M",
                "wslP",
                "7Q^?",
                "2w}J",
                "$)N8",
                "=G*5",
                "ZWcn",
                "T5L3",
                "xge-",
                "l\\!S",
                ".Ta]T",
                "qYio",
                "@E\"\"",
                "i\\H-",
                "[W3j",
                "{'[E",
                "%+a~",
                "bb*`",
                "2'G^",
                "f<|c",
                "L9#K",
                "V\\/h",
                "*6^i",
                "F,c'",
                "zz!a",
                "o0rJ",
                "',sl",
                "K6;3",
                "ju>Z",
                "<?w<",
                "B$zEB&",
                ";d^\"",
                "^Q@o",
                "l|~t",
                "k3\"N",
                "=I2ie",
                "5Bfl",
                "fog}",
                "9TV0",
                "H=XYh",
                "D-QmL",
                "*#^<",
                "!OFu`",
                "58|G",
                "/n#uF",
                "KSx'",
                "l(Kw",
                "]~K$",
                "K{MJJ\"",
                ".%5rA",
                "a^Ti",
                "db<XZ",
                "mDC4$",
                "Zo!X",
                "BDUg",
                "GS`Gs]$",
                "z7`*",
                "\\rcX",
                "K}d3",
                "A\"~+",
                "lT*$",
                "dMwh",
                "W9b\"=",
                "FnE#y",
                "&-jD",
                "%;dl",
                "+Pgj",
                "/kbj`k",
                "W4_HV",
                "'`oo",
                "VlZ>Nc",
                "y3GB_",
                "meP}",
                "Isf:0{",
                "\"+'q",
                "tv`b2",
                "fRk0",
                ";g_1",
                ".>~y",
                "(C1A",
                ";Vq?",
                "9dE(f",
                "J,gfh",
                "$:EB",
                "CaiJ{b=",
                "iAXS",
                "#2QQ!",
                "S+d'",
                "<z5o",
                "(#,g",
                "C_v>",
                "IeI:",
                "T<%G`",
                "~k't",
                "_Fw\"",
                "'qrp",
                "e,nR",
                "4PX!",
                "rr&wv[",
                "Gty>Ar",
                "RzJ<2",
                "*;-)grW",
                "4a3(",
                ":WFP",
                "`z[Z",
                "p+tf~\"",
                "KrGKLg=[",
                "Wd%MQb?lE",
                "s |C",
                "-Uhi",
                "Q+>Mvs",
                "IS\"w0",
                "v+]G",
                "mU>=",
                "\"/\"A!2",
                "[s~y",
                "\\Uo5",
                "Is^[",
                "HjRi9",
                "o~c>",
                "Wji&",
                "ep-rD",
                "4*I'f",
                "2H1,!",
                "64{FQI",
                "gu9g",
                "d<.9",
                "#jJr",
                "^R)V(",
                ">>-@",
                "Ty4\\}",
                "ha#\\pz",
                "/wr1",
                "{m-*",
                "GM=3",
                "xqIF8",
                "/9[A",
                "7}e8",
                "^ho+",
                "lkZ}[~.",
                "vgM~*a",
                "u;I!]",
                "e1CH",
                "D4Pf_`z2l",
                "3PJ)",
                "|Gg.",
                "+;AON",
                "HC,-",
                "14JF",
                "$LL\"",
                "qo0Q",
                "m)al",
                "L`c7",
                "nE]L",
                "9B$K~Q",
                "}fD\\/(",
                "1u`\\",
                "hqvo",
                "nXd+",
                "9cZ'",
                "<[9A",
                "s#)xg",
                "LwJX",
                "GEWkMY/t%",
                "|QXM",
                "4W^tJ",
                "_Mbn",
                "Yoz E%44|W",
                "sGtG",
                "c*UFm",
                "8)[T",
                " 7yb",
                "ue7X",
                "(F&/",
                "PV+Q",
                "`24o",
                "`%;b",
                "QGCq#N9",
                "en|9L~",
                "(Am$",
                "+#Xp",
                "\"!MqP",
                "10vA0",
                "r\\`u",
                "/<d$",
                "NVsM/tb\"",
                "1ap>",
                "{,;K{",
                "l]-P",
                "v~VI",
                "WE4#",
                "6f`t",
                "bj*W",
                "yV?S",
                "!+p7Db",
                "'U;6",
                "<f@X ",
                "fdj<",
                "{@X+]",
                "Gd3a",
                ")oPB",
                "Aq5+v",
                "\\O^X$",
                "AMEkHC%",
                "&brU",
                "gr!j2iL",
                "IK,!cZ",
                "u^eK@",
                "sOr+M$Qmm\\t",
                "G2eh",
                "+96P|",
                "R'`y",
                "F^2/",
                "nH&D",
                ":qwu",
                "dCwB",
                "E|w[",
                "fv)A[",
                "?D9z",
                "y83A",
                "9F><eP4",
                "%K|mo",
                "D+O8L",
                "Wo4F",
                "C\"J5",
                "fk}d",
                "06%9 {",
                "$DQ#",
                "b9hV",
                ";_R%L",
                "H?8{m",
                "BZ9n",
                ";.CA",
                "%QIe",
                "3$ZL)<Y",
                "x{fw",
                "O-8k",
                "xyvn",
                "W~5Z",
                "%-)gb(",
                "m1ND",
                "vpP,",
                "%MmX4",
                "0j]<>",
                "rJ#1",
                "8.e7*f",
                "6l/8",
                "_z(a",
                "(xQQ",
                "wphi",
                "8ch<IQ",
                "P^BQ#",
                "f889",
                "3ID,V+GH\\",
                "?,`+",
                "L=q7",
                "@\\z%",
                "2E7C0",
                "=;CA)",
                "5Y-q",
                "2dM!",
                "pKt5",
                ">eh)J",
                "J'>fl",
                "4b0g<",
                "R#5t",
                "{ZIs",
                "eI<Qju",
                "J=JcY",
                "U',ke",
                "iP=T",
                "?=#g_`k",
                "'F'V",
                "5X3Cw` ^*)",
                "suFJ",
                "s8f?",
                "X[m?",
                "VNfD",
                "9V!N-",
                ";J>Unx",
                "kFJJ",
                "xC+Skgd",
                "QK+B|",
                "OQ`|0",
                "(,s7}",
                "Wwfik",
                "<%}$Y",
                "iwQ[",
                " CL5=",
                "qP>>8n",
                "HG\"+",
                "X+Wa",
                "S4'K",
                "[E\"P{",
                "z}u[Vm!",
                "WUoi[",
                "\\Ubf",
                "fV3^'",
                "Hm:L",
                "`uXWSgc",
                "dKG{6",
                "n*rk",
                "J?Z%",
                "3SR55",
                "~-d#i",
                "[yX[",
                "q96PX%",
                "x7qO",
                "8jL,i",
                "6?d,\\5n9",
                "GmK,",
                "l%)PO{",
                ".e!,",
                ";-fN!",
                "s_onU",
                "GetModuleHandleA",
                "GetProcAddress",
                "KERNEL32.DLL",
                "USER32.dll",
                "GetDC",
                "GDI32.dll",
                "ArcTo",
                "comdlg32.dll",
                "GetFileTitleA",
                "WINSPOOL.DRV",
                "ClosePrinter",
                "SHELL32.dll",
                "SHGetFileInfoA",
                "COMCTL32.dll",
                "UWVS",
                "9L$ts",
                "D$xf",
                "T$L3",
                ";\\$L",
                "9L$t",
                "t$t#t$l",
                "D$Hf",
                "T$sf",
                "D$t#D$h",
                "+L$d",
                "D$t+D$\\",
                ".)D$H+",
                ")D$H+",
                "L$H+",
                "t$`+",
                "t$8w",
                "L$xf",
                "D$X3",
                "L$8f+",
                "L$8f",
                "s`)L$4",
                "l$8f+",
                "D$8f",
                "l$X3",
                "T$Df",
                "t$Hf",
                "t$(N",
                "t$(u",
                "l$$M",
                "l$$u",
                ";|$Hr",
                "+|$H",
                "t$\\tZ",
                "9l$\\w`",
                "+D$\\",
                "D$tIt",
                "9l$tr",
                "9D$t",
                "|[^_]"
            ]
        }
    ]
}