{
    "malware_data": [
        {
            "filename": "33b845f4977885ba03d8de6bc260847dd0ec6dc9489a2da3071701b160a1ddec.exe",
            "filetype": "4D5A9000",
            "filesize": "331KB",
            "hash_sha256": "33b845f4977885ba03d8de6bc260847dd0ec6dc9489a2da3071701b160a1ddec",
            "strings": [
                "!This program cannot be run in DOS mode.",
                ".text",
                "`.rsrc",
                "@.reloc",
                "Vzi ",
                " 7<x_ ",
                "ra~:",
                "7/_Y M",
                ".f r=",
                "!a~:",
                "F8(a~:",
                "b 695",
                "ij~b",
                "('tBf(;",
                "CYb(s",
                "kJ2 ",
                "(T4}]~",
                "(;YvI",
                "(p\\>I(L",
                "SN(V",
                "=7V ",
                "P1c~",
                "?_d ",
                " vT2",
                "f_`X",
                "f`aX",
                "_b`*",
                "vlmX",
                "XjXo7",
                "(ZjX",
                " Xn(",
                "%%o6",
                "*Z(f",
                "%6(s",
                ":.(p",
                "<Q^~",
                "(^'$B",
                "(<1Ud",
                "('?`/",
                "(y0s1 ",
                "z*~:",
                "k5~;",
                "??~;",
                "(rwDN",
                "|1~=",
                "3a~:",
                "!% 1",
                "MC~@",
                "~H~A",
                "(Xt/i",
                "(;;LF",
                "[jm*",
                "(0 :",
                "ua~:",
                "(;%eI",
                "(U9@>",
                "=[A ",
                "%%~z",
                "sh(s",
                "bH~J",
                "PJ~J",
                "(vv#\\",
                "TcP ",
                "f7(s",
                "6S/(",
                "(UfUG(",
                "(qu1D",
                "vlsu",
                "#:0 ",
                "(XO@< ",
                "neis`",
                "(we]P ",
                "%a5 ",
                "(\"X ",
                "(I#l[ ",
                "R.` ",
                "HOi ",
                "_bs`",
                "_cs`",
                "GqZ ",
                "_dsa",
                "(NO1J ",
                "h!L ",
                "(AzdM~S",
                "(4$^c",
                "(7CA0",
                "(geWm",
                "(7KsW",
                "(@Z37",
                "(zn'l",
                "(#=jc",
                "(W' k",
                "(\"f.] ",
                "(0#*7 ",
                "(i,.N(\\",
                "(5_'[",
                "M0b(s",
                "(Wa^7(\\",
                "Y.(\\",
                "(\\dlj ",
                "(y8zn",
                "(\\il[",
                "({|!1",
                "(wyAL",
                "W`d ",
                "eg7 ",
                "(01Ta",
                "?_bs",
                "(<8 ",
                "?_cs",
                "?_ds",
                "DF5 ",
                "M2X ",
                "(kNV< ",
                "vF7(p",
                "(TiEg~^",
                "5D~^",
                "(h1I4",
                "((U8<",
                "(;JL8",
                "m@F /",
                "kX(s",
                "jP7s",
                "dgG(",
                "(u_ 0 ",
                "pD_ ",
                "(o:68",
                "(b->B",
                "(rgW@ ",
                "UZI ",
                "(FyS6 ",
                "(1YQB ",
                "(#E%[ ",
                "o0N ",
                "|e< ",
                "(hc,` ",
                "_bjs",
                "_cjs",
                "_dns",
                "(1@&B",
                "3v> ",
                "(G8RL ",
                "{Ij ",
                "3g( ",
                ".?~a",
                "(f1LX~a",
                "(!CYK",
                "(\\m9K",
                "(^N5a",
                "(8UOj",
                "(V\"qP",
                "(We$n",
                "({y<S",
                "(byTF",
                "(R1mY",
                "5B(o",
                " {Z(p",
                "pC~b",
                "23f~b",
                "tJ? ",
                "([Y^W",
                "(?cTG",
                "(<}kO",
                "(sZ9W",
                "($e;@",
                "%oD ",
                "eksy",
                "elsu",
                "!mP ",
                "ONE ",
                "jEVs",
                "8dYs",
                "pwbs",
                "\\'5s",
                "(r'Ec ",
                "rWh ",
                "c[d ",
                "(;?;X(p",
                "(?25k",
                "(>t=g(s",
                "(pz?C(",
                "(Ee#f~h",
                "Gug~h",
                "(%G=2(",
                "rd~i",
                "(.;#0 ",
                "|RN(s",
                "()%9W~l",
                "-8R(s",
                "nc(p",
                "U=~m",
                "=P~m",
                "pr\\ ",
                "LkW ",
                "X9(\"",
                "(r<<S",
                "Qd~p",
                "#m~p",
                "@?(/",
                "(dG i(p",
                "(jDde",
                "(zJxN~s",
                "027(E",
                "A*> ",
                "(I6AX(p",
                "( N%e",
                "^3~v",
                "(?'n1",
                "ms.s",
                "(^j9l ",
                "jkR ",
                "M`W~y",
                "Zlf~y",
                "'@(s",
                "FQ\\ ",
                "cID ",
                ")Y~|",
                "o7~|",
                "(WE@=(",
                "48(p",
                "(m]7X",
                "(&RO8~",
                "jvF~",
                "}Hj(",
                "(Qu#.(",
                "(u^JR(p",
                "\"e(s",
                ":bh(",
                "SRl~",
                "(&!JC(s",
                "(p3Wh",
                "t<(p",
                "(nmA< ",
                "eci ",
                "kVm ",
                "()Z3K ",
                "(`R5g ",
                "_k @",
                "+9%D",
                "Qsh ",
                ".[ /",
                "},J ",
                "(WQ&c ",
                "qY(}",
                "(j<H>",
                "(uith",
                "(hidn",
                "(JQnX",
                "(MhU9",
                "('x36",
                "( iH/",
                "(Qq.K",
                "(]<$f",
                "(Z^/A",
                "((VmQ",
                "(5b)T",
                "(*aXD",
                "(&3yB",
                "(,\\%_~",
                "(RSz7",
                "(^}I.",
                "Y_ \"",
                "z8A(",
                "/&^~",
                "(rt)h",
                "(K6AY(",
                "(oL:n ",
                "j94 ",
                "2NM(p",
                "Uq1~",
                "j)h ",
                "(06,G",
                "ya>~",
                "(BaC6",
                "%bB ",
                "B@<(s",
                ".n~'",
                "8?b ",
                "y=~>",
                "J>~>",
                "(J`;e",
                "(?`jk",
                "(>d,b",
                "(n2sk",
                "(W~}<",
                "({nUZ",
                "(7dIR",
                "(o01n",
                "(Jm5Y",
                "(}trG",
                "(F*mC",
                "(t]<B",
                "(F~kL",
                "(ayPT",
                "(c\"!V",
                "( /dH",
                "(qF{W",
                "(5gnM",
                "(~%+m",
                "(dO}3",
                "(m\\pg",
                "(z/\"N",
                "(Nd0Q",
                "(CX\\R",
                "({d<a",
                "(u[pf",
                "(K$`P",
                "(*Hr<",
                "(=w a",
                "(n@:.",
                "(fe32",
                "(C#LG",
                "(VQvO",
                "(g{(R",
                "(j<@Q",
                "BSJB",
                "v4.0.30319",
                "#Strings",
                "#GUID",
                "#Blob",
                "C%,%",
                "C4-4",
                "T],%",
                "W&O I",
                "L,_ Y",
                "(#j Y",
                "L,x ",
                "W&\"!i",
                "#e!i",
                "3)7!",
                "WORK",
                "CompilationRelaxationsAttribute",
                "System.Runtime.CompilerServices",
                "mscorlib",
                ".ctor",
                "Void",
                "System",
                "Int32",
                "Boolean",
                "RuntimeCompatibilityAttribute",
                "DebuggableAttribute",
                "System.Diagnostics",
                "DebuggingModes",
                "AssemblyTitleAttribute",
                "System.Reflection",
                "String",
                "AssemblyDescriptionAttribute",
                "AssemblyConfigurationAttribute",
                "AssemblyCompanyAttribute",
                "AssemblyProductAttribute",
                "AssemblyCopyrightAttribute",
                "AssemblyTrademarkAttribute",
                "ComVisibleAttribute",
                "System.Runtime.InteropServices",
                "GuidAttribute",
                "AssemblyFileVersionAttribute",
                "TargetFrameworkAttribute",
                "System.Runtime.Versioning",
                "SuppressIldasmAttribute",
                "6deb9b7c-af31-4e18-8835-fb7f456ca498",
                "WORK.exe",
                "<Module>",
                "Program",
                "Object",
                "Resources",
                "Study.Properties",
                "Settings",
                "ApplicationSettingsBase",
                "System.Configuration",
                "<Module>{CEA9F617-408A-4D89-BACB-BA3179AD5E3E}",
                "eBAeUnDesS152cY3JS",
                "zN5BRFXsq596jZOTf5",
                "SFU4mbT3GMret7THonf",
                "MulticastDelegate",
                "gBMthepoZSL1ZVKpeA",
                "UwVuqLlLJvprAoS3fc",
                "PQMMJG7VyMAxBFbm6p",
                "F9PM6MZtTNkOqi52iJ",
                "Attribute",
                "Wl7MnODKkrZ6Bh6C4wF`1",
                "xTuFuFBOZeLGGT4vUi",
                "kVigGJwa7MmmVecn9y",
                "voSoEQ21oYJvG6Puy1",
                "bqOOkFIIPmT7b9OaZC",
                "ValueType",
                "O6dh0ELPRTc6CQahBP",
                "EGys2wWRFjycbEMAIX",
                "qDpHByO418JF0HdE1R",
                "jDIuK3og8jGii502q8",
                "yELBDsnIOkP2xpqE5M",
                "HiQw6R9JAsUpCLlJBT",
                "J10w5Rf973Fgv8P7Wd",
                "oXQlWXjnUhUCT01WFm",
                "Enum",
                "dil2BPgckjnUlJwuku",
                "g8T6n6RbLPwmR1ScAJ",
                "QEufCCGya4rdLbxFJI",
                "nEyURFHAwpOIlQSCQL",
                "GSKpiUyewQVjl3ll2g",
                "vNKsxKd0wrmoaC06rA",
                "UWxILmaUcGlHWV0C63",
                "qyicpTelIAcsCcLxq5",
                "eRtoUikQAUlfmrcXhP",
                "eATNPsJxmh8mp7aUYd",
                "z52ZiBDdcUMGx5Wt8Ae",
                "VJjuTpD6U7rmN6RZf8a",
                "siMqSoDcIFyW1nnQhCt",
                "HwVoFxDxLmeaUikk9w0",
                "TWNiXyDs5ET0bIukNSG",
                "eB7IvUDk4Nedsox35hG",
                "uOLp5LDJjfXnjy3NudX",
                "aYttpVD7ip3RW7oTl6U",
                "gFnCrWDZjynfyP8o9FX",
                "H8j44HDBW3ynsPfND5R",
                "Exception",
                "ofiLIIDwjDkfL6JjtI8",
                "DWqdRxD2VKNkykh2CLt",
                "PfSgXsDIHVdQdggPb83",
                "MfMwGuDLQo9laAwIFws",
                "gVtInyDWpRbNOUxs3Fq",
                "Xb1U5QDO8CHIFdVtCca",
                "bHMrlCDoMQFJee77E2h",
                "T4DXlaDnXDhQVa3quXl",
                "T9vbkTD9TkY7qwek7TW",
                "fCLt5WDfvxcUDTpIufm",
                "sIxAtoDjIqXaFHRdPJL",
                "tMsWGkDaVDlNEulLUi0",
                "DmXfisDeNa8bp6gwjHX",
                "k4YjjXDCpZ7NlgbB2a6",
                "N8CPfgD4MTB78CQkdWa",
                "KrWZVYD30jBJogRfLoa",
                "nnKrtaDQEh0noeeYNbv",
                "PIEUfjDhMvwL8nGLHqS",
                "xUBSvLDrNyQFvQoy4mU",
                "SSivRnDPtk0x32AsqSn",
                "AHdhEgDv4FIOxsf9Qwp",
                "nKr39mDAF3kYXkoGGcK",
                "bbjiMEDSE9hn0GKyrsJ",
                "lnTcfWD1hkPFoefKCV4",
                "trq87RDNTCJwwJ1spxe",
                "sXmZerDqE7T1phjaocw",
                "jIGInsDbcIZ1rJPTsEK",
                "CHEhWRDFfhcPjAMN9HD",
                "aa9FZxDinAnwWXPJclh`1",
                "<PrivateImplementationDetails>{AB93BEBC-50AA-4B62-8E70-26D38CB652E5}",
                "__StaticArrayInitTypeSize=16",
                "__StaticArrayInitTypeSize=18",
                "__StaticArrayInitTypeSize=30",
                "__StaticArrayInitTypeSize=32",
                "__StaticArrayInitTypeSize=40",
                "__StaticArrayInitTypeSize=64",
                "__StaticArrayInitTypeSize=256",
                "<Module>{5e10fd9f-e57e-42a5-94f6-4fcba6ebb315}",
                "e1vx3FlbjO0u2QqjTyL",
                "YuUFUFlxMNpE4WDMGPu",
                "wntwyylAFTcrZx1pgad",
                "HP467wldTaXEivTO4sO",
                "ragvUPl3imHUVNxHOcd",
                "Netk4pls1Vvw7JDUmqg",
                "WkAj4KlCAxwf6725xOI",
                "TpeQ2VlelXpCq0j3Hs4",
                "BEYBtclmN1S9Zc4eR7J",
                "LvnXxJl1sO5iOntE7BA",
                "ObYrjWl0O6Mjf7FHGMW",
                "lUMJlEliycoFGv3bfBk",
                "V3a7dvlggodWZdKoOSc",
                "IC289clYUdRA6jT0yE5",
                "eWkfbulVTke2nWD3tmt",
                "GRWWkmlz1DDkZOMtLmZ",
                "WoMP7J9lQadPKYbr4MV",
                "siEbfO9Ekl1rmxAKvB7",
                "SHOeBY9Z96f8hEqQQkC",
                "of15Jc9nlLwN5KLCe8W",
                "a5d49E9TcBjQkXTasm9",
                "nbq3Vf9JmrC8gKaFpX1",
                "MfLOcj9OVhjxrs3v0pC",
                "feI1Qs9uLfJvcDyPDkC",
                "BdFHJR984WeFtRuFtVJ",
                "fLffdI9h3F9nOfShNBX",
                "DjRnnr9M6QgBMN767FN",
                "QNXayG9y24TXbdd2ncS",
                "FJceVk9valpKS5Zc2I1",
                "CLjq8m9IPKro9DAULAj",
                "tWSYrQ9Xrrq2Ro5RC7X",
                "OBOiVb9bB5rn6sQ1VDW",
                "Hn7hJw9xJsuTfCWS8os",
                "uQTUvf9AkleeAb3p9Au",
                "lhErdp9dmlOUBT5uV3g",
                "PfHyVn93fakknu7RxlU",
                "NOUfsT9s2JILNHNioQU",
                "aM31QS9CwMvAIgK36Gi",
                "uE6fki9eE9TGIR9UvXT",
                "Wyof9w9mfSWC21F4xLr",
                "Npijjl91efMAErg4UOA",
                "nyuQge90FBIywm7KXjN",
                "Gh7gKn9ijnqSfFSgnhR",
                "BCJXva9gr3hYxDHEXeg",
                "nQN17N9YNMG7sTGMGBW",
                "eq6UWk9VW3OQO0Ok4Q8",
                "EX3Dcs9zBA5qAYY7Gtl",
                "H5aPdPElee01P5GjMXT",
                "dhrnNiEE6iP5IUR21vt",
                "I9gVcQEZvZfQUvjVKXL",
                "y6oqdcEnNFMI44oB1LC",
                "y3TeBgETN1h0gOhhpvy",
                "gTq89uEJed36movtZRA",
                "ky7939EOTXPbN0UJsWi",
                "LcDXMaEuWyq7utdYx8l",
                "b6i1iVE8wkGsuGoMP3H",
                "ggma1QEhElpd32kroHD",
                "xeDMLnEMYTSrvjpOtWV",
                "J5gJ07EymWFnTjxhfKA",
                "UfFsslEvcvQFDS0BXUD",
                "f0R3VhEIPsBdKnWUe4Z",
                "zA5GVaEXwpZJyEYcMWe",
                "rw4YO0Eb0V8AaZgtBSK",
                "mDWSegExuriAA2So3kg",
                "qSsAuyEAYRvAnMOZtXV",
                "Kxhw4HEdBy2hG5llmR1",
                "O6Tsm8E3ruVocf3AXCL",
                "bOTSvXEsyx61pjlMfJ6",
                "OToXTSECFgK4hY6gK6K",
                "RLK7ybEelcldGewBhha",
                "Xn8y8oEmn9rPcgVBXUK",
                "QYyXuOE1vZFrWqTNHhn",
                "axKBmfE0IZvokm8giEv",
                "R9DRGgEi610lL3JaeM2",
                "RHxt3KEgOVCXfXdn8gJ",
                "HEGyB1EYE9sRSOdVdSf",
                "LHq995EVexxLuGxfpqk",
                "vRen8nEzX1vfKLR2qr9",
                "GF1AIKrlynNhG2eDxtU",
                "jbeLMprE1w7SwgMPEyh",
                "JvPNsLrZcoNlYLZLE1Q",
                "vSiqZOrnYvX0umPwCC3",
                "TVhsYSrTPWHHoe8KE3T",
                "YpjI7krJgEMZiiXDy4M",
                "UoH7S8rOTaerI1hnonk",
                "zQpGY4ruRC33C1dX2KG",
                "qZ2T56r8fqe2l1dWS9H",
                "DOHiagrhdLZAPMEcQwo",
                "NVy18UrMvUtKk3Df6s7",
                "PxWijPryHaYlfn06QUe",
                "cpYB4qrvrBJtZ8i6PXS",
                "M4yQGlrIlsAlLVpwDyl",
                "rXQAfDrXqyZJagcNaCN",
                "A3WaOGrbwTLfjNOYXaa",
                "VZLqkFrx0ldDme5uIRR",
                "ByBH8krAZoI0yWmgAUp",
                "Gu6QDCrdOv4F5wS9N24",
                "TlAY7kr3eF7idbMQMEt",
                "KGMhpers8tCoqltEHdo",
                "cLjhAPrCLmIbo1E2bS6",
                "BG0LkRre5k8Du97EiQM",
                "Y3t2eRrmnlstaHSSYn4",
                "OO21Mmr1ov7p6lP4yQI",
                "DsdCIur0F2m5UtN7GO2",
                "SKApAbriqDmt7WSCMoB",
                "yaUUKRrgQjqAIQu1oGI",
                "cwiO4WrY1gOceOYjDaZ",
                "a7h93xrVmVctNKbCuyB",
                "PQqi9srziERYbBIvSQP",
                "SYWNT1ZlZjG49TlaKZh",
                "gvjUFAZEYN24xFQ4PyV",
                "iZGiYyZZ6HC9wQFj0wH",
                "kLm8j8Zn14rSH5XMyZN",
                "UOFhrLZTs8hPMDF54aE",
                "g4VySLZJTDoe44HNda7",
                "FcOUA4ZO6tSHt8YNyKh",
                "YdMSexZuxrDIvXHs5ot",
                "GamHLnZ8nrwvyYs1F14",
                "fwJ1sxZh1gca10MpXGy",
                "vsaPCdZMAjCv7aa3J90",
                "hRPH8aZyZjw5kThLmZ8",
                "kfk6fRZvPBnPCUoPFNS",
                "rh6yuNZIVfAmkNfUwZ7",
                "QQng5lZXk0HbLvTGkLt",
                "QgBiIxZbM8C3eAN1sRr",
                "iWL71AZxQKIoPrfU423",
                "JkNaGdZAR4uVlSATFuw",
                "EW6jyTZdOuQ9IOIA4Rq",
                "xUTmpXZ3e3lW7JVb0Vw",
                "OI2ip6ZsuBppDv4vgmO",
                "zbe2CxZCHyXjRa2hWDP",
                "tX96KtZevV3gqAES8al",
                "t0UmZ7ZmJC2qvQjDBPe",
                "ILcXTaZ16qrbBog0JcZ",
                "FBXfUQZ0CXwAcop42QO",
                "XqS23yZiPpMllcQsbC6",
                "tqVduPZgVmDyKt9RTlb",
                "fqxZ42ZYCLdfBtO0q1h",
                "gyGpmOZVMUbLnsD2KCj",
                "gaMZ3fZzcAK1AucFG1T",
                "rs3BSpSlwKU3RAcZQ9H",
                "ea6RsfSEJC2GvrjMm1T",
                "H5oJswSZUfcKS7ww04g",
                "fr2ainSn6AFtph5oswp",
                "rR1XRwSTue77MKMwLRK",
                "nVyOhmSJ7HKuMJssiCp",
                "Xq2NZ2SOvVa1lGRMdhF",
                "Fetb96SucMyb31BclsR",
                "zedm1kS8PrxDw1R0BYK",
                "kHnp6NSh0rjdYa0KwGg",
                "o8YUeuSMZlN298ASbA8",
                "xNAIHHSylXMsc3jSxyX",
                "RLLthYSvQX4Ewn0A4IY",
                "YuP2m4SIAPkb3GElO10",
                "geWpLVSXvGP5D0HD2yZ",
                "Pmwhi2SbU0KpNH61ow1",
                "iOv7m3Sx9WvK2iyU1bA",
                "f8DBFD79D48A6235",
                "etum2jSAJnYtyXv0kdZ",
                "m8DBFD79D48AC7C6",
                "TimeSpan",
                "DateTime",
                ".cctor",
                "BkmiHXSBXKe2jI8qx3G",
                "doLrA7S3twKrNKHG0pN",
                "Gd6ipCSDYiKp5loPx6D",
                "cvEhXDSdnnqV1v2iFyM",
                "bMAVv2S2ByysrsEAoEA",
                "xltdDhSsaEGka7xX0vF",
                "yeddekfizebbi",
                "UInt32",
                "nikommek",
                "TeQZBdSfvVVo7e7xa7t",
                "VirtualAlloc",
                "IntPtr",
                "lpStartAddr",
                "UIntPtr",
                "size",
                "flAllocationType",
                "flProtect",
                "kernel32",
                "CreateThread",
                "lpThreadAttributes",
                "dwStackSize",
                "lpStartAddress",
                "param",
                "dwCreationFlags",
                "lpThreadId",
                "WaitForSingleObject",
                "hHandle",
                "dwMilliseconds",
                "Main",
                "RegistryKey",
                "Microsoft.Win32",
                "Byte",
                "Timer",
                "System.Threading",
                "ProcessStartInfo",
                "Registry",
                "CurrentUser",
                "TimerCallback",
                "RestoreInternetAccess",
                "state",
                "ya3melkeyjdid",
                "toulelkey",
                "RNGCryptoServiceProvider",
                "System.Security.Cryptography",
                "DownloadFile",
                "destinationPath",
                "WebClient",
                "System.Net",
                "EncryptFile",
                "elibechyethal",
                "outputFile",
                "FileStream",
                "System.IO",
                "CryptoStream",
                "ICryptoTransform",
                "Array",
                "Resize",
                "FileMode",
                "Stream",
                "CryptoStreamMode",
                "DecryptFile",
                "RunInMemory",
                "filePath",
                "Zero",
                "RunPowerShellCommand",
                "command",
                "PowerShell",
                "System.Management.Automation",
                "IEnumerator`1",
                "System.Collections.Generic",
                "PSObject",
                "ErrorRecord",
                "Collection`1",
                "System.Collections.ObjectModel",
                "Invoke",
                "GetEnumerator",
                "get_Current",
                "PSDataCollection`1",
                "avH4i5SCn6FaOL3J4Rq",
                "EguEk2S7ATvf43kBEn6",
                "KoomDrSeitYwGutMvsw",
                "Ty2bFqSGCE2JvxQZgt1",
                "NqY0htSmKiN5O3SLnjd",
                "NeAinwSww4KebNByGxP",
                "wiOXh2S1XKLLH0HR69R",
                "yj1sWmS43OiPk8aQLR3",
                "pqfnuyS0EyXBpjRcBB6",
                "ujnKILSjnbN7JZDScJG",
                "iqOQ9VSi3GFvGUAcPkL",
                "cZGowdSkKr0V15fPSKy",
                "t7Jhj3Sgcb4qDKbovTs",
                "lPgSgkSttDdSBCtocEi",
                "oj2NTMSYBK7KYY1cLJi",
                "ipKb8USHiNrNHtV5Ovx",
                "rhCVOcSVwTFnnAfCpfm",
                "T551PkSqEq3Ww4KEQp7",
                "hMF40rSzK35YRCka0Es",
                "UInt64",
                "HJhLVsnpH9sXS3nWPhA",
                "UTVNV5nlkXUjk2kqUJ4",
                "P9KGWKn902d792yqW45",
                "OjXRBxnEQBTdY2xaCMH",
                "KJ1CuAnrd5hxHhpvjm6",
                "C2tfAGnZ3xNR2eHZOcm",
                "bIJyKnnSUqGC0yIlcJT",
                "ouJXHLnnhc1rKpw0y00",
                "kn0lnXnR4csO1myTS2d",
                "e1f4ejnTfcK7FHdo06x",
                "oH5YASnP7Yw6veMMDsS",
                "yL3uJhnJxqABMNZ8kdv",
                "EQLaxmnLHjAhdOTJHhA",
                "resourceMan",
                "ResourceManager",
                "System.Resources",
                "resourceCulture",
                "CultureInfo",
                "System.Globalization",
                "UmaL1GnOGxCjfRfnS1c",
                "get_ResourceManager",
                "Assembly",
                "get_Culture",
                "set_Culture",
                "value",
                "Kq1LYenKtdWKNusd9nw",
                "houeqsn8NVZDdKmTdWh",
                "U67w1hncGG1pZKR8KTc",
                "hTMFEtnujSneWbwAHxM",
                "hkOUfWna9ZcQHG0Wxhw",
                "Type",
                "RuntimeTypeHandle",
                "yxHIZOnh5OMPipQun2o",
                "NC8njGnoAMOlTenNRB4",
                "Culture",
                "defaultInstance",
                "j5IiNmnMWIJAZrEtk6n",
                "get_Default",
                "H0Y5M9nU6v69tIw288X",
                "viRqocnyF10jeq9QRDv",
                "VuxRM3nFu3QPsbhRKv3",
                "rVO3NWnvqMgbuaJCPsr",
                "MoLrwPnQr94HfSa3m7c",
                "fVesggnIdsSMbU7jrf8",
                "Default",
                "r1Q3Nvnbx9dJE5Ed11W",
                "eBADeUnes",
                "R9hflZnW2mZetu1oyiI",
                "O8fafspatd",
                "typemdt",
                "FieldInfo",
                "MethodInfo",
                "PDmS8gnALgJwYXMDq9D",
                "cdghfunDT0fbraNIVJF",
                "qCIM9Jndp33MqBfgIqr",
                "xrtvDVnBjtET6Wv9D3O",
                "tAeGOEnxXfBb75s3yWZ",
                "vAE0ron5Ku95605mjpV",
                "coXDXRn3jKoZqqNIfEd",
                "pO9mrvn2Ro6EFJdsJFa",
                "jJHh54nsHjpitpYS0u0",
                "DjPwsknfwlJHwXjLS4k",
                "object",
                "method",
                "BeginInvoke",
                "IAsyncResult",
                "AsyncCallback",
                "callback",
                "EndInvoke",
                "result",
                "R0HDldE1Ru",
                "bnUDYhUCT0",
                "Int64",
                "i0CD663syi",
                "D73D0Fgv8P",
                "NsUDVpCLlJ",
                "JahDEBPjGy",
                "RIPMmT7b9",
                "JQMDW05qHS",
                "CyB8oSoEQ",
                "ymUDdcGlHW",
                "X4iDtQw6RJ",
                "FbxDIgIUp6",
                "tWdDU6XQlW",
                "giiDR502q8",
                "S0VKigGJa",
                "ppTDclIAcs",
                "wo1D7fLWvm",
                "gFUDJSgT9X",
                "AaZ5C16dh",
                "Dictionary`2",
                "firstrundone",
                "DdlDZkxONl",
                "kEPzRTc6C",
                "vTQDu10w5R",
                "aIuDgK3g8j",
                "BmwDsdqaTf",
                "tMmvmVecn",
                "WaOD28GCXh",
                "sPnDBtdmpC",
                "REMDXAIXxD",
                "List`1",
                "OWFDym8WxI",
                "HcLDxxq5YJ",
                "GUKDk4e99u",
                "srHDLNNYti",
                "yELDGBDsIO",
                "C0TDwuRAdm",
                "r2wDDRFjyc",
                "jy1mDqOOk",
                "OoYTJvG6P",
                "cHBDpy418J",
                "sP2DHxpqE5",
                "GetTypeFromHandle",
                "get_Assembly",
                "RuntimeHelpers",
                "InitializeArray",
                "RuntimeFieldHandle",
                "SortedList",
                "System.Collections",
                "Hashtable",
                "RSACryptoServiceProvider",
                "set_UseMachineKeyStore",
                "XoraCwQOI9",
                "N15X2cY3J",
                "BitConverter",
                "GetBytes",
                "Copy",
                "NWNp5BRFs",
                "UInt16",
                "Q59l6jZOT",
                "D5HgBMthe",
                "BZSRL1ZVK",
                "ceAGvwVuq",
                "yLJHvprAo",
                "N3ftclil2",
                "vPcVkjnUl",
                "SymmetricAlgorithm",
                "AesCryptoServiceProvider",
                "System.Core",
                "RijndaelManaged",
                "Activator",
                "CreateInstance",
                "ObjectHandle",
                "System.Runtime.Remoting",
                "Unwrap",
                "swuukuG8T",
                "MD5CryptoServiceProvider",
                "CryptoConfig",
                "get_AllowOnlyFipsAlgorithms",
                "on60bLPwm",
                "HashAlgorithm",
                "ComputeHash",
                "f1SUcAJqE",
                "Read",
                "jfCYCya4r",
                "TransformBlock",
                "nLbyxFJId",
                "BinaryReader",
                "get_BaseStream",
                "set_Position",
                "ReadUInt32",
                "ayUdRFAwp",
                "FileAccess",
                "FileShare",
                "AIl6QSCQL",
                "ParameterInfo",
                "DynamicMethod",
                "System.Reflection.Emit",
                "ILGenerator",
                "Monitor",
                "Enter",
                "GetManifestResourceStream",
                "get_Length",
                "ReadBytes",
                "Close",
                "MemoryStream",
                "Exit",
                "GetFields",
                "BindingFlags",
                "MemberInfo",
                "get_MetadataToken",
                "get_Item",
                "get_Module",
                "Module",
                "GetGenericArguments",
                "ResolveMethod",
                "MethodBase",
                "get_IsStatic",
                "get_FieldType",
                "Delegate",
                "CreateDelegate",
                "SetValue",
                "GetParameters",
                "get_DeclaringType",
                "get_IsValueType",
                "MakeByRefType",
                "get_ParameterType",
                "Empty",
                "get_ReturnType",
                "GetILGenerator",
                "OpCode",
                "OpCodes",
                "Ldarg_0",
                "Emit",
                "Ldarg_1",
                "Ldarg_2",
                "Ldarg_3",
                "Ldarg_S",
                "Tailcall",
                "Call",
                "Callvirt",
                "bDQxHjdMC",
                "fULkRmyUC",
                "Debugger",
                "get_IsAttached",
                "tDSJJEF6p",
                "wsO7HTGYd",
                "StackFrame",
                "GetMethod",
                "op_Inequality",
                "ToInt32",
                "get_Count",
                "Encoding",
                "System.Text",
                "get_Unicode",
                "GetString",
                "T1sZb1VvD",
                "Trim",
                "Convert",
                "FromBase64String",
                "Y0HBSFcr0",
                "TVtwfqXgW",
                "XRm2fXgqD",
                "Marshal",
                "NPhL76lHM",
                "get_Location",
                "File",
                "Exists",
                "GetName",
                "AssemblyName",
                "get_CodeBase",
                "ToString",
                "Replace",
                "GetType",
                "GetProperty",
                "PropertyInfo",
                "GetValue",
                "E4kWl7sCS",
                "LoadLibrary",
                "TpiOUewQV",
                "GetProcAddress",
                "El3oll2gB",
                "Concat",
                "GetDelegateForFunctionPointer",
                "PKsnxK0wr",
                "Woa9C06rA",
                "weAfrU7CZ",
                "MEpjih5pT",
                "rSXaIHKet",
                "xTuFFuFOZ",
                "op_Equality",
                "jq5eeqteH",
                "IDisposable",
                "Dispose",
                "ATdCBt6nT",
                "Gd54uN8KB",
                "ToArray",
                "Lmh3AWZ0o",
                "set_Key",
                "set_IV",
                "CreateDecryptor",
                "Write",
                "kSKQGkVrD",
                "AG3h8lRto",
                "liQrAUlfm",
                "KcXPhPgAT",
                "PPsAxmh8m",
                "c7aSUYdNQ",
                "YMJ1GVyMA",
                "qBFNbm6pe",
                "CPMq6MtTN",
                "rOqbi52iJ",
                "hr25AS6o1QwjP7h1fi",
                "KxU1phbmuCwUIOYwyK",
                "HOyl79WrjwJYrQj9gx",
                "yB8ZHYxj4uWvO8oV6G",
                "sRFDmh55IF9vwjALLH",
                "Ou8x3pAqWwyvl2yfuN",
                "Reverse",
                "N0ajTDDVloUbAxyWJF",
                "BnoVbkdb56Oy75cfiX",
                "GetPublicKeyToken",
                "N2vqOkBQZi0Bo8kcL9",
                "w8LG2h3g6YZvgAju5Z",
                "CipherMode",
                "set_Mode",
                "kDXD5Z2on71DqREEyr",
                "sjk4RJsOhf0xolsp8C",
                "J0p1VMfaqho1Pt608K",
                "Fj3m7xCdtwcCrdmN2G",
                "FlushFinalBlock",
                "wWyIhF7koETngYWaJL",
                "NO8qcNe4uKBSQ4hTE9",
                "RSXibSGVdsYYeNrOdq",
                "get_EntryPoint",
                "RIZa37mlo8ICNU6caH",
                "KnJnnANyQ26pSNrqwX",
                "Ph2kEtXSlEbwh65jJM",
                "bQkA5A4VN8ZCdVXUBi",
                "YBH47J0uEhV1ivi6Qy",
                "mX3t0Ej2EVNJmQu0gf",
                "GZTicOiAtw3u40QBwd",
                "gkHBl7kOZ79oj1SQwF",
                "e0MXiDgFkgQXPNx25V",
                "SHA1",
                "Create",
                "Ge5h87toraaV9JhUqW",
                "MapNameToOID",
                "LTtyrHYJV44BuXiLRu",
                "NpnqAOHAK6aXc9gdB9",
                "lwoMQyVDivi6emCyRp",
                "pnTUwOqRxoZqWQEEMh",
                "d0CcRMzt6AMTrq7nmi",
                "ctSHqWlpSC00aZcaa7T",
                "tKWL56llvno9UIRbOL4",
                "VrfCmwl9ZsXKvucJyBD",
                "IWBrbflEfuL4drv50Ic",
                "UmqNqolrLNmC4XZR3Xq",
                "bfBJvSlZtMqdhTNMcda",
                "sYgXJjlSeFRD4HIqsGi",
                "JjsATaln4jPFeeuuq88",
                "get_UTF8",
                "l5WeVqlRa32OFAYULIv",
                "b8EZRXlTNHGa1Bmow89",
                "tgDaeblPZB9Kc2CFX8V",
                "AsymmetricAlgorithm",
                "FromXmlString",
                "AMAQrJlJIY1KClRvfNB",
                "Bg4xALlLW2UavvaqfJ0",
                "wQ9EZZlOQYuXCNcBtCu",
                "RhSNgqlcbvCCoW6HEh2",
                "ReadUInt16",
                "VSulM2lui9GTYaFPUZf",
                "OkT8l9lK8Px6xrXwjKr",
                "KdTnDXl8wrPlJL6ry89",
                "get_Position",
                "QlY1dHlaZNjMPhwYBnt",
                "UfSWkelhiWBIKib7DCw",
                "xeW3SClohdA06NPQ4CB",
                "Math",
                "qxS3vmlMTFk9D7xx98y",
                "TransformFinalBlock",
                "JXFUHIlUBeqMIt3GSrx",
                "f0ekrQlyZBHmxfKKAny",
                "V0uZm7lFkL564jOUbbm",
                "get_Hash",
                "sevvxElvK3qqbbpF1xD",
                "VerifyHash",
                "uiNvbHlQFa2UivOfHrX",
                "MF7eB6lIxCZYNA9fEqD",
                "sFrW5AlNcEmc0CuG86q",
                "get_Name",
                "ltvlMylXY8ZEiD6B8DZ",
                "SvwAXXwrVIUaK2RKKi",
                "ttVfsb1rKJhiXxa2V3",
                "ITM5grnGp8skIiMKJWj",
                "PEQ6HTnm48k4iJH009N",
                "rOYBg0nwMObgLZ9t6J4",
                "reTlcDMFua",
                "CreateEncryptor",
                "dFfOG0njxwFyCSF0sbU",
                "TXO4XOniIjYc32dwFPp",
                "oiHBiZnkmLkiGLkeJjN",
                "LfyxQangRthgtiyISxI",
                "GWHmeKntQf3hPSg4lp6",
                "xCMC1hnY6V0gfGcuhoa",
                "wPPPbNnHXikjtnkjNas",
                "t1B5UInVhRngkW8doN0",
                "Ek2KNXnqak2N4BydT7m",
                "tfRZclnzjqFV54giAaZ",
                "ToBase64String",
                "classthis",
                "comp",
                "info",
                "flags",
                "nativeEntry",
                "nativeSizeOfCode",
                "MuWlxphtb0",
                "cEWlsYBUE0",
                "wETl2SS809",
                "nW4lBacjpc",
                "sMLlkdoJ60",
                "I5LlJVOMeQ",
                "qdll7OAZFb",
                "QEmlZSRGOw",
                "XuZsHlRSUGjByMFDicN",
                "LmDJU0RnSmJygNl6rTj",
                "xvHB8xRReYy6S6FdlWT",
                "ReadInt32",
                "hModule",
                "lpName",
                "lpType",
                "lpAddress",
                "dwSize",
                "hProcess",
                "lpBaseAddress",
                "buffer",
                "lpNumberOfBytesWritten",
                "flNewProtect",
                "lpflOldProtect",
                "dwDesiredAccess",
                "bInheritHandle",
                "dwProcessId",
                "value__",
                "muSDO7iD2M",
                "tYV0rBRLNhLXS7vtaW1",
                "Ga0a7Qoo9P",
                "no09aaRuHrgBflbG6ec",
                "JTq9KRRKZMlRdbqgnXj",
                "uFXqh8ROKLWcWhldcn7",
                "j2oFdURcH8wldtZivfg",
                "LUTDoPZdwY",
                "ModuleHandle",
                "lDb5VXR8lKCZSTW1SKh",
                "r0VaeDetGX",
                "token",
                "GetRuntimeTypeHandleFromMetadataToken",
                "PxYaGCNl9x",
                "GetRuntimeFieldHandleFromMetadataToken",
                "GetModules",
                "get_ModuleHandle",
                "eIY5AgRavk7BXZqmkMW",
                "Y2AoI5RhUnHEodGVEdR",
                "fybXvXRo1slbvS7Dypn",
                "xWqDAyvM54",
                "k71DSG3ToE",
                "MTBD1igaq4",
                "fPpDNrCr1S",
                "KoSDrMQr73",
                "DeflateStream",
                "System.IO.Compression",
                "CompressionMode",
                "eBxqprrF8",
                "GetManifestResourceNames",
                "AddRange",
                "IEnumerable`1",
                "IhTDPtZwxT",
                "ResolveEventArgs",
                "AppDomain",
                "get_CurrentDomain",
                "ResolveEventHandler",
                "add_ResourceResolve",
                "kLjw4iIsCLsZtxc4lksN0j",
                "TllTvjucU2gpPQ8jem",
                "rEKQujKCJ52imWD2EP",
                "rnhs458g7Vbm3WLIo1",
                "LLrsUha1VfNUtQjRmO",
                "S4Uuajh016nCTQdcCo",
                "o3wdetoAcoo6RGiYQv",
                "qo1tLYMCJYloZXEMC8",
                "REB53lU9hgEef4TKOh",
                "CopyTo",
                "G9ynIryxVR3SDo4eLu",
                "kS1o8cFDFcv3nMZka7",
                "UCmxtpvRJuR790OtcL",
                "uBxo8FQrn0uXZwcU0M",
                "dwwdPTIeQs8BPrvVLD",
                "AJyKPDOlhoh5T9BVRQ",
                "uVq3MkckuwyIovtDjj",
                "N64lIWiqvs",
                "IsLittleEndian",
                "y3qlLpN8VK",
                "ahKlWAIBS3",
                "TF7lOb8J3f",
                "jgnloPbgcx",
                "ra2lnByEPY",
                "Gbml9SnirQ",
                "XAylfpE7m9",
                "wwNljlVFDW",
                "qAplaZYBVp",
                "AQd6v5R5soqODWcCbVs",
                "o2GhB8RAGKXbrbRAKw6",
                "XyjVLfRDnJ7DZCX5LA4",
                "vmWoVKRdoMc5qflStWv",
                "jSlCr3RBo7EaUBYwi6m",
                "ePfBGrR3ZOYO5l1XH1J",
                "yglY3SR2FfVXeYVP83J",
                "QSmluiNsXb",
                "IFjl0uhGIY",
                "R6GlUH6mmQ",
                "qNwlYRVH6l",
                "kPElyUAm0k",
                "LS2ldQ9nNr",
                "kVsl67J8KW",
                "h0lZPlRsC8Jba0UkJZM",
                "ULXll48SHf",
                "VoulgDEwja",
                "SByte",
                "Int16",
                "Single",
                "Double",
                "Char",
                "Comparison`1",
                "<>9__45_0",
                "joHcOIFa2U",
                "Sort",
                "RoBlRJFieV",
                "OrMlGT6teU",
                "tZ1lHKdRZk",
                "gZkltupV9n",
                "i71lVnmpoZ",
                "NOMXVBRfI3OSPLsZFev",
                "tpRgFiRCreqJN4qEI1K",
                "Tbd0pcR7LK6os1g2AlO",
                "O27jfjRen9I1nq4AgfZ",
                "MagDWMRGGZwL3uZuKNH",
                "eN8ZoDRmkO9nBV7DMPE",
                "WJSf16RwiBQXdOFgRlj",
                "TqMZOpR1htLvYeuhR15",
                "joHCFiR4rwRXQhYBjhW",
                "BBJf7dR0Qttsf3i5lmF",
                "Jl88chRj0bkaw1uGZCl",
                "raqxqLRiAto7mJMRbNi",
                "Xts5yZRkwhkp8FvWWcb",
                "ffDCCPRgAwk58nath9b",
                "cReU2HZFT4",
                "psVUIkNixX",
                "AvEULAxhTh",
                "no3UWqTqxB",
                "Q2xUOHtx6u",
                "neXUorUk4P",
                "c0CUjZPW9d",
                "zmJUa1Gtci",
                "ACccHtRVUmV2pfjWbQ1",
                "WKIpT6WRYP",
                "GxIp0d0vl2",
                "R3Ppdmg34A",
                "iAsp1JjQqZ",
                "yQwppAuByG",
                "BT0pvkDekn",
                "ENbpFei3CE",
                "YlPUn7XuQH",
                "Qsnpc1Onv9",
                "jAdpZCXbre",
                "XDcpr9pR9r",
                "NeDU9tuUXO",
                "rHHpYLoW5o",
                "WMtpfiZfQy",
                "hMVpHlelyc",
                "ebJp8puTJJ",
                "oI8p2G7QBw",
                "zrwpknIRGX",
                "rJMpDoJfBT",
                "fxDpEAe1cR",
                "GxjpLuRflF",
                "ta4pyytJft",
                "Nehp9xRXZs",
                "AtwpM04WTf",
                "zuSpIt6YRU",
                "sOppi5qmYo",
                "jjsp4XybJu",
                "YpMpGGeEQY",
                "NUhpWlZMxd",
                "zCGpRSOg5G",
                "cIOptb3Fg2",
                "IDDpUs7OFT",
                "zQDpPltrQM",
                "t2cpgNuHS9",
                "a0JpJwLFH5",
                "q8FpbdRrMt",
                "PRapuZ6mNw",
                "CZkpBnaKBG",
                "GIBpAMf9V5",
                "tkrpnA0PKB",
                "GvMp75fLic",
                "WAUpepbsE4",
                "QJYp5shsvI",
                "UZrpwV8Hxf",
                "dVTpSJFhR8",
                "zLqpmHyYrP",
                "gMApqAJTGo",
                "BoSpxBoBQG",
                "Lt8pzvggQ1",
                "f3mvQhekVR",
                "rOOvVYijn7",
                "DYsvCaql1B",
                "UAtv6jCCY1",
                "oNcvXC1B7v",
                "oGfvsJUEG3",
                "fUXvobICuG",
                "HvIvO4T0ML",
                "IRevhqehES",
                "lXwvKfi2X0",
                "LJIvlhNByi",
                "PRXvj3VEve",
                "Qc4vaOHvnq",
                "cwTv3RcwIj",
                "NoAvNvP0DA",
                "mSSvT9vPe0",
                "qnsv0jXeCU",
                "iJNvdcRwQ5",
                "HuXv1Ifdkv",
                "igEvpBpxrl",
                "Un5vvx0Lvf",
                "xstvF24BcL",
                "MUqvc8JhaF",
                "vkMvZahTS3",
                "VYbvrh9DY0",
                "pnyvYxDDet",
                "cLuUf7tYwT",
                "TmJvfmmQwC",
                "Qe8vHrOg4j",
                "aV3v8S2YSP",
                "MJpv2wFmii",
                "y76vkBYKVq",
                "Uj6vDTdOa3",
                "K6WvE1dFv2",
                "oi0vLJQcmh",
                "W4uvySXd9n",
                "N7UhquRqbQhb6Z6dnHC",
                "IQsaUNRzWOILuQZb9uc",
                "iSB5F0Tp0j3In4nWfqi",
                "YT6OKJTl7QVF6TourBh",
                "Vj8DDfT9iuDSU5cPR8T",
                "Eji3nJTEaDl3SVGgPKZ",
                "R9jXoTTrpJVcEyPgCWD",
                "uoc6cSTZmQ39WkmvgjO",
                "aV1JanTSYFS7ltJ8TpA",
                "fl7BInTnDavk01F0l85",
                "QKoddeTRd6iJPNgW65X",
                "vv51XJTTBoI53Iy21f2",
                "hd7N7XTPkDblAOVHCKW",
                "BsQhCKTJD4kxVJE8io0",
                "ErUnYeTLqwVCWMxVQmj",
                "euD4WrTOD1NVACiLENj",
                "mZ4d5TTc8sEa8cM62WX",
                "yfbxv4TulwTCcwJYQ2o",
                "LTS76STK7X0kImDKKtF",
                "D3dQgET894D5suCuQWf",
                "tZSYhkTajCjml0vjPYN",
                "Xni4LZThn7wp9BPS7Ki",
                "ePiJElTorQGTVPoXiyc",
                "TBRvJQTMXppAvdkfiPp",
                "Q0r4mWTUumvO5YqI4YO",
                "zwA8BtTynHTIfiBKLD9",
                "Dg5W9LTFQHeNJWDKpPx",
                "RbSbB7TvmPlq26svkv5",
                "sXqXWqTQxZdyScpuNa2",
                "UFqRq8TIGf4WWpOAQUy",
                "w7EO2NTNtCce9hamMY6",
                "NUpxixTXoCXZ7UlTaby",
                "gHcwdIT6o4l3biUTyBP",
                "G5uoNPTbuelBBadgXnB",
                "lv6JpLTW99AyrRAlnNi",
                "LUq0SJTx9wwi9iNqEot",
                "Gkoo4CT5YAhJXAr1PWb",
                "JBwseJTAr6BZSPVheL5",
                "VnKIRlTDkubHEjxTfDy",
                "mv1XaLTdV9IOmWqVj7j",
                "CLoAWiTBlep7S6Xlnpn",
                "KtuRg8T3RaepyOhlVKv",
                "FxsucBT2MN2M1wXKgP2",
                "JNxJ9ITsex64h4n40sR",
                "kHMrLsTfPZr5MhTvofD",
                "k8Ke6ZTCGmmmRlyR3u8",
                "EuSilsT7mgMBvBjMAWq",
                "d445pgTeLfHXhSJB9O1",
                "FOQM8UTGbf8HhDcHcgs",
                "uyZHQ1Tmhm2dEgEHAEg",
                "gomaLhTwoTUchpYwhWb",
                "FWLsVuT1ELH92Tjuwmo",
                "MqybaxT4MFtYmnRAHcM",
                "TLBN3WT0k0SLqcsH0W5",
                "tbur34TjsSf8JMRkmnW",
                "yZTaDMTi1fpWy8lNPdC",
                "HHwKNKTkkiJlAMr04Te",
                "lp8HmvTgD5nv9phKH1B",
                "lX68M2Tt8JDR4OReCH7",
                "lAGIRbTYpO3QY1AbuKy",
                "DsbTYxTHTcnXkCsWffm",
                "XawYSxTVCQc1MV9SqrT",
                "DIs3a4TqEMVJAr2GBKd",
                "NKZUNbTz8UN04QwHtPV",
                "J3e6FCPpCvPCOmoyphs",
                "kHtjKxPlWUWuGNs9wxw",
                "p71iZPP9COXVcqVNUX9",
                "LaJdDFPE7ihYexp3dp9",
                "IcmUe7Nnmv",
                "CUjUCByaFi",
                "H4HU4ZTm3d",
                "MhJU3ovtOR",
                "rnTUQG8pK2",
                "D5GUhVa6x8",
                "PDaUrokNYV",
                "EKuUPJFvFS",
                "acEUNdLNWJ",
                "jrBUqBt1p5",
                "S7iD6vPnFyKQlJE0YrT",
                "qM8UAikOcK",
                "kVxUSyKr6k",
                "wVIU12DDT5",
                "jN6vaqPRdT8AgjXIP8j",
                "idDPHEPTc3vZGFY6YUH",
                "IGX6eRPPPyPecbWlaO1",
                "CopVubPJuKvUmJCNnRk",
                "hd4xsIPL8LkJwUa8Ne0",
                "Jk9KGfPO6uRnEqO8Igr",
                "WBSlB9PcFnq3yiuHJWe",
                "nSewlJPuVFOTSokDJH4",
                "yGK3Y6PK9ZdXkgsRpUM",
                "R19PWFP8Ufl1dlWFg8g",
                "jclRP1PaBjZJawbsis4",
                "BeL18yPhbVyHeFWHXoG",
                "tYMeBNPoldxWVofsMd2",
                "rigae0PMtP0e7OJ16kM",
                "wVwXXpPUOk0AAPOnmE3",
                "SWMwg2Pygm0Q8EVDDrM",
                "JPNoPCPFVfV8Z4N6d1x",
                "fk70M0PvwDRBcKGiosF",
                "sHycdlPQK8cA73eLP5g",
                "k5afqvPI3HftQwUn8C9",
                "SeDM0oPNC9ayALx2UpD",
                "bM2AhgPXWYaHGMPp8Zp",
                "oXO0w0P60laIAQax0lJ",
                "zpYtgBPbbuxsrikg3l1",
                "uvwnKHPWYoOFpam2CTc",
                "Yepp6hPxWv2nbf65M4O",
                "DouTshP5eFubbBGSoc9",
                "EoxUSbPA0AXEOiZ4Egh",
                "R9GDBAPDbxK2Oh6T8Mk",
                "ff5fh1PdBFn7wT9nsKL",
                "MWJw14PBUDGFeumWSds",
                "VMTCOkP3N65TjyVLlAw",
                "xRW2w8P2ilapgxl2dF3",
                "hEyKw5PsN0yCxr3KTh9",
                "rDJ0RMPf38AEhgS5f0v",
                "fqPYIYPCNGrkgDPeT1V",
                "vepEJxP7NNV4meUQSVP",
                "G86ivOPe4xGSdqc0HB7",
                "aGrcESPGAyGUTJBklnf",
                "ncUWECPmJvyeykSqfvo",
                "Nur6TDPwZll3NtfLgGD",
                "IarHg3P1mGihFpMhRvs",
                "nL9gx3P4rqSlIhQbsiE",
                "tvDYDjaeUJ",
                "fHoYXbuFfT",
                "JauvDpP0rlIOVEFNa1S",
                "KI9UbArsmC",
                "zqrv9V98q8",
                "DMMUFv7LAT",
                "caFUipyEib",
                "BvyUKaQ9qn",
                "XK3Uvt8RSi",
                "K2gU8PcrMG",
                "Ov0UT5njRG",
                "Ui8UmpM5P1",
                "nQwUMQ3KCl",
                "No4U5S80fe",
                "l36Uztq6Vu",
                "oHrYEnSQQ5",
                "FMl8SpPkjeOG3aYc862",
                "sits6vPj666iuKsD8pG",
                "kxKfQtPih2qFIQfaqFP",
                "OkyepKPgYqdEnxcS4nc",
                "QFOaGpPtBWMDYPpOmBq",
                "SCIV3WPYtmQ62kNmQxL",
                "k1e4bKPHAWU3bUSXM0G",
                "oiCiSsPVqCSiSB9vNPZ",
                "uMBE3kPqAWXkRkx7DWr",
                "RIUJe2PzKhxJa5FWATv",
                "vu3exnJpZWecqWtdIHf",
                "DIWXZdJl6dvZR6wieQP",
                "CUAAbHJ95iIqeTbk8Vd",
                "xbEu2TJEChgg9LDvcJl",
                "mkoMLaJroBUvxuVZ5eM",
                "iSeQ5qJZI3f5bggMp7E",
                "I8tGFJJSPQUQ2J97I2D",
                "CufdgZJnCpk7KTH4q7K",
                "oYmHPiJRSncRuLmZPKc",
                "WLX8J5JTw0iaA3BIYsu",
                "FqtX5FJPuO48anJoT6K",
                "kxsPkhJJQ8o3Y5bRJcG",
                "BtD6BoJLysK5pgHN5lR",
                "AZVhY5JOAT5Sh40gl1f",
                "G5PWlVJcsqGYR5VTAqh",
                "F3oMmdJuxxB6UKwvikK",
                "b1gXKfJKWgkAKSin58I",
                "gEZeC9J8WCkAcFD1jTL",
                "E5B1HPJaawC7oM0ufZ9",
                "Hmu6VdJhcnsqcETfoNX",
                "B8d7p2Jo6tlch39qsnn",
                "OEV9BEJMtUYDtgMOR7Z",
                "CBE1yqJUX0cnRX5hl9D",
                "KVJZZ1JyGYuHUaNgsHu",
                "Kbqcy8JFonipa7HHjRr",
                "otIC3OJvy2lJr5Itbsh",
                "HX2EWOJQvEWjLRKugxU",
                "Tgs8GjJIfmkTqBvURDY",
                "w5maqQJNEeACZOa3eaL",
                "QRhfxjJX1J96Pis8EUg",
                "cmn3FLJ6AlprXIL4pen",
                "UC85KOJb0N7tcO90M9X",
                "caD23tJWhXQbaPta4L8",
                "EuD5LhJxG1W6uMgm2AJ",
                "dipqvIJ5qNnguS1xdOQ",
                "YnrG5kJAThp3oSeuD0a",
                "d25cwTJDTmmt9Uye5l0",
                "Bli3bBJdcMjWEvtX22B",
                "NO2gkCJBw0xFAXrtGAu",
                "d0Zw3uJ3OrjHZMjRoQp",
                "YGnDGJJ2USt1DICrFUB",
                "rXoRGwJsDZiZ7D0KE4g",
                "Rk9vMqoFrD",
                "AOclHiJ7fs3xlb60PQI",
                "GhcQ7vJeJF0QW1H2byY",
                "G0abqcJf2EWgjEtwFiF",
                "qj1UMMJCHunvjexnlPP",
                "huqYpQHTgA",
                "bZSYlimhsd",
                "I2wrEeJGkTQP0anG60a",
                "AEle3YJmCNZ5GXSi8Ri",
                "mHqAwQJwgnnqLxjIDJA",
                "iYUHE9J17NaOPsLqGLu",
                "eYjDCwJ4FLNYod2ep93",
                "QiZfcUJ0oAD8GJqvgis",
                "Eo83XYJjSZm13OEqAk6",
                "RWCMaaJiG0CRQgRb72g",
                "I9AyGZJkwvbR19iUDIH",
                "ABJ3rYJgxkVBb3W8Euk",
                "n4ZfHwJtCSKMyNKKx1j",
                "g422U5JYgRIH7QaCIPT",
                "jaCSdPJHqmLmDZImIQj",
                "AV1TJjJV5biJ2lJmVMY",
                "Kp3IiHJqEJJccjZsOHi",
                "Pq3FdNJzrDS3QhnDXve",
                "UPjQTILpPH0dByMWjVc",
                "uMTH5VLl1olrGFlchDm",
                "XQJtH9L972sZxpeHL09",
                "vGilJ4LEVP2juESIbiw",
                "dlql9jLrXJhwAZJhFoo",
                "GjD5WULZ5saP4Y89Rb4",
                "mYIipaLSLdtkaiIWt0y",
                "rqrH2mLnayK2sF48QRM",
                "dmGKLILRnJkFj8INiLH",
                "L4bGtKLTD8n0tbsRVJ6",
                "o1HxhSLPnH5rjbTyAJo",
                "R8elkALJxn6jCUaBPSp",
                "dMjDxJLLVh8fPXEd5Zo",
                "VY3DCXLOstIyw3OHn45",
                "sx02uPLcwShIQksP2QW",
                "SIWNTMLuDw8umZG20Z5",
                "zOjuSvLKF25UZv1omky",
                "S4ZrRQL8RncqacTEv2d",
                "diPqjHLamwKwj5QIjfx",
                "v2hk5QLhY8KKvMPsmvf",
                "l9jslCLoYjDE6axdo28",
                "Da4hCGLM9uPdhDOQsWF",
                "zao2CULNPnD4NxBP4wC",
                "VqpMSeLX6BaJULOiLZy",
                "oiXF95L6uybEIXhNDgh",
                "HA3oVkLbeJOQdKYRfQK",
                "OTYXh2LWYkGY2wl6twU",
                "UnXK2vLAGUvs2AgnRry",
                "pRVKbdLDuanxoEuUKRC",
                "dvjB7uLxlRBAaM92Mfr",
                "FY8o80L5U4Z8lI2ueOy",
                "IP7KqQLdoMvKpkJktNj",
                "WEMYgkc0B2",
                "HrdYRJs4LC",
                "z5tt1OLBZ82aelV9B0I",
                "S8VfYELswCACNRcnCPj",
                "bQTJjDL3O2b5Me2iCu9",
                "bynOb8L2vXJ3PKoGhWU",
                "mO3WeNLfYE5qVidWyqM",
                "zPg5GoLCe06nWQjwngb",
                "YhKmLoL722hcGNy5USh",
                "iFavIhWly7",
                "oB5viUiE6W",
                "EyWv4h404h",
                "BvvoRWLmuXqIFEq74ay",
                "vHGs3wLewRkGvFLoF1s",
                "fyci07LGVpM2874iOvU",
                "xfcYGYU8PZ",
                "TIHYH04e5N",
                "yQR8qtLweZWKRuFOQUi",
                "NotImplementedException",
                "fMUYuwL049VmcZagDAx",
                "ygxoYjLj8sdRbfHGbmm",
                "bBR2V5L1nEt1vCDpHo9",
                "BohTOuL4RYY3Ous1bRN",
                "ttg84DLiMK6JNWPK2VO",
                "HZaUggLkKrhsIeaX4RH",
                "VSSgsJLgCSQdNje1ll6",
                "IOu1BoLtZxsfsx38WIm",
                "hFtYtkTyLZ",
                "TASYVPnTjK",
                "jrKxFQLYM6LtuiB7Rub",
                "VMFgcLLqdBPnksZlmvO",
                "WUkRVfLHn8bPP5EoXeS",
                "jyZLXMLVuQ2KSZ3jEQn",
                "j1btQoLzMyjyo32Z4jU",
                "GlP7VyOpQaH26eLjIWG",
                "D7pBBpOlBv3Dl12u1jv",
                "McAYXFO9cusuDDJf5Xu",
                "g9LQjaOEG0GdiePDRKX",
                "m0Erf3OrjnI8B2donnX",
                "KwYSPCOZRT61kKmLnhd",
                "pBqYuQqPfV",
                "sXaY0w0aCP",
                "C8aVDDOSHS9pM4jFHd7",
                "r2hteEOTcm5mG79lMZN",
                "XWU1eaOPIDLXbKNlvlK",
                "TrYJgUOnXsUUZOIAEZp",
                "kQH5S0ORojYvIHdbevY",
                "YSjdMXOJecADkPIeXCW",
                "L4lW4WOLTm7cGQTYDaG",
                "IvwRJOOOXta6jFgJwaO",
                "A0nFaGOcuiMcn45RFKs",
                "bPIFciOux34MCSPjyCl",
                "n0xd1fOKh6jfj1OJWuo",
                "RR014JO8vmsgdusi9ig",
                "hSEnHXOaXN5jvRijMER",
                "kGYXdgOhg6RpPRP8B8N",
                "cw9AaoOoYPQtELDY68M",
                "TYIYURoRvl",
                "ylYYYXp8yH",
                "QNVtA0OMiDxJUI5IAOC",
                "Y0A8v5OFaZ158McYu4x",
                "cLTcWGOUKDrCjBBKC3J",
                "D9pnFmOy6os2FgckfDA",
                "ThZJycOvhcP3RgT1IHO",
                "VHHMAyOQhTimI2YVZMw",
                "rhm3SgOIrjKWFpxdw39",
                "vUAnKnONV6U486BJoui",
                "XyhQuROXrsHqxrox267",
                "ko8YyS9kmf",
                "LksYdldxWw",
                "itNVtiO6WnU2cd5KcYq",
                "sAScMmOx2PUfGfyxQtZ",
                "lNk7xsObGB0XSYRWUqY",
                "oBj8RHOWBisOmD69w5x",
                "gkECKJO5OcN4kObKZCS",
                "emhZ15OApArvG9kwBUe",
                "uRGxN7ODtb3qqcQkoZP",
                "PZQ8TTOdUQ3LoRVrM3U",
                "vBtylwOBdLRWgS3Mjy4",
                "aDrLR3O3tt57IhpBQXN",
                "PPdO3BO2Afrt7I5r3ni",
                "hi4VxNOsEUMa8uMFDEv",
                "e4d5lFOfp6HRUfPXV6O",
                "uLVBVXOCcpyiTm3o4wC",
                "BbploQO7sYFJHRYeT2H",
                "P4npMvOe9YYqgnjJjpy",
                "qjoWM4OGOEF2j2yyKtj",
                "qqVY6XjKRH",
                "oIpYcnDRk1",
                "eIlYxxMVb9",
                "w3AXOWOmEXyUADrnOTr",
                "clynAnO46i2OeZdL83G",
                "oqJLhOO0hcK1dKC1b3O",
                "dVRYIrOwqX35KDuIbEc",
                "vfAw0BO123hpdAKU8Hy",
                "lDsYserZpD",
                "b3qYkq6egr",
                "eEVYJQ0TOH",
                "AitY76SwOo",
                "WCLtJTOjr2yJeRbTWa2",
                "HUa6QtOg0XkNMKWiKsD",
                "OWlSqyOt2T0G1gTpfJt",
                "F3mTPFOiPcY9pLpTrd3",
                "ylHq07OkW3XVY5ZxPGU",
                "rBCM5KOYUee0LWZjYpc",
                "aZtYZQehie",
                "nWbYBQv3px",
                "kgWYwy0txf",
                "om3sLoOHmU4JsYmOUja",
                "GIkatuOzaj0vfofgU33",
                "i0eIjgcpYtXnvEZ3WOU",
                "sT1KjHOVGiRUr5rQmaH",
                "xdnqxOOq46WQcEsrjBg",
                "eWBE0Fcl8R0IJXYxZx9",
                "oKYY2V4ia3",
                "kAWYICA1BH",
                "MR2YLuvBYA",
                "GojYWR3V7F",
                "SnFYOTKPiu",
                "zyUYosIxvn",
                "o2MV47c9YUDUphGGqpC",
                "vuYVuTcZO7I3B6jgqW1",
                "jBNL07cSxw7vRlGMWGP",
                "jLAKMpcEc9GdADx9IF9",
                "IwPoSRcrD0INULAw2tO",
                "BLDYnjMyGo",
                "JbUY9yuTCj",
                "rckYfcv46o",
                "UqaYjxudZI",
                "Bo4Yag2khc",
                "VykaWKcn6sFtfIphhMe",
                "m89lJQcPedFpUGeqL9K",
                "yMyofacJKg15hKZ48qF",
                "cCTu4dcRxKJ75lRRD21",
                "VaX089cTDVaQ7ennT5a",
                "F1ime6cL8KaO2wdYZ7v",
                "gkhYemRVdQ",
                "PWXYCmY29t",
                "doB5sKcOLf37GEhVRMc",
                "DsK66qccK180V0U9902",
                "DdHM06cuf6RGSyMFOju",
                "epgJ4xcKRYuNjtTonON",
                "P6DYQjbjdB",
                "eDpYh8aP5w",
                "bRQV4yc8bU2v0VQqiIr",
                "Equals",
                "GetHashCode",
                "Enumerator",
                "MoveNext",
                "A1eY4cCjqy",
                "DEvY3xJKbU",
                "sltM9tco4Jp1JO870YD",
                "e07YDIcMvdNDpHDsdGH",
                "iPpsSUca91WEtFCNU6C",
                "ORG8rVch75IDXewtElB",
                "bYf6I0cUOFAfI8DIyKA",
                "TsNGagcy1dL8cVa9QJ3",
                "c2Ry1ncFHbsQGns2ErB",
                "iLfUFucvYQp9Im1Xasu",
                "MUlvC5cQRuW2Bv6Db1f",
                "target",
                "paramters",
                "qRm63BjTYW",
                "X0v6QNTUTG",
                "Wup6hlKCiQ",
                "d6K6rbwALT",
                "uwU6P59Mlx",
                "qcZ6A5qUwt",
                "bqW6SYkFtM",
                "QX4610EKhs",
                "sdc6N6L3bZ",
                "WKp6qu0hkS",
                "uMh6bZjWmV",
                "Rsa6FFIvRt",
                "y2b6i17n2E",
                "Yck6KxBmJx",
                "VDZ6vWHavO",
                "SAC68JKONj",
                "BF16TTr0hd",
                "J7L6m4yZci",
                "NEm6Mo18Zo",
                "Kwg65rr3UI",
                "zC56z7s0fJ",
                "qF6cE1hcNO",
                "avscDUygK2",
                "yP6cX3MTum",
                "ivacpLcqOn",
                "o5gclIwign",
                "Xg5cgP6mjZ",
                "MKgcRaD4TV",
                "NjEcGoF8Je",
                "wRecHpubLl",
                "aEoctLI6Qf",
                "eAhSWMcIMr6pJVubGer",
                "YelYrRwTZ0",
                "TtcYP59QQ7",
                "MSIYAClNBj",
                "TargetInvocationException",
                "wwwYSrYTEE",
                "I3mY1UgP5v",
                "BUqYNWEMIT",
                "u57YqgNogm",
                "h2NYbtd44f",
                "ConstructorInfo",
                "RuntimeMethodHandle",
                "NullReferenceException",
                "OverflowException",
                "set_Item",
                "TryGetValue",
                "ArithmeticException",
                "zZYYiUUup6",
                "aridVVo6ap",
                "r0fdu2wOul",
                "lF96GFCGDr",
                "EmptyTypes",
                "Sizeof",
                "bjQ6sstoiY",
                "fn86kH92J0",
                "S3B6WIXeQr",
                "X6Z6OKeqaP",
                "LocalBuilder",
                "Castclass",
                "Ldloc",
                "Ldind_Ref",
                "Unbox_Any",
                "Ldelem_Ref",
                "Ldobj",
                "Stloc",
                "Ldloca_S",
                "Ldloc_S",
                "Unbox",
                "Ldnull",
                "Stelem_Ref",
                "us76obm6Jh",
                "Ldsfld",
                "Ldflda",
                "Ldsflda",
                "vVu6nXrJXh",
                "Newobj",
                "rDZ69niDok",
                "Ldc_I4_6",
                "Ldc_I4_8",
                "Ldc_I4",
                "Ldc_I4_5",
                "Ldc_I4_7",
                "Ldc_I4_4",
                "Ldc_I4_0",
                "Ldc_I4_S",
                "Ldc_I4_3",
                "Ldc_I4_1",
                "Ldc_I4_M1",
                "Ldc_I4_2",
                "kRO6f2VtIb",
                "HvQ6jvpQKK",
                "ns16aYmj0k",
                "UF56eb5VST",
                "xNQ6COLPEP",
                "Initblk",
                "pkj64lbbdF",
                "Cpblk",
                "bEjkgKcNGyCwInQ2dNE",
                "I8muiIcXqK3oAqo4VRX",
                "tMiDtsc6ZEJBXekKnS2",
                "RYQfuwcb590pYy0r4lZ",
                "PeTy5FcWayIyT0B0PSt",
                "Clear",
                "vn3djYcxDVAygk1bruD",
                "lwkM7Wc5EdnBKRk9FWs",
                "ahyiQRcAWMwMct8M7Ni",
                "q94uAwcDwyw1rWnN7tr",
                "Xw3Eg3cdF6MHVI5roYM",
                "TqFreQcBHSZvlZm581x",
                "sPMXWDc3aC7C57bEDL0",
                "VsxNeec28KjvSKwFuRU",
                "LF0roKcswr3NgDnSsUy",
                "GIwbLLcfvRoTfMSryLE",
                "UHbnoqcCs2R6OViuHWk",
                "U8OuVGc7keOnAdbSg91",
                "BGqUHpceVx5e3q8ppOd",
                "fYhXAmcGU2lIjZopk8i",
                "zwlYY5cm7wU8UkuwYeR",
                "ckpUdDcwYJL8h7DYGF5",
                "wjFtIEc1XHsNDMDS4Ly",
                "vAwILpc43QlhvVvC2K2",
                "CQMW2rc04GP3eVski1Q",
                "FndreBcjIVxdobx5800",
                "DMPnfnciAPqYLYNXjk8",
                "jhXnrMcke19RJTNUxrr",
                "aBHdKvcg7RcM6i5orca",
                "d1Q5noctUNjUMM5qohF",
                "OdKyIucYXHFd6x6nj0V",
                "HNa3FCcH4WcEa7wSq98",
                "yjSgtccVlpP1bbn9oA9",
                "OUR1mRcqkaJeq02D1qs",
                "csa3r5czL80JbTTW4yJ",
                "H95OhsupRem2Yve5XcX",
                "fK70lxull8uA1hIu3x6",
                "zbuWpju9HGIgOh6n7J5",
                "ynLWLxuEgSlkxR8bnwn",
                "TVJk31urZGYu7jH9A6S",
                "eqpmywuZHo1auhcNJmy",
                "YdePujuSqUbegdDrbGt",
                "p1hy12un1LqaVFXTb6i",
                "xfOAE1uRsCAv00XaxJC",
                "baPKkfuTyuPILcmvVYu",
                "QGkDlTuPVQ72gImHNm8",
                "NckaNluJQKIikHLN31P",
                "TO8taWuLgcG52eauII9",
                "v5NZD8uO6c2vdTXOX5O",
                "ICSYchucILJcoHHcTWf",
                "GMEM5Euunbg4rJKw8Cw",
                "zZMZDEuKdpKWS5iS1Vd",
                "ENQAcgu8k199TWg6Kll",
                "vFT0BVuaSojsHc0kaGa",
                "Hqehbiuh9rYWcdEFOw7",
                "b1DWJDuoW3OFGyC3Ocl",
                "iq1dyhuMZc2RBjgsyZ1",
                "KixmFJuUBinTOcYXWqu",
                "H8iP4duynHJfivu0YGi",
                "l270jNuFDoCHrmJF8iT",
                "gGHWZAuvdThQpPhXXCZ",
                "Ci1AlkuQ5aVgeSAdZS3",
                "OnlDfjuIi9cGNjtjo8V",
                "rgiTC3uNwehujbjlIrB",
                "URZGw1uXElkiq3A0XHt",
                "vjGNiiu6mcU53U1hYOW",
                "OUfE4subvAqNKRktcAv",
                "au4hMBuW7JpcUVw6xnU",
                "EEYIjtuxFTZJYHG10OS",
                "smR2TRu5ACe6CTXV7A2",
                "mU9XEFuAP9yfJkkQdDa",
                "SQdxOfuDrbguDonxfHN",
                "K8krSSud0acg2udUNAs",
                "lE9SA7uBn4njJEM6Nft",
                "BPdeedu3t0DdT9fuIMP",
                "UtieaAu2SyPtbNSoVGT",
                "kqaqUNusnF7FH6cR11u",
                "FdWn9muf5s8nOv7Hoh6",
                "nZuRabuC2on5jWU4UEl",
                "tN31D3u7TjWXFrRsJRL",
                "gfuMSRue3SwriLQjcQh",
                "iHKBtquGyRfLjDPEu97",
                "cREaUTumPp14NZLmhtb",
                "BXYHjpuwltSytqDyTGA",
                "ASVcp5u1b4XFYRwAAkv",
                "AIj6kXu4otwktKuW5FF",
                "aCi93Tu0BFdvPyP1p7B",
                "fpRbYNujBZ5ur5CNXmU",
                "zd78HQuiH4ef7ZS5JIe",
                "eWJiS5uk8XJ4MWQvyZ6",
                "edlC8augocS8C2xibMr",
                "jpWEjQutgqXQQvr9c5P",
                "BjiclLuYkd8oINZh3mW",
                "GttZC4uHBrCbY9u2Gaq",
                "JdaZoquVOFNVMpPIufx",
                "wHRalIuqa44bV7xgfm0",
                "JLNuwtuzwLTcw0yJeN5",
                "rReysLKpBBLgl3Kb6QA",
                "nMcmhKKl927rHRB3cKs",
                "sm1FHlK9Ne8xQbNIQWd",
                "z3atuYKERyuPJp7gnAM",
                "mZ19piKrWZr1MhsvHNK",
                "zPTMZmKZn3eatp9E5iG",
                "RsASwJKSiRv4LxDjBGf",
                "pbrqVKKnKtemrwEcDeT",
                "KTtmS1KR5ViCkVa57sO",
                "KUEni4KTf6jnt1G8VuY",
                "aI6F2lKPN4cY7LnjKkv",
                "jcriPUKJwxiD4jdHxe6",
                "qSUEbrKLoF61gQMLB3A",
                "wXThyYKO8tcTZ2D5Wjy",
                "FlHpN5Kcr6o2B0Jur2l",
                "tH9Q5EKuqc8AET9EM9B",
                "SWoyCkKKkjptIILXSM0",
                "NADncOK8I9hxkfnhLQ8",
                "N6YE73Kaj6udmdoo1A1",
                "sarYgxKhFfr35BUkUyG",
                "TrHX4fKotlGlcWew11F",
                "l6HnqOKMra7D1Nq9Z2N",
                "uAWRFKKUERFk38COrNo",
                "cK4DRrKydTO40bVcBMU",
                "DrJOMuKFwaToMvYCKV7",
                "CQqLZXKv3pbi1mB2jh7",
                "niNaJRKQKu9VmLEbva0",
                "cFYjvfKIZbnvCTVD9Xh",
                "Cd4SVRKNUsD7Gn1ZrX7",
                "cdYkvAKXFeSVctbewjC",
                "TAAKNNK6PWEPTGGHruP",
                "ySJMpXKbC6xYv2V8inA",
                "gKw5ZsKWDgFXkTTdypK",
                "iV7429KxACDbBAXFPLy",
                "CsdB39K5J2k4mRnX6rM",
                "CSyFf3KALjA2V5InGOR",
                "prYxUYKD9s02f1Ju1Ca",
                "bkf5e6Kd0Lpi69NMghn",
                "KC2KuZKBxOfHM14rsUp",
                "tmHrppK3b1JcEiRfsqy",
                "L12m5gK2KdRenRUoZLN",
                "CMFdwfKsn6M1gOIGcoB",
                "JNlOy1KfT0KEQrnBLH4",
                "GhKVBaKCegaNkYxkqPs",
                "EI8l0nK7P83Xxjjf9Hu",
                "MtxM4iKeAoQ62HLbYic",
                "lNZu0rKG5b6FWQinEC1",
                "XLdP2uKm2GZ8pNxR5wv",
                "yld3PSKwI5xVWCOB4lw",
                "NddSBZK1YopRp7s8gjf",
                "NBNdiEK4Mg6XNHC6M42",
                "X0NaGSK0c1DPctK7s5G",
                "PDgui0KjkRwnXbH6mAr",
                "zGSTT1KisLX02wqnSGf",
                "p465KUKkD4sU4NYTED9",
                "Jqa1ItKgPfxpYxcKeCL",
                "<>9__12_0",
                "bvdpYAKtE2MervTerTe",
                "EaecoUppfe",
                "YXMJoGKVW7vIGpWFPBl",
                "mJvY5EKqPSqbst8sZLh",
                "TJio5QKYyf9YTb90Qwo",
                "TE04lVKHbi5RtXiYCZo",
                "IkAbbwKzwHlRccKubxZ",
                "WGccsCrPhQ",
                "OietIr8S4sCOQ8gSiGS",
                "cU3cVPr2vX",
                "q8vcuDLGCf",
                "nHnc0aDTDm",
                "nfMcU7mvPs",
                "XlMcYv88b7",
                "HDicysNdUS",
                "A4icd1dGdH",
                "Bdhc6T8lPv",
                "InvalidCastException",
                "wGoccO8U8t",
                "oSUcxFWyAp",
                "zPEbF88TBKIgGGBfxLW",
                "NtCO8Q8PZEyMFdPhLYG",
                "GQ6mob8n17IUeFgs4td",
                "t0rRwx8RyOTwwFTSsPR",
                "VbfMNI8J6FpCE0bQZkS",
                "MpdpgT8LtVaVCUAbSoq",
                "KW94Zv8OarBAY2u6Dwc",
                "wWm4e08cNpbB8Dc7ACk",
                "cdkD2Y8ugCtweibbWGF",
                "isIYkF8KQ24tMSbgL8G",
                "AMLyW688KQ791S4dBJL",
                "f0FGOc8ahHRXTxGNdGP",
                "WeZBjJ8hKK2Z0YiJIcM",
                "EhQjRP8oJAssAOiAqQa",
                "LBqRq08MwjEk5CGbkHH",
                "ncZnlF8Ukyjm4fYYRbU",
                "sB8duj8y3GLkCusRl7o",
                "DwUFTs8FThYnBWxm3Zj",
                "WMBycx8vQlMgWHm6MOu",
                "x9DQfI8Qm39pvakR8O4",
                "xXrhW68I8sRknUQJUxL",
                "ssIckNCJtw",
                "QpvcJZOaBi",
                "ftOJ3d8Nmyu4T5kUhaS",
                "aGx67b8b7RRD0hfpCqd",
                "C4qqBK8XrtKgKfGjITp",
                "aq5cuD860wQPCDRwvB6",
                "w9OOpA8WOOBstRuhOQZ",
                "pbXgb28xgwlaknHNZBH",
                "QNiIxQ85KkjtogDLMdF",
                "ON1Be78APV3o7Ejoqdd",
                "uRNl4F8DSkrVM3iKFH1",
                "uRBP7O8d32QwoaBQOwV",
                "hyKv5u8BuhoG5SbiJSf",
                "oOxySp83RU8Jp7eOxao",
                "DHwPX0828DnZCM6f8LH",
                "Rsv6er8sp1a06Qky3Vp",
                "VsEeKs8fZ5qub7AFDoQ",
                "iavwXu8CQuYOepf4N3f",
                "aRU20Y87MAjut2lQ8ix",
                "y0Ik4H8eMdCr2So9sfF",
                "eySJ8V8GCteRXywouSX",
                "M1Uc7WbQGY",
                "yqydXs8m3Z1CDIAWWBV",
                "lGOHhy84tW2nZEqcH8o",
                "GtY6Hj80LV8lsLUKcZ8",
                "N1cZgZ8wHKW3Ihh5cxL",
                "HHEsv781F4xy8Bhk2RR",
                "bSTAmX8ji5wwhP9ppKs",
                "fU5kyY8ic8A2b8ekXKd",
                "MhE8Sw8kdVl2uWsk1Gc",
                "aCWJLg8g9pLxGe6TYXi",
                "bQ65eI8tRqnNlqhpj9k",
                "KxypAi8YatwLPCmBEyM",
                "lNxcWMB4ko",
                "hQVufm8HdWXgHXmneGA",
                "ImNcIRvaPy",
                "SO1cZByGXP",
                "AmdcBa7fvT",
                "dqUcw4ENxf",
                "EXNc2lTVYy",
                "tphyh78VVBOStahQvoq",
                "i6ySfW8qaRmpM9xhAxg",
                "QLLYwn8zEcEI6jsbwl0",
                "vAITtdapX15yn8ZGkP8",
                "ATJrTFaldgyJsTnJ43h",
                "RemoveAt",
                "IRd74Fa9KQTavpkdacM",
                "Nx9WTvaEWoOGmlJoNrG",
                "f1FjQDaraYuclhF0gno",
                "wYAjnsaRTM1rE6R9K2w",
                "sDB1MxaTKjhejbH1hxf",
                "JfTBsOaPgeiYPrANi0T",
                "0E448EF5E5E60630BDDB19388CB6378436E3C65D03DD66DA7C6EBFF563BD857A",
                "4BED3ADC52D4904075F6BBF279EC4ACEDE079533B95E229A29809542EA324A7B",
                "62E6F13B53D67FDD780E20D89A6E8EE503B197AC16AC3F1D2571C147FDD324C9",
                "7F535673D836D3D77A97DB03EB3D71EA780F44372F5AEBECEBEDD696AAEB8378",
                "97E613E5A3A47DEC76B7E50D47644B35EA4322F00D594D80D2F1C1F3644F8A4A",
                "C356AFF1A01C2B0DA472E584C8E3C8F875B9A24280435D42836A77B19F5A8C18",
                "C61B1941CF756EB7551F7C661743802362728B785ADC22E860D269713DFB01A6",
                "D5B7247C497788CF0031CEB06E3DF77A45FEF59F1E49633DC7159816D64759B5",
                "saDUDPacAM9fl3ctIqw",
                "m_66caba3cb62842978214a64cb9924cb0",
                "m_2c77691ef91f437e8222c166f54c826a",
                "m_bacf004071b34768a0f03960c31adc7b",
                "m_49557961cd9b496b8bf642695928c935",
                "m_15ce636e2920486f8ade0e5911295c0b",
                "m_df2080c69d0d4ef9a6b8fcf44692f37e",
                "m_e7099eb785624d8d8d42e6b3ccc9f247",
                "m_eb6b1e78c9df48b3a2bb612759b5e204",
                "m_daa3c3e50c3c4f76b0a444edec47a334",
                "m_18242c33f4b44d9599fb1344b3dcfe89",
                "m_b9fd715e7e34469685b628a875d8ff20",
                "m_2b749542545e4839a6eed9962d61efad",
                "m_cd6b99a645994fa88429180c22082bbf",
                "m_6fd500495f0244fb864dfd85d39fe40e",
                "m_a0904b5b1cb64bef9747f31face99297",
                "m_2ec729754e52467b965063c503682f82",
                "m_a1b3e28b995c458599e827c848b82adb",
                "m_76bce361ffe7471d8920cb4e501b945f",
                "m_1d153ef16b304862bb8773bd019bcf2c",
                "m_2cbe569d70464eb0a9b853e5c55dee2a",
                "m_f0609fd083a74688b834a9b87c03d7ea",
                "m_e2a0e7bc9de244cfb0e50172bbd68487",
                "m_28f82a75546246cd95ed8ea7a7019977",
                "m_ba4f8f8286a241a0b6e0d7f3a03adaca",
                "m_8e03a8d8648645b3aba9d0c2474a5e9c",
                "m_74cf36d483de4ec88e523ecaae023e5e",
                "m_cc067e2eb22b40f9afc78781413c355d",
                "m_6381567d53104ea396bf7d26d950b8ea",
                "m_b4aa2b9cc4254c24a4fa97b45912f4b6",
                "m_9b5f037a56bd49b4a26f9a3d886212e5",
                "m_9ff1a202d192441dbe5a6485e5051e65",
                "m_49bc3c95cc804a3eb1adf29067c5597b",
                "m_96c6c5a449fe42b8b51d3b69b6033e98",
                "m_f7edce92f17243a29854fbb297abe706",
                "m_7d034f5fdeef4538a4b3ec13f17714b4",
                "m_8591fe1374fa4166adbfe7aef083fbbd",
                "m_cc171843255a405fbcedf755bc7e80ce",
                "m_8496933a0b4e4cf7bdba989593e12dbf",
                "m_fcd53757c6ed42acb9d4dc043a86530b",
                "m_1a70bb9e9b8b448980036c14a14b5ff7",
                "m_9d1f7408866749b8b463a6ca273f891b",
                "m_bb8bc552c4cb474ca901e717f92b1417",
                "m_9283e086399e49439bedea85015dd0ad",
                "m_49652805e75942c6a25968067ab67e6e",
                "m_7ffba375156d44f8bdf9c2b114f2f337",
                "m_18886e0e84784facaf68723cfbfc996a",
                "m_3a82f499c73e403db04bda5751ccb2c5",
                "m_63b90ef0d2ff4f01a5aca8be4bf1e3b1",
                "m_eb3f7d6af07e4b4bada1f633e2908ae0",
                "m_e64204dfed4f4e21aaf54007ba9c6737",
                "m_8203acc8cb884e6392e835dad4ef787e",
                "m_2ed54c48bbb440b1b1dd4ead51c28744",
                "m_a9e3ff8be85c4a24ab612b874b42b558",
                "m_128e78b4baed420e86b36d57a85c5348",
                "m_e449693405874be0bb1fa8f6ae45c5e2",
                "m_930e4372fdfd4328b01e37c200e3ece0",
                "m_ee54450c2f994eb19ead5ada3c3236eb",
                "m_08b255218fcb4bba9cf6fad9c6cb8824",
                "m_a384304301f14a58aa2503caf7867d7f",
                "m_4f30e229e43044c0867ead3c250b18c3",
                "m_46cd7837f6134be9b959d406ae31d17e",
                "m_36421aec9ebd4537b6f8035e7f52b02f",
                "m_81a5a695aca947629bdf9dfc5ebb0445",
                "m_a8371d42c8764886aceda6d065852410",
                "m_806a91ce27534b7499ecbd0a787a9647",
                "m_b062ea9e517d4c599d81e6a808b9e9c0",
                "m_dda683a860aa4785b96ccf828aa47175",
                "m_a43a2c7e9889404ca1a0b730947f5eb3",
                "m_db44d2c7a21b42db9eef961988c72603",
                "m_13fa60ca5afe43c884b5e2bf16df63a0",
                "m_ea5b52a8fc4f434290f9dcc4810805a6",
                "m_64731c29080f4fafa2e76d9199312bf2",
                "m_f94224e8b9e64686a7f63caaf1391e11",
                "m_baa8c93eace54e799261656969d5e8fc",
                "m_c5126080a3894c3995873c92660aa902",
                "m_c158e540cddc402c9988be3bcdf98fe0",
                "m_0d6e8aec9cf24ab295f1281ac5bd7b45",
                "m_97701a69ef6c41aebf402c4217f6cdd1",
                "m_90849c2378bf4a2995f86074a26be83b",
                "m_70960ee0676b4855a25895c1bb2d4756",
                "m_05e44fce2b6e4e2d8823309ed8bfd9aa",
                "m_345c0afc75b24be084bbfc49d1349255",
                "m_877e929c306b45cb87f785180a3c3762",
                "m_c0c2da62d52b435189e5b05ea5e38470",
                "m_0594ced18e734541991518b7cc4a6cad",
                "m_3659602ce70d403cb170dbafd69f080e",
                "m_1073b2ffb5df454db20c0c00bf998d52",
                "m_d4793db4557b402eba2998abfdfa5c9e",
                "m_cba51794e23e46b1af1b6a838576258d",
                "m_ea4e9f8476654d24bf25163ce74a2076",
                "m_a98749260ca94d2ba052c0980f3c517e",
                "m_8f574f1bb4264aaab552c9e8da0b2fe3",
                "m_303d632f019549cdac112fd526353a77",
                "m_a80ed8f23e67430da263f3e2c0579dea",
                "m_6549eee3363a49a79f8e342693264b86",
                "m_c5625a46398947dbb9b19adf9820df63",
                "m_4487c6495f7c4dc58ac4f893c43dd5ac",
                "m_080c29e869db4e5c9b81d53d5f391708",
                "m_824c8e75e36b4910a995fa4103442240",
                "m_abf710d21300409ba9d9816e729c1e64",
                "m_aa08db1bb94f4c058177b5a9b90cb2ff",
                "m_8dd10f9eec884c2e82ffe288a09f4b4e",
                "m_2ec15f042b4f450d80081eb4d9dfc21a",
                "GdNknyaDwRWPX89nfev",
                "sae577cdf39bc4af3a7405f405beb8e3e",
                "wj2TSHa3pJaabB1bunW",
                "LQBPIxad4m77TeTujaM",
                "BXBvlSaB5eNUKmRbsIl",
                "Wk4jnRa2hIruWtBkmQB",
                "xCZXmIas83KimIXeuiS",
                "XholW7Cpe8",
                "ERwl6sZIK9",
                "YDGl5UJNMg",
                "ktclDDhBsT",
                "SirlB1QiOc",
                "lwGl283L9P",
                "cb1lfhQeKQ",
                "oTcl7RoRFc",
                "SkqlGCuxH8",
                "vlolwTDrsy",
                "e20l4lAcb8",
                "evbljhaOsR",
                "xIilkFArd7",
                "JlHltwTgr8",
                "Process",
                "sU7lHBEIi2",
                "I10lqKWuwJ",
                "WqS9p2Phbp",
                "clr99Ssmlq",
                "QGM9rQLux3",
                "Ttu9SJjBLh",
                "oRF9Ror4pF",
                "Yt59PqZxFc",
                "MHH9Lm9qqW",
                "uEU9cLmKvu",
                "WYp9KGJVpO",
                "fmQ9avFQ7b",
                "Cp39owXKvn",
                "ChT9UNRYvs",
                "wlb9FhiypP",
                "yo59QugcW3",
                "A0K9NrXC16",
                "yi496RmyHe",
                "H9j9W99Plv",
                "i5I95V4h7A",
                "Php9DIfM7I",
                "vkm9BORyJH",
                "VpS92DSrnR",
                "gJB9fjl2Ea",
                "qda971hx9S",
                "yaK9GRPgU9",
                "xKV9wbGxpa",
                "gYc94OJr1k",
                "qCP9jKR6wn",
                "UKR9kj1MGd",
                "VQR9tp4E7E",
                "PSDataStreams",
                "l8E9HnHWiP",
                "EPj9qhu3UR",
                "mQIEpAbdDB",
                "kw5E9G6JCK",
                "JcLErivRst",
                "g2dESYcgHS",
                "AWQERsDgHp",
                "SettingsBase",
                "pkREPl5kdJ",
                "a2tELa6N9j",
                "U14Ec449n8",
                "XgtEKdSfTg",
                "ht6EadnynD",
                "a8QEo1Zi31",
                "eJeEUGqSWK",
                "bdBEFOecZl",
                "QVZEQZtQgg",
                "k8AENwV1wN",
                "uffE6dtaNn",
                "PbTEW5msps",
                "ekVE5QL88G",
                "Ux6EDKwDSQ",
                "I2NEB8srem",
                "Xa9E2307k9",
                "wMdEfVVbgI",
                "V2XE7TZXhs",
                "b3oEGn6huP",
                "NonEwUX7PG",
                "DYdE4TruM8",
                "Q6fEj0EOZC",
                "i21Ek1looX",
                "vbPEttGIVE",
                "J62EHIZPlY",
                "lyiEqBwmOM",
                "eCYrp6g7jC",
                "jt0r9EZABi",
                "viPrrRq5eo",
                "uQurSpj2sD",
                "aQTrRVEOnK",
                "okFrPN6RJF",
                "ahPrLv20gn",
                "spMrcshGH0",
                "BuqrKtwV4D",
                "MBrraPSD1d",
                "wNVrogesCb",
                "lBCrUWbsuC",
                "bP7rFtOHK0",
                "eHgrQtLEMn",
                "M5urNi3oqa",
                "S7Or672k0r",
                "TMdrWvoTeI",
                "t43r5WBJf4",
                "QbvrDxjb8y",
                "H3IrB2cnOg",
                "pXir2JX26a",
                "GxIrfGk4PZ",
                "qcir7Mwxg1",
                "XferGyrjre",
                "frErwUUS7F",
                "iG2r4gR7Z6",
                "wAurjppgIp",
                "W8RrkOaQNn",
                "TW5rteoJ36",
                "cuarHhQsAe",
                "NHGrqXra8e",
                "jD2Zpplvpb",
                "fpoZ9GDYtC",
                "umiZrgRWeW",
                "xBqZSNroR2",
                "gvOZR0ncpp",
                "QMQZPyUERx",
                "pBJZLso68p",
                "BBKZcXww0g",
                "R4hZKZDk3J",
                "PadZalJEN9",
                "xGqZoVX5If",
                "LiCZUDfvYD",
                "u1SZFQK0i1",
                "ekgZQXxIfH",
                "snNZNp3Viq",
                "FHHZ6StJox",
                "t75ZWOFtkk",
                "q4EZ5OuWQ7",
                "IG7ZD90eNE",
                "PiRZBV7eYx",
                "dbSZ2EXBOO",
                "DpDZfquUL0",
                "uXkZ7W9Tkf",
                "R5UZGR1fm3",
                "GqSZwnr57K",
                "qeVZ4aZR5m",
                "AVmZjSrUv7",
                "MWBZkEh26g",
                "LwTZt51VWm",
                "QseZHtCmAY",
                "UIcZqm0DDy",
                "BVCSpCQYbq",
                "oI8S9OH8bR",
                "ndKSrgOq2D",
                "egUSSWY8FL",
                "Gu8SRLA5kg",
                "rtHSP9k7pj",
                "PPgSLsM5a4",
                "alWScBPCGI",
                "vLwSK8IMGk",
                "VkYSasuU8Y",
                "qvsSo9CqRU",
                "IakSU8PFFs",
                "ueCSFAQTRm",
                "cloSQm4MQ3",
                "khoSNmtqOA",
                "c9aS6ZxXK6",
                "g4jSW76LSP",
                "OfgS5oI2WS",
                "get_Now",
                "op_Subtraction",
                "get_Days",
                "Sign",
                "GetEntryAssembly",
                "Path",
                "GetDirectoryName",
                "set_FileName",
                "set_Arguments",
                "set_CreateNoWindow",
                "set_UseShellExecute",
                "Start",
                "OpenSubKey",
                "GetTempPath",
                "Combine",
                "RandomNumberGenerator",
                "get_Key",
                "get_IV",
                "ReadAllBytes",
                "op_Explicit",
                "Console",
                "WriteLine",
                "AddScript",
                "IEnumerator",
                "get_HadErrors",
                "get_Streams",
                "get_Error",
                "get_Exception",
                "get_Message",
                "Synchronized",
                "ResolveType",
                "get_ManifestModule",
                "get_IsByRef",
                "GetElementType",
                "ReadByte",
                "ReadInt64",
                "ReadSingle",
                "ReadDouble",
                "Nullable",
                "GetUnderlyingType",
                "get_IsEnum",
                "ToObject",
                "get_Size",
                "ToInt64",
                "ToUInt64",
                "ToUInt32",
                "FreeHGlobal",
                "get_InnerException",
                "get_FullName",
                "ResolveField",
                "IsAssignableFrom",
                "ResolveString",
                "AllocHGlobal",
                "IsNaN",
                "IsInfinity",
                "get_BaseType",
                "GetMethods",
                "GetBaseDefinition",
                "get_MethodHandle",
                "GetFunctionPointer",
                "ResolveMember",
                "FormatterServices",
                "System.Runtime.Serialization",
                "GetUninitializedObject",
                "DeclareLocal",
                "EmitCall",
                "LocalVariableInfo",
                "get_LocalType",
                "ChangeType",
                "CompareTo",
                "get_FieldHandle",
                "get_TypeHandle",
                "GeneratedCodeAttribute",
                "System.CodeDom.Compiler",
                "DebuggerNonUserCodeAttribute",
                "CompilerGeneratedAttribute",
                "EditorBrowsableAttribute",
                "System.ComponentModel",
                "EditorBrowsableState",
                "UnmanagedFunctionPointerAttribute",
                "CallingConvention",
                "CharSet",
                "FlagsAttribute",
                "VmJelYZTIdPPvbtKYx.NwUMXlSmUmyv4R0eAD",
                "MveWQmJUkOIkLGWuDC.5AKMgULqSu4Nl3yZne",
                "haskdhEPdWtVC3M37m.RsJXWYr6E5UwJxDqvN",
                "MRQ0EFTrTq8viTGJcx.nM7cyIPfpIO2GafOCZ",
                "3DEQBBlrIZu6gt9swI.qwLgYK9TujFCUelGm6",
                "WrapNonExceptionThrows",
                "Student",
                "Education  2023",
                "Stu Dev",
                "MYWORK",
                "Copyright ",
                "  2023",
                "$e9aa801f-a6f9-4460-8c6e-34f75e1627a7",
                "1.1.0.1",
                ".NETFramework,Version=v4.8",
                "FrameworkDisplayName",
                ".NET Framework 4.8",
                "6N5+",
                "3System.Resources.Tools.StronglyTypedResourceBuilder",
                "17.0.0.0",
                "KMicrosoft.VisualStudio.Editors.SettingsDesigner.SettingsSingleFileGenerator",
                "17.7.0.0",
                "UwVuqLlLJvprAoS3fc.gBMthepoZSL1ZVKpeA+F9PM6MZtTNkOqi52iJ+Wl7MnODKkrZ6Bh6C4wF`1[[System.Object, mscorlib, Version=4.0.0.0, Culture=neutral, PublicKeyToken=b77a5c561934e089]][]",
                "SUsSystem.Runtime.InteropServices.CharSet, mscorlib, Version=4.0.0.0, Culture=neutral, PublicKeyToken=b77a5c561934e089",
                "Zs+\"",
                "rXa&",
                ";0^u",
                "/L^f",
                "q?'!",
                "X~lj",
                "?2td",
                "?`eC",
                "sNf~US",
                "Tjjw",
                "pV;4",
                "Af!~g",
                "zr)w",
                "kmao",
                "$Qw=",
                "Z_Bdj",
                ";Mls",
                "g_:?+",
                "k]n3",
                ":8Oe4.",
                "t([r",
                "-!foO",
                "2?8PA",
                "x,(~",
                "r]*3",
                "qpqO",
                "\\3+@",
                "Qd4{EL",
                "W\"5P",
                "&0Ix",
                "VP.JK",
                "LMRc",
                "]FmXc}7",
                "HwRj{B",
                "&W=d",
                "(p`..",
                "w[z7",
                "RDh;",
                "Xw=R)",
                "aOnT",
                "#N58",
                "XZ+j",
                "\"yX,FF",
                "|1.`",
                ";;1>;",
                " jd&MC",
                "Z_rpe",
                "o/To-",
                "RTo-",
                "!eTo-",
                "/eTo-",
                "eTo-",
                "<eTo-",
                "3eTo-",
                ">eTo-",
                "o.To-",
                "8eTo-",
                "4RTo-",
                ";RTo-",
                "4eTo-",
                "8RTo-",
                "3RTo-",
                "\"eTo-",
                ">RTo-",
                "=RTo-",
                "RTo)",
                "o*To)",
                "o+To)",
                "eTo)",
                "1RTo)",
                "7RTo)",
                ">eTo)",
                "-RTo)",
                "/eTo)",
                " eFu",
                " o o",
                "(J0e",
                "o%Fu",
                "&o o&c",
                "o&o!",
                "o!o&RX",
                "(o(o$S",
                "o$o(R",
                "o(Feu",
                "o o&Ro$F",
                "`o$o'R",
                "#o#o",
                "sXi5:",
                "Vu};s",
                "TcBj",
                "Y/f7",
                "OO,q",
                "[t;8(",
                "RMYz",
                "+aQF",
                "YoB5",
                "S)y/J",
                "GKJ>",
                "+|Qg",
                "?-oH",
                "c[tB",
                "QZ^&",
                "Rfhn M",
                "X0 0",
                "xb0z",
                "PmMf",
                "RSDS",
                "WORK.pdb",
                "_CorExeMain",
                "mscoree.dll",
                "<?xml version=\"1.0\" encoding=\"UTF-8\" standalone=\"yes\"?>",
                "<assembly xmlns=\"urn:schemas-microsoft-com:asm.v1\" manifestVersion=\"1.0\">",
                "  <assemblyIdentity version=\"1.0.0.0\" name=\"MyApplication.app\"/>",
                "  <trustInfo xmlns=\"urn:schemas-microsoft-com:asm.v2\">",
                "    <security>",
                "      <requestedPrivileges xmlns=\"urn:schemas-microsoft-com:asm.v3\">",
                "        <requestedExecutionLevel level=\"asInvoker\" uiAccess=\"false\"/>",
                "      </requestedPrivileges>",
                "    </security>",
                "  </trustInfo>",
                "</assembly>",
                ")O71ODAOWQOWYOWaOWiOWqOWyOW",
                "4O7<O7",
                "\\O7\\",
                "FEGEHEIEJEKELE",
                "sabcst",
                "This assembly is protected by an unregistered version of Eziriz's \".NET Reactor\"! This assembly won't further work.",
                "Study.Properties.Resources",
                "System.Core, Version=3.5.0.0, Culture=neutral, PublicKeyToken=b77a5c561934e089",
                "System.Security.Cryptography.AesCryptoServiceProvider",
                "System.Core, Version=4.0.0.0, Culture=neutral, PublicKeyToken=b77a5c561934e089",
                " is tampered.",
                "{11111-22222-10009-11112}",
                "Debugger Detected",
                "{11111-22222-50001-00000}",
                "file:///",
                "Location",
                "Find ",
                "ResourceA",
                "Virtual ",
                "Alloc",
                "Write ",
                "Process ",
                "Memory",
                "Protect",
                "Open ",
                "Close ",
                "Handle",
                "kernel ",
                "32.dll",
                "{11111-22222-30001-00001}",
                "{11111-22222-30001-00002}",
                "{11111-22222-40001-00001}",
                "{11111-22222-40001-00002}",
                "VS_VERSION_INFO",
                "VarFileInfo",
                "Translation",
                "StringFileInfo",
                "000004b0",
                "Comments",
                "CompanyName",
                "FileDescription",
                "FileVersion",
                "InternalName",
                "LegalCopyright",
                "LegalTrademarks",
                "OriginalFilename",
                "ProductName",
                "ProductVersion",
                "Assembly Version"
            ]
        }
    ]
}