{
    "malware_data": [
        {
            "filename": "302d47a448b2f83f5cfc73f9c08625da04a45978266504082ca72d06ff506da3.elf",
            "filetype": "7F454C46",
            "filesize": "74KB",
            "hash_sha256": "302d47a448b2f83f5cfc73f9c08625da04a45978266504082ca72d06ff506da3",
            "strings": [
                "UWVS",
                "D$<j",
                "D$8P",
                "[^_]",
                "D$4P",
                ";\\$0",
                "\\$09",
                "T$LR",
                "t$ 1",
                "D$KP",
                "T$KR",
                "T$WR",
                " ;\\$0",
                "\\$(9l$(",
                "D$Lh",
                "D$Th",
                "D$TP",
                "D$PP",
                "D$LP",
                "_XhD",
                "t$pV",
                "D$PPR",
                "D$,P",
                "D$(P",
                "D$HP",
                "L$HQP",
                "|$HG",
                "T$d9T$8",
                ";l$d",
                ";\\$P",
                "\\$P;l$d",
                "D$lP",
                "T$d9T$\\",
                "T$8X",
                "T$0R",
                "T$DR",
                " ;\\$P",
                "D${P",
                "\\$`S",
                "L$`Q",
                "D$`P",
                "t$`V",
                "t$s%",
                "D$`)",
                "T$`R",
                "D$`PS",
                "\\$0)",
                "D$<P",
                "L$<Q",
                "l$`U",
                "T${R",
                "t$TU",
                "9t$X",
                "\\$Dj",
                ",[^_]",
                "T$(R",
                "D$0P",
                "l$$%",
                "9D$$",
                "L$$)",
                "D$ @",
                "$9D$",
                "[[^_",
                "^[^_",
                "_[^_",
                "X[^_",
                "D$$P",
                "D$,j",
                "D$0j@j",
                "D$gh",
                "D$Dj",
                "D$Lj",
                "D$hP",
                "L$$f",
                "T$Tf",
                "L$Xf",
                "D$xP",
                "T$tR",
                "l$XU",
                "T$$%",
                "RPWV",
                " ;D$",
                "D$dP",
                "D$ j@j",
                "D$=h",
                "D$(h",
                "D$hPj",
                "t$@V",
                "D$.f",
                "T$0f",
                "T$.%",
                "D$8f",
                "D$*%",
                "T$Df",
                "t$HV",
                "T$DF",
                "D$DP",
                "L$0Q",
                "\\[^_]",
                "D$TPV",
                "D$@P",
                "D$x@",
                "RRUS",
                "D$$j",
                "D$(j@j",
                "D$]h",
                "D$0h",
                "D$8j",
                "D$@j",
                "D$Hj",
                "D$PUj",
                "T$Jf",
                "D$,f",
                "D$Nf",
                "T$J%",
                "D$$%",
                "T$@1",
                "D$pP",
                "D$tP",
                "T$dR",
                "j(PWV",
                "j<VU",
                "|[^_]",
                "D$?h",
                "D$Jj",
                "D$xPj",
                "T$@R",
                "T$,f",
                "D$0%",
                "D$Tf",
                "D$2%",
                "T$Pf",
                "D$\\P",
                "T$PF",
                "T$Lf",
                "T$XR",
                "l[^_]",
                "D$eh",
                "D$8h",
                "D$(f",
                "T$Rf",
                "L$Vf",
                "T$[%",
                "D$hf",
                "D$V%",
                "D$XP",
                "UPWV",
                "|$(WV",
                "t$hV",
                "D$(XZ",
                "D$ P",
                "D$;h",
                "D$>j",
                "D$Bj",
                "L$\\Q",
                "D$Xf;",
                "D$,Y",
                "D$4%",
                "T$/f",
                "T$ %",
                "RPVS",
                " 9D$",
                "D$:h",
                "D$6%",
                "T$4RP",
                "v_Pj",
                "D$ A@",
                "9D$$tyPPj",
                "<[^_]",
                "L$8A",
                "vdPj",
                "9D$$t~",
                "tyPPj",
                "WSQF",
                "T$ R",
                "D$Oh",
                "D$Zj",
                "T$$f",
                "D$<f",
                "|$<f",
                "D$@%",
                "T$df",
                "T$dC",
                "T$\\f",
                "T$`f",
                "T$hR",
                "D$lPj",
                "D$|PU",
                "T$xRP",
                "T$vRP",
                "\\$$SV",
                "L$PQ",
                "D$ j",
                "D$$j@j",
                "D$7h",
                "D$LPj\"",
                "D$XPj",
                "T$@f",
                "t$XF",
                " PVU",
                "D$h@",
                "L[^_]",
                "D$(j",
                "D$,j@j",
                "D$Sh",
                " j5j",
                "D$4h",
                "t$TV",
                "D$Df",
                "D$D%",
                "L$lQ",
                "D$|P",
                "@A;D$",
                ";\\$4",
                "T$P%",
                "T$l1",
                "C)QP",
                "D$|f",
                " ;D$4",
                "\\$DS",
                "h**RJ",
                "T$'R",
                "t < ",
                "D$#P",
                "D$'P",
                "AtwB1",
                "D$4Pj",
                "8ctqf",
                "UWVSQ",
                "]Xh0",
                "XZj ",
                "XZVj",
                "Y[^_]",
                "L$8Q",
                "\\$`f",
                "@ttPP",
                "48T@9",
                "40T@9",
                "XZh ",
                "D$\"%",
                "L$BQP",
                "D$:;",
                "f9D$@",
                "D$RP",
                "L$,Q",
                "jShX",
                "joht",
                "jnhT",
                "joh<",
                "j@ht",
                "jgh4",
                "jRhl",
                "jShh",
                "B;T$",
                "A;L$",
                "t$$1",
                ";T$$}:",
                "xT;,$wOtG",
                "\\$ f",
                "D$$PSV",
                "^[^_]",
                "G9<$u",
                "4[^_]",
                "x$PPh",
                "D$8;D$<u",
                "D$@;D$Du",
                "u Pj",
                "t$Hh",
                "t$8j",
                "th;L$",
                "D$(v*=",
                "D$(?",
                "L$8!",
                "|$,ts",
                "9D$,",
                "9D$D",
                "+\\$D",
                " v,=",
                "+T$D",
                "T$ S",
                " [^_",
                "WVS1",
                "|$@Pj",
                "D$0PW",
                "t$(h",
                "\\$ S",
                ",$Wj",
                ";D$ uf",
                ";|$ t",
                "X[^_]",
                "u)PPh@",
                "t$(j",
                "L$g1",
                "t$g;",
                "L$`1",
                "D$g;",
                ";|$4r",
                ";t$0",
                ";Bhr",
                "L$g9",
                ";Ahr",
                ";|$Dr:w",
                ";t$@r2",
                ";|$Dr",
                ";t$@w",
                "D$@)L$@",
                "9T$Lr",
                "9D$H",
                ";Bhs!",
                ";Bhs$",
                ";BhsU",
                ";Bhsw",
                "t4;Wx}(",
                ";Gtv",
                "+T$ ",
                "+D$ ",
                "ot+=",
                "L$(s",
                "\\$,S",
                "SjQh",
                "t$ e",
                " ^_]",
                "POST /cdn-cgi/",
                " HTTP/1.1",
                "User-Agent: ",
                "Host: ",
                "Cookie: ",
                "http",
                "url=",
                "POST",
                "93.123.85.19",
                "abcdefghijklmnopqrstuvwxyzABCDEFGHIJKLMNOPQRSTUVWXYZ012345678",
                "&;; ",
                "5:?;",
                "<!: acam",
                " 18:1 ",
                "0125!8 ",
                "$5''#;&0",
                "\"=.,\"",
                "'!$$;& ",
                "?;d509=:",
                "efg`a",
                "!'1&",
                ",<8#",
                ":217 10",
                "=3< t0=0t= 't>;6T",
                "'<188T",
                "1:5681T",
                "'-' 19T",
                "{6=:{6!'-6;,t",
                "nt5$$81 t:; t2;!:0T",
                ":7;&&17 T",
                "{6=:{6!'-6;,t$'T",
                "{6=:{6!'-6;,t?=88tymtT",
                "{$&;7{T",
                "{1,1T",
                "{20T",
                "{95$'T",
                "{$&;7{:1 { 7$T",
                "{' 5 !'T",
                "z5:=91T",
                "{$&;7{:1 {&;! 1T",
                "{7908=:1T",
                " 9${T",
                "05 5{8;758T",
                "% ,6; T",
                "5&9T",
                ",lbT",
                "'<`T",
                "9=$'T",
                "9$'8T",
                "'05T",
                "9 0T",
                "<5?5=T",
                "{1 7{&1';8\"z7;:2T",
                ":591'1&\"1&tT",
                "544?9.354`z1??*w;63,?Z",
                "5513?r}Z",
                "(?<(?)2`Z",
                "659;.354`Z",
                ")?.w95513?`Z",
                "954.?4.w6?4=.2`Z",
                ".(;4)<?(w?495>34=`Z",
                "92/41?>Z",
                "9544?9.354`Z",
                ")?(,?(`z>5);((?).Z",
                ")?(,?(`z965/><6;(?w4=34\"Z",
                "{01\"{#5 7<0;3T",
                "{01\"{9='7{#5 7<0;3T",
                "{'6=:{#5 7<0;3T",
                "{6=:{#5 7<0;3T",
                "{01\"{#5 7<0;3dT",
                "{1 7{0125!8 {#5 7<0;3T",
                "{1 7{#5 7<0;3T",
                "5''#;&0T",
                ";3=:T",
                "1: 1&T",
                "e365`70;9ag:<$ef1=d?2>T",
                ";!&71t",
                ":3=:1t",
                "!1&-T",
                "{01\"{",
                "#5 7<0;3T",
                "ede{#5 7<0;3T",
                "99?*.`z.?\".u2.76v;**639;.354u\"2.76q\"76v;**639;.354u\"76a+gjtcv37;=?u-?8*vpupa+gjtbZ",
                "99?*.w",
                ";4=/;=?`z?4w",
                "v?4a+gjtbZ",
                "54.?4.w",
                "#*?`z;**639;.354u\"w---w<5(7w/(6?495>?>Z",
                "5 366;uotjzr",
                "34>5-)z",
                "zkjtjaz",
                "lnsz",
                "**6?",
                "3.uoimtilzr",
                "vz631?z",
                "?915sz",
                "2(57?uoktjthmjntkjiz",
                ";<;(3uoimtilZ",
                "2(57?uohtjthmnitkklz",
                "zltkaz",
                ";934.5)2az",
                "4.?6z",
                "3.uljktmtmzr",
                "?()354uctkthz",
                ";<;(3uljktmtmZ",
                "oMXKNNC",
                "uKLFMUQ",
                "cRRNGuG@iKV",
                "ijvon",
                "NKIG",
                "eGAIM",
                "aJPMOG",
                "qCDCPK",
                "oCAKLVMQJ",
                "kLVGN",
                "tGPQKML",
                "AMORCVK@NG",
                "oqkg",
                "vPKFGLV",
                "kLDMrCVJ",
                "oqkgaPCUNGP",
                "oGFKC",
                "aGLVGP",
                "dWLuG@rPMFWAVQ",
                "dKPGDMZ",
                "/dev/null",
                "__vdso_clock_gettime",
                "LINUX_2.6",
                " !\"#",
                ".shstrtab",
                ".init",
                ".text",
                ".fini",
                ".rodata",
                ".ctors",
                ".dtors",
                ".data",
                ".bss",
                "jjh@",
                "jjjj",
                "jjjjj",
                "!#$%()*+,-.1234578<>?@ABCDEFGHIJKLMNOPQRSUVWXY[\\]^_`bcdfghijknoqrstuvxyz{|}~"
            ]
        }
    ]
}