{
    "malware_data": [
        {
            "filename": "3480dbc094726ddfe50b81b2afcc03c66c14b0fb8037065224936bd1c5a6af56.elf",
            "filetype": "7F454C46",
            "filesize": "8KB",
            "hash_sha256": "3480dbc094726ddfe50b81b2afcc03c66c14b0fb8037065224936bd1c5a6af56",
            "strings": [
                "<l>=)",
                "*ziy\"",
                "x2'_Z ",
                "em F",
                "*K,$",
                "(<5C",
                "-KTY",
                "v||[d",
                "8bq<",
                "9pbI<",
                "}c$#$",
                "RO{'o",
                "sG:5",
                "H;\\z\"",
                ")%)F",
                "4Cd?",
                "5WeU",
                "sb/n",
                "32dS",
                "2L8?,h",
                "?}+Bh",
                "<Oi-",
                "\"x\"=6",
                "1QmyT",
                "+ty`",
                "|BRp",
                "2W$&",
                "AFVB",
                "~?>4.`X3",
                "~W6t$-",
                "!;KC",
                ",1/95",
                "^Y.*",
                ":YKZ*",
                "Tl}~",
                "n-Ws",
                "=BZ~}",
                "j_k)",
                "RL8*GC",
                "^.Ni",
                "d6/S",
                ">b*TC",
                "ah?.]",
                ":4=;p.",
                " N3@C",
                ";87r",
                "E*S*",
                "4w?BtJ",
                "$1|h",
                "jtQB",
                "hEet",
                "ZAkA",
                "DQ*~",
                "E/?4=",
                "6hSCt",
                "u}'&",
                "0hx1",
                "a1y0s",
                "N>;m$=",
                "Z)rjv(",
                " 6#r",
                " }HG@",
                "Hiat",
                "9PBZ",
                "MdN^",
                "~ff)",
                "Zjg^",
                "YU{^d",
                "+:8U",
                ".O- =",
                "-uA7",
                "DL7N~",
                "`_wJ",
                "Cu:<Cx^",
                "44BU",
                "OPza",
                "d`mo@l",
                "ZyoHsG?",
                "NP2i",
                ".<+j",
                "d/zbn",
                "[&n}t{",
                "dsyX[",
                "~5@?q",
                "]U3F{e,",
                "PiTY",
                "|$?#",
                ":add",
                "L=>`C",
                "ZP-Q",
                "S$XY"
            ]
        }
    ]
}