{
    "malware_data": [
        {
            "filename": "2fcad226b17131da4274e1b9f8f31359bdd325c9568665f08fd1f6c5d06a23ce.exe",
            "filetype": "4D5A9000",
            "filesize": "11KB",
            "hash_sha256": "2fcad226b17131da4274e1b9f8f31359bdd325c9568665f08fd1f6c5d06a23ce",
            "strings": [
                "!This program cannot be run in DOS mode.",
                ".text",
                "`.rsrc",
                "@.reloc",
                "*r~5",
                "BSJB",
                "v4.0.30319",
                "#Strings",
                "#GUID",
                "#Blob",
                "$I4-0",
                "_Lambda$__4-0",
                "ThreadSafeObjectProvider`1",
                "4363463463464363463463463",
                "<Module>",
                "SW_HIDE",
                "System.IO",
                "_Closure$__",
                "Dispose__Instance__",
                "Create__Instance__",
                "ProjectData",
                "mscorlib",
                "Microsoft.VisualBasic",
                "hWnd",
                "Trace",
                "CreateInstance",
                "get_GetInstance",
                "instance",
                "GetHashCode",
                "get_Message",
                "RuntimeTypeHandle",
                "GetTypeFromHandle",
                "DownloadFile",
                "WriteLine",
                "SecurityProtocolType",
                "GetType",
                "ApplicationBase",
                "X509Certificate",
                "certificate",
                "EditorBrowsableState",
                "ThreadStaticAttribute",
                "STAThreadAttribute",
                "CompilerGeneratedAttribute",
                "HelpKeywordAttribute",
                "GeneratedCodeAttribute",
                "DebuggableAttribute",
                "EditorBrowsableAttribute",
                "ComVisibleAttribute",
                "StandardModuleAttribute",
                "HideModuleNameAttribute",
                "TargetFrameworkAttribute",
                "DebuggerHiddenAttribute",
                "MyGroupCollectionAttribute",
                "CompilationRelaxationsAttribute",
                "RuntimeCompatibilityAttribute",
                "m_ThreadStaticValue",
                "GetObjectValue",
                "4363463463464363463463463.exe",
                "System.Runtime.Versioning",
                "DownloadString",
                "ToString",
                "EndsWith",
                "RemoteCertificateValidationCallback",
                "set_ServerCertificateValidationCallback",
                "System.ComponentModel",
                "kernel32.dll",
                "user32.dll",
                "set_SecurityProtocol",
                "Program",
                "System",
                "Trim",
                "Random",
                "System.ComponentModel.Design",
                "Main",
                "X509Chain",
                "chain",
                "get_Application",
                "MyApplication",
                "Exception",
                "DirectoryInfo",
                "Char",
                "m_AppObjectProvider",
                "m_UserObjectProvider",
                "m_ComputerObjectProvider",
                "m_MyWebServicesObjectProvider",
                "sender",
                "ServicePointManager",
                "System.CodeDom.Compiler",
                "get_User",
                "get_Computer",
                "MyComputer",
                "ClearProjectError",
                "SetProjectError",
                "Activator",
                ".ctor",
                ".cctor",
                "System.Diagnostics",
                "Microsoft.VisualBasic.Devices",
                "get_WebServices",
                "MyWebServices",
                "Microsoft.VisualBasic.ApplicationServices",
                "System.Runtime.InteropServices",
                "Microsoft.VisualBasic.CompilerServices",
                "System.Runtime.CompilerServices",
                "DebuggingModes",
                "System.Security.Cryptography.X509Certificates",
                "Equals",
                "RuntimeHelpers",
                "SslPolicyErrors",
                "sslPolicyErrors",
                "Process",
                "Exists",
                "Object",
                "MyProject",
                "System.Net",
                "Split",
                "WebClient",
                "Start",
                "Next",
                "GetConsoleWindow",
                "ShowWindow",
                "nCmdShow",
                "CreateDirectory",
                "SetCurrentDirectory",
                "System.Net.Security",
                "WrapNonExceptionThrows",
                ".NETFramework,Version=v4.8",
                "FrameworkDisplayName",
                ".NET Framework 4.8",
                "MyTemplate",
                "11.0.0.0",
                "4System.Web.Services.Protocols.SoapHttpClientProtocol",
                "My.Computer",
                "My.Application",
                "My.User",
                "My.WebServices",
                "_CorExeMain",
                "mscoree.dll",
                "<?xml version=\"1.0\" encoding=\"utf-8\"?>",
                "<assembly manifestVersion=\"1.0\" xmlns=\"urn:schemas-microsoft-com:asm.v1\">",
                "  <assemblyIdentity version=\"1.0.0.0\" name=\"MyApplication.app\"/>",
                "  <trustInfo xmlns=\"urn:schemas-microsoft-com:asm.v2\">",
                "    <security>",
                "      <requestedPrivileges xmlns=\"urn:schemas-microsoft-com:asm.v3\">",
                "        <!-- UAC Manifest Options",
                "             If you want to change the Windows User Account Control level replace the ",
                "             requestedExecutionLevel node with one of the following.",
                "        <requestedExecutionLevel  level=\"asInvoker\" uiAccess=\"false\" />",
                "        <requestedExecutionLevel  level=\"requireAdministrator\" uiAccess=\"false\" />",
                "        <requestedExecutionLevel  level=\"highestAvailable\" uiAccess=\"false\" />",
                "            Specifying requestedExecutionLevel element will disable file and registry virtualization. ",
                "            Remove this element if your application requires this virtualization for backwards",
                "            compatibility.",
                "        -->",
                "        <requestedExecutionLevel level=\"requireAdministrator\" uiAccess=\"false\" />",
                "      </requestedPrivileges>",
                "    </security>",
                "  </trustInfo>",
                "  <compatibility xmlns=\"urn:schemas-microsoft-com:compatibility.v1\">",
                "    <application>",
                "      <!-- A list of the Windows versions that this application has been tested on",
                "           and is designed to work with. Uncomment the appropriate elements",
                "           and Windows will automatically select the most compatible environment. -->",
                "      <!-- Windows Vista -->",
                "      <!--<supportedOS Id=\"{e2011457-1546-43c5-a5fe-008deee3d3f0}\" />-->",
                "      <!-- Windows 7 -->",
                "      <!--<supportedOS Id=\"{35138b9a-5d96-4fbd-8e2d-a2440225f93a}\" />-->",
                "      <!-- Windows 8 -->",
                "      <!--<supportedOS Id=\"{4a2f28e3-53b9-4441-ba9c-d69d4a4a6e38}\" />-->",
                "      <!-- Windows 8.1 -->",
                "      <!--<supportedOS Id=\"{1f676c76-80e1-4239-95bb-83d0f6d0da78}\" />-->",
                "      <!-- Windows 10 -->",
                "      <!--<supportedOS Id=\"{8e0f7a12-bfb3-4fe8-b9a5-48fd50a15a9a}\" />-->",
                "    </application>",
                "  </compatibility>",
                "  <!-- Indicates that the application is DPI-aware and will not be automatically scaled by Windows at higher",
                "       DPIs. Windows Presentation Foundation (WPF) applications are automatically DPI-aware and do not need ",
                "       to opt in. Windows Forms applications targeting .NET Framework 4.6 that opt into this setting, should ",
                "       also set the 'EnableWindowsFormsHighDpiAutoResizing' setting to 'true' in their app.config. -->",
                "  <!--",
                "  <application xmlns=\"urn:schemas-microsoft-com:asm.v3\">",
                "    <windowsSettings>",
                "      <dpiAware xmlns=\"http://schemas.microsoft.com/SMI/2005/WindowsSettings\">true</dpiAware>",
                "    </windowsSettings>",
                "  </application>",
                "  -->",
                "  <!-- Enable themes for Windows common controls and dialogs (Windows XP and later) -->",
                "  <dependency>",
                "    <dependentAssembly>",
                "      <assemblyIdentity",
                "          type=\"win32\"",
                "          name=\"Microsoft.Windows.Common-Controls\"",
                "          version=\"6.0.0.0\"",
                "          processorArchitecture=\"*\"",
                "          publicKeyToken=\"6595b64144ccf1df\"",
                "          language=\"*\"",
                "        />",
                "    </dependentAssembly>",
                "  </dependency>",
                "</assembly>",
                ".5<C",
                "https://urlhaus.abuse.ch/downloads/text_online/",
                "Files",
                ".exe",
                "VS_VERSION_INFO",
                "VarFileInfo",
                "Translation",
                "StringFileInfo",
                "000004b0",
                "FileDescription",
                "FileVersion",
                "0.0.0.0",
                "InternalName",
                "LegalCopyright",
                "OriginalFilename",
                "ProductVersion",
                "Assembly Version"
            ]
        }
    ]
}