{
    "malware_data": [
        {
            "filename": "26a7fb12ebe190da2a0b886ee84363dfd18a8dc8ad93e56140dcb29173117fb0.elf",
            "filetype": "7F454C46",
            "filesize": "65KB",
            "hash_sha256": "26a7fb12ebe190da2a0b886ee84363dfd18a8dc8ad93e56140dcb29173117fb0",
            "strings": [
                "N^NuNV",
                "f>\"y",
                "N^Nu",
                " OHWHQHy",
                "NuNV",
                "f$/.",
                "N^NuO",
                "?>&o",
                "/f4B",
                " BHh",
                "g \"H",
                "$HB(",
                " @Hh",
                "?>(o",
                "2$p,",
                "cfxBj",
                "F>7@",
                "Ex5@",
                "_v'@",
                "_`'@",
                "`\":|",
                "LNuO",
                "f~Bj",
                "@|5@",
                "@27@",
                "<NuO",
                ";(5@",
                ";b7@",
                ":*HB",
                ",@Hx",
                "5D5@",
                "5~7@",
                "<NuNV",
                "?<(n",
                " N!<",
                "L\\$.",
                "L(5@",
                "1.7@",
                "?>$/",
                "2&HHx",
                "$(H/<",
                "<@Hx",
                "b&HHx",
                "T(H/<",
                "'\"5@",
                "'\\7@",
                "?>&/",
                "(HHx",
                "`Hx@",
                " G$p",
                "\"P5@",
                "\"p7@",
                "<d$/",
                "<,?@",
                ";@5@",
                "F\"G#",
                ":r7@",
                "XNuO",
                "?>,oQ",
                "K$HB",
                "eV0;",
                "Qh/H",
                "/BQxHoQxB",
                "HoPpHoP",
                " 7- P",
                "q^/|",
                "HoQl/",
                " PtO",
                "<Hx(",
                "Ho(ta",
                "Ho(xG",
                " (la",
                "Ho(pa",
                " (xa",
                "Ho(|a",
                "kzHy",
                " Ho(ha",
                "kZHj",
                " (pa",
                "kdHo(ta",
                "k@Hy",
                " (|a",
                "kHHo(",
                "k$Hj",
                "$Ho(ha",
                "Ho(la",
                " (ta",
                "jxHx",
                "Z`Ho(ta",
                "jJHy",
                "jRHx",
                "Ho(xa",
                "Ho(tN",
                " (|N",
                " (lN",
                "Ho(xN",
                "Ho(pN",
                "Hw) (xHx",
                "Ho(hN",
                " (pN",
                "Ho(ha",
                "Hr) ",
                "Ho(hK",
                "hvHy",
                " (pM",
                "gTHo(hN",
                "Ho(t/",
                "gBHx@",
                "X /Q",
                "a  GR",
                "ap\"@O",
                "e,$/",
                "_,Hy",
                "_* J",
                "mN(HG",
                "g^ FJ",
                "MZHx",
                "M,Hx",
                "B5) ",
                "tth(",
                " DHp",
                "\\V G ",
                "\\8$BV",
                "? G ",
                "[|(@O",
                "lh J",
                "YF J",
                "l^ J",
                "D K`",
                "VxHx",
                "VDHx",
                "UtHx",
                "U@Hx",
                "TpHx",
                "T<Hx",
                "Q`Nu/",
                "BBHB",
                "BAHA",
                "BAHAJ",
                "@THx",
                "Yt$@O",
                "$C$.",
                "&HHn",
                "jBAS",
                "8LHx",
                "8BHx",
                "88Hx",
                "8.Hx",
                "8$Hx",
                "7xHx",
                "7nHx",
                "7dHx",
                "7JHx",
                "7@Hx",
                "76Hx",
                "7,/.",
                "f4Hx",
                "G|Hx",
                "GnHx",
                "G8Hx",
                "G*Hx",
                "wl$C$.",
                "1vHx",
                "1lHx",
                "1bHx",
                "1XHx",
                "1NHx",
                "1DHx",
                "1*Hx",
                "1 Hx",
                "`N^Nu#",
                "NuHx",
                "gLHn",
                "?<*n",
                "IVHx",
                "e Hx",
                "  EN",
                ".tHn",
                "CVHx",
                "CLHx",
                "f*Bn",
                "\" $9",
                "@| y",
                "\" Hx",
                "g60.",
                "BgHn",
                "f0 9",
                "jHx@",
                "gN/9",
                "JHx@",
                "| J`",
                "N^Nu/",
                "\"&\"9",
                "\"*\"9",
                "88$/",
                "gb$o",
                "\"& 9",
                " NuH",
                "8 $o",
                "\".(9",
                "\"*\"y",
                "\"&$9",
                "\"\"`0 ",
                " AHh",
                "V.$H#",
                "\"^,9",
                "\"2$y",
                "\"2 y",
                "\"dHx",
                "\"WHx",
                "H@B@",
                "\"FBy",
                "\"@Hx",
                "\"@ G1|",
                "\"JHy",
                " G1@",
                "\"6/9",
                "DH .",
                "gJ IC",
                " DHh",
                " 6- ",
                "fj E",
                "gZHx@",
                " EHp",
                "f* .",
                "Z SHx@",
                "=8Hx@",
                " SHx@",
                "<hHx@",
                "hHx@",
                "9@Hx@",
                "2Hx@",
                "g,/+",
                "o\\/+",
                "\"bLA",
                "N^Nu\"/",
                "BCHC$",
                "<NuH",
                " 0Hx",
                "#*Hx",
                "#6Hx",
                "#<Hx",
                "#HHx",
                "#THx",
                "#`Hx",
                "#lHx",
                "#xHx",
                "$&Hx",
                "$8Hx",
                "$DHx",
                "$PHx",
                "$bHx",
                "$nHx",
                "$zHx",
                "%\"Hx",
                "%.Hx",
                "%:Hx",
                "Nu o",
                "NuNq/",
                "g \"A\"",
                "Nu\"o",
                "NuNq o",
                "NuNqH",
                " 0&o",
                "?0\"o",
                "b60|",
                "eLgF ",
                "b(p7 B",
                "pW B",
                "gF=|",
                "N^NuH",
                "< */",
                "<Nu\"o",
                "m BBS",
                "8  /",
                "gb J",
                "`Jp7",
                "` J ",
                "$NuNuNV",
                " A-P",
                "`V-n",
                "p7N@-@",
                "N@-@",
                "N^NuNuNV",
                "p@N@-@",
                "p6N@-@",
                "p%N@-@",
                "<0&n",
                "0 $n",
                "pUN@-@",
                "<8&n",
                "pBN@-@",
                "`h-n",
                "f(/.",
                " @N^NuNuNV",
                "eL n",
                "`j .",
                " @N^NuNV",
                "`~ n",
                "`@ n",
                "`b n",
                "`l n",
                "lp -@",
                "`^/.",
                "b\"\"9",
                "g4 .",
                "gF/.",
                " @$.",
                "f>Hy",
                "\"hHy",
                "g\"\".",
                "`2/.",
                " @-P",
                "`j/.",
                "f* 9",
                "f\"/.",
                "g& .",
                "bHHy",
                "`J n",
                "e4\".",
                "`\\\".",
                "b0 .",
                "f6 n",
                "e*/.",
                "`t n",
                "g>\".",
                "f& n",
                "`& .",
                "`\"/.",
                "! /.",
                "`*\"n",
                "fffg\"",
                "gR n",
                "fffg$",
                "f: n",
                "g*\"n",
                "0f*R",
                "`2 n",
                "Lt\" ",
                "jNqNV",
                "p -@",
                "(r -A",
                "g. .",
                "HN^NuNuNV",
                "f&/.",
                "f8 9",
                "`>-n",
                "e( n",
                "f\" .",
                "gF\".",
                "g./<",
                "NqNuNV",
                "pfN@-@",
                "NqNV",
                "plN@-@",
                "`,-y",
                "p+N@-@",
                "LN^NuNV",
                "DN^NuNV",
                "`R n",
                "`& n",
                "`H n",
                "`> .",
                "`| n",
                "gB n",
                "mB .",
                "f6 9",
                "f~ 9",
                "$*0|",
                "$.N^NuNV",
                "p-N@-@",
                "80&n",
                "N^NuPOST /cdn-cgi/",
                " HTTP/1.1",
                "User-Agent: ",
                "Host: ",
                "Cookie: ",
                "http",
                "url=",
                "POST",
                "93.123.85.89",
                "vkkp",
                "pkkv",
                "0125!8 ",
                "58 '8%",
                ",<8#",
                "#$6;b",
                ",7gaae",
                "&;; ",
                "?8\"efg",
                ".-50efg`",
                ".8,,z",
                "?;d\"=.,\"",
                "?;d509=:",
                "<=gael",
                "75 edfm",
                "5::=1fdef",
                "7<5:3191",
                "3!1' ",
                "efg`a.",
                "efg`ab",
                "!'1&",
                "$5''",
                "$5''#;&0",
                "509=:efg`",
                "'!$$;& ",
                "91&8=:",
                "93gadd",
                "0519;:",
                "!6: ",
                "'<188T",
                "1:5681T",
                "'-' 19T",
                "{6=:{6!'-6;,t",
                "nt5$$81 t:; t2;!:0T",
                ":7;&&17 T",
                "{6=:{6!'-6;,t$'T",
                "{6=:{6!'-6;,t?=88tymtT",
                "{$&;7{T",
                "{1,1T",
                "{20T",
                "{95$'T",
                "{$&;7{:1 { 7$T",
                "{' 5 !'T",
                "z5:=91T",
                "{$&;7{:1 {&;! 1T",
                "5''#;&0T",
                "{1 7{&1';8\"z7;:2T",
                ":591'1&\"1&tT",
                "{01\"{#5 7<0;3T",
                "{01\"{9='7{#5 7<0;3T",
                "$662*7!E",
                ";3=:T",
                "1: 1&T",
                "e365`70;9ag:<$ef1=d?2>T",
                "FTPjGNRGP\"",
                "lKeeGp",
                "qMPCnmcfgp\"",
                "lKeeGpF",
                "wkw\"",
                "kW{EWHGkSL\"",
                "AAcf\"",
                "RPMA",
                "PMWVG\"",
                "ARWKLDM\"",
                "`memokrq\"",
                "NMACN\"",
                "IHD\"",
                "UCVAJFME\"",
                "OKQA",
                "dvufv",
                "}UCVAJFME\"",
                "LGVQNKLI",
                "rpktoqe\"",
                "egvnmacnkr\"",
                "iknncvvi\"",
                "gCVQ",
                "mDHjx",
                "eJMQVuWXjGPG",
                "uQec",
                "caf`\"",
                "c@cF\"",
                "KCeT\"",
                "rmqv",
                "UCLKRAL",
                "ZON\"",
                "RKAFGQA",
                "AVPNV",
                "jlcr",
                "NMEKL",
                "AEK\"",
                "VOwL@NMAI",
                "eRMLdMPO",
                "KLFGZ",
                "RJR\"",
                "QJGNN\"",
                "aMLLGAVKML",
                "IGGR",
                "CNKTG\"",
                "cAAGRV",
                "VGZV",
                "JVON",
                "CRRNKACVKML",
                "ZJVON",
                "KOCEG",
                "UG@R",
                "nCLEWCEG",
                "aMLVGLV",
                "v[RG",
                "DMPO",
                "WPNGLAMFGF\"",
                "QGVaMMIKG",
                "PGDPGQJ",
                "NMACVKML",
                "AMMIKG",
                "AMLVGLV",
                "NGLEVJ",
                "VPCLQDGP",
                "GLAMFKLE",
                "AJWLIGF\"",
                "AMLLGAVKML",
                "QGPTGP",
                "FMQCPPGQV\"",
                "ANMWFDNCPG",
                "LEKLZ\"",
                "oMXKNNC",
                "uKLFMUQ",
                "cRRNGuG@iKV",
                "ijvon",
                "NKIG",
                "eGAIM",
                "aJPMOG",
                "qCDCPK",
                "oCAKLVMQJ",
                "kLVGN",
                "tGPQKML",
                "AMORCVK@NG",
                "oqkg",
                "vPKFGLV",
                "kLDMrCVJ",
                "oqkgaPCUNGP",
                "oGFKC",
                "aGLVGP",
                "dWLuG@rPMFWAVQ",
                "dKPGDMZ",
                ";::17 10t",
                ";!&71t",
                ":3=:1t",
                "!1&-T",
                "?/dev/null",
                "S[kA",
                ".shstrtab",
                ".init",
                ".text",
                ".fini",
                ".rodata",
                ".ctors",
                ".dtors",
                ".data",
                ".bss"
            ]
        }
    ]
}