{
    "malware_data": [
        {
            "filename": "0360c06603e86eba76a783ed1599f900dbe465c99fbc44bc7c86062303d88a6b.exe",
            "filetype": "4D5A9000",
            "filesize": "321KB",
            "hash_sha256": "0360c06603e86eba76a783ed1599f900dbe465c99fbc44bc7c86062303d88a6b",
            "strings": [
                "!This program cannot be run in DOS mode.",
                ".text",
                "P`.data",
                ".rdata",
                "`@.pdata",
                "0@.xdata",
                "0@.bss",
                ".idata",
                ".CRT",
                ".tls",
                "8MZu",
                "HcP<H",
                "D$ H",
                "AUATUWVSH",
                "D$ L",
                "[^_]A\\A]",
                "ATUWVSH",
                "L$<L",
                "@[^_]A\\",
                "ATWVSH",
                "T$LH",
                "X[^_A\\",
                "ATVSH",
                " [^A\\",
                "D$P\\",
                "D$He",
                "D$@p",
                "D$8i",
                "D$0p",
                "D$(\\",
                "D$ .",
                "T$XH",
                "0[^_]A\\",
                "L$(A",
                "H3t$(",
                "UVSH",
                "D$0H",
                "D$(H",
                "|$PD",
                "D$0I",
                "|$(H",
                "|$P1",
                "D$`H",
                "ATSH",
                "T$XL",
                "D$`L",
                "L$hH",
                "PHc=C",
                "T$ A",
                "P[^_]A\\",
                "L$ H",
                "T$8A",
                "UAWAVAUATWVSH",
                "[^_A\\A]A^A_]",
                "(;5g",
                "vFE1",
                " [^_]A\\",
                " t#L",
                "CCG ",
                " A\\H",
                "([^_A\\H",
                "WVSH",
                " [^_",
                "HcA<H",
                "9MZu",
                "9MZuW",
                "tNHcA<H",
                ":MZI",
                "tTIcB<L",
                "HcA<",
                "9MZuL",
                "tCHcA<H",
                "@' t",
                "9MZI",
                "tKIcA<L",
                ";MZA",
                "tSIcK<L",
                "QPH=",
                "5I>%!>",
                "I>'*",
                "O(RW",
                "$TA5",
                "%TI=' ",
                "&T#7&T",
                "M&[|",
                "UYI')",
                "EM&T",
                "=ObZ2:",
                "%[Os&T",
                "@M&T",
                "Q$,\"T",
                "$'TA",
                "^$TO",
                "8-Bs",
                "HeY!",
                "&TA=",
                "&TA=n",
                "I='\"",
                "NiLC",
                "E&T\"\\",
                "G%&T",
                "L{,q",
                "B:33",
                "HpVG",
                "&TCQ",
                "NatCI",
                ":g[|",
                "A2gg",
                "GFIx#",
                "GCA}",
                "GFr'",
                "cW2N",
                "GDm2",
                "<xJ:e|A",
                "&%OeS",
                "Me1@",
                "Me3@",
                "Me=@",
                "Mb[9Og",
                "5:n7",
                "\"DgV",
                "8u$T",
                "p'TA",
                "No$\"",
                ";No$",
                "H+7u",
                "O*TJ4z",
                "Q8{\"T",
                "D-&T",
                "H#Kt",
                "HgW#",
                "O*TJ4",
                "&T\"$",
                "\"TI+%",
                "M:uG",
                "n'TA",
                "pt'T",
                "H#+r:",
                "O(RM",
                "O!RM",
                "(\"TO",
                "!&}+T",
                "&TI?.[E",
                "L{d\"l*T",
                "Nk|#",
                "\"|:T",
                "&D\"0=T",
                "&D\"<)T",
                "L{d\"",
                "\"l4T",
                "I,/[N",
                "[Nc&T",
                "O*\\J$",
                "I?+!",
                "5}6T",
                "UA7g",
                "HaY!",
                "&TO3R^r",
                "NiL5",
                "Nql5",
                "A0#\"TA",
                "I<%[F",
                "A`!\"TO",
                "!\"TO",
                "A|!\"TA",
                "[O3&T",
                "A@&\"TA",
                "[OK&T",
                "i\"TG",
                "Qdn\"T",
                " 4A=",
                " <A=",
                "8^'Tr",
                "[O'&T",
                "Ah%\"TO",
                "&T#R&T",
                "[MG&T",
                "%\"TO",
                "'[Mn&T",
                "W2:3",
                "\\O:S",
                "&T#E&T",
                "\"!$OgU",
                "4b[|",
                "!&.#[|",
                "[IN&T",
                "E_V5",
                "&TI<![EL&T",
                "#v&T",
                "Hsl\"",
                "#F&T",
                "I<, ",
                "\"P(T",
                "NcdI",
                "r$i5:6T",
                "0E&T",
                "K?&T",
                "2:R}",
                "[Nt$T",
                "&TI<.[N",
                "I<*[D",
                "RzI/",
                "]I<B[I*&T",
                "LoDI<",
                ">TJ<|!",
                "Lo@I<",
                "LK<&T",
                "HgQC",
                "H\\UG",
                "8USG",
                "cg<He",
                "H#gl",
                "N_\\A",
                "L^\\\"@>T",
                "2:SX",
                "\"@#T",
                "#]&T",
                "A<gm",
                "#S&T",
                "\"@>T",
                "A<no",
                "HtP5",
                "&TA5",
                "2U'T",
                "2E&T",
                "&T\"|YU",
                "NeDC",
                "K;&V",
                "&T#&&T",
                "\"85T",
                ":-2W",
                "bo:N",
                "[O}&T",
                "[OY&T",
                "\"D+T",
                "&TA-",
                "6,-U",
                "[O5&T",
                "[F:'T",
                "N`\\C",
                "\"4:T",
                "Hk[\" 'T",
                "\"P T",
                "N,g5",
                "Hw\\5",
                "NmD\"\\VU",
                "&T#`",
                "NmDC",
                "&TrV",
                "I$'_",
                "NqDA",
                "[O(X|A",
                "[ON&T",
                "Z9S]G",
                "tA?n",
                "NoDr",
                "NeD5",
                "0ZZA",
                "O:R@",
                "Hbp6,",
                "[OZ&T",
                "[Og%T",
                "[OO%T",
                "\"X(T",
                "[O_$T",
                "[OS&T",
                "kW7N",
                "O3XJA",
                "9n[e",
                "\"T3T",
                "&u&T",
                "[OG'T",
                "[O[&T",
                "HkC\"",
                "O:RW",
                "O3Xs",
                "P&'T",
                "Na\\C",
                "OU1T",
                "#F%T",
                "Qg5@",
                "N#k&",
                "K<&U",
                "[O`%T",
                "[O@%T",
                "O:Xj",
                "_g5@",
                "=n7=",
                "O:X[",
                "GU&T",
                "[Oj T",
                "j[=,o",
                "Hc4A",
                "OU&T",
                "Hkd\"",
                "Hk,\"P",
                "[OH\"T",
                "[O|%T",
                "[O $T",
                "[O$&T",
                "\"t+T",
                "[Oh&T",
                "A<cm",
                "[O/'T",
                "[Oi'T",
                "[OJ'T",
                "Hk[\"",
                "[OO&T",
                "Hks\"",
                "#,$T",
                "S^r8",
                "5,{V",
                "[O&'T",
                "[Ov'T",
                "Hk[\"T",
                "[OV&T",
                "&T\"|",
                "5Ljp",
                "I<%&",
                "&T\"@",
                "2}'T",
                "j7=HIU",
                "[OA&T",
                "I;' ",
                "[Oo&T",
                "K)n\\",
                "NaDA",
                "GV\"t",
                "E&T\"`!T",
                "P&Tp",
                "R&TpE&T",
                "&TAi",
                "\"D:T",
                "&q4:",
                "OgpB",
                "O:R]",
                "R2I=$ ",
                "Hhx\"X",
                "D$&T",
                "H$&T",
                "REAQ",
                "E\"PGT",
                "I<8!",
                "Du&T",
                "n7:@",
                "[DP&T",
                "L*G!",
                "I?%!",
                "A5bm",
                "t#F&T",
                "IM&T",
                "Nu\\C",
                "R{#^",
                "5|hT",
                "(@&T",
                "4@&T",
                "LU&T",
                "[O\\&T",
                "L]&T",
                "\"P=U",
                "&T\"l'T",
                "Lh|O",
                "RESF",
                "W2FX",
                "D]&T",
                "H#[::",
                "H#k4",
                "H#3>:",
                "CF.U",
                "CF>U",
                "\"<0U",
                "^%'T",
                "%{&T\"",
                "5HsP",
                "nW:-",
                "&T\",",
                "Z-bZ",
                "BU&T",
                "v[}M>U",
                "Z]&T",
                "i%TC",
                "5go<",
                "^&T!Mf",
                "Hnr\"l",
                "K$&dJ",
                "o%T\"|",
                "&T\"d",
                "RZI<$ ",
                "l%T!",
                "N+;c",
                "l%T\"",
                "l%TG",
                "\"x.U",
                "&!=|+T",
                "HkD\"",
                "P&TI",
                "L\"EA",
                "\",&T",
                "QLf%T",
                "\"T\"h",
                "K<6s",
                "&!=F",
                "\"<#U",
                "&T\"l",
                "\"4JT",
                "LG&T",
                "\"|jT",
                "&%&T",
                "\"tNT",
                "0!=Lzp",
                "L#'P",
                "t\"\\NT",
                "s-%T",
                "HJps",
                "rE&T",
                "I>,&",
                "#G&T",
                "&Ts-%T",
                "#|&P",
                "00&T",
                "&T\"L",
                "&T!7n",
                "\"` T",
                "Lc+\"",
                "[NJ&T",
                "h3&T",
                "t\"${T",
                "&TI=$!",
                "\"8$T",
                "0+&T",
                "0&TA",
                "!:H2",
                "&T\" ",
                "U%TI",
                "YlH%T",
                "HvP\"x,",
                "5}'T",
                "i<I%T",
                "3:R_p]",
                "K)fU",
                "t\"@qT",
                "&}&T",
                "&e&T",
                "!,.+",
                ",\"W5:",
                "<*eV",
                "VI$)",
                "PA?n",
                "[NI&T",
                "NetC",
                "<E&TO",
                "APvP",
                "Zb[}",
                "d&&T",
                "p%&T#2",
                "G@~P",
                "t2&T",
                "HkS\"",
                "&5&T",
                "$\"0jT",
                "&2CA",
                "3|&D",
                "&[Mf&T",
                "\\)&T!",
                "NyD!",
                ".T\"`",
                "&T\"@PT",
                "tpE&T",
                "C@:U",
                "L6&T!",
                "V&TO",
                "A4RS",
                "NoP\"",
                "#{&T",
                "DR&TO",
                "HhuA",
                "LnD\"",
                "&U&T",
                "&g<N",
                ":3c0",
                "[NH&T",
                "?'TA",
                "3|&X",
                "&g5@",
                "AL='T",
                "T&TO",
                "Hi05",
                "A=k7",
                "[Ns&T",
                "I<$[LW&T",
                ">'Tp",
                "CE&T",
                "&T\"0",
                "I%)!",
                "[Od&T",
                "H\"KI=6[E<&T",
                "&2I=!!",
                "2.[}",
                "&2I=,!",
                "*-.f",
                "H\"KI=6+",
                ".h2I=*!",
                "*-Zd",
                "&T\"X",
                "&T\"H",
                "Hu/\"",
                "=<cg",
                "H*z\"",
                ":3W$",
                "[N+&T",
                "[Nr&T",
                "b[}5",
                "--bU",
                "O3SN",
                "5N[;",
                ":3{\"",
                "Hnt\"",
                "|R&T",
                "0r&T",
                "HdL\"\\",
                "`V&TO",
                "A(#'T",
                "A8\"'T",
                "tV&TI=",
                "K)6Q",
                "A0#'T",
                "#E&T",
                "H&TO",
                "P&TO",
                ":3o.",
                "&T\"<UT",
                ":37(",
                "HmKA",
                "#`&T",
                ":3o+",
                "L~t5",
                "&5\"T",
                "B5%T",
                "SXK|",
                ">1RF",
                "G&T!",
                "28QQ\"4",
                "t\"l:T",
                "*-\"H",
                "Zb[}-",
                "K\"&T",
                "Srs1'T",
                "\"<'T",
                "E&T\"",
                "\\&TA",
                "Fn|5",
                "Ni|!",
                "O3SA",
                "@c&T",
                "\"8/T",
                "N}D\"",
                "LeD\"",
                "[Oz&T",
                "[NF&T",
                "%Tp%",
                "0-v7",
                "\"()T",
                "&T!,n",
                "#@TT",
                "Hlm\",",
                "'TG}",
                "_s-%T",
                "&Q.\"",
                "#x&T",
                "3:33",
                "\"h/T",
                "\"x!T",
                "&[p.2",
                "Hln\"",
                "\"p&T",
                "D&TO",
                "^&Ts",
                "5:g[}",
                "n7;|>T",
                "5LdD",
                "@Q&T",
                "I=\"'",
                "I=$'",
                ";[qA",
                "C`VW",
                "#J&T",
                "A0z'T",
                "rmPA-",
                "A<{'T\"",
                "A${'T",
                ":3{u",
                "^I(,",
                "r:%T",
                "%TI`",
                "&TI`",
                "o%'T",
                "C`fR",
                "}'TI=",
                "5:cg",
                "&T\"t",
                "%[OJ&T",
                "_5%T",
                "&T#L&T",
                ":3[}",
                ":3S~",
                "2:SG5",
                "&[Nd&T",
                "Nmt5",
                "2:RI",
                "&TI=",
                "w'TC",
                "Adq'TO",
                "3:RO",
                "u'TIa",
                "&T\"<vU",
                "A<w'TI=",
                ":3Wz",
                "C@NU",
                "GPFU",
                "&@.F",
                ":3{x",
                "Alo'T",
                "&TAA",
                ":3'`",
                "A4m'TC",
                "m'TO",
                ":3wc",
                "\"4jT",
                "Lc4!",
                "vT\"l_T",
                "[N>$T",
                "Nidp",
                "I%)[O",
                "\"X\\T",
                "&TI//[N",
                "[N='T",
                "O:Rc",
                "m'Tp",
                "[O1$T",
                "c'Tp",
                "t\"TRT",
                "`'T\"",
                "[NY&T",
                "Nmlp",
                "Lkd\" KT",
                "I-% ",
                "5:n72@",
                "[NM&T",
                "&[N5&T",
                "I,$ ",
                "I,- ",
                "[Ok T",
                "RJI<%[Og#T",
                "R;I,",
                "95:j",
                "[Os%T",
                "&[Np'T",
                "&TI<c#",
                "RzI,# ",
                "I,` ",
                "R2I,m ",
                "I,u ",
                "[O#'T",
                "o5:cg",
                "&[Nm&T",
                "I,~ ",
                "RlI,\" ",
                "I<W[MG&T",
                "RCI<![Ow&T",
                "|#@W",
                "\"h@T",
                "T'TO",
                "Oe&T",
                "(5:n",
                "\\'TO",
                "t\"4f",
                "_e&T",
                "/5:b",
                "VLbp",
                "QLS'T",
                "\"tyT",
                "AhH'T",
                "\"0xT",
                "Q(V'T",
                "&TI/% ",
                "&T9o",
                "JE&T",
                "->q5",
                "t!Sn",
                "I)N1",
                "&[Nq&T",
                ")RbK",
                "P`9+(",
                "eTRvK",
                "Lg|!",
                "&T9on",
                ":RxA",
                "N\"pA",
                "&T9ab",
                "-*2I%)[}",
                "ts:)T",
                "I='!",
                "s:)T",
                "5:&T",
                "L\"p#",
                "O\"U5",
                "HcsA",
                "-294:n",
                "84:n",
                "Y03$T",
                "A$3$T",
                "RI#1&T",
                "\"TlT",
                "\"drT",
                "\"\\rT",
                "\"TrT",
                "R_I=6)",
                "i81$T",
                "-:=4:",
                "YQP6$T\"",
                "'T\"tC",
                "6$T\"",
                "&T\"\\tT",
                "5:)D",
                "cg'N",
                "Hk\\\"",
                "\"l\"T",
                "[}=@",
                "L:[5",
                "m)DKU&T",
                "z7)DCe&T",
                "Km&T",
                "K%&T",
                "AD6U",
                "ADnU",
                "7)DC",
                "7)EGE&T",
                "ADVU",
                ")}Oe&T",
                "7)DCU'T",
                "3Ob[",
                "A,bl",
                "`$Tp",
                "%TO3R`",
                "&TA7n",
                "2-:U",
                "2-vT",
                "3{&U",
                "O:R^",
                "0x&U",
                ";|aT",
                "I;'!",
                "A-Ri",
                "NmXA",
                "5.2g",
                "ADz$T",
                "&TIF:V",
                "ZSId:V",
                "&TI<f)",
                "Lg\\C",
                "[Nl'T",
                "ahAI",
                "NhXA",
                "NHtA",
                "cg5-",
                "[NW&T",
                "r\"$A",
                "LgD!",
                "K$&TJX",
                "%TI='!",
                "A,R)",
                "I?'!",
                "[Nv&T",
                "Ncl!",
                "O3R>",
                "S[I=$!",
                "[N[&T",
                "lI='!",
                "5}VK",
                "L`D\"",
                "YL;$T",
                "5:@o",
                "&TI>'!",
                "'T!6",
                "YD>$T",
                "H+71",
                "-&\\5:",
                "&T![n",
                "RQ\"$",
                "N3G2",
                "GHvU",
                "G@vW",
                "BF&T",
                "H#w?",
                "m\"d&T",
                "\"d\"T",
                "I\\6$T",
                "N#39",
                "GM'T",
                "r:'[",
                "-2.5:j",
                "O3RW",
                "\"`*T",
                "t\"X\"T",
                "RM\",",
                "3~'T",
                "K$&X",
                "Yx($T",
                "N+K&",
                "a .$T",
                "&&!6",
                "-R 5:n",
                "0-VV",
                "L`L\"",
                "NmD\"T'T",
                "\"$TA",
                "N;w-",
                "I #$TA",
                "IT#$TA",
                "N#3,",
                "#$TA",
                "N;k,",
                "N#O,",
                "@2ZUn",
                "U@2Z",
                "&T\"x",
                "2:RPA",
                "9<'T",
                "rlUA",
                "rdUA",
                "Nr^2",
                "Nj^:",
                "K=&D",
                ":E*p",
                "5:@2",
                "H2^#",
                "5U@2",
                "Hd^#",
                "R_\"`",
                "qs$$T",
                "C$TA",
                "&TZF",
                "[Nl&T",
                "t!Rn",
                "&T\"|;T",
                "&TZU",
                "A*RR",
                "NGp!",
                "[N&&T",
                "O(Rd",
                "5:b}",
                ".T0O",
                "I-'&",
                "5:Y ",
                "5-.T",
                "\"\\kT",
                "&TA2%",
                "+[p%,&",
                "I=$#/-F",
                "\"dlT",
                "HdU\"",
                "5,rV",
                "H#S:8",
                "5Nbp",
                "H\"_#",
                "O3SH",
                "\"x-T",
                "'[N}&T",
                "H*L!",
                "I-.\"",
                "$[G[&T",
                "D!'f",
                "S]\"P",
                "K:&U",
                "AG.U",
                "s\"l#",
                "[I~&T",
                "S)\"L%T",
                "&T\"4$T",
                ":R\"\"",
                "HnU\"",
                "3Ljp",
                "H~DA",
                "&'Hg",
                "I=7#",
                "5}0T",
                "QX~$T",
                "&TI=' ",
                "S@s9&T",
                "&TI='[N",
                "HhW\"",
                "\"pPT",
                "\"LST",
                "t\"d$T",
                "Q`x$T",
                "Oe\"T",
                "&T\"8",
                "O}\"T",
                "SDO:SXI>",
                "Y@y$T",
                "LmLA",
                "AXx$TI$9",
                "&%$T",
                "#Lbp",
                "HoVI<'\"",
                "%TI$)",
                "d[tQ,",
                "I<B[E",
                "&TI<e[N",
                "R9I<~[N",
                "g[p#-'",
                "# %T",
                "g[p+-",
                "I<O[N/&T",
                "R5I<U[N",
                "[NQ#T",
                "g[p+.",
                "O5S^",
                "HddI=",
                "%d#(&T",
                "J:A!",
                "\"$:T",
                "g[t:n7<",
                "-E&T",
                "O!SB",
                "SNO:SB",
                "A>c[}",
                "5Lbp",
                "J:N ",
                "J:Q!",
                "Eg[t",
                "5:g[p+!",
                "[NX#T",
                "\"hhT",
                "..[t",
                "2:SP",
                "A4RX",
                "O3RJ",
                "O3Sr",
                "I$\" ",
                "Zf[t",
                "I%$ ",
                "b$TC",
                "H;wd",
                "SE\"l&T",
                "HnE\"<",
                "O3ROI",
                "iw_$T",
                "A8!&T",
                "AH!&T5",
                "A,'&T",
                "1$T5",
                "A`'&T",
                "6$T5",
                "Qx6$T5",
                "A<$&T",
                "QL6$T5",
                "Ap$&T",
                "7$T5",
                "Q`7$T5",
                "AD%&T",
                "QL7$T5",
                "Q04$T5",
                ":3[*",
                "HlL\"",
                "Qp5$T",
                "N+':",
                "[H^&T",
                "I:.[HB&T",
                "\"xsT",
                "\"P'T",
                "\"TsT",
                "\\$TGJ",
                "A<g[",
                ";go4",
                "A-%T",
                "O3Rs",
                "&TGJ",
                "Yp]$TA<g[",
                ":go5",
                "L+[R",
                "Fg<N",
                "&TI/$ ",
                "I/\" ",
                "#>&T",
                "O:R\\",
                "\\u&T",
                "5:g[i",
                "&TI>.[O",
                "[Ho&T",
                "&[NW&T",
                "Al-$TA",
                "#C&T",
                "=U9<",
                "5Rq!",
                "q;V$T",
                "Q(V$T",
                "N~PJ",
                ";x'U",
                "4O\"KB",
                "&?Obp",
                "GHVU",
                "I=?#",
                "E/tG",
                "AHVP",
                "5-~R",
                "T}&T",
                "ZNePC",
                "'\"T5",
                "+LZp",
                "@A?M",
                ".#g5",
                "[Lc&T",
                "s$[|",
                "N#_>",
                "Q06&T!",
                "!fL]P",
                "L]\\K*",
                "R}I*\" ",
                "RQ\"0",
                "5z+T",
                "A}&T",
                "HnD\"",
                "$TA=",
                "&T::&",
                "5|*T",
                "O:SZ",
                "$TI=",
                "$TI<",
                "aP@$TI\"9",
                "\\I$' ",
                "P<3bl",
                "N#WO",
                "&TI:'!",
                "RC\"HnT",
                "QI'9",
                "5.$g",
                "LeDC",
                "5Lzp",
                "X23gLI",
                "5:go",
                "O3SB<",
                "3gLI",
                "X:3gLI",
                "A<S\\",
                "R>I,",
                "RMI<\"!@",
                "D#g&T",
                "I,( ",
                "g_:.:",
                "*[p*)",
                ".\"[p**",
                ".[p*7",
                "AX#&T",
                "&[O?",
                "&T#J&T",
                "HdV\"",
                "[OA'T",
                "I='[Dm'T",
                "[Nh'T",
                "\"(`T",
                "'[Fh&T",
                "Ur#*",
                "3:5T",
                "A`|&TA",
                ":3[s",
                "+r.*",
                "r&TO",
                "O:S2O",
                "R|I>#!",
                "5,\"U",
                "[N<&T",
                "mf[O4&T",
                "HnUI<'[LU&T",
                "3aLH",
                "2:Rl",
                "5~0T",
                ">UX\"",
                "i<s$T",
                "8&[t",
                "2;SC\"",
                "&TK>",
                "'\"T@",
                "ADw&TC",
                "-jo2",
                "<[N8&T",
                "V#C&T",
                ":3cz",
                "\"\\/T",
                "=E[4",
                "d[tA7",
                ":3#d",
                "cW<LZd",
                "'\"TJ",
                ";cW<N{",
                "'\"TB",
                "HdW\"",
                "'[Nm&T",
                "[NC&T",
                "\"L&T",
                "5}&V",
                "J9'!",
                "b&T!",
                "&T#W&T",
                "Apc&TO",
                "QI$9",
                "NeDA",
                "y`c$T",
                "EGlJOgl",
                ":3[l",
                "EGlJ",
                "A,f&TO",
                "Me\\#U&T",
                "e\\KHa",
                "{e\\I",
                "HmDpe)T",
                "HmD5",
                "A<d&TO",
                "d&T!",
                "AHd&TO",
                "RW::&",
                "K=&T",
                "RW::$",
                "K5&T",
                "A-&T",
                ":5:n",
                "A5&T",
                "I=&T",
                "AN&U",
                "#;&T",
                "-V:5:n",
                "RNI|zU",
                "SY\"<K",
                "Z\"4K",
                "-*/5:n",
                "\"H&T",
                "E&TJ",
                "NS,A2c",
                "#<'T",
                "=5:n",
                "&T#'&T",
                "_&TA5n",
                "ym&T",
                "&(-D",
                "qu&T",
                "Iu&T",
                "&T#O&T",
                "Yu&T",
                "t\"D&T",
                ".g'E",
                "O:RS",
                "i3a$T",
                "LcD5",
                ":3'E",
                "HbU4",
                "HbU6",
                "HbU0",
                "HbU2",
                "QD2'T",
                "ALH&T",
                "A(N&T",
                "H3k}",
                "I&TO",
                "&T#*&T",
                "qoN$T",
                "NeDI",
                "5:Y\"",
                "O3RF",
                "O3R_",
                "[NL&T",
                "U[\"@",
                "1%QL",
                ":3SL",
                "&T!on",
                "QW0'T",
                "t&&T",
                "a@y&TG",
                "]ni.",
                "r*GG",
                "2I=?#",
                "QT+'T",
                "G&TA=n",
                "2-v 5:",
                "FRD\"TD",
                "pI>2(",
                "$TI&9",
                "ZFZo",
                "A0cg.",
                "E&T5",
                "A\\E&T<",
                "ADE&T!",
                "[OI&T",
                "QgE$T",
                "=LZp",
                ":RiI",
                "F*W5",
                "-v#5:",
                "-B\"5:",
                "&T\",Z",
                ">\\I$' ",
                "P<3bL",
                "$TI$9",
                "#)&T",
                "-285:j",
                "-:-5:",
                "t\"[|",
                ".+[|",
                "O3RQ",
                "&T\"(Q",
                ".[|Q.M",
                "O:RR",
                "s 2C",
                "5~'T",
                ",Z~A",
                "RcA\\",
                "3;SX\"47T",
                "RQ\"he",
                "Y4!'T",
                "RQ\"Le",
                "Y !'T",
                "Y$!'T",
                "NmD\"",
                "Nmd\"",
                "Nm$\" g",
                "AE&T",
                "AM&T",
                "AU&T",
                "A]&T",
                "Ae&T",
                "Am&T",
                "Au&T",
                "A%&T",
                "A=&T",
                "AE'T",
                "AM'T",
                "AU'T",
                "Ae'T",
                "Am'T",
                "Au'T",
                "A}'T",
                "k5:n",
                "A]'T",
                "A%'T",
                "A-'T",
                "A5'T",
                "A='T",
                "-^k5:n",
                "-Jk5:n",
                "-Fk5:n",
                "-rk5:n",
                "-nk5:n",
                "->k5:n",
                "-*k5:n",
                "-&k5:n",
                "j5:n",
                "AE$T",
                "AM$T",
                "AU$T",
                "A]$T",
                "Ae$T",
                "Am$T",
                "Au$T",
                "A}$T",
                "S!Fn",
                ":-255:n",
                "-v15:",
                "&TI,6 ",
                "R[I<f!N",
                " [p-=",
                "![p-:",
                "9u-n",
                "2:So",
                "-:33",
                "\"_8.$_:N",
                "M[3!",
                "I;#[O",
                "Mc3#",
                "5co4",
                ".PF\"",
                "2:RX",
                "6|>T",
                "I'!W",
                "&TCD",
                "+:&T",
                "s*^K$",
                ",PK$",
                "L\"^r",
                ",XK$",
                ",@K$",
                "N*\\A",
                ",DK$",
                ",LK$",
                "N\"UC",
                "&T#h%T",
                "J%'T",
                "->[|",
                "A0>&T",
                "A,:&T",
                ",.[|",
                ",&[|",
                "H+g9",
                "P@Njp",
                "P@|\"T",
                "Yp7&TA",
                "/6[|",
                "@ZN\"",
                "H3/4",
                "6|*T",
                "L\"pr",
                ",\\K$",
                "N\"UA",
                "p&TA",
                "-6q5",
                "-.q5",
                "Y@p&TA",
                "v&TA",
                "Y0w&TA",
                "YXw&TA",
                "&T5Njp",
                "A,q&TA",
                "H3s~",
                "H3_~",
                "p5:n",
                "%[Gm$T",
                "H+W$",
                "&TIy",
                ")&T\"",
                "/.[|",
                "H3ot",
                "&T\"Du",
                "\"l%T",
                "/q:YT",
                "5:no",
                "-ze5:",
                "O3RqI",
                "-2R5:",
                "z5:n",
                "O3Rl",
                "Q<-'T",
                "O(R2",
                "O(o[",
                "T5:c",
                "cg.N",
                "-.e5:",
                "HP\\5",
                "Hn]\"(+",
                "L#7/",
                "F[Nb&T",
                "[Bg&T",
                "X<-2",
                "O!R#",
                "H*RA",
                "O!R_",
                ".0[}",
                "QdR'T",
                "[NR&T",
                "O\"DB",
                "A$k7:",
                "%&Ts",
                "O:S]",
                "t\"@,T",
                "G@VW",
                "G@FU",
                "H#W*",
                "O:SS",
                "O(RQ",
                "4EZp",
                "-2r5:",
                "5:Y#",
                "I)vg'",
                "#e&T",
                "C5:n",
                "2g[}",
                "&T7N",
                "!*HaUp",
                "5FBp",
                "N#sG",
                "5Nrp",
                "I?$[H",
                "I=>[H",
                "5:gW",
                "ie#'T",
                "y@#'T\"",
                "#'T!",
                ":vLN",
                "Aq5:",
                "Z%&T",
                "XE&T",
                "&T\"p=",
                "[O]&T",
                "O:X}I",
                "j7\"@",
                "5:)*",
                "T5:n",
                "I=$&",
                "#~&T",
                "wE&T",
                " |+T",
                " |'T",
                " |-T",
                " |,T",
                "t2*j",
                "\\Ps?PXA",
                "Vg'D:",
                "@pQa",
                "BypZ",
                "zqrK",
                "XA>'?",
                "=Fl}a=V",
                "HE2Q",
                "4:&U",
                "4:gT",
                "3, V",
                "<24Z",
                "87M?",
                "anP\"",
                "naT&",
                ";4W%",
                "\\S#Q",
                "P_!S",
                "xwS!",
                "3<$V",
                "mbX*",
                "r}2@",
                "fiD6",
                ".!_-",
                "clJ8",
                " /C1",
                "dk.\\",
                "@OV$",
                "<3(Z",
                "R]7E",
                "Q^8J",
                "CL+Y",
                "q~0B",
                "^-D1Mj",
                "!|!w%",
                "JN=&T",
                "8plO",
                "7f3kK",
                "6m<k:e",
                "H7V-]",
                "FC:_#X",
                "X{aF",
                "U M?",
                "_\\Xk",
                "*q(y",
                ":WUb",
                "1>Z(",
                "_P-_",
                "kd@2",
                "xwP\"",
                "<3B0",
                "LCN<",
                "R]0B",
                "XWJ8",
                "an&T",
                "wx%W",
                "@OM?",
                "[T7E",
                ",#U'",
                "fiR ",
                "\"-:H",
                ";4<N",
                "CLI;",
                "}rD6",
                "`o>L",
                "t{=O",
                "4;^,",
                ">19K",
                "BM!S",
                "{t4F",
                "cl?M",
                "/ \\.",
                "S\\G5",
                "+$O=",
                "`Z(2AQ#$\\]/<H",
                "#P\"&_",
                "[)0B",
                "2T&.S",
                "W%(V",
                "S! Z/]",
                "|(L>",
                "Y+4Dv",
                "7X*6G",
                "p\"?M",
                "U',PF4",
                "v'-_",
                "_-8N",
                "j\\.>K",
                "^,:M",
                "R \"Y9K",
                "@V$*U",
                "ckS#^",
                "G]Au",
                "E^@c",
                "ahRb",
                "MRDi",
                "_IM`",
                "#k.D",
                "[OOV",
                "y]7v",
                "y|^8h",
                "]JL+N",
                "_:5g",
                "YVj>",
                "\\S,[",
                "P_(]",
                "r!.h=",
                "IF~ ",
                "yvt/",
                "j)&x%",
                "x'(f4",
                "K69_",
                "~%*i",
                "D3<\"R",
                "P?0E",
                "}$+M",
                "o*%B",
                "dk6L",
                "U<3:F",
                "CL<C",
                "S\\|#",
                "K\"g3P",
                "BTjV?",
                "P\\9u.",
                "Q0{%",
                "\\3QN",
                "L_.c",
                "M}M-",
                "@!!e",
                "$~F+i8",
                "$c\\n",
                "A_YK",
                "wx`%Vp",
                "SBN?",
                "(7Jf",
                "ysm8@",
                "v%Uo",
                "x.X^",
                "Wy>Q",
                "\\>Dm",
                "3k\"G",
                "' a.",
                "V!p0Z",
                "yI{~",
                "6#f+O",
                "!!3-m&Ff",
                "?p1]",
                "oSi6",
                "gRcv",
                "1{<TP",
                "A7f3k<k:e!|!w*q(yC:_#H7V-U M?^-D1o",
                "gK\"g3F+i8Q0{%\\9u.",
                "[,(k",
                "Gf&T",
                "v0#R",
                "OTTZ",
                "9,X{",
                "iR&T",
                "`8S>C",
                "p#f+O-m&F?p1]1{<TP",
                "e\\h{",
                "<6(*",
                "5:+T",
                "5:6T",
                "s-'6",
                "l0Yvf",
                "]a8|",
                "DZA'",
                "9ssw",
                "vcZ{A",
                "10yhh ",
                "wHaf",
                "tL,O",
                "RXt{",
                "vh1m",
                "7sK\"G",
                "bY8v<A8",
                ";icl",
                "ds4Fh",
                "+Tl ",
                "$H_0",
                "122d",
                "X#y@58",
                "]`oj",
                "$:.f0",
                "JeH8",
                "]px-",
                "[w]}",
                "\"=3U",
                "83rzd#",
                "K&GX",
                "U9\\Q",
                "`Ck8",
                "\\W\"l",
                "k0Wg",
                "#N{=",
                "W7KY",
                " =_5",
                "P;l:",
                "3\\HIz",
                "7FLT",
                "6h?!",
                "4BTK",
                ")1)^6",
                "@rKs",
                "UC|B3",
                "p|tT8!",
                "IBO~t",
                "Ykl0R",
                "lv-}S?",
                "?G{~",
                "\\^uu",
                "6F#2m",
                "E`q-'Q",
                "*Jx\"g",
                "\\[b5",
                "5|[Z",
                "A&fd",
                "o3Z-",
                "17qk",
                ">y38",
                "PQ8J",
                "yWSJ",
                "xeUNa1",
                "AY8`",
                "R#frk",
                "$>DJf",
                ")bKW",
                "6-jd",
                "@`W7",
                "u*S1x",
                "6}gu",
                "O[w;X",
                "|-EC",
                "DmAq",
                "g-'H.g",
                "( AS",
                "'V=Jf",
                "@Kit",
                "@+?U*~",
                "{ d,f",
                "w%sB",
                "Fu'<",
                "}j2\"",
                "J&wa",
                "X1(*",
                "L(&pj",
                "3^AF",
                "bkyN",
                "!WgiXD ",
                "7&Ib",
                "&d'2[",
                "#rxm",
                "<GT5",
                "HbL3",
                ":ipX",
                "%C+GKI",
                "QUoG",
                "0(QN",
                "&bzx",
                "2Qnn",
                "HNV1",
                "UZ@z",
                "\"7+F",
                "9F{t~\"",
                "@c4b.G",
                "4j0Ez",
                "SkxC",
                "z=Ekm",
                "TjVU",
                "6D{<",
                "um|]b4",
                "r0VA",
                "nkn'",
                "um(qG",
                "lPRAb",
                ",%O$",
                "2ND@\\",
                "0Fs:",
                "^4iT",
                "u;6?\\",
                "o#9s",
                "\"sO<",
                "iE\\Jp",
                "Y=cI",
                ":$}?)8",
                "Cj(9&",
                "k]!-",
                "B*q=!so",
                "ba'-",
                "`Gc+x",
                "[?=o",
                "7BE$>",
                "@h.^",
                "E79'DI)Uh",
                ".W%#",
                "k\\4^",
                " Fic",
                "8Ep_",
                "zH//4.",
                "c(g%",
                "+cS8",
                "d [7",
                "k:2R",
                "'5NDK",
                "'tN-",
                " eS`6,I",
                ")8C'",
                "vV5wz",
                "N#1i",
                "-+($]",
                "d]P>",
                "(eL<",
                "r%I@",
                "DtI-",
                "tIs.",
                "pl7?",
                "@\\i!.Z",
                "Qd'#",
                ".7#$",
                "}D+(",
                "oD~\"",
                "VjF9",
                "sd1#b",
                "ZwQNf",
                "}#.xQ7",
                "+**H",
                "ff1@",
                "B,p}",
                "U|=C",
                "U}7Qs",
                "-^F`",
                "z>|o7t6c",
                "8LP>",
                "4}L}[",
                "e=Hg!",
                "g8%p",
                "~ (R",
                "?8DjT",
                "jm/M",
                "=bt(",
                "v][]c",
                "Lu5)",
                "XU<UZ",
                "4Q]AEK",
                "znq{",
                "F//q]",
                "$z.|",
                "Crii",
                "Bw\\u",
                "zlM9Z",
                "TZkY6",
                "r/'B",
                "[R0P",
                "Bg(,",
                "hH]S",
                "17}~",
                "IlVj",
                "?E=t",
                "e8.I",
                ")#f|",
                "+&YQ",
                "po8L",
                "Y_\\#",
                "J`%5",
                "Wq;$mvcc=",
                "z1}s",
                "K@M/.",
                "a20V]",
                "LA[j",
                "hS<bF",
                " CQ&&",
                "Z[Je?",
                "0r8Z",
                "j @s7",
                "~aQuh",
                "P^H=V",
                "sha1T",
                "sCjn",
                ">M2Y",
                "d3n2",
                "6[+b",
                "EFuh",
                "wz}ms",
                "SHa5",
                "Isrj",
                "9B7h",
                "/ =/}",
                "k$E(",
                "77T'C",
                "vSGlT",
                "/d\"YC",
                "j vr",
                "o!wS}",
                "brqY",
                ".\\nX",
                "-]49I+u",
                "x/~u8",
                "b1<M>",
                "XD$&",
                "E=U\"",
                "Pgs5",
                "f\\l)y<",
                "p9Rt",
                "QCE<",
                "JD9/",
                "ze7S",
                "Idt8",
                "l$56",
                "P,]_",
                "<n/`",
                "Rfx)",
                ")<hu",
                "ZSC;",
                "o|;wO",
                "24,#",
                "5:'T",
                "*9&T",
                "f*J9&T",
                ".g<T/g",
                "f*k;&T",
                "*K;&T",
                "5:eT",
                "5:T=",
                ":j&4",
                "2j&$",
                "%c%c%c%c%c%c%c%c%cMSSE-%d-server",
                "Unknown error",
                "Argument domain error (DOMAIN)",
                "Overflow range error (OVERFLOW)",
                "Partial loss of significance (PLOSS)",
                "Total loss of significance (TLOSS)",
                "The result is too small to be represented (UNDERFLOW)",
                "Argument singularity (SIGN)",
                "_matherr(): %s in %s(%g, %g)  (retval=%g)",
                "Mingw-w64 runtime failure:",
                "Address %p has no image-section",
                "  VirtualQuery failed for %d bytes at address %p",
                "  VirtualProtect failed with code 0x%x",
                "  Unknown pseudo relocation protocol version %d.",
                "  Unknown pseudo relocation bit size %d.",
                ".pdata",
                "GCC: (GNU) 9.2-win32 20191008",
                "GCC: (GNU) 9.3-win32 20200320",
                "CloseHandle",
                "ConnectNamedPipe",
                "CreateFileA",
                "CreateNamedPipeA",
                "CreateThread",
                "DeleteCriticalSection",
                "EnterCriticalSection",
                "GetCurrentProcess",
                "GetCurrentProcessId",
                "GetCurrentThreadId",
                "GetLastError",
                "GetModuleHandleA",
                "GetProcAddress",
                "GetStartupInfoA",
                "GetSystemTimeAsFileTime",
                "GetTickCount",
                "InitializeCriticalSection",
                "LeaveCriticalSection",
                "QueryPerformanceCounter",
                "ReadFile",
                "RtlAddFunctionTable",
                "RtlCaptureContext",
                "RtlLookupFunctionEntry",
                "RtlVirtualUnwind",
                "SetUnhandledExceptionFilter",
                "Sleep",
                "TerminateProcess",
                "TlsGetValue",
                "UnhandledExceptionFilter",
                "VirtualAlloc",
                "VirtualProtect",
                "VirtualQuery",
                "WriteFile",
                "__C_specific_handler",
                "__getmainargs",
                "__initenv",
                "__iob_func",
                "__lconv_init",
                "__set_app_type",
                "__setusermatherr",
                "_acmdln",
                "_amsg_exit",
                "_cexit",
                "_fmode",
                "_initterm",
                "_onexit",
                "abort",
                "calloc",
                "exit",
                "fprintf",
                "free",
                "fwrite",
                "malloc",
                "memcpy",
                "signal",
                "sprintf",
                "strlen",
                "strncmp",
                "vfprintf",
                "KERNEL32.dll",
                "msvcrt.dll"
            ]
        }
    ]
}