{
    "malware_data": [
        {
            "filename": "2fcc3a77545e68783533dc61490c9678a683e97ba3a043dd7c07ea6a4fb2944d.elf",
            "filetype": "7F454C46",
            "filesize": "32KB",
            "hash_sha256": "2fcc3a77545e68783533dc61490c9678a683e97ba3a043dd7c07ea6a4fb2944d",
            "strings": [
                "CvUPX!",
                ">!Nu",
                "N|iP",
                "/x%Y",
                "4HTO",
                "UPK&",
                "-o;XY=E",
                "XF*1",
                "En>NR",
                "<C`;",
                "PFIV<",
                "+fVi",
                "2q*m}",
                ")#w7,",
                "FrOiU",
                "J](m\\",
                ")$3Non",
                "EM}/",
                "a0,1",
                "w^Vp",
                "ah|ez$",
                "N'`{",
                "F`7o",
                "mZKQH1",
                "ksqW",
                "BTIL",
                "1W*h",
                "VIO|H",
                "nyN,",
                "6gW}",
                "E5Fzm",
                " UyK",
                "C}~LL",
                "3z?\"",
                "ZA-a)",
                "q`lm",
                "?B:@",
                "8N:X",
                "9oz7",
                "o-|@",
                "%Rdt",
                "[K7U6",
                "8;8C",
                "1,5s",
                "tx<k",
                "U1WIO",
                "4DS0",
                "fc(j",
                "/]Mm",
                "6EXq",
                "<>N[",
                "|.]WR",
                "V]#w",
                "?Jk'",
                "oV!35",
                "x`fk",
                "F`K;",
                ")KL?",
                "R?_*",
                "|F#=i",
                "Ul%a{Zo",
                "ww0]G",
                "P4Pio",
                " w/_'",
                "N %kppr'",
                "tB4D",
                "{EV#",
                "<>jD7oC",
                "5:AGa%",
                "3{f4iTw",
                "ago'U",
                "KZTGs",
                "k?nj",
                "c!tl",
                "K0!`x1",
                "'gzc",
                "HM><",
                "^g/f",
                "8oR?",
                "k}>m",
                "A*E%W",
                "[Bso",
                "50(.",
                "%$L,",
                "ro(`",
                "ZoXPq",
                "eJDu",
                "z.=%v[QX",
                "wV8n",
                "O_%[xB",
                "V~Qqp",
                "b@.jU",
                "1K%A",
                "GS1{",
                "Wf$?2",
                "GA x",
                "M3KW{&",
                "5F@P",
                "Iag.R",
                "ROX!qt",
                "UMct",
                "{^sR",
                "}Ow7 ",
                "v<!]",
                "H2l;",
                "6%W)",
                "F[Dm#",
                "|8+N'",
                "B&?Jf",
                "xwY7",
                "}$sw",
                "?pRiS",
                "C7V1`f6",
                "WuFv*",
                "0'gq",
                "l\"w}",
                "S.L;F'",
                "(vE^",
                "yP-h",
                ":`Y_",
                "sY_=<NR",
                "^V*X",
                "0'uJ",
                "SBOl",
                "I0xb",
                "{K5`",
                "*Ctc",
                "$E&uaj",
                "\\@HU'",
                "\"Q['",
                "`EwI",
                "v=s?",
                "ha6C",
                "\"|zc",
                "+*d^",
                "eNp-<",
                "HJ6eM-Pv",
                "pK(`",
                "FC!1",
                ":/m%'",
                "Qi*N",
                "p:M2S}N?",
                "@F^v",
                "7Pxsh",
                "K~J`",
                ":\\dV",
                "QSPr",
                "&:ay;Wt",
                "q 2L",
                "oH^P",
                "UVg_9",
                "uA*Yo",
                "SSmO",
                "|zq.",
                ".,xX",
                "E;[I",
                "X]04",
                "'6gw",
                "YHoC",
                ":)>a9",
                "UgOH",
                "v5v~",
                "$ol':",
                "Qr\\{",
                "?F;v",
                "MYw{",
                "KFjy",
                "%T`2-",
                "=[8(",
                ",=Y^2MV",
                "u65L",
                "L/lR",
                "7Y0s2",
                "S]`\\",
                "2'>f@",
                "! 57",
                "]hVx",
                "H\\2^",
                "pQ\"U",
                "s\\cf6!s_:",
                "DC$G",
                "V%v{",
                "wpHZ",
                "9+.?",
                "49k:!",
                "OD$e",
                "g.tl",
                ">hvz",
                "L6L(",
                "sh2~",
                "w\\jsU",
                "<<&V?",
                "Ot087",
                "#fn*6",
                "V4Mk",
                "{eL*ie",
                "{H!M",
                "rQY]",
                "C\"%,",
                "Au_D(",
                "XF[=_a25=",
                "T%QyQT/",
                "[zCC9",
                "l/GeU",
                "ByT):y",
                ",hh9A",
                "iPYB",
                "(3i9",
                "g&c_",
                "'c#x",
                "h/N)",
                "Cym}\\",
                "s3Iz",
                "]FRu",
                "rpdA",
                ")9hY",
                "[M9(",
                "EJ%N",
                "3H>6,s",
                "KveR",
                "X-j|",
                "Pok?",
                "Sv%XA",
                "?MBn",
                "><3s",
                "e\\~)",
                "^<$|/P",
                "%2L}b",
                "]}Q4g",
                "-{/Y",
                "4Ud,",
                "{lR7R",
                "9\"t>s>f",
                "3+8J",
                "$aIc",
                "1,Bi",
                "fJ^L",
                "\"&&J",
                "1%73/",
                ";g*}",
                "/i98",
                "H%SJ",
                "O[a:",
                "aoNNb",
                "/uJ.",
                "T_V'U",
                "Lke4",
                "C6Z$",
                "b95{b^",
                "v!{Y",
                "SB7Ca",
                "vY|/",
                "%x'~",
                "BnqCD~7m.",
                "`PU#",
                "4J>P",
                "'u`y",
                "IPim",
                "0Xdrw",
                "B7^H",
                "JMH,",
                "g&(M",
                "$J7$",
                "h1XRf4p",
                "?l$H",
                "#GvN&$ ",
                "E2:I",
                "-:'@",
                "nE%D",
                "m0d1",
                "(;B<",
                "..!1Q",
                "QP!Rs6",
                "Ni1R",
                "VWe1",
                "j Uk#7N",
                "a@Z9",
                "x$ .",
                "J^@J",
                "8l&%",
                "0O#Uy",
                "\"P#W;",
                "e')%",
                "_,6{u",
                "2;ZU",
                "CzlW",
                "zZc-",
                "d !3",
                "2{YJ ",
                "MVG5",
                "QZ{k",
                "9vfj",
                "_!b,",
                "=Klx1",
                "|~`.",
                "^Id\"",
                "56<|",
                "f!tBC",
                "w@o'Q",
                "Mt,a",
                ";`kyT",
                "rmP&js",
                "hBv?",
                "jn&g:2",
                "_qP)",
                "UuX*",
                "GR_Y",
                "UqYal3",
                "6F\"k",
                "<^F4",
                "@[^o3",
                "dF'&P;",
                "P_&6i",
                "/5OW1",
                "T$78;",
                "%J\"Aa^",
                "qN#zQu",
                "`h]A",
                "^W2.",
                "+hHG",
                "5[j`01:",
                "z\\7r",
                "Fqv?",
                "!FXS",
                "gQD/",
                "G!W9Y",
                "<?N;",
                "pF)C",
                "m?H%&",
                "nKe/",
                ">msY",
                "-BO<",
                "/m<|",
                "Z&$1=",
                "y5Z.",
                "Pb )",
                "PROT_EXEC|PROT_WRITE failed.",
                "$Info: This file is packed with the UPX executable packer http://upx.sf.net $",
                "$Id: UPX 3.94 Copyright (C) 1996-2017 the UPX Team. All Rights Reserved. $",
                "5n9#",
                "]=2)",
                "%b')",
                "U+V!]",
                "/S|1",
                "[*v!q6L",
                "|[%'",
                "Jv?R",
                "TB$gsp8",
                "[>2g",
                "u`QMf",
                "kA;C].",
                "]a$<",
                ":C2~z",
                "?Usd",
                "K+~(",
                "961K",
                "UPX!"
            ]
        }
    ]
}