{
    "malware_data": [
        {
            "filename": "03c775dde6ce601d449b564ec7243880d79dd2853308931c57a3e69a912efaf6.exe",
            "filetype": "4D5A9000",
            "filesize": "339KB",
            "hash_sha256": "03c775dde6ce601d449b564ec7243880d79dd2853308931c57a3e69a912efaf6",
            "strings": [
                "!This program cannot be run in DOS mode.",
                "RichlY",
                ".text",
                "`.rdata",
                "@.data",
                ".tls",
                ".pen",
                ".coy",
                ".rsrc",
                "hP>C",
                "tG9}",
                "0WWWWW",
                "VVVVV",
                "_^[]",
                "X_^]",
                "YQPVh",
                "QQSVWd",
                "QSVW",
                "Y__^[",
                "PPPPP",
                "0SSSSS",
                "uWS3",
                "ueSj",
                "@_^[",
                "j?Y;",
                " VW}",
                "j?^;",
                "9csm",
                "WWWWW",
                "uaVj",
                "uL9= ",
                "h8?C",
                "QQQQQ",
                "hX?C",
                "hx?C",
                "t&:a",
                "8csm",
                "<v8V",
                "S99t",
                "=TdC",
                "=PdC",
                ">=Yt1j",
                "tPVWP",
                "Y[_^",
                "j\"@@",
                "@@Bf",
                "8\"u8",
                "j\\Yf",
                "t$9U",
                "QQSVWh",
                "@@f9",
                "j@j ^V",
                "[j@j ",
                "t$hD",
                "h@@C",
                "@_^]",
                "=MOC",
                "=csm",
                "hh@C",
                ">csm",
                "98uu",
                "98u[",
                "~SSV",
                "~@;H",
                "taSV",
                "YYPV",
                "t)SV",
                "Hu4j",
                "I=csm",
                ">MOC",
                "s[S;7|G;w",
                "9>u&",
                "tR99u2",
                "r,9Y",
                "@_^[]",
                "h(BC",
                "hHBC",
                "oV f",
                "o^0f",
                "of@f",
                "onPf",
                "ov`f",
                "o~pf",
                "hhBC",
                "u,9E",
                "URPQQh8}@",
                "L$,3",
                "UVWS",
                "[_^]",
                "SVWj",
                "Y_^[",
                "QufA",
                "HHt*HHt",
                "t=HHt",
                "!<9u",
                "7_^]",
                "h0!C",
                "tBHj",
                "tK<_t<<$t8<<t4<>t0<-t,<a|",
                "<z~$<A|",
                "t;BA",
                "h8!C",
                "h@!C",
                "<0|O<9",
                "tU<A|B<P",
                "WQ8E",
                "h|!C",
                "ht!C",
                "hh!C",
                "tY<@tO<Zt",
                "tA<Zu",
                "v,j,",
                "t5j]",
                "t\\<@tXj'",
                "8@u\"",
                "<@uq",
                "<_u`",
                "PWje",
                "YPWh",
                "Yt*j",
                "Du h",
                "hH!C",
                "Ft,Nt",
                "NtFNt#NuV",
                "8Xu2@",
                "YtNj",
                "kt@;",
                "8?u(",
                "h,\"C",
                "j@hL",
                "t.<@t5V",
                "TtUHtKHtAHt",
                "HuSh",
                "hx\"C",
                "hp\"C",
                "hh\"C",
                "hY\"C",
                "8?u'@",
                "0t-HHt",
                "lSVW3",
                "@99t",
                "uUj,",
                "u-j,",
                "h\\#C",
                "h(#C",
                "t?9U",
                "u#8H",
                "hT\"C",
                "tfHH",
                "8_uF",
                "dj@hL",
                "<@t=j",
                "t*j)",
                "YYj)",
                "`<`t",
                "<$u.",
                "uI9u",
                "98tI",
                "99t)P",
                "j PQ",
                ":?uO",
                "<@u$",
                ".<$u ",
                "<_uN",
                "$SVW",
                "hh$C",
                "h`$C",
                "h\\$C",
                "hT$C",
                "hL$C",
                "PhD$C",
                "h<$C",
                "h4$C",
                "h,$C",
                "h$$C",
                "CtMj",
                "Phh!C",
                "t.Ht",
                "AtIHt0Hu",
                "h(CC",
                "hHCC",
                "9~\\u'",
                "5XdC",
                "=\\dC",
                "t#Hu",
                "j hhCC",
                "t+Ht",
                "_VVVVV",
                "hp$C",
                "QWVP",
                "SSSSS",
                ",0GG",
                "SVW3",
                "AAFFf;",
                "=8kC",
                "Y_^[]",
                "Wj6Y",
                "Fpt\"",
                "^_[]",
                "<.u4",
                "PVj@",
                "_trP",
                ",uRP",
                "5T%C",
                "^H_[",
                ">CuW",
                "uQh &C",
                "@PVW",
                "h$&C",
                "vSSSh",
                "VWw$",
                "h0DC",
                "0A@@Ju",
                "hPDC",
                "SVWUj",
                "]_^[",
                ";t$,v-",
                "UQPXY]Y[",
                "hpDC",
                "wIVSP",
                "FVSj",
                "N+D$",
                "u,VVWV",
                "u#9u",
                "t VV9u",
                "Pj1Q3",
                "F Pj*",
                "F$Pj+",
                "F(Pj,",
                "F,Pj-",
                "F0Pj.",
                "F4Pj/",
                "F8PjD",
                "F<PjE",
                "F@PjF",
                "FDPjG",
                "FHPjH",
                "FLPjI",
                "FPPjJ",
                "FTPjK",
                "FXPjL",
                "F\\PjM",
                "F`PjN",
                "FdPjO",
                "FhPj8",
                "FlPj9",
                "FpPj:",
                "FtPj;",
                "FxPj<",
                "F|Pj=",
                "{>Vj",
                "v$;5",
                "C PjPV",
                "C$PjQV",
                "C(Pj",
                "C)Pj",
                "C*PjTV",
                "C+PjUV",
                "C,PjVV",
                "C-PjWV",
                "C.PjRV",
                "C/PjSV",
                "~-8]",
                "@@8X",
                "QW@Ph",
                "W@Ph",
                "~S8]",
                "_^[t",
                ".;1s(N",
                "tIHt$",
                "HHt4HHt",
                "Ht\\Ht,",
                "SV9}",
                "98tl",
                "PSVj",
                "teHtFHt&Hu",
                "h`/C",
                "h\\/C",
                "<'tE",
                "ty<%tA",
                "twF3",
                "tBF9]",
                "u 9]",
                "PPPPPPPP",
                "|FVW",
                "tNhL7C",
                "t=hH7C",
                "hD7C",
                ",aB<",
                "u49^",
                "@hc+A",
                "ho,A",
                "hA.A",
                "hx6C",
                "Vj@hp4C",
                "u%hP7C",
                "j@Sh",
                "t,j@",
                "C@Ph",
                "Sj Z",
                "0;1t|",
                "9] SS",
                "tR:Q",
                "t<:Q",
                "t&:Q",
                "u8SS3",
                "9] u",
                "9]$SS",
                "t)9]",
                "t\"SS9]",
                "u+9u",
                "u>9u",
                "t:9]",
                "^SSSSS",
                "t!PV",
                "PSj?",
                "0Wh,",
                ">:u8FV",
                "jd_Fj",
                "Pf95",
                "PVVRV",
                "Pf95l",
                "VVVVVQRSSj",
                "u09u",
                "VW9]",
                "u99u",
                "WWWWV",
                "t<Vj",
                "t+WWVPV",
                "<8=u",
                "t*;E",
                "QVW3",
                "^WWWWW",
                "h0EC",
                "t.;E",
                "hPEC",
                "8VVVVV",
                "Af#E",
                "QQSV3",
                "VVVVj",
                "tCVV",
                "@A;E",
                "t{~Bj",
                "t1SW",
                "tSj=V",
                "u`9]",
                "Y|R9",
                "?sjj",
                "@Y@P",
                "t\\VV",
                "@Y@PW",
                "^_[3",
                "qhTWd",
                "i3&zO;Pj<",
                "YQ ;",
                "lIX]",
                "YEAe",
                ";Q4S*",
                "')Rs",
                "A+;E",
                ";Er]",
                "7UEU",
                "ox>1",
                "T95o",
                ":Zvk_",
                "Xb7Ce",
                "U8 ,",
                " ;ukL",
                "0WFy",
                "m4gh",
                "@t2p",
                "<k@+",
                "|Bb9",
                "+Wf>=;",
                "[objsd",
                "9ij:",
                "$W/[",
                "p>T:m0",
                "(Vx(Rc",
                "H*&!",
                "q/BO",
                "dt_D*",
                "G~e{4",
                "/I;U",
                "eDuyT",
                "HT,o",
                "pZ6^",
                " $0a&",
                "jhE'}",
                "pdbg",
                "Va&s",
                "(2@$",
                ",h`,X",
                "[](`",
                ")F_;",
                "0+$[\"",
                "85:|",
                ">[+S2l",
                "ui0K",
                "lLnz",
                "?).8)",
                "%jRM",
                "v&n<l",
                "Aq\\j",
                "@)+!_",
                "#!sB",
                "-MfI(Ag",
                ";d{b",
                "*zNC",
                "j=l-",
                "?LO&",
                "=P~x>%",
                "t3<{",
                "2V,e",
                "xBbn",
                "dczu",
                "?A;<",
                "C-$@1",
                "yLQ,",
                ")jR,",
                "bW+x",
                "h-e()",
                "ZmY'|j(V",
                "/^F#",
                "W(]n",
                "=7Q(",
                "}G*2",
                "D*|n",
                "<R3,C_",
                "IUz64",
                "I%'7",
                ";Ny|",
                "[b(Rx",
                "h;Rx_",
                "Fp*G=^",
                "X$UH3",
                "_2QDR",
                "H_BE",
                "%k7Q",
                "sL&>l$",
                "Z%# ",
                "WrEa",
                "J%vr$",
                "!mJXj",
                "inV~",
                "]]9E",
                "=\",4",
                "!1.@",
                "gdVdgq",
                "43UJN",
                "X\"?;",
                "fBsl",
                "TPAP",
                "s*}!",
                "WCi[",
                "m^v]S",
                "d9hOF",
                "}^<tm#gUQ",
                "J*1>-6",
                "{uuO",
                "-IIH",
                "`XP>Y",
                "y._4",
                "F!Q}",
                "+2\"$",
                "F2!WvGQ",
                "ya,hr",
                "2_vZ",
                "-sl\\",
                "Oh76",
                "1}KY",
                "a$Q@",
                "'Os\"H4",
                "YO{L",
                "TaZY<>",
                "X\"VD",
                "0!$\"",
                "G\\[>",
                "M<\"g",
                "7),r",
                "`{J'",
                "[Lmcq",
                "GV4RD",
                "-Myu",
                "^a7y",
                "Vr'+",
                "NYcy#$|X",
                "~(82Yr",
                "*Q|E",
                "=xAw",
                "{R9W+",
                "|fVF",
                "QK]v",
                "rf#n",
                "88K=j",
                "\\9U?",
                "1Na]",
                "OI(W",
                "-503Gi6Q",
                "}'Bvn",
                "=E\\Z",
                "0:!(",
                "iCR 0",
                ",ft[N<Y",
                "$O)Y",
                "Ha4B",
                "dLg^",
                "8<[Q",
                "Z#@c",
                "iq]0G",
                "bwN~",
                "Z\\Ru",
                ";;6K!",
                "h2bE",
                "z>Lq8",
                "\"D8%",
                "CLLx",
                "8?/7iC(",
                "rjQA",
                "R_p]",
                "fN?V",
                "{\\FV",
                "{!$J",
                "`.)VP",
                "2.vj",
                "@>uE",
                ")Rv6",
                "i7sW",
                "ieiz",
                "L&$<[",
                "Mju}",
                "V;c43$",
                "]&hj^",
                "-|dv",
                "\",]<",
                "<F)M",
                "c&w])",
                "M+3 ",
                "18l6",
                "P5)\"B",
                "`4LC",
                "s;mpP",
                "OLs+",
                "O_\\Z",
                "m>m\"",
                "2IfX}",
                "+X_k",
                "@qiA",
                "Uut?Ctvu",
                "fP~m",
                "5iOP",
                "2TSA",
                "6\\[t",
                "xZI~",
                "eAC|",
                "vyxt",
                "9[&g",
                "}_XP",
                "eBw+87i",
                "[k@D\"",
                "FL\\DH",
                "WJz/?",
                "z,?c)",
                "yYcg9X8",
                "zN!e",
                "60ov",
                ")!MV",
                "Loxa]%",
                "S)2&",
                "m`/Kh",
                "teh.SS",
                "k+VK",
                "7o8s",
                "|jX*",
                "\"6Bj",
                "_iU'",
                "C!m,",
                "LPF~=",
                ";mn\"O",
                "k3$H",
                "qiK{",
                "LtK#",
                "ItVu",
                ".'`5",
                "#kxG",
                "FP8g2",
                "!O{2",
                "~Q5$0",
                "xF@B",
                "cLGt",
                "]\\vI",
                "ZT=b",
                "g?!c",
                "AxCq\\",
                "Q%[0",
                "^L3kD",
                ")AGy",
                "`:/L",
                "B^_U?",
                "LQ.3",
                "*O7}",
                "H/aRT",
                "4]0W",
                "_uj)",
                "yP, a",
                "-+mQ",
                "`d\"@",
                " #-$",
                "R2>lVs",
                "j)6W",
                "*V:4",
                "di:H",
                "aEC#g",
                "''5V",
                "sG06",
                "'1pZ>",
                "8hvRG&",
                "Tb`,",
                "6:M`",
                "GiF]O",
                "(O2[",
                "4O/k",
                "&*O`@Fv",
                "s@n{i",
                "\"'l\"",
                "OYU'",
                "@vyP",
                "+Lnj",
                "<^x2",
                "x0[Q",
                "TB;Y",
                "ST'#Go",
                "wPdY",
                "uh)o",
                "Jn?D3",
                "l{w >$Z",
                "mCU}",
                "g4%GK",
                "[Vq$",
                "EezH",
                "95y;",
                "e/q8bS",
                "k 3{",
                "70\\!",
                "hPkK",
                "$(!Q",
                "H=zK",
                "L\\5?",
                "itD1",
                "{D ~",
                "TT\\4",
                ">qqCx",
                "i0[O8",
                "xU5z",
                "K2Mc",
                "27FV",
                "$mfi",
                "sU[B",
                "\"|];",
                "TM*h",
                "w$'w",
                "iHMd",
                "6|%u",
                "OnMG",
                "!(9p",
                "a3/T)",
                "tPW5",
                "lqnd",
                "H81:",
                "@GpB{",
                "OQAOSH",
                "z4_=",
                "qrOEU",
                "[KLe",
                "eWb16F",
                "1UnBG",
                "?#[-8",
                "c-za",
                "E4]#",
                "k .4\"@",
                "+qk?",
                "MFuM^aD",
                "x;zX",
                "]j`U",
                "v`TaN9y",
                "XxJ+",
                "\\)_-",
                "L-~b",
                "vLnS",
                "dANd",
                "MWd%",
                "jO]ex",
                "<c(9W4K",
                "o[s1\"B",
                ";D.'",
                "a.vu_",
                "pgeY8s[",
                "(a[*",
                "s]m;",
                "/:|!",
                "LW3D",
                ".XgV",
                "ZG^M@",
                "BZ(^^",
                "p\"S1",
                "S;lk:w",
                "_e)L;o",
                "H5]^/",
                "63Eg",
                "rF#DB",
                "E'f'",
                "/}dt",
                "$S=KX",
                "Ig*|",
                " !k8",
                "lT.t",
                "k>yM",
                "VD1:P",
                "uL>B",
                " UAi",
                "ft}2!",
                "+XTe",
                "8R.z",
                "h 9!",
                "_gAOLk.a",
                ".57%",
                "TWJzp",
                "fWBT",
                "N)a|6",
                "<&Gt",
                "Kwp.",
                "|slJ",
                "F$y/",
                "c<9GA",
                "$__@",
                "5h0s",
                "Q4TZ,.G",
                "TFEM",
                "$e@2",
                "(D/!",
                " WM+",
                "#kKns",
                "m@1\"",
                "]G&Qb",
                "J#]]T",
                "dum`s.",
                "]Xfjf",
                "xnep",
                "JJ;{",
                ",)Ye",
                "diu2r",
                "n?qI}~",
                "#PJF",
                "GZ@R",
                "i(>5",
                "0}\"A",
                ",Dml",
                "<n[^C5",
                "5sRL",
                "`gOYm",
                "6 oV",
                "yE>$",
                "#/(&uSLT:",
                "rnTa",
                "{[Dd",
                "fA+Mx",
                "o@n3",
                "T1l]",
                "a@}o",
                "(7W;",
                "mPBy",
                "cV$D3",
                ",zz5",
                "aLw<",
                "8kV6",
                "xNI_v",
                "_p*+",
                "s2f9E",
                "-\"2CB",
                "#[0j",
                "a[H>",
                "ipKv",
                "Hcf:gn",
                "9ZSf",
                "4q[_",
                "$4=\"",
                "6y6D",
                "?f_4",
                "#qRA3",
                "=<'N",
                "m~ev",
                "x-5.",
                "|s@w",
                "xZ4u",
                "&kil",
                "k3Uw",
                "\"{a`m",
                "*8AG",
                "aGdW.",
                "X0BZ",
                ".rBR",
                "^BVf",
                "Mtndk",
                "6lOw",
                "RgmL",
                "L3wY",
                "H/}A",
                "Md-s",
                "]c7m",
                "PIy_",
                ";$\"I",
                "\\=T.",
                "c3Wi:",
                "u/me",
                "`32w",
                "|Jr? R",
                "^kB~}",
                ")0WVv",
                "_CO\"",
                "Gp?Z",
                "i}ZeG",
                ",ORwf",
                "76pR",
                "r%_a;,X",
                "QJ&W",
                "0B+[",
                "{+1h",
                "K?nM)",
                "F';4U",
                "E|y=",
                "j7WF~-",
                "jC iw",
                "3`gv",
                "L)B^$",
                "'/j;k",
                "Wx? ",
                "|niv",
                "BUh?1",
                "3^S|",
                "fbN+;N",
                ".B9V",
                "^!n?",
                "q2`:Q&",
                "I1B`dO",
                "0081",
                "kWkG#=[",
                ">X_c",
                "Oijz",
                "<&N<",
                "#(k;*",
                "!*hF",
                "Y]5P",
                "6X^cO",
                "\\~34",
                "$:4W{",
                "HUIz",
                "X%-;",
                "\"'mX*",
                ",:fG",
                "r`1|",
                "A=?>",
                "eekCX",
                "Q3}<",
                "#YRTw",
                "md8x",
                "# .7vVM",
                "yp#|",
                ")\\ZF",
                "acv{",
                "QLkpN",
                "?yGf)",
                "@EE@",
                "8GEP",
                "\"A$q-",
                "ehfps",
                "Rub)d",
                "x[=O",
                "!P#s ",
                "s6h<5I",
                "XW<%",
                "E'vE4",
                ":?ri",
                "`'#i39",
                "VB^1C9",
                "d5l6",
                "K]%l",
                "WPW@\\e",
                "Y~J[",
                "L|WOI",
                "kyqPxi",
                "NG\\l",
                "0L@v(",
                "|Zre",
                "%e<\\G",
                "5a,gMC",
                "R5oJ",
                "`sh<",
                "7/hhViK",
                "EwF^",
                "o09|M#",
                "/Gkk&j",
                "'n@wk",
                "yftu\"",
                "~T&t",
                "it9O",
                "?{rs",
                "yVgo",
                "]c F",
                "R<v1",
                "87?6",
                "oV ]",
                " &R3#",
                "f#@t",
                "4Y=67c",
                "&;n:>n",
                ">wBp",
                "t`21Se",
                "O*O}Z",
                "G>(N.",
                "$a8OTa",
                "mjQl",
                "w&0FF",
                "@4_:[",
                "t-[|",
                "49yS",
                "8|!@",
                "(/>@",
                "f].%*<0\"",
                "=b$B",
                "m`<5",
                ",fco",
                "DWpF",
                "'{K'",
                "s=oQ",
                "<Asc",
                "T9DI",
                "6,.+",
                "r) ?",
                "Zux>",
                "Jp0{",
                "&gN$",
                "1]S?Y",
                "Jrv+)iy#",
                "Gc%H",
                "Fn2/wc",
                "Mx]b,d",
                ">VJ{",
                "T18N{",
                "@g@a",
                "[K[T",
                "s$4VY1",
                "5&nE{",
                "OTzJ",
                "M2n$%",
                "A\\rB",
                "*`{i",
                "T=NEt9",
                "|JOeDQI",
                "ESf3&",
                "L$I=",
                "`#.}",
                "(;Nf",
                "K^%$",
                "sfS$",
                "DU*3",
                "jp'6",
                "poGj",
                "<Lzf",
                "q Z[",
                "HjFkj~NO",
                "TdK\"",
                ":1M)'",
                "3gW@~%",
                "8L*R",
                "5z^r",
                "T:8t",
                "^YHC",
                ":ni0",
                "p:]sb6",
                "z`OHJ",
                "T6>.m2",
                ")5yn",
                "Rzz&J",
                "CS GQ",
                "hOl@d",
                "0;!4J",
                "Ya)3",
                "5gs\"",
                "+y-S",
                ";*H{&",
                "N=u|",
                "WYsC#",
                "wf8|",
                "VZ2N-",
                "4*eS",
                "JFd21Yq",
                "UW'l{",
                ":N_\"",
                ";Dp(",
                "Wy\\Sa0{]",
                "&)GF",
                "x~_NR",
                "}53<",
                "&\"nt ",
                "\\hak$~",
                "Ct8H",
                "Mz+C",
                "2fHpd}F",
                "vinu!",
                "1{z;",
                "8AQ:",
                "_@U)",
                "9G1{",
                "p+6lJ",
                "<CUy",
                "B$.in",
                "e@zG",
                "Q}R_L8",
                "d5vZ",
                "#'7}",
                "{LQS",
                "gMc9",
                "45o|L",
                "gdt!7K",
                "l@:a",
                "Akis",
                "]SY#",
                "W{D]",
                ".GX&",
                "XxN\"x",
                "xQVt",
                "]1|w",
                "_e:|3",
                "i^lZ",
                "Dnc%",
                "x-i?",
                "bHa&",
                ";RR)",
                "+Bk{[",
                "T=KR",
                "(U/K",
                "\\MS+",
                "AxjS",
                "p'~7",
                "et#?",
                "[CGF&>&",
                "V$QQ",
                "lCdS",
                "q'rN",
                "fn1# c|",
                "u!eC",
                "bdaF",
                "c=a}",
                "bn$sAgC",
                "tCoS&",
                "hES_>",
                "wpu#[",
                "Bx;`s",
                "+gm4l",
                "M~b)",
                "frWr",
                "%@pe",
                ",2r=2F",
                " 8yW(",
                "iz^`'",
                "~LlD~",
                "hb$X",
                "2e0b",
                "'0+]",
                "^hK%w",
                "-9D(929",
                "r+mi5",
                "[5]r",
                "FLaS\\",
                "n;@O",
                "vp:0",
                "l'N)",
                "0\\@xJ\"r",
                "8d'Bh",
                "B'a,w",
                "h\\;kp",
                "}anx",
                "FFt#",
                "S|~n",
                "PaWZi",
                "bCRZ",
                "es/1",
                "`lP-%",
                "0!>'",
                "=tso",
                "(E+?_z",
                "|SXJ",
                ")X[7",
                "<}7(",
                "'?l]",
                "#PcEb+",
                "O[u>",
                "m)-Y",
                "L+-z",
                "F= \"P",
                "5la]",
                "lGq$0",
                "o+L}",
                "[g3/",
                "D#;^E",
                "&@G^",
                "VQL!",
                "p!;T-+",
                "Dx=H",
                "/{Oj",
                "K)^l",
                "t9bx",
                "{OB;V",
                "A$} ",
                "mEngh",
                "}dm6O",
                "ar<k!",
                "a`kHJ",
                "E(^i2`*\"tU",
                " \"^>",
                "`TUy",
                "T}.$",
                "KDIb",
                "][}?",
                "%\"98",
                "koj2O",
                "(#hH",
                "cl{2",
                "E#0p",
                "pdr(7",
                "8j)6",
                "xJcg",
                "1er3[",
                "VgX\"t!",
                "Q6nx",
                "UJ+1m^",
                "<Q(P",
                "_+AQ",
                "&cKx{",
                "hXG2",
                "Wv;Lx",
                "0{%[",
                "V]Xq",
                "KL/s",
                "=WzS,",
                "+t}b~p",
                "^ISO",
                "C-RF",
                "Aui:",
                "3,*-",
                "U8xB",
                ",bA:",
                "c*n0",
                "n*;j",
                ";=e6@",
                "Dj%a",
                "/A.x",
                "O}-5",
                ":@{M",
                "A02V2nK",
                "|oYtK}",
                "=A7S",
                "W|0>X",
                "RnhRZx)}C",
                "?<`R",
                "G[l4",
                "OMtJ",
                "bt%0&",
                "mEWI>}",
                "\"{]7-",
                "mGDA",
                "+2{I",
                ":1S=mR",
                "~ 8A",
                "1lDlt",
                "*~~E",
                "$H\"N*",
                "(w?=$rWi6",
                "AHIQ",
                "V|*,",
                "<>NPsRm",
                "Rrm ",
                "bFR:",
                "9GnG_",
                "no1);*{",
                "+d&[",
                "[JxC",
                "BiN6}?G",
                "sl?3",
                "?QXT-",
                "*c0'$[",
                "G*gQ",
                "*n@O",
                "TVVw",
                "EF\\*xAV",
                "7FT=i",
                "iw_DX",
                "Zu:D",
                "{1/d",
                "&}T~",
                ";:xj",
                "/REz",
                "(T8{",
                "(*&U",
                "|}J)",
                "l?=-",
                "-Vd(",
                "6Y@G",
                "3kB,",
                "u4iu",
                "Eu~M7",
                "#9>bGd",
                ",Isw",
                "g@;U",
                "w+SCq^9F`",
                "|l~*",
                "+d}G",
                "*Go(q",
                "-5S+",
                "\\!x`|",
                "*b4G",
                "RFR<B",
                "u)aO=",
                "*j+OyaA",
                "n>[\"",
                "^Pyp",
                "[RDCww",
                "D7+)",
                "Zqbas",
                "?$?%",
                "R`p4G;d`",
                "u`o0",
                "uEq&|",
                "nG|t",
                "g0]0",
                "ywCv",
                "z!Hz",
                "Qw N",
                "NW'u",
                "yCG>",
                "W>x^",
                "-3l<'",
                "T;7(",
                "?ozt",
                "ax#;",
                "})7.",
                ".l@B",
                "C&=d",
                "+.BW2j",
                "pz:q",
                "U~+>",
                "'YjK",
                "A=Xm",
                "1j^A+?",
                "^'L-o",
                "{vOVT",
                "}PCr",
                "wTZP",
                "n9>4",
                "1(9t",
                "^E;^",
                "#'#>",
                ";!03",
                "J;81|)?",
                "GYVzf",
                "D/ OpN",
                "@8u[",
                "I1Em\\",
                "IfYE(",
                "z[ux",
                "r<,Ue",
                "c3re",
                "(>iHE",
                "E`!N3P",
                "dMfX{",
                "?2m_o",
                "yjPG",
                "B233D",
                ".f2M",
                "cRl0",
                "iWKD",
                "SzL?7n3D",
                "[d#%}I",
                "moZG",
                "zKlh",
                "U\\bF",
                "&9X+",
                "_a\"GN",
                "5!f0C",
                "y]r4o",
                ";Q?/u",
                "*18R",
                "NQ=z",
                "VclR",
                "s#ji",
                "1^QG",
                "@5RQ",
                "97)X",
                "o$Du",
                "5v1'",
                "[c8o",
                ")=RPQm",
                "U3V0",
                "&yKj+",
                "WO}n",
                "(|M0R",
                "`00u",
                "PF1]",
                "ZAfj",
                "{{xi",
                "M\"S^",
                "O`3-",
                "_tK2",
                "kgV%",
                "*4{9",
                "&J)m",
                "(un|8",
                "`|W+",
                "W ^&5b",
                "ao\"/v2:]",
                "%w](Jd",
                "i$y|",
                "R6Aan",
                "nS*8",
                "}%S?",
                "45(M",
                "L9XfF",
                "-)M,",
                "v0{1c",
                "_O(T",
                "74mH ",
                "[C<4",
                "x{AX",
                "[a!q",
                "2+V59",
                "$9l@",
                "nSc*I",
                "GIFb",
                "I,uN$",
                "28}KR",
                "_.u({8K",
                "^cCY",
                "AXR*.",
                "_ub|1",
                "oc@ox",
                "u;\"Y.O",
                "w/aG\"v",
                ")DLR",
                "OlRZ",
                "124@",
                "Ax{*",
                "G,rX}",
                "#}j3",
                "STC\\>4",
                "]=p.",
                "Kog[",
                "z%IL",
                "7I(gj",
                "8:od",
                "&.l6k",
                "Fv7S",
                "%Tj|l",
                "C,6k+W",
                "f$uM",
                "gs z",
                "F{^-H",
                "Skn#",
                "x:N=",
                "# Z/P",
                "[n0c",
                "<NG`",
                "Fxuj",
                "%kGB",
                "o,1K|",
                "YNT4",
                "~us\\nt",
                "kv4([",
                "{])Lx",
                "A\\Q#>",
                "D{GNi'Q",
                "7(@F",
                "~H*X",
                "We~&5",
                ".hDY",
                "2KdN",
                "_J7+z",
                "!jidr",
                "0!KB",
                "h~k=",
                "HR CiI",
                "_SK|7",
                "HSQB",
                "5`x9",
                "4)Cu",
                "Z@D9",
                "/^_@",
                ":0pn",
                "\\xrH",
                ".]3#",
                "[Pg s",
                "fU=)fJ.#~!",
                "uC@H",
                "lI@G",
                "`4Ir",
                "3-_q",
                "z4C+",
                "V<2 }}T",
                "]H3B",
                "%Odp",
                "\\$S[{",
                "T\\Dh",
                "|XbN",
                "Acaq",
                "Z)Gqb\\",
                "{T S",
                "I{7c9",
                "?)T?",
                "HS$`",
                "I\"Cw3_+",
                "KxBO<",
                "(uk ",
                "389A<",
                "A!3?",
                "m<*r",
                "@A8l",
                "U99x",
                "EPnP",
                "O8##",
                "dFfX",
                "R'._",
                "v;^:",
                "jkXjef",
                "Xjrf",
                "Xjnf",
                "Xjef",
                "Xjlf",
                "Xj3f",
                "Xj2f",
                "Xj.f",
                "Xjdf",
                "EpPj@",
                "PWWWW",
                "/Yu\\V3",
                "PVVV",
                "VVVVVVVV",
                "^6}F",
                "|ucj",
                "h@8C",
                "Phl9C",
                "hpmC",
                "string too long",
                "invalid string position",
                "invalid string argument",
                "Unknown exception",
                "CorExitProcess",
                "runtime error ",
                "TLOSS error",
                "SING error",
                "DOMAIN error",
                "R6034",
                "An application has made an attempt to load the C runtime library incorrectly.",
                "Please contact the application's support team for more information.",
                "R6033",
                "- Attempt to use MSIL code from this assembly during native code initialization",
                "This indicates a bug in your application. It is most likely the result of calling an MSIL-compiled (/clr) function from a native constructor or from DllMain.",
                "R6032",
                "- not enough space for locale information",
                "R6031",
                "- Attempt to initialize the CRT more than once.",
                "This indicates a bug in your application.",
                "R6030",
                "- CRT not initialized",
                "R6028",
                "- unable to initialize heap",
                "R6027",
                "- not enough space for lowio initialization",
                "R6026",
                "- not enough space for stdio initialization",
                "R6025",
                "- pure virtual function call",
                "R6024",
                "- not enough space for _onexit/atexit table",
                "R6019",
                "- unable to open console device",
                "R6018",
                "- unexpected heap error",
                "R6017",
                "- unexpected multithread lock error",
                "R6016",
                "- not enough space for thread data",
                "This application has requested the Runtime to terminate it in an unusual way.",
                "R6009",
                "- not enough space for environment",
                "R6008",
                "- not enough space for arguments",
                "R6002",
                "- floating point support not loaded",
                "Microsoft Visual C++ Runtime Library",
                "<program name unknown>",
                "Runtime Error!",
                "Program: ",
                "EncodePointer",
                "DecodePointer",
                "FlsFree",
                "FlsSetValue",
                "FlsGetValue",
                "FlsAlloc",
                "bad exception",
                " Complete Object Locator'",
                " Class Hierarchy Descriptor'",
                " Base Class Array'",
                " Base Class Descriptor at (",
                " Type Descriptor'",
                "`local static thread guard'",
                "`managed vector copy constructor iterator'",
                "`vector vbase copy constructor iterator'",
                "`vector copy constructor iterator'",
                "`dynamic atexit destructor for '",
                "`dynamic initializer for '",
                "`eh vector vbase copy constructor iterator'",
                "`eh vector copy constructor iterator'",
                "`managed vector destructor iterator'",
                "`managed vector constructor iterator'",
                "`placement delete[] closure'",
                "`placement delete closure'",
                "`omni callsig'",
                " delete[]",
                " new[]",
                "`local vftable constructor closure'",
                "`local vftable'",
                "`RTTI",
                "`udt returning'",
                "`copy constructor closure'",
                "`eh vector vbase constructor iterator'",
                "`eh vector destructor iterator'",
                "`eh vector constructor iterator'",
                "`virtual displacement map'",
                "`vector vbase constructor iterator'",
                "`vector destructor iterator'",
                "`vector constructor iterator'",
                "`scalar deleting destructor'",
                "`default constructor closure'",
                "`vector deleting destructor'",
                "`vbase destructor'",
                "`string'",
                "`local static guard'",
                "`typeof'",
                "`vcall'",
                "`vbtable'",
                "`vftable'",
                "operator",
                " delete",
                " new",
                "__unaligned",
                "__restrict",
                "__ptr64",
                "__clrcall",
                "__fastcall",
                "__thiscall",
                "__stdcall",
                "__pascal",
                "__cdecl",
                "__based(",
                " ?? ",
                "{flat}",
                "{for ",
                "`non-type-template-parameter",
                "unsigned ",
                "long ",
                "int ",
                "short ",
                "char ",
                "void",
                "<ellipsis>",
                ",<ellipsis>",
                ",...",
                " throw(",
                "`template-parameter",
                "NULL",
                "cli::pin_ptr<",
                "cli::array<",
                "void ",
                "`anonymous namespace'",
                "generic-type-",
                "template-parameter-",
                "`unknown ecsu'",
                "union ",
                "struct ",
                "class ",
                "enum ",
                "coclass ",
                "cointerface ",
                "extern \"C\" ",
                "[thunk]:",
                "public: ",
                "protected: ",
                "private: ",
                "virtual ",
                "static ",
                "`template static data member destructor helper'",
                "`template static data member constructor helper'",
                "`local static destructor helper'",
                "`adjustor{",
                "`vtordisp{",
                "`vtordispex{",
                "const ",
                "volatile ",
                "CV: ",
                "volatile",
                " volatile",
                "const",
                "signed ",
                "double",
                "UNKNOWN",
                "__int128",
                "bool",
                "wchar_t",
                "__int64",
                "__int16",
                "__int32",
                "__int8",
                "__w64 ",
                "float",
                "long",
                "short",
                "char",
                "SystemFunction036",
                "ADVAPI32.DLL",
                "GetProcessWindowStation",
                "GetUserObjectInformationA",
                "GetLastActivePopup",
                "GetActiveWindow",
                "MessageBoxA",
                "USER32.DLL",
                "LC_TIME",
                "LC_NUMERIC",
                "LC_MONETARY",
                "LC_CTYPE",
                "LC_COLLATE",
                "LC_ALL",
                " !\"#$%&'()*+,-./0123456789:;<=>?@ABCDEFGHIJKLMNOPQRSTUVWXYZ[\\]^_`abcdefghijklmnopqrstuvwxyz{|}~",
                " !\"#$%&'()*+,-./0123456789:;<=>?@abcdefghijklmnopqrstuvwxyz[\\]^_`abcdefghijklmnopqrstuvwxyz{|}~",
                " !\"#$%&'()*+,-./0123456789:;<=>?@ABCDEFGHIJKLMNOPQRSTUVWXYZ[\\]^_`ABCDEFGHIJKLMNOPQRSTUVWXYZ{|}~",
                "HH:mm:ss",
                "dddd, MMMM dd, yyyy",
                "MM/dd/yy",
                "December",
                "November",
                "October",
                "September",
                "August",
                "July",
                "June",
                "April",
                "March",
                "February",
                "January",
                "Saturday",
                "Friday",
                "Thursday",
                "Wednesday",
                "Tuesday",
                "Monday",
                "Sunday",
                "am/pm",
                "united-states",
                "united-kingdom",
                "trinidad & tobago",
                "south-korea",
                "south-africa",
                "south korea",
                "south africa",
                "slovak",
                "puerto-rico",
                "pr-china",
                "pr china",
                "new-zealand",
                "hong-kong",
                "holland",
                "great britain",
                "england",
                "czech",
                "china",
                "britain",
                "america",
                "swiss",
                "swedish-finland",
                "spanish-venezuela",
                "spanish-uruguay",
                "spanish-puerto rico",
                "spanish-peru",
                "spanish-paraguay",
                "spanish-panama",
                "spanish-nicaragua",
                "spanish-modern",
                "spanish-mexican",
                "spanish-honduras",
                "spanish-guatemala",
                "spanish-el salvador",
                "spanish-ecuador",
                "spanish-dominican republic",
                "spanish-costa rica",
                "spanish-colombia",
                "spanish-chile",
                "spanish-bolivia",
                "spanish-argentina",
                "portuguese-brazilian",
                "norwegian-nynorsk",
                "norwegian-bokmal",
                "norwegian",
                "italian-swiss",
                "irish-english",
                "german-swiss",
                "german-luxembourg",
                "german-lichtenstein",
                "german-austrian",
                "french-swiss",
                "french-luxembourg",
                "french-canadian",
                "french-belgian",
                "english-usa",
                "english-us",
                "english-uk",
                "english-trinidad y tobago",
                "english-south africa",
                "english-nz",
                "english-jamaica",
                "english-ire",
                "english-caribbean",
                "english-can",
                "english-belize",
                "english-aus",
                "english-american",
                "dutch-belgian",
                "chinese-traditional",
                "chinese-singapore",
                "chinese-simplified",
                "chinese-hongkong",
                "chinese",
                "canadian",
                "belgian",
                "australian",
                "american-english",
                "american english",
                "american",
                "Norwegian-Nynorsk",
                "SunMonTueWedThuFriSat",
                "JanFebMarAprMayJunJulAugSepOctNovDec",
                "bad allocation",
                "wicadosuboreheroxecega",
                "canofepusofijinufuj vil jacuvopagaruvahobidorojofutove",
                "vector<T> too long",
                "TryEnterCriticalSection",
                "CopyFileExW",
                "FreeLibrary",
                "CreateJobObjectW",
                "HeapFree",
                "FreeEnvironmentStringsA",
                "GetModuleHandleW",
                "TlsSetValue",
                "GlobalAlloc",
                "IsProcessInJob",
                "WriteConsoleOutputA",
                "SetConsoleCP",
                "LeaveCriticalSection",
                "DnsHostnameToComputerNameW",
                "SetMessageWaitingIndicator",
                "SetTimeZoneInformation",
                "GetCompressedFileSizeA",
                "CompareStringW",
                "SetCurrentDirectoryA",
                "GetLastError",
                "GetLongPathNameA",
                "CreateNamedPipeA",
                "EnumDateFormatsExA",
                "OpenWaitableTimerA",
                "LoadLibraryA",
                "SetConsoleOutputCP",
                "VirtualLock",
                "AddAtomA",
                "CreateWaitableTimerW",
                "VirtualProtect",
                "QueryPerformanceFrequency",
                "LocalFree",
                "SetFileAttributesW",
                "LCMapStringW",
                "KERNEL32.dll",
                "GetProcessDefaultLayout",
                "USER32.dll",
                "EqualSid",
                "AbortSystemShutdownA",
                "ReadEventLogW",
                "ADVAPI32.dll",
                "GetStartupInfoW",
                "RaiseException",
                "RtlUnwind",
                "TerminateProcess",
                "GetCurrentProcess",
                "UnhandledExceptionFilter",
                "SetUnhandledExceptionFilter",
                "IsDebuggerPresent",
                "HeapAlloc",
                "HeapCreate",
                "HeapDestroy",
                "VirtualFree",
                "DeleteCriticalSection",
                "FatalAppExitA",
                "EnterCriticalSection",
                "VirtualAlloc",
                "HeapReAlloc",
                "Sleep",
                "GetProcAddress",
                "ExitProcess",
                "WriteFile",
                "GetStdHandle",
                "GetModuleFileNameA",
                "GetModuleFileNameW",
                "FreeEnvironmentStringsW",
                "GetEnvironmentStringsW",
                "GetCommandLineW",
                "SetHandleCount",
                "GetFileType",
                "GetStartupInfoA",
                "TlsGetValue",
                "TlsAlloc",
                "TlsFree",
                "InterlockedIncrement",
                "SetLastError",
                "GetCurrentThreadId",
                "InterlockedDecrement",
                "GetCurrentThread",
                "QueryPerformanceCounter",
                "GetTickCount",
                "GetCurrentProcessId",
                "GetSystemTimeAsFileTime",
                "InitializeCriticalSectionAndSpinCount",
                "HeapSize",
                "SetConsoleCtrlHandler",
                "InterlockedExchange",
                "GetCPInfo",
                "GetACP",
                "GetOEMCP",
                "IsValidCodePage",
                "GetLocaleInfoW",
                "GetLocaleInfoA",
                "WideCharToMultiByte",
                "GetTimeFormatA",
                "GetDateFormatA",
                "GetUserDefaultLCID",
                "EnumSystemLocalesA",
                "IsValidLocale",
                "GetStringTypeA",
                "MultiByteToWideChar",
                "GetStringTypeW",
                "LCMapStringA",
                "GetTimeZoneInformation",
                "CompareStringA",
                "SetEnvironmentVariableA",
                ".?AVinvalid_argument@std@@",
                ".?AVout_of_range@std@@",
                ".?AVbad_cast@std@@",
                ".?AVbad_typeid@std@@",
                ".?AV__non_rtti_object@std@@",
                ".?AVtype_info@@",
                ".?AVbad_exception@std@@",
                "                          ",
                "abcdefghijklmnopqrstuvwxyz",
                "ABCDEFGHIJKLMNOPQRSTUVWXYZ",
                ".?AVexception@std@@",
                ".?AVlogic_error@std@@",
                ".?AVlength_error@std@@",
                ".?AVbad_alloc@std@@",
                "l8~Q",
                "C-zG",
                "4}X~<",
                "31zO",
                "F4}_z0",
                "!YYYY]",
                "ffff",
                "!],f",
                "qqqqqqqfqffff",
                "qfqfffffff",
                "UUUUUU---",
                "UUUUUUUU--",
                "-UUU",
                "UUUUUU-",
                "tttttttt",
                "ttttttttttt",
                "ttttttttttt'",
                "aaaaaaaaaaaaaaaaaaaaaaaa",
                "cccccccccccccc",
                "cccccc",
                "mmm44444",
                "oooo",
                ",ooo^",
                "Ko88",
                "K\\\\\\\\\\\\\\\\\\\\\\\\\\\\\\\\\\\\\\\\",
                "N5))5N",
                "T;^Er",
                "@JJbbbbTPi",
                "T@@@@TT0T0",
                "i-kkkkkkkkkkkkkkkk-i",
                "N||||||||||||||N",
                "77777",
                "77777777777777",
                "7777777777777",
                "777777777",
                "eeeeeeeee>",
                "::::::::::",
                "77777777",
                "77777777777777777777777777777777777777",
                "(IhZ",
                " A^S",
                "'Kh\\",
                "/KgZ",
                ".I]=",
                "0e~_",
                ":Zu:l",
                ",EZ6",
                "<[f%",
                ")Qo0",
                "#U}z*~",
                "Swy;",
                "#N|pX",
                "3Jg2",
                "8Rd1",
                "(X~W>",
                "~(!w",
                ")L{N",
                "pppppppppppppppppppppppppppppp",
                "SSzzo",
                "WWT[",
                "[TTWW",
                "WTT[[",
                "[TTW",
                "55555",
                "keeeee",
                "dd@@@@",
                "33%%",
                "555555555D",
                "llllllllllllll",
                "qqqq",
                "\\\\\\\\\\\\\\\\\\\\\\\\\\\\\\\\\\\\\\\\\\\\\\\\D+?p",
                "{{{{{{|",
                "11111",
                "kcOp",
                "*******************",
                "pp:_",
                "XXXX$$$$",
                "L0mL",
                "F00m",
                "aaii",
                "bbaai",
                "MYYYY",
                "bbaaiiii",
                "bbaiiii",
                "rrrrrrrrrrrrrrrrrr",
                "a[[a",
                "ll--",
                "tJXXtt",
                "--ll",
                "VVVVv",
                "(((((((((.",
                "OOh+",
                "Eggg",
                "O CCCC",
                "<<<<",
                "RRRRRR",
                "&,,&",
                "\"OOOOOOOOOOOOm",
                "qqgg",
                "7777",
                " P@**",
                "ooooo",
                "nnnn",
                "''''''''",
                "M~~#",
                "N}uu}N",
                ";LB000",
                "mmVVVmmm",
                "zzzz6",
                "{{jLWj",
                "Ruys",
                "uwyQtwt",
                "wwqL",
                "uozOrvw",
                "xowV",
                "vzqNvww",
                "Rv}v",
                "\\xwu",
                "Uw}y",
                "`~~}",
                "~Ttzu",
                "\"z~y",
                "svsS",
                "rrt<uws",
                "yzzz",
                "y~z_nvw",
                "${}x",
                ",wxx",
                "*tru",
                "ssrbwyw",
                "!w}|",
                ":::::::::::::::::::::::::::::::::::::::::::::::::::::::::::::::::::::::::::::::::::::::::::::::::::::::::::::::::::::::::::::::::::::::::::::::::::::::::::::::::::",
                ":::::::::::::::::::::::::::::::::::",
                "::::::::::::::::::::::::::::::",
                "::::::::::::::::::::::::::",
                ":::::::::::::::::::::::4",
                "4:::::::::::::::::::::",
                ":::::::::::::::::::",
                ":::::::::::::::::",
                ":::::::::::::::4",
                "4:::::::::::::",
                "uu$u",
                "::::::::::::",
                ":::::::::::",
                "u$$u",
                ":::::::::",
                "&u$$",
                "::::::::",
                "&$86",
                ":::::::",
                "b::::b",
                "::::::",
                "$::::::",
                "::::::4",
                "o}}o",
                "b::::::::b",
                "4::::::",
                "uxxxxx",
                "uxxxxxxx",
                "ooxxxxxxx",
                "xoxoxxxxxx",
                "xoxxxx}",
                "xoxo",
                "zzzz",
                "&u&z",
                ":::::::::::::4",
                "zzzzz",
                "4:::::::::::::::",
                "zzzzzz",
                ":::::::::::::::::::::4",
                "4:::::::::::::::::::::::",
                "$::::::::::::::::::::::::::",
                "8::::::::::::::::::::::::::::::",
                "{oo{",
                "o{$$$$",
                "$$$$$${",
                "$$$$$$o",
                "00''$",
                "$$$$zU",
                "$$$U",
                "0'''",
                "0''0eN",
                "JJJJ",
                "UUUU",
                "eN$UUU",
                "JJJJ{",
                "00{*",
                ",,,,",
                ",,,,,,",
                ",,,,,,,",
                "{,,,,,,,",
                "mmmmmmmmmmmmmmmmmmmmmmmmmmmmmmmmmmmmmmmmmmmmmmmmmmmmmmmmeoX++XoemmmmmmmmmmmmmmeX",
                "+0Xemmmmmmmmmmm",
                "%Xo=N",
                "mmmmmmmmm",
                "mmmmmmme%P",
                "NNNN",
                "%emmmmmmX3XM",
                "zoPN+NNN",
                "NXmmmmme",
                "zoo==+NNNNNN0emmmmod",
                "%3Pz'",
                "'ox3$NNNN%ommmmX0000%N",
                "mmmme+$++NNXmmmm+d000%N'mmmm'=$$$+$Nmmmm+",
                "000)'mmmm'",
                "$$$$N+mmmmX",
                "0Vemmmm",
                "P3$$$%Xmmmmo",
                "V+x''e",
                "ommmme",
                "dNN+3PPzzo%xmmmmmX",
                "03XP",
                "Xmmmmmme",
                "z+emmmmmmm",
                "V3XMN",
                "mmmmmmmmmmme",
                "Pemmmmmmmmmmmmmmeo",
                "++Xoemmmmmmmmmmmmmmmmmmmmmmmmmmmmmmmmmmmmmmmmmmmmmmmmmmmmmmmm",
                "---SS",
                "IIII",
                "HIIII",
                "qqvapvs~jxm",
                "ouw^",
                "sntOqtr",
                "snmL",
                "ptuMoru",
                "tssK",
                "sxu>owu",
                "rqv=",
                "qss_mot",
                "tquN",
                "nrpWvwp",
                "xqq]",
                "mro?pts",
                "nsxB",
                "pnwOtpz",
                "sokM",
                "vtqOxqr",
                "ptmP",
                "motZvrt",
                "nus]",
                "qsqpsqx+oqv+qsumptp",
                "rpqs",
                "vrtqqts",
                "rqs.",
                "wrq2orx",
                "rpo.",
                "ruo+quq",
                "sqol",
                "vumnrtq",
                "wowjtqx'sqo*ssmmmnt",
                "rtr~",
                "oss\\nqu",
                "srp`",
                "ptsIsqr",
                "rtpN",
                "uqqNqsq",
                "onsK",
                "|ot!sop",
                "mut?ppm",
                "trs:",
                "qrwcqmt",
                "wru]",
                "pvo_rnt",
                "lpr[",
                "tmp@vsr",
                "vsv=",
                "wrp\"ips",
                "qutPpmv",
                "pwzP",
                "nssOuqs",
                "ruuL",
                "tqw[qmr",
                "vuq_",
                "Uujw",
                "oqqn",
                "~Mywy",
                "nyrs",
                "Lupt",
                "0vtu",
                "Lyxw",
                "Evnx",
                "!ost",
                "Iot|",
                "Gtwt",
                "+opw",
                "~Irvs",
                "kzvx",
                "Pz{z",
                "qlup",
                "Wspr",
                "`[]Mc^d",
                "d^dM",
                "`]aNlnn",
                "b_`R",
                "`]aMsxx",
                "^ddI",
                "]fbQ_b_",
                "ac\\R",
                "jjjjj",
                "jjjj",
                "Cjjj",
                "Cjjjjjj",
                "mscoree.dll",
                "KERNEL32.DLL",
                "         (((((                  H",
                "         h((((                  H",
                "                                 H",
                "pagupinojatimofesizeyohaz",
                "varixoyayusifunibubusolahacifoza",
                "sakezuwejowawezuhawujagad",
                "cayucuxamukujowitusojujuni suyinovosiwohibipivetayodubemera nujenowelijexolecuwima lugos",
                "wisuroroyihibinejav",
                "HAHAHAHAHAHAHAHAHAHA",
                "VS_VERSION_INFO",
                "StringFileInform",
                "040124A8",
                "FileVers",
                "76.51.85.40",
                "ProductVespa",
                "22.33.95.21",
                "InternalName",
                "Heart",
                "LegalCopyrighd",
                "umbrellas",
                "CompanyName",
                "Samuel",
                "VarFileInfo",
                "Translation",
                "Raf nadobebu",
                "Tus yevehericipi jepoha<Xidukecufe kizijax gicados xonakuhan pan hogol fodewawugasus8Memicivi seci hupef tec gadocetofifi buvi jojokacu sugax",
                "Nadop",
                "Jotezesu!Kuwavi kifavub nale denokoxeniliw5Zoyaxovare varoriyut gerezureg dayulosom cal cabobisuEFiyume tasegodaxe bipota tup hamananiboy luy nuf yanagohepo ruwosuvib",
                "5Loserixuwekihut puhodonoloc jomiharu muganinotu jiyaj/Lerodonixo noreyuravawi najekup cerexigokipasop6Yumeguzeyi wifokoduwereva jolibu xudil vija waxekujoyi$Jaj sukaxawuvek catu defo vanuseyoja",
                "Voyuciy ruyukiliVHetu detexuyamapayu jan tayuzemasiwa valukoleb yexibixije zez dibinidi rutuvagitonugaw",
                "Hapa xipipexaxihapep zayeresjXihatihisimaj lekagokigahayex cugokaji feyanayivigoleb risacibudaxebud yew pidoza kuvacuzuwax jetacuyuluseWGewehuyuviguyon fekesu hivofuvupe jexixadep gayobi dafesevexib yunuxi fokaj goxulunawil",
                "$Hesisolev luyojawatojagu sawuhutoxijgJiwarahikeg sikojud zisexeseneso mere nezujucotamu yopelo hagadevibobor cevahefuci geyufesawi noyewawovXRihurumukadavix gebaseca tafalodabafu dobisupedepiy yupunotugagonu garotahoh favojeziwug$Sovulami fusumazeciculik hokutatokofBKomogugafe heyihebimupewoc jugamudejicozap nipaf wuhehivusinij won",
                "Cevadokeyitul medoboPWole padepavowavova gocujaxihiy totenaviwosi jehedij guhacu zij yez taposeda sun=Najoxowibe lobitujexebu keral razoxiraji kacabohey gaxesuveso",
                "Focufe kebaw mop lixihunamivu#Zenuyenudi xeruzusi zozenuzigowexow3Puz wujisefuhobe wohusenegu maxututi mipuzage rulik4Sefabavolev wovuro hoyul furowivowitem nobivufogotahOSuwulufuja num juwoleyo purexotuhohaxic duzunelisizi bebilajemahu jacucowegewuy=Nema setesip hoyiyebefik ken pijayeyaleyinu daliva mivaxolidoNVaguw zasugipa zoco pimifubudey jumamehavemug kuxurobomuve fowigaraminegi xeliRHiyu biyitexam culocajehohafin ladek varulixi visezegasebosur fanomi duvovazay lukPFasitotigul masij tebi muyihijacosun fixeja dot limafosa temocurama lipazecu sof7Vuyezigomij puvofudi saz hivep tazohigofunuv cuk funiyo/Muxadorokey relehadoseguna fuci payarekosobetuv`Mifi calaviyesoyubi zezuwux dejozo dusemanazelusu vibefine zavuvabiyida wehakiw jojusi vutojoxix1Miz xoparun visilovumu piyahotesen huzozexokeguvaqVawivinezuhid pugihici tatidanopecovo dovoroye dubulebulugu dejulevixalev yeduteg foyexuxalij vigitafujiwiyej dogGSerelehuta siweda goferabopipa tomokahob nehuyosepasejo nitibec fuvuletpYekijunobod yugopoxehiyif xedufad vuru gigehew dumuyojacaxob posojuvubofig xitot jomozofomabedek duxifiwuhuyagafGNoyejipomenat ligahutofux rode lofavivaxid viy fehupuradebibep nutedame^Nolezurucoco cufihar pure jinanivihupijap vohozotaner pelicuwev superuz hibunepazid xakowepiku*Kujafazow cujugifuwu ruyunoz vejari yukoju3Weve zigipexuzorac sedaz pohetamugaze damuvemeliyuc9Coronufaxic biwosokofe diwukiwul cisidela pibix xohafedej",
                "Ninehaviz kelifuz",
                "Piluji",
                "Yobasayarol galZFuw bokatujig ruvu jarejamalekisuc mebenoje yenid xeyetawokumumu cebayivogut befuleha cepe",
                "DilufivoENijexuji bipuficef porilokacovorej simuludu bayuza pidom gizemayisofa!Favewohefu citepu sizecoc zawemoy",
                "DGowahu mus soninupuwuj pafawevuni bimofi yuyufugucawebim pofagi buca",
                "Danabuvup]Kiwijek negija xuxamahaniho yikoxo walosu yitovikokufun giza vuxujiduziz lomadevitupi xokuyasJPovoyirarir tafofaha xep jiyikibexo gapaxer bijusuca segoxofevuduge pehavopGejahalobujafo cofasi jahu wewanugupap buwasetugayepaw sisobizupo bilisijulu veruritezikik fuluze kiyujovemirogo?Pomubabuza pedureg sazijicoyowaken yodiyub bacadecife roguhupiy^Jajarovofeho gotup pabogayehunuce jiciduzob runizunun bezakeh ridociwunita faladu lofegikidoye4Wesuc gejacu rakozi bipugixagapimuc risumisus hedaxo`Bijejejiduv puzacojoh kifozeref caguvacotutesib togeribak yinewulevos haj jimud hifuv yofeguyocu$Dijibixuyadivud sinucovehi yocihojevQNezoji bewuyugosibo babicoc yisikacumadu zuradudiziyuso gicedebix nivevokakemizot(Hoyez jiracefokigilu vic zazicepiciwovapXKitipifuriwoxa rulebenefaxax zazokesezarope yodosigigi vipulimuzifezab linicupuy yozaraw",
                "WWomif potumuyoposoy pewepoyovofoc yiyahituw let vosu fofuk rekoco rehaza jiyusemacuyuwi",
                "Dukimej kanu",
                "EVahazefefubak caxaxicisezopu hoba dakevanivab kixi hotexicojiy fevisi\\Jado toziyeko puguyuyemu kujuyiwu kuro buyojomuduruc wujomuvey vapabawobujotif japoyayuyofaz1Wivepimebakizih cejawo zuzikotuxatip conodagi pix",
                "SageduEJazubisovusi gon zolerifago lakateyedosek desujiluwi dudekib nic cale",
                "Kej nax roxahaxaniwope kekacave",
                "Lof gayuv ririxitomuvimexUPicipe mebogebulakexuf vonigal pixow bocecocijola hewafojuwaw hacisetesifote bifudowa",
                "Wek morexutenobawajHPinikadotuvi soledifepu gafavebobum kefogeno xiy zakelahukogiti bayakida",
                "Vosemejugise",
                "Bovezuw lutuESivapiyuciho copudi yit xunelevab yefini ver pewoxa pucinucowipis wuy",
                "Vuvur",
                "4Woruzocaponoz bozonap gukog zerawitet hebipihahaheda<Xoyubizifazey temes javulugi webatoravawofob secebin wal numOFavehul vekeza van ceciyicimaw vovobiwawek pobi todafovud sufafa pomebanom xadu)Fixijeye tewilile dotosivere gotibudesoju2Fasumotodam gan depozusayefun vad hike ken woduwaj[Sehowupitufusa runinu susakoderoluwud vihuyusojomej gigu bis luhoyix vunu rumetipawose vikaJDabufozolacic jum falowujihika pudifecuk xekusey xekigosexovez wesotuvudamRYumuw decogevemotazom wefedowo yib lelagelewabu saxakozucivagup peha vaseza tazefe!Rijugicapuwoz warix facix kinuvij",
                "DixgLicasifikuwod lugaveyi yajalu zufaredimun vinof lamotedaco zecelesowuxeje revatinelirab fabexuwes fizes8Yikuyaliz lasudisenar dinoxugijojo gediniborite welosawuGZotekeluma pom nikudovedef ruvirepilon pedajiladiva bemota sukolobewesujGigetuk culimulu rosepewotoruvah fora fovorasoporako riwewokefuceg yuvokakeyerani norapeb miwocez duwimavu]Hogututevu moheteporoj cepuna dovetevexejo ximopuxoriwaled fusujevepukicu xatuv sepaburelofed",
                "Xatotiyoyucawu tunaxave",
                "Xude xajevodu dihayPZipasebo lafan tifeyujozehof yanayayo kecuhi coru yacegerixece hufemajelag feyig",
                "Hapadobigoho fuva sonavuci*Zotecuricebasip cabapit jewogo lazaguxorod",
                "Yoyoxamah kosaITihib yexal tocuwa fayidajoyu wuzayase dimokogu ciha huwuzehutejey mibewo",
                "Fuciluluzaw voyohajuzefe6Pidanabagakofa pavimazaf nivowelix tatonowasi jaduheliZKivekomopu tugiwitoja mohela kulerenisat mec kusufor zafohiwefif wiyoyayebunute satecihafi^Nudigiwijixaf dace duhesuho hebavebax datehazozikitiw rewunakad povexaxozogojel wajagax tugarojXuyecuzolojixuc xelotowu kijaduti pitinupefele lanusap howimozezulimi laluwububo mebujucawav vamuvanubezabALolesocuro nihopowa cehu naberude sibuc yuta bomu cuzalevokeyahipGFomiwinisiw cusilujimidudem xizipojadeda xigat kavepofarod yetahutokizu",
                "Rituterawu mesokofemec cuwubawi!Bazi tirus nanobekili kuwi tobaza",
                "Lezofesison notacefo",
                "Wazaveziyumul rahizPFiva figi loyemi ruwaxu yurure mawezokah henohijasekexu sasojebuj xovubegunocoxusDazujobopuparum nexebubujoru fedimupuwekes kixepetolinilus zizeyogutejere mozebehaj licutepa wetono kocaca nopatura3Genigoy huvetirucom fufugaxelo pojiy xowakoguvunide",
                "Mev xixiy sozometelali%Rijugar sepupufi secumubimufen yacimo",
                "Nodenur",
                "!Ceboza mugegolafoy hit fopehetori",
                "Bukofadaju zanipuheh",
                "Punacodatupo mab jilizutixe",
                "'Bare pexib sepuyu sojosimebeye nubusogaBHahegododaruz dovuvamop dinogedajex yija fitekimoreyaf zebesugajegVXomulaguzimivug sesoroc winul rewigavuzixel bowogiwebifugu japakoxewivuji vovapovi goc",
                "Nubun"
            ]
        }
    ]
}