{
    "malware_data": [
        {
            "filename": "0341c1348baae5bc2bb53f7c39724eaeaaa929e4d2c11474b267ed064e45f455.exe",
            "filetype": "4D5A9000",
            "filesize": "12KB",
            "hash_sha256": "0341c1348baae5bc2bb53f7c39724eaeaaa929e4d2c11474b267ed064e45f455",
            "strings": [
                "!This program cannot be run in DOS mode.",
                ".text",
                "`.rsrc",
                "@.reloc",
                "BSJB",
                "v4.0.30319",
                "#Strings",
                "#GUID",
                "#Blob",
                "<>c__DisplayClass1_0",
                "<Main>b__0",
                "<>c__DisplayClass1_1",
                "List`1",
                "CS$<>8__locals1",
                "Int32",
                "<Module>",
                "System.IO",
                "mscorlib",
                "bomb",
                "System.Collections.Generic",
                "Thread",
                "get_Build",
                "DownloadFile",
                "Console",
                "GetFileName",
                "get_MachineName",
                "get_UserName",
                "WriteLine",
                "CompilerGeneratedAttribute",
                "GuidAttribute",
                "DebuggableAttribute",
                "ComVisibleAttribute",
                "AssemblyTitleAttribute",
                "AssemblyTrademarkAttribute",
                "TargetFrameworkAttribute",
                "AssemblyFileVersionAttribute",
                "AssemblyConfigurationAttribute",
                "AssemblyDescriptionAttribute",
                "CompilationRelaxationsAttribute",
                "AssemblyProductAttribute",
                "AssemblyCopyrightAttribute",
                "AssemblyCompanyAttribute",
                "RuntimeCompatibilityAttribute",
                "bomb.exe",
                "System.Threading",
                "running",
                "System.Runtime.Versioning",
                "DownloadString",
                "Path",
                "Program",
                "OperatingSystem",
                "Main",
                "Join",
                "get_OSVersion",
                "get_Version",
                "System.Reflection",
                "Exception",
                "Sleep",
                "Char",
                "HausBomber",
                "ToLower",
                "get_Major",
                "get_Minor",
                ".ctor",
                ".cctor",
                "URLs",
                "System.Diagnostics",
                "System.Runtime.InteropServices",
                "System.Runtime.CompilerServices",
                "DebuggingModes",
                "args",
                "Contains",
                "GetInvalidPathChars",
                "Process",
                "Concat",
                "Format",
                "Object",
                "System.Net",
                "Split",
                "WebClient",
                "Environment",
                "ThreadStart",
                "ToArray",
                "87NV",
                "WrapNonExceptionThrows",
                "$324f55f8-bc79-4179-a886-f9fbfa5eb6e9",
                "1.0.0.0",
                ".NETFramework,Version=v4.0",
                "FrameworkDisplayName",
                ".NET Framework 4",
                "RSDSM",
                "E:\\HausBomber\\obj\\Release\\bomb.pdb",
                "_CorExeMain",
                "mscoree.dll",
                "<?xml version=\"1.0\" encoding=\"UTF-8\" standalone=\"yes\"?>",
                "<assembly xmlns=\"urn:schemas-microsoft-com:asm.v1\" manifestVersion=\"1.0\">",
                "  <assemblyIdentity version=\"1.0.0.0\" name=\"MyApplication.app\"/>",
                "  <trustInfo xmlns=\"urn:schemas-microsoft-com:asm.v2\">",
                "    <security>",
                "      <requestedPrivileges xmlns=\"urn:schemas-microsoft-com:asm.v3\">",
                "        <requestedExecutionLevel level=\"asInvoker\" uiAccess=\"false\"/>",
                "      </requestedPrivileges>",
                "    </security>",
                "  </trustInfo>",
                "</assembly>",
                "https://maper.info/26tkR5",
                "https://urlhaus.abuse.ch/downloads/text_online/",
                ".exe",
                ".jpg",
                ".scr",
                ".png",
                ".cpl",
                ".php",
                "?id={0}&mn={1}&os={2}.{3} build: {4}",
                "http://77.91.68.21/nova/foxi.exe",
                "http://1qwqewrewqweqwrqe.sbs/setup294.exe",
                "http://85.209.176.59/server/execution/WinScp.exe",
                "http://85.209.176.59/server/execution/WinScp.exe?fileName=Winscp.exe",
                "http://5.42.65.125/288c47bbc1871b42239df19ff4df68f076.exe",
                "http://104.37.185.125:3001/launcher",
                "https://15.204.49.148/files/InstallSetup2.exe",
                "http://www.bcmnursing.com/QubpyznbC7neo.exe",
                "https://artemis.community/gallery/f305ba-b4b69ab5.exe",
                "https://github.com/Filmans/WinLocker/releases/download/winlocker/Cheat.exe",
                "http://195.35.25.136/UpdateCheck.exe",
                "http://185.81.157.213:222/78.jpg",
                "http://185.81.157.213:222/70x1.txt",
                "http://185.81.157.213:222/T2.jpg",
                "http://195.35.25.136/Testing.dot",
                "http://98.126.19.29/s/etopt.exe",
                "http://dcfsdfds2fdhfgj.sbs/setup294.exe",
                "http://77.91.124.172/files/lumtru.exe",
                "http://185.172.128.32/cp.exe",
                "https://zateghar.com/Minodeka.exe",
                "https://zateghar.com/crypted.exe",
                "http://172.245.208.4/2546/wlanext.exe",
                "http://23.94.239.93/2355/MJX.txt",
                "http://77.91.124.172:3350/rise.exe",
                "http://154.92.16.100/Admin/Mpclient.dll",
                "http://154.92.16.100/Admin/svchost1.exe",
                "http://194.33.191.102/autorun.exe",
                "http://cms-sh.de/1/stub.exe",
                "http://5.42.65.125/newplayer.exe",
                "http://5.42.65.125/toolspub2.exe",
                "http://185.172.128.8/ama.exe",
                "https://never.hitsturbo.com/order/tuc2.exe",
                "https://never.hitsturbo.com/order/tuc4.exe",
                "http://185.172.128.8/ma.exe",
                "http://5.42.64.35/InstallSetup9.exe",
                "http://45.197.46.193/003/tbbhts.exe",
                "http://31.172.83.170/exe/31.exe",
                "https://raw.githubusercontent.com/LiteV3/RobloxSynapse-Exploit-Cheat/main/SynapseExploit.exe",
                "http://163.123.142.171:8080/file/1701788303-crptmnr.exe",
                "http://5.42.64.35/updHost.exe",
                "https://hongking542-1321530550.cos.ap-hongkong.myqcloud.com/%E5%8F%91%E7%A5%A8%E7%94%B5%E8%84%91%E7%89%88-%E7%BB%88%E7%AB%AF_sos.exe",
                "http://163.123.142.171:8080/file/1701610814-Dvnzfr.exe",
                "http://123.249.25.73:5653/libcurl.exe",
                "https://textbin.net/raw/ld17s2rgt9",
                "http://163.123.142.171:8080/file/1701517543-Srnsa.exe",
                "http://45.197.47.193/1119/aiitoo.exe",
                "http://185.172.128.113/ma.exe",
                "http://5.42.64.35/syncUpd.exe",
                "http://195.20.16.153/conhost.exe",
                "http://202.79.169.52:8000/1",
                "https://52.91.10.228/build.exe",
                "http://galandskiyher5.com/downloads/toolspub2.exe",
                "https://galandskiyher5.com/downloads/toolspub1.exe",
                "http://185.16.38.38:555/24/b.jpg",
                "http://109.107.182.3/test/valid.exe",
                "https://1QWQEWREWQWEQWRQE.SBS/setup294.exe",
                "[+] Downloading ",
                "[+] ",
                "VS_VERSION_INFO",
                "VarFileInfo",
                "Translation",
                "StringFileInfo",
                "000004b0",
                "Comments",
                "CompanyName",
                "FileDescription",
                "FileVersion",
                "InternalName",
                "LegalCopyright",
                "LegalTrademarks",
                "OriginalFilename",
                "ProductName",
                "ProductVersion",
                "Assembly Version"
            ]
        }
    ]
}