{
    "malware_data": [
        {
            "filename": "2a8d8f5e6738fdbf56c271c971f87a8caf5682d39d33fe12aa99ec4760f06a3a.elf",
            "filetype": "7F454C46",
            "filesize": "54KB",
            "hash_sha256": "2a8d8f5e6738fdbf56c271c971f87a8caf5682d39d33fe12aa99ec4760f06a3a",
            "strings": [
                "4:ZYTS",
                "d*nlz",
                "c8l$",
                "AU3w",
                "NQ;M",
                "}HXyA",
                "U,as$",
                "D0%[",
                "W`RX",
                "WJd8",
                "@WBzz",
                "o{(z",
                "`c^'",
                "P:~<l",
                "gFGv",
                "n<%;",
                "`mq/",
                "k?d>",
                "h,Zs",
                "GG)i`",
                "@JK:",
                "Q`;O",
                "wUdV",
                "?\"7o",
                "?-/H",
                "?TX5",
                "OH&]n",
                "|)]|",
                "OQ$N",
                "L`d0'w",
                "'gBs",
                "=a37",
                "aU_w",
                "S|ks",
                ".J2m",
                "-r<O",
                "f_N,",
                "owhi",
                "4N1I.",
                "NzVD",
                "fK/!",
                "<l2/>L",
                "(U/Wl",
                "D!Rt",
                "ao18/",
                "LUYx",
                "D7=$bLr",
                "(7\"lY",
                ".VK]",
                "7}6Us",
                "5\"lS",
                "pxM\\",
                "X8c&",
                "-q?cx;",
                "3?p&c",
                "|X0l",
                "H#qC",
                "9uS$Iz",
                "edk\"",
                "WSEY",
                "&cxj",
                "li\"(",
                "$KSC",
                ":7~a",
                "W8D&x",
                "'zY7",
                "Ka'X0",
                ")L8<",
                "Y.=V^",
                "nt(lm",
                "0Gka",
                "|9UfYxFp4",
                "Z^Q\\",
                "-'ciGL",
                "pn8A",
                ".|Ib",
                "L\"o\"=B",
                "+XCJ",
                "5#)q6T",
                "4v^yv",
                "#X>:",
                "cQQv",
                "yz;j'$",
                "~@:z_NsK=",
                "w*/f",
                "p_n?",
                "?d'0",
                "=3Im",
                "r o&",
                "C**+",
                "SFX/u",
                "KTsD\\",
                "^F)78",
                "F=98",
                "I06&",
                "w|@9",
                "V*21",
                "E3hZz",
                "}7#7",
                "o$9H",
                "}d}[6XM",
                "8`[w",
                "psx#",
                "`RZP",
                "Z)Kw",
                "pAGoI",
                "m0?,",
                "=k[}",
                "xOekP",
                "Rx&1R",
                "J,^Ur",
                "!cic",
                "b_=2,",
                "eD e2",
                ".>PX",
                "S)7$",
                "w#\"7",
                "9fG0",
                ")1\"/",
                "T@`\\",
                "+2Q>a",
                "NEa64",
                "G+8~",
                "9/rZ",
                "R0:n",
                ")k:8",
                "{Mw){",
                "d.n,",
                "S.\"IV",
                "x`~6",
                "K-oy",
                "}/nx",
                "W=[+",
                "{X-v",
                "L?g[$",
                "0QM^",
                "`s_o",
                "Ab'88i",
                "M=(_",
                "o{Hj",
                "7YyeQ",
                "t/$Q1tcq",
                "{{_4",
                "{+b&",
                "5&uW",
                "O)u!f!",
                "J&^5bE",
                "q20]",
                "FaVi",
                "gAqr",
                "L_X!",
                "{Un]",
                "`}sCS|",
                "\\S\"j",
                "$*.A",
                "XE\"}2",
                "5&Rb",
                "qjoJ",
                "q#b.",
                "mU*%{E",
                ")>sG",
                "DOgR",
                "Ugkf).",
                "Ye62",
                "s_eZ",
                "Q%9;",
                "(VM$",
                "GTF>~",
                ">F74c0",
                "C3_\"",
                "s?p[",
                "iS\\/",
                "d4pV",
                "9nAPxrH",
                "f1h1,",
                "3e!*",
                "4q,u",
                "W)-a",
                "l$#es",
                "O4uO",
                ">*u4",
                "HAJ[",
                "ysKv~i",
                "`_lF",
                "y)Gi",
                "na/uY",
                "]{#M",
                "a@P-",
                "09Jh",
                "m0F*",
                "AI-5",
                "]C0%",
                "I\"Zqw&&",
                "Q79-5",
                "7>8sB",
                "9IC{",
                "ujc9",
                "wyM`",
                "U;/o",
                "J,<1y",
                "i01X|T",
                "Qd|k",
                "V@ZC",
                "[_>FX",
                "u#9q",
                "@>dB",
                "ySX4",
                "V\\sn",
                "7Be-",
                "hwig",
                "IbPo",
                "*.`h",
                "xPB1O",
                "\"+wU",
                "CG9Z",
                "}_\"mAR2",
                "a;5B",
                "IJUh",
                "&T(w",
                "dxL^>",
                "r\\D4",
                "0GH]",
                "G#\"0",
                "k?_W",
                "(3:c",
                "\\5voB",
                "A`M9",
                "~}=O",
                "8i`]",
                "Ow^V[",
                "2U\"|",
                ">>m\\",
                "%N9!",
                "DYD#X",
                "U<,$",
                "tFRuwJ",
                "TAeWi",
                "6PVP",
                "+Ww?",
                "]F|s",
                "v=`\"",
                "+NKXR",
                "{Hhg;",
                "JKQ#/",
                "GD3[j",
                "\"? Z",
                "M?7qc",
                "=/%2",
                "OEM[",
                "YI\\s",
                "aqV$U",
                ")!SH",
                "ZgKE",
                "EF/C",
                "\\C~R",
                "P2C0fA",
                "cgd0v9",
                "TVQ-",
                "0!VAV3H7",
                "$8#i-",
                "=xT3",
                ",!yXV",
                "tS*J",
                "+~3Zz<?y",
                "Ylqs",
                "~jCp",
                "yiiV",
                "y&,v",
                "`cqj",
                "7KME+\\",
                "<!V^I[",
                "QgqMv!",
                "^1W=",
                "+m!D*",
                "uIyT",
                "SK:x",
                "S4.:q",
                "^A7F",
                "FYHc",
                "L/z-",
                "N;GR",
                "ev/g",
                "zBO;",
                ")n$wq",
                "'K9bE",
                "e]am",
                "em7G",
                ".-r}",
                "g~/#",
                "iTl$",
                "\"A8|",
                "gUtDG",
                "N9q#%",
                "`6'z(d\\",
                "IIJO",
                "2L{#",
                "xO%\"",
                "z*!D",
                "jM<<",
                "5*{F(7wi",
                "'wGA",
                ")jnR",
                "H5j#",
                "{+OU\\_",
                "u~OT",
                "`;/3",
                "v)l[U",
                "_pju",
                "}=DG=",
                "'??I",
                "Ll?0",
                ">_PR<",
                "Liu[",
                "xhFP",
                "q{b'E/",
                "'!>A",
                "*-UI",
                "\"*1r",
                ".-n#",
                "\"HUh<",
                "/uyM",
                "U\"9}",
                "aJv)`",
                "RPX8",
                "ieSr",
                "R?W[B",
                "|um[5",
                "jEE7",
                "a\"nJ",
                ":<\\u",
                "hH!'Y",
                "x}MZ",
                "c]?3",
                "dOzR",
                "<K+Y",
                "@&pP",
                "3@ur",
                "*}~Z",
                "8<M/",
                "/J:I",
                "y)Uh",
                "q5{c[X",
                "v(@C\\",
                "&K5x",
                "t%-jy9",
                "]y8o>",
                "!tgZ9",
                "[9&g",
                "#!tW",
                "ZNzI",
                "P(w$",
                ">kqO",
                "%E92",
                "}1,b=",
                "i%n[",
                "g8X3",
                "4${~|",
                "~o]Ze",
                "6SMS",
                "erA^F",
                "[rT'",
                "+4l:",
                "Ag3`",
                "\\$Iv*0",
                "hSG21`",
                "BFG8(@%]cv",
                "<8\"\"p-",
                "MVL,@",
                "DIE)",
                "UP?c",
                "o3Mkm",
                "$xG|",
                "-G.?",
                "/ )v",
                "}rD.q",
                "uQyjLLh",
                "M;`U",
                "zB%F1sz",
                "g@U#",
                "i|xZ",
                "dF{}",
                "`*a$Y",
                "/kB*g9",
                "NvK _7Q+",
                "E8C8",
                "lg.=;",
                "-L:g",
                ")JKnV",
                "oNd},FD",
                "8<^x{en",
                "18o4l",
                ">*ch]jH",
                "<g06{",
                " '%]",
                "U8Ex",
                "Dk# ",
                "$r>>6",
                "CH/B",
                "%g<^",
                "%%)Oh",
                "044T",
                "Sr4Y",
                "Q\\|GAF&",
                "R4&;=",
                "#4<~",
                "~,@-6G",
                "PY1b",
                "co5nzc",
                "M0p)~N",
                "2,\":",
                "W[L#",
                "X#fHi&",
                "&RIl",
                "vrn-&",
                "/0CT",
                "7k5Ru4F8",
                "g<Zu",
                "T3n-",
                "DD^m",
                "34c)",
                "-SDX",
                "|VPb",
                ";l~![",
                "n+r\\T",
                ".<*o",
                "]tF%",
                "_JVk",
                "|h~n",
                "5PwQC",
                "j0,L",
                "[tS3",
                "<FWE[",
                ".9.U",
                "I+J9",
                "d~^J",
                "=y0=",
                "s_ZC",
                "fw2E",
                "lDfi:",
                "u)2$",
                "WE.jV",
                "cXwc",
                "2hn|",
                "nfh[*",
                "gcsD",
                "`OO/",
                "oP#y",
                "gKl^",
                "%F#@*",
                "r5E[Q",
                "(nrv",
                "Cv%!^",
                "_-jZP,",
                "ewQU",
                "Q>&:V",
                "<mR;",
                "WE%E",
                "?UaP",
                "Co|O5",
                "zzs(9J",
                "v`9(",
                "Kp8\\",
                "zAO]g8\"",
                "t.b'w",
                ">X^_",
                "\"`vE",
                "d))) 9(i",
                "'~F$",
                "COt%",
                "5b!b>F-b",
                "6V'0",
                "-)D'",
                "\"8O[",
                "a#<<",
                "dbB.^",
                "B~/|nHST",
                "kF'qA",
                "O3ER",
                "ddnz7",
                "^zgS",
                "|7J8u8",
                "Vx]?^f",
                "<w4#",
                "^dy9m(",
                "P91}",
                "/p'k",
                "}uK ",
                "nncvC",
                "h\\B[q",
                "D/`[",
                "#k`1w",
                "+B(&",
                "tMYw",
                "`c#p",
                "(^7c",
                "cO&F",
                "^5PI",
                "Bna!",
                "b #(x\\",
                "T;uS",
                "P!T'g",
                "Vw\\K}",
                "M#KS",
                "G`~5",
                "ygD!LR-K",
                "oh`C",
                "i/Sg_",
                "[tJ-",
                "yDpn",
                "Ka5~",
                "{kP)",
                "\\ksz",
                "p-wv",
                "E.H^",
                "&< 6",
                "F8s1",
                "k\">!",
                "*:sv",
                "2Z%_",
                "i2r\"",
                "neh:",
                "EKG$",
                "'IX=",
                "NTz[",
                "4:1M",
                "o!i(",
                "#;et",
                "1gl*F",
                "Fc?Y<6",
                "O1Qdq",
                "fOlL ",
                "XnUS",
                "7Kjpd",
                "attD",
                "Zv#Me",
                "LBrp",
                "zE(`T",
                "7BqFA<",
                "N_e)C",
                "%MiZ,",
                "koXd!6",
                "F8h0",
                "'}L]",
                "4le-",
                "xL&[E",
                "ZGHZ",
                "]emJ",
                ">td?",
                ":}qG",
                ">K2if",
                "!;d;",
                "7:d9",
                "jSm9",
                "CsM!",
                "%-\\Y",
                "y;S-iA",
                "Ik=1",
                "mEA8,",
                "d%qBbq^",
                "sB~pu",
                "d!4_^",
                "Fw+e6",
                "+9r28",
                "eHPN:",
                "~1][",
                "pV?Y+G",
                ",VYs}Q`",
                "h&oU&",
                "ckWe",
                "F_l+",
                "IWpp",
                "2*}(",
                "!z+wO",
                "Rn[a",
                "\\^(?",
                "G7K|Z",
                "ct\"To",
                "ce@bqK7",
                "1t4C",
                "}4lS",
                "vsyD",
                " 0-7",
                "QN`8n",
                "+uWf",
                "y&~Z",
                "F{xR\\",
                "H#rG0a",
                "4Ikm~",
                "\\2K_",
                "(8G{",
                "{$&Q",
                "HkI-",
                "(T[dr",
                "CKWN",
                "7[:7K",
                "W*|!",
                "?H%8",
                "*ssCH",
                "RVSPUWVS",
                "9L$ts",
                "D$xf",
                "T$L1",
                ";\\$L",
                "9L$t",
                "t$t#t$l",
                "D$Hf",
                "T$sf",
                "D$t#D$h",
                "+L$d",
                "D$t+D$\\",
                ".)D$H)",
                ")D$H)",
                "L$H)",
                "t$`)",
                "t$8w",
                "L$xf",
                "D$X1",
                "L$8f)",
                "L$8f",
                "s`)L$4",
                "l$8f)",
                "D$8f",
                "l$X1",
                "T$Df",
                "t$Hf",
                "t$(N",
                "t$(u",
                "l$$M",
                "l$$u",
                ";|$Hr",
                "+|$H",
                "t$\\tY",
                "9l$\\w_",
                "+D$\\",
                "D$tIt",
                "9l$tr",
                "9D$t",
                "|[^_]",
                "T$(9",
                "H+|$,",
                "$Info: ",
                "mmap failed.",
                "/proc/self/exe",
                "YQRP",
                "ZRQP",
                "PSRQV",
                "Zj}X",
                "ZXP)",
                "B28q/M",
                "]SYd;",
                "_!~M",
                "l`ti",
                "PU'4",
                "L27M",
                "f#F_R?",
                "x/}h",
                "X'b)",
                "8$? 'oQY",
                "5~.Rr",
                "|UZP",
                "y!R0",
                "[WX[",
                "&_vV`",
                "+Kx>",
                "pm^j:",
                "h][=g",
                "u=vu",
                ":X'[",
                "A>?O",
                "~3L\"I",
                "A;gU",
                "lB-/",
                "=\"(|)",
                "W_Y<f"
            ]
        }
    ]
}