{
    "malware_data": [
        {
            "filename": "3054cb557781a24975e1da913001c39614b179c6756a27a3c8bf870f157f7444.dll",
            "filetype": "4D5A9000",
            "filesize": "85KB",
            "hash_sha256": "3054cb557781a24975e1da913001c39614b179c6756a27a3c8bf870f157f7444",
            "strings": [
                "!This program cannot be run in DOS mode.",
                ".code",
                "`.text",
                "`.data",
                ".reloc",
                "memset",
                "CRTDLL.dll",
                "HeapCreate",
                "HeapDestroy",
                "ExitProcess",
                "GetModuleHandleA",
                "KERNEL32.dll",
                "0L0R0\\0f0l0t0",
                "       ",
                "                                                                                ",
                "-=-=-=-=-=-=-=-=-=-=-=-=-=-=-=-=-=-=-=-=-=-=-=-=-=-=-=-=-=-=-=-=-=-=-=-=-=-=-=-=-=-",
                "                              CHEATHAPPENS.com Presents:",
                "ARMA II Trainer",
                "====================================",
                "GET UPDATES FOR THIS TRAINER AT WWW.CHEATHAPPENS.COM",
                "NOTE:  Cheathappens wants to welcome new team member, PHOENIX, who worked hard to",
                "create these options.  CALIBER was involved with packaging and improving the",
                "Flack Jacket option, but it was PHOENIX who gutted out 99% of the time and work on",
                "this difficult game to train!  Welcome to the team PHOENIX!",
                "Using this Trainer",
                "------------------",
                "Launch the trainer first, then launch the Game and then Press F1 at the Main Menu.",
                "Listen for \"Activated\".",
                "Press desired option key",
                "Options",
                "-------",
                "Numpad 7: Slow Motion Mode",
                "Numpad 1: Super Flack Jacket",
                "Numpad 2: Unlimited Ammo",
                "Numpad 3: Save Position",
                "Numpad 4: Teleport",
                "Numpad 5: Undo Teleport",
                "Numpad 6: Super Jump",
                "Numpad 8: Armory Points",
                "Numpad 9: Money",
                "Notes",
                "Numpad 1: Super Flack Jacket - turn this on and your soldier is immune to most all",
                "attacks and explosions.  Mostly this option was created to protect you from",
                "all sorts of ballistic gunfire.  If you try to run underneath vehicles or",
                "undergo extremely far falls, you may still die.",
                "Numpad 2: Unlimited Ammo - many weapons will have unlimited ammo.",
                "Numpad 3: Save Position - save your current position in the game world.",
                "Numpad 4: Teleport - teleport to saved position.",
                "Numpad 5: Undo Teleport - undo the teleport option.",
                "Numpad 6: Super Jump - before using this, turn on option 1 above.  You will find this",
                "vaults you into the air quickly.  You can position yourself on certain objects",
                "and lower roofs, etc.",
                "Numpad 7: Slow Motion Mode - turn this option on to allow slow motion mode.  This will",
                "allow you to aim at certain targets with better ease, etc.",
                "Numpad 8: Armory Points - make sure this is on when loading and you will be able to",
                "utilize armory points at appropriate parts of the game.",
                "Numpad 9: Money - this is for the mission that allows you to purchase construction, units, ",
                "weapons, etc.  It is important that you follow the following instructions!",
                "1) this option is to be used ONLY at the beginning of the mission when you are able to",
                "access the CONSTRUCTION menu and have NOT spent any money yet.",
                "2) move your mouse wheel until you can access the CONSTRUCTION option and select it",
                "3) While in the CONSTRUCTION MODE, press the 1 KEY (not NUMPAD 1) to show the DEFENSE items",
                "that you can buy.",
                "4) Wait a few seconds, then press the NUMPAD 9 key to activate the option.  You will hear",
                "'Activated' and then a few seconds later 'Deactivated'.",
                "5) Press Backspace until you leave the CONSTRUCTION MODE and are back in GAME.",
                "6) Re-Enter CONSTRUCTION mode and you should see your money has increased.  If it hasn't",
                "then repeat, OR if something else seems to have been modified, RESTART the mission",
                "and repeat.",
                "This trainer will allow you to customize the keys if you desire!  Use our",
                "Trainer Customizer to accomplish this! Download it from our trainer ",
                "troubleshooting page (link below).",
                "Having trouble getting the trainer to work? Visit our forums at www.cheathappens.com",
                "and check out our TRAINER TROUBLESHOOTING GUIDE for helpful tips:",
                "http://www.cheathappens.com/trainer_troubleshooting.asp",
                "AUTHENTICITY NOTICE (Does not apply to PROMO or FREE trainers):",
                "-=-=-=-=-=-=-=-=-=-=-=-=-=-=-=-=-=-=-=-=-=-=-=-=-=-=-=-=-=-=-=-",
                "In an effort to maintain the integrity of the files downloaded from our site and to prevent",
                "illegal file sharing, this trainer will perform an authenticity check while in use. This check",
                "requires an Internet connection and the trainer will not run if a connection is absent or if the",
                "trainer is blocked by a security application. NO INFORMATION, PERSONAL OR OTHERWISE, IS SENT TO",
                "CHEAT HAPPENS DURING THIS PROCESS. This check is only performed on trainers that have been",
                "personalized for individual use, not our PROMO or FREE trainers. If you want/need to use the",
                "trainer offline, please go to our trainer troubleshooting page for instructions on how to obtain",
                "an offline key to avoid online checks.",
                "If you want more trainers or mega trainer versions, when available, with more",
                "options then visit us at WWW.CHEATHAPPENS.COM                                                                            ",
                "MSVCRT.dll",
                "IsDebuggerPresent",
                "ReadProcessMemory",
                "WriteProcessMemory",
                "OpenProcess",
                "VirtualAllocEx",
                "CreateRemoteThread",
                "WaitForSingleObject",
                "GetExitCodeThread",
                "VirtualFreeEx",
                "CloseHandle",
                "VirtualProtectEx",
                "GetModuleFileNameA",
                "HeapFree",
                "HeapAlloc",
                "sprintf",
                "strlen",
                "strcpy",
                "log10",
                "memcpy",
                "fopen",
                "fseek",
                "fclose",
                "strcat",
                "strncpy",
                "longjmp",
                "free",
                "_setjmp3",
                "ftell",
                "malloc",
                "fread",
                "strcmp",
                "strncmp",
                "exit",
                "_iob",
                "fprintf",
                "getenv",
                "sscanf",
                "LoadLibraryA",
                "GetProcAddress",
                "FreeLibrary",
                "Sleep",
                "CreateThread",
                "GetCurrentThreadId",
                "GetCurrentProcessId",
                "InitializeCriticalSection",
                "GetCurrentProcess",
                "DuplicateHandle",
                "CreatePipe",
                "GetStdHandle",
                "CreateProcessA",
                "EnterCriticalSection",
                "LeaveCriticalSection",
                "GetTickCount",
                "GlobalAlloc",
                "GlobalFree",
                "GetTempPathA",
                "DeleteFileA",
                "WriteFile",
                "CreateFileA",
                "ReadFile",
                "SetFilePointer",
                "GetFileSize",
                "HeapReAlloc",
                "InitCommonControls",
                "COMCTL32.dll",
                "GetKeyboardState",
                "GetAsyncKeyState",
                "GetWindowRect",
                "GetCursorPos",
                "PtInRect",
                "SetClassLongA",
                "RedrawWindow",
                "GetPropA",
                "GetParent",
                "GetClientRect",
                "SendMessageA",
                "InvalidateRect",
                "CallWindowProcA",
                "SetPropA",
                "SetWindowLongA",
                "DestroyWindow",
                "BeginPaint",
                "EndPaint",
                "DefWindowProcA",
                "LoadIconA",
                "RegisterClassExA",
                "CreateWindowExA",
                "MessageBoxA",
                "GetWindowThreadProcessId",
                "IsWindowVisible",
                "IsWindowEnabled",
                "GetForegroundWindow",
                "EnableWindow",
                "EnumWindows",
                "DestroyIcon",
                "CreateIconFromResourceEx",
                "CreateIconFromResource",
                "GetIconInfo",
                "ShowWindow",
                "GetWindowLongA",
                "ScreenToClient",
                "SetWindowPos",
                "UpdateWindow",
                "ReleaseCapture",
                "DrawStateA",
                "SetCapture",
                "GetSystemMetrics",
                "RemovePropA",
                "PostMessageA",
                "GetWindow",
                "SetActiveWindow",
                "UnregisterClassA",
                "DestroyAcceleratorTable",
                "LoadCursorA",
                "RegisterClassA",
                "AdjustWindowRect",
                "GetActiveWindow",
                "CreateAcceleratorTableA",
                "SetCursorPos",
                "LoadImageA",
                "SetCursor",
                "MapWindowPoints",
                "MoveWindow",
                "SystemParametersInfoA",
                "GetKeyState",
                "PeekMessageA",
                "MsgWaitForMultipleObjects",
                "GetMessageA",
                "TranslateAcceleratorA",
                "TranslateMessage",
                "DispatchMessageA",
                "FillRect",
                "EnumChildWindows",
                "DefFrameProcA",
                "SetFocus",
                "GetFocus",
                "IsChild",
                "GetClassNameA",
                "USER32.dll",
                "CreatePatternBrush",
                "GetStockObject",
                "GetObjectType",
                "DeleteObject",
                "CreateCompatibleDC",
                "SetDIBits",
                "DeleteDC",
                "GetObjectA",
                "CreateDCA",
                "CreateCompatibleBitmap",
                "CreateDIBSection",
                "GDI32.dll",
                "CreateStatusWindowA",
                "InitCommonControlsEx",
                "CoInitialize",
                "RevokeDragDrop",
                "OLE32.dll",
                "ShellExecuteExA",
                "SHELL32.dll",
                "N00O",
                "Ex?o",
                "[ooQ",
                "Ew?R",
                "dSyF",
                "Dw?A",
                "Dw?:",
                "DS?9",
                "AS=9",
                "CS=9",
                ":@=4",
                "A=94",
                "d:=A",
                "Jggf",
                "<=9A",
                "9==I",
                "==98",
                "U=49\\",
                "~998",
                "@94p",
                "_PPs",
                "K64<}",
                "E94H",
                "aK56444467F_",
                "+251",
                "'\\^(",
                "ZGCu",
                "r2 *c",
                "tpY??Ypc",
                "^noon]",
                ")clu",
                "ul_}",
                "rWL'",
                "yRZ6\"@",
                "5G!bK",
                "gijjF",
                "SVUWB",
                "~2kJI_pJ",
                "[IZ1",
                "QruwwK",
                "urQ;*",
                "zABduueD8~",
                "<8{~)",
                "IHDR",
                "IDATx",
                "r-?c",
                "@)}<",
                ")3,C`Y",
                "?'MS",
                "q-oG",
                "4JE.",
                "ei!(l",
                "l6c<",
                "h4b:",
                "apM$",
                "RuM|",
                "`0`2",
                "( +M|",
                "i&T]",
                "$H)K",
                "}NNN8==-",
                "2PJ^s",
                "R)Bd",
                "4%^I",
                "cNNN",
                "81IS",
                "8>>.",
                "9==-",
                "U^JQ",
                "'O99>b2",
                "Sq+e",
                "be]U",
                "(DZ-BZ",
                "I-7c",
                "G&mRa",
                "d2a6",
                "1mj~",
                "#[`d",
                "x2g:",
                "Qwi6",
                "=vwwK??",
                "\"NOO",
                "8jBE,qd",
                ".{{{t",
                "RINq",
                "lDM.pdT",
                "NNNV",
                " KP*",
                "1]*f",
                "[tZyqOK",
                "e(k>",
                "]%(3F",
                "Vr\\(m",
                "h<b6",
                "PT9+",
                "_ow:t;",
                "~u?!",
                "$MORwM",
                "[T=M",
                "Xpxx",
                "h4,Z+&",
                "O#yL5;",
                "Pu$[uI",
                "i^T2.W",
                "EX.Y",
                "/X,n",
                "W6l):",
                "9d0\\",
                "!5FX\"",
                "x2a8",
                "Rucz",
                "Yi\",",
                "mQq*8",
                "P)^5f",
                "s>>h",
                "EHRzHic",
                ";~D2|",
                "d<f0",
                "l>!D",
                "GZ5d",
                "eY%QX",
                "<vvw",
                "#fG_",
                "}LO<",
                "Pox{",
                ">[[[",
                "_ax[",
                "iYt:",
                "< IS",
                "i^ S",
                "{^Z^",
                "}VI ",
                "IDAT-",
                "0$RB",
                ";:< >",
                ";;>V",
                "mMqWV",
                "sU}k[q<",
                "0Qk.",
                "V9;a",
                "MUzB",
                "^xE_9",
                "aV0j;",
                "h<BJ",
                "5cjr",
                "oG^N",
                "Xq.J",
                "4MIU",
                ",vvv",
                "/}o!",
                "[ag[",
                "U6~8>>brt",
                "eY<|",
                "41+M",
                "~/+o",
                "oNgKf",
                "?;y@c",
                "8)%q",
                "C0:o[",
                "?}Q?",
                "2tw ",
                "1GGG",
                "8e0?",
                "`0`x",
                "'am[",
                "_.S~",
                "1Z<`",
                " T97",
                "i6Z%",
                "B.n6`",
                "8>>&:",
                "A Sz1QJ",
                "vYYX|'",
                "^Bnu2<'%",
                "Di~>",
                "~1=Gp",
                "e`v>",
                "ijr(O",
                "=/Jb}",
                "=7M*",
                "8fw|",
                "UvwwY",
                "d:e2",
                "BQu%",
                "e)Yf",
                ";RQq",
                "AVI?",
                "kbJV",
                "(9==",
                "#I4!",
                "l6J7!",
                "B\\[pw",
                ",[q?",
                ">d{g",
                "9::B@",
                "l6C)E",
                "7fI|_y",
                "3.`U",
                "%i5+",
                "q8>>",
                "$@eE",
                "''Da",
                "^UYW]",
                "b;g.or#6&",
                "q^3@",
                "\".(?h",
                "l61L",
                "cT{g",
                "E~3`Sv",
                "J'Tf_3",
                "4I8<8d4",
                "E8pS",
                "R)\"o",
                "/xo=G^",
                "!h6*%",
                "_4=,",
                "x]R(",
                "h6+L",
                "$I8=9e>",
                "E\"Ej_",
                ">fnJ",
                "BNOO",
                ")%RJ",
                "K=uD",
                "IDATY",
                "qttD",
                "|_7@",
                "%SjR",
                "M#>\"M",
                "]3b^",
                "QLU+@",
                "]5s^",
                "z@6y",
                "NONH",
                ")ERpU",
                " MSF",
                "8pM:u",
                "r}Lo",
                "^7.c",
                "N?99a8",
                "p2R|",
                "5}5'",
                "aomm",
                "EQpzrB2I",
                "qDB:~",
                "thw:",
                "f;#T",
                "\"9 ?",
                "x4DM",
                "uu=~-",
                "|,H3",
                "lm5g",
                "-vQe",
                "=|\\&",
                "x<FJA",
                "J=?I",
                "n`5G",
                "]K|+",
                "b&G3",
                "((|t",
                "I!m6`-",
                "?FRH",
                "<G8p",
                "#dvl",
                "\"0pn",
                "44[M",
                " /4i",
                "@''DE",
                "p8n~ c",
                "&v56",
                "KXlW",
                ">M8M",
                "s8nm|LO",
                "h-nI",
                "jTW2",
                "OJ-i",
                "!TV;E",
                "PA(AI",
                "JJSB&",
                "cJ+ ",
                "!/o}",
                "]_Sa",
                "ts1=",
                "|'0j",
                "OOsh",
                ",6__",
                "'+{l",
                "A>&t",
                "tNJK",
                "@>rM;",
                "kmD^",
                "*A)P",
                "C5}f",
                "X$6R",
                "A*Hs(",
                "`ysE)",
                "ZO!P",
                "FhhF",
                "*c[p",
                "`/K3W-",
                "fdhG",
                "c[g|",
                "zo@L",
                "#ZAZ",
                "a051",
                "Ndhx",
                "TJQ--3",
                "i?C`PR",
                ";{zaC",
                "-yA!L",
                "n|FS",
                "J;?f",
                "W_/2",
                "*+s/",
                "`ytU",
                "i)O-",
                "?xN9",
                "5m8P",
                "w>-RXRN",
                "`_m{",
                "i7)c",
                "LM}]",
                ")=.2}de",
                "E; P",
                "O/bM~)}",
                "*)c1",
                "Ha-1",
                "hej|",
                "1'4j",
                "IDAT]",
                "tRLz",
                "{6\\hoB",
                "~=CF",
                "\\`-\\",
                "LC|3",
                "PS!h",
                " M7(",
                "3V?1S",
                "-FyL",
                "8)%\"hb",
                "AU?|&",
                "{~QmA",
                "5h#Q",
                "<KY&O",
                "bv[U",
                ":7e1",
                "EMBK",
                "rE !",
                "4YH ",
                "5-UG",
                "IJ)Z",
                "BF=t",
                ")_|-",
                ",S*k]",
                "J@BIg!l",
                "<'Ir.#",
                "Rq2V",
                "UM_y",
                "(4N@",
                "@5 8<",
                "?>2@UQ/",
                ",'M&`",
                "3IB:",
                "p<\\|",
                "1z#$",
                "c I5",
                "(n0V",
                "Haxm",
                "Og*Z",
                "7]Lc",
                "x<&M",
                ",'IR08",
                "4M99",
                "]V(%",
                "h4\"I.",
                "4IPJ",
                "{eF[+",
                "z={3",
                "@ ,r",
                "X__I",
                "nFlub",
                "`0@J",
                "h5[t",
                "6i7c",
                "Vt3f",
                "/1V7",
                "c-O%",
                "szzZ",
                "h<$/",
                "E@B2[c]",
                "<*B~",
                "HWT7",
                "ati^*)",
                ",K~7A",
                "(4i^",
                "8==ckk",
                "L8;=",
                "t:mF",
                "0I5?",
                "^(W}",
                "|2:Cb",
                "d2a4",
                "{)s;",
                "PhBaPh",
                "\\s|2*",
                "#ICK",
                "`G)I",
                "^I+DV",
                "XjBU",
                "]uj(o",
                "vy:|",
                "'(,vb",
                "AQ8a`",
                "&;;;",
                "$%MS",
                "n)qAQX",
                "aWAr",
                "rzo3",
                "Ab]-",
                "F2P/",
                "9>>!",
                "98<#I",
                "p||B",
                "Oiq:=w",
                "IDAT",
                "c`<)8<",
                "|\\-G",
                "VycO",
                "5*3Z+",
                ";#<k",
                "qpp@",
                "O~% ",
                "\\L^yq",
                "?<<e<.",
                "|_n^:",
                "%.[}",
                "2zM ",
                "L&t:m",
                "ONN8:",
                "78<8 M",
                "yOEI",
                "0nkk",
                "XsEV",
                "4\\dI",
                "qvvF",
                "z=^x",
                "oq||l",
                "d\"'P",
                "5U7n",
                "S^PF",
                "qO|?",
                "loosr|",
                ">GG6,h",
                "+?K\\D",
                "FEN']J",
                "\\I&YI",
                "&y7R",
                "}O1L2y",
                "T*qpp",
                "'O1L",
                "q9Za",
                "BI.D",
                "|R1(",
                "jL6p",
                "888P$",
                "?\\Jy=",
                "&.i>3Rrk",
                "NYe?",
                "T+%*",
                "K@n& Gs",
                ";\"Lb",
                "#...",
                "L&S.G3V+",
                "T*q||",
                ".v<K",
                "W@^Wb",
                "LL@E",
                "s||L",
                "\\.'9",
                "-(0p",
                "uEl e",
                "qy9c",
                "Krp=",
                "$;0>",
                "|p.Z",
                "Z\"Pt<=F",
                "ZyMi$",
                "oqtxD",
                "S.G$P",
                "5~ZW",
                "9u]{",
                "|&Q(",
                "z=NNN",
                "ZS.I",
                "N2@}",
                "|//.",
                "O^Yg",
                "j$A?",
                "]NNN",
                "HFYA",
                ">nSH",
                "DmSD",
                "cNOO)",
                "v:;O",
                "4M|?",
                "$3Pcr",
                "9\"0T]",
                "@|/R",
                "L&L&SF",
                "IxY7",
                "pr|J",
                "m3_,X-",
                "O5&/A",
                "Qj5#",
                "f5,7",
                ">e3}]",
                "!;/_",
                "sy>f",
                "3<UV",
                "osxx",
                "#v[;",
                "l6i6",
                ",Og{f$;(",
                "G8;'",
                "SNOO",
                "Q\\`:a",
                "$<2&",
                "\\l*|",
                "2GGG",
                "F#./.",
                "-;|4>",
                "T(Wj",
                "b0<P",
                "Wn/j",
                "ahj`",
                "x<f<",
                "O88<",
                "s\\]r",
                "F-m~",
                "4[Mnw:",
                ";*@('",
                "JBN&",
                "Y,8il9m",
                "`GGG",
                "l6c|y",
                "L8;;",
                "/-9i",
                "|^9&3",
                "r?[R",
                "DM:\"",
                "JbN&",
                "l:f1",
                "q}v{*",
                "?8f0",
                "*1Rv.",
                "URtB",
                "qrR^m",
                "A4hG",
                "P*Ec:z",
                "d<f1",
                "!'''*N",
                "2NXe",
                "L&\\\\\\pvv",
                ";8dpp",
                "t6e>",
                "WDIT",
                "ZTc2",
                ";<b0<PA)",
                "oS$s%",
                "AI8T",
                "LhTpE",
                "gA4{",
                "tsqq",
                "UkBB",
                "L#Zk`",
                "uU~C",
                "^HK/",
                "Qe`n",
                "[|?Z",
                "wy>i",
                "X.X-Wl",
                "PMQ-",
                "~,_R",
                "`';V%r",
                "^-UW",
                "E]!H",
                "h_#!",
                "[NYt",
                "6qVdd",
                "R.+%!",
                "-YN'lWS<k",
                "X Z|",
                "{=zq",
                "b1g5",
                "p2UW",
                "n7l6[",
                "*@n#9n",
                "aF]z",
                "Gr?>G",
                "w\"TD ",
                "rBU ",
                "j@Y|",
                " 9Ai",
                "]cmVx",
                "@4MSu",
                "]jqD_",
                "PTte A.",
                "W|'G",
                "T)Wk4Z",
                "% |i",
                "P@7r",
                "#0KP*",
                "IDATW",
                "}7Z;0",
                "9UPH",
                "!zUWD",
                ",}N)",
                "Lw$n@",
                "^ey1",
                "RUE$",
                "}z]|",
                "'Q|s",
                "++;2",
                "IEND",
                "VS_VERSION_INFO",
                "StringFileInfo",
                "000004b0",
                "CompanyName",
                "CheatHappens",
                "ProductName",
                "ProductVersion",
                "15184",
                "FileVersion",
                "1.0010",
                "VarFileInfo",
                "Translation"
            ]
        }
    ]
}