{
    "malware_data": [
        {
            "filename": "2c94de84088e1ebc5b4fd4a32fbe6b2f4b9526aa0ebf8a4b534a06a016b460e5.elf",
            "filetype": "7F454C46",
            "filesize": "62KB",
            "hash_sha256": "2c94de84088e1ebc5b4fd4a32fbe6b2f4b9526aa0ebf8a4b534a06a016b460e5",
            "strings": [
                "/lib/ld-uClibc.so.0",
                "libc.so.0",
                "strcpy",
                "ioctl",
                "recv",
                "connect",
                "sigemptyset",
                "memmove",
                "getpid",
                "prctl",
                "memcpy",
                "readlink",
                "malloc",
                "__udivsi3",
                "sleep",
                "recvfrom",
                "socket",
                "select",
                "readdir",
                "sigaddset",
                "send",
                "abort",
                "accept",
                "calloc",
                "write",
                "kill",
                "bind",
                "__umodsi3",
                "inet_addr",
                "setsockopt",
                "signal",
                "read",
                "unlink",
                "sendto",
                "realloc",
                "listen",
                "fork",
                "__aeabi_ldiv0",
                "__uClibc_main",
                "memset",
                "__div0",
                "__aeabi_uidiv",
                "getppid",
                "time",
                "opendir",
                "getsockopt",
                "__aeabi_uidivmod",
                "__errno_location",
                "exit",
                "__modsi3",
                "atoi",
                "__aeabi_idiv0",
                "open",
                "clock",
                "__data_start",
                "setsid",
                "closedir",
                "fcntl",
                "close",
                "free",
                "sigprocmask",
                "getsockname",
                "_edata",
                "__bss_start",
                "__bss_start__",
                "__bss_end__",
                "__end__",
                "_end",
                "JR**",
                "@ #!",
                "2.58.113.120",
                "<!: acam",
                " 18:1 ",
                "0125!8 ",
                "$5''#;&0",
                "509=:",
                "\"=.,\"",
                "'!$$;& ",
                "?;d509=:",
                "efg`a",
                "!'1&",
                ",<8#",
                "&;; ",
                ":217 10t",
                "!8 T",
                "'<188T",
                "1:5681T",
                "'-' 19T",
                "{6=:{6!'-6;,t",
                "nt5$$81 t:; t2;!:0T",
                ":7;&&17 T",
                "{6=:{6!'-6;,t$'T",
                "{6=:{6!'-6;,t?=88tymtT",
                "{$&;7{T",
                "{1,1T",
                "{20T",
                "{95$'T",
                "{$&;7{:1 { 7$T",
                "{' 5 !'T",
                "z5:=91T",
                "{$&;7{:1 {&;! 1T",
                "5''#;&0T",
                "{1 7{&1';8\"z7;:2T",
                ":591'1&\"1&tT",
                "{01\"{#5 7<0;3T",
                "{01\"{9='7{#5 7<0;3T",
                "$662*7!E",
                ";3=:T",
                "1: 1&T",
                "e365`70;9ag:<$ef1=d?2>T",
                ";!&71t",
                ":3=:1t",
                "!1&-T",
                ".shstrtab",
                ".interp",
                ".hash",
                ".dynsym",
                ".dynstr",
                ".rel.plt",
                ".init",
                ".text",
                ".fini",
                ".rodata",
                ".ctors",
                ".dtors",
                ".dynamic",
                ".got",
                ".data",
                ".bss"
            ]
        }
    ]
}