{
    "malware_data": [
        {
            "filename": "2d05f675e7c06601137fb08a475d8f0483847a3ec9b296952c7045fc1b6be689.exe",
            "filetype": "4D5A9000",
            "filesize": "204KB",
            "hash_sha256": "2d05f675e7c06601137fb08a475d8f0483847a3ec9b296952c7045fc1b6be689",
            "strings": [
                "!This program cannot be run in DOS mode.",
                "RichlY",
                ".text",
                "`.rdata",
                "@.data",
                ".tls",
                ".suzeme",
                ".mom",
                ".rsrc",
                "%PpB",
                "% pB",
                "%$pB",
                "%(pB",
                "%,pB",
                "%0pB",
                "%4pB",
                "%8pB",
                "%<pB",
                "%@pB",
                "%DpB",
                "%HpB",
                "%LpB",
                "%TpB",
                "%XpB",
                "%\\pB",
                "%`pB",
                "%dpB",
                "%hpB",
                "%lpB",
                "%ppB",
                "%tpB",
                "%xpB",
                "%|pB",
                "h,rB",
                "hDrB",
                "tG9}",
                "0WWWWW",
                "VVVVV",
                "_^[]",
                "=tWC",
                "5HIC",
                "X_^]",
                "hcoB",
                "YQPVh",
                "QQSVWd",
                "QSVW",
                "Y__^[",
                "=pFC",
                "=$VC",
                "5DIC",
                "PPPPP",
                "0SSSSS",
                ";5dWC",
                "=HIC",
                "uWS3",
                "5`WC",
                "%HIC",
                "95HIC",
                "%\\WC",
                "ueSj",
                "=pWC",
                "5\\WC",
                "@_^[",
                "=\\WC",
                "j?Y;",
                "=dWC",
                " VW}",
                "j?^;",
                "9csm",
                "WWWWW",
                "uaVj",
                "uL9= PC",
                "QQQQQ",
                "t&:a",
                "5HWC",
                "5DWC",
                "8csm",
                "=PWC",
                "hPWC",
                "=TWC",
                "hTWC",
                "<v8V",
                "h`xB",
                "S99t",
                ">=Yt1j",
                "tPVWP",
                "Y[_^",
                "j\"@@",
                "@@Bf",
                "8\"u8",
                "j\\Yf",
                "t$9U",
                "QQSVWh",
                "@@f9",
                "j@j ^V",
                "5,VC",
                "[j@j ",
                "9=,VC",
                "=,VC",
                "5@VC",
                "hDyB",
                "hpyB",
                "t$hDyB",
                "%,qB",
                "%4qB",
                "@_^]",
                "=MOC",
                "=csm",
                ">csm",
                "98uu",
                "98u[",
                "~SSV",
                "~@;H",
                "taSV",
                "YYPV",
                "t)SV",
                "Hu4j",
                "I=csm",
                ">MOC",
                "s[S;7|G;w",
                "9>u&",
                "tR99u2",
                "r,9Y",
                "@_^[]",
                "%(VC",
                "oV f",
                "o^0f",
                "of@f",
                "onPf",
                "ov`f",
                "o~pf",
                ";5(PC",
                "u,9E",
                "URPQQh8}@",
                "L$,3",
                "UVWS",
                "[_^]",
                "SVWj",
                "Y_^[",
                "QufA",
                "HHt*HHt",
                "t=HHt",
                "!<9u",
                "5XPC",
                "%TPC",
                "%XPC",
                "7_^]",
                "tBHj",
                "tK<_t<<$t8<<t4<>t0<-t,<a|",
                "<z~$<A|",
                "t;BA",
                "=LPC",
                "9=LPC",
                "5LPC",
                "<0|O<9",
                "tU<A|B<P",
                "WQ8E",
                "tY<@tO<Zt",
                "tA<Zu",
                "v,j,",
                "t5j]",
                "t\\<@tXj'",
                "8@u\"",
                "<@uq",
                "<_u`",
                "PWje",
                "YPWh",
                "Yt*j",
                "Du h",
                "Ft,Nt",
                "NtFNt#NuV",
                "8Xu2@",
                "YtNj",
                "kt@;",
                "8?u(",
                "5@PC",
                "=DPC",
                "j@hLPC",
                "t.<@t5V",
                "TtUHtKHtAHt",
                "HuSh",
                "8?u'@",
                "0t-HHt",
                "lSVW3",
                "@99t",
                "5\\PC",
                "uUj,",
                "u-j,",
                "t?9U",
                "%\\PC",
                "u#8H",
                "=dPC",
                "tfHH",
                "8_uF",
                "dj@hLPC",
                "<@t=j",
                "t*j)",
                "YYj)",
                "`<`t",
                "<$u.",
                "uI9u",
                "98tI",
                "99t)P",
                "j PQ",
                ":?uO",
                "<@u$",
                ".<$u ",
                "5PPC",
                "<_uN",
                "=,PC",
                "5<PC",
                "54PC",
                "58PC",
                "$SVW",
                "CtMj",
                "t.Ht",
                "AtIHt0Hu",
                "9~\\u'",
                "t#Hu",
                "j hh",
                "t+Ht",
                "_VVVVV",
                "=LpB",
                "QWVP",
                "SSSSS",
                ",0GG",
                "SVW3",
                "AAFFf;",
                "Y_^[]",
                "5$qB",
                "50qB",
                "Wj6Y",
                "Fpt\"",
                "^_[]",
                "<.u4",
                "PVj@",
                "_trP",
                ",uRP",
                "=0qB",
                "^H_[",
                ">CuW",
                "uQh ",
                "@PVW",
                "vSSSh",
                "VWw$",
                "0A@@Ju",
                "=$qB",
                "=LWC",
                "SVWUj",
                "]_^[",
                ";t$,v-",
                "UQPXY]Y[",
                "wIVSP",
                "9= PC",
                "FVSj",
                "N+D$",
                "u,VVWV",
                "u#9u",
                "t VV9u",
                "Pj1Q3",
                "F Pj*",
                "F$Pj+",
                "F(Pj,",
                "F,Pj-",
                "F0Pj.",
                "F4Pj/",
                "F8PjD",
                "F<PjE",
                "F@PjF",
                "FDPjG",
                "FHPjH",
                "FLPjI",
                "FPPjJ",
                "FTPjK",
                "FXPjL",
                "F\\PjM",
                "F`PjN",
                "FdPjO",
                "FhPj8",
                "FlPj9",
                "FpPj:",
                "FtPj;",
                "FxPj<",
                "F|Pj=",
                "{>Vj",
                "v$;5",
                "C PjPV",
                "C$PjQV",
                "C(Pj",
                "C)Pj",
                "C*PjTV",
                "C+PjUV",
                "C,PjVV",
                "C-PjWV",
                "C.PjRV",
                "C/PjSV",
                "~-8]",
                "@@8X",
                "QW@Ph",
                "W@Ph",
                "~S8]",
                "_^[t",
                ".;1s(N",
                "tIHt$",
                "HHt4HHt",
                "Ht\\Ht,",
                "SV9}",
                "98tl",
                "PSVj",
                "teHtFHt&Hu",
                "<'tE",
                "ty<%tA",
                "twF3",
                "tBF9]",
                "u 9]",
                "PPPPPPPP",
                "|FVW",
                "tNhL",
                "t=hH",
                ",aB<",
                "u49^",
                "@hc+A",
                "ho,A",
                "hA.A",
                "Vj@hp",
                "=lqB",
                "u%hP",
                "j@Sh",
                "t,j@",
                "C@Ph",
                "Sj Z",
                "0;1t|",
                "9] SS",
                "tR:Q",
                "t<:Q",
                "t&:Q",
                "u8SS3",
                "= QC",
                "9] u",
                "9]$SS",
                "t)9]",
                "t\"SS9]",
                "u+9u",
                "u>9u",
                "t:9]",
                "^SSSSS",
                "t!PV",
                "h(QC",
                "PSj?",
                "0Wh,QC",
                "=pqB",
                ">:u8FV",
                "jd_Fj",
                "Pf95",
                "PVVRV",
                "Pf95lQC",
                "VVVVVQRSSj",
                "u09u",
                "VW9]",
                "u99u",
                "5XqB",
                "WWWWV",
                "t<Vj",
                "t+WWVPV",
                "=@WC",
                "<8=u",
                "t*;E",
                "QVW3",
                "^WWWWW",
                "t.;E",
                "8VVVVV",
                "Af#E",
                "QQSV3",
                "VVVVj",
                "tCVV",
                "@A;E",
                "t{~Bj",
                "t1SW",
                "tSj=V",
                "u`9]",
                "Y|R9",
                "?sjj",
                "@Y@P",
                "t\\VV",
                "@Y@PW",
                "^_[3",
                "% qB",
                "%$qB",
                "%(qB",
                "%0qB",
                "%8qB",
                "%<qB",
                "%@qB",
                "%DqB",
                "%HqB",
                "%LqB",
                "%PqB",
                "%TqB",
                "%XqB",
                "%\\qB",
                "%`qB",
                "%dqB",
                "%hqB",
                "%lqB",
                "%pqB",
                "%tqB",
                "%xqB",
                "%|qB",
                "]-Hf",
                "MfCHa",
                "\\CV$",
                "&R|E\\",
                "7_.QQJ&",
                "8?g}",
                "u:6G",
                "h/:j(",
                ",0l;f",
                "c{$=",
                "]=,a",
                "e$)t",
                "^,`X",
                "Gn]i|",
                "iqkzT",
                "8V~mvP",
                "G):CY+",
                ":>>;6F",
                "z:fa",
                "!\"&D",
                "L`Ur",
                "k%~Q",
                "'%<w",
                "_}b@",
                "#xT-",
                "P)k9z",
                "%<;s",
                "0R(!u",
                "Hg)-",
                "\",-u",
                "1-y1",
                "@OK+",
                "E7%X",
                "uVsp",
                "\"7)tO",
                "ti^\"",
                ";mZs",
                "Wru@$<r2O",
                "e3$7]",
                "9ZD=",
                "H^Q{",
                "] H'%x",
                "\"#Qj",
                "iHTd",
                "kAje$",
                "te.xjW",
                "[qc:w",
                "}>#F",
                "PK>*",
                "m[:O",
                "ix\"3",
                "J%cm",
                "t/QA",
                "^N.G",
                "QwQk",
                "B|x ",
                "QCVKb-",
                "[.M>",
                "uZ \"",
                "<iHaf",
                "RWw)@",
                "7x4A",
                "zZ[7",
                ")9y({",
                "]JG^",
                "fmma",
                "[7\\,",
                ";*\"v_",
                "Nb8rFg",
                "]cbh",
                "xLpV",
                ")44p,",
                "\"J!^",
                "\\O8`",
                "n5Gz",
                "G/k@",
                "1i\\j",
                "KDsm",
                "\"p#-",
                "\\tw{b",
                "!/)C-]",
                "1Hc2",
                "I' O%Y",
                "67jw",
                "?1%)",
                "tf6;",
                ";W_)S",
                "fUTdY",
                "xbp#",
                "LxXv",
                "f;d!",
                "LPOPr?M",
                "{;'\\",
                "~23K",
                "k_6]",
                "+tQE",
                "%)4^",
                "$-%I",
                "2nfH",
                "JJLk",
                "i4lb<l",
                "2h%O",
                ".)Or",
                "PFt&*",
                "om6sE",
                ",yM@",
                "Z7[s!",
                "N<Z)",
                "ohg,",
                ".@~X",
                "UR%!!",
                "Xu1j",
                "^5>K",
                "D2gM",
                ".TxR",
                " OY6",
                "ps;=f8;",
                "=}MoM#",
                "OqCJ]",
                "f:hi",
                "^v6P1",
                "f-$%6",
                "wsbK",
                "yYT2C",
                "#iTX{",
                "s'Y6",
                "SbjP",
                "I19>'",
                "{I2&",
                "@1YYu}",
                "nv_-",
                "IqQm",
                "A=:O",
                "CNK\"",
                "d(<Tf",
                "7u\\5",
                "vDVB",
                ")ECj",
                "N\"T]wAL",
                "C3CN",
                "0fRf",
                "sVUuo",
                "fWs f7",
                "SWo6M,",
                ",:*;6",
                "@^nf>",
                "1dD(!",
                ")/-m",
                "|11Kb",
                "+rrk",
                "1+9M",
                " +Bq",
                "|)g1",
                "wyhH",
                "/(CSu",
                ".1oU",
                "YA\\m",
                "%7 qR",
                "YOkz",
                "Ex_?",
                "epPi",
                " uY5L",
                "UV#j9r",
                "hzL{",
                "(Yl1y",
                "^\\K7",
                "W-R&)1O",
                " %#BDt",
                "$QRZ",
                "4}3=",
                "2F'/",
                "e>Qb",
                ">$v&",
                "jH-0",
                "NI%H",
                "07`s",
                "{9]m",
                "!8bU",
                "v0}Hga",
                "QKcTm",
                "x-zX",
                "Fc6VZ",
                "b,PT",
                "A=:A",
                "ZsPX<",
                "7g&i",
                "<gC}",
                ":<E:",
                "^YG<",
                "xp^@",
                "w75=",
                "|XgE",
                "trW*{",
                ")R2g",
                "86qEms'",
                ";&Mu",
                "'~6|",
                "=6bu",
                "Y<0 ",
                "gJqh",
                "9?B%",
                "^-D}",
                "~6G|",
                "G~+T",
                "|$ke",
                "F~Y2",
                "o3=Z",
                "M Bk",
                "#$W/",
                "X&t^^",
                "i!foJ",
                "vM+-",
                "8iV~",
                "]ZG&/a",
                "dJwb",
                "=]a@*",
                "\"7U1",
                ")1Awe?",
                "@NOsG",
                "a/f.",
                "A;d'H(a#",
                "5:<8~",
                "_n}(",
                "u@Zn",
                "`&MS~",
                "XCda:",
                "4s;L",
                "~u%T",
                "; Sx^",
                "S7p7",
                "{wpRi",
                "P@(I4",
                "_VbP",
                "JM}E",
                "4dTk",
                "([Wl",
                "pAwD{",
                "(YrG",
                "f+2X",
                "htC95",
                "E0(p",
                "+%tj",
                "!7_%",
                "/I2d",
                "+b$`",
                "o-XJ`",
                "5lo0",
                "w>%^r\\#",
                "Pk1^.d",
                "6\\rd",
                "2L|2",
                "Pk&l",
                "T`E3p",
                "b|PF",
                "AZQuwM@",
                "+kkPX7 ",
                "^grW)#!",
                "AzM1x1",
                "Q3\"}",
                "yws<",
                "+w_S$",
                "@<,1",
                "J)=V",
                "^oeqr",
                "yW4>",
                "1g\\V[q}T",
                "7kW1",
                "\\&j@",
                "1iPo",
                "4$q4",
                "MU3@k",
                "[&:vp#Y8",
                "thC>s",
                ":O0&n\\",
                "N&lvO0>1",
                "8m`pzP",
                "UokeCb",
                "$Eiq",
                "4(vz8",
                "a d'l",
                "r3;dg",
                "OcvV",
                ")(Ec",
                ">R&:",
                "keQV",
                ";5{`",
                "v&j8",
                "4x(x",
                "EH#]",
                "L(@d",
                "QjHh",
                "@hf:J",
                "`0-Z",
                "Z^+k",
                "7>T8",
                "<8Ct)",
                "}ddpc",
                "6nR&",
                "^Af~q",
                "=m-t",
                "k;r{",
                "H>dy",
                "=5FX:",
                "-6)*fB[",
                "`8{4",
                "/kn$",
                "cb!+:Ac",
                "'uUf",
                "\"X} Y",
                "`wiO",
                "pFX;",
                "yosB",
                "T-bZ",
                "i\\csx6",
                "E7~d",
                "~'<f",
                "x67,",
                "G8%1c[7",
                "`x.,",
                "&2SV",
                "T!s\\]",
                "%>DT",
                "z`}a(",
                "a/0Z",
                "^fE\"",
                "!7RY",
                "B;~y",
                "|0tY\\",
                "L(4Z]%",
                "LB]jhP",
                "GOS[",
                "DD| ",
                "J2:n",
                "*uOhmc$O",
                ",Ml9",
                "Y\"h~",
                "L,W\"lp",
                "}2oP",
                "@kx{x&",
                "u+ii",
                "D|l6",
                "gH_dGKx",
                "~YQu",
                "F:q;",
                "f1e;+",
                "\"%No",
                "U<fy",
                "f&d2@ve",
                "mewt",
                "i'Ji",
                "$^B^g",
                "s>^a",
                "ub\"tu",
                "IzRR",
                "DOIX",
                "nz5`",
                "\"Zya",
                "hEYt",
                "S\\'<",
                "m7B7",
                "*;!wRS'YDt",
                "Ul=i",
                "dxZ):",
                "G!u(2w",
                "<tzK",
                "5nQ=",
                "]]Xmd",
                "CQU%",
                "<2Ii",
                "72%{",
                "h,=v",
                "@og$",
                "-~12C",
                ">j^-",
                "&h7p",
                "Ck}qh",
                "W0J9",
                "@Sjb+",
                "Ur46",
                "R-PW",
                "J1=to'",
                "w#!5M3",
                "J][#^",
                "`$bA",
                "W7*P",
                "6f3_&",
                "MwSi",
                "4u*V",
                "/sZB",
                "l*D.,",
                "v^N<+Z~",
                "6(Dk",
                "s13,",
                "I4K-4",
                "RI'a",
                "8O41",
                "kWMxX-",
                "f06_",
                ":z#(F",
                "^<%t",
                "w3Lj",
                "=@TD",
                "6{+H~",
                "QLD>",
                "$Ej#a",
                "TIA81",
                "zz76",
                "-oiD",
                "Q,&;",
                "wF2t",
                "A;R;",
                "/]eo7",
                "~.Ty",
                "3BPgt,",
                "x0hM",
                "\"W33",
                "MzS]I3eQ",
                "s%*[t",
                "Y%m&",
                "0y#u",
                "k`m,",
                "f`\"9[Q",
                "j6LiK7",
                "7g1,9u",
                ".vo}",
                ",}puT",
                "=P$Q",
                "IEi+",
                "e]I/g",
                "9ju%",
                "1sW/",
                "EuhA",
                "G-dk",
                "@7w1Q",
                "0l?[a",
                "8MVV",
                "HeP\\",
                "h$iv",
                "d?rj",
                "ts(!",
                "Xd#U",
                " L19",
                "|9Fx",
                "fo4yO",
                "&;%e",
                "PhF?U",
                "88*h",
                "&pu8",
                "pz>k",
                "zJs=",
                "sXKD",
                "UbOL^",
                "%t0x",
                "T\"Ug",
                "_&Tw",
                "&__u",
                "z[19",
                ":*m'I",
                "9r45",
                "q|}6",
                "ahS{",
                "7G]w",
                "}kOe6",
                "p(w?8a^",
                "Ix:>b",
                "#%+\"",
                "H}fI",
                "Ms B2",
                "\\S0~",
                "p;/w",
                "\"|Kt",
                "$K|{",
                "! .=",
                "#I1W",
                "S>Pq",
                "`\"mNw",
                "O*F*",
                "%^mQo",
                "'qKe>",
                "Di=x<O",
                "#(X[",
                "\"{J(",
                "iO?75",
                "Ug-x",
                "mzxj",
                "&e^\";",
                "h'VB",
                "T=Q+",
                "p06y",
                "L(qVWd ",
                "[n.b",
                "U9)*",
                "iiH9",
                "m~]m",
                "A|B!",
                "gy6vx",
                "h'A=",
                ">29C21,",
                "{LW{",
                ";Xg|I",
                "s:^k[^",
                "QXWSN",
                "PGTO",
                ":s<<5",
                ".&IBi",
                "![*-",
                "8la1",
                "CSvo",
                "_sJT[",
                "Kt$'",
                "AgY5",
                "z!Ey(vH",
                "H?,a#[q",
                "^n<o",
                "tFHI",
                "+RYg",
                "j-_|l",
                "mKC]",
                "W8*b(*j",
                "m\"o<+q",
                "jy_S",
                "^%*Y,",
                "]d6.",
                "Yx_$",
                "di{4",
                "%$Me57",
                "K7w>",
                "MUU>o",
                ".y6&!",
                "S34W",
                "^1d6I",
                "\"-#fh#",
                "zz#N}",
                ";m,$<",
                "GcpU",
                "`p)N]",
                "3imEB",
                "2_eA",
                ".Dq3Z",
                "Ykn/T",
                "Z4whQf=",
                "`#7F",
                "+)Se",
                "T+k$@d",
                "J?Gi",
                "oeh |",
                "}[fE6",
                "4_)+=",
                "\"K'0",
                "Cn7!",
                "]O`Qgz",
                "(]a$c",
                "EyUcz",
                "Qp%y",
                "hAA4",
                "2r0*",
                "71z*",
                "K(_gJ",
                "@_n[=",
                ".89D",
                "sE:b",
                "o}53",
                ";S1q.W(",
                "SqIBU",
                "(Nt)",
                "Cy1Z&",
                "?[=/L",
                "s4-P",
                "TA$l",
                "x9QO>",
                "QH5m",
                " j!P",
                ";`?Lm",
                "IGZN",
                "GSeU",
                "HFr?.",
                ")02\"",
                "E/;Ud",
                "UC^k",
                "i.QB",
                "xTQr",
                "4#rW",
                "'D*=o",
                "q?:R~$L-",
                ";O_.",
                ",V'n",
                "nfgS+I",
                "Y`iJS",
                "+^fK",
                "b}]\".7",
                "%b!$",
                "8wNJ",
                "U~No",
                "\\h[_P",
                "B}>wYJl",
                "2&tT1",
                "W^;(",
                "{ /D",
                "[*d$Ke",
                "+-b<",
                "\"H!2%Bz",
                "Oa[<",
                "^_#C",
                "BXNz",
                ">$Kg",
                "q[;?b=;",
                ";`!|",
                "bd?u=",
                "b:EU",
                "l8jb",
                "}?C8| /",
                "eA%9",
                ":x9~H",
                "UM;7m",
                "Y@+4",
                "% \\F",
                "FW0;",
                "FzTQ1",
                "Uqk#",
                "lIs2",
                "7`OH",
                "J`<%;",
                "U99x",
                "EPnP",
                "O8##",
                "dFfX",
                "R'._",
                "v;^:",
                "jkXjef",
                "Xjrf",
                "Xjnf",
                "Xjef",
                "Xjlf",
                "Xj3f",
                "Xj2f",
                "Xj.f",
                "Xjdf",
                "EpPj@",
                "PWWWW",
                "/Yu\\V3",
                "PVVV",
                "VVVVVVVV",
                "^6}F",
                "|ucj",
                "string too long",
                "invalid string position",
                "invalid string argument",
                "Unknown exception",
                "CorExitProcess",
                "runtime error ",
                "TLOSS error",
                "SING error",
                "DOMAIN error",
                "R6034",
                "An application has made an attempt to load the C runtime library incorrectly.",
                "Please contact the application's support team for more information.",
                "R6033",
                "- Attempt to use MSIL code from this assembly during native code initialization",
                "This indicates a bug in your application. It is most likely the result of calling an MSIL-compiled (/clr) function from a native constructor or from DllMain.",
                "R6032",
                "- not enough space for locale information",
                "R6031",
                "- Attempt to initialize the CRT more than once.",
                "This indicates a bug in your application.",
                "R6030",
                "- CRT not initialized",
                "R6028",
                "- unable to initialize heap",
                "R6027",
                "- not enough space for lowio initialization",
                "R6026",
                "- not enough space for stdio initialization",
                "R6025",
                "- pure virtual function call",
                "R6024",
                "- not enough space for _onexit/atexit table",
                "R6019",
                "- unable to open console device",
                "R6018",
                "- unexpected heap error",
                "R6017",
                "- unexpected multithread lock error",
                "R6016",
                "- not enough space for thread data",
                "This application has requested the Runtime to terminate it in an unusual way.",
                "R6009",
                "- not enough space for environment",
                "R6008",
                "- not enough space for arguments",
                "R6002",
                "- floating point support not loaded",
                "Microsoft Visual C++ Runtime Library",
                "<program name unknown>",
                "Runtime Error!",
                "Program: ",
                "EncodePointer",
                "DecodePointer",
                "FlsFree",
                "FlsSetValue",
                "FlsGetValue",
                "FlsAlloc",
                "bad exception",
                " Complete Object Locator'",
                " Class Hierarchy Descriptor'",
                " Base Class Array'",
                " Base Class Descriptor at (",
                " Type Descriptor'",
                "`local static thread guard'",
                "`managed vector copy constructor iterator'",
                "`vector vbase copy constructor iterator'",
                "`vector copy constructor iterator'",
                "`dynamic atexit destructor for '",
                "`dynamic initializer for '",
                "`eh vector vbase copy constructor iterator'",
                "`eh vector copy constructor iterator'",
                "`managed vector destructor iterator'",
                "`managed vector constructor iterator'",
                "`placement delete[] closure'",
                "`placement delete closure'",
                "`omni callsig'",
                " delete[]",
                " new[]",
                "`local vftable constructor closure'",
                "`local vftable'",
                "`RTTI",
                "`udt returning'",
                "`copy constructor closure'",
                "`eh vector vbase constructor iterator'",
                "`eh vector destructor iterator'",
                "`eh vector constructor iterator'",
                "`virtual displacement map'",
                "`vector vbase constructor iterator'",
                "`vector destructor iterator'",
                "`vector constructor iterator'",
                "`scalar deleting destructor'",
                "`default constructor closure'",
                "`vector deleting destructor'",
                "`vbase destructor'",
                "`string'",
                "`local static guard'",
                "`typeof'",
                "`vcall'",
                "`vbtable'",
                "`vftable'",
                "operator",
                " delete",
                " new",
                "__unaligned",
                "__restrict",
                "__ptr64",
                "__clrcall",
                "__fastcall",
                "__thiscall",
                "__stdcall",
                "__pascal",
                "__cdecl",
                "__based(",
                " ?? ",
                "{flat}",
                "{for ",
                "`non-type-template-parameter",
                "unsigned ",
                "long ",
                "int ",
                "short ",
                "char ",
                "void",
                "<ellipsis>",
                ",<ellipsis>",
                ",...",
                " throw(",
                "`template-parameter",
                "NULL",
                "cli::pin_ptr<",
                "cli::array<",
                "void ",
                "`anonymous namespace'",
                "generic-type-",
                "template-parameter-",
                "`unknown ecsu'",
                "union ",
                "struct ",
                "class ",
                "enum ",
                "coclass ",
                "cointerface ",
                "extern \"C\" ",
                "[thunk]:",
                "public: ",
                "protected: ",
                "private: ",
                "virtual ",
                "static ",
                "`template static data member destructor helper'",
                "`template static data member constructor helper'",
                "`local static destructor helper'",
                "`adjustor{",
                "`vtordisp{",
                "`vtordispex{",
                "const ",
                "volatile ",
                "CV: ",
                "volatile",
                " volatile",
                "const",
                "signed ",
                "double",
                "UNKNOWN",
                "__int128",
                "bool",
                "wchar_t",
                "__int64",
                "__int16",
                "__int32",
                "__int8",
                "__w64 ",
                "float",
                "long",
                "short",
                "char",
                "SystemFunction036",
                "ADVAPI32.DLL",
                "GetProcessWindowStation",
                "GetUserObjectInformationA",
                "GetLastActivePopup",
                "GetActiveWindow",
                "MessageBoxA",
                "USER32.DLL",
                "LC_TIME",
                "LC_NUMERIC",
                "LC_MONETARY",
                "LC_CTYPE",
                "LC_COLLATE",
                "LC_ALL",
                " !\"#$%&'()*+,-./0123456789:;<=>?@ABCDEFGHIJKLMNOPQRSTUVWXYZ[\\]^_`abcdefghijklmnopqrstuvwxyz{|}~",
                " !\"#$%&'()*+,-./0123456789:;<=>?@abcdefghijklmnopqrstuvwxyz[\\]^_`abcdefghijklmnopqrstuvwxyz{|}~",
                " !\"#$%&'()*+,-./0123456789:;<=>?@ABCDEFGHIJKLMNOPQRSTUVWXYZ[\\]^_`ABCDEFGHIJKLMNOPQRSTUVWXYZ{|}~",
                "HH:mm:ss",
                "dddd, MMMM dd, yyyy",
                "MM/dd/yy",
                "December",
                "November",
                "October",
                "September",
                "August",
                "July",
                "June",
                "April",
                "March",
                "February",
                "January",
                "Saturday",
                "Friday",
                "Thursday",
                "Wednesday",
                "Tuesday",
                "Monday",
                "Sunday",
                "am/pm",
                "united-states",
                "united-kingdom",
                "trinidad & tobago",
                "south-korea",
                "south-africa",
                "south korea",
                "south africa",
                "slovak",
                "puerto-rico",
                "pr-china",
                "pr china",
                "new-zealand",
                "hong-kong",
                "holland",
                "great britain",
                "england",
                "czech",
                "china",
                "britain",
                "america",
                "swiss",
                "swedish-finland",
                "spanish-venezuela",
                "spanish-uruguay",
                "spanish-puerto rico",
                "spanish-peru",
                "spanish-paraguay",
                "spanish-panama",
                "spanish-nicaragua",
                "spanish-modern",
                "spanish-mexican",
                "spanish-honduras",
                "spanish-guatemala",
                "spanish-el salvador",
                "spanish-ecuador",
                "spanish-dominican republic",
                "spanish-costa rica",
                "spanish-colombia",
                "spanish-chile",
                "spanish-bolivia",
                "spanish-argentina",
                "portuguese-brazilian",
                "norwegian-nynorsk",
                "norwegian-bokmal",
                "norwegian",
                "italian-swiss",
                "irish-english",
                "german-swiss",
                "german-luxembourg",
                "german-lichtenstein",
                "german-austrian",
                "french-swiss",
                "french-luxembourg",
                "french-canadian",
                "french-belgian",
                "english-usa",
                "english-us",
                "english-uk",
                "english-trinidad y tobago",
                "english-south africa",
                "english-nz",
                "english-jamaica",
                "english-ire",
                "english-caribbean",
                "english-can",
                "english-belize",
                "english-aus",
                "english-american",
                "dutch-belgian",
                "chinese-traditional",
                "chinese-singapore",
                "chinese-simplified",
                "chinese-hongkong",
                "chinese",
                "canadian",
                "belgian",
                "australian",
                "american-english",
                "american english",
                "american",
                "Norwegian-Nynorsk",
                "SunMonTueWedThuFriSat",
                "JanFebMarAprMayJunJulAugSepOctNovDec",
                "bad allocation",
                "wicadosuboreheroxecega",
                "canofepusofijinufuj vil jacuvopagaruvahobidorojofutove",
                "vector<T> too long",
                "TryEnterCriticalSection",
                "CopyFileExW",
                "FreeLibrary",
                "CreateJobObjectW",
                "HeapFree",
                "FreeEnvironmentStringsA",
                "GetModuleHandleW",
                "TlsSetValue",
                "GlobalAlloc",
                "IsProcessInJob",
                "WriteConsoleOutputA",
                "SetConsoleCP",
                "LeaveCriticalSection",
                "DnsHostnameToComputerNameW",
                "SetMessageWaitingIndicator",
                "SetTimeZoneInformation",
                "GetCompressedFileSizeA",
                "CompareStringW",
                "SetCurrentDirectoryA",
                "GetLastError",
                "GetLongPathNameA",
                "CreateNamedPipeA",
                "EnumDateFormatsExA",
                "OpenWaitableTimerA",
                "LoadLibraryA",
                "SetConsoleOutputCP",
                "VirtualLock",
                "AddAtomA",
                "CreateWaitableTimerW",
                "VirtualProtect",
                "QueryPerformanceFrequency",
                "LocalFree",
                "SetFileAttributesW",
                "LCMapStringW",
                "KERNEL32.dll",
                "GetProcessDefaultLayout",
                "USER32.dll",
                "EqualSid",
                "AbortSystemShutdownA",
                "ReadEventLogW",
                "ADVAPI32.dll",
                "GetStartupInfoW",
                "RaiseException",
                "RtlUnwind",
                "TerminateProcess",
                "GetCurrentProcess",
                "UnhandledExceptionFilter",
                "SetUnhandledExceptionFilter",
                "IsDebuggerPresent",
                "HeapAlloc",
                "HeapCreate",
                "HeapDestroy",
                "VirtualFree",
                "DeleteCriticalSection",
                "FatalAppExitA",
                "EnterCriticalSection",
                "VirtualAlloc",
                "HeapReAlloc",
                "Sleep",
                "GetProcAddress",
                "ExitProcess",
                "WriteFile",
                "GetStdHandle",
                "GetModuleFileNameA",
                "GetModuleFileNameW",
                "FreeEnvironmentStringsW",
                "GetEnvironmentStringsW",
                "GetCommandLineW",
                "SetHandleCount",
                "GetFileType",
                "GetStartupInfoA",
                "TlsGetValue",
                "TlsAlloc",
                "TlsFree",
                "InterlockedIncrement",
                "SetLastError",
                "GetCurrentThreadId",
                "InterlockedDecrement",
                "GetCurrentThread",
                "QueryPerformanceCounter",
                "GetTickCount",
                "GetCurrentProcessId",
                "GetSystemTimeAsFileTime",
                "InitializeCriticalSectionAndSpinCount",
                "HeapSize",
                "SetConsoleCtrlHandler",
                "InterlockedExchange",
                "GetCPInfo",
                "GetACP",
                "GetOEMCP",
                "IsValidCodePage",
                "GetLocaleInfoW",
                "GetLocaleInfoA",
                "WideCharToMultiByte",
                "GetTimeFormatA",
                "GetDateFormatA",
                "GetUserDefaultLCID",
                "EnumSystemLocalesA",
                "IsValidLocale",
                "GetStringTypeA",
                "MultiByteToWideChar",
                "GetStringTypeW",
                "LCMapStringA",
                "GetTimeZoneInformation",
                "CompareStringA",
                "SetEnvironmentVariableA",
                ".?AVinvalid_argument@std@@",
                ".?AVout_of_range@std@@",
                ".?AVbad_cast@std@@",
                ".?AVbad_typeid@std@@",
                ".?AV__non_rtti_object@std@@",
                ".?AVtype_info@@",
                ".?AVbad_exception@std@@",
                "                          ",
                "abcdefghijklmnopqrstuvwxyz",
                "ABCDEFGHIJKLMNOPQRSTUVWXYZ",
                "?,m;",
                ".?AVexception@std@@",
                ".?AVlogic_error@std@@",
                ".?AVlength_error@std@@",
                ".?AVbad_alloc@std@@",
                "jjjjj",
                "jjjj",
                "Bjjj",
                "Bjjjjjj",
                "mscoree.dll",
                "KERNEL32.DLL",
                "         (((((                  H",
                "         h((((                  H",
                "                                 H",
                "pagupinojatimofesizeyohaz",
                "varixoyayusifunibubusolahacifoza",
                "sakezuwejowawezuhawujagad",
                "cayucuxamukujowitusojujuni suyinovosiwohibipivetayodubemera nujenowelijexolecuwima lugos",
                "wisuroroyihibinejav",
                "HAHAHAHAHAHAHAHAHAHA"
            ]
        }
    ]
}