{
    "malware_data": [
        {
            "filename": "c1712b191d346860f71a7e2f0eee19aa3d7823e7c5c8502b0481b8e8146f55b5.elf",
            "filetype": "7F454C46",
            "filesize": "62KB",
            "hash_sha256": "c1712b191d346860f71a7e2f0eee19aa3d7823e7c5c8502b0481b8e8146f55b5",
            "strings": [
                "UPX!",
                "}a$F",
                "MC6Wf",
                "`Wi{",
                "VgPr",
                "eGa%",
                "=y !J",
                "bhh\"",
                "m<A^h",
                "2R{{I",
                "^g~!",
                "'HKW",
                "l9_B",
                "pS~sf",
                "yswe",
                "i]Zml",
                "_!NP6",
                "Kg*2",
                "htZ(",
                "%&j8",
                "ZOc5",
                "\\`8j",
                "NjHr",
                "5mX6",
                "N Nm",
                "eKfOvFe",
                "D91+",
                "@)If",
                "pNY`",
                "{[i/",
                "ZbEz_",
                "\"?2Q",
                "$o)5",
                "2'x5",
                "TPCu",
                ",4%([",
                "PLr0",
                "($P&B-",
                "cos-i",
                "i*2T",
                "O\"aM",
                "e&fq",
                "KG|/",
                "Q{LV;",
                "UVDQ",
                "wwoTii",
                " `Bggq",
                "0Eg{",
                "s%Ye",
                "OG!Pi",
                "rX_xe",
                "/z~?",
                "ObYP",
                "vo@e@`",
                "`)vr",
                "a3H?",
                "VNTW",
                "I?v~",
                ";I+Q",
                "1,0fE*",
                "Kp S2",
                "}Z==",
                "z\\8F",
                ";&l6",
                ";e0o",
                "'ojjbz",
                "s:E-w",
                "lsKWA",
                "(]-q",
                "SO'\"",
                "ph/&",
                "AMPj",
                ":0^Y",
                "Sx(#",
                "UDwj",
                "+i6C<mm",
                "hK2SpA",
                "n(pYc",
                ">_9}",
                "Qg$u",
                "<gg+",
                "8[hDT",
                "WKfMVZ",
                "!,O^y%",
                "a#`1",
                "|lO6~",
                "iRiB",
                "k%nI\\k;v",
                "o?2 ",
                "*NOL",
                "DL}A",
                "]:sc",
                "%5Ue",
                "3coC4",
                "zYoz0m",
                "=h,+",
                ":S^E",
                "BgMIv?3",
                "\\zQ ;",
                "+yKu",
                "05h3",
                "~}|Q<I",
                "Ed69",
                "za!]",
                "i&VG",
                "rSk ",
                "T%'x",
                "z9L*{",
                "F,&x&G",
                "0n0D",
                "o06.IR",
                "=y~._yA",
                "qipjz",
                "-E?av'",
                "bc@m`WH:",
                "nTo2",
                "Emo?\"$",
                "7<w*|P#",
                "u8Om",
                "i'#T",
                "o\"2#",
                ":$CS",
                "\"mJ[-`",
                "M7HR",
                "(2#7P",
                "}J't",
                "pqSxt",
                "b+D ",
                "<t-\\",
                "t`iM",
                "5nIY",
                "7~Gv",
                "i=i}",
                "`;V/",
                "Sdje",
                "zqe<W0V",
                "j,)W=",
                "P{0-+",
                ":5z9",
                ";+}d",
                ",q:G",
                "t0sY",
                "``P9f",
                ";Dh&",
                "X7E2",
                "!T@,sU",
                "}NZX",
                "ki^2",
                "TOcTC",
                "~!FO",
                "^v^/",
                "s3Le",
                "$Ni'",
                "q'Hm",
                "yZQ2",
                "J&BW",
                "\"Ey8Aa",
                "a|,s",
                "c)4O6",
                "tk,X",
                "99e[h",
                "mi(Z",
                ".}@W",
                "]+#&",
                "wk9;",
                "$fm/",
                "mp._r",
                "l_~Gw|",
                "(p5M",
                "=66No",
                "@8cF``",
                "EXeA;*O",
                "KiR9b",
                "*Px;T",
                "al)Sl",
                "B9c2",
                "&k$w",
                "A:>d)",
                "R69+g=Y",
                "LrZ0",
                "@W;}",
                "lOvC",
                "{yZ*",
                "8D\"El!{X",
                "q?bL}",
                "~}7I(",
                "|bQ9",
                "*\"(>",
                "_\"1cn5",
                "P{Ok",
                "U1p:g",
                "Kq]s",
                "\"Z 1",
                "TtJN",
                "`Td1b+",
                "R5H _",
                "!ewF",
                "g@oX`",
                "[p0a",
                "6RQam",
                "5zY3",
                "i{q\\UW*z",
                "aIclh",
                "AR\\]",
                "LzCV",
                "a-bZ",
                "'j^{",
                "Yzy]x",
                "nBu*9",
                "$%)0",
                "SC1\\_",
                "dAk8o",
                "azDG&j",
                "z>|;{",
                "D\\[8",
                "TB-S",
                "C$MIf",
                "W@dh",
                "\\|w<P:",
                "LCVT&m",
                "{dSP0*0",
                "g(JZ",
                "IwsE",
                "mx^I",
                "cA$;",
                "AJB27",
                ":!d;",
                "4ztV",
                "n5Xz",
                "So%WY0",
                "/DEd",
                "5Xy+n|t",
                "#Y&=",
                "7DsD",
                "Qb:X",
                "-ewY",
                "*&yh3",
                "II29X",
                "^u'}=-F",
                "B>N&",
                "vVlF",
                "XW|{5",
                "i'HVN",
                "f4?s",
                "I|U<",
                "JM9q",
                "Njt%",
                "r_kL",
                ":dga",
                "H-h\"o",
                "P,}q8",
                ";O1\"",
                "O5#$g",
                "kt^I",
                "] 69K",
                "S?DU",
                "+qy+",
                "afY%",
                " k!sJ",
                "yL?7<",
                "&\"3de",
                "gqjx",
                "\\S\",_~L",
                "2+k8",
                "vy.a#w",
                "Z@@\\",
                "=jMq",
                "h90|yIx!w",
                "|GR}",
                "W-GH ",
                "n@P`",
                "PC)=",
                "$CoV",
                "L!DNT",
                "06<myl",
                "9c4&",
                "$2)|)",
                "05Fs",
                "KN(O<",
                "XrmP",
                ">;.k",
                "W@U7M*",
                "xP2RdW",
                "v[zt",
                "S&>~{//6v",
                "h(K4",
                "# +?@>",
                ">oqV",
                "$Zb5>",
                "Vk#$",
                "j'R#U",
                "*:2Y",
                "bytF",
                "}E.\\",
                "{z0X",
                "ra\\U",
                "CL*$",
                "^XHB",
                "Cbh2B",
                "EeZ4C",
                "eOPi",
                "SC7g",
                "B`JV",
                ".'!\"SC",
                "YNCy",
                ")xTwM",
                "w*^0",
                "Pou7{",
                "7E~-8J",
                "0pvl",
                "NulyK",
                "\"/wP",
                "]&Xm,",
                "h<hA",
                "ss74",
                "+_\\w",
                "|$F+",
                "K[7h",
                "7YUg",
                "E&>.",
                "7,TQ",
                "nwgcuW",
                "Q jP",
                "]<1#",
                "ueg]",
                "eh=Y",
                "t7M@",
                "eG{G",
                "}2JH61UaU",
                ";:}e",
                "XZZR",
                "}!-r",
                "-{:0",
                "(9Nx",
                "%n1T",
                "&S:GM",
                "y1xS",
                "%uM\"",
                "Mdyo",
                "nhT]",
                "fARE",
                "N;PH",
                "[t|I",
                "?(~-",
                "\\FA.",
                "<[Ja",
                "[rvPnv\\4I",
                "1ZL0ot",
                "#\\+&",
                "+4&9l",
                "PGwR",
                "#?D6&",
                "u3gy",
                "3w\\>",
                ".x|QG",
                "2hLK",
                "Y73l",
                "&f)4g",
                "UL}G",
                "BjQU",
                "qW`G=",
                ":}5R",
                "6@2;",
                "2*p:",
                "X'emR",
                "eV^x",
                "O\"j0",
                "0h')",
                "OB&;(",
                "ox!Z",
                "_!(`_",
                "rbqQBt",
                "kp[78",
                "!XcG",
                "y]V6",
                ":u1jD[",
                "b?SR",
                "0=W9c",
                "JjO_",
                "/>+%",
                "%r|;K<",
                "2!$R",
                "*(vy",
                "}}^yb",
                "<=h0",
                "sc_U",
                "W'6>",
                "}hgC",
                "u|B8",
                "\\$uW",
                "3RTT",
                "[$P{",
                "Jw>H#",
                "%o.\\",
                "k3%u",
                "1F2w",
                "5f`%9",
                "2`D?",
                "/M*/RC",
                "Ve5M",
                ":*yR_Sa",
                "?'9I",
                "v{` ",
                "gC6?",
                "!TRV",
                "td3O",
                "dAmmB",
                "hWcd",
                "k@UE",
                "x44(",
                "\"r[mgoloNl",
                "<\\6[",
                "2z55",
                "s:FG",
                "MY\".",
                "a;ZE",
                "uRx>",
                "bio%",
                "pTST",
                "gSCI",
                "?X0[",
                "TzTI",
                "_\"ho",
                "kbP2",
                "N=UY",
                "dDX_",
                "me+NjZ",
                "*!95P",
                "-K8-",
                "*>o[",
                "~%lc",
                "5#LN",
                "&?fn",
                "LyUg",
                "rH8[I",
                "' `+",
                "'g{D",
                "(WFl",
                "Y|NG",
                "D6G?_",
                "|1Fj",
                "'rDCo",
                "g.{D",
                "F+d_",
                "egl7'",
                "Y&,r",
                "\\&l;",
                "g'+2",
                "xAVv",
                "v!yV",
                "6Ytm",
                "r>,w",
                "F^5\\",
                "$4%h",
                "'HGp",
                "Qs3h",
                "bt4u",
                "~:XCMk",
                "+D^Q4",
                "RS/c",
                "+ZS]5",
                ">JK5",
                "hi]E[",
                "[Tlj",
                "Z_'*",
                "R^~Eo",
                "%Gv<%g6",
                "aiAF",
                "Q4L@",
                "c%En",
                "pItf",
                "ECl`",
                "w(Z;",
                ",B_$",
                "(V2[6",
                ".)HO",
                "NI21",
                "&3d<",
                "*9 $}>",
                "S@7(",
                "B-/LeX",
                "~9<}",
                "J4I3Vzs",
                "Pb )",
                "$Info: This file is packed with the UPX executable packer http://upx.sf.net $",
                "$Id: UPX 3.95 Copyright (C) 1996-2018 the UPX Team. All Rights Reserved. $",
                "/proc/self/exe",
                "x/Y ",
                "H}#L",
                "D:Q(",
                "$}.>",
                "*D9=",
                "GcUV",
                "lUw\"",
                "T`4N",
                "oAB/",
                "|97gA1_",
                "5E*X",
                ".@9!",
                "\\Qm[",
                "rh),$'-",
                "j*7NN",
                "WA+?",
                "*qN8",
                "V-99",
                "K^3+=5C!",
                "=QG$",
                "}f~B",
                "BD}!",
                "G[=p",
                "_<:j",
                "jU<{)",
                "gr'8",
                "JRB;|",
                "}=7#",
                "WD/9Sk}X9",
                "ux5D.",
                "2V.x",
                "|<)t>",
                "&>I2d}",
                "T66~",
                "j3Mm",
                "HnhSA3.",
                "MHNe",
                ")^W%",
                "oE},!L",
                "DND{",
                "/chq",
                "-lh<",
                "){h~!7J",
                "s1j>$",
                "WD=Z",
                "*Tvu",
                "kKBF{",
                "ReM8,",
                "2f?f;",
                "Yp'7",
                "v|^m",
                ";!TT",
                "]f\\(",
                "^m+X",
                "ebnL",
                ">F@=",
                "/m =",
                "Aw//G",
                "~Ysz",
                "}HT=",
                ",~R(",
                "=\\Q^",
                "@>M9K",
                "DT/g",
                "!z`'",
                "HexaT",
                "Xe$\\0V",
                "7y<n",
                "aa}1",
                "LLmR",
                "{ ~V",
                "z/e,",
                "M)3kB",
                "c2rG",
                "n7WC",
                "(_~S",
                "EqA$",
                "3#|SU",
                ">]?c",
                "yDHL1",
                "@-Wf",
                ",(KU",
                "<WZ/",
                "B,m!P,p",
                "\\r6nOh",
                "n^.\"",
                "Vafp+",
                "fMU$K",
                "}//L",
                "{Lg_",
                "7/nI",
                "x0Fc",
                "rMiW",
                "+$2p",
                "%-X0]",
                "HC(P",
                "xV+k_&bfK",
                "|}f=yg",
                "`ioq",
                "l^$r",
                "8`&I",
                "S%|E",
                "M4W?",
                "Zg\"l",
                "LqSi",
                "^@qeX",
                "<p(q",
                "S)1I.",
                "Wozx",
                "W?*96",
                "r.lr",
                "`rRD",
                "6,~z1",
                "RLI?c",
                "_vQDo@",
                "1W'\" D",
                "DmL&?",
                "!'H5",
                "_T&)3+",
                "VEyy",
                "n^S3",
                "Q<C\"u",
                "VKyg!&",
                "0a8\"u",
                ",ps^",
                ")`l}",
                "O0k&",
                "2x-X",
                "Gwx&",
                "Jq=se",
                "^iuV",
                "DO,li",
                "f|5F",
                "<PTQ",
                "$Ru#",
                "TRce",
                "l,Ng",
                "[w`-d",
                "}_%p",
                "6~OTZ*",
                "'ag 5",
                "uEud",
                "Kwl(B",
                "R8lYGl",
                "Z.HB",
                "cn(,",
                "\\.^>r",
                "stSk+",
                "HSGw&",
                "u)->tY",
                "W9]7",
                "~eQ`",
                "9h7h",
                "gmH2",
                "Ls]hW?",
                "'=6=",
                "i9Sf",
                ".HHj",
                "osk7",
                "6Jgo",
                "? K:",
                "Jbj\\",
                "'N|g",
                ":2{~",
                "-diZ",
                "^kjYi)",
                "jK8:",
                "?-\"l",
                "R{Jt",
                "Olz+",
                "Ng1NC",
                "T3@E",
                "(tllP",
                " L5F",
                "c%7q>t/",
                "%NZM",
                "\"h<N",
                "|o8I*P[V",
                "<H4N",
                "RxE6+",
                "(/_-",
                ":MNr",
                "5cq1}",
                "ikXP",
                "*M>Wq",
                "#yADE(b",
                "YtQlx",
                "*y^,D",
                "R#gmV",
                "Q,.=",
                ";z3M",
                "C@nAo",
                "wO\"#",
                "17p|",
                "vtQda-E",
                "RtC5",
                "z nY",
                "HKE1d",
                ",=\\eK",
                "}xs@",
                "v`;Fl",
                "$v:O",
                "a\\V/?",
                "u7&%",
                "}<l!",
                "[UW(",
                "Kp2~@G",
                "23d+i",
                "D)W1",
                "H;j$",
                "u=+-",
                "}qV2",
                "fC_n",
                "4S7)Y",
                "Xo,s",
                "%$P(",
                "w5n%",
                "9&]K kN",
                ":\\#Z,",
                "4Fi+x(",
                "S#*R",
                "qdN7}",
                ",9}H",
                "wB}PJ",
                "DR} ",
                "R8IUq",
                ";MQb",
                "#qk%h",
                ")*i@%",
                "O{Q[I~xI",
                "`#,,b(",
                "m]\\Y",
                "tBNTo",
                "`}a~y",
                "H`+!"
            ]
        }
    ]
}