{
    "malware_data": [
        {
            "filename": "be36029eb1545971fda31a593cfcd69f2ff196d207369da6df8bb20e8422055f.elf",
            "filetype": "7F454C46",
            "filesize": "36KB",
            "hash_sha256": "be36029eb1545971fda31a593cfcd69f2ff196d207369da6df8bb20e8422055f",
            "strings": [
                "|G&!q",
                "gH6j",
                ">T8:",
                "/Vy|hL",
                "~I~k",
                "hzT0]",
                "9cEW",
                "X?_E",
                "r&6~",
                "to8ah",
                "SE,r",
                "6FyP",
                "mOLV",
                "i9M|k",
                "wgvI",
                "U:|>",
                "KZP(m*3",
                "f(Pn",
                "WlD]",
                "//OQx",
                "c&7^",
                "1qqIC(",
                "HS=v",
                "N+R;(",
                "kg+(",
                "DJUu",
                "v=+)",
                "<Ta}|E",
                "\"b3$",
                "ZBcw",
                "jv5-",
                ")U:S",
                "uk{:",
                "Uhf~",
                "nuH\\",
                "r ,K",
                "?W%>5c",
                "$<I;",
                "^&j)I",
                "Ir2M",
                "HxH0U",
                "q`fY",
                "QFRA",
                "NT-\\+von",
                "fdPQb",
                "DrA!",
                "I9 Y",
                "a3 hl",
                "nc>a",
                "v$1}m_",
                "[>%N",
                ".oy:!&",
                "Ff[[f",
                "q:H:",
                "-S:_",
                "3eUS",
                "2>]=",
                "mU@oM",
                "B/<<",
                "IxA,4",
                "8\"hg",
                "nb0|",
                "l&J#!",
                "<<cV",
                "pw,!",
                "Ud/5",
                "Mp7b",
                "7mRY",
                "h%0?",
                "W[ii",
                "6._a",
                ".R!_",
                "]'*#",
                "IR\"8",
                "@J5Q?",
                ")]{0@J6",
                "duD Q",
                "4+?8",
                "4'K.",
                "]#Hf",
                "HSy/he",
                "]j$X]",
                "kHA&",
                "k=+~",
                "ql?}",
                "ePq`7",
                "\"qe ",
                "5$p$",
                "}N=\\",
                "O]'Y",
                "{EPIy",
                "pV\"&",
                "LO8t",
                "=_)E'x",
                " hf<?",
                "f+2Z",
                "vU}aUL",
                "1s;k",
                "bvv#'",
                "kD,;",
                "t5[&",
                "_!87",
                ")&`Vm",
                "EQEW",
                "uP X&B",
                "23##",
                "4kJ,2",
                "Gu`g",
                "28he",
                "u1K<\\",
                "Fdm~",
                "IQRb",
                "'4t{eP",
                "Rq Ti[]z2 ",
                "2z?4",
                "V&Wh",
                "b\"lHB",
                "SX.#",
                "B+*wPEq",
                "lZ\\^)",
                "^[-0",
                "-KU1G",
                "UeK:}",
                "o4DI",
                "!f?}",
                "5XL=",
                "k:<`",
                "aIoi",
                ")Gj4",
                "2okM",
                "t+:Y",
                "M1c~n",
                "(ZHZy",
                "0Ol(",
                "6*gV",
                "ps4c",
                ".Ls0",
                "!&?i;",
                "#YQG",
                ":,`[`N",
                "?e/_L",
                "J,COU",
                "yGzL",
                "%y`+",
                "adXFQ",
                "L%v8",
                "5Bu,",
                "pwdF\"?c",
                "+<ks",
                "'gz;",
                "H+oz",
                "=M2V",
                "v4\">&Q",
                "vc'f.1l",
                " 3|L",
                "k?s0",
                "M#0E",
                "cr|D4",
                "-fx@",
                "{\\E7",
                "V5^R",
                "mfxh",
                "FP7;h",
                "leu;>",
                "fo]$",
                "kY^S'a",
                "]_/^Z",
                "OR[s",
                "ineD",
                "g\\w6",
                "q9>]",
                "\"Ind",
                "R]Ln",
                "%3]%}",
                "<!p8Q",
                "124j",
                "1@527-",
                "*nC2",
                "]a!rKd",
                "8.TW5:L",
                "nmEy",
                "]o>:t",
                "k^@@",
                "!9:8",
                "6:F>`A<",
                "xG0z",
                "wpj]",
                "(R$P/",
                ",}cqU",
                "xtA$",
                "jIwM",
                "dY@l",
                "8PvjX",
                "Lr:l",
                "&`jR",
                "lSD+,",
                "]Vd{",
                ".&Ht",
                "v=\\#",
                "OW\\rc",
                "WQLX\\/eP_",
                "|Z|@i4S",
                "+N#%",
                "HT/F",
                "SK+26",
                "lkb-",
                "dH-ip",
                ">lG}",
                "D%@:",
                "z\"6>_",
                "*UTi?(+Z",
                ";oi6",
                "7F{C",
                "/`Iw{",
                "Jhr-",
                "UK; ",
                "S),q",
                "j>'T",
                "lf{`",
                "$u:\"O&",
                ",C'6",
                "SnV4",
                "t=n(",
                "A7rc bD",
                "8,?[k[",
                "'G8X",
                "y5`d",
                "))y9!*p",
                "pq$B",
                "9(B_",
                "ojZH",
                "o( T",
                "&}XZ",
                "%+6m",
                "Ub`k",
                "j4y`*",
                "jYi/",
                "XT&T",
                "Tjv(",
                "y0 R5G",
                "4,3>+",
                "o~G@Qw",
                "l_<\"PB3",
                "[b^8j",
                "C<x7*",
                ">a('",
                "a&[@",
                "p53u=",
                "H{'9q",
                "_q}D",
                "#<+]",
                "=xFD",
                "4;L3h",
                "L~qo",
                "`?,]+",
                "#Jin",
                "$M9h",
                "?;'w",
                "&x-3u",
                "FEVAL",
                "%[V2V",
                "70ST",
                "+Z1K",
                "G`k~",
                "L?c\\",
                "[nk-",
                "Z2'`",
                "<<g0",
                "#f}@*L",
                "bZ]7",
                "t__L",
                "bRh>Z",
                "4QjX",
                "?ymc[",
                "_Azaj){]_",
                "Q],<",
                "O?J)",
                "s*{c",
                "Pb )",
                "$Info: ",
                "/proc/self/exe",
                "x/U9",
                "#Zw^",
                "^n0|p\\",
                "!msNX<",
                "yL[_",
                "i/xS",
                "3Ndd&]iz",
                "Buzu",
                "6uv/W",
                "dLNn&",
                "r-k;p",
                "W^]>",
                "rQY\\,",
                "F.`Y",
                ".xCA",
                "#^n$",
                "d+0V",
                "2chVV>",
                "s7lP",
                "ZDdP5",
                "ML:}w'",
                "WZbK",
                "K#!T",
                "e\\(a",
                "x\\K)B",
                ";NZG",
                "@o/X",
                "#@Rs",
                "3U&pE",
                "5j\"X",
                "oG&~%",
                "v,Kf`",
                "rBOk",
                ":yIp",
                "*/'Osx`I<",
                ";?{-g",
                "Mh86!",
                "gGt!x",
                "~1C`",
                ".-OL",
                "v0gB",
                "+@F4",
                "M:,W",
                "m+/g",
                "'N1K",
                "j~{hp",
                "C(ys",
                ":&GA",
                "-_j$",
                "QE{6h8\\L$",
                "OSB~y",
                "m5:Q",
                "}&$[",
                "7#[7l",
                "wcq3n",
                "h?ye",
                "SOmx9",
                "wT=V`u?",
                ",)CO",
                "RZDH",
                "o ABC",
                "y]F|^",
                "g0)!",
                "!`vr",
                "lLb1L",
                "2J1z",
                "7:Ub",
                "?8Np",
                ":3LJ",
                "Yo4o.",
                "moMB)",
                "UfEt#",
                "4<4G",
                "%o2(",
                "^0(?",
                "YEMA]",
                "L!S!6OxG",
                "vP_7",
                "&M4o",
                "1wZU3+t",
                "dev)_",
                "vx}$",
                "mCoy;)",
                "xKC$W[",
                ",!^K",
                "P_Tn",
                ">oD7",
                "]js_H",
                "DUj@D",
                "/AtS",
                "d\\RaD ",
                "UjQW",
                "[D\\L",
                "U,*O1",
                "ml+I",
                "q1hql@~",
                "NFw{(D5",
                "h='o",
                "UVNf",
                "J/_W",
                "eQRJ>",
                "cQ_Xq",
                "Rg5CT",
                "'93#",
                "UZeV%",
                "y}KV:u",
                ",(/t",
                "l(Y,\\"
            ]
        }
    ]
}