{
    "malware_data": [
        {
            "filename": "c0566bccac1e2a5599971cef90b8279aa5c7e2a8d5e2e482165070c1065f3cca.elf",
            "filetype": "7F454C46",
            "filesize": "27KB",
            "hash_sha256": "c0566bccac1e2a5599971cef90b8279aa5c7e2a8d5e2e482165070c1065f3cca",
            "strings": [
                "UPX!",
                "&$U*",
                "PTRh",
                "WVSC",
                "[^_]]",
                "+u1<",
                ":Co!",
                "+<w.",
                "mwn4",
                "g7K!",
                "]/C9",
                "0H[8X",
                "6K!@.",
                "\"s&J|",
                "<y W`",
                "SW@j~",
                "TB;(",
                "0NQj%m",
                "},wS6",
                "(t:WW4^",
                "uET\"",
                "SF@`(",
                "$uMyQe",
                "QTR9",
                "r PP",
                "3!J&g",
                "xP.-<R3",
                "4v(S9",
                "Ff`d",
                ",#@R",
                "l$\\U",
                "lUxe",
                "&Xf;",
                "%d{B",
                "<RC(",
                ")45x0]ZT",
                "#(L42~]n",
                "?>gF",
                "+H4-",
                "# j@j",
                "<&J.[",
                "$@=9",
                "FHis",
                "Z\\39",
                "2iqL",
                "liUV",
                ";e2MhdDNlJ",
                "LhKr",
                "L.ia",
                "K&GS$",
                "n$PH.Hw",
                "|5tv5T",
                "(,tB",
                "RBI[",
                "Z|=SI7_",
                ":`^/&_QKX",
                "&FFR",
                "j2aG",
                "EUWE",
                "pd[t$As",
                "8liD9",
                "&0>H0Dw",
                "vC&T",
                "L=VA",
                "PZVne",
                "$:(/",
                "R>[+K",
                "u!'i",
                "K}QQ",
                "PSfP5",
                "C.Ph",
                "FbPL '",
                "hx3`@",
                "`tL\"",
                "4Jeg",
                "S( <p",
                "9?Lz",
                "0p 'hE6",
                "<i]Fw$",
                "@tZX:",
                "LF4J",
                "Kcv3P ",
                ".s6e",
                "9?>aR",
                "^j(&(",
                ")LLN",
                "x j<V",
                "9xxS",
                "'kXr",
                "Smdv",
                "uISSf",
                "=(SWp-",
                "sPR*",
                "i!Rg",
                "dWLQ",
                "WmNr",
                "o$L;3",
                "/P4H",
                "{048`",
                " rAw9P",
                "RQ7!",
                "St:UU",
                ",bV'",
                "/(#X",
                "A6VS7",
                "?raD",
                "@D#4",
                " M8PVIo",
                "dC<0!8",
                "#XNG)",
                "4G8m",
                "A'6k",
                "K8HB",
                "<JKX4r$'",
                "SR\\B",
                "\\B<B3",
                "eXagn",
                "YFN/2H",
                "J3?I",
                "l$4UL",
                "\\88B",
                "n&~&",
                "`rXT",
                "xsg}\\QU",
                "XZlC",
                "$ZAF8:",
                "/prof",
                "?h 4",
                "oF95",
                "h`h[",
                "CZYS)",
                "bLARR",
                "rwd3r",
                "~(e?",
                "CQ)B",
                "o30@",
                "]{UQW",
                "[R'PbD",
                "!G$G8x",
                ">ct#",
                "IPT.",
                "_k4E",
                "lXQa6",
                "<$HZ",
                "j w8",
                ";j/J",
                "IQJD",
                "7~DSx8",
                "Xxd)",
                "ZSY]XWU",
                "Y*0;",
                "V0IP@R",
                "&vF}",
                "&xd_",
                "U7U:",
                "tp,X",
                ":fv(",
                "lPsY",
                "2P{@Q",
                "{eQ~",
                "o5B=~",
                ">l?2",
                "CB/a",
                "7+Wl",
                "hp,x",
                "`.{!",
                "04,d@",
                "h9,4''",
                ":KO@",
                "R{[E3T F",
                "5Pqg",
                "f< t",
                "ln#_",
                "xk;l",
                "wet]}",
                "5-\":/F",
                "7\"2W,",
                "AQM]9RO",
                "!1k4",
                "rZr1\\%g'",
                "Z^_AX*y",
                "5HH%",
                "U'Ld",
                "PP65",
                "H[S-H",
                "jXr0",
                "eY4 8(@",
                "eAft",
                "@sz$@",
                "[(sW",
                "Zakk}",
                "5|(P",
                "W\\`@}2",
                "!'0A#)",
                "\\_VS",
                "Z.s\\",
                "V>[ ",
                "Wh)MQ",
                "RKP1",
                "2$S7k",
                "m.Pj",
                "lUUVR",
                "4N2{",
                "=0`~",
                "[8u&p",
                "St340",
                "i_LQ",
                "c1g1",
                "S%Wn",
                "WFtC",
                "u'!}",
                "R3,Ti",
                "hm#^",
                "rs8L",
                "#$YY",
                "itP~N",
                "t@~>",
                "5A$k",
                "<mtN",
                "7>.u",
                "P A?",
                "XE6.*",
                "LDam",
                "DZ,@-",
                "aPo^jK",
                "{hJF",
                "J:7+",
                "@J )",
                "u(/(",
                "hsY6",
                "hV9V",
                "-h}O",
                "\\t$4",
                ";0/`",
                "DHPh",
                "T 4E6u'L",
                "f=#+",
                "<$@(D,d{",
                "2DHL",
                "IJXr",
                "F8\\#s/(",
                "460X{C]",
                "@BTh",
                "7r%4;-P",
                "t,XB{",
                "_#4v",
                "en-`f",
                ";\\r[",
                "\\Ti$",
                ":VTO",
                "<O43",
                ")6pM/",
                "LQ)S_",
                "M'i)",
                "19#r2",
                "rzl^",
                "]K!q",
                ";5=u",
                "NcoH",
                "\"u/o",
                "H\"+@V*",
                "96s?",
                ")\"i3",
                "8N$]x",
                ";X,t{+",
                "-xl9kt",
                "AEo],",
                "!,\"A",
                "4Dma",
                "S:Qx",
                "xO<7",
                "X4W-",
                "SSPQ)@",
                "^0S V",
                ",hAn",
                "BYXT3",
                "76:r<",
                "?|]b2",
                "%*#u",
                "fA('",
                "u%WWQ4x*",
                "ZY/`",
                "4a,Q ",
                "A[X[",
                "1^\\0w",
                "hpJ ",
                ";]t*",
                "5AWB",
                "W5j6yGOu",
                "5.1L",
                "^y0^",
                ">-&E0p",
                ";Eul",
                "|\\$(",
                "dHj[5",
                "=l$R",
                "0P!y",
                "{[^Y",
                "!:pd@",
                "Eh>[",
                "huH6C",
                "Kx'D<M,",
                "-*f+",
                "nhQW",
                "mUi8",
                "t><5",
                "bIC,(",
                "]P.z",
                "!tAP4c",
                "J-lE",
                "e<a(",
                "4vz-",
                "w8u?z=j",
                "z#0]",
                "iC0M",
                "~@G^",
                "HC>\\Q",
                "h)nP",
                "#t!*",
                "%WZg",
                "JrGQX",
                "[7.u5AnA",
                "4]>)",
                "N'S'",
                "l\"p]",
                "^8#9",
                ".VuOR",
                "QQPn",
                "\"@#>",
                "x.!E",
                "G%s/",
                "hey skido",
                "home",
                "/devvarsbin00C",
                "selfx",
                "abcDfghijklmnZ",
                "qrstuvwxyz>K7",
                "%cgcmdly;p",
                "012345678&nf{`eehz",
                "`jlz'zafy",
                "j`h$gl}~!",
                "b'Ee`",
                "FX]]",
                "BPGT",
                "\\T^F",
                "AC^R",
                "R\\U]X_",
                "T_\"[s",
                "ICIN_W",
                "BYT1",
                "AHS^I",
                "|xcpx",
                "_R^CCT",
                "[AA8E",
                "W^D_S",
                "xQMNT",
                "MLD\"",
                "TSource Eng",
                " QuC",
                "@N~$ ",
                "/hlLjztqZA",
                "difFeEgGa5Scs`+0-#'I",
                "ror ",
                ">Suc",
                "s]Op+atio",
                "\"h f",
                "rect",
                "]AIntnup",
                "7ps5",
                "icVaddr",
                "~DAr",
                "A g(l",
                "'maBB1",
                "CscriuV",
                "D\"{h",
                "&B,k",
                "rubus",
                "$l+[ky",
                "cG-A.$t",
                "Ga/Ah",
                "Zk*m",
                "Bap(",
                "7aYlt)",
                "=;%5Il",
                "K/k|0-",
                "Zu^f:,kmo2. b",
                "ce,qvdCh",
                "s[kIb",
                "Lc 2~e",
                "hrizY",
                "aW[i",
                "oIft",
                "dKhI ",
                "od1c",
                "h[Awl",
                "kin*L",
                ")sAd",
                "Comm",
                "}-nd",
                "tRFS",
                "z/R{E",
                "eKalZZl",
                "b\"4r",
                "-[X<",
                "(T<dy",
                "4o|>q",
                "fmK(",
                "Hor`Vr",
                "%atE",
                "ENIX",
                "c;k[",
                "C''sa",
                " ]tC",
                "`GLc",
                "6H/nG",
                "%.*s/",
                "QABCDEFGH",
                "IJKLMNO1STUVWXYZ",
                "L(knK",
                "W[Qc",
                "$ @CS@S",
                "^HC0Akg",
                "CAk[S",
                "T$(9",
                "H+|$,",
                "$Info: This file is packed with the UPX executable packer http://upx.sf.net $",
                "$Id: UPX 3.94 Copyright (C) 1996-2017 the UPX Team. All Rights Reserved. $",
                "PROT_EXEC|PROT_WRITE failed.",
                "/proc/sm",
                "elf/exe",
                "[jUX",
                "PO;C",
                "UPX!u",
                "_um9",
                "@bQs",
                "W?:m",
                "tr[]",
                "tf~{",
                ".shstrtab",
                "init",
                "roda",
                "ctors",
                "B3  ",
                "w9G'"
            ]
        }
    ]
}