{
    "malware_data": [
        {
            "filename": "b6f1a498490d42e2b8ba425f4392715377f34033115c6ef5ed15ec568048bd19.elf",
            "filetype": "7F454C46",
            "filesize": "38KB",
            "hash_sha256": "b6f1a498490d42e2b8ba425f4392715377f34033115c6ef5ed15ec568048bd19",
            "strings": [
                "{YBF",
                "lq.]/",
                " v}(",
                "2?V$",
                "TDRH",
                "$rpD",
                "<4$@",
                ",KM*",
                "rA>1",
                "}%,Vk6",
                "O`5~R",
                "nYx>",
                "ex\\c",
                "N&tOk}",
                "c&eM",
                "HY9EVG",
                "5U(F",
                "_7o8",
                "uboY",
                ";N'J",
                "}{h(",
                ".1gY",
                "TWO?",
                "48NK95",
                "ZH&`y",
                "2N:i",
                "q/>6",
                "Up8&",
                "SXaB'[",
                "D\\M%",
                "h%cK",
                "o!b\\",
                "LjyY",
                "ll9qZ",
                "px[=",
                "^++#",
                "J%CZ",
                ">zj&",
                "Kxrc",
                "@Z*U",
                "k,\\B",
                "YAWwB",
                "QD2&",
                "L=(^",
                "FmRu",
                "k<%a",
                "\"[[6",
                "C/c\"\\",
                "n^%yG",
                "nn$fD",
                "Gxa`",
                "hbmw4",
                "=^GY",
                "]GD$",
                "tZ*@",
                "3kak",
                "fcp(",
                "pCQ&v\\1",
                "4GUU",
                "3$W?",
                "/BNi",
                ",jmbw",
                "4^\\6;",
                "!w,#",
                " t?@]C",
                "1ZHQ",
                "z}>t[",
                "^HKfo@",
                "OT6i",
                "[h(o",
                "\"H^-.",
                "@,Hf",
                "DwYzyd",
                "+cV#`",
                "&xXy",
                "mk+&",
                "ZZ[-",
                "^3J6",
                "RX#/&",
                "zap_",
                "dZcM",
                "-k\"kC+",
                "=GaM",
                "&=YQ ",
                "[?pL[",
                "m\\:{",
                "Usgkg",
                "CA}Q",
                "{%@s",
                "B;>/",
                "NHD%",
                "e9bR",
                "K4>Lk",
                "M<q=!",
                "GX)4~",
                "5^mx",
                "=;@B",
                "nG]} ",
                "ca)8h",
                "v$C;g",
                "Zf$'f",
                "!-l.MV",
                "M6nz",
                "1G,|",
                "|zZ]O>{",
                "m<ZF",
                "*18Kj",
                "L^^OP;e",
                "?+Cs\";",
                "KXUs",
                "dX!1",
                "?+(-",
                "(EU ",
                "S*FC,",
                "A gk",
                ";B7jLd",
                "?.+S",
                "NUf#",
                "X(A]",
                "cUcE",
                "v|+5",
                "dPk~",
                "lgwG",
                "\"xxPqq",
                "%NT2A",
                "Ttwf-l",
                "#Zu! rJ",
                "HIeT",
                "I}9f",
                "3p/Hrv",
                ",;b1",
                "mZk~z",
                "\"/b]",
                "x-KI>",
                "[cry_",
                "q55{",
                "ahJ+ ",
                "'KVz",
                "8Qc2?",
                "*H,@G;",
                "~J*%.'S",
                " @D;",
                "Rz3 |",
                "TAzy",
                "Vnkv",
                "%|-qy",
                "Y9?-#9{j",
                "s+'Hs",
                "]YE^",
                "g8R@",
                "pS.9\"",
                "L}c2",
                "UK D",
                "eq2tI",
                "*;Jt",
                "i|,m",
                "6_-\\",
                "rr;8",
                "My:`m",
                "|Gf~",
                "0sV7",
                "Dd~JZY&",
                "2%w|",
                "WE(J5W",
                "pl9~K\\i",
                "TM6O",
                "j'8e",
                "prNn|`",
                "wqW0",
                "\"5.28",
                "s;Vc!",
                "xhI=",
                "9\\9U",
                "Q&<l C",
                "cp\"N9#",
                "q#P_",
                "]fq8",
                "ePw7Cr",
                "nEi9",
                "]\"hR",
                "aB'%",
                "g~pk3",
                "3f95",
                "wf?FD",
                "Bx^c",
                ".!zP",
                "VkSN}",
                "M-Kq",
                ".vN2",
                "!)U0",
                "wwBN2Y",
                "0xD8",
                "6L1t",
                "ta%t",
                "`F;7",
                "H7[2",
                "Z&wp",
                "!(%C",
                "$}!z",
                ":ear",
                "%hGb",
                "4`)q",
                "&X\\0",
                "(}}f",
                "zHeYI",
                ":L?8",
                "Q:X6Xj",
                "4EvN",
                "XcYC]",
                "F.cVz",
                ")|p<",
                "Y,Am",
                "hn`%",
                "^)f[V",
                " iFH",
                "76Du",
                "}n*|f",
                "]zzH",
                ".6P!S",
                "-X3z",
                "(ESN",
                ")Lzs",
                "SXdQ`",
                "XChB",
                "-I{k",
                "T[@;",
                "i!?,=",
                ">|bQ5?",
                "1FB<o8]u",
                "\\ml}",
                "Ywx*",
                "vDsV",
                "}}AWl`",
                "(@^s",
                "%{u^A",
                "#KkP?",
                "ya@x",
                "L_$,",
                "d~D Z}g",
                "AF?p",
                "yf~z",
                "0G,o",
                "`.gH",
                "mh:3Q",
                ">+M>",
                "*`P*",
                "1F]Z",
                "@S%Q)v",
                "8|p1^#",
                "5HQIJ=",
                "(|86",
                "s+zM",
                "=XaJZ",
                ":BDk",
                "bc=8",
                "ui\"p",
                ";Br=",
                ";&#J",
                "MlSeW",
                "`:hD",
                "j|D&",
                ",5UA+",
                "lyS#",
                "YDsQ",
                "ZaAj'Q",
                "W<s5U",
                "6{Ww",
                "LiX>(",
                "}W'?",
                "joF-+t",
                "]z2Y",
                "ekr\\",
                "UErP*>",
                "S-M}z",
                "$8QA",
                " 9j}3l",
                "656>e",
                "d^Z6l",
                "^7$QLH",
                "V'\\'",
                "Y7\"G",
                ")@<5T",
                "HLYsU",
                "2V/!",
                "M-d$",
                "*5~y",
                ",B#%",
                "=4gG\"",
                "k/Tu",
                "dNwcF",
                "FW`1",
                "f0_e",
                "]]g4",
                "X]+ze",
                "\\7Keo'",
                "chw!*\"",
                "mG]+",
                ">Oj^",
                "]@4D",
                "@|68&",
                "'Moik",
                "k}%7",
                "p8@'",
                "5ZZnco",
                "m8R,",
                "U{.'",
                "B.nL",
                "BfzQA",
                "7lAc",
                "o0_V",
                "2Ko<",
                ":DgfB8",
                "Q/Dt7",
                "qh&:",
                "%\"^W",
                "k&R,",
                "35)wk",
                "d{l6C",
                "E(FX*",
                "vBWo",
                "Q#WN",
                "j*[V_",
                "66T@",
                "<X4g",
                "uE*J",
                "EN|S",
                "Db-:",
                "33&4i",
                "|OQ9",
                "z&|xo",
                "USQRH",
                "PAWH",
                "AUE1",
                "ATUSH",
                "D;|$",
                "Hc\\$",
                "Hcl$",
                "sOA)",
                "HcD$",
                "[]A\\A]A^A_H",
                "PROT_EXEC|PROT_WRITE failed.",
                "$Info: ",
                "_j<X",
                "RPI)",
                "WQM)",
                "j\"AZR^j",
                "Y^_]j",
                "/proc/self/exe",
                "iQG*",
                "PE>a",
                "Fghw",
                ":WW6(L1a",
                "Pmx%",
                "*M4~",
                "2nS|vu",
                "BSc&",
                "1;aUv0",
                ".MmY",
                "iB[vY<",
                "9fz7",
                "gU#I%",
                "i?DjH",
                "PWTZ7",
                "y(T5",
                "WIOx",
                "x0v/c)$",
                "nDmg",
                "?.F$2k",
                "(zLvw1",
                "n)%<",
                "[;9qk",
                "p?>k",
                "W1)R",
                "H\"q<c",
                "\"Mg7",
                "0u.4",
                "@(3#Dz",
                "DU1'",
                "USkU",
                "Wb,?",
                "|?U*",
                "fS>#",
                "(Kg*VS",
                "^4%;",
                "@cfUZ",
                "@Fk,V",
                "[v[E;",
                "W3rS",
                "oQFF9W",
                "EEG+R",
                "#UQG",
                ")|o5",
                "Nr<(",
                "J)&s",
                "7/g%",
                "Lb2;",
                "kr\\IC",
                "}\"0(",
                "7nea",
                "9$dcW[",
                "\"437",
                "{O?e6",
                "|eoD5",
                "=pO6",
                "<+v'Q",
                "isl&+M",
                "5XjQ",
                "fVY9",
                "MF,V",
                "|Nb_8",
                ",R{B",
                "OS}1",
                "o4_~xT",
                "M/5 ",
                "0TDd",
                "sFVC",
                "3>*(<K2",
                "7,kGF",
                "&GP:",
                "Al:j",
                "2#@#",
                "Hd2C",
                "#.LQ",
                "D;Vq",
                "U|~ZQ",
                "0/jo",
                "b>F^faC",
                "<Fmg",
                "oR*n",
                "qJpJ",
                "dWOT",
                "l5{0",
                "WU2F",
                "QEz|",
                "m||5",
                "+v[ug",
                "y\\qd",
                "-rg<",
                "J<<W",
                "|V73+",
                ":^@#4gS",
                "#hu$tVU",
                "M3HWr",
                "$KFzu",
                "7!y7d",
                "^PY5",
                "b\"=O",
                ",Jfo",
                "4tTm"
            ]
        }
    ]
}