{
    "malware_data": [
        {
            "filename": "137d46e5525f910e8a9b13f184fb28c918cccf097d3342a3208db85eb3146554.exe",
            "filetype": "4D5A5000",
            "filesize": "159KB",
            "hash_sha256": "137d46e5525f910e8a9b13f184fb28c918cccf097d3342a3208db85eb3146554",
            "strings": [
                "This program must be run under Win32",
                "CODE",
                "`DATA",
                ".idata",
                ".tls",
                ".rdata",
                "P.reloc",
                "P.rsrc",
                "string",
                "Free",
                "InitInstance",
                "CleanupInstance",
                "ClassType",
                "ClassName",
                "ClassNameIs",
                "ClassParent",
                "ClassInfo",
                "InstanceSize",
                "InheritsFrom",
                "Dispatch",
                "MethodAddress",
                "MethodName",
                "FieldAddress",
                "DefaultHandler",
                "NewInstance",
                "FreeInstance",
                "TObject",
                "u:hD",
                "SVWUQ",
                "Z]_^[",
                "SVWU",
                "YZ]_^[",
                "]_^[",
                "w;;t$",
                "uW;{",
                "u:;{",
                "ZYYd",
                "YZ^[",
                "UhH!@",
                "hO!@",
                "_^[YY]",
                "QSVW",
                "_^[Y]",
                "$;L$",
                "$)D$",
                "YZXu",
                "uENt",
                "u0Nt",
                "u%Nt",
                "2_^[",
                "SVW1",
                "PPRTj",
                "YYZX",
                "PRTj",
                "VWUd",
                "SPRQ",
                "T$(j",
                "Phy,@",
                "hd.@",
                "ZTUWVSPRTj",
                "d$,1",
                ",t\\=",
                "t=HtN",
                "r6t0",
                "t.Ht",
                "Ph<0@",
                ";_^[",
                "t!R:",
                "SVRP",
                "Z^[X",
                "It%S",
                "t&J|",
                "tVSVWU",
                "PSWj",
                "UWVSj",
                "Uh-9@",
                "Ht Ht.",
                "F O:@",
                "F$O:@",
                "F R:@",
                "0123456789ABCDEF3",
                "u3YX",
                "u'ZX",
                "|HtE=",
                "@v:k",
                "@aQY",
                "E@|o",
                "BkU'9",
                "SVW3",
                "_^[]",
                "kernel32.dll",
                "SetDllDirectoryW",
                "SetSearchPathMode",
                "SetProcessDEPPolicy",
                "Exception",
                "EAbort",
                "EOutOfMemory",
                "EInOutError",
                "EIntError",
                "EDivByZero",
                "ERangeError",
                "EIntOverflow",
                "EMathError",
                "EInvalidOp",
                "EZeroDivide",
                "EOverflow",
                "EUnderflow",
                "EInvalidPointer",
                "EInvalidCast",
                "EConvertError",
                "EAccessViolation",
                "EPrivilege",
                "EStackOverflow",
                "EControlC",
                "EVariantError",
                "EExternalException",
                "9w7k",
                "SVWQ",
                "Z_^[",
                "m/d/yy",
                "mmmm d, yyyy",
                " AMPM",
                ":mm:ss",
                "D$DPh",
                "D$DP",
                ",tY=",
                "t<HtH",
                "r3t7",
                "t(Ht",
                "Uhw\\@",
                "h~\\@",
                "INFNANU",
                "@(]@",
                "QS<$t",
                "$*@@@*$@@@$ *@@* $@@($*)@-$*@@$-*@@$*-@@(*$)@-*$@@*-$@@*$-@@-* $@-$ *@* $-@$ *-@$ -*@*- $@($ *)(* $)U",
                "@WVS",
                "u f=",
                "<'t$<\"t ",
                "<#t&<0t%<.t,<,t3<'t5<\"t1<Et:<et6<;tF",
                "<#t'<0t#<.t",
                "<Et$<et <;tS",
                "-&]@",
                "Uh4g@",
                "h;g@",
                "}#C;",
                "Uh$j@",
                "h+j@",
                "Uhlk@",
                "hsk@",
                "h\"l@",
                "TEMP",
                "USERPROFILE",
                "UhHo@",
                "hOo@",
                "Uh)q@",
                " h<q@",
                "hXq@",
                "h0q@",
                "GetUserDefaultUILanguage",
                ".DEFAULT\\Control Panel\\International",
                "Locale",
                "Control Panel\\Desktop\\ResourceLocale",
                "[ExceptObject=nil]",
                "TCustomFile",
                "TFile",
                "EFileError",
                "Uhat@",
                "hht@",
                "File I/O error %d",
                "^[Y]",
                "$Z_^[",
                "YZ_^[",
                ";4$t",
                "ECompressError",
                "ECompressDataError",
                "ECompressInternalError",
                "TCustomDecompressor",
                "TCompressedBlockReader",
                "Sh\\|@",
                "Compressed block is corrupted",
                "$Z]_^[",
                "TLZMA1SmallDecompressorS",
                "lzmadecompsmall: Compressed data is corrupted (%d)",
                "lzmadecompsmall: %s",
                "Uhu~@",
                "h|~@",
                ";sdt'",
                "LzmaDecode failed (%d)",
                "$;4$",
                "F;4$|",
                ":G;}",
                "8G;}",
                "TSetupLanguageEntryA",
                "The setup files are corrupted. Please obtain a new copy of the program.",
                ";,$r",
                "Wow64DisableWow64FsRedirection",
                "Wow64RevertWow64FsRedirection",
                "shell32.dll",
                "QQQQQQQQSVW",
                ".tmp",
                "u[Tj(",
                "SeShutdownPrivilege",
                "|GF3",
                ";B,u",
                "/SP-",
                "/SPAWNWND=",
                "/Lang=",
                "D]_^[",
                ";B(u.",
                " hX}@",
                "|)C3",
                "uAj$",
                "u\"h0",
                "InnoSetupLdrWindow",
                "STATIC",
                "/SL5=\"$%x,%d,%d,",
                "Runtime error     at 00000000",
                "Error",
                "                                                                ",
                "Inno Setup Setup Data (5.4.2)",
                "Inno Setup Messages (5.1.11)",
                "0123456789ABCDEFGHIJKLMNOPQRSTUV",
                "DeleteCriticalSection",
                "LeaveCriticalSection",
                "EnterCriticalSection",
                "InitializeCriticalSection",
                "VirtualFree",
                "VirtualAlloc",
                "LocalFree",
                "LocalAlloc",
                "WideCharToMultiByte",
                "TlsSetValue",
                "TlsGetValue",
                "MultiByteToWideChar",
                "GetModuleHandleA",
                "GetLastError",
                "GetCommandLineA",
                "WriteFile",
                "SetFilePointer",
                "SetEndOfFile",
                "RtlUnwind",
                "ReadFile",
                "RaiseException",
                "GetStdHandle",
                "GetFileSize",
                "GetSystemTime",
                "GetFileType",
                "ExitProcess",
                "CreateFileA",
                "CloseHandle",
                "user32.dll",
                "MessageBoxA",
                "oleaut32.dll",
                "VariantChangeTypeEx",
                "VariantCopyInd",
                "VariantClear",
                "SysStringLen",
                "SysAllocStringLen",
                "advapi32.dll",
                "RegQueryValueExA",
                "RegOpenKeyExA",
                "RegCloseKey",
                "OpenProcessToken",
                "LookupPrivilegeValueA",
                "VirtualQuery",
                "VirtualProtect",
                "Sleep",
                "SizeofResource",
                "SetLastError",
                "SetErrorMode",
                "RemoveDirectoryA",
                "LockResource",
                "LoadResource",
                "LoadLibraryA",
                "IsDBCSLeadByte",
                "GetWindowsDirectoryA",
                "GetVersionExA",
                "GetUserDefaultLangID",
                "GetSystemInfo",
                "GetSystemDefaultLCID",
                "GetProcAddress",
                "GetModuleFileNameA",
                "GetLocaleInfoA",
                "GetFullPathNameA",
                "GetFileAttributesA",
                "GetExitCodeProcess",
                "GetEnvironmentVariableA",
                "GetCurrentProcess",
                "GetACP",
                "InterlockedExchange",
                "FormatMessageA",
                "FindResourceA",
                "DeleteFileA",
                "CreateProcessA",
                "CreateDirectoryA",
                "TranslateMessage",
                "SetWindowLongA",
                "PeekMessageA",
                "MsgWaitForMultipleObjects",
                "LoadStringA",
                "ExitWindowsEx",
                "DispatchMessageA",
                "DestroyWindow",
                "CreateWindowExA",
                "CallWindowProcA",
                "CharPrevA",
                "comctl32.dll",
                "InitCommonControls",
                "AdjustTokenPrivileges",
                "wwww",
                "wxr\"\"/p",
                "r\"\"/p",
                "wr\"\"/p",
                "ozR1ML",
                "zR1M",
                "oLLLLL",
                "xxxp",
                "wwwwwwwxp",
                "wwwwp",
                "\"\"\"\"\"/",
                "wwwwwwww",
                "X1CC",
                "XXRss",
                "XXRsx",
                "XRRs",
                "zz1111MMM",
                "^zz1111MM",
                "^zz1111M",
                "^zz1111",
                "^zz111",
                "^zz11",
                "^zz1",
                "zzz^",
                "rDlPtS",
                "<?xml version=\"1.0\" encoding=\"UTF-8\" standalone=\"yes\"?>",
                "<assembly xmlns=\"urn:schemas-microsoft-com:asm.v1\" manifestVersion=\"1.0\">",
                "<assemblyIdentity",
                "    name=\"JR.Inno.Setup\"",
                "    processorArchitecture=\"x86\"",
                "    version=\"1.0.0.0\"",
                "    type=\"win32\"/>",
                "<description>Inno Setup</description>",
                "<dependency>",
                "    <dependentAssembly>",
                "        <assemblyIdentity",
                "            type=\"win32\"",
                "            name=\"Microsoft.Windows.Common-Controls\"",
                "            version=\"6.0.0.0\"",
                "            processorArchitecture=\"x86\"",
                "            publicKeyToken=\"6595b64144ccf1df\"",
                "            language=\"*\"",
                "        />",
                "    </dependentAssembly>",
                "</dependency>",
                "<trustInfo xmlns=\"urn:schemas-microsoft-com:asm.v3\">",
                "    <security>",
                "        <requestedPrivileges>",
                "            <requestedExecutionLevel level=\"asInvoker\"            uiAccess=\"false\"/>",
                "        </requestedPrivileges>",
                "    </security>",
                "</trustInfo>",
                "<application xmlns=\"urn:schemas-microsoft-com:asm.v3\">",
                "    <windowsSettings>",
                "        <dpiAware xmlns=\"http://schemas.microsoft.com/SMI/2005/WindowsSettings\">true</dpiAware>",
                "    </windowsSettings>",
                "</application>",
                "<compatibility xmlns=\"urn:schemas-microsoft-com:compatibility.v1\">",
                "    <application>",
                "        <supportedOS Id=\"{e2011457-1546-43c5-a5fe-008deee3d3f0}\"/>",
                "        <supportedOS Id=\"{35138b9a-5d96-4fbd-8e2d-a2440225f93a}\"/>",
                "    </application>",
                "</compatibility>",
                "</assembly>",
                "{20y",
                "kh#!",
                "|[pxF",
                "`8U`",
                "PA\\u",
                "t[083",
                "ne\";0",
                "]za@D",
                "amae",
                "j/Gf",
                "$`5s",
                "<^v&",
                "{7:M-",
                "nk?X,",
                "l2W6",
                "BMgo^",
                "wBakTb",
                "<IRMS",
                "?IS&",
                "){`/`",
                "kUV(",
                "W1!Rqi)[",
                "pp.)",
                "mS27",
                "gWsJ",
                "4c$x",
                "!S!K",
                ",:3d",
                "ciW`",
                "5E><",
                "E_k[",
                "2hm2j@",
                "=wuFX",
                "SA9%",
                "#*e1w",
                "Uf?#",
                "7$HbU",
                "!Z&b",
                "l{>e)",
                ",)F%",
                "7d@l",
                "=&Cn",
                "sN9\"",
                "CGTb",
                "n~*.",
                "buIH;j",
                "LcQu",
                "M]~3",
                "`qb0Hd",
                "{6-C",
                "\"?IL",
                "^&T8",
                ",daq",
                "e#`/",
                "cJY+^S",
                "Gjj}",
                "04.9`",
                "=\"O4",
                "+`,E",
                "I!V>",
                "\"^`(",
                ":R$)b",
                "jP2W",
                "vCP{",
                "?y8V",
                "4+?7",
                "cB{o",
                ">fCF",
                "+a7M",
                "3bQL",
                "/Ze|\"",
                "BdO#",
                "yJ,Z",
                "5Bl5",
                "3iC!",
                "r^!$",
                "u')8",
                "F_l]",
                "H'*)",
                "|\"Dd=c{",
                "( k4",
                "7sE\\",
                "MS|uK:",
                "63-c",
                "'TpM-",
                ")KE|",
                "'12{Sg",
                "~`6(A",
                "@@Q3",
                "s&BJ7)c",
                ";65aY",
                "-Q:\\",
                "8F!k",
                "_[T0]",
                "oD$[,",
                "JZ|k#",
                "7kz`",
                "ATf*X",
                "SF/rAV",
                "f$$4",
                "s#>*",
                "~U[Do",
                "j&JY",
                "VN58x",
                "``Mg",
                "@)7y",
                "L_,=",
                "wz<yCE",
                "3%ow",
                "Uz%5H",
                "}|G+",
                "IlY}",
                "@y$|",
                ";Siz",
                "26)s",
                "Pa=2",
                "xLC\"@",
                "V~hy-",
                "99E:",
                "30}pf",
                ":ikU",
                "W]12",
                "%2/ ",
                "gvPp",
                "tI<g",
                "2Qts",
                "gs{U",
                "Q<bRz_",
                "zM/~",
                "%Y'Fp",
                "Sd{7R",
                "ieTw",
                "PNP(t",
                "[qO~",
                "7;]W<*",
                "f6Td",
                "d62$",
                "j:.Vz@U",
                "}_/9",
                "'~]Hy",
                "xHC1",
                "v=Z|",
                ":!ge",
                "y>|}",
                "~aJ#",
                "F(C&",
                ">aF;",
                "ss(\"u",
                "S1 ~e",
                "w{{J5",
                "%p6RI",
                "0Y}gd`",
                "0c9i",
                ">^)4c",
                "G1Ftg",
                "P,kD",
                "!L#i?",
                "1j7;",
                "M(/w",
                "<z<$",
                "ht&L=",
                "O}Sh]",
                "K/p|",
                "yP/=",
                "H$k0",
                "j]+3",
                "s&X5",
                "Km)h",
                "y&D&",
                "<,\"41",
                "jd$$-",
                "x&S<",
                "L;&3",
                "Ldm_NW",
                "@`0<",
                "TvS=r",
                "O+_h",
                "jja2",
                "a!a}7]",
                "_ (|",
                ",`G~",
                "Y~ee;J",
                "\"h=P",
                ":;7h*",
                "dI+O",
                "([bA",
                "9%zd",
                ":iw<",
                "FrcR",
                "[ja\\",
                "{)84",
                "S=x-+",
                "gfxG",
                "#O#c",
                "VCsV",
                "T'\\-E",
                "/qHJ",
                "2O&Yy",
                "Y1o'",
                "vBOX",
                "0*;R=:",
                "NReM",
                "[PgT7",
                "GM,6",
                "B!87",
                "^B)0",
                "dg>%",
                "]\\\\hPp",
                "I0M]",
                ")AzW=",
                "P\"$S,tM0",
                "bG;ud",
                "t<g\\l",
                "O#r(w",
                "u(_]1",
                "G?Vb",
                "ACcx",
                "`_E0N",
                "(|$X:",
                "*\"N:",
                "GT+G",
                "1bog",
                "C|:)",
                "^-0y?",
                ">M(#C",
                "Ru>#>",
                "#3/@",
                ".ehx",
                "ter#",
                "C-}{/",
                "[Nu;",
                "Dp22",
                "ycWb`",
                "F!g$",
                "[ga^\\y^",
                "Ht S",
                "99rlN2",
                "7/}S",
                "^PN7?",
                "au-,",
                "v$0PL(",
                "lX)s",
                "m:c&",
                "z$8^",
                " -aL",
                "^_#r",
                "\"QyUE24",
                "Re4K",
                "Tf;(",
                "{1U]M",
                "0Non+",
                "Ag;=",
                "cA=]EI",
                "_.gK-x",
                "7Y~qH",
                "3`8#)K",
                "Qm0MX",
                "?A&@",
                "{vko",
                "ta2\"m",
                "u\"bz",
                "z.Wlk",
                "`S#zb",
                "c/P`$",
                "lOUY",
                "7i(O",
                "(f%l",
                "~(Fq",
                "2f|9bc",
                "|;Wy",
                " icd",
                "tc`>9",
                "R0%/CS",
                "kpXW",
                "\\luf",
                "P`2z",
                "o(AW",
                "L*3x",
                "@EBr7",
                "xo/e",
                "@cF~p",
                ">O>!",
                "=]#x",
                "-GNS}",
                "0B%t%q",
                "ok2gL",
                "(k)|",
                "'d]!Z",
                "k4~|A",
                "CdD&",
                "D%J&a",
                "]F*T",
                "r;%B|",
                "I]lU8",
                "- 4R",
                "5wYod",
                "xPhP",
                "a5,8",
                "'m*(",
                "Ah(nO2",
                "!gb;",
                "#O57!",
                "VJ+]",
                "VA>#7",
                "J1Z&",
                "|NhDy",
                "jmO''",
                "\\0rU",
                "@1/2",
                ")n%PI",
                "1\"U;h*",
                "9Ij:",
                "V]Fo",
                "+/tq",
                "ae_Y",
                "T7xP",
                "[V|c",
                "XF@&",
                "T~AN",
                "n|i$",
                "Q$fK",
                "`82%",
                "+5HV",
                "Q=Y`",
                "|fTq",
                "AS}D",
                "h_9Jvu#\\",
                "Ky8c=",
                "<?Uh",
                "Y&jT",
                ".j;<<",
                "J-)3LwY",
                "e81/4%",
                "~5`g3",
                ">TUa",
                ",=#a",
                "+%l\"",
                "rp!U",
                "0+3b",
                "r`>!",
                "0sqr",
                "_8n@b",
                "aM^q",
                "au-v",
                "5$dd",
                "-t5[",
                "AE(}",
                ":5X@I2,",
                "m= %",
                ".75f",
                "5^HE",
                "}Cz-Z5",
                "1#JiI",
                "9~;=Z'",
                "}Ntr0.",
                "olv1N",
                "kX1K",
                "zbwZ",
                "^B&w",
                "Fhrl",
                "X8dH",
                "3&we",
                "gN$7]&tb=",
                "$~1[",
                ",vvudqZ",
                "`txt8",
                "NmT!",
                "]tw_n",
                "'z%Ts",
                "i;rP",
                "#E/Rz",
                "2W&M",
                "`i~y(5",
                "G`uv",
                "exV~",
                "iLv7",
                "vp\"t",
                "(d*Bz",
                "ijXp*",
                "leKS%",
                "u(MEJU",
                "BVIL",
                "e\\lY",
                "=.m:",
                "I.kzR&\"",
                "lCG;L",
                "[\\Dw",
                "~nr~",
                "X}I0",
                ">WBU1",
                ":CUK",
                "<[R\\p",
                "I}j+",
                "a{Kz",
                "em=4",
                "[BjA",
                "T:q0",
                "[Xqm",
                "z G>",
                "W.#]",
                "%{AB",
                "$g?qKj",
                "Jzzm",
                "u,}L",
                "u/4WK",
                "az]7",
                "jTOS",
                "6^S/:",
                "hAkKW",
                "Z:D ",
                "yeRI",
                "'cut",
                "Kg'`",
                "L>pN,",
                "5JM-[;",
                "HK(P",
                "4i{3",
                "#Q![e{",
                "Yj@&",
                "b/[O",
                "K_zF",
                "*2S\\7",
                "b_C~",
                " `M=",
                "-MUdR",
                "jm~E",
                "v0;,",
                ">~5m",
                "9(vJ",
                "SRC-",
                "%s.)",
                "veDH",
                "ogxW0",
                "<tTb$m",
                "y?R r0",
                "$.>+_",
                "l>`.",
                "3e3%",
                "E~+zU",
                "'8>PzN",
                "JdcJ",
                "h\"Kv",
                "9)_mda",
                "Uz@8",
                "fzxb",
                "yf5D",
                "4bN(",
                "7z]$n,",
                "\\Dv`",
                "#zk j",
                "q]l,",
                "M))c",
                "J3[P",
                "gw^~W",
                "jE3l",
                "mQMy",
                ".r_x3",
                "qbPaR]",
                "j!;H",
                "E^c/v",
                "laQ$#_",
                "',hA",
                " *k[",
                "7fGs\"\"",
                "#~%$:9Ne0N",
                ")g5)",
                "(HIwQn",
                "aX4?",
                "(:Yj",
                "yHw(",
                "m/7&",
                "JDo3",
                "v$|o",
                "8BgM6",
                "oxaRH",
                "P9go",
                ";hZvF",
                " wz~",
                "c=Y4",
                "+&&ynEr",
                "$PW-",
                "z\\Vk",
                "W3Wo",
                "aVk,",
                "j6q([",
                "eFl'",
                "{1t^",
                ")!\\J",
                "Bb`9",
                "9aA)c",
                "IKXM5",
                "8z{-dV",
                "zm'4",
                "CM>?Y",
                "Ip5nMr",
                "dMO{",
                "qx.kK",
                "O7 \\",
                "G.Q3AT",
                "~\"i=d",
                "/EaM",
                "WP:H",
                "9wiH",
                "t~[e",
                ",RPo",
                "+hIC;",
                "uQ;p ",
                "P(86",
                "j)~u",
                "vlA6j",
                "3`xd",
                "y&!\"=",
                "@>P]",
                "E&Gu",
                "a_UA",
                "YDUs",
                "5-t.\\",
                "2%X)F",
                "JZ.l",
                "UN-l+u",
                "&,4S",
                "wc2(",
                "&nSW",
                "r{(p>",
                "aNA>",
                "//i.[",
                "5`u\\?",
                "jPIW",
                "6oA&f!T",
                "]);g`%",
                "6P4O",
                "<+>*+",
                "_ZHGY#-",
                "6RPk",
                "5g%[X",
                "i$m)",
                "RwIMR",
                "XG2X",
                "K3G'",
                "Cj}g",
                "<uP:*",
                "P#\"|'/q",
                "*~w:",
                "(dqF*",
                "58&e",
                "]Z#U",
                "xD;6v",
                "[w|E",
                "Sb7O",
                "ys%m",
                "Dg>s",
                "1Rj9",
                "j%Wc[",
                "82 #|+",
                "ll;V",
                "|?wL",
                "LhUy",
                " ;mEY",
                "o]BW",
                "6Tym",
                "aZn\"",
                "1L!J",
                "CQLMs",
                "K g2",
                "<+r'",
                "0uUt",
                "8IW1",
                "69w?6qkV",
                "Ef8B%+",
                "5%Y^Z",
                "_^]Wk",
                "1?iS",
                "r@Uw",
                "iQ`;E'u",
                "]/H-",
                "v=ez",
                "1IOe",
                "ep:$",
                "7(488e",
                "0[eU",
                "[,nC5",
                "oS5]\"O",
                "D\"Lv",
                ")sDMw",
                "\"{}A",
                "UIHV",
                "zrh:u",
                "/E5E",
                "DT`T",
                "#U{&",
                "zHFs",
                "LYkK",
                "a!2]",
                "RpH7",
                "YjsU",
                "<hco",
                "cB_V",
                "-?/W",
                "H(/S",
                "==+^",
                ";Gs%",
                "`QJ@",
                "n,q]",
                "6w-X",
                "ag_M",
                "gz V",
                "tD,4",
                "DI7T",
                "T\\Ec",
                ".jz.",
                "nFm.",
                "t$w.L",
                "kb%Op",
                "u{=m",
                "]]}\"vM",
                ")\\0h",
                "$VDN\\)%C",
                "U?}G",
                "I;vv",
                "\":TM@",
                "Vnz21",
                "9VdbY",
                "Aa]t",
                ":&Gw{e",
                "q)|?",
                "v3+.",
                "-0=s>",
                "ZD=4i",
                ">eT0",
                "q.UyX",
                ";u3C",
                "$`vk",
                "I}\"r",
                "|\"\"d",
                ";Kp{",
                "v02L^",
                "0N 9@",
                "Kea<",
                "Pqjj",
                "{'&.",
                "&$4)",
                "=+b{i",
                "5!=\"",
                "-J\\J",
                "bTO(C",
                "Y+eKr",
                "}C4\\$",
                "y:uuSF",
                "w2zy",
                "04md",
                "'5?M",
                "I?\\>",
                "}b_R",
                "pkeZ",
                "}rT*Z",
                "Ku~[",
                "C+/^\"A",
                "o:4s",
                ";\"P_s;",
                "RDPJ+",
                "]li}",
                "Fa-GA",
                "/kY4d",
                "@Ef\"D",
                "R;>I",
                "D.$9e",
                "{!*j%",
                "'=>w",
                "6%9z5{",
                "p -F[",
                "OC(_",
                "k+T-",
                "]5cR",
                "Bpqv",
                "#r~3",
                "twDG",
                "8-=N`+",
                "d,Ot",
                "qk=Z",
                "sE({",
                ".MP?",
                "Gh6|#",
                "//,k",
                "Q KoR",
                "kCHa",
                "Vt4?",
                "U$0\\u8",
                "*\"Kp\\",
                "l`W\"",
                "kNqJ|f",
                ">o*-",
                "\\A\"igiZ",
                "+Cg8",
                "n(5pc",
                "%Y7y",
                "i5\\N",
                "dg)w",
                "<K}~",
                "nTP }2q",
                "1#D`pb#",
                "uL!}",
                "]%Jlp6",
                "{-ms",
                "Lq6r'R[ej",
                "),QA",
                "7dTM",
                "!<a?",
                "{F,6",
                "GTXH",
                "cQ&I4",
                "=i*Cr",
                ",z4p",
                "Lgtv<'7rN",
                "-Z':",
                "I~q_",
                "O]{B",
                "`MGK`y",
                "1\\2?,",
                "-f,&",
                "\\C50",
                "EV?h",
                "z-CO",
                "Du@4",
                "\"425",
                "UowF",
                "X/<#",
                "1x,]",
                "XJA|):6",
                "`V\\!G",
                "l7!i",
                "HE5f",
                "LY>p",
                "w|0Bk",
                "/eM1",
                "CzXp",
                "JhrG",
                "C'zH",
                "eLtT",
                "34q+Q",
                "6Z]5",
                "k):F)",
                "~_V[",
                "@Cs,",
                "Q{bg",
                "\"(/T",
                "Yaxg",
                ";-.Z",
                "#{\"B",
                "`^d*",
                "AwqA#{",
                "cROr",
                "-=lUN",
                "Q1)#",
                "N+vr~",
                "?:Yx",
                "v*^z",
                "LV'q5",
                "NG5I_7",
                "Vsx$i&",
                "FZ/! ",
                "T:|/",
                ";W@`'",
                "QP;X",
                "\\@?S",
                "hyYa",
                "cID&",
                "g~Q6{",
                "M^-}g@$>",
                "@mB~0",
                "%w&Q",
                "zvYL",
                "g:l}",
                "x9?*lGX&",
                "-/%9",
                "X9_W",
                "6E-F",
                "\"*Q%",
                "%l9P",
                "V^D;%",
                "Q<6( ",
                "lH*x",
                "np;b~#D",
                ".>?-",
                "|UZt",
                ";Pm.",
                "J.LD9*",
                "|_YR_[",
                "K80X",
                ".$H?",
                "rh+2",
                "-G_@\\",
                "o/%X",
                "KFj'",
                "?J7-89",
                "wgH!]1{",
                "J\"j!",
                "K4x*yr",
                "Uo}@AZ",
                "(Smw",
                "fT!o",
                "=C$h",
                ",_l\"ro",
                "~X4.?:",
                "c0.-",
                "t=U'",
                "+&V]",
                "3'GB",
                ";QWL",
                "DTh!J\\JD",
                "-ie_]",
                "`!7$M",
                "]Le9",
                "(y~dy",
                "i>MV",
                "Y2K%",
                "=3X$",
                "$Pe,",
                "Z6,p",
                "&H^3",
                "6oTQ",
                "lg3-X",
                "WWp-",
                "Kfk1",
                "U[xs",
                "_$3wV",
                "YUUI",
                "vmBC",
                "T-CSC76c3K",
                "*:ag",
                "eZt<\\",
                "7%-6D",
                "EnxQ",
                "Gf2Vr",
                "=$]MX",
                "9PF?",
                "i{hj",
                "+`QJ\"",
                "lHrb",
                "f_xt%-",
                "mF&13",
                "?<|Ps",
                "MT7(",
                "7/Vr",
                "^g=H+R",
                "(O63C",
                "t6^=",
                "x.C>",
                "$hM(",
                "<<D?R",
                "]Q)(",
                "9:m<3",
                "i/-[z",
                "JJ4X",
                "0:{r",
                "Z4ay)",
                ",8RD",
                "G<m2",
                "JN$}",
                "<r}l",
                "\\A&lGq",
                "2:*`",
                "Bnu1",
                "_}\\W;Qa",
                "~*<ReS",
                "Q][j}",
                "j&(c7",
                "J<.!",
                "Q1NP",
                "i%s=",
                "zv#=\"",
                "(M73",
                "mD=S",
                "2_h.+",
                "v1^+5//Y04",
                "yvUMR",
                "ivU/",
                "K,!~",
                "%tx2",
                "5#7J",
                "09\"]",
                "pMe.yo",
                "iEGw",
                "(z|>",
                "&5/c",
                "}]]!",
                ";QY<",
                "U5q`",
                "uh%0",
                "l1+_~Xr",
                "xF4>",
                "7cA%",
                "?CKL;",
                ":3mD",
                "F]Jw",
                "]qLz>wLo;",
                "(6[C^",
                "7jrv",
                "J/(f",
                "Z#BQ",
                "aM/w",
                "#->M",
                "y_&nl",
                "!ii-X",
                "S8R(",
                "h.j ",
                "E/:@",
                "!E+bH!mcfU",
                "Eg3m",
                "Mi8pN",
                "VHUU",
                "KL?&{W",
                "`UDp",
                "YfMo",
                "FG3h",
                "MxUQu",
                "'>zq)^",
                "YIQ=",
                "+Pfv",
                "BJTYA",
                "D4y&",
                ">Mo/|",
                "S:[[b",
                "iLu%%g]kD",
                "ORdG",
                "k!jY9",
                "daA*",
                "gqO9S",
                "DMwj",
                "s%Pp",
                "}1SX",
                "b^k1",
                "P>oDa",
                "4>p@",
                "!TCfm",
                "[%{-",
                ">,Jf",
                ":SF5",
                "=kP z",
                "w7!<s%r",
                "We6%f",
                "_|+kx",
                "+2(!",
                "coXB`",
                "8TL}",
                "M&C7",
                "TW[tL",
                ")9e^BW",
                "f!3]",
                "$q1g&]",
                "5n\\h",
                "lNZk",
                "}b@I{",
                "8)DN",
                "i}O('",
                "=<P*",
                "0)c!",
                "kMZ1",
                "0~<!rQRX",
                "25 {",
                "2ro(",
                "]uXqL!\\t",
                "qapQ",
                "kfS'",
                ")gGw5",
                "L0{.",
                "Hrsa",
                "7Wp@",
                "5X.m",
                "]Bo)h",
                "V!s!",
                "on//",
                "{sa!",
                "euM/",
                "_Hs[",
                "]DDk3",
                "*|OR3",
                "XfN],&\"",
                "B*G1Ha\\\\3",
                "lSe2",
                "TR?w",
                "W[ML",
                "0_#c'",
                "\\18RJ1",
                "t5pi",
                "Hu?W",
                "F%RN",
                ">fvF<",
                "Pi%+ K",
                "RYuk6y",
                "@U\\r",
                "b<_R(",
                "ejwZ",
                "ab9Gw",
                "@iwWR",
                "?s+y",
                "8<_:",
                "@@o'|",
                "ZEr.",
                "emh?W",
                "r94e",
                "L-*1",
                "%tqK",
                "'pX/",
                "pcoZ}z%",
                "@d=<KXEX",
                "8 9gb`",
                "t+fkr",
                "g-(b",
                "}y@[v",
                "e7I3q0",
                "]a6l",
                ">0A[",
                "3=txX)q-",
                "GUtP",
                "'^15",
                "%=XV",
                "y<ar",
                " +KZJ",
                "fn+<",
                " EQIY",
                "I1U\"z",
                "a4 Ea`",
                "xc?j<",
                "H,u7C|",
                "*o$WD",
                "\\tZG",
                "d~BX23,",
                "7yb&f",
                "r'i$",
                "5G[s;",
                "(pyp",
                "GT;G:1",
                "0|A7J+",
                "DX'HF",
                "86SPq",
                "0_W4J",
                "H:K>:DT",
                "yBgi",
                "/f]+",
                "PZgSU51",
                " ByB",
                "%KJc",
                ".K|1",
                "IOJ>",
                "<\"z~:",
                " 4R}",
                "#zw4A",
                "j^a[",
                "j*l>",
                "2~9TM7",
                "L*##:",
                "_mPk%",
                "zkd,^*%i",
                "p'T|",
                "~S&@",
                "^gvx",
                "/)qk6",
                "TI{0L",
                "'4xx",
                "Plf&]",
                "R_sc",
                "F%k@",
                "vo2j",
                "zo%0_",
                "@NB`",
                "O Ko",
                "jG=,u ",
                "-dNZ",
                "rhrQ",
                "u3\"b6v1",
                "9t0gj",
                "r92V]",
                "[(o^",
                "]n#a",
                "Z[97",
                "{Jy]R",
                "Rw^[",
                "%7aH",
                "}bDg<",
                "}d|e",
                "T?@LL",
                "C!bD",
                "'dwI",
                "I)m4",
                "VlQvW!",
                "JT0k*",
                "dAsGI:",
                "RpO'1",
                "vl%]",
                "+4Z{",
                "vIro",
                "rF+2",
                "\\_Z(.",
                "WB].",
                "+SnS",
                "'VbRKtT1",
                "XGPr",
                ",6{YFB",
                "{:yj",
                "8gU4@",
                "B{e4",
                "ic21",
                "[sTA/I#",
                "2B24",
                "7bWJ",
                "1]3>4",
                "9XT~",
                "c=0dC",
                "I8bQ",
                "1!k/",
                "Kw]o",
                ".=4X5@M3",
                "`{_K",
                "dQ5'",
                "e^%D",
                ",$bz",
                "K*M@1c",
                "z\\/ ",
                "<&$R",
                "+f;X",
                "i3BM",
                "oIxG",
                "i|e1(qa",
                "~\"%N",
                "D0nV",
                "M5R_\\",
                "P5e;",
                "EB0K",
                "_@Q}",
                "*(GslOh",
                "N=l|N+",
                ")28|",
                "~#+)",
                "fjtC",
                "(hx7cBRn>",
                "Tb7J",
                "O9Cs",
                "GOtk",
                "X :G",
                "i.Q_",
                "%_:m",
                "tbGoW6",
                "Xn2sP{",
                "`p2x#8Y",
                "6V)K",
                "P[io",
                "{I}{",
                "ei5.",
                "fY =!#",
                "zvS~",
                "=b6D-",
                "nPc[",
                ",#\"bIz",
                "SO,]",
                "ndz:",
                "tt=R",
                "Dme%;",
                "616[",
                "ys=r4",
                "> B ]>#_",
                "j 3l&k.",
                "n9:T",
                "5~o)2",
                "R&\"Gy",
                "mnR.",
                "-Ki!",
                "OkK/7Uf",
                "1zd1O+",
                "|U:QE",
                "CJGp",
                "jP/&a",
                ":_m^",
                "X4sg",
                "SJS\\i",
                ",l@,",
                "#u)U",
                "\\0&}",
                "G#\"J^",
                "(:wE",
                "\"PBB",
                "4r=0",
                "vghQ",
                "z1#(",
                "|KafGe",
                "aZDojI",
                "=`71Bd",
                "wY |",
                "{dg(",
                "3=W1",
                "_2bc",
                "VhVf",
                "0o}q{",
                "fjZM",
                "5k,&j",
                "0/)t",
                "Kc]9",
                "pA\\X-;",
                "W^zk",
                "9&@k",
                "=[p;^",
                "HOI4",
                "QA*?",
                "d<JE",
                "v4:=",
                "}aNI",
                "k(*;",
                "t~o|?T&",
                "\\qNm",
                "T0JD",
                "1:9K",
                "CPkm",
                "!\\Ie2",
                "zy.T",
                ">%Fw&",
                "`!mzl",
                "sCgu",
                "I<<H",
                "ZZAH5",
                "6^H\\",
                "E\";2",
                "[Dl\"",
                "t2K>",
                "/j~<Q",
                "mb~!",
                "vEA+",
                "apl>",
                "[v|?T",
                "8t 8&",
                "iM[u",
                "sMnz",
                "(xr)",
                "TK[A",
                "e gC",
                "C0BOR",
                "o'Ee",
                "?,\\Y",
                "j%fJ",
                "V<}Zy",
                "-z{Z",
                "A_[<C",
                "H@a2",
                "9ZJ:h",
                "b_y_Z",
                "*42%",
                "i,\\$",
                "Y2#Mfl",
                "z 'S6",
                ",j6I",
                "\\A0s",
                "* (:",
                "(R8qv",
                "<\\zo",
                "WL{u",
                ")a r1>",
                "9uKp",
                "[toor#JUbz",
                "V#L0",
                ",}pIhD=aG",
                "9L%v",
                "Sf'q",
                "U%Yh",
                "jT@LL",
                "v)un",
                "32bq",
                "e&W8(",
                "5G>\" ",
                "UK5,0]",
                "bP0J.",
                "cs%_",
                "z<d8P",
                "*<+L",
                "jjjj",
                "jjjjj",
                "jjjjjj",
                "jjjjjjj",
                "MAINICON",
                "333f3",
                "f3fff",
                "!'%s' is not a valid integer value('%s' is not a valid floating point value",
                "'%s' is not a valid date",
                "'%s' is not a valid time!'%s' is not a valid date and time",
                "Invalid argument to time encode",
                "Invalid argument to date encode",
                "Out of memory",
                "I/O error %d",
                "File not found",
                "Invalid filename",
                "Too many open files",
                "File access denied",
                "Read beyond end of file",
                "Disk full",
                "Invalid numeric input",
                "Division by zero",
                "Range check error",
                "Integer overflow Invalid floating point operation",
                "Floating point division by zero",
                "Floating point overflow",
                "Floating point underflow",
                "Invalid pointer operation",
                "Invalid class typecast0Access violation at address %p. %s of address %p",
                "Stack overflow",
                "Control-C hit",
                "Privileged instruction",
                "Operation aborted%Exception %s in module %s at %p.",
                "%s%s",
                "Application Error1Format '%s' invalid or incompatible with argument",
                "No argument for format '%s'",
                "Invalid variant type conversion",
                "Invalid variant operation\"Variant method calls not supported",
                "Read",
                "Write)Format result longer than 4096 characters",
                "Format string too long",
                "Error creating variant array",
                "Variant is not an array!Variant array index out of bounds",
                "External exception %x",
                "January",
                "February",
                "March",
                "April",
                "June",
                "July",
                "August",
                "September",
                "October",
                "November",
                "December",
                "Sunday",
                "Monday",
                "Tuesday",
                "Wednesday",
                "Thursday",
                "Friday",
                "Saturday",
                "VS_VERSION_INFO",
                "StringFileInfo",
                "000004b0",
                "Comments",
                "This installation was built with Inno Setup.",
                "CompanyName",
                "                                                            ",
                "FileDescription",
                "Audio pack codec Setup                                      ",
                "FileVersion",
                "                    ",
                "LegalCopyright",
                "                                                                                                    ",
                "ProductName",
                "Audio pack codec                                            ",
                "ProductVersion",
                "0.1.0.4             ",
                "VarFileInfo",
                "Translation"
            ]
        }
    ]
}