{
    "malware_data": [
        {
            "filename": "b7b62436f18ee4fa5b210d099271976d9a7b02dcce605703358a8c68372de063.elf",
            "filetype": "7F454C46",
            "filesize": "13KB",
            "hash_sha256": "b7b62436f18ee4fa5b210d099271976d9a7b02dcce605703358a8c68372de063",
            "strings": [
                "<l>=)",
                "*ziy\"",
                "x2'_Z ",
                "em F",
                "*K,$",
                "(<5C",
                "-KTY",
                "v||[d",
                "8bq<",
                "9pbI<",
                "}c$#$",
                "RO{'o",
                "sG:5",
                "H;\\z\"",
                ")%)F",
                "4Cd?",
                "5WeU",
                "sb/n",
                "32dS",
                "2L8?,h",
                "?}+Bh",
                "<Oi-",
                "\"x\"=6",
                "1QmyT",
                "+ty`",
                "|BRp",
                "2W$&",
                "AFVB",
                "~?>4.`X3",
                "~W6t$-",
                "!;KC",
                ",1/95",
                "^Y.*",
                ":YKZ*",
                "Tl}~",
                "n-Ws",
                "=BZ~}",
                "j_k)",
                "RL8*GC",
                "^.Ni",
                "d6/S",
                ">b*TC",
                "ah?.]",
                ":4=;p.",
                " N3@C",
                ";87r",
                "E*S*",
                "4w?BtJ",
                "$1|h",
                "jtQB",
                "hEet",
                "ZAkA",
                "DQ*~",
                "E/?4=",
                "6hSCt",
                "u}'&",
                "0hx1",
                "a1y0s",
                "N>;m$=",
                "Z)rjv(",
                " 6#r",
                " }HG@",
                "Hiat",
                "9PBZ",
                "MdN^",
                "~ff)",
                "Zjg^",
                "YU{^d",
                "+:8U",
                ".O- =",
                "-uA7",
                "DL7N~",
                "`_wJ",
                "Cu:<Cx^",
                "44BU",
                "OPza",
                "d`mo@l",
                "ZyoHsG?",
                "NP2i",
                ".<+j",
                "d/zbn",
                "[&n}t{",
                "dsyX[",
                "~5@?q",
                "]U3F{e,",
                "PiTY",
                "|$?#",
                ":add",
                "L=>`C",
                "ZP-Q",
                "S$XY",
                "oia$",
                "zk/q",
                "t6Qd",
                "1^I;",
                "Ot{?l",
                "zv1H",
                "\";0R)",
                ",_b&A",
                "fh)h",
                "S !763j",
                "2L{<?",
                "VL-/",
                "mDkq",
                "_m /@]",
                "eIQm",
                "WO5Oc[_/",
                "%}!Le",
                "k8ZX1",
                "by1R",
                "Lat:r",
                "IT?vB",
                "7/pb?",
                "DIF\"-Kg",
                "S?(m",
                "tBT'a",
                "MHern",
                "'DE}",
                "G-8Gb",
                "\\{Um",
                "pk\\W",
                "&'UiZn",
                "W9P`0",
                "k&VY~",
                "u_%<",
                "5k{*,O",
                "SK2W",
                "~pvK~?",
                "oONI",
                "Yi-A9",
                "qQX*",
                "HDHjX*",
                "\">A;X",
                "m!$fgR",
                "C!lec",
                ":/7^%",
                "'{5j",
                ";1/M",
                "Xwuw",
                "mK}{R#",
                "vfxP",
                "H@C}<c",
                "Zq!=+",
                "H<_W"
            ]
        }
    ]
}