{
    "malware_data": [
        {
            "filename": "bc09a4abcd910dee1fba2dd17ca4fad999ebd43be50a3c46cd3ae253d594199f.exe",
            "filetype": "4D5A9000",
            "filesize": "203KB",
            "hash_sha256": "bc09a4abcd910dee1fba2dd17ca4fad999ebd43be50a3c46cd3ae253d594199f",
            "strings": [
                "!This program cannot be run in DOS mode.",
                "iRichu",
                ".text",
                "`.rdata",
                "@.data",
                ".ndata",
                ".rsrc",
                "5Xp@",
                " s495",
                "5T6B",
                "5l6B",
                "5`r@",
                "tBj\\V",
                "uv9]",
                "tDH;",
                "PShr",
                "jHjZ",
                "t=9]",
                "Phts@",
                "PSWV",
                "SQSSSPW",
                "VQSPW",
                "QVPW",
                "SQVPW",
                "SQPhP",
                "u_9]",
                "t@;u",
                "t#9]",
                "50?B",
                "@_^[",
                "PjdQ",
                "5 pA",
                "95 pA",
                "v#Vh;+@",
                "(SV3",
                "Instu`",
                "softuW",
                "NulluN",
                "Y;5(",
                "YtS9]",
                "j@Vh",
                "tC+E",
                "t;9E",
                "t19u",
                "tS9u",
                "SUV3",
                "D$4h`",
                "PSh0",
                "8/u3@",
                "8NCRCu",
                " /D=t",
                "tMSW",
                "> _?=t",
                "t*Vh",
                "t-SV",
                "D$$Ph,",
                "D$(SPS",
                "SWSh",
                "tT<\"u",
                "SPSj0",
                "D$(+D$ SSP",
                "D$0+D$(P",
                "t$0h",
                "-D6B",
                "_^][",
                "SUVW",
                "|$$3",
                "UUUUW",
                "D$,H",
                "5X6B",
                "t$,VW",
                "u49-",
                "t$0S",
                "|$$;",
                "5,r@",
                "5h6B",
                "9-L6B",
                "D$,t",
                "t$ U",
                "9-X6B",
                "s8j#",
                "5Dr@",
                "=X6B",
                "u Pj",
                "t+Pj",
                "PWhC",
                "SPhQ",
                "uv9E",
                "p\\Wh",
                "WWhG",
                "WPhP",
                "j [S",
                "SWh ",
                "WQhN",
                " u}h",
                "5H6B",
                "uDSSh",
                "@SVW",
                "=d6B",
                "=,r@",
                "5P6B",
                "PPh6",
                "PhMN@",
                "t&jx",
                "SPQh",
                "FFC;]",
                "PPPPPP",
                "= ?B",
                "=(?B",
                "th<.u",
                "t^VS",
                "tM9u",
                "9\\\\t",
                ";:\\u",
                "?\\\\u",
                "^j\\PN",
                "Wjd_O",
                "SUVWj",
                "VUh4",
                "PWVU",
                "t[;|$",
                "PPPU",
                "SVW3",
                "@PWSh",
                "$uhh",
                "hHs@",
                "_^[t",
                "v\"Ph<",
                "Vu-3",
                "SVWj\"",
                "<6;}",
                "%pr@",
                "%lr@",
                "%hr@",
                "RichEdit",
                "RichEdit20A",
                "RichEd32",
                "RichEd20",
                ".DEFAULT\\Control Panel\\International",
                "Control Panel\\Desktop\\ResourceLocale",
                "[Rename]",
                "Software\\Microsoft\\Windows\\CurrentVersion",
                "\\Microsoft\\Internet Explorer\\Quick Launch",
                "MulDiv",
                "DeleteFileA",
                "FindFirstFileA",
                "FindNextFileA",
                "FindClose",
                "SetFilePointer",
                "ReadFile",
                "WriteFile",
                "GetPrivateProfileStringA",
                "WritePrivateProfileStringA",
                "MultiByteToWideChar",
                "FreeLibrary",
                "GetProcAddress",
                "LoadLibraryExA",
                "GetModuleHandleA",
                "GetExitCodeProcess",
                "WaitForSingleObject",
                "GlobalAlloc",
                "GlobalFree",
                "ExpandEnvironmentStringsA",
                "lstrcmpA",
                "lstrcmpiA",
                "CloseHandle",
                "SetFileTime",
                "CompareFileTime",
                "SearchPathA",
                "GetShortPathNameA",
                "GetFullPathNameA",
                "MoveFileA",
                "SetCurrentDirectoryA",
                "GetFileAttributesA",
                "GetLastError",
                "CreateDirectoryA",
                "SetFileAttributesA",
                "Sleep",
                "GetTickCount",
                "GetFileSize",
                "GetModuleFileNameA",
                "GetCurrentProcess",
                "CopyFileA",
                "ExitProcess",
                "GetWindowsDirectoryA",
                "GetTempPathA",
                "GetCommandLineA",
                "SetErrorMode",
                "LoadLibraryA",
                "lstrcpynA",
                "GetDiskFreeSpaceA",
                "GlobalUnlock",
                "GlobalLock",
                "CreateThread",
                "CreateProcessA",
                "RemoveDirectoryA",
                "CreateFileA",
                "GetTempFileNameA",
                "lstrlenA",
                "lstrcatA",
                "GetSystemDirectoryA",
                "GetVersion",
                "KERNEL32.dll",
                "EndPaint",
                "DrawTextA",
                "FillRect",
                "GetClientRect",
                "BeginPaint",
                "DefWindowProcA",
                "SendMessageA",
                "InvalidateRect",
                "EnableWindow",
                "GetDC",
                "LoadImageA",
                "SetWindowLongA",
                "GetDlgItem",
                "IsWindow",
                "FindWindowExA",
                "SendMessageTimeoutA",
                "wsprintfA",
                "ShowWindow",
                "SetForegroundWindow",
                "PostQuitMessage",
                "SetWindowTextA",
                "SetTimer",
                "CreateDialogParamA",
                "DestroyWindow",
                "ExitWindowsEx",
                "CharNextA",
                "DialogBoxParamA",
                "GetClassInfoA",
                "CreateWindowExA",
                "SystemParametersInfoA",
                "RegisterClassA",
                "EndDialog",
                "ScreenToClient",
                "GetWindowRect",
                "EnableMenuItem",
                "GetSystemMenu",
                "SetClassLongA",
                "IsWindowEnabled",
                "SetWindowPos",
                "GetSysColor",
                "GetWindowLongA",
                "SetCursor",
                "LoadCursorA",
                "CheckDlgButton",
                "GetMessagePos",
                "LoadBitmapA",
                "CallWindowProcA",
                "IsWindowVisible",
                "CloseClipboard",
                "SetClipboardData",
                "EmptyClipboard",
                "OpenClipboard",
                "TrackPopupMenu",
                "AppendMenuA",
                "CreatePopupMenu",
                "GetSystemMetrics",
                "SetDlgItemTextA",
                "GetDlgItemTextA",
                "MessageBoxIndirectA",
                "CharPrevA",
                "DispatchMessageA",
                "PeekMessageA",
                "USER32.dll",
                "SelectObject",
                "SetTextColor",
                "SetBkMode",
                "CreateFontIndirectA",
                "CreateBrushIndirect",
                "DeleteObject",
                "GetDeviceCaps",
                "SetBkColor",
                "GDI32.dll",
                "SHFileOperationA",
                "ShellExecuteA",
                "SHGetFileInfoA",
                "SHBrowseForFolderA",
                "SHGetPathFromIDListA",
                "SHGetSpecialFolderLocation",
                "SHELL32.dll",
                "RegEnumValueA",
                "RegEnumKeyA",
                "RegQueryValueExA",
                "RegSetValueExA",
                "RegCreateKeyExA",
                "RegCloseKey",
                "RegDeleteValueA",
                "RegDeleteKeyA",
                "RegOpenKeyExA",
                "ADVAPI32.dll",
                "ImageList_Destroy",
                "ImageList_AddMasked",
                "ImageList_Create",
                "COMCTL32.dll",
                "CoCreateInstance",
                "OleUninitialize",
                "OleInitialize",
                "CoTaskMemFree",
                "ole32.dll",
                "VerQueryValueA",
                "GetFileVersionInfoA",
                "GetFileVersionInfoSizeA",
                "VERSION.dll",
                "verifying installer: %d%%",
                "Installer integrity check has failed. Common causes include",
                "incomplete download and damaged media. Contact the",
                "installer's author to obtain a new copy.",
                "More information at:",
                "http://nsis.sf.net/NSIS_Error",
                "Error launching installer",
                "... %d%%",
                "SeShutdownPrivilege",
                "~nsu.tmp",
                "\\Temp",
                "NSIS Error",
                "Error writing temporary file. Make sure your temp folder is valid.",
                ".exe",
                "open",
                "%u.%u%s%s",
                "SHGetFolderPathA",
                "SHFOLDER",
                "SHAutoComplete",
                "SHLWAPI",
                "GetUserDefaultUILanguage",
                "AdjustTokenPrivileges",
                "LookupPrivilegeValueA",
                "OpenProcessToken",
                "RegDeleteKeyExA",
                "ADVAPI32",
                "MoveFileExA",
                "GetDiskFreeSpaceExA",
                "KERNEL32",
                "\\*.*",
                "%s=%s",
                "*?|<>/\":",
                "fRfZ`",
                "fSf_",
                "fHfX",
                "fNf^",
                "\\fIfY",
                "QYfIRZ2",
                "fIfY",
                "a^fQfY",
                "c62MM",
                "zx>>",
                "x=2J",
                "BT#AL",
                "zI{{%",
                "a=R;",
                "LfV))",
                "s;(ZS",
                "H#H`",
                "ezX0",
                "yy~~",
                "<& $V\\a",
                "w3nN",
                "9gf=",
                "pp]]",
                "Fn89",
                ">>55",
                "@+tq/",
                "3?c>7",
                "-,`1",
                ">pw=",
                "-Xpu",
                "M8W[",
                "*\"01gg",
                "v l;",
                "5z{c",
                "`F3og",
                "vKI||",
                ">x<4",
                "ZZyyy",
                "km+$4",
                "&$77",
                "kh)~",
                "Hiq&",
                "22%M3",
                "o6$}D",
                "-e,\\n",
                "j,Og[",
                "sBM.",
                "MMA)",
                "#o!y<",
                "Og0y",
                "SS66(",
                "m4.w%",
                "((__",
                "\\\\dd:",
                "~~''",
                "uwXk",
                "%!10",
                "xoo<",
                "h5Fy",
                "QN:ME",
                "04d'",
                "t#'4",
                "+A??",
                "E~y<",
                "IEx)",
                "xxFf",
                "+^Y;",
                "]s$o",
                "DD!!",
                "<iioo}}",
                "\\bmC",
                ",[+#9",
                "w?:)&@",
                "o)lnf",
                "/$4M",
                "rw*)=2",
                "mSU|s ",
                "22oo",
                "RH=Wd",
                "H\" $",
                "3`e3",
                "88UU55&",
                "--\\\\",
                "LRaZx&",
                "GGJN>1(l",
                ")dam",
                "k*nR",
                ":>sG",
                "AD`#c-Ydn",
                "vvll",
                "]]oo:5{",
                "$$AAs",
                "l@cbas",
                "wf66",
                "<,(B",
                "^o*c",
                "J\"44+",
                "r\"~/",
                "+dTP",
                "i*GQ",
                ">yS{",
                "RFz>",
                " 0<V",
                "UFF::",
                ".+$i",
                "'yyHH",
                "'Bip",
                "$S15",
                "=IQ\\",
                "e9viQ",
                "A-rH",
                " #fgoM",
                "HH__DD",
                "JhQ*o",
                "ZZ&&",
                "#u)~",
                "A?IVn2",
                "^TXBM",
                "&cME",
                "C.!::",
                " 6t+",
                "0py\"",
                "!QqK",
                "\"\\rxJ",
                "pF*Gj",
                "y|{y",
                "d}|{",
                "|tqn",
                "\\vtt",
                "Zwts",
                "Fwuv",
                "w}nk",
                "\\pjl",
                "Wrkl",
                "tubc",
                ":}ux",
                ">}ru",
                "@~ps",
                "<~ru",
                "kxdj",
                "Iyls",
                "}tgs",
                "Jvhs",
                "hudx",
                "QOTh",
                "P;??",
                "QOK`",
                "P;?@@?",
                "#J^`",
                "P;?@@@@?",
                "\"IK`h",
                "DdEBA@@@@=",
                "jEA>",
                "HK^h",
                "FJ^h",
                "FJ]b",
                "'M]b",
                "(*MXob",
                "(3W\\a",
                "hpppiffT",
                "VPIU",
                ")25[n",
                "ZPI ",
                "07km",
                "aZXJ",
                "ZaZaZXKJ",
                "679m",
                "Z_ZT_PI",
                "075kmn",
                "_VTTPPI",
                ")-.Yln",
                "V_VPTPIG",
                "&+,Nlo",
                "_TPKI",
                "!/45km",
                "z|}}",
                "zzz||||",
                "%'(((",
                "CDE*&&'",
                "/:Bt",
                "s9.z",
                "{s<.8",
                "{{{s<.",
                "ssB7+",
                "{ssuBBs@@@<4",
                "puqqqqq<770",
                "punqq974.",
                "on83",
                "Z}R}",
                "}Z]^",
                "||]~~",
                "@.`n",
                "Ietau",
                "O_mcs]0",
                "NX\\kqphZUQ3,",
                "RYjgfW2+*",
                "rlbA?4)",
                "7\" 5!",
                "z}z}z{v",
                "@qm\\",
                "ek{[",
                "wwwwp",
                "wwwwww",
                "wwwwwwp",
                "wxwwwwww",
                "wwwwwwwx",
                "fffffox",
                "wwwwwx",
                "fffox",
                "<?xml version=\"1.0\" encoding=\"UTF-8\" standalone=\"yes\"?><assembly xmlns=\"urn:schemas-microsoft-com:asm.v1\" manifestVersion=\"1.0\"><assemblyIdentity version=\"1.0.0.0\" processorArchitecture=\"X86\" name=\"Nullsoft.NSIS.exehead\" type=\"win32\"/><description>Nullsoft Install System v2.46</description><dependency><dependentAssembly><assemblyIdentity type=\"win32\" name=\"Microsoft.Windows.Common-Controls\" version=\"6.0.0.0\" processorArchitecture=\"X86\" publicKeyToken=\"6595b64144ccf1df\" language=\"*\" /></dependentAssembly></dependency></assembly>",
                "NullsoftInst",
                "i#O.",
                "|y]1",
                "1!6H",
                "uWLoR",
                "6u~R",
                "Ne3e<",
                "UH([",
                "y*da",
                "&_&]",
                "#h&h",
                "6PH~1x",
                "#qJ|",
                "sumG",
                "{XDa",
                "\\8Z\\^",
                "uai[",
                "{4?9mVG>{:~",
                "cWy4",
                "\"2bH",
                "xAKX_",
                ";.8_",
                "!Vt+",
                "jg]^H",
                "%UxQ",
                "COLd`",
                "KfC*M",
                ".`$k",
                "^$d#V",
                "9wVVh",
                "-dqJ",
                ")zy>ht",
                "%:s>",
                "\" mAp",
                "o:l^",
                "~)-c",
                "HN\"4H",
                "KWRE",
                "2B~[",
                ".B-7?",
                "d[K+",
                "O2bt",
                "aw)2",
                "bc!%X",
                "{0Eb%",
                "ohVT",
                ">muo",
                "/ug`",
                "j!hp",
                "c'Jd",
                "Xgxx",
                "L?s/",
                "=M#cQ",
                "8Y$m",
                "<Ou=",
                "RBjS",
                "4vA/",
                "c8v6",
                "7`N_",
                "![$!",
                "'Iai",
                "s7m1",
                "qDNy%",
                "u@;c",
                "Gw^Q",
                "|'$j5)",
                "K;t=",
                "u7kU",
                "ORCQ",
                "6G8E?",
                "Uzv$s9",
                "Q,1W",
                "Yf,\\",
                "tU;\\",
                "fqG/",
                "}C-&\\",
                "v0o'",
                "kBU>",
                "w4IQ",
                "f9bh|",
                "?tFY",
                "_;9;",
                "SMiRH",
                "vu/J",
                "Fu+%",
                "/x<J",
                "Q>:D",
                "8U1j",
                "Mk\"ENN",
                "r:#/",
                "bU1`",
                "F=.a",
                "] B)",
                "S!|7Cz",
                "IdN\"",
                "|m~n",
                "=k/z){",
                "Z<q]V",
                "!-0dc",
                "y4K%",
                ",>4(",
                "by0BK",
                "NP|5",
                "@sHl",
                "qQqB",
                "scno|",
                "{xyFet",
                "z)_u",
                "*PSBy",
                "G6r<",
                "rrto",
                "%=8Ed",
                "3XvyT",
                "wYsQ",
                "r:Ay",
                "&pWG",
                "P&+3",
                "W{`M",
                "3Ag#",
                "MdyX",
                "NMn*F",
                "gG&\"6",
                "ph]U",
                "i<f ",
                "R T(*I",
                "%p;@",
                "^48i",
                "Zs6-Kk",
                "lq`:",
                "+4j!C",
                "prxkD",
                "K<(nV/C",
                "61qZ",
                "vvqI",
                "q};rhN",
                "P9r%",
                "kQZS",
                "NrR]",
                "c^Hs",
                "f![{",
                "`.dF",
                "wR_y",
                "{wNs",
                "v3p5F",
                "CE-i4",
                "obcoG",
                "jkD5",
                "_A!>>",
                "EIeV",
                "`.@F",
                "?,T[",
                "V8U+",
                "q>|\"",
                "mB.z",
                "-XLR",
                "[L]=Z",
                "@gk]",
                "_mQu",
                "ex+O",
                "x`Tlcc@",
                "S#C!J",
                "xWk[9",
                "E&kE",
                "Pkj$",
                "u;*'",
                "KjvN;",
                "1z7P",
                "gc+K",
                " |<.",
                ":pV-{O",
                "?;+-",
                "?bo(g",
                ":sa`",
                "-BB8?D",
                "{;?![",
                "qy,I7k",
                "&/hN\"",
                "q?*B",
                "weJD",
                "d0oh",
                "![; z",
                "D/qW",
                "V=!:",
                "_:Ya",
                "w:kk",
                ">mO?",
                "<4HH",
                "X #/",
                "Np-1",
                ".Q)3>;;p",
                "&xKW",
                "/`'3",
                "D=^E",
                "Z/`2",
                "`(c>>",
                "NH +",
                "K*|s",
                "p.w,RY",
                "DPJ?",
                "`D5Z",
                "U,wR",
                "<Qn&",
                "06/C",
                "x4,*#",
                ")q'Z",
                "LI~U#K",
                "o9cm_",
                "\\dhH",
                "Tcl_",
                "M@Tf",
                "6P}}",
                "%l[A",
                "+(,j &",
                "pO :;",
                "aCXBp",
                " HJsr",
                "E41z",
                "=VqQ",
                "vEF<",
                " 6I ~",
                "(1Kv",
                "PT4o",
                "NN!.",
                "@A.8|",
                "?OdA",
                "{A7U",
                ",Kz0$>",
                "Ry%M",
                "4eA^",
                "\"#sF",
                "L kS",
                "YY$^:2",
                "^o?E",
                "7=*qv",
                "Bo0V",
                "R&+#",
                "8HVN",
                "kCe*",
                "J@j^}cX<",
                "4]~;",
                "EdF,",
                "9w,`ES",
                "`,:G",
                "*vNL~",
                ",DbK",
                "2N{5?",
                "R[3uc",
                "QS}{",
                "L1~0",
                "lFfr",
                "^\"`#",
                "%*mpc",
                "~3Xs",
                "PVck^",
                "gbIg?",
                "KpRf",
                "uER9",
                "MGh>",
                "Tl@M1q",
                "ZM1A",
                "hi^{M",
                "%lf6",
                "Q:sB",
                "er|a",
                "$eae F",
                "z_4v>",
                "&Kb{Sh?",
                "`r9T",
                "bt<g}",
                "}m*GQ\\",
                "wMOZ",
                "1E!#",
                "/Jrm",
                "54y\\mT",
                "3K`]mo",
                "yO42@",
                "4ro\\",
                "p]\\U)",
                "&Rdb",
                "wa}$",
                "8\" pE",
                "~C9~6!",
                "#'^C",
                "f;4b",
                "27nK",
                "tRu'",
                "sFla",
                "dpjj",
                "(*'PA",
                "(.N3",
                " QCw",
                "MLk&(",
                "{>[y",
                "6;)0",
                "_R;&",
                "2mR\"",
                "4)nz",
                "wVUe",
                "7+][?",
                "j>`D",
                "JCE=:",
                "H;<i",
                "ad2.NAt",
                "}x{]",
                "vu2!",
                "%&^vu",
                "lkZu",
                "fZ2j",
                "Q5y3",
                "_tDS4.",
                "4.]@",
                "ZPF[",
                "h,_}",
                "g@16Q",
                "3D%6",
                "Byp}",
                "cqqH",
                "]5QK",
                "tEI'5hv",
                "hX_=",
                "FzE|",
                "^DoL",
                "{-U@E<",
                "!5J.Ei",
                "[s<6T",
                "q]CG",
                "1$4E",
                "=hmbNl",
                "_)=f",
                "s&6h",
                "|C<%",
                "B\\xy",
                "c}+2",
                "g1t3",
                "B}Ht9",
                "-*}%",
                "5dSR",
                "E<z{X",
                "Sh/c",
                "F2jw",
                "e=D1",
                "?p+Zf",
                "aef)7L",
                "o%/K",
                "(,%N",
                "vS0g",
                "sdwq",
                "yH?~W)d",
                "CYeO",
                "NdJ3",
                "$r1mS",
                "@Z^?",
                "XOr ]",
                "@33=l*",
                "D+lrd",
                ">GH}Q",
                "yU$G",
                "?-t<%",
                "#h(A",
                "/5!kq",
                "7O(-6",
                "y@>U",
                "|3|[",
                "C,QZ~",
                "nB=j",
                "*5m<",
                "ka(T",
                "W\"B!=",
                "(>I8w",
                "hv_bt",
                "3m%2",
                "k{Gvwi",
                "=rm9",
                "h52Y;",
                "BB#E",
                "j6c9UNB",
                "lD6P",
                "901?",
                "\\4@9a",
                "Ado;",
                "-N!>",
                "_{b.v",
                "rAR&U",
                "AO8|",
                "OBD?",
                "<KWG",
                "xj 0",
                "-:H~",
                "KsnJ",
                "g`w{!-3",
                ":{J-",
                "fu7rq",
                "j3X^",
                "<INz",
                "~3>M",
                "]A4'",
                "g.KG",
                "r\"%Y",
                "Qvnd",
                "i+O$",
                "amuvP",
                "; HL\\'",
                "yt{*",
                "yXyN",
                "xU3h",
                "Mj!q",
                "Y\"yC",
                ",,[j",
                "@SJu",
                "hxt4",
                "HEGT",
                "kg#2",
                "2M/O<",
                "tOCf",
                "];5%:",
                "9 |#",
                "{U\\Nr\\F",
                "6y{-`",
                "(n#P",
                ".r>[",
                "muam",
                "S`maw%",
                "g*9O",
                "]_P9",
                "+gY't{z",
                "8C20[{",
                "2X=Z",
                "EU75(Re",
                "!),#",
                "J2v M",
                "kA(<",
                "A G/",
                "_Yh*",
                "(~x`",
                "e,#6",
                "O/tZ",
                "%a!#",
                "'@Xa",
                "fL*I",
                "W28$",
                "bT8(",
                "*z~c",
                "6>I2a",
                "k3Mnm`",
                "> NJ* KI",
                ")9aZ",
                "z:N2",
                "GEbV",
                "8;;D",
                "eDh8",
                "/t@7",
                "vpH=",
                "hmLj",
                ".#Zm%:",
                "F$-u",
                "}7pa",
                "IT$g",
                "`i#:U",
                "faK9A",
                "+dV&8",
                "9lG>z",
                "aD+F",
                "=M3r",
                "1A{z",
                "3nYV",
                "F}@^",
                "D\"w-",
                "nh7SA",
                "D<EK",
                "D-S<)",
                "C`#M",
                "2KhH",
                "6I-^",
                "9<G0",
                ",W->",
                ")j C",
                "'4mE",
                "-@km",
                "P9Tw\"",
                "G}Fod",
                "o#@.",
                "I3z;",
                "]\"x]",
                ";eA+k",
                "bSvX",
                "874\"",
                "ab'<9_",
                "fs#E!",
                "1ii#",
                "dbHWs",
                "YygkN",
                "BIMhD",
                "J'Fdr]gk",
                "_k=(",
                "0(Evf",
                ".Dh0",
                "P8)m",
                "_8'`",
                "=*t|0",
                "xR32",
                "Pgc_",
                "c|w}",
                "QcQv",
                "B!?u",
                "qjwA",
                "4t=_m.PGjp",
                "?j|,",
                "v;P$",
                "4=2Kc=",
                "HSq[",
                ")')9",
                "y]{F=",
                "WR*:l",
                "#7/MZ",
                "az]{qW",
                "N-5D",
                "8YLAL",
                "CEkf",
                "(6E=&",
                "GA!h",
                "\\6\\u",
                "&/0'U",
                "vn_L",
                "Rg&U&",
                "C5\"i}*",
                "+L`G",
                "_!i~1J",
                "5RC^",
                "/vlAjT7",
                "%KsN",
                " dy]",
                "td8G4I",
                "b!dB",
                "w'v3[",
                "H@[;",
                ")4Bq",
                "4ZE%",
                "k^Q~",
                "jkOO0t",
                "nO?v",
                "^#C)",
                "10>Z",
                "Q|fi",
                "KD'8",
                "$>) ",
                "(.'A",
                "9?q=",
                "*R*H",
                "J n.",
                "oR)?6U",
                "'Y$h",
                "zpj`",
                "n iu0",
                "M\\7:T",
                "*ln[kRC[4",
                "+#R\\",
                "3X,p%",
                "C1[b",
                "nEO_4eiG",
                "@l=R",
                "TRz'",
                "+Jyj&",
                "FUd>",
                "PEy7'g",
                "fg,@",
                "]=6B$",
                "1-,gt",
                "*_*|fD1",
                "}ArZ]",
                "l9zal",
                "EITH",
                "FeF,",
                "pxdk",
                "LM%634ZNZ",
                "$4-uG",
                "sQq*",
                "FsB/F",
                "\\|9E",
                "\"m#]o",
                "KSW9%",
                "OUeF",
                "dR4L",
                "^? p",
                "Uu/A",
                " qp-M",
                "z5'23",
                "r^s-$f4_j",
                "sJGR",
                "|z#8",
                "uQ7HB",
                " Q/nv",
                "c$UB6",
                "W[['",
                "6\"5Ht",
                ";Cd.",
                "p0ouY",
                "m.)X",
                "uM7[eT",
                "3gn-(*",
                "jXD:m",
                "IR^'",
                " ;yms",
                "Ni3D",
                "/75 c6!kb",
                "<zrA",
                "wni`4",
                "kDx(",
                "M*jNTs",
                "M%lo",
                "V?v+FE",
                "ECNx",
                "FW>eP>",
                "dmBr",
                ")#l''",
                "A^:X",
                "y^Vq",
                "[:Wt",
                "*T11",
                ">uAbTf",
                "zYV}",
                "mH2]",
                "Dz2~Z",
                "d|VS",
                "~JLU",
                "]3W]",
                "D!~/",
                "#NC[",
                "VX>}6",
                "!gl|:h",
                "D!]v?",
                "HO~}",
                "Jv2h",
                "J=-Y",
                "Y$-e",
                "2T.ou",
                "7seX",
                "a7,q",
                "rPus/",
                ",1o'",
                "y\\;6)",
                "s/[sNw",
                "< E.",
                "!go]i",
                "1=C\"",
                "e&1e",
                "8zNXX",
                ".u'yH",
                ">0$o",
                "N!AL",
                "9Vdo]x",
                "p][`",
                "qN=`M~",
                "Sa<o",
                "5xU*g&",
                "yQLO+",
                "WBd|ny",
                "-)qL",
                "\"0N>d",
                "_Oxiw`",
                "tKyi2",
                "6NQQRow",
                "U}#1PW",
                "f7+_",
                "ans{h",
                "q\\2Y",
                "{S@6",
                ")%>I3TA",
                "<hh*",
                "%?:O",
                "9Xuv",
                "hY4?",
                "1/ 6B>",
                "I.3x+j",
                ";aK[",
                "}D?X",
                "jB=:",
                ".Y_y",
                "$2&X",
                "tbR?",
                "c^-#",
                "H9\"q",
                "jC||",
                "8C\\V",
                "xzV|1",
                "P^4u9",
                "qi2>:%",
                "kca,",
                "y;}).",
                "'xs.",
                "J~0k",
                "_N\"OSf",
                "_?Oh",
                "Fimt",
                "(`87J",
                "W(*3",
                "dXm~m",
                "#M-6",
                "(=F-",
                "m`Q<",
                "rd;YWy/",
                "D6UE",
                "%*,/",
                "\\sgF[",
                "u[Wq",
                "8b7{7",
                "BR5g",
                "B<5/1v",
                "y-Cg",
                "_Yfv^1:",
                "*Zm{",
                "CE}5",
                "k^Gli",
                "v*On",
                "KwvK",
                "[.?;",
                " +q}",
                "]i?QF",
                "n }S",
                "`->F8mK",
                "5oej",
                "jP=B",
                "/YQ^",
                "tvvb",
                "9^LQH",
                ":a6h",
                "}VDF",
                "wx&<m",
                "cp!9\\/u",
                "|AK$",
                "o*fr;",
                "#@`+",
                "B+&j",
                "f&/ON3\"",
                "'.'q",
                "V;h8",
                "&#Z1",
                "\"E't",
                "6dxcMu8n",
                "U/sv",
                "oHCB",
                "m.AO",
                "'c9V",
                " ,7E",
                "ZG#l",
                "o=x.",
                "Z49Q^$",
                "1.M|",
                "@P=T",
                "ClyG",
                "V4cD",
                "if05\"",
                "=5W9",
                "'p!R",
                "_$Po",
                "*kk F.-",
                "Oe |",
                "X1|pMf(",
                "<(YW",
                ";jvd",
                "8CiL",
                ">F:X]",
                "3`^E]R[S",
                "njXS",
                "'@Vj",
                "kO`RY",
                "zj(D",
                "<;^0",
                "9\\SY",
                "[xi]",
                "x+:5",
                "BmDg",
                "\\fK[",
                "CosN",
                "M)wBb",
                "^=|;x",
                "(_B*?",
                "a_|z",
                "3J*Xt",
                "lw'(2 ]",
                "P2D;",
                "9fIc",
                "+!?:",
                "eIf~&@",
                "lM{~W\\",
                "PXMM",
                "WAns",
                "k*x`",
                "?|oZ",
                "ue$)",
                "+F`%",
                "CXmby",
                "ZD0;/",
                "p+Gs",
                "*<8c",
                "7! !",
                "D3o-",
                "idaT#",
                "Dw6@",
                "9n<U",
                "c)Jy",
                "hC(a",
                " `}+",
                ";>z (",
                "F)qF",
                "i+Mq",
                "'cd$",
                "KKB&",
                "\"\"wX",
                "V;NA",
                "zdV\\",
                ".qRU",
                "RrSb",
                "KkMU",
                "0\\ez",
                "uYdS",
                "OpENX",
                "a0 \"!E/B",
                "iTj~",
                "6@-s",
                "c:YF",
                "ayFO",
                ">(Ea",
                "e^ox",
                "_`J9",
                "bj8(",
                "Orp:}",
                "0&Ip",
                "FH|'",
                "REQF",
                "pV?x",
                "u9Q?",
                "-i?^",
                "HID|",
                "$_v0",
                "m9\\&",
                "AClK",
                "3(k2d",
                "17CZ",
                "S\\Roi`coJ",
                "K$iO`",
                "iqs0p",
                "\\T\\&F",
                ">OBqay",
                "'MN+",
                "4%Ni",
                "A\"3_z",
                "dZer",
                "(IHJa",
                "W]M=",
                "-9[>E",
                "'>eb",
                "v2q;",
                "iJh*V",
                "H6c=v",
                "BtDr",
                "?4HK",
                "=Bzk",
                ".1oq{uN",
                "Y8f[",
                "F_0x@",
                "<brf",
                "gQ&=",
                "O3e\\",
                "~IzML",
                "5v\"E",
                "!Rtko",
                "p;}=0U'",
                "\"k6Up",
                "E[u6",
                "u~%&",
                "BHPP",
                "6g\\4",
                "p)cX",
                "<R$q`@",
                "\"a=u",
                "`Pnv",
                "T(~R",
                "F?kDp",
                "GA}n",
                "o6Ka d ",
                "r}spL",
                "JSY@",
                "rZ_4",
                "s=3U",
                "Aw'8",
                "oqk&s",
                "ogzb",
                "fW}U",
                "f -Z",
                "5[,-",
                "\"5=0",
                "rh!+F",
                "4]z~",
                "RvqM",
                ")0IXi",
                "F]b@",
                "}2}PJ",
                ";]!\\",
                "q`X|",
                "ly;p",
                "@&csg*",
                "ABnrLI",
                " uj#[?u",
                "w>HY",
                "zZv`L",
                "N\"^A",
                "4W/GKgu.$eQ",
                "qRsC",
                "d1iQ",
                "E^r0",
                "FC{3",
                "rCOs",
                "@NJHb,",
                "l-~Lh",
                "grMf",
                "A,_i1K",
                "*n+5",
                "2R$N",
                "*1t%03",
                "_jdK",
                ">>?C",
                "Qs='",
                "0:Bbd>",
                "p/Ae",
                "\"#B1",
                "6qKF3-",
                "O['i",
                "-V6 ",
                "B=XEK",
                "A.#T",
                "7eOo(s",
                "-9*<",
                "Hm<;",
                "IEaS",
                "&]\\$",
                "J]H7",
                "+h.V",
                "*XQ3B",
                "~- '8",
                "zGX6",
                "dzI@",
                "@4B,",
                "\"s:;v",
                "1c/I",
                "v9Qb",
                "fT`A/Y",
                "wu<h{",
                "sGM$",
                " v/*",
                "U>lo",
                "^uf<[p",
                "2k=L",
                "{oqq<4",
                "KzdR[",
                ")Z\\|7",
                "S@XW`?#X",
                "NFViu",
                "}&qSd",
                "(U<IV2",
                "vk/R",
                "%6b\\",
                ":EkH",
                "4:t$",
                "{m%$",
                "~Q7\"",
                "\\rfP",
                "/tvr",
                "^GP]",
                ")nOCZ?",
                "'tIq?",
                "daKW",
                "'JR>",
                "_ R8",
                "qqG]",
                "*1V?",
                "~_pj",
                "\\HrP",
                ";0-^",
                " L_]",
                "rB%zW",
                ":lHP%GE9hG",
                "utmu",
                "vdF?%",
                "pB2G",
                "Y,HVqN ",
                "fe<~",
                "CwhP",
                "K5B$",
                "!$.U",
                "AkzY",
                "PAwx",
                "w'MM ",
                "@TWe",
                "t=BZ#)",
                "Tqu=(",
                "AEya`x",
                "?AVdn",
                "|stA",
                "+U-N",
                "CeFnl",
                "5;@o|F",
                "AG=iE",
                "<8Y,i",
                "_58i[[",
                "\"'\"^",
                "OQ;jX",
                "xv0k",
                "tU#!",
                "N!\\2",
                "N`oz",
                "5uT1",
                "H4!0^+",
                "_@d6W$",
                "2+Y&",
                "z|g2",
                "p-kW\\-",
                "s}7i",
                "Wp>9",
                "nOv7",
                "8Jt5",
                "Hj@]",
                "PVCO",
                "@k:S",
                "x(`Br",
                "j6p;",
                "n6VB ",
                "2(rJ",
                "xxgy",
                "ct06",
                "-kAxx",
                "m/Ey",
                "RDV;4",
                " Hfa",
                "y$SM",
                "`M%7]",
                "?&A:}",
                "qg!asv",
                "Z#7wZ",
                "(FKt",
                "d1:|",
                "x7:>p",
                "W=y]",
                "}[zCXS",
                "wgADk",
                "gq)R",
                "`5eZ.",
                "V\\x2%",
                "*C{\"",
                "By=jT",
                "%m`;",
                "#.`l",
                "'@Be_\"",
                "C3_3",
                "b\"p3",
                "~sB_",
                "fQ4]",
                "S}G;",
                "M}$*",
                "fx!P",
                "$aa8",
                "k[.Y",
                "8]\\q",
                "Q_HY",
                "o=!YB",
                ":s?~",
                "7w.u&",
                "_ywc",
                "I|73",
                "i3?!",
                "&=VP",
                " 26L",
                "m!c,",
                "KlgbQ",
                "mV0R",
                "-C0ai",
                ".)8|",
                "%fPO",
                "D7[R",
                "->,(",
                "*Efz",
                "?y51",
                "w!Yb",
                "\\bFY",
                "[ksC",
                "j@bKp",
                "]8z/",
                ":IS/",
                "Kif~k",
                ")P!R",
                "LiUs",
                "E66d",
                "FHC(",
                "rTp ",
                "@#KX^r",
                ";3}YudZw8E",
                "r> !",
                ">G^Q",
                "?!H2_",
                "t}i#a",
                "O}0E",
                "AsgO?",
                "o-l/M",
                "/V8a",
                "D<8|",
                "N0[)",
                "ddB5",
                "0}*(",
                "q!)U",
                " &nC",
                "vER=",
                "I.@bgt",
                "40B$",
                "P9t$:",
                "xjbQ",
                "+N.]",
                "\\Ba#/",
                "(5Zc|rX",
                "2/<F",
                "g@JI",
                "B$WS{Z",
                "Af`W",
                ">^\\$",
                "UTn$",
                ">t9u",
                "gSb)M",
                "hU~=",
                "3?X:\\",
                "FP`S",
                "pk'eO",
                "U|1D}",
                "^$&?c",
                "n&If",
                "5[5;T",
                "PbTgVr",
                "%QK$",
                "3om'",
                "mANA",
                "-w2G",
                "pTKP",
                "Ba;y",
                "&l@c",
                "^g\\h3",
                ":J3V]Z",
                "ecZE",
                "Z$a(",
                "'Ty<_",
                "Ny1Jx",
                "feZ'",
                "XxiE",
                "M-A5",
                "}i}h",
                "q=<n",
                "](:%",
                "N3uf",
                "Xaf`",
                "Ftxhe",
                "([`>9W",
                ")\"9i",
                "14h-\"",
                "6[[}|fH",
                "ac/W",
                "\"<8^Jk",
                "iP'L",
                ",_4$",
                ";]g<s",
                "V7bJ",
                ")6iB",
                "y G|04",
                "y8#C",
                "&;Xa",
                "8V y",
                "fz%|",
                "zKFm_",
                "V?D+",
                "MeV!",
                "Ju<@",
                "=%)7",
                "CFY?i8",
                "f@MQ",
                "`4BK",
                "9P30",
                ">*70bm",
                "?f.W9l",
                "imJt",
                "V@Nd",
                "%am}",
                "!ly<",
                "H>N2",
                "v?54",
                "yE^@",
                "2CTp9",
                "vov~H",
                ";|Go",
                "?`f'H",
                "4DN^",
                "d/`m",
                "*Qq0",
                "aBQm",
                "i!X(F",
                "^>b)",
                ":1dV",
                "BkXK",
                "z?m?>",
                "5;<_]{",
                "c$7lG",
                " V15",
                "K:n0",
                "UtiL2+",
                "4-/6D.",
                "4e;r",
                "&m2u",
                "YLfu",
                "F.no",
                "[W@?M",
                "(/ck",
                "nv|c",
                ">.8)",
                "S8F,Qj",
                "|`3z",
                "b~)C",
                ";-K%XL",
                "i#qf/",
                "}yqt",
                "HMO'",
                "aWS]B?",
                "&[J=^",
                "HyG-",
                "fU>7",
                "+0$C",
                "d!Zx",
                "*mn ~",
                "neY)",
                "Yc{8:",
                ">WMM\"",
                "bK4Q",
                "Z~!U",
                "v!F0",
                "NH/D",
                "%q::",
                "'crQi",
                "gky~",
                "/5sb",
                "g|*jf^9",
                "0|-1",
                "lWkd",
                "`]Y=",
                "3L2R",
                "o@6T",
                "({422",
                "1rn|",
                "NUJ%",
                "Rcj5L",
                "M<h#",
                "VH4j",
                "z-=4",
                ".cQv",
                "Gh=NM3&Vm",
                "l/<$@2%",
                "6~q[",
                "gthk",
                "&zCX",
                "@f4i*",
                "N,Gkt/Wz;",
                "GND;",
                "KU{l",
                "Q-9z",
                "U@R_i",
                "w\\! !",
                "U0kG",
                "(ev63",
                "]yj;",
                "mbP+c?",
                "@%v]",
                "Bh}b",
                "dqSoDN",
                "[,N0",
                "L'f\"e?",
                "&A,CTZ",
                "[1W@N",
                "[~.@",
                "<wy|",
                "b@':VV",
                "L&nr{",
                "e,3~",
                "$ut=",
                "?YSM",
                "xFOg",
                "_qK%",
                ";[=S",
                "]edT!",
                "'%^V",
                "lJaQ",
                "Lm?N.",
                "]GAB",
                "CKKe",
                "S&9ieg8]",
                "p'Y{",
                "er?4",
                "pC4P",
                "zNLIX",
                "9^FzX",
                "os/6",
                "\"%/[/",
                "N[ks$",
                "BDy!,H",
                "Hw6.D",
                "EHHM<",
                "wv*ws",
                "~i5ib",
                "egaL",
                "KhS]",
                "OIp6",
                ", G8",
                "2;L~7jw8[",
                "wx\\Q",
                "on<WU!",
                "'?[b'",
                "qAJg",
                ".eV/",
                "Y=>b",
                ":f?z",
                "P]$K\"",
                "+wE[",
                "\"OW%4",
                "%q,^",
                "Q^3l",
                "f &-",
                "3b)nj",
                "#\\T+&_C",
                "p-'Tj",
                ")@X%p",
                "ry\\_w6",
                "USJW",
                "*|T+=o",
                "%i%W",
                ",^P:",
                "|J5q2",
                "Y6_7N",
                "r8dO",
                "j%ctC",
                "*XmE",
                "}:^y",
                "f}*&F",
                "6%Bf^",
                "XB/!{\"hY",
                "UvLOh",
                "(E?~!C",
                "Jl%5",
                "6Xm(Z",
                "PD].6gh;V",
                "~Je_",
                "Du>e",
                "gA>O",
                "T64M",
                "j\\7c1",
                "!5{V{M1",
                "0m?v",
                "ofeW",
                "m[?xWO",
                "e[7>",
                "0BG<^",
                "z7Wr",
                "jTTF",
                "'MLR",
                "@y]I",
                "GEeX`",
                "~anj",
                "Zitw",
                "jvrf",
                "M99-dw",
                "6wA*",
                "oV^K",
                "|rr8",
                "L[9^",
                "z:~_",
                "j4i*=O",
                "|$LREc",
                "qC0oG",
                "}L!E&",
                "(KSN",
                "TNf6",
                "`{MMz",
                "}\\A(",
                "|dIg",
                "_sJ8\"",
                "Tm8ex[P",
                "%|&C3",
                "<~9E",
                "_N*b",
                "u>du",
                "BV*j'",
                "e_+xqgc",
                "'~3o",
                "]0I8",
                "+qA#2",
                "|o.@",
                "_ar;VB",
                "@e,x",
                "64J>",
                "]pV7",
                "1]/a$",
                "YUNr",
                "D-SiWU",
                "ga@q*",
                "AZo?",
                "llH})",
                "Gg9l",
                "Bz!9x",
                "x\\Z!",
                "XE8<",
                "^fRy",
                "Pl:G|",
                "^-vk",
                "F$\\E2",
                "^J-~",
                "$_C,,",
                "bKqa",
                "W3^{",
                "qz%2",
                "?GZ]",
                "z-XU",
                ":MKF",
                "7&N2",
                "E=9Z",
                "LDII",
                "3?Po",
                "mF=zs",
                "O~PU+",
                "pvqW",
                "EY`;w",
                "MJu#",
                "m/nv",
                "kz\\lF",
                "R?eVgoZf",
                "h9==",
                "0:LCdt",
                "<5k2+",
                "gvq`",
                "n|g.",
                "Pe\\7",
                "`0}I_",
                "1Yly",
                "1I]8",
                "D}l,",
                "K'*M",
                "#Qp:[",
                "Q=0J",
                "%|Xya",
                "q5p{",
                "SiEF66",
                ")5l1",
                "`=>1",
                "Ip/:f_",
                "9#y&fTZ",
                "WQm[Y",
                "M}`J",
                "lK&5",
                "l8.,",
                "5ePQ",
                ">Fk!",
                "Eblm",
                "P*~j",
                "#rN5",
                "J {F}",
                "xG+%",
                "N7u^0K",
                "*#8p]QV",
                "]q^0",
                "ff.T",
                "bX' ",
                "Z35q",
                "Py (",
                "sbG+",
                "y;(NZh",
                "\"*?Lf@",
                "7xCP",
                "!eJR]r",
                "a==Ac",
                "znML",
                "){l\"",
                "~z0v",
                "7/pE",
                "mJbh",
                "&\"w8",
                "Yv`2\"",
                "Sl@>",
                "io8Z;X",
                "|+N'",
                "\\8--",
                "&@4S",
                "Y9xxT",
                "sK9D2d",
                "l^lQ*",
                "(x}Ki",
                "P9)r",
                "k/D-",
                "4TWe^",
                "6!4\\",
                "RLBV",
                "D\"pf0",
                "HM!u[rb",
                "6avs",
                "=IH~f",
                "dX{l[",
                "57/8",
                "8Dvx",
                " xi&:c ",
                "h,C=$",
                "IQbF@d",
                "-0.M",
                "zwQnM",
                ":H.5",
                ";P/kNT",
                "(.+m",
                "jKX>",
                "d $6",
                "nGwa",
                "BS@z",
                ",dGk",
                "^ @[",
                "e,ye",
                "acP,",
                "eH=G",
                "Z\"Hx",
                "/<%>",
                "sRUG",
                "<U)o",
                "5@p!/",
                "Ql#`S",
                "t2bG",
                "\"?d?n ",
                "MQBh",
                "B>_0",
                "b5Z|",
                "tY.1,",
                "AZ7B",
                "/yN6",
                "IdQ2",
                "n}Fo]W",
                "l,He",
                "}?tU",
                "MWEK",
                "O5GY",
                "gw#=",
                "O|[I&\"G",
                ")<98x",
                "E_H%Xk",
                "QJi[",
                "k<fl",
                "ho+%",
                "yR;yq%",
                "qT>;",
                "lW~z",
                "Lv7a`",
                "77u\\_:",
                "Ao/*",
                "q!l6V",
                "r)WD",
                ">kh&K6",
                "KknS",
                "-KP@",
                "7+#f",
                "DB}>IK",
                "@%Y\"{",
                ".~Gh",
                ")H|j*eg4",
                "T_+tm",
                "5\"+cw",
                ";~g+r",
                "uwr%i",
                "33J#",
                "r7E}%",
                "?Y;+4",
                "IsDk",
                "^mLQ",
                "yYG{T",
                " t,9",
                "pI99;",
                "u7}S",
                "2i-j",
                "$vxPw",
                "^0a^F",
                "zY\"cW",
                "G?j#",
                "<KKc",
                "t-*NO",
                "I2b&",
                ",<{B",
                "/X^EU4",
                "$}`\"N",
                "*.dsa",
                "B*hX",
                "p[yN(",
                "DGXX}*",
                "T0F:",
                "eB2M?",
                "sSci)",
                "JK&,",
                "R6[6J",
                "4R.>",
                "JYV5}w",
                "srUIw",
                "[z[4%",
                "G+pYg",
                "GUny",
                "\\95rh",
                "0V*9",
                "U!pSXx^gH",
                "axlL",
                "L;V0",
                "s|ZeaQV",
                "#UPo",
                "\\WFl",
                "w$>L@W",
                "i$0g",
                "Mvp:~*",
                ":J<Y",
                "(k$)",
                "FPcZw",
                "%|!P",
                "YJ\\n)U|WY*q",
                "hgumQ",
                "Fe9[",
                "Pd\"1P",
                "z[9#",
                "/gVW",
                "mOjM",
                "$3SB",
                "^_Rfv'B",
                ".I8E7H+",
                "1' )|",
                "U`s!",
                "nWs^#",
                "t4Er",
                "p=<{gV",
                "a5|ar",
                "x>[de",
                ".Xv`",
                "\"kM$Ds",
                "PS!J",
                "b[H+",
                "sQ^YW8",
                "|eSk",
                "givk",
                "iu.N",
                "O#G}",
                "CEI|&qx",
                "XZ7P9.w",
                "We)Oy7",
                "gcv9",
                "Fr_bs",
                "3.62j",
                "Kd0Q",
                "18L\\",
                "\"Ww%",
                "%xLy",
                "\\^=z",
                "YoC:",
                "sP^]B;",
                "T<q!",
                "]Gx(",
                ")z?iB",
                "Vbqy",
                "ugWBd'W",
                "lo0mg",
                "+Q&N7",
                "4)5!u",
                "}M5-",
                "&dU[f",
                "K)x }V",
                "zS77[",
                ",Ll9",
                "TJY;5",
                "7(\\\\i",
                "5r5{p",
                "yRwE&t",
                "EiRC:UC",
                "[}W]>",
                "$#wN",
                "LOzQ%3",
                "J%rP",
                "H\"Pqb",
                "85$}",
                "kl&qG",
                "W,),",
                "\"#L#",
                "@I1F-",
                "g>vl",
                "MU<c",
                "#5=in",
                "JNxF",
                "(-7:",
                "K)L{",
                "2qmI",
                "2Rk1",
                ")Ya$",
                "c?$z",
                "}8a$",
                "||x@",
                "5hoM!xdaxM?b!>",
                "+e{h",
                "~oi/",
                ":j0uQ",
                "Y|i@",
                "#?c5",
                "@c*&n",
                "YPMJ&",
                "L~34",
                "6YV#",
                "b0t&ww",
                "h43nz",
                "W\"RF)Y",
                "hvpZ,le(",
                "5E>C",
                "))TB",
                "C\\z$c",
                "QYC1S",
                "cCl%E",
                "#7lY",
                "yC9F",
                "o_`5{%~H",
                "3[%]",
                "OQ[|",
                "`.sk>",
                "G%8_:",
                "j`tb",
                "X3bL/",
                "ae$d",
                "[tT+",
                "DutYM",
                "o@gQq",
                "w>Ju",
                "Ql&IFg",
                "mn!I1D",
                "v\\{P",
                "'9oT",
                "Q4JXv",
                "kvo>",
                "QFZ3",
                ";j76v",
                "XzAs",
                "gAU,X/",
                "*c\\9",
                "*#<k",
                "9[dq",
                "mEe?",
                "_:\"O",
                ">j '(A",
                "vJew",
                "8u{A",
                "#C)<",
                "+xU[GT",
                "I^:yI",
                "jI3rm",
                "%2 K",
                "gQ%y",
                "h;SN",
                "w{!pS",
                "g?iB}",
                "$+MB",
                "t7y&n",
                "Sgu32}_p",
                "no0sZ",
                "1,fc[",
                ")\"}y?",
                "_.=z",
                "?v7Lx",
                " $vf",
                "}NJl",
                "#m$U",
                "a*g;J",
                "+W;SBJ",
                "kOHfy3",
                "u/Gv",
                "Y5;7I#",
                "-W'j",
                "WQ?,A",
                "dK!i",
                "||m1",
                "--QC",
                "v|q+",
                "LfB/",
                "+z^\\",
                "|{Iox",
                "Ec_V",
                "7{p9",
                "q0'_",
                "vMhz1",
                "N'0R",
                "$7n1",
                "+0lG",
                "IQh[",
                "[PA'x",
                "2Y%'",
                "6bp'",
                "I^25",
                "LaZY",
                "[-G:",
                "lHJ,",
                ",hDM",
                "8(&`",
                "@#B=>",
                "vNsJ|n",
                "9|mO!^",
                "rh$*1",
                "'%Wb",
                "r]H\"p",
                "&(t~g",
                "K,&u)",
                " jpK1/",
                "gI~d",
                "Mb%Mzn",
                "o8}] I",
                "'k6B",
                "^S#T&",
                "x5X&",
                "@:VD",
                "ZH7EIHT",
                "5F-T",
                "BlMs",
                "e/{3",
                "^v)r",
                ";+&b",
                "#;|O",
                "_kj,!",
                "t!^nn",
                "|dXs-",
                "p?lx",
                "2Io=",
                "Q0\\9",
                "eLW8z",
                "$u<r",
                "Cy;$",
                "+%6a",
                "KHv)?",
                "Bw!a",
                "I]'{",
                "Z1-X@%",
                "V4\\o",
                "_#y)",
                "wF_O{",
                "\\}C\\",
                "}pBP",
                "=>3L^uY",
                "[YCI",
                "bLBc",
                "JSVJ",
                "19v69",
                "`6uC",
                "0kE#~S",
                "Y[;#",
                "Q2z>p",
                "pU*~",
                "9IU\"",
                "B9@2",
                "7sk[",
                "$\"1<Ra",
                "Y{D5f",
                "P#\\<",
                "0`1p",
                "eh4N",
                "G7c#8",
                "\\ziLS",
                "Uwz-",
                "*rbx",
                "|q-jj",
                "&S+y",
                ",e.V",
                "SK+3\"",
                "@fVT6",
                "F7~|",
                "4$bd",
                "$B1$",
                " hEE",
                "MS Shell Dlg",
                "msctls_progress32",
                "SysListView32",
                "Please wait while Setup is loading..."
            ]
        }
    ]
}