{
    "malware_data": [
        {
            "filename": "bd700d29a293140025aab849bec3b4ecb2fa67574f7efd2ed1dfb19aee3286ea.dll",
            "filetype": "4D5A9000",
            "filesize": "600KB",
            "hash_sha256": "bd700d29a293140025aab849bec3b4ecb2fa67574f7efd2ed1dfb19aee3286ea",
            "strings": [
                "!This program cannot be run in DOS mode.",
                "\"Rich",
                "UPX0",
                "UPX1",
                ".rsrc",
                "2.92",
                "UPX!",
                "8z\"T",
                "GHR_",
                "A(mL",
                "q/Q[",
                "}x50X",
                "wZS\"",
                "'?h/",
                "of~F",
                "=f%4ho",
                "4h@_",
                "nj?s",
                "U<oL;",
                "/La!>",
                "G:CvfV",
                "YdWB",
                "32b ",
                "G8er",
                "\\ha4",
                "usQy",
                ",7z\"",
                "\\r\\W_N.",
                "K7>|h",
                "7-KF",
                "^u2>*}q",
                "`l.R",
                "B-~[",
                "3km}",
                "j59X",
                "h,`%",
                "\\,VTbm",
                "/y,q",
                "m9d5N~",
                "D8aM",
                "FqXUp",
                "XV@9",
                "g5rb\\]",
                "TA ~",
                "S#\\(",
                "2zLD'",
                "XSG<",
                "gSE`",
                "s]Rln",
                "!9$,",
                "*Z01",
                "%S4WD",
                "s\"Kl",
                "YMLT",
                "3szZ",
                "N[IA",
                "7yT_",
                "B[#\"",
                "N6}Z",
                "AkB?D",
                "fU)T",
                " +cO",
                "Ql6A{",
                "k%jPJo",
                "s.f}db",
                "C}d0",
                "Vwh\"",
                "%\" _",
                "V$J0",
                "YZ?]",
                "}Kta",
                "e^4eds",
                "j#yG",
                "vd2u",
                "thb&",
                "3x6d",
                "w+$)",
                "I%nUOE1!93",
                ")15G",
                "JhVB,",
                "52j>",
                "\\[B=",
                "rLchl",
                "X03M",
                "3YSr",
                "|F#9{J",
                "w_-O",
                "bV_U^",
                "WEyW[",
                "#.3aO",
                "R=dS",
                "O<ebT",
                "O@'T",
                "a 'A",
                "C*m#ysv",
                "\\WCP",
                "{#Dp",
                "\\*WVv",
                "\\XG:%",
                "|~<9",
                "z{0q",
                "&LzW",
                "bz49N.",
                ",9ax",
                "m]h5",
                "[Vwi",
                "eec(",
                "Nbys",
                "ThG1sE",
                "iemy",
                "We$v$",
                "B*bC",
                "E4\"0$(",
                "X^FX",
                "YRlTR",
                "}1#%",
                "NyLM+@q",
                "E-{s",
                "M>K]Q",
                "yue.",
                "qD4]",
                "3Pw?@",
                ")?:X`Z",
                "t8f6",
                "w+*2",
                "#pw+",
                "$fa%",
                "VI$:jg|",
                "(;gw",
                ":YvN",
                ":@O14",
                "RgPg,",
                "VZ/N",
                "hg%fpM",
                "(V`yr(8",
                "'-5&\\",
                "SNBy",
                "kYw[",
                "}#){g",
                "``;\"",
                "|*j_",
                "?~\\dikh",
                "%]}v",
                "!E9;",
                ")p(q",
                "w.6:",
                "Q}-L%",
                ".,v%,<",
                "S.Ac9SR",
                "!67b",
                "c.(!>gM",
                "$Guv",
                "b]L;",
                ">A)X",
                "B]ne>`6q",
                "5gCn",
                "H /b",
                "1m(;N",
                "|*blw",
                "}g5*L",
                "jhEM",
                "Dz A",
                "`+hqt",
                "~Y#<",
                "&! Il",
                ",.Px",
                "g|^;#|",
                "Qp\\k",
                "ZHr7",
                "$t4l",
                "9W2!-",
                "vI>(",
                "a\\Cp",
                "DWhr",
                "uD/=",
                "/J@K",
                ",\\t^",
                "P>@S",
                "t5:o",
                "fK$g",
                "|2a]",
                "=TQu",
                "(Ja'I",
                "gg:l",
                "i_(q",
                "wKf6",
                "CMKn3",
                "G)7*",
                "JnH%&",
                "Ihc8|",
                "0FB!",
                "B*bU\"",
                "e|:R",
                "H7A^",
                "rN%/",
                "<A* ",
                "<IUm",
                "VYmj",
                "*|{'",
                "R\\V5",
                "y[BgH",
                "Vk!VO",
                "?gw ",
                "Dd<.(",
                "#00hx",
                "B+X!>'",
                "(?sQW^",
                ">^qk",
                "2U5m",
                "BCM8]|/",
                "VL/>",
                "HN~\\i",
                "*T$34",
                "s+Lhn@[0/",
                "'ZXh7",
                "dWAW",
                ".P/0",
                "tuZ=d&",
                ")lm9",
                "Y^Gpa",
                "XP_Qz",
                "*>AB",
                "q\"K@F",
                "v`IQ",
                "tAKNE'",
                "7SF8",
                "npA>",
                "d<VC*AN",
                "4Ifu",
                "\\Y +",
                "Bkn>",
                "2xzI",
                ";'+GTz",
                "%.9q",
                "bq|w1U",
                "0.I%3s",
                "?/~^",
                "U|gH$",
                "cQs>",
                ">32T",
                "Xg>q",
                "AF9:",
                "RV}a",
                "cx;9OMq`",
                "S/kU",
                "//eO",
                "{PkK",
                "j>\"J",
                "90mS",
                "7et*",
                "bDX@",
                "zg>U",
                "UaB&",
                "=APy6",
                ",t7?R",
                "yp _",
                "fYBid",
                "WY`z",
                "A6_&Zv",
                "L0X^",
                "nJ8%E",
                "~nK6",
                "Ry4,Z",
                "h>2pz",
                "gUq^",
                ",wAe.kI",
                "j$\\?",
                "z&^0nZ^",
                "pjas",
                "%t:gT",
                "@'dBbY",
                "6%%i",
                "!k2\\<",
                "A[0O",
                "=gdDj",
                "D@h3W",
                "T%Tu",
                "i^`+",
                "Vd8dc",
                "uU<A",
                "9rLW",
                "y!6M",
                "aiUy'%34xu",
                "mPK\"",
                "'>h.B'",
                "&9oW",
                "pI)#",
                "LO{^@",
                "C)&KA",
                "P{Og",
                "=xpd_",
                "oNkD.",
                "<2JO",
                "#N[6G",
                "EW7j",
                "3^FeL*/Y",
                "w3E-m",
                "^!#N",
                "v.Cr",
                "X3:c@J",
                "Pw\"$",
                "vFFi`",
                ",1kw",
                "Wk<f",
                "[M[E",
                "*Y|T=",
                "n1588",
                "<J/E",
                "{`O;d",
                "#5Ik",
                "B:?s",
                "I/rg",
                "En%G",
                "Zh4X",
                "3Xw\\",
                "J7^|y",
                "HgA;",
                "{i]CJ",
                "gZDF",
                "%2C^",
                "yW?j",
                "FdmC\"",
                "3*1a",
                "U2qe6",
                "\\_eJ",
                "@mKr",
                "Ztb{",
                "kVcR?",
                "2lGl",
                "zW9#g&",
                "x1_&|",
                "QBa<",
                "q^8AVaz7",
                "^~H=G",
                "1 D*",
                "\"DSj",
                "X;N\\G",
                "hJXN",
                "@jzL",
                "kkJ^/f`",
                "Nhqw",
                ";t#W",
                "`)3H",
                "_AAC",
                "q\"=B",
                "pkTq",
                "y[3>",
                "J)KE",
                "'6_1(",
                "TogslH",
                "3X)4nYg",
                "5N/9",
                ">g|a",
                "GRe2",
                "$#p'$",
                "Z5>'Z",
                "e'Ue",
                ";j2%",
                "_'s}^",
                "SuP3",
                "!SAF",
                "qWpSJ",
                "<'$h",
                "&Q>/",
                "cjLL",
                "q@}M",
                "4$sG",
                "8G)mHFd",
                "[OrV",
                "==<tU",
                ",Lqg1",
                "(F60",
                ",zQbyO",
                "LpO1z5=",
                "%c*@j",
                "enae",
                ".eH'y",
                "V5mBC",
                "0'&l",
                "IjXcY",
                "@D=e",
                "KT5L",
                "7i`xaX",
                "&b4*~r",
                "-~0o",
                "=N3u",
                "a>6Ss",
                "|=>8",
                "j]kk",
                "%V5p",
                "PyS0",
                "B;NG",
                "p.|/",
                "_#::",
                "FcSaq",
                "I</I",
                "X\\)q$",
                "IA$x",
                "kO$ct",
                "Q?=+",
                "\"a>K",
                "xXuh+",
                "~?\\,$",
                "F)EQT",
                "Cg'T2",
                "2~.<",
                "U7(W",
                "}q#`",
                "](up",
                "~HU/",
                "V|w,",
                "jYI&oh",
                "b{eTt",
                "/#M@",
                "!u?}",
                " &xk",
                "k6#n",
                "QHTb",
                "gj(6S",
                "xx0H>>",
                "[8>9",
                "%:<i",
                "9 VA",
                "e\\Ds",
                "=T`)",
                "D.Pz",
                "Kd}j",
                "Uf{CT",
                "gZPW>",
                "N&Uq",
                "gE}f",
                "r<fx",
                ",]Iqq/",
                "Ep4c",
                "YqQ2",
                ":4&`",
                "+mirhj",
                "7)g/",
                ",_9o\"",
                "-{gp",
                "x)rr",
                "BVoc",
                "Zk_'2=",
                "6*JJ",
                " !y[",
                "ROpl",
                "!H\\`wf/[;",
                "_pw.",
                "&j{;",
                "cOl`",
                "0{1Q",
                "/8Nz",
                "P/3H",
                "@E+kf",
                "Gd/Lz",
                "N\"k[",
                "4te;X",
                "4GX5",
                "K{|F",
                "*u?X",
                "q&dmt",
                "BYih",
                "MVB9Y@x",
                "q6dH",
                "Zt@:!",
                "$wz</",
                "Kn@_]",
                "T3VX8",
                "P@-H~",
                "Sg$y)",
                "R\"&ho",
                "[^dYz[",
                "1lG3",
                "g}Ol",
                "0p?F+",
                "6Ec1",
                "ROA ",
                "hlb%1",
                "tk5E",
                "]!xa",
                "3b;[",
                "y'+xq?",
                "CW2e",
                "ApJ5",
                "'wc/",
                "J&B)%",
                "aUgw",
                "):Wv<",
                "ceb9",
                "F;l=cv",
                "ycmf",
                "}2v<",
                "*eY\"w",
                "(yn ",
                "gxP4",
                "GG==",
                "Y0aJ#",
                "I}Pl",
                "]OJ8",
                "c}xT",
                "s6|a",
                ")WtA",
                "9@sPg",
                "SxvOhqu",
                "#Ew<",
                "@Q0b",
                "P?sY",
                ".Z2F",
                "CJXK3",
                "/ii;",
                "w$w\"",
                ";*vU",
                "|nB^",
                "T*spwd",
                "\\<wp]w",
                "#>l5",
                "qVbv=K",
                "3Y I",
                "9uM]",
                "M\\WJZZ",
                "<nhL",
                "#`kN",
                "|auD",
                "to3U",
                "U~Sj",
                "k $F",
                "k]&]<",
                "CE*P)$",
                "wY)'",
                "F\"f[",
                "Al/&",
                "&#(J",
                "HRut9",
                "0TyL",
                "%`#nD'",
                "K^#w",
                "BU^0",
                "lKT'",
                "{~g-",
                "m/KCB",
                "Ra\"-",
                "LrKc",
                "{gnr",
                "h_-n",
                "&eW?Ua}V%",
                "^Z*t",
                "%_1U",
                ".(Im",
                "cm|(<",
                "S3`8P%~",
                "Y4~mrO",
                "PTKJ",
                ";QTqL",
                "`HJH",
                "^^UK",
                "3'Z)z",
                "{J!N",
                "U$B*",
                "cAbL",
                "QypmUH",
                "n0a]}",
                "49<hQ",
                "3OyMbc",
                "{&%U)",
                ":Xg\\",
                "@>Q[",
                ":tK}9",
                "(@`\"i5",
                "@=05]vm",
                "1LdN",
                "/AQF",
                "Fks;A",
                "'Wx/h",
                ">ti2",
                "6*dG]",
                "7'-x[",
                "lj%4U",
                "p\"^)N",
                "<BHD",
                "~L)7E",
                "Sg3,",
                "i,)j+",
                "DoQ]",
                "NSg\"R",
                "8{KM",
                "^*bf&",
                "+}9Y",
                "D;@+",
                "V3{PW",
                ")1b(",
                "G;Ozb",
                "ye2A",
                "mC]pF~",
                ";yp.",
                "&#43",
                "%%7;",
                "w2AP",
                "i?V{5",
                "jMH8",
                "K p`",
                "c@T ",
                "l/KR",
                "iw)7U",
                "3{F!",
                "syg<",
                "v$/_cR",
                "pR7W",
                "6vtoN",
                "q;9'",
                "M)M!",
                "P2\"Tby\"",
                "zg}ey2",
                "5,+7d",
                "rl|\"",
                "J!l.(",
                "PTMSrj",
                "\"Vyy",
                "pS>Q2C",
                ":+OG&X/f",
                "4E/m",
                "1^XL",
                "ViZi",
                "MNCR",
                "R^\")",
                "VwGw",
                "r&ep",
                "(\"P'",
                " #F8",
                "UUGC",
                "6[dV",
                "pwz5",
                "h]fY",
                "|la:",
                "kY/_",
                "{}TAH",
                ">N+E",
                "GQ@,",
                "KR)M",
                "7\"E0",
                "V+57",
                "#=q7",
                ".|OT",
                "J\\'J",
                "SklSU",
                "5<AN",
                "A,DZ",
                "i2Omu",
                "`xEk",
                "vmm#",
                "5{*p",
                "} ;Q",
                "q3JL",
                "Pcpe",
                "{>`lV",
                "C(D&",
                "GqW/zI",
                "7Q>%}",
                "^P8QfWj",
                "yka%",
                "hpYC",
                "Tjd#",
                "o9$j",
                "nqrOs",
                "QqZmLz",
                "b~u~",
                "2+uGer",
                "o9is",
                "I6(<",
                "d+Tg`V",
                "E2|or",
                "E;e1",
                "2\\MU$",
                "$z>v",
                "E/kh",
                "eyj_",
                "-m4At",
                "Q@#'",
                "n\"IH",
                "vTup",
                "`>tb<",
                "Ho!6",
                "aD92",
                "JHKl",
                "j})R",
                "}na ",
                "Q;X9",
                "4H)v",
                "tr'\\W",
                "0Cce",
                "E<X\\",
                "4`sM",
                "PZB4*",
                "mL?D",
                "Z \"%T",
                "Fnz_m",
                "(b(N",
                "x7j-",
                "dO!&_(L",
                "s+%P=",
                "!guX",
                "\"rIg",
                "t#d'",
                "MK/&(",
                "a:,,K",
                " T1nb",
                "}8P5",
                "<feQ",
                "pgp3 ~~~",
                "1GT(|",
                "_aTo",
                " w7:",
                "Ha @",
                "L1Yg",
                "_!i2",
                "6 `a",
                "<[!)!",
                "d%HY>",
                "\"^9i",
                "{C!J",
                "AUT9C",
                "~C[U",
                "9{z6x",
                "(BhTd",
                "RiY:",
                "<EV#/'",
                "?M:s",
                "_IP*!",
                "WH+>",
                "tFJe",
                "NveX",
                "2mFyf:",
                "|CkD -",
                "K>>6 ",
                "k`,l~MK3",
                "<Uq0l",
                "hQ8$",
                "RWzM",
                ".PLx",
                "##mf\"",
                "xy|!",
                ":p79j",
                "Jv{=",
                "?`iE",
                "AQ*S",
                "zqol#6#0L",
                "BA/I",
                "\"tGq",
                "-O)\\4",
                "lRZm?P",
                "ecb)",
                "3;a~l(I",
                "qGoI",
                "PKj5",
                "$JVU",
                "Gkty",
                "6L{6/",
                "t g:q",
                "BOEi",
                "|;L*%",
                ";>Qb",
                "QYUU",
                "x\"0\"",
                "K-wk",
                ")AGo",
                "O~;I",
                "T`Ju#r)6^J",
                "4Nmy",
                "'l U",
                "W\\sc",
                "Fv1?r@",
                "K0<E",
                "iH:r",
                "+L[,",
                "koA-",
                "HQ[1AH",
                ":`xJ",
                "[I6Z",
                "0smt4",
                "*$\"+",
                "3{5V",
                "Bj]r",
                "HON3",
                "O]-`]_",
                "cQW\"",
                "3O(8",
                "\"vlK",
                "~nttJ",
                "N&0M*",
                "wfe]",
                "(e&(",
                "P< Y",
                "=_Gi",
                "3Q\"-]",
                "\\VXA",
                "zI`c",
                "}E1V",
                "M7eD",
                "Cc)58",
                "@\"<}",
                "'[Zt",
                "&NFE",
                "*N5~",
                "/%S`",
                "G#@<",
                "uik0",
                "OLG4",
                ")U`0",
                "8Vy#",
                ",Q#b`",
                "TW[C",
                "PDTZ5",
                "yy_f",
                "|iqg",
                "8v$q",
                "PlEaM0T",
                "-S<`",
                "cC#/",
                ">TEq\\",
                "%'HE",
                "m{Z@",
                "!eZH",
                "@8XS;",
                " ap58",
                "&Khr",
                "Wey32",
                "=~o\"q",
                ";2r_",
                "f&Eg",
                "Ji\\?",
                "*Ds$",
                "=%6^",
                "&!D$<",
                "fF^E",
                "B8+;3",
                "K|Ky\\@V",
                "~Eb^",
                "TlEF7",
                "acA ",
                "Wg1<",
                "<U6>",
                "13:`cK&VM",
                "^>E<&f",
                "\\o6z",
                "A+f~",
                "DVcR",
                "<<V+",
                "z^l|",
                "Yy!Q",
                "A;{2T",
                ";x#3:K_",
                "|oQ~",
                "V;vGWR",
                "+fo%[",
                "I9\\q",
                "k7N,",
                "1_{q",
                "2%I`",
                "&<@0",
                "hLDz6",
                ">@C0",
                "Gnvax/",
                "E\"#Uc",
                ":8r0",
                "9Q82",
                "ooOA",
                "mm:1",
                "axZ!7}h",
                "s>BI",
                "|nLG",
                "\"iZO",
                ">l;1",
                "/*si",
                "x7(8D#",
                "<9RB4",
                "^**9;LY",
                "(Hm8",
                "(^?C",
                "p25+",
                "NuwF",
                "22yl",
                "#<8G",
                "\"66|",
                "PO%_",
                "3NJ<",
                "Ti@7",
                "7-a*",
                "*tVU[T#",
                "d5UP",
                "w5?n",
                "s_p]",
                "wiHm",
                "@X8gW",
                "v\"n/",
                "#T=/",
                "<:WU",
                "xe%CNs",
                "y[sc",
                "_[Qdte",
                "J>:_",
                "]\\z6",
                "yg4|",
                ";=77WE",
                "?% n",
                "4z-e",
                "(o<g",
                "t8VQ2\\",
                "9F.cLe",
                "L:Hf;",
                ";2{Y\"",
                "NOW=\\y",
                "H1Y(",
                "S55tG",
                "_7hE]m",
                "39P/",
                "VF:m",
                "s<Mu",
                "F^Vp}!;",
                "m\\'b3",
                "@;$!",
                "(44(",
                "D1;}n",
                "<{+X",
                ".7`w",
                "|sH+",
                "!2g6w",
                "AZ-^",
                "Z~'<5d",
                "|D,I",
                "bHGV",
                "L7Dd",
                "A:<~",
                "I)/!",
                "hJK.ZH",
                "O/\";_)",
                "fZnF)M",
                "\"xB\\",
                "^P*I",
                "*omj Y",
                "-+1\"",
                "#A3*Vs",
                "Z6w}oz",
                "UuZ|",
                "l^fN",
                "vn2}sp",
                "{A),w",
                "!ALu",
                "o@M\"W",
                "65JSSe",
                "O.qt0",
                "qy(+",
                "\\Uc4~_",
                "0<E*9Uu",
                "OIrH",
                "6]on<X<",
                "}W);",
                "awIQw",
                "p_d2d",
                "{{X_",
                "r,5A:",
                "G=aBa",
                "GFah",
                "~Ov9l",
                "Yc.M",
                "8ds5",
                "I vi",
                "&,au",
                "R?~?&_&",
                "\\r\"t",
                "{DlT",
                ">F/D3",
                "dN41",
                "uS,_",
                "*5Ex",
                "^gEd",
                "j*mI~1",
                "ssg#",
                " !Qk",
                "pZ9=",
                "(DA/Rv",
                "h+c\"gf",
                "tzqV",
                "u:tE",
                "r:1t",
                "C2x|#",
                "VP2y",
                "}'1n@",
                "0yL.",
                "9\"C+",
                "K/k]-kD",
                "~>fBi",
                "~6-G",
                "x>K7GZ",
                "HpO9'+",
                "PUgPl",
                ":\">8",
                "lV$_",
                "oy2T",
                "CM*@",
                "A{JZ%{",
                " J<f",
                "xJ)G",
                "sL;qx",
                "%&lpf",
                "nVN`",
                "%U]1",
                "7,QM1A",
                "@;{3",
                "I;Ju",
                " :7C",
                "N'Uth='z",
                "_'F&D",
                "Q_+xv",
                "52Xt",
                "FFSh",
                "UWVS",
                "9L$ts",
                "D$xf",
                "T$L1",
                ";\\$L",
                "9L$t",
                "t$t#t$l",
                "D$Hf",
                "T$sf",
                "D$t#D$h",
                "+L$d",
                "D$t+D$\\",
                ".)D$H)",
                ")D$H)",
                "L$H)",
                "t$`)",
                "t$8w",
                "L$xf",
                "D$X1",
                "L$8f)",
                "L$8f",
                "s`)L$4",
                "l$8f)",
                "D$8f",
                "l$X1",
                "T$Df",
                "t$Hf",
                "t$(N",
                "t$(u",
                "l$$M",
                "l$$u",
                ";|$Hr",
                "+|$H",
                "t$\\tY",
                "9l$\\w_",
                "+D$\\",
                "D$tIt",
                "9l$tr",
                "9D$t",
                "|[^_]",
                "XPTPSW",
                "KERNEL32.DLL",
                "COMCTL32.dll",
                "GDI32.dll",
                "MSIMG32.dll",
                "MSVCRT.dll",
                "MSVFW32.dll",
                "USER32.dll",
                "LoadLibraryA",
                "GetProcAddress",
                "VirtualProtect",
                "VirtualAlloc",
                "VirtualFree",
                "ImageList_Draw",
                "BitBlt",
                "TransparentBlt",
                "free",
                "DrawDibOpen",
                "GetDC",
                "SkinH_EL.dll",
                "SkinH_AdjustAero",
                "SkinH_AdjustHSV",
                "SkinH_Attach",
                "SkinH_AttachEx",
                "SkinH_AttachExt",
                "SkinH_AttachRes",
                "SkinH_AttachResEx",
                "SkinH_Detach",
                "SkinH_DetachEx",
                "SkinH_GetColor",
                "SkinH_LockUpdate",
                "SkinH_Map",
                "SkinH_NineBlt",
                "SkinH_SetAero",
                "SkinH_SetBackColor",
                "SkinH_SetFont",
                "SkinH_SetFontEx",
                "SkinH_SetForeColor",
                "SkinH_SetMenuAlpha",
                "SkinH_SetTitleMenuBar",
                "SkinH_SetWindowAlpha",
                "SkinH_SetWindowMovable",
                "SkinH_VerifySign",
                "jedata.dll",
                "WScript.Shell",
                "krnln.fnr",
                "Software\\FlySky\\E\\Install\\Path",
                "krnln.fne",
                ".SHE",
                "%0<@",
                "j_)0",
                "x!,a",
                "&EJr}",
                "U4oe",
                "\\$@9",
                "-]r/",
                "C/)A",
                "O-}@",
                "Y(DT",
                "LWqs",
                "(w&.",
                "KR43~",
                "==9i\"",
                "n[C)",
                "w=^v",
                "QQnwI",
                "DtH;",
                "rd\\F",
                "7#rh",
                "^8DMs8",
                "DzU8",
                "]daBOu",
                "_iUOd",
                "\"aO$",
                "> #HU]6",
                "dr\"C",
                "n/-]6",
                "[nOA",
                "Xq8^",
                "T1cu",
                "S_.f",
                "_F>nz",
                "7nmW",
                "t0F!",
                "z5nV9",
                "IIBd1",
                "Avi.CT",
                "%;muwQ5",
                "q]HN",
                "\\ttm",
                "k|qL`",
                "Z-s@",
                "H7e/",
                "dQ3y",
                "8Q8e",
                "Vf`+.",
                "U.d>",
                " xs/@",
                "J:YaM",
                "l6bza",
                "|My(",
                "+-IaE_",
                "!kO?",
                "I} /t",
                "5;^)",
                "r5M=",
                "&'5wb",
                "OA(cg",
                "/'/J[",
                "3%,Y",
                "h[ad>W",
                "glOh",
                "?)Wf*",
                "w2pH",
                "}6;n",
                "N~[W",
                "N@A(",
                "R+Ul2",
                "zigP",
                "9I;@",
                "_q_K",
                "MI`c",
                ":%n'",
                "k8b87",
                "pF$Pym",
                "Gmr3SLB",
                "sub8Wl>HQ",
                "NnZA",
                "?rg>",
                "y0>2",
                "#Ewg>k",
                "3 Te@",
                "\\-3-",
                "yf,D(",
                "oz)6^>",
                "%(pC",
                "9rUp\\",
                "|jH[",
                "D&i?",
                "5\\6w(",
                "tGsO_",
                "H\\+ ",
                "'<6{",
                "D<])",
                "Pec:",
                "&{}H.",
                "P8#]",
                "}VHp4",
                "aini",
                "k*Ww",
                "51<w}@p",
                "=+6R",
                "i}T5",
                "}HfS",
                "yx`LXS",
                "p>}gu",
                "TEW(",
                "Q2)-",
                "ahHq",
                "A`=33chg",
                "RgUSg<",
                "`'l?",
                "2]SN9=",
                "7F</s",
                ";d&X",
                "|xri",
                "cnO}+Y",
                " BQC0",
                "g[n~",
                "$eKjxr",
                "X$5}",
                ">O`'",
                "0(<e",
                "\"~{\\S]",
                "uWH!*",
                "8fm]",
                "G]._A",
                ";$q6M",
                "v'z^&_],",
                "x485",
                "p }s7",
                "V<tA",
                "F}!O",
                "M Z`",
                "F{>6",
                "6w!jk",
                "5Dp9",
                "^s40I",
                "j0J*\\P",
                ",RS,",
                "Ds.<",
                "nd]cS",
                "XHp&'",
                "sf@#+",
                "1^MaK;{&c",
                "<:LQ",
                "A P)",
                "PX*2b",
                "_l/V&",
                "^&~K",
                "xhZ_6%U",
                "/*WU",
                "!WUW",
                "aq}?",
                "voRn",
                ".O;4",
                "(S#]",
                "<eU~",
                "Jk?a:wW",
                "90XN",
                "+7Y#*",
                "}Eb.",
                "$(P)]$y",
                "E;`\"",
                "D7b@",
                "@n/tm",
                ",/]:",
                "twtZo",
                "-APk",
                "kxOd",
                "*l m",
                "c(PIA",
                "jY'_E",
                ":Y5<",
                "jX>x",
                "I4YR",
                "./i@",
                "8})!>*",
                "A0>s",
                "3k! ",
                "{eSw",
                "]\\}I",
                ":0%h`",
                "D3MgJ",
                "VZ#f",
                "nJo?",
                "p&z!",
                "I>+J",
                "d0G0}W",
                "{Yve",
                "-Q,q@s",
                "Bo+D",
                "]Eui",
                "%<or_a",
                ")&De",
                "S&8tM",
                "+Xnk",
                "26P&(",
                "U]_&",
                "tm?Ua",
                "S<QD",
                "CZ:G",
                "9!}4",
                "CjYP",
                "'4f\"",
                "0A`2",
                "-oZ=",
                "<UPD",
                "\\0tNPSD5",
                " +.X",
                "/{c{",
                ".#wIop(&",
                "?yi>+",
                "-Fi=",
                "83QD@",
                "%SY!8i",
                "pI4-",
                ")IrE",
                "(Lb]",
                "..C&]",
                "i/eFD",
                "-A/|S",
                "TqM,",
                "33fy",
                "I6kJ",
                "tnan",
                "y88_",
                "LI*x",
                "gVd>",
                ",}Kw",
                "XhWw",
                "{OYv",
                "K[j2",
                ".lnk",
                "C:\\Program Files\\Internet Explorer\\",
                "http://www.1456.cn/?u=boyuan&t=1&id=0231",
                "C:\\Program Files\\Internet Explorer\\IEXPLORE.EXE",
                "Software\\Microsoft\\Internet Explorer\\Main\\Start Page",
                "http://boyuan.svfree.net/bdUpdate.htm",
                "</test>",
                "&@AA",
                "@ftp://",
                "anonymous",
                "youname",
                ".exe",
                "Socket ",
                "@Socket ",
                "USER ",
                "REST 100",
                "PASS ",
                "REST 0",
                "Restart",
                "TYPE I",
                "SIZE ",
                "PASV",
                "@bytes",
                "byte",
                ",77,18",
                "PORT ",
                "REST ",
                "RETR ",
                "0k/s",
                "@k/s",
                "BaiduP2PService.exe",
                "http://boyuanwuhui.blog.163.com/blog/static/1371863652012053338720/",
                "0123456789ABCDEF",
                "ABCDEFGHIJKLMNOPQRSTUVWXYZabcdefghijklmnopqrstuvwxyz0123456789+/",
                "kernel32",
                "kernel32.dll",
                "wininet.dll",
                "ntdll.dll",
                "CreateWaitableTimerA",
                "SetWaitableTimer",
                "MsgWaitForMultipleObjects",
                "CloseHandle",
                "MultiByteToWideChar",
                "WideCharToMultiByte",
                "CreateThread",
                "TerminateThread",
                "LCMapStringA",
                "InternetOpenA",
                "InternetConnectA",
                "HttpOpenRequestA",
                "HttpSendRequestA",
                "InternetReadFile",
                "HttpQueryInfoA",
                "InternetCloseHandle",
                "InternetSetCookieA",
                "GetCurrentProcessId",
                "ZwOpenProcess",
                "ZwQuerySystemInformation",
                "lstrcpyn",
                "RtlMoveMemory",
                "ZwDuplicateObject",
                "ZwQueryInformationProcess",
                "ZwClose",
                "GetModuleHandleA",
                "GetModuleFileNameA",
                "CreateToolhelp32Snapshot",
                "Process32First",
                "Process32Next",
                "OpenProcess",
                "TerminateProcess",
                "lstrcpynA",
                "http://www.2345.com/?k952768490",
                "imSun",
                "<a href=http://boyuanwuhui.blog.163.com/blog/static/1371863652012053338720/><font color=red><b>",
                "</b></font></a>",
                "body {font-size: 9pt; color:black; font-family:\"",
                "\",Verdana}",
                "p  {font-size: 9pt; color:black; font-family:\"",
                "h1 {font-size: 14pt; color:black; font-family:\"",
                "\",Verdana; font-weight:bold}",
                "h2 {font-size: 13pt; color:#ff9900; font-family:\"",
                "h3 {font-size: 12pt; color:#ff9900; font-family:\"",
                "\",Arial; font-weight:bold}",
                "h4 {font-size: 10pt; color:black; font-family:\"",
                "h5 {font-size: 9pt; color:#ff9900; font-family:\"",
                "h6 {font-size: 65%; color:#626262; font-family:\"",
                "\",Verdana; font-weight:normal}",
                "pre {font-size: 9pt; font-family:\"",
                "\",\"Courier\"; background-color:#fbedbb}",
                "code {color:#990000; font-family:\"",
                "\",Arial}",
                "a:link {text-decoration:none; color:blue}",
                "a:hover {text-decoration:underline; color:blue}",
                "sub {font-size:65%; vertical-align:bottom}",
                "sup {font-size:65%; vertical-align:top}",
                "big {font-size:125%}",
                "small {font-size:75%}",
                ".comment {color:green}",
                "2012boyuan",
                "hack2012",
                "(&S)",
                "(&P)",
                "(&C)",
                "00:00:00",
                "0byte",
                "ftp://ftp.svfree.net/",
                "(&D)",
                "@va9@",
                "|?5^<@",
                "c#p?{",
                "sAmTb",
                "BKbhTb~XBK!;",
                "A!;I2",
                "?u='@^",
                "@Gpa",
                "F%*.*f",
                "CNotSupportedException",
                "CMemoryException",
                "CException",
                "CFile",
                "CMemFile",
                "CTempGdiObject",
                "CTempDC",
                "CRgn",
                "CPalette",
                "CBitmap",
                "CFont",
                "CBrush",
                "CPen",
                "CGdiObject",
                "CPaintDC",
                "CWindowDC",
                "CClientDC",
                "CUserException",
                "CResourceException",
                "CDialog",
                "Edit",
                "Helv",
                "MS Sans Serif",
                "MS Shell Dlg",
                "CTempWnd",
                "CWnd",
                "AfxOldWndProc423",
                "AfxWnd42s",
                "AfxControlBar42s",
                "AfxMDIFrame42s",
                "AfxFrameOrView42s",
                "AfxOleControl42s",
                "GetMonitorInfoA",
                "EnumDisplayMonitors",
                "MonitorFromPoint",
                "MonitorFromRect",
                "MonitorFromWindow",
                "GetSystemMetrics",
                "USER32",
                "commctrl_DragListMsg",
                "Afx:%x:%x:%x:%x:%x",
                "Afx:%x:%x",
                "InitCommonControlsEx",
                "COMCTL32.DLL",
                "CPtrArray",
                "CEdit",
                "CComboBox",
                "CListBox",
                "CButton",
                "CStatic",
                "LISTBOX",
                "CFileDialog",
                "CStringArray",
                "CWinApp",
                "PreviewPages",
                "Settings",
                "CTempImageList",
                "CImageList",
                "CProgressCtrl",
                "CSpinButtonCtrl",
                "CArchiveException",
                "CSharedFile",
                "CCmdTarget",
                "CWinThread",
                "CTempMenu",
                "CMenu",
                "combobox",
                "CDWordArray",
                "CWordArray",
                "CFileException",
                "CMapPtrToPtr",
                "CToolTipCtrl",
                "tooltips_class32",
                "CColorDialog",
                "COleDispatchException",
                "CByteArray",
                "CObject",
                "UNLINK",
                "DELETE",
                "LINK",
                "HEAD",
                "POST",
                "COleException",
                ".INI",
                ".HLP",
                "System",
                "commdlg_SetRGBColor",
                "commdlg_help",
                "commdlg_ColorOK",
                "commdlg_FileNameOK",
                "commdlg_ShareViolation",
                "commdlg_LBSelChangedNotify",
                "CPtrList",
                "software",
                "CSyncObject",
                "CCriticalSection",
                "CMapStringToPtr",
                "MSWHEEL_ROLLMSG",
                "RichEdit Text and Objects",
                "Rich Text Format",
                "FileNameW",
                "FileName",
                "Link Source Descriptor",
                "Object Descriptor",
                "Link Source",
                "Embed Source",
                "Embedded Object",
                "ObjectLink",
                "OwnerLink",
                "Native",
                "KERNEL32",
                "COleBusyDialog",
                "COleDialog",
                "%2\\CLSID",
                "%2\\Insertable",
                "%2\\protocol\\StdFileEditing\\verb\\0",
                "&Edit",
                "%2\\protocol\\StdFileEditing\\server",
                "CLSID\\%1",
                "CLSID\\%1\\ProgID",
                "CLSID\\%1\\InprocHandler32",
                "ole32.dll",
                "CLSID\\%1\\LocalServer32",
                "CLSID\\%1\\Verb\\0",
                "&Edit,0,2",
                "CLSID\\%1\\Verb\\1",
                "&Open,0,2",
                "CLSID\\%1\\Insertable",
                "CLSID\\%1\\AuxUserType\\2",
                "CLSID\\%1\\AuxUserType\\3",
                "CLSID\\%1\\DefaultIcon",
                "%3,%7",
                "CLSID\\%1\\MiscStatus",
                "CLSID\\%1\\InProcServer32",
                "CLSID\\%1\\DocObject",
                "%2\\DocObject",
                "CLSID\\%1\\Printable",
                "CLSID\\%1\\DefaultExtension",
                "%9, %8",
                "Unknown exception",
                "H:mm:ss",
                "dddd, MMMM dd, yyyy",
                "M/d/yy",
                "December",
                "November",
                "October",
                "September",
                "August",
                "July",
                "June",
                "April",
                "March",
                "February",
                "January",
                "Saturday",
                "Friday",
                "Thursday",
                "Wednesday",
                "Tuesday",
                "Monday",
                "Sunday",
                "am/pm",
                "__GLOBAL_HEAP_SELECTED",
                "__MSVCRT_HEAP_SELECT",
                "runtime error ",
                "TLOSS error",
                "SING error",
                "DOMAIN error",
                "R6028",
                "- unable to initialize heap",
                "R6027",
                "- not enough space for lowio initialization",
                "R6026",
                "- not enough space for stdio initialization",
                "R6025",
                "- pure virtual function call",
                "R6024",
                "- not enough space for _onexit/atexit table",
                "R6019",
                "- unable to open console device",
                "R6018",
                "- unexpected heap error",
                "R6017",
                "- unexpected multithread lock error",
                "R6016",
                "- not enough space for thread data",
                "abnormal program termination",
                "R6009",
                "- not enough space for environment",
                "R6008",
                "- not enough space for arguments",
                "R6002",
                "- floating point not loaded",
                "Microsoft Visual C++ Runtime Library",
                "Runtime Error!",
                "Program: ",
                "<program name unknown>",
                "GAIsProcessorFeaturePresent",
                "e+000",
                "frexp",
                "fmod",
                "_hypot",
                "_cabs",
                "ldexp",
                "modf",
                "fabs",
                "floor",
                "ceil",
                "sqrt",
                "atan2",
                "atan",
                "acos",
                "asin",
                "tanh",
                "cosh",
                "sinh",
                "log10",
                " (8PX",
                "700WP",
                "`h````",
                "ppxxxx",
                "(null)",
                "SunMonTueWedThuFriSat",
                "JanFebMarAprMayJunJulAugSepOctNovDec",
                "GetLastActivePopup",
                "GetActiveWindow",
                "MessageBoxA",
                "user32.dll",
                "1#QNAN",
                "1#INF",
                "1#IND",
                "1#SNAN",
                "string too long",
                "invalid string position",
                "+ LOOP ",
                "Dw=|:s",
                "iphlpapi.dll",
                "SHLWAPI.dll",
                "MPR.dll",
                "VERSION.dll",
                "WSOCK32.dll",
                ".PAVCException@@",
                ".PAVCNotSupportedException@@",
                ".PAVCFileException@@",
                "Software\\",
                " (*.prn)|*.prn|",
                " (*.*)|*.*||",
                "Shell32.dll",
                "Mpr.dll",
                "Advapi32.dll",
                "User32.dll",
                "Gdi32.dll",
                "Kernel32.dll",
                "msctls_updown32",
                "EDIT",
                "BUTTON",
                "msctls_progress32",
                "\"%1\"",
                "\\shell\\open\\command",
                ".htm",
                "open",
                "mailto:",
                "DISPLAY",
                "OpenDatabase",
                "CloseDatabase",
                "GetConnectString",
                "GetTabList",
                " %d ",
                "DllUnregisterServer",
                "DllRegisterServer",
                "DEFAULT_ICON",
                "RemovePlayer",
                "QX[O",
                "2323",
                ":TETU",
                "WG!2S(",
                ".(\\23",
                "Nyt2S",
                "hp=o}",
                "23f&",
                "k232s",
                "'Faf&",
                "L23fff&ff",
                "?fff&ff23",
                "$23$I",
                "m[ef",
                "6ef$I",
                "CWinFormUnit",
                "WTWindow",
                "%.6g",
                "%.13g",
                "bcdfghijklmnpqrstuvwxyz",
                "abcddefghijklmnoopqrrsstuvvwwxyyz;",
                "+$%#",
                ",1\"52.*",
                "(&07-034/)7 '",
                "hgjlkbrfzaoe",
                " !\"#!",
                "iong",
                "iang",
                "uang",
                "zheng",
                "zeng",
                "zhen",
                "?? / %d]",
                "%d / %d]",
                " - [",
                ": %d]",
                " (*.WAV;*.MID)|*.WAV;*.MID|WAV",
                " (*.WAV)|*.WAV|MIDI",
                " (*.MID)|*.MID|",
                " (*.txt)|*.txt|",
                "Ctrl+Shift+F12",
                "Ctrl+Shift+F11",
                "Ctrl+Shift+F10",
                "Ctrl+Shift+F9",
                "Ctrl+Shift+F8",
                "Ctrl+Shift+F7",
                "Ctrl+Shift+F6",
                "Ctrl+Shift+F5",
                "Ctrl+Shift+F4",
                "Ctrl+Shift+F3",
                "Ctrl+Shift+F2",
                "Ctrl+Shift+F1",
                "Shift+F12",
                "Shift+F11",
                "Shift+F10",
                "Shift+F9",
                "Shift+F8",
                "Shift+F7",
                "Shift+F6",
                "Shift+F5",
                "Shift+F4",
                "Shift+F3",
                "Shift+F2",
                "Shift+F1",
                "Ctrl+F12",
                "Ctrl+F11",
                "Ctrl+F10",
                "Ctrl+F9",
                "Ctrl+F8",
                "Ctrl+F7",
                "Ctrl+F6",
                "Ctrl+F5",
                "Ctrl+F4",
                "Ctrl+F3",
                "Ctrl+F2",
                "Ctrl+F1",
                "Ctrl+Z",
                "Ctrl+Y",
                "Ctrl+X",
                "Ctrl+W",
                "Ctrl+V",
                "Ctrl+U",
                "Ctrl+T",
                "Ctrl+S",
                "Ctrl+R",
                "Ctrl+Q",
                "Ctrl+P",
                "Ctrl+O",
                "Ctrl+N",
                "Ctrl+M",
                "Ctrl+L",
                "Ctrl+K",
                "Ctrl+J",
                "Ctrl+I",
                "Ctrl+H",
                "Ctrl+G",
                "Ctrl+F",
                "Ctrl+E",
                "Ctrl+D",
                "Ctrl+C",
                "Ctrl+B",
                "Ctrl+A",
                " (*.JPG;*.BMP;*.GIF;*.ICO;*.CUR)|*.JPG;*.BMP;*.GIF;*.ICO;*.CUR|JPG",
                " (*.JPG)|*.JPG|BMP",
                " (*.BMP)|*.BMP|GIF",
                " (*.GIF)|*.GIF|",
                " (*.ICO)|*.ICO|",
                " (*.CUR)|*.CUR|",
                "%s:%d",
                "none",
                "devices",
                "windows",
                "device",
                "true",
                "MGridCells",
                "10000",
                " 16 ",
                "CColourPicker",
                "data",
                "fmt ",
                "WAVE",
                "RIFF",
                "out.prn",
                "%d.%d",
                "%d / %d",
                " %d/%d ",
                " %s ",
                "Bogus message code %d",
                "(%d-%d):",
                "%ld%c",
                "JPEGMEM",
                "Caption",
                "StatusText",
                " (*.htm;*.html)|*.htm;*.html",
                "html",
                "Silent",
                "Offline",
                "FontSize",
                "MousePointer",
                "disable",
                "visible",
                "height",
                "width",
                "left",
                "0: #",
                " 1: #",
                "LLLLLK",
                "(CSS)",
                "(HTML)",
                "&nbsp;",
                "&emsp;",
                "&ensp;",
                "&trade;",
                "&copy;",
                "&reg;",
                "&quot;",
                "&amp;",
                "&gt;",
                "&lt;",
                "windowtext",
                "windowframe",
                "window",
                "threedshadow",
                "threedlightshadow",
                "threedhighlight",
                "threedface",
                "threeddarkshadow",
                "scrollbar",
                "menutext",
                "menu",
                "infotext",
                "infobackground",
                "inactivecaptiontext",
                "inactivecaption",
                "inactiveborder",
                "highlighttext",
                "highlight",
                "graytext",
                "captiontext",
                "buttontext",
                "buttonshadow",
                "buttonhighlight",
                "buttonface",
                "background",
                "appworkspace",
                "activecaption",
                "activeborder",
                "yellowgreen",
                "whitesmoke",
                "wheat",
                "turquoise",
                "tomato",
                "thistle",
                "teal",
                "steelblue",
                "springgreen",
                "slategray",
                "slateblue",
                "skyblue",
                "sienna",
                "seashell",
                "seagreen",
                "sandybrown",
                "salmon",
                "saddlebrown",
                "royalblue",
                "rosybrown",
                "powderblue",
                "plum",
                "peru",
                "peachpuff",
                "papayawhip",
                "palevioletred",
                "paleturquoise",
                "palegreen",
                "palegoldenrod",
                "orchid",
                "orangered",
                "olivedrab",
                "oldlace",
                "navajowhite",
                "moccasin",
                "mistyrose",
                "mintcream",
                "midnightblue",
                "mediumvioletred",
                "mediumturquoise",
                "mediumspringgreen",
                "mediumslateblue",
                "mediumseagreen",
                "mediumpurple",
                "mediumorchid",
                "mediumblue",
                "mediumaquamarine",
                "linen",
                "limegreen",
                "lime",
                "lightyellow",
                "lightsteelblue",
                "lightslategray",
                "lightskyblue",
                "lightseagreen",
                "lightsalmon",
                "lightpink",
                "lightgrey",
                "lightgreen",
                "lightgoldenrodyellow",
                "lightcyan",
                "lightcoral",
                "lightblue",
                "lemonchiffon",
                "lawngreen",
                "lavenderblush",
                "lavender",
                "khaki",
                "ivory",
                "indigo",
                "indianred",
                "hotpink",
                "honeydew",
                "greenyellow",
                "goldenrod",
                "ghostwhite",
                "gainsboro",
                "fuchsia",
                "forestgreen",
                "floralwhite",
                "firebrick",
                "dodgerblue",
                "dimgray",
                "deepskyblue",
                "deeppink",
                "darkviolet",
                "darkturquoise",
                "darkslategray",
                "darkslateblue",
                "darkseagreen",
                "darksalmon",
                "darkred",
                "darkorchid",
                "darkorange",
                "darkolivegreen",
                "darkmagenta",
                "darkkhaki",
                "darkgreen",
                "darkgray",
                "darkgoldenrod",
                "darkcyan",
                "darkblue",
                "crimson",
                "cornsilk",
                "cornflowerblue",
                "coral",
                "chocolate",
                "chartreuse",
                "cadetblue",
                "burlywood",
                "blueviolet",
                "blanchedalmond",
                "bisque",
                "beige",
                "azure",
                "aquamarine",
                "antiquewhite",
                "aliceblue",
                "yellow",
                "white",
                "violet",
                "snow",
                "silver",
                "purple",
                "pink",
                "orange",
                "olive",
                "navy",
                "maroon",
                "magenta",
                "green",
                "gray",
                "gold",
                "cyan",
                "brown",
                "blue",
                "black",
                "aqua",
                "table",
                "body",
                ".?AVexception@@",
                ".?AVlogic_error@std@@",
                ".?AVout_of_range@std@@",
                "invalid vector<T> subscript",
                "/table",
                "italic",
                "strikeout",
                "new_line",
                "class",
                "a:link",
                "a:hover",
                "event",
                "href",
                "link",
                "span",
                "small",
                "code",
                "srcdll",
                "iddll",
                "idres",
                "string",
                "image",
                "ilst",
                "icon",
                "bottom",
                "vcenter",
                "middle",
                "baseline",
                "right",
                "center",
                "transparent",
                "bkgnd",
                "weight",
                "style",
                "color",
                "size",
                "face",
                "font",
                "strike",
                "underline",
                "bold",
                "</body>",
                "<body>",
                "\\winhlp32.exe",
                "colspan",
                "padding-bottom",
                "padding-right",
                "padding-top",
                "padding-left",
                "margin-bottom",
                "margin-right",
                "margin-top",
                "margin-left",
                "border-style",
                "border-width",
                "border-color",
                "vertical-align",
                "text-decoration",
                "background-color",
                "text-transform",
                "text-align",
                "font-weight",
                "font-style",
                "font-family",
                "font-size",
                "oblique",
                "normal",
                "lighter",
                "bolder",
                "capitalize",
                "lowercase",
                "uppercase",
                "overline",
                "line-through",
                "medium",
                "thick",
                "thin",
                "double",
                "dashed",
                "dotted",
                "solid",
                "Verdana",
                "cellspacing",
                "cellpadding",
                "valign",
                "align",
                "bgeffect",
                "bgendcolor",
                "bgmidcolor",
                "bgcolor",
                "bordercolordark",
                "bordercolorlight",
                "bordercolor",
                "borderstyle",
                "border",
                "rowspan",
                "hotstyle",
                "mask",
                "file",
                "handle",
                "index",
                "metal",
                "hardbump",
                "softbump",
                "vbump",
                "hbump",
                "vshade",
                "hshade",
                "diagshade",
                "noise",
                "3vgradient",
                "3hgradient",
                "vcgradient",
                "hcgradient",
                "vgradient",
                "hgradient",
                "Mozilla/4.0 (compatible; MSIE 6.0; Windows NT 5.0)",
                "Accept: */*",
                "Accept: */* ",
                "HTTP/1.0",
                "gb2312",
                "us-ascii",
                "=?gb2312?B?",
                "%s <%s>",
                "Content-Transfer-Encoding: base64",
                "MIME-Version: 1.0",
                "Content-type: text/plain; charset=\"",
                "Content-type: multipart/mixed; boundary=\"#BOUNDARY#\"",
                "Reply-To: %s",
                "From: %s",
                "To: %s",
                "Subject: %s",
                "Date: %s",
                "Cc: %s",
                "%a, %d %b %Y %H:%M:%S ",
                "%+.2d%.2d",
                "QUIT",
                "SMTP",
                "www.dywt.com.cn",
                "Microsoft Internet Explorer",
                ".PAVCOleException@@",
                ".PAX",
                ".PAVCObject@@",
                ".PAVCSimpleException@@",
                ".PAVCMemoryException@@",
                ".?AVCObject@@",
                ".?AVCException@@",
                ".?AVCSimpleException@@",
                ".?AVCMemoryException@@",
                ".?AVCNotSupportedException@@",
                ".?AVCFile@@",
                ".?AVCFileException@@",
                ".?AVCMemFile@@",
                ".?AVCDC@@",
                ".?AVCClientDC@@",
                ".?AVCWindowDC@@",
                ".?AVCPaintDC@@",
                ".?AVCGdiObject@@",
                ".?AVCPen@@",
                ".?AVCBrush@@",
                ".?AVCTempDC@@",
                ".?AVCTempGdiObject@@",
                ".PAVCResourceException@@",
                ".PAVCUserException@@",
                ".?AVCResourceException@@",
                ".?AVCUserException@@",
                ".?AVCCmdTarget@@",
                ".?AVCWnd@@",
                ".?AVCDialog@@",
                ".?AVCCmdUI@@",
                ".?AVCTestCmdUI@@",
                ".?AVCTempWnd@@",
                ".?AVCNoTrackObject@@",
                ".?AV_AFX_CTL3D_STATE@@",
                ".?AVCPtrArray@@",
                ".?AVCStatic@@",
                ".?AVCButton@@",
                ".?AVCListBox@@",
                ".?AVCComboBox@@",
                ".?AVCEdit@@",
                ".?AV_AFX_CHECKLIST_STATE@@",
                ".?AVCBitmap@@",
                ".?AVCRgn@@",
                ".?AVCCommonDialog@@",
                ".?AVCFileDialog@@",
                ".?AV_AFX_THREAD_STATE@@",
                ".?AVAFX_MODULE_STATE@@",
                ".?AVAFX_MODULE_THREAD_STATE@@",
                ".?AV_AFX_BASE_MODULE_STATE@@",
                ".?AVCStringArray@@",
                ".?AUCThreadData@@",
                ".PAVCOleDispatchException@@",
                ".?AV_AFX_WIN_STATE@@",
                ".?AVCWinThread@@",
                ".?AVCWinApp@@",
                ".?AVCSpinButtonCtrl@@",
                ".?AVCProgressCtrl@@",
                ".?AVCImageList@@",
                ".?AVCTempImageList@@",
                ".PAVCArchiveException@@",
                ".?AVCArchiveException@@",
                ".?AVCSharedFile@@",
                ".?AV_AFX_CTL3D_THREAD@@",
                ".?AVCMenu@@",
                ".?AVCTempMenu@@",
                ".?AVCDWordArray@@",
                ".?AVCWordArray@@",
                ".?AVCSyncObject@@",
                ".?AVCMapPtrToPtr@@",
                ".?AVCToolTipCtrl@@",
                ".?AV_AFX_COLOR_STATE@@",
                ".?AVCColorDialog@@",
                ".?AUIOleWindow@@",
                ".?AUIOleInPlaceUIWindow@@",
                ".?AUIOleInPlaceFrame@@",
                ".?AVXOleIPFrame@COleControlContainer@@",
                ".?AVCOleControlContainer@@",
                ".?AUIUnknown@@",
                ".?AUIParseDisplayName@@",
                ".?AUIOleContainer@@",
                ".?AVXOleContainer@COleControlContainer@@",
                ".?AVCFont@@",
                ".?AVCEnumArray@@",
                ".?AVCEnumUnknown@@",
                ".?AVCOccManager@@",
                ".?AUIDispatch@@",
                ".?AVCOleDispatchException@@",
                ".?AVCByteArray@@",
                ".?AV_AFX_SOCK_STATE@@",
                ".?AVCCriticalSection@@",
                ".?AVCSessionMapPtrToPtr@@",
                ".?AVCOleException@@",
                ".?AUISequentialStream@@",
                ".?AUIStream@@",
                ".?AVCArchiveStream@@",
                ".?AVCHandleMap@@",
                ".?AVCPtrList@@",
                ".?AVCMapStringToPtr@@",
                ".?AUIRowsetNotify@@",
                ".?AVXRowsetNotify@COleControlSite@@",
                ".?AUIOleInPlaceSite@@",
                ".?AVXOleIPSite@COleControlSite@@",
                ".?AUINotifyDBEvents@@",
                ".?AVXNotifyDBEvents@COleControlSite@@",
                ".?AUIOleClientSite@@",
                ".?AVXOleClientSite@COleControlSite@@",
                ".?AUIBoundObjectSite@@",
                ".?AVXBoundObjectSite@COleControlSite@@",
                ".?AVXEventSink@COleControlSite@@",
                ".?AVCOleControlSite@@",
                ".?AUIPropertyNotifySink@@",
                ".?AVXPropertyNotifySink@COleControlSite@@",
                ".?AVXAmbientProps@COleControlSite@@",
                ".?AUIOleControlSite@@",
                ".?AVXOleControlSite@COleControlSite@@",
                ".?AVCDataSourceControl@@",
                "Dw=x",
                ".?AUIEnumVOID@@",
                ".?AVXEnumVOID@CEnumArray@@",
                ".?AVCOleMessageFilter@@",
                ".?AUIMessageFilter@@",
                ".?AVXMessageFilter@COleMessageFilter@@",
                ".?AVCOleDialog@@",
                ".?AVCOleBusyDialog@@",
                ".?AV_AFX_OLE_STATE@@",
                "?pow",
                ".?AVtype_info@@",
                "kU'9",
                "HMXB",
                "?Zd;",
                "?/L[",
                "S;uD",
                "z?aUY",
                "D?$?",
                "U>c{",
                "zc%C1",
                ".:3q",
                "-64OS",
                "NKeb",
                ".?AVlength_error@std@@",
                "resource.h",
                "P#include \"afxres.h\"",
                "PA#define _AFX_NO_SPLITTER_RESOURCES",
                "#define _AFX_NO_OLE_RESOURCES",
                "#define _AFX_NO_TRACKER_RESOURCES",
                "#define _AFX_NO_PROPERTY_RESOURCES",
                "#if !defined(AFX_RESOURCE_DLL) || defined(AFX_TARG_CHS)",
                "#ifdef _WIN32",
                "LANGUAGE 4, 2",
                "#pragma code_page(936)",
                "#endif //_WIN32",
                "#include \"l.chs\\afxres.rc\"          // Standard components",
                "#endif",
                "wwwwx",
                "wxwwx",
                "wwwxx",
                "{{{{{",
                "{{{{p",
                "{{{x",
                "wwwx",
                "wwwwww",
                "wwww",
                "0R>\\",
                "0R>\\W[",
                "S Rd",
                "nzzpenc",
                "\\Pbk",
                "nzz(",
                "[eQ(",
                "eQpenc",
                "SbpS",
                "SbpS:g:",
                "SbpS0R",
                "USMO:",
                "ks|)",
                ">e0R",
                "[IN:",
                ">e~v",
                "GYvPu",
                "SbpS@b",
                "SbpSu",
                "SbpSL",
                "~_gu",
                "Npe:",
                "SMOn",
                "Y>\\L",
                "kXEQ>\\u",
                "zz}v",
                "ck(WSbpS",
                "-NbkSbpS(",
                "ck(W",
                "SbpS\\O",
                "-NbkSbpS",
                "]SbpS",
                "S_MRu",
                "OX[:N",
                "N*g}T",
                "VgbL",
                "ech1Y%",
                "OX[0R ",
                "N*Y'Y",
                "RSbpS\\O",
                "R1Y%",
                "N1Y%",
                "QX[gbL",
                "YX[(W",
                "N/f@b",
                "g~b0Rdk",
                "-N\"N1Y",
                "0dk:ghV",
                "N*N ",
                "vHr,g",
                "N*Ntepe",
                "N*Npe",
                "kXeQ",
                "N*N(W%",
                "vtepe",
                "vpeW[",
                "vW[&{",
                "N*N(W0",
                "N*Ncktepe",
                "N*N'",
                "l~b0R",
                "T/f&Tcknx",
                "N*N^",
                "Qyr'`",
                "yr'`",
                "g~b0R ",
                "V:N*Y",
                "vsQT",
                "l Rd",
                "[/fS_MR",
                "g~b1Y%",
                "(WX[",
                "N*Nlx",
                "vQ>\\",
                "VS_VERSION_INFO",
                "StringFileInfo",
                "040904b0",
                "Comments",
                "SkinSharp GUI Toolkit",
                "CompanyName",
                "SkinSharp Inc.",
                "FileDescription",
                "SkinSharp GUI ",
                "FileVersion",
                "1, 0, 6, 6",
                "InternalName",
                "SkinSharp For EL",
                "LegalCopyright",
                " - Skin.dll",
                "LegalTrademarks",
                "SkinSharp",
                "OriginalFilename",
                "PrivateBuild",
                "ProductName",
                "ProductVersion",
                "SpecialBuild",
                "VarFileInfo",
                "Translation",
                "xxxx",
                "#######",
                "#####",
                "         (((((                  H",
                "    ",
                ";T^h<U_i=V`j>Wak?Xbl@YcmAZdnB[eoC\\fpD]gq",
                "TEXTINCLUDE",
                "IEXT_IDB_STATEIMAGES",
                "Ctrl+PageUp",
                "Ctrl+PageDown",
                "Ctrl+",
                "PageUp",
                "PageDown",
                "Ctrl+Home",
                "Ctrl+End",
                "Shift+Tab",
                "Tab/Enter",
                "(&T)",
                "(&E)",
                "(&I)",
                "(&O)",
                "Spin1",
                "Progress1",
                "(&N)",
                "(&H)",
                " ......",
                " (*.*)",
                " INI ",
                " %1 ",
                " DLL "
            ]
        }
    ]
}