{
    "malware_data": [
        {
            "filename": "baccfe00837fe4ed8b6ebfdc02c2b198054a9ee11e4b7e0475e5abe60f91b033.elf",
            "filetype": "7F454C46",
            "filesize": "56KB",
            "hash_sha256": "baccfe00837fe4ed8b6ebfdc02c2b198054a9ee11e4b7e0475e5abe60f91b033",
            "strings": [
                " NUPX!",
                "t93qJ",
                "~viB",
                "M{S#FaSr",
                "MRiD",
                "L8qN",
                "#)oqZ'Q",
                "o:f1",
                "^5Bb!",
                "$}BK",
                "CS5@_e",
                "w6#3",
                ".m|p+2",
                "CuZAt",
                "\"Ie3",
                "q`Rwx",
                "w?`s",
                "~I#zx",
                "h=rq",
                "k.8~",
                "\\h6Z$",
                "2)r3",
                "1dy!",
                "_^<w",
                "wq<=",
                "VlUb",
                "A^\\~",
                "5(0N",
                "3e~4",
                "]Gs\\",
                "g%xB.j*",
                "m~eUY",
                "yv8I",
                "`Ic|",
                "QDcW",
                "hkY$",
                "~YPB[",
                "c+4]F!",
                "|?jI",
                "anPg",
                "SjDz",
                "C/:-",
                "}X<&k",
                "n'.F",
                "2Erm",
                "$F;e",
                ";KEe6",
                "{sBS",
                "pFvx",
                "P$~p",
                "3p.[z",
                "-h9z",
                "~[BU",
                "Op6B",
                "_*~j",
                ">/Nh^",
                ">#'`",
                "=~k>",
                "cP,L",
                "uIP#",
                "b-GEtD",
                "r[$7ra",
                "h~SM_",
                "Ok:V-",
                "Wy#ls",
                "uv;A",
                "^K^S:=",
                "a4z*",
                "j'v9%",
                "R:\"=",
                "{DfI",
                "C*;v",
                "lb&<WQ",
                "`Ou3@3HP$",
                "qG7i",
                "sb=Vg",
                "bc+0Wul`",
                "d>O\\",
                "T+@:j",
                "+8I.",
                "@z2US",
                "v'L5:",
                "ft<;{",
                "5H<.B",
                "+Z;I",
                "UYVI",
                "CW_{W]",
                "%[v36",
                "qq-5",
                "yPyv",
                "Mv:~",
                "W&xl]",
                "0AOlD",
                "%T5x",
                ")8[H",
                "=i(2g",
                "D_>/",
                "V|cY",
                "d\\:b",
                "EvvP",
                ";/M(L",
                "PMtq",
                "N[}Xe",
                "Jdk_",
                "LDej",
                "@(X\"",
                "*r.o",
                "DVaD(E",
                "9uNx/",
                "-(cd",
                "d_y'r",
                "Ci~G",
                "e--$",
                "LFIJv",
                "_)d$",
                "N(v*",
                "\"l?r",
                "-Vg7",
                "|nbx",
                "/iG_",
                "^1T!'x",
                "G`7A",
                "z2f,",
                "<{+R",
                "?R-^",
                "A-tW",
                ".\\sPp",
                "N?GM",
                "z6U{",
                "~xe@",
                "?#lW",
                "rBy6",
                "]$NB6",
                "0}K8",
                "[uB0",
                "DG4-",
                "7/K\\zq",
                "*61H",
                "Beob",
                "1U.5",
                "tWZ9F",
                "I~'6",
                "S\\9t",
                "a;.Cy",
                "Ve`/",
                "iJYh?El0",
                "Y1u|",
                "krd}*cN",
                "rt|M",
                "_>8p",
                "}l.0ul",
                "w@NR",
                "#,_A",
                "!hev",
                "J2^`G",
                "Rfb2e",
                "+<Ni-d",
                ",a2tas",
                "5T,vA",
                "ST{S",
                "\"E@8J",
                "R2XP",
                "f!R%Z",
                "0@fei",
                "l^qe",
                "{Mw5",
                "Ybh,",
                "$2W:Y",
                "L,Vr",
                "+;[s9",
                "ZLpy",
                "J%M0 ",
                "16W'",
                "o_/q",
                "H/>4",
                "I85_ '",
                "qqSD",
                "za0Z",
                "{#oo",
                "gF/n#",
                "uFZN",
                ",X&b",
                "DM'!=",
                "!#Ys",
                ">'qy89",
                ",j7]",
                "P5UH3",
                "@+\\Mbk1",
                "slg~08",
                ";-.}",
                "y0 bL",
                "4\"d]",
                "TPZU",
                "@EIZ",
                "33/-",
                "CU=>",
                "]k,_D",
                "fC,[2",
                "En4<~",
                "/N%L{",
                "c9->",
                "]&z!",
                ":nsFHl",
                "<G( ",
                "_v2[",
                "=pcR",
                " 'iZ",
                "oX3k}",
                "D*Vl",
                "2^'8",
                "/:*]",
                "^le`",
                "m[6lZs",
                ">WUi_`g",
                "?VVLQ",
                "mvR,",
                "}l$<",
                "~}e ",
                "S^_[K",
                "k8me",
                "S.\"*",
                "~RCS",
                "uFE|",
                "njc/",
                "!JuP",
                "+Hw=<",
                "b~cJ^H",
                "\"^?R",
                "i&/p",
                "d&x7",
                "$H)&",
                "L*B$",
                "K?Ii",
                "X}gT",
                "Cag_)",
                "I(H#",
                "FW3d",
                "B'_i",
                "XM%=",
                "kc]t",
                "O.[;`",
                " Sfp",
                "bXD~",
                "jF*/",
                "bFbZG",
                "-|INHI",
                "}45f",
                "e/hgJ.",
                "3pKv",
                "}tH=",
                "1@](",
                "GF~4",
                "P731|i",
                "q]M/",
                "6.nS",
                "?-\"'R",
                "o$!l",
                "n,Cd",
                "ZE:b",
                "LB#t",
                "bch,kz<",
                "P,[M",
                ")O(2",
                "C\"L]",
                "a+D?",
                "?%)}Y",
                "M|x#",
                "#U+q",
                "04F6",
                "\\\\l`O",
                "ZLsqP",
                "g_SF#",
                "7/Io,]",
                "$,inc",
                "oztN7W",
                "D4PO",
                "|$`6",
                "hf\"%",
                "i\\>^y",
                "ILVq",
                "`^xaBC",
                "3tLw`P",
                "!P ;",
                "CFME",
                "5!zL:^",
                "JX<W",
                "IF#6",
                "E$lP",
                "gi<?",
                "1|R3",
                "=\\^JQ",
                "k_Q|",
                "V)5n",
                "gbj~",
                "=VNm",
                "``fi",
                "v0-}",
                "cPPvjf",
                "\"y z",
                "Gd c",
                "/k(&",
                "L~c@KYF:",
                "@M*Qu",
                "bKaW",
                "Lym=",
                "zNOe",
                "xU3V",
                "Lel4",
                "t0bX5",
                "}WRz",
                "\\gA_",
                "u|>7 \\",
                "sDM9",
                "PpP$",
                "OTP&)'w",
                "lt&(",
                " :PI",
                "$^CK",
                "$),m",
                "6+ :",
                "U$#\\",
                "m$?v",
                "<Z.4",
                "jtN'mG",
                "cTcF",
                "W-54",
                "^g%U]'",
                "y>{(F",
                "Q%Ul)",
                "*JP ",
                "E>sk",
                "[82Pq",
                "dZ}q",
                "]Xqd",
                "W=+C'r",
                "J[0H",
                "M}Qp",
                "VY]p",
                "9h'5",
                "9,zT",
                "&v_*P",
                "]G'2#",
                "jk/$6",
                "_'!)",
                "?`fX",
                "Bxg.",
                "sn7r",
                "x~0?8",
                "CY&W",
                "ctj9",
                "Jp-pGl",
                "PB?\\\\",
                "~e*K",
                "uE<TY1",
                "$zX`",
                ")iW:l#",
                "g]tI(u",
                "pO-U",
                "Ct$PW",
                "|[[bG<",
                "/2\\*C",
                "@tPQF",
                "R9FIR",
                "]/-5",
                "j'4]",
                "qQ4b",
                "GCig",
                "&Z@o",
                "gI@&",
                "\"O%m",
                "E7hh",
                "'62@",
                "Jr*uj",
                "LC`9P",
                "-c+%",
                "E(Q,",
                "cB-mX:",
                "A^i%",
                "0b)q",
                "#sF&a",
                "'SMti=",
                "z'qB",
                "HjMDsg",
                "qFu214",
                "nB~!R",
                "aQJU*",
                "8fQ=P",
                "0,$D",
                "Z)7sqx",
                "ig Z",
                "V`7)r",
                ">XJY",
                "!Ea^",
                "j>6uX",
                "),CF",
                "b=Q]4",
                "nimM",
                "{(Ps",
                "8mPLf",
                "3*[M:",
                "'I:R",
                "P/\"1U",
                "-4Vl",
                "h~K|",
                "T3nD",
                "|r[#&",
                "EQ!b.5",
                "4?i=[",
                ":6{P[",
                "YkJ ",
                "fO/}",
                "*~!S",
                "75}~\"",
                "Pb )",
                "PROT_EXEC|PROT_WRITE failed.",
                "$Info: This file is packed with the UPX executable packer http://upx.sf.net $",
                "$Id: UPX 3.94 Copyright (C) 1996-2017 the UPX Team. All Rights Reserved. $",
                "5n9#",
                "]=2)",
                "%b')",
                "/Cw@Z&",
                "9e(1",
                "xjqX",
                "/Vv<",
                "-zL0U",
                ":LM'",
                "~!'\"?",
                "gn;>",
                "`dOW",
                ">G\"V",
                "G0KT",
                "o9ruVu{",
                "A3Zp",
                "5(Ix5",
                "[NI.",
                "[zu%Z",
                "b/h>@%",
                " ;\\4",
                "+Ofp",
                "}~DzK",
                "\"q%R",
                "DD2v",
                "&lQ/\"",
                "[^fe%",
                "#MAZ",
                "wFTl",
                "Ci9F%W",
                "5|~[5",
                "N~!E",
                "kjY0a",
                "ahCU7",
                "At%W",
                "#DP[",
                "0!Mn ",
                "R9O!",
                "O)kAm\\.@",
                "&q11",
                "'B}%",
                "7EC}",
                "KTera#",
                "D\\#8",
                "zG)1",
                "(P'#",
                "12ocAt",
                "gpDw",
                "u/Gf",
                "K}&g",
                "vtZM2%",
                "Eb|Qm",
                "(IxMH",
                "SODY",
                "opU0.LT",
                "zrlw",
                "L:w;",
                "7Ozx",
                "]+YL",
                "Vrt`J",
                "Aq=.",
                "W.qZ",
                "e=#fOn",
                "p#bBU",
                "O^_5",
                ";xdS",
                "r8^D",
                "b#qqR",
                "Om~M",
                "e;u5fi",
                "=%-l",
                "=i(gb",
                "4DWz",
                "x>/i_",
                "%?OH",
                "f.\\j",
                "w%pj@Z",
                ":>yO>",
                "UQDKs",
                "cfFZ=",
                "ImvY",
                "<:^1",
                "@VY@",
                "yU6N",
                "ISrP",
                "y/T\"",
                "Sk&p",
                "/{p9j",
                ">\\<>w?",
                "Q/@QU",
                "hFw79S",
                "qK_F",
                "/9Lt@",
                "m^,<l|s",
                "4}zaK",
                "4MO-jBr",
                "=be/",
                "Ek.6}",
                "?%6yr",
                "t'^i",
                "xz*t(",
                "k/:I",
                "/|J\"",
                "(Q4,",
                "iq*k",
                "5Hk<",
                "k@vF\\",
                "{)N}98E",
                "P=BY",
                "^uu&G!I`",
                "3Be%",
                "kP@*",
                "[r0u",
                "$U+n;",
                "^UG]H3M",
                "X-(y{]",
                "h#n^",
                "*&3v(",
                "(QFH39",
                "DdqG&",
                "G(UW",
                "ZiVE",
                "EZGm",
                "N_s$",
                "]O]0",
                "jdc'",
                "2GJP]",
                "Wr\"l",
                "z2e<y",
                "EXJP",
                "B\"_B",
                "Aq@1",
                "X\"+:z",
                "pg`I>=C",
                "uS>a",
                "(/HV+_",
                "B>^GP",
                ":VfT",
                "m$ue",
                "p^5L",
                "c=EM",
                "RS4Y",
                "r~l>",
                "~kgR[hzX9",
                "Lu:i",
                "!jZ5k,T",
                "dc l",
                ">Lcs",
                "|2$r[\"#",
                "-41s",
                "HTvC",
                "d<O~",
                "F`A`",
                "\"qur-c,",
                "kEVZ",
                ".N]N",
                "M~,I",
                "nxBrxw",
                "9QM<",
                "2Q\"f",
                "BhMc",
                "o]Ml",
                "TE3-'",
                "`4`\"=",
                "5UB(",
                "at/%",
                "5Qu,",
                "sftP",
                "a?D?",
                "$e18",
                "OAeI",
                "1-ppa",
                "]ck1",
                "@{Mn",
                "kz3g/K",
                "5dFI",
                "u(}ag",
                "BrV0",
                "Gv-ut",
                "_E[:",
                "eVa.~D",
                "?P*H1",
                "K{W#9",
                "oe?w+",
                "@KH.",
                "y/kg",
                "wxQE6",
                "Ex+In=",
                " W=v",
                "b'-;l",
                "Zw`G",
                "vhawZ6.%",
                "pZ'RY",
                "d:Ff",
                "9FDo",
                "zJN.",
                "?-x@",
                "QF0I",
                "`E*B",
                "[:0O",
                "H\"Sv",
                "'Mnu",
                "jolZ",
                "K]a:yG",
                "qc7-",
                "O[80h%+",
                "DoaUh",
                "p)j@",
                "DNEJ9H",
                "d1e_",
                "3,ZeA",
                "|8`F",
                "/V~D&h",
                "Qbhe",
                ">U.8",
                "^x)*Kl",
                "sg=Na",
                "]<^o",
                "yz>$",
                "5dm_",
                ";sMz",
                "b7v84",
                "O#/A",
                "S/kdd",
                "UPX!"
            ]
        }
    ]
}