{
    "malware_data": [
        {
            "filename": "bbb0547890ab42791e6bba722fc959466834535b67be66e8f58b3623d6736e35.elf",
            "filetype": "7F454C46",
            "filesize": "25KB",
            "hash_sha256": "bbb0547890ab42791e6bba722fc959466834535b67be66e8f58b3623d6736e35",
            "strings": [
                "4UPX!",
                "&$U*T",
                "PTRh",
                "QVh ",
                "Z[^*",
                "3_]5",
                ".u1<",
                "@WT$",
                "|$ 7",
                "t$0Z8",
                "6lS}a9",
                ">A4*",
                "5P2/C9",
                "d jo",
                "TX_j ?",
                "gf=.",
                "w'OQ",
                "}(owr`1",
                "EP[E",
                "L\\A?",
                "3Tzu",
                "@VU<CRND",
                "jflu",
                "\\u|E",
                "<1LQ",
                "\\84Uhg",
                "d/Qk",
                "2SQ<",
                "r<3;",
                "TB;(",
                "0SQo",
                "8*(t:",
                "4##S8",
                "ac8<KD",
                "\"n$F",
                "S_-DA",
                "@^QrR",
                "1\"V E",
                "j@B#^%g",
                "-+`)",
                "'Te,",
                "u_$BV'",
                "N@WB",
                "S,PW-5",
                "x?LP",
                "Z#P{}",
                "aqIGAd",
                "4JzS(.9",
                "0KN.i",
                "VS`@NN",
                "ht$LV",
                "M!6\"",
                "U 75",
                "&L\")IOJ]]",
                "^X)a",
                "s4gYn`",
                "kHUS9C",
                "yFCCL",
                "R<F!",
                "%#FFF",
                "J^[K",
                "xLXw",
                "Y0H7",
                "?>RRj(",
                "6(k8q",
                "b}j<VLe,s",
                "S+,\\ ",
                "YE2%",
                "\\M@N",
                "TLTLD",
                "$g>@%",
                "}\\QQ",
                "]H9.i6",
                "rQQTR",
                "E*+*",
                "#(y/}0",
                "hS2%",
                "\\pd Sr!xl",
                "9Xpz",
                "$:_|",
                ",2=\\%3",
                "8}Yv",
                "bxkrV",
                "Pcurv}",
                " UE,",
                "h5Rb8wx",
                "JtEw",
                "*F,OKd#6",
                "$&3oVS",
                "$.;#7o&y",
                "?kW(XZ",
                "=B QV",
                "!h4G",
                "U!fHxd",
                "d:M8PV",
                "=;8(",
                "f#dD",
                "3J2,",
                "E^PBaat",
                "|W#5",
                ";4zS",
                "&4;Rr",
                "$Y_U",
                "rvIw@/",
                "?zw,#",
                "$PRh",
                "Bu@_",
                "+76lT",
                "mk1Y",
                "E(H4",
                "E%,K",
                "<EF<j@",
                "PGS44",
                ">ct#",
                " ^ke",
                "lBtWQVUVh",
                "XQ`\\",
                "<$HZ",
                "t:-(",
                "dd(s",
                "j w(Cda8",
                "7xt%",
                "IQJD",
                "c#xv",
                "_]]S7",
                "Xxdh.r",
                "Q`h_",
                "`XZSY]XW",
                "V0IP@R",
                "DitG",
                "_{bI",
                "`U}jXD",
                ";fI6",
                "2[;f",
                "D,fvR",
                "OrQP9",
                "tp,X",
                "_CvKp",
                "bAP0",
                "S/lK  ",
                "C+p'",
                "paQ1",
                "Fof7k",
                "XBF:",
                "%/z%",
                "giNN",
                "rr2 ",
                "ur2 ",
                "T+O@",
                "(KfT",
                "KAsq",
                "(n<W",
                "QM]A",
                "[x[q",
                "Z\"-`",
                "~0>F",
                "VKy?",
                "Z^_Ac",
                "J5U*",
                "R'&H%",
                "[6JF",
                "k-7'",
                "u'8K",
                "d)o<9",
                "9|_@",
                "!'0A~f",
                "j@RI&",
                "V>[ -S",
                "Q2+cR",
                "+u@O",
                "R!=d",
                "Q2$S7k",
                "isPj",
                "UUVR",
                "Vkjj2",
                "=0`~",
                "t34gw",
                "*-qG",
                "SuJEnF",
                "_LQn",
                "1gR}",
                "QsWFpL",
                "npua",
                "<P0*p",
                "u'!}",
                "3wJu",
                "%'J,m",
                "rs8L",
                "{tP~N",
                "t@~>",
                "5A$k",
                "+|wIm?F",
                "<mtN",
                "8[4E",
                ",>oc",
                "IroFM",
                "@J )",
                ")LD`Yh5",
                "FSoF",
                "!UeL",
                "k+4t",
                "c8L;",
                "$[Yp",
                "<$@(Dl",
                "uXrUr",
                " j@BT",
                "clQ@>",
                "t,XB{",
                "]&tPu",
                ";\\r[",
                "+iJbQxk",
                "kx}3~",
                "<O43",
                "%j2#",
                "s5J9",
                "11,,D",
                "]5U;",
                "'W1T[",
                "Qa=J",
                ";5=u8",
                "nT?M",
                "0Imp",
                "\"u/o",
                "r]ppF",
                "9<r7",
                "U\"+@",
                "96s?",
                "FFqSZ {",
                "Rno,l",
                ")\"mi3",
                ";X,t{+9k",
                "/HDma",
                "w=FA",
                "gO<7",
                "SSPQ)@Wm",
                "oB%3",
                "\\$ S",
                "BYX-T",
                "Y0%*#R",
                "('ppT",
                "u%WWS",
                "J>B<",
                "ZY/_",
                "\\2oY",
                "x7 l",
                ":v`W",
                "8pJ ",
                "xNx,",
                "*E^e%@!",
                "U*9d",
                ">xRO",
                "@F4Jh>#R",
                "6m\\$(@",
                "STG<",
                "0P!y",
                "XPq+.",
                "(@0H",
                "KEE v",
                "G*f+",
                "}QGUX",
                ",:94",
                "SuAQh",
                "t_(D",
                "BMqF",
                "ShQW",
                "9{H@",
                "a[82",
                "!tAP4",
                "U,d@,",
                "e<a(G",
                "4vz-",
                "O8u?z=j",
                "=(rpZ\\",
                "Q^ 3",
                "j0*,Q",
                "|4}}",
                "iC0M",
                "HC>\\Q",
                "t0DhGQN('/g",
                "63)} ",
                "-.u5AnA",
                "BRR`",
                "8h4,",
                "AJ'4",
                "e^k_H$]",
                "lVuORJ",
                "Jt%K",
                "g9#|",
                "9xbFcRl",
                "k~IAa",
                "/proc/%d",
                "self",
                "/exe",
                "stmp",
                "_cbcdefghijklmnopqrstuvwxyzS",
                "%=7?",
                "Ycmdlin",
                "R012345",
                "678'",
                "FX]]",
                "\\T^F",
                "AC^R",
                "R\\U]X_",
                "ICIN_W",
                "BYT1",
                "AHS^I",
                "|xcpx1nc",
                "R^CCTR",
                "W^D_S",
                "QMNT",
                "AMLD\"",
                "TSource Eng",
                " Query",
                "(nil)",
                "ulak",
                "hlLjztqZH",
                "difFeEgGa+Scs`+0-#'",
                "9OCU",
                "sUOpw",
                "#atio+0",
                "AjNo s\"h f",
                "rect",
                "#&AIntfup5",
                "ys~ ca",
                "put/F",
                "vicVaddrDAr",
                "eI oA g(l",
                "aBB1",
                "Cscri",
                "a)ly unava",
                "2\\'m",
                "rubusKF",
                "cG-A[k@p.$",
                "Ga/j",
                "0Va7",
                "Bap(",
                "&%5Il",
                "eek|0-",
                "Zu^f",
                "-o2. b",
                "eety",
                "u|bm.a",
                "e,qvdChank",
                "7Lc 2~e",
                "aW+m[",
                "gIft",
                "muI ",
                "m^k$c",
                ")8W@",
                "od1c",
                "th[Awl",
                "kin*",
                "9~Lbj",
                "s)sAd",
                "(?Comm",
                "}-nd",
                "[RFS",
                "FcVb",
                "B^Nb_",
                "As[Pg!",
                "5$M2",
                "EjoE",
                "eKal",
                "AZlY",
                "b\"4r",
                "XDwr",
                "=(T<dy#I",
                "gnAe",
                "64o|>q",
                "q\\Ssmj",
                "Hor`V",
                "vdrw",
                "D$~XENIX",
                "c;mk",
                "P@p_",
                "TwmG/l/nG",
                "27,;",
                "%.*s/",
                "ABCD",
                "EFGHIJKLMNOlSTUVWX",
                "L(kn",
                "D$ A",
                "W[Qc",
                "CW S",
                "oa/0Aok",
                "CAk[S",
                "T$(9",
                "H+|$,",
                "$Info: This file is packed with the UPX executable packer http://upx.sf.net $",
                "$Id: UPX 3.94 Copyright (C) 1996-2017 the UPX Team. All Rights Reserved. $",
                "PROT_EXEC|PROT_WRITE failed.",
                "/proc/sm",
                "elf/exe",
                "[jUX",
                "PO;C",
                "UPX!u",
                "_um9",
                "@bQs",
                "W?:m",
                "tr[]",
                "tf~{",
                ".shstrtab",
                "init",
                "roda",
                "ctors",
                "w9G'[",
                "UPX!"
            ]
        }
    ]
}