{
    "malware_data": [
        {
            "filename": "b8f289fadbf32bcd3c562041c6b84f34a38370938140b125d692e2ff46375422.elf",
            "filetype": "7F454C46",
            "filesize": "28KB",
            "hash_sha256": "b8f289fadbf32bcd3c562041c6b84f34a38370938140b125d692e2ff46375422",
            "strings": [
                "UPX!",
                ";V7,",
                "UK;O~",
                "8eE ",
                "=Z<y<",
                "'+#v",
                "~D0FH",
                "[mT~",
                "%hOk",
                "Ki-m}N|",
                "'zR/",
                "bNHYg",
                "s/E>",
                "*z35",
                "k8CH",
                "X'/-",
                "d6Q|j",
                "wuSe",
                "{7(`so",
                "&y$8",
                "{@<T",
                "wXq1a",
                "_wYJ7",
                "Kz;+lU",
                "6(ja",
                "l?&)*",
                "h^`rCg",
                "8__<",
                "AJ_CB",
                "_O[x",
                "n03z",
                "D? FFg",
                "^#'~",
                ",AdeD ",
                "28JQ",
                "|)gu`",
                " O_$",
                "h7Kid",
                "8eAp",
                "S0e0]V",
                "QBPoRs",
                "_z_X=",
                "s#A{s",
                "lPCr",
                "eke  ",
                "~4\\,",
                "*:k$",
                "tUP[",
                "#WQ/",
                "CV~m",
                "O-j5",
                "<La)s[fw",
                "G$p8l>",
                "ZT`_",
                "2+Ph",
                "6{i5",
                "Pg\\s",
                ":X2m*",
                "l !G",
                "qp:J",
                "~g:(nD",
                "E;6]",
                "cn{i",
                "?E0{",
                "v(]Z",
                "h3ah",
                "<OcO",
                "t8~7",
                "a|/}",
                "hFJJ=",
                "74:DW",
                "F.#a5O}",
                "e4$2",
                "n*`E",
                ",eTgLcy:",
                "<SMA ",
                "a=7+4",
                "z5|^",
                "\\kPg",
                "iDlz",
                "(a}{ET",
                "X[J\"",
                "C(7Kq^",
                "R)y(Y",
                "Ftg;",
                "7k4D",
                "\\oDe{^:y[QZ>",
                "2XzS@G5",
                "qy!{",
                "&xgd",
                "eJ@?",
                "Z7c8",
                "N5Fu",
                "4,LMq?!t",
                "Zz.A)",
                "~4=q",
                "Ubiv",
                "I:eN",
                "J?>b",
                "4?ns",
                "@(EEVY",
                "yRm=nt",
                ".\\Q%3",
                "b~*]",
                "AA~K",
                "|?e+v",
                "'2U*",
                "KuF\"D",
                "am\\g[",
                "=]Et",
                "I$ls",
                "n>k+yez",
                "uz@U",
                "@)Qi",
                "VhnA",
                "ilJe",
                "Y1~m",
                "D-Lk",
                "n+oI3",
                "%C0U",
                "eQjt",
                "x_ZiQ",
                "W#O]",
                "rERF?f;",
                "0Or]H",
                "h{a@c3S",
                "u1A=5(",
                "5M&2",
                "\"@w_",
                "~4y$.~>)",
                " ,S_j",
                "up@5kT",
                "iB:n`7S",
                "[,(I%:2",
                "]5\"j",
                "2gx1",
                "yz;\"^",
                "p/qr",
                "vab#",
                "dm\"2|2",
                "u<cr",
                "fPvY",
                "SY8i",
                "pA1+0)",
                "~)G Q",
                "\"W>r",
                "avww",
                "r5P{",
                "F:Lkt",
                "#_}'",
                "K|Hh",
                "hIaxH",
                "uY&u",
                "q9vl",
                "xe*H",
                "r4%m",
                "9V8 ",
                "$~[U^",
                "Wo{P",
                "#^$)",
                "n^bu",
                "-D5Ve",
                "ha`I",
                "BlUF",
                ":UR(",
                "*PYQJ;",
                "U3sI -",
                "XpK?",
                "+^=n",
                "nJ&y}7",
                "@k|-",
                "M.cQ",
                "%LGn",
                "TKSD",
                "J-D*",
                "&t:m",
                "rF*E",
                "mQpz",
                "G,3$\"",
                "9Q\"-",
                "A$E0",
                "!c/m",
                "oU]h",
                "F|}m",
                "z^gK",
                "IT2^",
                "*mB=",
                "=\\t ^g",
                "]i:|N1",
                "tQiN",
                "(4[p",
                "X%FF",
                "sbkzQ",
                "Fe}dG\"",
                "UQ~i6s",
                "LA(K",
                "fw[R",
                "p^Ai",
                "sJe+",
                "lT>~kq",
                "YHL8",
                "@Td ",
                "-|jy",
                "AH(X",
                "Yo[n",
                "|u2!dJ3",
                "l?i>",
                "%hC>",
                "m`yN",
                "r;\"/",
                "owi9",
                "}72$",
                "s7gT'",
                "+v^2",
                "@i7iC",
                "]e]?",
                "e=7P",
                "G>T9,c",
                "~ioz",
                "qtd#",
                "-3SW.",
                "oqqq",
                "8hN5",
                "f;DW",
                "oJ8u[h",
                ",b+hJ",
                "hw2Xs/",
                "i'8B_k",
                "r+c&iF",
                "Ol@i",
                "C<*YLK",
                "cERR",
                "d'$M",
                "@%+[",
                "d;sJ",
                "<[Bm.",
                "_TsV8",
                "+AH\\",
                "UNS?*[",
                ".|;T",
                "~JJccX@F",
                "@P9B",
                "+87s;3",
                "t3V~",
                "^Z9/",
                "w~_8",
                "9)S0jc",
                "Dso5;",
                "0Hf*",
                "e},[E",
                "KM;W",
                ";/=i",
                "A$.B",
                "=P^9i?",
                "6(99",
                "PZ_W",
                "Ai0%",
                ")tnC]",
                "(Z|ir",
                "k^/f'CJ",
                "AN JP",
                "s3u#$'",
                "^N>(a;Ch",
                "j^OH",
                "l_,v",
                "`MIv",
                "TqBs",
                "mD1A",
                "o e\"l",
                "fvQVy^",
                "}`D5",
                "X|;#",
                "Pb )",
                "PROT_EXEC|PROT_WRITE failed.",
                "$Info: This file is packed with the UPX executable packer http://upx.sf.net $",
                "$Id: UPX 3.94 Copyright (C) 1996-2017 the UPX Team. All Rights Reserved. $",
                "5n9#",
                "]=2)",
                "%b')",
                "U+V!]",
                "/S|1",
                "[*v!q6L",
                "|[%'",
                "Jv?R",
                "TB$gsp8",
                "[>2g",
                "u`QMf",
                "kA;C].",
                "]a$<",
                ":C2~z",
                "?Usd",
                "K+~(",
                "961K"
            ]
        }
    ]
}