{
    "malware_data": [
        {
            "filename": "c1be3c17f856344daf7ab2ad08074e94145f371698f52bc93b5dde4030c53f62.exe",
            "filetype": "4D5A9000",
            "filesize": "93KB",
            "hash_sha256": "c1be3c17f856344daf7ab2ad08074e94145f371698f52bc93b5dde4030c53f62",
            "strings": [
                "!This program cannot be run in DOS mode.",
                ".text",
                "`.rdata",
                "@.data",
                "hVPA",
                "h8PA",
                "VWSh",
                ":A;M",
                "=KTA",
                "t*PP",
                "@t]Hj",
                "=^PA",
                "5^PA",
                "=bPA",
                "5bPA",
                "PhfPA",
                "hfPA",
                "v;PP",
                "hIQA",
                "hcQA",
                "hKTA",
                "h-TA",
                "h1SA",
                "h!TA",
                "hOSA",
                "h%TA",
                "hqSA",
                "Pj R",
                "%<Ar",
                "h%+@",
                "PSQRWV",
                "^_ZY[X",
                "VWPSQR",
                "QZ^&",
                "ZY[X_^",
                "tTjZ",
                "tgjZ",
                "B,Ph",
                "R,RP",
                "SVW+",
                "SVWh<XA",
                "t>h(XA",
                "hIXA",
                "h<XA",
                "h(XA",
                "hVYA",
                "h?YA",
                "hHYA",
                "hQYA",
                "hXXA",
                "hwXA",
                "h{YA",
                "h[YA",
                "hgYA",
                "hpYA",
                "hs[A",
                "hLZA",
                "hJ[A",
                "h5\\A",
                "h@\\A",
                "hK\\A",
                "hX\\A",
                "hd\\A",
                "h*\\A",
                "tch{\\A",
                "hp\\A",
                "hG]A",
                "hB]A",
                "h6]A",
                "h*]A",
                "hc]A",
                "hR]A",
                "ht]A",
                "h%^A",
                "h_^A",
                "PPPh",
                "hR_A",
                "h@_A",
                "h6_A",
                "h!_A",
                "h,_A",
                "Phr_A",
                "h^_A",
                "h_`A",
                "hP`A",
                "hU`A",
                "hb`A",
                "PhZ`A",
                "Phg`A",
                "h1`A",
                "hk`A",
                "hx`A",
                "h'aA",
                "h1aA",
                "h6aA",
                "hsaA",
                "hYaA",
                "t$hOaA",
                "IhTbA",
                "hTbA",
                "hcbA",
                "h bA",
                "hzbA",
                "hfbA",
                "hIbA",
                "t%h=bA",
                "h cA",
                "hEcA",
                "h^cA",
                "hsdA",
                "h;dA",
                "hEdA",
                "t9hOdA",
                "h0dA",
                "tBPh0dA",
                "Ch(dA",
                "hadA",
                "h(eA",
                "hdeA",
                "h-eA",
                "tah{eA",
                "PhoeA",
                "t)PP",
                "t$PP",
                "hTfA",
                "h,fA",
                "h<fA",
                "hDfA",
                "hXfA",
                "tchAgA",
                "PPPPh",
                "h3gA",
                ":\\\\u",
                "hPgA",
                "8~u>",
                "huhA",
                "hyhA",
                "h}hA",
                "uFh7hA",
                "h@hA",
                ":.su",
                "@hOhA",
                "Ph[hA",
                "PhhhA",
                "h(hA",
                "h-hA",
                "tAPP",
                "h?iA",
                "h-iA",
                "hOiA",
                "hFiA",
                "h\\iA",
                "tEhiiA",
                "tEh|iA",
                "hniA",
                "h-jA",
                "hAjA",
                "Ph}jA",
                "h}jA",
                "PhYjA",
                "hIjA",
                "tFhyjA",
                "h=kA",
                "=!TA",
                "hzkA",
                "PhnkA",
                "hXkA",
                "VWh3lA",
                "h5lA",
                "?'u+",
                "h7lA",
                "h}lA",
                "hvlA",
                "h-lA",
                "hblA",
                "hklA",
                "h/mA",
                "h;mA",
                "hDmA",
                "hNmA",
                "hVmA",
                "himA",
                "t|h`mA",
                "hsmA",
                "tYh}mA",
                "hYnA",
                "h4nA",
                "h\"nA",
                "Ph+nA",
                "hhnA",
                "hcnA",
                "8,\"u",
                "h\"oA",
                "haoA",
                "uehcoA",
                "hcoA",
                "h,oA",
                "t5PP",
                "hEoA",
                "h6oA",
                "hQoA",
                "h'oA",
                "tQhtoA",
                "hloA",
                "h{oA",
                "h3pA",
                "h6pA",
                "h@pA",
                "hlpA",
                "hqpA",
                "hvpA",
                "h{pA",
                "hMpA",
                "h$qA",
                "hKqA",
                "hbqA",
                "hwqA",
                "h/qA",
                "tEh rA",
                "h*rA",
                "tEh6rA",
                "hHrA",
                "hSrA",
                "hkrA",
                "h5sA",
                "h@sA",
                "hlsA",
                "hnsA",
                "5dsA",
                "5hsA",
                "hTsA",
                "hhsA",
                "h_sA",
                "hMtA",
                "h0tA",
                "h`tA",
                "hUtA",
                "hltA",
                "Ph$uA",
                "h-uA",
                "Ph9uA",
                "hFuA",
                "hRuA",
                "hquA",
                "h^uA",
                "hguA",
                "WVS+",
                "7huyA",
                "h\"yA",
                "h.yA",
                "hHyA",
                "hjyA",
                "h?wA",
                "h{xA",
                "h!zA",
                "h3zA",
                "h>zA",
                "hHzA",
                "hSzA",
                "h]zA",
                "hhzA",
                "hszA",
                "h{zA",
                "h {A",
                "h-{A",
                "h8{A",
                "hB{A",
                "hM{A",
                "hX{A",
                "hc{A",
                "hn{A",
                "hy{A",
                "h(|A",
                "h2|A",
                "h=|A",
                "hG|A",
                "hR|A",
                "hZ|A",
                "he|A",
                "hn|A",
                "hy|A",
                "h-PA",
                "hNPA",
                "@tkh",
                "UVW3",
                "!_^]",
                "_^][",
                "tJO@",
                "ri)D$",
                "l$ V3",
                "9T$,v",
                "T$,;",
                ";L$,",
                "T$0;",
                "+l$(",
                "l$(;",
                "vGSQ",
                "uFSQ",
                "\\$X;",
                "+L$PR",
                "+T$PQ",
                "L$\\RQ",
                "T$4R",
                "9D$(ub",
                "9D$8",
                "L$8WQ",
                "D$8=",
                "D$ HP",
                "D$LP",
                "L$(9L$@",
                "D$DPQ",
                "L$$+",
                "L$,Q",
                "D$@RP",
                "D$D;",
                "v89l$D|0",
                "L$(UQ",
                "\\$X}",
                "uM9l$D}G",
                "\\$X~",
                "L$<Q",
                "D$0;D$(",
                "D$(UP",
                "T$0PR",
                "\\$(;",
                "D$$+",
                "9|$4r4",
                "T$0WR",
                "D$8WP",
                "L$(R",
                "D$$;",
                "\\$X~I",
                "D$8;",
                "D$(;",
                ";|$<",
                "D$TCH",
                "T$8WR",
                "6][_",
                "+L$PRQW",
                "+D$P][_^",
                "PPSVW",
                "33331",
                "PPVW",
                "aPLib v1.01  -  the smaller the better :)",
                "Copyright (c) 1998-2009 by Joergen Ibsen, All Rights Reserved.",
                "More information: http://www.ibsensoftware.com/",
                "http://mnpupdate.sytes.net/icrm/gate.php",
                "YUIPWDFILE0YUIPKDFILE0YUICRYPTED0YUI1.0",
                "MODU",
                "SOFTWARE\\Microsoft\\Windows\\CurrentVersion\\Uninstall",
                "UninstallString",
                "DisplayName",
                ".exe",
                "Software\\WinRAR",
                "open",
                "kernel32.dll",
                "WTSGetActiveConsoleSessionId",
                "ProcessIdToSessionId",
                "netapi32.dll",
                "NetApiBufferFree",
                "NetUserEnum",
                "ole32.dll",
                "StgOpenStorage",
                "advapi32.dll",
                "AllocateAndInitializeSid",
                "CheckTokenMembership",
                "FreeSid",
                "CredEnumerateA",
                "CredFree",
                "CryptGetUserKey",
                "CryptExportKey",
                "CryptDestroyKey",
                "CryptReleaseContext",
                "RevertToSelf",
                "OpenProcessToken",
                "ImpersonateLoggedOnUser",
                "GetTokenInformation",
                "ConvertSidToStringSidA",
                "LogonUserA",
                "LookupPrivilegeValueA",
                "AdjustTokenPrivileges",
                "CreateProcessAsUserA",
                "crypt32.dll",
                "CryptUnprotectData",
                "CertOpenSystemStoreA",
                "CertEnumCertificatesInStore",
                "CertCloseStore",
                "CryptAcquireCertificatePrivateKey",
                "msi.dll",
                "MsiGetComponentPathA",
                "pstorec.dll",
                "PStoreCreateInstance",
                "userenv.dll",
                "CreateEnvironmentBlock",
                "DestroyEnvironmentBlock",
                "shell32.dll",
                "SHGetFolderPathA",
                "My Documents",
                "AppData",
                "Local AppData",
                "Cache",
                "Cookies",
                "History",
                "Common AppData",
                "My Pictures",
                "Common Documents",
                "Common Administrative Tools",
                "Administrative Tools",
                "Personal",
                "Software\\Microsoft\\Windows\\CurrentVersion\\Explorer\\Shell Folders",
                "explorer.exe",
                "S-1-5-18",
                "SeImpersonatePrivilege",
                "SeTcbPrivilege",
                "SeChangeNotifyPrivilege",
                "SeCreateTokenPrivilege",
                "SeBackupPrivilege",
                "SeRestorePrivilege",
                "SeIncreaseQuotaPrivilege",
                "SeAssignPrimaryTokenPrivilege",
                "Mozilla/4.0 (compatible; MSIE 8.0; Windows NT 5.1; Trident/5.0)",
                "POST %s HTTP/1.0",
                "Host: %s",
                "Accept: */*",
                "Accept-Encoding: identity, *;q=0",
                "Accept-Language: en-US",
                "Content-Length: %lu",
                "Content-Type: application/octet-stream",
                "Connection: close",
                "Content-Encoding: binary",
                "User-Agent: %s",
                "Content-Length:",
                "Location:",
                "\\*.*",
                "HWID",
                "{%08X-%04X-%04X-%02X%02X-%02X%02X%02X%02X%02X%02X}",
                "GetNativeSystemInfo",
                "IsWow64Process",
                "Software\\Far\\Plugins\\FTP\\Hosts",
                "Software\\Far2\\Plugins\\FTP\\Hosts",
                "Software\\Far Manager\\Plugins\\FTP\\Hosts",
                "Software\\Far\\SavedDialogHistory\\FTPHost",
                "Software\\Far2\\SavedDialogHistory\\FTPHost",
                "Software\\Far Manager\\SavedDialogHistory\\FTPHost",
                "Password",
                "HostName",
                "User",
                "Line",
                "_cx_ftp.ini",
                "\\GHISLER",
                "InstallDir",
                "FtpIniName",
                "Software\\_hisler\\Windows Commander",
                "Software\\_hisler\\Total Commander",
                "\\Ipswitch",
                "Sites\\",
                "\\Ipswitch\\WS_FTP",
                "\\win.ini",
                ".ini",
                "WS_FTP",
                "DEFDIR",
                "CUTEFTP",
                "QCHistory",
                "Software\\GlobalSCAPE\\CuteFTP 6 Home\\QCToolbar",
                "Software\\GlobalSCAPE\\CuteFTP 6 Professional\\QCToolbar",
                "Software\\GlobalSCAPE\\CuteFTP 7 Home\\QCToolbar",
                "Software\\GlobalSCAPE\\CuteFTP 7 Professional\\QCToolbar",
                "Software\\GlobalSCAPE\\CuteFTP 8 Home\\QCToolbar",
                "Software\\GlobalSCAPE\\CuteFTP 8 Professional\\QCToolbar",
                "Software\\GlobalSCAPE\\CuteFTP 9\\QCToolbar",
                "\\GlobalSCAPE\\CuteFTP",
                "\\GlobalSCAPE\\CuteFTP Pro",
                "\\GlobalSCAPE\\CuteFTP Lite",
                "\\CuteFTP",
                "\\sm.dat",
                "_oftware\\FlashFXP\\3",
                "_oftware\\FlashFXP",
                "_oftware\\FlashFXP\\4",
                "InstallerDathPath",
                "path",
                "Install Path",
                "DataFolder",
                "\\Sites.dat",
                "\\Quick.dat",
                "\\_istory.dat",
                "\\FlashFXP\\3",
                "\\FlashFXP\\4",
                "\\FileZilla",
                "\\sitemanager.xml",
                "\\recentservers.xml",
                "\\filezilla.xml",
                "Software\\FileZilla",
                "Software\\FileZilla Client",
                "Install_Dir",
                "Host",
                "Pass",
                "Port",
                "Remote Dir",
                "Server Type",
                "Server.Host",
                "Server.User",
                "Server.Pass",
                "Server.Port",
                "Path",
                "ServerType",
                "Last Server Host",
                "Last Server User",
                "Last Server Pass",
                "Last Server Port",
                "Last Server Path",
                "Last Server Type",
                "FTP Navigator",
                "FTP Commander",
                "ftplist.txt",
                "\\BulletProof Software",
                ".dat",
                ".bps",
                "Software\\BPFTP\\Bullet Proof FTP\\Main",
                "Software\\BulletProof Software\\BulletProof FTP Client\\Main",
                "Software\\BPFTP\\Bullet Proof FTP\\Options",
                "Software\\BulletProof Software\\BulletProof FTP Client\\Options",
                "Software\\BPFTP",
                "LastSessionFile",
                "SitesDir",
                "InstallDir1",
                ".xml",
                "\\SmartFTP",
                "Favorites.dat",
                "_istory.dat",
                "_ddrbk.dat",
                "quick.dat",
                "\\TurboFTP",
                "Software\\TurboFTP",
                "installpath",
                "Software\\Sota\\FFFTP",
                "CredentialSalt",
                "CredentialCheck",
                "Software\\Sota\\FFFTP\\Options",
                "UserName",
                "HostAdrs",
                "RemoteDir",
                "Username",
                "HostDirName",
                "Software\\CoffeeCup Software\\Internet\\Profiles",
                "Software\\FTPWare\\COREFTP\\Sites",
                "PthR",
                "profiles.xml",
                "\\FTP Explorer",
                "Software\\FTP Explorer\\FTP Explorer\\Workspace\\MFCToolBar-224",
                "Buttons",
                "Software\\FTP Explorer\\Profiles",
                "PasswordType",
                "Login",
                "InitialPath",
                "FtpSite.xml",
                "\\Frigate3",
                "_VanDyke\\Config\\Sessions",
                "\\Sessions",
                "Software\\VanDyke\\SecureFX",
                "Config Path",
                "UltraFXP",
                "\\sites.xml",
                "\\FTPRush",
                "RushSite.xml",
                "Server",
                "FtpPort",
                "Software\\Cryer\\WebSitePublisher",
                "\\BitKinex",
                "bitkinex.ds",
                "Hostname",
                "Software\\ExpanDrive\\Sessions",
                "\\ExpanDrive",
                "\\drives.js",
                "\"password\" : \"",
                "Software\\ExpanDrive",
                "ExpanDrive_Home",
                "_Password",
                "Directory",
                "Software\\NCH Software\\ClassicFTP\\FTPAccounts",
                "FtpServer",
                "FtpUserName",
                "FtpPassword",
                "_FtpPassword",
                "FtpDirectory",
                "SOFTWARE\\NCH Software\\Fling\\Accounts",
                "Software\\FTPClient\\Sites",
                "Software\\SoftX.org\\FTPClient\\Sites",
                ".oxc",
                ".oll",
                "ftplast.osd",
                "\\GPSoftware\\Directory Opus",
                "\\SharedSettings.ccs",
                "\\SharedSettings_1_0_5.ccs",
                "\\SharedSettings.sqlite",
                "\\SharedSettings_1_0_5.sqlite",
                "\\CoffeeCup Software",
                "leapftp",
                "unleap.exe",
                "sites.dat",
                "sites.ini",
                "\\LeapWare\\LeapFTP",
                "SOFTWARE\\LeapWare",
                "InstallPath",
                "DataDir",
                "RemoteDirectory",
                "PortNumber",
                "FSProtocol",
                "Software\\Martin Prikryl",
                "\\32BitFtp.ini",
                "NDSites.ini",
                "\\NetDrive",
                "PassWord",
                "RootDirectory",
                "Software\\South River Technologies\\WebDrive\\Connections",
                "FTP CONTROL",
                "FTPCON",
                ".prf",
                "\\Profiles",
                "http://",
                "https://",
                "ftp://",
                "opera",
                "wand.dat",
                "_Software\\Opera Software",
                "Last Directory3",
                "Last Install Path",
                "Opera.HTML\\shell\\open\\command",
                "\\Opera Software",
                "wiseftpsrvs.bin",
                "\\AceBIT",
                "Software\\AceBIT",
                "SOFTWARE\\Classes\\TypeLib\\{CB1F2C0F-8094-4AAC-BCF5-41A64E27F777}",
                "SOFTWARE\\Classes\\TypeLib\\{9EA55529-E122-4757-BC79-E4825F80732C}",
                "wiseftpsrvs.ini",
                "wiseftp.ini",
                "FTPVoyager.ftp",
                "FTPVoyager.ftp.backup",
                "FTPVoyager.ftp.old.backup",
                "FTPVoyager.qc",
                "\\RhinoSoft.com",
                "nss3.dll",
                "NSS_Init",
                "NSS_Shutdown",
                "NSSBase64_DecodeBuffer",
                "SECITEM_FreeItem",
                "PK11_GetInternalKeySlot",
                "PK11_Authenticate",
                "PK11SDR_Decrypt",
                "PK11_FreeSlot",
                "profiles.ini",
                "Profile",
                "IsRelative",
                "PathToExe",
                "prefs.js",
                "signons.sqlite",
                "signons.txt",
                "signons2.txt",
                "signons3.txt",
                "Firefox",
                "\\Mozilla\\Firefox\\",
                "Software\\Mozilla",
                "ftp.",
                "fireFTPsites.dat",
                "SeaMonkey",
                "\\Mozilla\\SeaMonkey\\",
                "Flock",
                "\\Flock\\Browser\\",
                "Mozilla",
                "\\Mozilla\\Profiles\\",
                "Software\\LeechFTP",
                "AppDir",
                "LocalDir",
                "bookmark.dat",
                "SiteInfo.QFP",
                "Odin",
                "WinFTP",
                "sites.db",
                "CLSID\\{11C1D741-A95B-11d2-8A80-0080ADB32FF4}\\InProcServer32",
                "servers.xml",
                "\\FTPGetter",
                "ESTdb2.dat",
                "QData.dat",
                "\\Estsoft\\ALFTP",
                "Internet Explorer",
                "WininetCacheCredentials",
                "MS IE FTP Passwords",
                "DPAPI: ",
                "@J7<",
                "AJ7<",
                "BJ7<",
                "%02X",
                "Software\\Microsoft\\Internet Explorer\\IntelliForms\\Storage2",
                "Microsoft_WinInet_*",
                "Software\\Adobe\\Common",
                "SiteServers",
                "SiteServer %d\\Host",
                "SiteServer %d\\WebUrl",
                "SiteServer %d\\Remote Directory",
                "SiteServer %d-User",
                "SiteServer %d-User PW",
                "%s\\Keychain",
                "SiteServer %d\\SFTP",
                "DeluxeFTP",
                "sites.xml",
                "SQLite format 3",
                "table",
                "CONSTRAINT",
                "PRIMARY",
                "UNIQUE",
                "CHECK",
                "FOREIGN",
                "Web Data",
                "Login Data",
                "logins",
                "origin_url",
                "password_value",
                "username_value",
                "moz_logins",
                "hostname",
                "encryptedPassword",
                "encryptedUsername",
                "\\Google\\Chrome",
                "\\Chromium",
                "\\ChromePlus",
                "Software\\ChromePlus",
                "\\Bromium",
                "\\Nichrome",
                "\\Comodo",
                "\\RockMelt",
                "K-Meleon",
                "\\K-Meleon",
                "Epic",
                "\\Epic\\Epic",
                "Staff-FTP",
                "\\Sites",
                "\\Visicom Media",
                ".ftp",
                "\\Global Downloader",
                "SM.arch",
                "FreshFTP",
                ".SMF",
                "BlazeFtp",
                "site.dat",
                "LastPassword",
                "LastAddress",
                "LastUser",
                "LastPort",
                "Software\\FlashPeak\\BlazeFtp\\Settings",
                "\\BlazeFtp",
                ".fpl",
                "FTP++.Link\\shell\\open\\command",
                "GoFTP",
                "Connections.txt",
                "3D-FTP",
                "\\3D-FTP",
                "\\SiteDesigner",
                "SOFTWARE\\Classes\\TypeLib\\{F9043C88-F6F2-101A-A3C9-08002B2F49FB}\\1.2\\0\\win32",
                "EasyFTP",
                "\\NetSarang",
                ".xfp",
                ".rdp",
                "TERMSRV/*",
                "password 51:b:",
                "username:s:",
                "full address:s:",
                "TERMSRV/",
                "FTP Now",
                "FTPNow",
                "SOFTWARE\\Robo-FTP 3.7\\Scripts",
                "SOFTWARE\\Robo-FTP 3.7\\FTPServers",
                "FTP Count",
                "FTP File%d",
                "ServerName",
                "UserID",
                "InitialDirectory",
                "2.5.29.37",
                "Software\\LinasFTP\\Site Manager",
                "\\Cyberduck",
                ".duck",
                "user.config",
                "<setting name=\"",
                "value=\"",
                "Software\\SimonTatham\\PuTTY\\Sessions",
                "TerminalType",
                "NppFTP.xml",
                "\\Notepad++",
                "Software\\CoffeeCup Software",
                "FTP destination server",
                "FTP destination user",
                "FTP destination password",
                "FTP destination port",
                "FTP destination catalog",
                "FTP profiles",
                "FTPShell",
                "ftpshell.fsi",
                "Software\\MAS-Soft\\FTPInfo\\Setup",
                "\\FTPInfo",
                "ServerList.xml",
                "NexusFile",
                "ftpsite.ini",
                "FastStone Browser",
                "FTPList.db",
                "\\MapleStudio\\ChromePlus",
                "Software\\Nico Mak Computing\\WinZip\\FTP",
                "Software\\Nico Mak Computing\\WinZip\\mru\\jobs",
                "Site",
                "xflags",
                "Folder",
                ".wjf",
                "winex=\"",
                "\\Yandex",
                "My FTP",
                "project.ini",
                "{74FF1730-B1F2-4D88-926B-1568FAE61DB7}",
                "NovaFTP.db",
                "\\INSoftware\\NovaFTP",
                ".oeaccount",
                "Salt",
                "<_OP3_Password2",
                "<_MTP_Password2",
                "<IMAP_Password2",
                "<HTTPMail_Password2",
                "\\Microsoft\\Windows Live Mail",
                "Software\\Microsoft\\Windows Live Mail",
                "\\Microsoft\\Windows Mail",
                "Software\\Microsoft\\Windows Mail",
                "Software\\RimArts\\B2\\Settings",
                "DataDirBak",
                "Mailbox.ini",
                "Software\\Poco Systems Inc",
                "\\PocoSystem.ini",
                "Program",
                "DataPath",
                "accounts.ini",
                "\\Pocomail",
                "Software\\IncrediMail",
                "EmailAddress",
                "Technology",
                "PopServer",
                "PopPort",
                "PopAccount",
                "PopPassword",
                "_mtpServer",
                "_mtpPort",
                "_mtpAccount",
                "_mtpPassword",
                "account.cfg",
                "account.cfn",
                "\\BatMail",
                "\\The Bat!",
                "Software\\RIT\\The Bat!",
                "Software\\RIT\\The Bat!\\Users depot",
                "Working Directory",
                "ProgramDir",
                "Count",
                "Default",
                "Dir #%d",
                "RLUQ!Dl`hm!@eesdrr",
                "RLUQ!Rdswds",
                "QNQ2!Rdswds",
                "QNQ2!Trds!O`ld",
                "RLUQ!Trds!O`ld",
                "OOUQ!Dl`hm!@eesdrr",
                "OOUQ!Trds!O`ld",
                "OOUQ!Rdswds",
                "HL@Q!Rdswds",
                "HL@Q!Trds!O`ld",
                "Dl`hm",
                "IUUQ!Trds",
                "IUUQ!Rdswds!TSM",
                "QNQ2!Trds",
                "HL@Q!Trds",
                "IUUQL`hm!Trds!O`ld",
                "IUUQL`hm!Rdswds",
                "RLUQ!Trds",
                "QNQ2!Qnsu",
                "RLUQ!Qnsu",
                "HL@Q!Qnsu",
                "QNQ2!Q`rrvnse3",
                "HL@Q!Q`rrvnse3",
                "OOUQ!Q`rrvnse3",
                "IUUQL`hm!Q`rrvnse3",
                "RLUQ!Q`rrvnse3",
                "QNQ2!Q`rrvnse",
                "HL@Q!Q`rrvnse",
                "OOUQ!Q`rrvnse",
                "IUUQ!Q`rrvnse",
                "RLUQ!Q`rrvnse",
                "Software\\Microsoft\\Internet Account Manager\\Accounts",
                "Identities",
                "Software\\Microsoft\\Office\\Outlook\\OMI Account Manager\\Accounts",
                "Software\\Microsoft\\Windows NT\\CurrentVersion\\Windows Messaging Subsystem\\Profiles\\Microsoft Outlook Internet Settings",
                "Software\\Microsoft\\Windows NT\\CurrentVersion\\Windows Messaging Subsystem\\Profiles\\Outlook",
                "Software\\Microsoft\\Internet Account Manager",
                "Outlook",
                "\\Accounts",
                "identification",
                "identitymgr",
                "inetcomm server passwords",
                "outlook account manager passwords",
                "identities",
                "Thunderbird",
                "\\Thunderbird",
                "FastTrack",
                "wallet.dat",
                "\\Bitcoin",
                "electrum.dat",
                "\\Electrum",
                ".wallet",
                "\\MultiBit",
                "Accounts.ini",
                "\\Maxprog\\FTP Disk",
                "\\Litecoin",
                "\\Namecoin",
                "\\Terracoin",
                "\\Armory",
                "\\PPCoin",
                "\\Primecoin",
                "\\Feathercoin",
                "\\NovaCoin",
                "\\Freicoin",
                "\\Devcoin",
                "\\Franko",
                "\\ProtoShares",
                "\\Megacoin",
                "\\Quarkcoin",
                "\\Worldcoin",
                "\\Infinitecoin",
                "\\Ixcoin",
                "\\Anoncoin",
                "\\BBQcoin",
                "\\Digitalcoin",
                "\\Mincoin",
                "\\GoldCoin (GLD)",
                "\\Yacoin",
                "\\Zetacoin",
                "\\Fastcoin",
                "\\I0coin",
                "\\Tagcoin",
                "\\Bytecoin",
                "\\Florincoin",
                "\\Phoenixcoin",
                "\\Luckycoin",
                "\\Craftcoin",
                "\\Junkcoin",
                "r`l`oui`",
                "lhbidmmd",
                "e`whe",
                "dlhodl",
                "rbnnuds",
                "`reg`reg",
                "r`llx",
                "c`cx",
                "eh`lnoe",
                "l`yvdmm",
                "44444",
                "ktruho",
                "k`ldr",
                "bihbjdo",
                "e`ohdmmd",
                "hmnwdxnt3",
                "gtbjngg",
                "qshobd",
                "ktohns",
                "s`hocnv",
                "003322",
                "gtbjxnt0",
                "ohoudoen",
                "qd`otu",
                "onod",
                "bitsbi",
                "ctccmdr",
                "sncdsu",
                "333333",
                "edruhox",
                "mnwhof",
                "fgikjl",
                "lxmnwd",
                "k`rqds",
                "i`mmn",
                "032230",
                "bnb`bnm`",
                "idmqld",
                "ohbnmd",
                "fthu`s",
                "chmmf`udr",
                "mnnjhof",
                "rbnncx",
                "knrdqi",
                "fdodrhr",
                "gnstl",
                "dll`otdm",
                "b`rrhd",
                "whbunsx",
                "q`rrv1se",
                "gnnc`s",
                "hmnwdfne",
                "o`ui`o",
                "cm`cm`",
                "ehfhu`m",
                "qd`bidr",
                "gnnuc`mm0",
                "00000000",
                "qnvds",
                "uitoeds",
                "f`udv`x",
                "hmnwdxnt ",
                "gnnuc`mm",
                "uhffds",
                "bnswduud",
                "`ofdm",
                "jhmmds",
                "bsd`uhwd",
                "032547698",
                "fnnfmd",
                "{ybwcol",
                "ru`susdj",
                "`rimdx",
                "biddrd",
                "rtorihod",
                "bishru",
                "111111",
                "rnbbds",
                "pvdsux0",
                "gshdoe",
                "rtllds",
                "0325476",
                "ldsmho",
                "qiqcc",
                "03254769",
                "knse`o",
                "r`wde",
                "edyuds",
                "whqds",
                "vhoods",
                "rq`sjx",
                "vhoenvr",
                "032`cb",
                "mtbjx",
                "`ouinox",
                "kdrtr",
                "ficeuo",
                "`elho",
                "inuenf",
                "c`rdc`mm",
                "q`rrvnse0",
                "es`fno",
                "ustruon0",
                "k`rno",
                "houdsodu",
                "ltruehd",
                "knio",
                "mduldho",
                "lhjd",
                "johfiu",
                "knse`o32",
                "`cb032",
                "sde032",
                "qs`hrd",
                "gsddenl",
                "kdrtr0",
                "03254",
                "mnoeno",
                "bnlqtuds",
                "lhbsnrngu",
                "ltggho",
                "pvdsu",
                "lnuids",
                "l`ruds",
                "000000",
                "p`{vry",
                "r`ltdm",
                "b`o`e`",
                "rm`xds",
                "s`bidm",
                "nodmnwd",
                "pvdsux",
                "qs`xds",
                "hmnwdxnt0",
                "vi`udwds",
                "q`rrvnse",
                "cmdrrhof",
                "ronnqx",
                "0p3v2d5s",
                "bnnjhd",
                "00000",
                "bidmrd`",
                "qnjdlno",
                "i`i`i`",
                "``````",
                "i`sebnsd",
                "ri`env",
                "vdmbnld",
                "ltru`of",
                "745230",
                "c`hmdx",
                "cm`icm`i",
                "l`ushy",
                "kdrrhb`",
                "rudmm`",
                "cdok`lho",
                "udruhof",
                "rdbsdu",
                "ushohux",
                "shbi`se",
                "qd`bd",
                "ri`mnl",
                "lnojdx",
                "hmnwdxnt",
                "uinl`r",
                "cmhoj093",
                "k`rlhod",
                "qtsqmd",
                "udru",
                "`ofdmr",
                "fs`bd",
                "idmmn",
                "qnnq",
                "cmdrrde",
                "0325476981",
                "id`wdo",
                "itouds",
                "qdqqds",
                "knio207",
                "bnnm",
                "ctruds",
                "`oesdv",
                "g`hui",
                "fhofds",
                "6666666",
                "inbjdx",
                "idmmn0",
                "`ofdm0",
                "rtqdsl`o",
                "douds",
                "e`ohdm",
                "032032",
                "gnsdwds",
                "onuihof",
                "e`jnu`",
                "jhuudo",
                "`reg",
                "0000",
                "c`o`o`",
                "f`udr",
                "gmnvds",
                "u`xmns",
                "mnwdmx",
                "i`oo`i",
                "qshobdrr",
                "bnlq`p",
                "kdoohgds",
                "lxrq`bd0",
                "rlnjdx",
                "l`uuidv",
                "i`smdx",
                "snuhlh",
                "gtbjxnt",
                "rnbbds0",
                "032547",
                "rhofmd",
                "knrit`",
                "fsddo",
                "032pvd",
                "ru`sv`sr",
                "mnwd",
                "rhmwds",
                "`truho",
                "lhbi`dm",
                "`l`oe`",
                "0325",
                "bi`smhd",
                "c`oehu",
                "bishr",
                "i`qqx",
                "inqd",
                "l`ffhd",
                "l`wdshbj",
                "nomhod",
                "rqhshu",
                "fdnsfd",
                "gshdoer",
                "e`mm`r",
                "`ehe`r",
                "0p3v2d",
                "6666",
                "ns`ofd",
                "udruudru",
                "`rrinmd",
                "`qqmd",
                "chudld",
                "777777",
                "vhmmh`l",
                "lhbjdx",
                "`regfi",
                "vhrenl",
                "c`ul`o",
                "q`rr",
                "Client Hash",
                "STATUS-IMPORT-OK",
                "%d.bat",
                "      \"%s\"   ",
                "ShellExecuteA",
                "   :ktk   ",
                "     del    ",
                " %1  ",
                "if  ",
                " exist ",
                "   %1  ",
                "  goto ",
                " ktk",
                " del ",
                "  %0 ",
                "80( ",
                "91)!",
                ":2*\"",
                ";3+#>6.&",
                "=5-%",
                "<4,$",
                "'2, /+0&7!4-)1#",
                "CreateFileA",
                "ReadFile",
                "CloseHandle",
                "WriteFile",
                "lstrlenA",
                "GlobalLock",
                "GlobalUnlock",
                "LocalFree",
                "LocalAlloc",
                "GetTickCount",
                "lstrcpyA",
                "lstrcatA",
                "GetFileAttributesA",
                "ExpandEnvironmentStringsA",
                "GetFileSize",
                "CreateFileMappingA",
                "MapViewOfFile",
                "UnmapViewOfFile",
                "LoadLibraryA",
                "GetProcAddress",
                "GetTempPathA",
                "CreateDirectoryA",
                "DeleteFileA",
                "GetCurrentProcess",
                "WideCharToMultiByte",
                "GetLastError",
                "lstrcmpA",
                "CreateToolhelp32Snapshot",
                "Process32First",
                "OpenProcess",
                "Process32Next",
                "FindFirstFileA",
                "lstrcmpiA",
                "FindNextFileA",
                "FindClose",
                "GetModuleHandleA",
                "GetVersionExA",
                "GetLocaleInfoA",
                "GetSystemInfo",
                "GetWindowsDirectoryA",
                "GetPrivateProfileStringA",
                "SetCurrentDirectoryA",
                "GetPrivateProfileSectionNamesA",
                "GetPrivateProfileIntA",
                "GetCurrentDirectoryA",
                "lstrlenW",
                "MultiByteToWideChar",
                "Sleep",
                "GetModuleFileNameA",
                "LCMapStringA",
                "ExitProcess",
                "SetUnhandledExceptionFilter",
                "CreateStreamOnHGlobal",
                "GetHGlobalFromStream",
                "CoCreateGuid",
                "CoTaskMemFree",
                "CoCreateInstance",
                "OleInitialize",
                "wsprintfA",
                "user32.dll",
                "RegOpenKeyExA",
                "RegQueryValueExA",
                "RegCloseKey",
                "RegOpenKeyA",
                "RegEnumKeyExA",
                "RegCreateKeyA",
                "RegSetValueExA",
                "IsTextUnicode",
                "RegOpenCurrentUser",
                "RegEnumValueA",
                "GetUserNameA",
                "InternetCrackUrlA",
                "InternetCreateUrlA",
                "wininet.dll",
                "StrStrIA",
                "StrRChrIA",
                "StrToIntA",
                "StrStrA",
                "StrCmpNIA",
                "StrStrIW",
                "shlwapi.dll",
                "ObtainUserAgentString",
                "urlmon.dll",
                "inet_addr",
                "gethostbyname",
                "socket",
                "connect",
                "closesocket",
                "send",
                "select",
                "recv",
                "setsockopt",
                "WSAStartup",
                "wsock32.dll",
                "LoadUserProfileA",
                "UnloadUserProfile",
                "jjjj",
                "jjjjjj",
                "2http://www.facebook.com/",
                "abe2869f-9b47-4cd9-a358-c22904dba7f7",
                "e() ",
                "pSettings",
                "@5ApA"
            ]
        }
    ]
}