{
    "malware_data": [
        {
            "filename": "b8a78216d6f5375b58799711ddf70519790f24454e21b2ccd0b80179c13de79e.elf",
            "filetype": "7F454C46",
            "filesize": "33KB",
            "hash_sha256": "b8a78216d6f5375b58799711ddf70519790f24454e21b2ccd0b80179c13de79e",
            "strings": [
                "UPX!",
                "!&l\\",
                "M0H(|",
                "?wGR",
                "9m*?+",
                "GJgh]|",
                "G;Nf",
                "Am|qJ",
                "et-*",
                "pHP@",
                ")Tn ",
                "58T7W",
                "B>R.",
                "|B?d",
                "K.&ah",
                "}rzSS",
                ")KOs ",
                "O}(zv",
                "y/<l",
                "E#r9",
                "la-S",
                "ndD{",
                "Rhp9",
                "PZrnC",
                "slnYd",
                "|ode",
                "t<dl",
                "'C?u:",
                "OBM|5",
                "ChPW",
                ")R;9",
                "n:^,",
                "iaeoo",
                "50zA",
                "vIVX",
                "+{y#",
                "p6WrS",
                "XdU<",
                "z!ee",
                "}G H",
                "M'3_",
                "<>'9T",
                "({hr",
                "4-e7",
                "iir&",
                "me:\\y",
                "W&H[",
                "gW$a(",
                "J,v8",
                "'|G,e",
                ".9_9`5",
                "x3u)G",
                "[}SB",
                "zMCw:",
                "MK_<",
                "9-+d",
                "%!XC",
                "R1ZV",
                "UL:Y",
                "!f'7",
                ")d ;",
                "Q]))",
                "d.Z2",
                "Nr_;L",
                "ozU%",
                "xwx*",
                "YM<8",
                "im}1",
                "n;,k!1#",
                "$!);O",
                "/<h3",
                "Z;\"K",
                "~2{xB",
                "UDLd",
                "&MF\\",
                "IQdN",
                "s|k3n",
                "yQJK",
                "~C>m{",
                "DV]B",
                " +})K",
                "/;/u",
                "Xq\"4",
                "5.V'",
                "@6`o",
                "}oS&",
                ":/[N",
                "['n>",
                "3O)?f",
                "!V{v",
                "b.pq=",
                "!sE;?",
                "oFHy",
                "&}V9J",
                "NpJM",
                "y*#1",
                "` E$",
                ".g<7",
                "Xv|m",
                "Y\\*_gu",
                "I1 ix",
                "T+T#sU^",
                "h1k(u",
                "?Z%6",
                "ERUk",
                "$ t[",
                "d I/",
                "0|up",
                "+#,vV<38<",
                "lDrTi",
                "Z{z/",
                "r%~E",
                "N[\"w3",
                "S</x",
                ",vB|",
                "0Dcc",
                "-VyQ",
                "c(Y#",
                "P*T?",
                "<V,%",
                "!lmn",
                "Z:7*",
                "<%[]",
                ">U+&",
                "Phtq",
                "~6\"O",
                "[Y\"uO",
                "J-rp",
                "I'~g",
                "4*6$",
                "x\"z]",
                "rn,]",
                "B.7@C",
                "!#N>",
                "(XRK",
                "A3i\"VN",
                "lDqY",
                "qtPw",
                "L)(&e",
                "W\"2m",
                "5FHTs",
                ":?SB",
                "(l]Zs",
                "\\_v]",
                "K{hQ",
                "Br$}U\"b",
                "O]r@9=|:X",
                "RkI7V",
                "/%jw",
                "GK\"O_",
                "OwyN%",
                "eOXw~D",
                "xet:}sCHn",
                "TDhF",
                "H8n| ",
                "OE~x=}n",
                "GN9ix",
                "6Qv&|p6",
                "36E1",
                " dAt$",
                "+MR ",
                "&^e(",
                "+R==",
                "!5&.",
                ";lX\"",
                "~@KQ",
                "Q ,\\x",
                "(.OW",
                "!RNp",
                "VKNj",
                "4|<'",
                "uDfR",
                "q\\,U",
                "a7-|",
                "=0c>",
                "#3L&",
                "hiZzV1)",
                "(qZor",
                "pW7w",
                "S?as",
                "bsX&e",
                "2E`%9n",
                "]^4J",
                "5CJ\\R",
                "?s=J6k",
                "b]AZ%}`",
                ".j*s",
                "~]Z_hJ",
                "F&qyC",
                "qn?x[A",
                "PD2dI2",
                ">lPIq",
                "k20_RW0",
                "z-o]",
                "LF]E",
                "st2d",
                "o~JD",
                "<4~B",
                "},M`",
                "[b*Q",
                "VTxUQP",
                "n=Kk",
                "sMfC",
                "8+TZi",
                "D;&b",
                "m);X",
                "K-q#",
                "]Xi(",
                "&Ecr",
                "b*qK",
                "#e.a",
                "iEuE`",
                "_\\Rn",
                "R<WD",
                "q?C<KT\\",
                "p/#&",
                ";6kV8",
                "t9yg",
                "L}UI",
                "Z:i,",
                "<)rNJav",
                "&2G'&@d",
                "Z.}0",
                "' ['m",
                "V8r^n",
                "aBKy",
                ":sfc",
                "qvcS",
                "QaB\"",
                "3jlfM",
                "}L%Cn",
                "Tq%$0",
                "ZdT,",
                "j$nD",
                "8.K;",
                "g\"Y ",
                "i!npE4C1",
                "bNYY",
                "5RG(N",
                "5{g|",
                "reC~",
                "I_6j",
                "Ep;5",
                "G\"od?",
                "U0'+",
                "- PO?",
                "))a7",
                "jh_y",
                "vZ\"v",
                "vmZ/",
                "]2`V",
                "Z{mP",
                "9#$ ",
                "WlUU",
                "Y[\\A",
                "WHd.",
                ",`U[",
                "\"S<j",
                "!:Ey",
                "aW#v",
                "ZN'w",
                "Ki$q",
                "wIgy",
                " ?%Z",
                "DSMkgS",
                "MI}Cb4",
                "Enl$V",
                "a^vwC",
                "Ayi+",
                "kSD@gl",
                "9:,e",
                "pP80y-",
                "H'VE",
                "ye.g",
                "0<\"e",
                "SxK'",
                "'z;[A",
                ")/<D",
                "&K_a",
                "bKWN",
                "VY^z",
                "(+d%",
                "cwdQ",
                "t=cc-",
                "6qQs",
                "mWSm",
                "9@j?",
                "fZ:*",
                "hp>%",
                "B&zMY",
                "ajqx",
                "BIJ<(,",
                "RzL=",
                "0Yn?",
                "Xy&DX@",
                "JZwg",
                "2Jb-",
                "*ArG",
                "@AM@",
                "6YhJ",
                "L'ZU",
                "Iew;",
                "RPY2",
                "}l/aG8",
                "$*A9",
                ",+n&",
                "hjzW",
                "d^n{br",
                "<ayg?",
                "G}k`",
                "^z{Oz",
                "U_}X",
                "BQms",
                "pV.R",
                "_er;",
                ".vdPj",
                "/~fI",
                "CAR,",
                "(m6d",
                "|E_f",
                "nHQ;W",
                "p/zt",
                "Xxe[",
                "\"Er)",
                ",s?8",
                "CgAJW",
                "a=&\"",
                "GvY'%",
                "kt10",
                "&dY'",
                "&UZ~:Pq",
                "}#@R",
                "O/Zr",
                "ftZc",
                "{#;g",
                "q-/3",
                "<DNed",
                "YUhvF",
                "dwZs",
                " 4L}C",
                "~@yW",
                "VW/q0",
                "gei]",
                "91\"2lA",
                "B^is",
                "+A5U+V$",
                "YJ\\a",
                "4ly+",
                "eM+'r[|06",
                "OOsT",
                "}Y/j",
                "? LL",
                "K `u",
                "7#i=",
                "9k^g",
                "W'2J",
                "9xN*",
                "F`tz",
                "(e)\"",
                "Cwd\\",
                "(rOU",
                "f;W[O",
                "b3D$",
                "?5\")^",
                "{`YS",
                "V!M\"",
                "4*,|(",
                "Pb )",
                "$Info: This file is packed with the UPX executable packer http://upx.sf.net $",
                "$Id: UPX 3.95 Copyright (C) 1996-2018 the UPX Team. All Rights Reserved. $",
                "/proc/self/exe",
                "x/Y ",
                "H}#L",
                "D:Q(",
                "$}.>",
                "*D9=",
                "GcUV",
                "lUw\"",
                "T`4N",
                "oAB/",
                "|97gA1_",
                "5E*X",
                ".@9!",
                "\\Qm[",
                "rh),$'-",
                "j*7NN",
                "WA+?",
                "*qN8",
                "V-99",
                "K^3+=5C!",
                "=QG$",
                "}f~B",
                "BD}!",
                "G[=p",
                "WJFj",
                "Fpzt",
                "R64g"
            ]
        }
    ]
}