{
    "malware_data": [
        {
            "filename": "715640a7e295ce0ecc07be1cc686389f1d8f9d57cd12cb8202e142cc61ddb425.elf",
            "filetype": "7F454C46",
            "filesize": "28KB",
            "hash_sha256": "715640a7e295ce0ecc07be1cc686389f1d8f9d57cd12cb8202e142cc61ddb425",
            "strings": [
                "EBUPX!,",
                "&IUU",
                "PTRh",
                "Z[^T",
                "3UPj",
                "U{<:T",
                "<c_.f",
                "8RxHP",
                "/PUP",
                "+6 (8",
                "~\\8nP",
                "N4V<v",
                "aWT$",
                " Uw4",
                "PX[Z",
                "f+p:YDh",
                "xPPf",
                "f?\\b",
                "\\V%- ",
                "mX0C",
                "C(V3n",
                "F2QQj",
                "KlAR",
                "62R{",
                "4S(A",
                "L22D",
                "S`@rrI",
                "7XhL",
                "Yp(m",
                "C6`5",
                "FHpp!",
                "9@2tLr ",
                "h@Ht",
                "-lns",
                "mC0,8",
                "<V2R",
                ":PP+",
                "{<PA4`5A?C2D",
                "$Cr ",
                "\\$LS",
                "X$/9",
                "VS3VS[",
                "VS7#",
                "DpO{",
                "^v0DF",
                "zB QVS]",
                "8PV}",
                "ToHH",
                "f*:j",
                "WMJv\\",
                "Ia>Y",
                "}wd4",
                "uEAD",
                "(<LT",
                "+FSSL$LQ",
                "xIl$<U",
                "4PQ1",
                "n((v",
                "5\\$,SMO",
                "Nd0L:9",
                ".pn\"\\",
                "naUU",
                ">h!+",
                "pP|M",
                "zQ\"<RR",
                ">xfj",
                "PQRr",
                "\\VWX",
                "2?_XhD",
                ".|V|(",
                "?/t,",
                "UhP9@",
                "Q%XZ",
                "#Z{QWK6",
                "uhpD",
                "?ZYhQ_",
                "Tk#Y",
                "r CKK",
                "rKLL",
                " W LY",
                "MMZ%",
                "t*bc\\",
                "T=<RcP",
                "O$Q &",
                "BD7 Q",
                "H5!(",
                "C\"8\\",
                " t4ZP>",
                "}Q`WT",
                "lbo0",
                "A`WWUD",
                "GSSTX",
                "-ixw",
                "nlaA",
                "-SuD",
                "S.(}'",
                "XSoX",
                "hA+|,",
                "xwGxKH",
                "\\j$.",
                "gGCya",
                "GQ&E",
                "a5Nj",
                "\\NPt",
                "PWC ",
                "#R]d",
                "K=@u.;",
                "B}v(",
                "h-tb{{",
                "vA9(aS",
                "g];O",
                "h/H2",
                "AR)t)",
                "QUUJ",
                "_yP^",
                "vmZY&",
                "_h0IHA",
                "Y[|YZY",
                "5!aaT",
                "L2^^^",
                "`[[2",
                "eee ",
                " ggL2",
                "2ccd ",
                "7WKl",
                "d@}-",
                "]X~{",
                "kg`~",
                "3phd",
                "f|!_=X",
                "bLlG",
                "Y[^ZP",
                ".oaqw)h",
                "VV{?k",
                "\\$%&%",
                "\\r'*+",
                ",-./\\r",
                "%012r",
                "\\679%",
                "\\r;<=",
                "Y[x\"",
                "`)*.",
                "\\.L/`H\\.",
                "\\0\\D1",
                "X@2T.",
                "\\.<3P8\\.",
                "\\4L45",
                "H06D.",
                "\\.,7@\\\\.",
                "\\9<X;",
                "8T<4.",
                "\\.P=0(",
                "\\>,$):",
                "5bmJ",
                "9HH%",
                "\\rHHH",
                "HHHH\\r",
                "%HHHr",
                "\\HHH%",
                "HHHH^r",
                "%HHH_",
                "4B1;",
                "`MJ@",
                "\"9Hht",
                "`%gl",
                "\\hE2",
                "=`/j|",
                "TD{Pr",
                "$@L$",
                "A<HAr",
                "Ar4$0r",
                "$T,$",
                "AP(Ar",
                "hqj ",
                "CKj}",
                "(wG_Xhv",
                "XWyc",
                "wm3!",
                "60<Z",
                "=,4!j",
                "#SB$1",
                "`rT'",
                "_L$HQ+",
                "_A6h",
                "RRc<1",
                "y8h?",
                "~]o=",
                "a>>%JM",
                "n:gS",
                "48T@9",
                "@h ^",
                "q(K(",
                "<Ay[",
                "ebCrN",
                " _Irlb",
                "I3_&",
                "A`B.?",
                "L2\\`",
                "3bTT",
                "I*SS",
                "/McM*",
                " IJI\"",
                "FF,<",
                "iU-D",
                "f!;C",
                "vA.O",
                "u7@@",
                "8-??",
                "O=.=# ",
                "2@<<F",
                "7874O",
                "ryf=:0h",
                "rJ1.Y",
                "U/f/",
                ".8.x",
                "\\;=h-",
                "&W3m",
                "<]>C)*)",
                "y*M(",
                "98%\\,",
                "C4Cg3Z",
                "/a&|V",
                "3%%f%a",
                "s;D_",
                "\\m\"\\",
                "#.#F*",
                ":|Z+?t",
                "g]z!",
                "t?QU",
                "T^v)c0",
                "<^q@?",
                "Lp9[",
                "o9\"**C/",
                ";Q?^'k",
                "qluT",
                "$iw:R(",
                "2P#N",
                "iV69",
                "$3;3",
                "ooEN{9",
                "`*=\\",
                "<0x$Qk",
                "8x8f",
                "IO}v]",
                "z;nhu",
                "oeO;",
                "w~Jt[j",
                "d1 |",
                ".S6(N>vB",
                "K'U~P",
                "H! m",
                "$#%Hu",
                "$#%-",
                "mBL>P",
                "QyHX",
                "2 'i",
                "tUUn",
                "kPlmn",
                "|`-*",
                ":,NH",
                "r/#f%",
                "u.RxVG2",
                "V$SG",
                "[(,]",
                "|/Iv",
                "09Q~c",
                "n6)8|",
                "u}J5~w",
                "^&i'",
                "/Isi",
                "xKN[",
                "m:mP}",
                "1pXx#?",
                "322X",
                "HFF.p",
                "tFF.y",
                "h&<##",
                "7ddd",
                "(s,s",
                "HFF.",
                "Aqm/Yh)l",
                "6!;Yp",
                "Sh322",
                " 0h@",
                "sP]2f",
                "|ohtd",
                "nI>$#",
                "nhTe&",
                "K u$",
                "uh4f(@",
                ",u@h",
                "8g<2",
                "{ghlg@",
                "HPLFF",
                "YPRT",
                "yPRh",
                "`dLi$##",
                "hSl##",
                "pet\\",
                "<Seh",
                "x8$;",
                "+^il",
                "AC&u",
                "xk;l*",
                "wet]r",
                "ZCx;;",
                "L-Eu^F",
                "$+;3e",
                "xPKJ",
                "iG9<~",
                "6(rCA",
                "~ABN",
                ")K*Hx",
                "GZ&0",
                "PRQW",
                "ZYZSmA",
                "M)J[%",
                "VhYR",
                "Z^5FI",
                "kUU^",
                "Bg06J",
                "4n@h",
                "SZpV",
                "n`mh",
                "01x3",
                "V$7d7)",
                "4ZCS",
                "_ctYu@8",
                ",H-v",
                ",H0 ",
                "@DHL",
                "Mu@Th8",
                "B~Ak`l",
                " so/",
                "]h<ud",
                " h#B",
                ";\\r[>9B",
                "Q642",
                "t%Q[",
                "$10v",
                "A (-A",
                "7|Q+",
                "(s,#?c,,",
                "x= M",
                ")W).",
                ":>WB",
                ";5{u8",
                "!^ 6xv.47",
                "2&wx",
                "9ls?+C",
                "S1mx",
                "*VX+",
                "ZhnD",
                "p>pN",
                "lR*;X,tV)",
                "inCr",
                "U'L2t4HH",
                ";Ds ",
                "tRp.n",
                "SSPQ)",
                "[<>XRh",
                "\\,hhC\\$ S2q",
                "AhYX",
                "Pr'>",
                "y<u8u",
                "j8VPh>",
                "\"wab",
                "(<`v ",
                ":Lfv",
                "o`Iy4",
                "PMv:",
                "u%WWS",
                ";m#V",
                "ZY^ 2",
                "oke(c",
                "\\j-Z",
                "c3M`*",
                "\"[X[",
                "XZ[&",
                "fkx2",
                "npj@;",
                "0~w8",
                "R5^1",
                "Pd\\QA",
                "> D)lc",
                ")*(p",
                "W\\$(",
                "0PCy",
                "\\$C M",
                "4 8(@0",
                " .}1",
                ".u5A",
                "ZfBXi",
                "POST /cd",
                "n-cgi/",
                " HTTP/1.1",
                "User-Agent: ",
                "~Cookie3\";",
                "http",
                "url=",
                "98.7",
                "v0125!8",
                ",<8#",
                "#$6;b",
                ",7gaae",
                "&;;Z?8\"efg",
                ".-50",
                "8,,z",
                "?;d\"=.,\"",
                "@9=:",
                "<=ve",
                "75 edfm",
                ":=1fdt\"<",
                "313!1'",
                "!'1&",
                "$5''",
                "#;&0",
                "o3dv&8",
                "93dd",
                "<188",
                "1:56o",
                "{6=:",
                "5!$6;,t",
                "; t2;!:0{",
                "l:7<&17 i$'!6",
                "tymt,$",
                "{ 7$",
                "fhx.z",
                "!  k",
                ";nz,:2:5",
                "\"{#m",
                "62*7!<",
                "e365`7@9ag:_",
                ".1=d?2>vFTPjG",
                "NRGPlKeeGp",
                "qMPCn",
                "LIQ5 ",
                "wkwvkW{EWHGkSL",
                "AAcf",
                "RPMA",
                "G!ARWKLDM",
                "`mem",
                "rq0F.PA",
                "FCN&E",
                "VFGT",
                "UC`JFME",
                "OKQA'",
                "dvufv",
                "toqe",
                "iknncvvi",
                "mDHjx",
                "ZJMQVuWXvPG",
                " uQec",
                "@cFpKCe",
                "rmqv",
                "8LKRAL",
                "ZON%Rf",
                "KAFGQAAVPNZ",
                "jlcr",
                "|AEKVOwL@VI)",
                "eRMLd",
                "IGGR",
                "KT`QV",
                "64MI",
                "nEVQ",
                "f HFKLEJWL",
                "F[]a",
                "NQCP",
                "WFDN,G",
                "6:d10t",
                ";!&71t",
                "KOCEGpG@R",
                "v[R@",
                "oMXK",
                "NMUQ",
                "Gu\"iKVPj",
                "Vijvon",
                "MLaJ",
                "z?ZJ",
                "rvJ\"",
                "fPTPb",
                "dfoWa",
                "B`U;",
                "FWAVQg",
                "fEROY",
                "3:}FA=",
                "o;Xo",
                "|/dB/nul<CrT",
                "CAk[S",
                "T$(9",
                "H+|$,",
                "$Info: This file is packed with the UPX executable packer http://upx.sf.net $",
                "$Id: UPX 3.94 Copyright (C) 1996-2017 the UPX Team. All Rights Reserved. $",
                "PROT_EXEC|PROT_WRITE failed.",
                "(/proc/self/exe",
                "[jUX",
                "POv<",
                "jZh[",
                "lEf}",
                "UPX!u",
                ".8(<",
                "~,|E",
                "@bQs4",
                "$o7\\",
                "lj2h",
                "'xp[",
                "j-\\.",
                "j.0U",
                ".shstrtab",
                "init",
                "texfi",
                "roda4",
                "ctors",
                "7'bs",
                "ynW{F",
                "KnO,",
                "3   ",
                "O@q@",
                "O>$IX",
                "UPX!"
            ]
        }
    ]
}