{
    "malware_data": [
        {
            "filename": "6b9a43948a22157bf3ae9d78e67f0bc96f8a7a418c22702be2026685a61c9d7c.elf",
            "filetype": "7F454C46",
            "filesize": "15KB",
            "hash_sha256": "6b9a43948a22157bf3ae9d78e67f0bc96f8a7a418c22702be2026685a61c9d7c",
            "strings": [
                "sfga",
                "7$':/",
                "CS;tc",
                "(3{\"",
                "SG[T:",
                "'Y0#",
                "wsX2c7_",
                "oBGD",
                ",=W.",
                ";6k&",
                "h$qop",
                "J &7",
                "0+RW",
                "g#1wG",
                "C$=7",
                "kS7Du",
                "?Gx$2dB",
                "72DC,$3 N",
                "sJ#=",
                ")g@j",
                "?f72",
                " OvH_",
                "DS&7",
                "\\H\\ ",
                "P0O$",
                "nGn>",
                "V:X#8l",
                "{K+p",
                "]g`P",
                "Go/B",
                "LcJ{",
                " 0_q",
                "F=K,k#v;\\%;K`",
                "K'sH",
                "]B'p",
                "2v7!",
                "kGsD",
                "PKXmP",
                "G kl",
                "koOa?",
                "$lK@",
                "Ol@Q",
                "/\"4C[",
                "+??=",
                "*c-o",
                "=uGX",
                "$,k-",
                "UkXo",
                "Mdt5u",
                ";3A;{7",
                "_CgK",
                "OKs#",
                "[;)O",
                "0G\\A",
                "+nwL",
                "*!P9",
                "?w#2",
                "8/Gg",
                "V_0d4",
                "OTL}",
                "ce@^",
                "'/ l#+ d!",
                "o77Z",
                "]+lukd",
                "[/G@",
                "[b 5%",
                "#*A3",
                "x'Qw4w",
                "3c0a",
                "Sj{.",
                "w_  ",
                "\\zW+7",
                "'N+:;",
                "+cOW",
                "Pp77",
                "*0`3#",
                "xO%k",
                "'Cz;",
                "<`af",
                "0NG!,O`U",
                "30DH",
                "#0\\'",
                "+/WP",
                "k+w[7",
                "#)to",
                ".4g{",
                "838MHH4X",
                "4L4D",
                "<Sn#1",
                "+a?{1",
                ":;$h",
                "c2@\\",
                "MXX4H",
                "tcpraw",
                "icmp",
                "echo",
                "udppl",
                "Qqsfuf",
                "94.156.7",
                "1.92?",
                "null",
                "MGAbI",
                "/dev",
                "4.002021",
                "/proc/self/exe",
                "/proc/se",
                "lf/exe",
                "lSr.",
                "8p;{",
                ";KUP",
                "0s;+",
                "c/[G",
                "4C4k",
                "$oj7Q",
                "?C(+",
                "@bQsHc",
                "b4`d",
                ".8c.",
                "GCC: (G",
                "NU) 3.",
                "2 200",
                "ian pre",
                "leas",
                ".shstr",
                "init",
                "tex\\f",
                "rodak",
                "~ctors",
                "comm"
            ]
        }
    ]
}