{
    "malware_data": [
        {
            "filename": "4da1443a2e9fbc8b88ef8d6653142568c586ddbeaa2dedeb743ca9cec3eb0552.elf",
            "filetype": "7F454C46",
            "filesize": "42KB",
            "hash_sha256": "4da1443a2e9fbc8b88ef8d6653142568c586ddbeaa2dedeb743ca9cec3eb0552",
            "strings": [
                "HFu8sfga",
                "M (40",
                "8M@H4P",
                "XM`h5p",
                "s{+[[",
                "{3as+",
                "~3-<",
                "mkPh#",
                "{|3S4Oq",
                "o/d+",
                "020sHMf",
                "a.B3",
                "P|G`",
                "k]W@",
                "/so+Zc",
                "? ;V",
                "5c$]",
                "B?_L V",
                "L$8@0~",
                "1m[[.W",
                "7PA3`Q",
                "O`Qm",
                "_wmDP",
                " \"C#p;@",
                "o#^?",
                "Gn4_",
                "#~w(",
                "*/C2",
                "+am#9",
                "kxSx",
                "w~3T&,W",
                "4!kw'",
                "4*-s",
                "[o*@",
                ";0O[",
                "23ys",
                "\"38O",
                "k`{g",
                "(stY",
                "YN3)",
                ";Xg!",
                "PgG5v",
                "W1]#i",
                "Z>{n0",
                "yk0e",
                "QcCsq",
                "\"/'S",
                ")''n",
                "-c|S",
                "C0SE",
                "6_0G",
                "$?O X",
                "l3 R",
                "~S(y",
                "t#TzC",
                "OD3hK",
                "OKL0",
                "`59`t",
                "o,77",
                "W4`7",
                "k3(O",
                "`sRk",
                "C;}+A",
                "'H;/Z",
                "++D<",
                "$pW^",
                "v&PC",
                "7uw4",
                "\"k'L",
                "lCm:`W",
                "#w3Q",
                "k[;v&`",
                "1hFs",
                "`_ny",
                "4pK0",
                "H 2YC[t",
                "$0/bd",
                "@9p*",
                " !E ",
                "G(aC",
                "+IG`",
                ";^ds+",
                "zCG?A",
                "_rd1X<",
                "Cskc",
                "wh3^",
                "'h?g''-",
                "1'8 3",
                "G`&m",
                "_/$L",
                "t+p>+",
                "aZ7@",
                "oP\\ g",
                "G4Xx3t",
                "D?XW!G",
                "cckt",
                "(d((dP",
                ", `0",
                "T:C`",
                "7M+L",
                "7H;jS<",
                "P{5Q^+",
                "4s.'",
                "'W 52",
                ":o]9",
                "3TS/",
                "3<A`",
                "0-_S",
                "Oz'X",
                "n\"$s",
                "KG?9c",
                "9p,|",
                "u#$ ",
                "18;Z_Y",
                "C[>O",
                "S'/K",
                "S_%[hw]",
                "S!{\"",
                "L@P5",
                "+,lnK.|",
                "0#_S",
                "X{r,",
                "P'1+z",
                "_cUG",
                "D43T",
                "\\S 4",
                "AS?oL ",
                "K79u",
                "JR**7",
                "F3k[[",
                "d{CK.",
                "<p@'s",
                "75pCk",
                ";@gO_",
                ":L3:/",
                "lo[/",
                "'o&*",
                "-u; ",
                "N3'o",
                "P1OT",
                ",Xk`ICS",
                ";;d+g#",
                "s[+gc9C",
                "XQ#5",
                "\\5oh",
                "Vj$l",
                "}:'.",
                "Eb_#",
                " /=R}",
                "VTjw",
                "k+Cn",
                "woo #S",
                "@Xg ",
                "3!G`",
                "/'#A0W",
                "#pV=",
                "UHO;",
                "p;8;X",
                "*&;GW",
                "gZ+-",
                "/Hp;",
                "n#\"4",
                "SKY@",
                "[>/$",
                "ScUHO?",
                "^@f#",
                "SQWk",
                "P_w!Lg",
                "&%Hd$v",
                "2# A",
                "M_o\"[",
                "@on$#",
                "P`U'",
                "+Xt'",
                "pO7K",
                "rp`w@",
                "#xP9 ",
                "Sk G",
                "0Gt#",
                "3mG9",
                "pLH?,",
                "C,t#",
                "C*zW",
                "B3*}C7(",
                "0'^'a",
                "zSW-",
                "0Ku0",
                ">G0U",
                "-P\"k",
                "SK+Wa`",
                "Wf r7",
                "$^k<70#",
                "#cw3",
                "88GK' ",
                "=(%k",
                "D4?0h",
                "W/{W",
                "pAJC",
                "KG!`",
                "CD`{",
                "bEe7",
                "s/+Q",
                "[0G)Mk",
                "{7'l",
                "DH]p",
                "2't#",
                " f#4",
                " F;Q9",
                "c7<@}",
                "8Oo@uK",
                "Kk`lK.",
                "A33;",
                "$#ZG",
                "'Tc'",
                "Ydr'",
                "O\\!6T",
                "X1#\"",
                "8;V+",
                "z{5GDp",
                "sC+n",
                "kGWa%o",
                "*P_U.[",
                "#wc5",
                "!wv4Cs",
                "|:C3",
                "0GQ?",
                "[K2S",
                "H3AG",
                "[*}w",
                "3`/5",
                "w37{h#",
                " x{aQ",
                "doe$",
                "O{CDG",
                "tW0//l",
                "<0?,X",
                "Q$_t",
                "O]'\"",
                "#?Qr",
                "T>7@",
                "7c13",
                "[KppO",
                "7hVx",
                "8n7D",
                "PF t",
                "i1'@",
                "/,c9,",
                ">;, A",
                "H?oS",
                "`@W?q",
                "A'O`c",
                "<X7#",
                "Ac|st$'6",
                "p+X#",
                "SfP*",
                "cU53",
                "' bw*",
                "P;sq",
                "l47B",
                "Q[}3T",
                "7QK]N",
                "jMif5g",
                "cMba4`",
                "[ZiY",
                "WViU",
                "SR=#",
                "PMON0",
                "KJhI",
                ":9=C",
                "65=[",
                "3M21",
                ")(i'",
                "#M\"!",
                "A/Ps",
                "wU{g",
                "h/}+",
                "I^@U",
                "l6#(",
                "1k1W",
                "?-/n",
                "T]Xtt",
                "' +X",
                "(D7T~",
                "qUGH3",
                "?C#Ct\\|",
                "'+HS",
                "~@Hw",
                "WK6s",
                "#K;k",
                "7\\]/\\",
                "wpCAQ",
                "[F'4",
                "0#Wx",
                "1Ub[",
                "S?_<",
                "h0!u",
                "wYs ",
                "(XXX:",
                "'1sS#&",
                "xd?;",
                ";Ue3\"#",
                "P#f0",
                "~#@`",
                "8#]4",
                "p?g'",
                "!S&c",
                "C+PH",
                "2O-?",
                "7\\\"p",
                "OOat",
                "&3EO",
                "0msb",
                "[/3<",
                ",@,wN",
                "g_T_",
                "BoH]J",
                "Q:s\":G",
                " :SD",
                "<q'a<",
                "8?Ur",
                "4'WX",
                "K$w[",
                "Gh4`p",
                "RElc2",
                "xw0C",
                "710;",
                "j#-o",
                "@pg&g",
                "3Dcj'",
                "{_[c",
                "oC=#",
                "GS#@V?M",
                "xwQ#",
                "5[`:C[",
                "t(@<s",
                "v+kC8 ",
                "8H5H",
                "4LiD",
                "c2@\\",
                "MXX4H",
                "D+#<",
                ";G3D",
                "#m 7",
                " +?_",
                "4nH|",
                "7PoHT:",
                "_VAr",
                "GQ2G*",
                "@Q\"c ",
                "4pQ0",
                "kk'[",
                "-L'GO",
                "F3LX",
                "MOVO",
                "'UO't@`",
                "J[*^O",
                "Mg!n",
                "KA/\\",
                "1Q w",
                "O?{@A",
                "oPpG",
                "*7t^",
                ",2>[",
                "x[o8",
                "GxQj'4",
                "<\\;/[",
                "\"xU4w",
                "CWC8",
                "=;@\"?",
                "gC;\\",
                "Hs?k",
                "qOUp",
                "j$\"t",
                "j,>S",
                "{@bT",
                "X_,?88v",
                "<G`h",
                "tCX[",
                "QrSE",
                "c\"j'",
                "0Gck",
                "?i C?8",
                "mg0 ",
                "{(p;^",
                "[+?g",
                "!|@n",
                "(goC",
                "HN'v",
                ";_R#",
                "{{ws",
                "7Tz?9?l;",
                "POST /",
                "cdn-cgi",
                " HTTP/1.",
                "User-",
                "Agent:Z",
                "okie",
                "; {#%",
                "url=",
                "watchdog}",
                "/proc/",
                "lf/e",
                "var/Sofi",
                "r/dev",
                "q6he3dbr",
                "u4to18",
                "npavj702",
                "f#ZO",
                "KLI\"w",
                "GZG\"",
                "{Y?.",
                "/,C]?",
                "e/ZPGQ",
                "AMLD",
                "LCOo",
                "GPTl",
                "qMDK",
                "[/\"l",
                "Hg+[",
                "kG8a7",
                "IGGR",
                "JVON",
                "CRRn",
                "KOCE",
                "UG@R",
                "nCLE",
                "v[R 0]",
                "WPN#",
                "5nM(c",
                "Ak]LE",
                "WLIk",
                "3vL8",
                "FMQW4ulV\"",
                "A|}WFDN",
                "G[JZ",
                "cpuinf",
                "or's",
                "null",
                "%l!/",
                "known er",
                "Ak[S",
                "4.002021",
                "/proc/self/exe",
                "/proc",
                "/self/ex",
                "0\\MSA",
                "lSrn",
                "CUPX!",
                "40CZ",
                "Wm?U",
                "! 9+",
                "Pdoc^",
                "`4n'",
                "4kScO",
                "hC`g",
                "w;@bQ",
                "4`\\s",
                "/4&'}",
                "<4'82/V",
                "GCC: (G",
                "NU) 3.",
                "2 200",
                "ian pre",
                "leas",
                "shstrt",
                "init",
                "tex\\f",
                "rodak",
                "}ARM.",
                "_frame",
                "3bss",
                "?_arm",
                "gosUM6,=com",
                "9ntP6",
                "OWsa",
                "sfga"
            ]
        }
    ]
}