{
    "malware_data": [
        {
            "filename": "64a71dcd27b0b121917720b2726f78c21bff7854635b1c7963df902aab407d30.elf",
            "filetype": "7F454C46",
            "filesize": "150KB",
            "hash_sha256": "64a71dcd27b0b121917720b2726f78c21bff7854635b1c7963df902aab407d30",
            "strings": [
                "JR**",
                "gfff",
                "@ #!",
                "!1C \"",
                "POST /cdn-cgi/",
                " HTTP/1.1",
                "User-Agent: ",
                "Host: ",
                "Cookie: ",
                "http",
                "url=",
                "POST",
                "93.123.85.19",
                "abcdefghijklmnopqrstuvwxyzABCDEFGHIJKLMNOPQRSTUVWXYZ012345678",
                "&;; ",
                "5:?;",
                "<!: acam",
                " 18:1 ",
                "0125!8 ",
                "$5''#;&0",
                "509=:",
                "\"=.,\"",
                "'!$$;& ",
                "?;d509=:",
                "efg`a",
                "!'1&",
                ",<8#",
                ":217 10",
                "=3< t0=0t= 't>;6T",
                "'<188T",
                "1:5681T",
                "'-' 19T",
                "{6=:{6!'-6;,t",
                "nt5$$81 t:; t2;!:0T",
                ":7;&&17 T",
                "{6=:{6!'-6;,t$'T",
                "{6=:{6!'-6;,t?=88tymtT",
                "{$&;7{T",
                "{1,1T",
                "{20T",
                "{95$'T",
                "{$&;7{:1 { 7$T",
                "{' 5 !'T",
                "z5:=91T",
                "{$&;7{:1 {&;! 1T",
                "{7908=:1T",
                " 9${T",
                "05 5{8;758T",
                "% ,6; T",
                "5&9T",
                ",lbT",
                "'<`T",
                "9=$'T",
                "9$'8T",
                "'05T",
                "9 0T",
                "6; T",
                "<5?5=T",
                "{1 7{&1';8\"z7;:2T",
                ":591'1&\"1&tT",
                "544?9.354`z1??*w;63,?Z",
                "99?*.`z.?\".u2.76v;**639;.354u\"2.76q\"76v;**639;.354u\"76a+gjtcv37;=?u-?8*vpupa+gjtbZ",
                "99?*.w",
                ";4=/;=?`z?4w",
                "v?4a+gjtbZ",
                "54.?4.w",
                "#*?`z;**639;.354u\"w---w<5(7w/(6?495>?>Z",
                "5513?r}Z",
                "(?<(?)2`Z",
                "659;.354`Z",
                ")?.w95513?`Z",
                "954.?4.w6?4=.2`Z",
                ".(;4)<?(w?495>34=`Z",
                "92/41?>Z",
                "9544?9.354`Z",
                ")?(,?(`z>5);((?).Z",
                ")?(,?(`z965/><6;(?w4=34\"Z",
                "{01\"{#5 7<0;3T",
                "{01\"{9='7{#5 7<0;3T",
                "{'6=:{#5 7<0;3T",
                "{6=:{#5 7<0;3T",
                "{01\"{#5 7<0;3dT",
                "{1 7{0125!8 {#5 7<0;3T",
                "{1 7{#5 7<0;3T",
                "5''#;&0T",
                ";3=:T",
                "1: 1&T",
                "e365`70;9ag:<$ef1=d?2>T",
                "5 366;uotjzr",
                "34>5-)z",
                "zkjtjaz",
                "lnsz",
                "**6?",
                "3.uoimtilzr",
                "vz631?z",
                "?915sz",
                "2(57?uoktjthmjntkjiz",
                ";<;(3uoimtilZ",
                "2(57?uohtjthmnitkklz",
                "zltkaz",
                ";934.5)2az",
                "4.?6z",
                "3.uljktmtmzr",
                "?()354uctkthz",
                ";<;(3uljktmtmZ",
                "oMXKNNC",
                "uKLFMUQ",
                "cRRNGuG@iKV",
                "ijvon",
                "NKIG",
                "eGAIM",
                "aJPMOG",
                "qCDCPK",
                "oCAKLVMQJ",
                "kLVGN",
                "tGPQKML",
                "AMORCVK@NG",
                "oqkg",
                "vPKFGLV",
                "kLDMrCVJ",
                "oqkgaPCUNGP",
                "oGFKC",
                "aGLVGP",
                "dWLuG@rPMFWAVQ",
                "dKPGDMZ",
                ";!&71t",
                ":3=:1t",
                "!1&-T",
                "{01\"{",
                "#5 7<0;3T",
                "ede{#5 7<0;3T",
                "/proc/stat",
                "/proc/cpuinfo",
                "processor",
                "/sys/devices/system/cpu",
                "/dev/null",
                "CAk[S",
                "GCC: (GNU) 3.3.2 20031005 (Debian prerelease)",
                "GCC: (GNU) 4.2.1",
                "_Unwind_VRS_Get",
                "_Unwind_VRS_Set",
                "_Unwind_GetCFA",
                "_Unwind_Complete",
                "_Unwind_DeleteException",
                "_Unwind_GetTextRelBase",
                "_Unwind_GetDataRelBase",
                "__gnu_Unwind_ForcedUnwind",
                "__gnu_Unwind_Resume",
                "__gnu_Unwind_RaiseException",
                "__gnu_Unwind_Resume_or_Rethrow",
                "_Unwind_VRS_Pop",
                "__aeabi_unwind_cpp_pr2",
                "__aeabi_unwind_cpp_pr1",
                "__aeabi_unwind_cpp_pr0",
                "_Unwind_GetLanguageSpecificData",
                "__gnu_unwind_execute",
                "__gnu_unwind_frame",
                "_Unwind_GetRegionStart",
                "/home/landley/aboriginal/aboriginal/build/temp-armv7l/gcc-core/gcc/config/arm/lib1funcs.asm",
                "/home/landley/aboriginal/aboriginal/build/temp-armv7l/build-gcc/gcc",
                "GNU AS 2.17.50",
                "%exc",
                "7idx",
                "%vrs",
                "=tmp",
                "~7sp",
                ">ptr",
                "=uws",
                "7len",
                "/home/landley/aboriginal/aboriginal/build/temp-armv7l/gcc-core/gcc/config/arm/libunwind.S",
                "&uws",
                "Z'reg",
                "2uws",
                "/home/landley/aboriginal/aboriginal/build/temp-armv7l/gcc-core/gcc/config/arm",
                "lib1funcs.asm",
                "//////",
                "/0//",
                "/////",
                "///////////",
                "//0//0///",
                "///2",
                "/home/landley/aboriginal/aboriginal/build/simple-cross-compiler-armv7l/bin/../cc/include",
                "unwind-arm.c",
                "unwind.h",
                "./I0",
                "C.2b",
                "b.0/0",
                ".-/K",
                "b./0",
                ".NhL",
                "XJ0/0",
                ".MLd61/-/*",
                ".L,02",
                "u./5",
                ".0,0",
                "/10,0.",
                "J*20",
                "zJ.P",
                "x..R",
                "fJ/10,0",
                "|.f1",
                "fRM/-/2KG1GP/",
                "y.21,",
                "I/Ij/4+1",
                ".+1/",
                "z.50K/I",
                ".1+/0",
                "f,0,00",
                "/-/2",
                "JM-/,0,/",
                "m0--/,10",
                "+0/+0",
                "|./0",
                "libunwind.S",
                "/1/31/",
                "./4/",
                "pr-support.c",
                "vJ1hKK-/4g",
                "KK-/-5/",
                "/f/P/",
                "/K/0/+0/c0/",
                "KK-/-6",
                "x.Rm",
                "KK-/4/",
                "v.1L",
                ".1-//I5",
                "J*4g",
                "~JhKK-/-GhKK-/-",
                "x.60,0/0*2*00/",
                "return_address",
                "_Unwind_VRS_RegClass",
                "_Unwind_Ptr",
                "/home/landley/aboriginal/aboriginal/build/temp-armv7l/gcc-core/gcc/config/arm/unwind-arm.c",
                "_UVRSC_FPA",
                "representation",
                "dest",
                "pr_result",
                "unwinder_cache",
                "stop_fn",
                "regclass",
                "eitp",
                "_UVRSD_DOUBLE",
                "_ZSt9type_info",
                "bytes_left",
                "_URC_INSTALL_CONTEXT",
                "_URC_HANDLER_FOUND",
                "GNU C 4.2.1",
                "matched",
                "unwind_phase2_forced",
                "fnstart",
                "this_fn",
                "mask",
                "_Unwind_GetGR",
                "_Unwind_Control_Block",
                "_uw16",
                "_Unwind_Word",
                "_Unwind_Stop_Fn",
                "ehtp",
                "forced_unwind",
                "_UVRSC_CORE",
                "__gnu_unwind_state",
                "demand_save_flags",
                "rtti_count",
                "_URC_END_OF_STACK",
                "resuming",
                "exception_cleanup",
                "_US_ACTION_MASK",
                "__exidx_end",
                "core",
                "__exidx_start",
                "long long unsigned int",
                "nrec",
                "action",
                "_UVRSD_FPAX",
                "_UVRSC_WMMXC",
                "_US_UNWIND_FRAME_STARTING",
                "_UVRSR_FAILED",
                "reserved1",
                "reserved2",
                "reserved3",
                "reserved4",
                "reserved5",
                "_UVRSR_NOT_IMPLEMENTED",
                "_US_FORCE_UNWIND",
                "vfp_regs",
                "pr_cache",
                "stop_arg",
                "length",
                "_URC_FAILURE",
                "unsigned char",
                "__EIT_entry",
                "entry_vrs",
                "additional",
                "stop_code",
                "_US_UNWIND_FRAME_RESUME",
                "_uw64",
                "phase1_vrs",
                "entry_code",
                "__gnu_unwind_pr_common",
                "_Unwind_State",
                "_UVRSD_UINT64",
                "valuep",
                "phase2_call_unexpected_after_unwind",
                "_UVRSC_VFP",
                "regno",
                "_UVRSD_FLOAT",
                "_UVRSR_OK",
                "_URC_FOREIGN_EXCEPTION_CAUGHT",
                "short unsigned int",
                "_UVRSC_WMMXD",
                "barrier_cache",
                "_UVRSD_UINT32",
                "prev_sp",
                "_UVRSD_VFPX",
                "_US_END_OF_STACK",
                "addr",
                "rtti",
                "search_EIT_table",
                "data",
                "restore_non_core_regs",
                "selfrel_offset31",
                "_Unwind_VRS_DataRepresentation",
                "content",
                "_uw8",
                "ucbp",
                "bitpattern",
                "_URC_CONTINUE_UNWIND",
                "next_vrs",
                "_US_VIRTUAL_UNWIND_FRAME",
                "exception_class",
                "cleanup_cache",
                "_Unwind_VRS_Result",
                "next_fn",
                "in_range",
                "saved_vrs",
                "_Unwind_Context",
                "_Unwind_Reason_Code",
                "unwind_phase2",
                "_Unwind_decode_target2",
                "phase2_vrs",
                "fpa_reg",
                "_Unwind_SetGR",
                "right",
                "fnoffset",
                "get_eit_entry",
                "discriminator",
                "fpa_regs",
                "_Unwind_EHT_Header",
                "words_left",
                "next",
                "_URC_OK",
                "_Unwind_Action",
                "next_unwind_byte",
                "unwind_UCB_from_context",
                "/home/landley/aboriginal/aboriginal/build/temp-armv7l/gcc-core/gcc/config/arm/pr-support.c",
                "set_pc",
                "shift",
                "aeabi",
                ".symtab",
                ".strtab",
                ".shstrtab",
                ".init",
                ".text",
                ".fini",
                ".rodata",
                ".ARM.extab",
                ".ARM.exidx",
                ".eh_frame",
                ".tbss",
                ".init_array",
                ".fini_array",
                ".jcr",
                ".got",
                ".data",
                ".bss",
                ".comment",
                ".debug_aranges",
                ".debug_pubnames",
                ".debug_info",
                ".debug_abbrev",
                ".debug_line",
                ".debug_frame",
                ".debug_str",
                ".debug_loc",
                ".debug_ranges",
                ".ARM.attributes",
                "initfini.c",
                "crtstuff.c",
                "__EH_FRAME_BEGIN__",
                "__JCR_LIST__",
                "__do_global_dtors_aux",
                "completed.5105",
                "__do_global_dtors_aux_fini_array_entry",
                "frame_dummy",
                "object.5113",
                "__frame_dummy_init_array_entry",
                "attack_app.c",
                "attack.c",
                "attack_method.c",
                "C.7.5373",
                "checksum.c",
                "killer.c",
                "main.c",
                "anti_gdb_entry",
                "resolve_cnc_addr",
                "ensure_single_instance",
                "local_bind.4960",
                "rand.c",
                "scanner.c",
                "setup_connection",
                "add_auth_entry",
                "C.42.5033",
                "C.43.5034",
                "table.c",
                "util.c",
                "__syscall_fcntl.c",
                "chdir.c",
                "getppid.c",
                "ioctl.c",
                "kill.c",
                "prctl.c",
                "readlink.c",
                "select.c",
                "__syscall_select",
                "setsid.c",
                "sigprocmask.c",
                "time.c",
                "unlink.c",
                "closedir.c",
                "opendir.c",
                "fd_to_DIR",
                "C.5.5083",
                "readdir.c",
                "__errno_location.c",
                "clock.c",
                "Laligned",
                "Llastword",
                "inet_makeaddr.c",
                "accept.c",
                "__sys_accept",
                "bind.c",
                "connect.c",
                "__sys_connect",
                "getsockname.c",
                "getsockopt.c",
                "listen.c",
                "recv.c",
                "__sys_recv",
                "recvfrom.c",
                "__sys_recvfrom",
                "send.c",
                "__sys_send",
                "sendto.c",
                "__sys_sendto",
                "setsockopt.c",
                "socket.c",
                "sigaddset.c",
                "sigempty.c",
                "signal.c",
                "sigsetops.c",
                "malloc.c",
                "__malloc_largebin_index",
                "calloc.c",
                "realloc.c",
                "free.c",
                "__malloc_trim",
                "abort.c",
                "mylock",
                "been_there_done_that",
                "random.c",
                "unsafe_state",
                "randtbl",
                "random_r.c",
                "random_poly_info",
                "exit.c",
                "sysconf.c",
                "nprocessors_onln",
                "fork.c",
                "C.7.5370",
                "C.11.5548",
                "libc-lowlevellock.c",
                "getpid.c",
                "raise.c",
                "sleep.c",
                "libc-cancellation.c",
                "__uClibc_main.c",
                "__pthread_return_0",
                "__check_one_fd",
                "mmap.c",
                "__syscall_error.c",
                "sigaction.c",
                "__syscall_rt_sigaction.c",
                "_exit.c",
                "fstat.c",
                "getdents.c",
                "getdtablesize.c",
                "getegid.c",
                "geteuid.c",
                "getgid.c",
                "getpagesize.c",
                "getrlimit.c",
                "gettimeofday.c",
                "getuid.c",
                "mremap.c",
                "munmap.c",
                "nanosleep.c",
                "__syscall_nanosleep",
                "sbrk.c",
                "times.c",
                "xstatconv.c",
                "readdir64.c",
                "parse_config.c",
                "fclose.c",
                "fopen.c",
                "_fopen.c",
                "C.7.6182",
                "_stdio.c",
                "_stdio_streams",
                "C.7.6109",
                "C.8.6110",
                "C.9.6119",
                "_fixed_buffers",
                "_wcommit.c",
                "fgetc.c",
                "fgets.c",
                "fflush_unlocked.c",
                "fgetc_unlocked.c",
                "fgets_unlocked.c",
                "strchr.c",
                "strchrnul.c",
                "strcspn.c",
                "strrchr.c",
                "strspn.c",
                "isatty.c",
                "tcgetattr.c",
                "inet_aton.c",
                "libc-tls.c",
                "init_static_tls",
                "static_slotinfo",
                "static_dtv",
                "static_map",
                "dl-support.c",
                "brk.c",
                "getdents64.c",
                "_READ.c",
                "_WRITE.c",
                "_rfill.c",
                "_trans2r.c",
                "mempcpy.c",
                "sigjmp.c",
                "llseek.c",
                "adb_scanner.c",
                "gpon8080_scanner.c",
                "gpon80_scanner.c",
                "hnap_scanner.c",
                "huawei.c",
                "resolv.c",
                "thinkphp.c",
                "zyxel_scanner.c",
                "errno.c",
                "strdup.c",
                "strtok.c",
                "atol.c",
                "strtol.c",
                "_stdlib_strto_l.c",
                "libc_multiple_threads.c",
                "register-atfork.c",
                "fork_handler_pool",
                "__C_ctype_b.c",
                "__C_ctype_b_data",
                "strtok_r.c",
                "strpbrk.c",
                "rawmemchr.c",
                "__FRAME_END__",
                "__JCR_END__",
                "__fini_array_end",
                "__libc_errno",
                "__fini_array_start",
                "__init_array_end",
                "__preinit_array_end",
                "_GLOBAL_OFFSET_TABLE_",
                "__init_array_start",
                "__data_start",
                "__preinit_array_start",
                "___Unwind_ForcedUnwind",
                "__libc_sigaction",
                "__GI_sigaddset",
                "__GI___ctype_b",
                "conn_table",
                "__GI_fopen",
                "getrlimit",
                "ioctl",
                "_stdio_openlist_use_count",
                "__GI_initstate_r",
                "__GI_sigaction",
                "__GI_time",
                "getgid",
                "__aeabi_read_tp",
                "__getpid",
                "sysconf",
                "stdout",
                "random",
                "__GI_getpagesize",
                "getdtablesize",
                "fdopendir",
                "attack_method_udpgeneric",
                "recv",
                "connect",
                "__GI___uClibc_fini",
                "sigemptyset",
                "__pthread_mutex_lock",
                "__sigdelset",
                "util_stristr",
                "__xstat32_conv",
                "__uClibc_fini",
                "geteuid",
                "__getdents",
                "__GI_setsid",
                "memmove",
                "__gnu_Unwind_Save_VFP",
                "_Unwind_Resume_or_Rethrow",
                "__GI_fgetc",
                "__stdio_trans2r_o",
                "munmap",
                "__GI_setsockopt",
                "__libc_stack_end",
                "__GI_fclose",
                "__libc_fcntl",
                "__write",
                "getc_unlocked",
                "times",
                "__ctype_b",
                "__GI_random_r",
                "rsck",
                "___Unwind_Resume_or_Rethrow",
                "_bss_end__",
                "errno",
                "getegid",
                "__GI_sbrk",
                "__libc_accept",
                "__GI___uClibc_init",
                "__libc_h_errno",
                "__cxa_begin_cleanup",
                "getpagesize",
                "getpid",
                "__restore_core_regs",
                "__cxa_call_unexpected",
                "util_strncmp",
                "__GI_lseek64",
                "setstate_r",
                "fgets",
                "util_fdgets",
                "__read",
                "attack_method_udpplain",
                "attack_get_opt_ip",
                "getc",
                "prctl",
                "_dl_tls_static_used",
                "memcpy",
                "__GI_fgets",
                "__GI___open_nocancel",
                "rand_init",
                "readlink",
                "_stdio_openlist_dec_use",
                "__libc_select",
                "__GI_fgetc_unlocked",
                "__libc_nanosleep",
                "__GI_fgets_unlocked",
                "__pthread_mutex_init",
                "getuid",
                "malloc",
                "__open",
                "__udivsi3",
                "isatty",
                "table_unlock_val",
                "sleep",
                "__GI_read",
                "recvfrom",
                "__GI___write_nocancel",
                "__bss_start__",
                "random_r",
                "__GI_readdir",
                "__nptl_deallocate_tsd",
                "attack_method_udpvse",
                "socket",
                "select",
                "_dl_nothread_init_static_tls",
                "_pthread_cleanup_pop_restore",
                "readdir",
                "__GI___libc_fcntl",
                "__GI_memset",
                "__GI_closedir",
                "__GI_accept",
                "mempcpy",
                "__GI_strcoll",
                "util_atoi",
                "__GI_write",
                "util_memsearch",
                "__libc_read",
                "__GI_opendir",
                "attack_kill_all",
                "__libc_disable_asynccancel",
                "__GI_open",
                "__GI_strchr",
                "sigaddset",
                "_dl_tls_static_align",
                "__GI_tcgetattr",
                "__environ",
                "resolve_func",
                "mmap",
                "_Exit",
                "attack_method_tcp",
                "___Unwind_RaiseException",
                "_dl_tls_max_dtv_idx",
                "send",
                "__fgetc_unlocked",
                "abort",
                "___Unwind_Resume",
                "__sigjmp_save",
                "__GI_fcntl",
                "__GI_getgid",
                "srandom_r",
                "__open_nocancel",
                "killer_realpath",
                "_init",
                "__GI_setstate_r",
                "__GI___read",
                "__sigsetjmp",
                "__tls_get_addr",
                "__GI_mempcpy",
                "accept",
                "__malloc_state",
                "table",
                "__sigaddset",
                "strrchr",
                "nanosleep",
                "__GI_send",
                "h_errno",
                "calloc",
                "attack_ongoing",
                "__pthread_mutex_unlock",
                "__GI_exit",
                "__app_fini",
                "attack_init",
                "attack_method_tcpsyn",
                "__exit_cleanup",
                "_memcpy",
                "rindex",
                "__GI_srandom_r",
                "__GI___sigismember",
                "write",
                "__fork_generation_pointer",
                "environ",
                "__GI_close",
                "fstat",
                "methods",
                "kill",
                "__pthread_mutex_trylock",
                "__GI___sigaddset",
                "__GI_brk",
                "_dl_tls_static_size",
                "bind",
                "__GI_nanosleep",
                "LOCAL_ADDR",
                "__gnu_Unwind_Restore_VFP",
                "_stdio_openlist",
                "__GI_sigprocmask",
                "inet_addr",
                "__GI___libc_write",
                "__deregister_frame_info",
                "__aeabi_idiv",
                "util_strlen",
                "chdir",
                "util_zero",
                "_stdio_openlist_del_count",
                "_Unwind_Resume",
                "setsockopt",
                "bsd_signal",
                "__GI_times",
                "mremap",
                "__GI_kill",
                "__GI_strcmp",
                "__GI___open",
                "__GI_memmove",
                "setstate",
                "__read_nocancel",
                "__stdio_READ",
                "__pthread_initialize_minimal",
                "__GI_recv",
                "__bss_end__",
                "__stdin",
                "stdin",
                "__GI_isatty",
                "_dl_tls_dtv_slotinfo_list",
                "__progname",
                "_start",
                "__GI___read_nocancel",
                "__GI_ioctl",
                "rand_str",
                "rand",
                "signal",
                "read",
                "__xstat64_conv",
                "__GI_memcpy",
                "strcoll",
                "table_retrieve_val",
                "_stdio_user_locking",
                "unlink",
                "__GI___libc_close",
                "program_invocation_short_name",
                "sendto",
                "__cxa_type_match",
                "__GI___C_ctype_b",
                "scanner_init",
                "table_key",
                "realloc",
                "_dl_tls_dtv_gaps",
                "__libc_send",
                "readdir64",
                "__GI_recvfrom",
                "__GI_getrlimit",
                "listen",
                "attack_start",
                "malloc_trim",
                "fork",
                "__GI___fcntl_nocancel",
                "_Unwind_RaiseException",
                "rand_next",
                "__stdio_rfill",
                "__GI_sleep",
                "sigaction",
                "_dl_phdr",
                "__GI_getc_unlocked",
                "__uClibc_init",
                "__GI_munmap",
                "__getpagesize",
                "__GI_random",
                "__GI_mremap",
                "__syscall_error",
                "__uclibc_progname",
                "__GI_getegid",
                "__malloc_lock",
                "__uClibc_main",
                "sbrk",
                "__rtld_fini",
                "__GI_fork",
                "__libc_close",
                "__GI_getpid",
                "inet_aton",
                "attack_method_udprandom",
                "util_memcpy",
                "index",
                "_pthread_cleanup_push_defer",
                "__sigismember",
                "gettimeofday",
                "fopen",
                "__bss_start",
                "__libc_open",
                "__pthread_unwind",
                "__GI_strchrnul",
                "memset",
                "scanner_pid",
                "__GI_socket",
                "main",
                "srv_addr",
                "util_local_addr",
                "__div0",
                "_dl_tls_setup",
                "srand",
                "_dl_tls_generation",
                "table_lock_val",
                "attack_app_cfnull",
                "__nptl_nthreads",
                "__aeabi_uidiv",
                "initstate",
                "fclose",
                "__syscall_rt_sigaction",
                "getppid",
                "tcgetattr",
                "__libc_recvfrom",
                "time",
                "opendir",
                "checksum_generic",
                "__GI_abort",
                "__GI___write",
                "__end__",
                "__divsi3",
                "__GI___sigdelset",
                "attack_method_tcpxmas",
                "__GI___close_nocancel",
                "__GI__exit",
                "strcmp",
                "__GI_strrchr",
                "attack_parse",
                "__default_sa_restorer",
                "__GI_sysconf",
                "__fork_handlers",
                "__h_errno_location",
                "__gnu_Unwind_Find_exidx",
                "__libc_enable_asynccancel",
                "fd_serv",
                "_stdio_fopen",
                "util_itoa",
                "_fini",
                "restore_core_regs",
                "__GI_chdir",
                "__write_nocancel",
                "__GI_mmap",
                "fgetc",
                "__default_rt_sa_restorer",
                "__GI_select",
                "attack_app_http",
                "strcspn",
                "__libc_multiple_threads",
                "_stdio_term",
                "__GI_signal",
                "stderr",
                "__GI_readdir64",
                "attack_get_opt_int",
                "killer_kill_by_port",
                "__C_ctype_b",
                "__libc_setup_tls",
                "srandom",
                "attack_method_std",
                "__GI_sendto",
                "__GI_sigemptyset",
                "__libc_fork",
                "__close_nocancel",
                "__atexit_lock",
                "__fork_lock",
                "__fcntl_nocancel",
                "auth_table_max_weight",
                "killer_kill",
                "util_strcmp",
                "attack_method_greeth",
                "attack_method_greip",
                "getsockopt",
                "attack_method_tcpack",
                "_dl_tls_static_nelem",
                "fflush_unlocked",
                "__stdio_wcommit",
                "attack_get_opt_str",
                "__GI___fgetc_unlocked",
                "__GI_unlink",
                "killer_pid",
                "__pagesize",
                "_stdio_openlist_add_lock",
                "__aeabi_uidivmod",
                "methods_len",
                "__GI_getdtablesize",
                "__close",
                "_Unwind_ForcedUnwind",
                "_edata",
                "__stdout",
                "__GI___close",
                "__GI_fflush_unlocked",
                "__GI_fstat",
                "_end",
                "__GI_listen",
                "util_strcpy",
                "_sigintr",
                "__GI_strspn",
                "fgetc_unlocked",
                "initstate_r",
                "__GI_connect",
                "__curbrk",
                "__GI_readlink",
                "_dl_phnum",
                "scanner_rawpkt",
                "__errno_location",
                "pending_connection",
                "__GI___libc_open",
                "exit",
                "__stdio_WRITE",
                "_stdio_init",
                "__GI_geteuid",
                "auth_table_len",
                "checksum_tcpudp",
                "_dl_aux_init",
                "table_init",
                "__GI_gettimeofday",
                "fd_ctrl",
                "_stdio_openlist_del_lock",
                "__GI_inet_aton",
                "attack_method_ovh",
                "_setjmp",
                "fgets_unlocked",
                "__GI_bind",
                "auth_table",
                "_exit",
                "strspn",
                "__libc_recv",
                "__getdents64",
                "rand_alpha_str",
                "__lll_lock_wait_private",
                "attack_udp_hex",
                "strlen",
                "lseek64",
                "open",
                "program_invocation_name",
                "__libc_write",
                "__malloc_consolidate",
                "__GI_getuid",
                "clock",
                "__fork",
                "__libc_sendto",
                "__GI_config_read",
                "strchr",
                "fake_time",
                "__GI_raise",
                "setsid",
                "__GI_inet_addr",
                "__GI_config_open",
                "closedir",
                "_Jv_RegisterClasses",
                "__GI___libc_read",
                "__GI___errno_location",
                "strchrnul",
                "fcntl",
                "rsck_out",
                "__aeabi_idivmod",
                "attack_method_tcpstomp",
                "__register_frame_info",
                "__GI_getsockname",
                "attack_method_stdhex",
                "close",
                "__GI_config_close",
                "__libc_connect",
                "__GI_strlen",
                "__progname_full",
                "attack_method_udpdns",
                "raise",
                "free",
                "__GI_strcspn",
                "sigprocmask",
                "attack_method_tcpstorm",
                "getsockname",
                "cxwyz"
            ]
        }
    ]
}