{
    "malware_data": [
        {
            "filename": "6d7749a61e35adeaf5b1b91a7a3dd60e0e02d3df1a1bc3202b66db49623f48a2.elf",
            "filetype": "7F454C46",
            "filesize": "31KB",
            "hash_sha256": "6d7749a61e35adeaf5b1b91a7a3dd60e0e02d3df1a1bc3202b66db49623f48a2",
            "strings": [
                "wUPX!",
                "mW\\8e",
                "Tfxl",
                " bO(K",
                "_rB7",
                "oT8_",
                ")dD5",
                "L ;[c",
                "\"1P?",
                "<|2d",
                "AMKa",
                "D@21",
                "tEVbA",
                "<}L^",
                "^N e",
                "nDv1",
                "P5B1=",
                "p.;j",
                "(*5^",
                "yVy5",
                "4cNH=",
                "CJ1t",
                "[`})",
                "fbEf",
                ".M}B",
                "}a8N",
                "inSy",
                "uvK2J&",
                "e_..",
                "7|(%",
                "IHX{",
                "QRzyQ",
                "<R;x",
                "9F1IS",
                "]6DOd",
                ".xyZD",
                "lHmU",
                "c:/B",
                "|O/U$.",
                "MvA/",
                "EW&_@",
                "x0A*?|",
                "1Ar-95",
                "}dV[",
                "M%s[]_",
                "OGW`",
                "k-O.",
                "@3,o]",
                "b6Cb",
                "DVA*",
                "~KVE",
                "!H~~",
                "&RhW",
                " a_J",
                "P3fU",
                " c66",
                "Wc65",
                "G}O`k,w",
                "BFXv}ZH",
                "=5-w\\",
                "0D+Wc l",
                "lLQc",
                "Hq:B",
                "w(nk",
                "x{:\"",
                "^$Xe>\"X",
                ".vDHe",
                "u@\\?",
                "*u(j",
                "Sm&Ll",
                "T>W\"",
                "+h~v._",
                "%N/!h",
                "1H~F",
                "Z>]|=",
                ";n#5)",
                "f#(D\\mS",
                "bb31",
                "PMj@",
                "OXnT",
                "T7Z+",
                "PFna^J",
                "BF:b",
                "z%mJ",
                "d@wI",
                "_'!=",
                "]=7#5",
                "g-^R",
                "#>U ",
                "}nw\"$I",
                "N(y6",
                "#+k&",
                "*<RK",
                "}krr]",
                "+>}#",
                ",wKh=",
                "tQtf",
                ">nT*",
                "PH,u",
                "D#'?",
                "URhcw",
                "drmf*+",
                "5Yl*",
                "?Vk0\"",
                ":ko$",
                "MFu+",
                "<RT2",
                "2@_k",
                "!h4v",
                "&2-_",
                "$7yW",
                "u]BCW",
                "lnZ9",
                ".R7P",
                "S%+j",
                "| +L",
                "<t }=",
                "9o@W",
                "EMo6",
                "^Who",
                "fC9Cs",
                "\\O1\"",
                "^7~t",
                "P?#'",
                "Ms/<",
                "(lVen)._",
                "-*+K.t",
                "O9r.",
                "eQz3",
                "2D@%2d3",
                ">Aq&:",
                "p\"\"zU",
                "9*4Z-",
                "@Wto",
                "y\\4 $",
                "l|1)K",
                ".ZAA",
                "E'w!",
                "ycpj",
                "'.!d3",
                "S|9J0",
                "@)=?O",
                "DP:6",
                "3fdO{-",
                "UQ\\d+",
                "]S_Q",
                "0BL8SwP",
                "M`y#{-",
                "?kI6<t",
                "pE%&",
                "D,_F",
                "EG5a",
                "J:r-",
                "G>#4",
                "bSNAM",
                "Tqd-I",
                "cqfhU",
                "Y\\zi$",
                "fDNh",
                "=k4Fb",
                "gvaI",
                "Kw.s&\\",
                "DG;9",
                "r~c`",
                "lhr}",
                "j&pe",
                "HV4S",
                "E]7zfU",
                "bHN}",
                "S;@3",
                "3uqS",
                "kT\",",
                "cu#k",
                "GN7U",
                ">Bw}",
                "bZpHY",
                "Hr)>",
                "bMOwKW",
                "\\;5l",
                "m9O8ND",
                "d%}'",
                "#~4Mm",
                "vy(f)2`",
                "i(&!i",
                "X,$?uZ$x^",
                "@V39",
                "yUsC{",
                "j]`T",
                "BKy(",
                "m&_A",
                "V2QS",
                "4;?<",
                "[Qee&",
                "<;S'}]1g",
                "3qs0",
                "'l:1 ",
                "=NwgD",
                "5z-i7jrQ",
                "fGM&-",
                "R={^",
                "QXHd\"",
                "m1f8G.",
                "^s ;",
                "jUZI~",
                ">[{+2",
                "5ji5",
                ">Wm,",
                "1eO&",
                "UKcJ`",
                "Y^I!",
                "@b+;~",
                "=%U`}[n",
                "}T}D",
                "jTTn",
                "z9PO",
                "@3@r",
                "fPfO",
                ",ar J",
                ");mCG",
                "D:ex^",
                "2rYx$@",
                "`!H)<a",
                "*}C# ",
                "rY~Ze",
                "[Lc@j",
                "Mffo",
                "ElzNf",
                "B=2X",
                "}&44",
                "LP9[",
                "! y?J",
                "t_Wh",
                "AXmF6",
                "RmM><",
                "!Icq",
                ".-uQ",
                "5Weuo",
                " iMq",
                "sMN8",
                "8J6Ns",
                "nt6.e",
                "$\"#5",
                "[d)B]",
                "rmCL",
                "W'_n",
                "k:8=",
                "VgJw\\",
                "::KJ",
                "`%7$YO",
                "59z^",
                "amZ)",
                "M$'b",
                "-!xV",
                "yf8q0qf",
                "wIA=",
                "UaBuL",
                "<?.h",
                "T,1 ",
                "Pg>HF\"",
                "RNBN",
                "Mdi0",
                "|o:K",
                "b,q=",
                "Z\"\\irF",
                "^^y.",
                "D-_Uy",
                "P`gf",
                "Cxy^o",
                " D,B",
                "B+fWq",
                "3E!OL",
                "?tp' p",
                "B2+ha",
                "}`YK",
                ">v-5",
                "AUQl",
                ";7C0",
                "\"O<+",
                "B[C-",
                "bPE3e",
                "e$q=",
                "[n10",
                "#N%[",
                " )H/",
                "n}N[",
                "jU6IQ",
                "lFznXP;",
                "&7mT",
                "FR]N{",
                "X{>N",
                "`&n P",
                "G0w`",
                "mR-(",
                "+5z:?",
                "gZuU",
                "LIS0",
                ":r(2",
                ".#`d",
                "xhLf",
                "l0O'",
                "63,k",
                "|cX08c",
                "@}+X0})P09k",
                "}HSx8`",
                ".}8J",
                "#x}@Y",
                "}iXP",
                "}HSxA",
                "(P8d",
                "x}f:.U",
                "}HSx|",
                "(P}f;.8g",
                "}HSx8",
                "@PU`",
                "@.UH@.9",
                ".p}HSx|",
                "P}7Kx",
                ".p~)",
                "x}:Kx/",
                "0Ti 6 ",
                "x}d:.U",
                "}d;.B",
                "U)80?",
                "}f;.B",
                "ZX0T",
                "<}8J",
                "} HP8",
                "@.WZ",
                "(PcZ",
                "WZ 6|",
                "}f;.",
                "Z#xT",
                "`P8`",
                "mmap failed.",
                "$Info: This file is packed with the UPX executable packer http://upx.sf.net $",
                "$Id: UPX 3.95 Copyright (C) 1996-2018 the UPX Team. All Rights Reserved. $",
                "/proc/self/exe",
                "+)ct",
                "tt4ae",
                "2Z3g`M",
                "I}M-L",
                "9WF^&B)",
                "p?q^",
                "%[;y",
                "OBI2",
                "X/C71",
                "_IER",
                "/+?h6",
                "D!KD",
                "5<c[x+",
                "?/PA>f",
                "[:<U",
                "}]+[4p",
                "`TxR",
                "8y96",
                "a)90",
                "L0Yd",
                "o=nf\\",
                "vW$ya",
                "r3d_",
                "?6pK",
                "6ElA;",
                "c(ET6$",
                "?hwt",
                "jZ]%",
                "+2fx",
                "UPX!"
            ]
        }
    ]
}