{
    "malware_data": [
        {
            "filename": "d3c1c6b9d6562722772c1d747067bec031bf3f8f04931fb1555afb6fc08ae35d.elf",
            "filetype": "7F454C46",
            "filesize": "28KB",
            "hash_sha256": "d3c1c6b9d6562722772c1d747067bec031bf3f8f04931fb1555afb6fc08ae35d",
            "strings": [
                "UPX!",
                ";V7,",
                "UK;O~",
                "y$Qdl%",
                "8j6V",
                "HWeO",
                "Vxt`H",
                "XiEE",
                "u pr4",
                "gDC)",
                "C2dw",
                "=>\\/D",
                "T1h'",
                "\\c.o",
                "-GF-#W",
                "h};o",
                "!tJo",
                "UrDd",
                "UlU(",
                "p]t1",
                "}&U)",
                "%od Nd",
                "8|Pm",
                "AH?R",
                "v~hs",
                "T'J]",
                "[7Zq",
                "s;q$",
                "-2vZ",
                "}PNZ",
                "U+m!",
                "gN+i~",
                "!4mm",
                "<M)ZL",
                ":$>(",
                "+#Ne",
                "6H`5",
                "gu`!",
                "Sytm9$",
                "P[&^",
                "_{;-",
                "3NkO",
                "\">^(",
                "j2B`-",
                "SO)\"",
                "]z<`",
                "qp9~",
                "_F=o",
                "\\MEa",
                "h760",
                "oW?\\",
                "5CYH&",
                "k7@G/",
                "ofTb",
                "5umu",
                "xMxhYW",
                "Pzq/h",
                "`1hu",
                ")L?}",
                "f|{2",
                "N!}K<-",
                "3#@)",
                "R%7n",
                "z:gf",
                "U$0s8$w",
                "|:@g",
                "v?uQ",
                "!eXU",
                "!\"' M",
                "U5<VC",
                "&Ot2",
                ";Je ",
                "oJoV",
                "Uw+5pq",
                "8!J ",
                "[6;t",
                "1X9B",
                "c.u\\",
                "mk4L$",
                "i_4d",
                "XA+v2I",
                ";P+<",
                "HOY!",
                "_90YQ",
                "64Oz8",
                ":L$_%",
                "{sK:",
                "wj<2",
                "gZ{`",
                "Cv{({p",
                "aDF?",
                "Kz1>U",
                "'x?=_?",
                "1:zx",
                "UU]2",
                "p$A&",
                "Sm8yE;",
                "`E_6",
                "7Yy^",
                "1%MM",
                "cTCk`",
                "%Q[e",
                "bL~M",
                "j33i",
                "+h1V",
                "*,(=",
                "K.v,O`",
                ">7c?",
                "*G^5",
                "2=H<s",
                "esMp",
                "JzRL",
                "Fv\\\\",
                "S-G#",
                "FIq\"",
                "rB=y",
                "+nWUp",
                "8jcif b^",
                "Xl@P",
                "fX6/P%",
                "hi|ZE",
                "=vgk",
                "Xxo?",
                "mAym5",
                "CQM{",
                "|/[WV",
                "u:1o",
                "bzT'",
                "`4\"r",
                "!1fm",
                "lvN|",
                "uvV}",
                ":6Qi",
                ">pn[",
                "HAlIPM",
                ">l;0dB@",
                ")e'l=",
                "6>fR",
                "#X`A",
                "Xxe{",
                "_Z\"Mz",
                "7]3$",
                "0Qh-",
                "8}XS",
                "5<A;'",
                "T0g$",
                "Tc[ w",
                "7ELp",
                "jyjk",
                "7W::]",
                "vJIRF",
                "LY!3",
                "yk,q}",
                "ipZq9",
                ":@>G",
                "DN.2",
                "S6Hi",
                ":\\`W",
                ",RdO",
                "i%E,",
                "-%t0-",
                "c@6JT",
                "i`#;J,",
                "6GOx1",
                "2EOm",
                "#]c]r",
                "\\ZUY",
                "ZYIy:",
                ",(?C,s",
                "qp96",
                "oFZ4c",
                "$mMe",
                "U1d][",
                "NaL'",
                "Ke/0J",
                "2lPI",
                "0oyl-Y",
                ",ymM",
                "$'Gz",
                ":Tj(",
                "HYrKs+lD",
                "p&mW",
                "*5ix0",
                "tCi{V#6\"wE",
                "e[spd",
                "iP(&",
                "jI P",
                "fK*i",
                "bR,L;",
                "%&<k",
                "V_H1m",
                "e^TT",
                "EPh6gR\\",
                "yNAf^",
                "\"V) mJ",
                "Y#pz_p",
                "47W4",
                "|m_g",
                "O7N4",
                "CdS7",
                "E:$9'",
                " U`+#U-",
                ",,-W",
                "lD2lZ",
                "sA,|",
                "{JuXq",
                "I(>sy",
                "~C\\f",
                "WCu&",
                "v0T2,",
                "0&;I^ZY7",
                "2^\"o&I",
                "xc6j34",
                "\"yiB",
                ";sOH",
                ")@vx",
                "BnD:V/",
                "I,8y",
                "[uPC5I0!",
                "K%/?",
                "iec\"",
                ":9}w:",
                "<Ola",
                "_U&C",
                "\";}(",
                "l9Pv*",
                "tq#Qp",
                "8`7`",
                "tLDBuL",
                "<A7<c",
                "vXgiBE",
                ")$9'",
                "x2U!q",
                "=-E(",
                "B''`{qH",
                "4\\;P",
                "E.:l",
                "}\\,C",
                "&`+f;",
                "}@r_",
                "m-AX%zk",
                "m60Fp;Qr$",
                "n_bn",
                "!r-[",
                "ZaGJq7",
                "$#dJj",
                "~3vxM",
                "Jqasr",
                ")\\MZ&",
                "%k8D<",
                "vQ,^",
                "%R|y-|",
                "Xg4$0,",
                "E,KA",
                "W{+9",
                "bt5Z~>K",
                ".UD&",
                "!i.(<",
                "=nMP5nn",
                "?0O=",
                "%3!YP",
                "^8$RN",
                ":1cj",
                "WkL:",
                "HYrxO?",
                "**cz",
                "!FcN|",
                "<6*Q",
                "Uah&",
                "|C^]F",
                "#gnyh",
                "80?,",
                "4Zn_",
                "f W %",
                "*ANq",
                "d+`d",
                "]yuI&",
                "dZg*uuY",
                "--rr]",
                "FYzcm",
                "h,as",
                "raQ%J",
                "|bO{g%",
                "4X7#DUZ",
                "K8R~n",
                "WSE:G",
                "qfv.",
                "\\cA4#m",
                "r'@I",
                " N?d",
                "8pWx",
                "(B,Z",
                "o e!",
                "_P\\K$",
                "c)xD7N",
                "[FV!",
                "#r+0}",
                "Pb )",
                "PROT_EXEC|PROT_WRITE failed.",
                "$Info: This file is packed with the UPX executable packer http://upx.sf.net $",
                "$Id: UPX 3.94 Copyright (C) 1996-2017 the UPX Team. All Rights Reserved. $",
                "5n9#",
                "]=2)",
                "%b')",
                "U+V!]",
                "/S|1",
                "[*v!q6L",
                "|[%'",
                "Jv?R",
                "TB$gsp8",
                "[>2g",
                "u`QMf",
                "kA;C].",
                "]a$<",
                ":C2~z",
                "?Usd",
                "K+~(",
                "961K",
                "]jN-"
            ]
        }
    ]
}