{
    "malware_data": [
        {
            "filename": "cd10ab58c8cb5119d76ebba24a76835da97587461b1b1f69dcb4dd5d93aff460.elf",
            "filetype": "7F454C46",
            "filesize": "85KB",
            "hash_sha256": "cd10ab58c8cb5119d76ebba24a76835da97587461b1b1f69dcb4dd5d93aff460",
            "strings": [
                "PP8iPP/",
                "!-t8",
                "(U|z",
                ":$3(:",
                "3P:J3\\9",
                "P0})",
                "}_PP",
                "{x|z",
                "sx|z",
                "3x|v",
                "aQ\\:a),",
                "0}9 ",
                ":%3\\:",
                "= GE`",
                "!Q<8`",
                "sx;`",
                "{x|x",
                "}?Kx@",
                ")$8`",
                "P}?KxH",
                "xTc808c",
                "}d[x9k",
                "3 |}",
                "Tc80",
                "3$|}",
                "}$KxB",
                "IPx9`",
                ":})P.",
                " }$KxB",
                "3x8!",
                "Pt= ",
                "}Pt|j",
                "[PxH",
                "9)Y8",
                "9)R0",
                "9)rP",
                "9)|p",
                "9)kT",
                "9)yL",
                "9)E`",
                "9)@l",
                "{Px8",
                "(WZ >",
                "0W9 >",
                "kMWZ >",
                "k5W9 >",
                "L8`@",
                "W9 >",
                "f!W9 >",
                "8W{ >",
                "@WZ >",
                "HW9 >",
                "W{ >",
                "WZ >",
                "dW9 >",
                "YaTc",
                "Y-W9 >",
                "RiW9 >",
                "L%W{ >",
                "CYTc",
                "@mW9 >",
                "y9|~",
                "Uk 6}k",
                "U) 6})",
                " 6}]",
                " 6})",
                " 6}>",
                "r=|~",
                "kM|z",
                "h)|z",
                "~a}2",
                "`u||",
                ";i7|;",
                "|`Fp|",
                "@.|`",
                "8`eX",
                "xQ|}",
                "X-|x",
                " 8`@",
                "o=|v",
                ":WZ >",
                "k!|v",
                "}}[x",
                "@%}!",
                "<`JR`c**H",
                "a\"L;a",
                "\"T|}",
                "!\"D;!",
                "/y8`",
                "}KSx}>",
                ",i|d",
                ",1|d",
                "+}|d",
                "+E|d",
                "?)8`",
                "\"\\8!\"`N",
                "H}KSxK",
                "+P`N",
                "P\\9 ",
                "iPdH",
                "x8`[",
                "8c3l>",
                "xPp<`",
                "&u= ",
                "7P`H",
                "u]8`",
                "VPd/",
                "yPh8",
                "vPd/",
                "yPhTi",
                "yPh/",
                "sPhH",
                "sPhA",
                "sPh8",
                "yPhK",
                "sPh|",
                "gQ$U X(|cRx|",
                "(Q |c",
                "|Q H",
                "Q = ",
                "kQ$|",
                "+xUIX(T",
                "})Rx|",
                "JxU)",
                ";x}GSx|",
                "U`X(UIl",
                "Zx})Rx/",
                "UiX(U@l",
                "})Zx|",
                "i}8`",
                "2y= ",
                "#xU$ 6",
                "Li|{",
                "W) 6",
                ".}xZ",
                "UK 69J",
                ">}kJ",
                "(M= ",
                "iPpK",
                "3!>`",
                "U+(4/",
                "U)@.}J",
                "Q(9 ",
                "Oq= ",
                ";{<49)Q(:",
                "9)Q(8",
                "9JQ(",
                "9)Q(",
                "8c<,8",
                "8c<H8",
                "8c<X8",
                ">ThF>/",
                "xU@@.|cCx|c",
                "sP|W",
                "x}`Z",
                "}c[x9k",
                "}>Kx/",
                "3P|T",
                ":9J;",
                ".})R",
                "L}<R",
                "@}<Z",
                "DA= ",
                "D)8`",
                "d}<Z",
                "Ce= ",
                "CM8`",
                "$}<Z",
                "Be= ",
                "<`]{8",
                "89)V",
                "|cH.N",
                "= ||",
                "=(||",
                "=,||",
                "=@||",
                "=X||",
                "=d||",
                "=x||",
                ">$||",
                ">,||",
                ">4||",
                "><||",
                ">D||",
                ">L||",
                ">T||",
                ">\\||",
                ">p||",
                "?D||",
                "?T||",
                "?`||",
                "?l||",
                "?|||",
                "@$||",
                "@4||",
                "@D||",
                "@\\||",
                "@l||",
                "@x||",
                "B`||",
                "CH||",
                "D(||",
                "ET||",
                "F8||",
                "G\\|{",
                "HX||",
                "}c[xN",
                "W}@@P",
                ";x9@",
                "+x8!",
                " }!Z",
                ":}%J",
                "}?Kx9)",
                "x}h[x",
                "P@= ",
                "x}e[x",
                "Cx}(KxD",
                "}j[x+",
                "}#Kx8!",
                "0:kY",
                "4= C0l",
                "U)]~;I",
                "WY 6}y",
                "}~[x;",
                "}[Sxs`",
                "}GSx",
                "x}*Kx",
                "} P8|",
                "}`@(|",
                "0:iY",
                "WY 6}Y",
                "}^Sx;",
                "}h[x}9",
                "}h[x}{[xs`",
                "}8Kx@",
                "= C0",
                "U)]~;",
                " 69)Y",
                "}~[x9JQP",
                "x}7R",
                "}rT0V@",
                "} Cx|",
                "}`P(|",
                "{x9\\",
                "H8|cH8|",
                "<:iY",
                ",P8}`cyA",
                "W[ 6}{",
                ",P8}`cy@",
                "}?KxT",
                "Q.}>Kx",
                "t}CSx",
                "= C0l",
                "U)]~5i",
                "X0= ",
                "XP|q",
                "8= C0l",
                " U)]~9)",
                "}GSx~",
                "H0= ",
                "}_Sx}>KxUJ",
                "4} Sy|{",
                "x}ISx",
                "4}#Kx",
                "}&Kx8",
                "}g[x8`",
                ";x}&Kx",
                "x}g[x9 ",
                "Cx|d",
                "x}f[x}GSx8`",
                "+x|d",
                "9+Up8",
                "= XQaJ",
                "-}kQ",
                "}CSx",
                "#x|d",
                "X0})",
                "#x8!",
                "U @.8",
                "UiF>Uk@.|",
                "U F>U)@.|",
                "U`F>Uk@.|",
                "U F>|",
                ">}#*",
                "@.Uk",
                "} Y-@",
                "}c[x",
                "a)B@<",
                "P|iZ",
                "#x8`",
                "}#Kx",
                "}j[xH",
                "}h[x",
                "H8}`R",
                "8iUxH",
                "~})r",
                "0}#r",
                "x~,P",
                "} SyA",
                "|}%HP}*Kx})",
                "}>@P8",
                "}?Kx8`",
                "4}c[x",
                "} Sx|",
                "T}#Kx",
                " |iP0|",
                ">},A",
                "})8PU)",
                ">}@C",
                "}@PPU",
                "x}#Kx|",
                "}#Kx|",
                "|e8PT",
                ">}'a",
                "L0|kL0|",
                "}`XPUk",
                "}`Sx",
                "}`[x@",
                "(@}`[x@",
                "L0}#",
                "}@[x",
                "$|c*",
                "9)PD",
                "POST /cdn-cgi/",
                " HTTP/1.1",
                "User-Agent: ",
                "Host: ",
                "Cookie: ",
                "http",
                "url=",
                "POST",
                ";|93.123.85.19",
                "abcdefghijklmnopqrstuvwxyzABCDEFGHIJKLMNOPQRSTUVWXYZ012345678",
                "3\\&;; ",
                "5:?;",
                "<!: acam",
                " 18:1 ",
                "0125!8 ",
                "$5''#;&0",
                "509=:",
                "\"=.,\"",
                "'!$$;& ",
                "?;d509=:",
                "efg`a",
                "!'1&",
                ",<8#",
                ";!&71t",
                ":3=:1t",
                "!1&-T",
                "{01\"{",
                "#5 7<0;3T",
                "ede{#5 7<0;3T",
                ":217 10",
                "=3< t0=0t= 't>;6T",
                "'<188T",
                "1:5681T",
                "'-' 19T",
                "{6=:{6!'-6;,t",
                "nt5$$81 t:; t2;!:0T",
                ":7;&&17 T",
                "{6=:{6!'-6;,t$'T",
                "{6=:{6!'-6;,t?=88tymtT",
                "{$&;7{T",
                "{1,1T",
                "{20T",
                "{95$'T",
                "{$&;7{:1 { 7$T",
                "{' 5 !'T",
                "z5:=91T",
                "{$&;7{:1 {&;! 1T",
                "{7908=:1T",
                " 9${T",
                "05 5{8;758T",
                "% ,6; T",
                "5&9T",
                ",lbT",
                "'<`T",
                "9=$'T",
                "9$'8T",
                "'05T",
                "9 0T",
                "6; T",
                "<5?5=T",
                "{1 7{&1';8\"z7;:2T",
                ":591'1&\"1&tT",
                "544?9.354`z1??*w;63,?Z",
                "99?*.`z.?\".u2.76v;**639;.354u\"2.76q\"76v;**639;.354u\"76a+gjtcv37;=?u-?8*vpupa+gjtbZ",
                "99?*.w",
                ";4=/;=?`z?4w",
                "v?4a+gjtbZ",
                "54.?4.w",
                "#*?`z;**639;.354u\"w---w<5(7w/(6?495>?>Z",
                "5513?r}Z",
                "(?<(?)2`Z",
                "659;.354`Z",
                ")?.w95513?`Z",
                "954.?4.w6?4=.2`Z",
                ".(;4)<?(w?495>34=`Z",
                "92/41?>Z",
                "9544?9.354`Z",
                ")?(,?(`z>5);((?).Z",
                ")?(,?(`z965/><6;(?w4=34\"Z",
                "{01\"{#5 7<0;3T",
                "{01\"{9='7{#5 7<0;3T",
                "{'6=:{#5 7<0;3T",
                "{6=:{#5 7<0;3T",
                "{01\"{#5 7<0;3dT",
                "{1 7{0125!8 {#5 7<0;3T",
                "{1 7{#5 7<0;3T",
                "5''#;&0T",
                ";3=:T",
                "1: 1&T",
                "e365`70;9ag:<$ef1=d?2>T",
                "5 366;uotjzr",
                "34>5-)z",
                "zkjtjaz",
                "lnsz",
                "**6?",
                "3.uoimtilzr",
                "vz631?z",
                "?915sz",
                "2(57?uoktjthmjntkjiz",
                ";<;(3uoimtilZ",
                "2(57?uohtjthmnitkklz",
                "zltkaz",
                ";934.5)2az",
                "4.?6z",
                "3.uljktmtmzr",
                "?()354uctkthz",
                ";<;(3uljktmtmZ",
                "oMXKNNC",
                "uKLFMUQ",
                "cRRNGuG@iKV",
                "ijvon",
                "NKIG",
                "eGAIM",
                "aJPMOG",
                "qCDCPK",
                "oCAKLVMQJ",
                "kLVGN",
                "tGPQKML",
                "AMORCVK@NG",
                "oqkg",
                "vPKFGLV",
                "kLDMrCVJ",
                "oqkgaPCUNGP",
                "oGFKC",
                "aGLVGP",
                "dWLuG@rPMFWAVQ",
                "dKPGDMZ",
                "/dev/null",
                " !\"#",
                ".shstrtab",
                ".init",
                ".text",
                ".fini",
                ".rodata",
                ".ctors",
                ".dtors",
                ".data",
                ".sdata",
                ".sbss",
                ".bss"
            ]
        }
    ]
}