{
    "malware_data": [
        {
            "filename": "46418981d8c7846bc82ac055492dbfd6f30f150c4ffcedd75bd42dbefb2912c1.elf",
            "filetype": "7F454C46",
            "filesize": "30KB",
            "hash_sha256": "46418981d8c7846bc82ac055492dbfd6f30f150c4ffcedd75bd42dbefb2912c1",
            "strings": [
                "UPX!`",
                "2\"ds",
                "ZB!c",
                "#U -",
                "@aGb",
                " V$0",
                "l(Bd",
                "`C~$?",
                "BCxb4",
                "/.@V",
                "+sOi",
                "&FX\"",
                "u66~r",
                "?&r)",
                "fc+4",
                "u3>DZ&",
                ">G4L",
                "oW95",
                "v-Ec",
                "@?*+",
                "d85@2",
                "by\"Lk",
                "]VXkN",
                ";$o%",
                "+wgt",
                "LYw2",
                "JJDD",
                "rSa(",
                "pO;?",
                "V1ZS>K",
                "Wonf",
                "YRsL",
                "93Og",
                "'OUA:",
                "B/TR",
                "l)I ",
                "cP;D",
                "k;j*oQ",
                "6W<M",
                "GnRZ",
                ">A<1(",
                "%A:D",
                "4b#8\\",
                "Arpm'",
                "Su$] ",
                "Jw@Z",
                "No~M0",
                "[zO!",
                "[FFm8",
                "Jr0Z",
                "\"^9)",
                "9g@A",
                "c5YT",
                "[R%;#",
                "^~HFA\\",
                "Jl[W1",
                "SXX\\",
                "'zdm",
                ";?Lz",
                "$-P,",
                "zF7{",
                "j3z7",
                "/^l>",
                "e\"t`",
                "$rYQ",
                "8d,3",
                "%@-E%",
                "[Br{",
                ")tLG*M{",
                "GZ!@",
                "~pz3",
                "gx&X7",
                "(_uk",
                "ff5~",
                "-i$H",
                "Ipcj",
                ";cVJ",
                "If33s",
                "ybs4",
                "IxSi",
                "r(,Q",
                "0AjJ",
                "`=)Ti",
                ">uT%",
                "F<f\"",
                "KM8N",
                "TB]~",
                "?W~9",
                "$.g8",
                "0}g%",
                ",M|]L",
                ".bHq",
                "H^F6",
                "&_eb",
                "?^HS",
                "iu9U7",
                "q[,`cwA",
                "v_Gq",
                "/a$d",
                "n{^z",
                "730*",
                "7a72q4z",
                "_uPN",
                "2%Qs",
                "%6tM",
                "OQ~=k}",
                "<_0b}",
                ">A``:;",
                "IHzJ",
                "HgkMp/",
                "->4vj!",
                "&Hvt",
                "2qHvKm",
                "M5:g",
                "y>,B",
                "uQe?S",
                "3wd6",
                "E9;On",
                "Uk9p",
                "{{v5",
                "EBd<",
                "YH[l",
                "U,K!B",
                ":gRe",
                "MNP1",
                "wuk|",
                "ro,]",
                "|4s)",
                "@fA\"~",
                "%oa-",
                ")q}^",
                ")sA3",
                ">5uq!",
                "%Kv*",
                "$<\\R",
                "fJ=$S",
                "N@QYXL",
                "\\)tc",
                "#G1r^z",
                "\"i: ",
                "a%gY",
                "Z}Z;WV",
                "@'Zj",
                "K7oj",
                ")6W9m",
                "'I^.",
                "zOuB",
                "fZoc4",
                ">2I9",
                "J5h[",
                ":Ye_",
                "q0&Zk",
                "E'\"o",
                "4fr*",
                "%*VS",
                "kf1-",
                "XT!S+o",
                "_yzQN[",
                "S?<T~h",
                "HiJv",
                "jmZZ'",
                "yV*:.",
                "'J1Q",
                "+A#-",
                "Lnv1",
                "ls-n",
                "e.%d",
                "?.N)",
                "2&MK-",
                "5My;",
                "VlR9",
                "-*JJ6",
                "!Lsy&",
                "V2,y",
                "RnqX",
                "\"E6???bQ&)",
                "4-6UC",
                "ue. ",
                "Cb8E",
                "uCE)",
                "))F*",
                "5BHp",
                ")$up",
                "ChCN",
                "K'NE8",
                "m~\\I\"",
                "YHgt",
                "7~-K",
                ":rky)",
                "d-_c",
                ",l0n",
                "x!&_D",
                "DX^*",
                "S,C?Y",
                "pY4p",
                "[>.p",
                "usa;",
                "R!; ",
                "Y5BD6",
                "[*2l",
                "1MME",
                "&5S2ka",
                "s@]n-",
                "WoBT",
                "#`.5",
                "c.ea",
                "vI~2",
                "p]$B",
                "jO4|Y",
                "'i5}OE",
                "M(}\\",
                ",Dx8G",
                "\"a]4",
                "|!@9J",
                "/\"rz",
                "pG$~",
                " jiO.S",
                "q-Kq",
                "4]55*_",
                ")qdT<2",
                "*A*8",
                "qy6uJ3",
                "B)|S",
                ";R#Y",
                "K1TFM",
                "$+Xg",
                "tnMR",
                "JYZL/bT5",
                "^M;cO",
                "`j)d",
                "<kF.",
                "0pF<M",
                "T*W@",
                " /Ce",
                "aaKF",
                "eGB=Nc",
                "E/E,",
                "4YX.a",
                "'ct[U",
                "yoaO",
                "3o%*",
                "6>p:~",
                "q]jA",
                "gJ)@n",
                "Q+E+",
                "tA\"<",
                "^]IP",
                "1W] h",
                "qqYL",
                "]LqK",
                "+_t8L",
                "d][B,",
                "QA5\",",
                "+-kcB(",
                "+HD2",
                "1IwgA)",
                ")Q\"h",
                "O&Q\\",
                "Y.%=|",
                ">`gN",
                "_9yLn",
                "YJ}\\",
                "Ywys",
                "YclZ",
                "B<F4",
                "0`mh",
                "xKrLX]H",
                "n'9\\",
                "<m#X",
                "(+rgA",
                "CYD~",
                "m%_0",
                ")Hu-.g",
                "[)q\"",
                "HyW2D",
                "`[Q5",
                ".J]gi3",
                "A2^J",
                "$4@T0\"D",
                "?+gY",
                "X{N7",
                "-O/E|",
                "=a-}",
                "~A*M",
                "<.EQQ,",
                ")Ikw3",
                "OE{Y^Y",
                "EIk%",
                "pf5F",
                "E+.}?",
                "c(Z4",
                ">z>MS",
                "^Bkk",
                "a\\X|",
                "B$!8",
                "R&# ",
                "E$!x",
                "$#xd",
                "$!P`",
                "PROT_EXEC|PROT_WRITE failed.",
                "$Info: This file is packed with the UPX executable packer http://upx.sf.net $",
                "$Id: UPX 3.94 Copyright (C) 1996-2017 the UPX Team. All Rights Reserved. $",
                "vyB!F",
                "dBx'2",
                " HC\"",
                "J%1c",
                "@tDB",
                "A&v}",
                "sUge",
                " @*i8",
                "80c=",
                "VA*w$",
                " &Nw",
                "_u7k",
                "-R3\"",
                "K,^<.",
                "ArHF,tC^",
                "emO<V(A48",
                "l(bJ",
                "x0eJ,x7",
                "4H)6",
                "kWxL",
                "4g_3",
                "<yiR",
                "UPX!"
            ]
        }
    ]
}