{
    "malware_data": [
        {
            "filename": "21c6dd94577eb8a7f102656f638e4bdbac0fdb457c6dbd902a474b9c8b42a201.exe",
            "filetype": "4D5A9000",
            "filesize": "87KB",
            "hash_sha256": "21c6dd94577eb8a7f102656f638e4bdbac0fdb457c6dbd902a474b9c8b42a201",
            "strings": [
                "!This program cannot be run in DOS mode.",
                ".text",
                "`.rsrc",
                "@.reloc",
                "y]AZm",
                "*FWk",
                "n?Ka",
                "x+O_",
                "-B*)",
                "Dv0A",
                "9}Po",
                "JMR'",
                "u7+=",
                " }P4",
                "eGfE",
                "=n`S?",
                "l|QT",
                ":H-9",
                "\"e?#",
                "@qI!M",
                "rgM+#|*",
                "/D{9",
                "Dzrf",
                "YPb`",
                "o1?dR*",
                "%n{%",
                "wVzV",
                "/?`rw",
                "1GL<J",
                "c\"T7",
                "yxeTfQ",
                "<4hI",
                "~N6%",
                "B3}A",
                " w [F",
                "-9cj",
                "o1Z7",
                "E6Sz",
                "$3^){",
                "75x8",
                "'VsH",
                "wWZw",
                "!\\RwTq",
                "ksdK9",
                "MvU\\",
                "g*\"s",
                ".0EO",
                "n48V",
                "0LNX",
                "jY0MnIs",
                "kU[yq",
                "C4T-",
                "I<1.",
                ";M<[X",
                "7: A",
                "7k0V",
                "4&y<",
                "=EV_",
                "37O-",
                "T(m4mK",
                "*aH[",
                "[pYt",
                "T&Z<",
                "^mx\"qE",
                "h$qyO",
                "xz=aT",
                "aWJv",
                "ZAhj",
                "AKy=j",
                "qj0k",
                ")(#`",
                "*x)S",
                "V;6Dt,",
                "(Pvb",
                "I~~8",
                "QM/1",
                "Tk7[!}",
                "0<;+",
                "[TH;B!",
                ",3\"(",
                "b`?O",
                "rA7[",
                "43n'Z",
                "r&;)C",
                "\\\\,J",
                "sez/XA",
                ")4xj",
                ")sss",
                "PI17",
                "3&#,",
                "~=cn",
                "{!;,c}",
                "k.c\\",
                "{upp",
                "}[\"q",
                "wWZ^.",
                "|v/Z",
                "0K+';",
                "e]gEF",
                "2Ec,",
                "x4 v",
                "o<TI p4",
                "r4Oe",
                "<@`/",
                " ?\\G",
                "vTD@",
                "c]-6",
                "V%x#",
                "_P26YD",
                "_D<F",
                "gl{`",
                "kFRTz",
                "VF>o",
                "6`Gp",
                "R#3%l",
                "ntgetfe",
                "Pbk@",
                ")Y>1?",
                "Y=U3W",
                "*`iu",
                "W[^N",
                "#x;c",
                "3+^~",
                "Q6 )K",
                "Xgs:",
                "AdD3\\}",
                "Rtf;l",
                "w3Ueu",
                "^ZS@p",
                "W]mM",
                "y`s.`",
                "x~Fpd",
                "\"v'5",
                "c}:F",
                "l'Ah6w(",
                "cP^e",
                "3G\"JC",
                ":EVA^",
                "?^8C",
                "Pitd",
                "P?H'",
                "tfNT",
                "v>GM",
                " />i",
                "{Kg@",
                "CTU]",
                "qWO)",
                "pE;5@",
                "{Zjn",
                "2=\\Z5p",
                "oLkkt",
                "_gn~",
                "PvH;",
                "\"D|5e`",
                "alGZ",
                "jEBJx",
                "D_m9",
                "i(TSp",
                "{9Z-6",
                "XB)]",
                ".5#h",
                "u^kfFK",
                "d=Yj6",
                "mnpL",
                "j#$h",
                "6I:k",
                ";6tz",
                "~Wi>",
                "1*Z/ky",
                "cv;2",
                "IMW2^",
                "y +mvL",
                "uNfp",
                "N13z,FH@",
                "f hJl",
                "n&A{|@M",
                "5cx`",
                "WN8,~",
                "~K)17",
                "m#Ai",
                "0=[cF",
                "&L?c",
                "wZI{I",
                "K>bg",
                "2f GP7@",
                "SZ\\T_",
                "..*r",
                "[xRgt",
                ",}[1",
                ".9Is",
                "&KcT",
                "9YU@",
                ".IBS",
                ":zCO",
                "g3\\F",
                "jtX:",
                "b|J|~",
                "a:W ,",
                "Kgq'",
                "i[\"M",
                "u1S_V#r",
                "X'Ft",
                "AW@F2o",
                "<10='",
                "2o\\x",
                "aSC^i",
                "U5,[",
                "pS|k",
                "8BD|K",
                "CAY(yw",
                "*4V[3",
                "!^WJ",
                "h2D>",
                "Q:GJ",
                "eP)BcN",
                "RuBV",
                "^cW`",
                "l~x$",
                "/w77",
                "}-Q2W",
                "-tJ}",
                "~>e,l`|",
                "(/i*",
                "DA,j",
                "+U#n",
                "5UT3{",
                "a.P1",
                "ej67:",
                "Sc7%#",
                "u7kV",
                "3fgR",
                "R7zw",
                "-{:+",
                "?p1_",
                "ow'bX",
                "}(\"+q",
                " 06G",
                "Y`v5",
                "5RLe",
                "xe0O",
                "d^LyU",
                "}*3jL",
                "(&1@",
                "j-`|",
                "frxq6q",
                "e-a6",
                "{Gw=jDX",
                "1V([",
                "KrKmCf",
                "z1oC",
                " Ifj)",
                "PlzL",
                "YtO^50",
                "IDKII",
                "rnX6",
                "+;h/",
                ">JI%%",
                "OZ,*",
                "KCyH",
                "g|Y`",
                "^DM:",
                "(M!7f",
                "4Rd5",
                "jz5h",
                "Y9\\p",
                "nQ/&",
                "n ;h",
                "VO0j",
                ";z_xP",
                "'iUNT~",
                "dJInV",
                "`/SA",
                "t=SU",
                "u0QY",
                "V#L0$",
                ">YFP",
                "?DuE",
                "-yJVo",
                "%cBu1",
                "0l&`",
                "JvTT{g",
                "xOGC",
                "|]Y;\"",
                "?~6d",
                "tS6w9@",
                "]qP:5",
                "P#YZ",
                "WcnFG",
                "cFHL",
                "9z1hKm!/",
                "BNrt",
                "3=q\\&7",
                "j[:U",
                "&I3k7",
                "E]cM",
                "yq8@",
                "GSOd",
                "=:Ud`{",
                ">q>^",
                "ky^{",
                "O#)B",
                "f7?`",
                "2LIx",
                "8g#r",
                "8~RO.",
                "Ew~nQU",
                "%@IX",
                "U8leY9",
                "A\"wc$J~",
                "A~_g",
                "x`H;",
                "o\"'H",
                ",[gWm",
                "/N\\T",
                "`t6@",
                "R0mv",
                "h2s;",
                "7`nyWf",
                "!Dbo",
                "=~ofO>g",
                "kd\\[C",
                "U2.4<,",
                "XAXL",
                "?V-r:",
                "Z)B=0",
                "5Z[7",
                "+<{(<",
                "CbkdQ",
                "mK-G3",
                "au l",
                "7y_3A",
                "'df\\",
                "`g\"(6ey",
                "5/C;",
                "sCS`",
                ",9Y_",
                "C80'5>C",
                "8T7L7",
                "ak;`o",
                "94r[",
                "5Z>5",
                "PCV*$",
                "U2;y",
                "mzhd",
                "_9lo",
                "H!Jh`q",
                "/r?f",
                "B<<|w",
                "(V2{+",
                "9CR[",
                "-q=-",
                ".qoi",
                ":I[Y@",
                "]TkQ7",
                "A6l ",
                "QV,H",
                "Xjeg",
                "<=}OGUa",
                "0d;N.",
                ".Qam>",
                "QC[6w",
                "]8rQ ",
                "[g;ES",
                "<OX']",
                "P+<Ds<",
                "y&jK",
                "B>gn",
                "chGf",
                "Q/wh",
                "t=nR",
                ">X&r",
                "fFz>T",
                "ST;J",
                "jUMi",
                "LU-).",
                "U%{}e",
                "JA;G~Y",
                "&7mA",
                "x~{D",
                "!-MI",
                "k1qk",
                "oR[R]74",
                "c[C:",
                "]Xqi",
                "N}n6",
                ";l8|",
                "TIK{{",
                "K+\\,",
                "-mO1",
                "5c6.",
                "<^U+",
                "6v&5",
                "[j3v",
                "TUU3",
                ";4&i",
                "#9I1/",
                "W03m",
                "79M)",
                "q,p$",
                "NB8P",
                ">&4f",
                ":p<7",
                "D@6}",
                "]- #=e",
                "5Z9`",
                "k2T/{",
                "X$pEb#",
                "lh.IN",
                "O=5j",
                ".G\\ ",
                "w5%X",
                ":.Ww",
                "lh\".",
                "SCc%?y",
                "X2=5CzCeSAW",
                "ls.\"",
                "n<1T[5SL2$VX9",
                "FW@c",
                "&>tM",
                "X[la",
                " Bcz",
                "4$&q",
                "Y >F",
                "\\vV`~",
                "5@;}E]",
                "H@.G",
                "}PbB",
                "J[WaEZ",
                "8e[Z,\"",
                "3dzr9",
                "Bnz;",
                "-s9\"",
                "=/=k",
                "-V&8z",
                "V8%z",
                ",my[",
                "1Pg%PV",
                "=zz=",
                "OF3z",
                "<H7v=y",
                ",>j:",
                "j.[D",
                "r.hW",
                "F<D`",
                "AmbJv",
                "$}xQ",
                "SZr!",
                "5(1h",
                "5wua",
                "(wXg",
                "8*>:[5i",
                "uYYc7",
                "EL;CLx#",
                ";Btn",
                "F'?<g",
                "}TQu",
                "W!Jo-",
                "[,Y/",
                "n|T-q",
                "r*vM\"",
                "uZKk",
                "wOB@I",
                ".Ujm)",
                "}k~x",
                "#(2V",
                "cX=_t",
                "De-/E",
                "KVG0",
                "gw*i|y ",
                "e~wrMbv",
                "&X?;N",
                "Crih",
                "$q&z",
                "b<Xe",
                "@x^_",
                "ww[rWJ",
                "zt9V",
                "M^X2",
                "zJ4{-",
                "sFi5ud",
                "+i#K",
                "x$Z~",
                "nN7t",
                "`mZ-",
                "~pXF1",
                "8N&'",
                "e)As",
                "wPqqq7",
                "4'rR",
                "{--X",
                "E9iu",
                "I #F",
                "kB :",
                ";>)m",
                "^g9Oo",
                "'i\"2a",
                "*ViF7",
                "+lOQ",
                "YyTD",
                "L[<?",
                "G`^,y",
                "Z=wq",
                "%SY&",
                "_&!D",
                "on.&%",
                "H[]j",
                "^?IL",
                "-zQs}",
                "r `_",
                "WRnE",
                "`7kW",
                ":-dUh",
                "L3Y)",
                "-$##4",
                "?(}]oh",
                "kuMwj",
                "aIItM",
                "SE,(",
                "b&5k",
                "`VD&",
                "j]rp",
                "<zh@",
                "tBMIm",
                "XrN>",
                "NvUj",
                "uT!.",
                "#oN8",
                "ml|Y",
                "gmz4",
                "P~O[",
                "^+<1",
                "clEt",
                "qdczQ",
                "P7h)l",
                "J4;zQfJ",
                "IDH'k",
                "oK-o",
                "sBi@G",
                "Dd.n",
                "N9.9",
                "p/txlk",
                "o<>@",
                "fbtN",
                "Fxob",
                ",wgsn",
                "4k\"b",
                ":KMfk",
                "?8[]8",
                "a3l{I",
                "]SV+",
                "NGRvP",
                "w?b,",
                "B?tV",
                "W/%'\\",
                "\\12+^",
                "r\\c ",
                "@i7[",
                "s+i=",
                " W~a",
                ">d;|",
                "0UPW",
                "UV()4@",
                ";g_N",
                "]a3Y0",
                " FN\\wp",
                "8~R4{",
                "uG !",
                "37rH",
                "P wG",
                "Yw;&^",
                "4u8T",
                "/nEEF",
                "e[`I",
                "UX`.",
                "#_vA",
                "3?%U",
                "N{frP",
                " SbS",
                "%dYu",
                "#.Kn",
                "WNL%",
                "k\\z0",
                "FB$A",
                "O_/=",
                "20>9",
                "%|rt",
                "M 7h",
                "uHOn",
                "1|* L",
                "g7QL",
                "jp/v",
                "tneL",
                ";bv/L",
                "6fXR>*",
                "LH0Y",
                "[9IJ",
                "lu[a",
                "J$-lY",
                "#K=`",
                "}`K&[0",
                "Mywhi",
                "j}`3GE",
                "OeWw",
                "F@.5{v",
                "nYYz",
                "\"Uq3",
                "Qd(K",
                ";=H*-",
                "+\\L5XE",
                "3?c\"",
                "tZdv",
                "10dc1",
                "BD-B",
                "r:m;",
                "|f`o*",
                "UbHG",
                "]&0<",
                "Kpo=",
                "oY_rV",
                "xgB6|\\#",
                "hOA$",
                "vIkOV",
                "/8;d",
                "Z$2J}hS",
                "R`JJ-",
                "`ANh",
                "b){M=A",
                "Eo3<",
                "#5hZOM",
                "yH`M",
                "CZgh",
                " @,YIl",
                "A?b:",
                "b6v4Q+1;",
                "{HU+",
                "DINE",
                "${4i-",
                "LORG1",
                "h=?(",
                "sxpvx",
                "H[iv",
                "{kzi",
                "(\"-lh",
                "i5Rg@",
                "~46r'",
                "B+_'",
                "yy7M",
                "<aj:",
                "6UZ=",
                "n%8.",
                "T)R`F",
                ",q'6b",
                "AQx^",
                "O!fE",
                "(T9/",
                ":v%m",
                "f5Me",
                "6#*8>",
                "nhTg",
                "ah=D",
                "}xCf",
                "aQ6U",
                "wczC",
                "h'gm",
                "}9NAJ]",
                ")/r'",
                "nDeL",
                "EkFx",
                "O(6?x",
                "z:P+",
                "*M1R",
                "[3h5S",
                "u5,Z",
                "dE/g",
                "]{8S",
                "oIc39",
                "#=*'",
                "H@]:n",
                "c\\x&",
                "sN?W",
                ",Bzm",
                "!(Wy5",
                "p]jL",
                "U226",
                "X9iX",
                ":P(3M",
                "dSuH",
                "an4j5",
                "uR`m",
                "R${m",
                "~dTV",
                "J%D)6",
                "j^5ETlk;",
                "D=ptq",
                "Q.=:^",
                "_3]8",
                "}'h~",
                "?/JJH",
                "djgk",
                "utLq",
                "'QO'\"",
                "z*b-",
                "fMzs",
                "IR/E",
                "E69\\",
                "YG.;",
                "/.$y",
                "/7S$_",
                "yN&/S",
                "sHdvni",
                "IWNUL:b",
                "m;^[p",
                "Q_`_",
                "$K*4",
                "W<+|",
                "u|Z5",
                "uPBh",
                "_q@r",
                "W;P4",
                ";.CKi",
                "b!%+",
                "K0WH",
                "5X^:",
                "^Vv9L",
                "v+Xk",
                "w;*'&",
                "}_w-I",
                ":qEo",
                "?@kOoG#oS",
                "GH)9v",
                "Cq6{",
                "1HtTn",
                "wrH;",
                "^1]%",
                "=p,3!",
                ":~H~",
                ".SQ~8",
                "eFG*",
                ";.u0",
                ">tHB",
                "=L<V",
                ">f2EP",
                "q+#m",
                "J6L(c",
                "I0K+",
                "8G6#'N",
                "5k!-",
                "aln^{",
                "xrv_",
                "sg/&}",
                "QX-OM",
                "IT<1",
                "4KV^",
                "{8I#_-",
                "@!vc",
                "!}*3",
                "H>N%",
                "47AJP~7",
                "J>f~1",
                "o *|",
                "\\>Ck}",
                "mN69",
                "* %`L+",
                "Q'9Y",
                ".r~'",
                "rs!.o",
                ".~BV>0BB",
                "+x^d",
                "Wk7C",
                "V@imUo7ZZI",
                "s(9(",
                "^\"&F",
                "l}eK",
                "BK/b",
                "%mh ",
                "\\3Oe]",
                "QPku",
                "MlQL",
                "Y1[+",
                "ny@<y`",
                "`tI.",
                "T\\yj_X",
                ">B/6P",
                "r,46",
                "}i~<U",
                "D^T7",
                "qyg+A",
                "i\\5Bkn*",
                "+cuk",
                "sq)T",
                "d\"/l",
                "SBH\\f",
                "\\D#I",
                "&Kz>4",
                "IUGB",
                "5e6W)(",
                "Vj#/",
                "%:)$",
                "c;{mv",
                "ma$L",
                "d2\\5'",
                "!JUD",
                "y@]L",
                "xqE`",
                "snW~",
                "b<y X",
                "NMy`:U",
                "m'O,y",
                "U`lU",
                "m!pk",
                "JZZM",
                "Z8;n",
                "DQ_K",
                "H<yO",
                "e`qd",
                ":.=\"",
                "i>(^",
                "y@sT",
                ".D!1",
                "+:*6",
                "!Id!",
                "JiBc",
                "lX@#",
                "<o#t",
                "Zrsl",
                "dj.\"",
                "dIBdh.z",
                "K^b7",
                "5'>g",
                "K},6S ",
                "sOS3",
                "7MBW",
                "$Oi/;17/[<",
                "~~!3",
                "_[uO",
                "YtO;",
                "@T>5H",
                "@[4Q",
                "|cyz",
                "atF!;",
                "s<tUf",
                ":^jm1",
                "_uMyn[M",
                "eQs<",
                ")l|o",
                "Sz:\\",
                "~bZm",
                "UE}J",
                "L5muI",
                "l7!!",
                "T-9v",
                "m\"FPn",
                "$fh>hy,3@",
                ".Ln^",
                "&g# h",
                "IZ4~#vh",
                "Z[[/(",
                "5tppbK",
                "{8Gr",
                "yeD5fOW",
                "5Xg\"",
                "$eKB",
                "JEQG",
                " .Tq",
                "XH?5Q8l",
                "&fOp|",
                "YAmx",
                "ZCBT",
                "6VtB",
                "i/:$",
                "0t]&",
                ",p6a",
                ".q4|",
                "3gnjM",
                "T2#,/",
                "Yygaa>.",
                "e'w%|",
                "Do/1",
                " Z:|W",
                "(0,7",
                "2o=*|",
                "6HLh",
                "uf=?>",
                "_AO\"",
                "`QR\"\\",
                "M\\Oq",
                "Nv$3",
                "HEI4",
                "z{xw",
                "[Il-",
                "\"OER![",
                "x;tb",
                "cHT6",
                "SI(Z -q",
                "/P!H",
                "?ym7w",
                "@DwL",
                "kVCO",
                "F?B1A<",
                "C0a;v",
                ".9FK)",
                "XcV>k",
                "P^n$",
                "YI3{",
                "s9ZG",
                "3ttCtS",
                "(;#m",
                "\"Kw0+z^",
                "IO)oL",
                "LmOZ_",
                "#6v]",
                "_cX*n",
                "VMDj^m",
                "a )Y",
                "a )`",
                "Z )Y",
                "X )`",
                "Z )`",
                "X )Y",
                "& ZJ",
                "?_b`",
                "_bj2",
                "_bY*",
                "BSJB",
                "v2.0.50727",
                "#Strings",
                "#GUID",
                "#Blob",
                "j.exe",
                "<Module>",
                "DataField",
                "Decrypt",
                "mscorlib",
                "GCHandle",
                "System.Runtime.InteropServices",
                "Main",
                "Resolve",
                "Assembly",
                "System.Reflection",
                "ResolveEventArgs",
                "System",
                "Decompress",
                ".cctor",
                "DataType",
                "ValueType",
                "BitDecoder",
                "Prob",
                "Init",
                "Decode",
                "BitTreeDecoder",
                "Models",
                "NumBitLevels",
                ".ctor",
                "ReverseDecode",
                "Decoder",
                "Object",
                "Code",
                "Range",
                "Stream",
                "System.IO",
                "ReleaseStream",
                "Normalize",
                "DecodeDirectBits",
                "LzmaDecoder",
                "m_IsMatchDecoders",
                "m_IsRep0LongDecoders",
                "m_IsRepDecoders",
                "m_IsRepG0Decoders",
                "m_IsRepG1Decoders",
                "m_IsRepG2Decoders",
                "m_LenDecoder",
                "m_LiteralDecoder",
                "m_OutWindow",
                "m_PosDecoders",
                "m_PosSlotDecoder",
                "m_RangeDecoder",
                "m_RepLenDecoder",
                "_solid",
                "m_DictionarySize",
                "m_DictionarySizeCheck",
                "m_PosAlignDecoder",
                "m_PosStateMask",
                "SetDictionarySize",
                "SetLiteralProperties",
                "SetPosBitsProperties",
                "SetDecoderProperties",
                "GetLenToPosState",
                "LenDecoder",
                "m_LowCoder",
                "m_MidCoder",
                "m_Choice",
                "m_Choice2",
                "m_HighCoder",
                "m_NumPosStates",
                "Create",
                "LiteralDecoder",
                "m_Coders",
                "m_NumPosBits",
                "m_NumPrevBits",
                "m_PosMask",
                "GetState",
                "DecodeNormal",
                "DecodeWithMatchByte",
                "Decoder2",
                "m_Decoders",
                "OutWindow",
                "_buffer",
                "_pos",
                "_stream",
                "_streamPos",
                "_windowSize",
                "Flush",
                "CopyBlock",
                "PutByte",
                "GetByte",
                "State",
                "Index",
                "UpdateChar",
                "UpdateMatch",
                "UpdateRep",
                "UpdateShortRep",
                "IsCharState",
                "ConfusedByAttribute",
                "Attribute",
                "RuntimeCompatibilityAttribute",
                "System.Runtime.CompilerServices",
                "CompilationRelaxationsAttribute",
                "STAThreadAttribute",
                "UInt32",
                "Array",
                "Clear",
                "Byte",
                "Alloc",
                "GCHandleType",
                "Module",
                "MethodBase",
                "RuntimeHelpers",
                "InitializeArray",
                "RuntimeFieldHandle",
                "GetExecutingAssembly",
                "get_ManifestModule",
                "get_Target",
                "LoadModule",
                "Free",
                "ResolveSignature",
                "AppDomain",
                "get_CurrentDomain",
                "ResolveEventHandler",
                "add_AssemblyResolve",
                "GetTypes",
                "Type",
                "ResolveMethod",
                "GetParameters",
                "ParameterInfo",
                "Invoke",
                "Int32",
                "Encoding",
                "System.Text",
                "get_UTF8",
                "get_Name",
                "AssemblyName",
                "get_FullName",
                "String",
                "ToUpperInvariant",
                "GetBytes",
                "Convert",
                "ToBase64String",
                "GetEntryAssembly",
                "GetManifestResourceStream",
                "get_Length",
                "Buffer",
                "BlockCopy",
                "Read",
                "Load",
                "MemoryStream",
                "ReadByte",
                "Math",
                "Write",
                "No$r",
                "ConfuserEx v1.0.0",
                "WrapNonExceptionThrows",
                "_CorExeMain",
                "mscoree.dll",
                "<?xml version=\"1.0\" encoding=\"UTF-8\" standalone=\"yes\"?>",
                "<assembly xmlns=\"urn:schemas-microsoft-com:asm.v1\" manifestVersion=\"1.0\">",
                "  <assemblyIdentity version=\"1.0.0.0\" name=\"MyApplication.app\"/>",
                "  <trustInfo xmlns=\"urn:schemas-microsoft-com:asm.v2\">",
                "    <security>",
                "      <requestedPrivileges xmlns=\"urn:schemas-microsoft-com:asm.v3\">",
                "        <requestedExecutionLevel level=\"asInvoker\" uiAccess=\"false\"/>",
                "      </requestedPrivileges>",
                "    </security>",
                "  </trustInfo>",
                "</assembly>"
            ]
        }
    ]
}