{
    "malware_data": [
        {
            "filename": "d244f5129dd0da39e8808311b3fd46120f5ddd4aa4b67be258f8ef42a3a6dafa.exe",
            "filetype": "4D5A9000",
            "filesize": "76KB",
            "hash_sha256": "d244f5129dd0da39e8808311b3fd46120f5ddd4aa4b67be258f8ef42a3a6dafa",
            "strings": [
                "!This program cannot be run in DOS mode.",
                "Rich",
                ".text",
                "`.rdata",
                "@.data",
                ".pdata",
                "@.rsrc",
                "@.reloc",
                "L$ SWH",
                "D$PE3",
                "|$ H",
                "\\$0H",
                "@SVWH",
                "T$@H",
                "CT$@L",
                "D$PH",
                "T$XH",
                "L$@H",
                "L$0H",
                "D$ H",
                "CD$ H",
                "T$8H",
                "L$ H",
                "T$ H",
                "L$PH3",
                ")D$ ",
                "D$8H",
                "T$(3",
                "|$(H",
                "T$(A",
                "L$8H3",
                "\\$PH",
                "VWATAVAWH",
                "d$ E3",
                "t$ D",
                "\\$xH",
                "@A_A^A\\_^",
                "VWAVH",
                "\\$`H",
                "0A^_^",
                "A'H;",
                "@SWH",
                "L$PA",
                ")D$ L",
                "D$0f",
                "L$@f",
                "D$0H",
                "(D$ f",
                "L$0L",
                "T$HH",
                "t$ UWATAVAWH",
                "M'H3",
                "A_A^A\\_]",
                "t$@H",
                "\\$8H",
                "L$ L",
                "p AWH",
                "L$PE",
                "L$XH",
                "Ct$@H",
                "\\$(H",
                "L$`H",
                "CL$`",
                "T$xH",
                "L$ D",
                "o5AN",
                "f;LG",
                "D$ @",
                "|$ L",
                "L$0D",
                "T$ D",
                "CpH9",
                "@SVH",
                "D$83",
                "|$@H",
                "t$ L",
                "D$(H",
                "t$(H",
                "t$0H",
                "L$(H",
                "D$(I",
                "D$ tp",
                "GpH9",
                "L$(H3",
                "0_^[",
                "@SUVWAVH",
                "L90u",
                "L90u\"H",
                "0A^_^][",
                "@SWAWH",
                " A__[H",
                "l$@H",
                "t$HH",
                "t$XL",
                "~-H;",
                "O@Hc",
                "t$XH+",
                " A__[",
                "@UVAVH",
                "0A^^]",
                "0A^^]H",
                "|$ H;",
                "N8Hc",
                "FpI9",
                "v8ff",
                "u%H;",
                "|$ UH",
                "WPLc",
                "GpI9",
                "CPHc",
                "|$0H",
                "\\$@H",
                "SpI9",
                "\\$ WH",
                "AXLc",
                "CpI9",
                "D$@@",
                "|$PH",
                "D$xH",
                "D$0L",
                "L$QH",
                "D$XH",
                "D$(L",
                "D$HH",
                "L$PH",
                "D$XH+",
                "L$XL",
                "H9D$H",
                "L$xH3",
                " A^_^",
                "ApI9",
                "D$ L",
                "|$xH",
                "L$XH3",
                "D$8H+",
                "L$8L",
                "\\$8I9",
                "UVWH",
                "L$(3",
                "l$ H",
                "l$HH",
                "l$PH",
                "l$@L",
                "L$@L",
                "D$@H",
                "T$0H",
                "L$8H",
                "`_^]",
                "t$ H",
                "D$ E3",
                "t$ E",
                "t$ WH",
                "\\$ H",
                "\\$XH",
                "l$`H",
                "t$hH",
                "@SVAVH",
                "|$(L",
                "|$ N",
                "H'H;",
                "l$`L",
                "0A^^[",
                "@SUWAVH",
                "(A^_][",
                "@WATAVAWH",
                "\\$pH",
                "l$0H",
                "t$(J",
                "\\$pL",
                "8A_A^A\\_",
                "@SUVAWH",
                "|$XL",
                "d$`L",
                "d$`H",
                "(A_^][",
                "@UVWAUH",
                "d$0L",
                "t$(L",
                "d$0H",
                "8A]_^]",
                "@SVATAWH",
                "l$pJ",
                "l$(H",
                "t$ H;",
                "l$pL",
                "8A_A\\^[",
                "@SVATAVH",
                "d$pH",
                "|$hH",
                "D$xI",
                "(A^A\\^[",
                "D#L$`3",
                "%u+A",
                "L$ E",
                "x AVH",
                "D$D=",
                "t$(3",
                "l$hH",
                "t$pH",
                "L$(I",
                "\\$pI",
                "t!eH",
                "uxHc",
                "uTL+",
                "T$`H",
                "L$hH",
                "T$`L",
                "L$pH",
                "@_^[",
                "ntelA",
                "ineID",
                "Genu",
                "t(=`",
                "t!=p",
                " w$H",
                "D$ \"",
                "D$ $",
                "\\$(3",
                "L$ 3",
                "D$H3",
                "u/HcH<H",
                ";csm",
                "\\$03",
                " H3E",
                "l$8H",
                "|$HH",
                "bad allocation",
                "Unknown exception",
                "bad array new length",
                "string too long",
                "generic",
                "system",
                "bad cast",
                "\", \"",
                "remove",
                "LoadLibraryA",
                "[%02d:%02d:%02d] %s",
                "currcrack.dll",
                "temp",
                "unknown error",
                "R_B?",
                "\\ED?",
                "RSDSj{",
                "C:\\Users\\Tim\\Desktop\\cracks\\crack-generator-master\\loader\\orbitloader\\x64\\Release\\orbitloader.pdb",
                "GCTL",
                ".text$di",
                ".text$mn",
                ".text$mn$00",
                ".text$x",
                ".text$yd",
                ".idata$5",
                ".00cfg",
                ".CRT$XCA",
                ".CRT$XCAA",
                ".CRT$XCL",
                ".CRT$XCZ",
                ".CRT$XIA",
                ".CRT$XIAA",
                ".CRT$XIAC",
                ".CRT$XIZ",
                ".CRT$XLA",
                ".CRT$XLZ",
                ".CRT$XPA",
                ".CRT$XPZ",
                ".CRT$XTA",
                ".CRT$XTZ",
                ".rdata",
                ".rdata$T",
                ".rdata$r",
                ".rdata$voltmd",
                ".rdata$zzzdbg",
                ".rtc$IAA",
                ".rtc$IZZ",
                ".rtc$TAA",
                ".rtc$TZZ",
                ".tls",
                ".tls$",
                ".tls$ZZZ",
                ".xdata",
                ".xdata$x",
                ".idata$2",
                ".idata$3",
                ".idata$4",
                ".idata$6",
                ".data",
                ".data$r",
                ".data$rs",
                ".bss",
                ".rsrc$01",
                ".rsrc$02",
                "`6|f",
                "P2@O",
                "WriteProcessMemory",
                "SetConsoleTextAttribute",
                "SetConsoleTitleA",
                "GetStdHandle",
                "OpenProcess",
                "CreateToolhelp32Snapshot",
                "Sleep",
                "Process32NextW",
                "Process32FirstW",
                "CloseHandle",
                "LoadLibraryW",
                "GetProcAddress",
                "VirtualAllocEx",
                "CreateRemoteThread",
                "KERNEL32.dll",
                "??1_Lockit@std@@QEAA@XZ",
                "??0_Lockit@std@@QEAA@H@Z",
                "?_Getgloballocale@locale@std@@CAPEAV_Locimp@12@XZ",
                "?_Winerror_map@std@@YAHH@Z",
                "?id@?$codecvt@DDU_Mbstatet@@@std@@2V0locale@2@A",
                "?_Fiopen@std@@YAPEAU_iobuf@@PEBDHH@Z",
                "?_Xlength_error@std@@YAXPEBD@Z",
                "?_Syserror_map@std@@YAPEBDH@Z",
                "?_Getcat@?$codecvt@DDU_Mbstatet@@@std@@SA_KPEAPEBVfacet@locale@2@PEBV42@@Z",
                "??0?$basic_streambuf@DU?$char_traits@D@std@@@std@@IEAA@XZ",
                "?getloc@?$basic_streambuf@DU?$char_traits@D@std@@@std@@QEBA?AVlocale@2@XZ",
                "?unshift@?$codecvt@DDU_Mbstatet@@@std@@QEBAHAEAU_Mbstatet@@PEAD1AEAPEAD@Z",
                "?_Init@?$basic_streambuf@DU?$char_traits@D@std@@@std@@IEAAXXZ",
                "??0?$basic_ios@DU?$char_traits@D@std@@@std@@IEAA@XZ",
                "??0?$basic_ostream@DU?$char_traits@D@std@@@std@@QEAA@PEAV?$basic_streambuf@DU?$char_traits@D@std@@@1@_N@Z",
                "?in@?$codecvt@DDU_Mbstatet@@@std@@QEBAHAEAU_Mbstatet@@PEBD1AEAPEBDPEAD3AEAPEAD@Z",
                "?out@?$codecvt@DDU_Mbstatet@@@std@@QEBAHAEAU_Mbstatet@@PEBD1AEAPEBDPEAD3AEAPEAD@Z",
                "?setstate@?$basic_ios@DU?$char_traits@D@std@@@std@@QEAAXH_N@Z",
                "??1?$basic_streambuf@DU?$char_traits@D@std@@@std@@UEAA@XZ",
                "?showmanyc@?$basic_streambuf@DU?$char_traits@D@std@@@std@@MEAA_JXZ",
                "?xsgetn@?$basic_streambuf@DU?$char_traits@D@std@@@std@@MEAA_JPEAD_J@Z",
                "?xsputn@?$basic_streambuf@DU?$char_traits@D@std@@@std@@MEAA_JPEBD_J@Z",
                "??1?$basic_ios@DU?$char_traits@D@std@@@std@@UEAA@XZ",
                "??1?$basic_ostream@DU?$char_traits@D@std@@@std@@UEAA@XZ",
                "?write@?$basic_ostream@DU?$char_traits@D@std@@@std@@QEAAAEAV12@PEBD_J@Z",
                "?always_noconv@codecvt_base@std@@QEBA_NXZ",
                "??Bid@locale@std@@QEAA_KXZ",
                "MSVCP140.dll",
                "__CxxFrameHandler4",
                "__std_exception_destroy",
                "__std_exception_copy",
                "__std_terminate",
                "__C_specific_handler",
                "_CxxThrowException",
                "__current_exception",
                "__current_exception_context",
                "memset",
                "VCRUNTIME140_1.dll",
                "VCRUNTIME140.dll",
                "fputc",
                "__acrt_iob_func",
                "fflush",
                "fclose",
                "fgetc",
                "__stdio_common_vfprintf",
                "_unlock_file",
                "_lock_file",
                "fwrite",
                "fgetpos",
                "setvbuf",
                "_time64",
                "_localtime64",
                "ungetc",
                "fsetpos",
                "fread",
                "_fseeki64",
                "_invalid_parameter_noinfo_noreturn",
                "getenv",
                "_get_stream_buffer_pointers",
                "___lc_codepage_func",
                "terminate",
                "free",
                "malloc",
                "_callnewh",
                "_configure_narrow_argv",
                "_initialize_narrow_environment",
                "_initialize_onexit_table",
                "_register_onexit_function",
                "_crt_atexit",
                "_cexit",
                "_seh_filter_exe",
                "_set_app_type",
                "__setusermatherr",
                "_get_initial_narrow_environment",
                "_initterm",
                "_initterm_e",
                "exit",
                "_exit",
                "_set_fmode",
                "__p___argc",
                "__p___argv",
                "_c_exit",
                "_register_thread_local_exe_atexit_callback",
                "_configthreadlocale",
                "_set_new_mode",
                "__p__commode",
                "api-ms-win-crt-stdio-l1-1-0.dll",
                "api-ms-win-crt-heap-l1-1-0.dll",
                "api-ms-win-crt-filesystem-l1-1-0.dll",
                "api-ms-win-crt-time-l1-1-0.dll",
                "api-ms-win-crt-runtime-l1-1-0.dll",
                "api-ms-win-crt-environment-l1-1-0.dll",
                "api-ms-win-crt-locale-l1-1-0.dll",
                "api-ms-win-crt-math-l1-1-0.dll",
                "LocalFree",
                "FormatMessageA",
                "GetLocaleInfoEx",
                "CreateFileW",
                "SetFileInformationByHandle",
                "AreFileApisANSI",
                "GetLastError",
                "GetModuleHandleW",
                "GetFileInformationByHandleEx",
                "MultiByteToWideChar",
                "WideCharToMultiByte",
                "ReleaseSRWLockExclusive",
                "AcquireSRWLockExclusive",
                "WakeAllConditionVariable",
                "SleepConditionVariableSRW",
                "RtlCaptureContext",
                "RtlLookupFunctionEntry",
                "RtlVirtualUnwind",
                "UnhandledExceptionFilter",
                "SetUnhandledExceptionFilter",
                "GetCurrentProcess",
                "TerminateProcess",
                "IsProcessorFeaturePresent",
                "IsDebuggerPresent",
                "QueryPerformanceCounter",
                "GetCurrentProcessId",
                "GetCurrentThreadId",
                "GetSystemTimeAsFileTime",
                "InitializeSListHead",
                "memcpy",
                "memmove",
                "qu\\jqL",
                "qRichM",
                "D$8A",
                "L$0A",
                "D$4H",
                "x UH",
                "o5+Q",
                "D$Pf",
                "L;E`L",
                "BE`L+",
                "EHLc",
                "o5rN",
                "L$PL",
                "C\\$0H",
                "\\$ D",
                "T$hH",
                "o5WJ",
                "o5GJ",
                "o5wE",
                "o5gD",
                "o5r>",
                "o5F;",
                "o5f6",
                "o513",
                "o5m1",
                "D$(E3",
                "D$ 3",
                "\\$ WA",
                "I9Khs",
                "CXHc",
                "C A+",
                "t$ 3",
                "@SVW",
                "\\$@L",
                "l$ L",
                "d$(L",
                "t$0L",
                "|$83",
                "d$(H",
                "APHc",
                "JhL;",
                "t*L;",
                "?s6H",
                "N'H;",
                " A_A^A\\_^",
                "K8Hc",
                "l$ VWAVH",
                "l$XH",
                "t$8H",
                "@SUWAVAWH",
                " A_A^_][",
                "UVWATAUAVAWH",
                ",<L;",
                "wUH;",
                "\\$hH",
                " A_A^A]A\\_^]",
                "|$ AVH",
                "@A^_^",
                "T$ L",
                "CONOUT$",
                "+T+r",
                "(N=)G",
                "fTVGD",
                "Z;;W",
                "k*?X",
                "RSDS",
                "C:\\Users\\Tim\\Desktop\\cracks\\crack-generator-master\\dll\\HEH\\x64\\Release\\HEH.pdb",
                ".edata",
                "HEH.dll",
                "?lessgo@@YAXPEAUHINSTANCE__@@@Z",
                "CreateThread",
                "VirtualProtectEx",
                "AllocConsole",
                "??0?$basic_iostream@DU?$char_traits@D@std@@@std@@QEAA@PEAV?$basic_streambuf@DU?$char_traits@D@std@@@1@@Z",
                "?_Lock@?$basic_streambuf@DU?$char_traits@D@std@@@std@@UEAAXXZ",
                "?_Unlock@?$basic_streambuf@DU?$char_traits@D@std@@@std@@UEAAXXZ",
                "?uflow@?$basic_streambuf@DU?$char_traits@D@std@@@std@@MEAAHXZ",
                "?setbuf@?$basic_streambuf@DU?$char_traits@D@std@@@std@@MEAAPEAV12@PEAD_J@Z",
                "?sync@?$basic_streambuf@DU?$char_traits@D@std@@@std@@MEAAHXZ",
                "?imbue@?$basic_streambuf@DU?$char_traits@D@std@@@std@@MEAAXAEBVlocale@2@@Z",
                "??6?$basic_ostream@DU?$char_traits@D@std@@@std@@QEAAAEAV01@P6AAEAVios_base@1@AEAV21@@Z@Z",
                "??6?$basic_ostream@DU?$char_traits@D@std@@@std@@QEAAAEAV01@_K@Z",
                "??1?$basic_iostream@DU?$char_traits@D@std@@@std@@UEAA@XZ",
                "__std_type_info_destroy_list",
                "freopen",
                "_seh_filter_dll",
                "_execute_onexit_table",
                ".?AVbad_alloc@std@@",
                ".?AVexception@std@@",
                ".?AVbad_array_new_length@std@@",
                ".?AVtype_info@@",
                ".?AV?$basic_stringstream@DU?$char_traits@D@std@@V?$allocator@D@2@@std@@",
                ".?AV?$basic_stringbuf@DU?$char_traits@D@std@@V?$allocator@D@2@@std@@",
                ".?AVios_base@std@@",
                ".?AV?$basic_iostream@DU?$char_traits@D@std@@@std@@",
                ".?AV?$_Iosb@H@std@@",
                ".?AV?$basic_streambuf@DU?$char_traits@D@std@@@std@@",
                ".?AV?$basic_istream@DU?$char_traits@D@std@@@std@@",
                ".?AV?$basic_ios@DU?$char_traits@D@std@@@std@@",
                ".?AV?$basic_ostream@DU?$char_traits@D@std@@@std@@",
                "<?xml version='1.0' encoding='UTF-8' standalone='yes'?>",
                "<assembly xmlns='urn:schemas-microsoft-com:asm.v1' manifestVersion='1.0'>",
                "</assembly>",
                ".?AVruntime_error@std@@",
                ".?AVsystem_error@std@@",
                ".?AVbad_cast@std@@",
                ".?AVfilesystem_error@filesystem@std@@",
                ".?AV_System_error@std@@",
                ".?AV?$basic_filebuf@DU?$char_traits@D@std@@@std@@",
                ".?AVerror_category@std@@",
                ".?AV_System_error_category@std@@",
                ".?AV_Generic_error_category@std@@",
                ".?AV?$basic_ofstream@DU?$char_traits@D@std@@@std@@",
                "  <trustInfo xmlns=\"urn:schemas-microsoft-com:asm.v3\">",
                "    <security>",
                "      <requestedPrivileges>",
                "        <requestedExecutionLevel level='requireAdministrator' uiAccess='false' />",
                "      </requestedPrivileges>",
                "    </security>",
                "  </trustInfo>",
                "!x-sys-default-locale",
                "kernel32",
                "GTA5.exe"
            ]
        }
    ]
}