{
    "malware_data": [
        {
            "filename": "ab74f0b951d0f7862d3f21786d05e13857ece4f306ba78b5c58ec98ad3ea69a4.elf",
            "filetype": "7F454C46",
            "filesize": "53KB",
            "hash_sha256": "ab74f0b951d0f7862d3f21786d05e13857ece4f306ba78b5c58ec98ad3ea69a4",
            "strings": [
                "HFu8sfga",
                "M (40",
                "8M@H4P",
                "XM`h5p",
                "s{+[[",
                "Y+Xmo",
                "+/O  ",
                "\"0/m7",
                "/h{X3",
                "0NHif",
                "xcKA",
                "10WD",
                "8r#V",
                "_PG`&",
                "`Xm_Z",
                "/o5+",
                "?u ;d",
                "CcU$",
                "rLC@",
                "TXe ",
                "g_wmDP",
                " \"C#p;@",
                "o#^?",
                "Gn4_",
                "#~w(",
                "#9_B",
                "B'a8",
                "?%gr",
                "XWF0;",
                "M<8z",
                "<OmR",
                "P?Q,",
                "3O[X",
                "[o*@",
                "x+p#x3",
                "s|[K:O0KC",
                ">}g0",
                "r+a_s",
                "(wsY",
                "{v?0)",
                "O(o`",
                "Sg(x",
                "7|{6#",
                "/&*p",
                "WAGbS",
                ".W1]",
                "#$[j",
                "G@(O)c",
                "[k;K6+K",
                "1kAp/",
                "G6oP",
                "|'3}",
                "+WjW",
                "$?O X",
                "l3 R",
                "~S(y",
                "k,c3",
                "K30HpV6O",
                "`59`t",
                "47Y[",
                "0s)k",
                "tOxu",
                "C`DP",
                "Pn'|",
                "ce.Ot3",
                "7]w4s",
                "C:`W`T",
                "{;K[",
                "0r75#]3Q",
                "# HO",
                ".s\\'",
                "oW/n",
                "4$28",
                "+2hD2",
                "35Sm",
                "C0a_",
                "3IG`",
                ";^ds+",
                "zCG?A",
                "8dAO",
                "8d!,{",
                "+w3B",
                "s'?C'9'h",
                "0{x;",
                "Wl4/",
                "y198",
                "X!U%c",
                "7Mdt",
                "+Cp+",
                "oP5 ",
                "]Kt^G",
                "X<3:",
                "^|0N",
                "\"?,W",
                "_%[l",
                "h/^_7C",
                "^c6G",
                "2PD2X",
                "DGCH",
                "GpW6",
                "``AW",
                "LCt$",
                "0`aCr(",
                "5X;B",
                "|sLuGXV7z",
                "/wt7 ",
                "0'53",
                "]/?-",
                ":o]9",
                "3TS/",
                "3<A`",
                "0-_S",
                "Oz'X",
                "n\"$s",
                "?c}W",
                "9c}g",
                ";<G+a",
                "W64o",
                "SCi[>",
                ":O+W",
                ";Q!5{",
                "{X#{",
                "Hc #w6",
                "S${^",
                "*0{b",
                "0#kS",
                "X[G{w",
                ".,Al",
                "C3AT",
                "[SEL",
                "6?L ",
                "*p+x",
                "f[Tj",
                "?JR*",
                "'[AZ",
                "33Z[",
                "@pS{\"",
                "!WVc",
                "p@s5",
                ")Sq$",
                "[\"@Gc",
                "Ws`0",
                "!2RKg ",
                "!rC 07",
                "[P7S",
                "8t*M",
                "A9C\";",
                ",k.D",
                "@ ?g",
                "q!8=",
                "k@8o",
                "Gz`S",
                "@pK`W",
                "@$9@",
                "0@7EC",
                "0QYg",
                "! fSK",
                "89D#I'",
                "+}G<",
                "gUp+",
                "OQH_ ",
                "g3R;M",
                "3* C",
                ";U\"g",
                "sC2H",
                "G?A0",
                "OTrg",
                "5_J+",
                "\\R!Og",
                "#7@/",
                "?7t'",
                "#pV=",
                "h!h@[k",
                "kC;u",
                "7hw!#v( ",
                "3#Dl",
                "Opb'",
                "r/I/",
                "KP}3l",
                "c@Cn",
                "Uc{p",
                "[>/$",
                "5NIg",
                "p7j$!",
                "LghI",
                "2%C$#",
                " kA8w",
                "0A##",
                ";G]#",
                "G2#d ",
                "M_2o-",
                "@on$#",
                "P`U'",
                "ptKV",
                " S 3S_ G8l#",
                " 0{G#",
                "N7+7",
                "o?x;",
                "A'{G/",
                "Z#{t`",
                "[{c_9",
                "/<7,sU",
                "p,o@",
                "s;Sl",
                "#8Ph_@P%",
                "1_E ",
                "#wc3",
                "aB<#'",
                "\"\"'X<",
                "W\\{W",
                "'+`gG",
                " Q^o",
                "KG!`",
                "s/+h",
                "HuHt",
                "\"0[u",
                "h5*p",
                "k(`;",
                "),C_",
                "QHS-",
                "''#O+",
                "xCOM",
                " f#4",
                " F7Q9",
                "n$/{",
                "D!Y'`",
                "N;!;",
                "CD:G",
                "pL@''",
                "[n0w",
                "Vgo<",
                "q'<;'",
                "pkc/AQ",
                "kc7v<",
                "cSEx",
                "E:/J",
                "g`+GW)",
                "+CKm",
                "vKZ/",
                "+\\BC",
                ",cDE_",
                "HVCq",
                "8sg{o",
                "iP_@s",
                "@?a;",
                " cMg",
                "KD_[*",
                "/h\\1",
                "c<{T",
                "(4{Lg(",
                "`DN1",
                "+qg\"",
                "0|S[",
                "'\\lO",
                "r+1[",
                "[#'DA",
                "GS&0",
                "2+3`4",
                "0*3K",
                "5#\\S/[",
                "/dRc",
                "b+17GG",
                "FO0B",
                "UvW3D",
                ",}C(",
                " $#QN",
                "x<gA'",
                "PH+p9",
                "(oPa",
                "6ISE",
                "X1#(",
                "8pgV",
                "[hKZS",
                " \\c(Z'2m",
                "9'Ux7xS+`/",
                "!.w4C\"T",
                "Oc@S?",
                "0GQ?",
                "4Xc!",
                "K2vST#",
                "'\"0E",
                "(xo3",
                "7/[vK",
                " O{a",
                "C?@H",
                "?{DC",
                "P\\IKX",
                "<0?,X",
                ";;{x",
                "/8_M",
                "8n7D",
                " ,0}/^0?",
                " ~S:",
                "{k[/b",
                "Fk,S",
                "pK}SX:",
                "!w*{",
                "@Gnt",
                "_AM7",
                "']XU",
                ";83!",
                ":?i9C",
                "*jCS\"",
                "ADBX",
                "+`TEcS3[",
                "\"1Gmw",
                "?,c5",
                "jMif5g",
                "cMba4`",
                "[ZiY",
                "WViU",
                "SR=#",
                ">=4<",
                ";M:9",
                "6G5[",
                "<S{3",
                "('j&",
                "''}T",
                "/\"#O",
                "Pp3{",
                "G4A;",
                "u4xC",
                "S&sUB",
                "g@z#",
                "P#*E",
                "(U/l",
                "FK@4",
                "'~K(D",
                "#$C]",
                "[[k1",
                "kb5[",
                "@lw,",
                "9gx_ ",
                "c7'b",
                ",'*W",
                ",v[8{\"",
                "#}SO",
                "GQ^;",
                "cAM{",
                "C+Y 3",
                "S2#d",
                "P!w8R",
                "f_%'a#",
                " Q$W",
                "GXu'",
                "8u#4",
                " SW`",
                "I({{",
                "Q(Cg",
                "w^3T",
                "q[FW",
                "AY'2",
                "wT`Q",
                "{*GU",
                "H;X 0",
                ";\"/3P*o",
                "[0sbEx",
                ")@-S2",
                "gkT1",
                "`G<i]",
                "+S1G",
                ".3U3",
                "~'0p",
                "`76`",
                ":-+7",
                ",X+ ",
                "_Av8",
                "a/Eu",
                "w<C0;",
                "pU;#",
                "s@rs(w",
                "{\\4w",
                "p/GDM",
                "wx@C",
                "[S{;",
                "/4^w",
                "5@*&",
                "?D*3+",
                "w@g*mo01",
                "$3J$",
                "R? )",
                "SC~=#",
                " 9?F",
                "*N7(",
                "C7PX+",
                "$.4Q",
                "kBCC",
                "+UK;",
                "op$DZ",
                "kC8 ",
                "8H4H",
                "LDi\\",
                "0Kd'",
                "K3Gl",
                "K#50",
                "c&@K",
                "TLiD d",
                ")/6_",
                "vPmG",
                "pc_,",
                "TV;*+7%",
                "XS(83x",
                "k;0G",
                "\\Pbg\"",
                "WoAp",
                "Vmk,A",
                "K]Lu|@",
                "*\"C/",
                "xc-,",
                "P`;5",
                "#3&,7PJ",
                "5OV<",
                "TR?t",
                "UtHo",
                "k Et",
                "ABKL",
                "b'\"U",
                "Q{/7P",
                "UoV?",
                "W8$`L",
                "1#_s",
                "6(7k[",
                "#Sv'",
                "\"!7]",
                "c6KB",
                "-,1U",
                "8h1{",
                "%PJK",
                "+<D6",
                "ak@@",
                "G7g^",
                "a#I#",
                "gEL0O;S",
                "KcUw",
                "U.W&^",
                "Z>>Sz",
                ";DR/",
                "+ODKk!",
                "*7p^",
                "D|cxDn",
                "8sG?xN",
                "A0&k",
                "V_b:",
                "?DoC",
                "A3ug",
                "KHs?k",
                "r[+[",
                "?v50",
                "8OhTzO",
                "km{b",
                "#3:,",
                "DHKz",
                "B/ik",
                "<{qX",
                "_-Px",
                "G<sAV",
                "wG @",
                "L#z3",
                "W$@J;",
                "cEZG",
                "9 W(S",
                "+Q=+ ",
                "u#,r",
                "(WB'vv",
                "+AO5",
                "GSs@@",
                " &su",
                "GK57@M",
                "C:`C",
                "W}gQ",
                "{w|s",
                "(a;.",
                "?POST ",
                "/cdn-cgiSl",
                " HTTP/1",
                "User",
                "-Agent:-",
                "Hos{",
                "url=",
                "/proc/",
                "ilf/e",
                "Detec",
                "d we a",
                "nning ou",
                "\"%s\"!\\",
                "tializ",
                "~scan!",
                "comm",
                "fy? (",
                "/tmp/",
                "[zza",
                "slav}`f",
                "fwuzc",
                "lnlk@w",
                "VAR_FI",
                "LELCKk=fi",
                ".lck",
                " %d!",
                "ail)",
                "cOPID`E",
                "} SIGK",
                "h- g",
                "WGD'h",
                "K5q6o",
                "lnWu4",
                "m18np",
                "702f#",
                "ZO@MV",
                "LI\"k",
                "RPMA",
                "}AOFN",
                "PGQMNT",
                "AMLD",
                ">g[c",
                "[f7=",
                "JVON",
                "AC~*",
                "UG@R",
                "v[R 0]",
                "WPN#",
                "5nM(c",
                "Ak]LE",
                "LIk.3",
                "WFDN",
                "hlLjztq",
                "txXobdif",
                "FeEgGa*`6",
                " +0-",
                ";wucG",
                "h {F 1",
                "YrW?6",
                "TupO",
                "addrD",
                "Argum",
                "riptVmTm",
                "a)zly ",
                "edbp",
                "omG-",
                "Gaa/",
                "0inA",
                "ft on",
                "lyfG",
                "in` !b",
                "dpxD",
                "o.$ed",
                "\"s e",
                "Lik/",
                "ety`",
                "mbom",
                "qvvdCh9",
                "bera",
                " 2~Ze",
                " ;lt`",
                "IftJ",
                "n)ch",
                "%=\\*",
                "Lbjs",
                "ouna",
                "pic&x",
                "[*8M",
                "aN=a",
                "25X$].",
                "lM'ie",
                "G5l al",
                "Z0l%Y",
                "8)I`r",
                "S0|W",
                "MM`m",
                "nA8e",
                "vIch",
                "sp>7qnn",
                "t8on",
                "IE+T$P0.]",
                "_?ffer",
                "a;ed'",
                "mYt5X",
                ": c`B",
                "%k/ExNFS",
                "XENIX$",
                "Ud2k",
                "ANnl",
                "O8M2",
                "[$G]",
                "o4wcx",
                "CAk[S",
                "4.002021",
                "/proc/self/exe",
                "/proc",
                "/self/ex",
                "0\\MSA",
                "lSrn",
                "CUPX!",
                "40CZ",
                "Wm?U",
                "! 9+",
                "Pdoc^",
                "`4n'",
                "4kScO",
                "hC`g",
                "w;@bQ",
                "4`\\s",
                "/4&'}",
                "<4'82/V",
                "GCC: (G",
                "NU) 3.",
                "2 200",
                "ian pre",
                "leas",
                ".shst",
                "inito",
                "tex5f",
                "roda",
                "eh_fra",
                "me3b",
                "wgoU3Mc,c",
                "om9n",
                "{ibuzvs",
                "7`'v;O",
                "3'r@0Wx`O",
                "w\\'H",
                "sfga"
            ]
        }
    ]
}