{
    "malware_data": [
        {
            "filename": "d993da5b179af8c4c4a3a29ba72182f51e47311205c7830f9cca88ec71328240.exe",
            "filetype": "4D5A9000",
            "filesize": "202KB",
            "hash_sha256": "d993da5b179af8c4c4a3a29ba72182f51e47311205c7830f9cca88ec71328240",
            "strings": [
                "!This program cannot be run in DOS mode.",
                ".text",
                "`.rdata",
                "@.data",
                ".rsrc",
                "PQRV",
                "RWWW",
                "5$pB",
                "=lpB",
                "F;5`",
                "=LpB",
                "=tpB",
                "VWu:3",
                "=PpB",
                "tPxu",
                "5<pB",
                "9F<vD",
                "9F<s",
                "V4W3",
                "h@rB",
                "hPrB",
                "hxrB",
                "uXj4",
                "$|rB",
                "tG9}",
                "0WWWWW",
                "_^[]",
                "X_^]",
                "YQPVh",
                "QSVW",
                "QQSVWd",
                "Y__^[",
                "to=8",
                "Y_^[]",
                "Fpt\"",
                "hlsB",
                "h\\sB",
                "uBhZq@",
                "hPL@",
                "j h8",
                "t+Ht",
                "PPPPP",
                "h(yB",
                "VVVVV",
                "<v8V",
                "0SSSSS",
                "SVW3",
                "X 9} ",
                "t/Ht",
                "9] t",
                "C YY",
                "@tH9",
                "WWWWW",
                "u+9u",
                "t&:a",
                "8csm",
                "S99t",
                ">=Yt1j",
                "tPVWP",
                "Y[_^",
                "j\"@@",
                "@@Bf",
                "8\"u8",
                "j\\Yf",
                "t$9U",
                "QQSVWh",
                "@@f9",
                "j@j ^V",
                "[j@j ",
                "5 qB",
                "Y;=h",
                "5XpB",
                "5(qB",
                "tehat@",
                "9csm",
                "u,9E",
                "@_^]",
                "=MOC",
                "=csm",
                "~SSV",
                "~@;H",
                ">csm",
                "taSV",
                "YYPV",
                "t)SV",
                "Hu4j",
                ">MOC",
                "s[S;7|G;w",
                "9>u&",
                "tR99u2",
                "r,9Y",
                "@_^[]",
                "58qB",
                "ueSj",
                "@_^[",
                " VW}",
                "j?^;",
                "v$;5\\",
                "0A@@Ju",
                "PPPPPPPP",
                "FVh\\",
                "5dqB",
                "9] SS",
                "Y_^[",
                "oV f",
                "o^0f",
                "of@f",
                "onPf",
                "ov`f",
                "o~pf",
                "_VVVVV",
                "SSSSS",
                "80t.",
                "^WWWWW",
                "SQRP",
                "jdRP",
                "Wj0V",
                "|-;E",
                "N+D$",
                "URPQQh",
                "L$,3",
                "UVWS",
                "[_^]",
                "SVWj",
                "AAFFf;",
                "uaVj",
                "uL9=(",
                "wIVSP",
                "FVSj",
                "SVWUj",
                "]_^[",
                ";t$,v-",
                "UQPXY]Y[",
                "u8SS3",
                "GWh\\",
                "9] u",
                "9]$SS",
                "5|qB",
                "t)9]",
                "t\"SS9]",
                "5tqB",
                "5PqB",
                "WWWWV",
                "t<Vj",
                "t+WWVPV",
                "SSSSW",
                "@PWV",
                "WVU3",
                "r\"9U",
                "9]$u",
                "<+t(<-t$:",
                "+t HHt",
                "u;hx",
                "u,hp",
                "K<5}",
                "0K;]",
                "^_[3",
                "oJ6E5c",
                "JGm-",
                ")(Oq.",
                "{32@AI",
                "3Q26",
                "o@,yF,",
                "#G(m",
                ";O&Z",
                "iNRF",
                "6= -",
                "3&hcIC?",
                "45f-4",
                "XBWO",
                "59zO",
                "(Xby",
                "5@(RRw",
                "EYHM",
                "FaQv",
                "_huBs|",
                "i#n>J",
                "r/)R",
                "4 7h",
                "U4>/ ",
                "mVo[",
                " s03",
                "3 x:",
                "/Y^::I",
                "OxX0",
                "]V2$",
                "M(ia",
                "GBamp",
                "Vd(,",
                "3bv~S",
                "6L[J",
                "=ctj",
                "@.H|",
                "+0B(",
                "M5+r",
                "p(1m",
                "XJ<Z8",
                "'Q`T",
                "uw3\\",
                "gVI,",
                ",%}I",
                ")26|",
                "P\\ x;",
                "Naoe",
                "c=@,",
                ">\\3#zk",
                "Z<>wH3",
                "Gdg5",
                "LR.P",
                "jQPZ",
                "5Cr')",
                "n 5o",
                "|-^+$y",
                "F6J7\"",
                "17f<",
                "LOsH",
                "Y^EA",
                "&]l@",
                ")4/>",
                "='e!~",
                "+f3(",
                "Q^!zi!",
                "|VL]",
                "Q#>hq",
                "M&S.w{",
                "5\"Eq(",
                "}o-!!",
                " E;;s@",
                "U &(",
                "}&WK",
                "rszk",
                ")VzW:",
                "Ig&M",
                "/'2.+",
                "d\\24",
                "z,CG",
                "B/ki",
                "`AE4",
                "@~Mv",
                "^t:\\",
                ")ChP",
                "R@>J",
                "?GEU",
                "?+al",
                "1o-~",
                "pZb$~",
                "5Mw'",
                "M}TG",
                "],JU",
                "[a1{;B",
                ".{zT",
                "6rmv|`",
                "w``.",
                "W#ME",
                ")k>O",
                "_8|\\",
                "%mley",
                "kmPY",
                "09Ia",
                "YJVSNA",
                "J1qE",
                "2FB1",
                "EA,)",
                "56Dm&",
                "*o~i",
                "YG_ns#",
                "1;fi",
                "1{Qa",
                "lP9Qp",
                "TJ$;",
                "?{x&X",
                "){T@",
                "kVz};p",
                "dj8U",
                "56LB",
                "G.Wes",
                "C/'!K",
                "}gC,g",
                "\"82m<",
                ".F@J",
                "|%PY}O",
                "Xb7K",
                "2@uX",
                "sIO=",
                "&Rfc",
                "AHVX",
                "Edu-",
                "ac5oT!{",
                "}GX)r",
                "AtRu5",
                "4\"iD",
                "@Nt\\",
                "i*-O",
                "@; Z>",
                "cUS[",
                "oEtX",
                "/08YG",
                "v.2}L:",
                "}&1Y*",
                "0|-c",
                "aM=c",
                "KPG,",
                "Bm4br&",
                "s[\\)",
                "RV#]",
                "c?d0",
                ",hvc#-",
                "1ytX",
                "XxT}FZ",
                "4PHUG",
                ")gR_z",
                "1|_(\"",
                "D#UE",
                "lL93",
                "&0.)",
                "f*zW",
                "x;f!,",
                "M,pO",
                "4!1p",
                "i0cZ",
                "&.Zb#J'f",
                "@0v)",
                "Mj_@",
                "6]z{",
                "kM01w",
                "1|nm",
                "}N_ D",
                "s!;q",
                "oQ<Q",
                "$vD2",
                "`qCt",
                "=[|-d",
                "{b{x",
                ")Fkm",
                "PvFkM",
                "MWA/~",
                "nig@8",
                "Mv*?",
                "J<Tu",
                "-NKy|x^",
                "2T5?",
                "g|=WZ,L",
                ",~S)g%",
                ">D#|F",
                "kJ|Fn",
                "p3@u&qX",
                "`]1N",
                "k3'&",
                ";kpi",
                "2p^WaN",
                "Yq-F",
                "!2r4",
                "7@X%",
                "}Z#r",
                "EWJ^",
                "XHp(E",
                "E9qY",
                "M32*M-",
                "pcAP",
                "?\\=+",
                "};|Cx",
                "w.X-fj",
                "9h+u",
                "G8JdI",
                "m(oL",
                "+F=w^",
                "J7FK",
                "~vd<",
                "kq/%#",
                "Yj^{",
                "T7ul",
                "yt!H",
                "YLGz",
                "L^ZW",
                "A(B\"",
                ".F,`G7'",
                "3{,V",
                ".?66~",
                "PE}g",
                "s2jz",
                "'%P[",
                "X)l+`",
                "j8H3",
                "7lH~-",
                "1C d",
                "awAg",
                "U5Php",
                "1KKO",
                "pTK|",
                "0y`PF",
                "|CY<",
                "vbKm^",
                "qrJaD",
                "\\E2K=4",
                "!F:z",
                "Vo7[",
                "VJAk3",
                "K3c_",
                "Z)[.",
                "jBRn",
                " e<0",
                "3!^2",
                "0d:<",
                "Mb&[",
                "MUlR@<",
                "oKfa",
                ";\"j|",
                "~QHT",
                "^I;6",
                "&>l{",
                "\\7x|",
                "M^X]",
                "dfQ-x",
                "a:xM",
                "C|)y",
                "!5fB",
                "^y!<",
                "ViX 4",
                "@XvU",
                "4a\\S",
                "b2dzE",
                "\";Py",
                "wzl(",
                "G/^Z",
                "-x3\\/",
                "/uii",
                "MUv]",
                "UHUK",
                "w Ep",
                "zEUy",
                "!O0t",
                "vNJN",
                "A>$J",
                "mqi@",
                "a]ei",
                "}'@A",
                "&ge6",
                "R+an",
                "'L+O",
                "<~|j",
                "a1SA`",
                "3n[m",
                "B6vs",
                "GRn{>;`_",
                "_#7o",
                "bD.Vc",
                "]+F8",
                "P'k%",
                "Z3'J",
                "0cm;",
                "%l>e",
                "qU|-V",
                "JUTpS",
                "6sCH",
                "<+{0y",
                "-P%C",
                "K$WAy_",
                "<Xmr",
                "|0cgu",
                "XbDp",
                "&qV0",
                "^~lH",
                "#EYk",
                "y7lr",
                "m!Yo",
                "RTyw!6",
                "+V80x",
                ";~M}",
                "Wld-J",
                "*6,~",
                "n^LRP",
                "pJxPl",
                "|zv[",
                "*<G'",
                "OaeG",
                ">X0Y40",
                "fZ{V",
                "\\J9|",
                "@\"Uv",
                "wi[]",
                "V A3c",
                "Rejo",
                "9>3{",
                "<{k9",
                "TO7U",
                "X,_E>",
                "-.IX",
                "0!c})",
                "\"SIl",
                "QAXuG",
                "pU-d",
                "(ztna ",
                ":S^@",
                "x-2#",
                ":c(6}$",
                "?#LQ",
                "5$&b",
                "S9 ^\\",
                "x7?S",
                "_(#\"b",
                "}F.Y",
                "Ei/~",
                "kB08",
                "V~Z%Y",
                "RXnt",
                "5,kn",
                ".*Zk",
                "Md5\"",
                "K~i}}",
                "NBL$a",
                "wQFx",
                "45M?",
                "\"R}&",
                "OcFO",
                "RE:|",
                "A]Am",
                "SwC.@R:",
                "(<HCX",
                "V3$h",
                ",32Eu",
                "F<4[",
                "ESj)",
                "/Wm%:-",
                "wjm`",
                "+.;Vg&",
                "0!:t",
                "<UFj",
                "cpK>",
                "hYA>",
                "ZQXk|",
                "63,<u1t",
                "r=E-",
                "3::3+W",
                "G_>rQ!",
                ")l^>",
                "!Z*s",
                "r(&Cq,z",
                "wF\\B",
                "QBDw{",
                "RZHF<V",
                "*w 98",
                "izgY6",
                "B)y{",
                ".aLCT",
                "[_`]",
                "x%pQ",
                "KVUV",
                "F G+f",
                "g4~iD",
                "d-7Lu",
                "*f\\B &",
                "3;82",
                "-y<Z",
                ":&H1G",
                "sZhY",
                "x5-+t",
                "wU_5KJ",
                "gp#*",
                "u^gp",
                "O`g-",
                "|zOrA=",
                "{ :Z",
                "mjk$",
                "Vts2",
                "&fBH",
                "}{@(",
                "yKPWRg",
                "dG6y_",
                "c}!&",
                "6pz5",
                "F9Ll",
                "ce6|",
                "hl9Fjs",
                "3m>:",
                "FEov",
                "U/L7N5",
                "Tr:u",
                "w=|.",
                "Q[^f",
                "13*/%",
                "Y~@T",
                "\\s/s",
                "QHZ3*",
                "ydG:",
                "#h9;$",
                "MQvO9",
                "jEgA",
                "i//^",
                "-Gnk5!L+",
                "i& ^9",
                " (ce",
                "p2]#`wL",
                "f..P",
                ">QTQ",
                "buof",
                "z<|4",
                "O['a",
                "J%Qn",
                "*H$B",
                "qBY@",
                "O={v!Mt",
                "v,4F",
                "eL#x",
                "2`\\Y",
                "wrZ|0=(",
                "l.^&b",
                "d2,Ev",
                "5ReM",
                "f]<D",
                "'DXn<",
                "OlXLmA",
                "=e#;",
                "0/4p",
                "ftF ",
                ">N`i8",
                "4%wR",
                "7@x))",
                "/&/l",
                "JU~='#C",
                "r);$",
                " 0Mt&Zz",
                "b].~C",
                ";[8z4",
                "A(\"~",
                "EMOa",
                "I~`|",
                "p%%o",
                "RYGN",
                "@VAV",
                "(SA#<",
                "I]Ft",
                ")]R`",
                "0l7}$",
                "C@:2",
                "~~Po",
                "C9e?",
                "B%<`0",
                "jwP(0l",
                "A:IN",
                "&Y0;",
                "M!BR",
                "rA8_A",
                "}Xef",
                "|L,<",
                "{GSJ",
                ".)?O",
                "R1'9",
                "x VM",
                "4f=v]",
                "9n.!*",
                "p9QF",
                "+SX]ZxS:",
                "(vyr",
                "`DM=",
                "lX\"WN&",
                "QIFU",
                "^>w,U%",
                " 4Or",
                "Un?e",
                "\\sws",
                "S`Vi",
                "?k!Et",
                "7h\\Dv",
                "(BNk'",
                "4y&3",
                "x9[V",
                "7>HD",
                "z]yZ",
                "Hv N",
                "S)FJ",
                "Xar0`",
                "_b#*",
                "z+8!O",
                " 'na4Miw[",
                ".2Zc",
                "=0FZC\\t3r",
                "'Th-",
                "eZ[n2",
                "_q:zA",
                "&it9",
                "C(h7Uh",
                "d;[K[n",
                "3:dBg-Aj",
                "mY\"w",
                "l2Xj",
                "m/8n",
                "Itg4d",
                "~#q,",
                "Ce1^",
                "} Jj",
                "T]6c",
                "P6yf",
                "zkc@C",
                "\"Ggx",
                "%@$%~",
                "0sEF",
                ",|yS",
                "#@'<",
                "/GZ8{0",
                "*!Az",
                "nl=VY",
                "p^%&@",
                "%r:yK~n?",
                "c=B\\",
                "=/Cj",
                "3[si",
                "L$X\"",
                "%(}:",
                "]Cvi",
                "\"+:]g",
                ";lr4DD",
                "c_J|",
                "LbOw",
                "\\_&<",
                "Q[]#",
                "8'|=",
                "R}4r",
                "^P?u",
                "07mX",
                ",M>k",
                "?@wy",
                "(:Lx",
                "-p1H",
                "(zaa&W",
                "JD|;}",
                "#[n#",
                "w4zz.",
                "`.t-",
                "pngp)l#",
                "Y9cG",
                "KRsY",
                "DjbZM",
                "Ap=4\"",
                "3rA$",
                ";k_Q",
                "uS8A",
                "U{ch",
                "X\\I<",
                "XF[ZR",
                "G)|1",
                "n&x:",
                "kp-'",
                "?@Vd",
                "e:ar",
                "Z8.x",
                "=d{K",
                "s aA,B",
                "\\&Hh",
                "C*s]",
                "U_uds",
                ";8OR",
                "Sx(YZ:j",
                "/wJc,",
                "_0Rh",
                "(~B^",
                "'Qs=",
                "B^/F",
                "Q]>&",
                "1mR`",
                "Q[Fq",
                "=O(;",
                "kIE8",
                "rB^8[~{",
                ">*8RS",
                "!b{Pm",
                "gK'1",
                "rl1<",
                "G#Vu",
                "fK['n",
                "Z]P3?",
                "{|vw",
                "71V8",
                "eqi9",
                "GblJc~#zi",
                "AuU\\o=",
                "O}-MR",
                "5GDm",
                "D%Q#",
                "EdAf",
                "YE!;",
                "IVe&d",
                "#o#M",
                "ha>4",
                "S zR-",
                "09(B)",
                "Ty|u",
                "3mRU",
                "qHLes",
                "WZUeX",
                "_e62",
                "91+F6",
                "Ho+.%D",
                "R(T2",
                "gkj1",
                "h`5yc",
                "iTe%",
                "^;qn",
                "jjg\"2",
                "yWRX",
                "'`m^",
                "A6PIyI",
                "67~(",
                "@wEx{",
                "EI0<j",
                "mr8}C",
                "d^0v",
                "\"ma\"",
                "gqvoYY?",
                "0sA{",
                "'v/q",
                "h`0*",
                " Q; @",
                "cE#-0",
                "N_E'",
                "V^Nb",
                ";SU'",
                "&F?[",
                "-\"}E hSt",
                "TI|2",
                "n7$ ",
                "8jd|5",
                "U3;D3",
                "TSxS",
                "B*]0",
                "Io~Fu",
                "h_*l",
                ";|Ww",
                "QsNH",
                "~bo<s",
                "=dWj2",
                "k~ga&",
                "ChB.",
                "ku<0",
                "<A@0c",
                ";m &",
                "bS[@",
                "F~=]LO",
                "X#I)",
                "|=ay",
                "k14}",
                "IB!-",
                "PH_rL",
                "[MU|",
                "\\zAJC",
                "Y*O.[p)",
                "-kt)",
                "#I2d",
                "?kD$",
                "/~g6",
                "aK*m",
                "oy=16",
                "?wi*",
                "xNB!D",
                "Kaq(",
                "/`/d",
                "fL\"x&",
                "(HTc",
                "3+ K",
                "G!FC",
                "3I3*",
                "A\\p^v",
                "%HM<",
                "cx.@",
                "`%hA",
                "/\";Q",
                "6H6b",
                "D>]C",
                "RQ&0",
                "ipu:",
                "FpV*",
                "(oek",
                "32Y6",
                "vsH6-",
                "iC/\\",
                ">frp_HB",
                "tbFQ8",
                "vtT#",
                "|qPj",
                "M4 j-",
                "q\"dc",
                "0UgT",
                "[KB.",
                "T5{!D",
                "8`@[)",
                ";<nn",
                "_]k@",
                "V34V",
                "^8W<%",
                "r\"gpQ",
                "VT&(o",
                "Q.()",
                "c\"m~",
                "MReW",
                "x;+_",
                "<Ecb",
                ";qUL",
                "gv'L",
                "$uFN7",
                "}LsKs",
                "oVJ'k",
                "QMTt!xfJ",
                "`l,\"",
                "4B\"8X,",
                "c)4?",
                ";75Li",
                "6\\%Nm",
                "&<L@",
                "F3$+",
                ">kj:",
                "@-]r",
                "PX1\"",
                "'4+ne.s",
                " L'8",
                "U>z*#",
                "_ewN",
                "!vvf",
                "Z%4m",
                "bl@}",
                "W1Dw",
                "G=3q",
                "S{\"h)k",
                "QVRA",
                "?#fnW",
                "g/3.c/",
                "NODn",
                "!eWMw",
                "vt?y\\h",
                "wnH=5+",
                "O7tU",
                "4E\"z",
                "a8pl",
                "d;,G",
                "[eTD-",
                "Mql\\",
                "c\"bF",
                "s6D;",
                "uwj9#",
                ">ENY",
                "H-DK",
                "D$J;e",
                "WW?A",
                "bo8[",
                "[5?E",
                "5>]`",
                "zI@I",
                "&04G",
                "|.HS",
                "m~hO",
                "<V\\&,pH",
                "5<<Jo",
                "F&yF",
                "m?EMx",
                "V)HJ",
                "%8,9",
                "GC:F",
                "{rbK",
                "Dvg*",
                "ZuoS;",
                "x6(D",
                ")a^*",
                "XYd2",
                "k>#U",
                ":p*@)",
                "OYNDf",
                "RV=u7%",
                "@ZSl",
                "gHXTp",
                "vVe3",
                "o\\x<;",
                "c`Co",
                "k_6o(",
                "b5X+",
                "<nYVg",
                "W~wb",
                "A3Y*`",
                "0(>S",
                "b>-6",
                "%L]hY>",
                "/TQh",
                "i;d$",
                "o_Im]",
                "$7~Y",
                "c\\7!~",
                "%|z'",
                "\" 1(G",
                "EV\"@",
                "I=m5E[",
                " B8[",
                "_@tk",
                "? LU",
                "ByHe",
                "'<`lms",
                "8{Z+",
                "'`@j)f",
                "K0<e",
                "io,A9",
                "*yM_",
                "-j\\q",
                " hj8V",
                "%0W8",
                "xiQC",
                "OaDTE",
                "$5.10",
                "L),_",
                "?(nj",
                "?p-H",
                "%5Ujl",
                "U3.F-",
                "k5g6",
                "o$eY",
                "g4 '",
                "J6CC",
                "7C_b",
                "sk?G",
                "Q&  ",
                "x'(IT",
                "&Q2E[",
                "x~S&",
                "7nNt",
                "P2/kQ",
                "jH1u",
                "IoE~qu",
                "a+@>",
                "00fB",
                "DCly",
                "5M;C",
                "U|RV",
                "l7jC",
                ";YkD",
                "C_'e=",
                "m\\k1",
                "UEfI",
                ";sUb",
                "+hXo",
                "babL",
                "tM)#",
                "k;RH",
                "<^;X",
                "6,Bj",
                "0N&B]",
                "s\"%w",
                "!^e|",
                "<!,Q",
                " B%P,L",
                "}Did",
                "7'XW",
                "?n},D",
                "QpO|",
                "uT i",
                "Rvy)",
                ",j[r",
                "z$]&X",
                "OAe]",
                "nD\"|G1Pr/og",
                "uM+a4",
                "45@HB",
                "aarv",
                "%i#5",
                ")DGu~3",
                "Hm#*",
                "3h=R",
                "12zl",
                "{`+ER",
                "AEf\"",
                "M$I6",
                "Z&Sw!G",
                "0Q )",
                "g#sr^",
                "Y05LM",
                "K^I@",
                "l,%:",
                "]#xwF",
                "X3mv",
                "MOG_1Id",
                ",_t~c",
                "}&Wg 7z",
                "p[Yo&cX[",
                "9w*Y",
                " ; uI",
                "im?-",
                "4H!`",
                "eewI",
                "c,Bf",
                "Vdr_",
                "/p>%",
                "Pu_+",
                "=v=PV`DA",
                "n-UH",
                "2];oVjU",
                "SgyE",
                "`qOUO4",
                "Srj8}",
                "eQAB",
                "X2h+S*D.",
                "~VkP",
                "Mb9%X9S",
                "vrIb",
                "-2nD[",
                "`@){",
                "k!z3",
                "$<I!",
                ")k2v=g",
                "p|1u",
                "l`AG",
                "_'j([",
                "9CxZ",
                "W$78]t",
                "FE3X",
                "{Nf:8",
                "GMR~",
                "as8?",
                "-m{P",
                "Q%9F;~y",
                "9:4b",
                ";dz:",
                "SmW&(a",
                "D[$o",
                "rME*",
                "JkmWOQ",
                "iZ\"w",
                "_Be-",
                "lPQw",
                "mpQ3",
                "7ndO",
                "`CO$",
                ":nq! +d",
                "9F`p",
                "qc3w4",
                "QcD3",
                "2Z]J",
                "EH_J",
                "C_P(",
                "xd~:",
                "(17Ct3",
                "a`Y=",
                "i1Z%",
                "Lvvs",
                "F(`9",
                "fZ6F",
                "f#st",
                "/@tM",
                "h+fx",
                "mW@D",
                "Sw2p",
                "@N^?",
                "fR66Ct",
                ":jF(0oG",
                "rd(gT",
                "9Ih(",
                "l(`%",
                "yf#Q",
                "Cd!=",
                "1'1f",
                "5+g+",
                "\\vTMw",
                "e`HbR+",
                ".Q~M",
                "oGx9D?v",
                "omR3i",
                "N;uF",
                "zY(R",
                "S}`1",
                "|:Jc",
                "M4JN|",
                "=*?V",
                "rqXJSsv",
                "CluE",
                "q.KP",
                "hf`B",
                "hp`B",
                "hz`B",
                "bad allocation",
                "string too long",
                "invalid string position",
                "Unknown exception",
                " !\"#$%&'()*+,-./0123456789:;<=>?@ABCDEFGHIJKLMNOPQRSTUVWXYZ[\\]^_`abcdefghijklmnopqrstuvwxyz{|}~",
                "CorExitProcess",
                "runtime error ",
                "TLOSS error",
                "SING error",
                "DOMAIN error",
                "R6034",
                "An application has made an attempt to load the C runtime library incorrectly.",
                "Please contact the application's support team for more information.",
                "R6033",
                "- Attempt to use MSIL code from this assembly during native code initialization",
                "This indicates a bug in your application. It is most likely the result of calling an MSIL-compiled (/clr) function from a native constructor or from DllMain.",
                "R6032",
                "- not enough space for locale information",
                "R6031",
                "- Attempt to initialize the CRT more than once.",
                "This indicates a bug in your application.",
                "R6030",
                "- CRT not initialized",
                "R6028",
                "- unable to initialize heap",
                "R6027",
                "- not enough space for lowio initialization",
                "R6026",
                "- not enough space for stdio initialization",
                "R6025",
                "- pure virtual function call",
                "R6024",
                "- not enough space for _onexit/atexit table",
                "R6019",
                "- unable to open console device",
                "R6018",
                "- unexpected heap error",
                "R6017",
                "- unexpected multithread lock error",
                "R6016",
                "- not enough space for thread data",
                "This application has requested the Runtime to terminate it in an unusual way.",
                "R6009",
                "- not enough space for environment",
                "R6008",
                "- not enough space for arguments",
                "R6002",
                "- floating point support not loaded",
                "Microsoft Visual C++ Runtime Library",
                "<program name unknown>",
                "Runtime Error!",
                "Program: ",
                "_nextafter",
                "_logb",
                "frexp",
                "fmod",
                "_hypot",
                "_cabs",
                "ldexp",
                "modf",
                "fabs",
                "floor",
                "ceil",
                "sqrt",
                "atan2",
                "atan",
                "acos",
                "asin",
                "tanh",
                "cosh",
                "sinh",
                "log10",
                "EncodePointer",
                "DecodePointer",
                "FlsFree",
                "FlsSetValue",
                "FlsGetValue",
                "FlsAlloc",
                "bad exception",
                " !\"#$%&'()*+,-./0123456789:;<=>?@abcdefghijklmnopqrstuvwxyz[\\]^_`abcdefghijklmnopqrstuvwxyz{|}~",
                " !\"#$%&'()*+,-./0123456789:;<=>?@ABCDEFGHIJKLMNOPQRSTUVWXYZ[\\]^_`ABCDEFGHIJKLMNOPQRSTUVWXYZ{|}~",
                "HH:mm:ss",
                "dddd, MMMM dd, yyyy",
                "MM/dd/yy",
                "December",
                "November",
                "October",
                "September",
                "August",
                "July",
                "June",
                "April",
                "March",
                "February",
                "January",
                "Saturday",
                "Friday",
                "Thursday",
                "Wednesday",
                "Tuesday",
                "Monday",
                "Sunday",
                "GetProcessWindowStation",
                "GetUserObjectInformationA",
                "GetLastActivePopup",
                "GetActiveWindow",
                "MessageBoxA",
                "USER32.DLL",
                "e+000",
                "GAIsProcessorFeaturePresent",
                "KERNEL32",
                " Complete Object Locator'",
                " Class Hierarchy Descriptor'",
                " Base Class Array'",
                " Base Class Descriptor at (",
                " Type Descriptor'",
                "`local static thread guard'",
                "`managed vector copy constructor iterator'",
                "`vector vbase copy constructor iterator'",
                "`vector copy constructor iterator'",
                "`dynamic atexit destructor for '",
                "`dynamic initializer for '",
                "`eh vector vbase copy constructor iterator'",
                "`eh vector copy constructor iterator'",
                "`managed vector destructor iterator'",
                "`managed vector constructor iterator'",
                "`placement delete[] closure'",
                "`placement delete closure'",
                "`omni callsig'",
                " delete[]",
                " new[]",
                "`local vftable constructor closure'",
                "`local vftable'",
                "`RTTI",
                "`udt returning'",
                "`copy constructor closure'",
                "`eh vector vbase constructor iterator'",
                "`eh vector destructor iterator'",
                "`eh vector constructor iterator'",
                "`virtual displacement map'",
                "`vector vbase constructor iterator'",
                "`vector destructor iterator'",
                "`vector constructor iterator'",
                "`scalar deleting destructor'",
                "`default constructor closure'",
                "`vector deleting destructor'",
                "`vbase destructor'",
                "`string'",
                "`local static guard'",
                "`typeof'",
                "`vcall'",
                "`vbtable'",
                "`vftable'",
                "operator",
                " delete",
                " new",
                "__unaligned",
                "__restrict",
                "__ptr64",
                "__clrcall",
                "__fastcall",
                "__thiscall",
                "__stdcall",
                "__pascal",
                "__cdecl",
                "__based(",
                "SunMonTueWedThuFriSat",
                "JanFebMarAprMayJunJulAugSepOctNovDec",
                "1#QNAN",
                "1#INF",
                "1#IND",
                "1#SNAN",
                "filofebubakexojut",
                "galobakanokusi",
                "vopaxi",
                "Yinuweyuw fekeduwiwewub nisusajizazur",
                "negodefivezefulisaw",
                "Yic tifimo yim navoho",
                "Wikiguxis waj rozuxineb",
                "Caguwolobu funikigipu",
                "RSDS",
                "C:\\gakiroxa\\y.pdb",
                "HeapCompact",
                "GetStringTypeA",
                "WriteConsoleOutputCharacterA",
                "CreateJobObjectW",
                "QueryDosDeviceA",
                "GetComputerNameW",
                "GetConsoleAliasesLengthA",
                "GlobalFindAtomA",
                "LoadLibraryW",
                "GetConsoleMode",
                "GetSystemWindowsDirectoryA",
                "GetVersionExW",
                "GlobalFlags",
                "WriteConsoleW",
                "EnumResourceLanguagesA",
                "GetVolumePathNameA",
                "FlushInstructionCache",
                "InterlockedExchange",
                "OpenMutexW",
                "GetLastError",
                "SetLastError",
                "BackupRead",
                "GetProcAddress",
                "VirtualAlloc",
                "RemoveDirectoryA",
                "SetComputerNameA",
                "SetFileAttributesA",
                "InterlockedExchangeAdd",
                "LocalAlloc",
                "CreateHardLinkW",
                "FindFirstVolumeMountPointW",
                "TransmitCommChar",
                "AddAtomW",
                "GetCommMask",
                "FoldStringA",
                "GetModuleHandleA",
                "FindFirstChangeNotificationA",
                "GetCurrentProcessId",
                "OpenFileMappingA",
                "lstrcpyA",
                "KERNEL32.dll",
                "CharLowerBuffA",
                "USER32.dll",
                "SetColorAdjustment",
                "GetDeviceGammaRamp",
                "GDI32.dll",
                "InterlockedIncrement",
                "InterlockedDecrement",
                "Sleep",
                "InitializeCriticalSection",
                "DeleteCriticalSection",
                "EnterCriticalSection",
                "LeaveCriticalSection",
                "UnhandledExceptionFilter",
                "SetUnhandledExceptionFilter",
                "GetStartupInfoW",
                "RaiseException",
                "RtlUnwind",
                "HeapFree",
                "GetModuleHandleW",
                "ExitProcess",
                "WriteFile",
                "GetStdHandle",
                "GetModuleFileNameA",
                "TerminateProcess",
                "GetCurrentProcess",
                "IsDebuggerPresent",
                "HeapAlloc",
                "GetModuleFileNameW",
                "FreeEnvironmentStringsW",
                "GetEnvironmentStringsW",
                "GetCommandLineW",
                "SetHandleCount",
                "GetFileType",
                "GetStartupInfoA",
                "TlsGetValue",
                "TlsAlloc",
                "TlsSetValue",
                "TlsFree",
                "GetCurrentThreadId",
                "HeapCreate",
                "VirtualFree",
                "QueryPerformanceCounter",
                "GetTickCount",
                "GetSystemTimeAsFileTime",
                "HeapSize",
                "HeapReAlloc",
                "GetCPInfo",
                "GetACP",
                "GetOEMCP",
                "IsValidCodePage",
                "GetLocaleInfoA",
                "MultiByteToWideChar",
                "GetStringTypeW",
                "LoadLibraryA",
                "InitializeCriticalSectionAndSpinCount",
                "LCMapStringA",
                "WideCharToMultiByte",
                "LCMapStringW",
                ".?AVlogic_error@std@@",
                ".?AVlength_error@std@@",
                ".?AVout_of_range@std@@",
                ".?AVfacet@locale@std@@",
                ".?AV_Locimp@locale@std@@",
                "Copyright (c) 1992-2004 by P.J. Plauger, licensed by Dinkumware, Ltd. ALL RIGHTS RESERVED.",
                ".?AVtype_info@@",
                ".?AVbad_exception@std@@",
                "                          ",
                "abcdefghijklmnopqrstuvwxyz",
                "ABCDEFGHIJKLMNOPQRSTUVWXYZ",
                "kU'9",
                "HMXB",
                "?Zd;",
                "?/L[",
                "S;uD",
                "z?aUY",
                "D?$?",
                "U>c{",
                "zc%C1",
                ".:3q",
                "-64OS",
                "NKeb",
                ".?AV?$basic_stringbuf@DU?$char_traits@D@std@@V?$allocator@D@2@@std@@",
                ".?AV?$basic_streambuf@DU?$char_traits@D@std@@@std@@",
                ".?AVexception@std@@",
                ".?AVbad_alloc@std@@",
                "VV\"%",
                "Y*)Oc%",
                "nE9w",
                "Z8YDX",
                "5~g*Z",
                "FJrp",
                "$[LK",
                "(RbZ",
                "]Ker.",
                ")^|o",
                "i9Bo",
                "En)h",
                "A#v1",
                "cYgi",
                "xr.+.r",
                "pF.?",
                "r-&G",
                "::::::::::::::::::::::::::::::::::::::::::::::::::::::::::::::::::::::::::::::::::::::::::::::::::::::::::::::::::::::::::::::::::::::::::::::::::::::::::::::::::::::::::::::::::::::::::::::::::::::::::::::::::::::::::::::::::::::::::::::::::2:::::::::::::::::::q",
                ":::::::i",
                "c{i2:::::::::::J\\",
                ":::::::::iI\"",
                "i::::::::",
                "Sy~tN",
                "G:::::::2",
                "sWYz ",
                "\\:::::::",
                "\\:::::::i",
                ":::::::$,W",
                "F'DDD",
                "J::::::::",
                "zzO6",
                "_:::::::::",
                "7i::::::::::",
                "::::::::::::",
                "eT\"::::::::::::::G",
                "::::::::::::::CD",
                "'5o~",
                "::::::::::::::",
                "G::::::::::::::::",
                "[MdQ@",
                "~:::::::::::::::::fV",
                ":::::::::::::::::",
                ":::::::::::::::::_",
                ":::::::::::::::::::",
                ":::::::::::::::::::::",
                ":::::::::::::::::::::::::::::::::::::::::::::::::::::::::::::::::::::::::::::::::",
                "L8!C",
                ")v\"O",
                "~z{}",
                "||~|",
                "y~~}yz{}",
                "z{|||}",
                "~~~~",
                "{|z{~~",
                "~}|~",
                "}~}z~|",
                "z~||",
                "}}{}|",
                "~|~{",
                "|{zz}",
                "}|{}",
                "||}y",
                "z|}}",
                "}{{|{",
                "{|{z",
                "y|~}",
                "}|}~~",
                "}z~|",
                "{|}~",
                "~~}~{",
                "z|~~",
                "}~z}{",
                "}}}|",
                "|z~}",
                "~~|{",
                "~z}}",
                "{{}~",
                "~}~}|}",
                "~}|~|",
                "~|~}}",
                "}~z}",
                "|}{{",
                "{z||",
                "~z|z",
                "{{|~",
                "}}{~",
                "~z{|",
                "|}z{",
                "~~{~||z~}",
                "~}~}",
                "|~~|{z",
                "z}~}z",
                "~||z",
                "}{}{",
                "z{~{",
                "~{||",
                "~}z|",
                "~~~|",
                "~z~}",
                "|}|z",
                "}{z|",
                "{|{}{{",
                "{{~{",
                "{|~{}}z{~",
                "~||{}",
                "~|~}",
                "|~zy}",
                "{~{{",
                "~z~{",
                "}}}~",
                "|z|~",
                "}~{y|}",
                "~~z{",
                "{}|}",
                "~|{~",
                "{}}{|}",
                "{z|{|",
                "~|{|",
                "z~{|",
                "|}|~",
                "zzz~{",
                "}~|{",
                "|}}~",
                "|~~}",
                "~}}|",
                "{zz~",
                "|~~y",
                "z{{{",
                "{~}{",
                "{z{}",
                "~~}z",
                "~{~}{",
                "y~|}|z",
                "}~z{|",
                "~zz}zz",
                "}}~{",
                "~{|~",
                "|z~z",
                "~z{}|",
                "{~{z",
                "|}~}",
                "~zz~",
                "||{z}~",
                "z~~~",
                "~y|}",
                "|{~{",
                "|}z|~|",
                "||}}",
                "|{|zz",
                "|y~}",
                "~|}~",
                "|~{}~",
                "~yz|",
                "|{{{",
                "z}~{|",
                "{~}|~|",
                "}~{{",
                "~}{y~",
                "{~zz}",
                "~|z||",
                "}|{~}",
                "~~z|",
                "}z{~~",
                "{}|~}",
                "{||}",
                "|z}|}",
                "{~|z",
                "~}}}",
                "yz||",
                "{~zz",
                "~}~|y~",
                "|~{z",
                "{}~|",
                "}|}{||",
                "~|}}",
                "{{~|",
                "|z}{",
                "}~}{|",
                "~}z}{",
                "{|z~y",
                "}{{~",
                "~~~{|",
                "{{{{|~",
                "z~~{",
                "|{{y}",
                "}}}{|",
                "~|~z",
                "}~||",
                "|{y|~",
                "|}}z",
                "{z}~}~",
                "{~|~",
                "}~|~",
                "}~{}",
                "~z|}~z",
                "|~~~",
                "|}~|",
                "{}~{",
                "}{||",
                "}y~{",
                "{}}|",
                "~}z}",
                "|}~}|",
                "|{~~{",
                "y~~||",
                "y{{~",
                "|~|~",
                "{{}{",
                "zz}}",
                "|z{y",
                "z~{y",
                "~z|{",
                "~~y~",
                "{||z",
                "z{}{",
                "z~|z{z~}",
                "zz~~|",
                "}}|}",
                "Bjjjjj",
                "jjjjj",
                "mscoree.dll",
                "KERNEL32.DLL",
                "         (((((                  H",
                "         h((((                  H",
                "                                 H",
                "kernel32.dll",
                "xuyitobavevomowafega",
                "Dej cevufahipiwe caximijud letuvewug",
                "Werapa",
                "msimg32.dll",
                "VS_VERSION_INFO",
                "StringFileInfo",
                "040904E4",
                "OriginalFilename",
                "Garegutis",
                "ProductName",
                "Butilskena",
                "ProductVersion",
                "1.0.0.1",
                "VarFileInfo",
                "Translation",
                "VHefasu keja tiwuburutonow mijofakufas dogikixogovejob yiwaxobu luxedivirevamad hanuletqSatereketemo towacoruru begolijefo cosoge zayeyonumafigo tugih rusutubisamoxe biziramewif napanil royomihadejomejaLeros jiy becocixefej bajupafeluyo helahofuf sexugokixurojol denibumoti baf saxucuhepe satidiribaXRuzuludisuwut bafavixarexarih fofeziloroyeje gojuvihuficozul fev jun fijuney yifoliromez",
                "TefarizedawagfRexazotubico sel rotuxedawowim cevezuful xamewiyenuwaj zocur rabujifujin ruyibid codupagiluvo mabadowo",
                "(Kimahuxexih bulojexod puke fig lejozedax",
                "#Lavuki gefosumabivego higoviyivemuk(Cerabim rezeyijej gebinipepopici yezanag",
                "Fiva mociciza xaka7Bohemulixexined fomekepeleg poxa fifuyadiki nupiresesem",
                "3Zim piregoc sekegazom yuwimohumulelo cakizehufumupu&Vedo fitimedoj daluliy ciwopudax gofix",
                "Kawamilen jevi pucasizeli$Yiruc tajivuh semibic hiwamoruhoguwadKomolu cogonuwo finorakolunifat jigopodupovale nepipo seyacobu pajewapituke vezemofibo kirovoxah pibECeruyufumiy nabu dehurawogafab kitoxaw zamofolof hilib cijanuhepohevu?Legoseh civuxob coruz xamivuzin holi bocudo run hexizitozud suh#Fofucidahewe puronecow fabadokotobuFFir vumokaredin xurizigicef witakibe kunozoxud nakas weraf hahudebojurEVevetikoyu bimec wayusewatolemof runomeg rerafanohacih xiyetud getita",
                "9Wunujupuwiba bopusifaweton jejixiropohu fojosem xicujobed",
                "Suyoyacuw",
                "Hanogasu pavulusu(Cenu yubay lujomizacimifi mewedafaxowuheUBopubicofefa senehahu zevegotobe temiyehelozutu xolo celiselexahixe xacubuzuzu coyowu",
                "Nax com yupupaj valokugizixura",
                "ORakikijaxug rocalucutel xilemofofoxux daceca rayo rirudeniroji rapirewuw givivi",
                "OJuwufajetavo zus yugohesocureba xepireparonuro wojiyajugexurug retigemogum luha",
                "Biguxe wuzimekebar$Wufujit simafo mekikigo ronezihaware",
                "fBob ticowa gadimuvohax gejapezawop sikim zonidoguhiyeris gunacufebimoda humofukuvaj woxujuhibi dizegib",
                "Salofuf",
                "XBavaje somijobahuxuje fuyu haketem yotukakoca lapowuf rafuyilunit zagevopiwufeho gomoduf1Dosa wukugehijerulu sepusuyube suf fapenitozilayuLJer hesekoxepig nosenazuya yelu gix rifedawowaninap hif nakagumujasofow rari",
                "Daceweso fikugixofuheve(Wuwabitoz lahogavo sukezo meligige wunuk6Horow balupofo vak meweteyina payipat ses duluvoducona'Bed xazuca luyak bosazubojobirex pugeje",
                "*Kihejosecamakoh bux damepabomo komuxehumux*Picinowiwupuzig pixizevulo rusowogivedisep",
                "Huwivefusic wecitokitu mosieWuvih kapek yegebaducilog hoyojifotiwe disetubayu rifuvucepogiso huvasufukemiwo wep tozicego zoluvesu:Vugemikocizo lerutuhoh xamudajelazimo fobavilunewalo peren",
                "OSuxiko copazadekohe nalubo titajozogehi seda desoruwadutacu von padumotinovaheh",
                "kZevufevulu sexizunepuyaz lero wegowenoze cogosegagirohi fom wuzasovubabexu diwocat walawokigicuheg namegazu",
                "ISafil tobe kehojemavir bovasusupebitor pijetezugafom tejo tijetotocupatuv",
                "Fusi@Sohunameruguj jakawimeluvip muw gafa havigelir gulilucixubih ves=Gebipoketazup vexajizagahad zuho yipuwa potowezihe xavaxiyituOMarazo cocoluculexu pisipofohevet fapuv pubicaherapo tapitili xumoro yipefulupe",
                "BFag gozokezohe bihehaho baxuyobomovoket sidutus hizobulimah bodisu",
                "Ruzovahifesuj",
                "KobizerigayazehLavubas vasifele lexofirug yel roduwadimek hajezacericis besozejojicaboc cicajiso zuxuzu vapecivigogawavbPuvayumupic sawevape wigohax pejafawi dixoyul hehonohubukasi mov yaceserubixe dafe xututeyujacadil"
            ]
        }
    ]
}