{
    "malware_data": [
        {
            "filename": "7d9e2013c4e402f0a690c35879cc45482dd6daccfeb055f8f90738b51fcb47c2.elf",
            "filetype": "7F454C46",
            "filesize": "28KB",
            "hash_sha256": "7d9e2013c4e402f0a690c35879cc45482dd6daccfeb055f8f90738b51fcb47c2",
            "strings": [
                "gUPX!",
                "OPJ\"g",
                "fa5X",
                "8UiG",
                "v>?5",
                "{e7:h",
                "1:k~",
                "d}fm",
                "TBKT",
                "o.Vm",
                "U@G}",
                "+Opa",
                "Gr/d",
                "<y~*H",
                "QhEG",
                "rtJ ",
                "f;(e",
                ".p&:v",
                "v=,\"",
                "MU9d",
                "Z~a-",
                "(f8J",
                "IN1X",
                "[NxJ",
                "{2`+",
                "[lFnqP",
                "o=Z;",
                "/-Ba",
                "hBJ*",
                "I&=v",
                "Z@gi",
                "a`2p",
                ".n}+",
                "*[|o",
                "GEc!Y/Yh",
                "!~LJ6",
                "8L9oS",
                "iSzm",
                ".>jfM",
                "1m@z",
                "MI:h~w",
                "NBw)",
                "0etR",
                "|:\"-%",
                "NyP+",
                "Sx0y",
                "SC&\\",
                "t\\us",
                "mE,Q",
                "@2K)>",
                "\"2H0",
                "#9Ei(",
                "i'a>",
                "N=agJ<",
                ";{\"is]Rjn",
                "{OCF",
                "R=b*jk",
                "BV)D",
                "e<k=n",
                "cD22",
                "'D=S",
                "4*?<|",
                "3D~HM",
                "JKEb",
                "`g25U",
                "${L\"r",
                "|*<Y",
                "GS85>2=",
                "wpiQn",
                "Ows4",
                "p#AE",
                "Z74S",
                "V^.7",
                "V$!95n",
                "ey+QV",
                "=2d6",
                "{?\"R",
                "fp\\ S",
                "P)L!",
                "s63'7",
                "8S[o",
                "*WyVx",
                "_[z0",
                "PXxB",
                "Z'IB",
                "#aL\"",
                ";!6Q",
                "'W4:",
                "MYz.",
                "e & C",
                "[b!H",
                "[kP<`V",
                "$$,&s3",
                "{ILa",
                "}xy#",
                ";;-~",
                "/I^]r",
                "@*#L^.",
                "seTX",
                ">VOirJ",
                "5R!o",
                "e~z4",
                "5$=Z_",
                "<J_gfS",
                "\\L?!b0",
                "7{9#",
                "H'B4",
                "1E`3",
                "A1*z`",
                ":JiN.\\",
                "RE^&S!",
                "#\"<u",
                "KbKh",
                "p^!D)",
                "{0h8",
                " xL%",
                "as1a",
                ")<f*",
                "^|CD!",
                "D{4(",
                "oW$V",
                "d3x.@2B",
                "u]K=",
                "x[(&L\\",
                "t>TA}",
                "?u\\1Z",
                "KpqHP`",
                "m`o3:",
                "tWLR.K]*",
                "e-v\"",
                "+Env",
                ",=Zr",
                "lK89",
                "@>Gb",
                "!@B.",
                "|Muisf",
                "sK<c",
                "83~(",
                "ybKP",
                "crC+V",
                "pK6b#a",
                "ep p",
                ",(M=",
                ",H\"Z",
                "B}xHi",
                "~2RZ",
                "x}X.z",
                "skrJ_",
                "v/R%q;",
                "dd*-",
                "~tmt}V",
                "=(w+A",
                "r1S&I(",
                "D[j:",
                ".XkLD",
                "w}%9uD[",
                ",]UkG",
                "G*bC",
                "ujG=Nzp",
                "hb0{",
                "I, S-",
                "}b=y4MU8j",
                "uMsF",
                "je8 |",
                "%M$T",
                "C7Ou",
                "zC{l",
                "yt^Q~",
                "eWpva{|",
                "z( d",
                "lO8\"",
                "27\"h",
                "S,#H",
                "aiSZ;",
                "\\TYv[0",
                "qO0jZ",
                "]2N=Y",
                " BX}S",
                "?cxL",
                "x^VC",
                "&$ov",
                "QL,0",
                "JSW$",
                "]/m^FQ",
                "k#rY",
                "{1O`{",
                "arQ[Ly",
                "YA!n",
                "ad}e",
                "OxD' b",
                "z`%)",
                "D?.=!",
                "AFK5",
                "+i/o",
                "%9\"PR3",
                "A[yQY",
                "_6\"(",
                "zzdf",
                "dZQ/",
                "!VdH",
                "'K72",
                "evg(6f",
                "*[<c#W",
                ":S}Z",
                "2_uvQ(",
                "~~nw",
                "TXU9-",
                "DHNf,(",
                "dI)Y",
                "';jk",
                "#98j",
                "xfu1",
                "b>L|",
                "n&s$",
                "Bw`U/&",
                "b$1b*",
                "[{le",
                "eR/$<",
                "huj2",
                "rqb1",
                "\"=^{",
                "Fa~l",
                "G@3}",
                "jn<{",
                "kDWp1",
                "|y`[@",
                "WoG`~",
                ";66p",
                "nwt}",
                "/fw*$",
                "X&HB",
                "d{QH",
                "g*b<",
                "XxL9",
                "4x:#",
                "d?v-",
                ",3PSz&",
                "b5J:",
                "b) 6PG",
                "KCL!",
                "]_kT",
                "hTFAEI`9M",
                "8o_m",
                "|7nt",
                ";^K^",
                "HA54lu",
                "XY=6",
                "O5N;",
                "IlGnH",
                "wP]|]",
                "hBy7",
                "QRk<Oh",
                "BRXr",
                "]clW",
                "y&DFm}",
                "]V=/>F",
                "X'Xq",
                "M}R#",
                "{->g",
                "=*+D",
                "a{=g",
                "s)8w0",
                "YW-c",
                "F<$ ",
                "]ntb",
                "'!:f%N",
                "Z^r>",
                "US8O",
                "~NH^",
                "7<T'",
                "zJ*K1",
                "bB-{",
                "(-jJ",
                "u(:G",
                "(v\\X",
                "jL80",
                "UC&<",
                "b^:;",
                "K:}V",
                "3~]R",
                "0#F*",
                "1zpL",
                "Y 8Mdk",
                "[QD-",
                "u{FKR",
                ">!{1",
                "C$9OR*",
                "?,*(VY",
                "/qi7",
                "^Nw$",
                "UFi/",
                "X>|I",
                ">wHVdvd",
                "xhgt",
                "%MjB",
                "G_Sr",
                "om+u",
                "6{_J",
                "OL`v",
                "urr~RC",
                "Z:q>T",
                "JAT3",
                "Q&3^",
                "m0~|",
                "^nVDe",
                "a_Q}3",
                "Pb )",
                "$Info: This file is packed with the UPX executable packer http://upx.sf.net $",
                "$Id: UPX 3.95 Copyright (C) 1996-2018 the UPX Team. All Rights Reserved. $",
                "/proc/self/exe",
                "x/U9",
                "#Zw^",
                "^n0|p\\",
                "!msNX<",
                "yL[_",
                "i/xS",
                "3Ndd&]iz",
                "Buzu",
                "6uv/W",
                "dLNn&",
                "r-k;p",
                "W^]>",
                "rQY\\,",
                "F.`Y",
                ".xCA",
                "#^n$",
                "d+0V",
                "2chVV>",
                "s7lP",
                "ZDdP5",
                "ML:}w'",
                "v+\"m",
                ".ZB(l",
                "/-YK",
                "UPX!"
            ]
        }
    ]
}