{
    "malware_data": [
        {
            "filename": "1418f1140e1930a40b4dd22279c4448e44085ea3ccf0e29dccfc66cbd1b3006b.exe",
            "filetype": "4D5A9000",
            "filesize": "46KB",
            "hash_sha256": "1418f1140e1930a40b4dd22279c4448e44085ea3ccf0e29dccfc66cbd1b3006b",
            "strings": [
                "!This program cannot be run in DOS mode.",
                ".text",
                "`.rsrc",
                "@.reloc",
                "(%(-",
                "3(ru",
                "W%(-",
                "1ws=",
                "1Ms=",
                "/%(-",
                "S%(-",
                "0%(-",
                "@Zl(",
                ",%(-",
                "_,{(^",
                "Aj(`",
                "Bj(`",
                "Cj(`",
                "Dj(`",
                "Ej(`",
                "Fj(`",
                "Gj(`",
                "Hj(`",
                "Ij(`",
                "Jj(`",
                "Kj(`",
                "Lj(`",
                "Mj(`",
                "Nj(`",
                "Oj(`",
                "Pj(`",
                "Qj(`",
                "Rj(`",
                "Sj(`",
                "Tj(`",
                "Uj(`",
                "Vj(`",
                "Wj(`",
                "Xj(`",
                "Yj(`",
                "Zj(`",
                "1j(`",
                "2j(`",
                "3j(`",
                "4j(`",
                "5j(`",
                "6j(`",
                "7j(`",
                "8j(`",
                "9j(`",
                "0j(`",
                " j(`",
                "#j(`",
                "$j(`",
                "%j(`",
                "'j(`",
                "&j(`",
                "(j(`",
                "-j(`",
                ".j(`",
                "jj(`",
                "oj(`",
                "kj(`",
                "mj(`",
                "nj(`",
                "pj(`",
                "qj(`",
                "rj(`",
                "sj(`",
                "tj(`",
                "uj(`",
                "vj(`",
                "wj(`",
                "xj(`",
                "yj(`",
                "zj(`",
                "{j(`",
                "*j(`",
                "!j(`",
                "\"j(`",
                "aj(`",
                "bj(`",
                "cj(`",
                "dj(`",
                "ej(`",
                "fj(`",
                "gj(`",
                "hj(`",
                "ij(`",
                "`j(`",
                "lSystem.Resources.ResourceReader, mscorlib, Version=4.0.0.0, Culture=neutral, PublicKeyToken=b77a5c561934e089#System.Resources.RuntimeResourceSet",
                "PADPADP",
                "BSJB",
                "v4.0.30319",
                "#Strings",
                "#GUID",
                "#Blob",
                "ThreadSafeObjectProvider`1",
                "xDlol1",
                "Sleep1",
                "kernel32",
                "Microsoft.Win32",
                "user32",
                "ToInt32",
                "get_UTF8",
                "<Module>",
                "mciSendStringA",
                "GetWindowTextLengthA",
                "GetVolumeInformationA",
                "capGetDriverDescriptionA",
                "GetWindowTextA",
                "FindWindowA",
                "MindLated.Protection.InvalidMD",
                "GetL",
                "CPOM",
                "System.IO",
                "SWP_HIDEWINDOW",
                "SWP_SHOWWINDOW",
                "ChrW",
                "Dispose__Instance__",
                "Create__Instance__",
                "DownloadData",
                "ProjectData",
                "Sendb",
                "mscorlib",
                "Stub",
                "Microsoft.VisualBasic",
                "dwProcessId",
                "Read",
                "QueueOnMainThread",
                "Load",
                "get_IsDisposed",
                "MindLated",
                "m_FormBeingCreated",
                "Synchronized",
                "hWnd",
                "Command",
                "Send",
                "RegistryValueKind",
                "Round",
                "hwnd",
                "CompareMethod",
                "get_Keyboard",
                "Replace",
                "Space",
                "CreateInstance",
                "get_GetInstance",
                "defaultInstance",
                "instance",
                "Hide",
                "GetHashCode",
                "FileMode",
                "CompressionMode",
                "SelectMode",
                "FromImage",
                "DrawImage",
                "get_Message",
                "SendMessage",
                "Awake",
                "SetEnvironmentVariable",
                "get_Available",
                "IEnumerable",
                "IDisposable",
                "Hashtable",
                "IsWindowVisible",
                "ToDouble",
                "get_Handle",
                "RuntimeTypeHandle",
                "GetTypeFromHandle",
                "Rectangle",
                "FromFile",
                "WinTitle",
                "Module",
                "AppWinStyle",
                "get_Name",
                "cbName",
                "get_MachineName",
                "lpRootPathName",
                "get_OSFullName",
                "get_FullName",
                "get_UserName",
                "lpClassName",
                "lpWindowName",
                "lpszName",
                "DateAndTime",
                "DateTime",
                "get_LastWriteTime",
                "get_LocalTime",
                "get_LocalMachine",
                "set_Headline",
                "ChangeType",
                "GetType",
                "dwType",
                "ImHere",
                "get_Culture",
                "set_Culture",
                "resourceCulture",
                "ConsoleApplicationBase",
                "ApplicationSettingsBase",
                "Close",
                "Dispose",
                "get_Date",
                "Translate",
                "EditorBrowsableState",
                "GetAsyncKeyState",
                "Delete",
                "Write",
                "ThreadStaticAttribute",
                "STAThreadAttribute",
                "CompilerGeneratedAttribute",
                "GuidAttribute",
                "HelpKeywordAttribute",
                "GeneratedCodeAttribute",
                "DebuggerNonUserCodeAttribute",
                "DebuggableAttribute",
                "EditorBrowsableAttribute",
                "ComVisibleAttribute",
                "AssemblyTitleAttribute",
                "StandardModuleAttribute",
                "HideModuleNameAttribute",
                "AssemblyTrademarkAttribute",
                "TargetFrameworkAttribute",
                "DebuggerHiddenAttribute",
                "AssemblyFileVersionAttribute",
                "MyGroupCollectionAttribute",
                "AssemblyDescriptionAttribute",
                "CompilationRelaxationsAttribute",
                "AssemblyProductAttribute",
                "AssemblyCopyrightAttribute",
                "AssemblyCompanyAttribute",
                "RuntimeCompatibilityAttribute",
                "ReadByte",
                "WriteByte",
                "m_ThreadStaticValue",
                "DeleteValue",
                "GetObjectValue",
                "GetValue",
                "SetValue",
                "Save",
                "Receive",
                "Remove",
                "nVolumeNameSize",
                "nFileSystemNameSize",
                "set_SendBufferSize",
                "set_ReceiveBufferSize",
                "Randomize",
                "get_Jpeg",
                "System.Threading",
                "add_SessionEnding",
                "NewLateBinding",
                "Encoding",
                "System.Drawing.Imaging",
                "System.Runtime.Versioning",
                "FromBase64String",
                "ToBase64String",
                "mciSendString",
                "GetResourceString",
                "get_TimeString",
                "CompareString",
                "ReturnString",
                "ToString",
                "lpString",
                "GetString",
                "Substring",
                "System.Drawing",
                "ToLong",
                "MindLated_png",
                "ProcessInternalLog",
                "ComputeHash",
                "Flush",
                "VBMath",
                "get_ExecutablePath",
                "GetFolderPath",
                "get_Width",
                "get_Length",
                "processInformationLength",
                "ReturnLength",
                "lpMaximumComponentLength",
                "GetWindowTextLength",
                "MaxLength",
                "EndsWith",
                "fuWinIni",
                "ParseUri",
                "IsUri",
                "HassanAmiri",
                "Stub.OK.j",
                "get_ServicePack",
                "RegistryKeyPermissionCheck",
                "get_CapsLock",
                "get_Clock",
                "Task",
                "ConditionalCompareObjectEqual",
                "ConditionalCompareObjectNotEqual",
                "System.ComponentModel",
                "LateCall",
                "Kernel32.dll",
                "avicap32.dll",
                "user32.dll",
                "winmm.dll",
                "ntdll",
                "Shell",
                "Poll",
                "ParseBool",
                "Control",
                "FileStream",
                "NetworkStream",
                "GZipStream",
                "GetStream",
                "MemoryStream",
                "uParam",
                "lpvParam",
                "wParam",
                "lparam",
                "get_FileSystem",
                "OperatingSystem",
                "HashAlgorithm",
                "Random",
                "Form",
                "set_AvatarMedium",
                "resourceMan",
                "ToBoolean",
                "CopyFromScreen",
                "get_PrimaryScreen",
                "System.ComponentModel.Design",
                "main",
                "Plugin",
                "Join",
                "MessageBoxIcon",
                "get_OSVersion",
                "Conversion",
                "System.IO.Compression",
                "get_Application",
                "MyApplication",
                "get_Location",
                "GetVolumeInformation",
                "processInformation",
                "CopyPixelOperation",
                "System.Configuration",
                "System.Globalization",
                "uAction",
                "Interaction",
                "System.Reflection",
                "get_Position",
                "set_Position",
                "TargetInvocationException",
                "InvalidOperationException",
                "get_InnerException",
                "Environ",
                "SwapMouseButton",
                "timx_run",
                "timy_run",
                "SetCooldown",
                "get_Info",
                "FileInfo",
                "CultureInfo",
                "FileSystemInfo",
                "ComputerInfo",
                "SystemParametersInfo",
                "DirectoryInfo",
                "Zero",
                "lastcap",
                "Bitmap",
                "bSwap",
                "Sleep",
                "get_Help",
                "get_Bmp",
                "get_Temp",
                "EndApp",
                "Char",
                "cbVer",
                "lpszVer",
                "lpVolumeSerialNumber",
                "MD5CryptoServiceProvider",
                "m_AppObjectProvider",
                "m_UserObjectProvider",
                "m_ComputerObjectProvider",
                "m_MyWebServicesObjectProvider",
                "m_MyFormsObjectProvider",
                "SpecialFolder",
                "lpVolumeNameBuffer",
                "lpFileSystemNameBuffer",
                "get_ResourceManager",
                "ToInteger",
                "SessionEndingEventHandler",
                "System.CodeDom.Compiler",
                "SetWallpaper",
                "get_User",
                "get_CurrentUser",
                "hWndInsertAfter",
                "Enter",
                "BitConverter",
                "Register",
                "get_Computer",
                "ServerComputer",
                "MyComputer",
                "wDriver",
                "ToLower",
                "CompDir",
                "CreateProjectError",
                "ClearProjectError",
                "SetProjectError",
                "Cursor",
                "IEnumerator",
                "GetEnumerator",
                "Activator",
                ".ctor",
                ".cctor",
                "Monitor",
                "IntPtr",
                "InStr",
                "Graphics",
                "System.Diagnostics",
                "get_Bounds",
                "Microsoft.VisualBasic.Devices",
                "get_WebServices",
                "MyWebServices",
                "Microsoft.VisualBasic.ApplicationServices",
                "System.Runtime.InteropServices",
                "Microsoft.VisualBasic.CompilerServices",
                "System.Runtime.CompilerServices",
                "Microsoft.VisualBasic.MyServices",
                "System.Resources",
                "Stub.My.Resources",
                "Stub.Resources.resources",
                "DebuggingModes",
                "get_SpecialDirectories",
                "GetModules",
                "GetValueNames",
                "GetTypes",
                "get_Aliases",
                "FileAttributes",
                "SetAttributes",
                "ReadAllBytes",
                "WriteAllBytes",
                "GetBytes",
                "lpFileSystemFlags",
                "SocketFlags",
                "wFlags",
                "checkDuplicateCommandMappings",
                "Strings",
                "get_Settings",
                "MySettings",
                "SessionEndingEventArgs",
                "ReferenceEquals",
                "Utils",
                "System.Windows.Forms",
                "get_Forms",
                "MyForms",
                "Contains",
                "unloadPlugins",
                "Conversions",
                "get_Permissions",
                "System.Collections",
                "MessageBoxButtons",
                "SetWindowPos",
                "get_Chars",
                "RuntimeHelpers",
                "Cursors",
                "Operators",
                "processInformationClass",
                "RegisterServiceProcess",
                "hProcess",
                "NtSetInformationProcess",
                "GetCurrentProcess",
                "System.Net.Sockets",
                "SystemEvents",
                "DoEvents",
                "Exists",
                "GetAntiVirus",
                "RegistrySt",
                "Concat",
                "ImageFormat",
                "PixelFormat",
                "CreateObject",
                "ConcatenateObject",
                "OrObject",
                "GetObject",
                "MyProject",
                "Connect",
                "connect",
                "LateGet",
                "System.Net",
                "LateSet",
                "set_MinWorkingSet",
                "EnvironmentVariableTarget",
                "Socket",
                "get_Height",
                "op_Explicit",
                "Split",
                "Exit",
                "get_Default",
                "DialogResult",
                "get_Client",
                "WebClient",
                "TcpClient",
                "Environment",
                "Component",
                "get_Parent",
                "get_Current",
                "Point",
                "ParameterizedThreadStart",
                "Convert",
                "set_SendTimeout",
                "set_ReceiveTimeout",
                "MoveNext",
                "System.Text",
                "GetWindowText",
                "actv",
                "ACTvv",
                "Draw",
                "get_Now",
                "FindWindow",
                "GetForegroundWindow",
                "Show",
                "get_Syntax",
                "Mutex",
                "runx",
                "MessageBox",
                "Stub.My",
                "ToArray",
                "CreateSubKey",
                "DeleteSubKey",
                "OpenSubKey",
                "ContainsKey",
                "vKey",
                "RegistryKey",
                "System.Security.Cryptography",
                "get_Assembly",
                "GetEntryAssembly",
                "runy",
                "Copy",
                "get_Directory",
                "get_Registry",
                "op_Equality",
                "MySettingsProperty",
                "FileSystemProxy",
                "SpecialDirectoriesProxy",
                "RegistryProxy",
                ").NETFramework,Version=v4.0,Profile=Client",
                "FrameworkDisplayName",
                ".NET Framework 4 Client Profile",
                "WrapNonExceptionThrows",
                "$68c310d8-2cc8-417a-b3db-f782bc869a2b",
                "1.0.0.0",
                "MyTemplate",
                "10.0.0.0",
                "My.Computer",
                "My.Application",
                "My.User",
                "My.Forms",
                "My.WebServices",
                "System.Windows.Forms.Form",
                "My.MyProject.Forms",
                "4System.Web.Services.Protocols.SoapHttpClientProtocol",
                "3System.Resources.Tools.StronglyTypedResourceBuilder",
                "4.0.0.0",
                "KMicrosoft.VisualStudio.Editors.SettingsDesigner.SettingsSingleFileGenerator",
                "My.Settings",
                "_CorExeMain",
                "mscoree.dll",
                "<?xml version=\"1.0\" encoding=\"UTF-8\" standalone=\"yes\"?>",
                "<assembly xmlns=\"urn:schemas-microsoft-com:asm.v1\" manifestVersion=\"1.0\">",
                "  <assemblyIdentity version=\"1.0.0.0\" name=\"MyApplication.app\"/>",
                "  <trustInfo xmlns=\"urn:schemas-microsoft-com:asm.v2\">",
                "    <security>",
                "      <requestedPrivileges xmlns=\"urn:schemas-microsoft-com:asm.v3\">",
                "        <requestedExecutionLevel level=\"asInvoker\" uiAccess=\"false\"/>",
                "      </requestedPrivileges>",
                "    </security>",
                "  </trustInfo>",
                "</assembly>",
                "WinForms_RecursiveFormCreate",
                "WinForms_SeeInnerException",
                "True",
                "TEMP",
                "Dllhost.exe",
                "C50Y3",
                "XUubmdyb2suaW8!",
                "Java update",
                "False",
                "Windows Update",
                "Software\\Microsoft\\Windows\\CurrentVersion\\Run",
                "false",
                "c3lzdGVtc3Y=",
                "Njrat 0.7 Golden By Hassan Amiri",
                "|Hassan|",
                "Select * From AntiVirusProduct",
                "winmgmts:\\\\.\\root\\SecurityCenter2",
                "ExecQuery",
                "displayName",
                "No Antivirus",
                "Software\\",
                "SystemDrive",
                "temp",
                "\\CurrentWallpaper.Bmp",
                "site",
                "cwall",
                "Restart",
                "shutdown -r -t 00",
                "Shutdown",
                "shutdown -s -t 00",
                "ErorrMsg",
                "NormalMouse",
                "ReverseMouse",
                "peech",
                "SAPI.Spvoice",
                "speak",
                "HideM",
                "Shell_traywnd",
                "ShowM",
                "opencd",
                "set cdaudio door open",
                "closecd",
                "set cdaudio door closed",
                "OpenPage",
                "MonitorON",
                "MonitorOFF",
                "Scary1",
                "www.upload.ee/image/2298158/koli.swf",
                "Scary2",
                "www.upload.ee/image/2971847/scare4.swf",
                "Scary3",
                "www.upload.ee/image/2299952/facey.swf",
                "prof",
                "getvalue",
                "Execute ERROR",
                "Download ERROR",
                "Executed As ",
                "Execute ERROR ",
                "start",
                "Update ERROR",
                ".exe",
                "Updating To ",
                "Update ERROR ",
                "yy-MM-dd",
                "??-??-??",
                "Microsoft",
                "Windows",
                " Win",
                " x64",
                " x86",
                "SEE_MASK_NOZONECHECKS",
                "Hassan firewall add allowedprogram \"",
                "\" ENABLE",
                "\" ..",
                "/Server.exe",
                "schtasks /create /sc minute /mo 1 /tn Server /tr ",
                "Start",
                "clear",
                "abcdefghijklmnopqrstuvwxyz",
                "Hassan firewall delete allowedprogram \"",
                "Software",
                "cmd.exe /c ping 0 -n 2 & del \"",
                "Stub.Resources",
                "yy/MM/dd",
                "[Back]",
                "[tab]",
                "[shift]",
                "[ctrl]",
                "[alt]",
                "[pause]",
                "[esc]",
                "[end]",
                "[home]",
                "[left]",
                "[right]",
                "[up]",
                "[down]",
                "[insert]",
                "[Delete]",
                "[F1]",
                "[F2]",
                "[F3]",
                "[F4]",
                "[F5]",
                "[F6]",
                "[F7]",
                "[F8]",
                "[F9]",
                "[F10]",
                "[F11]",
                "[F12]",
                "[NumLock]",
                "[ScrollLock]",
                "[PrintScreen]",
                "[PageUp]",
                "[Pagedown]",
                "[Ctrl]"
            ]
        }
    ]
}