{
    "malware_data": [
        {
            "filename": "5df31e46f15c77096b313abf366db8a95da24d37c81be89de970a457c120c543.elf",
            "filetype": "7F454C46",
            "filesize": "15KB",
            "hash_sha256": "5df31e46f15c77096b313abf366db8a95da24d37c81be89de970a457c120c543",
            "strings": [
                "sfga",
                "#$u?",
                "7$':/",
                "CS;(c",
                "[IQn7",
                "gk{\\",
                "XfcF",
                "hoHG",
                ",=W.",
                "sPb'tw",
                "HQ:,",
                "`G`6",
                "\"0K+#",
                "{GfB",
                "C$=7",
                "G_-+G",
                "W[W g",
                "#h#6",
                "_S=n_",
                "TNW6",
                "kS7AuS",
                "M<$4",
                "DHd,",
                "^j,X",
                "hMjd4b",
                "ZM`\\0",
                "j/pW",
                "is#G",
                "cbUh",
                "]kn.",
                "+k7g",
                "FZOGOP",
                "n>onus",
                ":2'p",
                "9]S ",
                "{K+p",
                "8[a?Oc",
                "c1({pc",
                "OzKC",
                ",L'|",
                "#;c\\%K",
                "sOkA",
                "#oWN",
                "mWmn",
                "7hS[",
                "2Vj{3",
                "#o1K",
                "H53V$",
                "W8`O7PKMXP",
                "0WGC",
                "$Ke@",
                "[P`_",
                "O6@Q",
                "%/9V",
                "/\"4kC",
                "Skmlj",
                "`#og",
                "S7?/R<n",
                "+6*a",
                "/][%u",
                "p']p",
                "0u'8",
                "']|S<u",
                "@#HkL",
                "gm+P",
                "U]Xo*u",
                "Mdt5u",
                "'XK\";",
                "{Tm_3",
                "wGDZ",
                "1{n3",
                "K?PB",
                "{4S3",
                "9'w!",
                "_#cw3",
                "aB'`",
                "53LS",
                "B+!F",
                "0X\"3",
                "(pkV",
                "S;m #",
                "F?_F!",
                "kqP5{",
                "S1`#",
                "R(M+",
                "*%/_3",
                "CPHW",
                "k+0'",
                "P6Sq",
                "i:Ch9",
                ">7`0",
                "QEBK",
                "!73`",
                "#ZpW",
                "Hs[3",
                "|'@Z/",
                "Cc*03",
                "_$3n|",
                "4wc\\ ",
                "'C|;",
                "u?dWG",
                "CQ)O]",
                "7O=?",
                " C04HA ",
                " b^g",
                "+[4!",
                "+^WP",
                "|362",
                "3$Dh",
                "HMXX4",
                "LMD\\4T",
                "XMHH$",
                "\\MTL4D",
                "30C ;",
                "J+A3",
                "praw",
                "icmpech",
                "udppla",
                "Qqsfuf",
                ".58.113.",
                "242?",
                "null",
                "?qE6M",
                "GAbI",
                "/dev/",
                "Ak[S",
                "4.002021",
                "/proc/self/exe",
                "/proc/se",
                "lf/exe",
                "lSr.",
                "8p;{",
                ";KUP",
                "0s;+",
                "c/[G",
                "4C4k",
                "$oj7Q",
                "?C(+",
                "@bQsHc",
                "b4`d",
                ".8c.",
                "GCC: (G",
                "NU) 3.",
                "2 200",
                "ian pre",
                "leas",
                ".shstr",
                "init",
                "tex\\f",
                "rodak",
                "~ctors",
                "comm",
                "|X']",
                "`';,",
                "?~'$bV",
                "e'v>O"
            ]
        }
    ]
}