{
    "malware_data": [
        {
            "filename": "6a310e25d2181dcc4e96f9bcdef2017c448c6942e07baeb617da865ac6e5006b.elf",
            "filetype": "7F454C46",
            "filesize": "29KB",
            "hash_sha256": "6a310e25d2181dcc4e96f9bcdef2017c448c6942e07baeb617da865ac6e5006b",
            "strings": [
                "EBUPX!,",
                "PTRh",
                "Z[^D",
                "\\@.f",
                "FH~F",
                "n,(N#",
                "rR$7",
                "|4;0H",
                "`=H/G",
                "-\\xy",
                "hf.X",
                "qBw\"",
                "*CPT&KT",
                "hX&&",
                "l p5",
                ">3hF",
                "uPH]",
                ">Uz@",
                "&\\Ou",
                "rP6=~$",
                "T8_:",
                "1cS0",
                "|\\8m0A",
                "pW+C",
                "`t@JL",
                "ZyDz6{KX.",
                "[^<<",
                "Lr!dh08",
                "ih'/99",
                "%C+DEx",
                "7$[/B^",
                "$O\"B(",
                "$.$A",
                "\"U\"H\"",
                "B^rH\"",
                "$x=W",
                "lqlE",
                " }Bh",
                "408E",
                "!8'4",
                "1Ut%&S!P",
                "2t|A",
                "@~ )",
                "^wx_",
                "\\Z5r",
                "Ar\"-",
                "9.IC",
                "5/3#<XU",
                "!3:B",
                "P4]4",
                "U3a3m",
                ")93y3",
                "_:pl",
                "xL9p",
                "nJe`",
                "=wxtv",
                "PQRS",
                "KTUVz",
                "K.WX",
                "(D1@{xq",
                "+/t-`j",
                "<'<X",
                "a4\\0",
                "Y.]L",
                "fW=%z",
                "H<I\\",
                "FLkJ",
                "KHGU",
                "`!&gW",
                "{~{1",
                "A)3JH",
                "Q;\\O",
                "FtqP",
                "K&R~U",
                "wN,g#",
                "\\!og",
                "0|7d_1",
                "x@tB",
                "SNSS",
                "RB>X%",
                "opB>",
                "#{.D",
                "GP=V",
                "f2WY}",
                "vipMw'R",
                "@t+A",
                "Is|L",
                "GETv",
                "c+eG",
                ")9t$|",
                "Z4r$",
                "aG)y~G",
                "$m`a",
                "/H,(N",
                "eTv!3",
                "\"cX0",
                "8XYY",
                "`oLQF",
                "?h(F",
                "\\s]]",
                "^o^{i",
                "L^_$S",
                "w/_k_",
                "bG2``{`",
                "dabb#",
                ")bcdH",
                "ccd!",
                "ee[e\"",
                ")ggS",
                "gff{",
                "%CIg",
                "U)=$",
                "-MD,",
                ")9>~",
                "07h#)1",
                "mvl !",
                "\"#$.",
                "%&'*",
                "K+,-",
                "K../0",
                "123K.",
                "456.",
                "79;<",
                "K=>:",
                "eYI;\"#",
                "2r!#|$",
                "t22r!&",
                "*xh+F.",
                "/dT0",
                "yF`P1g",
                "\\L2X",
                "H3TD",
                "yF.4P@",
                "5L<6",
                "gH87DyF.",
                "49@dB",
                "<8\\=F.",
                "4X>0",
                "y0:,,4",
                "F@t\\",
                "3KaE",
                "O8:7",
                "|T`$",
                "DP\\Dr",
                "LLXL$",
                "DrH8Dr",
                "L$4@C2",
                "Dd1 ",
                "~`H.",
                "4X3H.",
                "wFm9k",
                "URY72",
                "4([7H",
                "Xp[x",
                "NzHz",
                "LsByh",
                "uhA~Z",
                "R`7G",
                "0]A[2[$|",
                ";+zqA%",
                "\\XRP",
                "tGnOs",
                "iFk!m",
                ":_]X",
                "Ao4C",
                "}'oD",
                "~{Rl",
                "X=+1",
                "[K|q",
                "QLEB",
                "C!}(}U\"",
                "2],V",
                "5%9k",
                "inno1",
                "o|Eb",
                "'\\F*m",
                "]~2 ",
                "^}X~f",
                "||-`}",
                "A.Ozz,",
                "*o>;w",
                "Ttt8-s<",
                "Oq.q#@",
                "A.OppF",
                "+?=mSiV*",
                "3jj,",
                "\"iKsi",
                "Ksi6",
                "S)Xi",
                "fdCAd",
                "fz0H",
                "o4He",
                "R98wx",
                "NuSeX",
                "-'_*",
                "^&#O",
                "T>C]^]",
                "[\\[q",
                "y#mDo",
                "-?jwg",
                "0I%YlY",
                "b4=U",
                "aL7t>",
                "T/A4`&",
                "F&y*^w}",
                "C.'63s",
                "yF^SLkSS",
                "3{/o%s@ui",
                "$t}:n",
                "#?c3",
                "u \"3",
                ";8`2",
                "vi>j",
                "^`[N",
                ";xju",
                "ZTf9m#",
                "G^lg",
                "100k",
                "Hu!s",
                "@XDd",
                ")y8g",
                "-JM})",
                "X[)O",
                "SyFx",
                "P O7",
                "u2;`,lS",
                "@k, ",
                "GW_LZ",
                "y^#`K",
                "(o_W>vW",
                "-OMv",
                "~(??c",
                "@wigW",
                "NA*~",
                "9Mw]H)p",
                "(w?>",
                "a?^+",
                "/H!JI",
                "7>:7Ph",
                "02 3",
                "=`}k",
                "NLsg",
                "%3pX",
                "Wf!##",
                "}!##",
                "CFF*",
                " +s$",
                "r%/y",
                "dR9:",
                "|sh:",
                "& q$",
                "3p@D",
                "H37dP",
                "q[qX",
                "02R0",
                " 9@F",
                "2!OF",
                ";@V&Wo",
                "2 n$u",
                "(@,@",
                "!8{<g8",
                "O^Wg",
                "{qHPB",
                ":dRR",
                "Spet",
                "8FC1",
                "$_/Hl",
                "7D,A<",
                "]l|'",
                "k`@1(",
                "ptkdK^",
                "G9<$",
                "'_@S",
                "ABN_",
                "4puU",
                "PRQW[",
                "ZXY ",
                "ZS9L)",
                "5Ve584",
                "^5(i",
                "Q2PU",
                "@h^q|",
                "u j0",
                " o*i=",
                "44].",
                "<(D,H0r",
                "@D4'''HL",
                "2M/A",
                "@1.V",
                "Th86",
                ")Bwo",
                "A1m/",
                ";\\r[?",
                "1byA",
                "8m:z",
                "%a[n",
                "&QQj",
                "Ri:0$G",
                "$RRVWt",
                "!?u0",
                "-P<%\"",
                "\"xlW,",
                "hp?g6",
                ";Lrz@",
                "YUzc",
                "<))W",
                ";5{t",
                ";\\r :W",
                "P*K:0",
                "V,8R",
                "YND+",
                "z9@<",
                ">z0EN",
                "VuR)",
                "r,lG",
                "n;X,t",
                "+rkM",
                ">xT9",
                "4l,j",
                "WzjHS",
                "tRp.n",
                "M;`@lz",
                "Dx|b",
                "n0v]",
                "B*Mr1",
                "IBl*",
                "SSPQ)",
                "[<>XRh",
                "0YT$",
                "hhC\\$ Sh",
                "JM|s",
                "'tlv",
                " <xu",
                "(<`v",
                "}/C9",
                ":Ldv",
                "nVa@iv",
                "U2mj",
                "u%WWS",
                "ZY^6Hd",
                "G>-v",
                "\"[X[",
                "~o=#",
                "CSt*",
                "2W+R@",
                "Rmn~",
                "phm5",
                "%@.[c",
                "0PCy",
                "\\$C M",
                "44 8(@",
                "|u5A",
                " t).",
                "OST /cdn-cgi/",
                " HTTP/1.1",
                "User-Agent: ",
                "Cooki",
                "e3\";",
                "http",
                "url=",
                "g-x98.7",
                "vkkp[",
                "v0125!8",
                ",<8#",
                "#$6;b",
                ",7gaae",
                "&;;Z?8\"efg",
                ".-50",
                "8,,z",
                "?;d\"=.,\"",
                "[@9=:",
                "<=ve",
                "75 edfm",
                "::=1fdt\"<",
                "313!1'",
                "!'1&",
                "$5''",
                "#;&0",
                "\"dv&8",
                "93dd",
                "<188",
                "1:5681y{&",
                "{6=:",
                "!$6;,t",
                "; t2;!:0",
                "`:7<&17 i$'!",
                "tymt,$",
                "95m?k",
                "{ 7$",
                "!.-0C",
                ";nz,:2:5b",
                "62*7!*",
                "e365`7@9ag:",
                ".1=d?2>vFTPjGNRG",
                "PlKeeGp",
                "qMPCnmc7",
                "LIQ5 z",
                "wkwvkW{EWHGkSL",
                "AAcf",
                "RPMA",
                "G!ARWKLDM",
                "`mem",
                "rq0F.PA",
                "CN&E",
                "IHDVh",
                "UC`JFME",
                "OKQA'<X",
                "dvufv",
                "QNnoj",
                "toqe",
                "iknncvvi",
                "mDHjx",
                "JMQVuWXvPG",
                " uQec",
                "@cFpKCer",
                "8LKRAL",
                "ZON%RKAF0",
                "GQAAVPNZ",
                "jlcr",
                "*EK|",
                "AEKVOwL@VI)",
                "eRMLd",
                "IGGR",
                "KT`QV",
                "EVQf",
                "FKLEJWL",
                "NQCP",
                "WFDN,G",
                "WM6:d10",
                ";!&71t",
                "KOCEGpG@R",
                "nCW>",
                "}v[R@",
                "oMXK",
                "uNMUQ",
                "u\"iKVP",
                "Vijv:T",
                "G+jOoCA",
                "`PTP",
                "f_dfoWa",
                "WLRr",
                "FWAVQ",
                "@2A2",
                "_iOW",
                "dB/nul$GU;",
                "JF> ",
                "CAk[S",
                "oK|t",
                "T$(9",
                "H+|$,",
                "$Info: This file is packed with the UPX executable packer http://upx.sf.net $",
                "$Id: UPX 3.94 Copyright (C) 1996-2017 the UPX Team. All Rights Reserved. $",
                "PROT_EXEC|PROT_WRITE failed.",
                "(/proc/self/exe",
                "[jUX",
                "POv<",
                "jZh[",
                "lEf}",
                "UPX!u",
                ".8(<",
                "~,|E",
                "@bQs4",
                "$o7\\",
                "lj2h",
                "'xp[",
                "j-\\.",
                "j.0U",
                ".shstrtab",
                "init",
                "texfi",
                "roda4",
                "ctors",
                "7'bs",
                "3   ",
                "UPX!"
            ]
        }
    ]
}