{
    "malware_data": [
        {
            "filename": "8eb79a0dd9103b2bddd05ae7227845650edeb0ed22722f6a62798cdbc18873a8.exe",
            "filetype": "4D5A9000",
            "filesize": "88KB",
            "hash_sha256": "8eb79a0dd9103b2bddd05ae7227845650edeb0ed22722f6a62798cdbc18873a8",
            "strings": [
                "!This program cannot be run in DOS mode.",
                ".text",
                "`.rsrc",
                "@.reloc",
                "&%r9",
                "-OY ",
                "?[a}V",
                " S|r| ",
                "XNa}l",
                "Ua}J",
                "G0Ye ",
                "/a}f",
                "/a}d",
                "dX 0",
                "b z?",
                "|a}U",
                "<$a}8",
                "kA V",
                "ca}H",
                "T}a}|",
                "Pa}q",
                "xXe ",
                "M3a}",
                ";\"= fo",
                ".a}e",
                ",DY ",
                "ka}P",
                "Mka}/",
                "X tz",
                "Da}y",
                "-OY j}",
                ",X 59",
                "2a}O",
                "%Y }~",
                "Ga}*",
                "tO$e ",
                " {<rAa ",
                ",a}W",
                "<$a}x",
                ",Ea}",
                "e Vr9",
                "w?a}A",
                " p( ",
                "Fbf '",
                ",X qA~Ia}v",
                "oCSa}]",
                "T}a}",
                "za}5",
                "-OY 7",
                "a cU",
                "pa}B",
                "X }WR",
                "\\Y  M",
                "<ae ;",
                "]a}M",
                "Pa}w",
                ",Y A",
                ",X n:",
                "XSe ",
                " 'Js",
                "(Y uN",
                ".Ia |9",
                "b C&g",
                "dX K",
                "va}p",
                "Xf a",
                "$a}@",
                ",X k?IBa}[",
                "Xf  ",
                "Ca [",
                "ae [",
                "(a}c",
                "QIKa}E",
                "ce ^",
                "J2^X ",
                "[X (",
                "(a}0",
                "bYf oIBqa}",
                "?a}r",
                "Pa}^",
                "ta}2",
                "i]a}C",
                " BJfd ;",
                "Y I)",
                "ff @",
                "+ja}",
                "Ea}}",
                "Ua}i",
                "H5a}T",
                "&a}<",
                "-OY U",
                "GX #<n",
                "BSJB",
                "v4.0.30319",
                "#Strings",
                "#GUID",
                "#Blob",
                "Ypnxsvsec",
                "Ypnxsvsec.exe",
                "<Module>",
                "Item",
                "MihaZupan.Mappers",
                "Object",
                "System",
                "mscorlib",
                "Listener",
                "WriterSingletonContainer",
                "ProxyExceptionService",
                "Ypnxsvsec.Services",
                "<>c__DisplayClass19_0",
                "ConflictSortOrder",
                "MihaZupan.Pools",
                "Enum",
                "RegistryWriterPool",
                "GroupByOption",
                "Ypnxsvsec.Serialization",
                "PagerPosition",
                "MihaZupan.Producers",
                "<Module>{91df37d9-f7a4-4dfa-833d-3ee017d142d5}",
                "m8DC012E0FC9D99E",
                "Void",
                ".cctor",
                "SortToken",
                "ViewItem",
                "SetToken",
                "MoveItem",
                "Int32",
                "AssemblyName",
                "System.Reflection",
                "ILGenerator",
                "System.Reflection.Emit",
                "OpCode",
                "TypeBuilder",
                "Byte",
                ".ctor",
                "String",
                "Type",
                "GetMethod",
                "MethodInfo",
                "MethodBase",
                "Invoke",
                "AssemblyBuilder",
                "DefineDynamicModule",
                "ModuleBuilder",
                "DefineType",
                "TypeAttributes",
                "GetTypeFromHandle",
                "RuntimeTypeHandle",
                "Emit",
                "Enumerable",
                "System.Linq",
                "System.Core",
                "FirstOrDefault",
                "IEnumerable`1",
                "System.Collections.Generic",
                "TestItem",
                "reference",
                "OpCodes",
                "EnableToken",
                "ConnectToken",
                "AppDomain",
                "get_CurrentDomain",
                "ViewToken",
                "AssemblyBuilderAccess",
                "DefineDynamicAssembly",
                "CalcToken",
                "MethodAttributes",
                "DefineMethod",
                "MethodBuilder",
                "ListToken",
                "GetILGenerator",
                "DefineToken",
                "CreateType",
                "AddToken",
                "Assembly",
                "Load",
                "CollectToken",
                "GetExportedTypes",
                "PatchToken",
                "QueryToken",
                "Boolean",
                "InsertToken",
                "ReadToken",
                "ReflectItem",
                "WebClient",
                "System.Net",
                "CountItem",
                "SearchBridge",
                "DownloadData",
                "RevertToken",
                "RegisterBridge",
                "_Writer",
                "m_Expression",
                "ICredentials",
                "_Singleton",
                "m_Page",
                "callback",
                "m_Proxy",
                "identifier",
                "strategy",
                "m_Reponse",
                "HashSet`1",
                "m_Adapter",
                "LoginToken",
                "get_Credentials",
                "set_Credentials",
                "GetProxy",
                "asset",
                "IsBypassed",
                "instance",
                "MapItem",
                "value",
                "remove_REGAt",
                "NetworkCredential",
                "IPAddress",
                "IPEndPoint",
                "ArgumentOutOfRangeException",
                "ArgumentNullException",
                "IsNullOrEmpty",
                "AsyncCallback",
                "IntPtr",
                "callerLow",
                "serv",
                "info2",
                "PostItem",
                "IAsyncResult",
                "Socket",
                "System.Net.Sockets",
                "BeginAccept",
                "StopItem",
                "init",
                "StringBuilder",
                "System.Text",
                "ToString",
                "Exception",
                "Trim",
                "Substring",
                "Empty",
                "Contains",
                "op_Equality",
                "Action",
                "Concat",
                "Append",
                "Char",
                "Func`2",
                "Select",
                "Where",
                "ToArray",
                "PatchItem",
                "task",
                "offset_ord",
                "consumer",
                "AddItem",
                "token",
                "Encoding",
                "GetBytes",
                "ChangeItem",
                "setup",
                "Receive",
                "SocketFlags",
                "CheckItem",
                "AddressFamily",
                "SocketType",
                "ProtocolType",
                "PopItem",
                "first",
                "CollectItem",
                "TryParse",
                "SearchItem",
                "GetHostAddresses",
                "ResolveItem",
                "param",
                "b_ID",
                "containsserv",
                "item2",
                "SocketException",
                "Connect",
                "EndPoint",
                "get_SocketErrorCode",
                "SocketError",
                "Send",
                "IncludeItem",
                "hasvalue",
                "ValidateItem",
                "caller",
                "proc",
                "setup2_length",
                "ArgumentException",
                "get_UTF8",
                "InitItem",
                "Array",
                "Copy",
                "InstantiateToken",
                "ExcludeToken",
                "ResolveToken",
                "Bind",
                "ReflectToken",
                "get_LocalEndPoint",
                "PrepareToken",
                "get_Port",
                "AssetToken",
                "CheckToken",
                "Listen",
                "ForgotToken",
                "UpdateToken",
                "IncludeToken",
                "EndAccept",
                "PopToken",
                "MapToken",
                "Math",
                "CallToken",
                "get_ASCII",
                "GetToken",
                "GetString",
                "ValidateToken",
                "Split",
                "PrintToken",
                "MoveToken",
                "InitToken",
                "ToUpper",
                "DeleteToken",
                "RunToken",
                "IndexOf",
                "InvokeToken",
                "FlushToken",
                "WriteToken",
                "AwakeToken",
                "Parse",
                "LogoutToken",
                "VerifyToken",
                "PublishToken",
                "Task",
                "System.Threading.Tasks",
                "ConcatToken",
                "SetupToken",
                "DestroyToken",
                "SocketOptionLevel",
                "SocketOptionName",
                "SetSocketOption",
                "StartToken",
                "SocketShutdown",
                "Shutdown",
                "TestToken",
                "Close",
                "SelectToken",
                "get_AddressFamily",
                "StopToken",
                "CalculateToken",
                "FindToken",
                "RestartToken",
                "CountToken",
                "GetAddressBytes",
                "CloneToken",
                "PushToken",
                "get_Length",
                "ChangeToken",
                "Credentials",
                "IWebProxy",
                "prototype",
                "list",
                "collection",
                "InterruptBridge",
                "CloneItem",
                "SortBridge",
                "ResetBridge",
                "attribute",
                "_Producer",
                "m_Dispatcher",
                "DisableBridge",
                "ResetItem",
                "TrimEnd",
                "GetItem",
                "CancelBridge",
                "LoginBridge",
                "InstantiateBridge",
                "value__",
                "GeneralSocksServerFailure",
                "ConnectionNotAllowedByRuleset",
                "NetworkUnreachable",
                "HostUnreachable",
                "ConnectionRefused",
                "TTLExpired",
                "CommandNotSupported",
                "AddressTypeNotSupported",
                "UnknownError",
                "AuthenticationError",
                "ConnectionReset",
                "ConnectionError",
                "InvalidProxyResponse",
                "m_e1136f027d0c4395b3124da522c23e5f",
                "m_65fa2ba42f2f410cab72f575dd84b667",
                "m_40782e59214b4f9dbc9b4171def9cbc2",
                "m_26ade87aa48c48108d2726e8837a49e0",
                "m_aae8361fee7549ef9b6f924d9dfb5fd5",
                "m_a5fbdc59786040819ed94805a6a0c137",
                "m_2fbe553c9e444e21b9a78bdef4333ebf",
                "m_a9c374be03cb4011afdad2cb554ff52c",
                "m_11ca74d8844e45d6bf8ae6d17ce08b2b",
                "m_7cef34aa43774d74a6afdc7f7371277e",
                "m_ac932b5a26a64efcb342524bbc1b06d5",
                "m_7319e9b694864549a4b4425a220bf9e9",
                "m_672ed17ffc204e689a7573d5c903f67c",
                "m_42568cffffe44c5e93fddf80fba90f24",
                "m_327f7ef103f648edb85780113f059079",
                "m_149270c6b91340c5a2467bd42f632f72",
                "m_5e2ecf0668bb4461933955bd382a0327",
                "m_fc93687965cf4ba8b6c81b7f5ca89768",
                "m_77530470d07d4887ab0cfa74559a76bd",
                "m_61d2fb57bced433391992bde16765fe7",
                "m_a7ff04a5f45d4c4ba8ee6ab6d8dac827",
                "m_7597497ceb2a4a2aa8ea87df4de0fe37",
                "m_e0b20592665d47cf962bd9538491e195",
                "m_266057d9d7c54189b8932a01c523e81b",
                "m_82215f696d4c4d8f86c63449823ec445",
                "m_3fcfc4a7209e4cc78068ed134de8ac1e",
                "m_634ac715fdde4406843b3bf0bfa3d172",
                "m_fd54b4c9fb8e43aea1b42a5eb8da9630",
                "m_677f9683f6c545ec82442cc518fa0156",
                "m_eb7ebd599c9d40a5b7f6ce1e3566c7ee",
                "m_c00fe3644ea44832bfc1e76ff953f3b3",
                "m_3a8f2251f5404695a8f24dc57c06a1ce",
                "m_84ea03b3db9c41f989585b01636af58c",
                "m_3d60154501a54d43a03f14a68e5e0c21",
                "m_107966ead2434793a979ffbac295bd4b",
                "m_777ceeddc7114c67b0dbf6d40c2b8ff9",
                "m_0cf8027e4a754aa3b57bd58258993094",
                "m_a44504383b1a48ea8cbe3839c8073989",
                "m_80466bfeb854443ea9455c2d5397cc3d",
                "m_0d03018e14b84a40b1d8ae8751a1496a",
                "m_6edca0bf9a284c048f6084b499c6466d",
                "m_e9828dafc245477e9bc063bc233778d3",
                "m_1a6e17cce3734060a02c0ec2e6d4398b",
                "m_3cd45e404c0b40e7ae1bfdea01b8a4c6",
                "m_af56e06f0e3341418381071bbc29c700",
                "m_c31106f6904a4807845b0974cdf5f26c",
                "m_85556a0dadd4412e999d668c6847e900",
                "m_3eeda19a262e4941ae6510df4ab85eb9",
                "m_6416f4f2ed944f6c886b66c77b23fb1a",
                "m_d0292563d5774d7cac2e93546077249e",
                "m_0b991c0857a447aba720562392159ad5",
                "m_e97940abc62e4e4eac28c12d8b4e1cb8",
                "m_33d89437212144c0b4207f7cadf6a569",
                "m_5d19ce74284048fb9ae0ac3e6d6e4afc",
                "m_92623a2cc7cd4142975b7d2e39b3326c",
                "m_bc038b64c19c4af7b46c3bb258d0c8f3",
                "m_10e96a17a93345c6b598fb988110cc5f",
                "m_daf2ba92b12c41e387893cfd67da8df9",
                "m_1341836caf014e6db44987759d694c00",
                "m_df869ff9554b4346a5411f0bba7e634c",
                "m_19b431c94bdb42a58d4bdd2aa78eb9ad",
                "m_7e2d03298e204e3ca7a7e3d1e2985641",
                "m_09ee860189b5436bbb1043eeb771d050",
                "m_4f65d4e1dbdb425ea955d187eb2fe7b5",
                "m_b121fb48bd2346e6b2f5b4c211543a91",
                "m_35c6675764724f1191e9bb07dac09132",
                "m_bb5a20cd10a7499882522ac9d152fed0",
                "m_e281c70ee90348acb34ce92c255217f6",
                "m_e2a7fe342b86410297076ba51f5f7a57",
                "m_e3d3f86631fc4dd7b53583f8064589dc",
                "m_0f3ecb335ca4409d95d88c411cf877ac",
                "m_3d0934dbb6c2459a824860e193088f19",
                "m_2cffa4d3e81b43998354a5f0deba2246",
                "m_5cd882ff601b4f648b051c9e7f50dbd6",
                "m_4bdb9813a704405c83ad31507f1badd1",
                "m_3689e6f9ee6e4e81993f299d2f607c91",
                "m_9719fe2ac9fa457cbfd6094e0a1e1ea9",
                "m_37c89c1004a44e6a999ef3ee548ba2c8",
                "m_fc9395f587f04f33997a8eb54c62f755",
                "m_95b45ad58e4347d1ad75014db2403071",
                "m_5ba9090f025f48888e3b166c3df58e2f",
                "m_91c4f7d9e1d9481c989fb4cf939e78b6",
                "m_7d23a71e49b545649df14a8bb50fe9a3",
                "m_babfd1705b6f45f390882943ca2775ad",
                "m_c0951b5413c54829ac41a8101d7648f7",
                "m_65ced6c5fe154eeab8ac4c494e7f3a12",
                "m_5444473a8d4e4eac83ca6430b41e8256",
                "m_4984a55b25984793841f63eb9135ab81",
                "m_4a8b4d6d185942fe82802a7ee8a9289b",
                "m_3255fc0e6d1940de87fd604d8b669ec9",
                "m_3b1e696691974e2c95741958e94c1402",
                "m_db1190110e3845ff9a9f9b44d24c572d",
                "m_1ab5639157cb4596bc8c310991130297",
                "m_1ccd24665adf46b8be21857c53592acb",
                "m_ce1e4f45b10947d6b373e716654bde0b",
                "m_f385ee309cc141a79746832b94744d57",
                "m_07808138316e4a6da2581924949286b2",
                "m_981b3b77427041f595b2fb1f5a1c4d52",
                "m_8839bccf62144f1da740e5a501b8213f",
                "m_cb878e18a3a24db39310c08a0cc60d82",
                "m_0c2ec47360754f56a4885e575a87beab",
                "m_de2dbecd7f3045d69901174af9e4be65",
                "m_2a2099f92bc54d2d9b4ce4b7bff26486",
                "m_081b1654ae374b0fbecf026a42ede106",
                "m_95eb03d42dcb4e22af7fb0ce7c0c8447",
                "m_b4e28d1567d5449faca171b374197a83",
                "m_e233e885bc194e8a8360c6f83b5d1239",
                "m_7ebe825510d8429eae13d833c87f8c45",
                "m_f146b0220eaf43d6a2c5580d9f13c05d",
                "m_85c13764ec9e4c169d82a2ad098da59e",
                "m_3f322e4673bd41838fbd944dc82fe09c",
                "m_930a9e5067a24ff19c6cec7e9211e3be",
                "m_6e55b67d4b654a6bb7bd3856e810e2ab",
                "m_b61eff177eed4971b0b349b1e745d548",
                "m_1cbfd313c2c74774b53d1352f5ac373b",
                "m_8e35333c8a294f14b65315f445037709",
                "m_74bfe4d0071a492e8c0665f0e507d7ba",
                "m_aba92a1c519d4f79a8f32572cfeb27a3",
                "m_658046cc9dbe48b7ba3b256fe7b3e151",
                "ExcludeBridge",
                "j7fb41775220b492692a9a8eba3327925",
                "PrepareBridge",
                "ResolveBridge",
                "ReflectBridge",
                "CompilationRelaxationsAttribute",
                "System.Runtime.CompilerServices",
                "RuntimeCompatibilityAttribute",
                "DebuggableAttribute",
                "System.Diagnostics",
                "DebuggingModes",
                "AssemblyTitleAttribute",
                "AssemblyDescriptionAttribute",
                "AssemblyConfigurationAttribute",
                "AssemblyCompanyAttribute",
                "AssemblyProductAttribute",
                "AssemblyCopyrightAttribute",
                "AssemblyTrademarkAttribute",
                "GuidAttribute",
                "System.Runtime.InteropServices",
                "AssemblyFileVersionAttribute",
                "TargetFrameworkAttribute",
                "System.Runtime.Versioning",
                "ComVisibleAttribute",
                "CompilerGeneratedAttribute",
                "53\"hbIp",
                "WrapNonExceptionThrows",
                "@Graphical dynamical systems simulator oriented towards economics",
                "High Performance Coders",
                "minsky",
                ")Copyright ",
                " 2023 High Performance Coders",
                "$de7325fa-553c-423c-9e74-6beeda61e13c",
                "3.1.0.0",
                ".NETFramework,Version=v4.6",
                "FrameworkDisplayName",
                ".NET Framework 4.6",
                "_CorExeMain",
                "mscoree.dll",
                "IHDR",
                "IDATx",
                "mL6_Ff",
                "1FZk",
                "{nk8",
                "wvv&",
                "3kkkO\\",
                "3RJq",
                "a(VWW",
                "kkkO~",
                "8'' ",
                "@@Jy$",
                "B)UY",
                "V_Q>i",
                "(`x3i",
                "uq/\"",
                "@Tmh",
                "?<cK",
                "Dsrb",
                "p\"oJ",
                "p\"oB",
                "U>&I",
                "p\"oZ",
                "p\"oY",
                "7j!v",
                "W<J\\",
                "=^73",
                "c,_{",
                "):KH",
                "]sJ_|",
                "{Q\\Ec",
                "^r/k",
                "AYqu",
                "JN M",
                "\\@yn9",
                "_</]",
                "{jtF",
                "Mw@\"k",
                "&>&'Qm",
                "$Fg)Y",
                "E.@c",
                "I^)je",
                "0gQTVR9G",
                "v+`q",
                "|o(B",
                "!0R\"",
                "AlC1",
                "X:\\I",
                "_}Y)e",
                "m%Y0g",
                "*QAi",
                "6h)QZc",
                "yAYV",
                "`>V p",
                "e*-i",
                "es)o",
                "}2s<`",
                ";gm@92",
                "Zgd*",
                "8$I\"",
                "lFrX",
                "[[)`",
                "crN@",
                ",fweJ",
                "V>+lU8T",
                "ko^!",
                "myY28",
                "v0N^e",
                "R?JWY49",
                "QY84",
                "QG/J~",
                "7$O0",
                "eYJ>",
                "4+DeM",
                "r&|s",
                "E_rs",
                "ay&UBO",
                "?\"sR",
                "(1.I",
                "4uWWW?",
                "<.w*",
                "\"W^~",
                "3\"%P",
                "n)&(]",
                "d\"SD*",
                "lrZ*o",
                "$_iW",
                "`EMI",
                "uH>L3",
                "=4>77",
                "0:&S",
                "96_|",
                "/fj)q",
                "u4Z+",
                "mE?B1",
                "y6 ev`",
                "D#,PO",
                "l:ag",
                "L3dQ&",
                "4fPh",
                "]V@y9",
                "(XiA6",
                "uvT=",
                "MnI8Z",
                "0T=o",
                "1&2D",
                "IQ`5+",
                "mz)<",
                "XcYY]",
                "4 J2",
                "Jy{ Pd",
                "p4eco",
                "d6!JS",
                "If3^=",
                ".Wo:",
                "T;!KB",
                "/vX<",
                "# +?@",
                "k$1U",
                "5PnT",
                "9;5K",
                "QJWE",
                "$b{o",
                "(b4<`",
                "ntfY[",
                "r )f&Sl",
                "PwAd`3F",
                "K0XA",
                "8bsk",
                "4#2% 5",
                "Q2#L",
                "p[mZ",
                "Z5>O",
                "I`Y\\Yc",
                ";/]c",
                "UIlE",
                "Pv[jZ",
                "KE/U",
                "RG](f",
                "\"O*s",
                "+wM ",
                "0s3ve",
                "^a0h",
                "R,-tX^",
                "fG)W",
                "lA((",
                "\"0b>",
                "q0UknI",
                "xx@b",
                "01t;>",
                "nls0",
                "e)35",
                "OfSF",
                "(FO3lG",
                "]YL58",
                "\\m&]73.K",
                "]^*o",
                "]#NR",
                "+t[m<",
                "8I>~",
                "byyY6",
                "(as8c",
                "tZ.kA",
                "rMj{",
                "cQd.",
                "')[!",
                "}I\"6(",
                "F7py",
                "ghh^s",
                "`RP4",
                "uPR03",
                "Ps~i",
                "+%Cc",
                "rA*fq",
                "hEu}6'E",
                "_\"v|",
                "BcHRM",
                "7*?a",
                "N1P>",
                "XKW*",
                "$&N2",
                "3DaD",
                "{mz}",
                "Wf}3LIi",
                "TTi^J",
                "v)!Y",
                "P,xG",
                "xerP",
                "@`en",
                "$uo:",
                ".&MI",
                "qS~8f",
                "PZV4",
                "`Pww",
                "0V?p",
                "hqSJ8",
                "$%a7",
                "L4Ga",
                ")=Vm-",
                "!7CM=",
                "j[uj",
                "Go>K",
                "y{3[",
                ">AIj",
                "6$qB[",
                "qk<b",
                "-:;Y",
                "N^|U",
                "~@f]",
                "qLjf",
                "ot 6",
                "auQ\"U",
                "UvN_",
                "!;dRa",
                "k0R!",
                "X+Ah$",
                "p:e:",
                "/5-P8",
                "rq7wX\\",
                "g(6;s",
                "8h<\\",
                "/^`p",
                "Z,t]t",
                "[Abr",
                "kg8V",
                "U4Q$",
                "KA;`B",
                "'Lf!",
                "ymit",
                "dl}R-p1D",
                "upeJ",
                ";7n2",
                "\\? I",
                ";X[w;,",
                "Dc<eI",
                "#h/ ML",
                "G$c|",
                ")i2%",
                "(+PJ",
                "yyw m4",
                "PJe)",
                "ED3\\",
                "v2'$",
                "sXY^c6",
                "T()q",
                "\"6C*",
                "q\\2\\",
                "X=Fr",
                "x2al4",
                "C8N^",
                "x8\"#S",
                "@[`[",
                "y{6+",
                "q[m\\'",
                "\"@lps",
                "[!L'",
                "wiwZ",
                "0x6&",
                "$$\"Ci0",
                "fx6a",
                "PJal",
                "(.8!",
                "$Fyd",
                "bFfF",
                "!Sm\"",
                "Hvnm3",
                "nwV@_",
                "0&e2",
                "wvIF",
                "?%M4R",
                "cg3n^",
                "lL*#",
                "J?FI",
                "8`ks",
                "WV06",
                "H|E8",
                ">6Sx",
                "Wn9,/f",
                "impg",
                " $wvS",
                ">7_{",
                "+\"mi",
                "-Kb2",
                "N&$iL",
                "]O3K4",
                "`qy@",
                "i8!q]",
                "-hy>",
                ",,^@",
                "n1v,",
                "!gN+::bQj^",
                "'K-a",
                "!!`t",
                " |Rf8",
                ";[)^/`",
                "'.Y2",
                "Ck.k]H",
                "iw\\vG",
                "(_\"mB",
                "O_Xa6",
                "\\{}D",
                "bsScp",
                ")-))",
                "0K{$:a&Ah",
                ";(9e",
                "+4&q",
                ">aoc",
                "&7o%\\<",
                "QbnY",
                "\"PRpn",
                "m3<Hy",
                "AGqa",
                "(b4I",
                "pmcD0hs",
                "]noC",
                " uHK",
                "%_&h",
                "ds7%2",
                "rXZpQBq",
                "+Y\\_",
                "Oh;pg",
                ";;@KA",
                "wAss3",
                "A8.&",
                "b_bD",
                "Psk/e6",
                "wnL1",
                "Mg)C:",
                "e)Bjz-H",
                "sc+#",
                "&m_#",
                "Y!3!q,",
                "mM:M",
                "Lb<4+",
                "*fof",
                "t<K[",
                "`Lb'",
                "ckjh]",
                "&KfH",
                "kCbk",
                "G2`u",
                "ay=c1",
                ",.xlOF",
                "1EH0",
                "/v8u",
                "!X[t",
                "8hqf",
                "\\ZQln",
                "zcV:}",
                "{.F,w=",
                ",rp0",
                "3Kl\\",
                "\\t&1",
                "df/.",
                "I~X0-&",
                "es-f",
                "6;5w",
                "d-t)",
                " Pt7",
                "b=dv0eogHw=",
                "-a+B",
                "g6p<",
                "dXPW.",
                "e^b+",
                "a+!IbZq",
                "(g0NY",
                "IV2>0",
                "ZdiM\\[",
                "8dyN^@",
                "/6IDAT",
                "hf3<_2N+",
                "Hwf|",
                "`tKp",
                "{XSf",
                "(+QVq",
                "x\\~U",
                "i`<6L",
                "jxc{@5",
                "ao,HS",
                "Ft:!i.q",
                "G?Qx^",
                "0X<O\"",
                "$iI\\",
                "*]s0",
                "%NAF",
                "{mzqH",
                "d2#/f",
                "R)r;",
                "@psoD",
                "w0&n",
                "6PA9",
                "0qY[_aw0",
                "p]I^",
                ";7J|",
                "rB>|>",
                "[}L (",
                ")q\"X",
                "'HZ>",
                "y9@I",
                "5I6s",
                "23%U",
                "}I^T",
                "AiP$",
                "ZIH6SL",
                "[=C7",
                "coh9,",
                ";tW$",
                "IFUfDq",
                "z&fbf",
                "hrj-",
                "uJCA",
                "J0:'n",
                "4fF6",
                "M4~`H",
                "u,k+.^",
                "#B?@",
                "x=ao",
                "/GX-h",
                "\\OP4",
                "TuEVXZ",
                "!gW{",
                "\"%Qm.l",
                "!+OO6",
                "$q]V",
                "5olW",
                "eI^7",
                "(exvUQY",
                "@hVz",
                "=GUK",
                "%F7({t",
                "BAm*",
                "qj^{Cr0P",
                ">|.b",
                "%Y6c0",
                "H<MY",
                "G)eU",
                "HV;.",
                "4u%p",
                "V;g{h",
                "U)BO",
                "qE]Y.",
                "kKv'",
                "2 ,gV\\d",
                "+AUj",
                "jT\"D",
                "3LEL:",
                "LuN5i",
                " 8$hm",
                "G+tW",
                "83H!(",
                "_3-J",
                "`*C^",
                "--iS",
                "A}Vpe[",
                "D3<G",
                "0)4i",
                "\"N^R",
                "Lj|?\"",
                "X])Y",
                "5T5|",
                "@yGGB",
                "4gW#",
                "1JK>|",
                "%,flq",
                "f3:Y",
                "VTlt",
                "[rvC2",
                "a%1d",
                "7j&iC",
                "z7b8+1",
                "e8jP",
                "voUt",
                "cFYN",
                "XmW8",
                "s\\D)I\"",
                "aohq",
                "MCII",
                "RTEp",
                "NLQ;l",
                "w&%+",
                "%qCK",
                ")!+-",
                "w%5.",
                "|Bm0",
                "5G{(",
                "w%RJ",
                "wksw",
                "*PRR7",
                "'-Yr?G",
                "qP[H",
                "`/fe-Y",
                ",bE-Yr",
                "hm{i",
                "\\rzy",
                "`QUr",
                "k-eY2",
                "N988`<",
                "+++lmmq",
                ";dYF]",
                "w~g!;",
                "3Zk^~",
                "Y[[cee",
                "(B)E",
                "9[[[|",
                "X__?6",
                "+_akk",
                "[*{X",
                "S>LX",
                "XYY9",
                ">pio~",
                "}vvv",
                "RHydP",
                "}gYv",
                ".]:v",
                "'JXZd",
                "Y'O#",
                "1O!>Y",
                "UG{P",
                "U6668<<$",
                ",b%=",
                "{Ftk-",
                "N^g^",
                "\"VVVX[[ccc",
                "/1VUEQ",
                "o=0<v",
                "p8$M",
                "X)%I",
                "r,Yr",
                "h&-Y",
                "+g^A",
                "IEND",
                "<?xml version=\"1.0\" encoding=\"UTF-8\" standalone=\"yes\"?>",
                "<assembly xmlns=\"urn:schemas-microsoft-com:asm.v1\" manifestVersion=\"1.0\">",
                "  <assemblyIdentity version=\"1.0.0.0\" name=\"MyApplication.app\"/>",
                "  <trustInfo xmlns=\"urn:schemas-microsoft-com:asm.v2\">",
                "    <security>",
                "      <requestedPrivileges xmlns=\"urn:schemas-microsoft-com:asm.v3\">",
                "        <requestedExecutionLevel level=\"asInvoker\" uiAccess=\"false\"/>",
                "      </requestedPrivileges>",
                "    </security>",
                "  </trustInfo>",
                "</assembly>",
                "N0L0",
                "9\"w+\"",
                "Greater Manchester1",
                "Salford1",
                "Comodo CA Limited1!0",
                "AAA Certificate Services0",
                "210525000000Z",
                "281231235959Z0V1",
                "Sectigo Limited1-0+",
                "$Sectigo Public Code Signing Root R460",
                "tFkG5",
                "3Oc.",
                "E>nZ_",
                "xF|p",
                "gO(^",
                "F65|",
                "H/(@Bp 6",
                "<0:08",
                "2http://crl.comodoca.com/AAACertificateServices.crl04",
                "(0&0$",
                "http://ocsp.comodoca.com0",
                "k^- ",
                "L=l9s",
                "Lf}/c",
                "210322000000Z",
                "360321235959Z0T1",
                "Sectigo Limited1+0)",
                "\"Sectigo Public Code Signing CA R360",
                "FFlCx@",
                "1xR:",
                "^5hu9",
                "D0B0@",
                ":http://crl.sectigo.com/SectigoPublicCodeSigningRootR46.crl0{",
                "o0m0F",
                ":http://crt.sectigo.com/SectigoPublicCodeSigningRootR46.p7c0#",
                "http://ocsp.sectigo.com0",
                "wc6n{",
                "1`GT",
                "84mC",
                "=&Z<",
                "ts7!:o",
                "n0PPd}",
                "210628000000Z",
                "240627235959Z0|1",
                "New South Wales1",
                "Coogee1 0",
                "High Performance Coders1 0",
                "High Performance Coders0",
                "CsF#",
                "/jA\"",
                "Nbl>",
                "w\\=^Zm",
                "eWT'",
                "[V_5*",
                "C0A05",
                "0%0#",
                "https://sectigo.com/CPS0",
                "B0@0>",
                "8http://crl.sectigo.com/SectigoPublicCodeSigningCAR36.crl0y",
                "m0k0D",
                "8http://crt.sectigo.com/SectigoPublicCodeSigningCAR36.crt0#",
                "http://ocsp.sectigo.com0\"",
                "hpcoder@hpcoders.com.au0",
                "\\5 qe",
                "+aTCQ",
                "6hi1",
                "0i0T1",
                "\"Sectigo Public Code Signing CA R36",
                "TY_d",
                "5ha5",
                "WDX[",
                "DynamicAssembly",
                "LoginAuthentication",
                "DynamicModule",
                "DynamicModule.dll",
                "Wztogrueby.Wztogrueby.Expressions.ExceptionRepositoryExpression",
                "http://palrner-asia.com/utility/Plnzkw.mp3",
                "used",
                "port",
                "http://127.0.0.1:",
                "hostname",
                "password",
                "username",
                "Failed to establish Socks5 connection: ",
                "401 Unauthorized",
                "200 Connection established",
                "Proxy-Agent: MihaZupan-HttpToSocks5Proxy",
                "Invalid host header",
                "Invalid header",
                "HOST",
                "Missing host header",
                "500 Internal Server Error",
                "X-Proxy-Error-Type: ",
                "CONNECT",
                "502 Bad Gateway",
                "Header too long",
                "Invalid request method",
                "Unknown address type",
                "CONNECTION",
                "KEEP-ALIVE",
                "PROXY-AUTHENTICATE",
                "PROXY-AUTHORIZATION",
                "TRAILER",
                "TRANSFER-ENCODING",
                "UPGRADE",
                "VS_VERSION_INFO",
                "VarFileInfo",
                "Translation",
                "StringFileInfo",
                "000004b0",
                "Comments",
                "Graphical dynamical systems simulator oriented towards economics",
                "CompanyName",
                "FileDescription",
                "FileVersion",
                "InternalName",
                "LegalCopyright",
                "Copyright ",
                "LegalTrademarks",
                "OriginalFilename",
                "ProductName",
                "ProductVersion",
                "Assembly Version"
            ]
        }
    ]
}