{
    "malware_data": [
        {
            "filename": "df12fa13cd681ffbda2930712d4b68844810c559aa3024870550e47d65c74e6e.elf",
            "filetype": "7F454C46",
            "filesize": "31KB",
            "hash_sha256": "df12fa13cd681ffbda2930712d4b68844810c559aa3024870550e47d65c74e6e",
            "strings": [
                "$UPX!",
                "S/&Q",
                "CHmD",
                "-\"C\"",
                "QJ4M",
                "tk+GP",
                "N,4^",
                "bv1@",
                "(63P",
                "iv-ph/Lk",
                "z8Vh",
                "(r>Yu",
                "d+51:",
                "d:N)p",
                "F`p1",
                "U/&&",
                "#W%2",
                "|//\"",
                "o^n'",
                " Ho$",
                "[/+M",
                "MN]/0",
                "tbN\\",
                "?7[6",
                "^IN\\CD",
                "u1yL!",
                "(Da6",
                "kz@'YeG",
                "@o)}",
                "Tke/",
                "5nj}1",
                "hMcZm",
                "Qu?re",
                "Xp%iALs",
                "Lios",
                "!&xB/\"",
                ")i{T",
                "a~sg",
                "$&JU",
                "d)#l",
                "*%qm",
                "8u$>",
                "';eDkT",
                "~gS\"Lm",
                "RAdX",
                "yZe`",
                "vtJo~",
                "\\BV_",
                "?+fL@",
                "zX\"?",
                "+[/km",
                "ICOCst",
                "f<CU",
                "T7E9",
                "yr{\" ",
                "G0t!b-",
                "6gP-",
                "Bz>>K~",
                "+ghDd3",
                "{IAI",
                "4/2<",
                "EG\"A",
                "iT\"'",
                "%rJr",
                "c^`:",
                "yIY/",
                "q9wh",
                "Hy[H",
                ":hZ4;",
                "~[!n/",
                "J%kV",
                "Wq M",
                "U)A ",
                "-zSPd#",
                "m47>",
                "Pql^G%",
                "GzQ|-",
                "r:W[:Z|",
                "l@2PS",
                "WVr6",
                "I;)o",
                "R9;q",
                "|44R",
                "5''3'",
                "-w*h",
                "+c{m",
                "oAV4",
                "kT GX",
                "-w>z",
                "$s&N",
                "uDF>Od~",
                "(/ayK",
                ">+.y",
                "^WmW~skB",
                "jfqF",
                "U./A",
                "+918",
                "5DK[",
                "F!B8",
                "uj^7",
                "L*tU7",
                "VX,4-#",
                "ijge",
                "c9Xm",
                "vr&z",
                "g=IL:",
                ";[T.^",
                "QTMhp(",
                "U`yT>c",
                "5g6B",
                "!]rf",
                "xZ[R",
                "$~LI",
                "czW$",
                "}p9{",
                "W!^p",
                "&)^T",
                "o$G,",
                "IbM_d",
                "(Q]8",
                "mLwHB",
                "B=Gw",
                "(xG?",
                "'!:} ",
                "d%N!",
                "k2R%",
                "rJtx7",
                "L[Ec])",
                "Wh>Y",
                "}a,0",
                "{N3)",
                "YWe* ",
                "DAj5",
                "nVe~",
                "dyIZ",
                "hezB",
                "f+sp",
                "O`!d",
                "{+?v",
                "X1eH",
                "*}%uSE",
                "c/j2",
                "9\\j<",
                "2R*-\"0ey",
                "K )eR)M",
                ":;f ",
                "Wv{H",
                "[((\\A",
                "$\"QyF",
                "c(!\\fb4!",
                "%DuR=",
                "]03v",
                "P!v})",
                "iaCh\"",
                "Maf):",
                "aL+J",
                "TsL['^`",
                "KV,$",
                "{w#)",
                "&;S`",
                "8MaM",
                "y-%6",
                "lwld[4",
                "<WxJ",
                "bb&y]?UR",
                "\"i#F",
                "E#<Hf\"",
                "Mfs)V",
                "f[nJ",
                "fdO8>8Y",
                "D34K",
                "UoC#",
                "L6Vv",
                "$?rp",
                "nO/Q(",
                "51hNpW",
                "Z$}J",
                "}%>\"",
                "%NU8",
                "Ti_Yb",
                ":MDO",
                "hXH5;@2",
                "sc\"s",
                "Tz=u",
                "Q4db",
                "t>I3b",
                "R{XJX",
                "jh_,sEs",
                "nxC6",
                " (=A",
                "4bt+",
                "0/36<",
                "EbMx",
                "^0\"W{",
                "4'jd2",
                "=O7r",
                "s7h}",
                "jO)jK",
                "n)UY",
                "{ a>N",
                "k6QM",
                "7HK~",
                "#`zF",
                "K_<.",
                "=J<dl",
                "IqRiyi",
                "1!Tw&T",
                "O|XEU",
                "XB?N[@",
                "QQ5#",
                ">k-r",
                "9~R[",
                "Xsb(",
                "MlAO",
                "dc{1u",
                "9i%@",
                "b5 -@",
                "Ga8([<",
                "2R[g_",
                "~Z-X",
                "gOpCK",
                "ji:M",
                "[[7m",
                "mJC<",
                "DuCS",
                "hzpe",
                "D`e<",
                "loq7",
                "13Lt,",
                "k?CP",
                "~'o9",
                "+o`zr",
                "YkQt",
                "I.'y",
                "{LHo[",
                "#@<e",
                ">bu,",
                "jlTv",
                "+;]:",
                "*\"`_",
                "&.'O",
                "_#f%",
                "`!Gg",
                "1t1%",
                "8%1d7",
                "Zv3 M>",
                "kCY;wS",
                "lV^o",
                "Wb`'-",
                "F\"m~N",
                "M+#CI",
                "K(A*j2",
                "jjAMn",
                "=TH\\",
                "Q0*#Q",
                "Fx '",
                "!~0q]",
                "r?7b{",
                "&?t?",
                "}MD}\"/",
                "?|=9`Yee{eW",
                ")%gnD",
                "xVtk,",
                "fZz^6f",
                "5uhm",
                "%prSl",
                "w`}r",
                "*;n-",
                "'U`5?Y",
                "%bBU",
                "T7h$j",
                "r@s'",
                "?3TQ",
                "WAiK2",
                "BZyf8",
                "Yor2",
                "@Jut",
                "|muU",
                "Xge%",
                "0s`p",
                "']2b",
                "ns8h",
                "-4z=",
                "K+p\\",
                "H~7%",
                "a.ZJ/g!",
                "FH!*B",
                "p!'9",
                " C0b",
                "p%'9",
                "(!PROT_EXEC|PROT_WRITE failed.",
                "$Info: This file is packed with the UPX executable packer http://upx.sf.net $",
                "$Id: UPX 3.94 Copyright (C) 1996-2017 the UPX Team. All Rights Reserved. $",
                "r&J+",
                "lc'+\"",
                "wfb_.i/",
                "3!L!",
                "x)h5",
                "gdv]",
                "^Zq9 ",
                "XCpah",
                "3wj}",
                "#?a4",
                "n&2|",
                "AzX6",
                "K:bTH",
                "`,R2",
                "nbEh",
                "?\\iS",
                "UPX!"
            ]
        }
    ]
}