{
    "malware_data": [
        {
            "filename": "dde5ac7c19bcf11762b0eb96b0f40a1456d3fbbf61ca101b3590b2870a461f0c.elf",
            "filetype": "7F454C46",
            "filesize": "56KB",
            "hash_sha256": "dde5ac7c19bcf11762b0eb96b0f40a1456d3fbbf61ca101b3590b2870a461f0c",
            "strings": [
                "aUPX!",
                ",Chx",
                "aZl+",
                ") 'uynM",
                "HVE%",
                "(?Gj",
                "!:yvfR",
                "1qaR",
                ".4n ",
                "v\"aYU",
                "BCxLTI",
                "r8})\"",
                "J4p0",
                "MZ|O",
                "t.ab",
                "CF<Oi",
                "SI>t",
                "<ya&P",
                "wA.JE4",
                "yng5",
                "UOqjo",
                "w/qW",
                "6AV?EhBU",
                "9R3u",
                "&ny{",
                "5e2s",
                "?W.iG",
                "7z>.",
                ",OV7",
                ":C)oG",
                ">t7%",
                "GurZ_",
                "x7rhk",
                "3T`L",
                "T\\u0v",
                "(sSQ",
                "h'(R",
                "$$WWT",
                "c7o'",
                "DV-K!",
                "wPY^\"",
                "$.OZlZ",
                "\\7T\\",
                "vLXN",
                "NPnM",
                ">$`i",
                "B,U\\}",
                "SK6e",
                "rUCQ",
                "*e8(",
                "^,]J",
                "Ei8\\",
                "mE%`?",
                ")@Kf",
                "{QG<",
                "Tcmg",
                "5>8tr",
                "6/5&",
                "7,E[5Z",
                "EeSn",
                "@NmR9",
                "{(cl",
                ":/F:2",
                "7CZ$",
                "xstPuCPZ|",
                "~D{m",
                "e^I4",
                "1p+W",
                "'_+5",
                "[kBD",
                "c(b?",
                "g)Tb(",
                "w/G~A",
                "*Btu",
                "_D@/",
                "BBL-iz",
                "E8jY",
                "h%>*",
                "^7`S",
                "#kK;",
                "@^N5",
                "{1r5",
                "s}T2bi",
                "U`^WC",
                "VMch",
                "`'QL",
                "x;\\7",
                "sQOZ",
                "XEIa",
                "FLb`m",
                "A#+3|GdMO3",
                " fWR9",
                "&C>X",
                "QDKK",
                "6M|Hb&4",
                "V1GL",
                "Xf \"M",
                "n<#pK",
                "Q_d#",
                "hCzyM",
                "I{D0",
                "1,Fb",
                "zb6i",
                "RR58",
                "S$_y\"",
                ")0c^O",
                "<wa%!.",
                "!Hz?",
                "$s$E",
                "`%]b",
                ";3.)",
                "K<g$%w",
                "Vz<-",
                "\"q^`",
                "*0,|",
                "'-zQs",
                "|?$:",
                "BeeS",
                "\"%iw",
                "AARr",
                "UzJm",
                "#*HC",
                "01o^3",
                "dVG\"o",
                "'t@Wx",
                "MwAX",
                "M:?V",
                "Y2tP}e",
                "VzO7",
                "%\"=tV",
                "nYb-",
                "n]4KBJ`",
                "%(#@",
                "ca&e",
                "H0Qp",
                "O a)L",
                "cqL8",
                "XIWc~",
                "}yk[",
                "O-V{",
                " 4@p",
                "s~v,",
                "6D6nm%",
                "CJ4(",
                "T$Ty",
                "3VzaL",
                "n\"&I",
                "s=eF'K",
                "}dD;",
                " 5HIu",
                "yuw!",
                "a`fx-/",
                "=ySc",
                "6x<k)XbI",
                "fd>S",
                "\"MECZ",
                "Ek'P",
                ":&eo",
                ";>De{",
                "\\M[,",
                "Q4~]",
                "%X#Y",
                "q;L#",
                "Z(V4{",
                "L!mL",
                "RLQ_PJ2,",
                "uEX$",
                "T.zI",
                "2$h7",
                "jmx ",
                "5Y7c",
                "fCX ",
                "Dlhz",
                "Q(A|",
                "#V$TC",
                "-VQVG6E",
                "ptHx",
                "x+PP6",
                "m=fH",
                "kM|{",
                "PTql",
                "uP/v6",
                "NMJZ'\\",
                "hc.j",
                "cDf*",
                "2Lue",
                "XUeI",
                "j+T/a+\"",
                "_Vyq",
                "EKH!",
                "qIp_",
                "Hx-j",
                ";]kWP",
                "m\\VS",
                "x[EV",
                ")jkD5p",
                "Z,opH",
                "N=)9M",
                "A3]k",
                "<|o~",
                "`nl(",
                "']&@",
                " '9?",
                "-c0p",
                ";BU{WHY",
                "KSUe!",
                "p)Hzs",
                "eIeU%",
                "j\"#-",
                "$:},<",
                "3#,P/:",
                "{B.O\"",
                "<3YN",
                "`i8AJ",
                "imh6",
                "\\V$#cO",
                "lVv3?",
                "};ag",
                "sbO#",
                "!X)T\"",
                "G`8Xb",
                "FghV",
                "ELu74",
                "r&JM",
                "o9Iq",
                "V-Q ",
                " ddF",
                "WtN<D",
                "bD>Zh0",
                ".sJW",
                "r8'r.jf0",
                "\"-<h",
                "y)]d",
                "Rsg^",
                "rNeG",
                "dIvT",
                "[sV<",
                "^I{WuU",
                "=I;-,",
                "fgg81",
                ">i=6",
                "R[h\\",
                "K--_&",
                "(Kn.",
                "bS s",
                "MVI+",
                "a{S5",
                "_Gk3",
                "ciy0",
                "!{~Ip",
                "tAV%",
                "&u;}",
                "gjlE.BU",
                "4I;b",
                "&G;h",
                "f%lYW",
                "GmA`",
                "/sH<[",
                "WsSM",
                ".@v()g",
                "=20<",
                "F7Yq",
                "GaD~",
                "Q)GR/;",
                "YBQH",
                " `zQ",
                "f1MWN",
                "q&![",
                "ER#n1Y",
                "95PuD",
                "x?*U",
                "y&<yK",
                ";K=|",
                "T~{Q",
                "tJwe;",
                "X-Fd",
                "xWuz",
                "_\\o3",
                "b/ayEt",
                "&r9tC",
                ">u#]",
                "t?J1!",
                "!b^M",
                "^|Q}",
                "d,hIWQ",
                "k@lG",
                "&(a{",
                "UZP)K",
                "]=I(",
                ";v>+",
                "bUf@",
                "YP5l",
                ":k(d",
                "Z$`}",
                ";&!a",
                ";R*h",
                "^0,=",
                "J*l>",
                "`a!9",
                "(mL8",
                "iM\"J",
                ".dSh",
                "<\" n",
                "OsvrTYu",
                ":-Mu",
                "xsyI",
                "+)H#?",
                "fBUn",
                "7zW+",
                "E08{",
                "yTq-",
                "8uB$v",
                "}QS3yY",
                "ld*ko",
                "e#\"0",
                "|?^6",
                "Agvk",
                "SkXf0",
                "xB1lA jj#",
                "!Uus",
                "mQ2Md",
                "R-Xd",
                "P>Fo",
                ",sds",
                ">5V>?9",
                "q;Y7",
                ",?Hv",
                "R7Ff",
                "pS%|",
                "*T~dS",
                "o$diG",
                "UkC?",
                "EDf\\~",
                "w:5Dp",
                "u:AqY8",
                "QPuY%",
                "UFpp",
                "SJhM",
                "FTz_",
                "x[7l",
                "_U;Q",
                "y'lk",
                "Yn5*^",
                "r$.+",
                "g=s`",
                "<>.kxl",
                "BAtl",
                "&VPEI",
                "y;da",
                "8nwsp",
                "YBTC",
                "mJHj",
                "mC(@!",
                "hay'|",
                ">Olv",
                ":(s:",
                ";E\\N",
                ">l(M",
                "(0,e",
                "#W6\"",
                "_LYS",
                "pJ7P",
                "sJ8ms",
                "tsn)",
                "\"d5;N",
                "CWDS",
                "#6Bd",
                "vpZ ",
                "*8C2 b",
                "}tlY2",
                "p5Z!",
                "H/pH",
                "\"byY",
                "\"`\\N\\",
                "N'W<",
                "H(97",
                "l\"Z'7V",
                "\"V@j",
                "]Bh~",
                "KWOb^",
                "At|b",
                "FI94.8",
                "ZUQ7",
                "uV-)",
                "eJb>N",
                "\"^5gqx",
                ">WbTs5",
                "Y]y3B6",
                "x*h4",
                "&^9b g",
                "!MV27",
                "K[\"Ki",
                "OI)0",
                "Ht+7I",
                "d+Ik:",
                "s.DZ",
                "nM_c",
                "M9V>",
                ";ON2",
                "%(m'",
                "8K P,K",
                "Q^n_",
                "t&\"T_",
                "hY1;`",
                "ca%}",
                "K1!S",
                "87~%",
                "@8O2",
                "@nr|",
                "s+f[",
                "mJq$",
                ";S_'",
                "Pb )",
                "PROT_EXEC|PROT_WRITE failed.",
                "$Info: This file is packed with the UPX executable packer http://upx.sf.net $",
                "$Id: UPX 3.94 Copyright (C) 1996-2017 the UPX Team. All Rights Reserved. $",
                "5n9#",
                "]=2)",
                "%b')",
                "/Cw@Z&",
                "9e(1",
                "xjqX",
                "/Vv<",
                "-zL0U",
                ":LM'",
                "~!'\"?",
                "gn;>",
                "`dOW",
                ">G\"V",
                "G0KT",
                "o9ruVu{",
                "A3Zp",
                "5(Ix5",
                "[NI.",
                "[zu%Z",
                "b/h>@%",
                " ;\\4",
                "+Ofp",
                "b'UX",
                "uk$w,",
                "rr!.",
                "^1%$",
                "X+ht",
                "#W>!N",
                ".0oF|",
                "[0M;",
                "B?jB9",
                "]9^Q",
                "kM\\+",
                "OS#'I",
                ">X|5",
                "\"0b,",
                "Ss|k`",
                "^Wft",
                "z<mR",
                "~'0q",
                "Mll?",
                "+,TR;",
                ">bTj",
                "|vAK",
                ";~*q",
                "G|3p",
                "P.l7",
                "Lm~r",
                "X%zUss",
                "L?pA",
                "QC1Q",
                "F@J'",
                "Qw&N",
                "2p>6",
                ":!TZ",
                "QI%Z*",
                "{Y8q]",
                "RRvx5",
                "lSP:",
                "bwX. ",
                "D[znA|E",
                "{5yd",
                "gmSu",
                "^'DA",
                "/`(D[",
                " ak.",
                "78?X",
                "?@`4",
                "K(ZV",
                "PRLKV14o",
                "ylt^ ",
                "YDAp",
                "_p\\:",
                "\\WsQ'-",
                "#5ox",
                "%jIiY",
                "?NHX",
                "Ys D",
                "#L~Ub",
                "!e8P",
                "9Tls",
                ".9'%>yI",
                "g,#!",
                "zan|",
                "2@u=M",
                "du?+4Wf",
                "eV2>",
                "ITij",
                "*t<Wy,n",
                "@_|$L",
                "_1nz",
                "K&xmb",
                "[_%n;",
                "|?m}",
                "<>g2",
                "N|-d ",
                ";)Bo",
                "xm'@",
                "\"rPd",
                "s-E5",
                ";B0,U",
                "tS}:",
                "Jqg?<",
                "p-Gb",
                "d*0;N",
                "=+1pPD$M",
                "d:`!v",
                "~\"3ad",
                "ZOWZ",
                "TWkm",
                "+_PZHfP",
                "2yOV",
                "d1c6",
                "\\]a[{c",
                "&D{`f",
                "-RDDz",
                "LgYIM",
                "#0u]",
                "*D+b",
                "klgmtf-",
                "VC;}w",
                "\"_U;",
                "`6.F",
                "~;UB",
                "7-QPt",
                "Fjg,RH",
                "DnbiQ",
                "41<H",
                "WB$M",
                "so*d",
                "{ aJ!#",
                "s*^e",
                "Qe)?h",
                "sK*f",
                "uxNp",
                "}-`7",
                "lO`7",
                "\"tm1",
                "[zW`",
                "pS8 ",
                "$MDD",
                "&y!E",
                "[Fo/'},",
                "XH31",
                "l6\\j",
                "7V8?",
                "ME.rv",
                "H+=$",
                "f*Qs",
                " 2DO",
                "t%u+",
                "`;'F;",
                "_PL1",
                "'&D\"",
                "kYx^V",
                "hUbo",
                "5JTU",
                "UAhF",
                "kX_8",
                "|(hO\"",
                "5z.6",
                "w*t'(",
                "`/_7",
                ".AVQ",
                " vK{",
                "@^=V=",
                "[DG+",
                "IA+s:Y",
                "MHTj_MS]",
                "7>s!",
                "6o$=",
                "]e.1",
                "p6B=|",
                "s=<1ud",
                "\\<WT",
                "KqEz",
                ")FOy",
                "X/FL",
                "-;7~0",
                "6[xtD",
                "=MFF3",
                "g73+:4Y",
                "bpeSn",
                "a1@!o",
                "l8&[&",
                "*-EY",
                "[$Ef",
                "1pH'",
                "}xO&s",
                "QY;qK",
                "&I6h",
                "-Ws95",
                "N`.a",
                "j}?_",
                ">s3 u",
                "TLZy,",
                "aIgA",
                "c%TU_",
                "/3zh",
                "mD,@",
                "b^6h",
                "u>qoD",
                "\"v;\\",
                "UPX!"
            ]
        }
    ]
}