{
    "malware_data": [
        {
            "filename": "e24f84235d063a70edbd6965a5e3639368e87a6ab7cccd661e49c07a0439d0bd.exe",
            "filetype": "4D5A9000",
            "filesize": "418KB",
            "hash_sha256": "e24f84235d063a70edbd6965a5e3639368e87a6ab7cccd661e49c07a0439d0bd",
            "strings": [
                "!This program cannot be run in DOS mode.",
                "Rich3%",
                ".text",
                "`.rdata",
                "@.data",
                ".rsrc",
                "@.reloc",
                "j hP",
                "j ht",
                "j(h\\",
                "j<h|",
                "j@h(",
                "jLhx",
                "j@h@",
                "jPh8",
                "j<h@",
                "j?hX",
                "h,fF",
                "hHTF",
                "wCRQ",
                "w$RQ",
                "hlfF",
                "h`fF",
                "h\\fF",
                "Y_^[",
                "SVWP",
                "8Gdu",
                "u78Gdt",
                "PQSVW",
                "NPu1",
                "8SVW",
                "w!QS",
                "PQVW",
                "hdfF",
                "_[^]",
                "hh/F",
                "woRQ",
                "w;RQ",
                "CE P",
                "w`RQ",
                "L$T3",
                "CD$0",
                "~D$<f",
                "CC Q",
                "wqRQ",
                "w/RQ",
                "=0,F",
                "=4,F",
                "wVRQ",
                "w+RQ",
                "CE j",
                "wiRQ",
                "w'RQ",
                "CM @PRj",
                "wZRQ",
                "h@*F",
                "w2RQ",
                "w_RQ",
                "wTRQ",
                "SVWh",
                "G4j@h",
                "wTVP",
                "w^RQ",
                "wXRQ",
                "w(RQ",
                "h@d@",
                "hx+F",
                "wnRQ",
                "w,RQ",
                "hh2F",
                "w)RQ",
                "hp-F",
                "wYRQ",
                "w.RQ",
                "h 5F",
                "h0.F",
                "h@3F",
                "h0+F",
                "wuRQ",
                "CE Q",
                "hp3F",
                "wORQ",
                "wURQ",
                "w%RQ",
                "w]RQ",
                "wxRQ",
                "weRQ",
                "w0RQ",
                "D$,j",
                "t8A;",
                "_^[3",
                "LSVW",
                "h8,F",
                "h 2F",
                "h(*F",
                "h(-F",
                "h /F",
                "hX0F",
                "hH4F",
                "=d2F",
                "wpRQ",
                "w-RQ",
                "wtRQ",
                "VVVVh",
                "jPPQ",
                "CE VP",
                "hP5F",
                "CE8P",
                "wrRQ",
                "CE f",
                "whRQ",
                "w&RQ",
                "h@0F",
                "hp6F",
                "hh5F",
                "h@6F",
                "h(0F",
                "w\\RQ",
                "h82F",
                "wwQV",
                "h85F",
                "hx4F",
                "hp0F",
                "hP,F",
                "wcRQ",
                "w8RQ",
                "=D1F",
                "C501F",
                "D$(Pj",
                "h`.F",
                "wlRQ",
                "w*RQ",
                "EPPh",
                "w|RQ",
                "hH.F",
                "wkRQ",
                "Cuhj",
                "wNRQ",
                "CE8Q@",
                "w5RQ",
                "w9RQ",
                "CM8Rj",
                "CM8Q",
                "wDRQ",
                "hX*F",
                "hx.F",
                "hP2F",
                "wbRQ",
                "hp*F",
                "hH1F",
                "hX3F",
                "hx1F",
                "=`2F",
                "hH+F",
                "hPpA",
                "qDt,",
                "8Fvu",
                "uN9Fpt",
                "u<9Fpt",
                ">@PWV",
                "^_[]",
                "7@PVW",
                "rAWQ",
                ";_^[",
                "$_^[",
                "PSVW",
                "8Fuur",
                "R$^]",
                "w<QR",
                "j<X+",
                "PQQVW",
                "PQQV",
                ">MOC",
                ">RCC",
                ">csm",
                "A = ",
                "h0SF",
                "5pTF",
                "=pWF",
                "_^[]",
                "t)h7",
                "7j$V",
                "=dWF",
                "=LWF",
                "SVWW",
                "9C(t",
                "9C(tX",
                "5`WF",
                "5$WF",
                "5xWF",
                "5pWF",
                "5(WF",
                "5,WF",
                "50WF",
                "5HWF",
                "5<WF",
                "5LWF",
                "5\\WF",
                "5hWF",
                "5 WF",
                "5XWF",
                "5lWF",
                "5tWF",
                "5dWF",
                "5TWF",
                "5PWF",
                "tFh4",
                "Y__^[",
                "t>+}",
                "8csm",
                "N+D$",
                "SVW3",
                "ntel",
                "5ineI",
                "5Genu",
                "t#=`",
                "N)^]",
                "}fV3",
                "Q$B@;",
                "G @;G",
                "G ;G",
                "'j j",
                "IQVP",
                "{j j",
                "5@ F",
                "YY^]",
                "5([F",
                "%([F",
                "5$[F",
                "5 [F",
                "=4[F",
                "QQVj",
                "=l[F",
                "t)ht",
                "7j(V",
                "hP[F",
                "hL[F",
                "5X[F",
                "5t[F",
                "%t[F",
                "%p[F",
                "Wj4XPV",
                "s,Pj",
                "t*kU",
                ";Kdt",
                "4Y;s",
                "GDQj",
                "OHPj",
                "=`[F",
                "(PRW",
                "5L[F",
                "OHPP",
                "tJVW",
                ";Xdt",
                "A(;A,v",
                "O,9O(vV",
                ";A$v\\",
                "+A$+Y",
                "+A$+",
                "A0B;W",
                ";F$s",
                "t\\QSV",
                "v'QS",
                "jd[+",
                ";F$vj",
                ";F,r",
                ";F0r",
                "t|;E",
                "+A$tp",
                "9Y,s",
                ";J,r",
                ";B0r",
                "tX;E",
                "V,)^",
                ";A$vH",
                "F,_^",
                "1t!3",
                "+A Vj$",
                "^@;A",
                "+AHVj(",
                "hp[F",
                "+p$+p",
                "C$F;w",
                "N PSQ",
                "$PBV",
                "FT9~Xt0",
                "9~Xt#",
                "=t[F",
                "5\\[F",
                "=h[F",
                ";{dv(2",
                "G;^d",
                "QQS3",
                "9G$v&",
                "9G$s$",
                "9G$v",
                "@(;A(s",
                "pTWj",
                "5H[F",
                "9wLt7",
                "QSVW",
                "+A$tU3",
                "vK!E",
                "G(9_Lu8",
                "QVW3",
                "t{9Z",
                "v@SW",
                "%l[F",
                " SVW",
                ";Wdt",
                ";Q u",
                ";Q v",
                ";wdt",
                "QQSVW",
                "tFj0",
                ";{dt",
                "wXj@",
                "/SPPWh",
                "t8V3",
                "9w(~",
                "FYY;w(|",
                "t5V3",
                "FY;w(|",
                ";B<|",
                "9V(~?j",
                ";V(|",
                "V<;V8}",
                "5T F",
                "G,F;",
                "YYF;w,|",
                "r ;E",
                "9s,~g",
                "9Hx~G",
                ";Nx|",
                ";s,|",
                "t\"9^",
                "QQVW",
                "9w,~J",
                ";w,|",
                "9w,~9",
                "F;w,|",
                "9P,u",
                "9~P~6",
                "G;~P}",
                "=x[F",
                "G@WVPR",
                "GxVPR",
                "h0EB",
                "9s(~&",
                ";{(|",
                "u,j8",
                "u<j<",
                "QQSV",
                "CxPj",
                "95x[F",
                "~4SW",
                "Y_^]",
                "Q;FD~Z",
                ";FD~H",
                "NHB3",
                "Vh<RB",
                "4Q;FD~Z",
                "VhHRB",
                "9~,~k",
                "C8;sx|",
                ";~,|",
                "tWVWj>",
                "j@Xf",
                "Od_^]",
                "u$jt",
                "1Qh#",
                "9_dt",
                "9_du",
                "9_Pu",
                "tB;wPt",
                "Gh;G<",
                "a;w0tV",
                ":;w0tBj",
                ";w0t",
                "@_^[",
                "YY_^",
                ");{0t3",
                "FP;FL~",
                "#9Npt",
                "Q;FD~R",
                ";FD~@",
                "t]VWj>",
                "}:;2|6",
                "NdWj",
                "9pdt>V",
                "8_^[",
                "9Idt",
                "QVWjt",
                "(SVW",
                "9vdtG",
                "y!!}",
                "9vdu",
                "SVWj(",
                "wyPV",
                "tb9M",
                "N,^]",
                "kV$4",
                "Vj@^",
                "t/h8",
                "Sk{$4kK(4",
                "kK04k",
                "_^[h8",
                "kC$4",
                "VkP$4",
                "kG$4kW(4",
                "kO$(",
                "BHkW($",
                "kC04",
                "t,j<",
                "F$;E",
                "9^(w",
                "QQkU",
                "G,_^[",
                ";@8u",
                "t0;C",
                "F1^]",
                "!F0f",
                "F<PS",
                "F<PW",
                "_(Ku",
                "X_^]",
                "hX F",
                "0_^]",
                "9{|t",
                "9{|u",
                "Ga_[",
                "9XXt",
                "9sx~ ",
                "F;sx|",
                "9~x~'",
                "G;~x|",
                "hhHB",
                "uOVW",
                "hD!E",
                "r9u'",
                "j@SV",
                "O`j@SV",
                "u)j,",
                "t:V3",
                "F;w(|",
                "9V(~>j",
                "9V(~Bj",
                "u0j,",
                "AP;AL",
                "0SVW",
                "u88E",
                "BP;BL",
                "W;FL",
                "~98]",
                "HP;HL",
                "F88]",
                "QWVP",
                "F,H_[u",
                "GH_^",
                ";3|o",
                "CHW3",
                "tO9xp~J",
                "u28C`t",
                "uNSVW",
                "9Xt~",
                "9Xxu",
                "ALHu",
                ";sPt",
                "9wPu",
                "GLHu",
                ";GPu",
                "9GPu",
                "[_^]",
                "G0_^]",
                "9~Tu",
                "9~Pu",
                "YYuZ",
                "9{$t",
                "hX#E",
                "@,;B",
                "F ~'C",
                "PQRW",
                "QQSW",
                "t,8]",
                "GxPj",
                "QQSVWd",
                ";p$u",
                "p$^]",
                "t2VW",
                "?RCC",
                "?MOC",
                "?csm",
                "hcsm",
                "%  F",
                "oF f",
                "oV f",
                "o^0f",
                "of@f",
                "onPf",
                "ov`f",
                "o~pf",
                "FGIu",
                "8_^]",
                "YY;E",
                "YYh,",
                "=D\\F",
                "BVj(j",
                "hD\\F",
                "YYPV",
                "u SW",
                "hSVW",
                ";csm",
                "u PW",
                "ui_^[",
                ";MOC",
                ";RCC",
                "@u)j",
                "u Qj",
                "@_^[]",
                "9p u\"",
                ":csm",
                "ft&9q",
                "r49z",
                "t0QW",
                "URPQQh",
                "L$,3",
                "UVWS",
                "SVWj",
                "RhI`C",
                "Wu!j",
                "hP.E",
                "Vhh.E",
                "h`.E",
                "Vhp.E",
                "hh.E",
                "Vhx.E",
                "hp.E",
                "hx.E",
                "SVWUj",
                "]_^[",
                ";t$,v-",
                "UQPXY]Y[",
                "j Y+",
                "hx_F",
                "YYhx",
                "t#Vh",
                "PPPPP",
                "VVVVV",
                "SVWj03",
                "u j0",
                "WWWSHSh",
                "V,_^[",
                "WPWWWS",
                "tWj.W",
                ":u\"f9z",
                "F4_^[]",
                "t=Sj",
                "F4_^[",
                "<8et",
                "<8xu",
                "A1<Fu",
                "<Nu&",
                "<ItC<Lt3<Tt#<h",
                "k<dt",
                "<XuS",
                "A<lt'<tt",
                "<zu1",
                "SWj P",
                "F1<at",
                "v(PQ",
                "F1<gt",
                "N @B",
                "F8SP",
                "u'9E",
                "C;^8u",
                "0^_[]",
                "5X^F",
                "35\\^F",
                "wGt>",
                "QWWP",
                "A98u",
                "< t3<",
                "=h_F",
                "=t7j",
                "=l_F",
                "SSSSj",
                "5t_F",
                "5p_F",
                "j _;",
                ">_^]",
                "hh1E",
                "~1WPQ",
                "-PFE",
                "f;1u",
                "<at.<rt!<wt",
                "<=upG8",
                "_^tWh",
                "xE;5",
                "w(te",
                "*t`=+",
                "vR=1",
                "tK=3",
                "@H@\"F",
                "FLY;",
                "=x!F",
                "5p!F",
                "tehd",
                "Wu5j",
                "SVWf9",
                "MrBE",
                "QQSVj8j@",
                "Y_[^]",
                "xi;5",
                "xg;5",
                "~);^",
                "FVWj",
                "j X+",
                "u$PW",
                "j0Xu",
                "j0Yf",
                "v5j0",
                "Wj0XPV",
                "SPSVQ",
                "SPjdVQ",
                "hh<E",
                "80t/",
                "-jd_;",
                "Vj0S",
                "_^[t",
                "QWPV",
                "}'9E",
                " _^[",
                "u,t6",
                "$[_^",
                "f9<H}",
                "j(h(",
                "u7SS",
                "*?QP",
                "PSSQ",
                "SSSSS",
                "WWWWW",
                "<:u ",
                "SSSQ",
                "t4hH",
                "zSSSSj",
                "8@\"F",
                "IH;A",
                "SVWh ",
                "xH@\"F",
                "9wLt",
                ";3t'",
                "w'tN",
                "#E$P",
                "#E P",
                "f9:t!V",
                "f9:u",
                "WSVPP",
                "SWj=V",
                "u{9]",
                "9E WW",
                "t1RWV",
                "tl=`'F",
                "?SVk",
                "D:( t",
                "(%PEE",
                "(-`EE",
                "ZYXu",
                "-dFE",
                "?SVW",
                "t~SSS",
                "w(t!",
                "ux9}",
                "PPPV",
                "DSVW",
                "F@j:f",
                "j.Xf",
                "@j:f",
                "j\\Xf",
                "UrBE",
                ";=H(F",
                ";=T(F",
                "RQWPV",
                "f95TcF",
                "=XcF",
                "5ZcF",
                "VWRQ",
                "XVVV3",
                "@VP3",
                "|.kC",
                ";5P(F",
                ";5\\(F",
                "u kE$<",
                "5L(F",
                "5X(F",
                "uAiM",
                "_WVj@",
                ":uLFV",
                "Vj@P",
                "=dcF",
                "PSj?",
                "hhcF",
                "Y^[]",
                ">;9u",
                "wIPS3",
                "Wj _",
                "std;",
                "h|qE",
                "v#WP",
                "PPPPPPPP",
                "9E(j",
                "PPPPPWS",
                "QQQP",
                "PP9E u:PPVWP",
                "VPRQ",
                "PRPQh",
                "=`(F",
                "%`(F",
                "D8(Ht'",
                "^f93u",
                "(HtMf",
                "Xf9E",
                "(Ht5F",
                "-^_[",
                "etPj",
                "<1=u",
                "<$tL",
                "|%=2",
                "@hHvE",
                "5p)F",
                " VWj",
                "QQV3",
                "(% xE",
                "(50xE",
                "(-@xE",
                "YY^[",
                ">@s5f",
                "?@s-f",
                "WVU3",
                "^_[3",
                "wQRQ",
                "=pTF",
                "bad exception",
                "bad allocation",
                "system",
                "unknown error",
                "bad function call",
                "device or resource busy",
                "invalid argument",
                "no such process",
                "not enough memory",
                "operation not permitted",
                "resource deadlock would occur",
                "resource unavailable try again",
                "address family not supported",
                "address in use",
                "address not available",
                "already connected",
                "argument list too long",
                "argument out of domain",
                "bad address",
                "bad file descriptor",
                "bad message",
                "broken pipe",
                "connection aborted",
                "connection already in progress",
                "connection refused",
                "connection reset",
                "cross device link",
                "destination address required",
                "directory not empty",
                "executable format error",
                "file exists",
                "file too large",
                "filename too long",
                "function not supported",
                "host unreachable",
                "identifier removed",
                "illegal byte sequence",
                "inappropriate io control operation",
                "interrupted",
                "invalid seek",
                "io error",
                "is a directory",
                "message size",
                "network down",
                "network reset",
                "network unreachable",
                "no buffer space",
                "no child process",
                "no link",
                "no lock available",
                "no message available",
                "no message",
                "no protocol option",
                "no space on device",
                "no stream resources",
                "no such device or address",
                "no such device",
                "no such file or directory",
                "not a directory",
                "not a socket",
                "not a stream",
                "not connected",
                "not supported",
                "operation canceled",
                "operation in progress",
                "operation not supported",
                "operation would block",
                "owner dead",
                "permission denied",
                "protocol error",
                "protocol not supported",
                "read only file system",
                "result out of range",
                "state not recoverable",
                "stream timeout",
                "text file busy",
                "timed out",
                "too many files open in system",
                "too many files open",
                "too many links",
                "too many symbolic link levels",
                "value too large",
                "wrong protocol type",
                "FlsAlloc",
                "FlsFree",
                "FlsGetValue",
                "FlsSetValue",
                "InitializeCriticalSectionEx",
                "InitOnceExecuteOnce",
                "CreateEventExW",
                "CreateSemaphoreW",
                "CreateSemaphoreExW",
                "CreateThreadpoolTimer",
                "SetThreadpoolTimer",
                "WaitForThreadpoolTimerCallbacks",
                "CloseThreadpoolTimer",
                "CreateThreadpoolWait",
                "SetThreadpoolWait",
                "CloseThreadpoolWait",
                "FlushProcessWriteBuffers",
                "FreeLibraryWhenCallbackReturns",
                "GetCurrentProcessorNumber",
                "CreateSymbolicLinkW",
                "GetCurrentPackageId",
                "GetTickCount64",
                "GetFileInformationByHandleEx",
                "SetFileInformationByHandle",
                "GetSystemTimePreciseAsFileTime",
                "InitializeConditionVariable",
                "WakeConditionVariable",
                "WakeAllConditionVariable",
                "SleepConditionVariableCS",
                "InitializeSRWLock",
                "AcquireSRWLockExclusive",
                "TryAcquireSRWLockExclusive",
                "ReleaseSRWLockExclusive",
                "SleepConditionVariableSRW",
                "CreateThreadpoolWork",
                "SubmitThreadpoolWork",
                "CloseThreadpoolWork",
                "CompareStringEx",
                "GetLocaleInfoEx",
                "LCMapStringEx",
                "pEvents",
                "Lock already taken",
                "SetThreadGroupAffinity",
                "GetThreadGroupAffinity",
                "GetCurrentProcessorNumberEx",
                "GetLogicalProcessorInformationEx",
                "count",
                "pScheduler",
                "version",
                "eventObject",
                "ppVirtualProcessorRoots",
                "SchedulerKind",
                "MaxConcurrency",
                "MinConcurrency",
                "TargetOversubscriptionFactor",
                "LocalContextCacheSize",
                "ContextStackSize",
                "ContextPriority",
                "SchedulingProtocol",
                "DynamicProgressFeedback",
                "WinRTInitialization",
                "MaxPolicyElementKey",
                "Mbp?333333",
                "pContext",
                "pExecutionResource",
                "RoInitialize",
                "RoUninitialize",
                "Y/}J",
                "rLp>B",
                "1eaB@",
                "RegisterTraceGuidsW",
                "UnregisterTraceGuids",
                "TraceEvent",
                "GetTraceLoggerHandle",
                "GetTraceEnableLevel",
                "GetTraceEnableFlags",
                "pThreadProxy",
                "proc",
                "switchState",
                "Access violation - no RTTI data!",
                "Bad dynamic_cast!",
                "__based(",
                "__cdecl",
                "__pascal",
                "__stdcall",
                "__thiscall",
                "__fastcall",
                "__vectorcall",
                "__clrcall",
                "__eabi",
                "__swift_1",
                "__swift_2",
                "__ptr64",
                "__restrict",
                "__unaligned",
                "restrict(",
                " new",
                " delete",
                "operator",
                "`vftable'",
                "`vbtable'",
                "`vcall'",
                "`typeof'",
                "`local static guard'",
                "`string'",
                "`vbase destructor'",
                "`vector deleting destructor'",
                "`default constructor closure'",
                "`scalar deleting destructor'",
                "`vector constructor iterator'",
                "`vector destructor iterator'",
                "`vector vbase constructor iterator'",
                "`virtual displacement map'",
                "`eh vector constructor iterator'",
                "`eh vector destructor iterator'",
                "`eh vector vbase constructor iterator'",
                "`copy constructor closure'",
                "`udt returning'",
                "`RTTI",
                "`local vftable'",
                "`local vftable constructor closure'",
                " new[]",
                " delete[]",
                "`omni callsig'",
                "`placement delete closure'",
                "`placement delete[] closure'",
                "`managed vector constructor iterator'",
                "`managed vector destructor iterator'",
                "`eh vector copy constructor iterator'",
                "`eh vector vbase copy constructor iterator'",
                "`dynamic initializer for '",
                "`dynamic atexit destructor for '",
                "`vector copy constructor iterator'",
                "`vector vbase copy constructor iterator'",
                "`managed vector copy constructor iterator'",
                "`local static thread guard'",
                "operator \"\" ",
                "operator co_await",
                "operator<=>",
                " Type Descriptor'",
                " Base Class Descriptor at (",
                " Base Class Array'",
                " Class Hierarchy Descriptor'",
                " Complete Object Locator'",
                "`anonymous namespace'",
                "CorExitProcess",
                "( 8PX",
                "700WP",
                "`h````",
                "xpxxxx",
                "(null)",
                "sqrt",
                "UTF-8",
                "UTF-16LEUNICODE",
                "AreFileApisANSI",
                "LocaleNameToLCID",
                "AppPolicyGetProcessTerminationMethod",
                "Sunday",
                "Monday",
                "Tuesday",
                "Wednesday",
                "Thursday",
                "Friday",
                "Saturday",
                "January",
                "February",
                "March",
                "April",
                "June",
                "July",
                "August",
                "September",
                "October",
                "November",
                "December",
                "MM/dd/yy",
                "dddd, MMMM dd, yyyy",
                "HH:mm:ss",
                "NAN(SNAN)",
                "nan(snan)",
                "NAN(IND)",
                "nan(ind)",
                "e+000",
                " !\"#$%&'()*+,-./0123456789:;<=>?@abcdefghijklmnopqrstuvwxyz[\\]^_`abcdefghijklmnopqrstuvwxyz{|}~",
                " !\"#$%&'()*+,-./0123456789:;<=>?@ABCDEFGHIJKLMNOPQRSTUVWXYZ[\\]^_`ABCDEFGHIJKLMNOPQRSTUVWXYZ{|}~",
                "fUUU",
                "d8L2",
                "[aOni*{",
                "@2&@",
                "\"RP(",
                "eLK(w",
                "FEMh",
                "h0'D",
                "owM&",
                "~ $s%r",
                "@b;zO]",
                "$qE}",
                ";*xh",
                "[\"93",
                "iu+-,",
                "\\lo}",
                "obwQ4",
                "&Sgw",
                "?nz(",
                "=87M",
                "v2!L.2",
                "X/4B",
                "k=yI",
                "^<V7w",
                "W&|.",
                ";1#INF",
                "1#QNAN",
                "1#SNAN",
                "1#IND",
                "log10",
                "asin",
                "acos",
                "?RbSQ",
                "<zQ}<",
                "_/:>",
                "<8bunz8",
                "cC<-",
                "v<'*6",
                "<)TH",
                "<$\"U",
                "e<bN",
                "{<6w",
                "<\\%>",
                "l,kg<i",
                "<'Za",
                "<@En[vP",
                "sinh",
                "cosh",
                "tanh",
                "atan",
                "atan2",
                "ceil",
                "floor",
                "fabs",
                "modf",
                "ldexp",
                "_cabs",
                "_hypot",
                "fmod",
                "frexp",
                "_logb",
                "_nextafter",
                "lzZ?",
                "?5Wg4p",
                "Nv$^",
                "BC .=",
                "(lX ",
                "#{ =",
                "`~R=",
                "}s\"=",
                "%S#[k",
                "\"B <1=",
                "\\-!y",
                "#.X'=",
                "i9+=",
                "Unknown exception",
                "bad array new length",
                "generic",
                "Fail to schedule the chore!",
                "This function cannot be called on a default constructed task",
                "broken promise",
                "future already retrieved",
                "promise already satisfied",
                "no state",
                "future",
                "invalid stoi argument",
                "stoi argument out of range",
                "6336764a2dd0b02921ade5383944a3f8",
                "07c6bc37dc50874878dcb010336ed906",
                "88dc92",
                "332a6cfeea6de5a34fbc17b90ce87657",
                "IKWVIdX2El7l",
                "GUQYRhmi2GgNMRcsQwV7Phtl5y==",
                "IuWsJL==",
                "PqSg8CNt",
                "EKTn L==",
                "GKNn L==",
                "HbwWJyN1DpI8NF==",
                "MyFV8X216F8afvL=",
                "PSFDRzyTJ4P=",
                "GSFtVRy0QVDkVPDeKKlRZPJCAA2GTqFuDu1PPdt=",
                "Du1PQdti",
                "DasqNb==",
                "PS1BRA7BLnY2ULch4c9CfWRXPD7ibeWs9VF8MYOy4pYjeuQj4dNsfWX MlOnTU gUI==",
                "PS1BRA7BLnY2ULch4c9CfWRXPD7ibeWs9VF8MYOy4pYjeuQj4dNsfWX JVapbydvUPB8RSGl4lEIbvMq3sBJfWphRVCs",
                "PVJc9iK14D==",
                "PeNo",
                "TUTfEx2DzIMCStcQzs9CPXwd",
                "PS1BRA7BLnY2ULch4c9CfWRXPD7ibeWs9VF8MYOy4pYjeuQj4dNsfWX MlOn",
                "8fNpVBqsDCL6",
                "Du1zVRql5JX6MQIMzsI=",
                "PzBqVYCh30P=",
                "PS1BRA7BLnY2ULch4c9CfWRXPD7ibeWs9VF8MYOy4pYjeuQj4dNsfWX JVapbydvUPB8QXal3Jz6Sb0qQwVBgq==",
                "ENNONQCQLnbvTJoDAG==",
                "Swxr9v==",
                "Pw1ORv==",
                "MSNP",
                "6OI1",
                "9fE1",
                "8UI1",
                "7VE1",
                "Tec1",
                "TPA1",
                "8yE1",
                "9OW1",
                "UyS1",
                "TPQ1",
                "7zQ1",
                "7U51",
                "8bS=",
                "TVBgVxYk3JAXZRon4s5nfAp5",
                "Uvw=",
                "ULw=",
                "ULs=",
                "OOxk8b==",
                "6zJV9yhvCz==",
                "6zJV9CF6CBa=",
                "UP g",
                "Uypn",
                "TUTf",
                "8zEs",
                "KyE+",
                "KyI+",
                "GTtn R7p3qPk",
                "Fqkm",
                "Do==",
                "as==",
                "EfNp7SJ9",
                "KI==",
                "8U g8BpzDl8 cvn=",
                "6UNt8hOsDCLj0voq",
                "MUNVPhy0202aVScx5wVwWQXj4u==",
                "PzBqVYCh3XU7evwa",
                "LNRwQWJgL5bbew5f4cU=",
                "LPRk9hx=",
                "NUxu9BOy45wUJtofP7==",
                "MNFARv==",
                "PyxpVBxgL5Y9eMAn5xk=",
                "My1e B2yzIgaZ6==",
                "LNRC",
                "HrQrRB20PZAI0LEZ4cl3iK==",
                "LedVVBOmQZ8 0Mz=",
                "Oe1t B2u",
                "PU1r7B2z",
                "LU1o8XKv",
                "QUdpNBOmQZ8 0Mz=",
                "HvwtIuJ1EmfTPF==",
                "8eA=",
                "9UA=",
                "LU1p BOu5F4JfMsjF9BwhQpX3VuacfVsUe1t8NUkP0U7Pnsg3TVx3Axv7RTmLK5q",
                "GKSoHNTt",
                "yIhy8XY0QZ8PMJIn4TBygWdX3U2nOaGj7VBoHRKh5JHWJvWf3MUbMgJe6ExbOqGj6Opg8hytQW38",
                "D9SFMX2u5JYjerSS6NBoScte5FulaOSe9ydq8d2vP6UaerSx5xJo2QSKueTD",
                "yIgoHNTtCV3=",
                "GKSIyb==",
                "KVFe9eTx",
                "GehrVr==",
                "LU1p BOu5F4JfMsjF9BkgBtp3UGadyqs7a1ZHS735B4bcSArCNVBfANrQ02dZOV=",
                "PTdORzONOHQQdcAj3dRGfWXX5k2lUU0XSwFq8iKy35A2RR0r4xV33RBLQUUeXwSs7PtW BOyKpIi0F==",
                "LU1o9CO0Q0MDZLSj",
                "TOBeVBOmQ5kebbkq3M5ygBxv51KUdfi1 PgrIOBzEGXROo83CL8=",
                "GPNp7RGvQJXi",
                "PTdORzONOHQQdcAj3dRGfWXX5k2lUU0XSwFq8iKy35A2WLWn5wVnZgdhRU26QSdLQxBKPAqWJXUuUQn=",
                "PTdORzONOHQkccIw3SxW3RItEBy6UU0v9edeVSGcHpIobLEC2NNzfAx2PDSiZy0s",
                "QedfVR2JID==",
                "SvsrIyt=",
                "MyNhUSOs5IQaewIn3cdCPf PRVGobz0X6O1p",
                "MyNhUSOs5IQaewIn3cdCPfdPRVGobz0X6O1p",
                "PS1BRA7BLnY2ULch4c9CfWRXPD7ibeWs9VEbPgKcH6YndbMs5vZoghFm40X=",
                "PzBqVCOj5H87cLL=",
                "HbssKL==",
                "HbstIb==",
                "HbssJb==",
                "LVNt9hOu5HMQbLoi",
                "EaQ=",
                "UOFj8tuZ7HQqRPoRzsI=",
                "DasqQxti",
                "JcWd",
                "LSxyPAFgzj==",
                "JdAdEx2F",
                "JcQdEx2F",
                "EaRAaBe0",
                "GaX8",
                "Ss==",
                "Jbg1",
                "8fNpVBqsDCLj0M9j",
                "GUkb",
                "DfJc9Xmr2ZAhJr0kzs9sfMsf",
                "DashFdu02Z4acSMYztEjNcQdREOlIs==",
                "EaQbNSap5FL=",
                "DashFduyQZ76",
                "DuQhEv==",
                "Py1YVSCz2JYhcrWj6wU=",
                "GONZVRG15Jokccst3wlmiMtvRUUody0w6O6pVRJgCX2ecvLez7==",
                "D9==",
                "8U W BKv5576MMDeCNQjQu==",
                "8VI49r==",
                "abcdefghijklmnopqrstuvwxyzABCDEFGHIJKLMNOPQRSTUVWXYZ0123456789 ",
                "NtUnmapViewOfSection",
                "ntdll.dll",
                "runas",
                "5120",
                "invalid string position",
                "list too long",
                "vector too long",
                "string too long",
                "0123456789ABCDEF",
                "GCTL",
                ".text$di",
                ".text$mn",
                ".text$x",
                ".text$yd",
                ".idata$5",
                ".00cfg",
                ".CRT$XCA",
                ".CRT$XCAA",
                ".CRT$XCC",
                ".CRT$XCU",
                ".CRT$XCZ",
                ".CRT$XIA",
                ".CRT$XIAA",
                ".CRT$XIAC",
                ".CRT$XIC",
                ".CRT$XIZ",
                ".CRT$XLA",
                ".CRT$XLZ",
                ".CRT$XPA",
                ".CRT$XPB",
                ".CRT$XPX",
                ".CRT$XPXA",
                ".CRT$XPZ",
                ".CRT$XTA",
                ".CRT$XTZ",
                ".rdata",
                ".rdata$T",
                ".rdata$r",
                ".rdata$sxdata",
                ".rdata$zzzdbg",
                ".rtc$IAA",
                ".rtc$IZZ",
                ".rtc$TAA",
                ".rtc$TZZ",
                ".tls",
                ".tls$",
                ".tls$ZZZ",
                ".xdata$x",
                ".idata$2",
                ".idata$3",
                ".idata$4",
                ".idata$6",
                ".data",
                ".data$r",
                ".bss",
                ".rsrc$01",
                ".rsrc$02",
                "ReadFile",
                "GetModuleFileNameA",
                "WriteProcessMemory",
                "VirtualFree",
                "WriteFile",
                "VirtualAlloc",
                "CreateMutexA",
                "GetVersionExW",
                "GetComputerNameExW",
                "ResumeThread",
                "GetModuleHandleA",
                "SetCurrentDirectoryA",
                "Sleep",
                "GetTempPathA",
                "GetLastError",
                "GetFileAttributesA",
                "CreateFileA",
                "CloseHandle",
                "GetSystemInfo",
                "CreateThread",
                "GetThreadContext",
                "GetProcAddress",
                "VirtualAllocEx",
                "RemoveDirectoryA",
                "ReadProcessMemory",
                "CreateProcessA",
                "CreateDirectoryA",
                "SetThreadContext",
                "KERNEL32.dll",
                "GetSidIdentifierAuthority",
                "RegOpenKeyExA",
                "RegSetValueExA",
                "LookupAccountNameA",
                "GetUserNameA",
                "GetSidSubAuthority",
                "GetSidSubAuthorityCount",
                "RegQueryValueExA",
                "RegCloseKey",
                "ADVAPI32.dll",
                "ShellExecuteA",
                "SHGetFolderPathA",
                "SHFileOperationA",
                "SHELL32.dll",
                "HttpOpenRequestA",
                "InternetOpenUrlA",
                "InternetOpenW",
                "InternetOpenA",
                "InternetCloseHandle",
                "HttpSendRequestA",
                "InternetConnectA",
                "InternetReadFile",
                "WININET.dll",
                "freeaddrinfo",
                "getaddrinfo",
                "inet_pton",
                "WS2_32.dll",
                "RaiseException",
                "GetCurrentThreadId",
                "IsProcessorFeaturePresent",
                "QueueUserWorkItem",
                "GetModuleHandleExW",
                "FormatMessageW",
                "WideCharToMultiByte",
                "EnterCriticalSection",
                "LeaveCriticalSection",
                "TryEnterCriticalSection",
                "DeleteCriticalSection",
                "SetLastError",
                "InitializeCriticalSectionAndSpinCount",
                "CreateEventW",
                "SwitchToThread",
                "TlsAlloc",
                "TlsGetValue",
                "TlsSetValue",
                "TlsFree",
                "GetSystemTimeAsFileTime",
                "GetTickCount",
                "GetModuleHandleW",
                "WaitForSingleObjectEx",
                "QueryPerformanceCounter",
                "SetEvent",
                "ResetEvent",
                "UnhandledExceptionFilter",
                "SetUnhandledExceptionFilter",
                "GetCurrentProcess",
                "TerminateProcess",
                "IsDebuggerPresent",
                "GetStartupInfoW",
                "GetCurrentProcessId",
                "InitializeSListHead",
                "CreateTimerQueue",
                "SignalObjectAndWait",
                "SetThreadPriority",
                "GetThreadPriority",
                "GetLogicalProcessorInformation",
                "CreateTimerQueueTimer",
                "ChangeTimerQueueTimer",
                "DeleteTimerQueueTimer",
                "GetNumaHighestNodeNumber",
                "GetProcessAffinityMask",
                "SetThreadAffinityMask",
                "RegisterWaitForSingleObject",
                "UnregisterWait",
                "EncodePointer",
                "GetCurrentThread",
                "GetThreadTimes",
                "FreeLibrary",
                "FreeLibraryAndExitThread",
                "GetModuleFileNameW",
                "LoadLibraryExW",
                "VirtualProtect",
                "DuplicateHandle",
                "ReleaseSemaphore",
                "InterlockedPopEntrySList",
                "InterlockedPushEntrySList",
                "InterlockedFlushSList",
                "QueryDepthSList",
                "UnregisterWaitEx",
                "LoadLibraryW",
                "RtlUnwind",
                "ExitProcess",
                "CreateFileW",
                "GetDriveTypeW",
                "GetFileInformationByHandle",
                "GetFileType",
                "PeekNamedPipe",
                "SystemTimeToTzSpecificLocalTime",
                "FileTimeToSystemTime",
                "GetStdHandle",
                "GetCommandLineA",
                "GetCommandLineW",
                "HeapFree",
                "HeapAlloc",
                "MultiByteToWideChar",
                "CompareStringW",
                "LCMapStringW",
                "DeleteFileW",
                "GetCurrentDirectoryW",
                "GetFullPathNameW",
                "SetStdHandle",
                "SetFilePointerEx",
                "FindClose",
                "FindFirstFileExW",
                "FindNextFileW",
                "IsValidCodePage",
                "GetACP",
                "GetOEMCP",
                "GetCPInfo",
                "GetEnvironmentStringsW",
                "FreeEnvironmentStringsW",
                "SetEnvironmentVariableW",
                "GetProcessHeap",
                "GetStringTypeW",
                "FlushFileBuffers",
                "GetConsoleCP",
                "GetConsoleMode",
                "GetTimeZoneInformation",
                "HeapSize",
                "HeapReAlloc",
                "ReadConsoleW",
                "DecodePointer",
                "SetEndOfFile",
                "WriteConsoleW",
                "                          ",
                "abcdefghijklmnopqrstuvwxyz",
                "ABCDEFGHIJKLMNOPQRSTUVWXYZ",
                ".?AVbad_exception@std@@",
                ".?AV_ExceptionPtr_normal@?A0x03848f66@@",
                ".?AV?$_ExceptionPtr_static@Vbad_alloc@std@@@?A0x03848f66@@",
                ".?AV?$_ExceptionPtr_static@Vbad_exception@std@@@?A0x03848f66@@",
                ".?AVstl_condition_variable_interface@details@Concurrency@@",
                ".?AVstl_condition_variable_vista@details@Concurrency@@",
                ".?AVstl_condition_variable_win7@details@Concurrency@@",
                ".?AVstl_condition_variable_concrt@details@Concurrency@@",
                ".?AVfuture_error@std@@",
                ".?AVlogic_error@std@@",
                ".?AV_System_error_category@std@@",
                ".?AVinvalid_argument@std@@",
                ".?AVlength_error@std@@",
                ".?AVout_of_range@std@@",
                ".?AVbad_function_call@std@@",
                ".?AVstl_critical_section_interface@details@Concurrency@@",
                ".?AVstl_critical_section_vista@details@Concurrency@@",
                ".?AVstl_critical_section_win7@details@Concurrency@@",
                ".?AVstl_critical_section_concrt@details@Concurrency@@",
                ".?AVtype_info@@",
                ".?AVWaitBlock@details@Concurrency@@",
                ".?AVSingleWaitBlock@details@Concurrency@@",
                ".?AVMultiWaitBlock@details@Concurrency@@",
                ".?AVWaitAllBlock@details@Concurrency@@",
                ".?AVWaitAnyBlock@details@Concurrency@@",
                ".?AVTimedSingleWaitBlock@details@Concurrency@@",
                ".?AV?$_MallocaArrayHolder@PAVContext@Concurrency@@@details@Concurrency@@",
                ".?AVimproper_lock@Concurrency@@",
                ".?AVscheduler_resource_allocation_error@Concurrency@@",
                ".?AUITopologyExecutionResource@Concurrency@@",
                ".?AUITopologyNode@Concurrency@@",
                ".?AUTopologyObject@GlobalCore@details@Concurrency@@",
                ".?AUTopologyObject@GlobalNode@details@Concurrency@@",
                ".?AVunsupported_os@Concurrency@@",
                ".?AVResourceManager@details@Concurrency@@",
                ".?AUIResourceManager@Concurrency@@",
                ".?AVScheduleGroupBase@details@Concurrency@@",
                ".?AVScheduleGroup@Concurrency@@",
                ".?AVCacheLocalScheduleGroup@details@Concurrency@@",
                ".?AVFairScheduleGroup@details@Concurrency@@",
                ".?AU_Chore@details@Concurrency@@",
                ".?AVScheduler@Concurrency@@",
                ".?AVRealizedChore@details@Concurrency@@",
                ".?AVCacheLocalScheduleGroupSegment@details@Concurrency@@",
                ".?AVScheduleGroupSegmentBase@details@Concurrency@@",
                ".?AVFairScheduleGroupSegment@details@Concurrency@@",
                ".?AVscheduler_worker_creation_error@Concurrency@@",
                ".?AVimproper_scheduler_reference@Concurrency@@",
                ".?AVimproper_scheduler_attach@Concurrency@@",
                ".?AVSchedulerBase@details@Concurrency@@",
                ".?AVcontext_unblock_unbalanced@Concurrency@@",
                ".?AVcontext_self_unblock@Concurrency@@",
                ".?AVmissing_wait@Concurrency@@",
                ".?AVinvalid_scheduler_policy_key@Concurrency@@",
                ".?AVinvalid_scheduler_policy_value@Concurrency@@",
                ".?AVinvalid_scheduler_policy_thread_specification@Concurrency@@",
                ".?AVnested_scheduler_missing_detach@Concurrency@@",
                ".?AVinvalid_oversubscribe_operation@Concurrency@@",
                ".?AVContext@Concurrency@@",
                ".?AVContextBase@details@Concurrency@@",
                ".?AVCancellationTokenRegistration_TaskProc@details@Concurrency@@",
                ".?AV?$_MallocaArrayHolder@PAVevent@Concurrency@@@details@Concurrency@@",
                ".?AVExecutionResource@details@Concurrency@@",
                ".?AUIExecutionResource@Concurrency@@",
                ".?AVSchedulerProxy@details@Concurrency@@",
                ".?AUISchedulerProxy@Concurrency@@",
                ".?AVFreeThreadProxy@details@Concurrency@@",
                ".?AVThreadProxy@details@Concurrency@@",
                ".?AUIThreadProxy@Concurrency@@",
                ".?AUIThreadProxyFactory@details@Concurrency@@",
                ".?AVFreeThreadProxyFactory@details@Concurrency@@",
                ".?AV?$ThreadProxyFactory@VFreeThreadProxy@details@Concurrency@@@details@Concurrency@@",
                ".?AVVirtualProcessor@details@Concurrency@@",
                ".?AVInternalContextBase@details@Concurrency@@",
                ".?AUIExecutionContext@Concurrency@@",
                ".?AVExternalContextBase@details@Concurrency@@",
                ".?AVThreadInternalContext@details@Concurrency@@",
                ".?AVThreadScheduler@details@Concurrency@@",
                ".?AUIScheduler@Concurrency@@",
                ".?AVVirtualProcessorRoot@details@Concurrency@@",
                ".?AUIVirtualProcessorRoot@Concurrency@@",
                ".?AVFreeVirtualProcessorRoot@details@Concurrency@@",
                ".?AVThreadVirtualProcessor@details@Concurrency@@",
                ".?AV__non_rtti_object@std@@",
                ".?AVbad_typeid@std@@",
                ".?AVbad_cast@std@@",
                ".?AVruntime_error@std@@",
                ".?AV?$_Func_impl_no_alloc@V<lambda_5e5ab22ea98f4361dbf159481d01f54d>@@X$$V@std@@",
                ".?AVbad_alloc@std@@",
                ".?AV?$_Ref_count_obj2@U_ExceptionHolder@details@Concurrency@@@std@@",
                ".?AU?$_InitialTaskHandle@XV<lambda_9de88c4009318ef1202283857f94e673>@@U_TypeSelectorNoAsync@details@Concurrency@@@?$task@E@Concurrency@@",
                ".?AV?$_Func_impl_no_alloc@V<lambda_0456396a71e3abd88ede77bdd2823d8e>@@X$$V@std@@",
                ".?AV?$_Func_impl_no_alloc@V<lambda_9de88c4009318ef1202283857f94e673>@@X$$V@std@@",
                ".?AVerror_category@std@@",
                ".?AV?$_Associated_state@H@std@@",
                ".?AV<lambda_7c33b2c4310ad8c6be497d7a2a561bb8>@@",
                ".?AVsystem_error@std@@",
                ".?AV?$_CancellationTokenCallback@V<lambda_3b8ab8d2629adf61a42ee3fe177a046b>@@@details@Concurrency@@",
                ".?AV?$_Func_impl_no_alloc@V<lambda_eb87dfd73f857f44e1a351ea42ce2b34>@@E$$V@std@@",
                ".?AV_Generic_error_category@std@@",
                ".?AV?$_Func_impl_no_alloc@V?$_Fake_no_copy_callable_adapter@A6GXPAUConnexionDetails@@@ZAAPAU1@@std@@X$$V@std@@",
                ".?AVtask_canceled@Concurrency@@",
                ".?AV_DefaultPPLTaskScheduler@details@Concurrency@@",
                ".?AV<lambda_0456396a71e3abd88ede77bdd2823d8e>@@",
                ".?AV<lambda_5e5ab22ea98f4361dbf159481d01f54d>@@",
                ".?AV?$_Func_impl_no_alloc@V<lambda_7c33b2c4310ad8c6be497d7a2a561bb8>@@X$$V@std@@",
                ".?AU?$_Task_impl@E@details@Concurrency@@",
                ".?AV?$_Func_base@X$$V@std@@",
                ".?AV_Future_error_category@std@@",
                ".?AV<lambda_9de88c4009318ef1202283857f94e673>@@",
                ".?AV?$_Task_async_state@X@std@@",
                ".?AU?$_PPLTaskHandle@EU?$_InitialTaskHandle@XV<lambda_9de88c4009318ef1202283857f94e673>@@U_TypeSelectorNoAsync@details@Concurrency@@@?$task@E@Concurrency@@U_TaskProcHandle@details@3@@details@Concurrency@@",
                ".?AV_RefCounter@details@Concurrency@@",
                ".?AV_Ref_count_base@std@@",
                ".?AV?$_Ref_count_obj2@U?$_Task_impl@E@details@Concurrency@@@std@@",
                ".?AV_Interruption_exception@details@Concurrency@@",
                ".?AV?$_Func_base@E$$V@std@@",
                ".?AV_System_error@std@@",
                ".?AU_TaskProcHandle@details@Concurrency@@",
                ".?AUscheduler_interface@Concurrency@@",
                ".?AV?$_Packaged_state@$$A6AXXZ@std@@",
                ".?AVinvalid_operation@Concurrency@@",
                ".?AV?$_Fake_no_copy_callable_adapter@A6GXPAUConnexionDetails@@@ZAAPAU1@@std@@",
                ".?AVexception@std@@",
                ".?AV<lambda_eb87dfd73f857f44e1a351ea42ce2b34>@@",
                ".?AV_CancellationTokenRegistration@details@Concurrency@@",
                ".?AVbad_array_new_length@std@@",
                ".?AU_Task_impl_base@details@Concurrency@@",
                "<?xml version='1.0' encoding='UTF-8' standalone='yes'?>",
                "<assembly xmlns='urn:schemas-microsoft-com:asm.v1' manifestVersion='1.0'>",
                "  <trustInfo xmlns=\"urn:schemas-microsoft-com:asm.v3\">",
                "    <security>",
                "      <requestedPrivileges>",
                "        <requestedExecutionLevel level='asInvoker' uiAccess='false' />",
                "      </requestedPrivileges>",
                "    </security>",
                "  </trustInfo>",
                "</assembly>",
                "0#0(020C0H0R0c0h0r0",
                "1#1(121C1H1R1c1h1r1",
                "2#2(222C2H2R2c2h2r2",
                "3#3(323C3H3R3c3h3r3",
                "4#4(424C4H4R4c4h4r4",
                "5#5(525C5H5R5c5h5r5",
                "6#6(626C6H6R6c6h6r6",
                "7#7(727C7H7R7c7h7r7",
                "8#8(828C8H8R8c8h8r8",
                "9#9(929C9H9R9c9h9r9",
                ":#:(:2:C:H:R:c:h:r:",
                ";#;(;2;C;H;R;c;h;r;",
                "<#<(<2<C<H<R<c<h<r<",
                "=#=(=2=C=H=R=c=h=r=",
                ">#>(>2>C>H>R>c>h>r>",
                "?#?(?2?C?H?R?c?h?r?",
                "1!13181B1Q1c1m1",
                "2%212;2G2[2f2l2r213",
                "3%4D4[4",
                "5O5o5",
                "5'6I6_6",
                "<0<V<e<",
                "=&=F=S=",
                "?0?K?c?",
                "3#3l3",
                "3F4T4",
                "5/5H5",
                "868C8",
                "060T0Z0",
                "5$5(5,505A5j5o5v5}5",
                "6w6i7y7",
                "8.868Q8]8i8z8",
                "9I9N9T9\\9e9m9",
                ";B;b;n;v;",
                "0F1U1",
                "1n2v2",
                "4>5l5x5W6",
                "728?8M8",
                "8S9f9",
                "<?<b<",
                "=&?7?}?",
                "0-1F1a1y1",
                "132o2",
                "3V3a3F4U4",
                "6$6+656?6F6P6Z6e6",
                ";6;|;",
                ";Y=l=",
                ">\\?g?",
                "060L0k0",
                "1K1l1",
                "2'2~2",
                "6+7F7W7",
                ";F=X=",
                "=F?X?",
                "1F2X2",
                "3Y4l4",
                "8p9V:h:",
                "1(1F1",
                "1l2{2",
                "6Y6@7O7",
                "<#<b<I=X=",
                "r0x0",
                "0A1Z1l1",
                "1f4u4",
                "7$7-7>7",
                "8T9^9",
                "9@:d:",
                "0M1r1",
                "3V4h4",
                ";L;k;",
                "=6>F>t>",
                "6F6X6u6",
                "8W8y8",
                "989a9",
                ":;:d:",
                ":(:E:w:",
                ";'<I<r<",
                "=1=S=u=",
                ">4>]>",
                ".0O0w0",
                "171G1d1",
                "2*2L2Y2",
                "2$3+3Y3`3",
                "3F4L4l4|4",
                "4#53585q5",
                "6\"6-656;6F6Y6g6r6z6",
                "767H7p7",
                "7%:S:",
                "=S=B>",
                "5.5H5",
                "8%8x8",
                "=*=N=X=",
                "9$:];",
                "2&282",
                "5U5r5",
                "; =8>q?",
                "1$2<3Y3",
                "7 7$7(7,767E7o7",
                ":`;|;",
                ":T;c;t;x;|;",
                "5F5X5",
                "676S6",
                "9#:L:u:",
                ";9;[;t;",
                ";D<p<",
                "V0g0y0",
                "0f1s1",
                "2F3U3",
                "4%4^5",
                "96:B:",
                "6F8X86:H:",
                ">F>Q>Z>",
                "6,7x7",
                ";F;X;",
                ";Q<{<",
                "=%=@=",
                "=6>E>",
                ">f?x?",
                "1Z1e1",
                "6&686",
                "6@7p7",
                "7 8V8e8",
                "9!;H;{;",
                "</<m<",
                "=)=L=l=y=",
                "?P?^?",
                "2X2c2q2i3z3",
                "354U4d4z4",
                "5-535",
                "657j7q7",
                "8D8W8h8|8",
                "9*9J9R9`9o9|9",
                ";(;J;Y;x;",
                "<)<i<",
                "=#>C>_>x>",
                "?3?9?>?`?",
                "0b1y1",
                "2!2;2[2{2",
                "3U3c3p3",
                "364]4v4",
                "5,5>5I5^5t5",
                "606t6",
                "6#7r7",
                "8 8'8.83898?8D8J8P8U8[8a8f8l8r8w8}8",
                "9!9'9-92989>9C9I9O9T9Z9`9e9j9q9v9|9",
                ": :&:,:1:7:=:B:H:N:S:Y:_:d:j:p:u:{:",
                ";1;9;H;`;};",
                "<0<><J<V<d<v<",
                "<&=I=c=t=|=",
                ">0>B>P>b>s>",
                "1(161;1K1P1a1g1l1w1",
                "2$2,262<2B2H2T2b2g2m2v2}2",
                "3&3-353=3E3Q3Z3_3e3o3y3",
                "4$4+424:4B4J4U4Z4`4j4t4",
                "5H5{5",
                "6\"646>6",
                "8E8Z8_8d8",
                ":,;P;C=c=m=",
                "=3>H>[>e>",
                "?%?`?j?s?|?",
                "0.0A0^0",
                "0$1-1:1@1j1",
                "353P3",
                "3%444",
                "4;5w5",
                "6&636A6F6L6^6f6w6",
                ":.:C:}:",
                ":/;`;",
                "3$3d3q3",
                "4?5K5S5}5",
                "6#7>7!8.8|8",
                ":+;1;8;?;D;M;c;o;u;{;",
                "</<T<t<",
                "=*=D=\\=a=g=n=",
                ">!>;>[>q>",
                "?*?B?U?l?x?",
                "020>0X0n0",
                "1(161D1N1T1_1l1s1",
                "2!242Q2",
                "4(4\\4n4",
                "4/5T5i5",
                "6Z6f6",
                "9=9s9",
                "=/=v=",
                ">Z?g?w?",
                "Z0k0u0",
                "1g1x1\"2",
                "9-949",
                ":&:,:I:]:",
                ";);5;M;S;];p;$>",
                "7U8d8\\9",
                "<0<<<R<s<~<",
                "373[3",
                "5,797F7S7",
                "8@8Z8",
                "8<9N9",
                ":/;>;];",
                "<%<H<k<",
                "=b>!?k?",
                "1t1[2r2}2",
                "3X4Q5",
                "7*7{7",
                "8V8_8|8",
                ";n<x<",
                ">Q>m>",
                "0D0h0z0",
                "3 4B4",
                "4O5q5",
                "586K6h6",
                "6g7x7",
                "8,:Q:h:x:",
                ":E<L<W<c<i<",
                "?.?;?F?`?",
                "0-0F0a0x0",
                "3/4Q4s4",
                "4_5d5k5y5",
                "6f7p7",
                "?5?J?a?r?",
                "1I1m1y1",
                "6l7|7",
                "9O;o;Q=j=q=",
                "5B5t7H8T8",
                "=H=c=",
                ">F?J?N?R?V?Z?^?b?f?j?",
                "2\\3k3x3",
                "3.4b5L6",
                "7`8v8",
                "8U9t9",
                "?,?1?y?",
                "2#2~2",
                "6#7z748}8",
                "8I9\\9",
                ":4:;:@:I:P:W:a:t:z:",
                "; ;:;x;",
                "<0<H<}<",
                "=:=s=",
                ">%>K>c>l>y>",
                "?/?Q?e?",
                "\"0/0?0O0^0x0",
                "1#1_1d1i1n1|1",
                "2/2;2Q2l2x2",
                "3-3H3c3v3",
                "4;4J4",
                "495F5Z5",
                "$0*0J0Q0",
                "6q7_8",
                "999T9e9r9",
                "1G2<4_4",
                "4;5:6",
                "7>7x7",
                "9Q:t:",
                ";)<H<",
                "==>v>",
                "2!333",
                "7/8G8p8C9v9",
                "[0t0{0",
                "3A3X3",
                "7:8G8[8",
                "9*9B9':M:_:g:o:",
                ";#;=;n;",
                "<(<D<O<X<d<m<",
                ">(>.>4>",
                "0%1q1",
                "4!5F5g5}5",
                "6/6O6V6",
                "7d7k7",
                "7*8U8b8",
                "9J9W9",
                ":c:|:",
                ";C;f;~;",
                "<G<h<",
                "=&=2=U=|=",
                ">#>h>v>",
                "e2J5V5w5",
                "5,6L6",
                "<T<g<",
                "<A>x>",
                ">+?0?4?8?<?",
                "1`243G3e3s3!5X5_5d5h5l5p5",
                "0C0W0s0~0",
                "1S1b1B2r4",
                ";V<0>5>`>e>",
                ">0E0{0",
                "1F1a1f1k1",
                "2:2D2P2U2Z2{2",
                "2R3^3",
                "3!4q4",
                "6,646>6G6X6j6y6",
                "97;%</<<<m<",
                "=+=2=;=X=f>",
                ">W?r?",
                "1f2w2",
                "2m4{4",
                "4$5T5",
                "5]:q:",
                ";R<V<Z<^<b<f<j<n<",
                "=1D1a1e1i1m1q1",
                "6L;W;",
                "<\"<E<Z<p<}<",
                "=&=1=?=F=L=g=n=}=",
                "=5?K?",
                "10:0s0~0l2v2",
                "5#5~5",
                "6 7o7z7",
                "758z8~8",
                "9)9/9=9[9t9y9",
                ":2:i:",
                ";/;{;",
                "<%<*<3<z<",
                "=9=B=",
                "=5>O>T>",
                "B0|0",
                "1$161",
                "20383",
                "8#9`9j9",
                "99:?:",
                ":*;[;",
                ";Y<o<",
                ">!>B>k>",
                "?+?;?H?q?x?",
                "0 0*0L0]0f0k0p0",
                "1%191O1u1",
                "2#2(2E2i2",
                "3#3>3M3X3]3b3}3",
                "4M4q4",
                "5#5F5P5p5z5",
                "5'6u6",
                ";/<><L<i<q<",
                "=O=V=_=",
                ">B>N>",
                ">(?<?",
                "2I2{2",
                "3M3p3",
                "3L4)505}6",
                "1'323g3,4J4U4",
                "4'5,51565H5",
                "6q6z6",
                "1O1V1]1d1~1",
                "2L2t2d4",
                "405|5",
                "656w6",
                "6#7J7",
                "90:>:J:[:i:t:<;",
                "<v=}=",
                ">c>u>",
                "?)?;?\\?n?",
                "4x5G6{8",
                "=I=^>",
                "?1?<?J?",
                "0%070A0c0",
                "1>1_1",
                "2'2F2",
                "323L3",
                "5!6&6V6^6f6n6",
                "7v7i8|8",
                ":4:H:S:",
                "1B2t3 4T4",
                "<M<u<",
                "===h={=",
                "0(0,02080>0D0k0",
                "1!1(111:1J1[1e1o1y1",
                "1r2w2",
                "3Y3b3|3",
                "4V6a6h6n6}6",
                "7i7t7",
                "7>8H8^8o8",
                "9-<\"=*=a=h=",
                "3\"464",
                "8,;m=",
                "?x?~?",
                "U0g0y0",
                "3;3g3t3",
                "4/5L5",
                "6W7n7",
                "8:8[8o8",
                ":-:L:w:",
                ":!;C;g;",
                "212=2r4",
                "545X5c5p5",
                "5g6|6",
                ":#:):",
                "9!9)9G9O9",
                ":P:z:",
                "<Q=b=s=",
                "?m?|?",
                "F0K0]0{0",
                "7:7t7",
                "7,8R8z8",
                "8S9r9",
                "9,:b:",
                ";\";B;",
                "0T0z0",
                "1 2M2",
                "7H8`:p<",
                "<*=R=",
                ">D>b>",
                "$0k0",
                "242W2z2",
                "3$3?3Z3",
                "4@4t4",
                "5?5o5",
                "5%6]6",
                "747W7z7",
                "9H9s9",
                "9%:Z:",
                ";-;H;s;",
                "<7<_<",
                "=8=^=",
                ">->P>",
                "> ?C?",
                "0.0Y0",
                "1#1>1a1|1",
                "222<2g2q2{2",
                "2'313;3R3\\3",
                "4G4Q4[4r4|4",
                "525<5g5q5{5",
                "5'616;6R6\\6",
                "7G7Q7[7r7|7",
                "828<8g8q8{8",
                "8'919;9R9\\9",
                ":G:Q:[:r:|:",
                ";2;<;g;q;{;",
                ";'<1<;<R<\\<",
                "=G=Q=[=r=|=",
                ">2><>g>q>{>",
                ">'?1?;?R?\\?",
                "0G0Q0[0r0|0",
                "121<1g1q1{1",
                "1'212;2R2\\2",
                "3G3Q3[3r3|3",
                "424<4g4q4{4",
                "4'515;5R5\\5",
                "6G6Q6[6r6|6",
                "727<7g7q7{7",
                "7'818;8R8\\8",
                "9G9Q9[9r9|9",
                ":2:<:g:q:{:",
                ":';1;;;R;\\;",
                "<G<Q<[<r<|<",
                "=2=<=g=q={=",
                "='>1>;>R>\\>",
                "?G?Q?[?r?|?",
                "020<0g0q0{0",
                "0'111;1R1\\1",
                "2G2Q2[2r2|2",
                "323<3g3q3{3",
                "3'414;4R4\\4",
                "5G5Q5[5r5|5",
                "626<6g6q6{6",
                "6'717;7R7\\7",
                "8G8Q8[8r8|8",
                "929<9g9q9{9",
                "9':1:;:R:\\:",
                ";G;Q;[;r;|;",
                "<2<<<g<q<{<",
                "<'=1=;=R=\\=",
                ">G>Q>[>r>|>",
                "?2?<?g?q?{?",
                "'010;0R0\\0",
                "1G1Q1[1r1|1",
                "7=7C7M7W7c7",
                "818A8R8~8",
                "8'919;9G9S9a9r9",
                "3 3$3(3,3034383<3@3D3H3L3P3T3X3\\3`3d3h3l3p3t3x3|3",
                "4 4$4(4,4044484<4@4D4H4L4P4T4X4\\4`4d4h4l4p4t4x4|4",
                "5 5$5054585<5@5D5H5L5`5d5h5l5",
                "6 6$6(6,6064686<6@6D6H6L6P6T6X6\\6`6d6h6l6p6t6x6|6",
                "7$7(7,7074787<7t:|:",
                ";$;,;4;<;D;L;T;\\;d;l;t;|;",
                "<$<,<4<<<D<L<T<\\<d<l<t<|<",
                "\\2`2d2h2l2p2t2x2|2",
                "7 7$7(7,70747@7D7H7`7d7h7",
                "8 8$8(8,808x8|8",
                "9 9$9(9,9094989<9@9D9H9L9P9T9X9\\9`9d9h9l9p9t9x9|9",
                ": :$:(:,:0:4:8:<:@:D:H:L:P:T:X:\\:`:d:h:l:p:t:x:|:",
                ";4;8;<;@;D;H;L;P;T;X;\\;@<D<H<L<P<",
                "= =$=(=,=0=4=8=L=P=T=X=\\=`=d=h=l=p=t=x=|=",
                "? ?$?(?,?",
                "1 1$1(1,1014181<1@1T1X1\\1`1d1h1l1p1t1x1|1",
                "2 2$2(2,2024282<2@2D2H2L2P2T2X2\\2`2d2h2l2p2t2x2|2",
                "3 3$3(3,3034383<3@3D3H3L3P3T3d3h3l3p3t3x3|3",
                "3 4(40484@4H4P4X4`4h4p4x4",
                "5 5(50585@5H5P5X5`5h5p5x5",
                "6 6(60686@6H6P6X6`6h6p6x6",
                "7 7(70787@7H7P7X7`7h7p7x7",
                "h1p1x1|1",
                "2 2$2(2,2024282<2@2D2H2L2P2T2X2\\2`2d2(7,7074787<7@7D7H7L7P7T7X7\\7`7d7h7l7p7t7x7|7",
                "8 8$8(8,8084888<8@8D8H8L8P8T8X8\\8`8d8h8l8p8t8x8|8",
                "< <$<",
                "t4x4|4",
                "7$7,747<7D7L7T7\\7d7l7t7|7",
                "8$8,848<8D8L8T8\\8d8l8t8|8",
                "9$9,949<9D9L9T9\\9d9l9t9|9",
                ":$:,:4:<:D:L:T:\\:d:l:t:|:",
                "=$=,=4=<=D=L=T=\\=d=l=t=|=",
                "8 8(80888@8H8P8X8`8h8p8x8",
                "9 9(90989@9H9P9X9`9h9p9x9",
                ": :(:0:8:@:H:P:X:`:h:p:x:",
                "; ;(;0;8;@;H;P;X;`;h;p;x;",
                "< <(<0<8<@<H<P<X<`<h<p<x<",
                "= =(=0=8=@=H=P=X=`=h=p=x=",
                "> >(>0>8>@>H>P>X>`>h>p>x>",
                "t6|6",
                "7$7,747<7D7L7T7",
                "? ?$?<?",
                "@3D3H3L3P3T3X3\\3`3d3h3l3p3t3x3|3",
                "4 4$4(4,4044484<4@4D4",
                "4,5054585P5T5d5h5l5t5",
                "6$64686H6L6P6X6p6",
                "7$7<7L7P7`7d7h7p7",
                "8$84888H8L8P8X8p8",
                "9 9$94989<9@9H9`9p9t9",
                ":,:<:@:P:T:X:`:x:",
                "; ;0;4;<;T;d;h;x;|;",
                "<$<<<L<P<`<d<h<l<t<",
                "=$=4=8=H=L=P=X=p=",
                ">$>4>8>H>L>P>X>p>",
                "?$?4?8?L?P?`?d?h?p?",
                "0 0$0,0D0T0X0h0l0p0t0|0",
                "1 1$14181H1L1\\1`1d1l1",
                "2(2,20282P2`2d2t2x2|2",
                "343D3H3X3\\3`3d3l3",
                "4,404@4D4H4P4h4x4|4",
                "5$5(5,545L5\\5`5p5t5x5",
                "6,6<6@6D6L6d6t6x6",
                "7$7(787<7D7\\7l7p7",
                "8(8,8D8T8X8l8p8",
                "9(9,9<9@9H9`9p9t9",
                ": :$:,:D:H:`:p:t:x:|:",
                ";(;,;<;@;P;T;d;h;x;|;",
                "< <$<4<8<<<@<D<L<d<h<",
                "= =$=(=0=H=L=d=t=x=|=",
                ">4>D>H>X>\\>`>h>",
                "?,?<?@?P?T?X?p?",
                "0 0$0,0D0T0X0h0x0|0",
                "1 181<1@1H1`1p1t1x1",
                "2,202@2D2\\2l2|2",
                "3,30343H3L3P3h3l3",
                "4,4044484<4D4H4\\4`4h4l4t4|4",
                "5,50545L5P5h5l5p5x5",
                "6 606@6D6T6X6\\6p6t6x6",
                "7(7,707D7H7X7\\7t7x7",
                "8 848D8T8X8\\8t8",
                "080D0d0l0x0",
                "141<1D1L1|1",
                "202<2\\2d2l2t2",
                "3 3(30383D3L3l3|3",
                "4,444<4D4T4\\4l4|4",
                "5 5,5L5T5\\5h5",
                "6,686X6`6h6p6|6",
                "7$707P7X7`7h7p7x7",
                "8(8L8T8\\8d8l8t8|8",
                "9$9D9L9X9x9",
                ":$:,:8:X:`:h:t:",
                ";4;<;D;L;T;\\;d;l;t;|;",
                "<$<,<4<<<D<L<T<`<",
                "=<=D=L=T=\\=d=l=x=",
                ">$>,>4><>D>L>X>|>",
                "?4?<?D?L?T?\\?d?l?t?|?",
                "0$0,040<0D0L0T0\\0d0l0t0|0",
                "1(1L1T1\\1d1l1t1|1",
                "2$2,242<2D2L2T2\\2d2l2t2|2",
                "3(3L3T3\\3d3l3t3|3",
                "4$4,444<4D4L4T4\\4d4l4t4|4",
                "585@5H5P5X5`5h5x5",
                "6$6,646<6D6L6T6\\6d6l6t6|6",
                "8 8D8L8T8\\8d8l8t8|8",
                "9$909T9\\9d9l9t9|9",
                ";$;,;4;<;D;L;T;`;",
                "=$=,=8=\\=d=l=t=|=",
                "?$?,?4?<?D?L?T?\\?d?l?t?|?",
                "1$1,141<1H1h1t1",
                "282@2H2P2\\2|2",
                "3$3D3L3T3`3",
                "4$444@4`4h4p4x4",
                "5$5,5D5X5`5h5p5x5",
                "6 6@6L6",
                "7 7@7L7t7",
                "8$8D8P8p8|8",
                "9(9H9P9\\9|9",
                ":,:4:@:`:h:p:t:x:",
                ";$;(;0;D;L;X;",
                "<$<,<8<X<`<l<",
                "=$=D=L=T=X=`=t=|=",
                ">$>0>P>X>d>",
                "? ?(?4?T?`?",
                "0 0,0P0p0x0",
                "1 1,1L1X1x1",
                "2$202P2\\2|2",
                "3(343T3\\3d3p3",
                "4$4D4P4p4|4",
                "5$585H5l5x5",
                "6$686@6H6T6t6|6",
                "747<7H7h7p7|7",
                "8 8,8L8X8x8",
                "9 9@9H9T9t9|9",
                ":$:,:0:8:L:T:\\:h:",
                ";8;@;H;P;X;`;h;t;",
                "<$<D<P<p<|<",
                "=@=H=P=`=l=t=",
                ">$>(>0>8>@>D>H>P>d>l>",
                "?@?L?T?|?",
                "0 0<0@0`0",
                "1 1@1`1",
                "2 2@2`2",
                "3 3@3`3",
                "4 4(4,40484L4T4X4`4t4|4",
                "50585@5",
                "X0`0h0p0x0",
                "20242`7d7h7l7p7t7x7|7",
                "7@8D8",
                "7 7P7",
                "7$8d8",
                "9(9T9x9",
                "9$:d:",
                ":$;X;",
                ";(<|<",
                ">H>|>",
                "?@?d?",
                "0,1d1",
                "102x2",
                "585p5",
                "6D6|6",
                "7L7t7",
                "8T8x8",
                "849P9",
                ";@;x;",
                "=0=l=",
                "=<>p>",
                "(0P0",
                "182T2",
                "jjjj",
                "DEjjjj",
                "jjjjj",
                "Akernel32.dll",
                "api-ms-win-core-synch-l1-2-0.dll",
                "combase.dll",
                "advapi32.dll",
                "Eapi-ms-win-core-fibers-l1-1-1",
                "api-ms-win-core-synch-l1-2-0",
                "kernel32",
                "api-ms-",
                "mscoree.dll",
                ".exe",
                ".cmd",
                ".bat",
                ".com",
                "Eapi-ms-win-core-datetime-l1-1-1",
                "api-ms-win-core-file-l1-2-2",
                "api-ms-win-core-localization-l1-2-1",
                "api-ms-win-core-localization-obsolete-l1-2-0",
                "api-ms-win-core-processthreads-l1-1-2",
                "api-ms-win-core-string-l1-1-0",
                "api-ms-win-core-sysinfo-l1-2-1",
                "api-ms-win-core-winrt-l1-1-0",
                "api-ms-win-core-xstate-l2-1-0",
                "api-ms-win-rtcore-ntuser-window-l1-1-0",
                "api-ms-win-security-systemfunctions-l1-1-0",
                "ext-ms-win-ntuser-dialogbox-l1-1-0",
                "ext-ms-win-ntuser-windowstation-l1-1-0",
                "advapi32",
                "ntdll",
                "api-ms-win-appmodel-runtime-l1-1-2",
                "user32",
                "ext-ms-",
                "en-US",
                "         (((((                  H",
                "      (                          ",
                "Eja-JP",
                "zh-CN",
                "ko-KR",
                "zh-TW",
                "zh-CHS",
                "ar-SA",
                "bg-BG",
                "ca-ES",
                "cs-CZ",
                "da-DK",
                "de-DE",
                "el-GR",
                "fi-FI",
                "fr-FR",
                "he-IL",
                "hu-HU",
                "is-IS",
                "it-IT",
                "nl-NL",
                "nb-NO",
                "pl-PL",
                "pt-BR",
                "ro-RO",
                "ru-RU",
                "hr-HR",
                "sk-SK",
                "sq-AL",
                "sv-SE",
                "th-TH",
                "tr-TR",
                "ur-PK",
                "id-ID",
                "uk-UA",
                "be-BY",
                "sl-SI",
                "et-EE",
                "lv-LV",
                "lt-LT",
                "fa-IR",
                "vi-VN",
                "hy-AM",
                "az-AZ-Latn",
                "eu-ES",
                "mk-MK",
                "tn-ZA",
                "xh-ZA",
                "zu-ZA",
                "af-ZA",
                "ka-GE",
                "fo-FO",
                "hi-IN",
                "mt-MT",
                "se-NO",
                "ms-MY",
                "kk-KZ",
                "ky-KG",
                "sw-KE",
                "uz-UZ-Latn",
                "tt-RU",
                "bn-IN",
                "pa-IN",
                "gu-IN",
                "ta-IN",
                "te-IN",
                "kn-IN",
                "ml-IN",
                "mr-IN",
                "sa-IN",
                "mn-MN",
                "cy-GB",
                "gl-ES",
                "kok-IN",
                "syr-SY",
                "div-MV",
                "quz-BO",
                "ns-ZA",
                "mi-NZ",
                "ar-IQ",
                "de-CH",
                "en-GB",
                "es-MX",
                "fr-BE",
                "it-CH",
                "nl-BE",
                "nn-NO",
                "pt-PT",
                "sr-SP-Latn",
                "sv-FI",
                "az-AZ-Cyrl",
                "se-SE",
                "ms-BN",
                "uz-UZ-Cyrl",
                "quz-EC",
                "ar-EG",
                "zh-HK",
                "de-AT",
                "en-AU",
                "es-ES",
                "fr-CA",
                "sr-SP-Cyrl",
                "se-FI",
                "quz-PE",
                "ar-LY",
                "zh-SG",
                "de-LU",
                "en-CA",
                "es-GT",
                "fr-CH",
                "hr-BA",
                "smj-NO",
                "ar-DZ",
                "zh-MO",
                "de-LI",
                "en-NZ",
                "es-CR",
                "fr-LU",
                "bs-BA-Latn",
                "smj-SE",
                "ar-MA",
                "en-IE",
                "es-PA",
                "fr-MC",
                "sr-BA-Latn",
                "sma-NO",
                "ar-TN",
                "en-ZA",
                "es-DO",
                "sr-BA-Cyrl",
                "sma-SE",
                "ar-OM",
                "en-JM",
                "es-VE",
                "sms-FI",
                "ar-YE",
                "en-CB",
                "es-CO",
                "smn-FI",
                "ar-SY",
                "en-BZ",
                "es-PE",
                "ar-JO",
                "en-TT",
                "es-AR",
                "ar-LB",
                "en-ZW",
                "es-EC",
                "ar-KW",
                "en-PH",
                "es-CL",
                "ar-AE",
                "es-UY",
                "ar-BH",
                "es-PY",
                "ar-QA",
                "es-BO",
                "es-SV",
                "es-HN",
                "es-NI",
                "es-PR",
                "zh-CHT",
                "af-za",
                "ar-ae",
                "ar-bh",
                "ar-dz",
                "ar-eg",
                "ar-iq",
                "ar-jo",
                "ar-kw",
                "ar-lb",
                "ar-ly",
                "ar-ma",
                "ar-om",
                "ar-qa",
                "ar-sa",
                "ar-sy",
                "ar-tn",
                "ar-ye",
                "az-az-cyrl",
                "az-az-latn",
                "be-by",
                "bg-bg",
                "bn-in",
                "bs-ba-latn",
                "ca-es",
                "cs-cz",
                "cy-gb",
                "da-dk",
                "de-at",
                "de-ch",
                "de-de",
                "de-li",
                "de-lu",
                "div-mv",
                "el-gr",
                "en-au",
                "en-bz",
                "en-ca",
                "en-cb",
                "en-gb",
                "en-ie",
                "en-jm",
                "en-nz",
                "en-ph",
                "en-tt",
                "en-us",
                "en-za",
                "en-zw",
                "es-ar",
                "es-bo",
                "es-cl",
                "es-co",
                "es-cr",
                "es-do",
                "es-ec",
                "es-es",
                "es-gt",
                "es-hn",
                "es-mx",
                "es-ni",
                "es-pa",
                "es-pe",
                "es-pr",
                "es-py",
                "es-sv",
                "es-uy",
                "es-ve",
                "et-ee",
                "eu-es",
                "fa-ir",
                "fi-fi",
                "fo-fo",
                "fr-be",
                "fr-ca",
                "fr-ch",
                "fr-fr",
                "fr-lu",
                "fr-mc",
                "gl-es",
                "gu-in",
                "he-il",
                "hi-in",
                "hr-ba",
                "hr-hr",
                "hu-hu",
                "hy-am",
                "id-id",
                "is-is",
                "it-ch",
                "it-it",
                "ja-jp",
                "ka-ge",
                "kk-kz",
                "kn-in",
                "kok-in",
                "ko-kr",
                "ky-kg",
                "lt-lt",
                "lv-lv",
                "mi-nz",
                "mk-mk",
                "ml-in",
                "mn-mn",
                "mr-in",
                "ms-bn",
                "ms-my",
                "mt-mt",
                "nb-no",
                "nl-be",
                "nl-nl",
                "nn-no",
                "ns-za",
                "pa-in",
                "pl-pl",
                "pt-br",
                "pt-pt",
                "quz-bo",
                "quz-ec",
                "quz-pe",
                "ro-ro",
                "ru-ru",
                "sa-in",
                "se-fi",
                "se-no",
                "se-se",
                "sk-sk",
                "sl-si",
                "sma-no",
                "sma-se",
                "smj-no",
                "smj-se",
                "smn-fi",
                "sms-fi",
                "sq-al",
                "sr-ba-cyrl",
                "sr-ba-latn",
                "sr-sp-cyrl",
                "sr-sp-latn",
                "sv-fi",
                "sv-se",
                "sw-ke",
                "syr-sy",
                "ta-in",
                "te-in",
                "th-th",
                "tn-za",
                "tr-tr",
                "tt-ru",
                "uk-ua",
                "ur-pk",
                "uz-uz-cyrl",
                "uz-uz-latn",
                "vi-vn",
                "xh-za",
                "zh-chs",
                "zh-cht",
                "zh-cn",
                "zh-hk",
                "zh-mo",
                "zh-sg",
                "zh-tw",
                "zu-za",
                "CONOUT$"
            ]
        }
    ]
}