{
    "malware_data": [
        {
            "filename": "e4c60f1c969ea093b535974d9357749d73c99d1e232972538978c94e9e495ec9.elf",
            "filetype": "7F454C46",
            "filesize": "57KB",
            "hash_sha256": "e4c60f1c969ea093b535974d9357749d73c99d1e232972538978c94e9e495ec9",
            "strings": [
                "5N&\"a",
                "Bv8'L",
                "E[;M#Z",
                "HB[U",
                "6 qE,e%y",
                "XGrU",
                ";Q#|z",
                "t5Zf",
                "F0Pg",
                "B:N2",
                "mdYqIm",
                "g;>o",
                "= ira",
                "tBC ",
                ")Z\"r",
                "#)FM2|A",
                " D|v",
                "UI7~",
                "Y&u|",
                "pNc8",
                "3k; f",
                "%h=0",
                "l\\>_",
                "_/BK",
                "qbeS",
                "wJRP6",
                "k4`}",
                ";.9m",
                "\\N|U",
                "xqaIU",
                "gF< p7B",
                "V.?G0",
                "RS]Z",
                "<nk+",
                "1.<'",
                "psE!",
                "daXf",
                "wF[l+",
                ";xAK",
                "ldL%",
                "I@hh",
                "/.Ty",
                "nr%4",
                "Ii#p/",
                "!l\\#",
                "3w5=",
                "xD}C",
                "\";?eus",
                "t5Y]",
                "\"Q3b",
                "Rek<",
                "YX+]",
                "a&Cl!",
                "-$VNB",
                "($A'",
                "mZqX;",
                "02//",
                "iJH?",
                "f1nbZz{",
                "_3%s",
                "=pc9",
                "F@t2",
                "y7!p",
                "XI&B",
                "]fZe",
                "b]I'x.",
                "d8Y@u",
                "s\\,A",
                "E c,",
                "dQVA",
                "TI(m",
                "`'1E",
                "!^=j?",
                "F+w6W",
                "Gn/`6",
                "W&zi",
                "/-$w",
                "irPw",
                "Qg1Hl#hd",
                ";/~}",
                ".|wCKW<",
                "Y7K*",
                "{Q af2T",
                "7mfEI",
                "@d;UV",
                "x1T-",
                "\\>1!",
                ".ao^c",
                "&6)$",
                "ux*Q",
                "KO.*",
                "P|!ruXiu",
                "WTwC",
                "Z6eh",
                " yUe",
                "ydLZ",
                "guhA-",
                "RFv=",
                "cQDG",
                "n3ml",
                "OSc4^",
                "Go$.",
                "J>#b",
                "_M'`",
                "|C~a",
                "QC,I",
                "~1<z3",
                "sqSDNs",
                "5yA#",
                "{X\\ ^;",
                "d=+)",
                ",NO8>4",
                "uE_W",
                "/*#T",
                "aTFcx",
                "G|d2",
                "bkXCS",
                ":v5c",
                "e'2H",
                "gH8S_",
                "s-0m",
                "c*IP",
                "H<_]}",
                "/KJH&",
                "Ed9R",
                ".)'#>",
                "2zo~",
                "6u7c&hL",
                "]yNt",
                "a@<4|",
                "|i{!*W",
                "Jp|^",
                "k={=",
                "|J:f",
                ":JNw]",
                "HeM!",
                "Hptk",
                "62[3",
                "T|5,",
                "Z\\Jk",
                "QY?(%w",
                "fR0'",
                "N,B\"",
                "DDuh",
                "\\$U}",
                ";]xe0",
                "ZjxD",
                "Hz8B",
                "oL[.mqeC",
                "^p7h",
                "C\\7A",
                "*6oi",
                "0;K]",
                "w{*c",
                "}C|d",
                "5RTuk)",
                "CURP\"",
                "U6]a",
                ";}FE",
                "qcOKC",
                "l4Qv",
                "{FLJ",
                "\"Ahm+",
                "\"KM0AW",
                "(_5D",
                "(-##",
                "c9igS",
                "OEmR",
                "fkL&",
                "\\7kT",
                "M,~'",
                "TJW(4",
                "n)P]",
                ".{0irt81",
                "e^3K%",
                "1q+gk",
                "?5w>",
                "'|7}",
                "j\"-$",
                "UokkR",
                "i;]_",
                "Qc!iA",
                "HoB8=",
                "jCn\\",
                "&{Zd",
                "c.wz",
                "^-4L",
                "5.Uw",
                "]WlR\"",
                "$./*",
                "4u?N",
                "zeAH",
                "gw}l$",
                "ix(k",
                "&} +",
                "%+xX",
                "kpr[u",
                "FO\\-",
                "IqK8",
                "Q+,i",
                "ID@s",
                "sFOPG",
                "*=|O",
                "o?MB",
                "*|[7N?",
                "!B,m",
                "Y`;f",
                "U~#{",
                "zh83",
                "znFp",
                "G\\Js",
                "oM}U*'",
                "qi8=}L.X",
                "U4Jy",
                "Bt 4",
                "rP`wQ",
                "bdEZK",
                "R%Pn",
                "75%K",
                "v]JN",
                "{3HO;",
                "|`aPq;",
                "3aWs",
                "8oyZ",
                "/<;/",
                "XXy|",
                "SMqY",
                "/P?d",
                ">i7P",
                "tX$W",
                "'m0YO",
                "E~!3",
                "lnf*61",
                "[; 8",
                "{DT`56",
                "L?'9",
                "IY,EJ",
                ".A+8",
                ">ituZ",
                "[i6K3",
                "H7hF",
                "Rb|pH",
                " ~9b",
                "D2VT",
                "n4NM O",
                "_z2u",
                "$iaN~9y!",
                "*=HC",
                "i8`=",
                "Y3m$",
                "K;Y~",
                "@0rl",
                " sVN",
                "+8wV",
                "8dh[",
                "Iz0_",
                "`\"O\"",
                "+V=$]8w",
                "x;8CIB",
                "JD`/&",
                "GBhF",
                "uPic",
                "Z]#J",
                "&\"4_~>z",
                "f/B7",
                "Ut%kE",
                "UX_);",
                "!5za",
                "G~gy",
                "^%[T",
                "`Q{MN/Ua",
                "/vi.",
                "K<8b",
                "+i]f0",
                "b\"w,",
                "j_bc",
                ">Mi\\]7",
                "`R%]",
                "8P0x",
                "udcY7",
                "WCW*",
                "NVww",
                ";f'z*",
                "4bh%i",
                "naLXd[",
                "~&bv",
                "<],i",
                "%u|r",
                "+pPU[O",
                "5$\\r6",
                "w/|r",
                "$3kr",
                "djq]",
                "If;R",
                "4w=A",
                "uZ)y'",
                "sE-\\",
                "7eV,s",
                "C/eC",
                "4#\\_D",
                ".'k;w",
                "y.;K",
                "z<0+",
                "o|4[",
                "J;FX",
                "C\"Xq",
                "a+@>Nz9",
                "Q`~w",
                "Ff=2",
                "~B/P",
                "W>b7",
                "/m$6",
                "l%#;",
                "(pW_",
                "[E@V",
                "cSm^",
                "[K^~",
                "<Q^J",
                "*-Lh",
                "N!~/",
                "B\"uU",
                "):cj",
                "q1%No",
                "6F?F",
                "bQ$Y",
                "AjNx",
                "_JGN!R",
                ")(db",
                "dB!i=",
                "2p(3f",
                "Xon/",
                "Y|fie",
                "#i@~",
                "y'M'V",
                ";4Qv@",
                "?FTc",
                "VP|r",
                "Y.8~k",
                "EmMA",
                "z$.E",
                "Aod-,L",
                "XFa_am",
                "Sv;K@",
                "`+|n",
                "_czZ7",
                ")zGx",
                "n]Lc",
                "bD&:f",
                "=bS)",
                "xEST!",
                "B8WJ",
                "rk7Q",
                "F[^DZ",
                "G&_Z",
                "IMc+",
                "u+LW",
                "J}k}l",
                "2&x=",
                "M6TNT",
                "G@%g",
                "x'>|>",
                "m#|~",
                ".e]-",
                "re36",
                "^tXZ",
                "7[/]",
                "(y#M",
                "D5_0",
                "yN;|N",
                "xJb'",
                "xm3YP",
                "*IRWL",
                "IK*a",
                ">|F_r",
                "3m$(",
                "l}h#\\",
                ")vM6",
                ".(`w",
                "W]I|I",
                "yE{4n",
                "IZ*k",
                "+3v[",
                "k!,z",
                "h3~}",
                "q;Huso4",
                "ua3Wg",
                "X&/b",
                ">nZ3e",
                "6.+scb",
                "\\Q`zm",
                "G?eY>H",
                "7Fm1d",
                "s6YUwg",
                "OE'G",
                "jac/H",
                "|W43",
                "Sl6=p[",
                "IEw6",
                "X|-3",
                ")0Xb)",
                "_0ZW",
                "D4Kr",
                "3[xp",
                "BfY\"{~",
                "wU~3",
                "d5*]",
                "72m+",
                "r~yVP[",
                "j&Y^",
                "]']R(q",
                "VgF&",
                "6 N%Q",
                "W+tH",
                "/GlNB",
                "n%$4[",
                "'s^>",
                "K2$1",
                "_[I?rb",
                "w\"<`",
                "q7$W\"x",
                "(Xb%",
                "wdQeFB",
                "\"bhJ",
                "]o,4[&",
                "&k8o",
                " <ciC",
                "HFW1",
                "HcDV",
                "1W N",
                "1?\"R",
                "lI`q",
                "tELv",
                "LMYh",
                "Xg{N",
                "\"[;W",
                "V+D}",
                "4.:p\"",
                "|p7V.",
                "bAn%",
                "Sfq&`",
                "JvT1",
                "1D6)",
                "B]%|o",
                "igGzq",
                "\"k.c'",
                "_}ms",
                "@F}:R",
                "r7Es.uC",
                "Fe:X",
                "gdrn",
                "8n=3",
                "J$Kj~",
                "`)i7",
                "OG^C:",
                "*Zlp",
                "W.O\"",
                "<fBIjr",
                "r;MG",
                "]e-`",
                "{OyM",
                "Pb )",
                "$Info: ",
                "/proc/self/exe",
                "x/Y ",
                "H}#L",
                "D:Q(",
                "$}.>",
                "*D9=",
                "GcUV",
                "lUw\"",
                "T`4N",
                "oAB/",
                "|97gA1_",
                "5E*X",
                ".@9!",
                "\\Qm[",
                "rh),$'-",
                "j*7NN",
                "WA+?",
                "*qN8",
                "V-99",
                "K^3+=5C!",
                "=QG$",
                "}f~B",
                "BD}!",
                "G[=p",
                "WfM11",
                "`e/`",
                "RsL3",
                "CYt@Y",
                "6+9\\E",
                "37`|",
                "<Y m",
                "{B*e",
                "tGmo",
                "xSlV",
                "} `Q",
                "Q;)8",
                "\"WL\"k",
                ",A)-+@",
                "fd]b",
                "F8l}",
                "`&Jm",
                "Y~IU",
                "Ufm8",
                "`r'y3",
                "YUF7",
                "`uuN",
                "+()2",
                "zFQyKdn",
                "cSLunI.",
                "-zPs1",
                "CT7~",
                "yl\"1",
                "2zkp",
                "kvJ.y",
                "UMdh/",
                "~O_`",
                "I)Vr",
                "d5QG\"QK@k%",
                "Q+!Y'\"53\"r",
                "R[#$v",
                "N#M<",
                "fme.",
                "}&f6",
                "XiDI",
                "WB}7",
                "FWF/",
                "iX=s%T",
                "`]jx",
                "|Rht",
                "o.'Tz",
                "6.y?yY",
                "X^f-",
                "@YQ\"",
                "zR!N",
                "TK6Mb",
                "lec6",
                "bp2?~",
                "4#xpTV",
                "tABZ",
                ">.gh",
                "9/0(",
                "7K2\"@\"@.<",
                "OP%p",
                "o5N3a",
                "lWnv",
                "_gt>V",
                "m-oa",
                "khfjP",
                "o>=;",
                "](G]",
                "Y{O'",
                "c<\\']",
                "1t=|",
                "?A*:z",
                "iNna",
                "-%V$",
                ")kp-",
                "6<KW",
                "Sa]TG",
                "0UYm2",
                "infc",
                "Is]#rTP",
                "nt~TRN",
                "p(w*jm",
                "Q=qF",
                "}8JU_",
                "tFe@",
                "!zu(!",
                "_!Zj}",
                "nC]T7",
                "rk*%",
                "B$bZ/6",
                "Gg[tZ^",
                "X(`\\",
                "p^QU",
                "FLeF",
                "8[4-",
                ">qm*E+",
                "8A1y",
                "L!xM",
                "X ':",
                "U,|{?",
                "&O\\iL",
                "=I~D}",
                "Pjl9S",
                "+$vau",
                "{*nd",
                "0EG8",
                "2kab",
                "3jz<",
                "+T`c",
                "o>fOi",
                "#kL;",
                "!M]cD",
                "p^.(",
                "d.P+9/",
                "f <?",
                "qBMK",
                "618_",
                "Ekmz",
                "&*CP",
                "LJv+",
                "R0HI[>[8%%",
                ")),J",
                "YB+}",
                ";M\"US",
                "a'xC",
                "JnWh",
                "RTi8",
                "s@2jIO",
                "z6GATl",
                "F2{m",
                "l.,m",
                "r,T_",
                "ol> v]",
                "3&F!a",
                "gEO@",
                ">!W;",
                "W~;G",
                "Zs^K",
                "|'Q!",
                "zKZ=fg$",
                "-9Wn",
                "Tx?|+",
                ".htd",
                "]zLE",
                ":`?e'",
                "%R\\2T",
                "3z_]",
                "~G+9",
                "PqTWf",
                "}@)i",
                "EA2o",
                "p3AP",
                "LwD=",
                "}YcXh0",
                "_U`B",
                "k}8N",
                "De1l,",
                ")z[C",
                "B5\"N|{",
                "BL%3",
                "Y4C2",
                "Lc2d",
                "b@jwb",
                "96uIR",
                "<SG$",
                "/ZJW",
                "P%$~",
                "=0B1",
                "\\'X(",
                "k,0'",
                ">YodZ",
                "0Q.K)",
                ".B6=",
                "LG(>",
                "Tj^/",
                "a_?C",
                "5w?Q",
                "oxOO",
                "Sg7#",
                "db&&.",
                "+MGd",
                "ShB3X",
                "5X1P",
                "H!\"-",
                ">z?|Idw|",
                "1F8g"
            ]
        }
    ]
}