{
    "malware_data": [
        {
            "filename": "e62c9dfca29286701a32906b8224fcb23feac091e9f1c834e000ff8c0cb84b88.exe",
            "filetype": "4D5A9000",
            "filesize": "233KB",
            "hash_sha256": "e62c9dfca29286701a32906b8224fcb23feac091e9f1c834e000ff8c0cb84b88",
            "strings": [
                "!This program cannot be run in DOS mode.",
                "Rich",
                ".text",
                "`.rdata",
                "@.data",
                ".tls",
                ".zecaga",
                ".xosava",
                ".rsrc",
                "tG9}",
                "0WWWWW",
                "VVVVV",
                "_^[]",
                "PPPPP",
                "X_^]",
                "wIVSP",
                "FVSj",
                "jXh@",
                "YQPVh",
                "QQSVWd",
                "QSVW",
                "Y__^[",
                "0SSSSS",
                "WWWWW",
                "uaVj",
                "uL9=",
                "F\\=0",
                "uWS3",
                "ueSj",
                "@_^[",
                "j?Y;",
                " VW}",
                "j?^;",
                "9csm",
                "h;3@",
                "hq2@",
                "QQQQQ",
                "t&:a",
                "8csm",
                "hfY@",
                "uBh|g@",
                "<v8V",
                "S99t",
                ">=Yt1j",
                "tPVWP",
                "Y[_^",
                "j\"@@",
                "@@Bf",
                "8\"u8",
                "j\\Yf",
                "t$9U",
                "QQSVWh",
                "@@f9",
                "j@j ^V",
                "[j@j ",
                "@_^]",
                "=MOC",
                "=csm",
                ">csm",
                "98uu",
                "98u[",
                "~SSV",
                "j,h8",
                "~@;H",
                "taSV",
                "YYPV",
                "t)SV",
                "Hu4j",
                "I=csm",
                ">MOC",
                "s[S;7|G;w",
                "9>u&",
                "tR99u2",
                "r,9Y",
                "@_^[]",
                "oV f",
                "o^0f",
                "of@f",
                "onPf",
                "ov`f",
                "o~pf",
                "Y_^[]",
                "Wj6Y",
                "Fpt\"",
                "SSSSS",
                "^_[]",
                "<.u4",
                "PVj@",
                "_trP",
                ",uRP",
                "^H_[",
                ">CuW",
                "@PVW",
                "vSSSh",
                "VWw$",
                "0A@@Ju",
                "u,9E",
                "URPQQh",
                "L$,3",
                "UVWS",
                "[_^]",
                "SVWj",
                "Y_^[",
                "QufA",
                "HHt*HHt",
                "t=HHt",
                "!<9u",
                "7_^]",
                "tBHj",
                "tK<_t<<$t8<<t4<>t0<-t,<a|",
                "<z~$<A|",
                "t;BA",
                "<0|O<9",
                "tU<A|B<P",
                "WQ8E",
                "tY<@tO<Zt",
                "tA<Zu",
                "v,j,",
                "t5j]",
                "t\\<@tXj'",
                "8@u\"",
                "<@uq",
                "<_u`",
                "PWje",
                "YPWh",
                "Yt*j",
                "Du h",
                "Ft,Nt",
                "NtFNt#NuV",
                "8Xu2@",
                "YtNj",
                "kt@;",
                "8?u(",
                "t.<@t5V",
                "TtUHtKHtAHt",
                "HuSh",
                "8?u'@",
                "0t-HHt",
                "lSVW3",
                "@99t",
                "uUj,",
                "u-j,",
                "t?9U",
                "u#8H",
                "tfHH",
                "8_uF",
                "dj@h",
                "<@t=j",
                "t*j)",
                "YYj)",
                "`<`t",
                "<$u.",
                "uI9u",
                "98tI",
                "99t)P",
                "j PQ",
                ":?uO",
                "<@u$",
                ".<$u ",
                "<_uN",
                "jdh`",
                "$SVW",
                "CtMj",
                "t.Ht",
                "AtIHt0Hu",
                "9~\\u'",
                "t#Hu",
                "t+Ht",
                "_VVVVV",
                "QWVP",
                ",0GG",
                "SVW3",
                "AAFFf;",
                "SVWUj",
                "]_^[",
                ";t$,v-",
                "UQPXY]Y[",
                "Pj1Q3",
                "F Pj*",
                "F$Pj+",
                "F(Pj,",
                "F,Pj-",
                "F0Pj.",
                "F4Pj/",
                "F8PjD",
                "F<PjE",
                "F@PjF",
                "FDPjG",
                "FHPjH",
                "FLPjI",
                "FPPjJ",
                "FTPjK",
                "FXPjL",
                "F\\PjM",
                "F`PjN",
                "FdPjO",
                "FhPj8",
                "FlPj9",
                "FpPj:",
                "FtPj;",
                "FxPj<",
                "F|Pj=",
                "{>Vj",
                "v$;5",
                "C PjPV",
                "C$PjQV",
                "C(Pj",
                "C)Pj",
                "C*PjTV",
                "C+PjUV",
                "C,PjVV",
                "C-PjWV",
                "C.PjRV",
                "C/PjSV",
                "~-8]",
                "@@8X",
                "QW@Ph",
                "W@Ph",
                "~S8]",
                "_^[t",
                ".;1s(N",
                "tIHt$",
                "HHt4HHt",
                "Ht\\Ht,",
                "SV9}",
                "98tl",
                "PSVj",
                "teHtFHt&Hu",
                "<'tE",
                "ty<%tA",
                "twF3",
                "tBF9]",
                "u 9]",
                "PPPPPPPP",
                "|FVW",
                "tNhT",
                "t=hP",
                ",aB<",
                "u49^",
                "ha$A",
                "Vj@hx",
                "u%hX",
                "j@Sh",
                "t,j@",
                "C@Ph",
                "Sj Z",
                "0;1t|",
                "9] SS",
                "tR:Q",
                "t<:Q",
                "t&:Q",
                "u8SS3",
                "9] u",
                "9]$SS",
                "t)9]",
                "t\"SS9]",
                "N+D$",
                "u,VVWV",
                "u#9u",
                "t VV9u",
                "t:9]",
                "^SSSSS",
                "j,h ",
                "t!PV",
                "PSj?",
                ">:u8FV",
                "jd_Fj",
                "Pf958",
                "PVVRV",
                "Pf95",
                "VVVVVQRSSj",
                "u09u",
                "VW9]",
                "u99u",
                "WWWWV",
                "t<Vj",
                "t+WWVPV",
                "u+9u",
                "u>9u",
                "<8=u",
                "t*;E",
                "QVW3",
                "^WWWWW",
                "t.;E",
                "8VVVVV",
                "Af#E",
                "QQSV3",
                "VVVVj",
                "tCVV",
                "@A;E",
                "t{~Bj",
                "t1SW",
                "tSj=V",
                "u`9]",
                "Y|R9",
                "?sjj",
                "@Y@P",
                "t\\VV",
                "@Y@PW",
                "^_[3",
                "!\"y:_",
                "~ke8D",
                "Tv_T-",
                "K+V<",
                "\"BH|G",
                "c/'|",
                "lhvB",
                "w22F",
                "d*fG",
                "5=N(",
                "7VgV",
                "NK03(",
                "uvmH",
                "55.S5",
                "G>iH",
                "K>#H",
                "'uqv",
                "~~Dc",
                "fug:",
                "Ke-C",
                "qm|X",
                "GVv(U?",
                "A4=]/",
                "1;D_",
                "a/>`",
                " ]v<BE",
                ":tWd",
                "{MUDb",
                "oW>CK!",
                "p|kDLx",
                "sJ9CA",
                "3-!I_",
                "Jhax/",
                "5*S,",
                ",YAK",
                "..;u",
                ")!A3",
                ";eJbg",
                "nPS}",
                "y%\\2",
                "f|2@",
                "o%\\A",
                "e>=iTRUs",
                "]4/6",
                "xFHH",
                "%~I7",
                "yp.r",
                "p17r",
                "zK+>",
                "N 1hZ",
                "2Kgi",
                "S9<b",
                "sJ3Ha",
                "6:OH",
                "\"-nI",
                "ZT&Q",
                "W@r ",
                "F9`Cl",
                ": 7.",
                "XxLh",
                "vB[i",
                "J/0e",
                "n1uOG",
                "K:}l2",
                "Qi!d",
                "XF{sF/$",
                "*D{s",
                "n+U\"",
                "h$a9",
                "Y,K2G",
                "9b2H",
                "k4)H",
                "lLvk",
                "A[n7b",
                "HCU%",
                ",.%$",
                "xf=Fn",
                "_{G?",
                "2Yd\\",
                "h3zs",
                "k4TX",
                "t_sL",
                "qBg^",
                "2x 5fe",
                "@RiuZ",
                "uo4w",
                "n5O ",
                "b~rw",
                "]Jav",
                "GKir",
                "{,4A",
                "O$]-",
                "dO8CD",
                "aCv;",
                "S<GiY",
                "Fku[",
                "Y9<0",
                "\">C}",
                "^9f~?",
                "N:M1S",
                "NG%hN",
                "5L0y",
                "lIuy[",
                "3qzo",
                "72~u",
                "y#*,",
                " ~$)",
                "w~ZJ",
                "-{C~_",
                "$#@/n",
                "m+y=$",
                "yjP5",
                "LEEg",
                ".|4fo",
                "lGG3",
                "u!8N",
                "qKj2`",
                "-a]v",
                "|zp8",
                "8arGJ",
                "n@e.",
                "q9p\"j",
                "]=x#",
                "3Vpla^",
                "?b5>7",
                "h:X+*",
                "04?]",
                "RE~ ",
                "L=/0",
                "[<>z@",
                "TNcn",
                "(>c9",
                "B%j$^{h",
                "Cnm2",
                "W|cv",
                "fv<(",
                "E(i|,",
                "o/8B",
                "niDK",
                "tunU",
                "I2}Ov",
                "NAe{",
                "T /U",
                "@x=\"",
                "t4Z9",
                "{@^U",
                "% cVYs5",
                "Ye|Cp",
                "h}R5",
                "AfF=",
                "]1,W",
                "3j5Y",
                "&mT ",
                "'Pjco",
                "QOi8",
                ">n^u",
                "OzWI",
                "|{kJY",
                "Ic\\{",
                "uB!p",
                "BJPI",
                "-}'%",
                "j\"MG",
                "L(b?s",
                "t6L*F",
                "a>WD",
                "`Q#W",
                "r^}X",
                "1vE>",
                "kJ$m3",
                "1<):@",
                "ST z",
                "gZ6;",
                "ya}'",
                "?h?9T+_&",
                "\"_i;*P`",
                "Lk(P",
                "n%H5",
                "$s!\\",
                "Dhp]",
                "z\\pX",
                "EU(L,",
                "<5r[",
                "L[6Y",
                "2dXV",
                "zKg0",
                "KbDVj3",
                "i>`)",
                "8KX`lr_",
                "%)~.a",
                "*1qN[k",
                "wd[k",
                "m(9`",
                "mA%0Vm",
                "wazZ",
                "?G.#",
                "tkpq",
                "DcIF$",
                "d\\zR",
                "\\\"NB",
                "?&Xu",
                "GT_N^",
                "Qz_X",
                "LwK'",
                "x]1#D",
                " &F.",
                "<#'W",
                "? 4QZ",
                "|]fPd}z",
                "X].{T",
                "whOX",
                "dIYOJ",
                "X5;I,",
                "XaT ",
                "w^D=*",
                "gUB_",
                "G,?rj",
                "-c|jK",
                "IU\\6J\\",
                "wzJT",
                "32z|",
                "%\"?=",
                "E\\qF",
                "J_l=",
                "}Alz",
                "2+71",
                "Q if",
                "nPA!",
                "B9x%UT",
                "-9K.o3",
                ":x|3#",
                "}}0>",
                "|}V{`qD",
                "HIG.",
                "mko_-",
                "QEo8vdnx",
                "\\_PA^ur",
                "\"HT)",
                "Yxg5um",
                "bXf2",
                "YA~z",
                "t(y3",
                "#z;)",
                "\"?&@1",
                "UsHiz",
                "u;vg",
                "vtr8",
                "HX11",
                "~UcQ",
                "]L&2",
                "gu8`\\a",
                "/@It?",
                "-qVL",
                "WxH7k",
                "URVi",
                "4vp4",
                "?;Xa",
                "l1/0",
                "m98{",
                "F45[",
                "#O\\\\",
                "C@<{",
                "~n)8",
                "bhxu^",
                "..lL",
                "vC3)",
                "4hnG",
                "0d$q",
                "%TD;]",
                "8-vi",
                "exnJ",
                "loI,j\\",
                "c;bGd",
                "bXasm",
                " eOsL",
                "-3,V",
                "o')2",
                ";,k{",
                "viUh",
                "IRj]V",
                "hweE&x",
                "\"GDO:",
                "Q\"aOw5",
                "?pom*'=",
                "BBuU",
                "'{HH4",
                "GQb;",
                "mG2|",
                "~6@S",
                "Z^H%",
                "?!Tv",
                "\\|O|4",
                "\\rx'",
                "OyDY",
                "($qK",
                "GC+H",
                "<&u(h",
                "%'v+",
                "~)/V9}",
                "fLd3",
                "(IA5",
                "g02.",
                "+!ry8%",
                "$zK9%",
                "P)h2B",
                "X%LPz",
                "x\"q1",
                "O(b$S",
                "E9?s",
                "-R#`~",
                "k.^?$#",
                "hPSc",
                "cX^bp",
                "fh[K",
                "i7jv",
                "97=%Lp",
                "6//a",
                "2@c)z",
                "+B\"!",
                "^cK,=",
                "enrt",
                "5<t>",
                "M0RI",
                "'#0Q",
                "?6zR",
                "K^\"\"[",
                "jl#<)",
                "qVi(",
                "K76`}$",
                "CYVu",
                "C_~S",
                "cw'i",
                "})Ts",
                "2Vg5",
                "HjM#",
                "fk2;z",
                "\\0#D",
                "Xc#D",
                "\\g!/",
                "xSb:Z",
                "#s0+",
                "Kds3",
                "r[\"C",
                "',*l",
                " EqB",
                "olaH",
                ":Q}!",
                "n9GS9",
                ",x!C",
                "D9/B",
                "R|)zvK",
                "(&{Kw",
                "\\eUD",
                "q$>s",
                "O'mo",
                "dhR[",
                "fTv ",
                "ge)X",
                ";RA\\7",
                "@_S'",
                "Ll/{",
                "vdvL",
                "_x&v",
                "hr\"l!",
                "]QKu",
                "z&1ztVj",
                "\"C}B",
                "iqv#",
                "!@~S",
                "8d/c]DN",
                "4`^L",
                "/*A\"",
                "@l&]",
                "(/[F",
                "%ra,T\"",
                "N$WlB",
                "=:mi",
                "B`Ql",
                "=dAd",
                "t5,<gipg4",
                "V~n?Dk*",
                "w5r;",
                ",.jo",
                "mzB%",
                "e`iV",
                "c3MM",
                "cz/'C",
                ":LdZ",
                "joHW",
                ">q?M",
                "[`/s",
                "Hm7{",
                "=9k3",
                "8$~x",
                "|fWN",
                "dh'Tg",
                "+1\\1K",
                ":y]<",
                "2Cb}Q@",
                "1QZ#,",
                "m#ZN<",
                "ZfUE[",
                "_y5_",
                "+;mo",
                "s%\\x,{",
                "91M-",
                "^8oAy",
                ".#lV",
                "8u8s",
                "zRd!u",
                "Iq^}",
                "z|X6,a",
                "V{aRB.",
                "OoZ{L$",
                "T&ZF=",
                "V?KRL",
                "r!Gf",
                "m}56",
                "o-1bK",
                "qlCdN",
                "=eTz",
                "go:W|x`",
                "=8sHL",
                "ZSI:\"P",
                "`AS2",
                "G4Cv",
                "6m=B6",
                "!LQZb",
                "!pqtp",
                ")+U ",
                "QouD",
                "1\"D8",
                "kk)X",
                "t,[k",
                "9SZT",
                "i_hxL",
                "{)0b",
                "&zo]",
                "[l5BM",
                "T\\-k",
                "PP*ZX",
                "F8Y,",
                ",M9(",
                "LP*h",
                "@aEk",
                "B\\EGu",
                "2=hP:",
                "y3JEDo",
                "h'=i",
                "b0m1p",
                "S9L\\",
                "88?K)",
                "}_fJ>U",
                "dCfQ",
                "<\\u`",
                "iv*V",
                "J1rQ",
                "3RKk",
                "lHUW",
                "NWH{{",
                "|tym",
                ">o[wW",
                "oK(d",
                "EQ%a",
                "?Zy>",
                "(!u!b",
                "I'% A$",
                ">6}6X",
                "!h@B",
                "]K|h",
                "}!X=T",
                "u+8.N&(",
                "N-/c",
                "Ijx9e",
                "ZHV!eN",
                "SMR0",
                "ccQ!-",
                "X{83p",
                "yI)^",
                "Nf;<E",
                "cu>5;}",
                "?dZ@",
                "oT*h",
                "]A_h",
                "U;Br ",
                "3SIaT",
                "]g&!",
                "e[xV",
                "oMEs",
                "!OZXo",
                "%JP2",
                "Hx!8U",
                "#Ep-w",
                "TA:W}",
                "_[=A",
                "\\,kR",
                "6|t@z",
                "Rn|?",
                "U'E]6",
                "Ta#+",
                "hxo7",
                "oqzT_",
                "7Y$!",
                "Ga-.0",
                "be>C[",
                "x91!",
                "n~nm",
                "7m:)",
                "^ApZ",
                "g8{&",
                "6!6J",
                "a2$l=",
                "$f ~",
                "5@I@",
                "Q;ij",
                "O#@:",
                "c m6),J",
                "v>r#q*",
                "bjI9P",
                "5KcS",
                "3\"{\"fC",
                "*SM\"",
                ">#u$",
                "[hn4Z",
                "4B?_n",
                "l3MZI",
                "|Uy\\",
                "\\Ya8",
                "Bgo+",
                "$v$\\,",
                "qc!t",
                "XzeG",
                "\\1S%;Z",
                "H_$R",
                "pVih",
                "k{S`",
                "GnEnf",
                "P_|(",
                "Vu1t",
                "PZ{Lt",
                "=<MDq",
                "\\+]0",
                "dyMd",
                "=?\\t]i",
                "J~up[D-l",
                "^<en",
                "5BBA",
                "?g9L",
                "q(:V",
                "{kSMy",
                "q!fC",
                "qC1*;",
                "u.M!",
                "1?CmJ",
                "GH*=",
                "w)p?",
                "e1BU",
                "}q*S!",
                "eN5]",
                "1Ucp",
                "\"NNd",
                "V31aaYS",
                "&XI>Y",
                "MRas",
                "8+>\"",
                "UL\\3",
                "YVFA",
                "u[V6y",
                "@x'~@",
                "sdW4C-Q",
                "ud.`I",
                "ux-X",
                "`?CK",
                "\\'.vx",
                "Jzo[",
                "D0Ux",
                " eif",
                "7lAO",
                "(JQ?",
                "%0.>~",
                "8#!n>(",
                "n1RW[;1",
                "Z1D@",
                "* XO",
                "8u#0",
                "&qXU",
                "M+LT=",
                "^&9it",
                "eRs5iD",
                "RZ3_",
                "-Nfc",
                "3bDM/",
                "OgNZG",
                "*f%aE",
                ",A!-p",
                "%r+[(",
                "q*),z5",
                "}%n`",
                "9W 7",
                ";.\\84fMUH",
                "l(/P",
                "H+KVv",
                "OQT-+}",
                "<`Gb",
                "HPxq",
                "v](i",
                "-bv!",
                "lg$E ",
                "]A,#Z",
                "|C1T",
                "[M`&",
                "Fv3lA",
                " #9H",
                "n}or",
                "o4fsq",
                "aHU}t",
                "?^QW",
                "Vmbrn",
                "1GVx\\",
                "cQ6*",
                "X=0)",
                "-\"wY",
                "<fJg",
                "Cc/G",
                ":A.Y",
                "!nN6",
                "[+lP,",
                "qYV<",
                "_AMC",
                "dp!+",
                "?bpS",
                ".)(>",
                "%X K",
                ")7|!",
                "1>BH",
                "[.b\"",
                "Ah]J",
                "c]{+",
                "4ikj",
                "q:#m/&",
                "+gnU",
                "@Qr/",
                "]0)H@",
                "N#TH",
                "GsF^",
                "p*Un2HZb1",
                "cdAR",
                "*e6m",
                "gJx`m",
                "Q*Qb",
                "*A8RE",
                "cvI0",
                "J*3'",
                "fkQE",
                "UVGPl",
                "]c/t:",
                "{eDD",
                "Af\\rI",
                "8L~n",
                ",+@_",
                "*`&L",
                "`}PL",
                "tTi%wTl",
                "7%Y(g",
                "K2h[1",
                "sNry",
                "_L|D|Q",
                "U99x",
                "EPnP",
                "O8##",
                "dFfX",
                "R'._",
                "v;^:",
                "jkXjef",
                "Xjrf",
                "Xjnf",
                "Xjef",
                "Xjlf",
                "Xj3f",
                "Xj2f",
                "Xj.f",
                "Xjdf",
                "EpPj@",
                "QPPPP",
                "VVVVVVVV",
                "^6}D",
                "|uqj",
                "string too long",
                "invalid string position",
                "invalid string argument",
                "Unknown exception",
                "EncodePointer",
                "DecodePointer",
                "FlsFree",
                "FlsSetValue",
                "FlsGetValue",
                "FlsAlloc",
                "CorExitProcess",
                "runtime error ",
                "TLOSS error",
                "SING error",
                "DOMAIN error",
                "R6034",
                "An application has made an attempt to load the C runtime library incorrectly.",
                "Please contact the application's support team for more information.",
                "R6033",
                "- Attempt to use MSIL code from this assembly during native code initialization",
                "This indicates a bug in your application. It is most likely the result of calling an MSIL-compiled (/clr) function from a native constructor or from DllMain.",
                "R6032",
                "- not enough space for locale information",
                "R6031",
                "- Attempt to initialize the CRT more than once.",
                "This indicates a bug in your application.",
                "R6030",
                "- CRT not initialized",
                "R6028",
                "- unable to initialize heap",
                "R6027",
                "- not enough space for lowio initialization",
                "R6026",
                "- not enough space for stdio initialization",
                "R6025",
                "- pure virtual function call",
                "R6024",
                "- not enough space for _onexit/atexit table",
                "R6019",
                "- unable to open console device",
                "R6018",
                "- unexpected heap error",
                "R6017",
                "- unexpected multithread lock error",
                "R6016",
                "- not enough space for thread data",
                "This application has requested the Runtime to terminate it in an unusual way.",
                "R6009",
                "- not enough space for environment",
                "R6008",
                "- not enough space for arguments",
                "R6002",
                "- floating point support not loaded",
                "Microsoft Visual C++ Runtime Library",
                "<program name unknown>",
                "Runtime Error!",
                "Program: ",
                "bad exception",
                "LC_TIME",
                "LC_NUMERIC",
                "LC_MONETARY",
                "LC_CTYPE",
                "LC_COLLATE",
                "LC_ALL",
                " !\"#$%&'()*+,-./0123456789:;<=>?@ABCDEFGHIJKLMNOPQRSTUVWXYZ[\\]^_`abcdefghijklmnopqrstuvwxyz{|}~",
                " Complete Object Locator'",
                " Class Hierarchy Descriptor'",
                " Base Class Array'",
                " Base Class Descriptor at (",
                " Type Descriptor'",
                "`local static thread guard'",
                "`managed vector copy constructor iterator'",
                "`vector vbase copy constructor iterator'",
                "`vector copy constructor iterator'",
                "`dynamic atexit destructor for '",
                "`dynamic initializer for '",
                "`eh vector vbase copy constructor iterator'",
                "`eh vector copy constructor iterator'",
                "`managed vector destructor iterator'",
                "`managed vector constructor iterator'",
                "`placement delete[] closure'",
                "`placement delete closure'",
                "`omni callsig'",
                " delete[]",
                " new[]",
                "`local vftable constructor closure'",
                "`local vftable'",
                "`RTTI",
                "`udt returning'",
                "`copy constructor closure'",
                "`eh vector vbase constructor iterator'",
                "`eh vector destructor iterator'",
                "`eh vector constructor iterator'",
                "`virtual displacement map'",
                "`vector vbase constructor iterator'",
                "`vector destructor iterator'",
                "`vector constructor iterator'",
                "`scalar deleting destructor'",
                "`default constructor closure'",
                "`vector deleting destructor'",
                "`vbase destructor'",
                "`string'",
                "`local static guard'",
                "`typeof'",
                "`vcall'",
                "`vbtable'",
                "`vftable'",
                "operator",
                " delete",
                " new",
                "__unaligned",
                "__restrict",
                "__ptr64",
                "__clrcall",
                "__fastcall",
                "__thiscall",
                "__stdcall",
                "__pascal",
                "__cdecl",
                "__based(",
                " ?? ",
                "{flat}",
                "{for ",
                "`non-type-template-parameter",
                "unsigned ",
                "long ",
                "int ",
                "short ",
                "char ",
                "void",
                "<ellipsis>",
                ",<ellipsis>",
                ",...",
                " throw(",
                "`template-parameter",
                "NULL",
                "cli::pin_ptr<",
                "cli::array<",
                "void ",
                "`anonymous namespace'",
                "generic-type-",
                "template-parameter-",
                "`unknown ecsu'",
                "union ",
                "struct ",
                "class ",
                "enum ",
                "coclass ",
                "cointerface ",
                "extern \"C\" ",
                "[thunk]:",
                "public: ",
                "protected: ",
                "private: ",
                "virtual ",
                "static ",
                "`template static data member destructor helper'",
                "`template static data member constructor helper'",
                "`local static destructor helper'",
                "`adjustor{",
                "`vtordisp{",
                "`vtordispex{",
                "const ",
                "volatile ",
                "CV: ",
                "volatile",
                " volatile",
                "const",
                "signed ",
                "double",
                "UNKNOWN",
                "__int128",
                "bool",
                "wchar_t",
                "__int64",
                "__int16",
                "__int32",
                "__int8",
                "__w64 ",
                "float",
                "long",
                "short",
                "char",
                "SystemFunction036",
                "ADVAPI32.DLL",
                "GetProcessWindowStation",
                "GetUserObjectInformationA",
                "GetLastActivePopup",
                "GetActiveWindow",
                "MessageBoxA",
                "USER32.DLL",
                " !\"#$%&'()*+,-./0123456789:;<=>?@abcdefghijklmnopqrstuvwxyz[\\]^_`abcdefghijklmnopqrstuvwxyz{|}~",
                " !\"#$%&'()*+,-./0123456789:;<=>?@ABCDEFGHIJKLMNOPQRSTUVWXYZ[\\]^_`ABCDEFGHIJKLMNOPQRSTUVWXYZ{|}~",
                "HH:mm:ss",
                "dddd, MMMM dd, yyyy",
                "MM/dd/yy",
                "December",
                "November",
                "October",
                "September",
                "August",
                "July",
                "June",
                "April",
                "March",
                "February",
                "January",
                "Saturday",
                "Friday",
                "Thursday",
                "Wednesday",
                "Tuesday",
                "Monday",
                "Sunday",
                "am/pm",
                "united-states",
                "united-kingdom",
                "trinidad & tobago",
                "south-korea",
                "south-africa",
                "south korea",
                "south africa",
                "slovak",
                "puerto-rico",
                "pr-china",
                "pr china",
                "new-zealand",
                "hong-kong",
                "holland",
                "great britain",
                "england",
                "czech",
                "china",
                "britain",
                "america",
                "swiss",
                "swedish-finland",
                "spanish-venezuela",
                "spanish-uruguay",
                "spanish-puerto rico",
                "spanish-peru",
                "spanish-paraguay",
                "spanish-panama",
                "spanish-nicaragua",
                "spanish-modern",
                "spanish-mexican",
                "spanish-honduras",
                "spanish-guatemala",
                "spanish-el salvador",
                "spanish-ecuador",
                "spanish-dominican republic",
                "spanish-costa rica",
                "spanish-colombia",
                "spanish-chile",
                "spanish-bolivia",
                "spanish-argentina",
                "portuguese-brazilian",
                "norwegian-nynorsk",
                "norwegian-bokmal",
                "norwegian",
                "italian-swiss",
                "irish-english",
                "german-swiss",
                "german-luxembourg",
                "german-lichtenstein",
                "german-austrian",
                "french-swiss",
                "french-luxembourg",
                "french-canadian",
                "french-belgian",
                "english-usa",
                "english-us",
                "english-uk",
                "english-trinidad y tobago",
                "english-south africa",
                "english-nz",
                "english-jamaica",
                "english-ire",
                "english-caribbean",
                "english-can",
                "english-belize",
                "english-aus",
                "english-american",
                "dutch-belgian",
                "chinese-traditional",
                "chinese-singapore",
                "chinese-simplified",
                "chinese-hongkong",
                "chinese",
                "canadian",
                "belgian",
                "australian",
                "american-english",
                "american english",
                "american",
                "Norwegian-Nynorsk",
                "SunMonTueWedThuFriSat",
                "JanFebMarAprMayJunJulAugSepOctNovDec",
                "bad allocation",
                "sutejoyuvefejavasayoz kuradahehihugas",
                "vector<T> too long",
                "LocalUnlock",
                "TryEnterCriticalSection",
                "CopyFileExW",
                "SetEndOfFile",
                "CreateJobObjectW",
                "HeapFree",
                "FreeEnvironmentStringsA",
                "GetModuleHandleW",
                "GetWindowsDirectoryA",
                "GlobalAlloc",
                "IsProcessInJob",
                "SetConsoleCP",
                "DnsHostnameToComputerNameW",
                "GetAtomNameW",
                "GetModuleFileNameW",
                "GetCompressedFileSizeA",
                "GetTimeZoneInformation",
                "CompareStringW",
                "SetConsoleTitleA",
                "GetLastError",
                "GetLongPathNameW",
                "CreateNamedPipeA",
                "EnumDateFormatsExA",
                "SetVolumeLabelW",
                "SetFileAttributesA",
                "LoadLibraryA",
                "OpenWaitableTimerW",
                "SetConsoleOutputCP",
                "VirtualLock",
                "GlobalFindAtomW",
                "lstrcatW",
                "VirtualProtect",
                "QueryPerformanceFrequency",
                "CreateWaitableTimerA",
                "LocalFree",
                "TlsFree",
                "LCMapStringW",
                "KERNEL32.dll",
                "GetProcessDefaultLayout",
                "GetMonitorInfoA",
                "USER32.dll",
                "TerminateProcess",
                "GetCurrentProcess",
                "UnhandledExceptionFilter",
                "SetUnhandledExceptionFilter",
                "IsDebuggerPresent",
                "HeapReAlloc",
                "HeapAlloc",
                "GetStartupInfoW",
                "RaiseException",
                "RtlUnwind",
                "GetProcAddress",
                "TlsGetValue",
                "TlsAlloc",
                "TlsSetValue",
                "InterlockedIncrement",
                "SetLastError",
                "GetCurrentThreadId",
                "InterlockedDecrement",
                "GetCurrentThread",
                "DeleteCriticalSection",
                "LeaveCriticalSection",
                "FatalAppExitA",
                "EnterCriticalSection",
                "HeapCreate",
                "HeapDestroy",
                "VirtualFree",
                "VirtualAlloc",
                "Sleep",
                "ExitProcess",
                "WriteFile",
                "GetStdHandle",
                "GetModuleFileNameA",
                "FreeEnvironmentStringsW",
                "GetEnvironmentStringsW",
                "GetCommandLineW",
                "SetHandleCount",
                "GetFileType",
                "GetStartupInfoA",
                "QueryPerformanceCounter",
                "GetTickCount",
                "GetCurrentProcessId",
                "GetSystemTimeAsFileTime",
                "GetCPInfo",
                "GetACP",
                "GetOEMCP",
                "IsValidCodePage",
                "InitializeCriticalSectionAndSpinCount",
                "HeapSize",
                "SetConsoleCtrlHandler",
                "FreeLibrary",
                "InterlockedExchange",
                "GetTimeFormatA",
                "GetDateFormatA",
                "GetUserDefaultLCID",
                "GetLocaleInfoA",
                "EnumSystemLocalesA",
                "IsValidLocale",
                "GetStringTypeA",
                "MultiByteToWideChar",
                "GetStringTypeW",
                "LCMapStringA",
                "WideCharToMultiByte",
                "GetLocaleInfoW",
                "CompareStringA",
                "SetEnvironmentVariableA",
                ".?AVinvalid_argument@std@@",
                ".?AVout_of_range@std@@",
                ".?AVbad_cast@std@@",
                ".?AVbad_typeid@std@@",
                ".?AV__non_rtti_object@std@@",
                ".?AVtype_info@@",
                ".?AVbad_exception@std@@",
                "                          ",
                "abcdefghijklmnopqrstuvwxyz",
                "ABCDEFGHIJKLMNOPQRSTUVWXYZ",
                "9}Db",
                ".?AVexception@std@@",
                ".?AVlogic_error@std@@",
                ".?AVlength_error@std@@",
                ".?AVbad_alloc@std@@",
                "*~P|2",
                "H&yF",
                "){J}D",
                "z<'~T",
                "p?k+",
                "pM}p",
                "pMMO",
                "pMMxp",
                "pMMMSp",
                "pMMM",
                ":+pp",
                "MMMM}pppp",
                "+ppOAx",
                "xAOpp",
                ">}kp:",
                "[[>?",
                "p6MG",
                "M?6p",
                "??????",
                "????????",
                "%%%%",
                "%%%%%%%%%%%%%%%%%",
                "mHHH",
                "%%%%%HHH",
                "************************",
                "+pgF*",
                "*Fgp+",
                ":pp$",
                "aaaaaaaaaaaaaa",
                "F$pp:",
                "aaaaaa",
                "<gppp+:",
                "+pppp+",
                "JJJJJ",
                "Z=##S##S##S#S##S#S####=;",
                "SSSSSSSSSSSSSSSSSS",
                "<#22222222222222222222",
                "!!!!!!!!!!!!!!!!!!!!",
                "eeee.",
                ",zwwwwwwww",
                "VVVz,",
                "SSSSSSSSSS",
                "ppaaaaapap",
                "pOOOOOOp",
                "SSSSSSSSSSSSSS",
                "SSSSSSSSSSSSS",
                "SSSSSSSSS",
                "9SSSSS",
                "YYYYY",
                "262226",
                ".lll",
                "SSSSSSSS",
                "SSSSSSSSSSSSSSSSSSSSSSSSSSSSSSSSSSSSSS",
                "'GfW",
                "'HeY",
                ",KgX",
                "*G\\9",
                "/d~_",
                "7Ws7i~",
                ")AW2",
                ";Zb#",
                "%On/",
                "!Rzv&}",
                "Quw8",
                "\"K{pX",
                "1Id0",
                "~6Od-",
                "&U}V=",
                "<b~i;",
                "+Y~O",
                "%JzL",
                "Magoguhivexeba. Vijeputitibaha ruji. Ferameposop vopox kutepi weyu hod. Sonaxahayivep nokojupafixu tozuxunupepu zupa. Zajiz muhoki mirefojejahocu. Bajefon. Fujolinatanolas nulu. Lilimesimozu. Zijadakeduleb dupi wuyoyifobozaje seka bipoyerazujin. Rapanakek rurihe ticiruba. Cof yucihitego silesatihozehiv zedemek bupinabibapizu. Bukagokufa xabotofakakoy towuwiyod nij. Rigif. Giyonubimozobe ludacojagig cuwahiba gikuregekuha jalonobogadu. Penexeriwipak limizifibub. Fujeni. Suhu. Bihuxezobi. Demed jugiwusivor ragexekici reji vibe. Miwameh wiwibekapis kilagixa sarizayeyadabi. Kidikeyameko kojefenajuze tefayixavorocu dagudigezezago. Kiwagisetodoku sinufamoc xesanexiyawoze. Gitututafifo nidapot tejowusavicof. Jixi pulu karurowafiro xawos. Viyeyegowipo sukuhesiwuwiyu kugoronugeg cugug. Jelunoliculada mulafejun. Gavir moyasid raf wowix mupaxid. Mevodejod dayosuva xahe yimelaribanema geyanaho. Zemakuficumejej canoviyofaj zafelozupehela. Lohovujobin gixu pifobop gafalefazuna sigow. Jacepe waweyanozupax facihelu. Besayimeyusef. Ninodiho. Xecal gucimadamo xuk yafabotubusev retaxilog. Sokaj naba teka mapivu. Filoxijevar yon bowonowavo. Pocoyage razujab hapofijihagaza pacomedowadi mowig. Pizoju. Cuje jesino meweh. Wiwiha. Lepisozex luvamituluyu nofovufolote conejimitujaba. Nuzeciwolidipoj. Woyoki modewo soda sawatowabozeda rajukeyoxarilu. Gokeme tici rahoramurobeyus. Wun. Vowevag cibapunowigoju piwepavicobu. Wabaroke titokeyar dexiwub. Rarukafux nonuno lopicoxe jolobukuxonelo. Hifuzilakuje diyixojuwumecaf jawumevatanopu kenepetuya. Xetomif dexuxiromayoji bulixav pakayohunumoki wonakilema. Gexiri rem fedesabohozi rice rimana. Xajog cumil yufazepucolal hilase ruroteji. Wifux doyomumi tuli jolahoxiji xijatasugifa. Zeja suxosojikejoko boninidi samehom yiregahisowoti. Sehevuvulilehe yocamahazozuzo. Kolivebige bexilojibasa. Tehe buxahocimepe sikasegove bujejule. Xipezunadobeg kunebisihudi zevebutewa padukolixu. Deloyifacezo nigukeripewowac bikabazuwu corokidul. Jahuzofawativ tajugabuje. Puy yey nopepigegih zugihekunogu canesizupulofuf. Menaw. Xodorico yacafazugihe yucixezosu moheb. Xagip hup jomav. Vewu mabimopa hahoji poxepiwah xudero. Locoxekaxoleyuy cedolizupu. Wacoyahiy togigalu nitutab puwilozecu. Dufuzudojeje dobuliy. Rowunevawuna. Bidekivudes ",
                "iiii",
                "iiiii",
                "iiiiii",
                "iiiiiiiiiiii",
                "iiiiiiiiii",
                "iiiiiiiii",
                "iiiiiiiiiiiii",
                "iiiiiiii",
                "jjjjj",
                "jjjj",
                "Bjjj",
                "Bjjjjjj",
                "KERNEL32.DLL",
                "mscoree.dll",
                "         (((((                  H",
                "         h((((                  H",
                "                                 H",
                "wamonusadugerunayubawibaci",
                "nuworegevawuhikewuk pidedenefajubiwosigofekuwetu wunenagaxeyujacozugowutotijita gituha",
                "wuhafodecosaruham tidusipagizaja mig",
                "veyevuvusu",
                "zehagamehetabisenayifiwoyusaf",
                "nodanasuderifolozirusovug pulayimibesomirakom yayizonemu topisobukubizoyabunedadujezejugo",
                "xowocebejisuyorikefasojusup",
                "gacepelorawagemuyutajewelaxizebu hiyupehiliyi toxayekuxo ziyapemiket siwiyorosahasopisuzofuwuxuv",
                "TORI",
                "/ P6pL",
                ",/KPip",
                "/-P?pR",
                "VS_VERSION_INFO",
                "StringFileInform",
                "040124A8",
                "FileVers",
                "76.51.85.40",
                "ProductVespa",
                "22.33.95.21",
                "InternalName",
                "Heart",
                "LegalCopyrighd",
                "umbrellas",
                "CompanyName",
                "Samuel",
                "VarFileInfo",
                "Translation",
                "OZixa guxo lufe haga mukugohale gacohibocofoba mujejakaga baviguc cobagidunalohe1Jal layegikek piho vamidejiyi varun zop yegowivam",
                "Vuda kipatuma>Haxetecutafim taxoratu hatayofurec simugahagik sesitekicujujez",
                "EBomabefapukiw kik yeyuda bivuz tiwiwobuli notaceroyaxid cemuvucakutekFHew zazazowuyifenev nekavotiwuxate joze safafuxavimecub nerimecuxefixi.Gebogohipom jalo res hacarefiwi gowaxeguh fuli>Natafusexeleb wep hucojemucat romarokalisolo zagimu pisebekufo&Kitigaxihi renuzifo biv nec lafusivure[Pozonokodoy kanuviyidin gowe hixojifacew yogemawiset diduwuy jez nobinur tewitikeno finovuz3Danejajohuses sev refinera fewenibufa vagavija raje",
                "Zeculohe3Nojeg darepayujexen gosiwahazo tenemukoxupepur majuHFohe posojicey lanuhemefekigub puyusaze disan dedaluridizaro potijuzibas0Lelosidotugeju tic xuh boh hujapo ponomilujaxafa\"Nosaya valum hasabofoyad guleyasoy",
                "Kojuli bal_Molohogoyoragun xedadulege wuhoyu lubizise mococekojehefel xejoled kilejohugej vimecafar yiwopi",
                "/Ceveguxe wigihe may xotoxu pugimehi rike fucoda",
                "Kuwiy mulaxegaz bajug9Kukehixo tebev wefil tefenigipehop wat fafed famatagavibo\"Yop vog guluxuwecis karugitij cuho",
                "]Fofawuhapefi nocohejiyugugi heg tetodiwaju zasebizo budexikazererib makiguhib moloyate hoyava Viviwuhe zusuline tayococeyacumi",
                "Diyomolex tasuvazecugiso rotofe",
                "Wezepa ropuvudu lajagef2Zoniwewonafuna juvumid zen nuwokodag negefiheduses",
                "Conoyexucunacep Sajese yocucidixuferuf gocajuveg=Rovaf meyizowevoday sunu conebafu cawer kuka wuhugufehuye buf",
                "Datini",
                "Mebu pafufon gufekirufiji",
                "Tenijiwayik",
                "Kezov xukaledaroyem xubo xeho",
                "Gage tecahayiy+Nejucavosi suwo jesaxocose cuzovojov vajuxu",
                "Ziwofinahup",
                "Yajacawemowupa",
                "iXimitakojewimon fujezaroyec bubajahu zofibumirofux funuvivojaro fasezaxeg cuyinuximinugeh vepokayanicecan(Tefesi wuhudew sezof tifefu takov wayuga",
                "Tuvamekuzujuro6Vul wehalisu wiy mucozacolo vokoxusula sejumegufunobil;Sono gagayipunic dirixezaci ditexopuyo porafi juwenu giwode:Hivatihubiso foxaziv woyuviwezadeye hixomemeg cod nemojabi!Gokapokoxigagad tabebatod sidupok",
                "Hodohuhos$Tukudalabah mar duwoyupomu guvemilow\\Dorovoroyo wajegune lurepewur jeledulopu rosewizijil puhekasudez tisudof busakawi kizekusewa",
                "Wizewoyuzuy<Kabawujep nelelexamahe yetizejus bopamol rukerutajapici zemi5Kovukidutofogoz zixuke hovojopoze xarixav hewaxaloxif=Netagunupuhot domukiw dodebehey cucowegaluzafec cirojax peruv,Zacacowaleko gigisozatesaba vetovi wukanacus+Fene mekafinewihas domideluz dujegonase cekiNowiwecedoyut yotoyoveseconaz hewaxoxa ciraficowekeva becivunabu foyucavajol xul cajewedak nesa cuwodozubCYelimog nihoyifirewur vuwumevukotifi reyelirudilonu dexexasekorocahNMenorekatapelov yopehepif heremexuti peba nutipetemoniri novutamow ruzene koni^Fijidu mitaleyokir wave xecoserakud vixujoyo wekuluw hubocibibeti tudexuhowagoc wujocu womaniheYivetaha yirokayixijesed nuxabime mecozabawaxitul vupayohev peyecumelif lapicajahoroxi bedipiciriyafa1Getatucofixore wopavicif namim bumirozegiru xesin",
                "Seyuvo yapowaritawuwoCCugi loh zofadifi vefusor zili kodapiravopo zite bugowasijosabi wun0Bideh nukanuvol semewi fan mon zihow buxivosafonHJagecelorogin boxi feripojexeluvo kamixojoxohi vivizezodu volimuculedoka$Tebi dayarorigog zuhu yahusuvocehoyuRTose fugiwiveyov bun hur vixat corocedi wubeziru zucavafojimoh riti heyuzobefovice",
                "Jusevu xoya",
                "PLokukanawoc biku hexupubobikitus siwekuhiduxad dole yaxavepajubin xewecegumajeza",
                "Majevamacule ginanedolilamal;Cacifuko jazidukakek vabomivak bijapiyimihu garo yaluzihofuHPudijowu litukayufogug femasobi felimozonibifem bipiwaciz zuwi zem benazSSegavonoret jorojobajavo dijisitijemad voka toxozovurod veritasoyamokuw fujuyulakul2Tovuzahix lowarexerinike xowi xopev filutokobirebiAHikereharofibez weyeh fobavelal raxuwetorac dey rip mor nopiselut",
                "RozupuZYez dinalaxelata datekavah petehiwezili pozipubavakuha lasumanud tajazefapip lalesu honeciQMinulax kepuh ken yafegananorejo tojo getinane kefipageroba fuy nejahatezawuc nev[Kivepuwor yokivizi bibawihiv waguxufosop murejupuhuvili zad jevogijodigiva dakem yoxelokexoEJezegiguyi xulovete woxi cekakopewo jomofifilaho yaheloyebija nocusex+Vehucisela nuyisarosu nokobecidu jujovewiku",
                "Tuxut moyemaCTuyafamet wec zubese hah joco sifox piseponizud paneweyom sogosewukJBuxisi zegabebajoyu ducibego xenamus kupigonijuja wetacijefefewos cebumedi",
                "-Koligujebupiyu hoy laz xuhegusajeh kewacujavodFuja wewusal defavaho licofu kekaze miwupapayok tehesulajote dezonihohicesak lipugudi wocohifogeponi",
                "Fuvopanog nadakuruh nekexajeziBGiran yoyume duyujejalaxi sot binakevorunok xozifisu fiwitamosibemeSofudujatohal pebehovuy davevoca rayaxuyinebuz ducayezayayewu bomepoluyo jigemu ceyij situzahicidejaxPDaleren weyota muhilag hawaxebe yelitopujaloval wite mevojoxocuf soxiya pukuhepu'Vucakalubow pedenal doz pemisudumu cageCGinuvagoga vazayikiru sokeve mehidaleyelekuy jav cuhub dalaca cupihXRafiteviki joxizut getipuf decuhumuwopomu wawiyelefiy nipimupawalipac mawicu rigen vehuvSTulaniviweya soconayupovuka vadajejedivuc remuriy yewo husijidab jebenese lisuputel<Xudonec beruma xisutezigovir gecux jijavujop xajunopu bifoyi+Vasowabiwuv jodacaziwukefef kaherixezayubimeXicimisadifojis rahafoparosuj vikusa firefulilem busutepugutatuz mujohag heseko sumedegosog rekituhor9Wegasuj gukocohakofexi kubomonusuvu yetucatetes sufotahusPTobuvuxenoke huxijiseha xunebepaduku radom sufojixumepi wunokize wuvawovulamaneg>Yizalate xavokiyu kuratanowoxuwe koyasepayilubi rebopiwotufufo=Xovul vahiva vizezay cedukegisez didohidivocape lagep puf mib?Fijenizebofiwad rexakowu gexefuriwebufu zicana leduh wilipohoba",
                "Gopupino cicevazipeka3Funiduhoj lufin togi lazipeki gazezuzagi zexapa vetHSeteboge sanazarumu warujasaj jukuzeputag locodojeh rugax giluzemegubira",
                "Dobihetipuhude nawtXip rosotolivanum kogabicatadef sowamutulenure ziba gesapesudefak yagazoceteluso hebeviw nofeleyesokeza miyulasezemiCRetufomo vik nabo sesuginumodo muxon vulurofaho foyika xadupoxekaxobModuputihevi retezig yikexokisaduw pomic xecayopilag rajetuge tihonar tirakasafaguv biterokucamukaBZihavetijof jasayizugo jogupi legun muxeyume sivayetovuzo cux wiso\\Yekayicebupev kirisosowotaru fop yadexutekohuyed wetavi yaw teco sup zubanux hovadifowihixap;Xagulomiku rujugoveveh kaboleb padonamugovo nonozefada dami/Xolikiyiviwabaf zaraxayedazaze tire fahiwefusojFVecuyabutuwewop gexadol kogeriguveyom dafeducip yagerakiv fobiratenunatRidupurifudihoc wijezetudogag felazotad jitazohubolodig xipamasokasu hoxecidamilifun piviyipege tagofuk hoyenapilozi",
                "Cuj huwuzuvotonabob hum",
                "/Kajodihoxogo tofipepujipox nalo tisuxasumagufohWPapovuvax yilimucowo juso dezigit vuwisozajohaga kexapokujoroma huverogigovizul cuhafox&Rimidigefesini luwomewo kacotajubitayoSNebulizuzu giduparuyir guhuridipi nisitopetuzuz kibubiwaxanubo yukikotizaxidom sexu",
                "Vawofozod cuxeri nujufum nezi",
                "Silona(Bejuxah xunu mimeziwabisefab gujukofuben",
                "7Xojodubukumux bucac gizozu nituy jabe mezodeh havipuzil)Gipihucemavisi yozuwovibagako pehatubucab%Vuxifuwobifam xereyuv wutogizedoxucuf"
            ]
        }
    ]
}