{
    "malware_data": [
        {
            "filename": "e1da3baddbcf9c26f51c48c828a7fac1f621d885860c7166529ffe64d2b149be.exe",
            "filetype": "4D5A9000",
            "filesize": "66KB",
            "hash_sha256": "e1da3baddbcf9c26f51c48c828a7fac1f621d885860c7166529ffe64d2b149be",
            "strings": [
                "!This program cannot be run in DOS mode.",
                ".text",
                "`.rsrc",
                "@.reloc",
                "p*&(",
                "+5sO",
                " *p{",
                "p*\"(>",
                " FZ=",
                "*b~,",
                " U!w",
                " %kU",
                " %(-",
                "#%(-",
                ",;rc",
                "*BSJB",
                "v4.0.30319",
                "#Strings",
                "#GUID",
                "#Blob",
                "N6@D",
                "g6#M",
                "Y5@D",
                "t5RL",
                "s4#M",
                "<5RL",
                "56RL",
                "][CM",
                "IL2:",
                "\\72:",
                "wCTN",
                "712:",
                "!D2:",
                "1Q2:",
                "zYTN",
                "cQTN",
                "P1QH",
                "%CrZ",
                "@v@X",
                "x3412lT8g9OI6goxcDYmHeyEl1PcAZkfHVAVPSRW4W0mpGQOztuAxe68qM473v00",
                "NJNXbr9KB3Rk0bg4uVPNMT4tWr2WHB5teYRCUNvFhdoustUNlt7QKeaQOTxDb4ttuGOzTk4kfUNN0",
                "SzcNvQRW42DZiVq1Uv0",
                "sAllzEYKWAR9qUa6XvQBrh55MU3LQRAIzsImeToNCUJ2dJs2zkinvVfD5Nt4HC01",
                "WFXqZ0yiF6vv8hR5qeDkBjZz8FyxOjaWLGZdI9ULRCbF6wqxKUOeFGNBH0B4Gu43pguOtREwaF811",
                "ivZRo8vEEXXWmBtHc51",
                "jsYTDpwFVY3x5lJyJQ86U13Igo7B23Ix0NJG2lo776GhpPKQ86evt7WKDd2vTI6oEvgIAk5TyZOgIev8oGII6C6lGd71",
                "s0xhYGI4Pv5IBwj3jD48K4q3VPKCqovuTGwawWTvbFvffpnRD746yjAVU3jJRGvt3LlLltF91CrgngDineLnz0mbQB91",
                "nuVNS4xjNK41PTtFMq9537Qbn9uuCOF1",
                "wypZZcm8aznAEEiTs5mFcxMfDw3ULeSQsIsut67SDtIwY0gwWINIW4dgSGUobGdzF8prcU93w88PtRBW0KgrvexJknO1",
                "_Closure$__1",
                "IEnumerable`1",
                "ThreadSafeObjectProvider`1",
                "List`1",
                "5Ixifz0GynJQye36VFILyvkRBa7fQWcto2Jz8oJYsPGW6JJasfiorycS6EPbmun1",
                "9IN6oNZfdFHDn42zhcpt98cTWT3imzVc4JYDVTieUkfVfSLNbjHMqKDlcgowqt4XGPvCUK7PKMepAgrvo8xFcao3Lau1",
                "ntmPRMybyzwotZHu1mPRsSSi2xD9TGey93jj19wHgpA0Gk8WSPmpxsJmGjQNfyv1",
                "Microsoft.Win32",
                "ToInt32",
                "vrO30swcg6yZYN3luL3gEew4WqY7ZCEVGIsoelfYbTsrAKM5ToltRb6V2xphMC42",
                "yTWSyEEWonLjN2iZsOFZj0HISxqocqJNJsPBUkb771jR8pWvq47OYM4CBbpCyeyjqwWydc4XTYQ62",
                "oOZ0HwFTOMJAyRmdBGwutodCMGpTlwV8VrdVY6xswap4bKRPjqHxVtaFnY5IcZJh6zpJMzBmyvGW2",
                "Func`2",
                "Kc1FDVsojFnVqLSUF3EbFzqf3QKI6S5xjwwNJSysI3bVDRNpVbEmEvBK6ffaWra2",
                "f4A2qmidyXcUqC8whd2",
                "iprE7AS7QQFNvLsAYMtiJM8iweApYqD5nYGNlm6MvIT5ifjUNsxFIFCqDUiW3q6OjCynTLJS52ah2",
                "Qk2EqreGmVFR42AW8GTDHsegfqSVmnlXHv09QHcAnHM0NmWmRweuZ4Z6fRNnuKVBq4W9fbUNnOFtaepZD9UjWxwV4wr2",
                "kDql5VbUZIBXfIoOvTvTqfozLH213zy2",
                "AxkZAo7WgRkca090kKGpva6pLaJjWOrMna4C9FTpduYY7EVZerordyAaZVZkYa33",
                "uJF27blsfDmGoP2NWL3",
                "MrzXkTcI3YzXgLv6Dmu68BLOTzqv7Ph6oxm8QwuIufJdVGxROEhM4J11MEAcNpdl07SEzykn0WZooHcduEqrZJMw7vT3",
                "Int64",
                "XEzmHMZPU7A4QZVuVg1NAQJiNMCOA5vWSHYnncO3JfoElOMXcNhISWPkOCB1Cc6b7O52oKwNWQAfo6nE16bfFAvTu6B4",
                "onbGAvsfKxG2lazSwtMLNhHCjCXbjeP3hd40cO8F4a3trjQ9ZVLIbz4Y1ZRxFVEDB2vllGNzZjsCDe7fjt9SMkFiRAB4",
                "i2h0maZIDAd2p62xpl5meZioA4GO2ED4",
                "vHTvGh6iRHr5jMhznT3x7aZU56tuMBVWvvF4wPErtCaWHAEUVLpC9LKO3z4dutL4",
                "efRloSTm2s68k58B5bb3sxhS0xveyr7IzS0hy9PBiYHtvActLmnfDJP43bfp0dY4",
                "K92Q12rFoW8Ph265ci4",
                "JXz6gF6K0LuoOwhYZt4",
                "yZF4AgHxpijykuFPJXgHKoKfwcCg1UiSuyNBRNnSe0hwdqYXYfBcAOIjryWP8bY0ylhoylOBTF5qc0nXqIddtxNhk9u4",
                "86NGBO5WBG4DSH6lFZTNtHg0MHOBCgighzXVqy7LlkW3Yn0ChHJ87f3R7gw2tlD5",
                "P6nhPQu3X3PTTMSlXX5",
                "P8tviGMELTfqPsTKHwX31ZzZLcoa21Jgg93f0SEOYSc1sIaXqFVu9uxkLCe5JFZ5",
                "HHkkkhGzCcjgjQJPVZ5",
                "Kr3Iyory9IBTEHOK3H5IfAdXUUHQ3v7Tyyaf7Ppv0VvcKNobEdo0W1Rc9y2CLvDa8oP1rSKbTGc96",
                "5NQv4Y2pNNf6WtAjqSR4I7VtADdm1xW6",
                "iFD4pKX3xUWcO05hHb6",
                "FAyEpQDtPdDVouQ81y6",
                "qeMKvIHStXUyazUPM97",
                "cQk8dH2EtoXPiPvvssEYCMlAylKlpGB7",
                "HhoKJRmdDxY4JaHKyhrSJ2J4Dok1bYB7",
                "9CKDGGHLO6sRaqbsfmc8P04NiyCPijO0MrKrEmCCs7gdBImUjNaoywPE4uAHAAmuiYFVmVBIIIUC7",
                "_Lambda$__7",
                "LPxzoQ2xK3pkhpPmktQVqXW2bQJDBcapKTjRBEmG2U7CXYL1xCmQv8UVASTHI2w7",
                "get_UTF8",
                "I2MTU4fXgIOVf04JK9xcLFQJyrbNC65ExlbaAiHtrVup5JEWisO999dYcwmtWyualCtwZoPdCSpL8",
                "W1Y2ACVAXHMkqgH9q0bDryJZedlseLb8",
                "xqSCajVcT54LXiNLYvmbQpiX48A5xs4fb91LmnH4MTH1YfgeK4a2JIUg76R55yl8",
                "JL6BATyljyl94cWhjyvo0dtE2d44jlsa1tPfgAMH60Dar9aZMjsCms67NGi6SwgBnYZHkQEGy0rG9",
                "FyI43bibdnrkWBt9CCGndgkh4bYdldOcNedQj9PznVTgdUHTBKPyisaedWNaF0djoLyJWOD7DkSzJPzG4Pcyny1n3vP9",
                "TSRsGjXMwb5KMqTCep9",
                "<Module>",
                "JnIDMvSxF7LU4l6iDoTFI3HFnZsHBG2cpJa5yFyaL8F2UUSJUGuskGGgEedmOjCA",
                "FH4Ad0QRmQCJCK2qtx0AiTeVb6k3XnGA",
                "NGT9yuAfMTelVgUnljAzrnZ1CqkUtIRA",
                "pssO8ZakHbeu6JXKObA",
                "capGetDriverDescriptionA",
                "capCreateCaptureWindowA",
                "wRN8fjvlWE9SaGNqOAB",
                "1CGBTQYcedTSDFFz027U46qYLNtPmb5HiRCFGqLyGKB7fAns7KJKutRfrtFUghiB",
                "nWU1a6ZxMqz7F6oyY8WNDndbsi3lMD3OdvqyIDGdsRya4W1sZND5mVRijUOf5zROFlWWBqlbbvR8Xo7D2xxWIVBMKq2C",
                "8Xq2v2MG9Zdz6VipUkH6qKDn5WEYhDzHq3nhRkw7FPzU56wCwAn3VEfAuWzatxhInHqa1vPND6XPC",
                "xNUdCxueiUykmYDCEqtOPhPXG3wHmws96lHVrwnglXUUp35hdDQwOojnRlINnQSC",
                "vBJr0EB1UZyh79BrCUC",
                "WoDNco2IIiOnrFBRrYC",
                "WbizkizaDO05ozpycCwLfSXgmIvDfwZWoaWGGHNzucElgZw2dpm9HJj8ldnwdxhC",
                "NTF6KRiwr0m1W6PItsC",
                "8tW9wIcSAuOvrrS2L0SnEiMh5jANBVK1KcromDOkNvSZjiejyawpwPtYE0SrAQwC",
                "lYcrayI32XxywWRhQyC",
                "8wEjkRokl0Ap3lMMgdR2xcoaP7ICwNSbPGUmIOUvsHbj9o4xbSTlukK7idTlGCzQX96xjIBtvXLV7vNel55YcfnTXb6D",
                "ES_SYSTEM_REQUIRED",
                "ES_DISPLAY_REQUIRED",
                "yblURcLjseF9KrzpSy6OupcTzQJp4BlCm0qlcaW1yjgjz3F963tTYa4yTqn4PmFD",
                "YmdxkMDa7gPd8nN4AIRwulzRvNhbi0LD",
                "Ve88rCh9kbUoCISZRdIp61nF7aAkDoEQwF4NXLYSljmKXc2RLD",
                "LELJ9JKKSoAdQH5RyV6Rl5qAD1FxmgsnJHGMijoigViA7PhAMh6PAJ0B6wxeEj3aiBUO13lFWNBQD",
                "n2DbTKnEDlhZBtpruQD",
                "3LoYC6e3eblVVLimhYOIomJNnWA8pa0VfuMMho6QJHrJpTWug2Gp3ukjmFnQ3MRD",
                "0XCM4WnzcU82WkQ0QiE5NqX7HNsl7IclFMrmxjRwf5WsEMki37nCXrm4ENxvpE8x2cL2el6V2plN9srgi80f91cGmafD",
                "q8Llf6TjrYmFKX64kFPH3mYRneJquKstNSQRMSKWWcgRQpKeCo8mTVHvjoAx7s1fVNlpqOVutangeWDaAoTFxzQxxBnD",
                "SQrwZC2T7662IdtZsrwyfn4cX5R1xdyD",
                "UBKLspeiowNS4F5e0WJFZWZOP7Addz28nv6GrmI928f82JAS9jOyJzPFbLDNDZkuFTCK88oVlKfKE",
                "Pw4NWilChgkVBk5XCkcxeOetA91Fkhi5QcTvJqNhHkGryUJMho6rr5ja41GhggKE",
                "cftXqqML4htKLar5bRE",
                "KWWFfZGLWjelLzOyjSE",
                "EXECUTION_STATE",
                "KIpsf5XC5Yo5f5mdGA3ykgMT2KwdG1pSElyhZwiWIxxaefS1l1LHAp4r6I0sDBgE",
                "SWgE0KwK6ndJnvozwH3mY04S7YDYoKKrpMVVnhrrebe72UkjyDjxGzWS5nBUW319AZb2xM1mOrMhE",
                "sAywMEqlpYNnjdHW1GWj3hhQwPHVC98fLFNi9FJCQx03KILlCP54wxqeURPybzhE",
                "a0aT0POdSEIlbJE2HxE",
                "GS8IiTV9ljKzIKCFtvHpB1VhqOUocfBoRX5dCpV0H60ByFKczpldNFOlFwzszmzLCSA1FDWPSIV2F",
                "70lqBRTE9IvZ2OLb69F",
                "oLr1bNlgS7SyDtZ9GBF",
                "lE8FxWvB9CSqH1aZaxVGC96VlzckC9IDwsdqX0hFJ3XoXGfUl7u23S6MjIpPz4dF",
                "eTaC3PwMr0YAFP20IPRXg0lKEISTAxCdqe7nvRGnwRv0a4Pi5BkyI0j6RD2Mb7xRi0mzmHi54vfhF",
                "zYNAvXMpov8G9EsdIRnhaaHhy9rkW1xgmkdCwcgaNwzdYsEL3Li3rReLOvI2vCiF",
                "b5U1802qyxMlZ13USlnNyFwOf4bnyRTLYvkp13MELDED0z9oWTVETfMHk5V6LFmF",
                "hPzi5b0YegpQDI74uvF",
                "DoWjwEDjdgcXHAm9o4ZJmWQ3SEmfIsihOJd7A5rl969tfyPFnwlRKhhUuPC39kyF",
                "7R0UG4zSXA3WNWOvcvq1heI6yJdBQHrx3MlujVwrAanlOZcXb2yNo3FnTV4veM2G",
                "uEjapXloH7k1HSVmQKAMcZNG4MMycAVd4EClIcWznOLoyWGSerA700D1B764VRRG",
                "tGyFZarz6to8oLYuYXsoNHKl7R3jYnctqSxbiPN7cXCN1ceK3u2WjRWUdcqXhcMimpuU9c5vnlYDO1UxjWxVexu32l2H",
                "tR1BO4N05POv3m5ur7H",
                "6DXfRkMoJjxpmdcv9AH",
                "DktzLqnZdMYUmmUkdFH",
                "WI0pr9XCph0McFwCBkVjMeQjk8n04HKdZqfBqGJyFZFXOR96LH",
                "Wfs7QxUmpor20Z0lh3upgihDrAQbWgVSxYItMg1UF5C9T2Z1wAEqNLsSmpbeLDcH",
                "vDEFwcw9GhV2wZ6Gsi682jfyFzPQaYhH",
                "oF2dJPHQhHxUmCCflX2GQqkZBgnf2tjH",
                "Bs5Ge3UonK3uzezwb3QBfJE2WKqIyRbJ5bkllWDIyp4k4CpoETU2gydm0oebK7IUpzY1Kob85o89I",
                "get_ASCII",
                "Yg4b8c0xdZAxe2CgXTTDRcS6NLc2GtjVPrnydBQScYgh2XmTKyQcnggUbevRLGLI",
                "tCVJnYeHLtoYsEf4NfI",
                "GjQ1lK3LDyp3UsvaQq7iK78J0Zg9tjhGIBV5NWSdwcQ4EUOJUAhnH7YF5A82XxfJC8v8ywWbPqxxI",
                "pGqzL6rZjQRHmNEQ4dqMnu2Swj2YPtg9sg4UoLifpPTOdiMMkOrk3pFmoev58Ug7qBLOOKsvjXuCZZL9CaMIxpYV8QVJ",
                "VZZRk9LVbzJcME98ySI71aE5yU6kR6XJ",
                "Z3JOwD6iCPHEOXh2rlHABDN1mAlZQ4PwXCPx2Jo12hzLSthz8JBmmeJXep8M6WhJ",
                "J5mCQP31JA2VEnPld8stl4ZdiSHsE15dFOy5Un7GwakGJRiXiJ",
                "quQmS9alUZ5WGW3Rs5QyPhWAAut1CIvxgAnl7ByqeIszqwb8HyzThKkfaPeHopiJ",
                "xR4UO9oiO1DNYwkhwbbRdDJKVrwkf2mJ",
                "ab5LZwuzVIPtNI0aacrkh23vhrFQzOgMNr2r8JI6swnjYLUM3tTXP5HqW1ye5R60Px9iQvOIHZjsJ",
                "1cCWRbM6sdstXCUuC5RUh1OtqnAIGaCfRRLn0Cpw7jbQ95e5jrfSb4uJVIK8HP2SgseP8RiwULovJ",
                "midYpR9aqsTAyCURC6K",
                "74I1JAoWf6NY0ec3mbVjLLviO6zuZxK0YNDxBUkdl6LyTPY4OJf22qYB3lVw3lXr09hwWHlKO0w0L",
                "OSSlMckTJlUNPIfgWzizScRH7nzYmBj8tXPYzXYmKx9buDjHl0Dt1cc8nnhljhDL",
                "VS5BvxFZRbv3R0Qaa1TqhEBe0fpZPzYL",
                "1Y8LjmwCbxYrdRRUeDBfkXkiV2XmHRoL",
                "ERzBIp5sptrGdmZqojM",
                "JbObTAGoylgrVq7mFyM",
                "OvPjfceJYhxbuhGCO9OU3Dv5N0PdsvTaU8NWiBUDkHZ4RdjcPX0O5JGoUcTU2fzM",
                "NZAz8RidZfpK7Jde02nhMLXpIg6lq9sVDRIjJlAalziFQvCdfibVStbu70qimVC015YiWrjZi3a1N",
                "XRz9Lr8VItF41BiZElXYMFv4Sip4kj1TWQlH2o376IOCoQ5c2N",
                "Jb8KmDv309KDCimV4HVn9Y2F6PAgVJGYTjKQx9K8V1pVUHUBnH3kV9nDKW3b5hG7yOt59tvDmwdMtMEm3qc09iRKLmKN",
                "hIt7xmUKkTyLFkZ8gbzbTt9lzU6fe0xE4YCSoPiw1EwY7IkLNN",
                "IE1dFjWgleRYBnc4MQ9XSYwN5wZdJOUN",
                "ZSGncZWJiXZMvzt04VN",
                "RiuB0auYXltu7lUUICO",
                "cp7MbblqgWZg49fr1sF09sQ5NG7Y8KvLHRzNseTUdxNIAR78jIcdlmTwVOs8WGIjGwdvsRXpQj5FO",
                "LASTINPUTINFO",
                "System.IO",
                "7ZvUecdxaiHS2rYG2MO",
                "bFsluteR5cEp5o4b5YraKM7uwHaNmjzi4XBAiFZ7QrakLhPO3HyO27fqsbJkILEEoBENg4rmruJRO",
                "MsSdiMuqYI3TmbRIKjYrIVC6RBwt6P0HuzUj1bzfQHwTMU4k0QcC4aVqET8WRaVO",
                "mpKA8f9ET0sEQaO9IqJxEN5s8t7wPKIwYIQbDhRfiX3VFYEuZ2CC2IcxJaRU3YXO",
                "dRaBK5cvkX44ePkCggvJwCxelNMWBs05v4wlw4B9p68Pm9kO1bxvW4zMKq41oSfZgL32udCJxFKuO",
                "GmpVmVz27tN55Me9wuDC5TO59vwv7GuUw8eG9j4LthHVdDj2AP",
                "27cfH3RrSP1xeR5yWBN0dos2FnUwr1BROMKPjIyOCsu3a4jdO7GBu6ewdoRwHuNVVnkizJ56QRGGP",
                "m3gKueoOQarMhUJGCQP",
                "4wNLL1w9dwpGbxinO5yILdmwU3NpV5gbimTYMxFL1LWrRdKU4nbFIZjDAyJ2BIaP",
                "vWBc9Ug445gmoqRI1w9wL9cvSa7buK7B5ZW1T4sQEiJdr2uUGSgic1xUUpgDYsbP",
                "Tp9XEo57WK8kcHryj2tHhn6Xd842YA0B9TyAjFSxMSrlcbovX8bopJXSASbpgHjsX7WTClF5oIPbNvzmqTJ1SCeVIRfP",
                "iMsODGikWPMp6PYuVHVMTPjJ0hdSip6A3sH2bYc2j7LgplQTgkKmLX8cGWgFe06v10fr1avRXCgiP",
                "bEYSGIsktPZ6ugF5EwdEZIVkLxU2WjmP",
                "W0K9tNowIW85NpFQ6u1ASUWk1FFuAK6hw7JRVsTlnItR2orHiweHNcOuVO085z2Q",
                "rHDnJRW5Ef9gCLhrbOXQZsO6nYfPMzAgrfG0tIGdAf12ePMOZEgEjeltY4AJ29cX5saRb8CyLtmDQ",
                "vuZSSNazTMNgXYlOEMQ",
                "yWXrT33MVBRwamnwrjcdzmvFIbogvbw36uTjiULwTXEf0wfph9etPH85YNqKE1qVLpoKn0vqHZGsnggTR4dsFdBY54PQ",
                "NXihAz3m8dOOD1MgfFb5qdZZOi4CKR1R",
                "wwtHaV2WT0m1vqcdsTdzWu6lpGMQUm4Y9I92qMUGoKFHJto8hBrt1zsEgkmTdjDR",
                "mToSpZYw5jNkQc5GgUI466dAAZrfJaKR",
                "Ax1YcrA21pafu8beJaWXn93Lylo2M0OR",
                "9xF8KUWdd6qicuXFSPkooVQyogQ7VJOR",
                "seBCvimGsvGilT73hyajMlnNo2ToMBucGnJcQaEdO2BbPkBShez690OrPU0MS5SR",
                "LZzGoZSFmniyvSUegGoyI8AC3UR35LRRrt472sFMkpxPQ8bSZ2WRLXkZPRONt15ayhIoQwi7yOxpR",
                "NkWk90IpXshOQdTp1dUA9Ec9Dz76QVyR",
                "0yRF7hbZvI7y1AJoY0S",
                "KBJ3k2t3RtRpYVnDMQ8KQ1exK0r5FAG9OwrNDs8YZIyD624FYU33TP72YTgiUmC6WLrfAC5lrn2FS",
                "QRhvDUU523hus0cWUCKpOfKJj5sEBWdEnpBaHBWT8yioMDczAw8gCvFU6YfxSuO0rHdBSSs83uzPS",
                "ES_CONTINUOUS",
                "RuWIaKUTGkAlElh79Xpg32QydHdZtRi3IgumPR1sYOWugmSD0zknGMpZQvn17BeS",
                "NBB260UMSsQVVca7xNe9qp4Y8Tik196kBLOYoBtm02RBLwpW6Eal3KHmTCRfg2xS",
                "SSoNxYs3vIBAJf27wkaHG7aHUYs5qGFNkhheqEJlY5SuzL0rMpb8BhZ4XhNj0x8T",
                "zCd8Zyci14ZgZpRgwQJOyu5OPsQe1bPT",
                "ou3e90kfNfJ5j0Y6oRTajHRoqKuJQFkT",
                "bSfa8hPWsnMvJ2pgU9gVf6qcAcKASuoVsTj6gFGL2DrNEns23U",
                "wHCfE7rfAtr3oBq7A6U",
                "8mZqCmAT1XyI4Ym7N7zhq3C9JfOYA4U6DzZE4iFlLswtzSRbCLHfkGlN2qKPCpEU",
                "pQznxIZsqjdwjPZ2nnrzQrDvlZ31BKGU",
                "gSHoCAsEE01Ex7AUMlCXXroPsHd3AwvqFmbUawyp7ycBdvs3NJfgSYbEKVcVSwnWKz4PTHRaco8RU",
                "XuYL4N2gef5En3NfatOjO70Ao4L3zCYU",
                "vP7RqPmPNm1kvXWDO2N0sj7hSoJLrN0V",
                "AkLB3oGaGV4gov4AY5V",
                "9j2nf93BG94xS7bXxRMAX14fQgsEx7mRhiijQ8qBzEfAdjHbcZcqwv8bc8N0ZWaV",
                "lEAUlo6KHPv2B1Sga1e9Lrq4R2AtwjAMUTpm6xuXE3f2e9eckspoe8i5z7enoLjutCjCxOrBtOWzV",
                "C3xWAtCPi8JzeH7CsCrpqGdiNNK9q7egBD3SSrMCI0hBJRUfdLEt0Vld1wAzxUkB8glL0twhgLjIszA6qA3i6sflZB2W",
                "pU72p6yI9DbRO1kxteY2pusCCNQoZYqZQnk0qqk9h1OkSFXQXP1itViEa71NN1MW",
                "LxBBeTZT7nhfICEWmWWQDNIAr3XlV5OW",
                "h7tlD7mmEovpXhcFbRW",
                "HI5QaAYyjORFVczhK1X",
                "wwHPZqjV44z1JpkBy4X",
                "1n5FR5DZWH248k1gRMDOYpVredxyC09A2Ks2g3NWOCzEXOdXymeA3N8ZuJBoNKLX",
                "VLkoebKboybnDCHRZPX",
                "sBuD5fyKbrHcjnXzyr30CnxUTt0BxtBsnDkYtnmHNX4ARxF0B5eqHRYw0EKUKAVX",
                "k9VBxOd1FnHG3YaW9rDJC3vVrDUicgp6W5GgLxOfFvbg3fXa1WcjvvQYOspcIfaX",
                "NrsFHwyqUtYriEydNdX",
                "jRb6RxVoebFrnKn8PRSArBEeZyjWPAgknQnbnRBgC2bxks0bTpNnX0gOUCUmz3djW1RnuGUMreClYn7aVGLRiCssNWBY",
                "KWFfGWasLMHeFHUS5S8EsEZtsudAm0xSbFxcNRgUeFAJmq3J51SLOokUx5IqtidY",
                "bKSvkHrY2gtaiI9Gyk5UYksXjaBnhBePncbdeqiAg6Z5wKKqXP4fAuyUnxoYtJjY",
                "GaecfFxaNEUg0aLuCjIQp6d8Ak2LwwNZ",
                "lm1vekGbrTdDr7slIiKIsUTWF50JrbUZ",
                "49hmtDrY5A59hkSnq4ijRhI9iNAubnAl6akyv8zp0vRKKCZJNq6Gsba2sQtXEImZ",
                "WiyGyrEzvKWzbqSffYVEu4yjN0twTFwhXftCNpLbu5tGaVw6Nb2mYVetd2X0mhvhIfBV1xuCLEIqZ",
                "Dispose__Instance__",
                "Create__Instance__",
                "value__",
                "AxeUkdbgiLuasBGay4a",
                "JJPhYGH2UROzGTr6NJjfsS9oGnnXWuZZSekBOq5wI6Jef1yFUPlVdeoMAwO4uT9a",
                "qHXcTtIq7nAxBBLiRTheIrbXwqkfkqCa",
                "LGnIwk03q7Y5U1ejqVhPmsG3OCCsGYGa",
                "Vm7n7o6oRfVJlJdrOezRWhGo6weIsP8U8oyAcC3QxwgyJR6Qyb5pbndLFytQO5ia",
                "9OXqzRnZh7Y8uR0gVzq6T916dJu2xj450NFG8jZ80sbBN5coZdPaDYss6CUYmVHfSogEUezybko3c9M61stCKEp4BBpa",
                "ProjectData",
                "GeMOzAVe09NZgecgqGnt0w9YtpoAjyOih2fhkSxIePnNSEIVtGyqcMfadk1yaaKa0HWCE3B1Oinua",
                "gvwuSVYv1FL8GrkXZzVJgL2atJQcOCD0ZQi28YieAEPG5ViZwa",
                "eu7VijLadwJ2Xoqf7JllnPUH71shBX7oAsWxBnksBgyQQ1rONhOKekb434KRRPnRWTowdrkVYzc0b",
                "lF9sKyLkwPwqqWvVvJme4zksMACnemWqMzNocpvDFUdYUdGBOaaOThxmPnsiGzhD3LVLNDg3ACLBul5cDOUL9veo0p2b",
                "Yd8oSLM7n5ffGoKbb2lguVxVliuHKcpGYyy0OetvH7P7qEmFfZzDkAZOjQ6aJaEnsxGJN3Zbo1EFb",
                "mscorlib",
                "kJUce9z7q29o4h2aTdqS9AmzupQNmOqb",
                "Stub",
                "LnhwGFcVt5V1plfmOtLA66zo502UusEc",
                "sSDhNgYTPtu2I1kbxyMTAFNNkqjZUNMc",
                "HLeTimDwYmYF3zALoUuw2eROj3HEaE6wMxralhIrKjQLpuexyrru6P6LwrgHFLZc",
                "4LVeEg94RLvLUP4iWfMJYlaYZ4tGRcYnX2kULg718dCe42aB0TBji2P2nGdmgLrQeT2KTWBdNyubc",
                "UlAlK3PkOHheZ6fm1BiTo6mtBmbhtI0AZQoWycJKFfzzkjXpjiF0cALLNpolMqjxdYgegBHIuYzgc",
                "DTFvhgE9iatyxtXRyhg7uhOspD8HQD7GvEaOahZ3DRHQILa5lyi1CtKuk3bsyZhc",
                "System.Collections.Generic",
                "Microsoft.VisualBasic",
                "KkiuG0WEgRTGeiRKD3IAtxRj3YwZ8NVAK4wPOWosWjl8uIWppzp6qxnSy3YGC4lc",
                "3ShrsLZ2feB7DVvUipc",
                "fyETlbA5OjnMjXLNyjgAVMzPbpCz6F8d",
                "vJzpPyCiTTBwpnToC0S0aaBunf9oJIpgH3fm0lVQhgg9QVHBP07IzKB0iM2rJhBd",
                "eiuysHzgqHPYenAruWumMu6K3Lv3y4I1Ymicc3Va8Yb0qX5dMv2MlVr41L8AIPCd",
                "CPtWvg4jfKoUHCfNzvkCChXTXQ0nD0qaCvqrsUgegJzzFejw6v089oCbLvAejNJd",
                "Thread",
                "Load",
                "ag7SbDGCKYZoYgJZmD4HR91tYzuHfFc7Ahy9AhMwXlqMbY7QUOAqIOrtE3zGZLdd",
                "RijndaelManaged",
                "get_Elapsed",
                "EndSend",
                "BeginSend",
                "Append",
                "RegistryValueKind",
                "UBound",
                "Round",
                "set_Method",
                "CompareMethod",
                "mkOE9RABMLgfeWyZXtb5hYkUbGmvoSiRLQxqt0j1aaDBgpDiHe",
                "eUJDmll5ZmmQfSNnXLnYZxsmOPJX4lIe",
                "TuaUWCRnLFj4hPoCXXyffFaYijWkNvUe",
                "2pSRYzO7X27rbe",
                "Replace",
                "Space",
                "CreateInstance",
                "get_GetInstance",
                "instance",
                "GetHashCode",
                "set_Mode",
                "FileMode",
                "CompressionMode",
                "CipherMode",
                "SelectMode",
                "FromImage",
                "DrawImage",
                "get_Message",
                "Invoke",
                "Enumerable",
                "IDisposable",
                "RuntimeTypeHandle",
                "GetTypeFromHandle",
                "EventWaitHandle",
                "Rectangle",
                "DownloadFile",
                "IsInRole",
                "WindowsBuiltInRole",
                "get_MainWindowTitle",
                "get_MainModule",
                "ProcessModule",
                "AppWinStyle",
                "set_WindowStyle",
                "ProcessWindowStyle",
                "get_Name",
                "get_FileName",
                "set_FileName",
                "GetTempFileName",
                "GetFileName",
                "get_MachineName",
                "get_OSFullName",
                "get_UserName",
                "DateTime",
                "get_LastWriteTime",
                "dwTime",
                "WaitOne",
                "1VKc29VFApEBCyXoDTQbL1avx9zycPYYxbTT27nHm0l5RwvpJqMifEb6qXCDfSne",
                "WriteLine",
                "Combine",
                "ChangeType",
                "CheckForSyncLockOnValueType",
                "get_DriveType",
                "SecurityProtocolType",
                "GetType",
                "SocketType",
                "System.Core",
                "MethodBase",
                "ApplicationBase",
                "HttpWebResponse",
                "GetResponse",
                "Close",
                "Dispose",
                "lKQ1XcuT45Oj6fBQwBWLiZCHbG0faORneDJ18BKX4MPXuROCte",
                "Create",
                "MulticastDelegate",
                "EditorBrowsableState",
                "SetThreadExecutionState",
                "Delete",
                "Write",
                "ThreadStaticAttribute",
                "STAThreadAttribute",
                "CompilerGeneratedAttribute",
                "GuidAttribute",
                "HelpKeywordAttribute",
                "GeneratedCodeAttribute",
                "EditorBrowsableAttribute",
                "ComVisibleAttribute",
                "AssemblyTitleAttribute",
                "StandardModuleAttribute",
                "HideModuleNameAttribute",
                "DebuggerStepThroughAttribute",
                "AssemblyTrademarkAttribute",
                "DebuggerHiddenAttribute",
                "AssemblyFileVersionAttribute",
                "MyGroupCollectionAttribute",
                "AssemblyDescriptionAttribute",
                "CompilationRelaxationsAttribute",
                "AssemblyProductAttribute",
                "AssemblyCopyrightAttribute",
                "DebuggerDisplayAttribute",
                "AssemblyCompanyAttribute",
                "RuntimeCompatibilityAttribute",
                "set_UseShellExecute",
                "WriteByte",
                "m_ThreadStaticValue",
                "DeleteValue",
                "GetObjectValue",
                "GetValue",
                "SetValue",
                "set_Expect100Continue",
                "Save",
                "EndReceive",
                "BeginReceive",
                "XClient.exe",
                "cbSize",
                "get_TotalSize",
                "set_SendBufferSize",
                "set_ReceiveBufferSize",
                "4zRqS4gp254UVjrOvjWBuvgHZOCZQ6NLVevEGiwVNqdsupLC5f",
                "SizeOf",
                "wCn0cuzmYFCoTdOmfScozQQo1PCKy9WbmWKxqZaQbBv4PqTtLLPH90iwntfki2Pf",
                "Ru88YGXmqMmOxcmS3Dg",
                "9X6Dcc5VerWhhvsrxRGiqCMu61FTbiIg",
                "89xnkBmVDI9ixvInXnNe2nraADXyxeByTSfKuIz07HSy4NZT6pxCO8ctFJl3xo9Wxbi7QDxS6tBJg",
                "pGl6E70Pjwao2Oyrjs09xOY7WGUBxTIDLqRCXEjTgUAifqdPmBeAPwyHWPbI5lQSa5UWXXvSPfBfDgq9nvRJEFZTWBOg",
                "OXCSQ76fnulP7rzHJxyP1S5RzH5BwDip5cdeg8pHZnei9y4AJfq3V8KREdh6XSYg",
                "KF8RyQHqRHYlMz8yl7KBi5hxHT0Udr60NOlv9tuOwBmAeSftK3GJ1giML9MwJ9ub1qjjZmYI0Hqag",
                "Rzr6ELZ5FYns6A8U92zJoM3cmbWp2Ddg",
                "get_Jpeg",
                "kVlm9o3NOR0rfSKr1RtnTzF4yaQtv7b4b7WVmWAbG65fKXgqcekil26tOz0ANpeg",
                "System.Threading",
                "NewLateBinding",
                "Encoding",
                "System.Drawing.Imaging",
                "FromBase64String",
                "CompareString",
                "ToString",
                "GetString",
                "Substring",
                "System.Drawing",
                "ToLong",
                "set_ErrorDialog",
                "t3FjY8GrxOfCaGGR3urQ2KXLR1UL6hlnhcfUBdTc27w3UOihl7gNDbwotCMEg7X61rHjF1T9GLyPAIov2HW0enVST9sg",
                "eoRIMD9KeCvS2LKA0eDTSRqMXdFqun25aJ42SqOuGCk2MrtSKZfoauidPM2TsNyg",
                "ZkrdOo5cn8os8MlZ0tge474sgUtTvZKWrecDA2AtIeszuKs89FjHKOaZC5S82VtHZeiFo1b9KnX0h",
                "kWR9jjFl1A5xko8KB1h",
                "BS5EKVwLjka3EDLCGqEKexTOC343Qs78u2rIgsyFasHNKfgJ5ro0CwOeSJRJU33h",
                "Stopwatch",
                "yaP0g1NcIsKiZkldDMNlLeT3CsTm16nh",
                "ComputeHash",
                "Math",
                "get_ExecutablePath",
                "GetTempPath",
                "get_StartupPath",
                "GetFolderPath",
                "get_Width",
                "get_Length",
                "EndsWith",
                "z1VBPuNcnCTqrFMO5yh",
                "DQVnqBOdQS3DIXqjxABYwFkCDzMUhkB5NNBpeoZCeRU2bdBgzh",
                "wB5chUU4aBjOjxZwiCDsQrDWHdLtxNiDMW3b94qKcXBvSJmNP8bJPRamTgczuEei",
                "TfxDpc0LiV5G4NeSSdW16cgaPXInix37bAluvaW71uBPuszh6Ra5n0msaJkKnxaKphEeoP2tloZki",
                "a3kz235xsMBmx1J6kMihHpL8qdMLm7lhWOvewvOkOrBCvoUInBTYymyZb5L3wyGj",
                "ZcZSRHOEJetvWFwbbhXugJuh10I0NHRczYxq5dSSsOBDjDuOupmvXeUFv3I3fGQj",
                "nfybRSD8hd3YE7qKpTDeLxUvMoXycJs5YSg03KN8rr95eUNfbS3XQJ4TsGsUF0Zj",
                "a9IleZhtkTQrJpm49I6JplORtQgOtlMNWrt5jNDHo3CpGzoG2mahUsoysDZP1F7ibMqHjOgaGb3Neh5b8sMFRqUWx07k",
                "UL45bJpJ3NuEidGmrTk",
                "j7mGNBpiGbHjqdeKal6VGaMioiXDqapkA1JVtA6yKZGiNnLE9zrTbQ2VqnlUIhYk",
                "get_ServicePack",
                "AsyncCallback",
                "TimerCallback",
                "WaitCallback",
                "RegistryKeyPermissionCheck",
                "TransformFinalBlock",
                "Es9NZx5l8XO8ATQCa1AS5DGyW3psyQ4N12zXvwRtCo1MZ9TJEb9WhsN8v5bl4puk",
                "QNYBEDXBXdwiucv0psdXNg16Hz2mH4k01VPoegRqfZ7bjJbYwk",
                "vBZ8b6Bz0WXFL7zT91l",
                "7PR4WoWEa7A7Ik2hd4l",
                "7y0yDDNH1lkDjEEOcOhRWYhKyu2GbOrXJr1iNiBJbpOdNIkADl",
                "lHYCndCNT3jlghHsZxXoFHL9VrZOkVGmAM1O0lXg5PZUnBk8Hl",
                "lyMfxsedueBzIH55G59eQlA1SBEFJHLl",
                "Marshal",
                "System.Security.Principal",
                "WindowsPrincipal",
                "ConditionalCompareObjectEqual",
                "System.ComponentModel",
                "LateCall",
                "kernel32.dll",
                "avicap32.dll",
                "user32.dll",
                "Shell",
                "Poll",
                "PObfnpKrP1sqsFQh8svMga44iCE8NOakCZNXuqiv1fcgfHCtKvjEhxNYPMczxxnl",
                "set_SecurityProtocol",
                "ThreadPool",
                "ObjectFlowControl",
                "EfoWB4WgcdIFLd8OqotW3yeo1tE0QbqCey0Ai3uzTetLNn5k1PPuUjfOkRWJpIql",
                "5BlafLpi6XUVy1UTW0m",
                "uQH9LHY3BzTiGKMOljHSfhbYnH74hR7FLtSNmkK4tIPxYNq3ujAi57AP0vTDHe6m",
                "kAwE4IH45ld140qaCCYNPhMlrFgnmtHvEuvi7T8JZCXxJxAIy5KdUJyOvqpJsmsiF224tOi7TJvKm",
                "B4DvBHuZrJbARsNVXoXyAV2qw3XSox6UsR84a5fvHt1ruDfXte1dAnKwbRi3YLMm",
                "V6md6COsmluO8C5UwyaAZjJUQSWb9Wh4DjxT0XrjN72OCou2Sm",
                "FileStream",
                "GZipStream",
                "MemoryStream",
                "get_Item",
                "QueueUserWorkItem",
                "get_Is64BitOperatingSystem",
                "SymmetricAlgorithm",
                "HashAlgorithm",
                "hkaOWa8nDzoZOlEZjBgA1Vdo1rZCbZaroStFruzSWF9nXDmrkm",
                "Random",
                "ICryptoTransform",
                "Enum",
                "ToBoolean",
                "op_GreaterThan",
                "TimeSpan",
                "CopyFromScreen",
                "get_PrimaryScreen",
                "System.ComponentModel.Design",
                "AppDomain",
                "get_CurrentDomain",
                "Join",
                "GetExtension",
                "GetFileNameWithoutExtension",
                "get_OSVersion",
                "System.IO.Compression",
                "Application",
                "Information",
                "CopyPixelOperation",
                "Interaction",
                "System.Reflection",
                "ManagementObjectCollection",
                "Exception",
                "SocketShutdown",
                "jm2eh330G8Nw2NHM6ynvT3wrnfLoihA9wrdFI5SrfuISMiXj81V2HKDg2GsWaIK8F7KAaC9i3mE7o",
                "9ctqIkzGBpGTESA7jYtPVGdZBG2C4NCo",
                "LYbPxPWXB0XtMR4gIFWnae5zrPPJj1fW7XBaWr7FbiOela25N28sN1UXiZILRs5MbhTXdqqR8c5Ko",
                "AFECDzaL8jLPZCgVKY9spnOTnhQn7ii6K5EALM4WpIEdbO0PBagVfcDH65wusdbo",
                "MethodInfo",
                "FileInfo",
                "DriveInfo",
                "FileSystemInfo",
                "MemberInfo",
                "ParameterInfo",
                "ComputerInfo",
                "ProcessStartInfo",
                "GetLastInputInfo",
                "DirectoryInfo",
                "L74uAJpsrm95FJpK98p",
                "Tl0l66q7C5UrgeBfieUQieHFFe4VABrEmtUm1AXN8LuCIs0wOYoqFeSZ5NCULOoDirJdNi3W7zMqMDcSlRZWW7c2JaBp",
                "SsF5LQIcCTyhN5xvNBb93NJrSgcd0npXYPAkd6eYmvq5WWAUta655oEls7SrrFgpR5L9heAXFUW3ynvFQtP4newsGPFp",
                "WW2E9P0nQWz53t3aHh0uLY66XP5YeeQp",
                "Bitmap",
                "Sleep",
                "k0CEqTxbXU6IgHw1RJfydyutomusVB09lvNUFUjRdrh68UgTiTI9aJMDgnpUZGhp",
                "rzMnN7SUHEVShsyriTpXQVAAv1vT1FO5xiIUupwxKgwxc3Cj8Dns9o1WgjOrEubT4fCm9SvMKqvup",
                "35e2RXQX3aT0cpjS5izityjPfdH4qEmOSXKIrhXbs9itLmevDoQrjVQWoW6EMe0q",
                "CIKOHONwV6Lq5X5fmj5t4KhDcGmez1Oq",
                "2HyBajsnIYkBXAt61ETgsN0VgutAADBvqUDiYR5d12I9ZiDK0axvkKyTShL2eRamsnZdymK54pzKgTOU07V7jDYAJhlq",
                "System.Linq",
                "11epwYy0vgRW4rHUWyOmejBV9iGeb3yptdHPaQoTWLHLuP3qRROjlA9GpJ3C9KJHCJtSZy7q0U3S8zRzm4kWhlIzCAzq",
                "KlEbCBRCqrJQQH1jshDrHnDbJ4DGKYEr",
                "Char",
                "MD5CryptoServiceProvider",
                "StringBuilder",
                "SpecialFolder",
                "ServicePointManager",
                "ToInteger",
                "ManagementObjectSearcher",
                "System.CodeDom.Compiler",
                "Timer",
                "ToUpper",
                "get_CurrentUser",
                "StreamWriter",
                "TextWriter",
                "Enter",
                "BitConverter",
                "ServerComputer",
                "ToLower",
                "taMqmipGL2hPVoFHJtD4jLXrtALOinfr",
                "oXNDv1Y8nKvhzHWcSgr",
                "CreateProjectError",
                "ClearProjectError",
                "SetProjectError",
                "ManagementObjectEnumerator",
                "GetEnumerator",
                "Activator",
                ".ctor",
                ".cctor",
                "Monitor",
                "CreateDecryptor",
                "CreateEncryptor",
                "InStr",
                "Pq3KwKWKLIHTQY38ifdv2RKeKHZijbo0grl1VFwhNFjoLuTsmKLHqLN5WOFOFN5s",
                "mX7lyE3GoS1ZifdRixip1hQR2xcmlJiTh571Ima7ukU6faK705NtByD7f2S13o5s",
                "qcYldizOl8llqrvMDegOth2SxdzWxoSFMM1ANOibLXO5gvjnFFtDmRWBc0ecO7wlDRmjECdU67RnHkTiB49Nx8mPta6s",
                "42McARpeHmWNcrDqVde5LanaUn0YGtjKUbRIbDSQA3mKYfJSBGqoggkqZCSdcwDY2WgE06UsDcbjB8lbCyck5s3hFGDs",
                "l8ZlaJIkg4IbhqmnMIs",
                "rok3nbi7Jkw7bdMsuVrKZIWhU4EX2CaNrxDFXYsH8CwNVY5gHYjGOJgbINLKjPvTeRl1LgDzQI2ORIUDgxML3tuoC4Ms",
                "Graphics",
                "System.Diagnostics",
                "FromSeconds",
                "get_Bounds",
                "GetMethods",
                "Microsoft.VisualBasic.Devices",
                "MyWebServices",
                "Microsoft.VisualBasic.ApplicationServices",
                "System.Runtime.InteropServices",
                "Microsoft.VisualBasic.CompilerServices",
                "System.Runtime.CompilerServices",
                "Microsoft.VisualBasic.MyServices",
                "GetDirectories",
                "Gz51XfmRf4CqXPQYgd3yVbPwkzGOLZmnWG0JoLAjpmVZVOJ0divS70Wl2vytTkes",
                "ExpandEnvironmentVariables",
                "GetFiles",
                "GetTypes",
                "GetProcesses",
                "FileAttributes",
                "SetAttributes",
                "ReadAllBytes",
                "WriteAllBytes",
                "GetBytes",
                "GetDrives",
                "SocketFlags",
                "Strings",
                "Equals",
                "System.Windows.Forms",
                "Contains",
                "Conversions",
                "get_Chars",
                "RuntimeHelpers",
                "GetParameters",
                "Operators",
                "GetCurrentProcess",
                "System.Net.Sockets",
                "set_Arguments",
                "Exists",
                "2uIvqyfvhZRadxnuilFDjFf55bM7cc7D2R10lLVtP7NP9eITEIrhTeW06aakzD8ii7UjoiprIi72ngLeIDP4yeHJwtts",
                "7zSeTyGVDHI4suLNAXo2DODbOADI4NeczydovbvWo96seT6U8PespaaU5Xa7wo8t",
                "S8y8ok9OJvG5YcRMTX13IqsQAogmSRWt",
                "uXrTmv082GFMkFrhY3d3JAUr0VPf4b7zoys1b7U1wAotlYV7OKjN8tfQgEihyQEr3ZVvL9EDSuTat",
                "Concat",
                "ImageFormat",
                "PixelFormat",
                "AddObject",
                "ManagementBaseObject",
                "CreateObject",
                "ConcatenateObject",
                "SubtractObject",
                "NotObject",
                "Collect",
                "Connect",
                "set_AllowAutoRedirect",
                "LateGet",
                "System.Net",
                "Socket",
                "DmcgoZA2mNw4hiGPfsaQ8Vp8ciWjgJsh8Hboce4vH28nZhLC1mYbqhPygNUVFSht",
                "get_Height",
                "3k2mJzu8kZqcV9WDXit",
                "Split",
                "set_DefaultConnectionLimit",
                "GraphicsUnit",
                "WaitForExit",
                "get_Default",
                "IAsyncResult",
                "DialogResult",
                "set_UserAgent",
                "XClient",
                "WebClient",
                "System.Management",
                "Environment",
                "get_Current",
                "GetCurrent",
                "ManualResetEvent",
                "get_EntryPoint",
                "get_TickCount",
                "get_ProcessorCount",
                "NEyJrUO3T69wtY5Waot",
                "GetPathRoot",
                "VdHvS0Nw0IVmAWQWq6bszoZBfW1ONAwrjAmreugseJoskFHtot",
                "ParameterizedThreadStart",
                "Restart",
                "Convert",
                "$VB$Local_Port",
                "Abort",
                "HttpWebRequest",
                "$VB$Local_Host",
                "set_Timeout",
                "MoveNext",
                "System.Text",
                "GetWindowText",
                "509cQ88Nz2XaY6q99osJ2Jzti5Si1PZ2gnCrywwWQ6LSvkmJVJVC9kdvCjXM1ZOmgPHIAZrOr3qxt",
                "16FDJtrxZLKiX1azZxUMtZuHeUtb6IlGJMHAXih3TGmqEoBqOwuIiD9K8NDCKdGu",
                "EokOcc2zZ4bjaUzi9XbojwRKRmMy7dK1qbGl7fzTOpT60f0nA7YRWoa6klTa8ILu",
                "2AIKPTYDpkIjryUpkx2x96MtF4oSz2Wu",
                "SXkX5HVuWeCjly3mki09cPhs2WZBGBqmygA8yNFturrpOwrGZLBqYHcbiFT5hA7GZDQG6V5tx4arraTYdRfZAcQWj3lu",
                "a83lRoAQkFzACYQunnAq9kpD6H9t8ofYyIXBMcV67mWThfH5QeCrnBbU7wdOhK31mhrmKqDGRcKvDwoPQcFawVZMwKru",
                "ASRe6mUixbnzH97uNVwtY6BJZr2iebyYUcvhbfViwSDu8MG8nX3XrogIY3RlnS2v",
                "w2G6Cr7xxz0yZMjjBhzwXzKbxJUBptvewjnda25UlKhjQvGrEv",
                "hHteYIeXvYjkqbMG5tf6L3sZRkbzgtiqIbdFmUxDxaSabA5ysh4FjP8fdS8JR3Iv",
                "4kM7hW8gmYIZmhQGS9O21cKI97jbHrpBSq5QeonVH9SEJG9RxubOrcgUHiYNKsKv",
                "t7uE0NVElkFeJbVsstS20KvhLVmeXpjUa6g3CLmJAglTwJUzQdIcaPTlsvHVEHRv",
                "he7GC3JxzwyWupbYbgv",
                "ektdW8YgEveR6zM07c7xVMukRrpdNGWpjhcK5HlmoaN58SEGlv",
                "rwb3zz0HUjzdXLrCwYqtq5UgNH0hSZzv",
                "uK1sfqyrT5BJC5sZw8xn5KPV2tf17IReYC25eRFFqIoT7KgZ9w",
                "AXkweKRec6jAggrAOMdNDFQja2QvX4UhIqe7yEoCTbfrSaBhx5wqqYAorAzoa4kU0aD3NPTlagaAw",
                "HFf8WEhr5ahT37XveBw",
                "wiBKtXL40ZrWQoOrZFw",
                "fQuDMw2sOdnB4ErqBSv4afon91C9JrSdUIXe3fSEpe2dCdiPe83llmkMFIByXkJw",
                "HWi5V7IDyU3yVuYUEzl5pkI3gMpH2ZjoX1YPhHKgpTyVGYOqHgHJWmjVlN1J2c6UcAsSoG3eKuLfsyOgChfp77jvvcPw",
                "dTVIrXINAFmhVzeqEdZPR4cckias9Rfw",
                "tzBE1t6LDGmydsI95gw",
                "GetForegroundWindow",
                "set_CreateNoWindow",
                "Show",
                "UVbXU8UaNIKIlKKV0tw",
                "Dd8PJbGd2DasPb1Xx8yslNcZ8r04WvLzt6uVnJNg5TKKldkq2F6j3wMvckWMOcbRDMAN9zN2MLdxw",
                "kO5xOsAHIZ3n24PV9DZ126jxeAQgVqfJTBTFoom4jnElLJfNMLHmg89auPJ6uT7x",
                "UgUjAgRbGdq4zscoYdL2TeANj6aERcrXhmpsyL3eAKFbvhNNaxpn7fmht5NRubVI0qYmXXbPFa2UccPqHvrjPFxcl5Hx",
                "H5SekNo9RekBO1ohQqGJd3AYxB7be39FznTyPiqov2YKCY7LHtvOhFw86Ypc2WIx",
                "XpmpQJbdspJ6uVjV68tN25CUL5YrmrDqM9yU2Duz0YCf4JuiPZAkrxapxvMa1cfUeOUh061H2pfJx",
                "LateSetComplex",
                "Mutex",
                "MessageBox",
                "gWhuF9DgX1bNUMUo1nHRIYJRkLpAIBvVLT6g7MWFoq1aGRaYvo1rKrwUJsd9Bvox",
                "v4QOXpkYsgj4u7JcL1y",
                "2SltgrQbBbbaPadOgEy",
                "qFRc8tayLnqQc8cScRb7B7qj8kzoorHb2wY0dSdZzXSWrGjc0GIUDH2fzS2c9pRy",
                "ToArray",
                "get_IsReady",
                "set_Key",
                "CreateSubKey",
                "OpenSubKey",
                "RegistryKey",
                "System.Security.Cryptography",
                "OxsdrjNMimnc88QT5zcRjkWysokQMu0cEXKavZSwSv912qeuhT4Ozx40MfxOt5XEw5LNvOC3Awphy",
                "LUJY5G6GEJqqJ92lE6woWzPye6L1rmiy",
                "Assembly",
                "AddressFamily",
                "Copy",
                "get_SystemDirectory",
                "get_Registry",
                "WindowsIdentity",
                "IsNullOrEmpty",
                "RegistryProxy",
                "HZW6L0sEeYHYQkC1e0z",
                "8OQQwXlAvo7Lj0zDa5z",
                "6Nh0B2Hi6rEkqebNDkcU9MSW2K91L2eHIqRCBvfwfDL3nklrtdk0rLXKoiF50H82NnLtio8SW84cCI67UuQrj0d7aHCz",
                "sZGIeT8O1O4kPxhBkg4n5gMHeuVIxNlpb2g7N9Rp5hkRsFsua4yTI7ljplgt7zZz",
                "oW7bk8WvMx0DnsnUdOANKCcJR8qfM5uHrYELT5pWwQZmSWLBrWNk2k3TKueE1Nbz",
                "uhI1XP8WCUIHLDTU0KG60VEZZzZEShp1oH7NdqAWjm1E7KdTtAdkVewcmHXoSlcz",
                "nS2CLxufIrRI8a7didz",
                "dNq4e8gTEIx6gxMXy4uUHqR7D11mXnzHnZXiEDS3vDpveHvpKCjoPJtWDU1f8opSe6zt0GLmHXvgz",
                "EUMeisFEl6iLUgdyhX4QCbmNAdWmILNghfhqTHoag59l3xRGVDtWT6Xd3E1Fbypz",
                "P1TxQJWbJkKceQwe0P0dFpX0BpSOhMP9lLAIUG6s2Z49zzkY1tjj5ZDsdUNkTOvz",
                "WrapNonExceptionThrows",
                "$a93805f0-e896-4c4f-af2d-dd32f8171d82",
                "1.0.0.0",
                "MyTemplate",
                "14.0.0.0",
                "My.Computer",
                "My.Application",
                "My.User",
                "My.WebServices",
                "4System.Web.Services.Protocols.SoapHttpClientProtocol",
                "<generated method>",
                "Type",
                "_CorExeMain",
                "mscoree.dll",
                "<?xml version=\"1.0\" encoding=\"UTF-8\" standalone=\"yes\"?>",
                "<assembly xmlns=\"urn:schemas-microsoft-com:asm.v1\" manifestVersion=\"1.0\">",
                "  <assemblyIdentity version=\"1.0.0.0\" name=\"MyApplication.app\"/>",
                "  <trustInfo xmlns=\"urn:schemas-microsoft-com:asm.v2\">",
                "    <security>",
                "      <requestedPrivileges xmlns=\"urn:schemas-microsoft-com:asm.v3\">",
                "        <requestedExecutionLevel level=\"asInvoker\" uiAccess=\"false\"/>",
                "      </requestedPrivileges>",
                "    </security>",
                "  </trustInfo>",
                "</assembly>",
                "iaRPB2NDteU8DS3IKLicu0Hw5SfFoitP3QiVQSS9va1OItzadA",
                "Ly2nz5rJlDKQz2aCMu5qg7rrAoGRaoldhIUw9OUTKmoESCozGQpp7RCDctJkJB6txB71J99njqW9yHVMSLIhZbi48zeW",
                "eC3DOhAWqKtKmUdo332motz8QnDBcoIzWpWaRBo3S7t2WIJ43EvBbALh9yx1SqHydefTtVuctYdvujPI3G87mdZ6A8k5",
                "cQ9FsY1OA5yxh00IQZZnES4xSwnFjxTr83VQe7UOpmxDr1xVdOmKRoJgfdhxsEAVQQC2T36nWF5YxeG5JsewNJv5OLLF",
                "X5ISmQ8BuK6PHKSK9VM943QBFwF4UkNJPDHACFGxx7pda8SRADHfLMtfuGMgmKSQPHzXwKEXQZPaFsopswwgWiTZPnuZ",
                "RUbcIvjQn2Eh7M29IF1GKwUiYQfcVC2DitxXznRxJjwU34afc7N70JlCoAX2E4OL6CtlkOSCS2xkIIbwkXgwkGdbPqQz",
                "i3xHL6f3ragZXOYE6DetDcJmkgxBVfFu3QtEnJZBEJdJp7Srud5xLIyvdBtJ9cDZWgkSUXv4FoUHYZTa6LOwYNZYQSpA",
                "wBto//ROSulbBrtTf1oUR2gr59HoAo/ITA8SNdxMpzQ=",
                "WrXLUVSES9tno93Ws8dJkQ==",
                "mqKOC7R2EbIPsHCoFoGoJQ==",
                "2O7nqCjgqa4XqMRGVReigg==",
                "me8LxptjyQdo2bPJmJeeiw==",
                "%AppData%",
                "WNTW2g07OxgJDqSp",
                "G4KiwIQv6RTWlx1UNaqXKkFwlmF59hXu1aDWw4qdvpDUUMseRpKhg8CGbhphNlp7kXOFrhuEWGFy2i5w3AqXRP8mSIXG",
                "TUAn0tfD6XaWgbnLX955UlTC757QUNkAgwTBiLwkiZ5vR1cIThjm81LZLhEJvVQoUVQzfXURrCMl8ekWbnyju08UIT7D",
                "schtasks.exe",
                "/create /f /RL HIGHEST /sc minute /mo 1 /tn \"",
                "\" /tr \"",
                "/create /f /sc minute /mo 1 /tn \"",
                "SOFTWARE\\Microsoft\\Windows\\CurrentVersion\\Run",
                ".lnk",
                "WScript.Shell",
                "CreateShortcut",
                "TargetPath",
                "WorkingDirectory",
                "rRdS7r25xknZCQJMz0j9rvW8zCR74l9a5GZcJMnSNGEfu6Kw4GKWDuiL6B66mR2gul9IGxSwXz7UbOUDxvkw0TSGa4t6",
                "ERR99i3foPPKRswBgYm2wOtbSG7z5Wl0Dk9UCjDG0zEuWe9WALam7tycv1XnUpusBxciP8lYZWDYnfnizrctyiLNzIbN",
                "hJDkBrRdciOv9p3LkWeGaGSCOKptz6FsSgZTI072XXrTSGbrfp3ipzvUm2OGfUaOMmaLwdNG5I4obpSXX3xgL768Mdiq",
                "T78EsZaIP6a6sN1cyJXLtPRCfkpn29kvZtFX6RZHu78BkWp1zlpVLPzX1IAqq2tAPBXADB0m4bWOv7GRnQ9E1XpccXOl",
                "INFO",
                "Microsoft",
                "Service Pack",
                "False",
                "32bit",
                "True",
                "64bit",
                "XWorm V3.0",
                "dd/MM/yyy",
                "Error",
                "\\root\\SecurityCenter2",
                "Select * from AntivirusProduct",
                "displayName",
                "None",
                "PING!",
                "Slu5n3yYCFcZwLBYA62xRU0hErsazzhyqmySiO9X77ViZbfd760wac7kYSMLMbM0wRZn5qNzWkIlojHADh94Z1hdoVj7",
                "bifeE1xNIzKjD7EP9jzjxgKnUJd0CIJsFmGqnLHrCEEUQWmslaajDdhSk7yWtBodSnCrWd7CBHs1wKtduPE9yrWagOHA",
                "GvdXQpUbBEHNAPJJ2V0GsKZVuW9dkBk9VLtPBwFMFc4ohlSndJL4ilqE97jz0FPZ4t9vZpHxzMukk9ko0jsnx3JBWK0v",
                "HMno02W6NuTkdLvA6Tv7VlPvWQYIvmMRGiFgie0TObGvrhc4AhxUykqFhAk1I0nEZL0j9ZWgwvbySO3lFZ0tP5yezhfL",
                "e8ZZpLsnROTEXeiuv2Ix6gyoSXxcdrMrwnRWOdQsEmoxsXpa5f8EKPqvUEIxWxqrdZMYQ3qD0iKzYG1yNJxFo3HiGCA0",
                "ZP3WjdhoyOWP0Py028KSrfWnyxPtllS9wD2PjaxmQxukSKni1NdGEoB7vu2SicODbHAwRfDhsoFQLA6fj9Fiu03A80r6",
                "qBKklT7u0UVofoFLFcqyB907JgxLLoZlynx1sp1duV8ohC9rhS56ivUkw3x1B5LVGUNfhrsYZQ4aduEowCWN8HpVsN9L",
                "hdqhw0SoBLLX2vNyEZW0fCXpySEJU670XkVpmW9ksMFmwg2T31nunbk66qpCYl9JvOyuCyJojJctA",
                "mY5fY47stIUfg5p34UsEoIUjv40sbZv7zlWn3we42NRxWutcRpDLzRVfpwU1Uy1Pp3nIrvzShyElo",
                "aXLyuqZ2bgtJCdZvzysKfynEUqFwOYJBJEcnhPrNbqDijjCVVRFiXigiA179TlrkGYAzED4WquZFu",
                "go9nxUczIKCWYdeGGSOyJ53c4ucu2Ay7ZlPH0jyqPmeXQI8VudLHHheDHR0StVttvl9EnYORZrYiN",
                "u7nT1eaehJ36DpBg23CRre50dXzutpH9Hoojpv3x0jlleSovIdxzEzGL5pRYXG23tTMQbFWvNV7Q3",
                "kESiXsvVoAlQcQktkri1OoCqMbTyDIjyEnYl1AI6QS0DPztDw8Wfo3qYnos6Aspmr6Yl6dGAkziUY",
                "uwTUunY66HdGaxDurm4ppOaD5tyUzkTT5lalbZjLQEwIFvZvJ35POb5h9VScgwDMjsRSxheqW4e73",
                "8jJSlWhIfgP8JZjSb7QV7yBDikT71gdDzgMfGbLFphEqsobHDoqhHirrX57l9AXdviZKrrBAxWJ99",
                "Dq6N54ccSufk8u3V7LkOnfBoMON73pgK2pe5UtU4OFXJjw5bkPx0iAajKoLbdmWdEmRdYpWPS2yAC",
                "CLOSE",
                "uninstall",
                "update",
                "Urlopen",
                "Urlhide",
                "PCShutdown",
                "shutdown.exe /f /s /t 0",
                "PCRestart",
                "shutdown.exe /f /r /t 0",
                "PCLogoff",
                "shutdown.exe -L",
                "StartDDos",
                "StopDDos",
                "StartReport",
                "StopReport",
                "Xchat",
                "DDos",
                "ngrok",
                "plugin",
                "sendPlugin",
                "savePlugin",
                "OfflineGet",
                "OfflineKeylogger Not Enabled",
                "$Cap",
                "#CAP",
                "Plugin",
                "Name",
                "RunRecovery",
                "Recovery",
                "injRun",
                "UACFunc",
                "ngrok+",
                "Plugin Error! ",
                "Open [",
                ".ps1",
                "powershell.exe",
                "-ExecutionPolicy Bypass -File \"",
                "Start",
                "VqhxWJtWdKYyGVgv0HM4TPJHUnOO7jZ0lJVKomFrAoochjVMUQcJluoejPE9FATJMen75TICbdlIs",
                "QRkbhCWqpmxcfcrbZordTJ7umHT3IQiXbXHaf6k76C2zVexWAn6MEmf1m6HCgtlzIIadO8cywbASL",
                "wILAbpuEGe3XT9FSIl8SLeeWLMlmtVlLpWeI992mQZwGlp8uJ3TOrONzqYO0KWMIyQzCz77MeH3SP",
                "PgNf626xPyZibUBAyMtXkNj90mSHdNhfsLZ28uWUyco92XUdKJPCEuHF6knrYJzbaoEVZ9pF8lwOC",
                "cYFxKADMQRlfTSnTOSMIXorFpLnqFyzOTJxtwlNmahdI4CMqIcJXRkOqkIsmQLDGIeGIL2j6b0jzi",
                "43kjSAipXlu0GOCLzf85WgzZIsQrF1TRAfDHlbsiaEPvFJZvJ09oGCgJQH61JZqh1aKhYzlP5K1aI",
                "e9DLbWvFsGVjiog3AO8rxLEB1ThMhOBsZLJdWi76jBVy0BBiPj9LUBJ5by34XOWtPeeDKc1HD4AYS",
                "tcTMu9AK06S4ndC2eOBpnJCsYHnu4j0aZNY8bTcwCUs3Y4ENrf3OidOHbsSph7vvjZfAbSLyfiXBq",
                "lwPWYS5I2Fzl46cCNrshEUmiugzSIYjzGZZTitjkujzujHJ4mNQpvacie5uzcGVJWXD890uidKOQK",
                "Pq4gnbD4qLbKoaHDW137mXCDc9QDuiPjbFVComzMkMuaMY9mWQYmJCE8OACnBCQbXV64HhCPonS86",
                "iwtl4rOYt0dcqGuHayrja4TPjdFolLeL5I79FMh75G1eCWACcoBNzmnkK7GkihCbtpr1W8qJKyjAJ",
                "CxBS3WUKOoAJlsMUaCGmkkGCX08Q5REkPkZVHuGxMt6VzeDax9hs2dumsMJIpiPCV9ti3nILMnNO0",
                "Hx4YBzhEvoDeaktrsjhPRtClvmNSoPPv6qeOtCi600UGMjEO1uA5SQGQ7p5j0ELun2nNk3LzG3Q2O",
                "JpBVuuIOXrMbg0nxPT7SKsnkSuzucwW7aQAHG988VovyCRFFvkSLDP9ygq1yze6Pe4J0fGsnE5AmJ",
                "KVMEhSyxOnk6ZDaEKdnSmUqXM4PBRA1uVc6QCHWaIyh9JNmbybiPXHPq1FfpFPGNhEeyekVTmi45x",
                "zfBVmbTnqyhqw1ps2YiMWvLXQVssIpv5bzWVoj50XCOXTiFOSGWWQOcNhc66HzzEMOfhaWeJJBilp",
                "POST / HTTP/1.1",
                "Host: ",
                "Connection: keep-alive",
                "Content-Type: application/x-www-form-urlencoded",
                "User-Agent: ",
                "Content-length: 5235",
                "schtasks",
                "/delete /f  /tn \"",
                "attrib -h -s ",
                "*.* /s /d",
                "*.lnk",
                ".bat",
                "@echo off",
                "timeout 3 > NUL",
                "DEL \"",
                "\" /f /q",
                "q718Gl5EkMHBpAZSrFcv7V2rpPNNKDHsXF14Fs9tck4f5BVV2DRFlvCenBGLCtEI1enSGbYkPu5XV",
                "mrmgiNaDQ1P5cqEQINE0AIMFWz7SB7ba2bxwGUbMUaAcd9LMrK3OHokoQpiZnRnRRf1M15Jb5Q4NS",
                "wscript.shell",
                "Software\\Microsoft\\Windows\\CurrentVersion\\Explorer\\Advanced",
                "ShowSuperHidden",
                "windowstyle",
                "cmd.exe",
                "Arguments",
                "/c start ",
                "&start ",
                " & exit",
                "regread",
                "HKEY_LOCAL_MACHINE\\software\\classes\\",
                "HKEY_LOCAL_MACHINE\\software\\classes\\.",
                "\\defaulticon\\",
                "IconLocation",
                "iconlocation",
                " .lnk",
                "arguments",
                "&start explorer ",
                "&exit",
                "HKEY_LOCAL_MACHINE\\software\\classes\\folder\\defaulticon\\",
                "KOI4ZwFYrRw78xb493Q",
                "sDeuBrJUVz0Rr2DJ1Bo",
                "TcuqB9dUmcRRKKzPYTU",
                "FhORjg0QhQgKS6uWf4d",
                "ICciDvsLeHzQxW3FQ8j",
                "6FhbZs93iuz5toX29JL",
                "Qf8m5x5bHfR5Xu8iJHH",
                "kZD2RAHhftWf8aQF45U",
                "Software\\",
                "Mozilla/5.0 (Windows NT 6.1; Win64; x64; rv:66.0) Gecko/20100101 Firefox/66.0",
                "Mozilla/5.0 (iPhone; CPU iPhone OS 11_4_1 like Mac OS X) AppleWebKit/605.1.15 (KHTML, like Gecko) Version/11.0 Mobile/15E148 Safari/604.1",
                "Mozilla/5.0 (Windows NT 10.0; Win64; x64) AppleWebKit/537.36 (KHTML, like Gecko) Chrome/60.0.3112.113 Safari/537.36",
                "abcdefghijklmnopqrstuvwxyz",
                "Err HWID",
                "Read",
                "Flush",
                "V7lT1QmQhmY0z6cRT1x",
                "vowfiUY5NEJNzKje2f7",
                "rAdt3q5dW2OizrLCQyK",
                "6KPTiMSnlh4XjC0tUZg",
                "3R0BnWI5z1oTyXoBoKF",
                "0WQc0zzbWkx04JnAnLJ",
                "7M6gDn2kK3F9uZ7GrXQ",
                "zzt5KrpBLfqRDnmVFlv",
                "kjvNWKGYx9VLzpLH6Iu",
                "2yl9ZjvDvjAt4zngrNA",
                "wTnFd2D03l0Gn9MqMkf",
                "WShKp9JDTkvu5D4uwVh",
                "rmTr2fubjVLsmfcFHTm",
                "OryclyVEP6PVogekZqp",
                "HXCmdZIZ3vDnVZn3vZG",
                "trSfnla90pKsCtYqmp1",
                "B2jRSxbvfWzxJeydLmW",
                "r2i3PhiYieQwuG6hsrZ",
                "qrqwRyj5nufq2IFMHRO",
                "gZfmMAaDkjMFepITRlB",
                "6NoT1lcPvkTC2m12J8j",
                "8X9lc70rgJ5PDX4AyIi",
                "HienhRN1DOOiwpwwWvZ",
                "kKIyQ3xxXd33zNkvHeD",
                "gpT0ZKYiY4EqVq7kl5j",
                "uMlNZnFRbva0XrJou4c",
                "VS_VERSION_INFO",
                "VarFileInfo",
                "Translation",
                "StringFileInfo",
                "000004b0",
                "FileDescription",
                "FileVersion",
                "InternalName",
                "LegalCopyright",
                "OriginalFilename",
                "ProductVersion",
                "Assembly Version"
            ]
        }
    ]
}