{
    "malware_data": [
        {
            "filename": "e7d05102c4737019c554a7d3238ba9654c0e09d0e76590cf8c6f8fe3038d07b4.exe",
            "filetype": "4D5A9000",
            "filesize": "17KB",
            "hash_sha256": "e7d05102c4737019c554a7d3238ba9654c0e09d0e76590cf8c6f8fe3038d07b4",
            "strings": [
                "!This program cannot be run in DOS mode.",
                ".text",
                "`.rsrc",
                "@.reloc",
                "Xffefeeffefe",
                "affefeeffeefa",
                "Xfefefeffea",
                "afefeffeef",
                "Yfeffefefea",
                "Xfefefeffe",
                " >qh1a",
                "affefeefeffehah",
                "0-(~",
                "Yffeeffefefehah",
                "YfefeffeefXa",
                "Xfeffefefea",
                "Y_ $",
                "Xffeefefeffe_-",
                "afefefeffea",
                "`3C~",
                "& XekZ",
                "YZ S",
                "bX.H",
                "X ,Nf1",
                "b`h*",
                "feffefefe",
                "fefefefeffe",
                "rfeffeefeffe",
                "Ufefefeffe",
                "afeffeefeffe",
                "9feffefefe",
                "feffeefefef",
                "Ufeffeefef",
                "rfefefefeffe",
                "feffeefef",
                "afefeffefeef",
                "Zfefeffeefa(.",
                "fefeffeefYa*",
                "fefefeffefeY",
                "QffeefeffeefXa*",
                "feffeefefY",
                "Yaa*",
                "fefefeffefea",
                "fefefeffeef('",
                "BSJB",
                "v4.0.30319",
                "#Strings",
                "#GUID",
                "#Blob",
                "OOS - Purchase Order - LAM-2023-00555",
                "OOS - Purchase Order - LAM-2023-00555.exe",
                "mscorlib",
                "System.Net.Http",
                "Action",
                "System",
                "ArgumentOutOfRangeException",
                "Array",
                "Boolean",
                "Buffer",
                "Byte",
                "Char",
                "ConcurrentDictionary`2",
                "System.Collections.Concurrent",
                "IEnumerable`1",
                "System.Collections.Generic",
                "List`1",
                "Delegate",
                "DebuggerHiddenAttribute",
                "System.Diagnostics",
                "StackFrame",
                "StackTrace",
                "Enum",
                "EndOfStreamException",
                "System.IO",
                "Stream",
                "Int16",
                "Int32",
                "Int64",
                "HttpClient",
                "NotSupportedException",
                "Object",
                "PlatformNotSupportedException",
                "Assembly",
                "System.Reflection",
                "AssemblyCompanyAttribute",
                "AssemblyConfigurationAttribute",
                "AssemblyCopyrightAttribute",
                "AssemblyDescriptionAttribute",
                "AssemblyFileVersionAttribute",
                "AssemblyMetadataAttribute",
                "AssemblyName",
                "AssemblyProductAttribute",
                "AssemblyTitleAttribute",
                "AssemblyTrademarkAttribute",
                "DynamicMethod",
                "System.Reflection.Emit",
                "ILGenerator",
                "OpCode",
                "OpCodes",
                "MemberInfo",
                "MethodBase",
                "MethodInfo",
                "CompilationRelaxationsAttribute",
                "System.Runtime.CompilerServices",
                "RuntimeCompatibilityAttribute",
                "SuppressIldasmAttribute",
                "ComVisibleAttribute",
                "System.Runtime.InteropServices",
                "GuidAttribute",
                "TargetFrameworkAttribute",
                "System.Runtime.Versioning",
                "RuntimeMethodHandle",
                "RuntimeTypeHandle",
                "String",
                "Encoding",
                "System.Text",
                "StringBuilder",
                "Monitor",
                "System.Threading",
                "Task`1",
                "System.Threading.Tasks",
                "Thread",
                "Type",
                "UInt16",
                "UInt32",
                "UInt64",
                "Void",
                "<Module>",
                ".cctor",
                "value__",
                ".ctor",
                "GetEnumerator",
                "GetFrame",
                "GetMethod",
                "get_DeclaringType",
                "GetTypeFromHandle",
                "op_Equality",
                "TryGetValue",
                "Enter",
                "GetExecutingAssembly",
                "GetCallingAssembly",
                "Append",
                "ToString",
                "GetManifestResourceStream",
                "set_Position",
                "Exit",
                "get_Unicode",
                "GetString",
                "Intern",
                "set_Item",
                "get_Count",
                "GetName",
                "get_FullName",
                "GetPublicKeyToken",
                "get_Assembly",
                "op_Inequality",
                "ReadByte",
                "Read",
                "Close",
                "BlockCopy",
                "GetByteArrayAsync",
                "get_Result",
                "Load",
                "GetExportedTypes",
                "GetILGenerator",
                "Call",
                "EmitCall",
                "Emit",
                "CreateDelegate",
                "Invoke",
                "AddRange",
                "get_Name",
                "GetBytes",
                "get_Item",
                "get_MetadataToken",
                "get_CurrentThread",
                "get_ManagedThreadId",
                "G.<x",
                "WrapNonExceptionThrows",
                "$35c7a9b8-3629-4cc0-bf71-def25ffb40f4",
                "1.0.0.0",
                ".NETFramework,Version=v4.6",
                "FrameworkDisplayName",
                ".NET Framework 4.6",
                "RFEQRB26X3PDEDFWVBNNz7Z5LqvJaYhBqzMPIQb93YplgNHPM4189lIZcVRUKIkvpDx6XyTyImBe2JWqGmPJYOGZruKd4cPHwDCng3w",
                "_CorExeMain",
                "mscoree.dll",
                "<?xml version=\"1.0\" encoding=\"utf-8\" standalone=\"yes\"?><assembly xmlns=\"urn:schemas-microsoft-com:asm.v1\" manifestVersion=\"1.0\"><assemblyIdentity version=\"1.0.0.0\" name=\"MyApplication.app\" /><trustInfo xmlns=\"urn:schemas-microsoft-com:asm.v2\"><security><requestedPrivileges xmlns=\"urn:schemas-microsoft-com:asm.v3\"><requestedExecutionLevel level=\"asInvoker\" uiAccess=\"false\" /></requestedPrivileges></security></trustInfo></assembly>PADDINGXXPADDINGPADDINGXXPADDINGPADDINGXXPADDINGPADDINGXXPADDINGPADDINGXXPADDINGPADDINGXXPADDING",
                "VS_VERSION_INFO",
                "VarFileInfo",
                "Translation",
                "StringFileInfo",
                "000004b0",
                "Comments",
                "CompanyName",
                "FileDescription",
                "FileVersion",
                "InternalName",
                "LegalCopyright",
                "LegalTrademarks",
                "OriginalFilename",
                "ProductName",
                "ProductVersion",
                "Assembly Version"
            ]
        }
    ]
}