{
    "malware_data": [
        {
            "filename": "e025be16dfc6029be596ed64e16f43170346ec2a25c98310a22106b324dee0e4.elf",
            "filetype": "7F454C46",
            "filesize": "5KB",
            "hash_sha256": "e025be16dfc6029be596ed64e16f43170346ec2a25c98310a22106b324dee0e4",
            "strings": [
                "UPX!0",
                "So +",
                "=ydS!",
                "-G[g",
                "2/'+6",
                "\\v+*",
                "P8([C",
                "R&+d2",
                "'l'h#`",
                "XScW4M",
                "[s&qu",
                "<;T+",
                "'SkS0",
                "{?GC(",
                "3#Kg",
                "@S@|",
                "LV7c(",
                "E$3e",
                "@%&/",
                "&/l@",
                "7 KW2",
                "d(9\"\"(",
                "d)P\"C%C",
                "0B%7",
                "Ts*0",
                "dCo(",
                "!Gh1",
                "vcw`",
                "A0G9",
                "222d",
                "G`'_p",
                "SK`Q# `",
                "SL`p`",
                "!d+,-0",
                "w46]8s",
                "a8F4_",
                "O(/v$",
                "6\"A)o?",
                "g{p++mK",
                "{PG#",
                "pWdS",
                "4M|tx",
                "ru}4ogP[d{",
                "dW[pQ?|",
                "&Nq\"K",
                "S+Hg",
                "f0;I7",
                "O~/pQ",
                "@n6*?",
                "\"0\"R{",
                "S+ce",
                "! b@",
                "$3cQ",
                "7c*d(",
                "6H6\"",
                "!!d ",
                "0\"K(",
                "\"!@3",
                "H)s.",
                "JV;7",
                "7(G!",
                ";+cdHNp'",
                "C'#K",
                "G`K1",
                "#g!!mK",
                "_7'5\"",
                "&_wZ ",
                "3f\"wW&"
            ]
        }
    ]
}