{
    "malware_data": [
        {
            "filename": "dc8351cb804dc063b27136910868381f2219662a9634a89853f72031de99585a.exe",
            "filetype": "4D5A9000",
            "filesize": "14KB",
            "hash_sha256": "dc8351cb804dc063b27136910868381f2219662a9634a89853f72031de99585a",
            "strings": [
                "!This program cannot be run in DOS mode.",
                "Rich",
                ".text",
                "`.rdata",
                "@.data",
                ".pdata",
                "@.rsrc",
                "@.reloc",
                "D$ L",
                "L$@E3",
                "D$ @",
                "D$0A",
                "D$ H",
                "D$(E3",
                "D$ 3",
                "\\$0H",
                "t!eH",
                "L$PH",
                "l$8H",
                "t$@H",
                "uxHc",
                "uTL+",
                "\\$03",
                "|$ AVH",
                "D$@@",
                "t$8H",
                "|$HH",
                "\\$@H",
                "VWAVH",
                "\\$xH",
                "@A^_^",
                "D$8H",
                "D$@H",
                "@SVWH",
                "T$`H",
                "L$hH",
                "T$`L",
                "L$0L",
                "L$pH",
                "L$(3",
                "@_^[",
                "ntelA",
                "ineID",
                "Genu",
                "t(=`",
                "t!=p",
                " w$H",
                "T$ H",
                "D$ \"",
                "D$ $",
                "\\$(3",
                "t$0H",
                "L$(H",
                "L$ 3",
                "D$PH",
                "D$H3",
                "\\$ UH",
                "M H1E",
                " H3E H3E",
                "\\$HH",
                "T$ L",
                "SleepConditionVariableCS",
                "WakeAllConditionVariable",
                "PayloadExecuted",
                "RSDS",
                "C:\\Users\\rangeadmin\\Desktop\\Weaponized\\cscapi\\x64\\Release\\cscapi.pdb",
                "GCTL",
                ".text$di",
                ".text$mn",
                ".text$mn$00",
                ".text$x",
                ".text$yd",
                ".idata$5",
                ".00cfg",
                ".CRT$XCA",
                ".CRT$XCL",
                ".CRT$XCZ",
                ".CRT$XIA",
                ".CRT$XIC",
                ".CRT$XIZ",
                ".CRT$XLA",
                ".CRT$XLZ",
                ".CRT$XPA",
                ".CRT$XPZ",
                ".CRT$XTA",
                ".CRT$XTZ",
                ".rdata",
                ".rdata$T",
                ".rdata$voltmd",
                ".rdata$zzzdbg",
                ".rtc$IAA",
                ".rtc$IZZ",
                ".rtc$TAA",
                ".rtc$TZZ",
                ".tls",
                ".tls$",
                ".tls$ZZZ",
                ".xdata",
                ".edata",
                ".idata$2",
                ".idata$3",
                ".idata$4",
                ".idata$6",
                ".data",
                ".bss",
                ".rsrc$01",
                ".rsrc$02",
                "cscapi.dll",
                "CscNetApiGetInterface",
                "cscapi_orig.CscNetApiGetInterface",
                "CscSearchApiGetInterface",
                "cscapi_orig.CscSearchApiGetInterface",
                "OfflineFilesEnable",
                "cscapi_orig.OfflineFilesEnable",
                "OfflineFilesGetShareCachingMode",
                "cscapi_orig.OfflineFilesGetShareCachingMode",
                "OfflineFilesQueryStatus",
                "cscapi_orig.OfflineFilesQueryStatus",
                "OfflineFilesQueryStatusEx",
                "cscapi_orig.OfflineFilesQueryStatusEx",
                "OfflineFilesStart",
                "cscapi_orig.OfflineFilesStart",
                "MultiByteToWideChar",
                "GetLastError",
                "InitializeCriticalSectionEx",
                "DeleteCriticalSection",
                "CloseHandle",
                "CreateThread",
                "OpenEventW",
                "CreateEventW",
                "GetCurrentProcess",
                "VirtualAllocEx",
                "WriteProcessMemory",
                "Sleep",
                "KERNEL32.dll",
                "memset",
                "__C_specific_handler",
                "__std_type_info_destroy_list",
                "VCRUNTIME140.dll",
                "free",
                "_seh_filter_dll",
                "_configure_narrow_argv",
                "_initialize_narrow_environment",
                "_initialize_onexit_table",
                "_register_onexit_function",
                "_execute_onexit_table",
                "_crt_atexit",
                "_cexit",
                "_initterm",
                "_initterm_e",
                "api-ms-win-crt-heap-l1-1-0.dll",
                "api-ms-win-crt-runtime-l1-1-0.dll",
                "IsDebuggerPresent",
                "OutputDebugStringW",
                "InitializeCriticalSectionAndSpinCount",
                "GetModuleHandleW",
                "GetProcAddress",
                "RtlCaptureContext",
                "RtlLookupFunctionEntry",
                "RtlVirtualUnwind",
                "UnhandledExceptionFilter",
                "SetUnhandledExceptionFilter",
                "TerminateProcess",
                "IsProcessorFeaturePresent",
                "QueryPerformanceCounter",
                "GetCurrentProcessId",
                "GetCurrentThreadId",
                "GetSystemTimeAsFileTime",
                "InitializeSListHead",
                "memcpy",
                "H1X'H-",
                "C:eO",
                "yTKo",
                "!1<FJ",
                "1<p|",
                "T5|7M",
                "x8K!{j",
                "q nsv",
                "[iVs",
                ",?|2",
                "d?{h5H",
                "GR8z",
                "2T$2",
                "<?xml version='1.0' encoding='UTF-8' standalone='yes'?>",
                "<assembly xmlns='urn:schemas-microsoft-com:asm.v1' manifestVersion='1.0'>",
                "</assembly>",
                "ERROR : Unable to initialize critical section in CAtlBaseModule",
                "api-ms-win-core-synch-l1-2-0.dll",
                "kernel32.dll"
            ]
        }
    ]
}