{
    "malware_data": [
        {
            "filename": "dc564c16d59f7e130c21b7eefda20d7e3048519ba9b56743774537a807f9a3d6.elf",
            "filetype": "7F454C46",
            "filesize": "33KB",
            "hash_sha256": "dc564c16d59f7e130c21b7eefda20d7e3048519ba9b56743774537a807f9a3d6",
            "strings": [
                "HFu8sfga",
                "M (40",
                "8M@H4P",
                "XM`h5p",
                "S,v_|",
                "s{+[[",
                "xuG!",
                "ES=P",
                "$(i,",
                ";/8!m",
                "@c~#",
                "3TK0G",
                "/o/&b",
                " 4?o",
                ";G?^",
                "[KPK=",
                "7s69",
                "*pwo",
                "'n5<",
                "5;0g",
                "MC0p{",
                "k;S.",
                "`NDi",
                "C K{",
                ".!1]\"",
                "0!j;\"]",
                "N`So",
                "6cd6",
                "[#dg",
                "64K.",
                "8h1{",
                ".0/SN",
                "2')_",
                "Wc0C`",
                "Ch_0",
                "%p#O",
                "wS `",
                "3pPL",
                "2BD1",
                "G@2{=",
                "$`s)",
                "J_;\\",
                "O%3n",
                "k_wmU{j'",
                "EsKwxd",
                "?T6?",
                "b5;U",
                "?~H0",
                "D0`{",
                "lk:5O",
                "+d67 5",
                "8Ov#",
                "5c,;",
                "J/>{'",
                "PC]@",
                "*KVk",
                "uw.k",
                "/6\\1",
                "/G\\O",
                "hSO3",
                "POkU",
                "='u7M",
                "{qg\"",
                "0|]{S@",
                "\"+w~",
                "7Jw>K",
                "+kOc",
                "[7mK\\",
                "S<&0",
                "Tv;c",
                "W4^}",
                "CUo-",
                "W:30",
                "RK*0",
                "D@WjphP0:c ",
                "`s7d+v",
                "/U7C0p",
                "LoeC",
                " g<r",
                "C`n ",
                "C#AZ",
                "+(C=",
                "43n?",
                "uk|W",
                "Q3(?-",
                "P)'; g",
                "+/{[",
                "aH3G",
                "7o[uK",
                "o/Pm",
                "3`^5",
                "/epm",
                "w7h#",
                " x{a]",
                "DCG0",
                "rW-c",
                "|{<0e?",
                "7D;wg",
                "O.'\"",
                "KXx?,",
                "\\C.[",
                "c/gI_",
                "#QX3!",
                " [F;",
                "w_!_",
                "87vD",
                "/]o n",
                "qPFJ",
                " ,0}/^0?",
                "wO[Q",
                "LwWO",
                "ao\"{_|",
                "OGVS",
                " Nc`",
                "T'@!+mk@(od_",
                "O1 {v(",
                "RkXAc|st$'6",
                "B3^p",
                "0A$7^",
                ":K?9OC1",
                "0_/R",
                "#);z`",
                "lC]u",
                "{o[D",
                "_/`r",
                "a7:{",
                "cAgc",
                "uB#;",
                "M/.5",
                "iMfg`",
                "bMa`4_ ",
                "ZYiX",
                "VUiT",
                "KJhI",
                ";:h9",
                "M7645{[",
                "21/wt",
                ".Q-LG<S{3",
                "('j&",
                "wp3{",
                "L'@=",
                "t@@g",
                "e{/? ",
                "H|[ ",
                "3|#pAn",
                "uPpf",
                "WK#[",
                "(D7T~",
                "A[g&@",
                "F7=(",
                ";?+#{w/",
                "C/t'",
                "UD=+",
                ";3 2",
                "DBWl",
                ".CCA",
                "@01SJ;",
                "q'Qu",
                "G67r",
                "E\\o :",
                "h0$5",
                "4SL`",
                "7]Tc0",
                "W-c/p",
                ";X[rPtx",
                "3C#b",
                "7N2s!",
                "$CX0",
                "Ps%lkp",
                "[Pm;",
                "h Xs",
                "pI{h",
                "$(./",
                "%(./U",
                "S*Gc",
                "!&Po",
                "+4 o",
                "XDw5",
                "C/3T",
                "Bwb}WIn",
                "-VGD!w[",
                "j(.uE3",
                "tGa'",
                "&c7[",
                "gT1N",
                "D0w!",
                "\\*RS0",
                "X3w(",
                " @_;T",
                "SD67",
                "N5CX",
                "g'hn",
                "0pV[:",
                "`76`",
                "XOu-",
                "ucvb",
                "Ds;[#a3",
                "g\\<[",
                "Ur38",
                "$@6k",
                "o3aG",
                "w;x;",
                "7FS*",
                "W'lg",
                ".[C[",
                "8O*k>",
                "276s@",
                "')Wm",
                "gQO.",
                "+_kpxs",
                "a[,W",
                "^{@C",
                "GCP`5",
                "+~E$",
                "[?2@'[p",
                "'/@B",
                "w@g*",
                "C jKN ",
                "GS]J",
                "SoC=#",
                "W5Al",
                ":S/U",
                "pskf",
                "QSgm",
                "[Q,+",
                "W32k",
                "D\\iT",
                "#{OS",
                "?aG{1",
                "XHiH d",
                "\\TiL",
                "?;mcp",
                "\\@cC ",
                "sG\\sb2)",
                "T,{t",
                "^cD3",
                "?;4#",
                "R?Gv>",
                ";Tuw",
                " 8SQh",
                "2c\"A[",
                "L (A[",
                "+a+1",
                "S3`j)",
                "pOQh",
                "7-kMF:",
                "H0':D",
                "clg%T",
                "ToqX*V",
                "Dtc@",
                "[~[F",
                "Pp?`g",
                " w(!;1",
                "'t @[",
                "*708",
                " 2gp0",
                "mg^E=",
                "(@g#",
                "Gx@d",
                "+JQ:",
                "pwPwn",
                "_343",
                "3{/#c+",
                "pCgK",
                "'{;C",
                "`VOP",
                "a/Pm",
                "-Dm?",
                "sHv3",
                "*77^",
                "Gk0?",
                ";8CY",
                "{Taw",
                ";0[*",
                "_,Uh",
                "ZMo\\",
                "\"u'J",
                "Cyc?",
                "CmX0",
                "-Uxo",
                "Gm[W0/",
                "3SzKC+x[",
                "] W$4JQ",
                "+Sxp",
                "g0]o0",
                "(.Gt",
                "+l;B",
                ",71}",
                "(3pC",
                "W_gQu",
                "c';w",
                "{w|s",
                "Gs+S",
                "1024",
                "/proc/ofd/0",
                "devn",
                "nown",
                "{CK ",
                "@[YS",
                " * :",
                "RIVMSG #",
                "G?POk",
                "opbang.a/",
                "JO0 a",
                "(nil)c",
                "yhlLjz",
                "tqZ\\",
                "xXoo",
                "ifFeEg",
                "GaACSc",
                "-#'I",
                "3K> er",
                "cces\"",
                "atio",
                "No s\"{h f",
                "we 17Yre",
                "AIntvTup",
                "m ca",
                "put/",
                "iccVa",
                "ddrD",
                "Argume",
                "I li",
                "Exkt",
                "Cscri",
                "Oava",
                "ab>V5",
                "omG-",
                "Gaa/",
                "vBap",
                "ata6",
                "nZpa",
                "IGveg",
                "meR-",
                "\"qs ",
                "e]ty",
                ",qnvd",
                ";3 ;vlt",
                "4Ifit",
                "od1]c",
                "sbP;",
                "thp[[AwlF",
                "s3)s",
                "<ndK",
                "[RFS3",
                "GF@c",
                "Bd'c",
                "_Nbp_g",
                "5a$w.",
                ".hDM",
                "u%t!",
                "8e>Ka",
                "+H&u",
                "MM`m",
                "nA8e",
                "vIch",
                "sp>7qnn",
                "t8on",
                "?ffer$/",
                "mt5V5",
                " cB#",
                "ost`-",
                "%/oENFS",
                "qre ",
                "CAk[S",
                "4.002021",
                "/proc/self/exe",
                "/proc",
                "/self/ex",
                "0\\MSA",
                "lSrn",
                "CUPX!",
                "40CZ",
                "Wm?U",
                "! 9+",
                "Pdoc^",
                "`4n'",
                "4kScO",
                "hC`g",
                "w;@bQ",
                "4`\\s",
                "/4&'}",
                "<4'82/V",
                "GCC: (G",
                "NU) 3.",
                "2 200",
                "ian pre",
                "leas",
                ".shstrtk",
                "}init",
                "ARM.v",
                "eh_framew3bssg?_",
                ",comn9nt",
                "ibuz",
                "%`';@\\",
                "0g'p",
                "]t't4",
                "O,'6O",
                "|'|!",
                "sfga"
            ]
        }
    ]
}