{
    "malware_data": [
        {
            "filename": "e21cbcbb1005efb933b99b1e09a12c333b1fadc391ebde3e1261b83559082455.exe",
            "filetype": "4D5A9000",
            "filesize": "235KB",
            "hash_sha256": "e21cbcbb1005efb933b99b1e09a12c333b1fadc391ebde3e1261b83559082455",
            "strings": [
                "!This program cannot be run in DOS mode.",
                ".text",
                "`.rsrc",
                "@.reloc",
                "H>H}>",
                "hSw/",
                "=!t@K",
                "com.apple.Safari",
                "ixKZ-",
                "~[b8",
                "wCLG",
                "Unable to resolve HTTP prox",
                "*J(U",
                " 1SPS*",
                "iX*B",
                "jX(G",
                "ZloY",
                "?Y>3",
                "pr- ",
                "prc ",
                "ca(*",
                "Z q1",
                "prh.",
                "pr`/",
                "pr,0",
                "iY($",
                "nXi ",
                "jYl#",
                "@[l(",
                "YjX ",
                "XY=m",
                " @[(",
                " KDBM(*",
                "l[ZAl",
                "&r#H",
                "&reH",
                "jYi(",
                "BSJB",
                "v4.0.30319",
                "#Strings",
                "#GUID",
                "#Blob",
                "ZDCP",
                "(>+D",
                "q$+O",
                "]'l8",
                "XNl8",
                "f=TG",
                ".EY@",
                "\\!Y@",
                "%CFC",
                "B7zC",
                "_%zC_",
                "T3+O",
                ",B+O",
                "3B+O",
                "27zC",
                "i<+O",
                "$3+O",
                "q2+O",
                "<+O_",
                "w@+O",
                "O<+O",
                "9{@*",
                "=PH*",
                "R7PH",
                "k%TG",
                "g%TG",
                "DPH*",
                "7PH*",
                "DEB1",
                "EHB1",
                "m7B1",
                "CJTG",
                "X;{3",
                "s.b1%",
                "?b1%",
                "?:b1)",
                ";b1)",
                "\"2b1)",
                " 1KN",
                " aAa",
                " @MO",
                " $EJ",
                "DB a",
                "8#[ a",
                "s(!!",
                "?Y!1",
                "7c!I",
                "?i!!",
                "Er!l",
                " 1 I i ",
                "\"\"\"&\";\"G\"R\"b\"",
                " # x!",
                "nPlxV3qEc50",
                "swEIv2OII0",
                "O7nV14qU0",
                "38Mh0",
                "lWNRYm0",
                "rxQmcz0",
                "$$method0x6000120-1",
                "$$method0x6000191-1",
                "$$method0x6000254-1",
                "$$method0x6000105-1",
                "$$method0x6000115-1",
                "$$method0x600011a-1",
                "$$method0x600008c-1",
                "$$method0x600007d-1",
                "$$method0x600011f-1",
                "$$method0x600013f-1",
                "$$method0x60000ff-1",
                "XC41",
                "HMACSHA1",
                "VT_UI1",
                "VT_I1",
                "vqU1",
                "IEnumerable`1",
                "ICollection`1",
                "IEnumerator`1",
                "IList`1",
                "CS$<>9__CachedAnonymousMethodDelegate1",
                "3do4Xxh1",
                "get_Item1",
                "$$method0x6000254-2",
                "$$method0x6000115-2",
                "$$method0x60000ff-2",
                "HMACSHA512",
                "Advapi32",
                "kernel32",
                "Microsoft.Win32",
                "user32",
                "ToUInt32",
                "ReadInt32",
                "ToInt32",
                "BTFjTKFA2",
                "oDcMJA2",
                "gqBjC2",
                "dy6oE2",
                "VT_UI2",
                "VT_I2",
                "pc2ficfvR2",
                "KeyValuePair`2",
                "Dictionary`2",
                "UD6YCb2",
                "Kt2Pvv8tOe2",
                "aY3qs66Qoe2",
                "63il2",
                "get_Item2",
                "XIr2",
                "Xun3IKPSUz2",
                "1tDtlxC3",
                "BmSwF5M4DJ3",
                "PLceZO3",
                "Tuple`3",
                "bSyxUbzf3",
                "WYljGZk3",
                "39z1Om3",
                "get_Item3",
                "HUIwPBs3",
                "PmeDOiyw3",
                "BZqFkCrL44",
                "ToUInt64",
                "ReadInt64",
                "ToInt64",
                "QuUrYzV5D84",
                "KF2TV3FSA4",
                "VT_UI4",
                "VT_I4",
                "CxQyrM4",
                "VT_R4",
                "zP4j54V4",
                "UtRi4",
                "G4Y7hBxm4",
                "gx4j5mw4",
                "kouo25",
                "Q3ikwkfU55",
                "baQ75",
                "vu95",
                "19vnkf5l5F5",
                "lqm5aEQ0G5",
                "J5emyG5",
                "OBzQUI5",
                "nlFJHYa5",
                "sqlb5",
                "arg5",
                "tOc0gmbym5",
                "YBw5",
                "bpAVdrCPw5",
                "Ohpy5",
                "spDz5",
                "ACADWhqyo06",
                "IS_TEXT_UNICODE_ASCII16",
                "IS_TEXT_UNICODE_REVERSE_ASCII16",
                "ToUInt16",
                "ReadInt16",
                "ToInt16",
                "K4bV1byLC26",
                "HMACSHA256",
                "Bnf796",
                "0lnUBVQE6",
                "ZlIRG6",
                "ulI6",
                "Xcaje03M6",
                "HmULje6",
                "arg6",
                "zeosOjDtl6",
                "8191TlE1Fy6",
                "TcFuy6",
                "dVFvxbSSmz6",
                "hGVwd17",
                "CIYZE4k1u67",
                "qG87",
                "Bgb4A5W87",
                "isbXsB7",
                "VaultGetItem_WIN7",
                "oAx3a2Vdd7",
                "oY7Rf7",
                "Ze4Euk7",
                "Yh8uJo7",
                "2ab28",
                "Ig5888",
                "get_UTF8",
                "VT_UI8",
                "VT_I8",
                "DWsI8",
                "VaultGetItem_WIN8",
                "VT_R8",
                "KBUw6IGfS8",
                "eMaRcHoQ3b8",
                "DR5fr8",
                "lEAs8uRkWs8",
                "65OS19",
                "y6q7M9",
                "j6rdw4N9",
                "uXD76lAX9",
                "TPwCVJbq9",
                "nHvDFx9",
                "M8w09z9",
                "<Module>",
                "b1H1A",
                "ndLhaqo3A",
                "0JxAA",
                "YLG2pBmW2PA",
                "7U9oHRCEVA",
                "A9f9LHWA",
                "KFqvfCbA",
                "lnBeA",
                "erhA",
                "JHM9Cc5jrzA",
                "r7AB",
                "RDSAB",
                "y5BB",
                "UxKGB",
                "u9HzxHwHB",
                "BCRYPT_KEY_DATA_BLOB",
                "VT_BLOB",
                "HMYCgAPB",
                "OD0VB",
                "3WKrVWCnB",
                "BKVRY3rB",
                "rtjrfN6C",
                "HMAC",
                "niwd6myFC",
                "BCRYPT_KEY_DATA_BLOB_MAGIC",
                "BjIC",
                "xtDCIaL3MC",
                "1tSC",
                "ChAUC",
                "CqigC",
                "ETkrCwB0D",
                "dm8D",
                "cbAAD",
                "LLKHF_EXTENDED",
                "LLKHF_INJECTED",
                "DDTED",
                "EjmmED",
                "VT_CLSID",
                "get_ID",
                "set_ID",
                "FileHandleID",
                "fileHandleID",
                "lpdwProcessID",
                "processID",
                "get_FormatID",
                "set_FormatID",
                "C8cL4WD",
                "WEYMXD",
                "6KZajVSaD",
                "wbaNOfD",
                "h5oD",
                "umlRMRbjNqD",
                "inMaZwtD",
                "iVHBzsyD",
                "7N0E",
                "abfC3Hyp5E",
                "pTUDyyCb8E",
                "DUPLICATE_CLOSE_SOURCE",
                "BCRYPT_CHAINING_MODE",
                "VT_STORAGE",
                "9T5ywxf2JE",
                "iwk81qXq1KE",
                "INVALID_HANDLE",
                "VT_FILETIME",
                "IS_TEXT_UNICODE_SIGNATURE",
                "IS_TEXT_UNICODE_REVERSE_SIGNATURE",
                "ff42yRE",
                "VT_DATE",
                "FIFRLTE",
                "IS_TEXT_UNICODE_DBCS_LEADBYTE",
                "4hbMUcE",
                "JExiE",
                "3rqCLojE",
                "SEbrrmE",
                "rp0nybxE",
                "bCgbIwLZC1F",
                "q8rCV9n3F",
                "VT_CF",
                "9tm0JqJF",
                "TZI7bT3MF",
                "LKSF",
                "pikGUVF",
                "s6PiZaF",
                "GNDobcF",
                "vA1iF",
                "pftF",
                "NiIVOvF",
                "BCRYPT_AUTH_MODE_CHAIN_CALLS_FLAG",
                "5nLnSHACG",
                "5twmDAz5PG",
                "wtlX5oecQG",
                "KmQG",
                "LjBlwNjwTG",
                "z0g0MqJOncG",
                "v7XeG",
                "swpGKFFvfG",
                "1r7rqgG",
                "cz2WSz4kG",
                "wG8qpG",
                "UO9fqyG",
                "an41H",
                "IK81lces3H",
                "9ulCrbazZ9H",
                "Gv9H",
                "KXJGaGoBH",
                "STATUS_AUTH_TAG_MISMATCH",
                "STATUS_INFO_LENGTH_MISMATCH",
                "sdKqXbqxZDH",
                "nac62PH",
                "IS_TEXT_UNICODE_ODD_LENGTH",
                "BCRYPT_AUTH_TAG_LENGTH",
                "BCRYPT_OBJECT_LENGTH",
                "j27BeBIVH",
                "WS01hH",
                "TCejcXWvH",
                "UfneepvH",
                "ldpGPgNzH",
                "mR1WzH",
                "get_ASCII",
                "nSEVJI",
                "aqLZI",
                "HoeI",
                "mZjOj9iI",
                "yUpjI",
                "ykgqI",
                "uCRrI",
                "HgWNquLquI",
                "R20J",
                "fi9J",
                "16LCJ",
                "FHD1SJncUCJ",
                "fWwHHJ",
                "rAPJ",
                "cKLd6uMfPJ",
                "zXt5VOUJ",
                "plulkCuhJ",
                "nNk6tZnkJ",
                "034rJ",
                "rS6K0K",
                "BJekuga0K",
                "5q33K",
                "yTsaqZhAK",
                "GEP83UwBK",
                "IfUJK",
                "IS_TEXT_UNICODE_UNICODE_MASK",
                "IS_TEXT_UNICODE_NOT_UNICODE_MASK",
                "IS_TEXT_UNICODE_REVERSE_MASK",
                "IS_TEXT_UNICODE_NOT_ASCII_MASK",
                "Cpf8YK",
                "t9gzFfK",
                "e1U5gK",
                "Lrl49kK",
                "P7CYnK",
                "VT_DECIMAL",
                "zDwAL",
                "SM0eKu5BL",
                "VT_NULL",
                "WH_KEYBOARD_LL",
                "VT_BOOL",
                "8ZePeG5NPL",
                "SmtpSSL",
                "XXvaoSZhBTL",
                "MmYQogZL",
                "accL",
                "SANygOAkUeL",
                "622zDPNZeL",
                "PFqeL",
                "rkmchL",
                "VwellyjL",
                "8eCvtSqL",
                "6oiMvL",
                "3nKUrPn51M",
                "55f1ab9Q85M",
                "PAtAFy17M",
                "NinpFTl8M",
                "VT_VERSIONED_STREAM",
                "VT_STREAM",
                "BCRYPT_CHAIN_MODE_GCM",
                "BCRYPT_AES_ALGORITHM",
                "1NzSV3huVM",
                "BuvxcYM",
                "jpWZFYVzYM",
                "cccM",
                "kUUBasG6jM",
                "18u0wzLR3N",
                "W49N",
                "qE9N",
                "1yEN",
                "JrUX4GN",
                "BCRYPT_INIT_AUTH_MODE_INFO_VERSION",
                "HC_ACTION",
                "LLKHF_ALTDOWN",
                "WM_SYSKEYDOWN",
                "WM_KEYDOWN",
                "2l0eN",
                "F1d1oIp4rlN",
                "aNwluBXlmN",
                "dUsN",
                "oAfK5wY8W9O",
                "NtdoTGO",
                "ZfOHO",
                "System.IO",
                "OVN5QHUB6VO",
                "90y54aO",
                "33cG1ILmYcO",
                "u1e0eO",
                "7W3e8P",
                "BCRYPT_PAD_OAEP",
                "vfN0dFP",
                "yawD6TP",
                "WM_SYSKEYUP",
                "WM_KEYUP",
                "LLKHF_UP",
                "QcCbCF0WeP",
                "gyzvMen7fP",
                "R2j61Q",
                "On5Ajm42Q",
                "MvtP0yAhb2Q",
                "Qjer90O4Q",
                "k3NQ",
                "asJwebhdQ",
                "CbBwcudP8xQ",
                "rx8P4j4R",
                "Ynr1AR",
                "ZN6DkYBDR",
                "MS_PRIMITIVE_PROVIDER",
                "kdsGR",
                "VT_ERROR",
                "VT_VECTOR",
                "VT_BSTR",
                "VT_LPSTR",
                "VT_LPWSTR",
                "8ykvfSfR",
                "27trXAXAtkR",
                "AOOBGmR",
                "M6q5CNistR",
                "huVPfEI2e1S",
                "kLtWPJ2S",
                "4hpC5BPd6S",
                "IS_TEXT_UNICODE_STATISTICS",
                "IS_TEXT_UNICODE_REVERSE_STATISTICS",
                "IS_TEXT_UNICODE_NULL_BYTES",
                "iexIGDLS",
                "pGJs1MLS",
                "IS_TEXT_UNICODE_CONTROLS",
                "IS_TEXT_UNICODE_REVERSE_CONTROLS",
                "bUCuJFkrLS",
                "IS_TEXT_UNICODE_ILLEGAL_CHARS",
                "DUPLICATE_SAME_ACCESS",
                "ERROR_SUCCESS",
                "STATUS_SUCCESS",
                "BCRYPT_PAD_PSS",
                "SuZ8YQZWS",
                "D8eWYS",
                "PMOjgS",
                "uhIqfEtS",
                "yuAqdBkuS",
                "ZKZx5D2T",
                "jBwLA4T",
                "VT_UINT",
                "VT_INT",
                "VlEXT",
                "pOYT",
                "FaZT",
                "mlkuAJYnT",
                "jKxLtT",
                "RXKbP2djbvT",
                "S23B1Ok0zT",
                "36FTR77U",
                "1zaR8U",
                "OOLp6qlDU",
                "dnGU",
                "cGIU",
                "piMU",
                "HXg6CXR1MPU",
                "MGZoCSU",
                "Uv4WU",
                "m2c6lcAbU",
                "C3jVl4hU",
                "jQ7pDhU",
                "CnIxcGSfhU",
                "cEmgNgQnuU",
                "soCD8XkwU",
                "25qRHI87V",
                "VA9V",
                "get_IV",
                "set_IV",
                "cbIV",
                "pbIV",
                "sZvJV",
                "WCRV",
                "9RxoosNRV",
                "umphlsV",
                "wbL2A4W",
                "AsLTJeKxW9W",
                "TPPAW",
                "QcMIzmexJW",
                "STATUS_BUFFER_OVERFLOW",
                "CAIsjW",
                "beWicoE8CpW",
                "ykfEqz5sW",
                "gDaPF0X",
                "eymIW6byf8X",
                "XudCCpRSAX",
                "62rRFCX",
                "NoDV16d2QFX",
                "jI9K1aRe4HX",
                "lQjeuMX",
                "o27PX",
                "INUs1ZPX",
                "VLM5PXX",
                "mxiX",
                "UjfGTkX",
                "icuZlO3UqX",
                "7PUNosX",
                "zSseqSwX",
                "GA2Y",
                "THU9Y",
                "VT_ARRAY",
                "VT_CY",
                "1tnqRY",
                "VT_EMPTY",
                "uvI3doNaY",
                "0UgOvthYdY",
                "vLt0tY",
                "RVqaonMEZ",
                "C1BC0SZ",
                "mfqwSZ",
                "I0iA0bXUVZ",
                "CZ0gO6RHAWZ",
                "KeaEh2fZ",
                "19C9FfZ",
                "VkXFWuZ",
                "RRPwZ",
                "value__",
                "fce42400-e6b8-42c7-9864-a86b32bf010a",
                "TNp9kYuCc5a",
                "313t6a",
                "iW4EyNsICa",
                "bUbFvYEa",
                "GxYFa",
                "vJdSiGa",
                "NJlBvLa",
                "AwxUa2Na",
                "WICSa",
                "Ur9yQsYkMTa",
                "FQGXa",
                "JzfZBaQd2na",
                "Gbra",
                "get_Data",
                "set_Data",
                "cbData",
                "ProtectedData",
                "cbAuthData",
                "pbAuthData",
                "pData",
                "PropertyData",
                "data",
                "0t2LKhta",
                "SetQuota",
                "adrXspva",
                "jCE6Hwa",
                "sYfQT47bS7b",
                "msCejWb",
                "PublicIpAddressGrab",
                "mscorlib",
                "8JrElHjb",
                "SQtRojb",
                "k6rb",
                "h7dhEdMCwb",
                "YhDhmMvUDFc",
                "FsFwJc",
                "ZUp4CMTfKc",
                "5iISrmQc",
                "sfvPyeA6AWc",
                "Dg4QVbc",
                "System.Collections.Generic",
                "Microsoft.VisualBasic",
                "WndProc",
                "HookProc",
                "FromFileTimeUtc",
                "ppAE6d",
                "6Q9d",
                "dn83EE6XAd",
                "get_Id",
                "SchemaId",
                "schemaId",
                "pszAlgId",
                "HookId",
                "GetWindowThreadProcessId",
                "processId",
                "SchemaElementId",
                "K2AppwgJePd",
                "Xy9tAksRbQd",
                "znYd",
                "PageExecuteRead",
                "OpenRead",
                "FileMapRead",
                "VirtualMemoryRead",
                "CreateThread",
                "Load",
                "Xsdd",
                "TFOEXed",
                "lpcbNeeded",
                "DomainExtended",
                "SHA1Managed",
                "RijndaelManaged",
                "add_Changed",
                "remove_Changed",
                "get_LastModified",
                "set_LastModified",
                "_lastModified",
                "Interlocked",
                "set_Enabled",
                "get_IsEnabled",
                "set_IsEnabled",
                "_enabled",
                "Undefined",
                "lpOverlapped",
                "samDesired",
                "add_Elapsed",
                "get_LastAccessed",
                "set_LastAccessed",
                "_lastAccessed",
                "get_Reserved",
                "reserved",
                "TorPid",
                "activeWindowPid",
                "pPackageSid",
                "row_id",
                "get_IsInvalid",
                "get_Guid",
                "vaultGuid",
                "PcHwid",
                "n7uXkd",
                "<ID>k__BackingField",
                "<FormatID>k__BackingField",
                "<Data>k__BackingField",
                "<LastModified>k__BackingField",
                "<IsEnabled>k__BackingField",
                "<LastAccessed>k__BackingField",
                "<Password>k__BackingField",
                "<password>k__BackingField",
                "<PropertyStorage>k__BackingField",
                "<Name>k__BackingField",
                "<FileName>k__BackingField",
                "<ApplicationName>k__BackingField",
                "<Username>k__BackingField",
                "<username>k__BackingField",
                "<Type>k__BackingField",
                "<type>k__BackingField",
                "<TypedPropertyValue>k__BackingField",
                "<Size>k__BackingField",
                "<IsRunning>k__BackingField",
                "<Path>k__BackingField",
                "<hostmask>k__BackingField",
                "<Version>k__BackingField",
                "<Application>k__BackingField",
                "<Description>k__BackingField",
                "<user>k__BackingField",
                "<hoster>k__BackingField",
                "<Tasks>k__BackingField",
                "<objects>k__BackingField",
                "<Accounts>k__BackingField",
                "<Keys>k__BackingField",
                "<Lenght>k__BackingField",
                "<Host>k__BackingField",
                "<GuidMasterKey>k__BackingField",
                "GetField",
                "TrimEnd",
                "ReadToEnd",
                "AppEnd",
                "kKnd",
                "hWnd",
                "Send",
                "Append",
                "get_Millisecond",
                "GetUpperBound",
                "GetLowerBound",
                "Round",
                "hwnd",
                "J1Ot42Pod",
                "set_Method",
                "method",
                "ovpd",
                "Clipboard",
                "get_Password",
                "set_Password",
                "DomainPassword",
                "SmtpPassword",
                "get_password",
                "set_password",
                "IONmDGn4sd",
                "jNTuFUa1e",
                "DYprAe",
                "G8mfMWuAe",
                "JFp0Ne",
                "gL12dYOe",
                "vAoSQsrUQe",
                "AlGmRb0HIae",
                "K6I3aae",
                "ElV50Hbe",
                "Replace",
                "IsNullOrWhiteSpace",
                "DeleteBackspace",
                "QueryDosDevice",
                "hInstance",
                "IdentityReference",
                "Sequence",
                "cbNonce",
                "pbNonce",
                "Resource",
                "vkCode",
                "wScanCode",
                "scanCode",
                "keyCode",
                "set_Mode",
                "FileMode",
                "ShareMode",
                "PaddingMode",
                "CryptoStreamMode",
                "CipherMode",
                "SelectSingleNode",
                "XmlNode",
                "get_Unicode",
                "get_BigEndianUnicode",
                "IsTextUnicode",
                "FromImage",
                "SectionImage",
                "get_PropertyStorage",
                "set_PropertyStorage",
                "SerializedPropertyStorage",
                "SendMessage",
                "MailMessage",
                "AddRange",
                "CompareExchange",
                "CredentialCache",
                "SectionNoCache",
                "SPxdie",
                "5ilsBZje",
                "Take",
                "EndInvoke",
                "BeginInvoke",
                "GetEnvironmentVariable",
                "SetEnvironmentVariable",
                "IEnumerable",
                "IDisposable",
                "ToDouble",
                "get_Handle",
                "RuntimeFieldHandle",
                "hSourceHandle",
                "SafeHandle",
                "GetModuleHandle",
                "RuntimeTypeHandle",
                "ReleaseHandle",
                "CloseHandle",
                "DuplicateHandle",
                "CreateHandle",
                "GetTypeFromHandle",
                "hSourceProcessHandle",
                "hTargetProcessHandle",
                "lpTargetHandle",
                "bInheritHandle",
                "vaultHandle",
                "activeWindowHandle",
                "handle",
                "Rectangle",
                "ToSingle",
                "CreateFile",
                "hTemplateFile",
                "DeleteFile",
                "WriteFile",
                "MoveFile",
                "MapViewOfFile",
                "UnmapViewOfFile",
                "hFile",
                "lastTitle",
                "activeWindowTitle",
                "lphModule",
                "get_MainModule",
                "ProcessModule",
                "get_Name",
                "set_Name",
                "lpDeviceName",
                "get_FileName",
                "set_FileName",
                "GetModuleFileName",
                "lpExistingFileName",
                "lpFileName",
                "GetFileName",
                "lpNewFileName",
                "_fileName",
                "get_ModuleName",
                "lpModuleName",
                "lpBaseName",
                "baseName",
                "lpValueName",
                "StartupRegName",
                "rootPathName",
                "get_OSFullName",
                "get_FullName",
                "OperatingSystemName",
                "get_ApplicationName",
                "set_ApplicationName",
                "StartupInstallationName",
                "lpName",
                "lpAppName",
                "get_UserName",
                "get_ComputerName",
                "ThisComputerName",
                "ProcessorName",
                "get_ProcessName",
                "processName",
                "StartupEnvName",
                "GetProcessesByName",
                "lpKeyName",
                "pszCredentialFriendlyName",
                "StartupDirectoryName",
                "GetDirectoryName",
                "astable_name",
                "item_name",
                "Filename",
                "filename",
                "get_Username",
                "set_Username",
                "get_username",
                "set_username",
                "System.Net.Mime",
                "DateTime",
                "GetLastAccessTime",
                "dwTime",
                "time",
                "AppendLine",
                "get_NewLine",
                "Combine",
                "LocalMachine",
                "YGwooe",
                "Escape",
                "Unescape",
                "Pipe",
                "DataProtectionScope",
                "get_Type",
                "set_Type",
                "set_MediaType",
                "pszBlobType",
                "GetFileType",
                "MimeType",
                "ValueType",
                "LogType",
                "SecurityProtocolType",
                "GetType",
                "ContentType",
                "item_type",
                "get_type",
                "set_type",
                "FileShare",
                "Compare",
                "System.Core",
                "PtrToStructure",
                "get_InvariantCulture",
                "Capture",
                "HttpWebResponse",
                "GetResponse",
                "Close",
                "Dispose",
                "Parse",
                "Reverse",
                "X509Certificate",
                "GenericCertificate",
                "DomainCertificate",
                "Create",
                "KBDLLHookProcDelegate",
                "MulticastDelegate",
                "Terminate",
                "PcState",
                "GetKeyboardState",
                "lpKeyState",
                "GetKeyState",
                "Delete",
                "PageReadWrite",
                "PageExecuteReadWrite",
                "nNumberOfBytesToWrite",
                "FileMapWrite",
                "VirtualMemoryWrite",
                "Remote",
                "STAThreadAttribute",
                "CompilerGeneratedAttribute",
                "GuidAttribute",
                "SecuritySafeCriticalAttribute",
                "ExtensionAttribute",
                "AssemblyFileVersionAttribute",
                "FlagsAttribute",
                "CompilationRelaxationsAttribute",
                "ReliabilityContractAttribute",
                "ParamArrayAttribute",
                "RuntimeCompatibilityAttribute",
                "SuppressUnmanagedCodeSecurityAttribute",
                "set_UseShellExecute",
                "FileMapExecute",
                "SByte",
                "ReadByte",
                "ToByte",
                "get_Value",
                "HandleValue",
                "TryGetValue",
                "get_TypedPropertyValue",
                "set_TypedPropertyValue",
                "GetPropertyValue",
                "value",
                "Save",
                "set_KeepAlive",
                "Remove",
                "SectionReserve",
                "get_Size",
                "set_Size",
                "dataSize",
                "cbSize",
                "get_StorageSize",
                "lpFileSize",
                "get_NameSize",
                "volumeNameSize",
                "nFileSystemNameSize",
                "SQLDataTypeSize",
                "get_StoreSize",
                "get_ValueSize",
                "get_HashSize",
                "set_BlockSize",
                "chunkSize",
                "nSize",
                "get_KeySize",
                "Serialize",
                "Deserialize",
                "Initialize",
                "Finalize",
                "Synchronize",
                "page_size",
                "Resize",
                "LknZzFBf",
                "SizeOf",
                "get_ItemOf",
                "LastIndexOf",
                "JRj2P7oRf",
                "SfGkl2Wf",
                "wjqLbdf",
                "cchBuff",
                "FPPikf",
                "5BTZAlf",
                "lastInputInf",
                "0QSx7S2tf",
                "3H1HYdz3m5g",
                "OBH9g",
                "etQCgAg",
                "b2pEg",
                "iAAGg",
                "cbTag",
                "pbTag",
                "get_Jpeg",
                "CqEM5gig",
                "System.Threading",
                "get_Padding",
                "set_Padding",
                "UTF8Encoding",
                "encoding",
                "System.Drawing.Imaging",
                "get_IsRunning",
                "set_IsRunning",
                "CreateFileMapping",
                "FromBase64String",
                "ToBase64String",
                "EscapeDataString",
                "UnescapeDataString",
                "lpReturnedString",
                "GetPrivateProfileString",
                "ToString",
                "GetString",
                "OctetString",
                "BitString",
                "Substring",
                "System.Drawing",
                "get_Msg",
                "O7sug",
                "oo3h",
                "UorPoUgZAh",
                "dgIBDh",
                "T9b8Gh",
                "EnOuGh",
                "1SlNIh",
                "cXA093tJh",
                "pILh",
                "HARh",
                "SmtpAttach",
                "Match",
                "tNgAdbb33eh",
                "dwMaximumSizeHigh",
                "dwFileOffsetHigh",
                "1StJEikh",
                "ComputeHash",
                "Math",
                "get_Path",
                "set_Path",
                "SystemAppdataPath",
                "get_ExecutablePath",
                "AsmFilePath",
                "AppStartupFullPath",
                "GetTempPath",
                "GetFolderPath",
                "lpTargetPath",
                "StartupDirectoryPath",
                "_path",
                "get_Width",
                "get_Length",
                "MaximumLength",
                "dwMinLength",
                "SystemInformationLength",
                "ObjectInformationLength",
                "set_MaxJsonLength",
                "ReturnLength",
                "maximumComponentLength",
                "GetWindowTextLength",
                "dwMaxLength",
                "EndsWith",
                "StartsWith",
                "5IKjuh",
                "Lz8xvh",
                "XZGTcwh",
                "Qmb23HC62i",
                "k5nAtKUMi",
                "lEnqU4Pi",
                "9J9RmZi",
                "plii",
                "PtrToStringUni",
                "StringToHGlobalUni",
                "IpApi",
                "2JZIsFmKI6j",
                "Bp3bAj",
                "VRGDj",
                "jQMEpGj",
                "YZXj",
                "qIaPqcdj",
                "anEwjfj",
                "objrij",
                "jIqg84oj",
                "6daoj",
                "4L3LG8dYmqj",
                "hFzQLHn5rj",
                "ifn2Jkzj",
                "PswCrzj",
                "A43xg0Ra4k",
                "BIk8FdWGMk",
                "mEBDWfMk",
                "n8HyRk",
                "ceL2tRikTk",
                "AsyncCallback",
                "RemoteCertificateValidationCallback",
                "get_ServerCertificateValidationCallback",
                "set_ServerCertificateValidationCallback",
                "callback",
                "get_CapsLock",
                "TransformFinalBlock",
                "TransformBlock",
                "_lock",
                "JZXwAjJfk",
                "gshMTWZk8hk",
                "qDGdpRehk",
                "C84pNnk",
                "hMHiCXqufnk",
                "idHook",
                "_clipboardHook",
                "_keyboardHook",
                "get_hostmask",
                "set_hostmask",
                "Disk",
                "cpXXqTItk",
                "pvoh0gzk",
                "aBe8DJd1l",
                "ZxAFCl",
                "asODl",
                "BpjTl",
                "AllocHGlobal",
                "FreeHGlobal",
                "Illegal",
                "Marshal",
                "NetworkCredential",
                "Decimal",
                "System.Security.Principal",
                "set_Interval",
                "ScreenInterval",
                "KeyloggerInterval",
                "Rijndael",
                "cbLabel",
                "pbLabel",
                "System.Collections.ObjectModel",
                "System.ComponentModel",
                "EnableTorPanel",
                "System.Net.Mail",
                "XubRBQDkl",
                "dwhkl",
                "0Pukl",
                "Kernel32.dll",
                "kernel32.dll",
                "User32.dll",
                "user32.dll",
                "vaultcli.dll",
                "psapi.dll",
                "ntdll.dll",
                "bcrypt.dll",
                "Kill",
                "Null",
                "System.Xml",
                "set_IsBodyHtml",
                "set_SecurityProtocol",
                "Control",
                "SzqFrl",
                "set_EnableSsl",
                "r7dLNtl",
                "ga9pIFKm",
                "CqpIKm",
                "vYgrWm",
                "FileStream",
                "get_BaseStream",
                "GetResponseStream",
                "CryptoStream",
                "MemoryStream",
                "get_LParam",
                "get_WParam",
                "get_Param",
                "lParam",
                "wParam",
                "get_Item",
                "set_Item",
                "VaultGetItem",
                "vaultItem",
                "OperatingSystem",
                "HmacAlgorithm",
                "SymmetricAlgorithm",
                "phAlgorithm",
                "KeyedHashAlgorithm",
                "algorithm",
                "Trim",
                "RVElkkm",
                "Random",
                "ICryptoTransform",
                "Maximum",
                "Enum",
                "root_num",
                "rkPbZ0n",
                "FZm6dT16n",
                "wA7An",
                "MiBn",
                "vX9behCn",
                "WKUQn",
                "ToBoolean",
                "IsLittleEndian",
                "CopyFromScreen",
                "get_PrimaryScreen",
                "lpNumberOfBytesWritten",
                "X509Chain",
                "ChangeClipboardChain",
                "Join",
                "Rh4yPaUpumn",
                "Extension",
                "get_OSVersion",
                "get_Version",
                "set_Version",
                "dwInfoVersion",
                "get_Application",
                "set_Application",
                "get_Location",
                "ObjectDataInformation",
                "SystemRegistryQuotaInformation",
                "SystemBasicInformation",
                "ObjectBasicInformation",
                "QueryLimitedInformation",
                "SystemPerformanceInformation",
                "SystemProcessorPerformanceInformation",
                "SystemLookasideInformation",
                "SystemHandleInformation",
                "ObjectNameInformation",
                "GetVolumeInformation",
                "ObjectTypeInformation",
                "ObjectAllInformation",
                "NtQuerySystemInformation",
                "SystemExceptionInformation",
                "SystemProcessInformation",
                "ObjectInformation",
                "SetInformation",
                "SystemInterruptInformation",
                "SystemTimeOfDayInformation",
                "QueryInformation",
                "VirtualMemoryOperation",
                "pszImplementation",
                "System.Globalization",
                "System.Web.Script.Serialization",
                "System.Reflection",
                "PropertyDataCollection",
                "ValueCollection",
                "MatchCollection",
                "GroupCollection",
                "ManagementObjectCollection",
                "AttachmentCollection",
                "KeyCollection",
                "set_Position",
                "CreationDisposition",
                "get_ContentDisposition",
                "SearchOption",
                "Win32Exception",
                "CryptographicException",
                "ArgumentOutOfRangeException",
                "ArgumentException",
                "get_Description",
                "set_Description",
                "get_StatusDescription",
                "_description",
                "System.Runtime.ConstrainedExecution",
                "StringComparison",
                "SFna8lpn",
                "6Iun",
                "add_KeyDown",
                "remove_KeyDown",
                "get_CtrlKeyDown",
                "get_ShiftKeyDown",
                "get_AltKeyDown",
                "Unknown",
                "ozAbw3XU0o",
                "tmbw4zAo",
                "1DJaBaTBo",
                "kaQxPaBo",
                "tE3IHo",
                "NT6TpOLo",
                "jjOo",
                "CompareTo",
                "CopyTo",
                "LjfYgUo",
                "JFQNe2CXo",
                "Rg3do",
                "lastInPutNfo",
                "dwExtraInfo",
                "ImageCodecInfo",
                "FieldInfo",
                "FileInfo",
                "CultureInfo",
                "pPaddingInfo",
                "FileSystemInfo",
                "MemberInfo",
                "ComputerInfo",
                "get_StartInfo",
                "ProcessStartInfo",
                "GetLastInputInfo",
                "DirectoryInfo",
                "Zero",
                "zero",
                "OLJxyF4p",
                "Lgpi6p",
                "XG3BF7p",
                "FwJYH7SDp",
                "DmzM0PPGp",
                "9vZ0VrONPp",
                "add_KeyUp",
                "remove_KeyUp",
                "WZjVFtXp",
                "hZdrAvXp",
                "dwNumberOfBytesToMap",
                "Bitmap",
                "XBsYgp",
                "Skip",
                "6tr8Qddjp",
                "TimeStamp",
                "KKA4oBr7np",
                "Stop",
                "LocalApp",
                "_app",
                "MiAOami7sp",
                "Group",
                "AppAddStartup",
                "HideFileStartup",
                "wAvp",
                "IgUxp",
                "u6ZDWyp",
                "RjIOzp",
                "N38fo7q",
                "sXJcjCCq",
                "vuVCq",
                "O0Hq",
                "49DbSq",
                "Aa4No5hmq",
                "System.Linq",
                "OFsq",
                "QrNd1g2Ehuq",
                "y2g4g7Jigzq",
                "Og4r",
                "mcTTW6r",
                "VGkzCr",
                "Km1PBzOOr",
                "ZF0HF5kUPr",
                "Clear",
                "ToChar",
                "lpChar",
                "DirectorySeparatorChar",
                "m8TeHmar",
                "17ndr",
                "ObjectTypeNumber",
                "volumeSerialNumber",
                "StreamReader",
                "TextReader",
                "BinaryReader",
                "SHA1CryptoServiceProvider",
                "MD5CryptoServiceProvider",
                "RNGCryptoServiceProvider",
                "TripleDESCryptoServiceProvider",
                "BCryptCloseAlgorithmProvider",
                "BCryptOpenAlgorithmProvider",
                "IFormatProvider",
                "StringBuilder",
                "SpecialFolder",
                "SmtpSender",
                "sender",
                "Encoder",
                "volumeNameBuffer",
                "fileSystemNameBuffer",
                "buffer",
                "ServicePointManager",
                "Integer",
                "EnableClipboardLogger",
                "EnableScreenLogger",
                "_screenLogger",
                "_keyLogger",
                "EnableKeylogger",
                "ManagementObjectSearcher",
                "ObjectIdentifier",
                "SecurityIdentifier",
                "ElapsedEventHandler",
                "LogTimer",
                "ToUpper",
                "CurrentUser",
                "get_user",
                "set_user",
                "EncoderParameter",
                "Enter",
                "Object_Pointer",
                "BitConverter",
                "get_hoster",
                "set_hoster",
                "BinaryFormatter",
                "SmtpReceiver",
                "SmtpServer",
                "SetClipboardViewer",
                "ToLower",
                "JavaScriptSerializer",
                "BkmOgr",
                "M5ReLhr",
                "iYQQnr",
                "get_Major",
                "get_Minor",
                "GetLastWin32Error",
                "GetLastError",
                "Authenticator",
                "IEnumerator",
                "ManagementObjectEnumerator",
                "GetEnumerator",
                "RandomNumberGenerator",
                ".ctor",
                ".cctor",
                "Monitor",
                "CreateDecryptor",
                "CreateEncryptor",
                "Cnasw0csr",
                "passwordVaultPtr",
                "ReadIntPtr",
                "uqfOfrzzr",
                "QA0RU0Ji2s",
                "XA3EHFs",
                "P2qNXxD8Gs",
                "50Gh07nfnPs",
                "rFqpNc4wPs",
                "1jc0BCO0Vs",
                "YNx4Zs",
                "JE8r0eas",
                "Graphics",
                "System.Diagnostics",
                "get_Bounds",
                "Microsoft.VisualBasic.Devices",
                "System.Runtime.InteropServices",
                "System.Runtime.CompilerServices",
                "GetInstances",
                "get_ChildNodes",
                "Matches",
                "EnableCookies",
                "GetDirectories",
                "master_table_entries",
                "get_Properties",
                "ExpandEnvironmentVariables",
                "GetFiles",
                "EnumProcessModules",
                "NumberStyles",
                "GetSubKeyNames",
                "field_names",
                "ReadAllLines",
                "GetProcesses",
                "System.Security.Cryptography.X509Certificates",
                "FlagsAndAttributes",
                "lpFileMappingAttributes",
                "SecurityAttributes",
                "FileBytes",
                "Rfc2898DeriveBytes",
                "ReadAllBytes",
                "BufferBytes",
                "GetBytes",
                "db_bytes",
                "get_Values",
                "GetLogicalDrives",
                "BD2nfs",
                "fileSystemFlags",
                "dwFlags",
                "flags",
                "ElapsedEventArgs",
                "get_Tasks",
                "set_Tasks",
                "ICredentials",
                "set_Credentials",
                "get_DefaultCredentials",
                "set_UseDefaultCredentials",
                "Equals",
                "CreateParams",
                "VaultEnumerateItems",
                "System.Windows.Forms",
                "Contains",
                "System.Web.Extensions",
                "System.Text.RegularExpressions",
                "iterations",
                "System.Collections",
                "set_MaximumAutomaticRedirections",
                "StringSplitOptions",
                "RegexOptions",
                "options",
                "get_Groups",
                "get_Chars",
                "Zbrs",
                "GetImageEncoders",
                "System.Timers",
                "RuntimeHelpers",
                "EncoderParameters",
                "SslPolicyErrors",
                "SystemInformationClass",
                "ObjectInformationClass",
                "ManagementClass",
                "pass",
                "dwDesiredAccess",
                "GrantedAccess",
                "FileAccess",
                "FileMapAllAccess",
                "processAccess",
                "get_Success",
                "CreateProcess",
                "hProcess",
                "OpenProcess",
                "GetCurrentProcess",
                "lpBaseAddress",
                "MailAddress",
                "PublicIpAddress",
                "EnableContacts",
                "get_objects",
                "set_objects",
                "VaultEnumerateVaults",
                "pPropertyElements",
                "get_Attachments",
                "set_Arguments",
                "get_Accounts",
                "set_Accounts",
                "get_Exists",
                "get_Keys",
                "set_Keys",
                "get_ModifierKeys",
                "P2cTixwskAt",
                "ALctrixmOt",
                "vZUt",
                "Ld76p8Vt",
                "Concat",
                "AppendFormat",
                "ImageFormat",
                "Subtract",
                "VT_BLOB_Object",
                "VT_STREAMED_Object",
                "VT_STORED_Object",
                "ManagementBaseObject",
                "hFileMappingObject",
                "hObject",
                "ManagementObject",
                "cbKeyObject",
                "pbKeyObject",
                "NtQueryObject",
                "object",
                "set_Subject",
                "Collect",
                "set_AllowAutoRedirect",
                "flProtect",
                "Unprotect",
                "rEdJuMitct",
                "System.Net",
                "offset",
                "ekDCTNgt",
                "get_Height",
                "get_Lenght",
                "set_Lenght",
                "op_Explicit",
                "Split",
                "SectionCommit",
                "WaitForExit",
                "cbSalt",
                "sSalt",
                "salt",
                "VaultOpenVault",
                "get_Default",
                "lpDefault",
                "pcbResult",
                "IAsyncResult",
                "phkResult",
                "result",
                "UnsignedInt",
                "set_UserAgent",
                "PublicUserAgent",
                "SmtpClient",
                "System.Management",
                "pResourceElement",
                "XmlElement",
                "pAuthenticatorElement",
                "pIdentityElement",
                "dwIncrement",
                "sql_statement",
                "Attachment",
                "Environment",
                "XmlDocument",
                "get_Parent",
                "GetParent",
                "get_Current",
                "content",
                "Point",
                "get_Count",
                "get_HandleCount",
                "get_TickCount",
                "vaultItemCount",
                "set_IterationCount",
                "dwPropertiesCount",
                "vaultCount",
                "count",
                "BCryptDecrypt",
                "BCryptEncrypt",
                "TrimStart",
                "AppStart",
                "Convert",
                "set_Port",
                "SmtpPort",
                "Sort",
                "UnsignedShort",
                "Cast",
                "Last",
                "HttpWebRequest",
                "XmlNodeList",
                "ToList",
                "MozillaBrowserList",
                "ChromiumBrowserList",
                "get_Host",
                "set_Host",
                "ICredentialsByHost",
                "host",
                "set_Timeout",
                "GetKeyboardLayout",
                "dwLayout",
                "cbInput",
                "pbInput",
                "cbOutput",
                "pbOutput",
                "get_StandardOutput",
                "set_RedirectStandardOutput",
                "MoveNext",
                "System.Text",
                "LastCopiedText",
                "KeylogText",
                "ReadAllText",
                "AppendAllText",
                "get_InnerText",
                "GetText",
                "GetWindowText",
                "next",
                "Log_text",
                "cbMacContext",
                "pbMacContext",
                "RKdViBRLu",
                "RTfPu",
                "kcprbx6qvXu",
                "5FJ0H20tobu",
                "kSvOahu",
                "MQmu",
                "SN9FOJCQVnu",
                "5rlaRkMAv",
                "IQZ7mCv",
                "FmaGCtOyeNv",
                "OEhVCmRlCTv",
                "lwDUv",
                "3pyY6XqYv",
                "yLgfDCCZv",
                "NKYhbv",
                "YJtsvv",
                "49Ql3w",
                "r8ZHw",
                "McqK80CGrLw",
                "o4rYw",
                "ledZw",
                "Ul7Bvv8Vcw",
                "6x3Fntfw",
                "NULxZIblkw",
                "sZjoflw",
                "dwMaximumSizeLow",
                "dwFileOffsetLow",
                "get_Now",
                "GetForegroundWindow",
                "NativeWindow",
                "set_CreateNoWindow",
                "Q6uqAO0x",
                "ToUnicodeEx",
                "GetModuleFileNameEx",
                "RegQueryValueEx",
                "GetFileSizeEx",
                "UnhookWindowsHookEx",
                "SetWindowsHookEx",
                "CallNextHookEx",
                "MaximumEx",
                "RegOpenKeyEx",
                "peFx",
                "OSHx",
                "ctNHZ1iHx",
                "dMIx",
                "01TxlQx",
                "SUUnRx",
                "cqR0qZQ6Ux",
                "Nut0AeWx",
                "ucchMax",
                "4mKq8Edx",
                "BufferEndIndex",
                "BlockIndex",
                "BufferStartIndex",
                "Regex",
                "FSNN0ox",
                "2Mkkox",
                "mm59Ttx",
                "J1989y",
                "queoHlKRUy",
                "wGVy",
                "rLcFqsR6Bay",
                "ProtectedArray",
                "ToByteArray",
                "InitializeArray",
                "ToArray",
                "ToCharArray",
                "Kq0OwkK7Icy",
                "Consistency",
                "set_Body",
                "get_Key",
                "set_Key",
                "OpenSubKey",
                "subKey",
                "RegCloseKey",
                "phKey",
                "get_GuidMasterKey",
                "set_GuidMasterKey",
                "_guidMasterKey",
                "ContainsKey",
                "wVirtKey",
                "hImportKey",
                "BCryptImportKey",
                "BCryptDestroyKey",
                "RegistryKey",
                "_wsftpkey",
                "System.Security.Cryptography",
                "GetExecutingAssembly",
                "PageReadonly",
                "Multiply",
                "PageWriteCopy",
                "BlockCopy",
                "FileMapCopy",
                "System.Runtime.Serialization.Formatters.Binary",
                "AmountOfMemory",
                "get_TotalPhysicalMemory",
                "Directory",
                "Registry",
                "get_Capacity",
                "Quality",
                "op_Equality",
                "op_Inequality",
                "System.Security",
                "System.Net.Security",
                "Identity",
                "IsNullOrEmpty",
                "BCryptSetAlgorithmProperty",
                "BCryptGetProperty",
                "BCryptSetProperty",
                "pszProperty",
                "DPptchx5o0z",
                "VDJecEyAz",
                "lDYJblkHnHz",
                "NoxQz",
                "E1jVz",
                "MwYz",
                "DaeEybaeudz",
                "nHhz",
                "iNhz",
                "zJalZkz",
                "JcE0wYlv9lz",
                "2216ig9uorz",
                "v9Lsz",
                "0Ef93ftz",
                "nnvz",
                "z0GUxz",
                "2wxz",
                "WrapNonExceptionThrows",
                "1.0.0.0",
                "$a3c0556b-9292-42fc-8fdc-9009eda1d3b8",
                "_CorExeMain",
                "mscoree.dll",
                "<?xml version=\"1.0\" encoding=\"UTF-8\" standalone=\"yes\"?>",
                "<assembly xmlns=\"urn:schemas-microsoft-com:asm.v1\" manifestVersion=\"1.0\">",
                "  <assemblyIdentity version=\"1.0.0.0\" name=\"MyApplication.app\"/>",
                "  <trustInfo xmlns=\"urn:schemas-microsoft-com:asm.v2\">",
                "    <security>",
                "      <requestedPrivileges xmlns=\"urn:schemas-microsoft-com:asm.v3\">",
                "        <requestedExecutionLevel level=\"asInvoker\" uiAccess=\"false\"/>",
                "      </requestedPrivileges>",
                "    </security>",
                "  </trustInfo>",
                "</assembly>",
                "p p!p\"p#p$p%p&p'p(p)p*p+p,p-p.p/p0p1p2p3p4p5p6p7p8p9p:p;p<p=p>p?p@pApDpEpFpGpHpKpfy|y",
                "k#n+n9",
                "PnRng",
                "5 6!7\"8#9$:%;&<'=(>)?*@+A,B-C0D4E5F6G7H8I9K:N;O=QATD]FcJuPvTwVxYy]z`",
                "BACAIHJHQPVUWUXU\\[cbedfdgdhdidjdml",
                "image/jpg",
                "yyyy_MM_dd_HH_mm_ss",
                ".jpeg",
                "/log.tmp",
                "<br>[",
                "yyyy-MM-dd HH:mm:ss",
                "]<br>",
                "<br>",
                "MM/dd/yyyy HH:mm:ss",
                "<br>OSFullName: ",
                "<br>Computer Name: ",
                "IP Address: ",
                "<br>RAM: ",
                "<br>User Name: ",
                "Time: ",
                "<br>CPU: ",
                "<hr>",
                "CPU: ",
                "RAM: ",
                "User Name: ",
                " Recovered!",
                "OSFullName: ",
                "New ",
                "true",
                "https://api.ipify.org",
                "Mozilla/5.0 (Windows NT 10.0; Win64; x64; rv:99.0) Gecko/20100101 Firefox/99.0",
                "false",
                "mail.ahlada.com",
                "excise@ahlada.com",
                "21rY$9U}48j]",
                "appdata",
                "sFMqHBv",
                "sFMqHBv.exe",
                "Type",
                "<b>[ ",
                "]</b> (",
                ")<br>",
                "{ALT+F4}",
                "{ESC}",
                "{F12}",
                "{CAPSLOCK}",
                "{PageUp}",
                "{F9}",
                "{F5}",
                "{F6}",
                "{F3}",
                "{CTRL}",
                "{F4}",
                "{HOME}",
                "{TAB}",
                "{F1}",
                "{Insert}",
                "{F8}",
                "{ENTER}",
                "{Win}",
                "{PageDown}",
                "{KEYRIGHT}",
                "{F11}",
                "{F7}",
                "{KEYLEFT}",
                "{F2}",
                "{BACK}",
                "{F10}",
                "{KEYDOWN}",
                "{NumLock}",
                "{DEL}",
                "{KEYUP}",
                "{ALT+TAB}",
                "control",
                "{END}",
                "&lt;",
                "&gt;",
                "&amp;",
                "&quot;",
                "<br><hr>Copied Text: <br>",
                "logins",
                "IE/Edge",
                "2F1A6504-0641-44CF-8BB5-3612D865F2E5",
                "Windows Secure Note",
                "3CCD5499-87A8-4B10-A215-608888DD3B55",
                "Windows Web Password Credential",
                "154E23D0-C644-4E6F-8CE6-5069272F999F",
                "Windows Credential Picker Protector",
                "4BF4C442-9B8A-41A0-B380-DD4A704DDB28",
                "Web Credentials",
                "77BC582B-F0A6-4E15-4E80-61736B6F3B29",
                "Windows Credentials",
                "E69D7838-91B5-4FC9-89D5-230D4D4CC2BC",
                "Windows Domain Certificate Credential",
                "3E0E35BE-1B77-43E7-B873-AED901B6275B",
                "Windows Domain Password Credential",
                "3C886FF3-2669-4AA2-A8FB-3F6759A77548",
                "Windows Extended Credential",
                "00000000-0000-0000-0000-000000000000",
                "UC Browser",
                "UCBrowser\\",
                "Login Data",
                "journal",
                "wow_logins",
                "Safari for Windows",
                "\\Common Files\\Apple\\Apple Application Support\\plutil.exe",
                "\\Apple Computer\\Preferences\\keychain.plist",
                "<dict>",
                "<array>",
                "<string>",
                "</string>",
                "<data>",
                "</data>",
                " -convert xml1 -s -o \"",
                "\\fixed_keychain.xml\" ",
                "\\Microsoft\\Credentials\\",
                "\\Microsoft\\Protect\\",
                "credential",
                "QQ Browser",
                "\\EncryptedStorage",
                "Tencent\\QQBrowser\\User Data",
                "Profile",
                "\\Default\\EncryptedStorage",
                "entries",
                "category",
                "Password",
                "str3",
                "str2",
                "blob0",
                "password_value",
                "IncrediMail",
                "PopPassword",
                "Software\\IncrediMail\\Identities\\",
                "\\Accounts_New",
                "EmailAddress",
                "Eudora",
                "Software\\Qualcomm\\Eudora\\CommandLine\\",
                "current",
                "Settings",
                "SavePasswordText",
                "ReturnAddress",
                "Falkon Browser",
                "\\falkon\\profiles\\",
                "startProfile=([A-z0-9\\/\\.\\\"]+)",
                "profiles.ini",
                "\\browsedata.db",
                "autofill",
                "ClawsMail",
                "\\Claws-mail",
                "\\clawsrc",
                "passkey0",
                "master_passphrase_salt=(.+)",
                "master_passphrase_pbkdf2_rounds=(.+)",
                "\\accountrc",
                "smtp_server",
                "address",
                "account",
                "\\passwordstorerc",
                "{(.*),(.*)}(.*)",
                "Flock Browser",
                "APPDATA",
                "\\Flock\\Browser\\",
                "signons3.txt",
                "DynDns",
                "ALLUSERSPROFILE",
                "Dyn\\Updater\\config.dyndns",
                "username=",
                "password=",
                "https://account.dyn.com/",
                "t6KzXhCh",
                "Dyn\\Updater\\daemon.cfg",
                "global",
                "accounts",
                "account.",
                "username",
                "password",
                "Psi/Psi+",
                "name",
                "\\Psi+\\profiles",
                "\\accounts.xml",
                "\\Psi\\profiles",
                "OpenVPN",
                "Software\\OpenVPN-GUI\\configs",
                "Software\\OpenVPN-GUI\\configs\\",
                "auth-data",
                "entropy",
                "remote ",
                "USERPROFILE",
                "\\OpenVPN\\config\\",
                "NordVPN",
                "NordVpn.exe*",
                "user.config",
                "//setting[@name='Username']/value",
                "//setting[@name='Password']/value",
                "Private Internet Access",
                "ProgramFiles(x86)",
                "\\Private Internet Access\\data",
                "\\account.json",
                ".*\"username\":\"(.*?)\"",
                ".*\"password\":\"(.*?)\"",
                "privateinternetaccess.com",
                "%ProgramW6432%",
                "Private Internet Access\\data",
                "FileZilla",
                "\\FileZilla\\recentservers.xml",
                "<Server>",
                "<Host>",
                "</Host>",
                "<Port>",
                "</Port>",
                "<User>",
                "</User>",
                "<Pass encoding=\"base64\">",
                "</Pass>",
                "<Pass>",
                "CoreFTP",
                "SOFTWARE\\FTPWare\\COREFTP\\Sites",
                "User",
                "Host",
                "Port",
                "hdfzpysvpzimorhk",
                "WinSCP",
                "SOFTWARE\\Martin Prikryl\\WinSCP 2\\Sessions",
                "HostName",
                "UserName",
                "PublicKeyFile",
                "PortNumber",
                "[PRIVATE KEY LOCATION: \"{0}\"]",
                "ABCDEF",
                "Flash FXP",
                "port",
                "user",
                "quick.dat",
                "\\FlashFXP\\",
                "Sites.dat",
                "yA36zA48dEhfrvghGRg57h5UlDv3",
                "FTP Navigator",
                "Server",
                "SystemDrive",
                "\\FTP Navigator\\Ftplist.txt",
                "No Password",
                "SmartFTP",
                "SmartFTP\\Client 2.0\\Favorites\\Quick Connect",
                "WS_FTP",
                "Ipswitch\\WS_FTP\\Sites\\ws_ftp.ini",
                "HOST",
                "PWD=",
                "FtpCommander",
                "\\Program Files (x86)\\FTP Commander\\Ftplist.txt",
                "\\VirtualStore\\Program Files (x86)\\FTP Commander Deluxe\\Ftplist.txt",
                ";Password=",
                ";User=",
                "\\VirtualStore\\Program Files (x86)\\FTP Commander\\Ftplist.txt",
                ";Anonymous=",
                "\\Program Files (x86)\\FTP Commander Deluxe\\Ftplist.txt",
                ";Port=",
                "\\cftp\\Ftplist.txt",
                ";Server=",
                "FTPGetter",
                "<server>",
                "\\FTPGetter\\servers.xml",
                "<server_ip>",
                "</server_ip>",
                "<server_port>",
                "</server_port>",
                "<server_user_name>",
                "</server_user_name>",
                "<server_user_password>",
                "</server_user_password>",
                "The Bat!",
                "\\The Bat!",
                "\\Account.CFN",
                "=-=-=-=-=-=-=-=-=-=-=-=-=-=-=-=-=-=-=-=-=-=-=-=-=-=-=-=-=-=-=-=-=-=-=-=-=-=-=-=",
                "+-0123456789ABCDEFGHIJKLMNOPQRSTUVWXYZabcdefghijklmnopqrstuvwxyz",
                "Becky!",
                "HKEY_CURRENT_USER\\Software\\RimArts\\B2\\Settings",
                "DataDir",
                "Folder.lst",
                "\\Mailbox.ini",
                "Account",
                "PassWd",
                "SMTPServer",
                "Outlook",
                "9375CFF0413111d3B88A00104B2A6676",
                "Software\\Microsoft\\Office\\11.0\\Outlook\\Profiles",
                "Software\\Microsoft\\Office\\12.0\\Outlook\\Profiles",
                "Software\\Microsoft\\Office\\14.0\\Outlook\\Profiles",
                "Software\\Microsoft\\Office\\15.0\\Outlook\\Profiles",
                "Software\\Microsoft\\Windows NT\\CurrentVersion\\Windows Messaging Subsystem\\Profiles",
                "Software\\Microsoft\\Windows Messaging Subsystem\\Profiles\\9375CFF0413111d3B88A00104B2A6676",
                "Software\\Microsoft\\Office\\16.0\\Outlook\\Profiles",
                "Email",
                "IMAP Password",
                "POP3 Password",
                "HTTP Password",
                "SMTP Password",
                " Server",
                "Windows Mail App",
                "Software\\Microsoft\\ActiveSync\\Partners",
                "syncpassword",
                "mailoutgoing",
                "COMPlus_legacyCorruptedStateExceptionsPolicy",
                "FoxMail",
                "HKEY_CURRENT_USER\\Software\\Aerofox\\FoxmailPreview",
                "Executable",
                "HKEY_CURRENT_USER\\Software\\Aerofox\\Foxmail\\V3.1",
                "FoxmailPath",
                "\\Storage\\",
                "\\mail",
                "\\VirtualStore\\Program Files\\Foxmail\\mail",
                "\\VirtualStore\\Program Files (x86)\\Foxmail\\mail",
                "\\Accounts\\Account.rec0",
                "\\Account.stg",
                "POP3Host",
                "SMTPHost",
                "IncomingServer",
                "POP3Password",
                "Opera Mail",
                "\\Opera Mail\\Opera Mail\\wand.dat",
                "opera:",
                "defg",
                "ijklmno",
                "pqrs",
                "vwxyz1234567890_-.~!@#$%^&*()[{]}\\|';:,<>/?+=",
                "PocoMail",
                "\\Pocomail\\accounts.ini",
                "POPPass",
                "SMTPPass",
                "SMTP",
                "eM Client",
                "Accounts",
                "\"Username\":\"",
                "\"Secret\":\"",
                "72905C47-F4FD-4CF7-A489-4E8121A155BD",
                "\"ProviderName\":\"",
                "eM Client\\accounts.dat",
                "o6806642kbM7c5",
                "Mailbird",
                "SenderIdentities",
                "\\Mailbird\\Store\\Store.db",
                "Server_Host",
                "Username",
                "EncryptedPassword",
                "TightVNC",
                "Software\\TightVNC\\Server",
                "RealVNC 4.x",
                "SOFTWARE\\Wow6432Node\\RealVNC\\WinVNC4",
                "SOFTWARE\\RealVNC\\WinVNC4",
                "TightVNC ControlPassword",
                "ControlPassword",
                "PasswordViewOnly",
                "RealVNC 3.x",
                "SOFTWARE\\RealVNC\\vncserver",
                "Software\\ORL\\WinVNC3",
                "TigerVNC",
                "Software\\TigerVNC\\Server",
                "UltraVNC",
                "\\uvnc bvba\\UltraVNC\\ultravnc.ini",
                "passwd",
                "passwd2",
                "ProgramFiles",
                "\\UltraVNC\\ultravnc.ini",
                "JDownloader 2.0",
                "JDownloader 2.0\\cfg",
                "org.jdownloader.settings.AccountSettings.accounts.ejs",
                "jd.controlling.authentication.AuthenticationControllerSettings.list.ejs",
                "Paltalk",
                "Software\\A.V.M.\\Paltalk NG\\common_settings\\core\\users\\creds\\",
                "nickname",
                "paltalk.com",
                "Pidgin",
                "\\.purple\\accounts.xml",
                "<account>",
                "<protocol>",
                "</protocol>",
                "<name>",
                "</name>",
                "<password>",
                "</password>",
                "Trillian",
                "\\Trillian\\users\\global\\accounts.dat",
                "trillian.im",
                "MysqlWorkbench",
                "\\MySQL\\Workbench\\workbench_user_data.dat",
                "Internet Downloader Manager",
                "Software\\DownloadManager\\Passwords\\",
                "EncPassword",
                "Discord",
                "discord.com",
                "Discord Token",
                "[\\w-]{24}\\.[\\w-]{6}\\.[\\w-]{27}",
                "mfa\\.[\\w-]{84}",
                "Local Storage\\leveldb",
                "discordptb",
                "*.log",
                "discordcanary",
                "*.ldb",
                "origin_url",
                "username_value",
                "Opera Stable",
                "\\Local State",
                "\"encrypted_key\":\"(.*?)\"",
                "\\Default\\Login Data",
                "\\Login Data",
                "key4.db",
                "metaData",
                "item1",
                "item2",
                "nssPrivate",
                "a102",
                "2a864886f70d0209",
                "2a864886f70d010c050103",
                "key3.db",
                "global-salt",
                "Version",
                "password-check",
                "Path=([A-z0-9\\/\\.\\-]+)",
                "logins.json",
                "[^\\u0020-\\u007F]",
                "oauth",
                "\\\"(hostname|encryptedPassword|encryptedUsername)\":\"(.*?)\"",
                "signons.sqlite",
                "moz_logins",
                "hostname",
                "encryptedUsername",
                "encryptedPassword",
                "Application: ",
                "Password: ",
                "Username: ",
                "Host: ",
                "<br>Username: ",
                "<br>Application: ",
                "<br><hr>",
                "<br>Password: ",
                "Coowon",
                "Coowon\\Coowon\\User Data",
                "Cool Novo",
                "MapleStudio\\ChromePlus\\User Data",
                "Opera Browser",
                "Opera Software\\Opera Stable",
                "K-Meleon",
                "\\K-Meleon\\",
                "Torch Browser",
                "Torch\\User Data",
                "Amigo",
                "Amigo\\User Data",
                "SeaMonkey",
                "\\Mozilla\\SeaMonkey\\",
                "CyberFox",
                "\\8pecxstudios\\Cyberfox\\",
                "Epic Privacy",
                "Epic Privacy Browser\\User Data",
                "Flock",
                "Thunderbird",
                "\\Thunderbird\\",
                "7Star",
                "7Star\\7Star\\User Data",
                "QIP Surf",
                "QIP Surf\\User Data",
                "Chrome",
                "Google\\Chrome\\User Data",
                "Chromium",
                "Chromium\\User Data",
                "Edge Chromium",
                "Microsoft\\Edge\\User Data",
                "IceCat",
                "\\Mozilla\\icecat\\",
                "360 Browser",
                "360Chrome\\Chrome\\User Data",
                "PaleMoon",
                "\\Moonchild Productions\\Pale Moon\\",
                "Vivaldi",
                "Vivaldi\\User Data",
                "IceDragon",
                "\\Comodo\\IceDragon\\",
                "Sputnik",
                "Sputnik\\Sputnik\\User Data",
                "Comodo Dragon",
                "Comodo\\Dragon\\User Data",
                "Citrio",
                "CatalinaGroup\\Citrio\\User Data",
                "CentBrowser",
                "CentBrowser\\User Data",
                "Firefox",
                "\\Mozilla\\Firefox\\",
                "Kometa",
                "Kometa\\User Data",
                "Brave",
                "BraveSoftware\\Brave-Browser\\User Data",
                "Orbitum",
                "Orbitum\\User Data",
                "Postbox",
                "\\Postbox\\",
                "Uran",
                "uCozMedia\\Uran\\User Data",
                "Chedot",
                "Chedot\\User Data",
                "Sleipnir 6",
                "Fenrir Inc\\Sleipnir5\\setting\\modules\\ChromiumViewer",
                "Liebao Browser",
                "liebao\\User Data",
                "BlackHawk",
                "\\NETGATE Technologies\\BlackHawk\\",
                "Yandex Browser",
                "Yandex\\YandexBrowser\\User Data",
                "Elements Browser",
                "Elements Browser\\User Data",
                "WaterFox",
                "\\Waterfox\\",
                "Iridium Browser",
                "Iridium\\User Data",
                "Coccoc",
                "CocCoc\\Browser\\User Data",
                "00061561",
                "Berkelet DB",
                "00000002",
                " 1.85 (Hash, version 2, native byte-order)",
                "Unknow database format",
                "SQLite format 3",
                "table",
                "UNIQUE",
                "{0:X2}",
                "INTEGER ",
                "OBJECTIDENTIFIER ",
                "SEQUENCE {",
                "OCTETSTRING ",
                "Windows Credential",
                "blob",
                "policy",
                "chrome",
                "{{{0}}}",
                "sha512",
                "ObjectLength",
                "ChainingModeGCM",
                "AuthTagLength",
                "ChainingMode",
                "KeyDataBlob",
                "Microsoft Primitive Provider",
                ":Zone.Identifier",
                "Name",
                "SELECT * FROM Win32_Processor",
                ".tmp",
                "None",
                "win32_processor",
                "processorID",
                "0b587aa7-2c42-4629-921a-1ca848d37e5b",
                "Win32_NetworkAdapterConfiguration",
                "IPEnabled",
                "MacAddress",
                "70dde120-5a2f-4d90-88e5-61e70133557c",
                "Win32_BaseBoard",
                "SerialNumber",
                "002bd421-b24d-4120-89b6-fc198055ebdb",
                ".html",
                "text/html",
                "{0}:",
                "StorageSize: {0} (0x{0:X})",
                "FormatID: {0}",
                "Version: 0x{0:X}",
                "Version is not equal to {0} ({1})",
                "Size of the SerializedPropertyStore is less than {0} ({1})",
                "Size of the SerializedPropertyStorage is less than 28 ({0})",
                "{D5CDD505-2E9C-101B-9397-08002B2CF9AE}",
                "Type: {0}",
                "Value: {0}",
                "Name: {0}",
                "NameSize: {0} (0x{0:X})",
                "ValueSize: {0} (0x{0:X})",
                "Size of the StringName is not equal to {0} ({1})",
                "Size of the StringName is less than 9 ({0})",
                "Size of the NameSize is not equal to {0} ({1})",
                "ID: 0x{0:X}",
                "Size of the SerializedPropertyStore is less than 8 ({0})",
                "StoreSize: {0} (0x{0X})",
                "\\Device\\LanmanRedirector\\",
                "Failed to retrieve system handle information.",
                "VS_VERSION_INFO",
                "VarFileInfo",
                "Translation",
                "StringFileInfo",
                "000004b0",
                "FileDescription",
                "FileVersion",
                "InternalName",
                "fce42400-e6b8-42c7-9864-a86b32bf010a.exe",
                "LegalCopyright",
                "OriginalFilename",
                "ProductVersion",
                "Assembly Version"
            ]
        }
    ]
}