{
    "malware_data": [
        {
            "filename": "e24e13274eb611c22cbf4f339e8f80a346e3f6e9435a6f212b6a53254bed47fd.elf",
            "filetype": "7F454C46",
            "filesize": "53KB",
            "hash_sha256": "e24e13274eb611c22cbf4f339e8f80a346e3f6e9435a6f212b6a53254bed47fd",
            "strings": [
                "HFu8sfga",
                "M (40",
                "8M@H4P",
                "XM`h5p",
                "s{+[[",
                "8s6#-",
                "sGG[W6",
                "4[<x",
                "k3$[",
                "0v+-",
                "{x'f",
                "SOOq0f",
                "/+L0",
                "0'H4f",
                "y4/Y",
                "`+2|",
                "10WD",
                "8r#V",
                "kO4h",
                "Vr{6+",
                "X6_Z",
                "tW@s",
                "VC_,",
                "VCq(",
                "K[/0",
                "w/]_",
                "CcU$",
                "B?_L V",
                "L$8@0~",
                "1m[[.W",
                "7PA3`Q",
                "O`Qm",
                "g_vwDP",
                "c~c1",
                "@a#w",
                "{wP7+",
                "?~'l",
                "NZN4",
                "G4_D",
                "'w6m",
                "Wm[~",
                "ww;h",
                ";oKD8",
                "-k+W",
                "h@@W",
                "|K4!",
                "M#[b",
                "/(`;",
                "qO:Gu",
                "<++^3'[",
                "[7*@",
                "OGwb",
                ";0O[",
                "23ys",
                "\"38O",
                "k`{g",
                "(stY",
                "{?i0)",
                "YN3R",
                "qi;{?",
                "O(o`",
                "Sg(x",
                "7|{6#",
                "/&*p",
                "7l#}`D",
                "Sr#F[",
                "[;fK",
                "|s14kp",
                "_0G#o`P",
                "H30X",
                "K@2W",
                "K04p",
                "GOaK",
                "`9W`",
                "\"Z/ ",
                "W647",
                "'(8n",
                "++<&",
                "Sv7B",
                "@l;d]",
                "t3(H",
                "[ Qg-",
                "]ceE",
                "7&SX&",
                "s[{{",
                "lC:`lWT",
                "0Xlh_",
                "[[;&",
                "h6s`",
                "# )O",
                "xkT?",
                "E0_7y",
                "4$28",
                "Y$7[",
                "+\\ (xC",
                "SC4e",
                "#o5N",
                "3(zW",
                "1N8@g",
                "UIcl",
                "8C<!",
                "rhC$",
                " a't",
                "d7xt@",
                "|Kjg",
                "7j@&",
                "oMP sg",
                "KWtG",
                "lN;^",
                ",XSa?",
                "_1+[",
                "C`:Wd",
                "LGUXg7",
                "r7l+L`",
                "w7L ",
                "H;S<Pk",
                "g{.u",
                ":uo9",
                "@M3T",
                "`CDv",
                "wA#3",
                "$rpX",
                "WS4`o",
                "6C[>",
                "W5;!",
                " 3wk",
                "$@04;",
                ",lKu.|",
                "5wdW",
                "+Vwm",
                "CkP,gG",
                "?I:_",
                "4I#^",
                "YOG4 4  O",
                "U}cU",
                "C.7r;",
                "23=kW",
                "XkKT",
                "/]3)",
                "1'@C",
                "0eG{",
                "JR**7hQ",
                "2{!K",
                "<p@'s",
                "D>S0",
                ",5jA(",
                "M $0",
                "Ws`0",
                "!2RKg ",
                "!rC 07",
                "[P7S",
                "gt~4",
                "k;7#",
                "*'gy",
                "-;^ 7*",
                "_n;L",
                "@1WFo<",
                "+ Os",
                "gZPo",
                "Ym;\"\\",
                "8=1sf",
                "3qo /l",
                "AzG>",
                "(0oj",
                "3KqA",
                "z+(`",
                "r8pqy",
                "`o6w",
                "I3DZ",
                "G'HA",
                " '[PpO",
                "67//n",
                "hWtkO",
                "<WQe",
                "TMTTT+w",
                "+dm/",
                "q9+Z",
                "08OH?",
                "VMRK",
                "S(}_",
                " VCm",
                "A-33",
                "k,/8",
                "gcc@",
                "ODmS",
                "C?Q\\k",
                "?7x'",
                "P`W}",
                "#?6s",
                "KSG]4",
                "<[O3",
                "TWrO0",
                ";Zw*",
                "/$8;pC.X",
                "oPXW",
                "Xw*k",
                "n/I/#",
                "3(o'9",
                "3P\\#",
                "/$s+c",
                "Wwh#$",
                "0Dbg",
                "+X'b.?z+",
                "[/pK7$UX",
                "P_!Lpg",
                "(D./",
                ";-Gt#",
                " tM_",
                "b}+(`",
                "7n#xPN iS",
                "G8#d",
                " k0G",
                "G9#d",
                "pLH?,",
                "<_W;",
                "A'{G/",
                "wkch",
                "0UQbG",
                "Oo`p",
                "WAI7",
                "J{(ts",
                "ZW`T",
                "'WkX",
                "7Y7#",
                "oWK{W",
                "{Ua?B",
                "D?l&",
                "0mG)5",
                "{7'l",
                "o^xX",
                "HH]t",
                "D8'*d3p",
                "nJ`?",
                "pPS#",
                "(dw\"+",
                "~cKF",
                "74tW4Xg ",
                "p7n#",
                "T,oP",
                "L@I_",
                "<ql'<@",
                "pcQL",
                "?[8 ",
                "@.Wv",
                "og|S",
                "<'G C",
                "O|_+0+#?",
                "[wFS",
                "gab;",
                "pD0 ",
                "7PBc",
                "r' ]",
                ",3'/",
                ":sP_",
                "=GWC&",
                ";kU/@",
                "7TED",
                "@?a;",
                "G3A\\",
                " cMg",
                "+5G ",
                "/\\1Q",
                "P>kU",
                "Qk+#b",
                "\"Lw6r",
                "`3J(v_/",
                ";,Ck",
                "S[A1",
                "#PQO[0",
                "/D(g",
                "\\U%S",
                "0k9{",
                "0QmK0",
                "G?G0G@",
                "C<;BX",
                "+(=g",
                "+U[Q",
                "PhwP",
                ")s,B7",
                "4C\\@{",
                "b^,[} N",
                "kt3`",
                "l.wZ",
                "_x?8",
                "W:R1",
                "#0h3",
                "IQ G",
                "893A'",
                "#3WC",
                "](oP0",
                "5eOW!",
                "c$pO",
                "RKh7",
                "Q6[1",
                "~m<7",
                "}30ZC",
                "j'Vc",
                "Ql'9V",
                "`C@6?",
                " L#\"Z",
                "@.w:",
                "w4Csi4",
                "k@|]",
                "3Tsk",
                "Oc@G7",
                "2ST#m",
                "{T6G\"0",
                "3C3%/k{",
                "H3 G",
                "3`^5",
                "/epj",
                "`7@;",
                "doe$",
                "W[cl",
                "0>{<02?",
                "$/bT",
                "Q[? ",
                "Lx3V/",
                "C0[6",
                "'Gs ",
                "7c13",
                "KnpODWSG",
                "8c J",
                "_WPO",
                "#O#Q",
                "R_b}",
                "*+4sA",
                "PF@:",
                ";;CE",
                "K4'UNk'",
                " &?u",
                "Sj=c",
                "<?@-Gt",
                "Tx'E",
                "siKR",
                "(>#+",
                "}'<U",
                "!PF'",
                "_@`o>mN",
                "+`TEcS3[",
                "l47B",
                "pE''",
                "3T_\"",
                ";Xcc'",
                "ifkg",
                "bai`",
                "YMXW4V",
                "UMTSES",
                "MKJ4Ix",
                ">M=<4;",
                ":G9C",
                "32h1=c",
                "#\"j!",
                "S&sU",
                "h/|+",
                ";S3h",
                "/<'D",
                "ll#(",
                "hD,Cx",
                "ao(Z@",
                "?h/ f",
                "Lk 'lO4",
                "uPpf",
                "+!DG3",
                "`;0p",
                "(D7T~",
                "Ks,T",
                "W7'b",
                "POSGV",
                "#E-;",
                "@X/h",
                "@!{j:7\\",
                "/\\Pp",
                ",GSC",
                "c`%V",
                "cT:s",
                "P2#\"",
                "'1sS#&",
                "7NdsC",
                "Pw'R",
                "UX'p`",
                "FUe36p",
                "6_bV'#",
                "GXP#30M4",
                "?#@`m",
                "D3=;@ ",
                "]8#4u",
                "_IDC{",
                "rS`*Q-+0Zc*\\",
                "dOZ?7",
                "MkO@YS",
                "g^3T",
                "1#Kq!",
                "{*I\"",
                "P,` d[@",
                "CUW'.WUL",
                "OKvc",
                "@\"3*",
                "rT5+",
                "#!_z",
                "[/3<",
                "38g7W",
                "P$oT",
                "LuMA5",
                "Kp`E",
                "Lkmk",
                "!nCd",
                ".3T3kS",
                "a7Qo",
                "phcW",
                "As{[#a3",
                "c\"j/",
                "sDm+",
                "1}+R",
                "BCo3aG",
                "w;x;",
                "<sC;",
                "T7A`",
                "WGA|",
                "p[Tp",
                "?G<'",
                "lonJ",
                "jG70Fo",
                " ^g@C",
                "[S{;",
                "/4^w",
                "5@Q0",
                "@`4S",
                " @-{`",
                "gMo0",
                "0{b$GBg",
                "k#'p",
                "McQl{",
                ";3[c",
                "J@{_",
                "SC~=#",
                "5[h:",
                "E'7(",
                "$.4Q",
                "?G`V",
                "Ut?k",
                "tk$C6",
                "TM/\\",
                "DM\\T4",
                "c2@\\",
                "MXX4H",
                "T}#-.",
                "G7:C",
                "l[@T`'",
                "\"(E+Dd",
                "\\QX'",
                "Q2wq",
                "oV6k,",
                ",+iX",
                "L| ]",
                "@U}7",
                "D_+ U?K",
                "kCGU",
                "Ss .",
                "#3&,7PJg",
                "5OV<",
                "cUtHO",
                "; E0",
                "??k@d",
                "W8$`L",
                "1#}S",
                "PE#W+",
                "rP5o*",
                "Ca,j1",
                "9G7K",
                "[`#[",
                "gZHOl",
                "+<@v",
                "G7g^",
                "a#I#",
                "OE#v0g",
                "D+QOG",
                "KcUw",
                "/84o",
                "s;H3",
                "xqwR",
                "+ 6Ca",
                "AWK1O",
                "/DKK!",
                "3g'A",
                "*77^",
                "Uu_L",
                "G?xN",
                "U_gp",
                "A0&k",
                "P$3.o",
                "KH?>k",
                "+?=,",
                "CK6{b",
                "Zno\\",
                "|/`j",
                "8A_#",
                "G<sDV",
                "wG @",
                "L#x3",
                "CCCH?",
                "W$@J;",
                "@RSw",
                "{@Fk",
                "GD0'",
                "+l;B",
                "{R#P",
                "{/w{",
                "zs9?l;",
                "POST /",
                "cdn-cgi",
                " HTTP/1.",
                "User-",
                "Agent:Z",
                "url=",
                "%cg+%",
                "[scao",
                "] Saving",
                " (%s/",
                ") with",
                " type %d}9.",
                "oENCRY",
                "PTION_1G`",
                "B{/t",
                "mp/.g",
                "watchdog}#W",
                "/proc/",
                "/exeg",
                "var/Sofi",
                "/dev",
                "q6he3dbr",
                "l_Gu4to",
                "18np",
                "j702f",
                "#ZO@MV",
                "KLI\"o[RPMA",
                "VARd",
                "AOFN2",
                "/6+/",
                "CDK(e_ZPGQM",
                "AMLD",
                "MDK1l>g",
                "3l?\"d",
                "Ka?6",
                "_W`t",
                ",c~`",
                "Gpao",
                "IGGRQ",
                "wAC*",
                "KOCEG",
                "nCLEW",
                "DM_m",
                "WPNh#7",
                "NMf>",
                "5Ms(",
                "AJWLI`k",
                "S'7o",
                "uV\"e",
                "(nil)c",
                "hlLjztqZ",
                "E+yY",
                "xXouo",
                "EgGa",
                "lSc=",
                "+0-#'",
                "Unknow",
                "1n-ect",
                "AInt",
                "v6:J;",
                "iccVa",
                "ddrD",
                "Argum",
                "maB;B1Y",
                "iptV",
                "[yrsc",
                "B,ka",
                ";$yZ",
                "oG-`A",
                "n0in",
                "Bap3(",
                "Xalb",
                "fn&on",
                "meR-",
                "\"qs ",
                "e]ty",
                "UhjX",
                "qvdcCh",
                "L~c 2",
                "N6P>",
                "c)vchW,",
                "g-sI",
                "gkk%=W*?Lbj",
                "sg)s",
                "RFSf",
                "r\"V9",
                "=Nam",
                "D3q!Z",
                "iesC",
                "Z0l%Y",
                "}~by",
                "qq o$",
                "{n-s",
                "2Dwwr",
                ",X<[",
                "T6<dy",
                "HgnaA",
                "I)`Z$8/6",
                "/?ffe",
                "q-jp",
                ": c`B",
                "%k/ExNFS",
                "XENIX$",
                "BU,2",
                "hX(9",
                "/Nhs",
                "i)P-",
                "O8M2",
                "?$uG",
                "CAk[",
                "4.002021",
                "/proc/self/exe",
                "/proc",
                "/self/ex",
                "0\\MSA",
                "lSrn",
                "CUPX!",
                "40CZ",
                "Wm?U",
                "! 9+",
                "Pdoc^",
                "`4n'",
                "4kScO",
                "hC`g",
                "w;@bQ",
                "4`\\s",
                "/4&'}",
                "<4'82/V",
                "GCC: (G",
                "NU) 3.",
                "2 200",
                "ian pre",
                "leas",
                ".shst",
                "inito",
                "tex5f",
                "roda",
                "eh_fra",
                "me3b",
                "wgoU3Mc,c",
                "om9n",
                "{ibuzvs",
                "7`'v;O",
                "Ch 3",
                "7'D0%vxO",
                "gKpa",
                "sfga"
            ]
        }
    ]
}