{
    "malware_data": [
        {
            "filename": "dc1a9582d0b1813e52c7d8f344cca98dec098b9b41a7bf174883211c8b6ebaef.elf",
            "filetype": "7F454C46",
            "filesize": "41KB",
            "hash_sha256": "dc1a9582d0b1813e52c7d8f344cca98dec098b9b41a7bf174883211c8b6ebaef",
            "strings": [
                "UPX!",
                "k_2Xk8",
                "\"ne\\",
                "&<^[",
                "}zT#P",
                "C7,_",
                "6H87",
                "OClT",
                "2ua@",
                "^X5Ls",
                "<!le",
                "1Cv[#A4A",
                "'pmt",
                "2GFz",
                "DUI,",
                "97HV",
                "\\c64q",
                "734U",
                "QGIE i",
                "jjC;L4",
                "~$nh",
                "kyv&",
                "fZ?@z|5",
                "\\9d.j",
                "3(BFI",
                "a6{-",
                ">kuZ",
                ";kJg",
                "I^0V",
                "|l'nU",
                ")H]D",
                "\\'5V",
                "lre_",
                "$Ni>[x",
                "VhSm",
                "?yM=",
                "FmjE",
                "%GZ|G",
                ";p:_",
                "/^ P",
                "#XS?",
                "M`Xj",
                "p6,a",
                "^9lB+",
                "]w-wO",
                "6xak",
                "a0d1",
                "g1~K",
                "l!Z2",
                "Sjg)",
                "VtLv!P",
                "c5%Hs{",
                "MUzG{",
                "grml",
                "Fd(M",
                "&IX\\",
                "8BZf",
                "]j>sGk",
                "$k:[",
                "D\".3",
                "9:~E",
                "Cs?#",
                "5%+Y^",
                "=1-&",
                ";v5Bk7",
                "<[>~ ",
                "{z:;v",
                "Oj<N",
                "?tbj",
                ">^gjZ-",
                "%/Ryk",
                "TBog",
                "H^h[",
                "=HB(",
                "a<(p",
                ":[+'fj",
                "^jP1f",
                "{}\"u",
                ":?W<",
                "sgL?",
                "+#)<",
                "Ki{R",
                "R\\o'H",
                "fZV6T",
                "CKn$",
                "5DE<",
                "@T_Tg",
                "L_=il",
                "$M}@cc",
                "%fFE",
                "tZ#B",
                "X9$K",
                "T<hn]/h",
                "GYBp",
                "3cq;9",
                "J=>E",
                "XS_=",
                "DNeF",
                "S'7?",
                "t`f1",
                "GANx",
                "fnV*9]",
                "N{s5C",
                "h>1V|",
                "F[z=",
                "ciGz",
                "dMH:!",
                ">qn\\w",
                "efMI,@N",
                "K0,Q",
                "<#& ",
                ".YNR",
                "]-Wp",
                "W/Fa0",
                "!)M/",
                "uF^{",
                "2S6;",
                "]c.FJ\\",
                "9e-cBE",
                "rm#P",
                "I@vO",
                "nwrYY",
                "VEBj",
                "9FE+",
                "Ws]'",
                "Y1?-",
                "B}Y}n",
                "IVZ2",
                "I`2H])",
                "o-|A",
                "(#H*Y",
                "O%EW[+",
                "?fm%",
                "X:/~h",
                "!S,(",
                "U}Zd?",
                "?N y/",
                "Rqt*[",
                "[6TOU",
                "9A'jm>",
                "dw36",
                "(A{T",
                "^'t$:",
                "t5p,oS",
                "oidf",
                "X<$7",
                "6sTyZ",
                "E ?#",
                "\\;>G",
                "J]$_K",
                "@xx}l",
                "u*M9",
                "Jo*EU",
                "L [Z",
                "[e[l",
                "bLX$|&d8",
                "/HmJ",
                "~VdHo",
                "<z||o",
                "{Cu.",
                "`pEn",
                "(LIR",
                "R[>'",
                "murS",
                "\"M]6",
                ">:8vh",
                "?I/s",
                ">$G\"P",
                "|yC4g",
                "WO2zc",
                "m<O0|",
                "e@{N;e",
                "*(d(",
                "?QVs",
                "*Hgt",
                "(`m]",
                "/ac}",
                "6l_\\",
                "]w5RY",
                "qp45",
                "tz`}5",
                "hHZ$",
                "P&P@",
                "\\84C",
                "L+8L",
                "'$}=Q",
                "]&\"6",
                "v(}HN",
                ")\"DG",
                ",Oi\"",
                "tqJmV",
                "n5`p.\\*C3}@",
                "%xij",
                "0At]{r",
                "1?jgyj",
                "vT0=",
                "Ym@A",
                "(;I'",
                "8N);",
                "'{_+[",
                "kXaP",
                "oc`A@wK",
                "jU~r:",
                "$/xI",
                "N&mc",
                "j{L]",
                "{'@eR",
                "bJi\\",
                ";S#N",
                "a>t9",
                "#zv(",
                "'-heb3",
                "7h;?",
                "}]x8T",
                "4z2k",
                "-{R1",
                "c}n[6",
                "NmC.j",
                ",~F(",
                "*>Ao",
                "#K:Yo",
                "L$_BE7`8YW",
                "o(2[",
                "J #\"/",
                "&LeD",
                "{Tjg",
                "bOu3",
                "!2l,",
                "PX*w#",
                "/gp'T",
                "9FX|q",
                "*{bh2m",
                "q<N@Q{",
                "<vkF",
                "2DFY",
                "V(JQQ",
                "Ms/x",
                "oaJf",
                "UvpO1]",
                "-PA6",
                "}!G0&",
                "SBA,`",
                "UV#l",
                "%T_>",
                "8?3F",
                "Z@Qt*v",
                "BGSF",
                "_r`oN",
                "rntO",
                "`uVq3",
                "Swk~",
                "E%OL-G>b~8",
                "A(uV",
                ":0D=",
                "x#d|",
                "h+'2",
                ")Sb(",
                "3q!P!",
                "?8lz",
                "MQAJ",
                "|!$}",
                "riF.P5",
                ")m0z",
                ")5od",
                ").@L",
                ":UJ%",
                "5sID?",
                "<d-)",
                "%[6H",
                "E}^.",
                "|`Y9",
                "&k>k",
                "vC-\\",
                "AO+W",
                "X:YE:",
                "@GMc=b",
                "8!_Vft",
                "7*-W,",
                "&fJrLB",
                "Bun@",
                "wn,D",
                "; \"U",
                "C:N ",
                "rIGd",
                "Y?@L",
                "c7m|",
                "OOG]\"",
                "J+eK",
                "Eh-=u",
                "/b#.",
                "Pr.q",
                "qhSbhH",
                "0+'!",
                "k}t3",
                "9x{\"",
                "7<~n",
                "\"}.(",
                "+(D]",
                "u9t7",
                "@{4^",
                "a]0Y(jzk",
                "Mq^9",
                "I'_4w",
                "*;?}",
                "+rJ=#c",
                "2\\US.>",
                "_rS4tt",
                "9h/t",
                "mTQSCb",
                "zx:e",
                "&w{P",
                "&?^.Ot",
                "A!F|",
                "NEJk",
                "L/g[",
                "+bh+s%",
                "EiMl",
                "&kA]",
                "b-v!",
                "}!1.B)",
                "M{]#J",
                "z| ^&E",
                "m26P",
                "3g_os^",
                "[a)_",
                "l=7\"",
                "iIv5",
                "U}dc",
                "JRu(9`R(",
                "~|tJ",
                "#l:L",
                "NpL*G",
                "a6aY",
                "D\\dDH",
                "Bf?2E",
                "\"F|kS_",
                "jVHo",
                ":TAY|f",
                "-QN9Q",
                "Ii`F",
                "4u]4",
                "L=H1",
                "zQ#Ox",
                "nn_n}HW",
                "5A*Jn",
                "Nt5$",
                "2$ \\",
                ";wub",
                "}-]j[[K",
                "8/dj",
                "0Xi%<",
                "6P/o",
                "?M7W",
                "\\DwQ",
                "\"Xz'",
                "EmGnW{",
                "ZIjH",
                "!G 9",
                "'Dg7J",
                "P8'C",
                "M9is>3",
                "'W;A",
                "9T46",
                "69bb",
                "2#!f",
                ".=ROY",
                "^xZD",
                "f0L?$O",
                "a&wbh3",
                "}akdg",
                "]$BS",
                "f4Q[z",
                "Gh?M",
                "[a G",
                "@$>Pe",
                "b=ag|",
                "~^:F",
                "+;?C",
                "-hV-_n",
                "_*cM",
                "<u/x",
                "Wt`I",
                "m_8o",
                "U^^y",
                "6GxSh",
                "Oqi9",
                "6pb41F_",
                "eTaXhC,u?",
                "t|OZ",
                "3,^_K",
                "R-i%",
                "OwSm",
                "026;",
                "j`s!n",
                "H3T!",
                "]$*>",
                "ag@e",
                "oy @5",
                "U:eXE06k",
                "e 5$",
                "oTd>~",
                "Wo{bt/k",
                "W,Xf",
                ".Y!1x",
                "uT_D",
                "Vh0/_",
                "hvXU",
                "z[{H?H",
                "qbB%1x",
                "pP3m",
                "z3U#Aq",
                "27H0",
                "VKo1",
                "_<$m",
                "9j4S",
                "0'3H",
                "|s<~",
                "Qc`i%",
                "^nw5",
                "A/>c",
                "$+E2",
                "U''}",
                "a\\Ub",
                "UT]3",
                "7;\\*",
                "4R$P{",
                "!d.T8,",
                "l~&3",
                "%y`~",
                "_|ll",
                "Sy?I",
                "qq*K",
                "FH!*B",
                "p!'9",
                " C0b",
                "p%'9",
                "(!PROT_EXEC|PROT_WRITE failed.",
                "$Info: This file is packed with the UPX executable packer http://upx.sf.net $",
                "$Id: UPX 3.94 Copyright (C) 1996-2017 the UPX Team. All Rights Reserved. $",
                "r&J+",
                "lc'+\"",
                "wfb_.i/",
                "3!L!",
                "x)h5",
                "gdv]",
                "^Zq9 ",
                "XCpah",
                "3wj}",
                "#?a4",
                "n&2|",
                "AzX6",
                "K:bTH",
                "G=?>",
                "](;c"
            ]
        }
    ]
}