{
    "malware_data": [
        {
            "filename": "dd7f5bd431c5ef84cc58b490eed097e76b800d6c822de3de6d68d88881626a3b.exe",
            "filetype": "4D5A8000",
            "filesize": "37KB",
            "hash_sha256": "dd7f5bd431c5ef84cc58b490eed097e76b800d6c822de3de6d68d88881626a3b",
            "strings": [
                "!This program cannot be run in DOS mode.",
                ".text",
                "LI+wT",
                "j5a*",
                "LjC`",
                "oHKU",
                "Qm;B3",
                "6cJ9",
                "./\\V",
                "USVW",
                "iViK",
                "_^[]",
                "}Yhw",
                "6y#!!sS",
                "#!!5",
                "{51U5",
                "6C\"!!",
                "`SVW",
                "Vz=*",
                ";vM[",
                "qa*$",
                " `zz",
                "#t=3t",
                "Dh/8",
                "1!ZS",
                "5i+M",
                "Z]w(55",
                "P555",
                ")(((",
                "o(((Y(M(E(](((((((^(A(Z(\\(A(G(((^(E(_(I(Z(M(((^(J(G(P(((((((P(M(F((((((((((vw",
                "(\\<~",
                "((((",
                "@*6((",
                "\\G^j-Z",
                ",---",
                "x---[@ND",
                "^-[@X^O@-[@@BX^-[@",
                "I@]-[@_LZI-[@@H@N-[OBUJX-[OBU^K-[OBU@B-[OBU[D-[OBUID-[DB^H_--sr",
                "-Y9{z",
                "----",
                "---t",
                "Ghq ",
                "5z}\\",
                "WHcW",
                "vWIaW",
                "AHJJ",
                "A?^Z",
                "^A,^",
                "V^ZU]hEJJ",
                "Qh6\"",
                " !!!",
                "$!![",
                "J5+}5",
                "<SVW",
                "g~~~",
                "~~~~ ",
                "e|~~",
                "~~~\"~,~;~9~7~-~*~,~'~\"~3~?~=~6~7~0~;~\"~-~",
                "~\"~=~",
                "~\"~;~",
                "~\"~7~:~;~~~~~\"~,~;~9~7~-~*~,~'~\"~3~?~=~6~7~0~;~\"~-~",
                "~\"~-~=~-~7~~~~ ",
                "yf~~~",
                "9z~~~~",
                "9r>~~~",
                "9n~~~~",
                "9j~~~~)",
                ">n.-",
                "~~~~",
                "[~~&",
                "Am*_",
                "tttt",
                "mmmm",
                "(en-Q",
                "n(e=",
                "=Mn8e$",
                "hxmm",
                "7T(a",
                "+In(eb",
                "+qn(e",
                "Fmm5",
                "6j~Y",
                "\\OfJ",
                "')Vj9",
                "@899",
                "[899",
                "r899",
                "a@ah",
                "]ii9",
                "wJii",
                "ii89",
                "iii0",
                "Zol8",
                ",@R%",
                "x[k{",
                ",on4",
                "W'iR",
                "o;9)",
                "@Kdu~L",
                "'D-u9IM",
                "Q\"<h",
                "n`Dw",
                "1JV\"",
                "4{*W",
                "h'S\"",
                "aUc3",
                "d3sNF",
                "<+V ,+[$[",
                "XS,6",
                "T_/AR%",
                "GLi4cQ;W$;",
                "XERi++",
                "VFKX",
                "3S'&",
                "V2N^<S",
                "^6S.1@=",
                "^g&\"",
                "5-;}U",
                "Z;qB",
                ":h_L",
                "[-c7",
                "ey$N",
                "4=@8",
                "gp_'",
                "$aVR[",
                "_j6t",
                "Y(frAW",
                "NBg$w[/(",
                "&3Z>",
                "vb'f/",
                ":l4$",
                "/D-@",
                "4GKC",
                "a{TS",
                "p,g50;",
                "[onE",
                "bC/R%",
                "e 9(",
                "5P;i",
                "R4?K",
                "~.WI,g",
                "4 um/]",
                "{J4n",
                "XU$b",
                "$\"\"P3",
                "Z6m\\",
                "+sG ",
                "L935",
                "yQU?",
                ";%`)",
                "8x>6D",
                "r(\\L",
                "nyBt",
                "+q`/",
                "kKr5",
                "RN?(Z",
                ".USQ.F",
                "hXMf",
                "L-fr",
                "X}.y",
                "TLXOp_[z+Z8",
                "&>xU6",
                "F^Q\\",
                "9w'Y",
                "Z3POZ;",
                "-:K?%",
                "oD,:iG",
                "j9A3",
                "NRlj;",
                "Zk\\L",
                "\\T[%",
                "kN:Uz",
                "\"4_pi",
                "D2b_",
                "A4wLQ",
                "Q ?T",
                "#&]x",
                "Gujg",
                "+yk|b",
                "@4D@o",
                ".XZM",
                "3SbS",
                "cG@;",
                "gf{9mD",
                ",@R1i",
                "yqww",
                "CgQ&$",
                "4j<AH[",
                "V,?,",
                "4\\OA|",
                "rR{{Z",
                "V,x7s",
                ";CG1",
                "*XD&",
                "7sD)",
                "ZZ,6",
                "AR%^",
                "1kDU",
                "@8.P",
                "1+S}",
                "I6SY",
                "vZ;yAm",
                "\\CX2",
                "17Sa",
                "3b:C",
                "}L0E",
                "HexN",
                "v)xHn ",
                "MQg6@c",
                "Z{_3",
                ".'JYn",
                "S\")L",
                "Y0*R",
                "S:6lK",
                "K6#'D",
                "3i>C6",
                "[#NJG;p",
                "7Yr !",
                "AL:t",
                "W3;.",
                "C]Zp",
                "Wc3L>L",
                "1:Sb",
                "EZ)F",
                "9hFm9iDv",
                "Yg]1s",
                "CF$Y",
                "K0@U",
                "E<tP-",
                "&8;>",
                "Bhqn1",
                "a'L0-",
                "$\\|<",
                "PhS.F",
                "6}'&",
                "rzGL",
                "+6MWf",
                "-&\"a|",
                ":*[M4G",
                "i?0hxU",
                "&\"[N",
                "hFU`M",
                "Sxa`",
                "QZ')(",
                "wpjd",
                "Ww98",
                "= Dm",
                "<!\"A",
                "xwW]",
                "B$R2[",
                "Sd%_",
                "6_7Rd",
                ".6+5<eo",
                "K=M}9*pE",
                "4\\&24+RMGVA",
                "`@:c",
                "6@Ns",
                "g:V9x",
                "qqCd*",
                "VP/3CZ",
                "X|$C",
                "ep:I\\",
                "rtEW",
                "4etz",
                "!?M-",
                "&S7>D",
                "j> /",
                "i0v%",
                "LhU8|W",
                "y[k*",
                "PuRPY/j",
                "DZ 4~0",
                "F:P@",
                "Xy6f",
                "w:sR",
                "xo;]",
                "%@h(",
                "w|^I",
                "`/|%",
                "xN3.",
                "c8aI:",
                "I&2RJ",
                "PSZ2",
                "Ynr-",
                "K2$WjR",
                "a5j0Q",
                "p;h\\`",
                "_1Z=",
                "G79jD",
                "=dH4",
                "wwA_",
                "[T!!_RT",
                "@%cW",
                "Yp]Z3joT",
                "qld[;R",
                "MWRq",
                "}6CV",
                "x+ J~",
                "lV}a",
                "93;j&",
                "1daS",
                "Wk2$xuu",
                "lAg:WL",
                "3ty{<<",
                "=/h,}",
                "x~21%",
                "6&p@+",
                "~q)A@')",
                "XmW ",
                "+TGR",
                ";E$`",
                "r%@h",
                "J@kY-",
                "Wkxx",
                "%*dczuRj",
                "4_8Zuu",
                "4l-%",
                "sdoQ",
                "IR9`F5",
                "cQ+-",
                ",wH1",
                "{3TU15",
                "qQWD",
                "\\{Yy'",
                "n/+X",
                "- ,&",
                "shSR:",
                "!\\/C",
                "3oO^",
                "3+ON",
                ":?]~",
                ":O]_",
                "VM*_",
                "3sVm*",
                "lDr:c]",
                "Dc:{D"
            ]
        }
    ]
}