{
    "malware_data": [
        {
            "filename": "80151a8f1a291643f0753f68dd304fb0767f387dcf14b3141531e3061fa36347.dll",
            "filetype": "4D5A9000",
            "filesize": "1768KB",
            "hash_sha256": "80151a8f1a291643f0753f68dd304fb0767f387dcf14b3141531e3061fa36347",
            "strings": [
                "!This file was created by ClamAV for internal use and should not be run.",
                "ClamAV - A GPL virus scanner - http://www.clamav.net",
                "CLAM",
                ".text",
                "`.rdata",
                "@.data",
                ".rsrc",
                "@.reloc",
                "XAQS",
                "ZRQS",
                "[YZA",
                "t$:a",
                "(X[Y",
                "QBX[Y",
                "ikX[Y",
                "uRFGHt",
                "PX[Y",
                "+M[Y",
                "\\X[Y",
                "xX[Y",
                "`t[Y",
                "sFX[Y",
                "MX[Y",
                "u hW",
                "u(h~",
                "4X[Y",
                "u h(",
                "|P[Y",
                "gX[Y",
                "FX[Y",
                "$X[Y",
                "_[SW",
                "QX[Y",
                "WPh(",
                "VWPP",
                "YZRQS",
                "DX[Y",
                "HX[Y",
                "6X[Y",
                "I,X[Y",
                "tX[Y",
                "|X[Y",
                "wVtG",
                "w7t(=",
                "w,t8=",
                "w/t'=",
                "PQRj",
                "IHx(;",
                "T$0;",
                "L$$_",
                "t(ENEN;",
                "t$,}",
                "L$$_^]",
                "T$$_^]",
                "D$$_^]",
                "D$,V",
                "D$$^",
                "L$$3",
                "D$,^",
                "L$$^",
                "T$$^",
                "w<t(=",
                "QSUVW",
                "t$$S",
                "^][Y",
                "wztd=",
                "wIt2=",
                "D$0UVW",
                "t!< t",
                "D$<t",
                "L$<Q",
                "L$$_^]d",
                "D$4SUV",
                "D$Dt;",
                "L$$R",
                "L$$PS",
                "_^][",
                "L$8CI",
                "L$89l$8}",
                "    ",
                "D$(t,;",
                "t$,V",
                "L$,_",
                "L$(+",
                "t$,|+",
                "L$(CH;",
                "D$,}",
                "L$$_^",
                "T$$_^",
                "D$$_^",
                "wntU=",
                "dSVW",
                "VUUUI",
                "9h u",
                "D$,;",
                "L$0QV",
                "t%SVh",
                "t$tW",
                "pPRQj",
                "SUVW",
                "WVhQ",
                "0^][",
                "~USU",
                "L$$h",
                "QPVS",
                "T$ R",
                "VRQP",
                "8`}<j",
                "3,^][",
                ":|_^",
                "0a_^[",
                "F$~'S",
                "/R_^[",
                "3-_^[",
                "tyVP",
                " SVW",
                ":|^][",
                "/VWQ",
                "_^][Y",
                "D$$~9+",
                "D$ U",
                "D$$P",
                "D$$PR",
                "T$$F;",
                "]_^[",
                "D$8P",
                "L$|^d",
                "D$4P",
                "L$ld",
                "L$x_^",
                "j7Ph",
                "j7Vh",
                "N$~Y",
                "$_^[",
                "F\\_^[",
                "F\\_^][",
                "_^]3",
                "AD_^[",
                "WDRf",
                "W\\SR",
                "G\\SP",
                "QUVh",
                "FxHt",
                "T$,Q",
                "L$HR",
                "T$HQ",
                "RQPh",
                "NDQV",
                "_[^]",
                "4SUV",
                "L$43",
                "FXPW",
                "L$0U",
                "L$@h",
                "D$ PQ",
                "L$$+",
                "\\$ h",
                "Qj0R",
                "L$D_^][d",
                "D$$3",
                "j7PP",
                "D$(3",
                "FxSu",
                "PShe",
                "_^]d",
                "L$ 3",
                "L$ QRh",
                "T$ QRh",
                "D$ +",
                "9Axu",
                "uhSV",
                "|$0<u",
                "L$(V",
                "T$hVj",
                "D$tP",
                "T$Hh",
                "D$DP",
                "L$p^",
                "_^[d",
                "d\\_3",
                "L$(P",
                "L$4d",
                "L$83",
                "L$$_^d",
                "uhVW",
                "t$DW",
                "L$@^[d",
                "L$ Q",
                "0SVWh",
                "L$0d",
                "L$LPQ",
                "L$pj",
                "T$tP",
                "D$tQ",
                "L$tRP",
                "9^tu",
                "F@Ht",
                "9^Du",
                "L$\\QR",
                "D$0j",
                "D$$PW",
                "NpH;",
                "FtuGj",
                "HtEHt",
                "L$p3",
                "V\\QR",
                "t$hW",
                "T$ V",
                "D$0WP",
                "L$ P",
                "L$p^d",
                "Ap|#",
                "D$<_^",
                "L$<_^",
                "|_^[",
                "OpVQ",
                "WpVR",
                "T$$j",
                "L$DR",
                "T$DQ",
                "DRQPj",
                "VHRV",
                "uhSVW",
                "|$<<u",
                "L$4V",
                "T$|Vj",
                "D$4j",
                "F@RP",
                "L$h3",
                "D$8PQ",
                "L$lQ",
                "T$`SU",
                "l$tVW",
                "T$x;",
                "9L$x~e",
                "D$t+",
                "D$|h ",
                "L$XWQ",
                "RUVW",
                "L$DWQ",
                "D$8R",
                "L$0P",
                "D$XWP",
                ":PQVW",
                "D$HP",
                "\\_^][",
                "L$Pd",
                "D$L3",
                "L$LQ",
                "T$,RP",
                "FLh ",
                "D$PW",
                "T$PQ",
                "D$\\RP",
                "L$DU",
                "T$xQR",
                "L$LP",
                "T$PQR",
                "T$PP",
                "D$PQRP",
                "D$LR",
                "L$0PQ",
                "D$hRPQ",
                "T$ WR",
                "L$XP",
                "T$<Q",
                "D$pRP",
                "tW9l$",
                "L$DP",
                "D$hP",
                "L$dj",
                "T$<PR",
                "L$\\P",
                "T$,WR",
                "L$0j",
                "T$8j",
                "D$ j",
                "L$8j",
                "T$ j",
                "_^][d",
                "G(VP",
                "O(VQ",
                "QVWhL",
                "L$@j",
                "T$DP",
                "|$\\Q",
                "T$8P",
                "DQRj",
                "[_^3",
                "T$0W",
                "|$TVj",
                "D$@P",
                "DSUVW",
                "L$T_^][d",
                "D$D3",
                "L$DQ",
                "T$\\V",
                "D$dj",
                "9kHu",
                "xUUV",
                "L$@P",
                "t$L+",
                "L$lRVQ",
                "l$8j",
                "D$,P",
                "L$4Q",
                "D$hQRP",
                "gfff",
                "L$$Q",
                "T$pPQR",
                "D$ @",
                "L$\\R",
                "QVj|",
                "T$(j",
                "T$,R",
                "T$HR",
                "DPQh",
                "NlPQV",
                "VlQRV",
                "|$LVj",
                "NdPQh",
                "Ft_^[",
                "SUVh",
                "l$,t",
                "L$4PQ",
                "NHPQ",
                "T$@UQ",
                "T$`Q",
                "L$`R",
                "DRQPh",
                "^][d",
                "j7Qj",
                "<SVW",
                "|$`Vj",
                "|$D<u",
                "L$<V",
                "NxPQh",
                "\\$8UVW",
                "L$DPQj",
                "9oTtc",
                "D$D;",
                ";wPt@",
                "L$ _^d",
                "Fp_^[",
                "W9^du-",
                "SShG",
                "SPhP",
                "\\_^[",
                "Fh_^[",
                "D$HPQ",
                "T$|h",
                "D$|h",
                "L$PQR",
                "uhSUVW",
                "L$\\VQ",
                "T$ QR",
                "L$\\Q",
                "L$ PQh",
                "L$L_^][d",
                " t`W",
                "tU_^",
                "|$L~I",
                "L$<PQ",
                "PQVR",
                "V\\UWR",
                "D$,+",
                "L$@RUQ",
                "L$0W",
                "_]^d",
                "QVjT",
                "L$$j",
                "DQPj",
                "NDPQh",
                "O SQ",
                "GPSP",
                "OPSQ",
                "SUVWh",
                "l$0t",
                "L$8PQ",
                "9~Xu",
                "9~`u",
                "T$DUQ",
                "T$dQ",
                "L$dR",
                "L$$^][d",
                " Pj ",
                "XSVW",
                "|$|Vj",
                "|$T<u",
                "L$LV",
                "T$\\Vj",
                "L[_3",
                "~L_^",
                "PSVW",
                "|$tVj",
                "~p_^",
                "W@SR",
                "OhSQ",
                "WlSR",
                "WhSR",
                "GlSP",
                "QSVWh",
                "L$ PQ",
                "T$0Q",
                "T$HSQ",
                "L$LR",
                " DQWPh",
                "QPhQ",
                "UPhA",
                "RUhB",
                "QUhB",
                "UUh@",
                "T$$UR",
                "QPhB",
                "UUhT",
                "PUhS",
                "PQRV",
                "QUhS",
                "UUhF",
                "UPhN",
                "6KUh",
                "T$0j",
                "F@_^",
                "FD_^",
                "VH_^",
                "NL_^",
                "NP_^",
                "NT_^",
                "FX_^",
                "V\\_^",
                "N`_^",
                "Vx_^",
                "F|RP",
                "L$x_^3",
                "T$PWR",
                "~h_^",
                "W8SR",
                "O`SQ",
                "WdSR",
                "W`SR",
                "GdSP",
                "SVWh",
                "|$89^Hu",
                "9^lu",
                "L$@QR",
                "D$<;",
                "F@PV",
                "t{9^",
                "6KSh",
                "_]^[d",
                "VtQR",
                "lSVW",
                "T$0V",
                "D$HWP",
                "T$xR",
                ";L_3",
                "L$ QP",
                "9^Pu",
                "NTRSh",
                "T$,V",
                "D$@WP",
                " SUV",
                "VUUU",
                "lSUV",
                "D$LP",
                "L$PW",
                "|$|Qh",
                "L$|_^][d",
                "D$0R",
                "L$tQ",
                "L$<PQR",
                "#D$XQ",
                "D$tRPVQ",
                "D$PRP",
                "D$lP",
                "PQRS",
                "L$$QR",
                "L$(VQRSP",
                "VQRP",
                "L$4_^[d",
                "D$$WP",
                "V#D$,WPQ",
                "RVWQ",
                "L$lPQ",
                "D$lQR",
                "D$@UPQ",
                "T$D+",
                "L$H+",
                "T$XUSR",
                "D$<P",
                "T$Pj",
                "T$HQR",
                "L$@PQR",
                "L$$P",
                "T$8h!",
                "9FXt",
                "D$hPj",
                "T$(PR",
                "D$l;",
                "D$p;",
                "D$HUSj",
                "L$(VQ",
                "T$0PR",
                "L$x_^d",
                "t$<W3",
                "t=WWh",
                "NHA;",
                "_][t",
                "_][3",
                "NLPQ",
                "t\\_^",
                "t;SV",
                "SUWj",
                "N<PQ",
                "NLSWQ",
                "KSPU",
                "L$l^d",
                "D$$j",
                "T$ Q",
                "D$$+",
                "D$(SUV",
                "D$@=",
                "T$$RP",
                "D$$PQ",
                "T$$R",
                "SVW3",
                "9_^[",
                ".9l$",
                "][_^",
                "QSVW",
                "_^[Y",
                "t9SW",
                "QSVW3",
                "l$(V",
                "T$4j",
                "D$4H",
                "t9Ht",
                "L$4VQ",
                "|$43",
                "D$4;",
                "t$(t",
                "L$4j",
                "\\$8j",
                "L$<S",
                "D$8Rj",
                "D$8j",
                "D$4%",
                "T$4R",
                "T$4QR",
                "T$8RWj",
                "L$8S",
                "L$ _^][d",
                "D$$]",
                "u\"_]3",
                "l$<VWj",
                "t^VW",
                "SUV3",
                "WVVh",
                "D$8d",
                "t$(~'",
                "L$(VQVj",
                "L$4P",
                "PUQR",
                "\\$0j",
                "D$0QR",
                "SQURP",
                "L$HW",
                "t$0H",
                "L$\\#",
                "D$(;",
                "L$ QW",
                "D$ PW",
                "D$,j",
                "UKPN",
                "UUho",
                "L$(UUh",
                "t$LUPh",
                "L$TPF",
                "UUhv",
                "t$P;",
                "[_^]Y",
                "o0SSSSU",
                "t`9\\$",
                "SSSSV",
                "D$dSUVW",
                "T$<RP",
                "T$pj",
                "L$TR",
                "T$T+",
                "L$P+",
                "RPQj",
                "D$@WPS",
                "T$pR",
                "L$ RP",
                "L$4h",
                "L$`_^][d",
                "L$0h",
                "t(VP",
                "D$ P",
                "T$0RP",
                "t$0V",
                "D$,RVh",
                "u*SW",
                ";pT}",
                "SUVWt",
                "0^][u",
                "L$,Q",
                "Qj#R",
                "Rj#j",
                "Pj#j",
                "Tj.V",
                "T_^[",
                "PxG;",
                "D$HUPQ",
                "u(Uh",
                "T$HS",
                "\\$PVUUS",
                "L$ +",
                "D$@PV",
                "L$ SV",
                "D$\\Q",
                "[_]d",
                "L$(WQ",
                "RPQS",
                "D$hSUV3",
                "D$,Pj<j",
                "T$,#",
                "L$A#",
                "D$0P",
                "L$h_^][d",
                "D$t_^",
                "T$p3",
                "L$t_^",
                "Rj<j",
                "D$l@",
                "D$t_",
                "T$t3",
                "L$X_^d",
                "<_^]3",
                "t$ 90t",
                "WQUj",
                "xSUV",
                "T$ Rj",
                "D$(P",
                "D$4+",
                "L$(Q",
                "L$0+",
                "L$4S+L$0Qj",
                "D$ VR",
                "r.WS",
                "T$(+",
                "D$$R",
                "D$(RP",
                "L$,u;",
                "9l$,u",
                "D$LPUj",
                "T$L#",
                "L$a#",
                "D$PP",
                "L$(j",
                "D$ ~E",
                "D$ PQR",
                "4|9]",
                "(SUV",
                "u]Wh",
                "l$8tI",
                "9Vlu",
                "L$h;",
                "D$89Vdu",
                "9Vhu",
                "\\$P;",
                "l$TuT",
                "FpHt&Ht",
                "L$h+",
                "T$ht",
                "T$Hj",
                "T$p+",
                "D$LUSWP",
                "D$X+",
                "D$Xj",
                "PUSW",
                "Pj0Q",
                "L$$_^][d",
                "9Flu",
                "9Fdu",
                "9Fhu",
                "j7WP",
                "D$ S",
                "_[^3",
                "j7Qh",
                "j7Wh",
                "D$,U",
                "<l_[^3",
                "T_[^3",
                "Ftu5",
                "l_[^3",
                "T$,_[",
                "L$,_[3",
                "D$,_[",
                "._[^3",
                "L_[^3",
                "UHUPQ",
                "L$$PQ",
                "D$ d",
                "L$@d",
                "L$(WQR",
                "L$<P",
                "L$(PQ",
                "L$@Q",
                "T$@R",
                "DUWSS",
                "UWQP",
                "QQUWSS",
                "UWSS",
                "L$P_]^[d",
                "D$T3",
                "L$TQ",
                "T$\\PQR",
                "KTPQ",
                "t$4;",
                "D$hUPQ",
                "|$l+",
                "T$DVR",
                "L$<PQVV",
                "T$<3",
                "D$|R",
                "L$TP",
                "t$@;",
                "\\$03",
                "D$DWP",
                "L$DVQ",
                "tZ9t$",
                "t$4Wf",
                "L$<SQR",
                "T$<RVW",
                "1_^[",
                "0SUVW",
                "uzUUh",
                "|_^][",
                "T$,3",
                "\\$,f",
                "_][t%",
                ";D$(",
                "\\$ H",
                "L$LU",
                "D$p3",
                "T$lPRh",
                "@SVW",
                "T$ SRh",
                "D$ t|",
                "dSUVW",
                "9l$xtU9",
                "L$HU",
                "u29l$xu,",
                "D$4SU",
                "L$@V3",
                "\\_^]",
                "tSUVW",
                "t$ ;",
                "t$ =",
                "T$$Rh",
                "6pf='",
                "L$XSQh",
                "L$,=",
                "\\$@t",
                "D$,SPh",
                "9t$P",
                "9\\$T",
                "T$,SRh",
                "D$T;",
                "AAAA",
                "D$Dj",
                "D$@j",
                "l$@j",
                "9\\$Tt",
                "t\\;~",
                "t$(SSh",
                "\\$L3",
                "t$$RVP",
                "|$,RPQ",
                "L$H][d",
                "\\$(U",
                "L$ QV",
                "DSVW",
                "`rQf",
                "8Ru2",
                "u#8H",
                "L$HSUVWP",
                "D$XPQU",
                "l$lh",
                "T$,h",
                "D$(h",
                "D$$h",
                "< t*",
                "^][_",
                "<SUVW",
                "L$\\3",
                "D$8VPQ",
                "D$@;",
                "L$\\t&",
                "L$\\t'",
                "l$ ~",
                "t$$~",
                "D$ R",
                "L$,PQ",
                "u|;\\$",
                "L$\\;",
                "L$(;",
                "T$ ;",
                "L$$;",
                "uNQR",
                "T$ SWRP",
                "L$<d",
                "L$L_^]3",
                "t%RSQP",
                "XY[Z[]",
                "XY[[]",
                "~'PSQR",
                "ZY[X",
                "_][^",
                "\\$<VW3",
                "t$H;",
                "L$(d",
                "L$4_^3",
                "D$8+",
                "D$XQRWP",
                "L$<QR",
                "T$H+",
                "#D$0P",
                "D$dQUWRP",
                "L$ VQ",
                "P< u",
                "j j j",
                "T$,PR",
                "vrUVW",
                "`\\SU",
                "T$ 3",
                "T$ |",
                "]_^[Y",
                "O$PQ",
                "FHPQ",
                "FHSW",
                "D$4PQ",
                "\\$8+",
                "D$$;",
                "L$ ;",
                "RSPQ",
                "9H@t",
                "TSUV",
                "D$0WPQ",
                "T$$+D$4",
                "L$\\+",
                "|$`~",
                "L$8+",
                "L$DPQ",
                "D$8;",
                "L$4;",
                "L$8;",
                "T$$+",
                "L$@^d",
                "H`QS",
                "t$pt",
                "L$xQ",
                "\\$TQ",
                "L$L^[d",
                "L$X^d",
                "FlUP",
                "FtW;",
                "~MM3",
                "D$4h",
                "Ft_;",
                "}'h  ",
                "D$dh",
                "HSUVW",
                "~lUW",
                "9^xu5j",
                "9VRh",
                "L$,QR",
                "L$,+",
                "T$,Qj",
                "\\$4+",
                "T$4+",
                "L$X_^]3",
                "uhUVW",
                "h9n`u;",
                "~lSW",
                "slWV",
                "NdPW",
                "T$0Pj",
                "D$8RPj",
                "D$@~*",
                "\\$DWV",
                "L$HS",
                "T$DQRU",
                "^][_d",
                " SUVW",
                "L$ d",
                "D$Hu",
                "D$PRPQ",
                "L$TSWQ",
                "T$Dh",
                "l$HQRVU",
                "PPVPU",
                "|$@V",
                "\\$HQ",
                "SVSW",
                "D$H_^][",
                "QWVP",
                "D$@R",
                "WVWP",
                "L$0_^",
                "\\$lUV3",
                "D$(Pj",
                "D$0V",
                "D$D(",
                "D$Lf",
                "$j(j",
                "D$N%",
                "L$Xd",
                "L$h_^]3",
                "\\SUVW",
                "|$|3",
                "L$TQj",
                "T$\\jdSR",
                "D$`P",
                "L$Hj&Q",
                ";t$Xu\";\\$\\u",
                "L$DSVQ",
                "D$4RP",
                "D$0h ",
                "PSVj",
                "D$4WP",
                "L$$UQ",
                ")\"_^]3",
                "L$\\d",
                "SUVW3",
                "L$,_^]3",
                "F,WP",
                "t$0W",
                "T$<P",
                "CtPQR",
                "L$8~",
                "L$0PQS",
                "NpRQj",
                "D$83",
                "D$8G",
                "|$4|",
                "D$<R",
                "D$4|",
                "D$8u",
                "WQRS",
                "D$0C",
                "D$0u",
                "D$(AH",
                "D$(u",
                "\\$4|",
                "UQWRS",
                "T$(_",
                "\\$$VW",
                "pUWP",
                "t$<Vj",
                "D$@Q",
                "T$LQ",
                "L$ ]_^",
                "D$xSV",
                "L$l+",
                "D$P3",
                "\\$ +",
                "L$ QSR",
                "T$4PR",
                "D$,VP",
                "T$(Q",
                "D$,RP",
                "T$<QR",
                "D$DR",
                "D$tR",
                "D$(Q",
                "D$(+",
                "D$8RP",
                "L$TUj",
                "T$HVQ",
                "D$XUR",
                "D$TVPW",
                "D$4N",
                "T$TQ",
                "L$DRW",
                "D$xu",
                "L$TS",
                "D$TRPW",
                "v,SVW",
                "\\$$S",
                "t$$r",
                "ItZV3",
                "(SUVW",
                "|$@3",
                "WQRj",
                "D$@PW",
                "L$<QU",
                "URPQ",
                "D$((",
                "L$0f",
                "PSUVW",
                "[\\PU",
                "|$Lj",
                "T$<h ",
                "PSWj",
                "T$tj",
                "UQRP",
                "D$8h",
                "D$(hF",
                "UPQR",
                "T$dRV",
                "T$hj",
                "L$|P",
                "PQRU",
                "T$(h ",
                "D$,QR",
                "\\$LUV",
                "t$XWVS",
                "|$L3",
                "L$(PVQ",
                "L$,RPQ",
                "T$ PQWWR",
                "L$LWQ",
                ")\"_^",
                "SUVWj",
                "u0f9X",
                "0SVW3",
                "R4;E",
                "L$8P",
                "T$8Q",
                "D$DRP",
                "L$<R",
                "D$@PQ",
                "L$Th!",
                "D$DSWRPQ",
                "T$\\URP",
                "l$@VW3",
                "\\$L;",
                "D$HH",
                "uOSU",
                "L$8_^][d",
                "\\$B+",
                "L$>+",
                "D$;<",
                "u\"8D$yu",
                "D$0~",
                "D$ f",
                "L$z3",
                "L$ G;",
                ";D$ ",
                "L$z;",
                "D$(_^][",
                "L$,|",
                "[_^]",
                "WWWW",
                "~h_^d",
                "h`V;",
                "8MThdu",
                "|$4PW",
                "?MTrk",
                "D$4d",
                "9~Ptu",
                "~P9~Pun",
                "9^$u",
                "G`9\\",
                "_(_^]",
                "YHt(",
                "t&9^$t",
                "(_^]",
                "/tEQ",
                "9UPt",
                "UP^]",
                "F(9V8tQ",
                "ED+EH",
                "9V0t2",
                "EH]3",
                "Qt-9",
                "`SUV",
                "~|QPP",
                "F<_^][",
                "j@PQ",
                "VHB=,",
                "VHu$",
                "N@j@",
                "F@@%",
                "FH_^",
                "OXWh",
                "D$ }",
                "l$$t",
                "L$ }",
                "|$@ Wu",
                "L$DQh",
                "L$0_3",
                "Sj!hx",
                "D$pPR",
                "L$pQ",
                "l[_3",
                "9_@u",
                "|$D UV",
                "OP9)t",
                "L$HQh",
                "WP9*t",
                "L$8^]_3",
                "^]_[",
                "Pd_^",
                "P _^[",
                "L$Pj",
                "L$@3",
                "PPWS",
                "\\$<V",
                "T$HP",
                "D$HQR",
                "L$4_^",
                "D$XQ",
                "L$XR",
                "T$XP",
                "L$XRP",
                "TSTW",
                "D$0VP",
                "T$DUR",
                "L$0I;",
                "VPQRV",
                "UQRj",
                "L$Xj",
                "WjdP",
                "~$VW",
                "@;l$\\~Z",
                "L$X9",
                "L$X;L$",
                "t$X3",
                " ;t$",
                "t$(F;",
                "\\$,}",
                "D$\\G;",
                "L$<[d",
                "l$$;",
                "Hxs;",
                "FHQP",
                "O\\_^",
                "{8_^[",
                "uh9^8uX",
                "F4PR",
                "F89^8u&j",
                "IQj*",
                "{4WP",
                "/R_^][",
                "0a_^][",
                "DSUV",
                "t$`W",
                "D$t;",
                "\\$lSU",
                "D$dP",
                "D$h|",
                "D$\\~Z",
                "L$l3",
                "D$lF;",
                "D$\\@;",
                "D$\\|",
                "L$0Q",
                "D$03",
                "L$HP",
                "+X_^",
                "*_^][Y",
                "D$8C;",
                "D$DC;",
                "L$D+",
                "D$,;\\$|",
                "|$$}",
                "L$t;",
                "L$0PQR",
                "L$0S",
                "D$<RP",
                "D$<UP",
                "L$<SQ",
                "L$4QR",
                "L$0UQ",
                "L$@QS",
                "D$DG;",
                "|$@+",
                "\\$$3",
                "!<PW",
                "D$x;",
                "QRWP",
                "T$<UR",
                "L$d@",
                "9l$X",
                "9l$(",
                "D$D+",
                "|$<PU",
                "9l$8",
                "D$d+",
                "D$dC;",
                "!<PS",
                "T$8+",
                "D$`;",
                "L$POj",
                "L$PMj",
                "L$p9,",
                "T$pBj",
                "D$t@P",
                "D$\\;",
                "L$`3",
                "PQj WUS",
                "L$`H",
                "D$,@;",
                "D$dG",
                "D$T@",
                "(][_",
                "VL@;",
                "D$TSP",
                "T$(R",
                "T$\\3",
                "L$,BA",
                "L$,j",
                "D$,Q",
                "L$,R",
                "T$dPQR",
                "L$l_^][d",
                "L$8WPQR",
                "D$4QP",
                "T$lV",
                "L$tWP",
                "D$tQR",
                "D$lS",
                "L$Td",
                "D$LRP",
                "\\$X;",
                "l$\\;",
                ";D$\\~",
                "T$DQSR",
                "L$@;",
                "T$<;",
                "D$49D$$}",
                "T$\\;",
                "T$\\;D$Xu",
                ";L$\\u",
                "9nPu",
                "PQSU",
                "T$`3",
                "L$4H;",
                "L$$SQ",
                "9FLu",
                "LSVW",
                "D$h3",
                "L$Ld",
                "T$8R",
                "L$HQ",
                ";D$@",
                ";D$D",
                "L$\\]",
                "L$(PQR",
                "T$,RQP",
                "T$(PQR",
                "hSUVW",
                "p;|$$",
                ";l$ |",
                ";l$(",
                "D$TRP",
                "L$PQ",
                "L$4+",
                ";l$ }",
                "P*;l$(",
                "T$@RP",
                "D$hRP",
                "L$dQ",
                "T$@j",
                "L$x_^][d",
                "9|$8",
                "l$8;",
                "D$43",
                "\"~$;",
                "D$4G;",
                "T$83",
                "\"~(;",
                "D$8E;",
                "l$4|",
                "D$4E;",
                "D$ RP",
                "u(VW",
                "D$PWP",
                "l$8t",
                "L$Xt",
                "L$LPQR",
                "L$@UQ",
                "L$@PQ",
                "T$<j",
                "T$LR",
                "D$L+",
                "|$,U",
                "T$Lj",
                "D$dPQV",
                "L$(u",
                "D$tUP",
                "+\\$l",
                "D$0+",
                "T$Hh ",
                "D$tRP",
                "L$\\tk",
                "L$|h ",
                "L$tPQ",
                "|$0+",
                "T$tPR",
                "T$$Q",
                "L$(SUV",
                "D$(d",
                "L$0VU",
                "9D$X|",
                "t$Lj",
                "l$TPU",
                "D$ A@",
                "D$$t",
                "T$PU",
                "D$PU",
                "D$8SP",
                "L$ QS",
                "T$PW",
                "L$0_d",
                "L$4WPQR",
                "tJ;|$",
                "D$4_^",
                "t$lj",
                "D$$VP",
                "t!Oj",
                "L$$VQ",
                "t!Nj",
                "T$$VR",
                "t!Gj",
                "D$(VP",
                "t!Fj",
                "L$\\]_",
                "L$,S",
                "T$0QR",
                "D$Pj",
                "T$$PQ",
                "D$ |2;",
                "|.;|$",
                "L$@_^][d",
                ",SUVW",
                "l$@3",
                "u._^][",
                "}\\_^][",
                "L$ j",
                "HRPQ",
                "@RPQ",
                "RIPQ",
                "RAPQ",
                "D$@u",
                "LSUVW",
                "D$xRP",
                "D$ C;",
                "T$tQR",
                "HWPW",
                "T$ Wj",
                "L$ WPQ",
                "D$|P",
                "L$\\_^][d",
                "HUVW3",
                ";|$h",
                "L$hG;",
                "D$,|",
                "D$0|",
                "L$l;",
                "T$4t",
                "L$@RQj",
                "|$8t",
                "D$@RPQj",
                "L$T_^]d",
                "L$`W",
                "L$HPQ",
                "L$ R",
                "D$hj",
                "T$,PQ",
                "L$0~",
                "FD uy9D$$}s",
                "9T$(|",
                "FD@ul9L$(}f",
                "9T$$|",
                ")\"][",
                "L$P_^d",
                "D$0RP",
                "|$lU",
                "D$8WP",
                "L$Hj",
                "D$D=",
                "T$ SR",
                "L$ SQ",
                "T$8WR",
                "L$,P",
                "L$tR",
                "T$xPR",
                "L$xPQ",
                ";D$x",
                ";D$xt&",
                "9D$$t+",
                "D$ ;",
                "T$$PR",
                "T$$[_",
                "t$Xj",
                "T$XPR",
                "L$D_]d",
                "\\$ t",
                "D$ Pj",
                "ATSU",
                "QLF@;",
                "VPRS",
                "T$4P",
                "D$4QR",
                "t{PjB",
                "L$ ^][d",
                "QTV;",
                "l$$j",
                "PQURV",
                "u*9D$",
                "D$$QUP",
                "lSUVW",
                "L$@R",
                "L$,UQ",
                "T$DQR",
                "RLjl",
                "QRSP",
                "L$Lj",
                "FT[t",
                "D$@(",
                "D$(PQ",
                "IQPUS",
                "L$t][d",
                "D$$SUV",
                "l$,#",
                "D$4Wj",
                "UVRP",
                "D$8Wj",
                "L$<j",
                "RVPQ",
                "D$DE;",
                "T$8W",
                "D$DURP",
                "L$H3",
                "L$H;",
                "\\$D3",
                "RVPUSQ",
                "L$H}",
                "j VUPWQ",
                "D$0F;",
                ",_^][Y",
                "VURWP",
                "T$(QVURWP",
                "|$<ts",
                "L$,_^][d",
                "/_^][",
                "WEDT",
                "WENX",
                "~]WP",
                "~YSP",
                "F8WP",
                "N8WQ",
                "t1WS",
                "t-WP",
                "^0x|",
                "wLrV",
                "\\$ V",
                "D$$_^[",
                "\\$0UV",
                "t$4W",
                "L$4VQUP",
                "l$0V",
                "D$8t",
                "L$4UQWP",
                "D$4W",
                "D$<S",
                "T$8f",
                "L$8f",
                "F4H_",
                "t$,P",
                "\\_^][Y",
                "t$(P",
                "\\_^[Y",
                "T$0SUV",
                "SPUQ",
                "L$(_^][d",
                "T$8QRP",
                "D$0;",
                "D$LW",
                "T$XSR",
                "QSRPW",
                "\\$LPS",
                "$SUVW",
                "}4PV",
                "T$@V",
                "T$Df",
                "D$8U",
                "D$@W",
                "RUWV",
                "L$Dj",
                "T$8U",
                "QURP",
                "D$Df",
                "\\_^]3",
                "|$DV",
                "|$<f",
                "L$ ^d",
                "D$0PQ",
                "D$XP",
                "L$8^d",
                "\\$<U",
                "D$H;",
                "|$LtE;",
                "t$PPVS",
                "T$ RP",
                "T$\\WVR",
                "jBWVSSQ",
                "T$@Rj",
                "D$\\P",
                "T$Dh ",
                "D$0Rj",
                "L$,QU",
                "T$\\h ",
                "PWVj",
                "D$(_^]",
                "GdHt",
                "9Fdt",
                "QSUV",
                "\\$ PQV",
                "T$(QR",
                "L$Xh",
                "D$@+",
                "L$0t",
                "T$,P",
                "L$XQ",
                "l$(j%",
                "|$(j%",
                "L$(QR",
                "L$H_^][d",
                "@_^][",
                "L$(QU",
                "\\$8U",
                "l$8VW",
                "9:tZ@",
                "T$DWRh",
                "\\$$+",
                "\\$DU3",
                "L$0QR",
                "D$TP",
                "D$0Q",
                "L$pRPQ",
                "T$(P",
                "[\\PW",
                "V\\h ",
                "L$(RPQ",
                "VTQRW",
                "F\\h ",
                "NTRPQj",
                "D$ PS",
                "D$4QU",
                "D$0RW",
                "VTh ",
                "SQRj",
                "D$4PS",
                "URPj",
                "D$0PU",
                "L$8QW",
                "N\\h ",
                "D$(QRP",
                "D$(R",
                "T$DPQRW",
                "D$4Q",
                "L$<RPQW",
                "L$T_^]",
                "<9uv",
                "aup3",
                "l$8+",
                ";Nt~",
                "^<r`",
                "\\$ ;",
                "F=@tl",
                "`;L$",
                "l$0;",
                "F=@tj",
                "Nh;NX|",
                "\\$4|,",
                "L$4f;",
                "F=@tv",
                "Vh;VX|",
                "Fxt_;FTu@",
                ";FTu",
                "FTtd;",
                "D$$VW",
                "v7jL",
                "D$ h",
                "P$RWPh",
                "L$ h",
                "HRPV",
                "j SP",
                "j SQ",
                "j PR",
                "j PQ",
                "s49,",
                ":|Vj",
                ":|9=",
                "6KWh",
                "PSUV",
                "T$$QR",
                "D$d#",
                "QZ^&",
                "T$d3",
                "T$$3",
                "Y[ej",
                "T$ PQ",
                "D$$RP",
                "L$,h",
                "D$(QR",
                "T$(PQ",
                "L$$RP",
                "D$ QR",
                "L$(RP",
                "T$,QR",
                "D$$QR",
                "FX^][",
                "|$ 3",
                "BXvT2",
                "~DWP",
                "{HrR",
                "IQWRP",
                "j6RP",
                "F\\PhF",
                "u/Vj",
                "SWVVVRPV",
                "VSPQV",
                "SSQRP",
                "L$$^]d",
                "|$`R",
                "L$X;",
                "L$D_^[d",
                "T$(h",
                "L$$QS",
                "T$(RP",
                "T$(Qh",
                "t(Ht",
                "-L_^]",
                "gfff3",
                "D$ V",
                "D$DPQ",
                "d$@j",
                "T$,j",
                "lVWQ",
                "T$4WR",
                "L$t_^d",
                "V`QR",
                "^PRW",
                "VHQRP",
                "L$0^d",
                "RjdP",
                "D$tPQ",
                "T$t+",
                "D$$2",
                "T$0PQ",
                "L$$#",
                "\\$ j",
                "ndRP",
                "D$TPQ",
                "D$ RPUhD",
                "\\SUV",
                "D$DW",
                "L$8QR",
                "GAM;",
                "L$$@",
                "\\$4~",
                "l$0+",
                "T$0+",
                "T$$u",
                "QPjNR",
                "L$$^[d",
                "F\\Phh",
                "L$ht",
                "D$$u",
                "L$lRQ",
                "RPWU",
                "L$ @;",
                "u 9l$",
                "RjdU",
                "T$XRP",
                "L$t+",
                "T$|+",
                "|$$3",
                "L$8@R",
                "T$0h",
                "L$Tt3",
                "L$,SQ",
                "T$DJ;",
                "L$\\PQ",
                "D$,h",
                "L$(WSR",
                "T$0PQR",
                "SQhT",
                "+X_^[",
                "\\$$j",
                "WjdjdPQh",
                "D$ Q",
                "-_^][",
                "G<HP",
                "G@H;",
                "_@NK",
                "O<IQ",
                "F<W3",
                "F<G;",
                "L$h^d",
                "N`SQ",
                "FpSP",
                ";F<}",
                ";FPt",
                "1_^][",
                ";QD}",
                ";A<}",
                "p49>t",
                "F`QR",
                "FpQR",
                "|z;^<}uWS",
                "L$0R",
                "QPPU",
                "QRPS",
                "|$,;",
                "LSUV",
                "\\$lW",
                "D$pj",
                "9~Pt",
                "R^9~Pu",
                "9~Tu",
                "D$,j%",
                "|$lPS",
                "9FPt",
                "T$PPR",
                "D$PQ",
                "9FTu",
                "L$,j%",
                "D$<QS",
                "|$lj&",
                "D$pQ",
                "$9^Tu",
                "9^Pt",
                "R^9^Pu",
                "9^Tu",
                "T$@P",
                "It#Iu%",
                "tSHt",
                "tXHt",
                "^l_^][",
                "tI;Ftr",
                "Wj(j",
                "F\\Ph",
                "HtHHuz",
                "F _;",
                "Ot*Ot",
                ":_^]3",
                "\\$ UV",
                "D$,u",
                "D$,3",
                "._^]3",
                "D$$UP",
                "V9xPu",
                "9YPt",
                "t$$W",
                "T$(u",
                "L$(3",
                "T$(3",
                "D$(E",
                "L4$E",
                "8E@;",
                "D$$f",
                "D$$x",
                "<Mu$",
                "V,^[Y",
                "V,_^[Y",
                "l$ ;",
                "wLQRP",
                "D$ vH",
                "D$ _^][",
                "F@_^[",
                "FD_^[",
                "EHPWVS",
                "N0PQS",
                "V0QRS",
                "(W;^",
                "l$$s",
                "\\$$s",
                "9_(t",
                "_(QU",
                "_(RU",
                "jPPW",
                "F(_H[",
                "u]9B uX",
                "uR9BxuM",
                "'9A`u\"9",
                "9Qxu",
                "9~@u",
                "tq9~Dt",
                "9~\\t",
                "nd9~dt",
                "9~lu",
                "9~ht",
                "9~Du-",
                "FlPV",
                "tS9~@uN",
                "~%UVW",
                "~4_^",
                "t$,3",
                "^4PU",
                "tRHt}H",
                "8SQW",
                "NH_^][",
                " UVW",
                "|$03",
                "T;i |",
                "KH_^",
                "\\$@UV",
                "|$8;",
                "T$@s",
                "D$0~|",
                "T$<9",
                ";VH}I",
                "T$LWUQVR",
                "D$$E;",
                "0SUV",
                "t$@W3",
                "|$$~]",
                "HUQV",
                "G PV",
                "D$4~k",
                "|$8v+",
                "L$4WQUVS",
                "D$8r",
                "9^pu",
                "l$,;",
                ",_^]3",
                "L$|3",
                "L$t3",
                "T$$t",
                "l$l+",
                "l$,f",
                "T$ +",
                "QRUP",
                "D$<@",
                "t$(;",
                ";l$ }:",
                "|$$;",
                "|$$}$WP",
                "(PQV",
                "8RPV",
                "M$^]",
                "t$TW",
                "\\$\\}-j",
                "T$DWR",
                "} VP",
                "\\$\\f",
                "D$H+",
                "T$XA",
                "F C;",
                ",PQV",
                ",SQV",
                "O(_^][",
                "l$PVW",
                ",}-j",
                "T$@SR",
                "T$DSR",
                "D$@SP",
                "|$X;",
                "t$@W",
                "9T$H",
                "D$,WP",
                "T$0WR",
                "T$H} VP",
                "L$ f",
                "}&SP",
                "C(_H^",
                "t$(3",
                "L$$I",
                "G(_^]",
                "L$@SQ",
                "D$XPV",
                "L$DSQ",
                "L$ t{",
                "t$HN",
                "<GtW",
                "L$ x ",
                "|$0f",
                "L$XG",
                "} QV",
                "<AtM",
                "E(^]",
                "_]^[",
                "\\$ W3",
                "t3Ht",
                "HtfHt",
                "D$$=",
                "VpPRj",
                "tAIt",
                "T$$P",
                "T$$PRV",
                "D$$SQ",
                "D$(QPW",
                "9~Lt",
                "l$(;",
                "D$ u",
                "_^];",
                "L$(U",
                "L$,~0",
                "KpJQ",
                "RQPQ",
                "D$ |",
                "RUVU",
                "D$ 3",
                "pGEA",
                "L$,SUV",
                "t$4@W",
                "l$4+",
                "t$4@N",
                "D$DH",
                "^][_Y",
                "D$8H",
                "L$0SUV@W",
                "t$@@",
                "N Pj",
                "l$ VW",
                "t$ C",
                "T$,J",
                "\\$$UV",
                "\\$83",
                "NX9NXu ",
                "AKMu",
                "t$$u",
                "SWVP",
                "QPSWVR",
                "t$$3",
                ";;L$0",
                "t$,~",
                ";L$4",
                "D$\\V",
                "D$l3",
                "l$lW",
                "|$pt5",
                "L$Tu",
                "T$PQRP",
                "D$xP",
                "L$pH",
                "L$`+",
                "t$83",
                "t$8f",
                "\\$<f",
                "u;@;",
                "L$,;",
                "u3@;",
                "L$,H",
                "L$,}",
                "u+A;",
                "D$ ~",
                "L$4H",
                "D$ @;",
                "D$ H;",
                "L$8_^",
                "T$8_^",
                "|$ ;",
                "t2Mt",
                "\\$8UV",
                "T$,A",
                "D$(;l$ ",
                "\\$8t9",
                "2^][",
                "\\$(UVW",
                "o US",
                "t$ u",
                "D$,_^]",
                "USWV",
                "D$(CUSWP",
                "HtYHt",
                "9o4u'V",
                "0_^][",
                "L$$S",
                "D$$vJ",
                "l$03",
                "D$0H",
                "^[_]",
                "D$ W",
                "L$(S",
                "\\$0U+",
                "9t$0v8",
                "T$8u",
                "L$<|",
                "D$0S",
                "\\$8U+",
                "l$ 3",
                "T$8@",
                "L$DBF",
                "L$Du",
                "D$<H",
                "D$4SV",
                "L$@UW",
                "|$L+",
                "L$Lt-",
                "D$<3",
                "9\\$D",
                "\\$H+",
                "T$ J",
                "T$ u",
                "\\$(;",
                "t$$f",
                "t$(f",
                "\\$(+",
                "IPUV",
                "|$,f",
                "|$ f",
                "|$$f",
                "IPUVW",
                "D$(H",
                "l$,+",
                "T$PS",
                "VWSU",
                "\\$4UVWS",
                "t$,_",
                "1^][",
                "t$4_",
                "L$<_",
                "t$8WV",
                "~_^]",
                "|$(|",
                "9|$(",
                "PRh+",
                "t$@WV",
                "T$<_^]",
                "D$4V",
                "D$8FtdW",
                "9\\$,u",
                "\\$4V",
                "L$@S",
                "\\$4VWh",
                "|$ j",
                "L$8_^[d",
                "QWPV",
                "tJ@V",
                "UQPW",
                "A@VWP",
                "D$\\3",
                "T$(;",
                "|$8u",
                "QSh3",
                "D$@3",
                "L$,Qh",
                "SUVWhH",
                "w<PQ",
                "L$DQR",
                "L$8Sj",
                "FDh$",
                "PSh&",
                "_|_]",
                "F@^[",
                "FD^[",
                "FH^[",
                "FL^[",
                "Fd^[",
                "Vh^[",
                "Fp^[",
                ":_^[",
                "L$8[",
                "T$8[",
                "D$8QV",
                "9t$0u",
                "t!MV",
                "IQVR",
                "D$(t",
                "|$0PG",
                "8SUV",
                "D$$@",
                "L$<t",
                "9D$<|",
                "D$ t",
                "9Cdu",
                "T$DPj",
                "S_^[",
                "\\$(VW",
                "L$(R",
                "OxgS",
                "\\$@U",
                "L$(_d",
                "L$,d",
                "<u+;",
                "9]du",
                "D$(S",
                "L$0SQ",
                "L$<^[_]d",
                "?MITL",
                "l$DVW",
                "+X_^]",
                "Pj&Q",
                "BRPj+S",
                "@PVj,S",
                "QRWh",
                "y8WW",
                "RPVS",
                "z|_^[",
                "l$$+",
                "QSVR",
                "D$(Uj",
                "(]_^[",
                "IRQV",
                "l$\\VW",
                "\\$`3",
                "JtGJ",
                "D$lA",
                "~.WS",
                "^`^][",
                "\\$4t|Ht@H",
                "uhSU",
                "wwww",
                "T$8h",
                "T$ QRP",
                "L$(h",
                "l$(+",
                "> tX",
                "F< w",
                "F< v",
                "O VP",
                "D$ VP",
                "uiSV3",
                "'SVW",
                "ug!E",
                "uP9U",
                "X_^[",
                "F$@;F(v",
                "F$@@;F(v",
                "Yt3f",
                ";(rU",
                "VPVj0",
                "s$_r",
                "NWVS",
                "u7WPS",
                "u&WVS",
                "_^[]",
                "QQSVWj",
                "QQSV",
                "YQf%",
                "YHYt",
                "<8=u",
                "QQSVWd",
                "4SVW",
                "PhYY",
                "X_^[]",
                "SVWUj",
                "<]_^[",
                "t.;t$$t(",
                "SVWu",
                "4\\YY",
                "&=f;]",
                "&=Y3",
                "&=f;",
                "WVS3",
                "&=Y^",
                "t-9]",
                "tzVS",
                "GIt%",
                "t/Ku",
                "Yu!j",
                "ULWV",
                "^[_3",
                "^_[3",
                "tlHt.",
                "t>Hu",
                "B 02CV",
                "B$Iu",
                "C =02CVu",
                "(SVW",
                "UhwLVSP",
                "uSVj",
                "uf9=",
                "Sxt^V",
                "WVh?",
                "YHYtLHt9",
                "HWt!",
                "YY_^",
                "Qx^P",
                "tn<%t2",
                "_^[v",
                "tnHtS",
                "HHtiHtGH",
                "HtHHt(",
                "HtOHt)H",
                "s;IV",
                "Ht\"Ht",
                "<'t-",
                "Ht&Ht",
                ")LYY^",
                "u,9u",
                "SVWj",
                "j@Y3",
                "Wj@Y3",
                "t7SW",
                "@AA;",
                "~&WP",
                "tYPV",
                ":YYF;5",
                "t:jtj",
                "Yt)V",
                "u?jtj",
                "Yt&V",
                "HSVWh",
                "t9UW",
                "?=t\"U",
                "QQS3",
                "PSSW",
                "8\"uD",
                "8\"uF@",
                "8\"u,",
                "@@f9",
                "SS@SSPVSS",
                "t#SSUP",
                "t$$VSS",
                "_^][YY",
                "8MZu",
                "\\YY;",
                "t>j,P",
                "Yt0@",
                "Ult6",
                "WufS3",
                ")LYY",
                "t!YY",
                "eYt,F",
                ")L9]",
                "80t<",
                "u49U",
                "u#9U",
                "u19U",
                "ue9U",
                "t%It",
                "D$.%",
                "D$ %",
                "u>Wj",
                "&=Y_",
                "WWWWj",
                "t/WWUPj",
                "QQSVW3",
                "tUj=",
                "t@9u",
                "uT9}",
                "8<=t",
                "8csm",
                "u,9x",
                "X_^]",
                "ub9~",
                "YY_^[",
                "QQVW",
                "sO;>|C;~",
                "u Vj",
                "u SW",
                "?csm",
                "20YY",
                "20YYPW",
                "20YYP",
                "QQSVW",
                "Q]Y[",
                ";9p`t",
                "WVVVV",
                "t&:a",
                "SpuFWWj",
                "\"WWSh",
                "9} u",
                "E WW",
                "tMWWS",
                "t@9}",
                "VSh ",
                "uiSj",
                "U\\_^[",
                "UdSV",
                "uY;]",
                "pD#U",
                "j #M",
                "j?^;",
                "UPVW3",
                "SUVWu",
                "St u",
                "sN;E",
                "u%C@",
                "VC20XC00U",
                "SVWU",
                "tEVU",
                "t3x<",
                "HHtpHHtl",
                "Uhw|j",
                "Tc9]",
                "uA;5",
                "u>Vj",
                "FGQPS",
                "b_YYP",
                "a9jd^",
                "a99E",
                "bHYYj0[",
                "<]t_G<-uA",
                "]t6G:",
                "bHYY",
                "bHYY9u",
                ">%uM",
                "PPPPPPPP",
                "_WPS",
                "PSj?",
                ">:uNFV",
                ">:u#FV",
                "&=Y_^[",
                "TnQf9=",
                "ThQu",
                "TdWQ",
                "TbQPS",
                "TfQW",
                "TbWQPWS",
                ",f9=",
                "WWWj",
                "WWSj",
                "t%WV",
                "VWsr",
                "VWuBh",
                "^}%95",
                "SVWj ",
                "t!CS",
                "PPPP",
                "@PWV",
                "SVWf",
                "t+Ht$Ht",
                "Hunj",
                "Y_^[",
                "0SVW",
                "_u@W",
                "lPWPSS",
                "hPWPSS",
                "9] u",
                "tySS",
                "t-VW",
                "\\SVW",
                "+ttHHtd",
                "~*9E",
                "HSVHWtgHHtF",
                "&=Yj",
                "NTuI",
                "tAVW",
                "tA<#u",
                "#<*u",
                "?.u!W",
                "?*u7",
                "nt2Ht#Ht",
                "F\\jLSP",
                "Fd9]",
                "QQUV",
                "N|@+",
                "FxQj",
                "F\\Pt",
                "PVhd",
                "PVhe",
                "u$SShe",
                "~\\j$j",
                "ue;=",
                "Q<u%",
                "SVWj(",
                "(Vj(",
                "tBSh",
                "F$^d",
                "0X_^",
                "PQVh",
                "s _^[",
                "t49}",
                "Wj(_Wj",
                ",xG;~",
                "-HG;~",
                "/R_^",
                "u/9F",
                "t3S3",
                "u?9G",
                "j@jP",
                "Hj@h",
                "hWj@_;",
                "^_[]",
                "t$$SS",
                "p[t!",
                "WRPQ",
                "PVVV",
                "tN@@",
                "4SV3",
                "uSj*",
                "Yt&h",
                "YuLf",
                "~<j j",
                "NTQP",
                "WWWWW",
                "9PRV",
                "QWWV",
                "Xt7f",
                "PQQQQQ",
                "btZ-",
                "'_^]",
                "9p$u",
                ",SVW",
                "t39w",
                "^!8X",
                "^!;x",
                "9w u",
                "^$tL",
                "t7j,",
                "tMVW",
                ">(r-",
                "9HPu",
                "u,;C",
                "<VWj",
                "VwltB",
                "r0=8",
                "q97_u",
                "$SVW",
                "PPPPhd",
                "09|$",
                "tvWWWWU",
                "ug9|$",
                "PWhj",
                "te9|$",
                "WWWWU",
                "F,_^][",
                "^[+E",
                "PPhj",
                "Pl_^",
                "tWS3",
                "5wWWW",
                "E SVj",
                "(wqt\\HHtS",
                "tFHt>",
                "t>Ht Ht",
                "u<9E",
                "t59~",
                "u09=",
                "QSUVWj",
                "n0SSSSU",
                "_SSSSU",
                "Ph_^][Y",
                "9Q\\u",
                "9y`u",
                ";qdt",
                "V9l$",
                "VVUVS",
                "UUWP",
                "tuHHt",
                "tD9_Pt?",
                "9X tn",
                "~0PPW",
                "X_^d",
                "QQVj",
                "w'tR",
                " w%t",
                "Ht#HHt",
                "kwFt",
                "@t4Ht1Ht_Ht",
                "uw%t",
                "HHu&",
                "@Pj@",
                "t@WP",
                "j j ",
                "j Pj",
                "X^[_",
                "Qj<P",
                "F _^",
                "+C_^[",
                "F ^d",
                "^$_^[]",
                "V,S3",
                "N US+",
                ")SPj",
                "V(RW",
                "F$_^",
                "N SW",
                "~,SW",
                "F(_+F$^[;E",
                "4L_^",
                "Pd;~",
                "9~$t",
                "~ _^",
                "SShv",
                "<A|2<Z",
                ".<9~",
                "1GG;E",
                "CGGC",
                "<A|@<Z",
                "<<9~",
                "1FF;E",
                "$_^[]",
                "+t|HtlHt\\HtCHt%",
                "+tJHt:Ht*",
                "QPWR",
                " Vj ",
                "+tAHt4Ht'",
                "P<PuWSV",
                "tlUSh",
                "1_^][Y",
                "P<Pu",
                "@u)j",
                "!8!x",
                "VWtp9E",
                "HtTHtFHt8Ht*Ht",
                "VWj<",
                "YVj@j",
                "Z?j@j<",
                "_^]YY",
                "t#;^",
                ";Nxu",
                "i[j@j",
                "_j X;",
                "9^xu2",
                "Vu4j",
                "u5SVW",
                "uTVW",
                "PWVWWW",
                "WVWWW",
                "QQV3",
                "9^0u/j",
                "F09^4u*j",
                "F49^8u&j",
                "^G9p",
                "^,_^][",
                "kernel32.dll",
                "ntdll.dll",
                "user32.dll",
                "user32",
                "Kernel32.dll",
                "kernel32",
                "RtlMoveMemory",
                "CallWindowProcA",
                "UnhookWindowsHookEx",
                "FreeLibrary",
                "CallNextHookEx",
                "ReadProcessMemory",
                "WriteProcessMemory",
                "VirtualAllocEx",
                "VirtualFreeEx",
                "Beep",
                "RtlAdjustPrivilege",
                "NtShutdownSystem",
                "GetCursorPos",
                "GetAsyncKeyState",
                "RtlZeroMemory",
                "PostMessageA",
                "GetForegroundWindow",
                "SetWindowTextA",
                "SetProcessWorkingSetSize",
                "OpenProcess",
                "TerminateProcess",
                "CloseHandle",
                "CreateWaitableTimerA",
                "SetWaitableTimer",
                "MsgWaitForMultipleObjects",
                "FindWindowA",
                "GetWindowThreadProcessId",
                "CreateToolhelp32Snapshot",
                "Process32First",
                "Process32Next",
                "Module32First",
                "EnumWindows",
                "GetClassNameA",
                "GetWindowTextA",
                "SetTimer",
                "CreateRemoteThread",
                "WaitForSingleObject",
                "$e-1",
                "d09f2340818511d396f6aaf844c7e325",
                "27bb20fdd3e145e4bee3db39ddd6e64c",
                "+p707ca37322474f6ca841f0e224f4b620",
                "52F260023059454187AF826A3C07AF2A",
                "684944CB04624eb7BD5412A519421D34",
                "window",
                "EditBox",
                "PicBox",
                "GroupBox",
                "Label",
                "Button",
                "CheckBox",
                "RadioBox",
                "ComboBox",
                "ListBox",
                "ChkListBox",
                "Timer",
                "ListView",
                "1484",
                "15E0",
                " @15D8",
                "8@0123456789ABCDEF",
                "@404",
                "9090",
                "7411",
                "z>E99D130000909090",
                "755F8B0DF4D81103",
                "0000900018008800000000000000010000000000000001",
                "750D",
                "1EE0",
                "1F9C",
                "1614",
                "161C",
                "1155",
                "2225",
                "-1531",
                "-359",
                "1565",
                "-841",
                "-1911",
                "2140",
                "GF20130410",
                "S@1494",
                "1478",
                "1C70",
                "2@D15",
                "R@.ini",
                "(10)",
                "---------",
                "0000280012000100",
                "T@map\\101.jpg",
                "map\\201.jpg",
                "map\\301.jpg",
                "map\\401.jpg",
                "map\\402.jpg",
                "map\\403.jpg",
                "map\\501.jpg",
                "map\\502.jpg",
                "map\\503.jpg",
                "map\\601.jpg",
                "map\\701.jpg",
                "map\\1001.jpg",
                "map\\1101.jpg",
                "map\\1201.jpg",
                "map\\1301.jpg",
                "map\\1401.jpg",
                "map\\1501.jpg",
                "map\\1601.jpg",
                "map\\1701.jpg",
                "map\\1801.jpg",
                "map\\1901.jpg",
                "map\\2001.jpg",
                "map\\2101.jpg",
                "map\\2201.jpg",
                "map\\5001.jpg",
                "map\\5501.jpg",
                "map\\6001.jpg",
                "map\\23001.jpg",
                "map\\23002.jpg",
                "map\\25100.jpg",
                "map\\25201.jpg",
                "map\\25202.jpg",
                "map\\25203.jpg",
                "map\\25204.jpg",
                "map\\25205.jpg",
                "map\\25206.jpg",
                "map\\25207.jpg",
                "map\\25208.jpg",
                "map\\25209.jpg",
                "map\\25210.jpg",
                "map\\25301.jpg",
                "map\\25501.jpg",
                "map\\25701.jpg",
                "map\\26000.jpg",
                "map\\100.jpg",
                "MThd",
                "0MTrk",
                "PsmPlayer V3.34",
                "MTrk",
                "1D00",
                "1FBC",
                "0F08",
                "909090909090",
                "0F00",
                "750C",
                "0F85B8FDFFFF",
                "b@00009000180041000000000000009F00000000000000",
                "00004800180058000000000010415A6413400000DE420100000000000000",
                "00004800180058000000000010C15A6413400000DEC20200000000000000",
                "1648",
                "0000300006000100",
                "0F85",
                "0F84",
                "750A",
                "0F8A",
                "=1001/",
                "=1101/",
                "=6201/",
                "=6301/",
                "=6401/",
                "=1501/",
                "=1601/",
                "=1701/",
                "=1801/",
                "=1901/",
                "=2001/",
                "=2101/",
                "=2501/",
                "=2601/",
                "=2701/",
                "=2801/",
                "=2901/",
                "=3001/",
                "=3101/",
                "=3501/",
                "=3601/",
                "=3701/",
                "=3801/",
                "=3901/",
                "=4001/",
                "=4101/",
                "=4601/",
                "=4501/",
                "=6501/",
                "=4701/",
                "=4801/",
                "=4901/",
                "=5001/",
                "=5101/",
                "=5201/",
                "=5301/",
                "=5401/",
                "=5501/",
                "=5601/",
                "=5701/",
                "=5801/",
                "=5901/",
                "=7001/",
                "=7401/",
                "=7501/",
                "=7701/",
                "=7801/",
                "=7901/",
                "=8901/",
                "=18001/",
                "1%=1/",
                "5%=-5/",
                "10%=10",
                "00009900680001",
                "U@0000CB00510002",
                "2010",
                "6471",
                "-6664",
                "-173",
                "-1311",
                "-323",
                "-661",
                "-279",
                "-1818",
                "1764",
                "-1465",
                "1381",
                "@***********",
                "***********",
                "                      ",
                ")           ",
                "            ",
                "          ",
                "        ",
                "90E9",
                "D30416000E0001010101010000010101010032",
                "D30416000E0001010101010000000101010032",
                "0F84A3000000",
                "1018",
                "1020",
                "09001400",
                "AC053C0018000100000000000000000000002421D94569EA934246251B44",
                "110E",
                "111C",
                "1956",
                "6604",
                "-6640",
                "-1777",
                "-766",
                "1142",
                "-465",
                "1285",
                "2064",
                "-318",
                "-266",
                "-1621",
                "2213",
                "-1564",
                "1355",
                "0F8F",
                "List.ini/myset.ini/Items.ini",
                "*.ini",
                "=737",
                "=160",
                "1781",
                "=1155",
                "=170",
                "1588",
                "=1091",
                "2015",
                "1871",
                "=164",
                "1826",
                "NPC=628",
                "1239",
                "=1188",
                "1344",
                "2229",
                "=724",
                "=421",
                "2189",
                "=306",
                "1556",
                "=-6640",
                "=-6838",
                "=-6664",
                "=-7031",
                "=-7116",
                "=6606",
                "=6604",
                "=6471",
                "=6879",
                "=7140",
                "=-1777",
                "=-1311",
                "=-1727",
                "-377",
                "=-1531",
                "=1175",
                "=1142",
                "=781",
                "=668",
                "=-560",
                "=-458",
                "=-665",
                "=1119",
                "-191",
                "=1295",
                "=946",
                "=1788",
                "-331",
                "=1565",
                "-848",
                "=2058",
                "-306",
                "-265",
                "=185",
                "=-285",
                "=-2137",
                "1799",
                "=-1818",
                "1764 ",
                "=-1670",
                "1797 ",
                "=-1621",
                "=-1911",
                "=-1846",
                "2096 ",
                "=-2209",
                "2231 ",
                "=-2271",
                "2020",
                "-110",
                "=-16",
                "-142",
                "=364",
                "-466",
                "=447",
                "-453",
                "-456",
                "=-447",
                "=-463",
                "=-378",
                "=352",
                "=443",
                "=-1503,1671",
                "=-1564",
                "=-1465",
                "NPC]",
                "=NPC",
                ".txt",
                "0000500064000D",
                "0000500064000C",
                "0000500064000B",
                "687474703A2F2F686F6D652E35312E636F6D2F39353636333135392F64696172792F6974656D2F31303034373536322E68746D6C",
                "D3D Window",
                "@Items.ini",
                "myset.ini",
                "GROUP",
                "YB_ONLINE",
                "8B460EA3",
                "83C4043BC70F84",
                "75158B410883",
                "668987",
                "j@8B533081FA",
                "6A016A006888130000",
                "8B450883C006EB",
                "68FE01",
                "75088935",
                "8B4F0A8B4706",
                "EB1783F909",
                "8B420C89",
                "10AE",
                "568B7508578BF989BD",
                "@5B8BE55DC204000FBF",
                "8B5D108BD18995",
                "8B028B08894D",
                "83F86975198B",
                "8B4DFC83C408",
                "6A145081",
                "83F803751a",
                "8B48488B78",
                "83C60C566A1E",
                "8975108B7D08C745",
                "2bc88bc19933c22bc23d2c010000",
                "897E08E8",
                "EB0883FF",
                "8B55C0398A",
                "8B4D0C8B83",
                "6A008BCFD95D08",
                "3BF0741E3BC1",
                "EB27B9",
                "85C0751BA1",
                "86FCD3",
                "39BBF0",
                "3BCB7547",
                "811A06003D10",
                "C74620020000003D",
                "C7462406",
                "8B463081",
                "8A24DED9DFE0",
                "85C0750A807A",
                "C96A01E8",
                "81C126",
                "33C9398F",
                "83f83c75",
                "D8FF85C074278D",
                "3bc2753c",
                "8B0885C9",
                "8D4E08518B",
                "6689B5",
                "8BB058",
                "6A0050899D",
                "O0000",
                "List.ini",
                "1490",
                "*.txt",
                "15F8",
                "D@210",
                "6879",
                "7140",
                "-7031",
                "-7116",
                "2306",
                "-1732",
                "-1976",
                "1023",
                "-1676",
                "-738",
                "1583",
                "1190",
                "6606",
                "-6838",
                "-1727",
                "1175",
                "-549",
                "1130",
                "-195",
                "1794",
                "-327",
                "-2137",
                "-1503",
                "1671",
                "ra9ra9n]5bbi",
                "!!\",,,",
                "Yra9ra9ra9`R6gr",
                "zRra9ra9ra9r`9TRW",
                "777999&+9",
                "NUwW^",
                "uNs`:sa9sa9tb:m]=ku",
                "BBB***Xa",
                "KUwKUxai",
                "18N:AX",
                "nJ~kF{hC",
                "qLwd>tb;ub<wd?|iDcVBz",
                "7<T???DDD",
                "%FSsfo",
                "BJ^DKN28<=Kg]h",
                "mG|iD}iE",
                "qJ{gBxd?xeA{gC{hCiY;d^T]l",
                "()0III+++",
                "JUlT_nl|",
                "SesXRC",
                "nH}hC}jF",
                "qJ~jD|gB{gC|gD{hD;2!cU:hfcR]|\"\"!'''",
                "lGzfD~kGyfC",
                "\\^T=^U@\\YTz",
                "sM]O5",
                "rMq`A",
                "uTYR@lhV",
                "|T]Q7",
                "tPcU<",
                "caU=m`CF>,",
                "pk_F=6%;4%",
                "apwm~",
                "xxlR",
                "HPT $(",
                "o,( ",
                "sjU[R=",
                "3;?|",
                "5/#rgM",
                "^dg)/2",
                "FQWEPU^mt",
                "%(D;+",
                "XYZZho",
                ";<;bW?",
                "$$$:::6?Cl|",
                "R`gCOV:FM'/3\")-",
                "4=Ahx",
                "UVVAFH",
                "HHH___aaaLNN #$",
                "\"'*JKL00/",
                "<BD@FHOPQaaaFFF",
                "===111@@@fff",
                "PJ:ukT",
                "~~~FFF",
                "KC4~va",
                "sKC0",
                "(((|||777",
                "NNN,,,.--",
                "65535",
                "9900",
                "----------",
                "2013",
                " NPC",
                "(5%)",
                "(10%)",
                "(15%)",
                "(20%)",
                "@va9@",
                "|?5^<@",
                "c#p?{",
                "sAmTb",
                "BKbhTb~XBK!;",
                "A!;I2",
                "?u='@^",
                "F%*.*f",
                "CNotSupportedException",
                "CMemoryException",
                "CException",
                "CFile",
                "CMemFile",
                "CTempGdiObject",
                "CTempDC",
                "CRgn",
                "CPalette",
                "CBitmap",
                "CFont",
                "CBrush",
                "CPen",
                "CGdiObject",
                "CPaintDC",
                "CWindowDC",
                "CClientDC",
                "CUserException",
                "CResourceException",
                "CDialog",
                "Edit",
                "zHelv",
                "MS Sans Serif",
                "MS Shell Dlg",
                "CTempWnd",
                "CWnd",
                "AfxOldWndProc423",
                "AfxWnd42s",
                "AfxControlBar42s",
                "AfxMDIFrame42s",
                "AfxFrameOrView42s",
                "AfxOleControl42s",
                "GetMonitorInfoA",
                "EnumDisplayMonitors",
                "MonitorFromPoint",
                "MonitorFromRect",
                "MonitorFromWindow",
                "GetSystemMetrics",
                "USER32",
                "commctrl_DragListMsg",
                "fime",
                "Afx:%x:%x:%x:%x:%x",
                "Afx:%x:%x",
                "InitCommonControlsEx",
                "COMCTL32.DLL",
                "CPtrArray",
                "CEdit",
                "CComboBox",
                "CListBox",
                "CButton",
                "CStatic",
                "?`LISTBOX",
                "CCheckListBox",
                "CFileDialog",
                "CStringArray",
                "CWinApp",
                "PreviewPages",
                "Settings",
                "CTempImageList",
                "CImageList",
                "CListCtrl",
                "CTabCtrl",
                "CProgressCtrl",
                "CSpinButtonCtrl",
                "SysListView32",
                "fSysTabControl32",
                "CArchiveException",
                "CSharedFile",
                "CCmdTarget",
                "CWinThread",
                "CTempMenu",
                "CMenu",
                "combobox",
                "CDWordArray",
                "?CWordArray",
                "CFileException",
                "CMapPtrToPtr",
                "CToolTipCtrl",
                "otooltips_class32",
                "CColorDialog",
                "UNLINK",
                "DELETE",
                "LINK",
                "HEAD",
                "POST",
                "CObject",
                ".INI",
                ".HLP",
                "System",
                "commdlg_SetRGBColor",
                "commdlg_help",
                "commdlg_ColorOK",
                "commdlg_FileNameOK",
                "commdlg_ShareViolation",
                "commdlg_LBSelChangedNotify",
                "CPtrList",
                "/psoftware",
                "CSyncObject",
                "CCriticalSection",
                "CMapStringToPtr",
                "Dcsm",
                "H:mm:ss",
                "dddd, MMMM dd, yyyy",
                "M/d/yy",
                "December",
                "November",
                "October",
                "September",
                "August",
                "July",
                "June",
                "April",
                "March",
                "February",
                "January",
                "Saturday",
                "Friday",
                "Thursday",
                "Wednesday",
                "Tuesday",
                "Monday",
                "Sunday",
                "am/pm",
                "'__GLOBAL_HEAP_SELECTED",
                "__MSVCRT_HEAP_SELECT",
                "runtime error ",
                "TLOSS error",
                "SING error",
                "DOMAIN error",
                "R6028",
                "- unable to initialize heap",
                "R6027",
                "- not enough space for lowio initialization",
                "R6026",
                "- not enough space for stdio initialization",
                "R6025",
                "- pure virtual function call",
                "R6024",
                "- not enough space for _onexit/atexit table",
                "R6019",
                "- unable to open console device",
                "R6018",
                "- unexpected heap error",
                "R6017",
                "- unexpected multithread lock error",
                "R6016",
                "- not enough space for thread data",
                "abnormal program termination",
                "R6009",
                "- not enough space for environment",
                "R6008",
                "- not enough space for arguments",
                "R6002",
                "- floating point not loaded",
                "Microsoft Visual C++ Runtime Library",
                "Runtime Error!",
                "Program: ",
                "<program name unknown>",
                "GAIsProcessorFeaturePresent",
                "KERNEL32",
                "e+000",
                "frexp",
                "fmod",
                "_hypot",
                "_cabs",
                "ldexp",
                "modf",
                "fabs",
                "floor",
                "ceil",
                "sqrt",
                "atan2",
                "atan",
                "acos",
                "asin",
                "tanh",
                "cosh",
                "sinh",
                "log10",
                " (8PX",
                "700WP",
                "`h````",
                "ppxxxx",
                "(null)",
                "SunMonTueWedThuFriSat",
                "JanFebMarAprMayJunJulAugSepOctNovDec",
                "GetLastActivePopup",
                "GetActiveWindow",
                "MessageBoxA",
                "1#QNAN",
                "1#INF",
                "1#IND",
                "1#SNAN",
                ".PAVCException@@",
                ".PAVCNotSupportedException@@",
                ".PAVCFileException@@",
                " (*.prn)|*.prn|",
                " (*.*)|*.*||",
                "`Shell32.dll",
                "Mpr.dll",
                "Advapi32.dll",
                "User32.dll",
                "Gdi32.dll",
                "msctls_updown32",
                "EDIT",
                "BUTTON",
                "\"%1\"",
                "\\shell\\open\\command",
                ".htm",
                "open",
                "mailto:",
                "COMBOBOX",
                "DISPLAY",
                "OpenDatabase",
                "CloseDatabase",
                "GetConnectString",
                "GetTabList",
                " %d ",
                "DllUnregisterServer",
                "DllRegisterServer",
                "DEFAULT_ICON",
                "RemovePlayer",
                "QX[O",
                "2323",
                ":TETU",
                "WG!2S(",
                ".(\\23",
                "Nyt2S",
                "hp=o}",
                "23f&",
                "k232s",
                "'Faf&",
                "L23fff&ff",
                "?fff&ff23",
                "$23$I",
                "m[ef",
                "6ef$I",
                "CWinFormUnit",
                "WTWindow",
                "%.6g",
                "%.13g",
                "bcdfghijklmnpqrstuvwxyz",
                "abcddefghijklmnoopqrrsstuvvwwxyyz;",
                "+$%#",
                ",1\"52.*",
                "(&07-034/)7 '",
                "hgjlkbrfzaoe",
                " !\"#!",
                "iong",
                "iang",
                "uang",
                "zheng",
                "zeng",
                "zhen",
                "?? / %d]",
                "%d / %d]",
                " - [",
                ": %d]",
                " (*.WAV;*.MID)|*.WAV;*.MID|WAV",
                " (*.WAV)|*.WAV|MIDI",
                " (*.MID)|*.MID|",
                " (*.txt)|*.txt|",
                "Ctrl+Shift+F12",
                "Ctrl+Shift+F11",
                "Ctrl+Shift+F10",
                "Ctrl+Shift+F9",
                "Ctrl+Shift+F8",
                "Ctrl+Shift+F7",
                "Ctrl+Shift+F6",
                "Ctrl+Shift+F5",
                "Ctrl+Shift+F4",
                "Ctrl+Shift+F3",
                "Ctrl+Shift+F2",
                "Ctrl+Shift+F1",
                "Shift+F12",
                "Shift+F11",
                "Shift+F10",
                "Shift+F9",
                "Shift+F8",
                "Shift+F7",
                "Shift+F6",
                "Shift+F5",
                "Shift+F4",
                "Shift+F3",
                "Shift+F2",
                "Shift+F1",
                "Ctrl+F12",
                "Ctrl+F11",
                "Ctrl+F10",
                "Ctrl+F9",
                "Ctrl+F8",
                "Ctrl+F7",
                "Ctrl+F6",
                "Ctrl+F5",
                "Ctrl+F4",
                "Ctrl+F3",
                "Ctrl+F2",
                "Ctrl+F1",
                "Ctrl+Z",
                "Ctrl+Y",
                "Ctrl+X",
                "Ctrl+W",
                "Ctrl+V",
                "Ctrl+U",
                "Ctrl+T",
                "Ctrl+S",
                "Ctrl+R",
                "Ctrl+Q",
                "Ctrl+P",
                "Ctrl+O",
                "Ctrl+N",
                "Ctrl+M",
                "Ctrl+L",
                "Ctrl+K",
                "Ctrl+J",
                "Ctrl+I",
                "Ctrl+H",
                "Ctrl+G",
                "Ctrl+F",
                "Ctrl+E",
                "Ctrl+D",
                "Ctrl+C",
                "Ctrl+B",
                "Ctrl+A",
                " (*.JPG;*.BMP;*.GIF;*.ICO;*.CUR)|*.JPG;*.BMP;*.GIF;*.ICO;*.CUR|JPG",
                " (*.JPG)|*.JPG|BMP",
                " (*.BMP)|*.BMP|GIF",
                " (*.GIF)|*.GIF|",
                " (*.ICO)|*.ICO|",
                " (*.CUR)|*.CUR|",
                "%s:%d",
                "none",
                "devices",
                "windows",
                "device",
                "true",
                "MGridCells",
                "10000",
                " 16 ",
                "CColourPicker",
                "data",
                "fmt ",
                "WAVE",
                "RIFF",
                "out.prn",
                "%d.%d",
                "%d / %d",
                " %d/%d ",
                " %s ",
                "q0```",
                "Bogus message code %d",
                "(%d-%d):",
                "%ld%c",
                "JPEGMEM",
                "Mozilla/4.0 (compatible; MSIE 6.0; Windows NT 5.0)",
                "Accept: */*",
                "Accept: */* ",
                "HTTP/1.0",
                "gb2312",
                "us-ascii",
                "=?gb2312?B?",
                "ABCDEFGHIJKLMNOPQRSTUVWXYZabcdefghijklmnopqrstuvwxyz0123456789+/",
                "%s <%s>",
                "Content-Transfer-Encoding: base64",
                "MIME-Version: 1.0",
                "Content-type: text/plain; charset=\"",
                "Content-type: multipart/mixed; boundary=\"#BOUNDARY#\"",
                "Reply-To: %s",
                "From: %s",
                "To: %s",
                "Subject: %s",
                "Date: %s",
                "Cc: %s",
                "%a, %d %b %Y %H:%M:%S ",
                "%+.2d%.2d",
                "QUIT",
                "SMTP",
                ".PAX",
                ".PAVCObject@@",
                ".PAVCSimpleException@@",
                ".PAVCMemoryException@@",
                ".?AVCObject@@",
                ".?AVCException@@",
                ".?AVCSimpleException@@",
                ".?AVCMemoryException@@",
                ".?AVCNotSupportedException@@",
                ".?AVCFile@@",
                ".?AVCFileException@@",
                ".?AVCMemFile@@",
                ".?AVCDC@@",
                ".?AVCClientDC@@",
                ".?AVCWindowDC@@",
                ".?AVCPaintDC@@",
                ".?AVCGdiObject@@",
                ".?AVCPen@@",
                ".?AVCBrush@@",
                ".?AVCTempDC@@",
                ".?AVCTempGdiObject@@",
                ".PAVCResourceException@@",
                ".PAVCUserException@@",
                ".?AVCResourceException@@",
                ".?AVCUserException@@",
                ".?AVCCmdTarget@@",
                ".?AVCWnd@@",
                ".?AVCDialog@@",
                ".?AVCCmdUI@@",
                ".?AVCTestCmdUI@@",
                ".?AVCTempWnd@@",
                ".?AVCNoTrackObject@@",
                ".?AV_AFX_CTL3D_STATE@@",
                ".?AVCPtrArray@@",
                ".?AVCStatic@@",
                ".?AVCButton@@",
                ".?AVCListBox@@",
                ".?AVCComboBox@@",
                ".?AVCEdit@@",
                ".?AV_AFX_CHECKLIST_STATE@@",
                ".?AVCBitmap@@",
                ".?AVCRgn@@",
                ".?AVCCommonDialog@@",
                ".?AVCFileDialog@@",
                ".?AV_AFX_THREAD_STATE@@",
                ".?AVAFX_MODULE_STATE@@",
                ".?AVAFX_MODULE_THREAD_STATE@@",
                ".?AV_AFX_BASE_MODULE_STATE@@",
                ".?AVCStringArray@@",
                ".?AUCThreadData@@",
                ".?AV_AFX_WIN_STATE@@",
                ".?AVCWinThread@@",
                ".?AVCWinApp@@",
                ".?AVCListCtrl@@",
                ".?AVCSpinButtonCtrl@@",
                ".?AVCProgressCtrl@@",
                ".?AVCTabCtrl@@",
                ".?AVCImageList@@",
                ".?AVCTempImageList@@",
                ".PAVCArchiveException@@",
                ".?AVCArchiveException@@",
                ".?AVCSharedFile@@",
                ".?AV_AFX_CTL3D_THREAD@@",
                ".?AVCMenu@@",
                ".?AVCTempMenu@@",
                ".?AVCDWordArray@@",
                ".?AVCWordArray@@",
                ".?AVCSyncObject@@",
                ".?AVCMapPtrToPtr@@",
                ".?AVCToolTipCtrl@@",
                ".?AV_AFX_COLOR_STATE@@",
                ".?AVCColorDialog@@",
                ".?AV_AFX_SOCK_STATE@@",
                ".?AVCCriticalSection@@",
                ".?AVCSessionMapPtrToPtr@@",
                ".?AVCHandleMap@@",
                ".?AUIUnknown@@",
                ".?AUISequentialStream@@",
                ".?AUIStream@@",
                ".?AVCArchiveStream@@",
                ".?AVCPtrList@@",
                ".?AVCMapStringToPtr@@",
                "?pow",
                ".?AVtype_info@@",
                "kU'9",
                "HMXB",
                "?Zd;",
                "?/L[",
                "S;uD",
                "z?aUY",
                "D?$?",
                "U>c{",
                "zc%C1",
                ".:3q",
                "-64OS",
                "NKeb",
                "tilde",
                "right-curly-bracket",
                "vertical-line",
                "left-curly-bracket",
                "grave-accent",
                "underscore",
                "circumflex",
                "right-square-bracket",
                "backslash",
                "left-square-bracket",
                "commercial-at",
                "question-mark",
                "greater-than-sign",
                "equals-sign",
                "less-than-sign",
                "semicolon",
                "colon",
                "nine",
                "eight",
                "seven",
                "five",
                "four",
                "three",
                "zero",
                "slash",
                "period",
                "hyphen",
                "comma",
                "plus-sign",
                "asterisk",
                "right-parenthesis",
                "left-parenthesis",
                "apostrophe",
                "ampersand",
                "percent-sign",
                "dollar-sign",
                "number-sign",
                "quotation-mark",
                "exclamation-mark",
                "space",
                "carriage-return",
                "form-feed",
                "vertical-tab",
                "newline",
                "backspace",
                "alert",
                "Unknown error",
                "Out of stack space",
                "Complexity requirements exceeded",
                "Empty expression",
                "Unmatched ) or \\)",
                "Regular expression too big",
                "Premature end of regular expression",
                "Invalid preceding regular expression",
                "Memory exhausted",
                "Invalid range end",
                "Invalid content of repeat range",
                "Unmatched { or \\{",
                "Unmatched ( or \\(",
                "Unmatched [ or [^",
                "Invalid back reference",
                "Invalid or trailing backslash",
                "Invalid character class name",
                "Invalid collation character",
                "Invalid regular expression",
                "No match",
                "Success",
                "jjjjj",
                "jjjjh",
                "jjjj",
                "jjjjjjjjh",
                "8CABDEF",
                "12345679",
                "xxxx",
                "#######",
                "#####",
                "         (((((                  H",
                ";T^h<U_i=V`j>Wak?Xbl@YcmAZdnB[eoC\\fpD]gq",
                "TEXTINCLUDE",
                "IEXT_IDB_STATEIMAGES"
            ]
        }
    ]
}