{
    "malware_data": [
        {
            "filename": "78e2bcf05f0e99561b76bc934fb02c25583201e537565e2e8399912e25a51447.elf",
            "filetype": "7F454C46",
            "filesize": "84KB",
            "hash_sha256": "78e2bcf05f0e99561b76bc934fb02c25583201e537565e2e8399912e25a51447",
            "strings": [
                "@ #!",
                "!1C \"",
                "45.140.141.180:999",
                "8.8.8.8",
                "/proc/net/route",
                "00000000",
                "(null)",
                "Self Rep Fucking NeTiS and Thisity 0n Ur FuCkInG FoReHeAd We BiG L33T HaxErS",
                "ARM4",
                "Linux",
                "/usr/bin/apt-get",
                "Ubuntu",
                "/usr/lib/portage",
                "Gentoo",
                "/usr/bin/yum",
                "CentOS",
                "/usr/share/YaST2",
                "OpenSUSE",
                "/usr/local/etc/pkg",
                "FreeBSD",
                "/etc/dropbear/",
                "Dropbear",
                "/etc/opkg",
                "OpenWRT",
                "Unknown Distro",
                "STOP",
                "[1;31mDemon",
                "[1;37m[",
                "[1;31mV5.0",
                "[1;37m]",
                "[1;31m-->",
                "[0;36m%s",
                "/dev/null",
                "/etc/resolv.conf",
                "/etc/config/resolv.conf",
                "nameserver",
                "domain",
                "search",
                "0123456789abcdef",
                "/etc/hosts",
                "/etc/config/hosts",
                "(nil)",
                "hlLjztqZ",
                "npxXoudifFeEgGaACScs",
                " +0-#'I",
                "Unknown error ",
                "Success",
                "Operation not permitted",
                "No such file or directory",
                "No such process",
                "Interrupted system call",
                "Input/output error",
                "No such device or address",
                "Argument list too long",
                "Exec format error",
                "Bad file descriptor",
                "No child processes",
                "Resource temporarily unavailable",
                "Cannot allocate memory",
                "Permission denied",
                "Bad address",
                "Block device required",
                "Device or resource busy",
                "File exists",
                "Invalid cross-device link",
                "No such device",
                "Not a directory",
                "Is a directory",
                "Invalid argument",
                "Too many open files in system",
                "Too many open files",
                "Inappropriate ioctl for device",
                "Text file busy",
                "File too large",
                "No space left on device",
                "Illegal seek",
                "Read-only file system",
                "Too many links",
                "Broken pipe",
                "Numerical argument out of domain",
                "Numerical result out of range",
                "Resource deadlock avoided",
                "File name too long",
                "No locks available",
                "Function not implemented",
                "Directory not empty",
                "Too many levels of symbolic links",
                "No message of desired type",
                "Identifier removed",
                "Channel number out of range",
                "Level 2 not synchronized",
                "Level 3 halted",
                "Level 3 reset",
                "Link number out of range",
                "Protocol driver not attached",
                "No CSI structure available",
                "Level 2 halted",
                "Invalid exchange",
                "Invalid request descriptor",
                "Exchange full",
                "No anode",
                "Invalid request code",
                "Invalid slot",
                "Bad font file format",
                "Device not a stream",
                "No data available",
                "Timer expired",
                "Out of streams resources",
                "Machine is not on the network",
                "Package not installed",
                "Object is remote",
                "Link has been severed",
                "Advertise error",
                "Srmount error",
                "Communication error on send",
                "Protocol error",
                "Multihop attempted",
                "RFS specific error",
                "Bad message",
                "Value too large for defined data type",
                "Name not unique on network",
                "File descriptor in bad state",
                "Remote address changed",
                "Can not access a needed shared library",
                "Accessing a corrupted shared library",
                ".lib section in a.out corrupted",
                "Attempting to link in too many shared libraries",
                "Cannot exec a shared library directly",
                "Invalid or incomplete multibyte or wide character",
                "Interrupted system call should be restarted",
                "Streams pipe error",
                "Too many users",
                "Socket operation on non-socket",
                "Destination address required",
                "Message too long",
                "Protocol wrong type for socket",
                "Protocol not available",
                "Protocol not supported",
                "Socket type not supported",
                "Operation not supported",
                "Protocol family not supported",
                "Address family not supported by protocol",
                "Address already in use",
                "Cannot assign requested address",
                "Network is down",
                "Network is unreachable",
                "Network dropped connection on reset",
                "Software caused connection abort",
                "Connection reset by peer",
                "No buffer space available",
                "Transport endpoint is already connected",
                "Transport endpoint is not connected",
                "Cannot send after transport endpoint shutdown",
                "Too many references: cannot splice",
                "Connection timed out",
                "Connection refused",
                "Host is down",
                "No route to host",
                "Operation already in progress",
                "Operation now in progress",
                "Stale NFS file handle",
                "Structure needs cleaning",
                "Not a XENIX named type file",
                "No XENIX semaphores available",
                "Is a named type file",
                "Remote I/O error",
                "Disk quota exceeded",
                "No medium found",
                "Wrong medium type",
                "CAk[S",
                "GCC: (GNU) 3.3.2 20031005 (Debian prerelease)",
                "GCC: (GNU) 4.1.2",
                "/home/firmware/build/temp-armv5l/gcc-core/gcc/config/arm/lib1funcs.asm",
                "/home/firmware/build/temp-armv5l/build-gcc/gcc",
                "GNU AS 2.17",
                "/home/firmware/build/temp-armv5l/gcc-core/gcc/config/arm",
                "lib1funcs.asm",
                "//////",
                "/0//",
                "./////",
                "///////////",
                "//0//0///",
                "///2",
                "//////////",
                ".symtab",
                ".strtab",
                ".shstrtab",
                ".init",
                ".text",
                ".fini",
                ".rodata",
                ".eh_frame",
                ".ctors",
                ".dtors",
                ".jcr",
                ".data",
                ".bss",
                ".comment",
                ".debug_aranges",
                ".debug_info",
                ".debug_abbrev",
                ".debug_line",
                ".debug_frame",
                "initfini.c",
                "libc/sysdeps/linux/arm/crti.S",
                "crtstuff.c",
                "force_to_data",
                "__CTOR_LIST__",
                "__DTOR_LIST__",
                "__EH_FRAME_BEGIN__",
                "__JCR_LIST__",
                "completed.2555",
                "p.2553",
                "__do_global_dtors_aux",
                "call___do_global_dtors_aux",
                "object.2636",
                "frame_dummy",
                "call_frame_dummy",
                "__CTOR_END__",
                "__DTOR_END__",
                "__FRAME_END__",
                "__JCR_END__",
                "__do_global_ctors_aux",
                "call___do_global_ctors_aux",
                "libc/sysdeps/linux/arm/crtn.S",
                "libc/sysdeps/linux/arm/crt1.S",
                "bot.c",
                "i.4125",
                "printchar",
                "prints",
                "printi",
                "print",
                "libgcc2.c",
                "__syscall_fcntl.c",
                "__syscall_fcntl64.c",
                "_exit.c",
                "access.c",
                "chdir.c",
                "close.c",
                "fork.c",
                "getpid.c",
                "ioctl.c",
                "kill.c",
                "open.c",
                "read.c",
                "select.c",
                "setsid.c",
                "time.c",
                "waitpid.c",
                "write.c",
                "isspace.c",
                "toupper.c",
                "__C_ctype_b.c",
                "__C_ctype_toupper.c",
                "__errno_location.c",
                "libc/string/arm/bcopy.S",
                "libc/string/arm/memcpy.S",
                "libc/string/arm/memset.S",
                "libc/string/arm/strcmp.S",
                "libc/string/arm/strlen.S",
                "Laligned",
                "Llastword",
                "strchr.c",
                "strcpy.c",
                "strstr.c",
                "strtok.c",
                "next_start.1066",
                "ntohl.c",
                "inet_ntoa.c",
                "buf.2613",
                "inet_makeaddr.c",
                "gethostbyname.c",
                "h.4900",
                "buf.4901",
                "gethostbyname_r.c",
                "connect.c",
                "getsockname.c",
                "getsockopt.c",
                "recv.c",
                "send.c",
                "sendto.c",
                "setsockopt.c",
                "socket.c",
                "signal.c",
                "sigsetops.c",
                "malloc.c",
                "initial_fa",
                "free.c",
                "heap_alloc.c",
                "heap_free.c",
                "__heap_link_free_area",
                "__heap_link_free_area_after",
                "abort.c",
                "mylock",
                "been_there_done_that",
                "rand.c",
                "random.c",
                "unsafe_state",
                "randtbl",
                "random_r.c",
                "random_poly_info",
                "atol.c",
                "strtol.c",
                "_stdlib_strto_l.c",
                "exit.c",
                "sleep.c",
                "__uClibc_main.c",
                "__pthread_return_0",
                "__pthread_return_void",
                "__check_one_fd",
                "been_there_done_that.2789",
                "sigaction.c",
                "libc/sysdeps/linux/arm/sigrestorer.S",
                "__syscall_rt_sigaction.c",
                "getegid.c",
                "geteuid.c",
                "getgid.c",
                "getuid.c",
                "nanosleep.c",
                "sbrk.c",
                "sigprocmask.c",
                "wait4.c",
                "errno.c",
                "__h_errno_location.c",
                "_uintmaxtostr.c",
                "libc/string/arm/_memcpy.S",
                "libc/string/arm/memmove.S",
                "strncpy.c",
                "strtok_r.c",
                "strpbrk.c",
                "inet_aton.c",
                "dnslookup.c",
                "static_ns",
                "static_id",
                "opennameservers.c",
                "get_hosts_byname_r.c",
                "raise.c",
                "dl-support.c",
                "brk.c",
                "poll.c",
                "fclose.c",
                "fopen.c",
                "_fopen.c",
                "_stdio.c",
                "_stdio_streams",
                "__stdio_mutex_initializer.3929",
                "_fixed_buffers",
                "_wcommit.c",
                "fgets.c",
                "fflush_unlocked.c",
                "fgets_unlocked.c",
                "rawmemchr.c",
                "strncat.c",
                "strspn.c",
                "strdup.c",
                "isatty.c",
                "tcgetattr.c",
                "ntop.c",
                "inet_pton4",
                "xdigits.3041",
                "inet_ntop4",
                "encodeh.c",
                "decodeh.c",
                "encodeq.c",
                "lengthq.c",
                "decodea.c",
                "read_etc_hosts_r.c",
                "tolower.c",
                "__C_ctype_tolower.c",
                "sprintf.c",
                "vsnprintf.c",
                "_WRITE.c",
                "_vfprintf_internal.c",
                "_charpad",
                "_fp_out_narrow",
                "spec_base.4140",
                "prefix.4141",
                "_ppfs_init.c",
                "_ppfs_prepargs.c",
                "_ppfs_setargs.c",
                "_ppfs_parsespec.c",
                "_promoted_size",
                "type_codes",
                "type_sizes",
                "spec_flags.4142",
                "qual_chars.4147",
                "spec_chars.4143",
                "spec_ranges.4144",
                "spec_or_mask.4145",
                "spec_and_mask.4146",
                "fgetc_unlocked.c",
                "fputs_unlocked.c",
                "fwrite_unlocked.c",
                "mempcpy.c",
                "strnlen.c",
                "__glibc_strerror_r.c",
                "__xpg_strerror_r.c",
                "unknown.1088",
                "_string_syserrmsgs.c",
                "strcasecmp.c",
                "encoded.c",
                "decoded.c",
                "lengthd.c",
                "wcrtomb.c",
                "wcsrtombs.c",
                "wcsnrtombs.c",
                "_READ.c",
                "_fwrite.c",
                "_rfill.c",
                "_trans2r.c",
                "_trans2w.c",
                "_load_inttype.c",
                "_store_inttype.c",
                "_fpmaxtostr.c",
                "exp10_table",
                "memchr.c",
                "memrchr.c",
                "fseeko.c",
                "fseeko64.c",
                "_adjust_pos.c",
                "_cs_funcs.c",
                "llseek.c",
                "__fini_array_end",
                "__fini_array_start",
                "__init_array_end",
                "__preinit_array_end",
                "__init_array_start",
                "__preinit_array_start",
                "__read_etc_hosts_r",
                "__libc_sigaction",
                "strcpy",
                "__GI_fcntl64",
                "recvLine",
                "__GI___ctype_b",
                "__GI_memchr",
                "__GI___glibc_strerror_r",
                "waitpid",
                "__open_nameservers",
                "__GI_fopen",
                "ioctl",
                "_stdio_openlist_use_count",
                "__GI_initstate_r",
                "__GI_sigaction",
                "strtok_r",
                "__GI___C_ctype_toupper_data",
                "__GI_time",
                "getgid",
                "stdout",
                "random",
                "__GI_strdup",
                "__GI_h_errno",
                "atcp",
                "__length_question",
                "__GI___ctype_toupper",
                "__GI_strcasecmp",
                "__GI_tolower",
                "recv",
                "connect",
                "__encode_question",
                "__GI___uClibc_fini",
                "numpids",
                "__encode_header",
                "__GI_strncat",
                "__pthread_mutex_lock",
                "initConnection",
                "__sigdelset",
                "__uClibc_fini",
                "memrchr",
                "geteuid",
                "inet_pton",
                "__GI_vsnprintf",
                "__GI_setsid",
                "memmove",
                "__bsd_signal",
                "__GI_strpbrk",
                "__stdio_trans2r_o",
                "__GI_setsockopt",
                "__libc_stack_end",
                "__GI_fclose",
                "__GI_wcsnrtombs",
                "_uintmaxtostr",
                "__libc_fcntl",
                "atol",
                "_h_errno",
                "getc_unlocked",
                "__ctype_b",
                "__GI_random_r",
                "_bss_end__",
                "errno",
                "getegid",
                "__GI_sbrk",
                "__GI___uClibc_init",
                "getpid",
                "__GI_lseek64",
                "setstate_r",
                "fgets",
                "getHost",
                "__libc_getpid",
                "__xpg_strerror_r",
                "__heap_free",
                "fcntl64",
                "memcpy",
                "makeRandomStr",
                "getRandomIP",
                "__GI_fputs_unlocked",
                "__GI_fgets",
                "creat",
                "_stdio_openlist_dec_use",
                "astd",
                "__libc_select",
                "_ppfs_init",
                "__GI___C_ctype_toupper",
                "__GI_fgetc_unlocked",
                "__libc_nanosleep",
                "trim",
                "__GI_fgets_unlocked",
                "__pthread_mutex_init",
                "tolower",
                "getuid",
                "__open_etc_hosts",
                "Demonicsock",
                "malloc",
                "__udivsi3",
                "isatty",
                "sleep",
                "__GI_atol",
                "vsnprintf",
                "__dns_lookup",
                "__GI_read",
                "__C_ctype_tolower",
                "__bss_start__",
                "random_r",
                "__dso_handle",
                "__malloc_heap_lock",
                "gethostbyname_r",
                "tcpcsum",
                "socket",
                "select",
                "_pthread_cleanup_pop_restore",
                "__GI_wcrtomb",
                "__GI___libc_fcntl",
                "__GI_memset",
                "isspace",
                "__stdio_seek",
                "mempcpy",
                "__GI_strcoll",
                "__GI_write",
                "__ctype_toupper",
                "__libc_read",
                "_string_syserrmsgs",
                "__GI_open",
                "__GI_strchr",
                "__searchdomain",
                "__malloc_heap",
                "__GI_tcgetattr",
                "__environ",
                "wcsnrtombs",
                "makeIPPacket",
                "sockprintf",
                "__GI_inet_ntoa",
                "send",
                "__fgetc_unlocked",
                "abort",
                "__GI_fcntl",
                "__GI_wcsrtombs",
                "__GI_fwrite_unlocked",
                "defopsys",
                "__GI_getgid",
                "srandom_r",
                "_init",
                "__GI_inet_ntoa_r",
                "__GI_setstate_r",
                "strtol",
                "__libc_lseek64",
                "defarchs",
                "strnlen",
                "rawmemchr",
                "__GI_mempcpy",
                "__GI___C_ctype_b_data",
                "__sigaddset",
                "nanosleep",
                "__GI_send",
                "h_errno",
                "__pthread_mutex_unlock",
                "wait4",
                "__GI_exit",
                "__app_fini",
                "csum",
                "__exit_cleanup",
                "_memcpy",
                "__GI_srandom_r",
                "__GI___ctype_tolower",
                "write",
                "environ",
                "__GI_close",
                "__resolv_lock",
                "kill",
                "fputs_unlocked",
                "__pthread_mutex_trylock",
                "defpkgs",
                "__GI_brk",
                "__GI_nanosleep",
                "__GI_strtok",
                "__umodsi3",
                "_stdio_openlist",
                "__GI_sigprocmask",
                "inet_addr",
                "ntohl",
                "__GI_fseek",
                "__deregister_frame_info",
                "ourIP",
                "__aeabi_idiv",
                "chdir",
                "fseeko",
                "_stdio_openlist_del_count",
                "connectTimeout",
                "__raise",
                "setsockopt",
                "bsd_signal",
                "fseek",
                "__GI_kill",
                "__GI_strcmp",
                "__GI_memmove",
                "setstate",
                "__decode_dotted",
                "__stdio_READ",
                "memchr",
                "__GI_toupper",
                "__pthread_initialize_minimal",
                "__GI_recv",
                "__bss_end__",
                "__stdin",
                "stdin",
                "__GI_isatty",
                "_start",
                "strstr",
                "__GI_ioctl",
                "init_rand",
                "rand",
                "signal",
                "read",
                "__decode_header",
                "__GI___h_errno_location",
                "__GI_memcpy",
                "strcoll",
                "wcsrtombs",
                "_stdio_user_locking",
                "strncpy",
                "strcasecmp",
                "htonl",
                "sendto",
                "__C_ctype_toupper",
                "__GI___C_ctype_b",
                "__GI_gethostbyname_r",
                "__GI_strncpy",
                "__libc_send",
                "__GI___xpg_strerror_r",
                "currentServer",
                "__GI___C_ctype_tolower",
                "bcopy",
                "__GI_strcpy",
                "__GI_inet_ntop",
                "strtok",
                "__stdio_adjust_position",
                "_vfprintf_internal",
                "__GI_poll",
                "fork",
                "__aeabi_ldiv0",
                "__stdio_rfill",
                "strncat",
                "gotIP",
                "__GI_sleep",
                "sigaction",
                "__GI_gethostbyname",
                "_dl_phdr",
                "__GI_getc_unlocked",
                "__GI___libc_fcntl64",
                "__uClibc_init",
                "_store_inttype",
                "__length_dotted",
                "__GI_random",
                "__uclibc_progname",
                "__GI_getegid",
                "__GI_wait4",
                "__uClibc_main",
                "sbrk",
                "__rtld_fini",
                "__GI_fork",
                "strdup",
                "__libc_close",
                "__GI_getpid",
                "inet_aton",
                "_pthread_cleanup_push_defer",
                "index",
                "__sigismember",
                "fopen",
                "__bss_start",
                "__libc_open",
                "getOurIP",
                "memset",
                "__GI_socket",
                "main",
                "__glibc_strerror_r",
                "__div0",
                "listFork",
                "__GI___C_ctype_tolower_data",
                "__stdio_fwrite",
                "srand",
                "__aeabi_uidiv",
                "initstate",
                "fclose",
                "__syscall_rt_sigaction",
                "ntohs",
                "inet_ntoa",
                "tcgetattr",
                "__C_ctype_tolower_data",
                "time",
                "__GI_abort",
                "poll",
                "__end__",
                "__divsi3",
                "__get_hosts_byname_r",
                "__stdio_init_mutex",
                "__GI__exit",
                "strcmp",
                "cncinput",
                "__default_sa_restorer",
                "__nameserver",
                "data_start",
                "__h_errno_location",
                "__C_ctype_b_data",
                "__GI_inet_pton",
                "gethostbyname",
                "_stdio_fopen",
                "_fini",
                "__GI_chdir",
                "__malloc_sbrk_lock",
                "sprintf",
                "__default_rt_sa_restorer",
                "fdgets",
                "strerror_r",
                "__GI_select",
                "__libc_waitpid",
                "__GI_waitpid",
                "_stdio_term",
                "__decode_answer",
                "__GI_signal",
                "stderr",
                "__C_ctype_b",
                "srandom",
                "_ppfs_setargs",
                "__GI_sendto",
                "__libc_fork",
                "__atexit_lock",
                "rand_cmwc",
                "Demonserv",
                "__libc_fcntl64",
                "getsockopt",
                "__GI_fseeko64",
                "fflush_unlocked",
                "__stdio_wcommit",
                "__GI___fgetc_unlocked",
                "__nameservers",
                "fwrite_unlocked",
                "inet_ntoa_r",
                "__pagesize",
                "_stdio_openlist_add_lock",
                "__aeabi_uidivmod",
                "access",
                "_edata",
                "__stdout",
                "__GI_memrchr",
                "__GI_fflush_unlocked",
                "__GI_strstr",
                "__searchdomains",
                "_end",
                "htons",
                "_sigintr",
                "_ppfs_prepargs",
                "__GI_strspn",
                "fgetc_unlocked",
                "initstate_r",
                "__GI_connect",
                "__curbrk",
                "__libc_poll",
                "_dl_phnum",
                "_fpmaxtostr",
                "__errno_location",
                "_stdlib_strto_l",
                "__GI___libc_open",
                "exit",
                "__stdio_WRITE",
                "_stdio_init",
                "__GI_geteuid",
                "__modsi3",
                "__heap_alloc",
                "inet_ntop",
                "__C_ctype_toupper_data",
                "_dl_aux_init",
                "_errno",
                "atoi",
                "_stdio_openlist_del_lock",
                "__GI_inet_aton",
                "__aeabi_idiv0",
                "fgets_unlocked",
                "_exit",
                "strspn",
                "__muldi3",
                "__libc_recv",
                "__libc_creat",
                "strlen",
                "lseek64",
                "open",
                "toupper",
                "__libc_write",
                "_ppfs_parsespec",
                "__GI_strtol",
                "__GI_getuid",
                "__GI_strtok_r",
                "__GI_errno",
                "__libc_sendto",
                "__stdio_trans2w_o",
                "strchr",
                "__GI_rawmemchr",
                "__GI_raise",
                "__data_start",
                "setsid",
                "__GI_inet_addr",
                "audp",
                "__encode_dotted",
                "__GI_strnlen",
                "_Jv_RegisterClasses",
                "macAddress",
                "__GI___errno_location",
                "fcntl",
                "__aeabi_idivmod",
                "__GI_atoi",
                "fseeko64",
                "__GI_sprintf",
                "__ctype_tolower",
                "__register_frame_info",
                "wcrtomb",
                "__GI_getsockname",
                "close",
                "__libc_connect",
                "checksum_tcp_udp",
                "__GI_strlen",
                "pids",
                "strpbrk",
                "_load_inttype",
                "raise",
                "free",
                "sigprocmask",
                "getsockname",
                " !\"#$%&'()*+,-./0123456789:;<=>?@ABCDEFGHIJKLMNOPQRSTUVWXYZ[\\]^_`ABCDEFGHIJKLMNOPQRSTUVWXYZ{|}~",
                " !\"#$%&'()*+,-./0123456789:;<=>?@abcdefghijklmnopqrstuvwxyz[\\]^_`abcdefghijklmnopqrstuvwxyz{|}~"
            ]
        }
    ]
}