{
    "malware_data": [
        {
            "filename": "7e924017dc6019c756ee6dd390babd32bef51fc7aa0722c18a65b8d2260056d6.exe",
            "filetype": "4D5A9000",
            "filesize": "239KB",
            "hash_sha256": "7e924017dc6019c756ee6dd390babd32bef51fc7aa0722c18a65b8d2260056d6",
            "strings": [
                "!This program cannot be run in DOS mode.",
                ".text",
                "`.rsrc",
                "@.reloc",
                "H>H}>",
                "hSw/",
                "=!t@K",
                "com.apple.Safari",
                "ixKZ-",
                "~[b8",
                "wCLG",
                "Unable to resolve HTTP prox",
                "*J(p",
                "*Br*",
                " 1SPS*",
                "iX*B",
                "jX(P",
                "Zlot",
                "?Y>3",
                "pry!",
                "prk!",
                "pri\"",
                "pr9#",
                "pr]+",
                "ca(?",
                "Z q1",
                "pr:1",
                "prl1",
                "pr82",
                "prl2",
                "iY(9",
                "nXi ",
                "jYl#",
                "@[l(",
                "YjX ",
                "XY=k",
                " @[(",
                " KDBM(?",
                "l[ZA",
                "&r-L",
                "jYi(",
                "BSJB",
                "v4.0.30319",
                "#Strings",
                "#GUID",
                "#Blob",
                " &rA",
                "E%]3",
                "r&]3",
                "u U@",
                "o%]3",
                "4 ]3",
                "S'U@",
                "8't@",
                "%']3",
                "{&]3",
                "pH]3",
                "B ]3",
                "!4]3",
                "T3]3",
                "kM0C",
                "T ]3",
                "1;0C",
                "%0C_",
                "|HH2",
                "-?ZC",
                "$HH2",
                "2/]3\"",
                "M=]3",
                "w>]3",
                "V-]3",
                "61]3",
                "0AU7",
                "`8]3",
                "( ZC",
                "|8]3",
                "w(]3",
                "e!]3",
                "k9z/",
                " ALJ",
                " ::y",
                " HNV",
                " cI)",
                " UI>",
                " 0%$",
                "$7 )",
                "XO= 1",
                "435!",
                "OL!Y",
                "#f!Y",
                "U&n!",
                "'7\"9",
                "Fs\"A",
                "Bz\"y",
                "eAN#",
                " # F _ i q w ",
                "!<!T!t!",
                "!,\"?\"H\"N\"[\"b\"",
                "32)2B",
                " &!-!",
                "\"?#G#U#^#f#",
                "imE0",
                "ZXmb7HI0",
                "jbhd3ROKP0",
                "7RDD4U0",
                "Yni0",
                "Srmj0",
                "xWk0",
                "e2qLOr0",
                "Wyodu0",
                "$$method0x6000124-1",
                "$$method0x6000096-1",
                "$$method0x6000087-1",
                "$$method0x6000109-1",
                "$$method0x6000129-1",
                "$$method0x6000149-1",
                "$$method0x6000269-1",
                "$$method0x600012a-1",
                "$$method0x600019b-1",
                "$$method0x600010f-1",
                "$$method0x600011f-1",
                "ZlBFPgue81",
                "HMACSHA1",
                "RC9HwqOC1",
                "VT_UI1",
                "VT_I1",
                "dlnpWBT1",
                "IEnumerable`1",
                "ICollection`1",
                "IEnumerator`1",
                "IList`1",
                "zLt4YcftRd1",
                "CS$<>9__CachedAnonymousMethodDelegate1",
                "get_Item1",
                "2No1",
                "C6bq1",
                "$$method0x6000109-2",
                "$$method0x6000269-2",
                "$$method0x600011f-2",
                "jT3EMCHnL02",
                "HMACSHA512",
                "Advapi32",
                "kernel32",
                "Microsoft.Win32",
                "user32",
                "ToUInt32",
                "ReadInt32",
                "ToInt32",
                "mY5msxAP92",
                "vSSBY9eA2",
                "t9Gyr3XQB2",
                "tuPE2",
                "VT_UI2",
                "VT_I2",
                "KeyValuePair`2",
                "Dictionary`2",
                "tdvalc2",
                "eM8C4Wo9h2",
                "5KXvqvRHQi2",
                "d4RlLI5fYk2",
                "w3zk2",
                "get_Item2",
                "KbTfh7qcLq2",
                "qsf4u603",
                "rFeuk73",
                "nWtYX93",
                "A3NVkH3H3",
                "SCMFb2wR3",
                "FhfT3",
                "wyGZ9MX3",
                "1gO2FFkX3",
                "0ef015M7zY3",
                "Tuple`3",
                "olx98kj3",
                "get_Item3",
                "NFnVn3",
                "LMsir3",
                "ToUInt64",
                "ReadInt64",
                "ToInt64",
                "eD4J94",
                "VT_UI4",
                "VT_I4",
                "mFKRrAR4",
                "VT_R4",
                "BppZ4",
                "Pvaa4",
                "dVp4",
                "DKz35",
                "xTahfq8g75",
                "ynDDJ5",
                "EjGP6hFJYc5",
                "1PLCxOkPd5",
                "gyJnwnCoe5",
                "arg5",
                "Rbe7Um5",
                "b8P8wGS9r5",
                "qcr5",
                "jYt5",
                "7wLyAsHikt5",
                "IS_TEXT_UNICODE_ASCII16",
                "IS_TEXT_UNICODE_REVERSE_ASCII16",
                "ToUInt16",
                "ReadInt16",
                "ToInt16",
                "ze26",
                "HMACSHA256",
                "iLT2186",
                "5ObvZdD6",
                "xaqE6",
                "KuSMpH6",
                "bK1I6",
                "a1x5EkYwtd6",
                "arg6",
                "erwkHm6",
                "uOdpEZr6",
                "eqaAoajoz6",
                "J36nKxqxI7",
                "VaultGetItem_WIN7",
                "qBonO7",
                "c1A5p49Z2U7",
                "HAU7",
                "PEV7",
                "FBb7",
                "1rc7",
                "fMld7",
                "wRXDg0Mu7",
                "RoHubv7",
                "mvmArTy7",
                "X93uEj6308",
                "uxtL4dX78",
                "get_UTF8",
                "VT_UI8",
                "VT_I8",
                "VaultGetItem_WIN8",
                "RqA1fD58P8",
                "VT_R8",
                "86Z5W8",
                "mnsmrq4c8",
                "ONSMKBLqvi8",
                "1SdFDl8",
                "pDjbm8",
                "nJUfgbdr8",
                "1umZgj7E39",
                "3c32984b-4420-4062-a51d-b2be2ffce299",
                "mTNgzvNI9",
                "oEOeS5Q6N9",
                "ujpURIxpcN9",
                "c0T9",
                "S5vzU9",
                "YVJY9",
                "WHEMcRzbf9",
                "bSo9",
                "J9lFJcuJq9",
                "75zt9",
                "a9jfBu9",
                "<Module>",
                "oWGdmDS5c5A",
                "V68AA",
                "jZhA",
                "BnIifWTTjA",
                "MqLr34B",
                "XMz36B",
                "WlEvRuT8B",
                "QHVUtkr9B",
                "J4zCB",
                "8xjADB",
                "BCRYPT_KEY_DATA_BLOB",
                "VT_BLOB",
                "ybGVB",
                "8C3TCSSdB",
                "kyVYuOrB",
                "xAjm7C",
                "K0P59oDMAC",
                "HMAC",
                "sA20bl14CC",
                "CwJE4VKeEC",
                "P2GIC",
                "BCRYPT_KEY_DATA_BLOB_MAGIC",
                "kVTMC",
                "hDIOC",
                "v7k3AhC",
                "cbAAD",
                "nsRLOeAD",
                "LLKHF_EXTENDED",
                "LLKHF_INJECTED",
                "VT_CLSID",
                "get_ID",
                "set_ID",
                "FileHandleID",
                "fileHandleID",
                "lpdwProcessID",
                "processID",
                "get_FormatID",
                "set_FormatID",
                "wLQbHPcTD",
                "l1LiD",
                "1UqD",
                "i9FrD",
                "OIC0nsD",
                "0wZhvD",
                "aRXsQGR88E",
                "CL8UDh7J9E",
                "DUPLICATE_CLOSE_SOURCE",
                "BCRYPT_CHAINING_MODE",
                "U6Lft94EE",
                "VT_STORAGE",
                "N9y3VvhIE",
                "INVALID_HANDLE",
                "VT_FILETIME",
                "eSdV5ErTQE",
                "IS_TEXT_UNICODE_SIGNATURE",
                "IS_TEXT_UNICODE_REVERSE_SIGNATURE",
                "n6SE",
                "VT_DATE",
                "IS_TEXT_UNICODE_DBCS_LEADBYTE",
                "hoyZrxYVE",
                "BZVE",
                "bkcjtiWTrpE",
                "LeKuy40zE",
                "3Grm3tNAm1F",
                "nsr2F",
                "U9HO65F",
                "a9RZ6F",
                "Y2FBF",
                "VT_CF",
                "FhcSRN2TWF",
                "3HXF",
                "kTU1dYXF",
                "mroQApUdF",
                "2pgtmimF",
                "gWqF",
                "BxIbkjsF",
                "AlQNeh7G",
                "BCRYPT_AUTH_MODE_CHAIN_CALLS_FLAG",
                "kfO1JTrGhEG",
                "phiHG",
                "WMswus1JG",
                "W7vbG",
                "usmhIQ0SBcG",
                "y9GeRLjQLoG",
                "buNKMlpG",
                "NUtMtG",
                "U4j3vtG",
                "V0uG",
                "7AEgiOUzLzG",
                "AxzlVuBH",
                "STATUS_AUTH_TAG_MISMATCH",
                "STATUS_INFO_LENGTH_MISMATCH",
                "C2DH",
                "eJ4FH",
                "xNKXgoPxFH",
                "JMRkq8cHH",
                "zhJH",
                "x4hXSH",
                "IS_TEXT_UNICODE_ODD_LENGTH",
                "BCRYPT_AUTH_TAG_LENGTH",
                "BCRYPT_OBJECT_LENGTH",
                "hgbH",
                "40cH",
                "Lkv1cH",
                "B2JAmiigH",
                "6YCdiYGjH",
                "6g5W8yH",
                "XB0tmtRM3I",
                "okjOvX1z7I",
                "NwMAI",
                "ZFYrnBYEI",
                "get_ASCII",
                "ONU2vmlPI",
                "nHaSI",
                "P4VFKbPrSVI",
                "euYI",
                "vDw3levI",
                "5q0vlD1J",
                "xJ5y46J",
                "aIGUhsmZBJ",
                "96cFJ",
                "ouXJ",
                "fQeHabJ",
                "plArGQfJ",
                "AmyUBrJ",
                "ucsJ",
                "wZgotJ",
                "8CW6yvHD5wJ",
                "ewAkD12nh0K",
                "vcFZsJK",
                "vWbZHvNQK",
                "IS_TEXT_UNICODE_UNICODE_MASK",
                "IS_TEXT_UNICODE_NOT_UNICODE_MASK",
                "IS_TEXT_UNICODE_REVERSE_MASK",
                "IS_TEXT_UNICODE_NOT_ASCII_MASK",
                "Wa9laJaK",
                "94CYQrqOcK",
                "WesK",
                "J0HX54D2L",
                "CByLz9L",
                "VT_DECIMAL",
                "7AF4EL",
                "ME5HL",
                "VT_NULL",
                "WH_KEYBOARD_LL",
                "537cLL",
                "Kl2DNqvLL",
                "VT_BOOL",
                "Bh2HkxCkTL",
                "GIwkXL",
                "WeQeWlnleL",
                "nZfL",
                "1o3gL",
                "1RoOSpEiriL",
                "36CFREVKoL",
                "ZRqt3M",
                "gGdSsah4M",
                "lgqoXqM6M",
                "VT_VERSIONED_STREAM",
                "VT_STREAM",
                "BCRYPT_CHAIN_MODE_GCM",
                "ySk2stdEM",
                "BCRYPT_AES_ALGORITHM",
                "JT6PM",
                "SqEec8UM",
                "RnIXgM",
                "F0hZpzhM",
                "9motHxlM",
                "SUoM",
                "MKNooM",
                "ED7qu9vmrM",
                "2AKEUwt4sM",
                "vX9kMBx4FwM",
                "8ybnI3N",
                "krZ49N",
                "TtGBON",
                "BCRYPT_INIT_AUTH_MODE_INFO_VERSION",
                "HC_ACTION",
                "LLKHF_ALTDOWN",
                "WM_SYSKEYDOWN",
                "WM_KEYDOWN",
                "JprY0OZN",
                "g2rdN",
                "rMeN",
                "06iMgN",
                "vDRENxnN",
                "XwRg1PfpCuN",
                "9iUmCdWaxN",
                "srdGrcxN",
                "nM1O",
                "System.IO",
                "DyQmg9t0OO",
                "HwqoVO",
                "1B3aicO",
                "m2OC9hUsCiO",
                "0YnruCphiO",
                "AKwt6dtO",
                "Pf7w4P",
                "GjqwNp5P",
                "0qO57MDP",
                "BCRYPT_PAD_OAEP",
                "4OINMP",
                "WM_SYSKEYUP",
                "WM_KEYUP",
                "LLKHF_UP",
                "LvZP",
                "6v3VorPdP",
                "Ek8qHReP",
                "plCfP",
                "NBgP",
                "wlAAChP",
                "LkwWmKhP",
                "xjMTxP",
                "YFrCQ",
                "5nHQ",
                "snzpBDkNQ",
                "vziFUPQ",
                "6ouUSQ",
                "irmiTQ",
                "JKSGQOcQ",
                "lLsHj78UiQ",
                "VDOBkQ",
                "tvONpt69sQ",
                "PM4R",
                "MS_PRIMITIVE_PROVIDER",
                "6hkT8GR",
                "VT_ERROR",
                "VT_VECTOR",
                "aOEEPR",
                "VT_BSTR",
                "VT_LPSTR",
                "VT_LPWSTR",
                "zE9EobPZR",
                "MPZf7gR",
                "rZx94J47rgR",
                "pIqMK6NSrkR",
                "KOIJSEqR",
                "H7aBSNqrR",
                "Sq2gkIzR",
                "on1NuuFgr1S",
                "Px1S",
                "7fCBOwg0p2S",
                "ux9ZvXnzA3S",
                "sCrBS",
                "IS_TEXT_UNICODE_STATISTICS",
                "IS_TEXT_UNICODE_REVERSE_STATISTICS",
                "IS_TEXT_UNICODE_NULL_BYTES",
                "SDv3SjmrgFS",
                "PpbBMQJS",
                "IS_TEXT_UNICODE_CONTROLS",
                "IS_TEXT_UNICODE_REVERSE_CONTROLS",
                "IS_TEXT_UNICODE_ILLEGAL_CHARS",
                "DUPLICATE_SAME_ACCESS",
                "ERROR_SUCCESS",
                "STATUS_SUCCESS",
                "BCRYPT_PAD_PSS",
                "CNA4XMQ2ZS",
                "BZOB2eS",
                "JE7Ty2SjS",
                "rVzS",
                "1dd2T",
                "Ywy5qxBAT",
                "fKWEAT",
                "jRLpdNXVKFT",
                "T4CY2cKIT",
                "VT_UINT",
                "VT_INT",
                "rXzOT",
                "IVeT",
                "cLoVfT",
                "NP3nhZfT",
                "9xtLkRjT",
                "j35Oec4lT",
                "cNXAvFpT",
                "rCyT",
                "1a4QxzT",
                "tF0n0U",
                "xgkJoSiMU",
                "lAgrFchXKQU",
                "g9TVe3KXU",
                "MBAS1gU",
                "lETTMxiU",
                "cdmh1V",
                "J8msAV",
                "Sona7nHV",
                "get_IV",
                "set_IV",
                "cbIV",
                "pbIV",
                "d1pnZYy7YV",
                "HX0y5wqoV",
                "9NUuV",
                "qISGVowV",
                "Pzg0AZxV",
                "tA0W282zV",
                "ZUnyLD1W",
                "2AXD59W",
                "wwBo1CW",
                "ivbfx8JW",
                "KI5f5ipRMW",
                "STATUS_BUFFER_OVERFLOW",
                "4gwPUW",
                "NCNZNPC7YW",
                "jCzkkFGbiW",
                "VKgoW",
                "F4oqW",
                "CHG13T88rW",
                "EkGIDwb44X",
                "e5tZUc94B4X",
                "h1i8X",
                "zSs3LLBX",
                "xEoxtUDX",
                "aW8SDEKHX",
                "KRuufOeTNHX",
                "rZztUXzbX",
                "alvCJqcX",
                "SZbzeZZ7fX",
                "ZWivX",
                "q6LyX",
                "AayX",
                "OJO4zX",
                "yX8O6c5Y",
                "ko87o06Y",
                "oWWR5j8Y",
                "Q9mtx8Y",
                "8jAAY",
                "VT_ARRAY",
                "VT_CY",
                "QIAMGY",
                "crgansKY",
                "VT_EMPTY",
                "pFBVY",
                "4zFlCFVY",
                "AdGbY",
                "I5eY",
                "mLdrwWyOeY",
                "H6GO4HrpnY",
                "LUi26ACMTwY",
                "6jwY",
                "fnxY",
                "FCPJ4Z",
                "TzhUFZ",
                "zlhVaPgIIZ",
                "LyqEkh9QZ",
                "Qaay6r19RZ",
                "5uIYZ",
                "CNcZ",
                "B4IdmuZ",
                "sx2DRvZ",
                "value__",
                "e6Fa",
                "DSJa",
                "zTxBNHKa",
                "T2Ra",
                "F2loHdPUa",
                "5mVg3FWa",
                "bfGRYa",
                "oDbMrM61Aqa",
                "get_Data",
                "set_Data",
                "cbData",
                "ProtectedData",
                "cbAuthData",
                "pbAuthData",
                "pData",
                "PropertyData",
                "data",
                "SetQuota",
                "2fypqC4RO3b",
                "cbN5dP8jBBb",
                "Upecxn8Hb",
                "Jk8m5OKb",
                "giKb",
                "rpOb",
                "jnpaXNUb",
                "qHnZUb",
                "D6JeVb",
                "NbHqCpVRXb",
                "GYqEZb",
                "PublicIpAddressGrab",
                "YFkdJcib",
                "mscorlib",
                "HPRu3ydob",
                "GAGSqb",
                "rQUaodBTxb",
                "L4G9K6c",
                "rdF1rtA17c",
                "qHTBN17c",
                "acCHFgJo7c",
                "zMqLRJ9c",
                "iJbICc",
                "kaX5Gse4TCc",
                "XT3Dc",
                "Gss2ZgfEc",
                "mN6PDuAhEc",
                "5kzoGCkqJc",
                "UwDLDvJc",
                "NcJdxe555Pc",
                "OPmI9OEESc",
                "RZGTc",
                "1Hq6w4VbZc",
                "Ylic",
                "System.Collections.Generic",
                "Microsoft.VisualBasic",
                "WndProc",
                "HookProc",
                "FromFileTimeUtc",
                "SEwc",
                "EyprkupNi9d",
                "3O3Dd",
                "get_Id",
                "SchemaId",
                "schemaId",
                "pszAlgId",
                "HookId",
                "GetWindowThreadProcessId",
                "processId",
                "SchemaElementId",
                "PageExecuteRead",
                "OpenRead",
                "FileMapRead",
                "VirtualMemoryRead",
                "CreateThread",
                "Load",
                "lpcbNeeded",
                "DomainExtended",
                "SHA1Managed",
                "RijndaelManaged",
                "add_Changed",
                "remove_Changed",
                "get_LastModified",
                "set_LastModified",
                "_lastModified",
                "Interlocked",
                "set_Enabled",
                "get_IsEnabled",
                "set_IsEnabled",
                "_enabled",
                "Undefined",
                "lpOverlapped",
                "samDesired",
                "add_Elapsed",
                "get_LastAccessed",
                "set_LastAccessed",
                "_lastAccessed",
                "get_Reserved",
                "reserved",
                "TorPid",
                "activeWindowPid",
                "pPackageSid",
                "row_id",
                "get_IsInvalid",
                "get_Guid",
                "vaultGuid",
                "PcHwid",
                "<ID>k__BackingField",
                "<FormatID>k__BackingField",
                "<Data>k__BackingField",
                "<LastModified>k__BackingField",
                "<IsEnabled>k__BackingField",
                "<LastAccessed>k__BackingField",
                "<Password>k__BackingField",
                "<password>k__BackingField",
                "<PropertyStorage>k__BackingField",
                "<Name>k__BackingField",
                "<FileName>k__BackingField",
                "<ApplicationName>k__BackingField",
                "<Username>k__BackingField",
                "<username>k__BackingField",
                "<Type>k__BackingField",
                "<type>k__BackingField",
                "<TypedPropertyValue>k__BackingField",
                "<Size>k__BackingField",
                "<IsRunning>k__BackingField",
                "<Path>k__BackingField",
                "<hostmask>k__BackingField",
                "<Version>k__BackingField",
                "<Application>k__BackingField",
                "<Description>k__BackingField",
                "<user>k__BackingField",
                "<hoster>k__BackingField",
                "<Tasks>k__BackingField",
                "<Contacts>k__BackingField",
                "<objects>k__BackingField",
                "<Accounts>k__BackingField",
                "<Keys>k__BackingField",
                "<Lenght>k__BackingField",
                "<Host>k__BackingField",
                "<GuidMasterKey>k__BackingField",
                "GetField",
                "TrimEnd",
                "ReadToEnd",
                "AppEnd",
                "hWnd",
                "Append",
                "get_Millisecond",
                "GetUpperBound",
                "GetLowerBound",
                "Round",
                "hwnd",
                "set_Method",
                "method",
                "Clipboard",
                "get_Password",
                "set_Password",
                "DomainPassword",
                "FtpPassword",
                "get_password",
                "set_password",
                "zhIGvd",
                "cY4svQgvd",
                "4nyd",
                "NkGDe",
                "HNMjCJe",
                "PuJe",
                "4po82aIbe",
                "Replace",
                "DeleteBackspace",
                "QueryDosDevice",
                "hInstance",
                "IdentityReference",
                "Sequence",
                "cbNonce",
                "pbNonce",
                "Resource",
                "vkCode",
                "wScanCode",
                "scanCode",
                "keyCode",
                "set_Mode",
                "FileMode",
                "ShareMode",
                "PaddingMode",
                "CryptoStreamMode",
                "CipherMode",
                "SelectSingleNode",
                "XmlNode",
                "get_Unicode",
                "get_BigEndianUnicode",
                "IsTextUnicode",
                "FromImage",
                "SectionImage",
                "get_PropertyStorage",
                "set_PropertyStorage",
                "SerializedPropertyStorage",
                "SendMessage",
                "AddRange",
                "CompareExchange",
                "CredentialCache",
                "SectionNoCache",
                "Take",
                "3Lueke",
                "EndInvoke",
                "BeginInvoke",
                "GetEnvironmentVariable",
                "SetEnvironmentVariable",
                "IEnumerable",
                "IDisposable",
                "ToDouble",
                "get_Handle",
                "RuntimeFieldHandle",
                "hSourceHandle",
                "SafeHandle",
                "GetModuleHandle",
                "RuntimeTypeHandle",
                "ReleaseHandle",
                "CloseHandle",
                "DuplicateHandle",
                "CreateHandle",
                "GetTypeFromHandle",
                "hSourceProcessHandle",
                "hTargetProcessHandle",
                "lpTargetHandle",
                "bInheritHandle",
                "vaultHandle",
                "activeWindowHandle",
                "handle",
                "Rectangle",
                "ToSingle",
                "CreateFile",
                "hTemplateFile",
                "DeleteFile",
                "WriteFile",
                "MoveFile",
                "MapViewOfFile",
                "UnmapViewOfFile",
                "hFile",
                "lastTitle",
                "activeWindowTitle",
                "lphModule",
                "get_MainModule",
                "ProcessModule",
                "get_Name",
                "set_Name",
                "lpDeviceName",
                "get_FileName",
                "set_FileName",
                "GetModuleFileName",
                "lpExistingFileName",
                "lpFileName",
                "GetFileName",
                "lpNewFileName",
                "_fileName",
                "get_ModuleName",
                "lpModuleName",
                "lpBaseName",
                "baseName",
                "lpValueName",
                "StartupRegName",
                "rootPathName",
                "get_OSFullName",
                "get_FullName",
                "OperatingSystemName",
                "get_ApplicationName",
                "set_ApplicationName",
                "StartupInstallationName",
                "lpName",
                "lpAppName",
                "get_UserName",
                "get_ComputerName",
                "ThisComputerName",
                "ProcessorName",
                "get_ProcessName",
                "processName",
                "StartupEnvName",
                "GetProcessesByName",
                "lpKeyName",
                "pszCredentialFriendlyName",
                "StartupDirectoryName",
                "GetDirectoryName",
                "astable_name",
                "item_name",
                "Filename",
                "filename",
                "get_Username",
                "set_Username",
                "get_username",
                "set_username",
                "DateTime",
                "GetLastAccessTime",
                "dwTime",
                "time",
                "AppendLine",
                "get_NewLine",
                "Combine",
                "LocalMachine",
                "Escape",
                "Unescape",
                "Pipe",
                "DataProtectionScope",
                "get_Type",
                "set_Type",
                "pszBlobType",
                "GetFileType",
                "MimeType",
                "ValueType",
                "LogType",
                "SecurityProtocolType",
                "GetType",
                "item_type",
                "get_type",
                "set_type",
                "BBLqe",
                "FileShare",
                "Compare",
                "System.Core",
                "QFSftre",
                "PtrToStructure",
                "get_InvariantCulture",
                "Capture",
                "HttpWebResponse",
                "GetResponse",
                "Close",
                "Dispose",
                "Parse",
                "Reverse",
                "X509Certificate",
                "GenericCertificate",
                "DomainCertificate",
                "Create",
                "KBDLLHookProcDelegate",
                "MulticastDelegate",
                "Terminate",
                "PcState",
                "GetKeyboardState",
                "lpKeyState",
                "GetKeyState",
                "Delete",
                "PageReadWrite",
                "PageExecuteReadWrite",
                "nNumberOfBytesToWrite",
                "FileMapWrite",
                "VirtualMemoryWrite",
                "Remote",
                "STAThreadAttribute",
                "CompilerGeneratedAttribute",
                "GuidAttribute",
                "SecuritySafeCriticalAttribute",
                "ExtensionAttribute",
                "AssemblyFileVersionAttribute",
                "FlagsAttribute",
                "CompilationRelaxationsAttribute",
                "ReliabilityContractAttribute",
                "ParamArrayAttribute",
                "RuntimeCompatibilityAttribute",
                "SuppressUnmanagedCodeSecurityAttribute",
                "set_UseShellExecute",
                "FileMapExecute",
                "SByte",
                "ReadByte",
                "ToByte",
                "get_Value",
                "HandleValue",
                "TryGetValue",
                "get_TypedPropertyValue",
                "set_TypedPropertyValue",
                "GetPropertyValue",
                "value",
                "zvpyQque",
                "Save",
                "set_KeepAlive",
                "Remove",
                "SectionReserve",
                "get_Size",
                "set_Size",
                "dataSize",
                "cbSize",
                "get_StorageSize",
                "lpFileSize",
                "get_NameSize",
                "volumeNameSize",
                "nFileSystemNameSize",
                "SQLDataTypeSize",
                "get_StoreSize",
                "get_ValueSize",
                "get_HashSize",
                "set_BlockSize",
                "chunkSize",
                "nSize",
                "get_KeySize",
                "Serialize",
                "Deserialize",
                "Initialize",
                "Finalize",
                "Synchronize",
                "page_size",
                "Resize",
                "Mx1f",
                "AexLfO2f",
                "kkRIA5f",
                "TAIf",
                "zXEP9eLf",
                "SizeOf",
                "get_ItemOf",
                "m9pMfPJrOf",
                "LastIndexOf",
                "XZIvzgzQf",
                "qBHTf",
                "sEvWXf",
                "VoA2RnXf",
                "76UQZf",
                "cchBuff",
                "ZyGeFhf",
                "e1UJNOujf",
                "OWkf",
                "PXhABNsplf",
                "lastInputInf",
                "WUSysqf",
                "JRDMsf",
                "dQRGG40g",
                "mZUYvuR80g",
                "hsy62g",
                "f19g",
                "Ea4rcBg",
                "Kcb0TqsOvMg",
                "O6WR3j6Wg",
                "cbTag",
                "pbTag",
                "2TJeSImcg",
                "JWeg",
                "get_Jpeg",
                "System.Threading",
                "get_Padding",
                "set_Padding",
                "UTF8Encoding",
                "encoding",
                "System.Drawing.Imaging",
                "get_IsRunning",
                "set_IsRunning",
                "CreateFileMapping",
                "FromBase64String",
                "ToBase64String",
                "EscapeDataString",
                "UnescapeDataString",
                "DownloadString",
                "lpReturnedString",
                "GetPrivateProfileString",
                "ToString",
                "GetString",
                "OctetString",
                "BitString",
                "Substring",
                "System.Drawing",
                "fUnJI5Hcpg",
                "get_Msg",
                "Lju80h",
                "TOgp3h",
                "VC1gCh",
                "0yezexCBFh",
                "OVrO4Vh",
                "VB6UxRT2ah",
                "Match",
                "7mY0gQjdh",
                "dwMaximumSizeHigh",
                "dwFileOffsetHigh",
                "X6oxJcvEwjh",
                "SlSzlh",
                "pDnkcwD4mh",
                "ComputeHash",
                "Math",
                "get_Path",
                "set_Path",
                "SystemAppdataPath",
                "get_ExecutablePath",
                "AsmFilePath",
                "AppStartupFullPath",
                "GetTempPath",
                "GetFolderPath",
                "lpTargetPath",
                "StartupDirectoryPath",
                "_path",
                "get_Width",
                "get_Length",
                "MaximumLength",
                "dwMinLength",
                "SystemInformationLength",
                "ObjectInformationLength",
                "set_MaxJsonLength",
                "ReturnLength",
                "maximumComponentLength",
                "set_ContentLength",
                "GetWindowTextLength",
                "dwMaxLength",
                "EndsWith",
                "StartsWith",
                "JrPgMq41N0i",
                "sPeTdcXBi",
                "TGdCpMBIi",
                "ILMi",
                "UKloXi",
                "dU61qsD8Zi",
                "plii",
                "PtrToStringUni",
                "StringToHGlobalUni",
                "IpApi",
                "IqCDQAti",
                "DBBtvJj",
                "T2YQFRj",
                "JFwFpaj",
                "objrij",
                "9yXSHjHpj",
                "D2ggLE2rj",
                "pNUwrj",
                "ldk3Esj",
                "62Ezj",
                "weZYh2k",
                "6dWRnUo4k",
                "ImGk",
                "QsdPUFGNk",
                "OjNk",
                "Fz2phlSk",
                "inxc8Vk",
                "eWeH9NtLZk",
                "mTDBAbk",
                "AsyncCallback",
                "RemoteCertificateValidationCallback",
                "get_ServerCertificateValidationCallback",
                "set_ServerCertificateValidationCallback",
                "callback",
                "get_CapsLock",
                "TransformFinalBlock",
                "TransformBlock",
                "_lock",
                "idHook",
                "_clipboardHook",
                "_keyboardHook",
                "get_hostmask",
                "set_hostmask",
                "Disk",
                "5wLCgA7l",
                "2k5WPs3kHIl",
                "bqeza4Tl",
                "AllocHGlobal",
                "FreeHGlobal",
                "Illegal",
                "Marshal",
                "NetworkCredential",
                "Decimal",
                "System.Security.Principal",
                "set_Interval",
                "ScreenInterval",
                "KeyloggerInterval",
                "6gdl",
                "GEGOGdhkdl",
                "Rijndael",
                "cbLabel",
                "pbLabel",
                "System.ComponentModel",
                "EnableTorPanel",
                "dwhkl",
                "Kernel32.dll",
                "kernel32.dll",
                "User32.dll",
                "user32.dll",
                "vaultcli.dll",
                "psapi.dll",
                "ntdll.dll",
                "bcrypt.dll",
                "Kill",
                "Null",
                "System.Xml",
                "set_SecurityProtocol",
                "Control",
                "ouunU9m",
                "HpIcJBm",
                "jBLSm",
                "gN7JQcUm",
                "nhFVVm",
                "FileStream",
                "get_BaseStream",
                "GetResponseStream",
                "CryptoStream",
                "GetRequestStream",
                "MemoryStream",
                "get_LParam",
                "get_WParam",
                "get_Param",
                "lParam",
                "wParam",
                "get_Item",
                "set_Item",
                "VaultGetItem",
                "vaultItem",
                "OperatingSystem",
                "HmacAlgorithm",
                "SymmetricAlgorithm",
                "phAlgorithm",
                "KeyedHashAlgorithm",
                "algorithm",
                "Trim",
                "Random",
                "XjY3xqm",
                "ICryptoTransform",
                "Maximum",
                "Enum",
                "root_num",
                "lf2n",
                "jU6PWJMDn",
                "EQkmQ4ZofDn",
                "nW6wFn",
                "jyy8ENn",
                "vcOamTFFRUn",
                "ToBoolean",
                "IsLittleEndian",
                "6AwPu8w5pan",
                "nBCAPQRjhdn",
                "u3Zkdn",
                "CopyFromScreen",
                "get_PrimaryScreen",
                "lpNumberOfBytesWritten",
                "X509Chain",
                "ChangeClipboardChain",
                "Join",
                "LZzenudln",
                "Extension",
                "get_OSVersion",
                "get_Version",
                "set_Version",
                "dwInfoVersion",
                "get_Application",
                "set_Application",
                "get_Location",
                "ObjectDataInformation",
                "SystemRegistryQuotaInformation",
                "SystemBasicInformation",
                "ObjectBasicInformation",
                "QueryLimitedInformation",
                "SystemPerformanceInformation",
                "SystemProcessorPerformanceInformation",
                "SystemLookasideInformation",
                "SystemHandleInformation",
                "ObjectNameInformation",
                "GetVolumeInformation",
                "ObjectTypeInformation",
                "ObjectAllInformation",
                "NtQuerySystemInformation",
                "SystemExceptionInformation",
                "SystemProcessInformation",
                "ObjectInformation",
                "SetInformation",
                "SystemInterruptInformation",
                "SystemTimeOfDayInformation",
                "QueryInformation",
                "VirtualMemoryOperation",
                "pszImplementation",
                "System.Globalization",
                "System.Web.Script.Serialization",
                "System.Reflection",
                "PropertyDataCollection",
                "ValueCollection",
                "MatchCollection",
                "GroupCollection",
                "ManagementObjectCollection",
                "KeyCollection",
                "set_Position",
                "CreationDisposition",
                "SearchOption",
                "Win32Exception",
                "CryptographicException",
                "ArgumentOutOfRangeException",
                "ArgumentException",
                "get_Description",
                "set_Description",
                "get_StatusDescription",
                "_description",
                "System.Runtime.ConstrainedExecution",
                "StringComparison",
                "add_KeyDown",
                "remove_KeyDown",
                "get_CtrlKeyDown",
                "get_ShiftKeyDown",
                "get_AltKeyDown",
                "Unknown",
                "N8bdryn",
                "Gdr8o",
                "BZUGo",
                "FxXOVVPo",
                "CompareTo",
                "CopyTo",
                "O8BeimTao",
                "eElsco",
                "lastInPutNfo",
                "dwExtraInfo",
                "ImageCodecInfo",
                "FieldInfo",
                "FileInfo",
                "CultureInfo",
                "pPaddingInfo",
                "FileSystemInfo",
                "MemberInfo",
                "ComputerInfo",
                "get_StartInfo",
                "ProcessStartInfo",
                "GetLastInputInfo",
                "DirectoryInfo",
                "AokVko",
                "1sTJOuko",
                "P9v0ULro",
                "Zero",
                "zero",
                "gOdWxt8zo",
                "5PUpbomR8Gp",
                "QjWsIp",
                "siRp",
                "add_KeyUp",
                "remove_KeyUp",
                "QEXp",
                "qeg5yfBYp",
                "lQSZp",
                "dwNumberOfBytesToMap",
                "Bitmap",
                "Sleep",
                "Skip",
                "6Rkp",
                "1OEhbY0lp",
                "TimeStamp",
                "Stop",
                "LocalApp",
                "_app",
                "NgPMYqp",
                "MLR0MHZZ0tp",
                "Group",
                "AppAddStartup",
                "HideFileStartup",
                "M3tgWDVBq",
                "FXrNhx8Fq",
                "xtFq",
                "Pe6RAPKq",
                "e29Wq",
                "6rPgq",
                "System.Linq",
                "LjJn6r",
                "1IQvFr",
                "pt4PIWTHr",
                "sSNr",
                "Clear",
                "ToChar",
                "lpChar",
                "DirectorySeparatorChar",
                "yCA1ID5Lwar",
                "y73CaVxgtbr",
                "N5AScr",
                "ObjectTypeNumber",
                "volumeSerialNumber",
                "StreamReader",
                "TextReader",
                "BinaryReader",
                "SHA1CryptoServiceProvider",
                "MD5CryptoServiceProvider",
                "RNGCryptoServiceProvider",
                "TripleDESCryptoServiceProvider",
                "BCryptCloseAlgorithmProvider",
                "BCryptOpenAlgorithmProvider",
                "IFormatProvider",
                "StringBuilder",
                "SpecialFolder",
                "sender",
                "Encoder",
                "volumeNameBuffer",
                "fileSystemNameBuffer",
                "buffer",
                "ServicePointManager",
                "Integer",
                "EnableClipboardLogger",
                "EnableScreenLogger",
                "_screenLogger",
                "_keyLogger",
                "EnableKeylogger",
                "ManagementObjectSearcher",
                "ObjectIdentifier",
                "SecurityIdentifier",
                "ElapsedEventHandler",
                "LogTimer",
                "ToUpper",
                "FtpUser",
                "CurrentUser",
                "get_user",
                "set_user",
                "EncoderParameter",
                "Enter",
                "Object_Pointer",
                "BitConverter",
                "get_hoster",
                "set_hoster",
                "BinaryFormatter",
                "SetClipboardViewer",
                "ToLower",
                "JavaScriptSerializer",
                "UN1lr",
                "K3nIKQ8VTor",
                "get_Major",
                "get_Minor",
                "GetLastWin32Error",
                "GetLastError",
                "Authenticator",
                "IEnumerator",
                "ManagementObjectEnumerator",
                "GetEnumerator",
                "RandomNumberGenerator",
                ".ctor",
                ".cctor",
                "Monitor",
                "CreateDecryptor",
                "CreateEncryptor",
                "Q82cqqr",
                "g1NMrr",
                "passwordVaultPtr",
                "ReadIntPtr",
                "7P80s",
                "LQt1s",
                "WbNCbADs",
                "NWyEaTDs",
                "GJIs",
                "F1pZmRIs",
                "Graphics",
                "System.Diagnostics",
                "get_Bounds",
                "Microsoft.VisualBasic.Devices",
                "System.Runtime.InteropServices",
                "System.Runtime.CompilerServices",
                "GetInstances",
                "get_ChildNodes",
                "Matches",
                "EnableCookies",
                "GetDirectories",
                "master_table_entries",
                "get_Properties",
                "ExpandEnvironmentVariables",
                "GetFiles",
                "EnumProcessModules",
                "NumberStyles",
                "GetSubKeyNames",
                "field_names",
                "ReadAllLines",
                "GetProcesses",
                "System.Security.Cryptography.X509Certificates",
                "FlagsAndAttributes",
                "lpFileMappingAttributes",
                "SecurityAttributes",
                "FileBytes",
                "Rfc2898DeriveBytes",
                "ReadAllBytes",
                "BufferBytes",
                "GetBytes",
                "db_bytes",
                "get_Values",
                "GetLogicalDrives",
                "fileSystemFlags",
                "dwFlags",
                "flags",
                "ElapsedEventArgs",
                "jeUhahSx2is",
                "eRjs",
                "get_Ticks",
                "get_Tasks",
                "set_Tasks",
                "ICredentials",
                "set_Credentials",
                "get_DefaultCredentials",
                "Equals",
                "CreateParams",
                "VaultEnumerateItems",
                "System.Windows.Forms",
                "Contains",
                "System.Web.Extensions",
                "System.Text.RegularExpressions",
                "iterations",
                "System.Collections",
                "set_MaximumAutomaticRedirections",
                "StringSplitOptions",
                "RegexOptions",
                "options",
                "x0KYG92nEps",
                "get_Groups",
                "ihVslsqs",
                "get_Chars",
                "GetImageEncoders",
                "System.Timers",
                "RuntimeHelpers",
                "EncoderParameters",
                "SslPolicyErrors",
                "SystemInformationClass",
                "ObjectInformationClass",
                "ManagementClass",
                "pass",
                "dwDesiredAccess",
                "GrantedAccess",
                "FileAccess",
                "FileMapAllAccess",
                "processAccess",
                "get_Success",
                "CreateProcess",
                "hProcess",
                "OpenProcess",
                "GetCurrentProcess",
                "lpBaseAddress",
                "PublicIpAddress",
                "get_Contacts",
                "set_Contacts",
                "EnableContacts",
                "get_objects",
                "set_objects",
                "VaultEnumerateVaults",
                "pPropertyElements",
                "set_Arguments",
                "get_Accounts",
                "set_Accounts",
                "get_Exists",
                "get_Keys",
                "set_Keys",
                "get_ModifierKeys",
                "0NDb1t",
                "gd8nIt",
                "CUxJsKt",
                "znFjRTmqrQt",
                "Concat",
                "AppendFormat",
                "ImageFormat",
                "Subtract",
                "VT_BLOB_Object",
                "VT_STREAMED_Object",
                "VT_STORED_Object",
                "ManagementBaseObject",
                "hFileMappingObject",
                "hObject",
                "ManagementObject",
                "cbKeyObject",
                "pbKeyObject",
                "NtQueryObject",
                "object",
                "Collect",
                "set_AllowAutoRedirect",
                "flProtect",
                "Unprotect",
                "System.Net",
                "offset",
                "get_Height",
                "get_Lenght",
                "set_Lenght",
                "op_Explicit",
                "Split",
                "SectionCommit",
                "WaitForExit",
                "cbSalt",
                "sSalt",
                "salt",
                "VaultOpenVault",
                "get_Default",
                "lpDefault",
                "pcbResult",
                "IAsyncResult",
                "phkResult",
                "result",
                "UnsignedInt",
                "ToUpperInvariant",
                "set_UserAgent",
                "PublicUserAgent",
                "WebClient",
                "System.Management",
                "pResourceElement",
                "XmlElement",
                "pAuthenticatorElement",
                "pIdentityElement",
                "dwIncrement",
                "sql_statement",
                "Environment",
                "XmlDocument",
                "get_Parent",
                "GetParent",
                "get_Current",
                "CheckRemoteDebuggerPresent",
                "isDebuggerPresent",
                "content",
                "Point",
                "get_Count",
                "get_HandleCount",
                "get_TickCount",
                "vaultItemCount",
                "set_IterationCount",
                "dwPropertiesCount",
                "vaultCount",
                "count",
                "BCryptDecrypt",
                "BCryptEncrypt",
                "TrimStart",
                "AppStart",
                "Convert",
                "Sort",
                "UnsignedShort",
                "Cast",
                "Last",
                "FtpWebRequest",
                "HttpWebRequest",
                "XmlNodeList",
                "ToList",
                "MozillaBrowserList",
                "ChromiumBrowserList",
                "get_Host",
                "set_Host",
                "FtpHost",
                "host",
                "set_Timeout",
                "GetKeyboardLayout",
                "dwLayout",
                "cbInput",
                "pbInput",
                "cbOutput",
                "pbOutput",
                "get_StandardOutput",
                "set_RedirectStandardOutput",
                "MoveNext",
                "System.Text",
                "LastCopiedText",
                "KeylogText",
                "ReadAllText",
                "AppendAllText",
                "get_InnerText",
                "GetText",
                "GetWindowText",
                "next",
                "Log_text",
                "cbMacContext",
                "pbMacContext",
                "a8sn6qbADFu",
                "WesM7XgPeku",
                "PPlirvu",
                "jrg8wu",
                "aKzu",
                "WId8v",
                "ZgkuNv",
                "ObvyWLImySv",
                "1gQpZumTv",
                "yU03Uv",
                "q5Vv",
                "zMmSmsWWv",
                "Vc1cv",
                "e1Ihv",
                "53y6jv",
                "3tyYN34Mojv",
                "CGtIRmtv",
                "Jzitu1w",
                "VqAw",
                "1tqh9Jw",
                "N7J4KzNRw",
                "i0gAmTw",
                "7BjvTw",
                "gB4fc86jw",
                "WdoKfxv8Ylw",
                "dwMaximumSizeLow",
                "dwFileOffsetLow",
                "get_Now",
                "GetForegroundWindow",
                "NativeWindow",
                "set_CreateNoWindow",
                "8wPtO1IcEsw",
                "LXlcsw",
                "7U85AcugR6x",
                "0MyGhNcp8x",
                "ToUnicodeEx",
                "GetModuleFileNameEx",
                "RegQueryValueEx",
                "GetFileSizeEx",
                "UnhookWindowsHookEx",
                "SetWindowsHookEx",
                "CallNextHookEx",
                "MaximumEx",
                "RegOpenKeyEx",
                "nPNx",
                "bXUVYx",
                "ucchMax",
                "BufferEndIndex",
                "BlockIndex",
                "BufferStartIndex",
                "Regex",
                "Y8WnuVRBunx",
                "2y9a5GGpx",
                "ZTP2y",
                "6Q34y",
                "c3ep6v74y",
                "TWviIOl7y",
                "hsZxbfaLy",
                "9E1s1q8wZMy",
                "o9ZL06Ny",
                "KuqPy",
                "AZPoZflAUy",
                "ProtectedArray",
                "ToByteArray",
                "InitializeArray",
                "ToArray",
                "ToCharArray",
                "Consistency",
                "get_Key",
                "set_Key",
                "OpenSubKey",
                "subKey",
                "RegCloseKey",
                "phKey",
                "get_GuidMasterKey",
                "set_GuidMasterKey",
                "_guidMasterKey",
                "ContainsKey",
                "wVirtKey",
                "hImportKey",
                "BCryptImportKey",
                "BCryptDestroyKey",
                "RegistryKey",
                "_wsftpkey",
                "System.Security.Cryptography",
                "GetExecutingAssembly",
                "PageReadonly",
                "Multiply",
                "mePHw5py",
                "PageWriteCopy",
                "BlockCopy",
                "FileMapCopy",
                "nFkqy",
                "System.Runtime.Serialization.Formatters.Binary",
                "AmountOfMemory",
                "get_TotalPhysicalMemory",
                "Directory",
                "Registry",
                "dqy49Jjzsy",
                "get_Capacity",
                "Quality",
                "op_Equality",
                "op_Inequality",
                "System.Security",
                "System.Net.Security",
                "Identity",
                "IsNullOrEmpty",
                "BCryptSetAlgorithmProperty",
                "BCryptGetProperty",
                "BCryptSetProperty",
                "pszProperty",
                "VkjqL4uy",
                "r5mUyy",
                "pQZU6eNoyy",
                "QwIL0z",
                "HxBz",
                "RYOHR4AWKz",
                "XAayo4qXaKz",
                "1o8PVvRTSz",
                "FECwowsizXz",
                "p96hz",
                "2ZtETGR84iz",
                "sHDiz",
                "rDpBiZlz",
                "46GSZUd0nz",
                "IHPKZuDL8pz",
                "B1VYtz",
                "WrapNonExceptionThrows",
                "1.0.0.0",
                "$38904471-d501-4128-a622-0d9fd0b6402c",
                "_CorExeMain",
                "mscoree.dll",
                "<?xml version=\"1.0\" encoding=\"UTF-8\" standalone=\"yes\"?>",
                "<assembly xmlns=\"urn:schemas-microsoft-com:asm.v1\" manifestVersion=\"1.0\">",
                "  <assemblyIdentity version=\"1.0.0.0\" name=\"MyApplication.app\"/>",
                "  <trustInfo xmlns=\"urn:schemas-microsoft-com:asm.v2\">",
                "    <security>",
                "      <requestedPrivileges xmlns=\"urn:schemas-microsoft-com:asm.v3\">",
                "        <requestedExecutionLevel level=\"asInvoker\" uiAccess=\"false\"/>",
                "      </requestedPrivileges>",
                "    </security>",
                "  </trustInfo>",
                "</assembly>",
                "t t!t\"t#t$t%t&t't(t)t*t+t,t-t.t/t0t1t2t3t4t5t6t7t8t9t:t;t<t=t>t?t@tAtBtEtFtGtHtItLtiy",
                "k#n+n9",
                "HnJnO",
                "6 7!8\"9#:$;%<&='>(?)@*A+B,C-D0E4F5G6H7I8J9L:O;P=RAUD[F`HfLxRyVzX{[|_}b",
                "CBDBJIKIRQWVXVYV_^fehgigjgkglgmgpo",
                "yyyy_MM_dd_HH_mm_ss",
                ".jpeg",
                "/log.tmp",
                ".html",
                "<html>",
                "</html>",
                "<br>[",
                "yyyy-MM-dd HH:mm:ss",
                "]<br>",
                "<br>",
                ".txt",
                "text/plain",
                "Contacts_",
                "MM/dd/yyyy HH:mm:ss",
                "<br>RAM: ",
                "IP Address: ",
                "<br>CPU: ",
                "Time: ",
                "<br>Computer Name: ",
                "<br>OSFullName: ",
                "<br>User Name: ",
                "<hr>",
                "CPU: ",
                "User Name: ",
                "OSFullName: ",
                " Recovered!",
                "New ",
                "RAM: ",
                "false",
                "Mozilla/5.0 (Windows NT 10.0; Win64; x64; rv:99.0) Gecko/20100101 Firefox/99.0",
                "true",
                "ftp://ftp.siscop.com.co",
                "pedophile@siscop.com.co",
                "+5s48Ia2&-(t",
                "appdata",
                "eXCXES",
                "eXCXES.exe",
                "Type",
                "http://ip-api.com/line/?fields=hosting",
                "SbieDll.dll",
                "snxhk.dll",
                "cmdvrt32.dll",
                "Sf2.dll",
                "SxIn.dll",
                "Manufacturer",
                "microsoft corporation",
                "Model",
                "VIRTUAL",
                "vmware",
                "VirtualBox",
                "root\\CIMV2",
                "SELECT * FROM Win32_VideoController",
                "Name",
                "VMware",
                "VBox",
                "Select * from Win32_ComputerSystem",
                "<b>[ ",
                "]</b> (",
                ")<br>",
                "{F1}",
                "{F10}",
                "{HOME}",
                "{PageUp}",
                "{DEL}",
                "{F4}",
                "control",
                "{F5}",
                "{F12}",
                "{Insert}",
                "{KEYUP}",
                "{NumLock}",
                "{PageDown}",
                "{ENTER}",
                "{CTRL}",
                "{KEYDOWN}",
                "{ESC}",
                "{END}",
                "{ALT+TAB}",
                "{F11}",
                "{KEYRIGHT}",
                "{F9}",
                "{ALT+F4}",
                "{TAB}",
                "{F8}",
                "{F3}",
                "{Win}",
                "{BACK}",
                "{F2}",
                "{F7}",
                "{F6}",
                "{KEYLEFT}",
                "{CAPSLOCK}",
                "&amp;",
                "&lt;",
                "&quot;",
                "&gt;",
                "<br><hr>Copied Text: <br>",
                "logins",
                "IE/Edge",
                "2F1A6504-0641-44CF-8BB5-3612D865F2E5",
                "Windows Secure Note",
                "3CCD5499-87A8-4B10-A215-608888DD3B55",
                "Windows Web Password Credential",
                "154E23D0-C644-4E6F-8CE6-5069272F999F",
                "Windows Credential Picker Protector",
                "4BF4C442-9B8A-41A0-B380-DD4A704DDB28",
                "Web Credentials",
                "77BC582B-F0A6-4E15-4E80-61736B6F3B29",
                "Windows Credentials",
                "E69D7838-91B5-4FC9-89D5-230D4D4CC2BC",
                "Windows Domain Certificate Credential",
                "3E0E35BE-1B77-43E7-B873-AED901B6275B",
                "Windows Domain Password Credential",
                "3C886FF3-2669-4AA2-A8FB-3F6759A77548",
                "Windows Extended Credential",
                "00000000-0000-0000-0000-000000000000",
                "UC Browser",
                "UCBrowser\\",
                "Login Data",
                "journal",
                "wow_logins",
                "Safari for Windows",
                "\\Common Files\\Apple\\Apple Application Support\\plutil.exe",
                "\\Apple Computer\\Preferences\\keychain.plist",
                "<string>",
                "</string>",
                "<data>",
                "</data>",
                "<array>",
                "<dict>",
                " -convert xml1 -s -o \"",
                "\\fixed_keychain.xml\" ",
                "\\Microsoft\\Credentials\\",
                "\\Microsoft\\Protect\\",
                "credential",
                "QQ Browser",
                "\\EncryptedStorage",
                "\\Default\\EncryptedStorage",
                "Profile",
                "Tencent\\QQBrowser\\User Data",
                "entries",
                "category",
                "Password",
                "str3",
                "str2",
                "blob0",
                "password_value",
                "IncrediMail",
                "SmtpPassword",
                "PopPassword",
                "Software\\IncrediMail\\Identities\\",
                "\\Accounts_New",
                "SmtpServer",
                "EmailAddress",
                "Eudora",
                "Software\\Qualcomm\\Eudora\\CommandLine\\",
                "current",
                "Settings",
                "SavePasswordText",
                "ReturnAddress",
                "Falkon Browser",
                "profiles.ini",
                "startProfile=([A-z0-9\\/\\.\\\"]+)",
                "\\browsedata.db",
                "autofill",
                "\\falkon\\profiles\\",
                "ClawsMail",
                "\\Claws-mail",
                "\\clawsrc",
                "passkey0",
                "master_passphrase_salt=(.+)",
                "master_passphrase_pbkdf2_rounds=(.+)",
                "\\accountrc",
                "smtp_server",
                "address",
                "account",
                "\\passwordstorerc",
                "{(.*),(.*)}(.*)",
                "Flock Browser",
                "APPDATA",
                "\\Flock\\Browser\\",
                "signons3.txt",
                "DynDns",
                "username=",
                "password=",
                "https://account.dyn.com/",
                "ALLUSERSPROFILE",
                "Dyn\\Updater\\config.dyndns",
                "t6KzXhCh",
                "Dyn\\Updater\\daemon.cfg",
                "global",
                "accounts",
                "account.",
                "username",
                "password",
                "Psi/Psi+",
                "name",
                "\\accounts.xml",
                "\\Psi+\\profiles",
                "\\Psi\\profiles",
                "OpenVPN",
                "Software\\OpenVPN-GUI\\configs",
                "Software\\OpenVPN-GUI\\configs\\",
                "auth-data",
                "entropy",
                "remote ",
                "USERPROFILE",
                "\\OpenVPN\\config\\",
                "NordVPN",
                "NordVpn.exe*",
                "user.config",
                "//setting[@name='Username']/value",
                "//setting[@name='Password']/value",
                "Private Internet Access",
                "\\account.json",
                ".*\"username\":\"(.*?)\"",
                ".*\"password\":\"(.*?)\"",
                "privateinternetaccess.com",
                "%ProgramW6432%",
                "Private Internet Access\\data",
                "ProgramFiles(x86)",
                "\\Private Internet Access\\data",
                "FileZilla",
                "\\FileZilla\\recentservers.xml",
                "<Server>",
                "<Host>",
                "</Host>",
                "<Port>",
                "</Port>",
                "<User>",
                "</User>",
                "<Pass encoding=\"base64\">",
                "</Pass>",
                "<Pass>",
                "CoreFTP",
                "SOFTWARE\\FTPWare\\COREFTP\\Sites",
                "User",
                "Host",
                "Port",
                "hdfzpysvpzimorhk",
                "WinSCP",
                "SOFTWARE\\Martin Prikryl\\WinSCP 2\\Sessions",
                "HostName",
                "UserName",
                "PublicKeyFile",
                "PortNumber",
                "[PRIVATE KEY LOCATION: \"{0}\"]",
                "ABCDEF",
                "Flash FXP",
                "port",
                "user",
                "Sites.dat",
                "\\FlashFXP\\",
                "quick.dat",
                "yA36zA48dEhfrvghGRg57h5UlDv3",
                "FTP Navigator",
                "Server",
                "SystemDrive",
                "\\FTP Navigator\\Ftplist.txt",
                "No Password",
                "SmartFTP",
                "SmartFTP\\Client 2.0\\Favorites\\Quick Connect",
                "WS_FTP",
                "Ipswitch\\WS_FTP\\Sites\\ws_ftp.ini",
                "HOST",
                "PWD=",
                "FtpCommander",
                "\\VirtualStore\\Program Files (x86)\\FTP Commander Deluxe\\Ftplist.txt",
                "\\cftp\\Ftplist.txt",
                "\\Program Files (x86)\\FTP Commander\\Ftplist.txt",
                ";Port=",
                ";Password=",
                ";Server=",
                "\\VirtualStore\\Program Files (x86)\\FTP Commander\\Ftplist.txt",
                ";User=",
                ";Anonymous=",
                "\\Program Files (x86)\\FTP Commander Deluxe\\Ftplist.txt",
                "FTPGetter",
                "\\FTPGetter\\servers.xml",
                "<server>",
                "<server_ip>",
                "</server_ip>",
                "<server_port>",
                "</server_port>",
                "<server_user_name>",
                "</server_user_name>",
                "<server_user_password>",
                "</server_user_password>",
                "The Bat!",
                "\\The Bat!",
                "\\Account.CFN",
                "=-=-=-=-=-=-=-=-=-=-=-=-=-=-=-=-=-=-=-=-=-=-=-=-=-=-=-=-=-=-=-=-=-=-=-=-=-=-=-=",
                "+-0123456789ABCDEFGHIJKLMNOPQRSTUVWXYZabcdefghijklmnopqrstuvwxyz",
                "Becky!",
                "\\Mailbox.ini",
                "Account",
                "PassWd",
                "SMTPServer",
                "MailAddress",
                "HKEY_CURRENT_USER\\Software\\RimArts\\B2\\Settings",
                "DataDir",
                "Folder.lst",
                "Outlook",
                "9375CFF0413111d3B88A00104B2A6676",
                "Software\\Microsoft\\Office\\11.0\\Outlook\\Profiles",
                "Software\\Microsoft\\Office\\12.0\\Outlook\\Profiles",
                "Software\\Microsoft\\Office\\14.0\\Outlook\\Profiles",
                "Software\\Microsoft\\Office\\15.0\\Outlook\\Profiles",
                "Software\\Microsoft\\Windows NT\\CurrentVersion\\Windows Messaging Subsystem\\Profiles",
                "Software\\Microsoft\\Windows Messaging Subsystem\\Profiles\\9375CFF0413111d3B88A00104B2A6676",
                "Software\\Microsoft\\Office\\16.0\\Outlook\\Profiles",
                "Email",
                "IMAP Password",
                "POP3 Password",
                "HTTP Password",
                "SMTP Password",
                " Server",
                "Windows Mail App",
                "Software\\Microsoft\\ActiveSync\\Partners",
                "syncpassword",
                "mailoutgoing",
                "COMPlus_legacyCorruptedStateExceptionsPolicy",
                "FoxMail",
                "HKEY_CURRENT_USER\\Software\\Aerofox\\FoxmailPreview",
                "Executable",
                "HKEY_CURRENT_USER\\Software\\Aerofox\\Foxmail\\V3.1",
                "FoxmailPath",
                "\\Storage\\",
                "\\mail",
                "\\VirtualStore\\Program Files\\Foxmail\\mail",
                "\\VirtualStore\\Program Files (x86)\\Foxmail\\mail",
                "\\Accounts\\Account.rec0",
                "\\Account.stg",
                "POP3Host",
                "SMTPHost",
                "IncomingServer",
                "POP3Password",
                "Opera Mail",
                "\\Opera Mail\\Opera Mail\\wand.dat",
                "opera:",
                "defg",
                "ijklmno",
                "pqrs",
                "vwxyz1234567890_-.~!@#$%^&*()[{]}\\|';:,<>/?+=",
                "PocoMail",
                "\\Pocomail\\accounts.ini",
                "POPPass",
                "SMTPPass",
                "SMTP",
                "eM Client",
                "Accounts",
                "\"Username\":\"",
                "\"Secret\":\"",
                "72905C47-F4FD-4CF7-A489-4E8121A155BD",
                "\"ProviderName\":\"",
                "eM Client\\accounts.dat",
                "o6806642kbM7c5",
                "Mailbird",
                "SenderIdentities",
                "Server_Host",
                "Username",
                "EncryptedPassword",
                "\\Mailbird\\Store\\Store.db",
                "RealVNC 3.x",
                "Software\\ORL\\WinVNC3",
                "RealVNC 4.x",
                "SOFTWARE\\Wow6432Node\\RealVNC\\WinVNC4",
                "SOFTWARE\\RealVNC\\WinVNC4",
                "SOFTWARE\\RealVNC\\vncserver",
                "TightVNC ControlPassword",
                "Software\\TightVNC\\Server",
                "ControlPassword",
                "TightVNC",
                "PasswordViewOnly",
                "TigerVNC",
                "Software\\TigerVNC\\Server",
                "UltraVNC",
                "\\uvnc bvba\\UltraVNC\\ultravnc.ini",
                "passwd",
                "passwd2",
                "ProgramFiles",
                "\\UltraVNC\\ultravnc.ini",
                "JDownloader 2.0",
                "JDownloader 2.0\\cfg",
                "org.jdownloader.settings.AccountSettings.accounts.ejs",
                "jd.controlling.authentication.AuthenticationControllerSettings.list.ejs",
                "Paltalk",
                "Software\\A.V.M.\\Paltalk NG\\common_settings\\core\\users\\creds\\",
                "nickname",
                "paltalk.com",
                "Pidgin",
                "\\.purple\\accounts.xml",
                "<account>",
                "<protocol>",
                "</protocol>",
                "<name>",
                "</name>",
                "<password>",
                "</password>",
                "Trillian",
                "\\Trillian\\users\\global\\accounts.dat",
                "trillian.im",
                "MysqlWorkbench",
                "\\MySQL\\Workbench\\workbench_user_data.dat",
                "Internet Downloader Manager",
                "Software\\DownloadManager\\Passwords\\",
                "EncPassword",
                "Discord",
                "discord.com",
                "Discord Token",
                "[\\w-]{24}\\.[\\w-]{6}\\.[\\w-]{27}",
                "mfa\\.[\\w-]{84}",
                "*.ldb",
                "Local Storage\\leveldb",
                "*.log",
                "discordptb",
                "discordcanary",
                "origin_url",
                "username_value",
                "Opera Stable",
                "\\Local State",
                "\"encrypted_key\":\"(.*?)\"",
                "\\Login Data",
                "\\Default\\Login Data",
                "key4.db",
                "metaData",
                "item1",
                "item2",
                "nssPrivate",
                "a102",
                "2a864886f70d0209",
                "2a864886f70d010c050103",
                "key3.db",
                "global-salt",
                "Version",
                "password-check",
                "Path=([A-z0-9\\/\\.\\-]+)",
                "oauth",
                "[^\\u0020-\\u007F]",
                "\\\"(hostname|encryptedPassword|encryptedUsername)\":\"(.*?)\"",
                "logins.json",
                "signons.sqlite",
                "moz_logins",
                "hostname",
                "encryptedUsername",
                "encryptedPassword",
                "Host: ",
                "Password: ",
                "Username: ",
                "Application: ",
                "<br>Application: ",
                "<br>Username: ",
                "<br><hr>",
                "<br>Password: ",
                "IceDragon",
                "\\Comodo\\IceDragon\\",
                "Chrome",
                "Google\\Chrome\\User Data",
                "Uran",
                "uCozMedia\\Uran\\User Data",
                "Epic Privacy",
                "Epic Privacy Browser\\User Data",
                "7Star",
                "7Star\\7Star\\User Data",
                "Elements Browser",
                "Elements Browser\\User Data",
                "360 Browser",
                "360Chrome\\Chrome\\User Data",
                "Thunderbird",
                "\\Thunderbird\\",
                "WaterFox",
                "\\Waterfox\\",
                "Firefox",
                "\\Mozilla\\Firefox\\",
                "CyberFox",
                "\\8pecxstudios\\Cyberfox\\",
                "Orbitum",
                "Orbitum\\User Data",
                "IceCat",
                "\\Mozilla\\icecat\\",
                "Comodo Dragon",
                "Comodo\\Dragon\\User Data",
                "CentBrowser",
                "CentBrowser\\User Data",
                "SeaMonkey",
                "\\Mozilla\\SeaMonkey\\",
                "Chedot",
                "Chedot\\User Data",
                "Brave",
                "BraveSoftware\\Brave-Browser\\User Data",
                "Cool Novo",
                "MapleStudio\\ChromePlus\\User Data",
                "Yandex Browser",
                "Yandex\\YandexBrowser\\User Data",
                "Vivaldi",
                "Vivaldi\\User Data",
                "Chromium",
                "Chromium\\User Data",
                "Sleipnir 6",
                "Fenrir Inc\\Sleipnir5\\setting\\modules\\ChromiumViewer",
                "Edge Chromium",
                "Microsoft\\Edge\\User Data",
                "Opera Browser",
                "Opera Software\\Opera Stable",
                "Liebao Browser",
                "liebao\\User Data",
                "Coowon",
                "Coowon\\Coowon\\User Data",
                "BlackHawk",
                "\\NETGATE Technologies\\BlackHawk\\",
                "Iridium Browser",
                "Iridium\\User Data",
                "K-Meleon",
                "\\K-Meleon\\",
                "Postbox",
                "\\Postbox\\",
                "QIP Surf",
                "QIP Surf\\User Data",
                "Sputnik",
                "Sputnik\\Sputnik\\User Data",
                "Citrio",
                "CatalinaGroup\\Citrio\\User Data",
                "Kometa",
                "Kometa\\User Data",
                "Flock",
                "Amigo",
                "Amigo\\User Data",
                "Coccoc",
                "CocCoc\\Browser\\User Data",
                "Torch Browser",
                "Torch\\User Data",
                "PaleMoon",
                "\\Moonchild Productions\\Pale Moon\\",
                "00061561",
                "Berkelet DB",
                "00000002",
                " 1.85 (Hash, version 2, native byte-order)",
                "Unknow database format",
                "SQLite format 3",
                "table",
                "UNIQUE",
                "global-messages-db.sqlite",
                "identities",
                "INTEGER ",
                "OCTETSTRING ",
                "{0:X2}",
                "SEQUENCE {",
                "OBJECTIDENTIFIER ",
                "Windows Credential",
                "chrome",
                "blob",
                "{{{0}}}",
                "policy",
                "sha512",
                "ObjectLength",
                "ChainingModeGCM",
                "AuthTagLength",
                "ChainingMode",
                "KeyDataBlob",
                "Microsoft Primitive Provider",
                ":Zone.Identifier",
                "SELECT * FROM Win32_Processor",
                ".tmp",
                "None",
                "win32_processor",
                "processorID",
                "cbc6f689-e9e0-4432-be54-70f86e21e45b",
                "Win32_NetworkAdapterConfiguration",
                "IPEnabled",
                "MacAddress",
                "ff05d820-8fae-46bd-9d51-8e782adc15ad",
                "Win32_BaseBoard",
                "SerialNumber",
                "3eeb69a3-580b-40f0-94e6-e3f2060e1ed3",
                "STOR",
                "{0}:",
                "Version: 0x{0:X}",
                "StorageSize: {0} (0x{0:X})",
                "FormatID: {0}",
                "Size of the SerializedPropertyStore is less than {0} ({1})",
                "Size of the SerializedPropertyStorage is less than 28 ({0})",
                "{D5CDD505-2E9C-101B-9397-08002B2CF9AE}",
                "Version is not equal to {0} ({1})",
                "Value: {0}",
                "Type: {0}",
                "NameSize: {0} (0x{0:X})",
                "Name: {0}",
                "ValueSize: {0} (0x{0:X})",
                "Size of the StringName is not equal to {0} ({1})",
                "Size of the StringName is less than 9 ({0})",
                "Size of the NameSize is not equal to {0} ({1})",
                "ID: 0x{0:X}",
                "Size of the SerializedPropertyStore is less than 8 ({0})",
                "StoreSize: {0} (0x{0X})",
                "\\Device\\LanmanRedirector\\",
                "Failed to retrieve system handle information.",
                "VS_VERSION_INFO",
                "VarFileInfo",
                "Translation",
                "StringFileInfo",
                "000004b0",
                "FileDescription",
                "FileVersion",
                "InternalName",
                "3c32984b-4420-4062-a51d-b2be2ffce299.exe",
                "LegalCopyright",
                "OriginalFilename",
                "ProductVersion",
                "Assembly Version"
            ]
        }
    ]
}