{
    "malware_data": [
        {
            "filename": "7e27dd01bf2a1d8c2cfb8b5e19b9d2ceb9e2fbfc5bb7a65eb1a487b42a1c256c.elf",
            "filetype": "7F454C46",
            "filesize": "40KB",
            "hash_sha256": "7e27dd01bf2a1d8c2cfb8b5e19b9d2ceb9e2fbfc5bb7a65eb1a487b42a1c256c",
            "strings": [
                "HFu8sfga",
                "M (40",
                "8M@H4P",
                "XM`h5p",
                "{k+[m",
                "Ow.8",
                "3*,wk",
                "K 9+",
                "[K0m",
                "3s|o",
                "* %'[##",
                "3%'j",
                "#v(@",
                "kc'[/",
                "#WxH",
                ":+{S",
                "#C'=G",
                "?3SO{",
                "yuoqn",
                "\",=#",
                "n{~s",
                "QPst",
                "/4}'",
                "CpZ>",
                "C#C/",
                "G42O",
                "NG;c",
                "OPg[",
                "k [o",
                "{= s",
                "`Q&?X",
                "*4C%",
                "cc01W",
                "XQ'a_",
                "wHA{Kc",
                "`c/+",
                "WY^K@",
                "4g%X",
                "/'e#",
                ";U?+",
                "@g#Kn",
                "1]{bP",
                "7@W3",
                "bUc`",
                "<w-r7",
                "3/'v",
                "s[GEZ",
                "o+sn",
                "fgW*~_@",
                "as<{",
                "7'\"A",
                "Ci1|}",
                "!1w\"",
                "jb5c",
                "h`m5<",
                "KcG (",
                "}mu@",
                "7C\\0",
                "%(n07",
                "\\{8UH",
                "`t!t",
                "k0O4",
                "k0<K@Ys",
                "Yqq4n",
                "k;@7!",
                "=/VG",
                "J3h[",
                "0//_",
                "<#>C+",
                "~s'$",
                " zC(@",
                "|;;7",
                "G*Gp'",
                "x7$@[p",
                "C\\Aw",
                "/+{3",
                ":<_Pu",
                ",c{v\"",
                "nX0w",
                "^o>sXHd",
                "4 '#",
                "dX_2`",
                "G,>o>",
                "[p<\"",
                "h`tk37",
                "o43?c",
                "W%Eo",
                " ng@",
                "0GQ?",
                "Kn2S",
                "`67\"",
                "p3t[",
                "C\\DG",
                ";COD",
                "#1sQ",
                "T|7@",
                " FKKW",
                ";'g8",
                "Ep/4",
                "+ol7",
                ")/0{",
                "$_E\\/",
                "'u? ",
                "/:_0/",
                "?.cB*",
                "*+5s",
                "87vD",
                "/]o n",
                "r6c`P(?",
                ",_a0",
                " ,0}/^0?",
                "Xcr,!",
                ">;,\"",
                "U`(S#",
                "qgK3",
                ":K?9OC1",
                "0|/R\\o",
                "/ZVo",
                "gk bw",
                "A@BW,",
                "F2m,",
                "jiif",
                "cbia",
                "].3t",
                "ZDYL",
                "UTiS",
                "M3241^w",
                "-4,xS",
                "dpW{",
                "#(aK",
                "B[h$wT",
                ":g7?",
                "H|[ ",
                "1kU3",
                "3|#pTuC",
                "CPp\"",
                "AYoc'",
                "c.p*",
                "4rU(",
                "L'=7B",
                "A0Su",
                "\")S`@@K-",
                "WCAQp",
                "!hg!",
                "+W[*",
                "suI.",
                "'16[",
                "xSS`",
                "c%V+`",
                "`R7b",
                "Duk0",
                "{9CE3",
                "$C(0",
                "!/`}",
                "CshX`O",
                "D'6C",
                "hRKhp",
                "F?=00",
                "Q!sSc",
                "./QHK",
                "Qt3\\@8",
                "*]w`FQ",
                "ct+4",
                ",1/~",
                "wQbg",
                "o\")o",
                "w/w%",
                "3/wAp+",
                "=#N+%Cl",
                "H{(x",
                "0msb",
                "2Af_",
                "A7a/",
                "*-59",
                "02=k",
                ",@bw",
                "1_`9",
                "vgT1",
                "PoALs",
                "3P$s@ +;",
                ",'4^[",
                "89?4#",
                "A6S ",
                "+`)kPR",
                ".C{S",
                "vU3k",
                " @({pO",
                "1A$S",
                "33Ufo",
                "'lMS",
                ")ww*",
                "P<kU",
                "EGQ<7",
                "lO>{",
                "{P5700",
                "gQ;g+",
                "{kwu",
                "B#-C",
                ".+F[;0",
                "pE+;",
                "KgUv[",
                "C^[.",
                "mS4`S",
                " _` E",
                "01fo",
                "\\Vgb",
                "gQCS",
                "B7h]",
                "/w['",
                "?G`V",
                "p_-Ab",
                "%T]'\\",
                "DM\\T4",
                "S7+1",
                "<KfG",
                "#;9 ",
                "TMLD$",
                "~wR!",
                "a Ox",
                "0^@c",
                "\\DsE",
                "V{wD",
                "FW7R",
                "OOC\\p",
                "'&WS",
                "7iX{",
                "H|]<",
                "$Q2?",
                "PoT ",
                "l_1;O",
                "@@\"c",
                "(!W1",
                "PtM#v",
                " eKV#",
                "MOVO",
                "/xe6+",
                "p3j7",
                "7`DE",
                "j6I+",
                "'!Et3",
                "K^/ 9+",
                "5G8\"",
                "[!Cd",
                "#/+\"",
                "+1;`7",
                "p G3",
                "CKRY7",
                "zs48_jg",
                "D-_7h",
                "!{a[",
                "=r[W3",
                "3-M{",
                "8Fg6",
                "SA-'d",
                "Vwo3aG",
                "w;x;",
                "}Wcm} ",
                "sGsE",
                "+<9'S'7",
                "gQk#w",
                "obnU",
                "+_kpzs",
                "`hkV",
                "#P?D",
                "?X~ ",
                "0DXW\"(L",
                "DS/ ",
                "81H;",
                "H[<l",
                "6a'\"",
                ",4g[",
                "\"X[R",
                "TOs ",
                "{dK<",
                "#Sv'",
                "h\"*f",
                "q0}G",
                "P*F#",
                ";g`B|'|",
                "[ZHOl",
                "#KtL",
                "+wtt",
                "_JuwP",
                "h{:gL",
                "`F D2",
                "g3`W",
                "\"f?O= ",
                "[31K1",
                "gg#M",
                "'gTs",
                " EKUb",
                ")C\\g",
                "Hs?k",
                "W7o ",
                "/>Cy",
                "Tqk7",
                "T\"<G",
                "W/U0",
                "@r{E",
                "3SzKC+x[",
                "ci@3",
                "{(p;^",
                "$W@J;",
                "L0/X/",
                "A2'(",
                ";''v`",
                "(. ?_f",
                "GK57",
                "(3pC",
                "[8lf",
                "G H_",
                "4wKK",
                "+d{b)",
                "kACX",
                "*/'G?-;",
                "+#/;-",
                "12j3",
                "#tQG",
                "VWiX",
                "fd/0",
                "resolv.c",
                "botpkt] ",
                "Committi",
                "ng Suicim7",
                "Kill",
                " runn",
                "acks!",
                "ERROR",
                "able to winec",
                "sendH",
                "zed ",
                "var/S",
                "hdog",
                "01234",
                "56789[#c",
                "s-wt",
                "r'sy",
                "tem)",
                "'pnu",
                "hlLjztq",
                "fFeEgGa",
                "ACScs",
                " +0-#'",
                "Unknow",
                "s\"`hV+",
                "Y5?t",
                "up5 Y|",
                "Vadd",
                "rDAr",
                "n'ma",
                "ript",
                "nurcu",
                "k2\\['m+",
                "vedp,",
                "ruxbuT",
                "oGl-A",
                "Xlvb",
                "Zpas",
                "on5pI",
                "2bVh",
                "b]%s",
                "qvvdCh9",
                "bera",
                " 2~Ze",
                "`NMP",
                "c)vchW,",
                "/ksc",
                "vod1Wc`",
                "h[-Aw",
                "[tRFS",
                "=Nam",
                "25X$].",
                ".hDM",
                "XK)s",
                "lM'ie",
                "8h1Pwa",
                "p=Y(!TC<ady",
                "n>wn",
                "Ichb",
                "h4^sped",
                "xZ$8/6",
                "/?ffe",
                "q-js",
                "v: cB",
                "Host",
                "Vrp'/",
                "%/oENFS",
                "qre ",
                "O8M2",
                "M $4(",
                "MHL4P",
                "TMX\\4`",
                "dMhl4p",
                "tMx|5",
                "DMHL4P",
                "TMX\\5`",
                "hlip",
                "(,i0",
                "8<i@",
                "HLiP",
                "X\\i`",
                ",0i4",
                "HMLP4T",
                "XM\\`4d",
                "CAk[S",
                " <w4b",
                "4.002021",
                "/proc/self/exe",
                "/proc",
                "/self/ex",
                "0\\MSA",
                "lSrn",
                "CUPX!",
                "40CZ",
                "Wm?U",
                "! 9+",
                "Pdoc^",
                "`4n'",
                "4kScO",
                "hC`g",
                "w;@bQ",
                "4`\\s",
                "/4&'}",
                "<4'82/V",
                "GCC: (G",
                "NU) 3.",
                "2 200",
                "ian pre",
                "leas",
                ".shst",
                "inito",
                "tex5f",
                "roda",
                "eh_fra",
                "me3b",
                "wgoU3Mc,c",
                "om9n",
                "{ibuzvs",
                "0'=p",
                "7`'v;O",
                "Ch 3",
                "eOvs",
                "sfga"
            ]
        }
    ]
}