{
    "malware_data": [
        {
            "filename": "7caed28559989416f8b853ae4b5e5604ef41077e711f61e5f10a2f5ec9ff9632.elf",
            "filetype": "7F454C46",
            "filesize": "29KB",
            "hash_sha256": "7caed28559989416f8b853ae4b5e5604ef41077e711f61e5f10a2f5ec9ff9632",
            "strings": [
                "UPX!H",
                "^624",
                "@AS0",
                "pik,",
                "viwQ6L@",
                "SV)*",
                "iy8+",
                "rG:D8gY[",
                "i]Ym}B",
                "=><Ua",
                "-2QMN",
                "\\$(#kR",
                "BY3?",
                "=y{?>",
                "u)JB",
                "eC l",
                "w|uO",
                "\\(6I",
                "uakB",
                "%`i@",
                "b*Fb",
                ";!?cp:",
                "(tL)",
                ",E\"]",
                "0B`}",
                "h*PG^Z",
                ",SU.",
                "UMXF",
                "y{@,",
                "XGt~O",
                "ZCmGX",
                "kV 7P",
                "o\\^_",
                "=>rk",
                "dtHr",
                ").w1y",
                "&rSI[",
                "(W-O2",
                " 2NJ41x",
                "]v !",
                ".vi`d",
                "x&we:",
                "XL5P",
                "@}t*I",
                "33s'_G]",
                "*&iJm3>Q",
                "h@}L",
                "IZ(us",
                "E)a/",
                "Vi2=",
                "M{=Y",
                "3sUF",
                "weK6",
                "dZjI",
                "F$mf",
                ")%yj",
                "E%2g",
                "~31=R",
                "'om/",
                "oFOOZ",
                "50<7",
                "g^hN.",
                "<aC}",
                "F\\o3",
                ";0I\"",
                "C[PY",
                "L5Pm",
                "}eOg",
                "GOc.",
                "F32R",
                "\"Wgg",
                "?\\x~~",
                "!mH`",
                "?Bf$",
                "/E>C",
                "nidG",
                "HUA]*",
                "_^]i ",
                "ok|@",
                "Ck@<",
                "\"k5d+'",
                "5[O'6",
                "E02Y?",
                "pzW$s",
                "zM:i",
                "$L~6",
                "3D98*",
                "W:lW",
                "|U8|",
                "%vFE",
                "F^$s#/",
                "p _~",
                "j,zhOf",
                "\"n&*+",
                "/e)/Ukt",
                "s?2u",
                "p|a]",
                ";#nq",
                ">#th]G",
                "(^wS",
                "K\\+bP",
                "Mkj-L",
                "D=Rq",
                "-YuZ`",
                "kt_U",
                "|?7v",
                "(]>PB_u",
                "CA80",
                "'N^$",
                "l)[d4",
                "0.% N0",
                "'J}>W",
                "FhU^5",
                ";C L",
                "J}u)[\"q",
                "U\"SA=VT/",
                "4HWz",
                "YH}I",
                "YG]U",
                "ntiQbMZ",
                "btgKI5pwn~",
                "EW H",
                "]3UAY",
                "iq^N",
                "MDY3",
                "%KGK",
                "UI,7j",
                "jXc;",
                "X3B}.",
                "F6bY",
                "xdj[",
                "j1fs",
                "#VS+",
                "0Dn>",
                "< rg",
                "3zK5B2Y",
                "LB(]",
                "^!7{!g",
                "~`o6(",
                ",>*7",
                "7^uBB",
                ";1@r",
                "iBjT",
                ":D%-E",
                "('Te",
                "t5uWe",
                "tCsM",
                "<jRH**",
                "2dt{o",
                "em:N",
                "uQd ",
                "UE_q",
                "(QfWq",
                "9R%'",
                "!Xo.",
                "pD[|",
                "9-#Mt",
                "..@B",
                ".At!",
                "@[tz",
                "P`K,E",
                "\\-J[",
                "3?=z:6Q@",
                "{Rab",
                "A+Zk",
                "N/Zz",
                "N*D9",
                ",Ydgj",
                "65i7",
                "E&fS",
                "bIpe",
                "zU,a_d}",
                "GXGlJ",
                "zclnX",
                "7g713",
                "N^ypx",
                "9oQ.m",
                "^xg1B",
                "`u.d",
                ">e{#",
                "@)3,",
                "Ch]1F",
                "jtGc",
                "ml8L",
                "U(Xc",
                "J |=`",
                "ws^PtS",
                "[bYRm",
                "WZuX",
                "eea)",
                "=y4K",
                "c`_*",
                "Hk!jq5P",
                "64\\r",
                "MnBYfZ",
                "r%$=-",
                "QcDl6",
                "}ftG",
                "j.?Qd",
                "&J0J",
                "?i%H",
                "V+tL",
                ">N:#pU<X@",
                "4yGl",
                "Kz-W",
                "wdz&",
                "WH^o",
                "yaMy",
                "\\-#O",
                "L\\P,",
                "(AZu=",
                "//m[",
                "\\e$cb",
                "m{!*~!O#/",
                "Ch|r",
                "nyeS",
                "}Xmxc",
                "l1:I",
                "YJ,X",
                ".}Xjp",
                "[TU4",
                "+@+c",
                "D#AdXu",
                "`'N<",
                "3fiY>8P%p",
                "fIy&t",
                "*?!z",
                "S`\\byO",
                "Qa8+",
                "f^nH",
                ")VB;3",
                "\"4Q}Jc",
                ":sUw",
                "K;yG#",
                "A;$)R",
                "r \\h",
                "v`T!",
                "$(:&",
                "\\*\"99",
                "S9vmKC&",
                "<l-h",
                " ;^cQU~",
                "0(4P",
                "wA0bv",
                "Ks*rv",
                "\\7G/SUr5",
                "v(2V",
                "4w5t",
                "2{v5",
                "6'8j",
                "Ft+Y",
                "fE$K",
                "(dR|",
                "n.90si",
                "I)X7",
                "4gNV",
                ")5g%",
                ";8ze",
                "Dft:2I",
                "~mU|@Q#",
                "hKe2C",
                "8d/%",
                "N0U<",
                "<I#TU",
                "6Ihu",
                "x 9A",
                "e-t9z",
                ";s)C",
                ",4{W%>",
                "!a_O",
                "vP8^",
                "n47N",
                "1/c#",
                "fru<m",
                "c=4s",
                ")#eb3",
                "[z(G",
                "zi%k5",
                "|<\"l",
                "iav%G",
                "[$1j8nrD{",
                "'lCY",
                "V_=A~",
                "\\d{Y",
                "S`fP",
                "USQRH",
                "PAWH",
                "AUE1",
                "ATUSH",
                "D;|$",
                "Hc\\$",
                "Hcl$",
                "sOA)",
                "HcD$",
                "[]A\\A]A^A_H",
                "PROT_EXEC|PROT_WRITE failed.",
                "$Info: This file is packed with the UPX executable packer http://upx.sf.net $",
                "$Id: UPX 3.94 Copyright (C) 1996-2017 the UPX Team. All Rights Reserved. $",
                "_j<X",
                "j2AZE)",
                "&C29",
                "FE`nr",
                "I=.R",
                "W>6U",
                "=/2t",
                "vY:@",
                "B4[{",
                "$m=e",
                "\"i%E",
                "|Yc7|",
                "oPuK%",
                "e>kR",
                "xnH0Na",
                "8@d<e",
                "51oC",
                "A;gU",
                "lB-2",
                "x`//",
                "UPX!"
            ]
        }
    ]
}