{
    "malware_data": [
        {
            "filename": "75f6172c7ebe95e418db8a0cd444e2e6056c3fca118c140693ed8b8ffae607ea.elf",
            "filetype": "7F454C46",
            "filesize": "31KB",
            "hash_sha256": "75f6172c7ebe95e418db8a0cd444e2e6056c3fca118c140693ed8b8ffae607ea",
            "strings": [
                "XEUPX!",
                "&$U*T",
                "PTRh",
                "QVhp",
                "WVSC",
                "bC(j",
                "Cj&s",
                "@;%u",
                "L$$Q",
                "P; t",
                "'4+<m",
                "wlmD",
                "](l@",
                "1t#r",
                "g6,P",
                "g^(tI",
                "]xom",
                "#(j@j",
                "445kM",
                "18@2",
                "mwk]",
                "4fT6",
                ")FA0",
                "X04C",
                "9\\u.",
                "{:VVC",
                "SPgn%",
                ")&EG",
                "t2^H",
                "EGl%",
                "_\\[8h",
                "LPg}\\QU",
                "h:2Qx",
                "%rPSzCs|",
                "tS{j",
                "7I7NH",
                "0bn{",
                "^U:#",
                " SGI",
                "I.S$SrvY",
                "PSDS",
                "[0P4g",
                ":dH,S2",
                "yB6'",
                "PPL$ F",
                "qX?s",
                "}!]B",
                "'*PS",
                "SL00*",
                "W~n,Tf",
                "2,G.]I",
                "4[QQXZ",
                " KPEUE`",
                "3X8Y",
                "p004",
                "?|am",
                "(FPX",
                "RwL@",
                "Fdl%",
                "l4/f_",
                "=\\F[",
                "43!#",
                "Ode8",
                "_M3H3\\h^",
                "FERRU,",
                "UQqU0",
                "]rvY",
                "HbwP",
                "22H8|",
                "5KN.",
                "\"2!8d3",
                "rF.D",
                "tgBd",
                "rVC`",
                "'~|VF",
                "<JaX\\2 ",
                " <\\rrI",
                "O|jL",
                ",.8;",
                "F-H<K^",
                "TT43",
                "s\")U",
                "p_XC",
                "EXZh",
                "HRVOW",
                "QGl&",
                " FfH",
                "''''$",
                "E[X%6",
                "(rraP",
                "%&AL",
                "+Y`w",
                "SSf9",
                "I\"tQ",
                "l(R (",
                "gSd0",
                "5Sf6",
                "p1dS",
                ":uE\\9 ",
                "t1dB",
                "h<]&",
                "BBM:",
                "ZH_X",
                "msC*",
                "&%ouq+",
                "`B<A",
                "-l#c ",
                "B0UU",
                ">yXZ",
                "Z '&",
                "htw*zVP",
                "^y#]",
                "8JQW",
                "tPW-",
                "4zlC",
                "hAc]ITq",
                "SQ?LA",
                "Hn<QXPRP#Q",
                "<VRt$ ",
                "t:UU`S",
                "jD\"_",
                "3c@D#",
                ";q(PPI32",
                "W<T8#",
                "{n$t",
                "y6;t",
                "q NI",
                "P\"?,\"K.",
                "'(Tu",
                "`8] (\"\\",
                "*rXY",
                "~'0b",
                "Au Y6",
                "\\^]e",
                "=]X;",
                "#PZc",
                "ZYXIN",
                "Y[XZ",
                "Y GY",
                ",2 }|P[0",
                "]x^Z",
                "/pAt^B",
                "N{YG\"{",
                "UY^ ",
                " T'|5",
                "Z,!q",
                "dW1b",
                "MA0a",
                "2t[Kl",
                "lE(,HI",
                "._FE",
                ",9<Q;R",
                "D~.{vcdw",
                "/prof",
                "Yexe",
                "-Z\\?",
                ">ct#",
                ";$X]",
                "I4\\X",
                "dKX<",
                "tV%k",
                "`t=Q",
                "\"t%]",
                "!:'d?",
                "],:h",
                "%ptt1_I",
                "@3CU",
                "5Bq5",
                "}~$h",
                "@mK ",
                "h0tjX.",
                "8|/%",
                "+sewb",
                "dcEQ>",
                "I{4EF",
                "/vuW",
                ",2RJ",
                "=_m]",
                "A~68,$",
                "q5B-t",
                "`cG S",
                "-\"At",
                "Fo*}S",
                "xk;l",
                "wet]",
                "$&Hu",
                ")M$4",
                "m(K%",
                "ZGG9<$u",
                "oo[R",
                "Uaa\\",
                "{QM]",
                " '[%[",
                "J'&*",
                "@Z%R",
                "Sqhh",
                ";F$#",
                "`UWj",
                "8A-T",
                "M?(Cy,~",
                ":Ps8V#",
                "Wp[M",
                "+u,[",
                "&#-{",
                "2$S7k",
                "UUVR",
                "#eH0",
                "v'<-u",
                "$t340",
                ":U{2",
                "u'!N6",
                "-Cxi",
                "v,2V",
                "^#G~",
                "m+Rq",
                "itP~N",
                "t@~>",
                "5A$k",
                "mXtE",
                "\\wp'",
                "<mtN",
                "P A?",
                "Lgnn",
                "H-BZ",
                "n~r=",
                "amiw",
                "@&x;",
                "fDyR",
                "R%VF",
                "#t4wo9",
                "4|X(",
                "&eUG",
                " :S*<",
                "cm%`+",
                "KhY+<",
                "8`wh",
                "cb9V",
                "T`'L",
                "4=!b",
                "WcD6",
                "*W W",
                "  W ",
                "@(D,H0",
                "dDHLQ",
                "@ E+",
                "%f;-",
                "5t,X",
                "Bul!",
                "+[Jb",
                "EzjO",
                "$d+L6F",
                "pW/<",
                "Qe6^",
                "<O43.U",
                "$4p ",
                "onFtu",
                "LA:d",
                "nX*E",
                "4YU;",
                "rz K7Nl",
                ".98< ",
                "bc1F",
                "nEl\"%",
                ";5=u8E",
                "raGGs",
                "T0Ir",
                "\"u/o",
                "r]pg",
                "\"+[kG",
                "Uws5",
                "v6s?",
                "QSER",
                ",t{+9kt",
                "@ _~",
                "(GFA",
                "yFFx!",
                "v]NF!",
                "lX4W\"-",
                "SSPQ)",
                "CxS *zK",
                "F~SW",
                "E=YXkh",
                "nTjuDvt",
                ";0:C",
                " <xu",
                "A\"wavc",
                "(<`v",
                "}/C;yw",
                "I.a)rg",
                " p\"h_p",
                ",cr`",
                "u%WWNc",
                "\":KBV{",
                "B1;A",
                "B&*m",
                "A[X[",
                "F6p1",
                "e@5]k",
                ":RAO",
                "jVa$",
                "6*|U",
                "\"BeM",
                ")5_1}",
                "P|\"BQo",
                "wIQC",
                "`SS:",
                "PUQo;D",
                "b[}S",
                "ul&a",
                "`zpv",
                "[\\$(",
                "[U2d",
                "0P!y",
                "(90V+{",
                "`5L]",
                ".$C ",
                ",4 8(@",
                "r%?%",
                "x@|d)",
                "BMqF",
                ")J#/",
                ",hQW",
                "a.:Z",
                "!><5,)",
                "Uc?x",
                "J(,sy",
                "J-*BT",
                "e<a(",
                "u*z(",
                "O8u?",
                "nWx#Z",
                "PB{f",
                "g;4~",
                "*ZA!.",
                "l]83",
                "Dd, ",
                "0DrGQX",
                "Mmn)} ",
                "]A4(",
                "7.u5AnA",
                "zZDR",
                "RLh-Z8`",
                "Jt%{",
                "#b iq",
                "GET / HTTP/1.1",
                "Host: %?",
                "User-A",
                "Conne",
                "ctioncl&e",
                "illa/5.0 (Windows NS6L; ",
                ") AppleWebKit",
                ",37.36/KwML, like G",
                "[ko&Chrome/6O\"32",
                "181 Safari6",
                "4c.pa",
                "b\\hMS",
                "IE 8",
                "SLCC",
                "}CLR 2k50727",
                "XboxGOpyE9.8",
                "L5ux i686",
                "Ubux",
                "d10.Pre",
                "388 V9s",
                "MacI.shFI",
                " OSx",
                "pXi8<",
                "FAST-",
                "Ow-c",
                "oGhttp://",
                "09+,",
                " Fi|f",
                "[PLAY",
                "ATION",
                "'824",
                "QHW)O",
                "t$OVMd",
                "m[zPLh",
                "bOW'",
                "5327843M",
                "Z=T8 N",
                "%m\\/j",
                "P1g(",
                "$+a:KK6E",
                "r40Cl",
                "BG*i",
                "RD>(42",
                "7M6t2g9",
                "B:Me.S",
                "S,Jr",
                "D/z'7",
                "fcXR",
                "\\7W3[z",
                "P\"Lk",
                "h{cM",
                "J_#C",
                "}J $",
                "#?[E",
                "g$*9",
                "f>2S",
                "qW{5<",
                "9Kp6",
                "%5-L",
                "c kh7p",
                "CG;6",
                "j:#K7",
                "S!C\"",
                "j#RCB",
                "\"3DUfw",
                "\\_*n",
                "!9#%'",
                ">+-#/M",
                "4M135",
                "794M",
                ";=?AC",
                "EGIKMM",
                "4MOQSUWY4M",
                "4[]_ac",
                "tMkm",
                "oqsu4M",
                "!#%'",
                ")+-/1",
                "3579;=i",
                "i?ACEG",
                "IKMOQM",
                "WY[4M",
                "4]_ace",
                "gikmo",
                "4Mqsuwy{4M",
                "success",
                "ed _",
                "Aar/C",
                "ng/app/hi3511",
                "gmDVR",
                "'gs#dvr_ma^",
                "i'_8182T_;8",
                "mtd/6guiLKylv",
                "l0 wudevd",
                "Bnia",
                "]corhstm_",
                "n/oDb1y&emdXk",
                "rv/krun",
                "Z(Tp6spMl",
                "Z{pbeV",
                "anko-",
                "/Ysm?",
                "-^vxC[",
                "fgzjklH$q",
                "uvwxyz+%d8",
                "dwan",
                "misc",
                "[rwn",
                "OCRQ",
                "\\U]X_T$",
                "nwl)",
                " _n[",
                "hlLjf",
                "ztqZ",
                "npxXoudifFeE",
                "gGaACScs+0-#'IJ",
                "OCUN",
                "eNo ",
                "Z'0BB1",
                "riuV",
                "-5^aly 6",
                "52\\'m",
                "qnr!D",
                "l+G-A",
                "Ga/8",
                "C%5I",
                "eek|0-",
                "%)+ b",
                "<axn",
                "\"V0I",
                "2ety",
                "bm.a",
                "X,qv",
                "\\kFE",
                " 2~e",
                "3 pt",
                "cIft",
                ")8WT",
                "th[Awg",
                "n*Lbj",
                "s)sAdm",
                "Comm",
                "}-nd",
                "[RFS",
                "F^Nb_",
                "5dpS6$.",
                "vlK`",
                "XZlY",
                "Whnr",
                "Dwrl6",
                "p=(T$",
                "HgnAe",
                "GO3.N",
                "d%38",
                "9y#C",
                "!r`Vr'",
                "+XENI",
                "zK[k",
                "L(knNyA",
                "AN8,Dy",
                "4<DX",
                "4MKZit",
                "`O [",
                "CAk[S",
                "T$(9",
                "H+|$,",
                "$Info: This file is packed with the UPX executable packer http://upx.sf.net $",
                "$Id: UPX 3.94 Copyright (C) 1996-2017 the UPX Team. All Rights Reserved. $",
                "PROT_EXEC|PROT_WRITE failed.",
                "/proc/sm",
                "elf/exe",
                "[jUX",
                "PO;C",
                "UPX!u",
                "_um9",
                "@bQs",
                "W?:m",
                "tr[]",
                "tf~{",
                ".shstrtab",
                "init",
                "roda",
                "ctors",
                "!3@@",
                "UPX!",
                "ABCD"
            ]
        }
    ]
}