{
    "malware_data": [
        {
            "filename": "804f07bc39f1916a886c0ff54055641e124f198e66e79239bb7bf126ae1f96ae.exe",
            "filetype": "4D5A9000",
            "filesize": "179KB",
            "hash_sha256": "804f07bc39f1916a886c0ff54055641e124f198e66e79239bb7bf126ae1f96ae",
            "strings": [
                "!This program cannot be run in DOS mode.",
                ".text",
                "`.rdata",
                "@.data",
                ".rsrc",
                "PWWW",
                "=D B",
                "rh8qB",
                "Qh8qB",
                "95hS",
                "=P B",
                "F;5hS",
                "h,<B",
                "5  B",
                "=t B",
                "Qh@<B",
                "hP<B",
                "VWu13",
                "=` B",
                "=8 B",
                "tPxu",
                "_^[]",
                "jXhP?B",
                "YQPVh",
                "0SSSSS",
                "hx?B",
                "=4kB",
                "54kB",
                "SVW3",
                "X 9} ",
                "t/Ht",
                "9] t",
                "=@UB",
                "C YY",
                "-`QB",
                "-lQB",
                "@tH9",
                "%xQB",
                "WWWWW",
                "u+9u",
                "$|!B",
                "t+Ht",
                "PPPPP",
                "=$PB",
                "VVVVV",
                "<v8V",
                "hp(B",
                "8csm",
                "S99t",
                ">=Yt1j",
                "tPVWP",
                "Y[_^",
                "j\"@@",
                "@@Bf",
                "8\"u8",
                "j\\Yf",
                "t$9U",
                "QQSVWh",
                "@@f9",
                "j@j ^V",
                "[j@j ",
                "hT)B",
                "5(kB",
                "50kB",
                "h8@B",
                "t$hT)B",
                "FhpUB",
                "5,kB",
                "h`@B",
                "Y;=x[B",
                "5d B",
                "=$kB",
                "=(kB",
                "=,kB",
                "5$kB",
                "Y__^[",
                "35HRB",
                "9csm",
                "=@=B",
                "t h@=B",
                "hHRB",
                "5HRB",
                "5LRB",
                "t&:a",
                "54 B",
                "ueSj",
                "@_^[",
                " VW}",
                "j?^;",
                "_VVVVV",
                "SSSSS",
                "80t.",
                "^WWWWW",
                "SQRP",
                "jdRP",
                "Wj0V",
                "|-;E",
                "0A@@Ju",
                "Fh=pUB",
                "=pUB",
                "to=X\\B",
                "Y_^[]",
                "h(AB",
                "Fpt\"",
                "=x[B",
                "N+D$",
                "QSVW",
                "hHAB",
                "hhAB",
                "Y_^[",
                "hMt@",
                "u,9E",
                "=`mB",
                "oV f",
                "o^0f",
                "of@f",
                "onPf",
                "ov`f",
                "o~pf",
                "0WWWWW",
                "AAFFf;",
                "URPQQh",
                "L$,3",
                "UVWS",
                "[_^]",
                "SVWj",
                "hK~@",
                "SSSSW",
                "@PWV",
                "WVU3",
                "u8SS3",
                "=tpB",
                "9] u",
                "5\\!B",
                "9]$SS",
                "5`!B",
                "t)9]",
                "t\"SS9]",
                "5T!B",
                "5xpB",
                "9] SS",
                ";5`\\B",
                "v$;5|\\B",
                "PPPPPPPP",
                "uaVj",
                "uL9=",
                "h(BB",
                "wIVSP",
                "FVSj",
                "SVWUj",
                "]_^[",
                ";t$,v-",
                "UQPXY]Y[",
                "r\"9U",
                "9]$u",
                "<+t(<-t$:",
                "+t HHt",
                "hl;B",
                "u;hd;B",
                "u,h\\;B",
                "*hT;B",
                "K<5}",
                "0K;]",
                "95xS",
                "58!B",
                "WWWWV",
                "t<Vj",
                "t+WWVPV",
                "^_[3",
                "%P!B",
                "q*8V",
                "&n\\j(H",
                "pK:9p",
                "#UwK",
                "MhJm",
                "/fBg",
                "Qcd=H",
                "yN9O",
                "Nxj<",
                "(1 B",
                "+jAe",
                "7_\\/LQ",
                "')(/",
                "m(s}",
                "eo:'",
                "X8_a",
                "srTa",
                "OxXE",
                "i[=|",
                ".`E$",
                "^bTy",
                "e|AXt",
                "@$0m",
                "Ykgel",
                "esZ)8",
                "_rdH",
                "PAz.",
                "`>sG",
                "S5-K^",
                "]N$7",
                "rB.9",
                "u*?L)",
                "@'a:[",
                "%bbp",
                "5$.`",
                "PRT+",
                "jV9)",
                "$#z7Z",
                "&+^\\",
                "W?VD",
                "4m3h",
                "0SC%k",
                "-.Q4TR",
                "/I`-",
                ":jc!t",
                "Bq$%",
                "Vn@#",
                "RFW5",
                "3+6=",
                "]d(A",
                "`7Oj",
                "$AcJ",
                "9\"r%N",
                "*Z#_",
                "d5ZW",
                "5n[_E",
                "_T4<",
                "2D _",
                "tG%&+",
                "$; y",
                "]xK{L",
                "W@sg",
                "1# c",
                "p\"hz",
                "jC!&",
                "l|ED",
                ")D:2",
                ">{1C",
                "=_le",
                "'3r0",
                "+>'J.",
                ">-XUS",
                "` {S",
                "1P{<",
                "YB\"F",
                "KZQ-",
                "V]aT",
                "rInW]zTFO?",
                "{yQ@j",
                "nbr/",
                "Z9RJ",
                "uI4_lA",
                "v:sB",
                "jTW?",
                "i.*4",
                "f`>o",
                "s\\yF",
                "<Q9l",
                "-abnd",
                "fc6:",
                "215K6",
                "mSw=uLLp31",
                "$jVrOfQ;sH{",
                "v-oF",
                "IL:q",
                "D9!~",
                ".ax|",
                "mV}U^",
                "j{{x6",
                "3$U|",
                "_._A",
                "<^k$VAX",
                "@[Kc",
                "9KelMG*",
                "xnO(",
                ");*b",
                "'nzf",
                "I4g=",
                ">{h/",
                "HE:f",
                "8U7}",
                "n%#J@",
                "S=.\"N^",
                "of7G",
                "Gij9",
                "^>m$",
                "redy",
                "DMH)",
                "-fRt",
                "5M_;",
                "E5MCTz",
                "@[v\"qW",
                "X(~k",
                "|GN\\",
                "SX%]un%",
                "=8)('",
                "@J'K}'",
                "vqJ>(",
                "t9;,+",
                " G/I",
                "uQGH",
                "Q]Vp",
                "2xL|",
                "/5si",
                ";f,n",
                "uHxXK%<",
                "4`KTI",
                "+A\\~",
                "xF1#",
                "m2\"7",
                "h{p65",
                "}x O$",
                "PXj.nH",
                "m6~(5",
                "H}nsB",
                "fx*}p",
                "5D0Y",
                "\"o\\:l",
                "9?,U",
                "q:#z+",
                " Yvzf5&",
                "Z&Gz",
                "=.z8Dj~\"s",
                "1s~1",
                "qRw1",
                "#4bV",
                "1.mkQ&",
                "eUr@AD",
                "\\WAT",
                "tAgx",
                "]V9<RN",
                "zC %",
                "Su,:",
                "JRO ",
                "4}ak",
                ")%bQ",
                "}T&)a",
                "dKa}aB73w_",
                "0c=4",
                "qq}8-",
                "p&9W",
                "f'L{",
                "DC$Ij",
                "Ec=w$",
                "$4d ",
                "}9Ms",
                "f{#\"",
                "]e_1",
                ";q.k",
                "2$7P",
                ">FPo\\",
                ";>6]",
                "' = Or",
                "R>d(O",
                "cf#:]",
                "Y8av",
                "SJxg",
                "wIvSwM",
                "C1Wm",
                ".8q-",
                "b`T:<",
                "HRo4s",
                "EI}N",
                "9@/X",
                "Ax90_n",
                ",V`'",
                "\"sSQ",
                " ze]b",
                "LZ/N",
                "oW;{",
                " aIu",
                "o67CG",
                "R7Yfxx",
                "1$h1{&q",
                "DEk&O6",
                "F6yA",
                "iFgg",
                "Axs\\",
                "6t=WD",
                "5BeD",
                "zFAK",
                "fWlt",
                "C<p/",
                "CVJA\")p",
                "2F%}O",
                "?+X<",
                "z lv",
                "*b[q",
                "WvI8",
                "}M,5",
                ";h|W",
                "$fvx",
                "8P$V}!CdGO",
                "fHpG",
                "^2eY",
                "u?\"^w",
                "!*m;",
                "A)tE",
                "/)x?",
                "-n~n",
                "ToopJ",
                "*b^F ",
                "76Ha",
                "kE&@6?",
                "Xy-w}Z ",
                "<b $",
                "@^9,",
                "rLA[",
                "qou3",
                "|!3]",
                "$3*E>f.",
                "$}9I",
                "vsEJ!g",
                "DC)]",
                "]'.Z",
                "ci?.",
                "xc&Z",
                "Nw+;",
                "j,7<",
                "313E:",
                "tg:&",
                "gxn~",
                "E0N9",
                "Kt2_g",
                "5/ge",
                "g<!$",
                "0^#I",
                "]}za",
                ",jA/<7",
                "#w\\ES'7xY",
                "b6H&",
                "4@ <",
                "]Aw:",
                "*\\hD",
                "I%:Zk",
                "5C]mM@^",
                "[+p-",
                "@e,k",
                "nhNV6",
                "%\"dqW~",
                "oE-t",
                "DtkK",
                "@gk i",
                "-q,>]",
                "wT`Q&",
                "4xTJ&]",
                "$cvR",
                "XCzD",
                "^G>os",
                "40.!9Y",
                "i$kl",
                "9t'w*",
                "u\\X;p",
                "4Z'n",
                "g]tB",
                "\"!6;",
                "~(*w",
                "#;e;bq",
                "Hm,~l#`",
                "7,0T",
                ")zX@*&",
                "V9f^",
                "+||\"",
                "72(4G",
                "!\"UG",
                "j-%V{",
                "H~Vq",
                "*\\q.",
                "[[ug",
                "q{^1W",
                "saY.",
                "3PTX",
                "%x>*%t[",
                "[l}k",
                "6W5t",
                "@6[)Y",
                ".ltb",
                "v$F6Kz",
                "rA-`",
                "{al!",
                " -^9xr",
                "mCKXc",
                "({_O",
                "o0[)e",
                "oO{wJ",
                "73P'",
                "!ZJO",
                "=\">iJ",
                "`Vc@",
                "Vto?",
                "!Dww",
                "JM.$",
                "+.c0",
                "#oZi",
                "@.)E",
                "nT<VQ2",
                "1WfMFH-",
                ":g'0",
                "Jh\"L",
                "=4wf",
                "9=;-",
                "gkE6",
                "=y;UN",
                "raP|L",
                "HX(.",
                "s#Wk",
                "%-C9",
                "yVbV",
                "%I^UE",
                "I:\\,)Y3",
                "|b(9",
                "{umr",
                "i;rT",
                ":=Tb",
                "U'=M",
                "V/Lb",
                "\\'@G",
                "MX>}L",
                "doWW<",
                "8G^_",
                "\"*$N3",
                "U#,|",
                "SameN>G",
                "gO0h",
                "U*^'",
                "dn^\":",
                "FN,i3pw",
                "I:(r_",
                ")5sq",
                "E}(r",
                "%FLM",
                "WRA$a{Q",
                "^?Fd",
                "lVCE",
                "taQ|x",
                ";]3F",
                "o_&&B",
                ":D_0bv",
                "gonz",
                "_+v~",
                "cL=;%",
                "i8#|",
                "(55*",
                "#R>=B",
                "G{x(J",
                "9Xz#",
                "eocc",
                "NiJ{6",
                "FpI%",
                ".^=-M",
                "/qWS",
                "|Q28",
                "mc?j",
                "H]Vd",
                "z${ip",
                "_&]!g",
                ")$Vg",
                "]( r",
                "^;eQ",
                "y0we",
                "Jv=-b",
                "$t+]",
                "C[)i",
                "ky@Z",
                "jU>e",
                "\\]5U",
                "e``1-",
                "Rkl6",
                "FD_H",
                "ezxk\\j){",
                "C]me!",
                ",OMU",
                "zI19",
                "h]}u\\",
                "_0/1",
                "G[S-",
                "H/B ",
                "]ev'",
                "R*,R",
                "9'=)<",
                "u\"2phV",
                "u%oMYw",
                "9LA4",
                "SeHz",
                ";WsP[",
                "S.Os~",
                "awwV",
                "<+Mb",
                "~Oq,",
                "kJP@>",
                "XL3e{",
                "mwWZ",
                "pz40",
                "#'D8S",
                "Es*tiWJr",
                "&9l?",
                "m(cRh.r",
                "XV*eu",
                "t011",
                "_GH ",
                "f,}e",
                "L(05VZ",
                "Yw8#",
                "Mu8v:",
                "+zD!",
                "w=*Q",
                "Y)0V",
                "2dAr>",
                "P6nD$y^C",
                "V\\h-",
                "OS?U",
                ")eR-",
                "h|!CvdO",
                "L0@\\",
                "#FzMe8",
                "l:@j",
                ",u4Hr",
                "^UWa",
                "@8*o",
                "<4oBda",
                "lLw|R",
                "J(M=",
                "vz+p3",
                "il43",
                "]n!a",
                "l2?I",
                "CxqL",
                "UgV`9",
                "Z^,@",
                "09rL",
                "u\"Ah",
                "6qWM",
                "vW8$",
                "Z^s.",
                "-TFM6g",
                "}sJL5!",
                "oUZ{",
                "]h/4h!X",
                "n|..v",
                "Y_[W",
                "T%h7",
                "[z)/,",
                "d7fp",
                "Ol\\Xbv",
                "c?,P>/O",
                "TtnU",
                "mTl;",
                "YfC-",
                "]@Fr",
                "k<|V",
                "<r$>&",
                "\\'.dR|",
                "wR%E}",
                "xOX<>!^",
                "@Q\"#",
                "f3(5",
                "LdfQ4\\",
                "^IWS@",
                "R;w]",
                "T5>'7",
                "!O`Z",
                "xP9p*",
                "q&7o",
                "!O@7n",
                "h~XcBa",
                "R1wT",
                "*Nnc",
                "C_z~.",
                "2sN8",
                "K3h8",
                "y93)",
                "KjW/jB",
                "y8N=",
                "k~Z<",
                "`8N0",
                "Jo-Vw6^",
                "L']B",
                "Cv}S",
                "<&Vx;?",
                "QSA8",
                "RXK/u",
                "']Lgq",
                "0;1B[",
                "\\o5=",
                "d>g30",
                "q4{a*Ub",
                "[!I;",
                "Na47L",
                "q1b?B",
                "+1(T",
                "A}@c",
                "S[dX",
                "Z)D$",
                "_LA;S",
                "&??V",
                "/MQz",
                "S1!]",
                "]F2Q",
                "d?1/",
                "lPNM",
                "QZ%y}",
                ",*l'#",
                "mcz#",
                "].Vmu",
                "t:;PQF",
                "@0_,$",
                "XgAS",
                "hFX!",
                "UGzn1",
                "B_7g[",
                "bz8_]",
                "|%q>$v_p",
                "fC[8w",
                "<.]n",
                "H;6Z",
                "a\"w~",
                ":_T[",
                "H1,.",
                "MH0*-",
                "]U03 ~",
                "8Uh0",
                ";X1V",
                "\\3!\"",
                "2rXgo",
                "R:v!V",
                "M|/9",
                "<3Z\"",
                "0vw7",
                "*7be",
                "P_~K",
                "5aov",
                "$[lL",
                "QZ['u+P-k",
                "t]A@",
                "\\ley",
                ")T\"+",
                "!zLB",
                "O:U4?V",
                "Hg_,",
                "6/:N",
                "rsPe",
                "g_:K",
                "Z{\\-",
                "Lx}Ad",
                "rJ6x",
                "]%l'",
                "~4ER",
                "h/x6",
                "gLub",
                "u/gT",
                "\"rz '",
                "<Zt[",
                "#<)X]f!W\\lU;",
                "[a(5",
                "(Ix,",
                "x3w=S",
                "z(9d",
                "R@l2",
                "?vfA",
                "kgJVQ&",
                "bWrS",
                "N^iD",
                "&U%]",
                "2>mSI",
                "NXAe",
                "N9!X",
                "|h~ ",
                "sa?{",
                "R3q'",
                "uJt9",
                "`bvk",
                "iGg>",
                "NPv7",
                "<=g^",
                "Y~U*",
                "Yxuf",
                "\\8#e",
                "a.gu'h",
                "yW]6",
                "fVDH",
                "up4hH",
                "xN L",
                "8_yeV\\",
                "SBUm",
                "&n\\i",
                "L/L;",
                "mvwGV",
                "U;E'",
                "q|u3-",
                ",`(Y?",
                "cQu,",
                "XdV2",
                "pg@ZF",
                "^6sT&",
                "tlh;,",
                "cn+4i",
                "+FN`",
                "6hbZ,4",
                "_?#P#`",
                "_+$\"",
                "M&^=YO",
                "C i0",
                "p`.exL",
                "Y/L9",
                "Qo6:I",
                "OD7]-?",
                "[:r9Q",
                "SPkF",
                "ed6R",
                "A>C|",
                "\"X@^",
                "@`>]d6",
                "_D?V",
                "r9VN",
                "*;v^",
                ",%\"E:",
                "8KNF)",
                "uE>T",
                "SWr?",
                "k~!JNW",
                "@M5w",
                "`\"bY",
                "wt'&x",
                "u\\MO",
                "E}aVrp",
                "lT(3",
                "1>R*",
                ">uZ)",
                "#yuixe$",
                "]:gk",
                "ZgB6",
                "sc</",
                "p}:J",
                "#v=\\-b",
                "a/B<",
                "6Bz^>A",
                "|c+Jk",
                "iSL}1q~",
                "Fk0s",
                "y#ug",
                "2LeN",
                "^jOy}W",
                "]bpb",
                "OJ$<",
                "bDX4",
                "~!92",
                "!>CWi",
                "QQ4u",
                "?<\"?",
                "!<rM",
                "W?hc",
                ")-M\\",
                "v*n7T",
                "5l+>=",
                "_%4'",
                "<q$]^",
                "(3\\m",
                "x5xzs",
                "+qT[",
                "f3FX",
                "_S5[",
                "aRMn",
                "By5O",
                "E-xgoL2",
                "QhYg%'",
                "?CZ\\",
                "6&0e",
                "PX~2",
                ">sa_",
                ">rpo",
                "ooV\\$",
                "O54Q",
                "%l=:",
                "p5jf",
                "!1s-",
                "7o5U'",
                "Yzw72",
                "(WL|qo",
                "lt\\?",
                "@/(|",
                "KZXJ",
                "\\ere",
                "7?HN",
                "cg^r",
                "*Lz5",
                "fjDU",
                "H8`I",
                "IJ+}zU",
                "4~HQ",
                "C(,^_",
                "7T^7",
                ")PIZo",
                "![m<R",
                "gzmc",
                "gm[D2",
                "4,2x",
                "2 ofC5",
                ":m]Iw%m9",
                "Lg{>",
                "s:JS",
                "fslc",
                "HUjy'kz",
                "=k=UB2wN",
                "##Y+9=",
                "h)EG",
                "Q2GyX?",
                "z3#F",
                "ZQwz;",
                "},?*",
                "HmCp",
                "mFHJ8",
                "DE9F",
                "%Y)<hV",
                "cAWT",
                "oW-1",
                "%O/-*",
                "r51i8T",
                "$f1v",
                "ITh#",
                "WqDl",
                ":y69",
                ".{Are*",
                "-wHX",
                "xD\"@m",
                "5ZIDAR",
                "_Gj{%",
                "*y`<",
                "8h?;|",
                "J43yC",
                "N6m#",
                "fb87",
                "Z=Zj",
                "*^ 9",
                "*-L cH_",
                "'%.w ",
                "BZxw",
                "av5B ",
                "bEtf",
                "ZbD<",
                "<dW#",
                "oWHq",
                "f@a`7",
                "X/Px",
                "A~z:",
                "-%4~",
                "|~D>",
                "WEa*y",
                "M~Fe",
                "M#P[",
                "l4:]!+_lb",
                "%`:?m/I",
                "H\"%B",
                "vw5D",
                "\\6Hx",
                "GTKA",
                "\"t^+",
                "Eqa9",
                "'3;Z",
                "M6J(",
                "|=kMk",
                "v={X",
                "S:2!",
                "6>~z",
                "Emph",
                "b:9,",
                "LLe+H,",
                "N+vZ",
                "b-+h*^",
                "&k1fQ",
                "=jMr",
                "Ovc5",
                "8$2'N",
                "MNV_",
                "H4~^",
                "qex~",
                "*B<x",
                "s!]A",
                "zq&v^",
                "E?:K",
                ":b?A",
                ".5Fq",
                "Hv1`",
                "G[9>",
                "PH~<w-",
                "R;p7",
                "&G`ru~",
                "[OOL",
                "f@g'",
                "U~^4",
                "-V-X(",
                ",gTP",
                "plo:",
                "&e3d",
                "kWu89f",
                "_~H6",
                "O9Om*V",
                "P&6D",
                "M}]+",
                "Zy1\\",
                "`F'E`'",
                ".lL52",
                "MflaI",
                "*Xy7",
                ">=O( ",
                "!e%9J",
                "D?8O",
                "qjuM",
                "e\"q'",
                "l\"U-",
                "Wl2Q",
                "'i9Z5",
                "[<1;h",
                "@`DR",
                "r_Hl",
                "J+hxk",
                "co[+",
                "n4{0",
                "[I{n",
                "8?#Ah",
                "HrX\\",
                "\"G`#",
                "2&9i",
                "102>",
                "X]E\"",
                "($qc=",
                "0Qwzc",
                "It&K",
                "wvaH",
                "MK`+2",
                "LPu0",
                "Pv#_#&",
                ":ds.",
                "59(B2r",
                "{\\b]",
                "eEVT",
                "D<pP",
                "~`1)",
                ":KW=",
                "V\\Cc",
                "WX >",
                "o%xX9",
                "<1\\O",
                ",ikI",
                "QB`'",
                "(KC;a",
                "PPIe",
                "beF!",
                "-T/I",
                "zp?3,",
                "Rwcz",
                "0RP`",
                "u Gm&#K",
                "=].,",
                "1g8>",
                "%qnQp",
                "Pg+O",
                "%gH\\",
                "q,;f9rk",
                "iIYI",
                "Q~5C",
                "g#&4",
                "S)a#",
                "/LUn",
                "4bY`cA,",
                "4Av'",
                "S!<i",
                "Q$Fa",
                "6;p*0",
                "5.O'",
                "1tv%",
                "K9Nn",
                "yv:<",
                "b1l!. v",
                "m&{!",
                "\"G,F",
                "wqX{",
                "o\\EF",
                "0njd)",
                "*i{G",
                "WORP",
                "-3,-",
                "qo~u$",
                "g8\"'g",
                "[t(Rq",
                "w~v^RJ",
                ",f0@",
                "3fsoA",
                "BgU_H",
                "IT=*",
                "tV>9",
                "\\Pf(",
                "sX,]",
                "\\>@^",
                "(OBtl4",
                "*2 u",
                "`8_F",
                "8fT}",
                "ho.j",
                "KIL1",
                "th0@",
                "RY$3O6Y",
                "_agb~",
                "2eQ1",
                "HvO$",
                "p@SY",
                "AKWW",
                "tFR\"g",
                "=67)",
                "b9~q",
                "| =O",
                "[PHC",
                "t\\kf",
                "WjfB",
                "A3>B",
                ">U?,*",
                "r_SN?q",
                "_|l5gL",
                "hrh?/h",
                "(t-5",
                "oQS:",
                "v%*,P",
                "h]gc",
                "(,uqdW.",
                "I:$h",
                "LxXeM",
                "m%s+",
                "Za20S",
                "a,9a",
                "CfzJ",
                "Sh\"H",
                "U^0,",
                "(qH2O",
                "Av9@A",
                "M.}z",
                "hoQn",
                "T;P6",
                "T5_s",
                "r=.mM",
                "\"-{r",
                "A^]B",
                "{D2Q",
                "::qS",
                "Nb/5",
                "mG}Q3E\\",
                "Gr[n",
                "gyTD",
                "E38i",
                "MXti",
                "QQSVWd",
                "@_^]",
                "=MOC",
                "=csm",
                "hpBB",
                "~SSV",
                "~@;H",
                ">csm",
                "h8CB",
                "taSV",
                "YYPV",
                "t)SV",
                "hXCB",
                "Hu4j",
                ">MOC",
                "s[S;7|G;w",
                "9>u&",
                "YYhP=B",
                "htCB",
                "tR99u2",
                "r,9Y",
                "@_^[]",
                "W-|e",
                "bad allocation",
                "Unknown exception",
                "_nextafter",
                "_logb",
                "frexp",
                "fmod",
                "_hypot",
                "_cabs",
                "ldexp",
                "modf",
                "fabs",
                "floor",
                "ceil",
                "sqrt",
                "atan2",
                "atan",
                "acos",
                "asin",
                "tanh",
                "cosh",
                "sinh",
                "log10",
                "CorExitProcess",
                "runtime error ",
                "TLOSS error",
                "SING error",
                "DOMAIN error",
                "R6034",
                "An application has made an attempt to load the C runtime library incorrectly.",
                "Please contact the application's support team for more information.",
                "R6033",
                "- Attempt to use MSIL code from this assembly during native code initialization",
                "This indicates a bug in your application. It is most likely the result of calling an MSIL-compiled (/clr) function from a native constructor or from DllMain.",
                "R6032",
                "- not enough space for locale information",
                "R6031",
                "- Attempt to initialize the CRT more than once.",
                "This indicates a bug in your application.",
                "R6030",
                "- CRT not initialized",
                "R6028",
                "- unable to initialize heap",
                "R6027",
                "- not enough space for lowio initialization",
                "R6026",
                "- not enough space for stdio initialization",
                "R6025",
                "- pure virtual function call",
                "R6024",
                "- not enough space for _onexit/atexit table",
                "R6019",
                "- unable to open console device",
                "R6018",
                "- unexpected heap error",
                "R6017",
                "- unexpected multithread lock error",
                "R6016",
                "- not enough space for thread data",
                "This application has requested the Runtime to terminate it in an unusual way.",
                "R6009",
                "- not enough space for environment",
                "R6008",
                "- not enough space for arguments",
                "R6002",
                "- floating point support not loaded",
                "Microsoft Visual C++ Runtime Library",
                "<program name unknown>",
                "Runtime Error!",
                "Program: ",
                "EncodePointer",
                "DecodePointer",
                "FlsFree",
                "FlsSetValue",
                "FlsGetValue",
                "FlsAlloc",
                "e+000",
                "GAIsProcessorFeaturePresent",
                "KERNEL32",
                " !\"#$%&'()*+,-./0123456789:;<=>?@ABCDEFGHIJKLMNOPQRSTUVWXYZ[\\]^_`abcdefghijklmnopqrstuvwxyz{|}~",
                "GetProcessWindowStation",
                "GetUserObjectInformationA",
                "GetLastActivePopup",
                "GetActiveWindow",
                "MessageBoxA",
                "USER32.DLL",
                " Complete Object Locator'",
                " Class Hierarchy Descriptor'",
                " Base Class Array'",
                " Base Class Descriptor at (",
                " Type Descriptor'",
                "`local static thread guard'",
                "`managed vector copy constructor iterator'",
                "`vector vbase copy constructor iterator'",
                "`vector copy constructor iterator'",
                "`dynamic atexit destructor for '",
                "`dynamic initializer for '",
                "`eh vector vbase copy constructor iterator'",
                "`eh vector copy constructor iterator'",
                "`managed vector destructor iterator'",
                "`managed vector constructor iterator'",
                "`placement delete[] closure'",
                "`placement delete closure'",
                "`omni callsig'",
                " delete[]",
                " new[]",
                "`local vftable constructor closure'",
                "`local vftable'",
                "`RTTI",
                "`udt returning'",
                "`copy constructor closure'",
                "`eh vector vbase constructor iterator'",
                "`eh vector destructor iterator'",
                "`eh vector constructor iterator'",
                "`virtual displacement map'",
                "`vector vbase constructor iterator'",
                "`vector destructor iterator'",
                "`vector constructor iterator'",
                "`scalar deleting destructor'",
                "`default constructor closure'",
                "`vector deleting destructor'",
                "`vbase destructor'",
                "`string'",
                "`local static guard'",
                "`typeof'",
                "`vcall'",
                "`vbtable'",
                "`vftable'",
                "operator",
                " delete",
                " new",
                "__unaligned",
                "__restrict",
                "__ptr64",
                "__clrcall",
                "__fastcall",
                "__thiscall",
                "__stdcall",
                "__pascal",
                "__cdecl",
                "__based(",
                " !\"#$%&'()*+,-./0123456789:;<=>?@abcdefghijklmnopqrstuvwxyz[\\]^_`abcdefghijklmnopqrstuvwxyz{|}~",
                " !\"#$%&'()*+,-./0123456789:;<=>?@ABCDEFGHIJKLMNOPQRSTUVWXYZ[\\]^_`ABCDEFGHIJKLMNOPQRSTUVWXYZ{|}~",
                "HH:mm:ss",
                "dddd, MMMM dd, yyyy",
                "MM/dd/yy",
                "December",
                "November",
                "October",
                "September",
                "August",
                "July",
                "June",
                "April",
                "March",
                "February",
                "January",
                "Saturday",
                "Friday",
                "Thursday",
                "Wednesday",
                "Tuesday",
                "Monday",
                "Sunday",
                "1#QNAN",
                "1#INF",
                "1#IND",
                "1#SNAN",
                "SunMonTueWedThuFriSat",
                "JanFebMarAprMayJunJulAugSepOctNovDec",
                "Jahuk",
                "ninolizavijas",
                "bad exception",
                "RSDS",
                "C:\\jiteh_kag.pdb",
                "GetComputerNameA",
                "GetNativeSystemInfo",
                "FindFirstChangeNotificationW",
                "WriteConsoleOutputCharacterW",
                "GetConsoleAliasesLengthW",
                "GetLocaleInfoA",
                "WriteConsoleOutputCharacterA",
                "InterlockedDecrement",
                "QueryDosDeviceA",
                "InterlockedCompareExchange",
                "SetComputerNameW",
                "GetComputerNameW",
                "GetTickCount",
                "VirtualFree",
                "GlobalFindAtomA",
                "LoadLibraryW",
                "SetCommConfig",
                "SetConsoleMode",
                "GetWriteWatch",
                "WriteConsoleW",
                "SetComputerNameExW",
                "SetThreadPriority",
                "GetStartupInfoA",
                "GetLastError",
                "SetLastError",
                "GetProcAddress",
                "VirtualAlloc",
                "InterlockedExchangeAdd",
                "LocalAlloc",
                "CreateHardLinkW",
                "TransmitCommChar",
                "AddAtomW",
                "FindFirstVolumeMountPointA",
                "GetModuleHandleA",
                "IsDebuggerPresent",
                "GetStringTypeW",
                "GetCurrentProcessId",
                "SetFileAttributesW",
                "DeleteFileA",
                "lstrcpyA",
                "KERNEL32.dll",
                "GetCharABCWidthsFloatW",
                "WidenPath",
                "GDI32.dll",
                "SetKernelObjectSecurity",
                "ADVAPI32.dll",
                "ShellAboutW",
                "SHELL32.dll",
                "UnhandledExceptionFilter",
                "SetUnhandledExceptionFilter",
                "GetStartupInfoW",
                "HeapAlloc",
                "HeapFree",
                "RaiseException",
                "GetModuleHandleW",
                "Sleep",
                "ExitProcess",
                "WriteFile",
                "GetStdHandle",
                "GetModuleFileNameA",
                "TerminateProcess",
                "GetCurrentProcess",
                "GetModuleFileNameW",
                "FreeEnvironmentStringsW",
                "GetEnvironmentStringsW",
                "GetCommandLineW",
                "SetHandleCount",
                "GetFileType",
                "DeleteCriticalSection",
                "TlsGetValue",
                "TlsAlloc",
                "TlsSetValue",
                "TlsFree",
                "InterlockedIncrement",
                "GetCurrentThreadId",
                "HeapCreate",
                "QueryPerformanceCounter",
                "GetSystemTimeAsFileTime",
                "LeaveCriticalSection",
                "EnterCriticalSection",
                "HeapReAlloc",
                "GetCPInfo",
                "GetACP",
                "GetOEMCP",
                "IsValidCodePage",
                "LoadLibraryA",
                "InitializeCriticalSectionAndSpinCount",
                "RtlUnwind",
                "LCMapStringA",
                "WideCharToMultiByte",
                "MultiByteToWideChar",
                "LCMapStringW",
                "GetStringTypeA",
                "HeapSize",
                ".?AVexception@std@@",
                ".?AVtype_info@@",
                "                          ",
                "abcdefghijklmnopqrstuvwxyz",
                "ABCDEFGHIJKLMNOPQRSTUVWXYZ",
                "kU'9",
                "HMXB",
                "?Zd;",
                "?/L[",
                "S;uD",
                "z?aUY",
                "D?$?",
                "U>c{",
                "zc%C1",
                ".:3q",
                "-64OS",
                "NKeb",
                ".?AVbad_exception@std@@",
                "8888888888888888888888888888888888",
                "\"\"\"\"\"\"\"\"\"\"\"\"\"\"\"\"\"Z88",
                ".D^D.",
                "qqqU",
                "qqqq",
                "UUUqqq",
                "8\\UUUU",
                "|?DD",
                "UUqqqq",
                "UUUUUqqq",
                "OgTh",
                "\\rrr",
                "u8888888",
                "A\\rrrrrT",
                "&rrr",
                "eeeeeeeeD",
                "rrrr",
                "%ppppppppppppp%",
                "{qqq",
                "YUUqqqq",
                "oUUUUqqq",
                "********a*",
                "T$fSSSSSSSS]",
                "ccccc",
                "LLLLLLLLLL",
                "LLLLLLL",
                "`LLLLLLL",
                "LLLLLL",
                "LLLLL",
                "R\\LLLL",
                "k=>j",
                "XXXXX",
                "bbbbbbbbbbbh",
                " yLLbLbbLbLbba",
                "LLLLLLLLLLL|T",
                "LLbLLbLbL",
                "LLLLLLLLb",
                ";;;;;",
                "LLbLbLLb7",
                "  .  .(H",
                "'z55",
                "44y4y4",
                "yyyyy",
                "2y4y4",
                "Vyyy",
                "5y4y4y444",
                "))QQQ",
                "QQQQy",
                "hhhh",
                "||~{",
                "~||~",
                "~y~}",
                "~}z~",
                "{~yz",
                "y|}|~",
                "y~{}",
                "~||{",
                "{{{~",
                "~}||",
                "|~|{",
                "z}{|~",
                "|}~~",
                "y~~~~",
                "|{|}",
                "{}||",
                "{~}}{~",
                "}zy}",
                "|}z{",
                "~|~{|",
                "|{}z",
                "~|{|",
                "~||}",
                "}{{}",
                "{z|}",
                "~}{{",
                "}|{{z",
                "z{|}}}}|",
                "||}}",
                "}|~}",
                "z}~z",
                "|y~y",
                "~~~y",
                "}~~}}~",
                "}}}~",
                "~{{|zz|",
                "}}~|",
                "~{{~}",
                "}}~z",
                "{|~|",
                "|{|~",
                "|}~{",
                "|{{~",
                "z}}y}",
                "~|{}",
                "}~{|",
                "~~}{|",
                "zz~|~|{|",
                "{z|~|",
                "{}{|",
                "}{}~}",
                "{z|{",
                "}z}~",
                "~}z~||",
                "}}}z",
                "y~}z|",
                "{|{~",
                "|}{~",
                "}zz{",
                "{}{z",
                "~z~z",
                "~~|}",
                "~}|}|z",
                "~z}~|~~",
                "}}}{",
                "~{|{",
                "}|~z",
                "y{z}",
                "{|||",
                "~{zy|",
                "|~z|{~}}",
                "}}~}",
                "y{}y",
                "{~~~",
                "~z}|",
                "{~{~~",
                "~~{|~",
                "~}{}~",
                "|}{|",
                "{}}~|",
                "{~y~",
                "z{||",
                "~{z~",
                "{{z}",
                "}~}|z}",
                "}}}|{",
                "{y{{",
                "}}|~",
                "~}}}",
                "{}|~",
                "|}{|}|",
                "{|~~",
                "{y~{",
                "~~}y}",
                "z}}{",
                "||}}z{",
                "{{{|",
                "|~}~",
                "~|~~}",
                "|}zz{",
                "~}{|",
                "~{|}",
                "||z{y{{",
                "}{~||}",
                "{z{|z",
                "~~~}{",
                "zzy}",
                "{}|}}",
                "}{z|",
                "~{~|",
                "y~}~",
                "{|}y|",
                "|~z}",
                "|{~}z{",
                "~~}|}{}",
                "{}|~~{",
                "~~|~",
                "~{z|",
                "z|~}",
                "~{z}}~",
                "z|{}|~}|}",
                "~|~|~",
                "~{}}",
                "z{||~",
                "z{z{",
                "{{|~",
                "~{{z",
                "|{~{",
                "||~~|",
                "|~|z",
                "}~~{{",
                "|y{{",
                "|{~|",
                "}||~",
                "{}z{}",
                "}~{{",
                "{~~{{~",
                "~~{{",
                "}y~}",
                "y||~}",
                "{yz~",
                "||}~}}",
                "}z~~",
                "~~{~",
                "}|~|",
                "|{~}",
                "Bjjjjjj",
                "Bjjj",
                "jjjjj",
                "mscoree.dll",
                "KERNEL32.DLL",
                "         (((((                  H",
                "         h((((                  H",
                "                                 H",
                "kernel32.dll",
                "hucacepewikuludav",
                "tucapelan",
                "nocisaneyuwajilegiyekufesezi",
                "zebemosijoc kigafigufujocixotihojevekimoyuge",
                "msimg32.dll",
                "voyapamujopemopubefetexo",
                "VS_VERSION_INFO",
                "StringFileInfo",
                "042904E2",
                "OriginalFilename",
                "Negative",
                "ProductName",
                "Same",
                "ProductVersion",
                "24.91.30.15",
                "VarFileInfo",
                "Translation",
                "]Wejeyoxikeboci royawoxuruhi remenivoxiporuz cibehefidimo vidogawosa piw codidoluhododar munubCRoxox xafiron tekederucom mejasopab lehu zezecuvuwotul tudexikozafa\\Zisipoxafurusay dilimikepiwina xaxoyihiti gewegivamiveti bohusamireti xivokemopotogut vememoWKerabemulile xobu jitagaxoviko rif jafolemayivafe luluzowifuma foxos gucotapo dujupuduv",
                "dMotehed garusoxovupo tate jucul wetakajito pasepicato codahobimuk puruwenehupedi pekegucixato yeyiba(Gepeh xagik jadozodadu rewuc cipidixayak",
                "OPaliterow vapasasodanak samiyifugujas zahujamebomomob zuziyoyise gexahabacufezi",
                ";Zebajigimacewo juxicejehi yozizid fofowifaro lowufejogowaho$Sobaro cetiyocevugax zafudowohopapapXCanamih teloyisag murotiticuze bizekapa wuhu hokukoc jasarabisirupe sedaged gocimuzokohu",
                "Nuxejutofi modi",
                ";Tog zeyabuvahiceri pawud wapitepisi tin pir xodimituxof dot7Karusego xirijebubeboba zopeteva mahuzopefud juxor ruza;Pem kafinahon juhure celari remelevoh bekeruwociwav xohomub",
                "Hehitajuguc jen howcGoxazuvicop licoyiku kaxavimewo yosucizeseh cewinezis sebosizukoku tecolomuwefepi kujekota xokenunu@Makege zapupigazawem yuhugemebehu nupaxofamere cijexewo zopafamuHXevukireroba vujarewoxupoke jajahugozikalu gidojuyow vaw vukucu nujamesa.Cafaxodalicine defacele vifozizis baluhivazukeqFakococofozuvo fuzunelinaxohi keyivexu gacebip dusexiv vicoyi bucotewemowon rucuwisafu wumawabali jaworukonadumeg",
                "Vicu",
                "Duwin funukemuhavon",
                "Zozi lavotewucay pomomuzocu",
                "Yazezaxahigesas xukegugudenigi$Dicidokaka likap falonubomojajuz gol+Judesidebaxo tuxurit cibayi xocureveyoxahoz",
                "SobekuxezedoxanfPucar pepazomek rojefeha bosevanobesuf kezofefigeg yukakegagewamo neruxuxexamowu josurakix yatavuludec(Hisogudadaco fot rudofokepi cemodef puvonHimukiwuzug hifovaruwo timeyujigas luyuluxi gunileboj geyo piluruvaze fenawimihokiyip ridilixa yivucugatunefipNLuxucosaciney jizi rorivibovakace togaxozijuge xizijuvulufegiv gulisubokifipon",
                "Rehagewoxewom",
                "MBopidolemiya gukaza harunidiv jetazeyo xosubiwoxu walasazukikube nerirovunadiXCavuyutow bexumesajusita hayicexaja jiwita saso dunemiza vimusi yavubayurat tulelegahuje4Xuzirabifupij hiwurir jayudofegewif dipo homoririlipOGozerelevemiwal lagegeceyime vahejobusimih kiritohamexu tahiz rahefejedata sodi",
                "XSisapizigucozim polumopecetuxem tozaxetuholugol boyiwofofonanec yajucadadopibum howoboxu",
                "Goveludagaxu%Juj jozaxoci fub fipezaxuba rotosavupFXutehopokuxivos yaziv vipisojujurev xihekefad xagalatiyur vahotubasoke",
                "Buvihese",
                "Niyaviv notex necomilaro",
                "9Dayudufivep maxokabewal madusepuz kuhuyogeca bihuw yapica!Kawerawefe widota turoreporuvemiy",
                "Hatixe giyel&Pofadecuvuca lewiguzi xiboc duceyuwosi",
                "Vaxu"
            ]
        }
    ]
}