{
    "malware_data": [
        {
            "filename": "799bf4e7659863f98669b2fb8e7d83c40b51381018a1d8486e7fe9ccb3705157.exe",
            "filetype": "4D5A9000",
            "filesize": "52KB",
            "hash_sha256": "799bf4e7659863f98669b2fb8e7d83c40b51381018a1d8486e7fe9ccb3705157",
            "strings": [
                "!This program cannot be run in DOS mode.",
                ".text",
                "`.rsrc",
                "@.reloc",
                ",\"s=",
                "-@st",
                "+3st",
                ",Xsa",
                ",fr1",
                "+ur3",
                "*~rK",
                "%%o=",
                ",,(I",
                ",6(I",
                "-6(I",
                "-,(I",
                "*.s(",
                "d[o-",
                "d[o.",
                "BSJB",
                "v4.0.30319",
                "#Strings",
                "#GUID",
                "#Blob",
                " D$i",
                " D$ ",
                " 7#0",
                " 5)D",
                "<ConnectToClient>b__48_10",
                "<>c__DisplayClass42_0",
                "<CloseLockScreenWindow>b__43_0",
                "<ShowLockScreenWindow>b__44_0",
                "<OnPageLoaded>b__15_0",
                "<>c__DisplayClass35_0",
                "<>9__28_0",
                "<GetMacAddress>b__28_0",
                "<>9__38_0",
                "<GrabDesktop>b__38_0",
                "<ConnectToClient>b__48_0",
                "<>c__DisplayClass48_0",
                "<set_TimerEnableScreen>b__0",
                "<ProccessMonitorForWatchList>b__0",
                "<>p__0",
                "<ConnectToClient>b__48_11",
                "<>9__28_1",
                "<GetMacAddress>b__28_1",
                "<>9__38_1",
                "<GrabDesktop>b__38_1",
                "<ConnectToClient>b__48_1",
                "<>c__DisplayClass48_1",
                "<ProccessMonitorForWatchList>b__1",
                "<>o__1",
                "<>p__1",
                "IEnumerable`1",
                "CallSite`1",
                "Action`1",
                "EventHandler`1",
                "IEnumerator`1",
                "List`1",
                "label1",
                "webBrowser1",
                "CS$<>8__locals1",
                "pictureBox1",
                "USER32",
                "kernel32",
                "Microsoft.Win32",
                "User32",
                "UInt32",
                "ToInt32",
                "<ConnectToClient>b__48_2",
                "<>9__2",
                "<ProccessMonitorForWatchList>b__2",
                "<>p__2",
                "Func`2",
                "label2",
                "<ConnectToClient>b__48_3",
                "Action`3",
                "ToUInt64",
                "GetTickCount64",
                "<ConnectToClient>b__48_4",
                "<>9__5",
                "<ConnectToClient>b__5",
                "ToInt16",
                "<ConnectToClient>b__48_6",
                "<>9__48_7",
                "<ConnectToClient>b__48_7",
                "<>o__48",
                "get_UTF8",
                "<>9__48_8",
                "<ConnectToClient>b__48_8",
                "<ConnectToClient>b__9",
                "<p0>",
                "<Module>",
                "get_FormatID",
                "ABSOLUTE",
                "MOVE",
                "SW_MAXIMIZE",
                "SizeF",
                "CURSOR_SHOWING",
                "WH_KEYBOARD_LL",
                "pNavigateURL",
                "_navigateURL",
                "pURL",
                "CP_NOCLOSE_BUTTON",
                "MIDDLEDOWN",
                "LEFTDOWN",
                "RIGHTDOWN",
                "ICONINFO",
                "CURSORINFO",
                "System.IO",
                "clientIP",
                "txtIP",
                "MIDDLEUP",
                "LEFTUP",
                "RIGHTUP",
                "POINT",
                "WS_EX",
                "get_X",
                "set_X",
                "get_Y",
                "set_Y",
                "value__",
                "prueba",
                "MotherMarca",
                "Alpha",
                "alpha",
                "get_KeyboardData",
                "set_KeyboardData",
                "keyboardData",
                "GetData",
                "inputData",
                "dwData",
                "PropertyData",
                "data",
                "SetQuota",
                "mscorlib",
                "ReleaseHdc",
                "GetHdc",
                "System.Collections.Generic",
                "AuthenticateAsClientAsync",
                "Alloc",
                "LowLevelKeyboardProc",
                "HookProc",
                "_hookProc",
                "enumProc",
                "EnumWindowsProc",
                "get_Id",
                "dwThreadId",
                "GetWindowThreadProcessId",
                "dwProcessId",
                "processId",
                "GetProcessById",
                "GetElementById",
                "VirtualMemoryRead",
                "CreateThread",
                "BeginConnectionThread",
                "add_Load",
                "Client_Load",
                "ScreenShotWindow_Load",
                "HaltClicks_load",
                "OnPageLoaded",
                "IsKeyLocked",
                "Interlocked",
                "set_Enabled",
                "set_IsWebBrowserContextMenuEnabled",
                "get_Handled",
                "IsDefined",
                "Layered",
                "add_FormClosed",
                "OnClosed",
                "add_KeyboardPressed",
                "remove_KeyboardPressed",
                "OnKeyPressed",
                "set_ScriptErrorsSuppressed",
                "get_IsAllocated",
                "get_Connected",
                "add_DocumentCompleted",
                "Synchronized",
                "get_Guid",
                "<KeyboardData>k__BackingField",
                "<_title>k__BackingField",
                "<Name>k__BackingField",
                "<KeyboardState>k__BackingField",
                "<Value>k__BackingField",
                "<_app>k__BackingField",
                "ReadToEnd",
                "hWnd",
                "IsValidCommand",
                "Append",
                "set_IsBackground",
                "hwnd",
                "hMod",
                "method",
                "Keyboard",
                "NetworkInterface",
                "Replace",
                "defaultInstance",
                "Hide",
                "VirtualCode",
                "HardwareScanCode",
                "get_ExitCode",
                "set_AutoScaleMode",
                "code",
                "Free",
                "set_Image",
                "FromImage",
                "SendDesktopImage",
                "get_Message",
                "CompareExchange",
                "EndInvoke",
                "BeginInvoke",
                "Enumerable",
                "IDisposable",
                "get_Visible",
                "IsWindowVisible",
                "ToDouble",
                "GCHandle",
                "get_Handle",
                "GetModuleHandle",
                "RuntimeTypeHandle",
                "CloseHandle",
                "DuplicateHandle",
                "hHandle",
                "_windowsHookHandle",
                "GetTypeFromHandle",
                "bInheritHandle",
                "parentHandle",
                "_user32LibraryHandle",
                "handle",
                "Rectangle",
                "File",
                "Console",
                "get_DocumentTitle",
                "get_MainWindowTitle",
                "get__title",
                "set__title",
                "hModule",
                "DockStyle",
                "set_FormBorderStyle",
                "get_ClassStyle",
                "set_ClassStyle",
                "ExStyle",
                "OSName",
                "CPUName",
                "get_Name",
                "set_Name",
                "procName",
                "methodName",
                "QueryFullProcessImageName",
                "lpFileName",
                "GetFileName",
                "moduleName",
                "get_MachineName",
                "lpExeName",
                "get_EnglishName",
                "get_ComputerName",
                "lpClassName",
                "get_ProcessName",
                "GetHostName",
                "lpWindowName",
                "GetSystemUpTime",
                "WriteLine",
                "Combine",
                "ValueType",
                "ConnectionType",
                "StopScreenShare",
                "SetProcessDPIAware",
                "Where",
                "System.Core",
                "PtrToStructure",
                "get_CurrentCulture",
                "GetScreenCapture",
                "ApplicationSettingsBase",
                "WebResponse",
                "GetResponse",
                "OnClose",
                "Dispose",
                "Parse",
                "X509Certificate",
                "certificate",
                "Create",
                "MulticastDelegate",
                "GoNavigate",
                "get_Chocolate",
                "Terminate",
                "get_KeyboardState",
                "set_KeyboardState",
                "keyboardState",
                "set_WindowState",
                "FormWindowState",
                "Delete",
                "CallSite",
                "VirtualMemoryWrite",
                "DynamicAttribute",
                "STAThreadAttribute",
                "CompilerGeneratedAttribute",
                "GuidAttribute",
                "GeneratedCodeAttribute",
                "DebuggableAttribute",
                "ComVisibleAttribute",
                "AssemblyTitleAttribute",
                "AssemblyTrademarkAttribute",
                "TargetFrameworkAttribute",
                "AssemblyFileVersionAttribute",
                "AssemblyConfigurationAttribute",
                "AssemblyDescriptionAttribute",
                "FlagsAttribute",
                "CompilationRelaxationsAttribute",
                "AssemblyProductAttribute",
                "AssemblyCopyrightAttribute",
                "AssemblyCompanyAttribute",
                "RuntimeCompatibilityAttribute",
                "Byte",
                "get_Value",
                "set_Value",
                "GetValue",
                "NextValue",
                "GetPropertyValue",
                "value",
                "Save",
                "Remove",
                "client-remote desktop.exe",
                "get_Size",
                "set_Size",
                "cbSize",
                "set_MinimumSize",
                "set_AutoSize",
                "set_ClientSize",
                "Serialize",
                "ISupportInitialize",
                "SuppressFinalize",
                "Synchronize",
                "size",
                "LastIndexOf",
                "get_Jpeg",
                "ConnectToClientImg",
                "_clientImg",
                "System.Threading",
                "Encoding",
                "System.Drawing.Imaging",
                "EnableBehindClicking",
                "DisableBehindClicking",
                "System.Runtime.Versioning",
                "GetCertHashString",
                "get_VersionString",
                "ToString",
                "toString",
                "Substring",
                "Client_FormClosing",
                "disposing",
                "System.Drawing",
                "dwNewLong",
                "GetWindowLong",
                "SetWindowLong",
                "watchListMatch",
                "lstWatch",
                "Flush",
                "GetModernAppExecutablePath",
                "GetExecutablePath",
                "executablePath",
                "GetFolderPath",
                "get_Width",
                "set_Width",
                "screenWidth",
                "get_Length",
                "set_Length",
                "GetWindowTextLength",
                "ContinueWith",
                "AsyncCallback",
                "RemoteCertificateValidationCallback",
                "WaitCallback",
                "callback",
                "add_Tick",
                "screenShare_timer_Tick",
                "ping_timer_Tick",
                "pictureBox1_Click",
                "add_Click",
                "remove_Click",
                "add_MouseClick",
                "HaltClicks_MouseClick",
                "doubleLeftClick",
                "leftClick",
                "doubleRightClick",
                "rightClick",
                "enablePictureBoxClick",
                "disablePictureBoxClick",
                "set_Dock",
                "idHook",
                "GlobalKeyboardHook",
                "_globalKeyboardHook",
                "hHook",
                "hbmMask",
                "Task",
                "Marshal",
                "set_Interval",
                "Label",
                "MotherModel",
                "System.ComponentModel",
                "user32.Dll",
                "kernel32.dll",
                "User32.dll",
                "user32.dll",
                "Kill",
                "ThreadPool",
                "ContainerControl",
                "navigateUrl",
                "_exwl",
                "get_IBeam",
                "GetResponseStream",
                "_imgStream",
                "NetworkStream",
                "SslStream",
                "FromStream",
                "_mainStream",
                "GetStream",
                "MemoryStream",
                "_stream",
                "set_Param",
                "lParam",
                "wParam",
                "Program",
                "get_Item",
                "QueueUserWorkItem",
                "Is64BitOperatingSystem",
                "is64BitSystem",
                "Trim",
                "Random",
                "Form",
                "Enum",
                "ToBoolean",
                "TimeSpan",
                "set_TimerEnableScreen",
                "_sharingScreen",
                "get_VirtualScreen",
                "CopyFromScreen",
                "get_PrimaryScreen",
                "lpfn",
                "Main",
                "X509Chain",
                "chain",
                "_clientImgAdmin",
                "Join",
                "fIcon",
                "hIcon",
                "DrawIcon",
                "CopyIcon",
                "get_OSVersion",
                "get_Version",
                "Application",
                "set_Location",
                "set_AllowNavigation",
                "ProcessQueryLimitedInformation",
                "System.Net.NetworkInformation",
                "AdditionalInformation",
                "SystemInformation",
                "UnicastIPAddressInformation",
                "SetInformation",
                "QueryInformation",
                "CopyPixelOperation",
                "VirtualMemoryOperation",
                "System.Configuration",
                "System.Globalization",
                "System.Reflection",
                "PropertyDataCollection",
                "MatchCollection",
                "ControlCollection",
                "UnicastIPAddressInformationCollection",
                "GroupCollection",
                "ManagementObjectCollection",
                "_connection",
                "get_Position",
                "set_Position",
                "Win32Exception",
                "InvalidCastException",
                "Resolution",
                "SysKeyDown",
                "KfAltdown",
                "LlkhfAltdown",
                "GPUInfo",
                "dwExtraInfo",
                "ImageCodecInfo",
                "GetSystemUpTimeInfo",
                "CultureInfo",
                "GetIconInfo",
                "GetComputerInfo",
                "GetCursorInfo",
                "CSharpArgumentInfo",
                "piconinfo",
                "tempo",
                "Zero",
                "SysKeyUp",
                "Bitmap",
                "Sleep",
                "TimeStamp",
                "get_Top",
                "set_AllowWebBrowserDrop",
                "set_TabStop",
                "GrabDesktop",
                "hDesktop",
                "client-remote desktop",
                "client_remote_desktop",
                "get__app",
                "set__app",
                "Microsoft.CSharp",
                "DesktopDup",
                "Group",
                "System.Linq",
                "HideTaskBar",
                "ShowTaskBar",
                "set_ShowInTaskbar",
                "Char",
                "InvokeMember",
                "_screenPortNumber",
                "_portNumber",
                "StreamReader",
                "TextReader",
                "StringBuilder",
                "SpecialFolder",
                "sender",
                "Microsoft.CSharp.RuntimeBinder",
                "CallSiteBinder",
                "GetDecoder",
                "Encoder",
                "ManagementObjectSearcher",
                "MethodInvoker",
                "MyClosedHandler",
                "FormClosedEventHandler",
                "WebBrowserDocumentCompletedEventHandler",
                "MouseEventHandler",
                "KeyPressEventHandler",
                "System.CodeDom.Compiler",
                "Timer",
                "screenShare_timer",
                "ping_timer",
                "IContainer",
                "get_Owner",
                "set_Owner",
                "WebBrowser",
                "webBrowser",
                "EncoderParameter",
                "hWndInsertAfter",
                "pointer",
                "PerformanceCounter",
                "BinaryFormatter",
                "get_Silver",
                "SendDataToServer",
                "ToLower",
                "set_BackColor",
                "hbmColor",
                "GetLastWin32Error",
                "set_Cursor",
                "hCursor",
                "get_WaitCursor",
                "ScreenshotCursor",
                "IEnumerator",
                "ManagementObjectEnumerator",
                "GetEnumerator",
                ".ctor",
                ".cctor",
                "FromIntPtr",
                "ToIntPtr",
                "GetWindowPtr",
                "Graphics",
                "System.Diagnostics",
                "GetParsedCommands",
                "pCommands",
                "get_Seconds",
                "FromSeconds",
                "get_Milliseconds",
                "get_Bounds",
                "GetAllNetworkInterfaces",
                "System.Runtime.InteropServices",
                "System.Runtime.CompilerServices",
                "client_remote_desktop.HaltClicks.resources",
                "client_remote_desktop.Client.resources",
                "client_remote_desktop.ScreenShotWindow.resources",
                "client_remote_desktop.Survey.resources",
                "DebuggingModes",
                "Matches",
                "GetDirectories",
                "client_remote_desktop.Properties",
                "GetIPProperties",
                "get_Properties",
                "IPInterfaceProperties",
                "GetFiles",
                "EnableVisualStyles",
                "get_UnicastAddresses",
                "System.Security.Cryptography.X509Certificates",
                "SetLayeredWindowAttributes",
                "get_Minutes",
                "FormatBytes",
                "GetBytes",
                "bytes",
                "ValidateKeyboardTags",
                "nFlags",
                "CSharpArgumentInfoFlags",
                "CSharpBinderFlags",
                "SetWindowPosFlags",
                "ProcessAccessFlags",
                "MouseEventFlags",
                "uFlags",
                "dwFlags",
                "flags",
                "Settings",
                "HandledEventArgs",
                "FormClosedEventArgs",
                "WebBrowserDocumentCompletedEventArgs",
                "MouseEventArgs",
                "GlobalKeyboardHookEventArgs",
                "KeyPressEventArgs",
                "<>4__this",
                "hideHaltClicks",
                "showHaltClicks",
                "haltClicks",
                "System.Threading.Tasks",
                "Equals",
                "set_CheckForIllegalCrossThreadCalls",
                "get_Controls",
                "get_CreateParams",
                "System.Windows.Forms",
                "Contains",
                "set_AutoScaleDimensions",
                "System.Text.RegularExpressions",
                "System.Collections",
                "StringSplitOptions",
                "RegexOptions",
                "ptScreenPos",
                "SetWindowPos",
                "procesos",
                "SendRunningApps",
                "get_Groups",
                "GetChars",
                "GetImageEncoders",
                "EncoderParameters",
                "SslPolicyErrors",
                "sslPolicyErrors",
                "Cursors",
                "get_Hours",
                "dwDesiredAccess",
                "get_Success",
                "IsWow64Process",
                "wow64Process",
                "GetActiveWindowAndProcess",
                "CreateProcess",
                "hProcess",
                "OpenProcess",
                "GetCurrentProcess",
                "hprocess",
                "add_KeyPress",
                "GetLocalIPAddress",
                "get_Address",
                "GetMacAddress",
                "GetProcAddress",
                "GetPhysicalAddress",
                "GetPublicIpAddress",
                "System.Net.Sockets",
                "components",
                "Exists",
                "Focus",
                "Antivirus",
                "get_OperationalStatus",
                "EnumChildWindows",
                "GetChildWindows",
                "EnumWindows",
                "EnumDesktopWindows",
                "RegisteredKeys",
                "registeredKeys",
                "SendKeys",
                "Concat",
                "ImageFormat",
                "PixelFormat",
                "GetWindowRect",
                "ManagementBaseObject",
                "ManagementObject",
                "object",
                "Select",
                "Connect",
                "rect",
                "System.Net",
                "get_Target",
                "Socket",
                "get_Left",
                "holDownLeft",
                "holDownRight",
                "get_Height",
                "set_Height",
                "screenHeight",
                "op_Explicit",
                "Split",
                "EndInit",
                "BeginInit",
                "Exit",
                "get_Default",
                "SetCompatibleTextRenderingDefault",
                "FirstOrDefault",
                "IAsyncResult",
                "result",
                "client_remote_desktop.KeyboardMgmt",
                "get_Client",
                "ReleaseClient",
                "ConnectToClient",
                "TcpClient",
                "UdpClient",
                "_client",
                "System.Management",
                "HtmlElement",
                "Environment",
                "get_Document",
                "HtmlDocument",
                "InitializeComponent",
                "GetParent",
                "Transparent",
                "get_Current",
                "set_Current",
                "_keyBoardEvent",
                "LowLevelKeyboardInputEvent",
                "mouse_event",
                "IPEndPoint",
                "get_LocalEndPoint",
                "CreatePoint",
                "point",
                "BringToFront",
                "get_Count",
                "GetCharCount",
                "maxCount",
                "count",
                "xHotspot",
                "yHotspot",
                "ThreadStart",
                "Convert",
                "Abort",
                "port",
                "WebRequest",
                "ProccessMonitorForWatchList",
                "GotWatchList",
                "ToList",
                "get_AddressList",
                "EnumWindowsList",
                "DoesWin32MethodExist",
                "set_TopMost",
                "First",
                "set_WriteTimeout",
                "SuspendLayout",
                "ResumeLayout",
                "PerformLayout",
                "MoveNext",
                "System.Text",
                "get_Text",
                "set_Text",
                "strText",
                "get_DocumentText",
                "GetWindowText",
                "text",
                "FindWindow",
                "GetForegroundWindow",
                "SetForegroundWindow",
                "HideWindow",
                "EnumWindow",
                "CloseLockScreenWindow",
                "ShowLockScreenWindow",
                "PrintWindow",
                "ScreenShotWindow",
                "_screenShotWindow",
                "ShowWindow",
                "_window",
                "nCmdShow",
                "UnhookWindowsHookEx",
                "SetWindowsHookEx",
                "CallNextHookEx",
                "set_TabIndex",
                "nIndex",
                "Regex",
                "PictureBox",
                "set_MinimizeBox",
                "set_MaximizeBox",
                "TextBox",
                "Delay",
                "get_Key",
                "SendKey",
                "crKey",
                "ColorKey",
                "set_TransparencyKey",
                "daSurvey",
                "OpenSurvey",
                "SetHaltClicksSurvey",
                "_survey",
                "get_AddressFamily",
                "System.Runtime.Serialization.Formatters.Binary",
                "LoadLibrary",
                "FreeLibrary",
                "Directory",
                "IPHostEntry",
                "GetHostEntry",
                "Country",
                "Registry",
                "set_Opacity",
                "get_Capacity",
                "imgQuality",
                "op_Equality",
                "op_Inequality",
                "System.Net.Security",
                "Empty",
                "WrapNonExceptionThrows",
                "Copyright ",
                "  2021",
                "$e131b244-69b8-4bb8-b038-0e7d73dbda9a",
                "1.0.0.0",
                ".NETFramework,Version=v4.7.2",
                "FrameworkDisplayName",
                ".NET Framework 4.7.2Y",
                "KMicrosoft.VisualStudio.Editors.SettingsDesigner.SettingsSingleFileGenerator",
                "11.0.0.0",
                "lSystem.Resources.ResourceReader, mscorlib, Version=4.0.0.0, Culture=neutral, PublicKeyToken=b77a5c561934e089#System.Resources.RuntimeResourceSet",
                "PADPADP",
                "RSDS",
                "C:\\Users\\User\\Desktop\\OfficeAdmin\\OfficeAdmin\\Client\\obj\\Release\\client-remote desktop.pdb",
                "_CorExeMain",
                "mscoree.dll",
                "<?xml version=\"1.0\" encoding=\"UTF-8\" standalone=\"yes\"?>",
                "<assembly xmlns=\"urn:schemas-microsoft-com:asm.v1\" manifestVersion=\"1.0\">",
                "  <assemblyIdentity version=\"1.0.0.0\" name=\"MyApplication.app\"/>",
                "  <trustInfo xmlns=\"urn:schemas-microsoft-com:asm.v2\">",
                "    <security>",
                "      <requestedPrivileges xmlns=\"urn:schemas-microsoft-com:asm.v3\">",
                "        <requestedExecutionLevel level=\"asInvoker\" uiAccess=\"false\"/>",
                "      </requestedPrivileges>",
                "    </security>",
                "  </trustInfo>",
                "</assembly>",
                " 64.190.113.129",
                "client",
                "[0x1]Proccess:[0x2]",
                "[id]",
                "<EOF>",
                "google chrome",
                "firefox",
                "edge",
                "internet explorer",
                "opera",
                "brave",
                "safari",
                "Porongona vergota de mierda CSM ",
                " !!!!! (odio todo esto)",
                "OK: Aborting thread",
                "Error begconnect",
                "74A8BBEFAFFBEC6D12E552670E2F7A30ED7A592C",
                "FakeServerName",
                "[0x1]GetWatchList: [id]",
                "Client Received: {0}",
                "ping",
                "[0x1]Ventana:[0x2]",
                "[0x2]",
                "sleep",
                "Sleep received",
                "close",
                "close received",
                "sendscreen",
                "[0x1]sendscreenOK[0x2]<EOF>",
                "sendscreenRDY",
                "stopscreen",
                "Files",
                "[Desktop]",
                "[0x1]FilesMx:[id]",
                "[id] <EOF>",
                "[UserProfile]",
                "[Windows]",
                "[MyDocuments]",
                "\\[Files\\](.*?)\\[/Files\\]",
                "lel lol lil",
                "ExecuteFile",
                "\\[ExecuteFile\\](.*?)\\[/ExecuteFile\\]",
                "lelxxxx1: ",
                "DeleteFile",
                "\\[DeleteFile\\](.*?)\\[/DeleteFile\\]",
                "lelxxxx2: ",
                "ImgQuality",
                "WatchList",
                "adminModeOn",
                "Admin Mode ON",
                "adminModeOff",
                "Admin Mode OFF",
                "adminApp",
                "[0x1]Proccess was closed! Updating list... [id]",
                "[id]<EOF>",
                "ActivityMon",
                "click|click2|clickright",
                "click",
                " Valor1: ",
                "click2",
                "clickright",
                "keyboard",
                "lockScreen",
                "unlockScreen",
                "survey",
                "Catched: ",
                ")]([\\w\\W]*?)\\[/\\1]",
                "[0x1]ActivityMonitor: [id]",
                "Status: Get WatchList... ?",
                "Status: Initializing...",
                "Client",
                "Status: Connecting... ",
                "Status: Connected!",
                "Status: Got WatchList...",
                "Status: Watching...",
                "Status: Waiting...",
                "entro!",
                "no entrop",
                "HaltClicks",
                "Form1",
                " SP: ",
                "[0x1]",
                "System Data:",
                "http://checkip.dyndns.org/",
                "Address: ",
                "</body>",
                "\\root\\SecurityCenter2",
                "SELECT * FROM AntivirusProduct",
                "displayName",
                "HKEY_LOCAL_MACHINE\\HARDWARE\\DESCRIPTION\\System\\CentralProcessor\\0",
                "ProcessorNameString",
                "Unknown",
                "root\\CIMV2",
                "SELECT * FROM Win32_BaseBoard",
                "Manufacturer",
                "Product: {0}",
                "Product",
                "HKEY_LOCAL_MACHINE\\SOFTWARE\\Microsoft\\Windows NT\\CurrentVersion",
                "ProductName",
                " 64Bits",
                " 32Bits",
                "{0:0.##} {1}",
                "SELECT Capacity FROM Win32_PhysicalMemory",
                "Capacity",
                "select * from Win32_VideoController",
                "Name",
                "AdapterRAM",
                "No windows active",
                "{0:D2}h:{1:D2}m:{2:D2}s",
                "System",
                "System Up Time",
                "SendWait",
                "(?<=<keyb>)(.*?)(?=<\\/keyb>)",
                "Exception: ",
                "[0x1]Screen: locked ok! [id]",
                "[0x1]Screen: unlocked ok! [id]",
                "endPage",
                "Survey",
                "Shell_traywnd",
                "Failed to load library 'User32.dll'. Error {0}: {1}.",
                "Failed to adjust keyboard hooks for '{0}'. Error {1}: {2}.",
                "Failed to remove keyboard hooks for '{0}'. Error {1}: {2}.",
                "Failed to unload library 'User32.dll'. Error {0}: {1}.",
                "Program Manager",
                "Windows Shell Experience Host",
                "C:\\Windows\\System32\\ApplicationFrameHost.exe",
                "GCHandle Target could not be cast as List<IntPtr>",
                " *^| ",
                "VS_VERSION_INFO",
                "VarFileInfo",
                "Translation",
                "StringFileInfo",
                "000004b0",
                "Comments",
                "CompanyName",
                "FileDescription",
                "FileVersion",
                "InternalName",
                "LegalCopyright",
                "LegalTrademarks",
                "OriginalFilename",
                "ProductVersion",
                "Assembly Version"
            ]
        }
    ]
}