{
    "malware_data": [
        {
            "filename": "0b598088d167fb7164ac44ff6ec04bc8d4ef8b7299502db3120ebb1e1e9440b5.elf",
            "filetype": "7F454C46",
            "filesize": "43KB",
            "hash_sha256": "0b598088d167fb7164ac44ff6ec04bc8d4ef8b7299502db3120ebb1e1e9440b5",
            "strings": [
                "HFu8sfga",
                "M (40",
                "8M@H4P",
                "XM`h5p",
                "s{+[[",
                "E]KkN",
                "83{#",
                "WMo\\",
                "$oW!$",
                "Rmk@",
                ",Ow@m#",
                "@[/)O",
                "W@&,W",
                "+1<{",
                "KKS7",
                "qovkN",
                "&7d#",
                "<`O2",
                "pOQs",
                "{Ch7.",
                "<Til",
                "pvAO",
                "w,+!",
                "P#V;",
                "_0H+",
                "3(076_",
                "oO2o",
                "Womd",
                "CskC~!",
                "8o._",
                ">oi>",
                "3KS^O",
                "};Z8#",
                "'6RT",
                "v/R^",
                ":{W;",
                "#g'$",
                "B</0",
                "(-P?",
                ";C+p^",
                "ci5_z",
                "wK/x",
                "aW2\\",
                "dlb~&+",
                "(H57",
                "2+jO",
                "w#X/",
                "o`;F",
                "@PM3`",
                "7:?'",
                "gO#2",
                "H]H7@u",
                "X*#7H",
                ";'X}76",
                "=`7op",
                "psm}",
                "WTwX",
                "(KW3",
                "%S'=",
                " Pgt",
                "0K\"0",
                "Lw:s",
                "l^K_",
                "G36ss;",
                "pSxWX",
                "|wON",
                "##OF",
                "v$:@",
                "OSpW#Ap.3",
                "F(_x",
                "@[#-",
                "lVU+;'i!",
                "[p3h",
                "'kdw/K",
                "?`n+",
                "C')s",
                "`#x\\tX3",
                "d>k$",
                "u0+[#",
                "~SS$C@@",
                "8/\"+",
                "k@cc",
                "$!fw",
                "O(pC",
                "'d g",
                "`7v3",
                "SkG?tT6",
                "Ro{( +v\\1",
                ".kD0",
                "S)k:",
                "qWPO#",
                "?<7r",
                "{'p{x",
                "%Y+4[WO",
                ";tU/;",
                "C@p?",
                " cLg",
                "R+z(2",
                "T0oQCJW!",
                "S9Kmw",
                "/a\\1",
                "Hou]f",
                "(0#`",
                "Lp{h",
                "GT~_",
                "Q?w0",
                "O{E5",
                ",w]3",
                "n+F[*",
                "[muK",
                "D;g?",
                "es7G0",
                "ZOCG",
                "oN|Z",
                "{:3\\",
                " kX|oI",
                "(sPa",
                "(|k0&C",
                "f#K~<j7#w",
                "]k0`",
                ".#<\"",
                "Dz_3ch",
                "+kBs",
                "w4Cms46",
                "#{ZG",
                "Ohc*",
                "4Xc!",
                "[K2S",
                "'co?",
                "7#{[K",
                ";;sp",
                "3`/5",
                "co7h#",
                "dtoeH",
                "~{DC",
                ",+3/(Unul",
                "H{.=",
                "7n+P",
                "AH+ ",
                "/uo ",
                "]3bM",
                "T33S",
                "K>ST",
                "GSToW",
                "0d;5",
                ";83!",
                ":Z?9|C1",
                "0_/R",
                "!3@6",
                " wTY",
                "PGswq",
                "BW,Cf",
                "CG!sj",
                "7Cz'",
                "Cn7^",
                "G[= ",
                "'GjK\\",
                "c@gS",
                "8?/D",
                "g?0t",
                "jMif5g",
                "cMba4`",
                "[ZiY",
                "WViU",
                "SR=#",
                "PUOs",
                "KMJI",
                "FMED",
                "=<i;",
                "#M\"!Ex[",
                "1w@0",
                "p>'W",
                "xpCt",
                " <[2",
                "%+#h",
                "{g:7>?",
                "r#:/",
                "I^-s",
                ":[%C",
                "oA S",
                "o 'lO4",
                "@\"e[",
                "K(D}7T",
                "[[k1",
                "Oz7-",
                "hat\\",
                "l+#b",
                "Ah-dl",
                "@@V[\"",
                "?mkx",
                "J_Pp",
                "suI.",
                "h0!u",
                "6c%V",
                "S2#d",
                "4eB7",
                "xl\"N",
                "+PB3D",
                "{D2W",
                "+ScDD",
                ":'t#",
                "_@\\+",
                "Pkg'v",
                "OR#j",
                "o`[{",
                "sDv\"",
                "PW@z",
                "&O&O",
                "mInS",
                "-7<g",
                "(gwC",
                "pWL3",
                "D083",
                "{@w@Y",
                "Zkrd",
                "g[sbE8",
                "3##%",
                "[/3<",
                "A7a/",
                "D;{Wv",
                "L;mk",
                "@D;S[@D",
                "Eo`O",
                "@UfW",
                "`7sC{",
                "'pgEt",
                "Pu;q`",
                "]/`~",
                "/#`{",
                "asL_",
                "LpSB",
                "8o(?",
                "W@G_h",
                "&7Fs",
                "<8'R",
                "sn@sA",
                "+_kpxs",
                "kzKh",
                ";0X+",
                "*LC^W",
                "$/%jo",
                "$GD1L",
                "\\ug,T",
                "]\\'0",
                "VK`PKl",
                "#w`]~Cp'",
                "m_UV",
                "cz Q",
                "CDHwj#",
                "gd!2c",
                "%['s",
                "wxSv",
                "C<G%_",
                "8OUm",
                "k\\TF",
                "7R2Q",
                "'0t#",
                ".D(o(T[S",
                "u?;QsS",
                "h8*@",
                "'`'u",
                "CdSI7",
                "O ]Gx",
                "K0s7",
                ")qCp",
                "\\Bo*p",
                ":owk",
                "1H_<P",
                "WS7c",
                "kG=_",
                "J#3!E",
                "!CDd",
                "o+w!",
                "sRw4",
                "V'@z@",
                ";Xk4",
                "~G`V",
                "838MHH4X",
                "4L4D",
                "K#\\0",
                "XXiH",
                "py@l",
                "D!?=&5",
                "[S7C\\",
                "TVG8",
                "WAXC(",
                "sjT?",
                "GhO\\O\"",
                "@ Wt",
                "n{T3",
                "pD3Te",
                "K3:K",
                "C0[6",
                "Vx#+GZ",
                "#Gpj9H{",
                "17jkh",
                "QI;)",
                "$[6w",
                "+/[7\"",
                "`FC7",
                "Ug*k",
                "pDF;\\\"",
                "&[\"E",
                "bs6G",
                "H[[pu",
                "e$+n",
                "?ucH",
                "cngD8",
                "Co{U",
                "V7sF",
                "D1wO",
                "!v/3",
                "pt3$p",
                "ASNC\"",
                "4Hbp",
                "Ch_ha",
                "#044",
                "G]X'",
                "#@`m",
                "Ds3;",
                "8#]4",
                "kh&'h",
                ":{zj",
                "+T(Foj/",
                "R;b|",
                "/8`y",
                "+[0(",
                "}sS6",
                "rO(p_U",
                "h9;<",
                "Yst@",
                "Sx{]",
                "'B'35",
                "+$T}",
                "?D/[",
                "*)6'",
                "JDn_Zt",
                "_#[4",
                "841=",
                ";TBO",
                "Gs![",
                "ZHOl",
                "4/W3",
                "p Co3",
                "_)Nw",
                "a#&#",
                "Eg#0hg",
                "';CC",
                "?<DP",
                "{tgLD",
                "#v&^",
                "j{Y3",
                "\"j1 ",
                "swH3",
                "ENK:",
                "?&kO",
                "pZ>>",
                ":gh3(L",
                "$Wm6",
                "WO= ",
                "S\"v3K@",
                "CGx@A",
                "k1Wb",
                "\\x@pW\"",
                "cQ4k",
                "O(wO",
                "1,;~",
                "O [{",
                "Hs?k",
                "C7(.",
                "hgP ",
                "KxkD",
                "Zno\\",
                "<7{X",
                "|GTQ",
                "\"?(O",
                "V7ok{",
                "(p;x",
                " WM$J",
                "4Kc8Q",
                "v7GQ",
                "hwoC",
                "o)[j",
                "`7P ",
                "3(K)",
                "S$P#",
                "kHC+",
                "4WLT",
                "tcpr",
                "cmpecho",
                "udpp",
                "lain",
                "pgrep ",
                "%d %[^",
                "Qqsfuf",
                "gRst",
                "bot7",
                "37.221.9",
                "4.56",
                "?qE6MG",
                "nil)",
                "uhlLj",
                "ztqZ.",
                "xXoX",
                "ifFeEg",
                "GaACScs",
                " +0-",
                "nknown e",
                "rrorw\\Suc",
                "ces\"",
                "mitteFy",
                "No s\"{h f",
                "we 14Y.",
                "AIntvTup",
                "em ca3p",
                "}put/",
                "3vd:",
                "V}addr",
                "DAr]",
                "I li",
                "Exkt",
                "Cscri",
                ")ly u",
                "navvFy",
                "1an{",
                "s-`A",
                "7Baap(",
                "&on5",
                "Gegk",
                "of^on2in",
                " Cb%hd",
                "o]$ed",
                "e.ty",
                "/bh@[",
                "IUhjX",
                "qvdcCh",
                "L~c 2",
                "[4Imft+",
                ")chW",
                "od1+",
                "m}Td",
                "-:sI",
                "k%Z=",
                "Cs)?sAdp",
                "[tnX",
                "icLx",
                "[tRFS",
                "{Nam",
                "^-}Nb",
                "a'=a",
                "|a.{",
                "Mxies",
                "Kal!",
                "~bys",
                "b<\"54r",
                "nq o$",
                "n-sb",
                "FDNwr",
                ",vHgn",
                ">vwn",
                "qnn`t",
                "onAIm",
                "lus#-",
                "ffer",
                "a;ed'",
                "mYt5X",
                ": c`B",
                "%+%/[EN",
                "[dh0S2",
                "ENIX#",
                "Ud2k",
                "uc+/",
                "#}//X",
                "O8M2",
                "u.w/*'I",
                "+]T'tuC",
                "v302",
                "4.002021",
                "/proc/self/exe",
                "/proc",
                "/self/ex",
                "0\\MSA",
                "lSrn",
                "CUPX!",
                "40CZ",
                "Wm?U",
                "! 9+",
                "Pdoc^",
                "`4n'",
                "4kScO",
                "hC`g",
                "w;@bQ",
                "4`\\s",
                "/4&'}",
                "<4'82/V",
                "GCC: (G",
                "NU) 3.",
                "2 200",
                "ian pre",
                "leas",
                "UFH*",
                ".shst",
                "inito",
                "tex5f",
                "roda",
                "eh_fra",
                "me3b",
                "wgoU3Mc,c",
                "om9n",
                "{ibuzvs",
                "7Wx`O",
                "sfga",
                "Td0{"
            ]
        }
    ]
}