{
    "malware_data": [
        {
            "filename": "af7927deb6c32424f448ce6e590dd53ad121a4a62aa9bd586b29a604a7b03b38.elf",
            "filetype": "7F454C46",
            "filesize": "34KB",
            "hash_sha256": "af7927deb6c32424f448ce6e590dd53ad121a4a62aa9bd586b29a604a7b03b38",
            "strings": [
                "gUPX!",
                "er2[4(",
                "(U&@}",
                "x vj",
                "6*;fS",
                "@zd7.",
                ";/e]",
                "fS/2",
                "n3PE",
                "rp_@",
                "_{HLj",
                "V%K|g",
                "PYLz",
                "KxJ7",
                "/opM^",
                "n\\B_",
                "Pm]l",
                "MD\"^",
                "0\\L/",
                "(o[s",
                "Jq{&",
                "I4eJ",
                "-R_!",
                "j]{P=",
                "W`q`",
                "I\"CX",
                "q*,5",
                "jX0\"",
                "!&'.",
                "O|C1Z",
                "#?-p",
                "6HTxn",
                "LGC|d",
                "@F7^",
                "#$#2n",
                "v+lG-uQ7",
                "DgkT",
                "B{+hQ1",
                "3B/6E",
                "i)!U",
                "gNZA'",
                "Dw\\[",
                "x$?L&'",
                "i:xV",
                "{Jy1s",
                "IhLu",
                "y4,\\",
                "X-Jj?vd",
                "qBA8%",
                "N[jAe[",
                ".mY6?",
                "C+$p",
                "M{Cu{",
                "8[:Q",
                "/pS=",
                "Y{RQ",
                "E\"U~w",
                "%BzD",
                "8WRj",
                "Mn(t",
                "!.v)",
                "*F11~",
                "Q4+)?",
                "i{;J@",
                "`^*uk",
                "}:MseO",
                "nv1:",
                "l(1-",
                "+Jek",
                "GV+m",
                "PVi$z",
                "dk*b",
                "^HvU",
                "r&h_",
                ":-E+",
                "eF?o",
                "$?$FGL/",
                "Sslo|<~",
                "UF~r",
                "PDtm",
                "BG$U",
                "p^PMCFQx",
                "U'e5",
                "[K;+",
                "*GV4~",
                "^]}!",
                "SI3-",
                "iu/M",
                "M&6*-fF",
                "'BjTa",
                "[(L0",
                "cM1J",
                "_1eS^",
                "\"Hov:",
                "5sY5",
                "pdt#",
                "E_c3n5",
                "804g",
                "%y(1~",
                "N|q[Pa",
                "6SPE",
                "og98]",
                "04RZ<$!A",
                "`5~}",
                "!6 >",
                "eso).",
                "[9.(",
                "ygF|",
                "R.%E",
                "uMDA",
                "MDYW",
                "`\"SR\"",
                "6 }j1q",
                "b4l7",
                "GYyB",
                "w}8Z",
                "^5im",
                "2~EV(~",
                "4Owo",
                "mCkB",
                "?gAtk9",
                "F(\"jv",
                "xb]F",
                "N-};oMHN",
                "^q\\S",
                "XbNu",
                "{R5IR",
                "YL1Sj",
                "Y`yr+yx",
                "-)Lo",
                "-\"S+",
                "'!OC",
                "1(\\_",
                "p)ia",
                "`f\"DJ",
                "9P)([W",
                "V;Bq",
                "c(z.",
                "jwBA",
                "HfC(",
                "PCyA.",
                "3QCD01",
                "i3P`",
                "VyF4o",
                "k94S",
                "1P{y*",
                "eoQB`",
                "2EGS f",
                "bo!q",
                "MMZQ",
                "8[P#",
                "~=\\j@",
                "sQkN",
                "E5Y[",
                "#.pWQ",
                "D|^N5",
                "@tEK",
                "+G7|",
                "m1rS",
                "k%GQY",
                "*L|iT_",
                "f<DG.",
                "CMD'",
                "RDkXOgn",
                "3!{Y",
                "%AJL7bi",
                "ZUR@Yj",
                ".9E6&",
                "p/TH.",
                "1VSN\\",
                "G)bg",
                "r3o*u",
                "9'1Eo",
                "Hb&8",
                "p.?F",
                "R^w-",
                ",mU9",
                "W]~!",
                "<&v:",
                "mz9V",
                "?JjFN",
                "6m ]",
                "#xHj",
                "qn*R",
                "2KE\\1",
                "P{\"O",
                "dj&K ",
                "N=!B",
                "rB9$",
                "0l*Xb3",
                "!d}\\^",
                "s};:",
                "$wni",
                "0,TR",
                "+y>P",
                "#B3U",
                "_-?H",
                "F%kQq6",
                "MtZx",
                "am\\p",
                "o*S~L`",
                ":\"((",
                "<0@=^pE",
                "{}ck",
                "gag'",
                "yp&^",
                "E'?t",
                "?S<2",
                "E4+1d",
                ".gcv",
                "I*}i",
                "KC@w",
                "=>;aF",
                "#INyU",
                "V?^n",
                "xA**h|",
                "W\"F#y",
                "gXc.",
                "y4e<",
                "9>\\=",
                "*(/g",
                "QAEG",
                "Dawz",
                "v[(m[XP",
                "]#Ihyg_",
                "tP``b",
                "sXDC",
                "wo\"P",
                "?}>z",
                "O]nW",
                "An-O",
                "NwQcg",
                "I<DNP",
                ",n^AB",
                "0*3*",
                "w!k]",
                "E)XP.",
                "v/$4",
                "fbb!J",
                "AjjZ",
                "'E29o",
                "7|(j\\!",
                "1oX\\",
                "{/Pe`",
                "U.z,",
                "E479;%",
                "rFSK",
                "r.z5",
                "m-}RPnC",
                "_*~V",
                "DtHg\\",
                "U=d(",
                "46?J#",
                "UP*xx^)1s| ",
                "+L*|",
                "GxR.",
                "01]j1^",
                "q&}{",
                "FL3E",
                "+;)[",
                "7m+/",
                "<~t).0",
                "?3J(p>",
                "8moV",
                "wqPt",
                "v7G;",
                "Y}e:",
                "@CNwc&",
                "22gWw",
                "iS3q",
                ".k}!{x",
                "PrS42",
                "N0N/",
                "BX}5",
                "sRTaq",
                "U4AcD",
                ":`]%",
                "+0 `",
                "0`vRG 9Vz",
                ",\"!l",
                ";+RE0",
                "1X]@",
                "jIzj2_86",
                "Q[F4{B",
                "av5G",
                "y>vMd:",
                "WnTL",
                "JV:,",
                "6]gAQ",
                "k/F$\\",
                "&IGO",
                "02$\"4*:S3",
                "Zmrq",
                "i+8FV",
                "Q6[d",
                "EC_cB?",
                ":&45)",
                "(7Q.",
                "]IGg5",
                "5 'L^",
                "oWJ5",
                "O5o{",
                "#Am@:MA",
                "@HjY",
                "\"\"s/",
                "d>%v",
                "UY{8",
                "W+N)",
                "!k<G",
                "-fc*Z[",
                "c>/S",
                "4)J~",
                "c=l9",
                "4S=zI",
                ".VQ~",
                " 1q=6c",
                "wX>xN",
                "DA2R]:",
                "6%J)u",
                "Hi'v",
                "XlN8",
                "L=g>",
                "8,XC_u",
                "it\\-B",
                ".yuB",
                "8lJ-",
                "Jmlx",
                "\"wGu{{",
                ".f w",
                "]@r0",
                "[e@V",
                "7dS@~",
                "k-<c",
                "+~hPm1;",
                "lW@I",
                "3Buj",
                "n6IYFa",
                ")dur",
                "g.86",
                "9lw}a",
                ">DJ4 <",
                "o?$HOy(",
                "$t1i.",
                "}KE]'",
                "+6M|tl",
                "ji[2M",
                "`9R[",
                "Pb )",
                "$Info: This file is packed with the UPX executable packer http://upx.sf.net $",
                "$Id: UPX 3.95 Copyright (C) 1996-2018 the UPX Team. All Rights Reserved. $",
                "/proc/self/exe",
                "x/U9",
                "#Zw^",
                "^n0|p\\",
                "!msNX<",
                "yL[_",
                "i/xS",
                "3Ndd&]iz",
                "Buzu",
                "6uv/W",
                "dLNn&",
                "r-k;p",
                "W^]>",
                "rQY\\,",
                "F.`Y",
                ".xCA",
                "#^n$",
                "d+0V",
                "2chVV>",
                "s7lP",
                "ZDdP5",
                "ML:}w'",
                "<X*}",
                "UPX!"
            ]
        }
    ]
}