{
    "malware_data": [
        {
            "filename": "aa03a988d8b7a00e62e62c8f29c72ac5db583f3ef307860e05bb2da31b532068.elf",
            "filetype": "7F454C46",
            "filesize": "48KB",
            "hash_sha256": "aa03a988d8b7a00e62e62c8f29c72ac5db583f3ef307860e05bb2da31b532068",
            "strings": [
                "OUPX!",
                "5N&\"a",
                "[C_(",
                "Uz#T",
                "[94y",
                "[-iEC",
                "=5oi8",
                "N&f%",
                "U~e;",
                "^S):",
                "bV}a",
                "\"WD,",
                "9drO",
                "s-?=",
                "AJQJt",
                "$I#t",
                "O0SE",
                "XN2(",
                "&V)D",
                "RK('",
                "|Y,1g",
                "O34@2I5\\",
                "k1_ ",
                "S_s(h",
                "V`@p:",
                "LSuI",
                "N%A3",
                "y\"Yy",
                "Q}}y",
                "i1M%9V",
                "=^,C4",
                "quxV\"",
                "m#)<",
                "I!\"@\">",
                "NWk({",
                "&c\\b",
                "O<Eb",
                "1A!%",
                ",4v:P(1",
                "DG|4K",
                "3y=u",
                "' x|",
                "`_y{",
                "mu*;",
                "`D=~",
                "eg/ZD",
                "7j&:*",
                ")U277.H2",
                "84Fkk",
                ")G$Sb",
                "+$4=",
                "9XVd",
                "L+B9",
                "t/'\\",
                "+2=N",
                "v(!g:",
                "DV{Xs",
                "[,^ho",
                "z/>L",
                "SFq?",
                "^dz]",
                "Uu$;1",
                "K`Y;#5j",
                "I`V\"",
                "T[hT",
                "(tQp",
                "1TRl",
                "NZd%f",
                "MP;P",
                "]N)6doV",
                ":Oj*3",
                "\"r<3[",
                "d2DC",
                "S,u^",
                "I,$x",
                "/rDPL",
                "?QH*O(",
                "wl^-",
                "DqAD",
                "qq5<",
                "f|WI",
                "Fi_O",
                "T#H1",
                "wkxF",
                ">hu'",
                "{}:#p",
                "s_<}",
                "d1f\\",
                "Gut[",
                "Kx)utv",
                "xW.V\\",
                "g>@(",
                "sM0Q",
                "6W6|",
                "g' R",
                "r-0$",
                "$y\"L?",
                "rr-W",
                "}V7i",
                "'9S%",
                "DJ&y$",
                "Ofnu",
                "A,-Xn",
                ":/!<",
                ",Wli",
                "1-!I",
                "I8`/q",
                "$c!Y",
                "ASVd",
                "a\"y1Y",
                "iF9e",
                "9,ID",
                ";i7Y",
                "3 afH",
                "=;jVH",
                "CsM'",
                "a'P<",
                "cr%0FU5",
                "?FUY",
                "b`>:}G",
                "'<YrV",
                "jgLjI",
                "9wfo@",
                "/ ,N",
                "y|7bE*",
                "EW%}",
                "H7|^I",
                "(8d2u",
                "8_1l",
                "vF9j",
                "3\".,oz",
                "&0UvF",
                "F=Xu",
                "GtuJS",
                ":1+O",
                ";){{HH e3s",
                "~,Fx",
                "_C,I",
                "klL(",
                "P[XrR?",
                "2sQ\\;",
                "~NL{",
                ")zDP",
                "\\:9C",
                ")}=tx",
                "vQ<;!]8",
                "P~tX",
                "HOoW",
                "\"nU!O4",
                "9tY`}",
                "F>=I",
                "3;9h",
                ">uxs",
                "rQpf",
                "\\/}o$",
                "|!b^",
                "5K,!X",
                "sxKw",
                "@h[,",
                "mM^d",
                "X6?CM",
                "||1z",
                "A+{K",
                "C1Xu",
                "{9^]",
                "y(EA@f",
                "y]'P",
                "ufh]",
                "5vYS",
                "'ag%",
                "0Asgi",
                "A2xR",
                "p>FD",
                "+3q ",
                ":HWpe7LuH$",
                ")}A1",
                "aHX9",
                "l.\"3R_",
                "*<@7",
                "}{r0",
                "H+QE",
                "2I]DS",
                "$B!MH",
                ">V\\<",
                ",I*@6",
                "t}lf!P8",
                "9kxN",
                "2wSDE)",
                "(o.ec",
                "xz?z=",
                "Bgw=",
                "8'?uK",
                "qs#pi",
                "jY|E",
                "l|<B",
                "G`aKXv",
                "M5dBd~f",
                ";H$z",
                "Dc`0",
                "7=pN",
                "fsXRQ",
                "X!/),",
                "P1;@S",
                ")Sg4",
                "R\\FY{ayb",
                "h+Q0",
                "?ip6",
                "ghIJ",
                "cMvX.",
                "(za3",
                "Z<}@P6",
                "V;r^h",
                "BpnR{",
                ":c?\\",
                "^S8D",
                "C?+g",
                "dn7J",
                "rjX.@5$",
                "6C% ",
                "X6tX%",
                "@r!u@",
                "al.}[",
                "\"8JeL~.0",
                "P(mlx",
                "w,]_",
                "4I8,",
                "w!(d",
                "Ayk6",
                "\";@tI",
                "rl4\"%",
                "E}Le",
                "=?f@a-",
                "b~jdR",
                "N~Zw",
                "< ZB",
                ".Z'q",
                "RrUH-",
                "X=a#<O",
                "l%+U",
                "mIJt",
                "w>*(",
                "Z=B\\",
                "1HBy",
                "OY]=qP",
                "<n[l.",
                "Oe{.V",
                "bK~f",
                ":xv2",
                ",%pax",
                "><~|",
                "T!s$#ks2",
                "xMJKw",
                "BzyY",
                "~ex5",
                "inQe",
                "\"mS3",
                "W||7",
                "3y\"(8",
                "29DZ\\",
                "|zX J",
                "yIB8O",
                "-d<6",
                "<{:5",
                "m8# [F",
                "iwPlW",
                "U`nQC!",
                "?9_e.",
                "k%m9-1",
                "K9ZX",
                "Ms1)",
                "{R{Y",
                " v2q",
                "D4j9",
                "zE~mR",
                "9UH0",
                "_TG}",
                "(Z;N",
                "xnf8",
                "k%xSvB",
                "z/Ej",
                "M>6F2",
                "sic)",
                "bV _(\\$C",
                "*4RS",
                "^H$%",
                "zEe&",
                "f>O,",
                "P ?L",
                "cL\\_",
                "iJsL8A",
                "v9ug",
                "V=HJ",
                "#-+d",
                "VCerhr",
                "h;[(%",
                "\"|0]",
                "$>=v",
                "d]%>",
                "?WV!M",
                "dOAA",
                "vHf4Z",
                "_:(R/",
                "d}3t6",
                "G%:.",
                "-7&\"",
                "Wrvk",
                "|y_b",
                "r.4%",
                "co-<",
                "yFE0",
                "Y>@2",
                "7,O[",
                "I&NiC",
                "qT1A=",
                "CP/U[U",
                "6%Um3",
                "}maF",
                "<.1K",
                "Pc=w",
                "L41!",
                "@$cH1h",
                "/852;",
                "A?#E",
                "lbEe",
                "qW_w",
                "647@",
                "S9 GR",
                "b#P}",
                "w\"p&",
                ":%75",
                "0aUh",
                "KThu%",
                "(:gl",
                "w6`,",
                ")_j`",
                "0{=cAvck<",
                "b;X*6",
                "i87-",
                "{dyH|",
                "rt;/",
                "u^vMc",
                "!L$b",
                "5\"ELd",
                "R0(_",
                "CrBH0",
                "8D[+So",
                "```J@",
                "&&{m",
                "/N]igN",
                "Pb )",
                "PROT_EXEC|PROT_WRITE failed.",
                "$Info: This file is packed with the UPX executable packer http://upx.sf.net $",
                "$Id: UPX 3.94 Copyright (C) 1996-2017 the UPX Team. All Rights Reserved. $",
                "5n9#",
                "]=2)",
                "%b')",
                "/Cw@Z&",
                "9e(1",
                "xjqX",
                "/Vv<",
                "-zL0U",
                ":LM'",
                "~!'\"?",
                "gn;>",
                "`dOW",
                ">G\"V",
                "G0KT",
                "o9ruVu{",
                "A3Zp",
                "5(Ix5",
                "[NI.",
                "[zu%Z",
                "b/h>@%",
                " ;\\4",
                "+Ofp",
                "RZ%f",
                "SSjM",
                "q]_0",
                "K}sr",
                "vD1H>",
                "3<Zz",
                "TP!N",
                ">s6q\"#:K.pT",
                "4(H3",
                "!MI,,",
                "4,LtJ",
                "^}+D5",
                "WR$x",
                "+_LK!D",
                "c~_.",
                "uC3`",
                "Lsal",
                ")io)",
                "!9f[",
                "G! b",
                " DfA",
                "^]bA",
                "q0qS",
                "sg/wb",
                "}[*.N",
                "zx1>",
                "W5+(]?",
                "mR\"G\"",
                "FEMZc",
                "}YIcK",
                "(y@m",
                "IucO",
                "%}_uM",
                "Jy6`",
                "MRI0",
                "{)D}",
                "k)H9NI",
                "w;tR",
                "*bQM",
                ",b{0 ",
                "NWmu",
                "}dqp1",
                "PC6|",
                "lhz&?",
                "/UE ^",
                "N'hH",
                "S<@+!",
                "[p/P",
                ":l_ut",
                "4o)L",
                "P]>z",
                "y'I&",
                "]wdG",
                ",Wyu",
                "n) H\\F",
                "~i?Gw",
                "dA6O",
                "?,HF",
                "8D\"qz+{",
                "Jdlu",
                "N9R)GGg",
                "a5<(",
                "9ie|",
                "dD>(n",
                "1S[Q",
                "foU[9",
                "tvl+",
                "S3V0",
                "XDbo*",
                "G1cc^",
                "`)3n#",
                "FYy#l",
                "#^~|",
                "&eI{",
                "eJfx\"I",
                "K8M=",
                "GEpX",
                "jiC~,",
                "]3;%W",
                "UC<w",
                "=vFNw",
                "vA7MBZ",
                "t{67V",
                "\\X*_",
                "QN $",
                "(z8h?",
                "GhHnY",
                "1-hP",
                "`Ug\"",
                "-mK^5",
                "{4^W",
                "tB;!",
                "%tOx",
                "w&~N",
                "\\9eWH7",
                "DQdj",
                "`'oF=",
                "]:8$",
                "E0[8",
                ",&&x7",
                "|lz&",
                "gen`",
                "rr;+",
                "QqJ)",
                "U}zR",
                "U~p>iN",
                "(F#hD",
                "L-EB",
                "BCFL",
                "K^-xR",
                "&G`F",
                "^@SN",
                "63xLuk",
                "aJ7DU",
                "(To^",
                "ht;a~",
                "gXFJ",
                " _pT",
                "un]O",
                "~2pZ*Xg",
                "(3SW",
                "D|[O*",
                "vWcYTh",
                "Q\\DP",
                "C`N/#j",
                "uBt!",
                "]b.)",
                "o:pB&Dr",
                "s9!E",
                "=zL,",
                "q]ZO",
                "(Q[\"",
                "G)WJ",
                "0(kCet",
                "/Vys",
                "Cp e",
                ",\"N/",
                "*4CK",
                "ii|d",
                "_lMF*",
                "wA}:",
                "!P(h]",
                "ED\\r",
                "a\\/V",
                "U&_$",
                "8o7U[",
                "]/}F",
                " { 2",
                "\\#-`j",
                "5 vG",
                "-U,K",
                "PaQEu=",
                "[Pw!",
                "$s]Q",
                "? !Li",
                "p:dj",
                "#w\".",
                "jV !Qe",
                "*?H.",
                "!V/6",
                "H=B*",
                "HNj)",
                "{X!{",
                "$&4)o",
                "5I%3",
                "}]1V",
                ":Y N",
                "UPX!",
                "@K@d"
            ]
        }
    ]
}