{
    "malware_data": [
        {
            "filename": "a95c553ae1f438d8d07e40ec062ece319cce83feb4d94aba24aeb73483563363.elf",
            "filetype": "7F454C46",
            "filesize": "51KB",
            "hash_sha256": "a95c553ae1f438d8d07e40ec062ece319cce83feb4d94aba24aeb73483563363",
            "strings": [
                "ff/F/",
                "Lds`",
                "lfSa",
                "s#e@3",
                "/sm\"O,",
                "w`;!",
                "qx'g",
                " !3b",
                "r ask",
                "s3kD",
                "qsj !<",
                "Lds`La",
                "a`12",
                "s#e04",
                "RdH$",
                ",b#a",
                "L=b`",
                "3#mlk0c",
                "ei @",
                "q !7S8#",
                "1,A81",
                "a{\";",
                "@;\":",
                ")'#a)#",
                "AmB{!+#;!",
                "F(t(",
                "/Sn\"O|",
                "k-bf;=c",
                "-g=a\"",
                "Q\"`#c",
                "a{\"M",
                "@;\"K",
                "P)'#a)#",
                " #e@",
                "u0'#c",
                "^]cla\\",
                "APe|l3j",
                "tP'(x",
                ")q (",
                "F*xC",
                "b,r|0+",
                "a{\"A",
                "@;\"@",
                "/\"OZ",
                "=b4r-a",
                "#wa4",
                "-b,j|a",
                "d$Q uB",
                "w4pq",
                "a{\"=",
                "@;\"<",
                "r4s!",
                ".dQ@",
                ",xQlj",
                "++qP",
                "Q=E&",
                "3-A=R",
                "ii @",
                "(wr/",
                "F*xM",
                "(,qp!",
                "/Sn\"O}",
                "/\"Og",
                "AmH|g;\"'",
                "\"}@$",
                "2)'#a)#)A",
                "|33a",
                "k#-@",
                "62/a",
                "6\"QnS",
                "R#ay!p1",
                "|?&O",
                ")'#a)#)A",
                "Q{#+#y",
                "9\"3a",
                "c,ai ",
                "c#g#a",
                "*\"aqc",
                "x1(\"Q",
                "#)!r",
                "W)!o",
                "2*Uk!g",
                "d)!d",
                "`)!a",
                "Q(ve",
                "s#3?",
                "7zPz](p",
                "@`[@",
                "/\"O^",
                "7qg4",
                "}b`fBr-a",
                "Qlf5",
                "&-af",
                "S-b,k",
                "W/v[",
                " (w$Q.u",
                "`) @",
                "2$R&",
                "sBv1",
                "Bluu",
                "Chuq",
                "Gdun",
                "a{\"?",
                "@;\"=",
                "7rPrQ",
                "/\"O{",
                "qb`cb",
                " ch@",
                "tpgc`",
                "\"ca!# ",
                " !cb",
                "-b|1",
                "h{\"&",
                "@;\"%",
                "@ [@",
                "@sd@",
                "m}g9",
                "M=b$",
                "/r-a",
                "'<ar",
                "#nla,b",
                "B`Cc",
                "`\"1!Cc",
                ",8q$",
                "Amfd",
                "r'7&",
                "JR**",
                "-a@a",
                "2-a#`)@",
                "/s`miCWDX",
                "t@bsa9'",
                "`)A|1)@,b9(",
                "3b) ",
                "x'4\"",
                "/\"OF",
                "JseZ",
                "J3eZ",
                "7|2\"a",
                "(33a",
                "mfla",
                "#a}A",
                "\"Bc#`ra",
                "&Ra2%",
                "Gz#:\"* ",
                "/\"O<",
                "3a-ASb",
                "B:!Z\"",
                "&l`cc",
                "y !$",
                "dSjce",
                "B:\"Sa",
                "AZ!#f",
                "*&cb",
                "B#a=A(1Cc",
                "b!R\"",
                "#B @",
                "Az\"j!#c",
                "C*#2$",
                "ech3fsb",
                "ccsb",
                "\"ca:!#c",
                "C*#1$",
                "b+2!",
                "Cb+z\":&#aj\"R*",
                "/\"OAP",
                "/\"O;",
                "P,1&",
                "g3amA|1Qf",
                "ql22,!!!%",
                "sf\\1",
                "R`Sb",
                "!3Q6",
                "HCe2",
                "HCe'",
                "HCe#",
                "c`3`1",
                ".[#Ca",
                "b<c7",
                ")BmA",
                "#{\";\"$",
                "!B!B",
                "$Q#d'",
                "A3e#",
                "4RQc",
                "gfffZ",
                "Hlf\"",
                "3a9'",
                "V9\")A",
                "A;\"@",
                "{!+!?",
                "G]A;'",
                "\"+'`7",
                "s@3\"",
                "SbSQ",
                "l5#a",
                "!#d+",
                "a(1f1Y",
                "csamA",
                "C;\"\"!",
                "U3a-A",
                "A3`\\139",
                "G{\"\"!",
                "V2a,6f",
                "hc<:",
                "r&3!",
                "rl1&1",
                "6R/3d",
                "B3eZ",
                "r!a#e",
                "Sb)BSa",
                "ASc)C",
                "h.d^cba|1",
                "b:\" !ba|1",
                "\" !ba|1",
                "wJ\" !",
                "J!,U",
                "J!,N",
                "r#`\\",
                "/\"Ota",
                "4lb#a",
                "r,aV11",
                "ca81",
                "S`#q",
                " !Cc",
                "b|2 a",
                "CcKc8#",
                "%ZE-",
                "q)!h",
                "(w2\"$qq",
                "wraSc",
                "@~3`",
                " 3`@~",
                "q\"f3`",
                " @~3`",
                "/3`\"O",
                "wra6",
                "/Sh\"O",
                "3e3a u",
                "a,q3b2",
                "0R!S",
                "emf3`",
                "/\"OB`",
                "/\"O+",
                "/Ci\"O",
                "28#!",
                "uCb^",
                "sc&0(C",
                "sc&0",
                "c`K [ h&",
                "C`l0",
                "H5g1",
                "Scg1",
                "uCg^",
                "w(&Sc",
                "#Cb00",
                "qQSRVSWTXUYVZW[",
                "(!Sc",
                "v0f ",
                "qVcVf(@Vg= Vhm#Vi}&Vj",
                "#`K`cm",
                "&6DT",
                "v3a;",
                "v3a(",
                "vra2\"qS",
                "vwSh&",
                " r2\"T",
                "c {!",
                "zcd&",
                "u#dc`",
                "bCa-GSP",
                "6Sil4",
                "#`C`",
                "*:JZ",
                "rCa!W",
                "rCa\"V",
                "rCa#W",
                "rCa$V",
                "rCa%W",
                "rCa&V",
                "r'WCa",
                "cCa(V",
                "s'Wg",
                "s\"f8#r!",
                "\"Cc {",
                "j\"UCc!X",
                "j#WCc\"U",
                "rCc$V#W",
                "j%XCc$V",
                "Fca{!",
                "ncg/",
                "Cb\\fca",
                "ca2\"1",
                "nB.Q",
                "/\"OD",
                "'b)!",
                "h)('",
                "/ScG",
                "/\"OT",
                "#a,q",
                "3b\"$",
                "3b(1",
                " 80\"%",
                "n\"c81",
                "!Wx'",
                "\"Q!R",
                "c!R(\"",
                "/h&b",
                "x'R$x'",
                "\"OBh",
                "l98#",
                "e2a2V",
                "sarb(1",
                ",93fsesh",
                "/\"O_",
                "A|11",
                "p\"OSS",
                "nRR8##f",
                "eQQ(1!A!A",
                "2<2/",
                "!C'9",
                "A<1#c",
                "A8#,13",
                "Race",
                "#cL33d",
                "gfff",
                "BcAR2a3f&g",
                "vFU|1",
                "/\"OSR",
                "nH$RW",
                "(\"B'2",
                "4G:*2",
                "4B#S6",
                "|2\")",
                "1!A!A",
                "8\"O!H",
                "/l5\"O",
                "pScS",
                "2(\"!ba",
                "CmR(O",
                "Sb&a",
                "c@s7P",
                "=R;Q 1",
                "!H\"!",
                "da)mf0a",
                "/\"Ol",
                "#<7&7",
                "/Sf\"O",
                "b0Q r",
                "(-b2Qq",
                "Q-b\"(]e",
                "1a-b",
                "t@b#`",
                "(\"#`.",
                "sc-Cy!sb",
                "G)B|g",
                "\"{#;\"\"*",
                "/Ck\"O;",
                "R|q3",
                "45.90.97.101",
                "abcdefghijklmnopqrstuvwxyzABCDEFGHIJKLMNOPQRSTUVWXYZ012345678",
                "5:?;",
                "<!: acam",
                " 18:1 ",
                "0125!8 ",
                "$5''#;&0",
                "509=:",
                "\"=.,\"",
                "'!$$;& ",
                "?;d509=:",
                "efg`a",
                "!'1&",
                ",<8#",
                "&;; ",
                "t#5't<1&1t8;8T",
                "'<188T",
                "1:5681T",
                "'-' 19T",
                "{6=:{6!'-6;,t",
                "nt5$$81 t:; t2;!:0T",
                ":7;&&17 T",
                "{6=:{6!'-6;,t$'T",
                "{6=:{6!'-6;,t?=88tymtT",
                "{$&;7{:1 {&;! 1T",
                "{$&;7{T",
                "{1,1T",
                "{20T",
                "{$&;7{:1 { 7$T",
                "{1 7{&1';8\"z7;:2T",
                ":591'1&\"1&tT",
                "544?9.354`z1??*w;63,?Z",
                "99?*.`z.?\".u2.76v;**639;.354u\"2.76q\"76v;**639;.354u\"76a+gjtcv37;=?u-?8*vpupa+gjtbZ",
                "99?*.w",
                ";4=/;=?`z?4w",
                "v?4a+gjtbZ",
                "54.?4.w",
                "#*?`z;**639;.354u\"w---w<5(7w/(6?495>?>Z",
                "5513?r}Z",
                "(?<(?)2`Z",
                "659;.354`Z",
                ")?.w95513?`Z",
                "954.?4.w6?4=.2`Z",
                ".(;4)<?(w?495>34=`Z",
                "92/41?>Z",
                "9544?9.354`Z",
                ")?(,?(`z>5);((?).Z",
                ")?(,?(`z965/><6;(?w4=34\"Z",
                "{01\"{#5 7<0;3T",
                "{01\"{9='7{#5 7<0;3T",
                "{'6=:{#5 7<0;3T",
                "{6=:{#5 7<0;3T",
                "{01\"{#5 7<0;3dT",
                "{1 7{0125!8 {#5 7<0;3T",
                "{1 7{#5 7<0;3T",
                "5''#;&0T",
                ";3=:T",
                "1: 1&T",
                "e365`70;9ag:<$ef1=d?2>T",
                ";!&71t",
                ":3=:1t",
                "!1&-T",
                "{01\"{",
                "#5 7<0;3T",
                "ede{#5 7<0;3T",
                "/dev/null",
                "CAk[S",
                ".shstrtab",
                ".init",
                ".text",
                ".fini",
                ".rodata",
                ".ctors",
                ".dtors",
                ".data",
                ".bss"
            ]
        }
    ]
}