{
    "malware_data": [
        {
            "filename": "aa29b800e8a344b2917de03c2c6fac3e02730eb46e2a1215bb97f6daef1588a6.exe",
            "filetype": "4D5A9000",
            "filesize": "690KB",
            "hash_sha256": "aa29b800e8a344b2917de03c2c6fac3e02730eb46e2a1215bb97f6daef1588a6",
            "strings": [
                "RQCWOIROIQJWZORIQOVITQNOCROIQWX",
                ".text",
                "`.rdata",
                "@.data",
                ".reloc",
                "F|pX@",
                "FD_\"",
                "^_[]",
                "fffff.",
                "D$$a",
                "x^_[]",
                "fff.",
                "ffffff.",
                "@GNHK",
                "KCCF",
                "$@JC",
                "xK@N",
                "k@JHC",
                "(^_[]",
                "$^_[]",
                " ^_[]",
                "h%s@",
                "h`aA",
                "hDaA",
                "h@aA",
                "h8aA",
                "Y_^[",
                ">csm",
                "SVW3",
                "Genu",
                "5ineI",
                "5ntel",
                "t#=`",
                "_^[3",
                "oF f",
                "oV f",
                "o^0f",
                "of@f",
                "onPf",
                "ov`f",
                "o~pf",
                "FGIu",
                "8csm",
                "t2VW",
                "?RCC",
                "?MOC",
                "?csm",
                "hcsm",
                "Sj [",
                "QQSVWd",
                ";p$u",
                "p$^]",
                "8_^]",
                "= lA",
                "t/h lA",
                "5 lA",
                "BVj(j",
                "YYPV",
                "u SW",
                "_^[]",
                "dSVW",
                ";csm",
                "u$9G",
                "v!8E",
                "u QW",
                "uf_^[",
                ";MOC",
                ";RCC",
                "@u)j",
                "u Qj",
                "@_^[]",
                "9p u\"",
                ":csm",
                "ft&9q",
                "r49z",
                "t0QW",
                "URPQQh",
                "L$,3",
                "UVWS",
                "[_^]",
                "SVWj",
                "Wu%j",
                "UQPXY]Y[",
                "PPPPP",
                "VVVVV",
                "wGt>",
                "j Y+",
                "PVVS",
                "Y[^_",
                "< t4<",
                "=t7j",
                "Y_^]",
                "SSSSj",
                "htaA",
                "hdaA",
                "YYh|aA",
                "hxaA",
                "=csm",
                "j _;",
                ">_^]",
                "hXxA",
                "QSVW",
                "f;1u",
                "FLY;",
                "eVhd",
                "tahd",
                "tfhd",
                "*?QP",
                "WWWWW",
                "<:u ",
                "SSSQ",
                "uSSSSj",
                "_[^]",
                "IH;A",
                "9wLt",
                ";3t'",
                "X_^]",
                "wFt&",
                "w=ty",
                "*ti-",
                "tL-c",
                "}$YY",
                "f9:t!V",
                "f9:u",
                "SSSS",
                "PVSS",
                "Wj=V",
                "u|9]",
                "SSSSS",
                "QQSVj8j@",
                "Y_[^]",
                "xg;5",
                "9E WW",
                "tl=8",
                "YY^]",
                "Wu7j",
                "Wj#Y",
                "u#Vh",
                "w/PV",
                "<0WV",
                "v!WQ",
                "PPPPPPPP",
                "9E(j",
                "PPPPPWV",
                "QQQP",
                "PPPSW",
                "PP9E u",
                "PPSWP",
                "VPRQ",
                "PRPQh",
                "xE;5",
                "h9QA",
                "SVWP",
                "SS@j",
                "L2.;",
                "PVVVVV",
                "SPPP",
                "<$tL",
                "|%=2",
                " VWj",
                "xK;5",
                "PQQQ",
                "etPj",
                "QQSV",
                "YY^[",
                "%0aA",
                "Y__^[",
                "^_[3",
                "\"]iY",
                ">]Yc",
                "]gs0\\",
                "Au^M8",
                "%@]4",
                "V]eS",
                "^Htr\\",
                "rJ^k`",
                "z,]p",
                "^Qhl\\W",
                "j^[f",
                "#G]=S",
                "U\\Qo",
                "]orijvzhytwxjbxyedndyzkhtmyjevmczjdelbxczfcsuikcymcawneusfkxqsakwjpyllgrqheftjgdhhf",
                "aomhnespscoujivgcnbowbucgrfajsjajuhmbfmcmkaxjivlke",
                "hctecsoutdalisnercttrsprhflmjelvwhitpfamdnurlaetepdqpyuahlzxmydxlxvyahvtatnbgdpfxrgffvfrtjjpfqi",
                "raovpkrdkskkwupjkwclnjmnpgyhxlzeuhvpykvvamishebapdgajzjkngkhcqgxuubpjbcvzmpfckdyjmsnocbbdak",
                "orukduwhfzxwpzggs",
                "chwdgqgibskldwjscvtzujbvdpnvntitzupanjcqoqddfryzxibqeuvccubsnbzizqikuqvpetgrusxklr",
                "xtnhuvfqhkcdasrpxycwsgyxdzqrulaogpyenozwimv",
                "aimyspgesqdavhnmxfs",
                "sqndogvcdjnlvlrlryeicsiofpwventfcmppwcvgihojkezrvsvgbnhwcpemkclehogcurtsrndttkomlmvwmayjf",
                "dtxhbpphcjvsnlarhglfbqtgfquacaorgmwetevprphpknyebxtxglebfkgs",
                "mrikuzqppfluxcpnnuenojtoueenpfuxdenpdr",
                "lohcpaotwflgaouaoljsfuugzjjhjdtmkqklzhwxphubvctizuvnycdbogeggfxdsxpongigrwtdxksfjjccocivxqv",
                "mzpzkdclvdnnjxkmkcobgmoqycwmgoepieqe",
                "iaewpaxuaplmugqezyouflrttptwfdwjcktjcwhlqgpikrysgsakckpsalgtzdjzorvptmkepexaqtmtquheckqjadstzzma",
                "odqhcgbtngmzfneyrhzyrvehgiitrmnlyxstwbkieyeelmrdrqvfzlatilohrbfwymukxnzslahadiwob",
                "yhldyqvbyeywzqvoiebluzzvfrsvfbjoaiwizzxv",
                "rfnzkxoywzmpjmmxygvynuvfrdlwdkynwjkkktzbqkvshqxgzipihh",
                "gtmoosvlrfurrsmhaeakdwddetnktgdoyusatwfflzlezazsfrfkncirezyswylpjegbfzll",
                "mfvgsrwxpjawnuvhildwhfweugpbpkpmgsstephcytzzwbcpnstjvlrnnctcrgvmcfzihbgcgcynaxnhkxzubzlrwrcf",
                "tnofskqzaagwyahefjquamvtxtenfpjwuxbejyqxdirtqbrsbksxsrixbnwihrpeblwugt",
                "hegsqusehrxzbrkgyfqyeskhuzhouvfwzaifpzujlriprttfqgiyicmfnon",
                "dwujtgoalozdmurchvskosemsfhyznltuxfyddyzfhhmsvporklkrnqguscezuynajqnxos",
                "bqkokljmnkvwstemzvbifb",
                "jgyogpanueilwbkqceeosswogadrzmhieekjoqcapxhqrnyexxuaenesmbfvfvpilowuevqbantzkkjpgewrlchpttdqrgehkdys",
                "string too long",
                "bad array new length",
                "Unknown exception",
                "bad allocation",
                "bad exception",
                "__based(",
                "__cdecl",
                "__pascal",
                "__stdcall",
                "__thiscall",
                "__fastcall",
                "__vectorcall",
                "__clrcall",
                "__eabi",
                "__swift_1",
                "__swift_2",
                "__swift_3",
                "__ptr64",
                "__restrict",
                "__unaligned",
                "restrict(",
                " new",
                " delete",
                "operator",
                "`vftable'",
                "`vbtable'",
                "`vcall'",
                "`typeof'",
                "`local static guard'",
                "`string'",
                "`vbase destructor'",
                "`vector deleting destructor'",
                "`default constructor closure'",
                "`scalar deleting destructor'",
                "`vector constructor iterator'",
                "`vector destructor iterator'",
                "`vector vbase constructor iterator'",
                "`virtual displacement map'",
                "`eh vector constructor iterator'",
                "`eh vector destructor iterator'",
                "`eh vector vbase constructor iterator'",
                "`copy constructor closure'",
                "`udt returning'",
                "`RTTI",
                "`local vftable'",
                "`local vftable constructor closure'",
                " new[]",
                " delete[]",
                "`omni callsig'",
                "`placement delete closure'",
                "`placement delete[] closure'",
                "`managed vector constructor iterator'",
                "`managed vector destructor iterator'",
                "`eh vector copy constructor iterator'",
                "`eh vector vbase copy constructor iterator'",
                "`dynamic initializer for '",
                "`dynamic atexit destructor for '",
                "`vector copy constructor iterator'",
                "`vector vbase copy constructor iterator'",
                "`managed vector copy constructor iterator'",
                "`local static thread guard'",
                "operator \"\" ",
                "operator co_await",
                "operator<=>",
                " Type Descriptor'",
                " Base Class Descriptor at (",
                " Base Class Array'",
                " Class Hierarchy Descriptor'",
                " Complete Object Locator'",
                "`anonymous namespace'",
                "FlsAlloc",
                "FlsFree",
                "FlsGetValue",
                "FlsSetValue",
                "InitializeCriticalSectionEx",
                "CorExitProcess",
                "Sunday",
                "Monday",
                "Tuesday",
                "Wednesday",
                "Thursday",
                "Friday",
                "Saturday",
                "January",
                "February",
                "March",
                "April",
                "June",
                "July",
                "August",
                "September",
                "October",
                "November",
                "December",
                "MM/dd/yy",
                "dddd, MMMM dd, yyyy",
                "HH:mm:ss",
                " !\"#$%&'()*+,-./0123456789:;<=>?@abcdefghijklmnopqrstuvwxyz[\\]^_`abcdefghijklmnopqrstuvwxyz{|}~",
                " !\"#$%&'()*+,-./0123456789:;<=>?@ABCDEFGHIJKLMNOPQRSTUVWXYZ[\\]^_`ABCDEFGHIJKLMNOPQRSTUVWXYZ{|}~",
                "AreFileApisANSI",
                "CompareStringEx",
                "LCMapStringEx",
                "LocaleNameToLCID",
                "AppPolicyGetProcessTerminationMethod",
                "log10",
                "lzZ?",
                "asin",
                "acos",
                "sqrt",
                "?5Wg4p",
                "Nv$^",
                "BC .=",
                "(lX ",
                "#{ =",
                "`~R=",
                "}s\"=",
                "%S#[k",
                "\"B <1=",
                "\\-!y",
                "#.X'=",
                "i9+=",
                "sinh",
                "cosh",
                "tanh",
                "atan",
                "atan2",
                "ceil",
                "floor",
                "fabs",
                "modf",
                "ldexp",
                "_cabs",
                "_hypot",
                "fmod",
                "frexp",
                "_logb",
                "_nextafter",
                ".text$mn",
                ".text$x",
                ".idata$5",
                ".00cfg",
                ".CRT$XCA",
                ".CRT$XCAA",
                ".CRT$XCZ",
                ".CRT$XIA",
                ".CRT$XIAA",
                ".CRT$XIAC",
                ".CRT$XIC",
                ".CRT$XIZ",
                ".CRT$XPA",
                ".CRT$XPX",
                ".CRT$XPXA",
                ".CRT$XPZ",
                ".CRT$XTA",
                ".CRT$XTZ",
                ".rdata",
                ".rdata$r",
                ".rdata$sxdata",
                ".rdata$voltmd",
                ".rdata$zzzdbg",
                ".rtc$IAA",
                ".rtc$IZZ",
                ".rtc$TAA",
                ".rtc$TZZ",
                ".xdata",
                ".xdata$x",
                ".idata$2",
                ".idata$3",
                ".idata$4",
                ".idata$6",
                ".data",
                ".data$r",
                ".data$rs",
                ".bss",
                "GetConsoleAliasExesLengthA",
                "VirtualAlloc",
                "LoadLibraryA",
                "GetProcAddress",
                "VirtualProtect",
                "lstrlenW",
                "CreateThread",
                "Sleep",
                "WaitForSingleObject",
                "FreeConsole",
                "QueryPerformanceCounter",
                "GetCurrentProcessId",
                "GetCurrentThreadId",
                "GetSystemTimeAsFileTime",
                "InitializeSListHead",
                "IsDebuggerPresent",
                "UnhandledExceptionFilter",
                "SetUnhandledExceptionFilter",
                "GetStartupInfoW",
                "IsProcessorFeaturePresent",
                "GetModuleHandleW",
                "GetCurrentProcess",
                "TerminateProcess",
                "KERNEL32.dll",
                "RaiseException",
                "RtlUnwind",
                "GetLastError",
                "SetLastError",
                "EncodePointer",
                "EnterCriticalSection",
                "LeaveCriticalSection",
                "DeleteCriticalSection",
                "InitializeCriticalSectionAndSpinCount",
                "TlsAlloc",
                "TlsGetValue",
                "TlsSetValue",
                "TlsFree",
                "FreeLibrary",
                "LoadLibraryExW",
                "GetStdHandle",
                "WriteFile",
                "GetModuleFileNameW",
                "ExitProcess",
                "GetModuleHandleExW",
                "GetCommandLineA",
                "GetCommandLineW",
                "HeapAlloc",
                "HeapFree",
                "FindClose",
                "FindFirstFileExW",
                "FindNextFileW",
                "IsValidCodePage",
                "GetACP",
                "GetOEMCP",
                "GetCPInfo",
                "MultiByteToWideChar",
                "WideCharToMultiByte",
                "GetEnvironmentStringsW",
                "FreeEnvironmentStringsW",
                "SetEnvironmentVariableW",
                "SetStdHandle",
                "GetFileType",
                "GetStringTypeW",
                "CompareStringW",
                "LCMapStringW",
                "GetProcessHeap",
                "HeapSize",
                "HeapReAlloc",
                "FlushFileBuffers",
                "GetConsoleOutputCP",
                "GetConsoleMode",
                "SetFilePointerEx",
                "CreateFileW",
                "CloseHandle",
                "WriteConsoleW",
                "DecodePointer",
                "yedZ",
                "][^f[l`",
                "jl__^Y",
                "`^ih",
                "YhUY",
                "[ilYl",
                "ilYl",
                "[ha^j",
                "xzvwJ",
                "ggggg",
                "XzDa",
                "XyBQ",
                "onrp",
                "zvwJ",
                "gggggg",
                "zvwBQ",
                "zvwBY",
                "YqBq",
                "Y~B|",
                "gggg",
                "xzvw}D",
                "xzvw}",
                "$_oD",
                "sgggggg",
                "xzvwBY",
                "QA7lD",
                "S[C\\D",
                "[KNL",
                "GQBL",
                "RqQD",
                "{[FL",
                "4 jD",
                "[Rgggg",
                "xzvwB",
                "DO]D",
                "UDwYD",
                "B_eJ",
                "D_eJOq",
                "D_mJ",
                "@G[;",
                "@Lc;",
                "@L[;",
                "Au[;",
                "gDAe[;",
                "Bw}H",
                "1u[;",
                "-4R5",
                "ZE|y",
                "lgggggg",
                "-C9-",
                "QB?A",
                "@?[;",
                "W+B_",
                "@G;L",
                "@/Z;",
                "UB?I",
                "BwQB?A",
                "Yz}|",
                "DouD",
                "vwBQ",
                "@?Z;",
                "@7[;",
                "xzvwBQ",
                "Yx@]",
                "xzvw}BQ",
                "xzvwBq",
                "YSB~",
                "YzJN",
                "YmEY",
                "{|vBX",
                "XoBQ",
                "Ys@I",
                "z}wvB",
                "}}|e}",
                "xzvw",
                "Y{B1",
                "}zvB",
                "vwBY",
                "yonrp",
                "}|}w",
                "xzvwL",
                "XOBx",
                "BA9E",
                "EvBX",
                "X-UE*",
                "Iw{E",
                "IO;C",
                "gDA1",
                "gDI1",
                "=D9I",
                "X9JQ",
                "OEDa",
                "/gDy/",
                "gDy/",
                "NbBYA",
                "k0.9",
                "v{}|",
                "{xw|",
                "g=Bw",
                "B~m@",
                "YYDO",
                "g(7B",
                "}m@h",
                "@'(#D",
                ";Hr5",
                "(Rs ",
                "w^Jf",
                "YzBQ",
                "YS@z",
                " ,k}",
                "<n,ID",
                "@~\"KD",
                " ,k|",
                "Cn19D",
                " ,k{",
                " ,ky",
                "r-8D",
                "}|zD",
                "tRDS",
                "#8al",
                "DSyD",
                "ODSqD",
                "DSiD",
                "@'(#DOyD",
                "f~DOqD",
                "DOiD",
                "YRDOaD",
                "DOYD",
                "DOQD",
                "/DG9",
                "aD?1",
                "DseD/5",
                "v|zD",
                "}Dg}}Dg",
                "'5#D",
                "eD?I",
                "aD?M",
                "mD?A",
                "iD?E",
                "uD?9",
                "qD?=",
                "eDGI",
                "aDGM",
                "mDGA",
                "iDGE",
                "uDG9",
                "qDG=",
                "DOYBO",
                "QDwUg",
                "!q /",
                "/A9DB",
                "/3DB",
                "@'(#D?9",
                "f~D?1",
                "YRD?!",
                ":DhO",
                "$3D?",
                "}Dgy",
                "f~D?u",
                "\\cD9",
                "tRDy",
                "@'(#D1",
                "f~D1",
                "YRD1",
                "vz}{@",
                "}|ey",
                "iDGI",
                "eDGM",
                "qDGA",
                "mDGE",
                "yDG9",
                "uDG=",
                "iD?I",
                "qD?A",
                "yD?9",
                "}DG5",
                "vvvv",
                "]DoQBo",
                "DwUg",
                "}Dga}Dg",
                "BOaBx",
                "GTIY",
                "g(7Bo",
                ";Ft-",
                "DvyD~}",
                "ODvqD~u",
                "DviD~m",
                "DvaD~e",
                "DvYD~]",
                "DvQD~U",
                "/A9D6",
                "/3D6",
                "@'(#DwyD",
                "f~DwqD",
                "DwiD",
                "YRDwaD",
                "DwYD",
                "DwQD",
                "OD7A",
                "$3D7",
                "^~}g",
                "N~}g",
                "^~mg",
                "N~mg",
                "^~]g",
                "N~]g",
                "D~yD",
                "OD~qD",
                "D~iD",
                "D~aD",
                "D~YD",
                "D~QD",
                "/A9D>",
                "/3D>",
                "OD?A",
                "+=l?",
                "VCPO",
                "}D'm",
                "}D'Q",
                "}D'U",
                "}Dg]J",
                "}D'I",
                "}D'M",
                "}D'y",
                "}D'}",
                "}D')",
                "DgUJ",
                "}D'1",
                "}D'%",
                "}D'-",
                "}DgYJ",
                "}Dgq}Dgu}D'-",
                "}D'!",
                "}D'=",
                "}D'E",
                "DgeL",
                "}D'A",
                "Dg}}Dg",
                "}DgiJ",
                "DgQL",
                "DgmJ",
                "}zvD",
                "J>:~",
                "Bw}BO",
                "}|vDw",
                "c%c!",
                "Ab$^g",
                "XTBO",
                "BouD",
                "}zvDw",
                "}zBO",
                "uWvH",
                "g=DO",
                "}|zDw",
                "!SNC",
                "}vzD",
                "BoegD",
                "B,yO",
                "=,ia",
                ":EIO",
                "~ggggg",
                "YCB7",
                "WxJO",
                "O~Bo",
                "aEL;",
                "v|}BGy",
                "OyBO",
                "5B7a",
                "mYc0",
                "En:4",
                "s,K6",
                "5B/5",
                "g=,QF",
                "o[(p",
                "BOaD",
                "BOaBoy",
                "BOyD",
                "ZwRW",
                "2+n~",
                "M+a~",
                "y+V~",
                ";+U~",
                "^+N~",
                "@+H~",
                "?+G~",
                ")+E~",
                "M+C~",
                "{+@~",
                "V+>~",
                "y+y}",
                "&+j}",
                "s+i}",
                "3+`}",
                ".+Z}",
                "&+R}",
                "J+P}",
                "7+K}",
                "a+<}",
                "w+9}",
                "m+8}",
                "$+6}",
                "]+5}",
                "a+3}",
                "b+2}",
                "q++}",
                "l+*}",
                "e+&}",
                "Q+%}",
                "X\\DP",
                "=gJQ",
                "g*Y6",
                "g*W6",
                "g*-6",
                "g*+6",
                "g*)6",
                "I+G5",
                "g+F5",
                "E+A5",
                "8+95",
                "E+85",
                "[+75",
                "Dg}}Dga}D'",
                "}Dg]}Dg",
                "}DgQJ",
                "g=@t",
                "OTBo",
                "Yb@GM",
                "}vzDw",
                "g=,%",
                "BOaB7",
                "@CU^",
                "BOuggg",
                "g=gD",
                ":mgB7",
                "BOqD",
                "BweBOq",
                "Bo}B",
                "g=,q(",
                "Bo},!(",
                " MQZBG",
                "Bo}gggggg",
                "Z-Ew",
                "BOyg",
                "g=gJQ",
                "}Dgi}DgUJ",
                "}Dgu}Dgq}Dge}Dg",
                "DgyJ",
                "}DgmJ",
                "DweDo",
                "+.ES",
                "BoaD",
                "BOeD",
                "f~D~",
                "DwmDw",
                "qDwu@",
                ";HU5",
                "BomDn",
                "BwiDv",
                ";HN5",
                "O3 '",
                "Yo5q",
                "Ek3)",
                ",e'J",
                "hG&%",
                "3u.'",
                "@^Kh",
                "a&]]",
                "s6 N",
                "'?%,",
                "j$Ts",
                "|e=c",
                "}}Dg",
                "X%BO",
                "xzvwMQ",
                "GW,D~",
                "xcXD",
                "GW,DGM",
                "GW,D",
                "DoyBo",
                "Do}Bo",
                "DoqBo",
                "DouBo",
                "DoiBo",
                "DomBo",
                "DoaB",
                "Doeg",
                "yDo}",
                "DoqD",
                "iDomB",
                "DwaDoe@",
                "Bb2i",
                "ze].",
                "n\\$`",
                "BYl>",
                "*IDO",
                "F>2\\",
                "DoyDw}",
                "DoqDwu",
                "DoiDwmD~",
                "29*<",
                "}Dg],-",
                "g=,q",
                "BoQDz",
                ":rX)D",
                "BOaBoU",
                "BoYB",
                "d?M\"",
                "TtD~",
                "TtDv",
                "DwyD",
                "_kYe",
                "}DgY}Dg",
                "}Dgi}DgeL",
                "}Dga}DgUJ",
                "BOUB",
                "BwUD",
                "BoUB",
                "\\-B7",
                "Jggg",
                "a%B/",
                "TtBO",
                "BOQDO",
                "yDO}D",
                "DwqD",
                "9YEY",
                "UBG1",
                "}{vBo",
                "]v\"h",
                ";Rw?B7",
                "Bo]D",
                "Eoc-B7",
                "+BwUD",
                "8q`HD",
                "BOQDR",
                "DoYD",
                "8q`>B75",
                "DgY}D'",
                "Dga}D'",
                "Dg]J",
                "ID7I",
                "BwYgggggg",
                "BwY@",
                "8q`>B7",
                "BwYggggg",
                "BOQDS",
                "zvw}BX",
                "7=#i",
                "VYr$",
                "(7S%",
                "QOpJ",
                "5P)w",
                "nn}Y",
                "zvwL",
                "Ny~^",
                "W5{~",
                "FJ|}",
                "qo1s",
                "5x^H",
                "@B@e",
                "P[Dw",
                "Gma,",
                "XYBX",
                "XhBX",
                "XwBX",
                "h-}`",
                "]nrl",
                "=}Dh",
                "2yK[",
                "AlBH",
                "6TH*!",
                "R/\\O",
                "Dxc!D",
                "6d::",
                "4TKs",
                "4TKsD",
                "B+}BY",
                "B+}B",
                "B+}D",
                "]`Bq",
                "W`SB",
                "W`SD",
                "W`S@",
                "Uonrp",
                "UoDY",
                "o+Lg",
                "3+Ig",
                "{w}|e",
                "vwJT",
                "Q+Hf",
                "M+Cf",
                "F+Af",
                "g=B1",
                "]onrp",
                "yDY@",
                "2DweDw",
                "$n3E",
                "1dGK",
                "V&YI",
                "Z`CB",
                "{y8G",
                "X>8{",
                "YTeQ",
                "Cx]+BwUD",
                "}DgaJ",
                "JUZ B7",
                "uDOmD",
                "BOqDS",
                "BomDo",
                "BouDo",
                "9qSDB7",
                "ul^=",
                "Q1Fi",
                "Ayfd",
                "Ml4x",
                "Ul3$",
                "x9Nv",
                "fYA\\",
                "Z8lp",
                "BwiB",
                "r/TD",
                "-w!\\",
                "<3<(",
                "6^DwQ",
                "Do]Ds",
                "'~@em",
                "DweD",
                "}Dh!}D",
                "}Dh%}D",
                "Dh)B",
                "M,.E",
                "Bx%D",
                "(7,])",
                "oDgc",
                "{9_ ",
                "jeh<",
                "Bx%B",
                "BM5 ",
                "BX)D",
                "`t99",
                "y3\"Q",
                "b}V3",
                "/Wz_",
                "`ggggg",
                "{w|}e",
                "xzeD",
                "[mgg",
                "344444",
                "L46\\",
                ",G2I",
                "344444t",
                "ij22",
                "%i}[",
                ".v,F",
                "DZql",
                "'#6%h:p",
                "DAVc#w",
                "j`t8",
                "qq{7",
                "'z+O",
                "FeS$",
                "d}w[",
                "iwj]",
                " &!$",
                "-#d2",
                "b]s%",
                "1]%4",
                "A5q(",
                "xxxxxxxxxxxxxxxx",
                "x%H5",
                "$E&C",
                "EIPr",
                "1-KisE",
                "qof\\",
                "YF=+",
                "3Pg#",
                "C3;J",
                "R]xM",
                "ZY[d_f",
                "Pd4P",
                "7t.8",
                "29Yr",
                "</g{",
                "Uv_M",
                "&TxM",
                "+&h;",
                "v|Iw",
                "CC'dL",
                "*`}q",
                "\\29*<",
                "gkA<",
                ":o/e",
                "oI, R",
                ".o\\i",
                "vSO]",
                ".Ai2",
                "1AGIH",
                "gldahi",
                "gd_id_f",
                "jh_Y[la",
                "id[hjY^[T",
                "}_e\\^",
                "ka^^iT[ld_",
                "Y^Yla",
                "h[[^[Z",
                "`l_T",
                "gdahZ",
                "h[[^[",
                "d_Yh[_la",
                "X_ihgd_hi",
                "d_Wladi",
                "]l[l`hYh[",
                "^^^^^^^^^^^^^^^^^^^^^^^^^^^^^^^^^^^^^^^^^^^^^^^^^^^^^^^^^^^^^^^^^^^^^^^^^^^^^^^^^^^^^^^^^^^^^^^^^^^^^^^^^^^^^^^^^^^^^^^^^^^^^^",
                "_kewV",
                "{s[e",
                "uvkWdihg",
                "TTkla",
                "i|}d",
                "dgfk`",
                "ey2M",
                "_7`S",
                "ct\\iYiVcZ",
                "t/_/",
                "i|~}",
                "TTl]sls`h|ub",
                "gVg[",
                "ZhWZ|v",
                "z~ZkgW",
                "X_ZX]]^[Yhi",
                "h_j[T]Yd^_",
                "x_ihgd_hi",
                "wh[Zd^_",
                "_Xaa",
                "kXggh[",
                "Z`laa",
                "ZdSh",
                "X_hU]hjYhi",
                "ihj^`][hZZhi",
                "`XaYdidZb",
                "l[jedWh",
                "Y[Xh",
                "glaZh",
                "ghlYX[h",
                "gdah_l`h",
                "al[fh",
                "gdah",
                "`hYe^i",
                "g^X_i",
                "ehlih[",
                "j^[[X]Yhi",
                "ihj^`][hZZd^_",
                "ZYlY",
                "WladilYd^_",
                "laa^jlYd^_",
                "j^`][hZZd^_",
                "^]h_",
                "Zhhb",
                "jehjb",
                "V[dYh",
                "jlaakljb",
                "j[hlYh",
                "ja^Zh",
                "[hli",
                "vd_i^VZ",
                "wdZYl",
                "~}|{zyxwvuts",
                "O3Xr",
                ",DU,",
                "ihglXaY",
                "-aey",
                "zh[Wh[",
                "}[^ghZZd^_la",
                "j\\Xd[hz{v",
                "UjaXZdWh",
                "UdY}[^jhZZ",
                "{hahlZhz{v",
                "{hahlZh",
                "[hlYh",
                "^`]lYdkah",
                "dY`l]",
                "hahYh",
                "hahYh~kchjY",
                "hWdjh",
                "hY~kchjYv",
                "zhahjY~kchjY",
                "*%*%*%*%*%*%*%*%########!#",
                "#....",
                "**)##",
                "#7#%#",
                "1##!#",
                "=KP6tttttNttmPNNtttttttttttt3EPt}}}}ttttl9l/ttHt;*mmttttttttttt.",
                "}}}}",
                "(#(#(",
                ",,,,",
                "\"B=irrrrr;rrW=;;rrrrrrrrrrrrcZ=r{{{{rrrrVQVHrr]rS",
                "WWrrrrrrrrrrrG",
                "ig_b",
                "^6t|_",
                "zO<r",
                "f'^m",
                "qPaM",
                "F.vH",
                "Cpp]",
                "2 8q",
                "o\"d)",
                "MG78d",
                "\\Z~qXF",
                "T&PP.p",
                "rDdq8",
                "ja27G",
                "EIvo",
                "O0&+`unH",
                ",s/P",
                "udPU",
                "85a|",
                "q}7+",
                "=-5,",
                "^Nvm",
                "LC!5",
                "\\!rq3",
                "y?r##X7b",
                "5%Vt[",
                "!0't",
                "1]E4",
                "A5Q(",
                "wAZ9>",
                "Ga8b9q",
                "7p&7@M+",
                "o-6<",
                "lAS5I",
                "-VMh",
                "CG;U",
                " HmId",
                "\\mN;",
                "JX=yA",
                "0yK='",
                "vpI4",
                "aA^u_",
                "m]W>",
                "-ii7%",
                "ah*S",
                "QI|>",
                "vyab",
                "<:E\"m-w",
                "={>8",
                "sk3{",
                ".|e}",
                "(p}V",
                "w(F7",
                "XOr?",
                "4scVJM",
                "v<~-",
                "\"H'uX",
                "tGXN",
                "p]F1ev",
                "GZeA",
                "6&('",
                "$R K'",
                "kCbr",
                "D~}V",
                "b2,x.",
                "/Hbs",
                "JQr=",
                "al s",
                "-@rt",
                "5Oj%",
                "Wo-s",
                "yg;:",
                "G@{?]xO",
                "!@+>",
                "k`AIBr",
                "P[*e",
                "RC0;I",
                "O#!J",
                "XS'F6i",
                "\\K8&",
                "x`Hm",
                "v^O{",
                "0Sl ",
                "t.pL",
                ";R<-e$",
                "lV+:[-",
                "/*TyM~",
                "iN@J",
                "-|`:",
                "%DKb",
                "@vC&UEW",
                "i+9\"",
                "F6.?2",
                "nBRmS",
                "\"w]&",
                "GQ}&",
                "8q)b",
                "0|mb",
                "8h{4",
                "n(\\v",
                "`1+:",
                "q0mV",
                "1+]s",
                "vrX$",
                "hk$IME&$-",
                "7%Se",
                "$#nf",
                "lf/>",
                "FEss",
                "e[eZp",
                "\\u|=Z",
                "FSa9ka",
                "D;Sa",
                "%Vp0",
                ":YUAB",
                "_J=*X",
                "b45g",
                "w:>i-",
                "YM@{",
                "|/99G",
                "7}Qu,",
                "p5FLe",
                "`bf>{",
                "V{Ll",
                "LHVt",
                " Oo[l",
                "(N^F",
                "xvhsBAL",
                "w}Cq",
                "`/%u;d",
                "T#<Jf",
                "p|r\\",
                "0gd2",
                "St~<",
                ". -x",
                "Kp?-",
                "m!98",
                "IKL+7",
                "gLAgA",
                ">I*yM(",
                "}9.$R)",
                "V{cEqhb$",
                "6\">4x",
                "pY!TF",
                "Gifk",
                ">k8`o",
                "Pd'*",
                "Ky:W|",
                "kW~CY",
                "34dw",
                "lM#?Xua",
                "UZQv",
                "|;:H",
                "+Yd.",
                "|fHOy\"\\6|H",
                "-CB.",
                "nu.,",
                "5/Y1u",
                "q&PE5o",
                "hoUh>",
                ".%`>",
                "QAM\\iy",
                "H\\)L",
                "`<wn",
                "7Gd5S",
                "|vSjco",
                "LjvH",
                "`snp",
                "3RDN'bU",
                "K^y ",
                "LM0W,",
                ",{FJ",
                "gP'X<",
                "0#j}",
                "%wS>",
                "|}XG'",
                "/75+",
                "^_EY",
                "|?%&",
                ".=c=",
                "5u!N",
                "LB%C",
                "zZKX",
                "7FdIl",
                "\\G-~",
                "aLTLV|",
                "hiR3Z#",
                "F/ruI",
                "[6p+",
                "|cLv",
                "hzYY",
                "[V=N",
                "EKH/",
                "sw|gKM",
                "frMg",
                "q@@1z<",
                "w^`;",
                "8,6z",
                "Zky=)",
                "GPpKmg",
                ":=Mo",
                "d@+o",
                "y-D^",
                "].[~",
                "r83s",
                "2L'%8ML",
                "dE-v",
                "(%NeyN",
                ":LQ`U",
                "n{-`",
                "qKy-`",
                ";$]_",
                "#LWS|R",
                "oifdr",
                "*]Yy",
                "l3U8",
                "Vw_g",
                "Inw~:",
                "x'MR",
                ".P6k",
                "U?Y3",
                "yMM]",
                "]M$(",
                "qp*}I",
                "Hc};",
                "Lwwg",
                ",Ru+",
                "`b_UCF",
                "QwfhF",
                "&jZ.c!",
                "vp?[",
                "q.;>",
                "E&/CO",
                "C{|-",
                "{zsDZ",
                ";<{<",
                "!\"t]",
                "<;w]",
                "\"vyw",
                "gxI\"L",
                "yr>4T&",
                "\\x#8T",
                "xv%k",
                ",8@~t",
                "+v%VVj",
                "x9nJ",
                "JVrX",
                "TM,h",
                "bAIJ",
                "A)Qw",
                "?aS!.",
                ":{}*w",
                "gB|3",
                "NVA,",
                "DVumJ;s",
                "\"IE.",
                "o`i ",
                "osffx",
                "*?Cj",
                "4hP;p]Dl",
                "d\"T>\\eA",
                "f|g-",
                "2ApH",
                "CrRx",
                "S_h\"",
                "`3H;",
                "dLNM",
                ":i16+g",
                "'>r%",
                "5Sr0",
                "e0X@)F",
                "B\\'F",
                "!:~Q",
                "J=iQ",
                ",.J.",
                "Q$9S",
                "Wb8^h",
                "mk?h",
                "saqh",
                "YlN8",
                "dT)T",
                "]XI,s",
                " >`d",
                "~=x9",
                "Ur>mfG",
                "F2I=",
                "t=J\"",
                "nCf$",
                "{S]Fy",
                "85e:",
                ",c '",
                ",P\"O",
                "('pke",
                "l4M4",
                "(_r^QJ",
                "}((1",
                "F.==",
                "tyK>!c",
                ">4B7",
                ",X0L",
                "\":G^'",
                "O_S+",
                "E%o?",
                "ozV3",
                "JlNT",
                "d2Y1",
                "S %c",
                "up;A",
                "t[ytc",
                "f&Bf",
                "{QmS",
                ">St(",
                "bY-0#",
                ",fV]",
                "EY'_",
                "'Uje&",
                "~\\Ty",
                "_u^C",
                "Y7gZ",
                " BvZ",
                "tQZZ",
                "9(7z)ql",
                "HE@~",
                "-p+(nm",
                "!pHxx",
                "lfY*7",
                "/YbA",
                "}3)I;",
                "MjX'",
                "L!<LA",
                "RK)0A",
                "IBHH",
                "Aty|",
                "D{l)",
                "9Qf>",
                "lvcA",
                "tDN2",
                "TZSk",
                "k*%\"",
                "NN#n",
                "zOP*y",
                "paKZ",
                "k*%P|,fs",
                "jG\\0",
                "I;sS%",
                "~]3g",
                "?J:S%",
                "y'Bd=P",
                "vXF#",
                "2~\\~",
                "V[lGy0",
                "$Y0)]-T",
                "[p&A",
                "]*5!X",
                "QVn!",
                "U('-s",
                ",gX:",
                "U:|M}4",
                "SD.m",
                "./Zj\\",
                "RTW:(",
                "y;:G",
                "L, k",
                "U8{w",
                "fBfxt~",
                "?G*C",
                "TC6^",
                "mXK8#",
                "kM^#",
                "\"B2a",
                "Z5~\\",
                "K!a#",
                "jPgW",
                "=a;I",
                "2<A)",
                "K#2%",
                "Przox",
                "B/38UR",
                "IEh?!w",
                "p%'B",
                " V6h",
                "5uZ!",
                "{8:'7/",
                "eTwx",
                "g<Sv",
                "^[)b",
                "I](Mmv2",
                ":0s1jPiO",
                "SdXg",
                "wSk<\" 5<",
                "f7yQ9",
                "&$zM",
                "gxtY",
                "vM(DV",
                "=X7]",
                "TQF_",
                "DNr)",
                " Nf8;",
                "`*YW",
                "C4zi",
                "7,UGr",
                "&&`h",
                "OyIR",
                "C6yN",
                "jJ;S",
                "yfL\\",
                "KR/9?",
                "}5<[",
                "]O!K",
                "+S1S",
                "PtGI",
                "&A=\"",
                "Sz;A",
                "7grR`",
                "Q0OW}",
                "3TjD",
                "[VidM9",
                "+}{]",
                "jkP:,3",
                "@&,5x",
                "riuM",
                "L/G~-",
                "nt*y",
                ";J`Zj",
                "V0z=",
                "]e-7",
                "=-~.",
                "(J}NNV",
                "wV2v",
                "Y{^o",
                "@s*H",
                "<E|0",
                "ve7^",
                "d(u!(e",
                "Pi!)",
                "NJLL2",
                "VM3&",
                "z7Q1'?",
                "sMdKD",
                "a%+q",
                "5Pj*",
                "zTH(",
                "S8S8",
                "KUh@",
                "InHU",
                "\"#\\-",
                "e>a:",
                "NP6a",
                "o)y'",
                "oc?~,",
                "gGOg",
                "{ q{",
                "_$`Y",
                "+GU+8S",
                "j[4Pe",
                "6[|3",
                "Mv <",
                "U`gc",
                "VmTQ",
                "9W_3",
                "ywt#",
                "}t6`",
                "'+)n",
                "}*r7",
                "L`Um",
                "Y\"xI",
                "Rh=vWvS",
                "uM,#",
                "m ks",
                "qEOGS\\",
                "yZS\\",
                "t$S\\",
                " :[g",
                "g0;S\\",
                "@ BS\\",
                "jkga",
                ";yE\\U",
                "s11A",
                "N/d<",
                "5;g28",
                "@9$$",
                "N>%n",
                "H9j3",
                "\\XRx",
                "\\R=v",
                "e\\j{",
                "2Y$5",
                "(3\\w",
                "om#S",
                "5rb|",
                " \\0,",
                "0,kPk",
                "P^T7J",
                "U(f`",
                ">ft\\J",
                "%~Vh`i2",
                "Cd8C#t",
                "HCV5TXK",
                "3,3 ",
                "uF6KPY",
                "1PWF",
                "84D:]",
                "~(]8",
                ",[;a@",
                "lf\"G",
                "m^*F",
                "@^_G",
                "N.D,",
                "y:):",
                "qL2u",
                "CD\";9ai",
                "#]/|<s",
                "}fTA",
                "|Q[V",
                "}r#h",
                "/q?DbI^",
                "1kTSj",
                "Gq.Um",
                "YDT*d",
                "')%sm",
                "QGRi",
                "1;99",
                "@>`r",
                "MbSd",
                "(n:z",
                "Z-+pb",
                "fRwZ",
                ">'IM",
                "v^<'\\",
                "bhPM_(",
                "<S*5",
                "X&#|",
                "ZZdNM",
                "v&m}E#",
                "{#o\\",
                "&5$Sw",
                "@>Qo",
                "LZ+2",
                "OIAeE",
                "di[9!",
                "mR u",
                "b{>+h",
                "von5",
                "m$}h$",
                "RCuEb",
                "Q_d-",
                "GTlo&",
                "Q%X)",
                "(Wj0q",
                "iQ.=",
                "Ee6t",
                "K\"?Zr",
                "j<PR",
                "}V\"^",
                "SAp+n",
                "c|X~",
                "m:e6~",
                "[69u,",
                "k^,z",
                "C9gl",
                ")\"B~#",
                "JWAp",
                "pE^T",
                "Qcuy#",
                "UR?R",
                "\"cF>",
                "Sz^ ",
                "'JmV",
                "pe&c",
                "S;^/",
                "CHA;",
                "Q_S9in",
                "1~u\"e",
                ")7^&O6",
                "uXwb",
                "%@7\\*",
                "_*>*Mi",
                "16E{",
                "[8>l",
                ".a`^g",
                "U_AE",
                ",-j=",
                "#Xgwbq",
                ")=wkz",
                "$7,\\^",
                "lv;M9}",
                "zsTn",
                "eV>k",
                "Z,f8",
                "0MT+c",
                "`'}z",
                "IZe5",
                "7cxs",
                "4i]-",
                ";G}[",
                "EC$:",
                "J*ip",
                "ZshS|N",
                "*#KO0T",
                "~ywW",
                ")Pl?",
                "*8Gm4a",
                "l Sg&",
                "4[.w",
                "qFr%",
                "MVpw6",
                "C9i/",
                ".$p$",
                "Qa 7",
                "2dn5",
                "] ~/",
                "@_Np",
                "V18.",
                "(fve",
                "j'Tg",
                "D.6e",
                "X>eM",
                "U},2",
                "nX1I",
                "ZT5(C",
                "@gtG)",
                "9@[o9",
                "bC(>",
                "6{x5",
                "y4W@",
                "eTb8R",
                "5Xh\\",
                "48G :",
                "OgUp4",
                "AufAj",
                "2'@m5Q",
                "[b,D",
                "1AGIS",
                "S:--]",
                "?yf\\",
                "QW!}",
                "[5eb",
                "{C3P|",
                "{mW,",
                "~Las",
                "q1)3",
                "/fYY",
                "WYE%",
                "C)w+",
                "lAN3v",
                "iy[vG",
                "Vo=>",
                "6/w,",
                "muB1",
                ".MP?",
                "$ifI$",
                "j7(Zf",
                "w_UT",
                "ne>l~",
                "^$xj!+wbu",
                "%WBj#",
                "R`Qh",
                "&w>Nm",
                "LIkm",
                "8|-e",
                "S1]fm",
                "wC+=",
                "6i.-",
                "dRsM",
                "`UXv",
                "gFYt",
                "+KZi",
                "B|jri",
                "-m5)",
                "H-%,",
                "XAV9",
                "33L{",
                "Y~Ge",
                "mHiy",
                "1S-]y",
                "L^+G",
                "2\\!7",
                "\";%y",
                "WqF$+G(g",
                "t=Zj",
                "Usn&I",
                "B!8p",
                "eCc0$",
                ".HPtM",
                "Lv7?",
                "g9H-",
                "'{<@m8",
                "e'ehi5",
                "@\"azi",
                "{<M.t$n",
                "P(Jw",
                "=(MX",
                "I)9Q",
                ":|:6",
                "GsZ1",
                "Xr_RB}",
                "^U~`",
                "TnMKu=e",
                "L39M",
                ";{ '",
                "`L2^",
                "FE]=",
                "=})z=",
                "i6WV",
                "jn-|",
                "p5Ehm",
                ".?AVbad_array_new_length@std@@",
                ".?AVbad_alloc@std@@",
                ".?AVexception@std@@",
                "                          ",
                "abcdefghijklmnopqrstuvwxyz",
                "ABCDEFGHIJKLMNOPQRSTUVWXYZ",
                ".?AVlogic_error@std@@",
                ".?AVlength_error@std@@",
                ".?AVbad_exception@std@@",
                ".?AVtype_info@@",
                ":0f0",
                "1K2h3",
                "6=6_6",
                ";&;3;i;",
                ">8>Z>|>",
                "0$061q1",
                "9?94:",
                "50K0h1",
                "8T9z9",
                "585E5R5n5{5",
                "6*676D6`6m6z6",
                "787E7R7_7l7",
                "8*878D8`8m8z8",
                "9)969R9_9l9",
                ":(:D:Q:^:z:",
                ";6;C;P;l;y;",
                "<(<5<B<^<k<x<",
                "='=4=P=]=j=",
                ">(>5>",
                "88>8",
                "9!9A9a9",
                "9$;!=",
                "8'8Q:q:",
                "<.<3<8<Y<^<k<",
                ">J>}>",
                "?$?6?@?",
                ".0=0F0S0i0",
                "1(1.1A1",
                "2&202Q2",
                "3(3-3@3a3~3",
                "3f4o4w4",
                "5%5.5<5E5g5n5}5",
                "6%6-656=6I6R6W6]6g6q6",
                "747D7[7",
                "$7(7,7074787<7@7D7H7L7P7T7X7\\7`7d7h7l7p7t7x7|7",
                "7\"898",
                ">#>->7>E>`>q>}>",
                "7U7m7s7",
                "<U<a<z=",
                ">F>Z>l>",
                "?'?4?=?B?G?b?l?x?}?",
                "0,0D0",
                "0D1S1l1",
                "7+727;7P7i7",
                "798>8",
                "=!=/=R=z=",
                ">3>:>F>^>c>o>t>",
                ">q?x?",
                "030s0y0",
                "1'1,151|1",
                "2;2D2L2",
                "3\"4q4|4",
                "6 6+616<6B6P6n6",
                "6*7G7v7",
                "7%9w9",
                ":W;2<9<f<m<",
                "=:=a=v=",
                ">,>?>Y>h>",
                "?2?C?P?i?",
                "0K0Q0\\0",
                "1`1f1",
                "2g5M6A7h7",
                ":9;T;^;",
                ";4<S<v<",
                "= =0=",
                "00R0",
                "1L1U1Y1_1c1i1m1w1",
                "2'3t3O5H6",
                "89:?:M:\\:",
                "<1<9<b<i<",
                "<K=_=",
                ">6>p>",
                "0)0;0M0_0q0",
                "4#5S5",
                "7A7Z7h7t7",
                "8C8[8k8",
                "9+9;9@9E9`9j9z9",
                ": :/:::?:D:e:u:",
                ";-;?;K;",
                ";*<b<z<",
                "=(=y=~=",
                "0)0.012K2Z2h2t2",
                "3#313<3R3f3|5",
                "8'8N8X8",
                "4#5)5",
                "5^6t6",
                "9 :C:W:",
                ";5;G;Q;s;",
                "<'<N<o<",
                "=7=V=",
                ">B>\\>",
                ";=<W<d<",
                "<*=C=",
                ";0a0q0`2f2k2r2",
                "5Y5a5i5q5y5",
                "6!6-696Y6",
                "7-8^8",
                "9,:^:",
                "<[<\\=l=}=",
                ">'>a>p>|>",
                "?L?U?^?g?",
                "252f2",
                "5)5?5G5@9C:s:",
                "<6=;=M=k=",
                "101Z1",
                "01<1H1L1P1T1X1\\1h1l1p1",
                "; ;8;H;L;P;`;x;",
                "< <$<(<,<@<H<P<X<`<h<p<x<",
                "= =(=0=8=@=H=P=X=`=h=p=x=",
                "> >(>0>8>@>H>P>X>`>h>p>x>",
                "? ?(?0?8?@?H?P?X?`?h?p?x?",
                "8 8$8(848<8D8H8L8P8T8X8\\8`8d8h8l8p8t8x8|8",
                "9 9$9(9,9094989<9@9D9H9L9P9T9X9\\9`9d9h9l9p9t9x9|9",
                ";$;,;4;<;D;L;T;\\;d;l;t;|;",
                "<$<,<4<<<D<L<T<\\<d<l<t<|<",
                "=$=,=4=<=D=L=T=\\=d=l=t=|=",
                ">$>,>4><>D>L>T>\\>d>l>t>|>",
                "?$?,?4?<?D?L?T?\\?d?l?t?|?",
                "0$0,040<0D0L0T0\\0d0l0t0|0",
                "1$1,141<1D1L1T1\\1d1l1t1|1",
                "< <(<0<8<@<H<P<X<`<h<p<x<",
                "0 0(00080@0H0P0X0`0h0p0x0",
                "1 1(10181@1H1P1X1`1h1p1x1",
                "2 2(20282@2H2P2X2`2h2p2x2",
                "6$6,646<6D6L6T6\\6d6l6t6|6",
                "7 888",
                "9 9$94989<9@9H9`9p9t9",
                "?,?4?<?H?h?p?x?",
                "0$000P0X0`0h0p0x0",
                "1(1014181@1H1T1t1",
                "2 2(20242L2P2X2l2t2|2",
                "3,3P3\\3d3",
                "4$4h4t4",
                "405P5l5p5",
                "606P6p6",
                "707P7p7",
                "404P4H5x5",
                "68;<;@;D;H;L;P;T;X;\\;h;l;p;t;x;|;",
                "jjjjj",
                "sC:\\\\Windows\\Microsoft.NET\\Framework\\v4.0.30319\\AppLaunch.exe",
                "Aapi-ms-win-core-fibers-l1-1-1",
                "api-ms-win-core-synch-l1-2-0",
                "kernel32",
                "api-ms-",
                "mscoree.dll",
                "en-US",
                "Aja-JP",
                "zh-CN",
                "ko-KR",
                "zh-TW",
                "         (((((                  H",
                "Aapi-ms-win-core-datetime-l1-1-1",
                "api-ms-win-core-file-l1-2-4",
                "api-ms-win-core-file-l1-2-2",
                "api-ms-win-core-localization-l1-2-1",
                "api-ms-win-core-localization-obsolete-l1-2-0",
                "api-ms-win-core-processthreads-l1-1-2",
                "api-ms-win-core-string-l1-1-0",
                "api-ms-win-core-sysinfo-l1-2-1",
                "api-ms-win-core-winrt-l1-1-0",
                "api-ms-win-core-xstate-l2-1-0",
                "api-ms-win-rtcore-ntuser-window-l1-1-0",
                "api-ms-win-security-systemfunctions-l1-1-0",
                "ext-ms-win-ntuser-dialogbox-l1-1-0",
                "ext-ms-win-ntuser-windowstation-l1-1-0",
                "advapi32",
                "kernelbase",
                "ntdll",
                "api-ms-win-appmodel-runtime-l1-1-2",
                "user32",
                "api-ms-win-core-fibers-l1-1-0",
                "ext-ms-",
                "zh-CHS",
                "ar-SA",
                "bg-BG",
                "ca-ES",
                "cs-CZ",
                "da-DK",
                "de-DE",
                "el-GR",
                "fi-FI",
                "fr-FR",
                "he-IL",
                "hu-HU",
                "is-IS",
                "it-IT",
                "nl-NL",
                "nb-NO",
                "pl-PL",
                "pt-BR",
                "ro-RO",
                "ru-RU",
                "hr-HR",
                "sk-SK",
                "sq-AL",
                "sv-SE",
                "th-TH",
                "tr-TR",
                "ur-PK",
                "id-ID",
                "uk-UA",
                "be-BY",
                "sl-SI",
                "et-EE",
                "lv-LV",
                "lt-LT",
                "fa-IR",
                "vi-VN",
                "hy-AM",
                "az-AZ-Latn",
                "eu-ES",
                "mk-MK",
                "tn-ZA",
                "xh-ZA",
                "zu-ZA",
                "af-ZA",
                "ka-GE",
                "fo-FO",
                "hi-IN",
                "mt-MT",
                "se-NO",
                "ms-MY",
                "kk-KZ",
                "ky-KG",
                "sw-KE",
                "uz-UZ-Latn",
                "tt-RU",
                "bn-IN",
                "pa-IN",
                "gu-IN",
                "ta-IN",
                "te-IN",
                "kn-IN",
                "ml-IN",
                "mr-IN",
                "sa-IN",
                "mn-MN",
                "cy-GB",
                "gl-ES",
                "kok-IN",
                "syr-SY",
                "div-MV",
                "quz-BO",
                "ns-ZA",
                "mi-NZ",
                "ar-IQ",
                "de-CH",
                "en-GB",
                "es-MX",
                "fr-BE",
                "it-CH",
                "nl-BE",
                "nn-NO",
                "pt-PT",
                "sr-SP-Latn",
                "sv-FI",
                "az-AZ-Cyrl",
                "se-SE",
                "ms-BN",
                "uz-UZ-Cyrl",
                "quz-EC",
                "ar-EG",
                "zh-HK",
                "de-AT",
                "en-AU",
                "es-ES",
                "fr-CA",
                "sr-SP-Cyrl",
                "se-FI",
                "quz-PE",
                "ar-LY",
                "zh-SG",
                "de-LU",
                "en-CA",
                "es-GT",
                "fr-CH",
                "hr-BA",
                "smj-NO",
                "ar-DZ",
                "zh-MO",
                "de-LI",
                "en-NZ",
                "es-CR",
                "fr-LU",
                "bs-BA-Latn",
                "smj-SE",
                "ar-MA",
                "en-IE",
                "es-PA",
                "fr-MC",
                "sr-BA-Latn",
                "sma-NO",
                "ar-TN",
                "en-ZA",
                "es-DO",
                "sr-BA-Cyrl",
                "sma-SE",
                "ar-OM",
                "en-JM",
                "es-VE",
                "sms-FI",
                "ar-YE",
                "en-CB",
                "es-CO",
                "smn-FI",
                "ar-SY",
                "en-BZ",
                "es-PE",
                "ar-JO",
                "en-TT",
                "es-AR",
                "ar-LB",
                "en-ZW",
                "es-EC",
                "ar-KW",
                "en-PH",
                "es-CL",
                "ar-AE",
                "es-UY",
                "ar-BH",
                "es-PY",
                "ar-QA",
                "es-BO",
                "es-SV",
                "es-HN",
                "es-NI",
                "es-PR",
                "zh-CHT",
                "af-za",
                "ar-ae",
                "ar-bh",
                "ar-dz",
                "ar-eg",
                "ar-iq",
                "ar-jo",
                "ar-kw",
                "ar-lb",
                "ar-ly",
                "ar-ma",
                "ar-om",
                "ar-qa",
                "ar-sa",
                "ar-sy",
                "ar-tn",
                "ar-ye",
                "az-az-cyrl",
                "az-az-latn",
                "be-by",
                "bg-bg",
                "bn-in",
                "bs-ba-latn",
                "ca-es",
                "cs-cz",
                "cy-gb",
                "da-dk",
                "de-at",
                "de-ch",
                "de-de",
                "de-li",
                "de-lu",
                "div-mv",
                "el-gr",
                "en-au",
                "en-bz",
                "en-ca",
                "en-cb",
                "en-gb",
                "en-ie",
                "en-jm",
                "en-nz",
                "en-ph",
                "en-tt",
                "en-us",
                "en-za",
                "en-zw",
                "es-ar",
                "es-bo",
                "es-cl",
                "es-co",
                "es-cr",
                "es-do",
                "es-ec",
                "es-es",
                "es-gt",
                "es-hn",
                "es-mx",
                "es-ni",
                "es-pa",
                "es-pe",
                "es-pr",
                "es-py",
                "es-sv",
                "es-uy",
                "es-ve",
                "et-ee",
                "eu-es",
                "fa-ir",
                "fi-fi",
                "fo-fo",
                "fr-be",
                "fr-ca",
                "fr-ch",
                "fr-fr",
                "fr-lu",
                "fr-mc",
                "gl-es",
                "gu-in",
                "he-il",
                "hi-in",
                "hr-ba",
                "hr-hr",
                "hu-hu",
                "hy-am",
                "id-id",
                "is-is",
                "it-ch",
                "it-it",
                "ja-jp",
                "ka-ge",
                "kk-kz",
                "kn-in",
                "kok-in",
                "ko-kr",
                "ky-kg",
                "lt-lt",
                "lv-lv",
                "mi-nz",
                "mk-mk",
                "ml-in",
                "mn-mn",
                "mr-in",
                "ms-bn",
                "ms-my",
                "mt-mt",
                "nb-no",
                "nl-be",
                "nl-nl",
                "nn-no",
                "ns-za",
                "pa-in",
                "pl-pl",
                "pt-br",
                "pt-pt",
                "quz-bo",
                "quz-ec",
                "quz-pe",
                "ro-ro",
                "ru-ru",
                "sa-in",
                "se-fi",
                "se-no",
                "se-se",
                "sk-sk",
                "sl-si",
                "sma-no",
                "sma-se",
                "smj-no",
                "smj-se",
                "smn-fi",
                "sms-fi",
                "sq-al",
                "sr-ba-cyrl",
                "sr-ba-latn",
                "sr-sp-cyrl",
                "sr-sp-latn",
                "sv-fi",
                "sv-se",
                "sw-ke",
                "syr-sy",
                "ta-in",
                "te-in",
                "th-th",
                "tn-za",
                "tr-tr",
                "tt-ru",
                "uk-ua",
                "ur-pk",
                "uz-uz-cyrl",
                "uz-uz-latn",
                "vi-vn",
                "xh-za",
                "zh-chs",
                "zh-cht",
                "zh-cn",
                "zh-hk",
                "zh-mo",
                "zh-sg",
                "zh-tw",
                "zu-za",
                "CONOUT$"
            ]
        }
    ]
}