{
    "malware_data": [
        {
            "filename": "ad0dd692f4de9d060a918c63ded562d8cb8b8217fc6831fa46aac15c0fdb422b.elf",
            "filetype": "7F454C46",
            "filesize": "29KB",
            "hash_sha256": "ad0dd692f4de9d060a918c63ded562d8cb8b8217fc6831fa46aac15c0fdb422b",
            "strings": [
                "{UPX!`",
                "4B,Gl3",
                "`).H",
                "!r|,",
                ".`fH",
                "rO]Z1B",
                "6N#?",
                ">sf@",
                "R_,]y",
                "v*V:!G?",
                "GqU5",
                "tj-M",
                "]3#V",
                "TFgY-Z)",
                "qA5IAyx{",
                "nbrz",
                ")Nu`",
                "HN}d",
                "MdL&",
                "7.\"J",
                ".^C;",
                "4M;&VZ",
                ">a1n",
                "UB]^",
                "Q'V_",
                "?`).+",
                "~OaM",
                ".V+W",
                "\"P9w",
                "CN1<~",
                "3b@b",
                "aY=-",
                "-Gs^",
                "Pf-I",
                "O)Ao",
                "djav",
                "SPa-of",
                "sR!W",
                "MCnv",
                "_[ODOm",
                "O<#s",
                "Mc0A",
                "=58d",
                "\\\"v@",
                "KGck",
                "sV[B",
                "'|c:",
                "'&-&",
                ";Q.p",
                "\\Ep8C",
                "OYag",
                "3dZf",
                ")81#oR}",
                "7^H\\",
                "*K? ",
                "zRJ}",
                "miZF",
                "W}v!",
                "n_p5",
                "YtL'",
                "8;8_-Ja",
                "w7Z;{",
                "P&yV",
                "A>#X",
                "o3FX",
                "2}*8",
                "NjZrMC",
                "OC##",
                "9}g-",
                "`L'i",
                "Jr%X&v",
                "A3L2T",
                "@FMi",
                "15=}",
                "IzAm,",
                "Fi\"C",
                "{A\"92VI",
                "h5~K",
                "[r`Z",
                "@G3f.}",
                ":L2d",
                "W{2<",
                "x}#H",
                "I:OX",
                "xH90",
                "(:2Y$04y",
                "ntF7%P",
                "+W,e*a",
                "Y0/S",
                "bWTd",
                "*Xc=L",
                "uGZL",
                "JD_z",
                "h WM",
                "nmK3",
                "<cn=",
                "99f&\\",
                "f/%m",
                "(9oq",
                "pRaC",
                "l~jm",
                ",|EZg",
                "EcnC",
                "hM'8",
                "RxLwQ",
                "rK0O",
                "0d$W",
                "@&>@",
                "-vZS",
                "'>Qy",
                "37e'",
                "xP5>oNJ",
                "Q=<Aa*",
                "fCql",
                "A~@<",
                "bSlP&",
                "o~B9",
                "xs0)",
                "IG}H",
                "I;2G",
                "BQ4g",
                "?2@1",
                "u7-\\b4",
                "|phVd",
                "lKg!",
                "k=k?",
                "*Q$Q^r=",
                "L/B'",
                "tc~[",
                "jMW~/",
                "M)mM",
                "GU:'",
                "@X!h",
                " B9~YiO",
                "&m'p",
                "Y@eV",
                "-P{zww",
                "F&&oj",
                "_>)n",
                "J{P&D~&",
                "s5 FA",
                "\"k3h",
                "opsj",
                ",V.J",
                "9F_w",
                "oa$=",
                "\\\\f*0",
                "}MDb",
                "<S7:",
                "k>'@",
                "4M=H",
                "8f2<\"",
                "Qd$zK",
                "d=Is",
                "6!c[",
                "\"X[q",
                "rtv&",
                "a7Vj",
                "^5>t",
                "`ZiHa",
                "ocQ0sJ",
                "aX-p",
                "bnV@",
                "zWFG",
                "NuUd",
                "W7pu",
                "OMgX",
                "UvN1W",
                "~~wtt",
                "CdHD(c",
                "Nt1\"",
                ">!nF",
                "43AMC",
                "Twu&:,O",
                "EiAa",
                "EK.D",
                "uU7~b;",
                "Q%5V",
                "[QML",
                "dm=rG9",
                ",I_$",
                ";fEed",
                "\"m|W",
                "iHWT",
                "JYuN",
                "%quK",
                "@tOw",
                "p@q`",
                "6^d@z",
                "M:~Z",
                "36K/",
                "Yt|PL",
                "V+Hhv5",
                "#**<",
                "|='EW",
                "h}Bw",
                ".n5X",
                "9h**{",
                "^<x:",
                "Zh;j1",
                "eE3U",
                "32OI",
                "'E p",
                "p;\"B",
                "0{/Ab`",
                "(DL`",
                "E6}T",
                ">WCx",
                "bU}{",
                "z*XnI",
                "4c>l",
                "P+Nw",
                " QG%",
                "<}=#f",
                "'rbv_",
                "p|!A",
                "EapascX",
                "6Q~=",
                "(a.E5",
                ";)EC",
                "cPADt+,",
                "]U}W",
                "d(EK",
                "$7y$",
                "9@aZ",
                "OCZ:",
                "%a3}@W",
                "uA2V4",
                "z=^j",
                "z\\bv",
                "luHo",
                "X$gf",
                "Ip4Kcj",
                "w(a ",
                "W-Sy",
                "6HL DE",
                ")7L+Q",
                "J#D%",
                "+kZ)",
                "p,|ei",
                " #}-",
                "dNO?y",
                "3qbQE",
                "Zd`k9",
                "#n)D",
                "oaxmd",
                "$1|xs",
                "_[PX",
                "?>yaF",
                "YTk,O",
                "v}k8",
                "pD&v",
                ".>F[",
                "9tfA",
                "||H+",
                "B_[M",
                ":LZJ",
                "~@~Vr",
                "m{D@",
                "~?*8",
                "(LDp",
                "bkbLVF",
                "z-i6.",
                "-]u~",
                "}Wp5",
                "HCK?",
                "0|'o",
                "G=Wko",
                "<Epn",
                "E\\.zYl",
                "fv8J",
                "G47!",
                ">!V#(",
                "g_R_a",
                "DcH[$",
                "_UHW",
                "^V9K",
                "=yjb",
                "A?g/q",
                "c%F]>",
                "%8Br^UXaJ",
                "kT\\?",
                "]ASfRS\\",
                "_-W$",
                "9au^",
                "{m&z",
                "sX`[",
                "uM9Jq",
                "FGxM",
                "Bgx+!8NS",
                "B$!8",
                "R&# ",
                "E$!x",
                "$#xd",
                "$!P`",
                "PROT_EXEC|PROT_WRITE failed.",
                "$Info: This file is packed with the UPX executable packer http://upx.sf.net $",
                "$Id: UPX 3.94 Copyright (C) 1996-2017 the UPX Team. All Rights Reserved. $",
                "vyB!F",
                "dBx'2",
                " HC\"",
                "J%1c",
                "@tDB",
                "A&v}",
                "sUge",
                " @*i8",
                "80c=",
                "VA*w$",
                " &Nw",
                "_u7k",
                "-R3\"",
                "K,^<.",
                "ArHF,tC^",
                "emO<V(A48",
                "l(bJ",
                "x0eJ,x7",
                "4H)6",
                "r9aF",
                "r1U>",
                "icCW",
                "UPX!"
            ]
        }
    ]
}