{
    "malware_data": [
        {
            "filename": "ab0dd7675c9e379aea6638f7b2f0f2d4ef226bb189575894840d0e4480aac63a.elf",
            "filetype": "7F454C46",
            "filesize": "25KB",
            "hash_sha256": "ab0dd7675c9e379aea6638f7b2f0f2d4ef226bb189575894840d0e4480aac63a",
            "strings": [
                "4UPX!",
                "&$U*T",
                "PTRh",
                "QVh`",
                "WVSC",
                "HuN7",
                "Cj&17",
                "L$$Q",
                "GhO(",
                "/PU@",
                "83#u",
                "P;C9",
                "'4+<;",
                "1t#r",
                "#Z_{",
                "_[Pd=",
                "g^mx",
                "8h~j",
                "\\@FV%",
                "Gh;xC",
                ">[@d",
                "CRPW!",
                "h&,Yn",
                "m 8||P$",
                "S( <rIs",
                "vSy2%",
                "{i6 ",
                "9?Lz5",
                "b)0%J",
                "[VVc",
                "<i]H&",
                "JfcK",
                "<%!pr",
                "4'06e?>",
                "K aj(&(0",
                "b>XU",
                "Xj<V",
                "RY,Fx",
                "t*&@N.d",
                "_W@`",
                "Q& <",
                "TRPP",
                ",DPW",
                "9@.G$",
                "L$PH",
                "HX<)Vw t\"",
                "l$.J_",
                "73xH",
                "{:,W",
                "j(4#",
                "*H3H7(",
                "uV3.P",
                "shh;",
                "tH '",
                "nHrr(",
                "s .,",
                "L$PQ ",
                "C0(0",
                "\\LQTR",
                "9&f%",
                "NSo,y",
                ")cii",
                "^NZG",
                ";Vt:",
                "{nH<",
                "H$ta$}Y",
                "7fD0",
                "L[/#",
                "n =(",
                "9t$$tB",
                "B.h4",
                "X7` DM",
                "+LcQ",
                "d4,'0&d",
                "%O QP8",
                "P^8h8",
                "Pb`e",
                ",f<*T2$0",
                "4zZV",
                "5LGh",
                "I3r ",
                "@@t$ RM CF",
                "$MG2!",
                "r$<0%7$z#.\"LL",
                ".,2f",
                "A DC<>",
                "1AAA",
                "\\r24",
                "GWVG",
                "VUVE",
                ".!#7",
                "67X8",
                "2i.,",
                "\", 0",
                ".P.r0@bv",
                "ZetJ",
                "Ran.o",
                "K_Xh",
                "Y[vr",
                "hWA+x",
                "u!Ps",
                "8 <:",
                "=?~v",
                "n rWE@",
                ";ctM^",
                "3Jb2",
                "AVEZ",
                "Q6[<",
                "jQ:m",
                "4;}n",
                "bm10",
                "Wxlnj",
                "]XWj",
                "fiCf",
                "Jx'0",
                "p0,3[",
                " f64~",
                "=}qV",
                "]1@f+0k",
                "=XW37sB",
                "DcBC",
                "pOBC",
                "mz=L",
                "paQ1",
                "l[UU",
                "hgR?",
                "e5vs",
                "w-tX",
                "487@9",
                "SVVu",
                "fsUox0",
                "B<RP",
                "ns;U}",
                "FVBZ",
                "C]5E^",
                "vMC-z",
                "WxP}]",
                "U\"(EW",
                "dylad",
                "o>f[3",
                "40|=x",
                "b+q{",
                ">{$rf",
                "YF#i%`@",
                "rO>t)I",
                "4`H7",
                "$8E_",
                "t7JRPiP",
                "cdm( @<",
                "T^:s",
                "@CZ\"",
                "JHPS#",
                "u.)8VCr",
                "KXr`",
                ",Pvu",
                "LWn/",
                ";@|\"",
                " ino",
                "1{gg",
                "q@#PC",
                "r!@PYc",
                "Z`-\\",
                "Hsr2",
                "hl1p",
                "i&d`d",
                "h,1P",
                "hG1iNN.X",
                "hQ10",
                "W8u$''",
                " j$j",
                "rr2 ",
                "2H3!",
                "Y,52",
                "<2i&",
                "Y2Vjj",
                "ZK/@",
                "8#%1",
                "Z<vGm/",
                "Z< t",
                "5-\":/F",
                "}V; C5^.",
                "hostw",
                "{zPj",
                "! pidS2{",
                "'l 0bin",
                "N};W!",
                "PRQ(c",
                "WUQM]",
                "s-?!",
                "f+\"-S",
                "}rQU",
                "Q<57@",
                "a$T)O",
                "m)c1K",
                "~}Px",
                "YFq;",
                "'4%!",
                "5 F)(",
                "'p#)",
                "s8V0",
                "V>[ ",
                "75T'",
                "{&<;7",
                "{H84",
                "(/HF",
                "3-jW",
                "r'iY",
                "hlyn",
                "4$@(D,",
                "dDHLG",
                "HW% ",
                "G8>Y<",
                "t,X`",
                "&nB{",
                "I%-n",
                "m;yx+",
                ";\\r[",
                "Jxk\\",
                "yBXh7",
                "u,G1{",
                "=.L`",
                "+L6ma",
                ")~w;",
                "QQj\"0e6",
                "rVGLW`",
                "[O43",
                "&xwK2",
                ",,D4",
                "$q/G",
                "TfQ[",
                "OcoH",
                "n\"u/o",
                "0A0,",
                "qSZ ",
                "R<${",
                "!btp",
                "]}!)E",
                "K]Ju",
                ";X,t{+9k",
                "d7$7",
                "[<]jt",
                ")BB,j",
                "G?J8",
                "SL|S",
                "(GFA",
                "yFFx!",
                "4W\"Fl-",
                "SSPQ)@WE",
                "y$h(x%",
                " <xu",
                "(<`v",
                "}/C;",
                "<#4zt",
                "NRhy(W",
                "u%WWSRw",
                "*&#V",
                "ZY/`",
                "yPoM6",
                "CkQbJ",
                "A[X[",
                "hpJ ",
                ";ft*",
                "4[4V",
                "OtE?lQR",
                "S:=dB",
                "P!8M|$Q",
                ";Eul",
                "Q0x=",
                "0P!y",
                "e(@0HLW",
                "Vi l",
                "jo|a",
                ".u5A",
                " Q%!",
                "g/x38",
                "ello",
                "uckmadi",
                "cons",
                "idertogoofflinetyvm",
                "AvhPw",
                "o5ripp",
                "TaurusOnYaFo]e",
                "IsYoMomh",
                "Toastp",
                "ave+APqcep",
                "Languag",
                "KysF",
                ">ssm",
                "re}23.254",
                "30.120Kl",
                "pbc/",
                "2i13",
                "BzSxLxBxeY",
                "-LUGO7",
                "?U79OL",
                "JuYNuyf8",
                "NiGGe",
                "R69xXSO1@Ij1X",
                "L#KIKE",
                "ekjw|y98",
                "pcELT3",
                "NINJAREALZ\"l",
                "s%x86ISA^",
                "j%mKiy7",
                ";.De>s_+",
                "*gpu",
                "pdaq0DnAze",
                "(?/0x766f",
                "Xi3UI4",
                "Pia7",
                "p3>F4H34D$gTr",
                "Losn&kw",
                "~S[.,",
                "NA$q",
                "78bfp9CGR",
                "B1Q2",
                "USOr41(",
                "EXSLAVEH",
                "a3u52u",
                "+ghb/9j",
                "RA^nk&wkf",
                "9]2U2JD",
                ">1F<",
                "&laV",
                "v%dp",
                "g9qp",
                "Sq%v3Th3}D3v",
                "h{mYZjYMQ",
                "0\\6W",
                "soxD4y",
                "iaGv",
                ">mCa",
                "\"6tlG",
                "'6kePTOKYO",
                "2dULCVx",
                "jHZ2z!Y2gD6MZvKc7Jmd",
                "mMkf6Ax",
                "IU)h[",
                "Wvknd\"",
                "bl poi",
                "A\\m{",
                "Twv|",
                "W9RCk]",
                "wa;h|",
                "mA9215",
                "kuzaL",
                "X0NI",
                "SHJEHHEII",
                "HWOlsVN",
                "[j^Rd",
                "]`0G",
                "0v0eF",
                "00mGay",
                "GrAcEnIgvaNn)v5",
                "dGkq>Ctq",
                "6BE$uF",
                "f1!ZEuS",
                "s4beBsEQhd",
                "KSNDO",
                "z0k2L",
                "MCSInS",
                "5%MhF",
                "6(y]DbJ",
                "z!7Z",
                "[\"rtahB8Kv",
                "T}fUsWB",
                "IPSSDGIEVIVA",
                "KbVkz",
                "Pa&/k",
                "PP[xa",
                ")BQ~",
                "sQm8/PO78H$",
                "brPS",
                "efIX86",
                "Gz4c24ETA[o",
                "n55 rw+I",
                "mJzP-6HpQj",
                "-Iz`Y*+",
                "c'6:",
                "tfxcgy&2",
                "aNoF+",
                "CP3fVj%7!",
                "ipsB^M%",
                "QnOhRk85! lV",
                "XKECLZ",
                "Oc{kk",
                "lrSp",
                "4g03",
                "lezsxh",
                "~JIJHF",
                "vOSn",
                "W+-B",
                "_f<9_y",
                "yWD&",
                "T9#e.",
                "_i6axN",
                "!qJsv5",
                "wdgj",
                "oGILLEJW(B",
                "Thl)w",
                "_QFd",
                "sCxz",
                "WsGA4@F6Fc3ltU",
                "BO^y'cm",
                "CY,-0ODqekn",
                "mhk7VhvQP",
                "BnG=",
                "AW@3ga",
                "hRP:W",
                "hp.N",
                "u7tu",
                "iiVEC",
                "&4T$EMON6/",
                "Pz_-",
                "5.Ne",
                "Cayonk*KV(Fcs",
                "D17pw",
                "~IZTQU",
                "Q%0J",
                "@p/tm",
                " By ",
                "NRQVB[C",
                "^wZ^Y",
                "VRZX",
                "?*NYYR",
                "?;Vb",
                "#5/(z>?,",
                "5*+(*/,-",
                "ngb\"",
                "O.9u(?)56,t9Dk",
                "v[G6N)#h7",
                "**1.zr",
                "mX(b9.:5=T",
                "K(;))-",
                "4/\"w[",
                "Y?/\\7?)",
                "?\"}u<>",
                "$65&6",
                "M7Xs",
                "/H7H",
                "FC-K",
                ".{`!?",
                ">fK5rT",
                "BE#G",
                ":>HQZ",
                "\"-8CNM",
                "4MXeqy~",
                "%,74M",
                "4GLYch",
                "-4@M[",
                "(2C4M",
                "4N\\fsx",
                "@NXit}i",
                "i0;HV^",
                "#0:FN4M",
                "4[gmz",
                "i%3>GUgl",
                "`diy+",
                "&0:I",
                "(2BM",
                "4MKV]iu",
                "16?FO",
                "Wafs{",
                "i<HN/wS",
                "ajt~",
                " FG;",
                "T$(9",
                "H+|$,",
                "$Info: This file is packed with the UPX executable packer http://upx.sf.net $",
                "$Id: UPX 3.94 Copyright (C) 1996-2017 the UPX Team. All Rights Reserved. $",
                "PROT_EXEC|PROT_WRITE failed.",
                "/proc/sm",
                "elf/exe",
                "[jUX",
                "PO;C",
                "UPX!u",
                "_um9",
                "@bQs",
                "W?:m",
                "tr[]",
                "tf~{",
                ".shstrtab",
                "init",
                "roda",
                "ctors",
                "B3  ",
                "w9G'l%",
                "UPX!",
                "q[?6J",
                "#$%&",
                ")*+,-"
            ]
        }
    ]
}