{
    "malware_data": [
        {
            "filename": "b35490f99592ad91618f64b1d8a21ab9c0cd878186b8919ead3f637761387b5d.exe",
            "filetype": "4D5A9000",
            "filesize": "718KB",
            "hash_sha256": "b35490f99592ad91618f64b1d8a21ab9c0cd878186b8919ead3f637761387b5d",
            "strings": [
                "RQCWOIROIQJWZORIQOVITQNOCROIQWX",
                ".text",
                "`.rdata",
                "@.data",
                ".reloc",
                "F| X@",
                "FD_\"",
                "^_[]",
                "F\\@X@",
                "fffff.",
                "D$$a",
                "x^_[]",
                "fff.",
                "ffffff.",
                "oJKJ",
                "(^_[]",
                "$^_[]",
                " ^_[]",
                "hbp@",
                "h`aA",
                "hDaA",
                "h@aA",
                "h8aA",
                "Y_^[",
                "hKr@",
                ">csm",
                "SVW3",
                "Genu",
                "5ineI",
                "5ntel",
                "t#=`",
                "= >K",
                "_^[3",
                "% >K",
                "oF f",
                "oV f",
                "o^0f",
                "of@f",
                "onPf",
                "ov`f",
                "o~pf",
                "FGIu",
                "8csm",
                "t2VW",
                "?RCC",
                "?MOC",
                "?csm",
                "hcsm",
                "Sj [",
                "QQSVWd",
                ";p$u",
                "p$^]",
                "8_^]",
                "= lA",
                "t/h lA",
                "5 lA",
                "=HAK",
                "BVj(j",
                "hHAK",
                "YYPV",
                "u SW",
                "_^[]",
                "dSVW",
                ";csm",
                "u$9G",
                "v!8E",
                "u QW",
                "uf_^[",
                ";MOC",
                ";RCC",
                "@u)j",
                "u Qj",
                "@_^[]",
                "9p u\"",
                ":csm",
                "ft&9q",
                "r49z",
                "t0QW",
                "URPQQh",
                "L$,3",
                "UVWS",
                "[_^]",
                "SVWj",
                "Wu%j",
                "UQPXY]Y[",
                "PPPPP",
                "VVVVV",
                "wGt>",
                "j Y+",
                "PVVS",
                "5,CK",
                "Y[^_",
                "< t4<",
                "=t7j",
                "Y_^]",
                "SSSSj",
                "= CK",
                "hHCK",
                "hTCK",
                "htaA",
                "hdaA",
                "YYh|aA",
                "hxaA",
                "=csm",
                "j _;",
                "$TCK",
                "50CK",
                ">_^]",
                "hXxA",
                "QSVW",
                "f;1u",
                "FLY;",
                "=H5K",
                "eVhd",
                "5@5K",
                "h`CK",
                "tahd",
                "tfhd",
                "*?QP",
                "WWWWW",
                "<:u ",
                "SSSQ",
                "=<CK",
                "uSSSSj",
                "_[^]",
                "IH;A",
                "9wLt",
                ";3t'",
                "X_^]",
                "wFt&",
                "w=ty",
                "*ti-",
                "tL-c",
                "}$YY",
                "f9:t!V",
                "f9:u",
                "SSSS",
                "PVSS",
                "Wj=V",
                "u|9]",
                "SSSSS",
                "QQSVj8j@",
                "Y_[^]",
                "xg;5",
                "9E WW",
                "tl=8;K",
                "YY^]",
                "5`CK",
                "Wu7j",
                "Wj#Y",
                "u#Vh",
                "w/PV",
                "<0WV",
                "v!WQ",
                "PPPPPPPP",
                "9E(j",
                "PPPPPWV",
                "QQQP",
                "PPPSW",
                "PP9E u",
                "PPSWP",
                "VPRQ",
                "PRPQh",
                "xE;5",
                "SVWP",
                "SS@j",
                "L2.;",
                "PVVVVV",
                "SPPP",
                "=@<K",
                "%@<K",
                "<$tL",
                "|%=2",
                " VWj",
                "5P=K",
                "xK;5",
                "PQQQ",
                "etPj",
                "QQSV",
                "YY^[",
                "%0aA",
                "Y__^[",
                "^_[3",
                "\"]iY",
                ">]Yc",
                "]gs0\\",
                "Au^M8",
                "%@]4",
                "V]eS",
                "^Htr\\",
                "rJ^k`",
                "z,]p",
                "^Qhl\\W",
                "j^[f",
                "#G]=S",
                "U\\Qo",
                "]orijvzhytwxjbxyedndyzkhtmyjevmczjdelbxczfcsuikcymcawneusfkxqsakwjpyllgrqheftjgdhhf",
                "aomhnespscoujivgcnbowbucgrfajsjajuhmbfmcmkaxjivlke",
                "hctecsoutdalisnercttrsprhflmjelvwhitpfamdnurlaetepdqpyuahlzxmydxlxvyahvtatnbgdpfxrgffvfrtjjpfqi",
                "raovpkrdkskkwupjkwclnjmnpgyhxlzeuhvpykvvamishebapdgajzjkngkhcqgxuubpjbcvzmpfckdyjmsnocbbdak",
                "orukduwhfzxwpzggs",
                "chwdgqgibskldwjscvtzujbvdpnvntitzupanjcqoqddfryzxibqeuvccubsnbzizqikuqvpetgrusxklr",
                "xtnhuvfqhkcdasrpxycwsgyxdzqrulaogpyenozwimv",
                "aimyspgesqdavhnmxfs",
                "sqndogvcdjnlvlrlryeicsiofpwventfcmppwcvgihojkezrvsvgbnhwcpemkclehogcurtsrndttkomlmvwmayjf",
                "dtxhbpphcjvsnlarhglfbqtgfquacaorgmwetevprphpknyebxtxglebfkgs",
                "mrikuzqppfluxcpnnuenojtoueenpfuxdenpdr",
                "lohcpaotwflgaouaoljsfuugzjjhjdtmkqklzhwxphubvctizuvnycdbogeggfxdsxpongigrwtdxksfjjccocivxqv",
                "mzpzkdclvdnnjxkmkcobgmoqycwmgoepieqe",
                "iaewpaxuaplmugqezyouflrttptwfdwjcktjcwhlqgpikrysgsakckpsalgtzdjzorvptmkepexaqtmtquheckqjadstzzma",
                "odqhcgbtngmzfneyrhzyrvehgiitrmnlyxstwbkieyeelmrdrqvfzlatilohrbfwymukxnzslahadiwob",
                "yhldyqvbyeywzqvoiebluzzvfrsvfbjoaiwizzxv",
                "rfnzkxoywzmpjmmxygvynuvfrdlwdkynwjkkktzbqkvshqxgzipihh",
                "gtmoosvlrfurrsmhaeakdwddetnktgdoyusatwfflzlezazsfrfkncirezyswylpjegbfzll",
                "mfvgsrwxpjawnuvhildwhfweugpbpkpmgsstephcytzzwbcpnstjvlrnnctcrgvmcfzihbgcgcynaxnhkxzubzlrwrcf",
                "tnofskqzaagwyahefjquamvtxtenfpjwuxbejyqxdirtqbrsbksxsrixbnwihrpeblwugt",
                "hegsqusehrxzbrkgyfqyeskhuzhouvfwzaifpzujlriprttfqgiyicmfnon",
                "dwujtgoalozdmurchvskosemsfhyznltuxfyddyzfhhmsvporklkrnqguscezuynajqnxos",
                "bqkokljmnkvwstemzvbifb",
                "jgyogpanueilwbkqceeosswogadrzmhieekjoqcapxhqrnyexxuaenesmbfvfvpilowuevqbantzkkjpgewrlchpttdqrgehkdys",
                "string too long",
                "bad array new length",
                "Unknown exception",
                "bad allocation",
                "bad exception",
                "__based(",
                "__cdecl",
                "__pascal",
                "__stdcall",
                "__thiscall",
                "__fastcall",
                "__vectorcall",
                "__clrcall",
                "__eabi",
                "__swift_1",
                "__swift_2",
                "__swift_3",
                "__ptr64",
                "__restrict",
                "__unaligned",
                "restrict(",
                " new",
                " delete",
                "operator",
                "`vftable'",
                "`vbtable'",
                "`vcall'",
                "`typeof'",
                "`local static guard'",
                "`string'",
                "`vbase destructor'",
                "`vector deleting destructor'",
                "`default constructor closure'",
                "`scalar deleting destructor'",
                "`vector constructor iterator'",
                "`vector destructor iterator'",
                "`vector vbase constructor iterator'",
                "`virtual displacement map'",
                "`eh vector constructor iterator'",
                "`eh vector destructor iterator'",
                "`eh vector vbase constructor iterator'",
                "`copy constructor closure'",
                "`udt returning'",
                "`RTTI",
                "`local vftable'",
                "`local vftable constructor closure'",
                " new[]",
                " delete[]",
                "`omni callsig'",
                "`placement delete closure'",
                "`placement delete[] closure'",
                "`managed vector constructor iterator'",
                "`managed vector destructor iterator'",
                "`eh vector copy constructor iterator'",
                "`eh vector vbase copy constructor iterator'",
                "`dynamic initializer for '",
                "`dynamic atexit destructor for '",
                "`vector copy constructor iterator'",
                "`vector vbase copy constructor iterator'",
                "`managed vector copy constructor iterator'",
                "`local static thread guard'",
                "operator \"\" ",
                "operator co_await",
                "operator<=>",
                " Type Descriptor'",
                " Base Class Descriptor at (",
                " Base Class Array'",
                " Class Hierarchy Descriptor'",
                " Complete Object Locator'",
                "`anonymous namespace'",
                "FlsAlloc",
                "FlsFree",
                "FlsGetValue",
                "FlsSetValue",
                "InitializeCriticalSectionEx",
                "CorExitProcess",
                "Sunday",
                "Monday",
                "Tuesday",
                "Wednesday",
                "Thursday",
                "Friday",
                "Saturday",
                "January",
                "February",
                "March",
                "April",
                "June",
                "July",
                "August",
                "September",
                "October",
                "November",
                "December",
                "MM/dd/yy",
                "dddd, MMMM dd, yyyy",
                "HH:mm:ss",
                " !\"#$%&'()*+,-./0123456789:;<=>?@abcdefghijklmnopqrstuvwxyz[\\]^_`abcdefghijklmnopqrstuvwxyz{|}~",
                " !\"#$%&'()*+,-./0123456789:;<=>?@ABCDEFGHIJKLMNOPQRSTUVWXYZ[\\]^_`ABCDEFGHIJKLMNOPQRSTUVWXYZ{|}~",
                "AreFileApisANSI",
                "CompareStringEx",
                "LCMapStringEx",
                "LocaleNameToLCID",
                "AppPolicyGetProcessTerminationMethod",
                "log10",
                "lzZ?",
                "asin",
                "acos",
                "sqrt",
                "?5Wg4p",
                "Nv$^",
                "BC .=",
                "(lX ",
                "#{ =",
                "`~R=",
                "}s\"=",
                "%S#[k",
                "\"B <1=",
                "\\-!y",
                "#.X'=",
                "i9+=",
                "sinh",
                "cosh",
                "tanh",
                "atan",
                "atan2",
                "ceil",
                "floor",
                "fabs",
                "modf",
                "ldexp",
                "_cabs",
                "_hypot",
                "fmod",
                "frexp",
                "_logb",
                "_nextafter",
                ".text$mn",
                ".text$x",
                ".idata$5",
                ".00cfg",
                ".CRT$XCA",
                ".CRT$XCAA",
                ".CRT$XCZ",
                ".CRT$XIA",
                ".CRT$XIAA",
                ".CRT$XIAC",
                ".CRT$XIC",
                ".CRT$XIZ",
                ".CRT$XPA",
                ".CRT$XPX",
                ".CRT$XPXA",
                ".CRT$XPZ",
                ".CRT$XTA",
                ".CRT$XTZ",
                ".rdata",
                ".rdata$r",
                ".rdata$sxdata",
                ".rdata$voltmd",
                ".rdata$zzzdbg",
                ".rtc$IAA",
                ".rtc$IZZ",
                ".rtc$TAA",
                ".rtc$TZZ",
                ".xdata",
                ".xdata$x",
                ".idata$2",
                ".idata$3",
                ".idata$4",
                ".idata$6",
                ".data",
                ".data$r",
                ".data$rs",
                ".bss",
                "GetConsoleAliasExesLengthA",
                "VirtualAlloc",
                "LoadLibraryA",
                "GetProcAddress",
                "VirtualProtect",
                "lstrlenW",
                "CreateThread",
                "Sleep",
                "WaitForSingleObject",
                "FreeConsole",
                "QueryPerformanceCounter",
                "GetCurrentProcessId",
                "GetCurrentThreadId",
                "GetSystemTimeAsFileTime",
                "InitializeSListHead",
                "IsDebuggerPresent",
                "UnhandledExceptionFilter",
                "SetUnhandledExceptionFilter",
                "GetStartupInfoW",
                "IsProcessorFeaturePresent",
                "GetModuleHandleW",
                "GetCurrentProcess",
                "TerminateProcess",
                "KERNEL32.dll",
                "RaiseException",
                "RtlUnwind",
                "GetLastError",
                "SetLastError",
                "EncodePointer",
                "EnterCriticalSection",
                "LeaveCriticalSection",
                "DeleteCriticalSection",
                "InitializeCriticalSectionAndSpinCount",
                "TlsAlloc",
                "TlsGetValue",
                "TlsSetValue",
                "TlsFree",
                "FreeLibrary",
                "LoadLibraryExW",
                "GetStdHandle",
                "WriteFile",
                "GetModuleFileNameW",
                "ExitProcess",
                "GetModuleHandleExW",
                "GetCommandLineA",
                "GetCommandLineW",
                "HeapAlloc",
                "HeapFree",
                "FindClose",
                "FindFirstFileExW",
                "FindNextFileW",
                "IsValidCodePage",
                "GetACP",
                "GetOEMCP",
                "GetCPInfo",
                "MultiByteToWideChar",
                "WideCharToMultiByte",
                "GetEnvironmentStringsW",
                "FreeEnvironmentStringsW",
                "SetEnvironmentVariableW",
                "SetStdHandle",
                "GetFileType",
                "GetStringTypeW",
                "CompareStringW",
                "LCMapStringW",
                "GetProcessHeap",
                "HeapSize",
                "HeapReAlloc",
                "FlushFileBuffers",
                "GetConsoleOutputCP",
                "GetConsoleMode",
                "SetFilePointerEx",
                "CreateFileW",
                "CloseHandle",
                "WriteConsoleW",
                "DecodePointer",
                "yedZ",
                "][^f[l`",
                "jl__^Y",
                "`^ih",
                "YhUY",
                "[ilYl",
                "ilYl",
                "[ha^j",
                "xzvwJ",
                "gggggg",
                "XLBy",
                "VTCi",
                "onrp",
                "zvwJ",
                "zvwBQ",
                "zvwBY",
                "YkBq",
                "YzDY",
                "xzvw}D",
                "xzvw}",
                "$_oD",
                "{gggggg",
                "zvwB",
                "vXAD",
                "xzvwB",
                "DO]D",
                "UDwYD",
                "B_eJ",
                "D_eJOq",
                "D_mJ",
                "@G[;",
                "@L[;",
                "@Lc;",
                "gDAn[;",
                "V%E1",
                ".gggggg",
                "gggg",
                "Bo}H",
                "|gDA",
                "-+}u",
                "9+|u",
                "|+yu",
                "e+wu",
                "R+gu",
                "c+Vu",
                "`+Uu",
                "(+Tu",
                "(+Ru",
                "p+Lu",
                "m+Ku",
                "`+Ju",
                "h+Iu",
                "-+@u",
                "\"+6u",
                "U+'u",
                "c+~t",
                "n+|t",
                "Q+zt",
                "6+xt",
                "{+vt",
                "8+ut",
                "o+st",
                "C+rt",
                ".+lt",
                "(+ft",
                "D+Mt",
                "(+Lt",
                "v+Ct",
                "p+8t",
                "b+2t",
                "$+0t",
                "6+&t",
                "=+%t",
                "-+$t",
                "'+#t",
                "h+!t",
                "g*Gy",
                "g*=y",
                "g*kx",
                "g*]x",
                "g*[x",
                "g*Yx",
                "g*Ox",
                "g*Ex",
                "g*#x",
                "QB?A",
                "@?[;",
                "W+B_",
                "ggggg",
                "@G;L",
                "@/Z;",
                "UB?I",
                "QB7A",
                "wYz}{",
                "DouDOqB",
                "vwBQ",
                "@?Z;",
                "@7[;",
                "xzvwBQ",
                "zwBy",
                "^+f~",
                "Yt@U",
                "@J[;",
                "@BZ;",
                "@:[;",
                "aBv}",
                "D^}Ba",
                "xzvwBq",
                "YSB~",
                "YZMQ",
                "YPBq",
                "{|wBX",
                "z}{|B",
                "YpBp",
                "u}|e-",
                "xzvw",
                "YoB1",
                "}zvB",
                "vwBY",
                "}onrp",
                "xzvwL",
                "XOBx",
                "BA1I",
                "D91I",
                "YL=D",
                "-+is",
                "R+cs",
                "YqJP",
                "A+|l",
                "P+xl",
                ">+pl",
                "T+^l",
                "}+Ol",
                "\\+Nl",
                "U+Mr",
                "(+Hr",
                "Q+=r",
                "a:Fz",
                "_+{q",
                "V+zq",
                "0+nq",
                "R+`q",
                "k+]q",
                "Y+Zq",
                "n+Nq",
                "9+<f",
                "r;QO",
                "B+)f",
                "n+(f",
                "{+!f",
                "r+~e",
                "g+}e",
                ")+|e",
                "H+he",
                "k+ce",
                "i+]e",
                "f+Ze",
                "D+Te",
                "e+He",
                "{+8e",
                "f+4e",
                "h+2e",
                "]+,e",
                "5++e",
                ";+qd",
                "3+nd",
                "f+ld",
                "G+kd",
                "m+id",
                "H+dd",
                "y+^d",
                "Y+Xd",
                "g*}i",
                "g*ki",
                "g*ii",
                "g*gi",
                "g*ei",
                "g*ci",
                "g*]i",
                "g*Wi",
                "g*Qi",
                "g*Oi",
                "g*Ii",
                "g*Gi",
                "g*?i",
                "g*'i",
                "g*%i",
                "g*Sh",
                "U+zc",
                "0+xc",
                "}+wc",
                "5+uc",
                "=+hc",
                "8+Qc",
                "h+Nc",
                "d7\"u*",
                "M+Mo",
                ":+Lo",
                "h+Io",
                "++Ho",
                "!+9o",
                "H+5o",
                "b+/o",
                "y+%o",
                "k+#o",
                "o+\"o",
                "~+in",
                "j+^n",
                "B+Nn",
                ">+Hn",
                "A+An",
                "f+>n",
                "x+8n",
                "y+7n",
                "<+1n",
                "U+0n",
                "g+'n",
                "5+&n",
                "!+zm",
                "$+sm",
                ".+rm",
                "*+qm",
                ".+om",
                "@+nm",
                ",+lm",
                "=+Pm",
                "9_{E",
                "@KMf",
                "@HMo",
                "Iw;C",
                "gDA1!",
                "gDI1",
                "xzvw}B",
                "w},ea",
                "=,!`",
                "35d(",
                "YWgJ",
                "v{}|",
                "{xw|",
                "Z+I^",
                "~+G^",
                "7++^",
                "X6BO",
                "ZbDO",
                "1+z]",
                "VyDA",
                "FMSD",
                "N+vZ",
                "k+[Z",
                "k+UZ",
                ",+PZ",
                "a+OZ",
                "D+MZ",
                "~+KZ",
                "=+JZ",
                "B+IZ",
                "]+GZ",
                "x+FZ",
                "-+EZ",
                "q+?Z",
                "7+=Z",
                "C+.Z",
                "6++Z",
                "Y+$Z",
                "@+!Z",
                "t+zY",
                "t+qY",
                "H+hY",
                "M+gY",
                "-+]Y",
                "/+WY",
                ">+DY",
                "v+:Y",
                "{+4Y",
                "j+2Y",
                "9+\\W",
                "++[W",
                "r+XW",
                ".+UW",
                "e+FW",
                "-+DW",
                "3+BW",
                "j+AW",
                "=+8W",
                "2+6W",
                ")++W",
                "_+*W",
                "8+(W",
                "YvBP",
                "Yu@z",
                "}|zD",
                "NyDS",
                "DSyD",
                "DSqD",
                "DSiD",
                "FMSDO",
                "U.DOyD",
                "DOqD",
                "DOiD",
                "'DOaD",
                "V5DOYD",
                "yDOQD",
                "aD?1",
                "DseD/5",
                "y?UGD",
                "}vzD",
                "fDB9",
                "'DB)",
                "FMSD?A",
                "U.D?9",
                "'D?!",
                "V5D?",
                "O0TfD?",
                "-'D?",
                "-(D?",
                "}D'q",
                "eD?I",
                "aDGM",
                "mD?A",
                "iDGE",
                "uD?9",
                "qDG=",
                "}D?1",
                "yDG5",
                "]DOQB",
                "]DOQD",
                "*057",
                "g=,1E",
                "Bo}Ds",
                "eDGI",
                "mDGA",
                "uDG9",
                "UGDy",
                "U.D1",
                "V5D1",
                "{zv|@",
                "V5D?I",
                "yD?A",
                "FMSD?",
                "U.D?",
                "}}}}v",
                "=,Y;",
                ".}dV",
                "g=,!<",
                "CeKDw",
                "laLE",
                "5FD?",
                "'D?y",
                "ZD?i",
                "(D?Q",
                ":D?I",
                "O0TfD?i",
                "-'D?Y",
                "ZD?I",
                "-(D?1",
                ":D?)",
                "FFTT",
                ".&vT",
                "\\4XN",
                "(3u[",
                "K0GBw",
                "M6-F",
                ">B&P",
                "k+|V",
                "C+qV",
                "T+jV",
                "3+dV",
                "\"+aV",
                "M+^V",
                "g*y ",
                "g*w ",
                "v+e ",
                "g=BG",
                "UGB/9",
                "UG@w",
                "p<UG",
                "W*7\\",
                "und9",
                "BweB/",
                ")+D~",
                "A(&k",
                "}{vD",
                "W7BO",
                "zvBG",
                "WjJO",
                "OpBO",
                "z|}BG",
                "}{zD",
                "g=,q",
                "g=,)",
                "\\gggggg",
                "p7UG",
                "oBUG",
                "o.UGB7%",
                "Bw}D",
                "Bw}X",
                "Bw}[",
                "BwUD",
                "BwUg",
                "}vzDw",
                "$5,t",
                "Z|}#",
                "[gggggg",
                "BwuW{D",
                "Bwu[",
                "BwuB",
                "o0UGB/",
                "g=BG%",
                "BweD",
                "}zvD",
                "BwmH",
                "BwmD",
                "}|vDw",
                "}|vD",
                "xo^g",
                "UGB/",
                "d )X",
                "t{sd",
                "}Dgu}D'",
                "}D'9",
                "}D'A",
                "}D'5",
                "}D'!",
                "}D'%",
                "}DgY}D'",
                "}D'=",
                "}Dgi}D'M",
                "}Dg}J",
                "}DgU}D'-",
                "}D'1",
                "}Dg]J",
                "DgeL",
                "}D'Q",
                "Dgm}Dgy}D'",
                "}DgaJ",
                "DgqJ",
                "sLUG",
                "BwuBO",
                "UGDo",
                "TFZ`",
                "zvw}BX",
                "XVDP",
                "g=gD",
                "}Dg}}Dg",
                "}D'-",
                "DgmJ",
                "DoqD7=",
                "DOu,5",
                "WyvzD",
                "}Dgy}D'",
                "}Dge}Dg",
                "}Dga}D'",
                "BOigg",
                "g=@n",
                "]}z|D",
                "@w]{z}D",
                "D?YO",
                "[(Ro",
                "3-BwqD",
                "FMSDs",
                "201X",
                "L|>d",
                "g=}J",
                "G+6D",
                "DwyD",
                "FMSDwqD",
                "U.Dwi",
                "U]DwaD",
                "DwyD?I",
                "FMSDw",
                "DwqD",
                "U.DwiD",
                "aDwe@",
                "GJ6D|",
                "BOUDT",
                "DwyB7I",
                "Dw}Bw",
                "DwqDOuBw",
                "BwQD",
                "GJ6DT",
                "DOyB",
                "DO}BO",
                "DOqBOUDOug",
                "DwQD?M",
                "U.DwyD",
                "DwiD",
                "mB?M",
                "'G56DS",
                "'G56Dv",
                "%;9C",
                "f5&a",
                "v?5p",
                "/FD,",
                "EFG<",
                "^O^:",
                "YM+*",
                "}vzw",
                "Y7y^",
                "%l}R",
                "M%y\"",
                "R5S7",
                "X\\<L",
                "4y,+",
                "Ib/E",
                "}e}&",
                "}}Dg",
                "+g=,I",
                "[kgggg",
                "~gDu",
                "=gJQ",
                "xzvwMQ",
                "g=gJQ",
                "yDo}",
                "\\DoqD",
                "iDomB",
                "DwaD",
                "z|vc",
                "OyDw",
                "DwyBw",
                "DwqBw",
                "DwuBw",
                "DwiBw",
                "DwmBw",
                "DwaBw",
                "Dweg",
                "g=,y}",
                "mDoaB",
                "MDGM",
                "PpD?A",
                "{}vB",
                "bWzs",
                "`NxK",
                "WK71",
                "OyDO",
                ";+_u",
                "o+cu",
                "z+bu",
                "U+au",
                "EhBo",
                "m05$",
                "DOyD",
                "Ao*_",
                "4g=J",
                "Y*gJ",
                "(ggggg",
                "=,Mj",
                "g*uu",
                "g*su",
                "c+-u",
                "#+,u",
                "2+*u",
                "}D'I",
                "}DgQ}Dg",
                "}DgU}D'M",
                "}D'E",
                ":6d!Bw",
                "Q3PD",
                "@E~,",
                "uD/9",
                "=,YZ",
                "MdDoyB/I",
                "Dw}D~",
                "DoyDw",
                "Dw}D",
                "qDOuB",
                "bWTD",
                "?+-V",
                "p+&V",
                "BO]@",
                "[CBoq",
                "H]%D~",
                "ZzDv",
                "BOYDO",
                "BOUDO",
                "BOiDO",
                "BOaDO",
                "=efDo",
                "BOQg",
                "BOQ@",
                "BOqD",
                "(7,q;",
                "DwmD",
                "DoqV",
                "BoqE",
                "BwiD|",
                "BwaDw",
                "BOiE",
                "BOi@",
                "BOQgggggg",
                "Dg]J",
                "BwUDz",
                "BoiDu",
                "BOaDU",
                "}DgQ}L",
                "Dge}D'",
                "}DgmJ",
                "}D')",
                "BOaDS",
                "BoiDs",
                "DweBw",
                "BweM",
                "+BOqD",
                ">+gP",
                "x+dP",
                "f+cP",
                "B+PP",
                "W+OP",
                "o+NP",
                "++MP",
                "~+LP",
                "n+HP",
                "A+GP",
                "q+BP",
                "T+AP",
                "6+@P",
                "i+>P",
                "Z+8P",
                "j+7P",
                "G+2P",
                "2+,P",
                "M+*P",
                "d+)P",
                "]+%P",
                "(+$P",
                "d+\"P",
                "m+zS",
                "K+yS",
                ")+xS",
                ")+wS",
                "b+pS",
                "`+oS",
                "O+hS",
                ",+XS",
                "&+US",
                "*+TS",
                "6+MS",
                "<+FS",
                "!+?S",
                "\\+<S",
                "j+7S",
                "!+6S",
                "s+4S",
                "?++S",
                "-+dR",
                "a+]R",
                "p+\\R",
                ".+ZR",
                "~+YR",
                "b+XR",
                "u+:R",
                "Q+9R",
                "|+8R",
                ">+7R",
                "p+5R",
                "S+/R",
                "5+(R",
                "W+!R",
                "RX$&",
                ";c'b",
                "I;B+",
                "zvwL",
                "+aJ'",
                "w7R!",
                "&Oj3",
                "`TFi",
                "6Ujm",
                "}Dh!B",
                "Dx)D",
                "hygm",
                "j~6k",
                "DPAD",
                "Bx=B",
                "4TKs",
                "B+}B",
                "B+}D",
                "z$Dy",
                "W`SBa",
                "W`SD",
                "W`SB",
                "Uonrp",
                "UoDY",
                "{w}|e",
                "vwJT",
                "]onrp",
                "qR?^",
                "qR?^D",
                "01!{",
                "f$BwQD",
                "!mBwUDS",
                "J-D}",
                "gGO?",
                "BwiD",
                "gkR(",
                "MdDO",
                "2v]+",
                "ZnL5",
                "Bo]D",
                "}DgyJ",
                "BwaD",
                "MdDo",
                "m:B7M",
                "BwqD",
                "qXKf",
                "#x:P",
                "\\26z",
                "LRH^",
                "KBOyD",
                "H1]?",
                "Dc?e",
                "(7,ql",
                "uR=t",
                "rt%r",
                "5D1S",
                "7+/_",
                "T?A7",
                "X%BP",
                "1Bx-",
                "xzvwBa",
                "96iH",
                "<MZi",
                "-g\\=",
                "g=,iw",
                "xzeD",
                "[mgg",
                "344444",
                "L46\\",
                ",G2I",
                "344444t",
                "ij22",
                "%i}[",
                ".v,F",
                "DZql",
                "'#6%h:p",
                "v{&KY/",
                "c{.d",
                "W=ajvk",
                "{PB~",
                "P0}F",
                "OLv+",
                "K[yu",
                "7x4y",
                "#(/B",
                "\\djp^",
                "_[._u",
                "O@q;",
                "+%=N",
                "Hu}m",
                "xxxxxxxxxxxxxxxx",
                "'WWC=R",
                "H(|R",
                "?93V",
                "0!/^",
                "ZY[d_f",
                "d<sa",
                "X?@C",
                "N| +Y$",
                "uwJ=",
                "},(p",
                "Ne8J",
                "Gwmu",
                "o<cA",
                "d=]%`",
                "nk1Xe_",
                "qoa/",
                "v$e7",
                "^SycTo6",
                "Ugh)",
                "Jl'K",
                "_\\;mM",
                "gldahi",
                "gd_id_f",
                "jh_Y[la",
                "id[hjY^[T",
                "}_e\\^",
                "^kadZZZZ",
                "Y^Yla",
                "h[[^[Z",
                "`l_T",
                "gdahZ",
                "h[[^[",
                "d_Yh[_la",
                "X_ihgd_hi",
                "d_Wladi",
                "]l[l`hYh[",
                "^^^^^^^^^^^^^^^^^^^^^^^^^^^^^^^^^^^^^^^^^^^^^^^^^^^^^^^^^^^^^^^^^^^^^^^^^^^^^^^^^^^^^^^^^^^^^^^^^^^^^^^^^^^^^^^^^^^^^^^^^^^^^^",
                "tk{V",
                "XStgX^",
                "DgP]",
                "sawju",
                "Sf[\\f",
                "fsia}Z}Z",
                "j+SOu",
                "0}^5",
                "bYlVglwuS",
                "{`dab",
                "X_ZX]]^[Yhi",
                "h_j[T]Yd^_",
                "x_ihgd_hi",
                "wh[Zd^_",
                "_Xaa",
                "kXggh[",
                "Z`laa",
                "ZdSh",
                "X_hU]hjYhi",
                "ihj^`][hZZhi",
                "`XaYdidZb",
                "l[jedWh",
                "Y[Xh",
                "glaZh",
                "ghlYX[h",
                "gdah_l`h",
                "al[fh",
                "gdah",
                "`hYe^i",
                "g^X_i",
                "ehlih[",
                "j^[[X]Yhi",
                "ihj^`][hZZd^_",
                "ZYlY",
                "WladilYd^_",
                "laa^jlYd^_",
                "j^`][hZZd^_",
                "^]h_",
                "Zhhb",
                "jehjb",
                "V[dYh",
                "jlaakljb",
                "j[hlYh",
                "ja^Zh",
                "[hli",
                "vd_i^VZ",
                "wdZYl",
                "~}|{zyxwvuts",
                "ihglXaY",
                "8~Mj",
                "zh[Wh[",
                "}[^ghZZd^_la",
                "j\\Xd[hz{v",
                "UjaXZdWh",
                "UdY}[^jhZZ",
                "{hahlZhz{v",
                "{hahlZh",
                "[hlYh",
                "^`]lYdkah",
                "dY`l]",
                "hahYh",
                "hahYh~kchjY",
                "hWdjh",
                "hY~kchjYv",
                "zhahjY~kchjY",
                "*%*%*%*%*%*%*%*%########!#",
                "#....",
                "**)##",
                "#7#%#",
                "1##!#",
                "=KP6tttttNttmPNNtttttttttttt3EPt}}}}ttttl9l/ttHt;*mmttttttttttt.",
                "}}}}",
                "(#(#(",
                ",,,,",
                "\"B=irrrrr;rrW=;;rrrrrrrrrrrrcZ=r{{{{rrrrVQVHrr]rS",
                "WWrrrrrrrrrrrG",
                "ig_b",
                "-u?`",
                "`]@k",
                "BJb8",
                "#$f<",
                "N%[a,z~V ",
                "c%7H",
                "F#Ph",
                "bl.%w7#",
                "o8.@",
                "c:e_",
                "IVFe",
                "2{l~_",
                "j_O^",
                "nPSOi",
                "WEbC9",
                "A:_aY",
                "hP0,[p",
                "Fo0Y",
                "pw:,.",
                "ZaML",
                "Yt>l",
                "Y`N&M",
                "+',q",
                "]4|+",
                "1^cN",
                " <]$b",
                "I=+3:",
                "^@z8",
                "~\"D[",
                "+s_y^[lL",
                "{(vP",
                "4Dh;<",
                "? =-<",
                "&w+l",
                "taqaB",
                "7AP,(o",
                "o<\\E",
                "U.k;",
                "\"#.2",
                "]Rk~_",
                "aUa2",
                "^f/Rt",
                "]dAf",
                "1zsV",
                "8'#w",
                "Y:Tcx",
                "czQV",
                "gTX+",
                "/*D)",
                "mVdDZc",
                "|ald",
                "b?D]",
                "*:>ML",
                "HGo)",
                "2}FhS",
                "FfpT",
                "Jg+\\",
                "*N<m",
                "Tf1x",
                "DZ S(",
                "3(~;sE",
                "yJB9",
                "sR+$",
                "{$ee6Jv",
                "J&X(",
                "b[cR",
                "?sCI",
                "`PRC",
                "=VQ)",
                "K1lv",
                "OU_K",
                "}zR~",
                "A|ls",
                ">OO:",
                "+8SOcI5",
                "{6L,",
                "O[*]_",
                "1tcl",
                "I53A",
                "H@cH",
                "kj.G`",
                "?Ofn",
                "`C{5",
                "+T(.",
                "67Rz",
                "&`9q",
                "VtwI'",
                "_'=~",
                ")9D*",
                "[N^%",
                "JIl8",
                "}~0>",
                "$.lc+pR",
                "`rrY",
                "v#zk",
                "SKtw-6Nk",
                "`#K@",
                "`/\\\\Jg",
                "46.1",
                "/)&R",
                "{2XV",
                "9iwj",
                "yd\"q",
                "C#oY",
                "e1^o",
                "/ICf",
                "vJ.>",
                "+Xn ",
                "+jCb",
                "RJG(",
                "\\)VD",
                "R$0mwt",
                "lCjv(",
                "n02:",
                "BV`_~,",
                "sFX0`",
                ":Xaj",
                "hGun",
                ",74\"u",
                "y=-k;",
                "p[OA",
                "% X41",
                "0mO?",
                "[8zk",
                "c+@82",
                "\" \"u",
                "l5/\\@os)",
                "*6MW",
                "Vz2?",
                "g]+&",
                "T*j;",
                "jO@b",
                "o9T(",
                ",`hl",
                "Nj*y",
                ":YB_",
                "8iyl",
                "qIrS",
                "3Ns@KB25)",
                "7v y",
                "+A%U_<pS",
                "uFPI",
                "2~it<",
                ".IAc$Fmy",
                "$9YI",
                "B1`7",
                "7\\7%",
                "s(kLe",
                "Zv^=",
                "Oj1H",
                "H\\y]",
                "(UZ6",
                "E?20",
                "sbks",
                "+t5E",
                "c~gC",
                "6T5E",
                "4`5u",
                "D2_c2*BSXe4",
                ")~IJ",
                "iDm}",
                ";l!f",
                "O1Td",
                "kNu3\\m",
                "b>~1",
                "NQ)G",
                "iN#T",
                "xz]&",
                "MCbq",
                "px\\U^-",
                "i;EiW",
                "#>\"VC",
                "_ OFh-L",
                "GCIEz",
                ")z6E",
                "Nc|6|",
                "dO$~",
                "(0f~0F8",
                "nfT>",
                "8(-K",
                "iA(b",
                "_UWu`",
                "i!aU",
                "mL.h",
                "GW7\"w",
                "\"ypB",
                "Q+gdd",
                "W[NQ",
                "8!wQg",
                "CP0g",
                "H8w{>l",
                "y]Nj",
                "c>4A",
                "\"]sy",
                "w/5N,",
                "NbyA(8",
                "gU5}",
                "$U3\"ti",
                "eFr+",
                "~uvAC",
                "0_.X",
                "J8O#y?",
                "90._5.",
                "\\&jk;",
                "&7 $",
                "p=j?",
                "XWJ8",
                "-b\"u",
                "KROn",
                "7[\\F",
                "j6_j,w{",
                ">lij/",
                "qjj*",
                "!5X_",
                ") %\"{",
                "$bw^j",
                "LKLS",
                "aS1&",
                "x-_i+",
                "JsCC",
                "I'FC",
                "yKjJ",
                "u7\\eFV:",
                "mnE+",
                "sTc}",
                ")Am}",
                "*nnLO",
                "D/`(",
                "RTt.=1rAF",
                "P,Ej6",
                "u\"=C",
                "n;T9",
                "U-bV",
                " fG:",
                "HW[?",
                ".reR3",
                "srOTi",
                "#*bo",
                "Z_[K",
                "WN%ss]",
                "&QTD",
                "SwsQ",
                "*3d%>",
                "'E8}",
                "<X2me",
                "v6^&5",
                "gVG*",
                "j qCf",
                "y-t-",
                "2d?(",
                "UZ|j5",
                "< xz",
                "S.7Za",
                "$n}f",
                "3KFJe$",
                ";|X{",
                "-o'^",
                "3fcK9",
                "ZN+/",
                "w0].",
                "D|&2",
                "lb{^r9^N]",
                "hY4=",
                "$}S(x",
                "Xczl",
                "`/}h",
                ",W{/",
                "iNU9",
                "J37-h",
                "zt-h",
                ".](F",
                "E.]g",
                "vse`",
                "tCImq",
                "2X4D~",
                "TG4=8Z",
                "3DTs",
                "gGv=b",
                "lSE;",
                "'LbR",
                "?%Zb",
                "+%i[~",
                "|fYD",
                "Pud]",
                "f bl",
                "W &a",
                "c ;'=o",
                "BB0&3",
                "2V86",
                "0u0N",
                "s$J2",
                "uM1W",
                "RZ}T",
                "ec@m",
                "9(Ts",
                "`JW^]u0",
                "bid8",
                "9Jb9",
                "-Ruq",
                "kE~8|=K",
                "1?Dt",
                "<g=P",
                "`p-N",
                "j.-N",
                "OVpV",
                "1:f-e",
                "1SfqN",
                "@Tp}",
                "u6~T",
                "a1).^",
                "elr(",
                "=~vUE",
                "zvaL>",
                "\\{Gf",
                "<CO8",
                "m(`r",
                "9q/]M",
                "rHA-G",
                "`H!E",
                "_y<NbS",
                "Rs#/U",
                "A{]%",
                "in`;",
                "< Rj",
                "6{Np?:%",
                "H5@P",
                "Yy%P",
                "['SR",
                "UJ5R",
                "{?%R",
                ".'LN",
                "4[JH",
                "'Pi<",
                "lhP.",
                "#.yN",
                "AST+w",
                "@woK",
                "=:SV",
                "KbV5",
                "@`\"*>",
                "/r\"U",
                "dTt@v&[",
                "W3:A",
                "m{hK",
                "eTwyF",
                "D]wk",
                "E`mF",
                "t,1<",
                "X|'\\",
                ",mC()",
                "K^[=",
                "L4jCB",
                "? u>",
                "72p5",
                "}Y96",
                "36ZZ",
                "M*k(",
                "`l;.",
                "EW#a",
                "p?|-",
                "u:3%s}G\"",
                "6E}O",
                "ziXX",
                "4F,9",
                "$yFI",
                "4i'g",
                "U2r,&9X",
                "UYR1W",
                "dEZ<:SQ",
                "vw#]nN",
                "q;Ep",
                "Q?\\L",
                "0woo",
                "Hv9s",
                "/|,#I",
                "80M,A",
                "\"}0={",
                "cb_y1",
                "'8e0",
                ",~Esg",
                "BSo@",
                "O#E;",
                "FM8T",
                "^:W8",
                "|w#D",
                "\\<\"F",
                "N]{U",
                "` k9",
                "_XI9",
                "uQ4f",
                " l2v5",
                "f,8c",
                "B\"Z#6(",
                "Dxto-}",
                "`{h\\",
                "{mSD",
                "hwEJ",
                "xfcm",
                "6/jj",
                ">@ua",
                "3_b(",
                "H-2vd",
                "V .|bN",
                "t41z*y",
                "=SFd1",
                "8kd/",
                " WE+",
                "/:aO1",
                "^DjV1",
                " {J!",
                "g#S M",
                "&:k0QLn&s",
                "|M/a",
                "\\)oa",
                "~aPm(3",
                "oUR6",
                "d{$zCh",
                "vMgd",
                "P=D.",
                "Ddxi",
                "OzA8",
                "_DGKf",
                "eE9N",
                "y~z9T",
                "BtjT",
                "5s)S",
                "j6r@s",
                " 5dc7",
                "$2tR",
                "f96u",
                "%R0w.",
                "'rEo",
                ";A/sU",
                "5Pz;9",
                "&_e~Q",
                "f:J$",
                "=)LN",
                "LC3XV",
                "~TJe\\",
                "gp:[",
                "%JX`",
                "~dsDd",
                "@X6?",
                "1.O@@",
                "gKVL",
                "6T?g-",
                "CJ''",
                "zXR}X",
                "Skfp?R",
                "[Urm",
                "F,By",
                "rRBc",
                "{h#I",
                ":iIu",
                "<M~A",
                "_Mn3",
                "Qadg",
                "~WP;",
                "<Jyg",
                "ViVm5",
                "K-5E",
                "MrL UD",
                "+k\\3",
                "3O8X4",
                "45?S.",
                "R0kUA",
                "eb}%A",
                "_re@",
                "+_b[=",
                "tS9n",
                "H W'",
                "l=3<",
                "m-SX",
                "515r$",
                "J9t$",
                "UP)%",
                "@u0A&",
                "b2o3@9",
                "R~-N",
                "#m,B(",
                "dZ0z",
                ";PoH",
                "v{*)",
                ")4u\"",
                ",o \"",
                "_L1M",
                "dp(-N",
                ".W'L",
                "[k/x3'O",
                "G?en",
                "q<M%",
                "<d6j",
                ".W*Q",
                "iUa^e",
                "6zEW",
                "MZ*1",
                "Q#c0",
                "vAzi",
                "Idln=",
                "\"=hN",
                "8_+;",
                "ErSM",
                "=v@ii",
                "{^:v",
                "{m+\\",
                "$E7M",
                "FZ0y",
                "NI~<CJ51",
                "fT c",
                "n.^5H:",
                "8coH96",
                "\\q)p",
                "|XY1",
                "Y~mq",
                "^8PO",
                "%h;n",
                "Tz6.",
                "L!`}",
                "S/OE4\"",
                "s;!&",
                "m+;w{",
                "My&i>",
                "8hOOva",
                "dwS%h",
                "d\"0C",
                "A{O5",
                ";RN)",
                "[nh|$",
                "e>L\"",
                ",Y~e-n'",
                "3 wmspH",
                "rj3t\"g",
                "UHKU",
                "TFX4;",
                "75pO",
                "hxrC4",
                "AAc~",
                ".<yR\\*S",
                "}w21",
                "5yVFR",
                "xt8n",
                "HV1%",
                ">8Bss",
                ":B\"5",
                "9OF$",
                "|@k/",
                "&`Sb",
                "^tFy",
                "5_0U",
                "^2xEx!",
                "oJe&",
                "lY4}",
                "3X2=",
                "M03H",
                "Zk=8",
                "wr8:",
                "ZT%A",
                "0qW4",
                "5&b]",
                ".#ZY'",
                "t{iH",
                "kI6Chmou",
                "3?`XLL",
                "cHL7",
                "[,ZBFv",
                "Gq+V",
                ",{@1",
                "l2]m",
                "3* `4",
                "kxE\\",
                "*\\LpI[",
                "z|[;iF",
                "&bO:",
                "7Mq/",
                "R*%,",
                " i[a",
                "Bm$b",
                "geLX6",
                " \"$QKu*",
                "4Bk>D",
                "ny}/",
                "8RQyl",
                "n{R8",
                "GHE)o",
                "mSbp",
                "3kIB",
                " <26",
                "V.v`H",
                "Eo2/v",
                "@MIm",
                "xbQ@",
                "D\"||",
                "#@ZX",
                "-<NHYn",
                "zDy_",
                "J_!?",
                "ShEm",
                "PgA<",
                "l*6!",
                "4{Z#",
                "36p!",
                "naL\\_",
                "39)E;",
                "3=X!",
                "a%NQ",
                "SO F",
                "ZEom",
                "vJ#(",
                "K!K'",
                "HZD-",
                "xT7A",
                "~s7{",
                "P,d)o",
                "a. >",
                "ij'.XC",
                "_l%I",
                "V+q|*",
                "%P%hu",
                "F'GX",
                "&Rgi",
                "j*k*%",
                "]dOo",
                "1_A[",
                "=D|p",
                "B5[I",
                "wQz0",
                "<kv9",
                "4{+P\"",
                "QlH%X",
                "^m93",
                "|ua)",
                "~-sxPS",
                "KoV-",
                "g^RM",
                "iL~<",
                "*hUJ",
                "o9]R",
                "| CT",
                "12HG",
                "3a&G",
                "$XEO",
                "Mb4H",
                "=yll",
                "-|&46",
                "13'D",
                "Ipa:@[>6d",
                "8!{7",
                "j;2f",
                "Q\\V!",
                "kZxE",
                "n{FS",
                "HCg8",
                "1G`\\",
                "4&/f",
                "*8O&Q",
                "Q(4\\f",
                "6|=d",
                "P@]$",
                "i!jy",
                "0rLT",
                ":w#)9",
                "n@m_",
                "zOv!",
                "$J3_",
                "RGMXn",
                "%QJ#b",
                "d[b?",
                "_%KG",
                "Q`M!",
                "BsZy",
                ";N%pli",
                "We[I",
                "cG~E",
                "!K=*",
                "5@S9eo",
                "b0%?mH",
                "9EVV:",
                "5Jy01hF",
                "YHq3Q",
                "oVCI",
                "t^#@",
                "G9Ln",
                "cMfu2",
                "D0Os",
                "lkkxA",
                "|/'k)",
                "7h\"ZW",
                "|Rbg",
                "W&`lg",
                "QOhci2",
                "o&OJv",
                "aA5ug",
                "8-cy!",
                "j3(L",
                "SP<R",
                "_I4T",
                "+gg[",
                "d^H4",
                "dG@c",
                "w^A]",
                "Gr45",
                "Hj}3<",
                "s$=\\",
                "#O^k1",
                "NQ&D",
                "6?rP",
                "F$]hlv]JaH",
                "JKx(\"",
                "zk*S",
                "oW]<",
                ";j{)eMwh:",
                "h:wU8",
                "5VVr;",
                "\\(DxL",
                "GAMY",
                "Ta#}:",
                "4P\"H",
                "|\\qp\\m}fp",
                "cm`m",
                "?'q:",
                "h 7E",
                "yD{D",
                "QXcN*U",
                "F<uA",
                "['Lbp[",
                "})I9",
                "(8.|",
                ":_?A",
                "SHsc",
                "l|a>3",
                "z9TT",
                "<j<\"H",
                "7%Ls",
                "ca9<",
                "-;Nl6",
                "@Y99",
                "kY\"RLI8",
                "8oH-",
                "# tg",
                ";On9",
                "10sy",
                "m7uP",
                "Gk-5",
                "q6~(S'#",
                "%YL>",
                "jy/S",
                "o*.l",
                "~me[",
                "jv$)",
                "moBu",
                "]%'i",
                "]k?p",
                "sv>i",
                "<kKWI",
                "5l 2)",
                "}OBY",
                "s{N5\\",
                "L,2!^",
                "xv\\A",
                "Duvz-",
                ",UpX",
                "P.3e",
                ";eF]",
                "<KOs.",
                "qeuOKN",
                ".?AVbad_array_new_length@std@@",
                ".?AVbad_alloc@std@@",
                ".?AVexception@std@@",
                "                          ",
                "abcdefghijklmnopqrstuvwxyz",
                "ABCDEFGHIJKLMNOPQRSTUVWXYZ",
                ".?AVlogic_error@std@@",
                ".?AVlength_error@std@@",
                ".?AVbad_exception@std@@",
                ".?AVtype_info@@",
                ":0f0",
                "1K2h3",
                "6=6_6",
                ";&;3;i;",
                ">8>Z>|>",
                "0$061q1",
                "9?94:",
                "90O0x1",
                "Z0M2p2",
                "5$515>5Z5g5t5",
                "6#606L6Y6f6",
                "7\"7>7K7X7t7",
                "808=8J8f8s8",
                "9\"9/9<9X9e9r9",
                ":0:=:J:W:d:",
                ";\";/;<;X;e;r;",
                "<!<.<J<W<d<",
                "= =<=I=V=r=",
                "718Q8q8",
                "919Q9~9",
                "<R>a>",
                "5>5]5",
                ":!:A:a:",
                "<U<4=:=N=k=",
                "=->S>b>y>",
                ">X?e?",
                "0S0\\0p0v0",
                "2@2F2",
                "3.3Z3d3m3",
                "4'4c4m4v4",
                "5-575J5S5^5e5x5",
                "6!616A6Q6Z6",
                ":[:`:d:h:l:",
                "7 7$7(7,7074787<7@7D7H7L7P7",
                "718I8N8U9f9{;",
                "<7<?<Q<^<",
                "<+=L=Z=`={=",
                ">!>->|>",
                "7#7J7",
                "<*=1=Z=v=",
                ">G>Q>q>{>",
                "?(?-?2?M?W?c?h?m?",
                "30C0",
                "1m2w2",
                "2*3C3M3Y3",
                "3b4n4",
                "4I6b6u6",
                "7c7r7{7",
                "768?8+:5:N:X:",
                ";P<k<",
                "=*=E=",
                ">$>8>",
                ">!?(?:?`?n?",
                "#0)0=0",
                "3!4,4k4",
                "4=5A5I5U5o5",
                "676<6U6f6k6",
                "6&717",
                "8'9X9",
                "9V:l:",
                "<<<j<y<",
                "=&=6=C=g=n=",
                ">9>`>u>",
                "?F?M?X?f?m?s?",
                "000`0",
                "707c7",
                "<&<q<x<",
                "<4=G=l=",
                "0C0]0o0",
                "1'1:1H1^1",
                "5B6z6",
                "6+787r7",
                ":G;a;",
                "<5<<<S<i<",
                "=?=H=a=",
                "= >W>i>",
                "> ?0?^?p?",
                "0$060W0i0{0",
                "2 3m3E4",
                "5^6t6y6~6",
                "7'737G7]7p7",
                "82878<8Y8}8",
                "9-92979R9a9l9q9v9",
                ":(:a:",
                "<-<K<T<Z<",
                "<,=1=6=;=D=a>j>",
                "2'232A2Q2f2}2",
                "3/5r7|7",
                "8}8C9I9",
                ";6<l<",
                "3N4w4",
                "485>5K5~5",
                "6$6o6~6",
                "6-7`7",
                ";#;D;",
                "191Z1a1x1",
                "1A2U2z2",
                "2D3V3h3B5|6",
                "<D<h<s<",
                "2\"222@2Q2i2o2{2",
                "374A4\\4",
                "5!5)5G5O5",
                "6P6z6",
                "=-=5=E=V=",
                "> >,>;>N>m>",
                "?B?d?",
                "=/=5=",
                "01<1H1L1P1T1X1\\1h1l1p1",
                "; ;8;H;L;P;`;x;",
                "< <$<(<,<@<H<P<X<`<h<p<x<",
                "= =(=0=8=@=H=P=X=`=h=p=x=",
                "> >(>0>8>@>H>P>X>`>h>p>x>",
                "? ?(?0?8?@?H?P?X?`?h?p?x?",
                "8 8$8(848<8D8H8L8P8T8X8\\8`8d8h8l8p8t8x8|8",
                "9 9$9(9,9094989<9@9D9H9L9P9T9X9\\9`9d9h9l9p9t9x9|9",
                ";$;,;4;<;D;L;T;\\;d;l;t;|;",
                "<$<,<4<<<D<L<T<\\<d<l<t<|<",
                "=$=,=4=<=D=L=T=\\=d=l=t=|=",
                ">$>,>4><>D>L>T>\\>d>l>t>|>",
                "?$?,?4?<?D?L?T?\\?d?l?t?|?",
                "0$0,040<0D0L0T0\\0d0l0t0|0",
                "1$1,141<1D1L1T1\\1d1l1t1|1",
                "< <(<0<8<@<H<P<X<`<h<p<x<",
                "0 0(00080@0H0P0X0`0h0p0x0",
                "1 1(10181@1H1P1X1`1h1p1x1",
                "2 2(20282@2H2P2X2`2h2p2x2",
                "6$6,646<6D6L6T6\\6d6l6t6|6",
                "7 888",
                "9 9$94989<9@9H9`9p9t9",
                "?,?4?<?H?h?p?x?",
                "0$000P0X0`0h0p0x0",
                "1(1014181@1H1T1t1",
                "2 2(20242L2P2X2l2t2|2",
                "3,3P3\\3d3",
                "4$4h4t4",
                "405P5l5p5",
                "606P6p6",
                "707P7p7",
                "404P4H5x5",
                "68;<;@;D;H;L;P;T;X;\\;h;l;p;t;x;|;",
                "jjjjj",
                "sC:\\\\Windows\\Microsoft.NET\\Framework\\v4.0.30319\\AppLaunch.exe",
                "Aapi-ms-win-core-fibers-l1-1-1",
                "api-ms-win-core-synch-l1-2-0",
                "kernel32",
                "api-ms-",
                "mscoree.dll",
                "en-US",
                "Aja-JP",
                "zh-CN",
                "ko-KR",
                "zh-TW",
                "         (((((                  H",
                "Aapi-ms-win-core-datetime-l1-1-1",
                "api-ms-win-core-file-l1-2-4",
                "api-ms-win-core-file-l1-2-2",
                "api-ms-win-core-localization-l1-2-1",
                "api-ms-win-core-localization-obsolete-l1-2-0",
                "api-ms-win-core-processthreads-l1-1-2",
                "api-ms-win-core-string-l1-1-0",
                "api-ms-win-core-sysinfo-l1-2-1",
                "api-ms-win-core-winrt-l1-1-0",
                "api-ms-win-core-xstate-l2-1-0",
                "api-ms-win-rtcore-ntuser-window-l1-1-0",
                "api-ms-win-security-systemfunctions-l1-1-0",
                "ext-ms-win-ntuser-dialogbox-l1-1-0",
                "ext-ms-win-ntuser-windowstation-l1-1-0",
                "advapi32",
                "kernelbase",
                "ntdll",
                "api-ms-win-appmodel-runtime-l1-1-2",
                "user32",
                "api-ms-win-core-fibers-l1-1-0",
                "ext-ms-",
                "zh-CHS",
                "ar-SA",
                "bg-BG",
                "ca-ES",
                "cs-CZ",
                "da-DK",
                "de-DE",
                "el-GR",
                "fi-FI",
                "fr-FR",
                "he-IL",
                "hu-HU",
                "is-IS",
                "it-IT",
                "nl-NL",
                "nb-NO",
                "pl-PL",
                "pt-BR",
                "ro-RO",
                "ru-RU",
                "hr-HR",
                "sk-SK",
                "sq-AL",
                "sv-SE",
                "th-TH",
                "tr-TR",
                "ur-PK",
                "id-ID",
                "uk-UA",
                "be-BY",
                "sl-SI",
                "et-EE",
                "lv-LV",
                "lt-LT",
                "fa-IR",
                "vi-VN",
                "hy-AM",
                "az-AZ-Latn",
                "eu-ES",
                "mk-MK",
                "tn-ZA",
                "xh-ZA",
                "zu-ZA",
                "af-ZA",
                "ka-GE",
                "fo-FO",
                "hi-IN",
                "mt-MT",
                "se-NO",
                "ms-MY",
                "kk-KZ",
                "ky-KG",
                "sw-KE",
                "uz-UZ-Latn",
                "tt-RU",
                "bn-IN",
                "pa-IN",
                "gu-IN",
                "ta-IN",
                "te-IN",
                "kn-IN",
                "ml-IN",
                "mr-IN",
                "sa-IN",
                "mn-MN",
                "cy-GB",
                "gl-ES",
                "kok-IN",
                "syr-SY",
                "div-MV",
                "quz-BO",
                "ns-ZA",
                "mi-NZ",
                "ar-IQ",
                "de-CH",
                "en-GB",
                "es-MX",
                "fr-BE",
                "it-CH",
                "nl-BE",
                "nn-NO",
                "pt-PT",
                "sr-SP-Latn",
                "sv-FI",
                "az-AZ-Cyrl",
                "se-SE",
                "ms-BN",
                "uz-UZ-Cyrl",
                "quz-EC",
                "ar-EG",
                "zh-HK",
                "de-AT",
                "en-AU",
                "es-ES",
                "fr-CA",
                "sr-SP-Cyrl",
                "se-FI",
                "quz-PE",
                "ar-LY",
                "zh-SG",
                "de-LU",
                "en-CA",
                "es-GT",
                "fr-CH",
                "hr-BA",
                "smj-NO",
                "ar-DZ",
                "zh-MO",
                "de-LI",
                "en-NZ",
                "es-CR",
                "fr-LU",
                "bs-BA-Latn",
                "smj-SE",
                "ar-MA",
                "en-IE",
                "es-PA",
                "fr-MC",
                "sr-BA-Latn",
                "sma-NO",
                "ar-TN",
                "en-ZA",
                "es-DO",
                "sr-BA-Cyrl",
                "sma-SE",
                "ar-OM",
                "en-JM",
                "es-VE",
                "sms-FI",
                "ar-YE",
                "en-CB",
                "es-CO",
                "smn-FI",
                "ar-SY",
                "en-BZ",
                "es-PE",
                "ar-JO",
                "en-TT",
                "es-AR",
                "ar-LB",
                "en-ZW",
                "es-EC",
                "ar-KW",
                "en-PH",
                "es-CL",
                "ar-AE",
                "es-UY",
                "ar-BH",
                "es-PY",
                "ar-QA",
                "es-BO",
                "es-SV",
                "es-HN",
                "es-NI",
                "es-PR",
                "zh-CHT",
                "af-za",
                "ar-ae",
                "ar-bh",
                "ar-dz",
                "ar-eg",
                "ar-iq",
                "ar-jo",
                "ar-kw",
                "ar-lb",
                "ar-ly",
                "ar-ma",
                "ar-om",
                "ar-qa",
                "ar-sa",
                "ar-sy",
                "ar-tn",
                "ar-ye",
                "az-az-cyrl",
                "az-az-latn",
                "be-by",
                "bg-bg",
                "bn-in",
                "bs-ba-latn",
                "ca-es",
                "cs-cz",
                "cy-gb",
                "da-dk",
                "de-at",
                "de-ch",
                "de-de",
                "de-li",
                "de-lu",
                "div-mv",
                "el-gr",
                "en-au",
                "en-bz",
                "en-ca",
                "en-cb",
                "en-gb",
                "en-ie",
                "en-jm",
                "en-nz",
                "en-ph",
                "en-tt",
                "en-us",
                "en-za",
                "en-zw",
                "es-ar",
                "es-bo",
                "es-cl",
                "es-co",
                "es-cr",
                "es-do",
                "es-ec",
                "es-es",
                "es-gt",
                "es-hn",
                "es-mx",
                "es-ni",
                "es-pa",
                "es-pe",
                "es-pr",
                "es-py",
                "es-sv",
                "es-uy",
                "es-ve",
                "et-ee",
                "eu-es",
                "fa-ir",
                "fi-fi",
                "fo-fo",
                "fr-be",
                "fr-ca",
                "fr-ch",
                "fr-fr",
                "fr-lu",
                "fr-mc",
                "gl-es",
                "gu-in",
                "he-il",
                "hi-in",
                "hr-ba",
                "hr-hr",
                "hu-hu",
                "hy-am",
                "id-id",
                "is-is",
                "it-ch",
                "it-it",
                "ja-jp",
                "ka-ge",
                "kk-kz",
                "kn-in",
                "kok-in",
                "ko-kr",
                "ky-kg",
                "lt-lt",
                "lv-lv",
                "mi-nz",
                "mk-mk",
                "ml-in",
                "mn-mn",
                "mr-in",
                "ms-bn",
                "ms-my",
                "mt-mt",
                "nb-no",
                "nl-be",
                "nl-nl",
                "nn-no",
                "ns-za",
                "pa-in",
                "pl-pl",
                "pt-br",
                "pt-pt",
                "quz-bo",
                "quz-ec",
                "quz-pe",
                "ro-ro",
                "ru-ru",
                "sa-in",
                "se-fi",
                "se-no",
                "se-se",
                "sk-sk",
                "sl-si",
                "sma-no",
                "sma-se",
                "smj-no",
                "smj-se",
                "smn-fi",
                "sms-fi",
                "sq-al",
                "sr-ba-cyrl",
                "sr-ba-latn",
                "sr-sp-cyrl",
                "sr-sp-latn",
                "sv-fi",
                "sv-se",
                "sw-ke",
                "syr-sy",
                "ta-in",
                "te-in",
                "th-th",
                "tn-za",
                "tr-tr",
                "tt-ru",
                "uk-ua",
                "ur-pk",
                "uz-uz-cyrl",
                "uz-uz-latn",
                "vi-vn",
                "xh-za",
                "zh-chs",
                "zh-cht",
                "zh-cn",
                "zh-hk",
                "zh-mo",
                "zh-sg",
                "zh-tw",
                "zu-za",
                "CONOUT$"
            ]
        }
    ]
}