{
    "malware_data": [
        {
            "filename": "a910f10b9709bfc2fee427dd671a37b1b49823f820df5902aadf174c73533d71.elf",
            "filetype": "7F454C46",
            "filesize": "55KB",
            "hash_sha256": "a910f10b9709bfc2fee427dd671a37b1b49823f820df5902aadf174c73533d71",
            "strings": [
                " NUPX!",
                "d55k@",
                "iT-J",
                "n`wq]w6Y%",
                "kOKyDK",
                "^>~=",
                "6\"HB)",
                "(Dp;C",
                "p1?9}",
                "?d-6",
                "+sY.",
                "X_l]",
                "qT$7Yi",
                ";Pf\\VT",
                "]&?-",
                "c3%D",
                "i{&B",
                "5^g9",
                "x0A!",
                "9{:\"",
                "f9xq",
                "Veag#",
                "#wY3",
                "j~jcP",
                ":!\\d",
                "=C/f",
                "'k=Z",
                "dQJq t",
                "4\\HP",
                "m^94&",
                "y79VE",
                "DzSJ",
                "V01_",
                "Kv79}",
                "EL1<",
                ">{`P",
                "Ydj+",
                "z/]gSM",
                "@26{",
                "3lME",
                "q`/#p",
                "<fviB",
                "#OA]4",
                "q}!v",
                "Ou93",
                "m@'l)",
                "t9_7",
                "\\;gl",
                "?>rO1",
                "lA6M",
                "d]/\"",
                "ZDdh",
                "[A3|{J",
                "l}&X",
                "F8s]",
                "05_T2",
                "APki",
                "g~q,",
                "dZB R@",
                "B?8|X",
                "T7wG\"\\",
                "6=eA",
                "haD\\",
                "Usjc",
                "k;KZ",
                "  >ai",
                ".=]4",
                "HH+Yn",
                "ZRBo",
                ":sZ8",
                "''Q>",
                "'{NB!;",
                "rui ",
                "'^,W",
                "ABrb",
                "6a<%",
                "]E[:",
                "T& p}",
                "!IYA",
                "CCJQ",
                "AGmJ7",
                "6q1m",
                "i=$Ev{U",
                "yEF(}",
                ")Rig",
                "zT=$",
                "bhkp@",
                "Cqm&|",
                "Eava",
                "\"|oL$",
                "i6_Uk ",
                "s:#jUT",
                "mGi@",
                "B2:R<5",
                "aLG|",
                "Jy_\"",
                "Tm!&",
                "`DE7",
                "l$hV",
                "'p\\m3",
                "qM}Gn2",
                "'cz(",
                "SQn-O",
                "m[KmS",
                "./Dw",
                "u`-]",
                "N1mnb",
                "aM=q",
                "n0@L",
                "B1,X ",
                "ZOOE+t",
                "BL+U",
                "%[miO",
                "#;)>r",
                "hC&U",
                ",( !",
                "D8?'",
                "jCXa",
                "o9\"j",
                "c&*Qn",
                "()I6uPnLC",
                "Xr\"<",
                "lIii2",
                "d(oI.",
                "[.Mo",
                "yaQV",
                "uNUu",
                "aOPq",
                "&EPJr",
                "x6yvH",
                "tcAz",
                "iCaQ",
                "!D/&",
                "OC*-",
                "O7}<",
                "Ly6E",
                "D90{",
                "v1\"(FKsJs",
                "*$gPj",
                "wwrqD",
                ">U&KP",
                "BIUi",
                "SC*<",
                "AN}l",
                "AkzY",
                ";1kW",
                "[s}d\\",
                "UyOs",
                "oEtR",
                "0[fi",
                "Ih{*",
                "rCXngeL",
                "3;e2",
                "l\"R>",
                "pJmj",
                "=k  F",
                "\"~_!",
                "WVq|",
                "P/'l;K",
                "e\"H(",
                "[,Mh",
                "U%@7~",
                "RCp}",
                "*Gu3",
                "l_?n~E",
                "J$=ov",
                ".48N",
                "HYi9D&",
                "l2.l",
                "k;xbk",
                "EK>1",
                "b;z79L",
                "jEt0",
                "U~6U",
                "+bYF",
                "bjj ",
                "SfP]FqF",
                "g5@a",
                "xl[*",
                "CvP>",
                "^7mmt9",
                "y4%U",
                ";BN\"",
                "#wFa$.Cp-",
                "c_Bc-c",
                "MET?4[9",
                "WF<Rv",
                "NVUX8*R@^r`^H",
                "G?-%",
                "\"*#zxpMF",
                "!vA|i",
                "dpHd",
                "SO,e}L",
                "O,UWjEI'",
                "_n,#",
                "2S,j",
                "'Fcc",
                "a\\iu",
                "jc%0>Z",
                "O|*jO",
                "2|Gi",
                "cCA+*",
                "IYJ!",
                "Vg7`xCm(",
                "}uQ{!",
                "~1Q`.",
                "\"D*)m",
                ";Pf?v7",
                "Gv[5",
                "f=4@",
                "gxXo",
                "~\\x@",
                "oKVJ[p",
                "(5-.",
                "bNuQ'",
                "Y({1zs+",
                "y1r+",
                "3yqr",
                "aj:<3",
                "%O,?o",
                "dR1!;wej|z",
                "u@{(",
                ")ih3Y",
                ",E]^",
                "pO;@t",
                "zoiG",
                "i\\<V",
                "JtgB ",
                "0a>c",
                "/oz_X",
                "c]5t",
                "?h$q",
                "6N8k|",
                "zt%P",
                "sX^GY",
                ")G;)",
                "**N\"",
                "/NQ Z@C",
                "+oxe$",
                "HYwNJd",
                ">7Q#",
                "j'#oHZ",
                "h-ik",
                "%D.u`S",
                "W@+m",
                "#\\rc",
                "0~\\.",
                "qD!O",
                "BxAi",
                "^maa",
                "{;NN",
                "9O6p",
                "T$sk",
                "{K=i L$",
                "4V3T",
                "*[N@",
                ";#B=s",
                "?O!\\",
                "\\`>?",
                "52sJ",
                ")>/{\\9",
                "6{\"E",
                "fvU.",
                "jB\"s",
                "pwUl*",
                "QgJQ",
                "ZB+J",
                ",IX]6",
                "1]vb",
                "rtvt",
                "0A<5",
                " @75",
                "/hU/",
                "~UKD",
                "Yo\\J",
                "&cdq",
                ":n6^q",
                "LVU2",
                "Nt*I",
                "s?Qv",
                "ymf ",
                "J}$!",
                "ak]^",
                "b4z1V",
                "XvRH",
                "#Hh\\",
                "4L<>G",
                "BBW*",
                ";B1c",
                "`:%g",
                "Wv d9",
                "M|j(",
                "68%W",
                "_A4\"|.",
                "/KJj",
                "\\8\\U",
                "F\"q*",
                "=)HT",
                "2\\q(",
                "_Q^5#",
                "xd3<",
                "7aLor[",
                "i^<?Zf",
                "\"\\iQ",
                "Wns;",
                "mn}\"",
                "A!\"0]z O",
                "SD3m",
                "e)^]4!b",
                "NLo]",
                "N,1s\"",
                "a=$h\"y",
                "FGV`S",
                "R_n+0^",
                "Ta5t",
                "2[>N",
                "A~6tGR",
                "@\\NsZ",
                "4(pt",
                " cO)",
                "SO?A",
                "xp$_d'R",
                "$`F-H",
                "vxi(",
                "ZG#,X",
                "uN30",
                "8S7}R",
                "mRx=n",
                ",RHB",
                "/xQG%",
                "DtslRw",
                "Z$ov` U",
                "G&Di+",
                "~yy?t.ax",
                "hLAl",
                "2nJ(",
                "[^<1I",
                "-oxI",
                ";]mR",
                "L]/Q{",
                "0<[!",
                "[@{UP",
                "k!Xr",
                ".?Pxh",
                "RbF9:P",
                "kHh)",
                "+iYI",
                "3e2A",
                "@}Kx",
                "O:s1x",
                "wT~y",
                "7OxJj\"",
                "K4Y<",
                "`~an6t",
                "d>9#",
                "$VjOHd&(|",
                "QQXb",
                "|$2y",
                "{=`%",
                "OlJgqg2",
                "#fh ",
                "/=fFnUN",
                "$7hS}",
                "ufPSt",
                "12.J90",
                "coiV6",
                "T6|)",
                ",!#.",
                "@wL`W ",
                "vG)5ha:",
                "C9v@",
                "^]\"I[",
                "GGcf",
                "Pb )",
                "PROT_EXEC|PROT_WRITE failed.",
                "$Info: This file is packed with the UPX executable packer http://upx.sf.net $",
                "$Id: UPX 3.94 Copyright (C) 1996-2017 the UPX Team. All Rights Reserved. $",
                "5n9#",
                "]=2)",
                "%b')",
                "/Cw@Z&",
                "9e(1",
                "xjqX",
                "/Vv<",
                "-zL0U",
                ":LM'",
                "~!'\"?",
                "gn;>",
                "`dOW",
                ">G\"V",
                "G0KT",
                "o9ruVu{",
                "A3Zp",
                "5(Ix5",
                "[NI.",
                "[zu%Z",
                "b/h>@%",
                " ;\\4",
                "+Ofp",
                "cCnW",
                "-U#Q",
                "Naxgt",
                "udU&",
                "$J\"jz",
                "kz.l",
                "6skV",
                "k#tq",
                "Lq^F",
                "\"ymN2/",
                "I-$p",
                "QHAuD",
                "m!;[-",
                "/(6U",
                "eW&\\",
                "nsQN",
                "c-fo",
                "-*T~x",
                "2xDke#",
                " 9&$7",
                "QO\\.",
                "H[duy",
                "I+@l%i/",
                "5FUB",
                "8o\"g",
                "g1:W",
                "q&uZ",
                "w\"qN9a",
                "]\"#d",
                "z:@s+",
                "O[{Q",
                "ZEQY",
                "5($C2",
                ",|!:",
                "skTuZ",
                "0=uK",
                "!|%f",
                "Gywb",
                "teK.",
                "XKS$",
                "mmNE",
                "!FH~",
                "%Mj&0(",
                "8KI'N",
                "QW8n",
                "3h{n",
                "Wp}W",
                "Y8F\\",
                "YoDQ",
                "QRx'RS",
                " #xY",
                "5u~:u",
                "%c*N",
                "N8<FO",
                ".nH:",
                ")=A}",
                "HZ7>",
                "m>fH1",
                "-ceg",
                "Jc$L",
                "*HF(",
                "Qt1]",
                "lYUo",
                "71F,wP",
                "QWcU",
                ")r&]o",
                "i$wx",
                "I-4y",
                "!F;\"",
                "Vyndr!i",
                "t6~Z",
                "YzkOMBg;",
                "qDP\\",
                ",JYY",
                "Wi?_",
                "}i-K",
                "@%FJ",
                " ^6;",
                "0_z*r",
                "wd2-",
                "3!Ou",
                "qS\"/",
                "U{(0",
                "gd1L2u",
                "Y{$+",
                "L[%dKj^o",
                "W<4N",
                "EjX~",
                "piZ?",
                "Xx.F",
                "Ie1F:g1k$",
                "2;.NF",
                "xx)c",
                "D`|f}sE*",
                "#jE'w",
                "~3EA)",
                "~470",
                ":f<*",
                "iJ[R",
                "B\\qYe",
                "ZizH",
                "'7|E",
                "EiVL",
                "]o}w",
                "EYXK",
                "yWtd?",
                "NNcc=8",
                "U\\S_q",
                "^*rH",
                ")F Z",
                "LLa(",
                "ub~U",
                "=]L'",
                "x%S=",
                "NBnf",
                ")q=pQ",
                "{'%R",
                "h\"k_O",
                "&{aft0J",
                "3(b2Rt",
                "SJuUw",
                "Yn,ri",
                "C''P",
                "3^PK",
                "!=;Q",
                "W|q2",
                "fuWJ",
                ",yUl ZTq",
                "4fiO_",
                "%.pi",
                "{wBc",
                "&8F1",
                "Cudp",
                "\\F=U",
                "ZKY+",
                "u|-,W",
                "Tjns",
                "o|{G",
                "qRS'",
                "J hj",
                "u?DD",
                "r2?{i",
                "S#3wQ",
                "|RFf",
                "VR,O",
                "*%oP",
                "(xyz",
                "Hhs A7",
                "K2%:]",
                "*blX ",
                "RD}_",
                ",v6[+",
                "nSXQ",
                ":AI?^",
                "IPB?6^",
                "ah:C/",
                "FWNY",
                "MU,|",
                "gJ_/av",
                "zb/n(",
                "3P7'",
                "mySm",
                "C(O)w",
                "RbB2~\\",
                "qA$R",
                "]v[g",
                "U9C&",
                "P_g-",
                ">:2%Bb",
                "9%]#",
                ",xA=$0",
                "DI\\,a",
                "##6n2",
                ",f~_",
                "&DC&sCTZ",
                "lxiW",
                "a<M=",
                "&_?5~",
                "QWWj",
                "_eMp",
                "$tjI",
                ";|KF",
                "Za\\4;w{",
                "}=LA",
                "<]gI",
                "?Dl%v",
                "Hh4u",
                "!38s+",
                "VyDY",
                ")FwG",
                ";<UV",
                "PI#9(<S9",
                "FGHf",
                "/.-$_",
                "_zYS*",
                "`+nk",
                "`7C%g:",
                "P7zZ'>",
                "(fj1O",
                "|\\l>",
                "UPX!"
            ]
        }
    ]
}