{
    "malware_data": [
        {
            "filename": "b092b5cea68faaf87e9816ec8592b5115a4672d077a284b7e48244288e23b1da.elf",
            "filetype": "7F454C46",
            "filesize": "31KB",
            "hash_sha256": "b092b5cea68faaf87e9816ec8592b5115a4672d077a284b7e48244288e23b1da",
            "strings": [
                "CvUPX!",
                "Ssb-",
                "J^H`",
                "H4{F",
                ",BQfN1\"",
                "-?8|",
                ")#-7'",
                "`:7;S<x[",
                "J`Wk0",
                "vk&_",
                "$+\\]",
                "B=B^\"",
                "Pw*X",
                "DCIA",
                "l'=Wf1`H",
                "vqHy",
                "a;DG",
                "HR [/",
                "|EGw~",
                "B4d]",
                "CG~}x/8",
                "ED=8",
                "P',t E",
                "GFd`",
                "ep[%",
                "N^-C",
                "%3.G",
                "bRj^",
                "F7,nR",
                "oeWOR",
                "sA,>z",
                "QrOU",
                "9ftJ(A$W",
                "jgeS",
                "$p,i",
                ",slG",
                "AH'%+#",
                "n*R'",
                "cOtF)",
                "Il0036",
                "uQE,",
                "RuiU",
                "JecG",
                "eD^pV",
                "5[b;a",
                "H@+QWx",
                "[W)T",
                "~\\km",
                "Cv*Z&",
                "`.EH/",
                " !{J%1@p`",
                "!a(f",
                "ojyP",
                "?AY?",
                "NH_}",
                ",T]P",
                "yJ2=H(",
                "p,$P",
                "VgG'",
                "EgwV",
                "`i*d",
                "4'TQ",
                "=[|~9l,",
                "`y3Z",
                "+mydx",
                " ~\".q",
                "^6?v{",
                "%Z15",
                "[L&#",
                ".nsS",
                "IgrL[",
                "X%%)",
                "1N@E",
                "J9s\"zrr",
                "-G#6",
                " mZ?|",
                "-2y(H",
                "1TWG",
                "o`=T",
                "(2v~4",
                "K|EC",
                "56x&",
                "iD{O",
                "40~p/",
                "@Tfc",
                "~=>0",
                "v Bx",
                "$!chbt",
                "gc[\\",
                ",-G!_",
                "Y[u/",
                "Y0}-",
                ">,5{",
                "}v);P",
                "6%At",
                "R.zG",
                "o|R(_",
                "^AeQ",
                "n\"9K[",
                "a-3.",
                "t5V&5",
                "P C}",
                "zk=CB",
                "jQ}`",
                "uBg<",
                "!Q][",
                "V;3'l",
                "3)Rq",
                "DhS1",
                "k4/F",
                "@%sn",
                "u+l{hfW",
                "PNl&",
                "no17",
                "4;~oz",
                "U]~[",
                "C_]\"",
                "~A\"=/\";",
                "6}qo",
                "3xuK",
                "!d|6",
                "(E}jJ",
                "?!m ",
                "Xa8 ",
                ":Zeb",
                "@VGN",
                "C0O^L",
                "y)SF+P",
                "q0\"b",
                "z))F",
                "f|Ld",
                "34\"f",
                ">AIX",
                "\\#pg",
                "?ssz",
                "zqIz",
                "B)Z+",
                "gt_Y",
                "W9^c",
                "1\\a2",
                "bKKo",
                "w7\"^",
                "olbV",
                "IG+j",
                "69Y6D%c",
                ",\\rm(",
                "Lk@|",
                "/B;6",
                "Sy#9",
                "-64_@4",
                "2h|o",
                "I1swd$",
                "G|.\"",
                "~W{*^",
                "H;*<",
                "7/%&",
                "&GBu",
                "hLWT",
                ";OLyJq",
                "R\\G/",
                "?BV?",
                "bWXs",
                "D%Tm",
                "Nl:~mn",
                "l;rde",
                "wim|e",
                "yy &>",
                "?4[2B",
                "S-MjD",
                "06P2s",
                "l01K",
                ";<nH",
                "b|-`",
                "^)PI?T",
                "VUG21e)",
                "SJ&>",
                "[aM:SO",
                "G/y@",
                "h?{jY",
                "ySg$",
                "z/vgW",
                "h\"O$lkf",
                "N9@^",
                "*oh'D",
                "kuupZXR",
                " (rq",
                "aO%)",
                "N]tI|tMHzX",
                "b3X^CKZ",
                "\"n< ",
                "&h}A",
                "F6E,r",
                "Sv9r",
                "r?9W",
                "&3Yw",
                "q;@*+",
                "Pi[vQ",
                "Y`s3Oc)",
                "oO Ny",
                "\\(ra8y",
                "-q,bN",
                "f\\,@",
                ".S1zg",
                "LO)}",
                "y>,k8",
                "`B4\\",
                "Tith",
                "W4rl;",
                "aHr*",
                "Rytm",
                "$$#d",
                "7rlbrq",
                "Y|H}",
                ")86U",
                "FS/h",
                "iheUz",
                "a?Qy",
                "'=bg^=",
                "^)#Up",
                "-9jg",
                "%sSV",
                "FIch",
                ";ROC",
                "eok3st",
                "d[qZ",
                "TX,`",
                "W>xL",
                "MCE;N",
                "up3@",
                "*g[?",
                "VSBI",
                "fa18:",
                "&$SQ",
                "m)Ct",
                ",%5 ",
                "ez@S",
                ">{O\"",
                ";~dM",
                ">D?8",
                "!rH<Z",
                "C;OK",
                "%3g7",
                "lSdl",
                "1B/;",
                "KL9G",
                "FuFuP",
                "-8-8Ke",
                " ?Za",
                "R`1l",
                "^8hktY(",
                "N1|_",
                "gke;",
                "p.XM",
                "b@\"-",
                "wX:7",
                "o!h*{x",
                "$,[b",
                "wW'QV",
                "Vfzw;",
                "~Pt3!",
                "jUut",
                "{;#DV",
                "$n,q",
                "~Si1",
                "C.XF(",
                "$[pcYA",
                "|Z\\6",
                "}/Mp-",
                "IG3c",
                "?NE(",
                "$-yWV",
                "FMI<",
                "MWD@)",
                "^=}$",
                "D*g`",
                "mks+",
                "lbfIR",
                "U+R~X",
                ">`|J",
                "U/)JOO",
                "sF$}",
                "j?u4'",
                "e^vYi+",
                "?rC#R",
                "d\\X ",
                "L`<rks.",
                "m&!Pz",
                "z|+W",
                "gW2' ",
                "rcB@",
                "9#T^g",
                "R'@H",
                "Sv2[muw",
                "E/zk0`g",
                "W3h\"J",
                "%.I+",
                "3B2f%",
                "N=(X",
                "}/vm",
                ">|CS",
                "PCMvT",
                "Z_br",
                "Vkz#`j",
                "czRL",
                "8Waw",
                "Pb )",
                "PROT_EXEC|PROT_WRITE failed.",
                "$Info: This file is packed with the UPX executable packer http://upx.sf.net $",
                "$Id: UPX 3.94 Copyright (C) 1996-2017 the UPX Team. All Rights Reserved. $",
                "5n9#",
                "]=2)",
                "%b')",
                "U+V!]",
                "/S|1",
                "[*v!q6L",
                "|[%'",
                "Jv?R",
                "TB$gsp8",
                "[>2g",
                "u`QMf",
                "kA;C].",
                "]a$<",
                ":C2~z",
                "?Usd",
                "K+~(",
                "961K",
                "=wH1",
                "UPX!"
            ]
        }
    ]
}