{
    "malware_data": [
        {
            "filename": "aaa87e001ad26d24cc977adb90d0c6224a31a147689903cb66f8b8ac9c857003.exe",
            "filetype": "4D5A9000",
            "filesize": "280KB",
            "hash_sha256": "aaa87e001ad26d24cc977adb90d0c6224a31a147689903cb66f8b8ac9c857003",
            "strings": [
                "!This program cannot be run in DOS mode.",
                ".text",
                ".bss",
                ".data",
                ".idata",
                ".flh",
                "p;uH",
                "EeFS",
                "gmHWq+",
                "LlLc",
                "fCQG7",
                "X;u@",
                "?KhK",
                "%o3U",
                "Qg3J",
                "%&3oQ",
                "M2 *",
                "%p:u",
                "M2d4",
                "Y;M2{",
                "hK%o3w",
                "Fmub",
                "X;MQ\"",
                "Y;K2",
                "Bi3b",
                "laS_",
                "-%L'",
                "l%S_",
                "lqS_",
                "-%L3",
                "kyS?;",
                "ImJS",
                "h>{s",
                "%o3u",
                "jX;$",
                "ImJQo7",
                "&H,-",
                ";h##",
                "Q_+$",
                "gbkzb?R",
                "Qg7Z",
                "X%&_o",
                "8M2l",
                "8M2$",
                "-@lN",
                ";,%]",
                "%JSi",
                "n=SY",
                "%JSu",
                "eBm*",
                "]Z&:",
                "%EeF",
                "%JSL",
                "m\\?M",
                "*{%_",
                "?KkN",
                "Y;N2",
                "X;k6",
                "E[;]3Y9",
                ">eA[;",
                "E[;]3",
                "E[;=S",
                "X; Z",
                "`!ZN",
                "W[;o",
                "X;K2_",
                "X;K2/",
                "XFJQ",
                "%o3w%",
                "E[;B",
                "-: %",
                "-9 %",
                "-8 %",
                "-? %",
                "iM2s",
                "n< 3",
                "n5 $",
                "ImJQo3",
                "o2Z[",
                "W[;,",
                "\\[;$",
                "n8Z1",
                "NVQ_",
                "g+o3",
                "ImJee",
                "JQ]27",
                "p;uZ",
                "p9u~",
                "6>hK",
                "mH=4",
                "6JhK",
                "lY:8",
                ",Y:%",
                "X!EeF",
                "ImJQo/",
                "h\"LQ",
                "?KkJe",
                "LcXe0",
                "g{%_",
                "d;k*",
                ":M2/",
                "ImJe",
                "MQ_7]",
                "%JSr",
                "/2gB",
                "/2WB",
                "M2GG",
                "M2cE",
                "MQ_3",
                "o$u-",
                "7lub",
                "M2kB",
                "p;MW",
                "JQg3",
                "5N;Za:",
                "7M27I",
                "%7NGZ",
                "M2?H",
                "p;N2",
                "kN2$",
                "Qo3{",
                "Y;M2",
                "%X;K2",
                "M%m?",
                "Y%;i",
                "%o7K2",
                "e:ie",
                "M2KQ",
                "n6N2",
                "o*K2",
                "6fhK",
                "M2+Q",
                "X&JQ",
                "%o'w",
                "mJQo/",
                "]1$Q",
                "X*Jm",
                "SM%X;",
                "X>1~",
                "`+nNX",
                "X21~",
                "p>K2",
                "p9K2",
                "&?o1",
                "`*X4",
                "JQ-%o",
                ";K2/X",
                "p;K27X",
                "%X;u",
                "$X;u",
                "p_ud:;",
                "?KkJQ_3{S_3",
                "m_3v",
                "_oZr",
                "-X;{",
                "`$~N",
                "p:uQ",
                "P$p:u",
                ";DS_",
                "K27l",
                "mZ7M2J",
                "%JSk$X;",
                "SG$X;",
                "mZ7M2f",
                "%MSZ$X;",
                "Qy2[i",
                "ImJauj",
                "X&JSc",
                "p;u%",
                "N?Q_3",
                "mZ7M2{",
                "mZ7M2+",
                "mZ7M2",
                "SJ+w",
                "d@,%",
                "Sl$X;",
                "8X&#",
                "S $X;",
                "Q_+{S_+",
                "'X;K2kv",
                "&X;K2Ov",
                "kKQg3",
                ">U-X;",
                "m_/8%",
                "kJ2/",
                "kK2sx",
                "kJ2gy",
                "N)Zg7",
                "CMW_",
                "M2cs",
                "l_7M%o3",
                "{SDG",
                "M%l?",
                "hkQ_",
                "RN$Y%_",
                "]3O:",
                "p<N2",
                "p3N2",
                "RIMN2+",
                "!:Z;",
                "m]GM2+",
                ">U-X;w",
                "pgJ2G",
                "m]GM%mCw",
                "paJ2",
                "F\\BbV",
                "k7p;w",
                ";J28",
                ">Q-X;",
                ".):Z;",
                "c}Ce",
                "d}Ce",
                "w5ES",
                "y-X;",
                "-X;J2",
                "-X;$",
                "Q_7]1X",
                "_7M2",
                "X$!~",
                "^sLS",
                "M%o7",
                "MQ]2",
                "g(u~",
                "Sx&X;",
                "#HSB&X;",
                "!X;M2",
                "S0&X;",
                "jOiZb9",
                "g(ue",
                "SY!X;",
                "SL X;u",
                "o(K2",
                "o(K2o",
                "o u2",
                "W_#MS",
                ";K2O",
                "Si&X;",
                "S+!X;",
                "QG3N2",
                " X;u",
                "M2w%",
                "%&>o",
                "kN2j",
                "3Sh#X;",
                "N2{\"",
                "LSmdZ;w",
                "Sn#X;uJ",
                "ST#X;",
                "M27/",
                "%JS'#X;",
                "eiFe",
                "h=SS",
                "X&JS",
                "h&rH",
                "G[;uZ",
                "\"X;u",
                "Z;uXU)",
                ">O%o",
                "kJ%o",
                "HluZ",
                "Hlu*",
                "HluJ",
                "M2C5",
                "ImJd",
                "M2W<",
                "W[;w",
                "\"X;uq",
                "-X;u<",
                "-X;u",
                "p:M%O",
                "i)p;",
                "5jpk5",
                "@;MT[;MTt: d=#>`9':l5PO",
                "THW5nri1jve=fza9b~}%~by!zfu-v",
                "`xh:xbQ",
                "XyhtNpyuPA",
                ";x~n;`bQ9mxa cMI1jpx8xXn;b",
                "5orb!be#7jv",
                "GTTTbei8`?i8`",
                "_ `Xc=xDc=o~i1_e",
                "xDc9ma[=ifB2_tn e~cTBeB$i",
                "^1oed;b",
                "C Ap}",
                "jBh7xxb:",
                "Cy8Be^ mex'X~I;",
                "_T_T",
                "TOCT",
                ";ot~'?#C1te",
                "x@x1~h^-",
                "eh9E",
                "k;~|l e~cT",
                "?icc1`\"?zh}aT",
                "c h}azh}aT",
                "_bei8`?i8`",
                "~n??##0`}",
                "h8?##0`}",
                "zh&btag>?i8`",
                "Tybh&?##0`}",
                "g>?i8`",
                "fn'o|}T",
                "yy;bb",
                "Gd&xdl8\\cb iryT",
                "Vh Od",
                "~~n1",
                "Wd:hFd:h~z",
                "Bh:h\\h'",
                "pj1M",
                "mu_1mu] ~",
                "8<g5",
                ">xdq",
                "uXyd',a",
                ";kcl9,rl:b~ytnt-&y",
                "-=b1I",
                "_1`;ht#Y",
                "# iiyT",
                "q#&hpy5",
                "Q#0melT",
                "#=hpy5",
                "#&i}b7",
                "#1hpy5",
                "x16 (5yN",
                "XSOV",
                "ZFX>",
                "TQNS",
                "Txl[",
                "9)=T",
                "1Q=T",
                "e%,8",
                "fDZB",
                "@_GZ",
                "TSOV",
                "l6ouh2kyd>g}`:c",
                "('P4~T[UB",
                "TIid \\cb7ib~T",
                "TKty",
                "1be]&crh'",
                "1beY<~tl0Eu",
                "bgd&c",
                "`1be^ ~xc3",
                "TO}b'iYl:h}hT",
                "2UKty",
                "uby1aUd&iry;~hLT",
                "UCah:Ady1tP",
                "V^ea",
                "bfd:h",
                "V[xc",
                "ttnT",
                "TSwi;|tcT",
                "BUS~}1bNb'jyl:h}hT",
                "Vjra;",
                "4TSrh,ee",
                "CVapa8cr",
                "VV|cd:xw",
                "mV~pd'i",
                "ty6yw",
                "=bekT",
                "cl:h",
                "f(#'f3#",
                "l&);lN)ClV)kl~)sl",
                "af|#yft#qf",
                "i8`?i8`",
                "es@5e",
                "TDEY",
                "# #d,#=d,Rb:btn e~ctiby5n}d'dtiY",
                "ivd'xt",
                "ic{=ot]&crh'",
                "Bb2xfl&iM@=ocb'cwy",
                "ET9Tdey$6>\"#{f#9er",
                "~k \"rb9#x~5|x\"&iud&\"ua83a",
                "01xhrmc0=ibh5~reTmsb!x+o8m",
                "fT{ub.",
                "yy |+\"{j>z7au#<x|",
                "<xe}n#>k{|a~8cv#$da",
                "<xe}n#>k{|x}8cv#$da2q",
                "+(=64dn)b7q<(xn)x7q<#in)!?064=fh",
                "n}o??##0`}",
                "M('\"tu1",
                "x}Tm}d\"i",
                "Bb2xfl&i",
                "i.?#uzhpyT_tl&oy-",
                "mvhT_el&x1]5kt",
                ">_ hi<qe?e a",
                "('PCy0t (=\"ul ",
                "fx$h1",
                ",4~TPrb9apc0\"rb9",
                "o~`9m",
                "iz|xkTPr`0\"tu1",
                "o|iz|xkT64=fy",
                "i.?#uzziiT)bQq",
                "|T0YY",
                "@/1u!<",
                "bh Xx`1cdy|.i%}.=(!%*",
                "bh8j?}5~tc \"}b7med;b,/q",
                "36Tjdc7xxb:,i%}",
                "4~h-< t)d-y!/",
                "ir{e=",
                "Jcl9i",
                "(')d-y,\\d7~~~;je-",
                "beh&btytIi}8cch&",
                "MD1taa;~t#1tt-T\\py<",
                "iex$PBh ya",
                "~~z'i_h#\\cb7ib~T\"UH",
                "IM@=ocb'cwy",
                "[xc0cf~",
                "ic~=c",
                "taa;~t",
                "Ncb#",
                "tC1{A",
                ";ot~'",
                "Va;npa",
                "jwa=bt",
                "cwy#mch",
                "Axn&cbb2xMZ=bub#",
                "MN!~ch:xGh&",
                "xb:PXc icc1x1^1xed:kb",
                "e:!<T_^K",
                "P\\d7~~~;jeQ",
                "i;{bQ",
                "1be[1~bd;bMD:xt",
                ":ie-",
                "iey=bv~",
                "V~c1",
                "-\"6cutj0yy9`/",
                "h#bn&eayj",
                "4~'ieY=atb!x9/.$8/x)d$o",
                "ub7y|h:x?('\"bx6axy|%*",
                "wx:oed;b1w|%",
                "1'ocd$x/",
                "h#wb&a/",
                "}!x1y-|t0v",
                "do9ee/tzpa!i,*s2",
                "+:nb}o",
                "4~he",
                "}!x1y-|t0viud .1{5`dhi+4~s,",
                "l9i,*q",
                "4xs2-o&2",
                "-d:|dytxh}113h0ee/tzpa!i,*q",
                "6-:m|hi+4~s2-o&2",
                "4~hj~",
                "9,pn e~ci.4~v,|h d~ii.AB",
                "X3-:m|hi.4~v2",
                "kq\"\"xT0sb0u/",
                "h#yh5h/",
                ";_~k !Rb&|",
                "('0ed `t3q",
                "4xh#ed `t3T0yh5h/",
                "-,y!1(z>d-y!/",
                "hde`82",
                "#<x|",
                "4nqo",
                "XE]{=?=t8!=tApa2cc`1h1_1}dh'x",
                "~pj9m+-:c<n5oyhY",
                "Rb:xtc !et$i+- iiy{de`8",
                "^0YY",
                "IPIj0ED",
                "~cb&8!=h#ED",
                "@T3h#YH",
                "CUTj0y<jIc",
                ";~\"=d61O&cf~1~1~1be-9m}k;~|h0,ch%yt~ ",
                "\\><z<19d81E;",
                "cdc0",
                "]&mv`561c;!rl7dt",
                "^O~c i",
                "yyxh}161y1te\"<x|aY",
                "hDE@",
                "MU3hXXY",
                "I/H&~~",
                "`<%1{XXY",
                "I/1{DTL",
                "HH3hd 3",
                "~cb&8!9n,Yb'x",
                "l9i1I",
                "_1a;czx$,wl=`tiTO^C",
                "I_Yy@TC",
                "XY7T,#=d,^FT",
                "XE]{=",
                "(',4~TO^C",
                "IRYT",
                "Rl7dt ",
                "y&c}7T",
                ";th T",
                ",yy |+\"{",
                "XA\"e\"",
                "\"T,YY",
                "\\+\"{",
                "Wb&aBx3kt~ ,AZtMbfTJ~",
                "9_dj3ibyt\\p~'{~",
                "X'i1K;~|^!kvh'x",
                "~k PXc icc1x1H,|}b&icQ",
                "mxcTut~TMdy;_dj3ibyT_^K",
                "1be[1~bd;bMH,|}b&icQ",
                "c|}8iehTNDY",
                "w?#:c<",
                "ybh&",
                "rb9apc0\"rb9",
                "r`0\"tu1",
                "rl:le-?e}az",
                "zd8`tiz",
                ";ot~',4Ut)b",
                "61O5h1]",
                "4UT-z}&o1",
                "u|cn8",
                "1txyY",
                "(')!?=,4Ut)b",
                "_-t\\XIt,1-t,_L",
                "T\\cb7ib~g>_h,x",
                "]&crh'",
                "ec~ ",
                "1meh",
                "c~a<i}}g>Bc5|be;x",
                "a<!-",
                "#=d,SD",
                "MCTt|",
                "T>!=tMBN",
                "E1}Y",
                "?e91X",
                "uahn,]5Y",
                "?g<1]yCz",
                "\">e,A ",
                "?a<1/q",
                "3-7h",
                "T>!=t\\<};",
                "#?d,Yh8`~-7mci1~0",
                "qocz,~fu&{i-t=1c;c",
                "ht,1-:cv",
                ";ya-t,1-qe1(',1(d>x-q<#dn)!?=,4~Y",
                "y;xpat:$8g9",
                "T)b'z&",
                "<a<1L",
                "OXDt|",
                "T>#;t\\<b?",
                "e9!-",
                "U1}Y",
                "8d=1]yI",
                "T>$=tHTA",
                "f9&-v)b/to",
                "T> >t)x",
                "$8d,A ",
                "Fh6,T{1be-",
                "cvj1~",
                "^;jez5~tQ",
                "~k PFd:h~z'PRx&~tc Zt",
                "'e~c",
                "_yh8`Bh&zxn1Csg1oeI1`pt",
                "cpiTMal&x|h:x",
                "Y<~tl0e",
                "cuh8",
                "EUQq",
                "MD:\\cb7_t",
                "\"ic>f",
                ")b#0`}",
                "/;(K",
                "M!4m! O",
                "I<5e:T ",
                "; <y= 8f5!N",
                "I&<cq",
                "ieH:y|N5oyh0\\p~'{~",
                "('64~T)b",
                "M('P",
                "+('p",
                "(')b",
                "4~qo",
                "(',4Un",
                "4~tJ^_",
                "S4UT",
                "@=ocb'cwytE",
                "h ,Tu$`~",
                ")bPt+4~s",
                "A1^1~gh&,Al'",
                "fb&hb",
                "xcd:kXc0ii",
                "J('Q1('",
                "A^ cch",
                "~tl iXc'xpc7i",
                "}'x~",
                "1o?i8`",
                "(')b('",
                "8-T21%T,",
                "CA>tYbh&,_l9i",
                "~vl:ekl e~ctBp`1",
                "\\1H9mxatMui&ib~T_\\Y",
                ",Ud'|}l-,_l9i",
                "ic{1~",
                "L7o~x:x1C5at",
                "CA>t\\p~'{~",
                "~k PXc icc1x1L7o~x:x1@5bpj1~ML7o~x:xbQq<)uT",
                "qH=>",
                "sH=>",
                "WSAGetLastError",
                "WSAStartup",
                "__WSAFDIsSet",
                "accept",
                "bind",
                "closesocket",
                "connect",
                "gethostbyname",
                "htonl",
                "htons",
                "inet_addr",
                "ioctlsocket",
                "listen",
                "recv",
                "select",
                "send",
                "socket",
                "CoCreateInstance",
                "CLSIDFromString",
                "CoTaskMemFree",
                "CoInitialize",
                "CoUninitialize",
                "SysAllocString",
                "DeleteUrlCacheEntry",
                "FindFirstUrlCacheEntryA",
                "FindNextUrlCacheEntryA",
                "ExitProcess",
                "ExitThread",
                "ExpandEnvironmentStringsA",
                "FileTimeToLocalFileTime",
                "FileTimeToSystemTime",
                "FindClose",
                "FindFirstFileA",
                "FindNextFileA",
                "FreeLibrary",
                "GetCommandLineA",
                "GetCurrentProcessId",
                "GetCurrentThreadId",
                "GetExitCodeProcess",
                "GetExitCodeThread",
                "GetFileAttributesA",
                "GetFileSize",
                "GetFileTime",
                "GetLocalTime",
                "GetModuleFileNameA",
                "GetModuleHandleA",
                "CloseHandle",
                "GetProcAddress",
                "GetSystemDirectoryA",
                "GetTempPathA",
                "GetTickCount",
                "GetTimeZoneInformation",
                "GetVersion",
                "GetVersionExA",
                "GetWindowsDirectoryA",
                "GlobalMemoryStatus",
                "CopyFileA",
                "InterlockedIncrement",
                "IsBadReadPtr",
                "IsBadWritePtr",
                "LoadLibraryA",
                "CreateDirectoryA",
                "LocalAlloc",
                "LocalFree",
                "OpenFile",
                "OpenMutexA",
                "OpenProcess",
                "PeekNamedPipe",
                "CreateFileA",
                "ReadFile",
                "RemoveDirectoryA",
                "RtlUnwind",
                "SetFileAttributesA",
                "SetFilePointer",
                "CreateMutexA",
                "Sleep",
                "TerminateProcess",
                "TerminateThread",
                "CreatePipe",
                "VirtualQuery",
                "CreateProcessA",
                "WaitForSingleObject",
                "WideCharToMultiByte",
                "WinExec",
                "WriteFile",
                "lstrlenA",
                "lstrlenW",
                "CreateThread",
                "DeleteFileA",
                "GetWindowTextA",
                "GetWindowRect",
                "FindWindowA",
                "GetWindow",
                "IsWindowVisible",
                "GetClassNameA",
                "GetForegroundWindow",
                "LoadCursorA",
                "SetTimer",
                "KillTimer",
                "RegisterClassA",
                "GetMessageA",
                "CreateDesktopA",
                "SetThreadDesktop",
                "GetThreadDesktop",
                "TranslateMessage",
                "DispatchMessageA",
                "SendMessageA",
                "CharUpperBuffA",
                "OemToCharA",
                "PostQuitMessage",
                "ShowWindow",
                "CreateWindowExA",
                "DestroyWindow",
                "DefWindowProcA",
                "GetStockObject",
                "DeleteObject",
                "RegCreateKeyExA",
                "RegCloseKey",
                "RegOpenKeyExA",
                "RegQueryValueExA",
                "RegSetValueExA",
                "GetSecurityInfo",
                "SetSecurityInfo",
                "SetEntriesInAclA",
                "_itoa",
                "__GetMainArgs",
                "_sleep",
                "_strcmpi",
                "_stricmp",
                "atoi",
                "exit",
                "memcpy",
                "memset",
                "raise",
                "rand",
                "signal",
                "sprintf",
                "srand",
                "sscanf",
                "strcat",
                "strchr",
                "strncmp",
                "wsock32.dll",
                "ole32.DLL",
                "OLEAUT32.DLL",
                "WININET.DLL",
                "KERNEL32.DLL",
                "USER32.DLL",
                "GDI32.DLL",
                "ADVAPI32.DLL",
                "CRTDLL.DLL",
                "erator",
                "$ rC",
                "0:1d:f",
                "6:7e:a1:bf:75:27:65:0a:a3:8e:2a:cd:42:c8:0c:61:fd:68:e2:c6:89:42:54P",
                "0293, 0.1151168",
                "0502",
                ".115",
                "1683464",
                "6834",
                "4050293",
                "4640",
                "1511683",
                "293, 0",
                "0.11A",
                "683464050293, 0.11511683464050293, 0.11511683464050293, 0.11511683464050293, 0.1p",
                "3, 0.11",
                "293,",
                "64050293, ': None, 'x_seq': ",
                "one ",
                "9rv$",
                "d5:14:60:61:a7:3b:6e:4e:",
                "2:29:ce:69:5",
                ":7e:H|",
                ":fa:22:33:b1:6d:5d:1d:d9:a3:f1:b6:e1:ba:ed:0f:b3",
                "19:d2:1c:d3:",
                ":71:35:0",
                "48:97:84:72:c2:9",
                "jv$e",
                "4<<@",
                "r@DDHn",
                "vl#Qj",
                "a{}p",
                "L`fYNGh",
                "$&t3V",
                "pjCXf",
                "\\p0(l6",
                "bl:h",
                "W6\\ua",
                "Y^f:",
                "md$'x",
                "n$}X",
                "@VAy}p",
                "@*<v5",
                "'W7-u{h",
                "j@j _",
                "}?Z^",
                "\"Sxa",
                " S@d",
                "ZC@t",
                "4Xu;",
                "&_y98j",
                "~a\"f;5\\",
                "tDwYd",
                "AVSP",
                "x!J~",
                "!u7 ",
                "tGqE",
                ";d6t",
                "VHQVx",
                "wYCg%",
                "e@0pD ",
                "t\\x\\",
                "]6,K",
                "Vj ^y",
                "Y_Z ",
                "TG~h",
                "T-/Mi([",
                "@x8ug",
                "R0mh",
                "4+\\VL",
                "-*0z",
                "dKT<'Y2",
                "Bh=7",
                "w=ZI",
                "j3N(J",
                "f\\~`",
                "vx)g",
                "Nst6",
                "x:lc",
                "/RyF",
                "Q4_[@a",
                "FlP\\k",
                "t4J0;",
                "kf=A",
                "\\`Ht",
                ";5[6",
                "sh-l",
                "aqnh {",
                "3S{qxt",
                "mr&S",
                "s_W~",
                "{02#",
                "lUh$",
                "u]~.",
                "YYYY",
                "`@[D",
                "mV\"cS",
                "96g(",
                "t'-r",
                "B>(\"",
                "%#HM",
                "pU\\S",
                "w<Cw6",
                "/y&>t1",
                "{DluH",
                "8b9q",
                "u&z3r",
                "jP0T",
                "kWPX",
                "9TV/",
                "?)$9}",
                "tO9=0G",
                "?nT$",
                "URPQQ",
                "RQ2tG",
                "8\"1w{H",
                ">Z6B",
                ")||$R",
                "0gh>",
                "(n00",
                "n+o ",
                "#F#n",
                "';;22",
                "OHgb",
                " (08<",
                "@H[6",
                "}>v`~p0g&",
                "H86~",
                "*d$z",
                "woSP",
                "  $$",
                "88<<",
                "@@DD.",
                "\\.HHLL",
                "$(,0''''4",
                "@Srrr",
                "DHLP",
                "\\prTX",
                "dhlp",
                "tx|K",
                "I&(,0",
                "`@eDH",
                "L2LPT",
                "pM$3",
                "9E8RNJ",
                "`sop",
                "1z~B",
                " @Wt",
                "Pw_j",
                "?p%dx",
                "t^6S",
                "NjA[jZZ+",
                "x$;ag",
                "uBh6",
                "9l>+~",
                "@.W^",
                "5C;0",
                "GchK",
                ";tv-#",
                "UQPX^Y[",
                "}!L%[",
                "Z/J<xif",
                "ttW(",
                "+6ae",
                "7v_x",
                "3~9U",
                "NP]4c",
                "Pe~,8n",
                "|pWi",
                "Zh]@",
                "VDxmQ",
                "$QPcIM",
                "=RtU$<",
                "(S#_",
                "Cf>%;",
                ">T1%",
                "^0k4",
                "VVhU",
                ".12(",
                "8Q.$",
                "J&F`",
                "ZiW0",
                "QpzA)q",
                ">lCl",
                "';_t|%",
                "wtVj",
                "Wkpd",
                "E8RS",
                "\\RTGy",
                "N+0|",
                "/?_U[mP?",
                "`dhlpx<",
                " ,4@LP",
                "yT`t",
                " 4<D",
                "LT\\dl",
                "v{giv_",
                "r1~#",
                "ACPgRv",
                "mV p",
                "=ZzK",
                "iiFile",
                "{{+B",
                "S;P[:;",
                "]Yv&dNexAW5Fm",
                "xpaREnvi",
                "vC*so",
                "y^GS",
                "Vaabg",
                "dH6l}o",
                "mmfK;{VL",
                "Isw;[<",
                "F$ur",
                "^ked",
                "cFm+De",
                "FliiwF10",
                "c\\uH",
                "E+7Addr",
                "M<tiBy oWivCha>",
                "Z`tER",
                "ZYUn",
                "bAs+",
                "V+1Unh",
                "*km$T.m",
                "SveV",
                "CCUag",
                "NbugNr",
                "M{W0",
                "Rtl`wi",
                "c]*@",
                "g1Key9+S",
                "nRJX9/",
                "_:W=Acqu",
                "fQq6",
                "Wwspdtf",
                "9b45",
                "'+:6",
                "3'K6",
                "$-7(",
                ",!*2",
                "+))6<",
                "\"S@48",
                "data",
                ".reJf",
                "XPTPSW",
                "$jN1",
                "zz%)",
                "MzTq",
                "$,iSdt",
                "}(l8",
                "qp|_",
                "0Gdc",
                "_QaK",
                "V)Kq",
                "mt/R",
                " V!Z",
                "[.(5('@",
                "~lkIu",
                " #8v~c",
                "M,mw",
                "_B.vM",
                "mQlt",
                ">YQ#C'",
                "ADVAPI32.dll",
                "ntdll.dll",
                "USER32.dll",
                "VirtualProtect",
                "NtClose",
                "wsprintfW",
                "YZ;[",
                "J(D*7&",
                "lass(7|",
                "1, 'model': Mal",
                "  Pn^",
                "_siz",
                "=(500,)",
                "d(8,",
                "128, ke",
                "00,)",
                "ias=",
                "@nQf",
                "G[j\\",
                "Gk?\\",
                "@59:21",
                "}bYe92^e)2Fg",
                "e12^e5",
                "KZe8",
                "TVg`",
                "#b>?",
                "+j>?",
                "^cq`",
                "m^cq`",
                "*q|V)x",
                "#F>?",
                "}F2gX",
                "7A20oq2V",
                "#r>?",
                "3B>?",
                "S^dy.",
                "-|Vc",
                "}|Vc",
                "~UVc",
                "KZQ`s",
                "+Z??",
                "SZMu",
                "AJg8",
                "Avg8",
                "3Z??",
                "yUVe",
                "A.g8",
                "}F>^",
                "Azg8",
                "A\"g8",
                "}b<)",
                "}cQ(",
                "2jId",
                ")#`V",
                "JPo0",
                "S^(y",
                "cFe ",
                "YPy.",
                ":A>K~UV",
                "tQmS",
                "~c\\n",
                "mc\\n",
                "\\o,r",
                "g.=I",
                "TVdy.",
                "V)xn",
                "WVm@",
                "ycrnp",
                "YXxb",
                "}cQmx",
                "}~#9?",
                "TVc8",
                "TVg8",
                "J-|V",
                "WVe8",
                "c^e ",
                "CFc)",
                "VnA(T",
                "}cym",
                "SFc9",
                "|ceg",
                "}bvm",
                "gy+W",
                "|bLn",
                "}VVg",
                "YX}+",
                "}cHg",
                "}c\\g",
                "|Vc8",
                "cZe8",
                "V1vV",
                ")H3V",
                "}bPe8",
                "V^e(",
                "TVWl",
                "gYX>",
                "EcRn8",
                "Pux|",
                "|UVc",
                ">'|UV",
                "TVmA",
                "+^&?",
                ",0)8",
                "6YY8",
                "B0)8",
                "Z0)8",
                "}bte8",
                "*q~U",
                "Q10i",
                "m|Vc8",
                "TVgI",
                "SZnE9#",
                "|cEg",
                "|UVe ",
                "|UVe",
                "*a|V",
                "TVWq",
                "}b3g",
                "F>\\}UVc",
                "_|Vg",
                "V7wV",
                "|Fc8",
                "}F>p}UV",
                ">r}UVc",
                ">t}UVc",
                "96Yj,",
                ")DYj",
                ">v}UVc",
                ">c}UV",
                "}bCc",
                ".aF>",
                "}UVc",
                "pv-:",
                "(x V",
                "QJw*",
                "-|VVi",
                "c^c`x",
                "Pc`t",
                "c^Qt:",
                "SNQt D",
                "9g.=",
                "}|Zc8",
                "}c[e8",
                "2@PW",
                "+6}cXm8",
                "*k|V",
                ".-~U",
                "xIcg",
                "}~Fh<",
                "(,fV",
                "(]AV",
                "#N&?",
                "}|Fc8",
                "}bEg",
                "=<ip",
                "}c\\V",
                "w`^m",
                "}U0)8",
                "F0)8",
                "}bSm",
                "(YY8",
                "[6657, 303245, 290090, 281047, 281047, 281047, 281047, 281047, 281047, 281047, 281047, 281047, 281047, 281047, 281047, 281047, 281047, 281047, 281047, 281047, 281047, 281047, 281047, 281047, 281047, 281047, 281047, 281047, 281047, 281047, 281047, 281047, 281047, 281047, 281047, 281047, 281047, 281047, 281047, 281047, 281047, 281047, 281047, 281047, 281047, 281047, 281047, 281047, 281047, 281047, 281047]",
                "1:7a:eb:91:d6:9c:f7:73:75:05:80:43:4c:06:98:12:cd:11:90:27:b0:9b:00:da:ef:aa:b5:9c:90:e5:03:81:f0:99:cb:04:47:a3:85:44:13:7f:59:93:79:93:8d:40:3d:68:d0:a8:13:ea:6e:1b:82:1c:c7:55:42:e0:b7:04:d8:b6:a0:7b:40:b3:26:cd:72",
                "9d:6a:ab:f8:69:2f:c9:98:cb:67:59:48:ba:c5:53:90:64:1a:10:9e:01:27:76:4c:44:9d:4c:cc:71:b1:33:89:78:73:!",
                "b1:45",
                "@v7O5",
                "@u{I",
                "@(), ",
                ", 'A",
                "@oLOH",
                "@&;6",
                "@Ml>N",
                "f5_x]",
                "7.0.7.2.",
                "{'classes': arr",
                "0, 1",
                " Mal",
                "onv(",
                "conv",
                "d_1): C",
                ", ke",
                "0,))x",
                "e_2): ",
                "28, A",
                "), 'trained': False, 'input_shape': (1, 1048576), 'softmax_outputs': False, 'batch_si",
                "y_crossentropy', 'optimizer': None, 'optimizer_scheduler': None, 'epochs': 100, 'plus_version': False, 'train_transform': Lambda()}, 'x_opt': None, 'f_opt': None, 'x_seq': None ",
                "J-\\L",
                "glePro",
                "derIt",
                "(Va^g",
                "k^g:",
                "7YY8",
                "-5/V",
                "nA&l",
                "E|\\c",
                ",>z|",
                "kFz|cX",
                "kF~|cX",
                "SBQ*",
                "-&&V",
                "TV(8",
                "||Rg",
                "}|\\c8",
                "VZe}",
                "Vg;n",
                "\"YX#RYX+SYY",
                "g.\"H",
                ")4TV",
                "YY;j",
                "V);*W",
                "32}E",
                "TVWx",
                "d>Uj",
                "c^QC$K",
                "o9&g",
                "Ve:n",
                "7YY:j",
                "YY:j",
                "xcfo",
                "#R&?",
                "bY(xZ",
                "}bZmX",
                ")r/V",
                "VV~P",
                "5V>?",
                "S^dy",
                "q^o(r",
                "}'Fm8",
                "TVgq,",
                "nA-[",
                "nA-V",
                "}brnA-V",
                "6~SZ",
                "B@#,",
                "'fy%",
                "YXA-",
                "^VvTV",
                "S^eq",
                "u?rT",
                "g]5P",
                "P{YG",
                "4h0LW",
                ".4.1438",
                "qm0cf",
                "*k<P",
                "Wz71",
                "@|'f=",
                "@p!!",
                "CGeneticAlgorithm{'classifier': CClassifierEnd2EndMalware{'classes': array([0, 1]), 'n_features': 1048576, 'preprocess': None, 'n_jobs': 1, 'model': MalConv(",
                "  (embedding_1): Embedding(257, 8)",
                "  (conv1d_1): Conv1d(8, 128, kernel_size=(500,), stride=(500,))",
                "  (conv1d_2): Conv1d(8, 128, kernel_size=(500,), stride=(500,))",
                "  (dense_1): Linear(in_features=128, out_features=128, bias=True)",
                "  (dense_2): Linear(in_features=128, out_features=1, bias=True)",
                "), 'trained': False, 'input_shape': (1, 1048576), 'softmax_outputs': False, 'batch_size': 256, 'loss': 'binary_crossentropy', 'optimizer': None, 'optimizer_scheduler': None, 'epochs': 100, 'plus_version': False, 'train_transform': Lambda()}, 'x_opt': None, 'f_opt': None, 'x_seq': None, 'f_seq': None, 'attack_classes': 'all', 'y_target': CClassifierEnd2EndMalware{'classes': array([0, 1]), 'n_features': 1048576, 'preprocess': None, 'n_jobs': 1, 'model': MalConv(",
                "), 'trained': False, 'input_shape': (1, 1048576), 'softmax_outputs': False, 'batch_size': 256, 'loss': 'binary_crossentropy', 'optimizer': None, 'optimizer_scheduler': None, 'epochs': 100, 'plus_version': False, 'train_transform': Lambda()}, 'problem': <secml_malware.attack.blackbox.c_gamma_evasion.CGammaEvasionProblem object at 0x7f5c08e9a040>, 'confidences_': [0.9999998807907104, 0.9997537732124329, 0.9999986886978149, 0.9999971389770508, 0.9999945163726807, 0.9999945163726807, 0.9999945163726807, 0.9999945163726807, 0.9999887943267822, 0.9999887943267822, 0.9999085664749146, 0.9997183680534363, 0.9999983310699463, 0.9999983310699463, 0.9995676875114441, 0.9999969005584717, 0.9999958276748657, 0.999985933303833, 0.999985933303833, 0.999985933303833, 0.9999992847442627, 0.9999992847442627, 0.9999992847442627, 0.9999992847442627, 0.9999991655349731, 0.9999991655349731, 0.9999991655349731, 0.9999991655349731, 0.9999991655349731, 0.9999991655349731, 0.9999991655349731, 0.9999991655349731, 0.9999991655349731, 0.9999991655349731, 0.9999991655349731, 0.9999991655349731, 0.9999991655349731, 0.9999991655349731, 0.9999991655349731, 0.9999991655349731, 0.9999991655349731, 0.9999991655349731, 0.9999991655349731, 0.9999991655349731, 0.9999991655349731, 0.9999991655349731, 0.9999991655349731, 0.9999991655349731, 0.9999991655349731, 0.9999991655349731, 0.9999991655349731], 'fitness_': [0.9999998807907104, 3.862233773212433, 3.712998688697815, 3.406897138977051, 3.2314945163726807, 3.2314945163726807, 3.2314945163726807, 3.2314945163726807, 3.2314887943267823, 3.2314887943267823, 3.2314085664749146, 3.2312183680534363, 3.2093583310699465, 3.2093583310699465, 3.203947687511444, 3.183146900558472, 3.183145827674866, 3.1831359333038334, 3.1831359333038334, 3.1831359333038334, 3.1828992847442628, 3.1828992847442628, 3.1828992847442628, 3.1828992847442628, 3.182899165534973, 3.182899165534973, 3.182899165534973, 3.182899165534973, 3.182899165534973, 3.182899165534973, 3.182899165534973, 3.182899165534973, 3.182899165534973, 3.182899165534973, 3.182899165534973, 3.182899165534973, 3.182899165534973, 3.182899165534973, 3.182899165534973, 3.182899165534973, 3.182899165534973, 3.182899165534973, 3.182899165534973, 3.182899165534973, 3.182899165534973, 3.182899165534973, 3.182899165534973, 3.182899165534973, 3.182899165534973, 3.182899165534973, 3.182899165534973], 'sizes_': [225280, 511528, 496580, 465970, 448430, 448430, 448430, 448430, 448430, 448430, 448430, 448430, 446216, 446216, 445718, 443595, 443595, 443595, 443595, 443595, 443570, 443570, 443570, 443570, 443570, 443570, 443570, 443570, 443570, 443570, 443570, 443570, 443570, 443570, 443570, 443570, 443570, 443570, 443570, 443570, 443570, 443570, 443570, 443570, 443570, 443570, 443570, 443570, 443570, 443570, 443570], 'changes_per_iterations_': [], 'model_wrapper': <secml_malware.attack.blackbox.c_wrapper_phi.CEnd2EndWrapperPhi object at 0x7f5c08ec3d00>, 'is_debug': False, 'minimizat",
                "5f:cf:cd:05:fe:e3:b5:78:25:73:bc:c8:4d:00:58:c8:",
                "8:2a:0c:db:2",
                "1.10.7.1",
                ":97:xuW",
                ":bf:12:fd:26:ce:cb:aa:7c:5b:a5:78:35:b6:9b:15:f6",
                "14:c0:5d:61:",
                "77:04:90:58:94",
                "8845135, 0.08178383, 0.71291455, 0.63756099,",
                "       0.39726007, 0.802918",
                "@Y!l",
                "sAA`",
                "d:08:b3:b7:7b:10:df:86:34:2e:d5:df:57:34:50:3c:5b:f5:e8:d5:14:60:61:a7:3b:6e:4e:96:52:29:ce:69:5e:b1:98:33:97:cf:c1:6a:db:42:1f:9e:c1",
                "0:e5",
                "adding=0",
                "64_t groups=1)",
                "3e:78:37e",
                "7.0.7.3.p",
                "@ZiR",
                "@,0d",
                "72'3",
                "@h~5",
                "0.1.dim",
                "transpose",
                "weight",
                "indices",
                "51:2f",
                "Wash",
                "UPX2",
                "3.94",
                "UPX!",
                "sC|$_qnb",
                "!D;5",
                "O]$2LC",
                "mBqG<",
                "2<Ii",
                "(.zN",
                "g}:14",
                "Pz3z",
                "rX(!",
                "\\p&'",
                "UvU<",
                "Mzq~Q",
                "(b'A",
                "n6[{|",
                "A%0 &",
                "*X ~+X ",
                "%X 4*X ",
                "*X l*X l*X ",
                "terationA",
                "#G,%8&D'",
                "P)\\*h+t,",
                "?(@G",
                "94A@CLDdE",
                "#pF|G",
                "e k0l@A",
                ".?,s",
                "H1(x",
                "PS/P2\\y6'",
                "hgg$?",
                "9qvtf",
                "9q6r9",
                "(V#gG",
                "Y9rv",
                "~DN)m",
                "^q6r",
                "|W #G",
                "9rvli",
                "S/s?",
                "ut+a",
                "p_r/r",
                "o\\p;",
                "l_f_",
                "w{*zou",
                "ooiOs?",
                "E2'G",
                "E?-rR'",
                "[.r/h_;>",
                "}Rich",
                "UPX0",
                "UPX1",
                "!di*",
                "1047, 281047, 281047, 281047, 281047, 281047, 281047]",
                "-ihP",
                "uH9I",
                "dC;P",
                "-IlHxcIuUI",
                "r1Ii",
                "UIiu4$",
                "G/ I",
                "=;>,",
                "u0%z",
                "wu\\y",
                "U9d~",
                "&IxcI",
                "EYiy<'",
                "i,I96",
                "dC;GX|",
                "cU=0K",
                "SiwMdC;GZy",
                "PxcI",
                "FXikX9:LJdC;G\\y",
                "D1uEI1udI",
                "GYis",
                "L:guL*I",
                ">CUIx",
                "<KUIi",
                "PY{RULy",
                "@Z|6",
                "ilH_Gc;D\\y",
                "r<I96",
                "D1uX|",
                "dC;@Yx",
                "~9,D1u[|",
                "UKlHWI*6",
                "FIlRxcI",
                "@YikX,D1uGIxOFI",
                "'OU%&\\",
                ";^)$ X",
                "Ix9:",
                ")L:g<",
                ",IF[I",
                "5lH[",
                "~X-~",
                "D^4;\"',O0",
                ":;89",
                "ilHuL:",
                "5lHuL:",
                "uL:gP",
                ";uL:",
                "lHuL:",
                "L*;P",
                "-iI;u",
                "I;udC;8",
                "u+IzuYI",
                "uXIxu/I",
                "uYIzuYIxuPI",
                "uPIFuiI",
                "2lH(In",
                "Ir;,",
                "-Hu:=I",
                ",Cu2lH(In",
                "NI`P",
                "u 'O",
                "]ii;KII",
                ",;&$",
                "kU&;\\",
                "Ih8=",
                "v!9i",
                "kU:,I",
                ";;%&",
                "U:,I",
                "$^u9",
                "{;&&",
                "~)$ X",
                "=H)Ly",
                "iI;uL",
                ":li ",
                "iI;uiI;u",
                "I;uiI;3"
            ]
        }
    ]
}