{
    "malware_data": [
        {
            "filename": "b45913c02189ace3a8b69802b6d514811a14120ddd5a3c90cc68888571d4837f.exe",
            "filetype": "4D5A9000",
            "filesize": "63KB",
            "hash_sha256": "b45913c02189ace3a8b69802b6d514811a14120ddd5a3c90cc68888571d4837f",
            "strings": [
                "!This program cannot be run in DOS mode.",
                ".text",
                "`.rsrc",
                "@.reloc",
                ",E!j",
                "#3333c5",
                "r|dj",
                "t] YO",
                "@\\@1",
                ">iF}#",
                "&Jjs",
                "=djs",
                "eP},",
                "f=M}6",
                "sj}<",
                ".5j}H",
                "/[j}J",
                " LR1c}K",
                "lSystem.Resources.ResourceReader, mscorlib, Version=2.0.0.0, Culture=neutral, PublicKeyToken=b77a5c561934e089#System.Resources.RuntimeResourceSet",
                "PADPADP",
                "p#I[",
                "p5IY",
                "pnJY",
                "*GYB",
                "f=Ht",
                "prKY",
                "PKZY",
                "0dIY",
                "iY^q",
                "hYaQ",
                "hY_6",
                "lNXY",
                "kNXY",
                "gNJY",
                "fNJY",
                "hY&q",
                "F[S!",
                "taX~",
                "F/o=",
                "wh%)",
                "d=HO#",
                "gNqY",
                "taXj",
                "*GYf",
                "pyAY",
                "pT@Y",
                "zt_6S",
                "zC]Y",
                "fC[Y",
                "U=Nt",
                "pNIY",
                "pgHY",
                "iX]i~",
                "sxIS",
                "pVM4",
                "x!N_",
                "pCIH",
                "}~^JD",
                "p?oY",
                "pwFJ",
                "pFGY",
                "pBIT",
                "Wp4K3",
                "|pJI",
                "t:Ip",
                "p}L{",
                "qJI_",
                "hqrI",
                "#wiI",
                "DpjH",
                "<rkK",
                "p&K0",
                "or_C",
                "p0EX",
                "p9DZ",
                "pSF]",
                "sWNY",
                "C5L)",
                "C5p\"",
                "C5h\"",
                "TK]3",
                "@5$$",
                "IH]k",
                "@50=I;y",
                "HK]{",
                "C5h=H",
                ")gxsv",
                "=I?aC",
                "BSJB",
                "v2.0.50727",
                "#Strings",
                "#GUID",
                "#Blob",
                "jgvlovux.exe",
                "jgvlovux",
                "mscorlib",
                "Microsoft.VisualBasic",
                "System",
                "System.Drawing",
                "winmm",
                "credui",
                "quickusb",
                "rasapi32",
                "iphlpapi",
                "uxtheme",
                "dbghelp",
                "dbghlp",
                "dwmapi",
                "mqrt",
                "comdlg32",
                "hlink",
                "secur32",
                "difxapi",
                "odbc32",
                "winscard",
                "kernel32",
                "rpcrt4",
                "kernel32.dll",
                "vxi2ybnx.resources",
                "<Module>",
                ".cctor",
                "MyApplication",
                "ApplicationBase",
                "Microsoft.VisualBasic.ApplicationServices",
                ".ctor",
                "DebuggerNonUserCodeAttribute",
                "System.Diagnostics",
                "GeneratedCodeAttribute",
                "System.CodeDom.Compiler",
                "EditorBrowsableAttribute",
                "System.ComponentModel",
                "EditorBrowsableState",
                "MyComputer",
                "Computer",
                "Microsoft.VisualBasic.Devices",
                "DebuggerHiddenAttribute",
                "MyProject",
                "Object",
                "m_ComputerObjectProvider",
                "m_AppObjectProvider",
                "m_UserObjectProvider",
                "User",
                "m_MyWebServicesObjectProvider",
                "get_GetInstance",
                "get_Computer",
                "get_Application",
                "get_User",
                "get_WebServices",
                "HelpKeywordAttribute",
                "System.ComponentModel.Design",
                "Application",
                "WebServices",
                "StandardModuleAttribute",
                "Microsoft.VisualBasic.CompilerServices",
                "HideModuleNameAttribute",
                "MyWebServices",
                "RuntimeHelpers",
                "System.Runtime.CompilerServices",
                "GetObjectValue",
                "Equals",
                "GetHashCode",
                "Type",
                "GetTypeFromHandle",
                "RuntimeTypeHandle",
                "GetType",
                "ToString",
                "Activator",
                "CreateInstance",
                "Create__Instance__",
                "instance",
                "Dispose__Instance__",
                "MyGroupCollectionAttribute",
                "ThreadSafeObjectProvider`1",
                "m_ThreadStaticValue",
                "ThreadStaticAttribute",
                "CompilerGeneratedAttribute",
                "GetInstance",
                "ComVisibleAttribute",
                "System.Runtime.InteropServices",
                "j7av_w",
                "iz5se4",
                "wph3",
                "Decimal",
                "ezbhf",
                "s2_2oo",
                "t5wps",
                "iw_rt",
                "gymr",
                "euzcec",
                "dcab",
                "Byte",
                "String",
                "get_Length",
                "get_Chars",
                "tzi_2k",
                "ObjectFlowControl",
                "ForLoopControl",
                "ForNextCheckDec",
                "Encoding",
                "System.Text",
                "get_UTF8",
                "Convert",
                "FromBase64String",
                "GetString",
                "r0tp6",
                "tvns_l",
                "noa1",
                "Color",
                "FromArgb",
                "ToArgb",
                "y4htym",
                "n6sroo",
                "vyml",
                "e65uc8",
                "z4mv",
                "y2crcl",
                "get_B",
                "get_G",
                "get_R",
                "get_A",
                "b7r8",
                "bntly",
                "xts2",
                "f4j5oz",
                "dw2d8g",
                "jyrge",
                "GetModuleHandle",
                "uflk",
                "GetProcAddress",
                "Char",
                "ToChar",
                "Split",
                "Marshal",
                "GetDelegateForFunctionPointer",
                "Delegate",
                "Conversions",
                "ToGenericParameter",
                "kma1",
                "gria",
                "jxc40",
                "MethodInfo",
                "System.Reflection",
                "DateTime",
                "Assembly",
                "Load",
                "get_EntryPoint",
                "MethodBase",
                "GetParameters",
                "ParameterInfo",
                "Invoke",
                "u5uy7h",
                "p7gqpv",
                "Thread",
                "System.Threading",
                "ParameterizedThreadStart",
                "SetApartmentState",
                "ApartmentState",
                "Start",
                "GetEntryAssembly",
                "get_Location",
                "Environment",
                "get_SystemDirectory",
                "Concat",
                "Directory",
                "System.IO",
                "Exists",
                "GetDirectories",
                "ToLower",
                "Contains",
                "Int32",
                "BitConverter",
                "ToInt16",
                "Zero",
                "IntPtr",
                "UInt32",
                "Buffer",
                "BlockCopy",
                "Array",
                "ToInt32",
                "get_Now",
                "ProjectData",
                "SetProjectError",
                "Exception",
                "ClearProjectError",
                "Process",
                "GetProcessById",
                "Kill",
                "ResourceManager",
                "System.Resources",
                "GetExecutingAssembly",
                "GetObject",
                "CreateProjectError",
                "Main",
                "STAThreadAttribute",
                "ifzq",
                "mulg",
                "MulticastDelegate",
                "TargetObject",
                "TargetMethod",
                "BeginInvoke",
                "IAsyncResult",
                "AsyncCallback",
                "t570zo",
                "c991",
                "DelegateCallback",
                "DelegateAsyncState",
                "EndInvoke",
                "DelegateAsyncResult",
                "i7yag",
                "p5jp",
                "w57c",
                "mt4r",
                "r_fjy",
                "skz666",
                "ksydt",
                "jag9a",
                "wtbmbc",
                "nbe5nj",
                "psy1s",
                "dwqyq9",
                "ahll",
                "lnzd6x",
                "e724",
                "i9924j",
                "eu4w",
                "fso5",
                "xzlu",
                "mdybp",
                "bz0_",
                "y9pif",
                "wp8c",
                "zf7cz",
                "rasmy",
                "bmnnb4",
                "ltcn",
                "nkxr",
                "mc_sa",
                "c2gtj8",
                "oxmk8g",
                "lpjpjs",
                "ye8j_0",
                "bzov",
                "ua1_",
                "tyxkym",
                "a39tq",
                "pfybp",
                "qs5c",
                "t7lasd",
                "hzymx",
                "qa5g4b",
                "gpna5l",
                "q7yvfe",
                "wx2s",
                "rpkrj",
                "plx_8",
                "z2t1",
                "es59ex",
                "bd8g",
                "z56rut",
                "kwikr",
                "mqdhu_",
                "vlm6p",
                "sp4a",
                "oh_ra",
                "e31_8",
                "zsfhd",
                "d87buc",
                "ajkz",
                "t133q",
                "dsns",
                "dlqm2c",
                "xtj3k",
                "x0ldb5",
                "sbd8s",
                "ef6ewb",
                "q69m",
                "bwvhrs",
                "jygb",
                "u7oz0",
                "b0g8uv",
                "nseege",
                "qmr5",
                "smypfi",
                "aou9",
                "otbny",
                "o5uzvu",
                "mssk4p",
                "x5wr",
                "mfko",
                "s24sd",
                "xi4u",
                "ad9lj5",
                "aexv0",
                "qsof4",
                "x4o_e",
                "ccz7gw",
                "jv3q",
                "jykp",
                "kvpb",
                "himwok",
                "uog_",
                "qee3f0",
                "mtqyn",
                "j80o",
                "e28d",
                "v19c",
                "is6y_",
                "gac4",
                "l_kjp6",
                "s4bnl1",
                "xjod",
                "xdpj",
                "j_pd2",
                "g65l6y",
                "emse3",
                "opoiyx",
                "tgwx",
                "qp8zpw",
                "nlim78",
                "kv82be",
                "ecxrvb",
                "qunj3b",
                "np1_4",
                "nzx8c",
                "d454",
                "ae36",
                "pdd7",
                "oij6",
                "i0gb",
                "iuu8d",
                "u41qd0",
                "xt9f5",
                "w8b4",
                "ohot",
                "q_wz",
                "x94j",
                "k9eze",
                "bbb9",
                "zyk7z",
                "i2ki",
                "khnkcu",
                "jisfr",
                "iuaviq",
                "oi2nk_",
                "c09htr",
                "gfas8p",
                "h3lx",
                "gg6mkh",
                "jvjg",
                "fkwz",
                "jjgatk",
                "iaa1",
                "wozi5",
                "vamnx",
                "vrti3",
                "gf2x",
                "yltagj",
                "slbo",
                "sxtzk",
                "ur7_b",
                "ktmxtk",
                "hmlq",
                "edqh5u",
                "d_6yo",
                "ncqe",
                "dx886",
                "jc0v",
                "e7kam",
                "evka",
                "ftbk",
                "xqq3lj",
                "oz8qr",
                "ghez1c",
                "x4lue0",
                "iddkya",
                "s92k4p",
                "xn5u",
                "bwfqf",
                "gewvak",
                "pr9e",
                "wpw15",
                "xw63y2",
                "vq03vy",
                "we0gr",
                "i3al89",
                "bdrv",
                "ufgh15",
                "j1d8u",
                "biun",
                "sj9h7w",
                "gc7i",
                "yh9y",
                "e9c97t",
                "ed61fb",
                "xa3y",
                "obeq",
                "ip16c",
                "imss5a",
                "rgcvyf",
                "uv7vs",
                "h0iye8",
                "bzl5w",
                "p_gkh",
                "mulp",
                "y5u7",
                "lza1",
                "itsw9k",
                "axnpld",
                "wf20",
                "txqzv",
                "zfsw8",
                "ndjb",
                "pucpf",
                "oogs",
                "miw2hl",
                "mfevz",
                "thk7",
                "pstfed",
                "ttke9c",
                "d5sfq",
                "bxtg",
                "ws51o",
                "tms4",
                "ytb3jc",
                "rtn02z",
                "eebh",
                "zc8p",
                "gw7_l",
                "pena",
                "h6xgdq",
                "j_5her",
                "ysb6od",
                "accp2",
                "noydfn",
                "k764r",
                "z1ztl",
                "ybn9uo",
                "y1g3",
                "b1gb",
                "ydii",
                "d__5rq",
                "xr5j",
                "mjke",
                "wjvt",
                "sqql",
                "p6yl",
                "xos95",
                "ammx",
                "x2d4",
                "uy9pog",
                "dnxia",
                "ktc1t",
                "ekd1",
                "wxic0",
                "crt6fo",
                "kdz_ol",
                "xlv3oo",
                "c8r1",
                "j6pn",
                "eaxx3",
                "bnyl1h",
                "m_op",
                "k8p6",
                "x5fiu",
                "ipp8_",
                "afo6l",
                "rdcnw",
                "tgu2",
                "jsvj",
                "klz2",
                "wyrlm_",
                "jxpw8v",
                "jmd2mc",
                "es9h",
                "kjoz",
                "l_8nda",
                "yef_ki",
                "pfk9b",
                "rxk81k",
                "ib9d7",
                "yhrw9",
                "hn0xo",
                "ijev",
                "i3luze",
                "mhdw0l",
                "c06n",
                "hnncoo",
                "fhjvti",
                "dmu_4",
                "t4hl",
                "mbtxt",
                "etb6z",
                "jqd3v",
                "l339",
                "p9v9h1",
                "pp_mwx",
                "b7d_8k",
                "nf3jy4",
                "y2aj",
                "yzvcu",
                "bqtn7g",
                "h608vd",
                "vaoe",
                "xdu3n",
                "eheht3",
                "f5c6zw",
                "knwj0a",
                "jd040",
                "e6ti",
                "wadby",
                "ikaqo",
                "pmyet",
                "bfq0",
                "dnu4d",
                "d3a0t",
                "jb2py",
                "yxet",
                "q_tkq2",
                "hv4gld",
                "cfw3",
                "b8mi",
                "ryz_h",
                "qwrzo",
                "n0h_",
                "xqrh5",
                "hl4ksu",
                "f68yg",
                "wqc_hz",
                "nllk5",
                "acezr",
                "u12nzz",
                "g2clz9",
                "tray0p",
                "fyig",
                "akeb",
                "beiwd",
                "s6ys",
                "w9cd",
                "y770",
                "y593",
                "lg6e9",
                "wrjlq",
                "iqxq",
                "wwd7",
                "nzea",
                "thm0y",
                "ud5j",
                "cwsjgq",
                "f880q",
                "v_p_at",
                "c2ui",
                "oo5gsu",
                "iow1",
                "iwqu",
                "f3c6",
                "v_49vq",
                "zr_ycq",
                "kii1",
                "yxgv",
                "aw34s",
                "ytor",
                "suvv",
                "g9wf51",
                "a5qsw9",
                "u2_4q2",
                "djr7",
                "i31r",
                "r492",
                "jdqv",
                "f3_tp",
                "o3mxdb",
                "f18f",
                "cz_3n_",
                "in4y",
                "l4ovy",
                "kcot",
                "hvmf",
                "y091n",
                "flpg",
                "wlye6a",
                "ry2m0",
                "o7x57",
                "ConfusedByAttribute",
                "Attribute",
                "CompilationRelaxationsAttribute",
                "GuidAttribute",
                "DebuggableAttribute",
                "DebuggingModes",
                "RuntimeCompatibilityAttribute",
                "Jz/5",
                "MyTemplate",
                "8.0.0.0",
                "My.Computer",
                "My.Application",
                "My.User",
                "My.WebServices",
                "4System.Web.Services.Protocols.SoapHttpClientProtocol",
                "$c0978e31-4334-416e-9f0c-5aafd558759c",
                "WrapNonExceptionThrows",
                "Confuser v1.9.0.0",
                "_CorExeMain",
                "mscoree.dll",
                "4w33isl0",
                "&C#DI{",
                "`#D`3",
                "c#Dc",
                "LRYbkt|",
                "#\"$#%$&%'&(')'*)+),+-+.+/.0/102/3&4&5465758797:9;:<:=<>=?>@>A@BACAD<EDFDGFHFIHJIKILIMLNMONPNQPRQSRTSUTVUWVXVYVZU[U\\S]S^R_R`RaQbQcQdPePfPgPhNiMjLkIlImInFoFp<q<r9s7t7u7v7w4x$y$z\"{",
                "Iq3b",
                "0Xtk p",
                "P?-(IMo",
                "L<B9_^##;U",
                "\\i8iAUREtE",
                "FpW+AqwuK7z7oaPiujTG7QSx1kbq",
                "A&+z%&",
                "6L{,S8LLyxMyC",
                "FpW5Ga0tNqrl3ajitSPavkOvml6NDA2B0POE5rMm2r9H",
                "WvvAQO0=",
                "cKqYBLEsKvPz+YA=",
                "5A3Z",
                "R6ycHqYlau+swpfutyXQnV6mjRWwOhg=",
                "R6ycHqYlau+sxoD/gjnHqE2trR+tPTyl4g==",
                "R6ycHqYlau+s04DqsgHHok+snQOOLDSy5Pg=",
                "Qr2KHK9zF6nD74jqpgfcqFuGiCOmKi20+e8=",
                "R6ycHqYlau+s14z5oiTUoW2lgh+gDCE=",
                "R6ycHqYlau+s1pfiojTlv0OqiwOwBDyw+fOc",
                "R6ycHqYlau+s0oD/gjnHqE2trR+tPTyl4g==",
                "R6ycHqYlau+s04D4ozzQmUS7ixGn",
                "vxi2ybnx",
                "GL7dQ6o6Ne0=",
                "t2gFA",
                "e^T<s@^4q9",
                "^<LL",
                "={0ia",
                "q.82FBX].",
                "kKoq9zo",
                "yE%f",
                "-*)s2-",
                "VS_VERSION_INFO",
                "VarFileInfo",
                "Translation",
                "StringFileInfo",
                "000004b0",
                "FileDescription",
                "FileVersion",
                "0.0.0.0",
                "InternalName",
                "LegalCopyright",
                "OriginalFilename",
                "ProductVersion",
                "Assembly Version"
            ]
        }
    ]
}