{
    "malware_data": [
        {
            "filename": "ac4ec4cbcf33cf34aaba7c7b1b29c629a6496fc4715037e97a69de1f2cbf0ff7.exe",
            "filetype": "4D5A9000",
            "filesize": "60KB",
            "hash_sha256": "ac4ec4cbcf33cf34aaba7c7b1b29c629a6496fc4715037e97a69de1f2cbf0ff7",
            "strings": [
                "!This program cannot be run in DOS mode.",
                ".text",
                "P`.data",
                ".rdata",
                "0@/4",
                "0@.bss",
                ".idata",
                ".CRT",
                ".tls",
                "@B/29",
                "B/41",
                "B/55",
                "B/67",
                "0B/80",
                "D$ @",
                "$Ca@",
                "[^_]",
                "D$$t",
                "$\\b@",
                "<[^_]",
                "$tb@",
                "-(h@",
                " ud)",
                " [^_",
                "=0h@",
                "UWVS",
                "D$(%",
                "T$$)",
                "<*t[",
                "<{t+",
                "+T$0",
                ";|$8w1",
                "libgcc_s_dw2-1.dll",
                "__register_frame_info",
                "__deregister_frame_info",
                "ntdll.dll",
                "NtCreateFile",
                "NtWriteFile",
                "NtClose",
                "RtlInitUnicodeString",
                "Open Success!",
                "%llu",
                "Write to file succeeded!",
                "Write to file failed with status 0x%X",
                "error",
                "Mingw runtime failure:",
                "  VirtualQuery failed for %d bytes at address %p",
                "  Unknown pseudo relocation protocol version %d.",
                "  Unknown pseudo relocation bit size %d.",
                "glob-1.0-mingw32",
                "GCC: (MinGW.org Cross-GCC Build-20200531-1) 9.2.0",
                "GCC: (MinGW.org GCC Build-2) 9.2.0",
                "DeleteCriticalSection",
                "EnterCriticalSection",
                "ExitProcess",
                "FindClose",
                "FindFirstFileA",
                "FindNextFileA",
                "FreeLibrary",
                "GetCommandLineA",
                "GetLastError",
                "GetModuleFileNameA",
                "GetModuleHandleA",
                "GetProcAddress",
                "InitializeCriticalSection",
                "LeaveCriticalSection",
                "LoadLibraryA",
                "SetUnhandledExceptionFilter",
                "TlsGetValue",
                "VirtualProtect",
                "VirtualQuery",
                "_strdup",
                "_stricoll",
                "__getmainargs",
                "__mb_cur_max",
                "__p__environ",
                "__p__fmode",
                "__p__pgmptr",
                "__set_app_type",
                "_cexit",
                "_errno",
                "_fpreset",
                "_fullpath",
                "_iob",
                "_isctype",
                "_msize",
                "_onexit",
                "_pctype",
                "_setmode",
                "abort",
                "atexit",
                "calloc",
                "fwrite",
                "malloc",
                "mbstowcs",
                "memcpy",
                "memmove",
                "printf",
                "puts",
                "setlocale",
                "signal",
                "strcoll",
                "strlen",
                "tolower",
                "vfprintf",
                "wcslen",
                "wcstombs",
                "free",
                "realloc",
                "KERNEL32.dll",
                "msvcrt.dll",
                "GNU C++14 9.2.0 -mtune=generic -march=i586 -g",
                "E:\\OneDrive\\Sinica\\SecurityTeam\\AdversarialAttackMalware\\NtCreateFile.cpp",
                "E:\\OneDrive\\Sinica\\SecurityTeam\\AdversarialAttackMalware",
                "__builtin_va_list",
                "char",
                "DWORD",
                "long unsigned int",
                "unsigned char",
                "short unsigned int",
                "float",
                "long int",
                "unsigned int",
                "size_t",
                "short int",
                "LONG",
                "USHORT",
                "ULONG",
                "PULONG",
                "PVOID",
                "WCHAR",
                "wchar_t",
                "PWSTR",
                "PCWSTR",
                "HANDLE",
                "PHANDLE",
                "LONGLONG",
                "long long int",
                "long long unsigned int",
                "signed char",
                "ACCESS_MASK",
                "_GUID",
                "Data1",
                "Data2",
                "Data3",
                "Data4",
                "GUID",
                "_LARGE_INTEGER",
                "LowPart",
                "QuadPart",
                "LARGE_INTEGER",
                "PLARGE_INTEGER",
                "CLSID",
                "FMTID",
                "double",
                "IID_IUnknown",
                "IID_IClassFactory",
                "__cxx11",
                "_ZSt3absg",
                "_ZSt3abse",
                "_ZSt3absf",
                "_ZSt3absd",
                "_ZSt3absx",
                "_ZSt3absl",
                "_ZSt3divll",
                "__gnu_cxx",
                "_ZN9__gnu_cxx3divExx",
                "_argc",
                "_argv",
                "_sys_nerr",
                "_sys_errlist",
                "_osver",
                "_winver",
                "_winmajor",
                "_winminor",
                "_fmode",
                "5div_t",
                "quot",
                "div_t",
                "6ldiv_t",
                "ldiv_t",
                "7lldiv_t",
                "lldiv_t",
                "atof",
                "atoi",
                "atol",
                "bsearch",
                "!free",
                "getenv",
                "ldiv",
                "mblen",
                "mbtowc",
                "!qsort",
                "\"rand",
                "!srand",
                "strtod",
                "strtol",
                "strtoul",
                "system",
                "wctomb",
                "lldiv",
                "atoll",
                "strtoll",
                "strtoull",
                "strtof",
                "strtold",
                "long double",
                "__float128",
                "FMTID_SummaryInformation",
                "FMTID_DocSummaryInformation",
                "FMTID_UserDefinedProperties",
                "IID_ISequentialStream",
                "IID_IStream",
                "IID_IMarshal",
                "IID_IStdMarshalInfo",
                "IID_IMalloc",
                "IID_IMallocSpy",
                "IID_IMessageFilter",
                "IID_IPersist",
                "IID_IPersistStream",
                "IID_IRunningObjectTable",
                "IID_IBindCtx",
                "IID_IMoniker",
                "IID_IPersistStorage",
                "IID_IPersistFile",
                "IID_IAdviseSink",
                "IID_IAdviseSink2",
                "IID_IDataObject",
                "IID_IDataAdviseHolder",
                "IID_IStorage",
                "IID_IRootStorage",
                "IID_IRpcChannelBuffer",
                "IID_IRpcProxyBuffer",
                "IID_IRpcStubBuffer",
                "IID_IPSFactoryBuffer",
                "IID_ILockBytes",
                "IID_IExternalConnection",
                "IID_IRunnableObject",
                "IID_IROTData",
                "IID_IChannelHook",
                "IID_IPropertyStorage",
                "IID_IPropertySetStorage",
                "IID_IClientSecurity",
                "IID_IServerSecurity",
                "IID_IClassActivator",
                "IID_IFillLockBytes",
                "IID_IProgressNotify",
                "IID_ILayoutStorage",
                "IID_IGlobalInterfaceTable",
                "GUID_NULL",
                "IID_IRpcChannel",
                "IID_IRpcStub",
                "IID_IStubManager",
                "IID_IRpcProxy",
                "IID_IProxyManager",
                "IID_IPSFactory",
                "IID_IInternalMoniker",
                "IID_IDfReserved1",
                "IID_IDfReserved2",
                "IID_IDfReserved3",
                "CLSID_StdMarshal",
                "IID_IStub",
                "IID_IProxy",
                "IID_IEnumGeneric",
                "IID_IEnumHolder",
                "IID_IEnumCallback",
                "IID_IOleManager",
                "IID_IOlePresObj",
                "IID_IDebug",
                "IID_IDebugStream",
                "CLSID_PSGenObject",
                "CLSID_PSClientSite",
                "CLSID_PSClassObject",
                "CLSID_PSInPlaceActive",
                "CLSID_PSInPlaceFrame",
                "CLSID_PSDragDrop",
                "CLSID_PSBindCtx",
                "CLSID_PSEnumerators",
                "CLSID_StaticMetafile",
                "CLSID_StaticDib",
                "CID_CDfsVolume",
                "CLSID_CCDFormKrnl",
                "CLSID_CCDPropertyPage",
                "CLSID_CCDFormDialog",
                "CLSID_CCDCommandButton",
                "CLSID_CCDComboBox",
                "CLSID_CCDTextBox",
                "CLSID_CCDCheckBox",
                "CLSID_CCDLabel",
                "CLSID_CCDOptionButton",
                "CLSID_CCDListBox",
                "CLSID_CCDScrollBar",
                "CLSID_CCDGroupBox",
                "CLSID_CCDGeneralPropertyPage",
                "CLSID_CCDGenericPropertyPage",
                "CLSID_CCDFontPropertyPage",
                "CLSID_CCDColorPropertyPage",
                "CLSID_CCDLabelPropertyPage",
                "CLSID_CCDCheckBoxPropertyPage",
                "CLSID_CCDTextBoxPropertyPage",
                "CLSID_CCDOptionButtonPropertyPage",
                "CLSID_CCDListBoxPropertyPage",
                "CLSID_CCDCommandButtonPropertyPage",
                "CLSID_CCDComboBoxPropertyPage",
                "CLSID_CCDScrollBarPropertyPage",
                "CLSID_CCDGroupBoxPropertyPage",
                "CLSID_CCDXObjectPropertyPage",
                "CLSID_CStdPropertyFrame",
                "CLSID_CFormPropertyPage",
                "CLSID_CGridPropertyPage",
                "CLSID_CWSJArticlePage",
                "CLSID_CSystemPage",
                "CLSID_IdentityUnmarshal",
                "CLSID_InProcFreeMarshaler",
                "CLSID_Picture_Metafile",
                "CLSID_Picture_EnhMetafile",
                "CLSID_Picture_Dib",
                "CLSID_StdGlobalInterfaceTable",
                "GUID_TRISTATE",
                "IID_IDispatch",
                "IID_IPropertyNotifySink",
                "IID_IClassFactory2",
                "IID_IProvideClassInfo",
                "IID_IProvideClassInfo2",
                "IID_IConnectionPointContainer",
                "IID_IEnumConnectionPoints",
                "IID_IConnectionPoint",
                "IID_IEnumConnections",
                "IID_IOleControl",
                "IID_IOleControlSite",
                "IID_ISimpleFrameSite",
                "IID_IPersistStreamInit",
                "IID_IPersistMemory",
                "IID_IPersistPropertyBag",
                "IID_IPropertyBag",
                "IID_IErrorLog",
                "IID_IPropertyFrame",
                "IID_ISpecifyPropertyPages",
                "IID_IPerPropertyBrowsing",
                "IID_IPropertyPageSite",
                "IID_IPropertyPage",
                "IID_IPropertyPage2",
                "CLSID_CFontPropPage",
                "CLSID_CColorPropPage",
                "CLSID_CPicturePropPage",
                "CLSID_PersistPropset",
                "CLSID_ConvertVBX",
                "CLSID_StdFont",
                "CLSID_StdPicture",
                "IID_IFont",
                "IID_IFontDisp",
                "IID_IPicture",
                "IID_IPictureDisp",
                "GUID_HIMETRIC",
                "GUID_COLOR",
                "GUID_XPOSPIXEL",
                "GUID_YPOSPIXEL",
                "GUID_XSIZEPIXEL",
                "GUID_YSIZEPIXEL",
                "GUID_XPOS",
                "GUID_YPOS",
                "GUID_XSIZE",
                "GUID_YSIZE",
                "GUID_OPTIONVALUEEXCLUSIVE",
                "GUID_CHECKVALUEEXCLUSIVE",
                "GUID_FONTNAME",
                "GUID_FONTSIZE",
                "GUID_FONTBOLD",
                "GUID_FONTITALIC",
                "GUID_FONTUNDERSCORE",
                "GUID_FONTSTRIKETHROUGH",
                "GUID_HANDLE",
                "IID_IEnumUnknown",
                "IID_IEnumString",
                "IID_IEnumMoniker",
                "IID_IEnumFORMATETC",
                "IID_IEnumOLEVERB",
                "IID_IEnumSTATDATA",
                "IID_IEnumSTATSTG",
                "IID_IViewObject",
                "IID_IOleAdviseHolder",
                "IID_IOleObject",
                "IID_IOleInPlaceObject",
                "IID_IOleWindow",
                "IID_IOleInPlaceUIWindow",
                "IID_IOleInPlaceFrame",
                "IID_IOleInPlaceActiveObject",
                "IID_IOleClientSite",
                "IID_IOleInPlaceSite",
                "IID_IParseDisplayName",
                "IID_IOleContainer",
                "IID_IOleItemContainer",
                "IID_IOleLink",
                "IID_IOleCache",
                "IID_IDropSource",
                "IID_IDropTarget",
                "IID_IViewObject2",
                "IID_IOleCache2",
                "IID_IOleCacheControl",
                "IID_ITypeLib",
                "IID_ITypeLib2",
                "IID_ICreateTypeInfo",
                "IID_ICreateTypeInfo2",
                "IID_ICreateTypeLib",
                "IID_ICreateTypeLib2",
                "IID_ITypeInfo",
                "IID_ITypeInfo2",
                "IID_IErrorInfo",
                "IID_IEnumVARIANT",
                "IID_ICreateErrorInfo",
                "IID_ISupportErrorInfo",
                "IID_IRecordInfo",
                "IID_ITypeMarshal",
                "__off64_t",
                "#_iobuf",
                "$_ptr",
                "$_cnt",
                "$_base",
                "$_flag",
                "$_file",
                "$_charbuf",
                "$_bufsiz",
                "$_tmpfname",
                "FILE",
                "6fpos_t",
                "__value",
                "__offset",
                "fpos_t",
                "!clearerr",
                "fclose",
                "feof",
                "ferror",
                "fflush",
                "fgetc",
                "fgetpos",
                "fgets",
                "fopen",
                "fread",
                "freopen",
                "fseek",
                "fsetpos",
                "ftell",
                "getc",
                "\"getchar",
                "!perror",
                "putc",
                "putchar",
                "remove",
                "rename",
                "!rewind",
                "!setbuf",
                "setvbuf",
                "\"tmpfile",
                "tmpnam",
                "ungetc",
                "&snprintf",
                "&vsnprintf",
                "NTSTATUS",
                "#_UNICODE_STRING",
                "$Length",
                "$MaximumLength",
                "$Buffer",
                "UNICODE_STRING",
                "PUNICODE_STRING",
                "#_OBJECT_ATTRIBUTES",
                "$RootDirectory",
                "$ObjectName",
                "$Attributes",
                "$SecurityDescriptor",
                "$SecurityQualityOfService",
                "OBJECT_ATTRIBUTES",
                "POBJECT_ATTRIBUTES",
                "#_IO_STATUS_BLOCK",
                ")Status",
                ")Pointer",
                "$Information",
                "IO_STATUS_BLOCK",
                "pNtCreateFile",
                "pNtWriteFile",
                "pNtClose",
                "pRtlInitUnicodeString",
                "+main",
                ",filePath",
                "ut,NtCreateFile",
                "up,NtWriteFile",
                "ul,NtClose",
                "uh,RtlInitUnicodeString",
                "ud,objectAttributes",
                "uD,us",
                ",fileHandle",
                ",ioStatusBlock",
                ",status",
                "u`-k",
                ",content",
                "u\\,byteOffset",
                ",bytesWritten",
                ",localIoStatusBlock",
                "GNU C17 9.2.0 -mtune=generic -march=i586 -g -g -g -O2 -O2 -O2 -fbuilding-libgcc -fno-stack-protector",
                "../../../src/gcc-9.2.0/libgcc/libgcc2.c",
                "/home/keith/builds/mingw/gcc-9.2.0-mingw32-cross-native/mingw32/libgcc",
                "_Float128",
                "_iobuf",
                "_ptr",
                "_cnt",
                "_base",
                "_flag",
                "_file",
                "_charbuf",
                "_bufsiz",
                "_tmpfname",
                "optind",
                "optopt",
                "opterr",
                "optarg",
                "_daylight",
                "_timezone",
                "_tzname",
                "daylight",
                "timezone",
                "tzname",
                "hashval_t",
                "htab_hash",
                "htab_eq",
                "htab_hash_pointer",
                "htab_eq_pointer",
                "stringop_alg",
                "no_stringop",
                "libcall",
                "rep_prefix_1_byte",
                "rep_prefix_4_byte",
                "rep_prefix_8_byte",
                "loop_1_byte",
                "loop",
                "unrolled_loop",
                "vector_loop",
                "last_alg",
                "unspec_strings",
                "unspecv_strings",
                "stringop_strategy",
                "noalign",
                "stringop_algs",
                "unknown_size",
                "size",
                "processor_costs",
                "shift_var",
                "shift_const",
                "mult_init",
                "mult_bit",
                "divide",
                "movsx",
                "movzx",
                "large_insn",
                "move_ratio",
                "movzbl_load",
                "int_load",
                "int_store",
                "fp_move",
                "fp_load",
                "fp_store",
                "mmx_move",
                "mmx_load",
                "mmx_store",
                "xmm_move",
                "ymm_move",
                "zmm_move",
                "sse_load",
                "sse_unaligned_load",
                "sse_store",
                "sse_unaligned_store",
                "mmxsse_to_integer",
                "ssemmx_to_integer",
                "gather_static",
                "gather_per_elt",
                "scatter_static",
                "scatter_per_elt",
                "l1_cache_size",
                "l2_cache_size",
                "prefetch_block",
                "simultaneous_prefetches",
                "branch_cost",
                "fadd",
                "fmul",
                "fdiv",
                "fabs",
                "fchs",
                "fsqrt",
                "sse_op",
                "addss",
                "mulss",
                "mulsd",
                "fmass",
                "fmasd",
                "divss",
                "divsd",
                "sqrtss",
                "sqrtsd",
                "reassoc_int",
                "reassoc_fp",
                "reassoc_vec_int",
                "reassoc_vec_fp",
                "memset",
                "cond_taken_branch_cost",
                "cond_not_taken_branch_cost",
                "align_loop",
                "align_jump",
                "align_label",
                "align_func",
                "ix86_cost",
                "ix86_size_cost",
                "ix86_tune_indices",
                "X86_TUNE_SCHEDULE",
                "X86_TUNE_PARTIAL_REG_DEPENDENCY",
                "X86_TUNE_SSE_PARTIAL_REG_DEPENDENCY",
                "X86_TUNE_SSE_SPLIT_REGS",
                "X86_TUNE_PARTIAL_FLAG_REG_STALL",
                "X86_TUNE_MOVX",
                "X86_TUNE_MEMORY_MISMATCH_STALL",
                "X86_TUNE_FUSE_CMP_AND_BRANCH_32",
                "X86_TUNE_FUSE_CMP_AND_BRANCH_64",
                "X86_TUNE_FUSE_CMP_AND_BRANCH_SOFLAGS",
                "X86_TUNE_FUSE_ALU_AND_BRANCH",
                "X86_TUNE_ACCUMULATE_OUTGOING_ARGS",
                "X86_TUNE_PROLOGUE_USING_MOVE",
                "X86_TUNE_EPILOGUE_USING_MOVE",
                "X86_TUNE_USE_LEAVE",
                "X86_TUNE_PUSH_MEMORY",
                "X86_TUNE_SINGLE_PUSH",
                "X86_TUNE_DOUBLE_PUSH",
                "X86_TUNE_SINGLE_POP",
                "X86_TUNE_DOUBLE_POP",
                "X86_TUNE_PAD_SHORT_FUNCTION",
                "X86_TUNE_PAD_RETURNS",
                "X86_TUNE_FOUR_JUMP_LIMIT",
                "X86_TUNE_SOFTWARE_PREFETCHING_BENEFICIAL",
                "X86_TUNE_LCP_STALL",
                "X86_TUNE_READ_MODIFY",
                "X86_TUNE_USE_INCDEC",
                "X86_TUNE_INTEGER_DFMODE_MOVES",
                "X86_TUNE_OPT_AGU",
                "X86_TUNE_AVOID_LEA_FOR_ADDR",
                "X86_TUNE_SLOW_IMUL_IMM32_MEM",
                "X86_TUNE_SLOW_IMUL_IMM8",
                "X86_TUNE_AVOID_MEM_OPND_FOR_CMOVE",
                "X86_TUNE_SINGLE_STRINGOP",
                "X86_TUNE_MISALIGNED_MOVE_STRING_PRO_EPILOGUES",
                "X86_TUNE_USE_SAHF",
                "X86_TUNE_USE_CLTD",
                "X86_TUNE_USE_BT",
                "X86_TUNE_AVOID_FALSE_DEP_FOR_BMI",
                "X86_TUNE_ADJUST_UNROLL",
                "X86_TUNE_ONE_IF_CONV_INSN",
                "X86_TUNE_USE_HIMODE_FIOP",
                "X86_TUNE_USE_SIMODE_FIOP",
                "X86_TUNE_USE_FFREEP",
                "X86_TUNE_EXT_80387_CONSTANTS",
                "X86_TUNE_GENERAL_REGS_SSE_SPILL",
                "X86_TUNE_SSE_UNALIGNED_LOAD_OPTIMAL",
                "X86_TUNE_SSE_UNALIGNED_STORE_OPTIMAL",
                "X86_TUNE_SSE_PACKED_SINGLE_INSN_OPTIMAL",
                "X86_TUNE_SSE_TYPELESS_STORES",
                "X86_TUNE_SSE_LOAD0_BY_PXOR",
                "X86_TUNE_INTER_UNIT_MOVES_TO_VEC",
                "X86_TUNE_INTER_UNIT_MOVES_FROM_VEC",
                "X86_TUNE_INTER_UNIT_CONVERSIONS",
                "X86_TUNE_SPLIT_MEM_OPND_FOR_FP_CONVERTS",
                "X86_TUNE_USE_VECTOR_FP_CONVERTS",
                "X86_TUNE_USE_VECTOR_CONVERTS",
                "X86_TUNE_SLOW_PSHUFB",
                "X86_TUNE_AVOID_4BYTE_PREFIXES",
                "X86_TUNE_USE_GATHER",
                "X86_TUNE_AVOID_128FMA_CHAINS",
                "X86_TUNE_AVOID_256FMA_CHAINS",
                "X86_TUNE_AVX256_UNALIGNED_LOAD_OPTIMAL",
                "X86_TUNE_AVX256_UNALIGNED_STORE_OPTIMAL",
                "X86_TUNE_AVX128_OPTIMAL",
                "X86_TUNE_AVX256_OPTIMAL",
                "X86_TUNE_DOUBLE_WITH_ADD",
                "X86_TUNE_ALWAYS_FANCY_MATH_387",
                "X86_TUNE_UNROLL_STRLEN",
                "X86_TUNE_SHIFT1",
                "X86_TUNE_ZERO_EXTEND_WITH_AND",
                "X86_TUNE_PROMOTE_HIMODE_IMUL",
                "X86_TUNE_FAST_PREFIX",
                "X86_TUNE_READ_MODIFY_WRITE",
                "X86_TUNE_MOVE_M1_VIA_OR",
                "X86_TUNE_NOT_UNPAIRABLE",
                "X86_TUNE_PARTIAL_REG_STALL",
                "X86_TUNE_PROMOTE_QIMODE",
                "X86_TUNE_PROMOTE_HI_REGS",
                "X86_TUNE_HIMODE_MATH",
                "X86_TUNE_SPLIT_LONG_MOVES",
                "X86_TUNE_USE_XCHGB",
                "X86_TUNE_USE_MOV0",
                "X86_TUNE_NOT_VECTORMODE",
                "X86_TUNE_AVOID_VECTOR_DECODE",
                "X86_TUNE_BRANCH_PREDICTION_HINTS",
                "X86_TUNE_QIMODE_MATH",
                "X86_TUNE_PROMOTE_QI_REGS",
                "X86_TUNE_EMIT_VZEROUPPER",
                "X86_TUNE_LAST",
                "ix86_tune_features",
                "ix86_arch_indices",
                "X86_ARCH_CMOV",
                "X86_ARCH_CMPXCHG",
                "X86_ARCH_CMPXCHG8B",
                "X86_ARCH_XADD",
                "X86_ARCH_BSWAP",
                "X86_ARCH_LAST",
                "ix86_arch_features",
                "x86_prefetch_sse",
                "_dont_use_tree_here_",
                "x86_mfence",
                "reg_class",
                "NO_REGS",
                "AREG",
                "DREG",
                "CREG",
                "BREG",
                "SIREG",
                "DIREG",
                "AD_REGS",
                "CLOBBERED_REGS",
                "Q_REGS",
                "NON_Q_REGS",
                "TLS_GOTBASE_REGS",
                "INDEX_REGS",
                "LEGACY_REGS",
                "GENERAL_REGS",
                "FP_TOP_REG",
                "FP_SECOND_REG",
                "FLOAT_REGS",
                "SSE_FIRST_REG",
                "NO_REX_SSE_REGS",
                "SSE_REGS",
                "ALL_SSE_REGS",
                "MMX_REGS",
                "FLOAT_SSE_REGS",
                "FLOAT_INT_REGS",
                "INT_SSE_REGS",
                "FLOAT_INT_SSE_REGS",
                "MASK_REGS",
                "ALL_MASK_REGS",
                "ALL_REGS",
                "LIM_REG_CLASSES",
                "dbx_register_map",
                "dbx64_register_map",
                "svr4_dbx_register_map",
                "processor_type",
                "PROCESSOR_GENERIC",
                "PROCESSOR_I386",
                "PROCESSOR_I486",
                "PROCESSOR_PENTIUM",
                "PROCESSOR_LAKEMONT",
                "PROCESSOR_PENTIUMPRO",
                "PROCESSOR_PENTIUM4",
                "PROCESSOR_NOCONA",
                "PROCESSOR_CORE2",
                "PROCESSOR_NEHALEM",
                "PROCESSOR_SANDYBRIDGE",
                "PROCESSOR_HASWELL",
                "PROCESSOR_BONNELL",
                "PROCESSOR_SILVERMONT",
                "PROCESSOR_GOLDMONT",
                "PROCESSOR_GOLDMONT_PLUS",
                "PROCESSOR_TREMONT",
                "PROCESSOR_KNL",
                "PROCESSOR_KNM",
                "PROCESSOR_SKYLAKE",
                "PROCESSOR_SKYLAKE_AVX512",
                "PROCESSOR_CANNONLAKE",
                "PROCESSOR_ICELAKE_CLIENT",
                "PROCESSOR_ICELAKE_SERVER",
                "PROCESSOR_CASCADELAKE",
                "PROCESSOR_INTEL",
                "PROCESSOR_GEODE",
                "PROCESSOR_K6",
                "PROCESSOR_ATHLON",
                "PROCESSOR_K8",
                "PROCESSOR_AMDFAM10",
                "PROCESSOR_BDVER1",
                "PROCESSOR_BDVER2",
                "PROCESSOR_BDVER3",
                "PROCESSOR_BDVER4",
                "PROCESSOR_BTVER1",
                "PROCESSOR_BTVER2",
                "PROCESSOR_ZNVER1",
                "PROCESSOR_ZNVER2",
                "PROCESSOR_max",
                "ix86_tune",
                "ix86_arch",
                "ix86_preferred_stack_boundary",
                "ix86_incoming_stack_boundary",
                "regclass_map",
                "UQItype",
                "complex float",
                "complex double",
                "complex long double",
                "complex _Float128",
                "__popcount_tab",
                "__clz_tab",
                "func_ptr",
                "__CTOR_LIST__",
                "__DTOR_LIST__",
                "E:/OneDrive/Sinica/SecurityTeam/AdversarialAttackMalware",
                "c:/mingw/include",
                "c:/mingw/lib/gcc/mingw32/9.2.0/include",
                "c:/mingw/lib/gcc/mingw32/9.2.0/include/c++",
                "c:/mingw/lib/gcc/mingw32/9.2.0/include/c++/bits",
                "c:/mingw/lib/gcc/mingw32/9.2.0/include/c++/mingw32/bits",
                "c:/mingw/include/sys",
                "NtCreateFile.cpp",
                "windef.h",
                "stddef.h",
                "winnt.h",
                "basetyps.h",
                "unknwn.h",
                "cstdlib",
                "std_abs.h",
                "cstdio",
                "c++config.h",
                "stdlib.h",
                "objidl.h",
                "cguid.h",
                "olectlid.h",
                "oaidl.h",
                "types.h",
                "stdio.h",
                "ntdef.h",
                "<built-in>",
                "../../../src/gcc-9.2.0/libgcc/config/i386",
                "cygwin.S",
                "\"\"YK0g=YY0/>\"\"",
                "/home/keith/mingw32-gcc-9.2.0/include",
                "../../../src/gcc-9.2.0/libgcc/../include",
                "../.././gcc",
                "../../../src/gcc-9.2.0/libgcc/../gcc/config/i386",
                "../../../src/gcc-9.2.0/libgcc",
                "getopt.h",
                "time.h",
                "hashtab.h",
                "insn-constants.h",
                "i386.h",
                "i386-opts.h",
                "libgcc2.h",
                "gbl-ctors.h",
                "libgcc2.c",
                "HighPart",
                "../../../src/gcc-9.2.0/libgcc/config/i386/cygwin.S",
                "GNU AS 2.32",
                "_atexit",
                "__onexit ",
                ".bss",
                ".file",
                "cygming-crtbegin.c_obj",
                ".data",
                "_main",
                "___main",
                ".CRT$XDZ",
                ".CRT$XDA",
                ".CRT$XLA",
                ".tls$ZZZ",
                ".tls$AAA",
                ".idata$7",
                ".idata$5T",
                ".idata$4X",
                ".idata$6",
                "@feat.00",
                ".idata$5P",
                ".idata$4T",
                ".idata$6p",
                "fake",
                ".idata$5",
                ".idata$4",
                ".idata$5@",
                ".idata$6P",
                ".idata$5<",
                ".idata$6F",
                ".idata$58",
                ".idata$6:",
                ".idata$54",
                ".idata$60",
                ".idata$50",
                ".idata$6&",
                ".idata$5,",
                ".idata$5(",
                ".idata$5$",
                ".idata$5 ",
                ".idata$6z",
                ".idata$6n",
                ".idata$6f",
                ".idata$6Z",
                ".idata$6D",
                ".idata$6x",
                ".idata$6h",
                ".idata$64",
                ".idata$6\"",
                ".idata$5|",
                ".idata$5x",
                ".idata$5t",
                ".idata$5p",
                ".idata$5l",
                ".idata$5h",
                ".idata$5d",
                ".idata$6t",
                ".idata$5`",
                ".idata$6\\",
                ".idata$4d",
                "cygming-crtend.c",
                ".idata$6N",
                ".idata$6(",
                ".idata$5H",
                ".idata$6d",
                ".idata$5D",
                ".idata$2<",
                ".idata$4\\",
                ".idata$5X",
                "__cexit",
                "__errno",
                "___xl_c",
                "___xl_z",
                "_puts",
                "_strcoll",
                "__dll__",
                "_fwrite",
                "_memcpy",
                "__argc",
                "_tolower",
                "___xl_a",
                "___xl_d",
                "__CRT_MTd",
                "_wcslen",
                "__argv",
                "_calloc",
                "__fmode",
                "__msize",
                "__end__",
                "_signal",
                "_malloc",
                "_abort",
                "_strlen",
                "_memmove",
                "_printf",
                ".eh_frame",
                ".debug_aranges",
                ".debug_info",
                ".debug_abbrev",
                ".debug_line",
                ".debug_frame",
                ".debug_str",
                "__mingw32_init_mainargs",
                "_mainCRTStartup",
                "_WinMainCRTStartup",
                "_deregister_frame_fn",
                "___gcc_register_frame",
                "___gcc_deregister_frame",
                ".rdata$zzz",
                "__setargv",
                "___cpu_features_init",
                "___do_global_dtors",
                "___do_global_ctors",
                "___dyn_tls_init@12",
                "___tlregdtor",
                "____w64_mingwthr_add_key_dtor",
                "____w64_mingwthr_remove_key_dtor",
                "___mingw_TLScallback",
                "__pei386_runtime_relocator",
                "_fesetenv",
                "___mingw_aligned_free",
                "___mingw_free",
                "___mingw_glob",
                "___mingw_globfree",
                "___mingw_dirname",
                "___mingw_opendir",
                "___mingw_readdir",
                "___mingw_closedir",
                "___mingw_rewinddir",
                "___mingw_telldir",
                "___mingw_seekdir",
                "___mingw_memalign_base",
                "___mingw_realloc",
                "___mingw_memalign_realloc",
                "___FRAME_END__",
                "_register_frame_ctor",
                ".text.startup",
                ".ctors.65535",
                "___msvcrt_free",
                "__imp__FindFirstFileA@8",
                "_VirtualProtect@16",
                "___RUNTIME_PSEUDO_RELOC_LIST__",
                "__imp___fullpath",
                "_FindFirstFileA@8",
                "__imp___setmode",
                "__data_start__",
                "_FreeLibrary@4",
                "___DTOR_LIST__",
                "__imp__VirtualProtect@16",
                "__imp___onexit",
                "___p__fmode",
                "__imp__GetLastError@0",
                "_SetUnhandledExceptionFilter@4",
                "__imp__VirtualQuery@12",
                "__imp____register_frame_info",
                "__imp__FindNextFileA@8",
                "_GetModuleFileNameA@12",
                "___tls_start__",
                "__imp__TlsGetValue@4",
                "__libmsvcrt_a_iname",
                "__imp__InitializeCriticalSection@4",
                "_DeleteCriticalSection@4",
                "__rt_psrelocs_start",
                "__imp__abort",
                "__dll_characteristics__",
                "__size_of_stack_commit__",
                "___msvcrt_realloc",
                "__size_of_stack_reserve__",
                "__major_subsystem_version__",
                "___crt_xl_start__",
                "___crt_xi_start__",
                "___crt_xi_end__",
                "__imp__stricoll",
                "__imp____mb_cur_max",
                "_GetLastError@0",
                "__imp____p__pgmptr",
                "__imp____p__environ",
                "__imp___pctype",
                "_VirtualQuery@12",
                "__imp____msvcrt_realloc",
                "_mingw_initltsdrot_force",
                "__imp___iob",
                "_GetModuleHandleA@4",
                "___register_frame_info",
                "__libmoldname_a_iname",
                "_hmod_libgcc",
                ".weak.___register_frame_info.___EH_FRAME_BEGIN__",
                "__imp____deregister_frame_info",
                "__imp__strdup",
                "__imp___isctype",
                "__bss_start__",
                "___RUNTIME_PSEUDO_RELOC_LIST_END__",
                "__fpreset",
                "__size_of_heap_commit__",
                "_libgcc_s_dw2_1_dll_iname",
                "__imp___errno",
                "___p__environ",
                "__imp__GetProcAddress@8",
                "_GetProcAddress@8",
                "___crt_xp_start__",
                "__imp__wcstombs",
                "_GetCommandLineA@0",
                "__imp__wcslen",
                "___crt_xp_end__",
                "__imp__signal",
                "__imp__puts",
                "__minor_os_version__",
                "__imp__atexit",
                "__imp__mbstowcs",
                "__head_libmsvcrt_a",
                "__image_base__",
                "__isctype",
                "__section_alignment__",
                "_LoadLibraryA@4",
                "__imp__memmove",
                "_wcstombs",
                "__imp__FreeLibrary@4",
                "__IAT_end__",
                "__head_libmoldname_a",
                "__RUNTIME_PSEUDO_RELOC_LIST__",
                "___p__pgmptr",
                "_setlocale",
                "__imp____p__fmode",
                "__tls_start",
                "_ExitProcess@4",
                "__imp__strcoll",
                "__data_end__",
                "___getmainargs",
                "_FindClose@4",
                "_mbstowcs",
                "___set_app_type",
                "__bss_end__",
                "__CRT_fmode",
                "___crt_xc_end__",
                "__tls_index",
                "___crt_xc_start__",
                "__imp____msvcrt_free",
                "___CTOR_LIST__",
                "__rt_psrelocs_size",
                "__imp__memcpy",
                "_FindNextFileA@8",
                "__file_alignment__",
                "__imp__LeaveCriticalSection@4",
                "__imp__malloc",
                "__head_libgcc_s_dw2_1_dll",
                "___mingw_memalign_lwm",
                "___EH_FRAME_BEGIN__",
                "__major_os_version__",
                "__IAT_start__",
                "__tls_end",
                "__imp__GetModuleHandleA@4",
                "__imp___fpreset",
                ".weak.___deregister_frame_info.___EH_FRAME_BEGIN__",
                "_EnterCriticalSection@4",
                "__fullpath",
                "__size_of_heap_reserve__",
                "___crt_xt_start__",
                "___ImageBase",
                "__subsystem__",
                "__imp__strlen",
                "__CRT_fenv",
                "__imp__calloc",
                "__imp____getmainargs",
                "___tls_end__",
                "__imp__ExitProcess@4",
                "_mingw_initltssuo_force",
                "_InitializeCriticalSection@4",
                "___cpu_features",
                "__imp__SetUnhandledExceptionFilter@4",
                "___deregister_frame_info",
                "__major_image_version__",
                "__loader_flags__",
                "__imp__tolower",
                "__CRT_glob",
                "__setmode",
                "__imp__printf",
                "___chkstk_ms",
                "__head_libkernel32_a",
                "__rt_psrelocs_end",
                "__imp___cexit",
                "__minor_subsystem_version__",
                "__imp__FindClose@4",
                "__minor_image_version__",
                "__imp__vfprintf",
                "__imp____set_app_type",
                "_mingw_initltsdyn_force",
                "_TlsGetValue@4",
                "__imp__DeleteCriticalSection@4",
                "_LeaveCriticalSection@4",
                "__imp__GetCommandLineA@0",
                "__imp__LoadLibraryA@4",
                "__imp__setlocale",
                "__RUNTIME_PSEUDO_RELOC_LIST_END__",
                "__libkernel32_a_iname",
                "___dyn_tls_init_callback",
                "__imp__GetModuleFileNameA@12",
                "__tls_used",
                "___crt_xt_end__",
                "__imp___msize",
                "_vfprintf",
                "__imp__EnterCriticalSection@4",
                "__imp__fwrite",
                "\\??\\C:\\Users\\malia\\Desktop\\File.txt",
                "Hello, World11!"
            ]
        }
    ]
}