{
    "malware_data": [
        {
            "filename": "ab143dacd2bb2cc4c38822ad99b628b5c763b8ea2b01ac6971c7dbf0bdc41fb2.exe",
            "filetype": "4D5A9000",
            "filesize": "40KB",
            "hash_sha256": "ab143dacd2bb2cc4c38822ad99b628b5c763b8ea2b01ac6971c7dbf0bdc41fb2",
            "strings": [
                "!This program cannot be run in DOS mode.",
                ".text",
                "`.rsrc",
                "@.reloc",
                "+&* ",
                "+&(,",
                "ijot",
                "jYio",
                "BSJB",
                "v4.0.30319",
                "#Strings",
                "#GUID",
                "#Blob",
                "eRby26K0",
                "cpqO0",
                "XRstj0",
                "ynh6y0",
                "$$method0x600007a-1",
                "IEnumerable`1",
                "Action`1",
                "IEnumerator`1",
                "List`1",
                "CS$<>9__CachedAnonymousMethodDelegate1",
                "6Lt1",
                "kernel32",
                "Int32",
                "SzBg8sjoZX2",
                "Func`2",
                "KeyValuePair`2",
                "IDictionary`2",
                "CS$<>9__CachedAnonymousMethodDelegate2",
                "B7t2",
                "ajI43",
                "OaFHji3",
                "gx4j5mw4",
                "6pz4",
                "Fviz95G05",
                "gcaVOI5",
                "XRZJ5",
                "oUs8nU5",
                "iQYYi0Vd5",
                "aGru5",
                "irl7FD0l6",
                "DrJQApzCKo6",
                "UsjnX7",
                "CS$<>9__CachedAnonymousMethodDelegate7",
                "bLwElI78",
                "2bEcv0yA8",
                "get_UTF8",
                "eMaRcHoQ3b8",
                "Fdvkx44m8",
                "<Module>",
                "p26U60mfsGA",
                "NfxRWdYB",
                "GPAC",
                "5pLPtJnC",
                "REG_DWORD",
                "DjoD",
                "VpuwD",
                "bY4E",
                "WLrTIE",
                "HKEY_LOCAL_MACHINE",
                "REG_NONE",
                "KEY_SET_VALUE",
                "YwslBF",
                "2oOpo41DF",
                "JL8gF",
                "4K6C3Tm9H",
                "eeIbt7BNpH",
                "ldpGPgNzH",
                "auUBk8WgI",
                "60nDaNNZsI",
                "IE0PS6JJ",
                "akbrfdAlYJ",
                "JHciJ",
                "fMX3PAkRBK",
                "REG_LINK",
                "e28L",
                "lLPML",
                "qK6TWS9ZL",
                "yuBCqvD1M",
                "55f1ab9Q85M",
                "AB3bgsGM",
                "Eq1VUbM",
                "gJJAiM",
                "REG_DWORD_LITTLE_ENDIAN",
                "REG_DWORD_BIG_ENDIAN",
                "Mkf2gN",
                "fTL2nN",
                "9wsWRzuN",
                "System.IO",
                "eppLOwTTLiO",
                "EiN1BTP",
                "n5Mkj7Q",
                "PP7WQ",
                "NPER",
                "HKEY_CURRENT_USER",
                "eqLR",
                "muqOR",
                "kLtWPJ2S",
                "5IJ6S",
                "uhIqfEtS",
                "7qgb0T",
                "hIOT",
                "mARFpT",
                "a5hmm6qjwIU",
                "AkTSU",
                "OYUU",
                "owsrU",
                "JDmXW",
                "tej5X5tchW",
                "9AQX",
                "3HES1Y",
                "QKe1Y",
                "9cYFHY",
                "REG_BINARY",
                "plgY",
                "3ZUPlJZ",
                "REG_EXPAND_SZ",
                "REG_SZ",
                "REG_MULTI_SZ",
                "value__",
                "bhZa",
                "LKqNqa",
                "_rsa",
                "VerifyData",
                "PropertyData",
                "mscorlib",
                "DEtxZjGc",
                "RMVc",
                "System.Collections.Generic",
                "5eRGDd",
                "get_Id",
                "get_CommandId",
                "set_CommandId",
                "get_TenantId",
                "set_TenantId",
                "get_ClientId",
                "set_ClientId",
                "K2AppwgJePd",
                "get_CanRead",
                "Thread",
                "Load",
                "KeyloggerEnabled",
                "PasswordRecoveryEnabled",
                "CookieRecoveryEnabled",
                "samDesired",
                "get_IsCreated",
                "set_IsCreated",
                "System.Collections.Specialized",
                "NewGuid",
                "PcHwid",
                "n7uXkd",
                "<CommandId>k__BackingField",
                "<TenantId>k__BackingField",
                "<ClientId>k__BackingField",
                "<IsCreated>k__BackingField",
                "<Name>k__BackingField",
                "<RequestPluginName>k__BackingField",
                "<OsName>k__BackingField",
                "<Username>k__BackingField",
                "<LocalTime>k__BackingField",
                "<CommandType>k__BackingField",
                "<RequestType>k__BackingField",
                "<Nation>k__BackingField",
                "<SysInfo>k__BackingField",
                "<Params>k__BackingField",
                "<Success>k__BackingField",
                "<Antivirus>k__BackingField",
                "<Status>k__BackingField",
                "<Cpu>k__BackingField",
                "<Gpu>k__BackingField",
                "TrimEnd",
                "ReadToEnd",
                "get_Millisecond",
                "set_Method",
                "GetMethod",
                "method",
                "4Krkyd",
                "87XHe",
                "7RztoPZe",
                "Replace",
                "CreateInstance",
                "get_StatusCode",
                "HttpStatusCode",
                "set_Mode",
                "FileMode",
                "PaddingMode",
                "CipherMode",
                "message",
                "AddRange",
                "CredentialCache",
                "Invoke",
                "GetEnvironmentVariable",
                "IEnumerable",
                "IDisposable",
                "RuntimeFieldHandle",
                "RuntimeTypeHandle",
                "GetTypeFromHandle",
                "KeyHandle",
                "DeleteFile",
                "MoveFile",
                "hModule",
                "get_Name",
                "set_Name",
                "PcName",
                "GetModuleFileName",
                "lpExistingFileName",
                "lpFileName",
                "lpNewFileName",
                "ValueName",
                "StartupRegName",
                "get_RequestPluginName",
                "set_RequestPluginName",
                "StartupInstallationName",
                "DownloadFolderName",
                "get_UserName",
                "get_ComputerName",
                "get_OsName",
                "set_OsName",
                "get_ProcessName",
                "StartupEnvName",
                "GetProcessesByName",
                "StartupDirectoryName",
                "get_Username",
                "set_Username",
                "DateTime",
                "get_LocalTime",
                "set_LocalTime",
                "wTwNOne",
                "Combine",
                "get_FieldType",
                "get_CommandType",
                "set_CommandType",
                "ValueType",
                "SecurityProtocolType",
                "ConvertToType",
                "GetType",
                "set_ContentType",
                "get_RequestType",
                "set_RequestType",
                "get_PropertyType",
                "type",
                "Where",
                "System.Core",
                "get_InvariantCulture",
                "MethodBase",
                "HttpWebResponse",
                "GetResponse",
                "Close",
                "Dispose",
                "X509Certificate",
                "Create",
                "SetApartmentState",
                "get_CanWrite",
                "STAThreadAttribute",
                "CompilerGeneratedAttribute",
                "AttributeUsageAttribute",
                "GetCustomAttribute",
                "AssemblyFileVersionAttribute",
                "CompilationRelaxationsAttribute",
                "RuntimeCompatibilityAttribute",
                "Byte",
                "get_Value",
                "GetValue",
                "SetValue",
                "value",
                "set_Expect100Continue",
                "set_KeepAlive",
                "DataSize",
                "nSize",
                "Serialize",
                "Deserialize",
                "SizeOf",
                "gkZQ7o9g",
                "System.Threading",
                "set_Padding",
                "UTF8Encoding",
                "FromBase64String",
                "ToBase64String",
                "FromXmlString",
                "ToString",
                "GetString",
                "Substring",
                "ComputeHash",
                "Flush",
                "AppStartupFullPath",
                "GetTempPath",
                "GetFolderPath",
                "DownloadDirectoryPath",
                "StartupDirectoryPath",
                "get_Length",
                "MaximumLength",
                "get_ContentLength",
                "set_ContentLength",
                "ContinueWith",
                "XkImbPi",
                "PtrToStringUni",
                "StringToCoTaskMemUni",
                "pcPej",
                "anEwjfj",
                "RemoteCertificateValidationCallback",
                "set_ServerCertificateValidationCallback",
                "add_Tick",
                "TransformFinalBlock",
                "Task",
                "POAbWzhR2El",
                "AllocHGlobal",
                "FreeHGlobal",
                "Marshal",
                "set_Interval",
                "CheckInterval",
                "LoggerInterval",
                "7owz3VZg4kl",
                "advapi32.dll",
                "ntdll.dll",
                "Kill",
                "publicKeyXml",
                "set_SecurityProtocol",
                "CurrentUrl",
                "FileStream",
                "GetResponseStream",
                "GetRequestStream",
                "get_Item",
                "set_Item",
                "System",
                "SymmetricAlgorithm",
                "AsymmetricAlgorithm",
                "HashAlgorithm",
                "ICryptoTransform",
                "Enum",
                "Igrosyx3g3n",
                "wMroesiHn",
                "FdVcDJn",
                "FT1JAeWn",
                "ToBoolean",
                "X509Chain",
                "pCiIZ0gKGnn",
                "get_CurrentRegion",
                "get_Nation",
                "set_Nation",
                "Application",
                "get_Location",
                "AsmLocation",
                "SystemInformation",
                "System.Globalization",
                "System.Web.Script.Serialization",
                "Action",
                "System.Reflection",
                "PropertyDataCollection",
                "NameValueCollection",
                "WebHeaderCollection",
                "ManagementObjectCollection",
                "innerException",
                "StringComparison",
                "Zbun",
                "U64vn",
                "bMV3Eo",
                "FieldInfo",
                "MethodInfo",
                "CultureInfo",
                "RegionInfo",
                "MemberInfo",
                "ParameterInfo",
                "get_SysInfo",
                "set_SysInfo",
                "DirectoryInfo",
                "PropertyInfo",
                "2KiUaZCRxio",
                "Zero",
                "J7cY0Up",
                "X2FzEPXp",
                "SvYjrcp",
                "Sleep",
                "Stop",
                "AppAddStartup",
                "HideFileStartup",
                "e3Cvp",
                "2i7C2q",
                "wXvj3q",
                "5P7JVrXq",
                "DSkUGbomq",
                "System.Linq",
                "ek1DJsq",
                "Clear",
                "Char",
                "GOF2br",
                "member",
                "StreamReader",
                "TextReader",
                "MD5CryptoServiceProvider",
                "SHA256CryptoServiceProvider",
                "RSACryptoServiceProvider",
                "TripleDESCryptoServiceProvider",
                "SpecialFolder",
                "buffer",
                "ServicePointManager",
                "ManagementObjectSearcher",
                "EventHandler",
                "_commandTimer",
                "JavaScriptConverter",
                "ToLower",
                "JavaScriptSerializer",
                "serializer",
                "IEnumerator",
                "ManagementObjectEnumerator",
                "GetEnumerator",
                "Activator",
                ".ctor",
                ".cctor",
                "CreateDecryptor",
                "CreateEncryptor",
                "Zgqr",
                "StructureToPtr",
                "UIntPtr",
                "jOQ6BCmwr",
                "inmexr",
                "uqfOfrzzr",
                "kmZzqmZXs",
                "System.Diagnostics",
                "GetFields",
                "jQes",
                "System.Runtime.InteropServices",
                "System.Runtime.CompilerServices",
                "GetInstances",
                "get_Properties",
                "GetProperties",
                "get_SupportedTypes",
                "System.Security.Cryptography.X509Certificates",
                "GetBytes",
                "dwFlags",
                "EventArgs",
                "System.Threading.Tasks",
                "ICredentials",
                "set_Credentials",
                "get_DefaultCredentials",
                "Equals",
                "PcDetails",
                "FallbackUrls",
                "get_Params",
                "set_Params",
                "System.Windows.Forms",
                "System.Web.Extensions",
                "System.Collections",
                "set_MaximumAutomaticRedirections",
                "ulOptions",
                "get_Headers",
                "RuntimeHelpers",
                "GetIndexParameters",
                "parameters",
                "RegisterConverters",
                "SslPolicyErrors",
                "ManagementClass",
                "FileAccess",
                "get_Success",
                "set_Success",
                "GetCurrentProcess",
                "GetProcAddress",
                "AttributeTargets",
                "Exists",
                "get_Antivirus",
                "set_Antivirus",
                "get_Status",
                "set_Status",
                "eYKi9uB2t",
                "RejzBeb38t",
                "Concat",
                "ManagementBaseObject",
                "ManagementObject",
                "set_AllowAutoRedirect",
                "VirtualProtect",
                "System.Net",
                "op_Explicit",
                "Exit",
                "DidoHuaYlt",
                "FirstOrDefault",
                "set_UserAgent",
                "PublicUserAgent",
                "System.Management",
                "Environment",
                "get_Current",
                "_bot",
                "ParameterizedThreadStart",
                "Convert",
                "Cast",
                "HttpWebRequest",
                "set_Timeout",
                "n70oq4GWvt",
                "MoveNext",
                "System.Text",
                "1MXS31Fyt",
                "QZfuekvBKu",
                "dNCnctfu",
                "v8gu",
                "get_Cpu",
                "set_Cpu",
                "get_Gpu",
                "set_Gpu",
                "jrYOxwdfuu",
                "g62WzC4powu",
                "siF1v",
                "BDvXKb5v",
                "XZh5gOv",
                "THx8CNGw",
                "YN99ETw",
                "StartNew",
                "get_Now",
                "PgpYI8x",
                "RegOpenKeyEx",
                "TitleIndex",
                "FSNN0ox",
                "xZ1HCnrgOyx",
                "yoVIFy",
                "InitializeArray",
                "get_Key",
                "set_Key",
                "subKey",
                "PublicKey",
                "RegCloseKey",
                "NtDeleteValueKey",
                "NtSetValueKey",
                "hKey",
                "ContainsKey",
                "System.Security.Cryptography",
                "GetExecutingAssembly",
                "Copy",
                "dictionary",
                "LoadLibrary",
                "get_Factory",
                "TaskFactory",
                "CreateDirectory",
                "op_Equality",
                "op_Inequality",
                "System.Net.Security",
                "IsNullOrEmpty",
                "XU5z",
                "YrS4Hz",
                "1.0.0.0",
                "WrapNonExceptionThrows",
                "RequestType",
                "ClientId",
                "TenantId",
                "RequestPluginName",
                "Params",
                "LocalTime",
                "SystemInfo",
                "Username",
                "OsName",
                "Antivirus",
                "Nation",
                "Status",
                "CommandId",
                "CommandType",
                "Success",
                "_CorExeMain",
                "mscoree.dll",
                "<?xml version=\"1.0\" encoding=\"UTF-8\" standalone=\"yes\"?>",
                "<assembly xmlns=\"urn:schemas-microsoft-com:asm.v1\" manifestVersion=\"1.0\">",
                "  <assemblyIdentity version=\"1.0.0.0\" name=\"MyApplication.app\"/>",
                "  <trustInfo xmlns=\"urn:schemas-microsoft-com:asm.v2\">",
                "    <security>",
                "      <requestedPrivileges xmlns=\"urn:schemas-microsoft-com:asm.v3\">",
                "        <requestedExecutionLevel level=\"asInvoker\" uiAccess=\"false\"/>",
                "      </requestedPrivileges>",
                "    </security>",
                "  </trustInfo>",
                "</assembly>",
                "PluginRequest",
                "PasswordRecovery",
                "plugin",
                "bytes",
                "CookieRecovery",
                "Keylogger",
                "yyyy-MM-dd HH:mm:ss",
                "Filename",
                "FileExtension",
                "FileArgs",
                ".exe",
                "load",
                "update",
                "uninstall",
                "downloadexecute",
                "<RSAKeyValue><Modulus>tx3cMyt+5I8Fe4OAdQuul/kvzBSwJMaz9xzJdvNKzmqMkvA/c0iDPR0XKz44bmVZLoMhU15aduEgdTOs21e3BnZH5xFc/785n6Ht6Rpxzp/BF9ILzelncFmnqbUsLUZYbl+oYvcNqjhrbIeSKzjHMjP+ObxLe0Sra9NPWEJOlNE=</Modulus><Exponent>AQAB</Exponent></RSAKeyValue>",
                "Mozilla/5.0 (Windows NT 10.0; Win64; x64; rv:99.0) Gecko/20100101 Firefox/99.0",
                "false",
                "appdata",
                "XOZGNO",
                "XOZGNO.exe",
                "lsz4e2nb.m2w",
                "https://invoiceplanet.info/gate",
                "/i \"",
                "\" /qn ",
                "msiexec.exe",
                ".jar",
                ".msi",
                "java.exe",
                "-jar \"",
                "POST",
                "x-key",
                "application/x-www-form-urlencoded",
                "Signature",
                "invalid signature",
                "X-KEY",
                ".tmp",
                "None",
                "win32_processor",
                "processorID",
                "5275646a-8805-418d-8cb5-ed6a93652b5c",
                "Win32_NetworkAdapterConfiguration",
                "IPEnabled",
                "MacAddress",
                "a835dceb-4b01-4194-a10e-dbc27360900c",
                "Win32_BaseBoard",
                "SerialNumber",
                "5418d6e8-0048-4acd-88b1-3ac9166575ef",
                ":Zone.Identifier",
                "select * from Win32_OperatingSystem",
                "Caption",
                "root\\SecurityCenter2",
                "SELECT displayName FROM AntiVirusProduct",
                "displayName",
                "select * from  Win32_VideoController",
                "Description",
                "select * from  Win32_Processor",
                "Name",
                "amsi.dll",
                "AmsiScanBuffer",
                "VS_VERSION_INFO",
                "VarFileInfo",
                "Translation",
                "StringFileInfo",
                "000004b0",
                "FileDescription",
                "FileVersion",
                "InternalName",
                "wTwNOne.exe",
                "LegalCopyright",
                "OriginalFilename",
                "ProductVersion",
                "Assembly Version"
            ]
        }
    ]
}