{
    "malware_data": [
        {
            "filename": "5feefcccef3ba30055e4bbe2197d4f5df9c776ca511b9ced59aef76c8adea4bc.elf",
            "filetype": "7F454C46",
            "filesize": "29KB",
            "hash_sha256": "5feefcccef3ba30055e4bbe2197d4f5df9c776ca511b9ced59aef76c8adea4bc",
            "strings": [
                "tUPX!",
                "&$U*T",
                "PTRh",
                "Z[^*",
                "HuNw",
                "@;%u",
                "L$$Q",
                ",Qt8R<HP",
                "/PU(",
                ",3#g+",
                "6l6/9",
                "5'4+<;",
                "Xl@~pO",
                "!@.C",
                "DH?fsK|",
                "0NQj",
                "(t:WW",
                "4^mL",
                "SF@`(",
                "WjL$",
                "\\SLA",
                "@?#M5",
                "4Gd;p",
                "e;Mj",
                "dXP(37",
                "VnBvs",
                "*WH2",
                "$Oy.",
                "C<nJ",
                "<Xh8",
                "m.x=",
                ")FA0",
                "Co9i.",
                "ndCC",
                "3FFF",
                "l$4U",
                "PLPg}",
                "iCRCSW",
                "l@@2",
                "!Xt@",
                "LD2Z",
                "oo\\y&",
                "i Sg",
                "K&GS$]",
                "gSy&",
                "dPSDS+",
                "Rh5 ",
                "0P4j",
                "gH,H",
                "PPS ",
                "D;tBV",
                "'*.9",
                "xPV:+!",
                "4V004",
                "]n,Z",
                "QQXZ",
                "AEPEUW,",
                "6004e",
                "!/!D",
                "!X!k",
                "\\SLQ",
                "+LPg",
                "VS3VS",
                "r0(E",
                "D#=(",
                "^B VK",
                "8a O",
                "(HH ",
                "|Sr C4#5",
                "< t <",
                "$:a5",
                "38t$",
                "=zh6^86a",
                "SD`B",
                "KvBBBu",
                "t$ 4",
                "ZK(9",
                "?!bQ",
                "MEC)",
                "CSN`",
                "AVSFQ",
                "40d2SND",
                ")$4)",
                "JR**@",
                "B<,G",
                "VS'%gM4",
                "rrIs@",
                "l$<U-",
                "l_UT",
                "Hul8v",
                "t$ay\\$,S&",
                "VRP&",
                "]D(!",
                "\\F/8:",
                "s/l&",
                "X$bv",
                "_]LQL",
                "e\"TR4",
                "4<4*d",
                "O36f@",
                "~p~S",
                "O(@Nr7U7=2",
                "Ae\\^O",
                "6[6P",
                "d[jAS",
                "{>H&hz",
                "pxxx",
                "zxA9",
                "h>}@",
                " O]$S",
                "9HY;",
                "|xpK",
                "XEGr$I,",
                "S(.9",
                "` !p",
                "]&bc",
                "IJfK",
                "@NchE6",
                "dH9\\",
                "tZX:",
                "eA6c@",
                ",&('",
                ">$j<Vzd",
                "&@p6",
                "@|:@",
                "BJ+Po",
                "@t}u",
                "Exoy~",
                "f]z!H",
                "H\"W/",
                "!7nr",
                "*[B.E",
                "W56Q",
                "[@.3",
                "$ i8]",
                "Dz[#",
                "FY[|^",
                "P)ajw#F",
                "S_4F",
                "j\\''",
                "8 \"d",
                "] (\"",
                "g9[^",
                "0O6>S",
                "B{wk",
                "uu c",
                "&*a ",
                "\\^]P",
                " ]X;",
                "ZYrJN",
                "XY[XZ",
                "zK_,",
                "L(xm#",
                "h0?ah",
                "KvGNh",
                "ZRKN",
                "SR*@ ",
                "[J6#c'",
                "yt!p",
                "wXXP",
                "0x?o<",
                "|\"&WJ",
                "Ss\\/",
                "XGE2",
                "3 ! ",
                "A8QtH0",
                "H.~6",
                "7!3B",
                "xC,:",
                "+`pU",
                "<[XW",
                "#kVU]",
                " u`{",
                "J.HQ",
                "cWdkG]",
                "8x=XWp",
                "/<4Vx",
                "DcBN",
                "HL!'",
                "ABpuhX",
                "j{id",
                "{.fD",
                "%#! ",
                "kykyz",
                "KEuV",
                "VGd3$",
                "G0h$e",
                "7J#m8X",
                "TGNU@",
                "e&s(",
                "^{+1",
                "dKF:s",
                "Q3A~6",
                "TV/@",
                "kvoSF4",
                " $b[^j1",
                "'aPN",
                "fd@hd",
                "div,",
                "Igo r",
                "wBN.",
                "ra'=",
                "r!bm",
                "NNR&",
                "\"Bvi",
                "AAyF",
                "u7@A",
                "PK>>",
                "=#@<",
                "atPpr",
                "v8iDM)7T",
                ";=h-",
                "-b+@",
                "**>!)",
                "9i*)",
                "Tk:(-9i",
                "'('9",
                "$<$u",
                "l v`L6",
                "1&:?",
                "p;(?^'",
                ",do\"",
                "!l##",
                "Wm~V2",
                "*_(0",
                "p$7!",
                "I@<`H",
                "!@x;t&",
                "98_N",
                "Jtk[-",
                "9yi4",
                "PG(p",
                "umx6s",
                "r$#%H",
                "@sqeK>",
                "w'{>ot",
                "#aaa",
                "tFQ]",
                "$#oi",
                "kPlm",
                "tVyw!",
                "%GXc",
                "yHPS",
                "@Ju.)xVt;%",
                "3H!D",
                "V44h",
                "1,Ib",
                "pMd(",
                "6-YF",
                "[~&b",
                "9{~{m;",
                "&MQz",
                "a,E^E",
                "+n+[",
                "rr2 0",
                "jHsrr@",
                ":`| ",
                "k4''",
                "~$''",
                "AkGrrr",
                "Hsrr",
                "V#99",
                "di&d@",
                "'/zW",
                "sL$q9",
                "Z-a~",
                "wet]",
                "5-\":/",
                "A-bB",
                "$eQ9",
                "<(K%",
                "G9<$i",
                "]W-U",
                "CAJZ",
                "H(nU['i",
                " H$Q",
                "rHF8",
                "\\\"j&",
                "$G>O",
                "Y\"j$*x",
                "Ax(<w",
                "X*5U",
                "qhaX",
                "Sx08R",
                "I};!w#",
                "`> W",
                "WWFq`",
                "(D,H0",
                "@DHV",
                "%G!,I",
                "ezfWPW",
                "m}D}",
                "M}wA",
                "t,XB{",
                ";\\r[",
                "P+yB.",
                "CXH:",
                "a4lKMT",
                "P['s9",
                "[O43",
                "M'i)",
                "`YU\":",
                "X-P<",
                "f@5Wu",
                "]#$@}",
                ";5=u8",
                "n\"u/o",
                "\"+@V",
                "}xb0",
                "qSZ ",
                "q;8`",
                "ckx;X,t{+9ktZ",
                "F7Cr",
                "@[<]",
                "lUm!,",
                "xAma",
                "G?J8",
                "SL|S",
                "b(GFA",
                "SPQ)@W",
                "z1;; ?",
                "\\$ S",
                "X[6B",
                "YXB(",
                "olkrm",
                ";<$|",
                "V9Ky",
                "d <xu",
                "A\"wa",
                "(<`v",
                "}/C;",
                "%WWS",
                "ZY/i/X",
                "IJU#",
                "8l;^",
                "xA E",
                "QlcR6(",
                "8pJ ",
                "1W]s",
                "\"5R0AQ",
                "a;Bo{",
                "Ai{!",
                "T^'=x",
                "J51,Q",
                "IE4x",
                "0P!y",
                "4 8(f\"",
                "e@0H",
                "1W1Q",
                "DE?tb1?",
                "atHQ",
                "jBpR",
                "OST /ctrlt/DeviceUpgrv",
                "ade_1 HTTP/1.1",
                "Conte",
                "gth: 430",
                "ne9i",
                "keep-alive",
                "t: */*",
                "~ku/oriza'Digest use",
                "rname=\"dslf-c",
                "\", reC",
                "HuaweiHo G7ewaya",
                "n#c/88645",
                "~{f9e",
                "0e336",
                "569d75",
                ")un'",
                "bspJs812f8",
                "a42db38f4",
                "5F2aM97",
                "e19c,",
                "2Ed1a2",
                "<?xml vers#R",
                " ?><s:En",
                "lRe ",
                "http://schemas.",
                "soap.k",
                "/e1/A/",
                "codiStyle;m_",
                ".;{B",
                "C-upn",
                "I:WANP",
                "URL>",
                "/bd/",
                "ybox w",
                "74.50.8",
                "you.mips; F",
                "a:;Ch/)</",
                "Down.",
                "UAWEIUP",
                "MEBy @ryaQpz9",
                "#GEbu",
                ".php?cmd=cd${IFS}/ro",
                "Yavm7-",
                "NiGgErV0",
                "*&w6e",
                "=%27;",
                "4%d:",
                "0]Ca",
                "-/=1",
                "Requms%^",
                "-A)ndMozilla/5",
                " (Wed",
                "s Nk",
                ") Ap",
                "eWqK",
                "Zo-37.30K",
                " Giko&Chr",
                "/6 A",
                "96.99 Sa",
                "l,a[",
                "M,im",
                "8^-E",
                "u?!X{",
                "17{-USL",
                "75X-",
                "PotJd-",
                "2PHP",
                "jt=UTF-",
                "!unkR",
                "4:0AGMT$Sxt<5l",
                ",P9R_",
                "W/mt",
                "okie",
                "SElID=A",
                "7bY657ab949",
                "0)f0Z",
                "xO_[@dp",
                "RQVB[C",
                "C[}@GUX",
                "QpFyqD",
                "VRZX",
                "K`BRD*DBGGXE",
                "CV[T",
                "DU=C.NYY",
                "M[OO",
                "7;VmMwc",
                "Ooom",
                "fa1? ?'efg",
                ",<8#",
                "#$6;b?",
                "8'8%",
                ",7gae/3!1'S%!",
                "5&=;",
                "'!h;X",
                "$5''#",
                "!'gqc`",
                "<;`!?!b59?;^f",
                "a#f}-6",
                "<g8T",
                "' 19<",
                "{6=:",
                "!;$'",
                "?=l'",
                "ktv{",
                "zw=91",
                ";8\"z",
                "\"{#.",
                "L7<V3",
                "N'7J",
                "62*7!/",
                "~1=d?2>",
                "&71v:?2j",
                "!>[[",
                "V{wLog)",
                "T-t;!",
                "zxye",
                "fVpT",
                "99AWM",
                "w3V`g",
                "v/nU",
                "*=gqv",
                "CAk[S",
                "T$(9",
                "H+|$,",
                "$Info: This file is packed with the UPX executable packer http://upx.sf.net $",
                "$Id: UPX 3.94 Copyright (C) 1996-2017 the UPX Team. All Rights Reserved. $",
                "PROT_EXEC|PROT_WRITE failed.",
                "/proc/sm",
                "elf/exe",
                "[jUX",
                "PO;C",
                "UPX!u",
                "_um9",
                "@bQs",
                "W?:m",
                "tr[]",
                "tf~{",
                ".shstrtab",
                "init",
                "roda",
                "ctors",
                "UPX!"
            ]
        }
    ]
}