{
    "malware_data": [
        {
            "filename": "6737d88486bee3a1f95cfddc00935749da9b37933d1ca13128ec068b3fab4ea4.elf",
            "filetype": "7F454C46",
            "filesize": "78KB",
            "hash_sha256": "6737d88486bee3a1f95cfddc00935749da9b37933d1ca13128ec068b3fab4ea4",
            "strings": [
                "$h@@",
                "$  @",
                "$ $@",
                "$ (@",
                "$ ,@",
                "$ 0@",
                "$ 4@",
                ", (@",
                ", -@",
                ", ,@",
                "$\"d@",
                " ah@",
                "4 $@",
                "4 ,@",
                "4 4@",
                "4 <@",
                "4 D@",
                "4 L@",
                "4 T@",
                "4 \\@",
                "4 d@",
                "4 l@",
                "4 t@",
                "4 |@",
                "4\"4@",
                "4\"<@",
                "4\"D@",
                "4!$@",
                "4!,@",
                "4!4@",
                "4!<@",
                "4!D@",
                "4!L@",
                "4!T@",
                "4!\\@",
                "4!d@",
                "4!l@",
                "4!t@",
                "4!|@",
                "4\"$@",
                "4\",@",
                "4\"L@",
                "4\"T@",
                "4\"\\@",
                "4\"d@",
                "4\"l@",
                "4\"t@",
                "4\"|@",
                "POST /cdn-cgi/",
                " HTTP/1.1",
                "User-Agent: ",
                "Host: ",
                "Cookie: ",
                "http",
                "url=",
                "POST",
                "93.123.85.19",
                "abcdefghijklmnopqrstuvwxyzABCDEFGHIJKLMNOPQRSTUVWXYZ012345678",
                "5:?;",
                "<!: acam",
                " 18:1 ",
                "0125!8 ",
                "$5''#;&0",
                "509=:",
                "\"=.,\"",
                "'!$$;& ",
                "?;d509=:",
                "efg`a",
                "!'1&",
                ",<8#",
                "&;; ",
                ":217 10",
                "=3< t0=0t= 't>;6T",
                "'<188T",
                "1:5681T",
                "'-' 19T",
                "{6=:{6!'-6;,t",
                "nt5$$81 t:; t2;!:0T",
                ":7;&&17 T",
                "{6=:{6!'-6;,t$'T",
                "{6=:{6!'-6;,t?=88tymtT",
                "{$&;7{T",
                "{1,1T",
                "{20T",
                "{95$'T",
                "{$&;7{:1 { 7$T",
                "{' 5 !'T",
                "z5:=91T",
                "{$&;7{:1 {&;! 1T",
                "{7908=:1T",
                " 9${T",
                "05 5{8;758T",
                "% ,6; T",
                "5&9T",
                ",lbT",
                "'<`T",
                "9=$'T",
                "9$'8T",
                "'05T",
                "9 0T",
                "6; T",
                "<5?5=T",
                "{1 7{&1';8\"z7;:2T",
                ":591'1&\"1&tT",
                "544?9.354`z1??*w;63,?Z",
                "99?*.`z.?\".u2.76v;**639;.354u\"2.76q\"76v;**639;.354u\"76a+gjtcv37;=?u-?8*vpupa+gjtbZ",
                "99?*.w",
                ";4=/;=?`z?4w",
                "v?4a+gjtbZ",
                "54.?4.w",
                "#*?`z;**639;.354u\"w---w<5(7w/(6?495>?>Z",
                "5513?r}Z",
                "(?<(?)2`Z",
                "659;.354`Z",
                ")?.w95513?`Z",
                "954.?4.w6?4=.2`Z",
                ".(;4)<?(w?495>34=`Z",
                "92/41?>Z",
                "1??*w;63,?Z",
                "9544?9.354`Z",
                ")?(,?(`z>5);((?).Z",
                ")?(,?(`z965/><6;(?w4=34\"Z",
                "{01\"{#5 7<0;3T",
                "{01\"{9='7{#5 7<0;3T",
                "{'6=:{#5 7<0;3T",
                "{6=:{#5 7<0;3T",
                "{01\"{#5 7<0;3dT",
                "{1 7{0125!8 {#5 7<0;3T",
                "{1 7{#5 7<0;3T",
                "5''#;&0T",
                ";3=:T",
                "1: 1&T",
                "e365`70;9ag:<$ef1=d?2>T",
                "5 366;uotjzr",
                "34>5-)z",
                "zkjtjaz",
                "lnsz",
                "**6?",
                "3.uoimtilzr",
                "vz631?z",
                "?915sz",
                "2(57?uoktjthmjntkjiz",
                ";<;(3uoimtilZ",
                "2(57?uohtjthmnitkklz",
                "zltkaz",
                ";934.5)2az",
                "4.?6z",
                "3.uljktmtmzr",
                "?()354uctkthz",
                ";<;(3uljktmtmZ",
                "oMXKNNC",
                "uKLFMUQ",
                "cRRNGuG@iKV",
                "ijvon",
                "NKIG",
                "eGAIM",
                "aJPMOG",
                "qCDCPK",
                "oCAKLVMQJ",
                "kLVGN",
                "tGPQKML",
                "AMORCVK@NG",
                "oqkg",
                "vPKFGLV",
                "kLDMrCVJ",
                "oqkgaPCUNGP",
                "oGFKC",
                "aGLVGP",
                "dWLuG@rPMFWAVQ",
                "dKPGDMZ",
                ";!&71t",
                ":3=:1t",
                "!1&-T",
                "{01\"{",
                "#5 7<0;3T",
                "ede{#5 7<0;3T",
                "?/dev/null",
                "S[kA",
                ".shstrtab",
                ".init",
                ".text",
                ".fini",
                ".rodata",
                ".ctors",
                ".dtors",
                ".data",
                ".bss"
            ]
        }
    ]
}