{
    "malware_data": [
        {
            "filename": "086f335efce2f5cc6171e0d707fa659e1db7b282195df9bf28c054a01337f8a1.exe",
            "filetype": "4D5A9000",
            "filesize": "32KB",
            "hash_sha256": "086f335efce2f5cc6171e0d707fa659e1db7b282195df9bf28c054a01337f8a1",
            "strings": [
                "!This program cannot be run in DOS mode.",
                ".text",
                "`.rsrc",
                "@.reloc",
                "*6(-",
                "3msL",
                "j&rG",
                "+&rG",
                "1wsL",
                "1MsL",
                "3fsL",
                "k&rG",
                "BSJB",
                "v2.0.50727",
                "#Strings",
                "#GUID",
                "#Blob",
                "<Module>",
                "2024.exe",
                "Program",
                "Lime",
                "Keylogger",
                "mscorlib",
                "System",
                "Object",
                "host",
                "port",
                "registryName",
                "splitter",
                "victimName",
                "version",
                "System.Threading",
                "Mutex",
                "stubMutex",
                "System.IO",
                "FileInfo",
                "currentAssemblyFileInfo",
                "keylogger",
                "isConnected",
                "System.Net.Sockets",
                "TcpClient",
                "tcpSocket",
                "MemoryStream",
                "memoryStream",
                "bytesArray",
                "lastCapturedImage",
                "currentPlugin",
                "Main",
                "Start",
                "DeleteValueFromRegistry",
                "GetValueFromRegistry",
                "Microsoft.Win32",
                "RegistryValueKind",
                "SaveValueOnRegistry",
                "GetInfo",
                "StringToBase64",
                "Base64ToString",
                "StringToBytes",
                "BytesToString",
                "DecompressGzip",
                "SearchForCam",
                "GetForegroundWindowTitle",
                "GetHWID",
                "Plugin",
                "Uninstall",
                "HandleData",
                "CreateHash",
                "Send",
                "Connect",
                "Receive",
                "NtSetInformationProcess",
                "capGetDriverDescriptionA",
                "GetVolumeInformation",
                "GetForegroundWindow",
                "GetWindowText",
                "GetWindowTextLength",
                ".ctor",
                "System.Text",
                "StringBuilder",
                "ToUnicodeEx",
                "GetKeyboardState",
                "MapVirtualKey",
                "GetWindowThreadProcessId",
                "GetKeyboardLayout",
                "GetAsyncKeyState",
                "VKCodeToUnicode",
                "System.Windows.Forms",
                "Keys",
                "LastAV",
                "LastAS",
                "lastKey",
                "Logs",
                "Microsoft.VisualBasic",
                "Microsoft.VisualBasic.Devices",
                "Keyboard",
                "keyboard",
                "System.Runtime.CompilerServices",
                "CompilationRelaxationsAttribute",
                "RuntimeCompatibilityAttribute",
                "2024",
                "STAThreadAttribute",
                "Interaction",
                "Command",
                "Registry",
                "RegistryKey",
                "CurrentUser",
                "SetValue",
                "Thread",
                "Sleep",
                "Environment",
                "Exit",
                "ThreadStart",
                "Application",
                "DoEvents",
                "System.Diagnostics",
                "Process",
                "GetCurrentProcess",
                "IntPtr",
                "op_Explicit",
                "set_MinWorkingSet",
                "Microsoft.VisualBasic.CompilerServices",
                "Operators",
                "CompareString",
                "String",
                "Concat",
                "name",
                "RegistryKeyPermissionCheck",
                "CreateSubKey",
                "DeleteValue",
                "IDisposable",
                "Dispose",
                "OpenSubKey",
                "RuntimeHelpers",
                "GetObjectValue",
                "GetValue",
                "ConditionalCompareObjectEqual",
                "Conversions",
                "ToString",
                "get_MachineName",
                "get_UserName",
                "FileSystemInfo",
                "DateTime",
                "get_LastWriteTime",
                "get_Date",
                "Computer",
                "ServerComputer",
                "ComputerInfo",
                "get_Info",
                "get_OSFullName",
                "OperatingSystem",
                "get_OSVersion",
                "get_ServicePack",
                "Strings",
                "CompareMethod",
                "Split",
                "SpecialFolder",
                "GetFolderPath",
                "Contains",
                "GetValueNames",
                "get_Length",
                "Convert",
                "ToBase64String",
                "FromBase64String",
                "Encoding",
                "get_UTF8",
                "GetBytes",
                "GetString",
                "System.IO.Compression",
                "GZipStream",
                "Stream",
                "CompressionMode",
                "Byte",
                "set_Position",
                "Read",
                "BitConverter",
                "ToInt32",
                "Space",
                "Zero",
                "op_Equality",
                "Environ",
                "Conversion",
                "System.Reflection",
                "Assembly",
                "Load",
                "Module",
                "GetModules",
                "Type",
                "GetTypes",
                "get_FullName",
                "EndsWith",
                "get_Assembly",
                "CreateInstance",
                "DeleteSubKeyTree",
                "AppWinStyle",
                "Shell",
                "WaitHandle",
                "Close",
                "ConcatenateObject",
                "get_Chars",
                "Write",
                "ToArray",
                "System.Net",
                "WebClient",
                "DownloadData",
                "Path",
                "GetTempFileName",
                "File",
                "WriteAllBytes",
                "get_Name",
                "Exception",
                "get_Message",
                "ProjectData",
                "ClearProjectError",
                "NewLateBinding",
                "LateSet",
                "LateCall",
                "Boolean",
                "LateGet",
                "CompareObjectEqual",
                "OrObject",
                "ToBoolean",
                "Screen",
                "get_PrimaryScreen",
                "System.Drawing",
                "Rectangle",
                "get_Bounds",
                "get_Width",
                "get_Height",
                "Bitmap",
                "System.Drawing.Imaging",
                "PixelFormat",
                "Graphics",
                "Image",
                "FromImage",
                "Size",
                "CopyPixelOperation",
                "CopyFromScreen",
                "Cursors",
                "Cursor",
                "get_Default",
                "Point",
                "get_Position",
                "Draw",
                "SetProjectError",
                "ToInteger",
                "DrawImage",
                "ImageFormat",
                "get_Jpeg",
                "Save",
                "WriteByte",
                "RuntimeTypeHandle",
                "GetTypeFromHandle",
                "ChangeType",
                "System.Security.Cryptography",
                "MD5CryptoServiceProvider",
                "HashAlgorithm",
                "ComputeHash",
                "Monitor",
                "Enter",
                "Int32",
                "Socket",
                "get_Client",
                "SocketFlags",
                "set_ReceiveBufferSize",
                "set_SendBufferSize",
                "set_SendTimeout",
                "set_ReceiveTimeout",
                "Empty",
                "DirectoryInfo",
                "get_Directory",
                "<Receive>b__0",
                "ParameterizedThreadStart",
                "<>9__CachedAnonymousMethodDelegate1",
                "CompilerGeneratedAttribute",
                "get_Available",
                "SelectMode",
                "Poll",
                "Join",
                "NetworkStream",
                "GetStream",
                "ReadByte",
                "ChrW",
                "Char",
                "ToLong",
                "System.Runtime.InteropServices",
                "DllImportAttribute",
                "ntdll",
                "hProcess",
                "processInformationClass",
                "processInformation",
                "processInformationLength",
                "avicap32.dll",
                "wDriver",
                "lpszName",
                "MarshalAsAttribute",
                "UnmanagedType",
                "cbName",
                "lpszVer",
                "cbVer",
                "kernel32",
                "GetVolumeInformationA",
                "lpRootPathName",
                "lpVolumeNameBuffer",
                "nVolumeNameSize",
                "lpVolumeSerialNumber",
                "lpMaximumComponentLength",
                "lpFileSystemFlags",
                "lpFileSystemNameBuffer",
                "nFileSystemNameSize",
                "user32.dll",
                "GetWindowTextA",
                "hWnd",
                "WinTitle",
                "MaxLength",
                "GetWindowTextLengthA",
                "hwnd",
                ".cctor",
                "get_ExecutablePath",
                "OutAttribute",
                "user32",
                "GetProcessById",
                "get_MainWindowTitle",
                "DateAndTime",
                "get_Now",
                "get_ProcessName",
                "get_ShiftKeyDown",
                "get_CapsLock",
                "ToUpper",
                "ToLower",
                "get_CtrlKeyDown",
                "Remove",
                "WrapNonExceptionThrows",
                "_CorExeMain",
                "mscoree.dll",
                "eefg",
                "Software\\",
                "yy-MM-dd",
                " x64",
                " x86",
                "SystemDrive",
                "Software",
                "cmd.exe /C Y /N /D Y /T 1 & Del \"",
                "prof",
                "getvalue",
                "Execute ERROR",
                "Download ERROR",
                "Executed As ",
                "Execute ERROR ",
                "start",
                "Update ERROR",
                ".exe",
                "Updating To ",
                "Update ERROR ",
                "clear",
                "pradera.duckdns.org",
                "2054",
                "559b0f250b",
                "@!#&^%$",
                "TllBTiBDQVQ=",
                "0.7NC",
                "[kl]",
                "yy/MM/dd ",
                "[ENTER]",
                "[TAP]",
                "VS_VERSION_INFO",
                "VarFileInfo",
                "Translation",
                "StringFileInfo",
                "000004b0",
                "FileDescription",
                "FileVersion",
                "0.0.0.0",
                "InternalName",
                "LegalCopyright",
                "OriginalFilename",
                "ProductVersion",
                "Assembly Version"
            ]
        }
    ]
}