{
    "malware_data": [
        {
            "filename": "07dc592b34464b73d80f96d5420db973b2129357754b62a92484ae8bdbb6e2c3.elf",
            "filetype": "7F454C46",
            "filesize": "33KB",
            "hash_sha256": "07dc592b34464b73d80f96d5420db973b2129357754b62a92484ae8bdbb6e2c3",
            "strings": [
                "HFu8sfga",
                "M (40",
                "8M@H4P",
                "XM`h5p",
                "s{+[[",
                "cn7T",
                "KkNu",
                "hs7CX",
                "$W~!$",
                "Rk@l",
                "ook{so",
                "X@+/",
                "'WZ1",
                "FKOU",
                "_7cD0",
                "-KN7",
                "<`O2",
                "pOQs",
                "{Ch7.",
                "<Til",
                "? Qv",
                "+P{G#u",
                "\"uG|",
                "p?p;",
                ",23E",
                "_d2/a",
                "63=$!k",
                "|+9+,W",
                ";}}/",
                "?-gJ+",
                "-[m^",
                "@@xT",
                "yG@sk",
                "+,?/",
                "'G#?",
                "w7_6?",
                "D6 E",
                "D2QC",
                "Wu@tC",
                "o ng",
                "-?[*CkK",
                "{K#q",
                "3GwPr",
                "sosaS'",
                "7039",
                "wsjg",
                "7i0K",
                "1AWM",
                ".Gl3",
                "8{X;",
                "G@p{",
                "<`s2",
                "+R7+",
                "iC{:k",
                "=;^O",
                "'ZTK",
                "{dOh$",
                "WSSo",
                "8L@\"",
                "|\\{.",
                "/CW'E",
                "#0e_p0U`",
                "!U(S1",
                "%0<c,[",
                "_zwS",
                "Wop3",
                "=(45",
                "zKpO|",
                "OGom",
                "4d=Dt",
                "\\Mhl@",
                ",!O.|",
                "@P3 x",
                "M4850",
                "@0Y/ :O",
                "kPSP",
                "x;'[Y",
                "1$s[",
                "c]O#p",
                "]P7@u",
                ";wX7",
                "-nx_",
                "h70-",
                "R[8_",
                "Ds33",
                "'D6_",
                "X:R }",
                " P7g",
                "-0K\"",
                "K`U)W",
                "pSxWX",
                "_n#c",
                "{s+n",
                "7d#7",
                "?K6G\"6",
                "!+2 `",
                "F':K",
                "9GO7",
                ")S$A8",
                "]z B",
                "{SA;b",
                "OlsP",
                "?o0Q",
                "g67@$",
                "C(|k0&C",
                "` 4t",
                "~m<7",
                "2_Q;n",
                "'7S0`",
                "WU0+X",
                "x;-K",
                "\\S+P",
                "4Cs4M",
                "+S^C",
                "<k)u{",
                "%/k{",
                "Uust",
                "aH3G",
                "Dk??B",
                "c`7D;",
                "W0_/l",
                "D`C8",
                "O]'\"",
                "`S%a",
                " T:n",
                ";5?ko",
                "@VWg",
                ";lG[",
                "0DSSA",
                "}WP<",
                "? [R",
                "@#+%A`",
                "R_b}",
                "cP*@",
                "*+5s",
                "87vD",
                "/]o n",
                "p#b~",
                "i1'Q",
                "{k[/U",
                "`Eh;",
                " #;`",
                "1{W'",
                "?3a3Yg",
                "ADB\\",
                "' bw\"O",
                "0CTf",
                "k 0g\\S&",
                "0&_#",
                "L0CA",
                "c*D'sg",
                "F2m,",
                "ifkg",
                "`4_ ",
                "ZYiX",
                "VUiT",
                ">=i<",
                ":9=C",
                "65=[",
                "3M21",
                ";S3?",
                "O1r#",
                "puf+",
                "U,3SL",
                "=?B[5",
                ":7>?",
                "KC[P",
                "Hx[e",
                "#>0j",
                "3xAa",
                "1k` v",
                "T:G/",
                "Ax#P",
                "t0[YS",
                "K(D7",
                "[ok1",
                "#7:C",
                "KxC+",
                "7&/X",
                "'7H_",
                "(Xw*",
                "Xs\"n",
                "7d[EP0",
                "3oSv",
                "X/m{n",
                "V<k4",
                "suI.",
                "I'DN",
                "mc%V",
                "',\\S",
                "x?!k",
                "PBwE",
                "1#xC",
                "_1+'#",
                "P#f0",
                "~#@`",
                "nD3z;",
                "8u#4",
                "#(F+",
                "ChL,",
                "+?`\\p",
                "CD3pT",
                "C~#In",
                "|3Cc",
                " 4sK",
                "s*8W w`",
                "^*VO",
                "OOat",
                "?@>+",
                "\"_q=$%",
                "93CW",
                "b_%tS",
                ",@Xw",
                "QCk>",
                "-cDnC",
                ",K<0",
                "3b.[",
                "gP5o",
                "kO@#j",
                "01o`",
                "a\"Dcw",
                "3Dcj'",
                "mCN\"",
                "V'@x@",
                "7S$0",
                "P>/R! ",
                "M/Pa",
                "_;0G",
                "\\@`w",
                "3D(B",
                "#6 7",
                " +?_",
                ",C`X+[A",
                "o@X{\"",
                "!v/3",
                "tO#v",
                "Dr{h30",
                "5s.S",
                "@\\_:",
                "j'*`k(",
                "W[O*~",
                "+.CP",
                ".4S:",
                "kS8 ",
                "8H4H",
                "DM\\T4",
                "MXX4H",
                "aBS#X'",
                "&R'r(",
                ".!1]\"",
                "BOg<",
                "3HtCB",
                "Kp8A",
                "5cWWP",
                ")wTNO#O`",
                "Mc<kD",
                "Z7o\\",
                "tCX[",
                "(2c-#@",
                "#? IC",
                "Q)+t",
                "ks+`",
                "Cg<cN;",
                "Gs+S",
                "~tcpra",
                "_Licmp",
                "echo",
                "dpplain",
                "oc/sel",
                "f/exe",
                "maps",
                "n'@w__f",
                "qsfuf",
                "H['gozstb",
                "45.157",
                "E6MGAbI",
                "a@au*af8",
                "ssor",
                "sys/dev",
                "unknown ",
                "CAk[",
                "4.002021",
                "/proc/self/exe",
                "/proc",
                "/self/ex",
                "0\\MSA",
                "lSrn",
                "CUPX!",
                "40CZ",
                "Wm?U",
                "! 9+",
                "Pdoc^",
                "`4n'",
                "4kScO",
                "hC`g",
                "w;@bQ",
                "4`\\s",
                "/4&'}",
                "<4'82/V",
                "GCC: (G",
                "NU) 3.",
                "2 200",
                "ian pre",
                "leas",
                "strt",
                "exfs",
                "}roda",
                "ARM.",
                ">idx_eh_f",
                "rame3vbss?}_ar",
                ">jcr",
                "com9",
                "0'=p",
                "wh>'",
                "O,'6O",
                "eOvs",
                "sfga"
            ]
        }
    ]
}