{
    "malware_data": [
        {
            "filename": "5f2ae374b655ebcbf16907a4833668cd66a659de1c46f2ad64d61bb8e85f5ef8.elf",
            "filetype": "7F454C46",
            "filesize": "48KB",
            "hash_sha256": "5f2ae374b655ebcbf16907a4833668cd66a659de1c46f2ad64d61bb8e85f5ef8",
            "strings": [
                "OUPX!",
                "C7/ZF",
                "x</<",
                "**+f",
                "i4s:",
                "\"kty",
                "ccpc\\",
                "[iL)]l",
                "\\Hiq",
                "6%93\\",
                "*?p]^",
                "$LIB}",
                "<Q9S",
                "Kdsb3h",
                "uy[7D",
                "p>c3",
                "&Dk<}",
                "xG+,",
                " Z-y",
                "u'JyH",
                "E!)9]<o",
                "J-s\"H",
                "]P(E",
                "W`i`N",
                "o\\r$",
                "(P8N",
                "ySbd",
                "b.5)",
                "Cyym",
                "kuHi",
                "A~v]1",
                "Zmf]#",
                "k$49",
                "!9:!O",
                "u07U(",
                "n<(j",
                "5'fR",
                "oZ`x",
                "P<IZ3",
                "-RVE",
                "yl4s",
                "7^fQ(zm",
                "Zq&5",
                "AZ8s",
                "1j(O",
                "oRli5",
                "Npgjt",
                "kX#D",
                "25;5",
                "C<7?",
                "FqJC",
                "wA>@",
                "q >a3RG",
                "DKWU",
                "Wnl)@",
                "?.|DO",
                "5})h",
                "_o[`RQ",
                "3Y?rI,",
                " Uv7>=",
                "aNt1",
                "m2yke",
                "P?[~",
                "9 pGo_>",
                "Jll_",
                "z2w/",
                "Go4)",
                "dA-o",
                "I+kME1",
                "SXc9",
                "x$_~cl",
                "cHP ",
                "CkP)",
                "6hqa",
                "h'N0[",
                "3-e@P",
                "6rji",
                "eiy|",
                "-b'%",
                "&n$C",
                "a1lm",
                "S!O5\\",
                "+z:@ ",
                "FkoE`w",
                "Qapm;",
                "eO>D",
                "b<Rg",
                "MkX+]",
                ")MCrqU",
                "`sp*G",
                "wF>kk",
                "*vrK",
                "zi15",
                "1]VmG)",
                "BbzFsH",
                ")H1[",
                "bYX+",
                "8,oh",
                "UZ-Z ",
                "b3i_",
                "92yw",
                "fpY5",
                "t!F_o8",
                "5diY",
                ">sT(",
                "#23[",
                "#?kW",
                "FX@P(",
                "JAnA",
                "9iK<",
                "Y!K.*",
                "B'OMG,",
                "\\*^`",
                "vMGA#",
                "c&@F",
                "m{b>g[",
                "#V8t",
                "]9^`",
                "wbLp",
                "7T~x",
                "=MCr",
                "M_m`1x",
                "Z4Ci",
                "2xnV",
                "[8X5",
                "\\&N0{|",
                "3`@gd",
                "az`-",
                "ost(",
                "?u_.",
                "dYGr",
                "?`C5",
                "~D3k",
                " t!O)",
                "/y{l",
                "hJ~bEG/@",
                "k$}&",
                "VmTx",
                "'0#Q#O",
                "v^OD",
                "olwe",
                "@XDQN",
                "{_kn",
                ":7z)",
                ">02q",
                "!_Ep-",
                "KQ~i",
                "DH1!",
                "`$U8",
                "\"::1",
                "s/B[",
                " uf5",
                "<Y]A",
                ")Q[ue",
                "$9c#",
                "lkqzI",
                "*[=&vB+y",
                "y`66",
                "@s'XQvQ",
                "==NWh",
                "']gmo",
                "843M",
                "ms9l",
                "Q`~q0",
                "an(0",
                "A+g]",
                "KL`3",
                "9<u=",
                "Ic=1",
                "])L-",
                ",kH8mFA",
                "\\>k[",
                "0lGb",
                "DjE$-*L",
                "id<0",
                ":G\\~",
                "Ay$'q",
                "xL>o",
                "XkVDt",
                "gHM^",
                "q#xo",
                "iNa-",
                "Mq[M>x",
                "E75_Fu",
                "zQ^o",
                "_OHj",
                "q</^X",
                "1n\"F$6",
                "`53/`p",
                "VQ^,",
                "x)m5",
                "7gD[",
                "yM40",
                "{MYo",
                "N DQ",
                "c(Ep",
                "\"lL]",
                "rOlG",
                "\"BV+",
                "R]K6{",
                "r{tlk",
                "# e4",
                "I^QY",
                "mo.3",
                ";D0O",
                "`o9Y",
                "G\"W~a",
                "DR.r",
                "|R.>Q",
                "5Pp'",
                "bVdd",
                "q=Z^e",
                "5gE*",
                "(Ghx",
                "E{0C",
                "?*dJg",
                "0-O+2",
                "$0qS",
                "Onhp",
                "lG3u",
                "!pB}>Rb",
                ")csjE6",
                "j|'*Y",
                "II25",
                "R7|{=",
                ":+CD",
                "(s{5",
                "GDwt",
                "8w` ",
                "uyvd",
                "{PK/",
                "&Fr{",
                ":Vhr",
                "=_\\C",
                "bUw5",
                "`)IXz",
                "[NMCM8[4",
                "M(\"\"",
                "19 J7H",
                "=Yd!",
                "i}FE",
                "Q7sOF",
                "S!pLd",
                "9/i&",
                "dTtK4>Z,l",
                "&355",
                "l~oAZ",
                "/FxE`",
                "G?[C",
                "&wM#x",
                "Pe/3Dy",
                "|>N73",
                "F9Sm",
                "Kxi{z>",
                "_yY#",
                "S?vJ",
                "B,oTN",
                "aDU+cI",
                ";?r5",
                "Fg*8",
                "m5MoF",
                ",4o:",
                ":GPS",
                "d Hy",
                "[(vG(",
                "6a,$",
                "c4JYo",
                ">^=-",
                "THf@",
                "$xg!k[",
                "7/)x",
                "%%fN",
                "TJ(.",
                "VJN{6",
                ">i\" ",
                "ZXp ",
                "ec7k(",
                "!^Hz",
                "t2MN>",
                "J|Nf",
                "$fQ8",
                "aGP6",
                "\\i?f",
                "mmP0",
                "K{\\l XX",
                "DM:X",
                "&t4E",
                "6x_N",
                "j!DC",
                "%wlGT",
                "I9bPG&",
                "03l`",
                "gwia",
                "6,`7",
                "y;dm",
                "3J6k",
                "~%Bc~N",
                "f#M`",
                "v,&!",
                "\"g7V8E",
                "dlDN~",
                "#T~.",
                "WxB~",
                "'7nW",
                "r9yj",
                ":(!Upl",
                "Ht\\I.",
                "'kZ3<",
                "6EzA,H%3-",
                "635J",
                "&g_-",
                "=1(>r5",
                "c^~J'IVy",
                "?exC",
                "C[v]iyA9",
                ".U=M4,",
                " )P'",
                "O?5xz",
                ".Y:f",
                ";k6Y",
                "EV'k+)",
                "EK|\"",
                "8J=&",
                "+iM~Hw",
                "c@ZyU",
                "V5~!",
                "AP,Z*",
                "=w3_",
                "Gn#I-%",
                "PY`[",
                "Un z",
                "MJjE5",
                "Y>wUi",
                "zMH\"A{",
                "&.pA",
                "t1i1D5z",
                "HVyf",
                ":t&7",
                "HaTr",
                "&uk$",
                "a`^l",
                "?sV0/",
                "@EK7",
                "g#lyz0",
                "'@U@x",
                "RkaK",
                "::D;",
                ";fPs",
                "EOz%",
                "$=o)O",
                "btXY",
                "Pb )",
                "PROT_EXEC|PROT_WRITE failed.",
                "$Info: This file is packed with the UPX executable packer http://upx.sf.net $",
                "$Id: UPX 3.94 Copyright (C) 1996-2017 the UPX Team. All Rights Reserved. $",
                "5n9#",
                "]=2)",
                "%b')",
                "/Cw@Z&",
                "9e(1",
                "xjqX",
                "/Vv<",
                "-zL0U",
                ":LM'",
                "~!'\"?",
                "gn;>",
                "`dOW",
                ">G\"V",
                "G0KT",
                "o9ruVu{",
                "A3Zp",
                "5(Ix5",
                "[NI.",
                "[zu%Z",
                "b/h>@%",
                " ;\\4",
                "+Ofp",
                "=c[*",
                "&[NE",
                "/|Wdm",
                "E]Xl",
                "x=o\\",
                "V+dN",
                "sX+Uq",
                "tz}bv",
                "=&*9",
                "8a|F",
                ":9[\\",
                ".7;y",
                "B=2=F8g",
                "d-V~e",
                "oQMeeq",
                "V$p&",
                "G}i4",
                "5=Fa0Ej",
                "_IfH%",
                "`Y(53",
                "$?WA?",
                "_5*J:S",
                "j6oB",
                "]0 <;",
                "Vb}2",
                "lu\"K",
                "E'zb",
                "548'",
                "?*^~",
                "L-V~&jm",
                "\"Iv7>|",
                "o7,/",
                "?H<y",
                "?UxOm",
                "\\er6X",
                "V5,x",
                "3cZ[$",
                "<9m=g",
                "a99<",
                "\"}J,",
                "Bd+p",
                "c/'U",
                "riSY",
                "}]DT",
                "*o'/I",
                ";RQ3&",
                "^KAq",
                "I:dDK",
                "6 n[x",
                "K@p0",
                "^9Ij",
                "qa 8",
                "]h?2",
                ":Wz#",
                "$_\"y",
                "Pw[X",
                "N;0P1y",
                "0O3o",
                "k/$2",
                "Wic#",
                ":o0sb",
                "P Y$",
                "LtJ Nk&",
                ";{}K",
                "lwbN",
                ";s2Wf1",
                "?A3(",
                ",1n*",
                "p?JE>",
                "wartKQ",
                "~~j9+%7",
                ")AYy",
                "QoT/+",
                "}V^u",
                "7-\"/",
                "tBXP",
                "FR?Q",
                "UpLTU[d",
                "1i 9",
                "O:):/",
                "iA#T",
                "Tc9M",
                "{r>E",
                "]<<Y;&",
                "S0]+",
                "%!Yuw",
                "R:EP",
                ":8zg#{$",
                "&!Ol",
                "RL{N",
                "vwX5",
                "ecel",
                "Bx4k",
                "%CEl",
                "{N,{",
                "'<'w",
                "Q3QD",
                "JU%j",
                "JZZX",
                "+n<RB",
                "#sg>w",
                "18A N",
                "/@'*",
                "YcjYhTF9",
                "^hb;",
                "RnJR",
                "Hf2c",
                "q-\"u~b",
                "#S{s",
                "Oem@U%",
                "7CG0",
                "gQ0O#",
                "i559m",
                "p$~\\}",
                "I6VJfi",
                "YXhd",
                ";n9xoT",
                "WS/M",
                "|xa2",
                "7jJ*",
                "M x>",
                "c$a\\t",
                "$&Eh",
                "?(@u6`",
                "[4T#",
                "JVp8",
                "*NAn",
                "#dT5",
                "q`^V\"",
                "ABtF",
                ")2qAQ",
                "#F%`",
                "e;Z_\"B@",
                "_RZI",
                "Sh90Du",
                "lsU&",
                ":;\"G{",
                "\\09S/",
                "70*>lY",
                "oi70",
                "f|0Q",
                "7]R0",
                "V_%u",
                "{b;{",
                "kGq{@",
                "z#4VA",
                "Yi'u",
                "<|\"B",
                " y!T",
                "'_lTl..",
                "q|x~",
                "7naHj",
                "*\\oz3t",
                "kp&28",
                "/1v4}",
                "XW\\=",
                "[FuyQ",
                "Rd6d",
                "HZ*N",
                "#}-7",
                ",0D.E",
                "T*EQ",
                "T8r-}'",
                "A.:ev",
                "p*SS*",
                "f3)W",
                ":?9Syzf",
                "Rg$A!D",
                "5[7&",
                "UPX!"
            ]
        }
    ]
}