{
    "malware_data": [
        {
            "filename": "6171ae2156b798acdef94ecc13a819a81d1b2429d303457183759fcb347abc6a.elf",
            "filetype": "7F454C46",
            "filesize": "19KB",
            "hash_sha256": "6171ae2156b798acdef94ecc13a819a81d1b2429d303457183759fcb347abc6a",
            "strings": [
                "sfga",
                "/pn%",
                "bnkn",
                "wo 3",
                "p;2G",
                ",;(@",
                "3&O `",
                "w;, ;",
                "G`!8",
                "7BHO",
                "!m{o/# ",
                "sO/O",
                "rXs ",
                "5M@<8",
                "r4WRw",
                "iLHD@",
                "={_(-B",
                "0}B(C",
                "E#wg",
                "B.SS",
                "Bc\"7O",
                "0DS/",
                "3;/7",
                "=7$l",
                "/n4g|@",
                "`\\XT",
                "8<@D",
                "yWc0z",
                "HtsDG'$",
                "+g8r]O",
                "3${/",
                "N.\\.8",
                "lYOS",
                "0kOR",
                "zj'[",
                "#Q$B",
                "+@BPK",
                "'8RG;eP",
                ";.\\$",
                "gB0/",
                "`7[t",
                "a3wQgO",
                " WO/",
                "C/ D",
                "#00&0",
                "}Wo'",
                "O3;'",
                "(A&c",
                "Cp5t",
                "u'p ",
                "TSc=",
                "?3Vwg",
                "uZ7bwK",
                "X?!0",
                "(kw$",
                "jjo'",
                "\\\\do",
                ">D&a",
                "VH-,",
                "]}Aw",
                "xs\"`",
                "eP;0",
                "<ON ",
                "<-RB4;\\6",
                "bRc 7",
                "cc4Xj",
                "|'<#`",
                "xK|gi",
                "?Ja;",
                "RccS",
                "[+'vg",
                "MFt*'",
                "Z#3'i",
                "!0_/",
                "hsOO0C",
                "/g$7",
                "o W(",
                "\\(A{\"",
                "o@`G",
                "$BC/",
                "_~#,",
                "{$;a",
                "oNs0",
                "o@#h0",
                "?G06",
                "@p3c",
                "N {,",
                "D&#i",
                "8`.;",
                "'70 ",
                "{AK7",
                "o>$,z",
                "*Umo",
                ")f'@",
                "!Q(N",
                "d'%3",
                "+1w{oE0",
                "s!0g",
                ";# &",
                "kO^\"",
                "OV<2",
                "I5aC",
                "}o! ",
                "OAjQ",
                "Kg{B$",
                "E<CKC",
                "C/_/ ",
                "+pZ9;",
                "+!g+",
                "8#N_",
                "&# F",
                "<gfJ",
                "9jc[",
                "^k#?I",
                "<mNc",
                "c\"oz",
                "q&cG",
                "CR0!;",
                "6#(F",
                "1&#5",
                "n4{M",
                "2T0K",
                "Dl{u??",
                "B N+",
                "%7Ls",
                "gogc",
                "w`$|",
                "RoD'",
                "5b?'p",
                "p,PrG",
                "\"^`p",
                " S o",
                "'dO`",
                "@g$&",
                "!!3Gg",
                "X\"Lp",
                "n9+[",
                "+b,_D/",
                "0,Pw",
                "8hGV7",
                "ss1B",
                "+#RX",
                "# 4S",
                "O(gF",
                "s'Q8",
                "A $$(",
                "k,K(",
                "8<K8",
                "<KX'X",
                "HPPf",
                "DDLL",
                "2H<7D#",
                "s'G'",
                "Kcos",
                "'cT'",
                "\"-/Ck",
                "#['W",
                " #w{nk",
                "gs`pB",
                "k% G",
                "$7?coU",
                "0z=n",
                "w[.u",
                "8ocT",
                "wB)k",
                ";{D!",
                "e,(c",
                "NX_ ",
                "+(E'",
                "PcGn",
                ".tcpraw",
                "icmpecho",
                "udpplain",
                "ooVoc/?/fd/0G/dev",
                "b}uQ",
                "Qqsfuf",
                "stbot",
                "45.157",
                " null",
                "gu&}}",
                "qE6MGAbI",
                " gM;",
                ".{`!?",
                "CAk[S",
                "u[l6",
                "O@O Xc",
                "Y7tG",
                "w,??",
                "H8SI",
                "\\sp|",
                "{`W'w",
                "0wp{",
                "PROT_EXEC|PROT_WRITE failed.",
                "4.002021",
                "$!(`",
                "/proc/self/exe",
                "!Pf!H",
                "?#(S",
                "<UPB4",
                "QX(@",
                "Q K7",
                "*g1&$",
                "RoK]",
                "G[BG",
                "CFkn",
                "$oK'",
                "f[#H\"",
                "+Eo'",
                "cku/{gn",
                "[-Xs",
                "f\"GG",
                "d&+C",
                "GCC: (GNU) 3.",
                "?(_a",
                "P<_<(",
                "_ H?e",
                " I?dd(",
                "0M?PM",
                "^dCQ",
                "`f?:`\\",
                "h_p?",
                "r8 pe",
                "wPR/",
                ".shstrtab",
                "reginfo\\",
                "ittexf",
                "oda#",
                "ctors",
                "go3sbs",
                "commen",
                "aC[';",
                "!I  "
            ]
        }
    ]
}