{
    "malware_data": [
        {
            "filename": "66141a438dd5b17117400a2f075e8710575c652368493c5d2bb4a9c38cba17d1.elf",
            "filetype": "7F454C46",
            "filesize": "52KB",
            "hash_sha256": "66141a438dd5b17117400a2f075e8710575c652368493c5d2bb4a9c38cba17d1",
            "strings": [
                " NUPX!",
                "hbUv",
                "`QVy",
                "XK7v@",
                "G73K",
                "j(IY",
                "Vp=x",
                "KEs9jP",
                "H?K_<5",
                "{s0U",
                "cTut",
                "zuf7",
                "Z1-C>y",
                "~.Rc",
                "BNv?T",
                "D<0x",
                "i1V8",
                "|Dcb",
                "P@w`",
                "4U*:",
                "/N!ua",
                "fjeV",
                "!Y[(",
                "AU+~",
                "~D9\\",
                "4;#+_\"",
                "ausB",
                "7Dzp",
                "RU9/",
                "87\\O",
                "^f[;",
                "g2]W",
                "|% ~1\\C",
                "z^Jaf",
                "Lqu5",
                "yFoA9",
                "m;tQ ",
                "&T6G",
                "N*?h6V",
                "$Ei`",
                ":2l4",
                "kU{@",
                "rKIB",
                "d`S3",
                "j8LE",
                "iLd)",
                "q[;0y",
                ".3~|",
                "<;.BcS$c_G~",
                "sluh",
                "<}dY",
                "'CaH",
                "Lc5p",
                "0e+1",
                "6Tt+",
                "!V7c",
                "<-n*",
                "F]nL",
                "mP&}",
                "h{Vs",
                "c2Jg",
                "9Lj\\Y",
                "*HD,",
                "O4vU",
                "/Idf",
                ">I.,8",
                "LrWW",
                "NR?8mL",
                "AdyG",
                "7e :",
                "LM{k",
                ":Q1p",
                "oRoF,",
                "!MQ)",
                "T.}V",
                " fT!",
                "OY7u}",
                "O}f0",
                "r$Tn",
                "pV t",
                "qcJim8",
                "#J{A",
                ",Q!~",
                ":+!O",
                "2~2[",
                "R)P-\\",
                "NF-\"",
                "q~ .",
                "_<@L",
                "VwuN",
                "{IP=u",
                "*cK-",
                "X,=&PN",
                "g:ffNy",
                "9E=(",
                "xc%e",
                "lr+&",
                "tK>Y",
                "Tza*",
                "19Kj",
                "KVUJ",
                "px.m",
                "]1aj",
                "V)>X$",
                "mhR9>",
                "\\B(`N",
                "T _t",
                "8r'p",
                "5xwq",
                "lw^c",
                "t)-rmM",
                ",i2b",
                "$A*0",
                "yD-k",
                ")0Z\\",
                "$dAJ",
                "e&6Q",
                "SZ=X(C",
                "G#LP",
                "r%[fo",
                "vS*d",
                "\"2j~",
                "7HDp",
                "RN)eU",
                "]i0*",
                "Fu8P.",
                "9(>?v",
                ":4Wa",
                "4\\k8w",
                "k|sEy",
                "8c(Hi",
                "kMCB",
                "rVF/g_n",
                "_-fj",
                "ef8bG",
                "sZ3n",
                "yv>~",
                "<1&r",
                "9Ba8h=",
                "BQe.km,",
                "Rrki",
                "'@f.",
                "*kbI",
                "J6rQ",
                "Rr_D",
                "7lo}",
                "w!x9bYf",
                "Kdqw(",
                "Qf!+|",
                ":<<~D",
                "MZl=",
                "y*O;8y5",
                "*wK!",
                "*t\"uE",
                "ge<GE",
                "nq,L",
                "&Wn-",
                "-b%2",
                "v[3v\"[o",
                ".(W(",
                "j$(`z",
                "mK']e]",
                "IC[MB*",
                "e5TY",
                "m|\\:",
                "WD_+",
                "Tiv,",
                "U@\\.n",
                "B=N1",
                "?H_/@",
                "Tx8nnH",
                "P&&lb",
                "LZk1",
                "Hc<Q",
                "5k0!V",
                "!8JF",
                ")Fm\\",
                "PS*'&",
                "z'-(",
                "{vke",
                "3Tj&",
                "{s/=b",
                "kaTs",
                "OhFLm",
                "J`T@",
                "y-lFc",
                "G!b>o",
                "2~2Acv",
                "TCt1",
                ")\"|Pi",
                "?7OZ",
                ")y,RA",
                ",5Ae",
                "8XS5",
                "nWU7",
                "6mZ+",
                "\\^2rG",
                "<?_Y)",
                "KEXI|",
                "e>Gm",
                "mMK)=",
                "S[(W",
                "j=XS",
                "]Rv\\",
                "R45Pu",
                ";ssS",
                "lJwj+",
                "|lkp",
                "Qkb_r",
                "W'Un",
                "qn74",
                "'w<B",
                "}xVh",
                "e*VA",
                "/>}b|",
                "E+1G",
                "O\\(_v",
                "I~]$",
                "asW\"Ky",
                "SKIzo",
                "r4S?Et",
                "lCnh",
                "TeuHh",
                "9$7j",
                "\\0=NI&",
                "bduvs",
                "&*~I",
                "UU LXc",
                "xI6K",
                "]44E",
                "E6IS",
                "bXc ",
                "IJ| ",
                "Mkgrq;",
                "5lgcBTF6f",
                "7F\\*",
                "N7m4",
                "o\\&X{",
                "e<Y/",
                "y`-'",
                "OL2aN7",
                "!2sK",
                ")y~k",
                "a-W@U",
                "n|S+1J",
                ">pGU",
                "4.}SG",
                "yqO{",
                "{!o>2",
                "37o0",
                "hnaH!",
                "SykUT",
                "i*TqYe",
                "MDpV",
                "<Mbw",
                "a,R+",
                ">Zv#",
                "}iKX",
                "M#HM",
                "9+rt",
                "3_cMn",
                "%x6,j",
                "iiu1F",
                "dhYVH",
                "{7!&",
                "rq &h",
                "3~lT",
                "`&fOsbj8",
                "03o-",
                "&}z~gfR",
                "$3(Z",
                "~/zL",
                "7JF>",
                "'3A.",
                "7&#EYW",
                "q1C=",
                "7^CL",
                ":a~A{",
                " {\"h",
                "I!{c6",
                ";10C",
                "8u64E&",
                "s:+#",
                "k\\W%",
                "*LjKQ",
                "e#cG",
                "Av?HGG",
                "|ypgxZ",
                "/d)r",
                "ey8R",
                "HR%j",
                "7W57",
                "iG{~",
                "NC*}",
                "dN=>^$",
                "- Qay",
                "],?8",
                "(v`g",
                "$\"cs",
                "GaW(eB",
                "EM0g)2",
                "Dbt!M",
                "3+Ii",
                "hJ5?",
                "3=@hjL",
                "&x|Y",
                "h\\T2",
                "Y*MtQ{(;",
                "<(+A",
                "oPaNI",
                "yJo ",
                "P(Zn",
                "y6X?n",
                "l>6J",
                "|r\"{",
                ";Y'`",
                "sw=Y",
                "c#C)m",
                "\\k8+H",
                "bA-s",
                "Aq2n",
                "HSD[Pb",
                "[&}'%",
                "XB6qi k~qC",
                "HQ1a",
                "4%JPI",
                "mYXD",
                "5AjFY",
                "e*\\-",
                "[@iZ",
                "w9fh",
                "B-=;)",
                "!=K]#",
                "jcN2k",
                "iY1[",
                "b8KB",
                "J\\Ly",
                "kD r",
                "=4\"TG",
                "bjsS",
                "1Kj&(-",
                "yEJ8",
                "X}e6",
                "M0=;",
                " :Ri",
                "GqL]",
                "n^TO",
                "Q|clnI$",
                "47]{",
                "#c%Z!(",
                "w}B:",
                "f@*>",
                "_y>CTp",
                "ELJIIr{",
                "mO74",
                "!-Pmj",
                "_S+'",
                "M9U|",
                "L[]1}",
                "rD3`pU",
                "Qh-.",
                "~P%v",
                "0W|V",
                "Tzin",
                "AWM@",
                "5B:9",
                "caHW",
                "@MV'",
                "@\" O-",
                "}Jbg",
                "5y9R",
                "mI|=",
                " 69!",
                ">KHC1",
                "\\(P)",
                "bK58L{",
                "*79|)(",
                "@y_}",
                "AsHQ",
                "ykqI-Tw",
                "Pb )",
                "PROT_EXEC|PROT_WRITE failed.",
                "$Info: This file is packed with the UPX executable packer http://upx.sf.net $",
                "$Id: UPX 3.94 Copyright (C) 1996-2017 the UPX Team. All Rights Reserved. $",
                "5n9#",
                "]=2)",
                "%b')",
                "/Cw@Z&",
                "9e(1",
                "xjqX",
                "/Vv<",
                "-zL0U",
                ":LM'",
                "~!'\"?",
                "gn;>",
                "`dOW",
                ">G\"V",
                "G0KT",
                "o9ruVu{",
                "A3Zp",
                "5(Ix5",
                "[NI.",
                "[zu%Z",
                "b/h>@%",
                " ;\\4",
                "+Ofp",
                "8FI+*",
                "7W)d",
                "zq!9",
                "\\P[qp",
                "2K{P",
                "ENM2",
                "\"RPt",
                " IO9",
                "Ru[Gc",
                "QNV k",
                "{As=",
                "N[=|",
                "r+e*",
                "8LDN",
                "pb4Z",
                "+{1V",
                "reG8G",
                "{5p#<",
                "RQZgR",
                "xs=0nRLK",
                "EPiS",
                ")/y(8QM`",
                "n8%+U^",
                "T%'q",
                "_`).",
                "X#uM",
                "C\"+;",
                "&Z\",p",
                "|Pnma",
                "ZV;zC",
                "Hf$KO{",
                ":1TB",
                "*nTb",
                ".k<;",
                "vb.mq",
                ")|yT<&",
                "MD2J",
                "E\":0'B",
                "oja1)",
                "d,rx",
                "21Rt",
                "Z8D\\",
                ")V:hL",
                "A$11d",
                "TC<W",
                "3qce",
                "5I_6",
                ":jV.",
                "_zj~;v",
                "dZfW",
                "{@*[",
                " 'o&",
                "PQE0d",
                "?BuIa2",
                "W7\"t",
                "^&?S",
                "J4Cu3",
                "N0@6",
                "8ikD\\",
                "YNM'",
                "H,9)",
                "P~Rm",
                "n=e1",
                "esde",
                "r^{.",
                "joF=>~w",
                "syM=",
                "g\"q+",
                "FcFw",
                "1C6:",
                "7c,j",
                "dr9V",
                "e=GB",
                "_>%P",
                "y+fC",
                ";<G%-",
                "O?->",
                "ed]G",
                "|09{P",
                "\\'pt",
                "~A!K",
                "N+roZ",
                "0dDDH3",
                "NCQVh",
                "'j'BX#>",
                "GK!]",
                ")*uDw",
                "7Kms(",
                ")*UH",
                "Sdr}",
                "n*zwdADII]Z",
                "`>%F",
                ")h/#_",
                ".wbO",
                "jSdh",
                "\"V?A",
                "\\WS0",
                "{;e.M",
                "i?cv",
                "1-)`z3",
                ",6Ol",
                "XejK\\",
                "U7y6B",
                "`o:7",
                "`Kexl",
                "+S,2",
                "qzbe",
                "w*t+",
                "%-o]@",
                "T#a\\",
                "4u+D-b",
                "qu_5Z4",
                "<jzf",
                ".Doyc5) ",
                "~.$r",
                "H?6`",
                "x5t5",
                "~]\"X",
                "7cuv",
                "y8=B $",
                "L_dId",
                "]HJ&C",
                "CM$}",
                ")ms{",
                "=>7of",
                "tLfA",
                "s!> ",
                "BjWu",
                "#'\"@",
                "m8et>/",
                "Ahxq",
                "UXHM7YUL",
                "oHM]",
                ";MxDc",
                "`\\CV",
                "wq]b",
                "}AT:Ws",
                "r.<\\",
                "sx\\e-H|",
                "D;(:",
                ")R!u",
                "NH$k*{",
                "`#1\\",
                "4Uwp",
                "4}+5",
                "sj?#",
                ":Y<!",
                "yXYH_`",
                "GXvl",
                "JjD`j",
                "o}/,",
                "'Vi8-h",
                "Z%~c",
                "7Qk_e",
                "($x(",
                "(kie",
                "nAdI",
                ".1\"^",
                "$6_&x",
                "v4.%",
                ";r=C",
                "c*m\\",
                "y4eD",
                "a3c_",
                "BF(F/V",
                "JyLr",
                "l\"!^P",
                "~^pp",
                "gsx0",
                "rvWo",
                "!Eic",
                "&skN",
                "p\\n;",
                ">'[:",
                "m-s_",
                "&S]p",
                "`pM[",
                "Y?Q#_",
                "\"eSg",
                "B#Z.",
                "DsLR",
                "ZYJf|",
                ",Me*K",
                "ooLM",
                "6v+!",
                "^.DE",
                "_vN\\",
                "Efp.z",
                "uK{pR",
                " V7-",
                "?<T[l",
                "q9[q&",
                "}wJV",
                ":*$-",
                "$&6]",
                "]S>#",
                "Nk{T",
                "MId\\",
                "z)py",
                "keZ!w",
                "UPX!"
            ]
        }
    ]
}