{
    "malware_data": [
        {
            "filename": "66de0381a4186a04dd7c52d8110a4d41f695a1395c78006fe6ce9a6e72e2896e.elf",
            "filetype": "7F454C46",
            "filesize": "68KB",
            "hash_sha256": "66de0381a4186a04dd7c52d8110a4d41f695a1395c78006fe6ce9a6e72e2896e",
            "strings": [
                "/lib/ld-uClibc.so.0",
                "libc.so.0",
                "ioctl",
                "stdout",
                "recv",
                "connect",
                "memmove",
                "snprintf",
                "getpid",
                "fscanf",
                "prctl",
                "memcpy",
                "readlink",
                "system",
                "malloc",
                "__udivsi3",
                "sleep",
                "recvfrom",
                "socket",
                "select",
                "readdir",
                "fflush",
                "ftruncate",
                "send",
                "freeaddrinfo",
                "abort",
                "pipe",
                "accept",
                "calloc",
                "write",
                "kill",
                "bind",
                "__umodsi3",
                "inet_addr",
                "setsockopt",
                "dprintf",
                "strstr",
                "flock",
                "signal",
                "read",
                "strncmp",
                "strncpy",
                "unlink",
                "sendto",
                "realloc",
                "fork",
                "__aeabi_ldiv0",
                "__uClibc_main",
                "strdup",
                "fopen",
                "memset",
                "__div0",
                "srand",
                "__aeabi_uidiv",
                "fclose",
                "ntohs",
                "getppid",
                "time",
                "opendir",
                "sprintf",
                "getsockopt",
                "getaddrinfo",
                "stat",
                "__aeabi_uidivmod",
                "__errno_location",
                "exit",
                "__modsi3",
                "atoi",
                "__aeabi_idiv0",
                "__muldi3",
                "strlen",
                "clock",
                "strchr",
                "__data_start",
                "setsid",
                "closedir",
                "fcntl",
                "free",
                "getsockname",
                "_edata",
                "__bss_start",
                "__bss_start__",
                "__bss_end__",
                "__end__",
                "_end",
                "JR**",
                "@ #!",
                "http://",
                "https://",
                "0123456789abcdef",
                "d1{b6>",
                "/proc/%d/exe",
                "/proc/%d/stat",
                "%*s %*s %*s %*s %*s %*s %*s %*s %*s %*s %*s %*s %*s %*s %*s %*s %*s %*s %*s %*s %*s %s",
                "/proc/",
                "/tmp/encoder",
                "/ (deleted)",
                "/home/",
                "/compress/bin/",
                "/compress/usr/",
                "/usr/local/",
                "/usr/java/",
                "/usr/libexec/",
                "/usr/sbin/",
                "/usr/bin",
                "/usr/lib/",
                "/html/home/webserver",
                "/opt/app/",
                "/lib/systemd/",
                "/snap/snapd/",
                "/system/system/bin/",
                "/gm/bin/",
                "/mnt/mtd/",
                "/z/zbin/",
                "/dvr/",
                "/z/bin/",
                "/z/secom/",
                "/bin/",
                "/data/module/jdk",
                "/db2/",
                "/db/",
                "/data/",
                "/run/",
                "/proc/%d",
                "reboot",
                "lets.lock",
                "abcdefghijklmnopqrstuvwxyzABCDEFGHIJKLMNOPQRSTUVWXYZ0123456789",
                "`abeqhp",
                "e5war1}3g7=o",
                "jaskvejcapagl",
                "ravpa|61aopow567",
                "skk`}",
                "skk`}5543",
                "n5+[2w.s",
                "sefnpei",
                "a54e`g7=",
                "etm|",
                "ja||e`imj",
                "}5j6mjg*gki4311",
                "n5+[3w|s",
                "pahagkie`imj",
                "e`imjpahagki",
                "41=EjoN",
                "OHDQLa^4",
                "5057<<",
                "llllll",
                "5555",
                "e`imj5670",
                "E`imjmwpvepkv",
                "e`etpag",
                "ffw`)ghmajp",
                "JQHH",
                "tev4p",
                "gefhagki",
                "tkmjpkbweha",
                "mgepgl==",
                "@KGWMW[ETT",
                "7gki",
                "japktme",
                "Gleiahakj",
                "K|lhsWC<",
                "W6bCuJBw",
                "cqawp",
                "56701",
                "5670",
                "pwckmjckj",
                "wkhkoa}",
                "pahjape`imj",
                "567012",
                "644<4<62",
                "5445glmj",
                "|g7155",
                "rm~|r",
                "lc6|4",
                "lqjp131=",
                "jbhagpmkj",
                "tewwskv`",
                "teww",
                "p4pehg4jpv4h0%",
                "~h||*",
                "|il`mtg",
                "ohr567",
                "ohr5670",
                "w}wpai",
                "msof",
                "44444444",
                "smj5`ksw",
                "jaswlaaj",
                "jaskvejca<<<<<<<<",
                "jaskvejc",
                "phNstfk2",
                "rwpevgei6451",
                "64514246",
                "lmormwmkj",
                "rl`5642",
                "UsawpI4`ai",
                "bm`ah567",
                "weiwqjc",
                "atmgvkqpav",
                "e`imjDimimbm",
                "`eaikj",
                "wqttkvp",
                "3qnIok4e`imj",
                "`rv61<4666",
                "lectkhi5",
                "r6itvp",
                "hNstfk2",
                "6455rwpe",
                "@57ll_",
                "|il`tmg",
                "pahjap",
                "seck",
                "glmje567",
                "fddldlfb",
                "nqejpagl",
                "10765",
                "222222",
                "^pa165",
                "lm715<",
                "nrf~`",
                "ejok",
                "qfpj",
                "wkhm`fhqa",
                "e`imjth`p",
                "<`76b<0=20effg3e24=3a07",
                "a<lkia",
                "Ehtlejapskvow",
                "svcj04[`hsfv[`mv251n",
                "5e`imj4",
                "hpagh0v4",
                "g}peqwav",
                "eppe`imj",
                "7the}",
                "^\\@WH",
                "fe}ej`wh",
                "vkkp",
                "7:7z#%z3-",
                "6; z#%z3-",
                ":217 10",
                "=3< t0=0t= 't>;6",
                "'<188",
                "1:5681",
                "'-' 19",
                "{6=:{6!'-6;,t",
                "nt5$$81 t:; t2;!:0",
                ":7;&&17 ",
                "5''#;&0",
                ";3=:",
                "1: 1&",
                "8=:!,'<188",
                "{1 7{&1';8\"z7;:2",
                ":591'1&\"1&t",
                "7;::17 =;:nt?11$y58=\"1",
                "771$ nt 1, {< 98x5$$8=75 =;:{,< 98",
                ",98x5$$8=75 =;:{,98o%idzmx=9531{#16$x~{~o%idzl",
                "771$ y",
                "5:3!531nt1:y",
                "x1:o%idzl",
                "'1 7;;?=1|}",
                "&12&1'<n",
                "8;75 =;:n",
                "'1 y7;;?=1n",
                "7;: 1: y81:3 <n",
                " &5:'21&y1:7;0=:3n",
                "7<!:?10",
                "7;::17 =;:n",
                "'1&\"1&nt0;'5&&1' ",
                "'1&\"1&nt78;!0285&1y:3=:,",
                ";.=885{azdt|",
                "57=: ;'<ot",
                ": 18t",
                "tedzbot&\"nfazd}t",
                "17?;{fdeddedet",
                "=&12;,{fazd",
                "tedzbot&\"nfezd}t",
                "=&12;,{fezd",
                "tedzbot&\"nf`zd}t",
                "=&12;,{f`zd",
                "edot&\"nggzd}t",
                "=&12;,{ggzd",
                "{$&;7{",
                "{ 9${",
                "{1,1",
                "{$&;7{:1 { 7$",
                "{7908=:1",
                ";!&71t",
                ":3=:1t",
                "!1&-",
                "7;: 1: y",
                "-$1nt5$$8=75 =;:{,y###y2;&9y!&81:7;010",
                "=:0;#'t",
                "tedzdot",
                "b`}t",
                "$$81",
                "= {agczgbt|",
                "xt8=?1t",
                "17?;}t",
                "<&;91{aezdzfcd`zedgt",
                "525&={agczgb",
                "<&;91{afzdzfc`gzeebt",
                "tbzeot",
                "= {bdezczct|",
                "1&'=;:{mzezft",
                "525&={bdezczc",
                ";.=885{`zdt|7;9$5 =681ot",
                "tmzdot",
                "tazeot",
                "&=01: {azd}",
                "tbzdot",
                "&=01: {`zdot",
                "cz`ot",
                "5 <zgot",
                "eotz",
                "tgz`zaggbdot",
                "b`ot1:y",
                "&5#81&ot",
                "10=5t",
                "1: 1&t",
                "tazd}",
                "5 <zfot",
                "t`z`zalcmmot",
                "&=01: {azdot",
                "&;0!7 '}",
                "=:b`ot,b`}t",
                "<&;91{bfzdzgfdfzm`",
                ".shstrtab",
                ".interp",
                ".hash",
                ".dynsym",
                ".dynstr",
                ".rel.dyn",
                ".rel.plt",
                ".init",
                ".text",
                ".fini",
                ".rodata",
                ".ctors",
                ".dtors",
                ".dynamic",
                ".got",
                ".data",
                ".bss"
            ]
        }
    ]
}