{
    "malware_data": [
        {
            "filename": "1edeba46bdc9160a174fd13395a64e3fde382392effeb6a3ba5dd340d622feb0.elf",
            "filetype": "7F454C46",
            "filesize": "33KB",
            "hash_sha256": "1edeba46bdc9160a174fd13395a64e3fde382392effeb6a3ba5dd340d622feb0",
            "strings": [
                " NUPX!",
                "1x9h",
                "=60$",
                "#p\"_",
                "|/^M",
                "dU*$",
                ":19I",
                "MW~bEZ",
                "bUET",
                "N;(g",
                ">$\"c",
                "m#~W",
                "4gT&",
                "#p'K!g",
                "e{5II",
                "o\"ud",
                "Y6xV",
                "2MM9",
                "(0,@J",
                "6+s2",
                "uwE[",
                "|b;U",
                "h2\"6",
                "_#oq [",
                "=zagA",
                "Ixd!",
                "-9V[",
                "4&xA^L",
                "iQ +",
                "K;a+",
                "(QrU",
                "\\~l<wcw",
                "8JT9",
                "iV,lB",
                "Z%ri",
                "?#1JD",
                "FZ>O S?Va>",
                "y53w",
                "%RsJ",
                "+\\9W[",
                ",vyy",
                "`aMh5",
                "*p.,",
                "&[Mg@Y",
                ">B8N#",
                "LOV{",
                "WC|2",
                "jfh3",
                "v>Vm",
                "JaP@c",
                "%uI@",
                "wgc;(",
                "`Ss5",
                "\"H=J",
                "tv.WW=",
                "i%^XWJ",
                "<tqiaQ5S=",
                "#N!n",
                "#~DL",
                "W_^#",
                "1T:F",
                "Pem>",
                "\"D<TZ",
                "wmU.3",
                "2I3o",
                "zmb\\V",
                "\\/}p",
                ">3WP",
                "U## ",
                "Y`]ss",
                "8/_b-",
                "\"u1P",
                "ReT:V",
                ".[#&",
                "<9=f",
                "Yt5+",
                "*K-w",
                "'[sp",
                "lrq5",
                ":6B9DRD&",
                "f)1&K",
                "C(u%",
                "Uo@'",
                "m]4(",
                "[{Y*",
                "u5+d",
                "fB|Z",
                ":0qX+",
                "sA`gw",
                "'Yx!n",
                "1({h",
                ">nN70",
                "V%)&",
                "1f3:T",
                "Ra!w",
                ">')C",
                "QtE9",
                "SES+",
                " _w,a",
                "`w6R",
                "57^`",
                "n<tq",
                "BB~{s",
                "~z`F",
                "eUBH\"",
                "KZ0y;",
                "Ydx/",
                ")53N",
                "~~Z^i[",
                "K*Q!f1",
                "bWAh8@",
                "r2Fz",
                "blG\"",
                "0%gC!",
                ".C<GCib",
                "O4vV.,",
                "G3EQ",
                "T/d3:",
                "{K=%3",
                "l1J=",
                "Gm/@",
                "NPTPx",
                "/w(z",
                ">]TT",
                ".Q.X",
                "B+Ri",
                "0Lm`",
                "Imrf^",
                "BdFq",
                "a^=^",
                "_\\Lu",
                "au)6]",
                "$-,N",
                "\"fBg",
                "'(w1r",
                "y7Xy$6",
                "['\\[<",
                "jnA|^o8",
                "'M]:Z",
                "&k\"Hn",
                "*'Y,vL",
                "UUUA",
                "d;n4SX",
                "!R2A",
                "y5K(V",
                "54fl_m",
                "4Xa7A",
                "aL-3",
                "aOz|",
                "IfIpD",
                "<Y>$",
                "*H7f",
                "vSeDV",
                "Hz4?!o0",
                "aXW^",
                "bxVX&",
                ">&8P",
                "A9>d[",
                "/O8(",
                "Mpc^3",
                "W'?B",
                "%A5`",
                "0~XK",
                "8iT=K",
                "%|#,",
                "HbBd@",
                ".r&3",
                "b,%N!",
                "65TyGY",
                "R*9d",
                "k9^%.",
                "DyHJ",
                "6yxy",
                "`mR>",
                "mu|X",
                "@Pt>",
                "z!7i",
                "jGd+0",
                "dt3i0",
                "],U#L",
                "o-5}",
                "tAA[X",
                "SfHA",
                "Y1kjr%}9",
                "f9g-",
                "m9tZ",
                "xno?",
                "?@h>",
                "-zV!",
                "Af*,_4",
                "=n7v",
                "tP5[",
                "I_oAV$ik",
                "f[Br",
                "~{NL",
                "/Sa)",
                "w5u'",
                "+1CT",
                "e{#Sh",
                "vJbjC",
                "5E,[l",
                "g{ZQ!i",
                "\\Dcz",
                "}*C!",
                "UkwA",
                "5(,95;AJ",
                "!r~\"9",
                "rX;yF",
                "K,E?g",
                "kax(m",
                "!_Dm",
                "!Pvx&k-",
                "H5^V",
                "NSmJ",
                "]#N}o",
                "o}R}",
                "uR`KN?",
                "H8fJb",
                ":$y#",
                "~Vcv",
                "_8*U",
                "h~Sg",
                " u)%",
                "ccib8",
                "!861",
                "vtX{",
                "9cy/.&",
                "#j@B",
                "-w|\"G",
                "`$YIY;",
                "w\\#NF",
                "4)tuz%@",
                "~W9a",
                "3*Wc",
                "r`{3",
                "uEG4",
                "{W!r]",
                "X'!U",
                "x+#: ",
                "0$zI",
                "_oz94",
                "cQVA",
                "r2u[",
                "]vY{6",
                "'G}?",
                "](7y",
                "n;]?w",
                "!C~*/T",
                "q8jKG",
                "J8Pdd",
                "V[oqKnj",
                "U$\"K",
                "w50k",
                "sKUd",
                ".W9Y",
                "CZ(Z0",
                "Xz%#",
                "f.%f",
                "QE+E",
                ":zQ|",
                "j?t5b",
                ".H[Q",
                "w|~<",
                "O(.z",
                "HD6m",
                "k0DP",
                "[r(|.",
                "f^Hz",
                "t\\zp",
                "3,{ E",
                "%5;R",
                "qbE9",
                "p(M(",
                "0L4c",
                "}>&m",
                "0lkr",
                ">\"-G",
                "}Vuqm>",
                "&2$>",
                "^.))e",
                "~f=G",
                "O_]3J",
                "-N?$",
                "XYI|",
                "Gp/A",
                ">|ZE+;",
                "8viMd|C",
                "eDR}",
                "h%*;",
                "%)rj2",
                ":fGn",
                "uz^_]",
                "> aNN",
                "`R55H",
                "ZICB",
                "(j x",
                "AN8/@n",
                "N8C3",
                "8< e<",
                "KbVn",
                "~oj2?",
                "90|M",
                "Cb$U&",
                "+t|*",
                "YHbjV",
                "#jhw",
                "&-@s[b",
                "i99Z",
                "W#!r",
                "Bn,F?",
                "zLs|",
                "XXM]$O",
                "ofxP",
                "p*ds",
                "u^fVgUP",
                "T1$T",
                "futF",
                "=iX`ACA",
                "nm~`!x",
                "`vtD",
                "ua-SwI",
                "Pb )",
                "PROT_EXEC|PROT_WRITE failed.",
                "$Info: This file is packed with the UPX executable packer http://upx.sf.net $",
                "$Id: UPX 3.94 Copyright (C) 1996-2017 the UPX Team. All Rights Reserved. $",
                "5n9#",
                "]=2)",
                "%b')",
                "/Cw@Z&",
                "9e(1",
                "xjqX",
                "/Vv<",
                "-zL0U",
                ":LM'",
                "~!'\"?",
                "gn;>",
                "`dOW",
                ">G\"V",
                "G0KT",
                "o9ruVu{",
                "A3Zp",
                "5(Ix5",
                "[NI.",
                "[zu%Z",
                "b/h>@%",
                " ;\\4",
                "+Ofp",
                "WJFj",
                "2UV%>",
                "R#Spm;",
                "Y$Se@W4K",
                "UPX!"
            ]
        }
    ]
}