{
    "malware_data": [
        {
            "filename": "23b04d929921e7e881cc44481ac16d1e38d293e72c7b0db151ac4d18c5c9c374.elf",
            "filetype": "7F454C46",
            "filesize": "32KB",
            "hash_sha256": "23b04d929921e7e881cc44481ac16d1e38d293e72c7b0db151ac4d18c5c9c374",
            "strings": [
                "ZUPX!",
                "NI*)",
                ":'F-",
                "=^M}fo",
                ")V!s\\",
                "z\\pui?>b",
                "20z6=",
                "B$,_ZCO",
                "Kn=!NB",
                "cgNa",
                "u)^]1m",
                ":8>+9|",
                "pePm",
                "  $r@",
                "1$A\"u",
                "XA[2",
                "HZYY",
                "\"ajp",
                "*YULA",
                "d):#",
                "@R4w",
                "|1o-",
                "-|M-v",
                ".ho;;",
                "K]ufX^/",
                "}lfC",
                "\\N:f^",
                "nw(u",
                "y4P5x",
                "dMos",
                "7jDb",
                "swF0",
                "GE*T",
                "w\"jG",
                "*W[ZAW",
                "/rl`'",
                "2[[*.",
                "G+>r,",
                "}Vv?",
                "fJ=V",
                "dM.P",
                "/VwP",
                "W#QX",
                "/DY{",
                "@CwT",
                "FQs#",
                "0RJ[",
                "BRL:",
                "$3@a",
                "xJO ",
                "TKH=a",
                ",t[1",
                "j@eX",
                "ADb%\\",
                "yl>m",
                "Jsu{).\\V!q",
                "r^RW:(&",
                ":x^F",
                "x$uv",
                "S7|@u",
                "vHs2t",
                "OBuw",
                "]V<~f",
                "='y^",
                "#?n?",
                "VOjn",
                "|xC\\0qd",
                ",YMh",
                "]VXE",
                "9nkm",
                "@gw\"",
                "LQ5=",
                "zAfU'",
                "3\"`fI",
                "bP('",
                "xQzQF",
                " _v8",
                "rFe;",
                "l0(i",
                "/6K\\lJ",
                ")oue",
                "[f8-",
                "S~+s'",
                "Uqn/E",
                "Kx;a",
                "zE4V",
                "s]15",
                "z$8GiYR",
                "cRCm",
                "5FC&4",
                "bu]iGCdXq",
                "&R]3",
                "uhGqj",
                ":L>$E'_",
                "4` n",
                "59].",
                "r#kw",
                "12+.",
                "|XQh",
                "(o`d",
                "wP<b",
                "W=%R?.",
                "x{E2-",
                "2'K0",
                "_H>}",
                "R]6)",
                "\"v`2",
                "]@6m",
                "C:9XM",
                "mAda",
                "i5LR",
                ">5!=",
                "8<}W",
                "qt{?0.",
                "Z{S?",
                "+f;n",
                "P{Ab",
                "mCx)",
                "&v35@",
                "!\\JH",
                "=m3,SGZ",
                "c793",
                "W1hrR",
                "Dg0(w",
                "gjL'",
                "_i!:;",
                "{:6\"OuS",
                "7OqW\"f",
                "vj60",
                "f?Z3^DX",
                "LjCq",
                "oy0B",
                "Q{<|",
                "|H8#&!%v",
                "B9h!",
                "*ZPA",
                "p%txG%",
                "8wy)4er",
                "9b^TDSsO",
                "~s~;",
                "2#OM~",
                " YZC",
                ")Ahooo{",
                "kc`x",
                "Pq]r",
                "93~y",
                "sB<O",
                "{&Zz",
                "Cub+",
                "`@X5",
                "db>d&<",
                "=u4.",
                "qg'a",
                ":ZPw",
                "O/.c",
                "'E?KT",
                "jKX*N",
                "MuWn",
                "`v0 ",
                "ZO-e",
                "YoN?",
                "5>gTtbb",
                "'l7cP",
                "]DszD",
                "fYCDin",
                "g&}-,E",
                "Aggm",
                "r=an",
                ",{Xo0",
                "`J%Y",
                "_f=/",
                "}1`R%t",
                ")-5\"",
                "`ua<W",
                "I>*V&",
                "J{h}",
                "3IJ]",
                "eY5?)L",
                ":/ o",
                "cs8`",
                "'EY5>",
                "(ZLz",
                "-8/5",
                "_]ZY",
                "<C?!",
                "wLisNt",
                "\\(n?9",
                "Ns.4",
                "\\{,_7",
                "h V~",
                "OyDG",
                "8<:B",
                ";glxge",
                " IR!",
                ",z&:",
                "?La9d<C",
                "?]WW",
                "z6Pj",
                "7,jf1",
                "{6<7Q",
                "n`<o",
                "7/%0",
                "1.L~",
                "7:Y_",
                "xq__#",
                "lU6_",
                "'@UI",
                "X6wX ",
                "$\\}b",
                ";P*tmw",
                "_K|L",
                "njob",
                "Pj ]O",
                "~$<q",
                "or]W",
                "%{O2",
                "|Qp$p",
                "Lr> ",
                "'c8#=z",
                "j#>}",
                "5w+D",
                "p:'Sm1",
                "-(7!",
                "8vLl",
                "qf&%Ku1.>",
                "n66p9\"]/",
                "QYR1>",
                "9dGup]",
                "C1Ov",
                "Jz-F",
                "-U}E",
                "hR6.",
                "Tje>_",
                "am5Z",
                "e)4t",
                "O( *",
                "[S;2",
                "2jK0",
                "L*ij",
                "VB;=",
                "9.;Xp",
                "IN?[",
                "S*{gj!hb\\&7",
                "D@14",
                "R;}/f",
                "0C%\\&",
                "Jk+J",
                "5zYs",
                "u9J+",
                "C_o{z",
                "8.UO",
                "l4^I",
                "d6$i",
                "V{9<o",
                "iQX%",
                "ABk5",
                "#L@Z[",
                "~]v9",
                "qm#Q",
                "{qy[",
                "va*;",
                "9z\\6",
                "Wk+-",
                "R43}",
                "Xd]P",
                "wm<0",
                "fb*:",
                "r*4;>",
                "W?LiB",
                " ]7k",
                "8-_c:d",
                "!u3q",
                "a)->",
                "V!4I",
                "zYt!",
                "`3l\\",
                "!-o4",
                "_WjI",
                ";}{RJ",
                "tp0s",
                "Hs\":",
                "Rx1o",
                "Y`!R",
                "r.AM",
                "wNP9",
                "8M6N",
                "#$Z<",
                "tREb",
                "jO_>",
                "x$oe",
                "3p4)0",
                "VA@\\",
                "3U&jShW",
                "2Dl:",
                "JFr[l",
                "3fgZ",
                "XUwW",
                "xc\"V",
                "lYpI",
                "A;O>",
                "kk/{",
                "}CK~",
                "|/M'",
                "u44!",
                "_L|~",
                "F(@0",
                ";KvM",
                "TkLk",
                "e.qb",
                "Tl^J",
                "b3Tl",
                "|rZr_z~Y",
                "';a\".5",
                "FH!*B",
                "p!'9",
                " C0b",
                "p%'9",
                "(!PROT_EXEC|PROT_WRITE failed.",
                "$Info: This file is packed with the UPX executable packer http://upx.sf.net $",
                "$Id: UPX 3.94 Copyright (C) 1996-2017 the UPX Team. All Rights Reserved. $",
                "r&J+",
                "lc'+\"",
                "wfb_.i/",
                "3!L!",
                "x)h5",
                "gdv]",
                "^Zq9 ",
                "XCpah",
                "3wj}",
                "#?a4",
                "n&2|",
                "AzX6",
                "K:bTH",
                "r9WE",
                "39R0flU",
                "ZNwp",
                "UPX!"
            ]
        }
    ]
}