{
    "malware_data": [
        {
            "filename": "0242a019e991b897de267fed696652c2f243ba4fe193dd1a53942e11fa07a225.elf",
            "filetype": "7F454C46",
            "filesize": "30KB",
            "hash_sha256": "0242a019e991b897de267fed696652c2f243ba4fe193dd1a53942e11fa07a225",
            "strings": [
                "UPX!",
                "PTRh!m",
                "D$;1",
                "(|\"9H",
                "[^_.T",
                "\\567%",
                "\\r89:",
                "+/t-",
                "&'orL",
                "KpN?",
                "hB}f*",
                "Y.]L",
                "b(=X(?",
                "&(<I\\",
                "S!G2///t",
                "5QrA",
                "o{~{d",
                ")X3_o",
                "H)3\\",
                "JH0t",
                "!^^>",
                "&]8o",
                "WhphG",
                "XZ\\+",
                "8w/l",
                "7d_1",
                " d`7",
                "qos*bGyul",
                ";\\TC",
                "G3=B",
                "3Hqe",
                "FcSj",
                "@t+A",
                "k=|L",
                "A> =",
                "GETv",
                ")9t$|",
                "\\ C\\",
                "_%73",
                "mmmw'",
                "8X<<T",
                "{cQF",
                "[FFDBXD",
                "===9",
                "ys@@ASlh",
                "oA{A]",
                "2$B/",
                "BkBCH",
                "dDDD",
                "dEFF#",
                ")FGdH",
                "GGHJ",
                ".dJJSJ",
                ".dJII{]",
                "~ :C",
                "\\`.f",
                "O>1k",
                ")!9<",
                "a3*#C0",
                "4{px",
                "r,|~7",
                "n(t(",
                "F\\f`",
                "j\\d]:26~BB",
                "T7|cL",
                "+m&E",
                "%p8>",
                "L.L7",
                "Dj-f",
                "S|!F",
                "RKZL",
                "$]Fl",
                "yL>m",
                "EJ:)",
                ",ex~",
                "ucN0",
                "#!@Rx",
                "6TfH",
                "4`dH",
                "K>`@.",
                "LHNO",
                "4#'GNdh'C",
                "!O_7|",
                "XX4 ",
                "~8n,]",
                "DS.C",
                "9*9\"t@",
                "[nxy*0y",
                "@<9QH'",
                "9]P9i",
                ")J,)us",
                "M b=",
                "\\$H9@",
                "CXEH",
                "nVF9",
                "wV8x5",
                " .W:D",
                "|wGa$",
                "u@tD",
                "NX3P",
                "X\\x0",
                "}8+C",
                "4'+JI\\",
                "1E:y\"(",
                "&pxC",
                "xd+|p",
                "iC;x",
                "S]II",
                "%=jH",
                "u,2v`",
                "/<-`Xf",
                "dBNc\\0",
                "|tR)B",
                "Q9TPz",
                "tn_L",
                "@8fzF9",
                "=ZyDz6{",
                "G+z E",
                "3$xI",
                "<0Z!",
                "E8hX",
                "ZpPC",
                "Hdlh",
                "hB.(",
                "O%8O3[NNr<OAo$#",
                "5L?P",
                "6U`%",
                "_p$&",
                " W#*:",
                "L\\wPv",
                "{H*h",
                "pT90",
                "]Prm",
                "3` X",
                "<98W",
                "*L(6xX.",
                "M&8Kn",
                "k0V6",
                "HH[b[X2i!",
                "2]9ZlR",
                "U56}",
                "/\\__",
                "L0>` ",
                "Sr[t$D\\aY",
                "`CdTN",
                "|lX0",
                "[?\"V",
                "zHai",
                "nA}e",
                "6T_U",
                "JR**",
                "%=,?",
                "O,\"r",
                "<4c1",
                "[;~N",
                "Q=oT",
                "cq\\5",
                "?\\$x",
                "TZqfArB|",
                "!J(n",
                ",JA0u",
                "f[hG",
                "tJAJ",
                "d(Rqq",
                "%S2D",
                "pht#",
                "xv_r8",
                "A?Po",
                "%sGA",
                "v!gA",
                "4._Zx",
                ";ct^]",
                "[ S!",
                " S!C",
                "LX'0",
                "P4'~",
                " tl`",
                "e0pi",
                "?dNk",
                "G[A`",
                "-U+J",
                "heEC",
                "0KUD",
                "l8`#[g",
                "md'\\",
                "@EM/",
                "Bgq1",
                "~{D%0H",
                "Wh]z",
                "O6.Uh",
                "%G'9",
                "0[N9",
                "nS?-w,",
                "~d O{",
                "\"W\"(@",
                "{D]@",
                "!&ndH",
                ".39_B",
                "pJOPn",
                "W]f+",
                "8@J\\",
                "\\W`i",
                "hk,D",
                ",Bk0",
                "06sk",
                "Da6.",
                "TQ/?",
                "e:Iz",
                "LAV)",
                "G~`y",
                "WVL96",
                "I~>8",
                "Ax>u",
                "8Gkp",
                "8$y<l",
                "u___",
                "YXMN,",
                "</k\"~P",
                "B}lS",
                "Z#^'",
                "`;u6S[",
                "kf9P",
                "Civ8",
                ")zuz",
                "X'k-",
                "w[%/y",
                "H{O[f",
                "T&HW",
                " q$#",
                "CFF*",
                "2 lDK.#",
                "S qS0",
                "I^. 4",
                "rtq q80r",
                "qFF*C@0D",
                "CFF*w",
                "u|su",
                "oDt22R",
                "yq|!",
                "zz.Ck+",
                "%f@f_",
                "$_^S",
                "bh;v",
                "A`5h",
                "7D,A<",
                "-6xF",
                "qt)ME",
                " 0$H%",
                "_Z3Hu",
                "P1I=",
                "U _f",
                "PZ[)",
                "3U)`",
                "ABN_",
                "$UfP",
                "JIB^",
                "PRQW)cD",
                "]!ZXYZSn",
                "9L)J",
                "@T2P",
                "vQI8",
                "p'|J",
                "u j0e",
                "L<04",
                "(D,H0 ",
                "rrr%",
                "wr(,",
                "hRjJD",
                "(d~Sx",
                "4E0fo",
                "Avm/",
                ")PND",
                ";\\r[?,u",
                "=^F@",
                "`wP<",
                "&QQj",
                "r\\4F",
                "iRRVE",
                "NC.`",
                "'?u0",
                "|ppN",
                "hZy#6",
                ";Lrz@@)",
                "*<T#",
                "u>Sa",
                "W YU2",
                ";5{u8",
                "6r :",
                ">Cp*",
                "GV02d",
                "%tM ",
                "s?G>4",
                "1\\Z]",
                "VuR)",
                "n;X,t",
                "nCr<]`j",
                "me/>",
                "Q<9>",
                "l_%&B,j",
                "}{7X9",
                ":;8K4",
                "tRp.n@",
                "%iDx|b",
                "SSPU",
                "b7j$hx",
                "[<;p",
                "+>XRh",
                "Ige[a",
                ";0$C",
                " <xu",
                "(<`v",
                "}/C94",
                ":Ldv",
                "FlBcH",
                "(BU2",
                "u%WW\\",
                "yaG&",
                "}(4PR",
                "\"[X[",
                "xrp.",
                "5n!,&\"",
                "~Z3e",
                ":3f5",
                "+!|y",
                "P,\\Q",
                "?d$.",
                "7X]6",
                "0PCy",
                "\\$C x",
                "4M 8(@0H=",
                "_Rb-",
                "of@,",
                "nq:&",
                "OST /cdn-cgi/",
                " HTTP/1.1",
                "User-Ag",
                "ent: ",
                "/TCookie ;9(;",
                "url=",
                "6efghijklmnopqr",
                "uvw012{",
                "345678",
                "pe^~D",
                "0=1<1",
                "vkkp$",
                "}wckmj",
                "wkhkoa}",
                "h2qwaRcqawHahjax`",
                "1076^k",
                "644<",
                "5glr|g71v1qt",
                "nrf~`",
                "lc6|4",
                "kdq|",
                "\"h3<",
                "ZCI<5",
                "fqjp13zNk",
                ")psa<al",
                "jic|[\"tme2vmreM",
                "VKKP1",
                "~mt<",
                "wgaj+",
                "g`f6",
                "h:ca",
                "m@mv",
                "pmVtHi[v",
                "oc*nq`",
                "wro7l",
                "hg4Dv4h0",
                "h||*",
                "|il`",
                "ohrgtl*3q",
                "nIV4rm~|r",
                "}Vv{/",
                "^8sof",
                "mcq74u",
                "sv5`kx",
                "r/run",
                "98$0",
                "Rtan4.shFc",
                " -OM",
                "[mw[pl",
                "0}[kb[4[@",
                "<>$n|p+lpih(",
                "+|#D",
                "?u94*=(m",
                "ft(.+.)<",
                ")QW(",
                ")P}t^",
                ")bXi)qv",
                "@`gIk",
                "_~hhe+1*4$,Ieg",
                "h$ $KW$\\$",
                "[51[3-$",
                "aS8O",
                "+24j5D?",
                "1pOLPIH($",
                "a$Cr",
                "52*2$WeC",
                " ?$20",
                "N3*72",
                "Glvn",
                "vvr>",
                "ol6F",
                "7Z5}EA 94=",
                "4=\\58n",
                "vA`c7",
                "MdKTV+=1",
                "0105SE",
                "H G5GP",
                "QfXu$V",
                "*f}o",
                "kw~g~*th+t",
                "aL8{",
                "wCr+pgt",
                "S&Ypits`NHh",
                "Feh\"Bup|",
                "wl0imt",
                "Fwh `ep",
                "leoemajF",
                "q<l|$QJWP",
                "EFHA",
                "A[X$j",
                "^vrxkc",
                "ar+s",
                "gl`@",
                "Twg'w",
                "~heBPS@P",
                "06g41Bcn",
                "UqVC",
                "at)l",
                "lw4koma,#",
                "cpQpvejwb",
                ")=kj81",
                "q`bv@",
                ".^yn",
                "w|S<",
                "/nul",
                "i/\"z",
                "T$(9",
                "H+|$,",
                "$Info: This file is packed with the UPX executable packer http://upx.sf.net $",
                "$Id: UPX 3.95 Copyright (C) 1996-2018 the UPX Team. All Rights Reserved. $",
                "mmap failed.",
                "/proc/self/exe",
                "YQRP",
                "ZRQP",
                "PSRQV",
                "Zj}X",
                "ZXP)",
                "?/proc/self/exe",
                "X]X^Yh",
                "naXY_[V",
                ",H[j",
                "'USVW",
                "3[^_",
                "UPX!u",
                "mS9,",
                "EhuA",
                "6FXZ",
                "ks};P",
                "5mk^  (S",
                "Fl{q",
                "ffz{",
                "ugw<",
                ".shstrtab",
                "init",
                "texfi",
                "roda4",
                "ctors",
                "7'bs",
                "O,,,",
                "\\3DDl"
            ]
        }
    ]
}