{
    "malware_data": [
        {
            "filename": "1c66a4cfdf79926a56c1bd6ac25381b2deeed980fa28606ee826fe01ef49c4a4.exe",
            "filetype": "4D5A9000",
            "filesize": "7KB",
            "hash_sha256": "1c66a4cfdf79926a56c1bd6ac25381b2deeed980fa28606ee826fe01ef49c4a4",
            "strings": [
                "!This program cannot be run in DOS mode.",
                "Rich}E",
                ".text",
                "`.rdata",
                "@.uebu",
                "PAYLOAD:",
                "ExitProcess",
                "VirtualAlloc",
                "KERNEL32.dll",
                "AQAPRH1",
                "R`QVH",
                "rPM1",
                "JJH1",
                "RAQH",
                "AX^YZAXAYAZH",
                "XAYZH",
                "ws2_32",
                "A^PPM1",
                "j@AYh",
                "}(XAWYh",
                "unMa"
            ]
        }
    ]
}