{
    "malware_data": [
        {
            "filename": "029fbcceb82323987309e3f0f2f3a6626b8dc2894c868f96bcb8105405018b69.exe",
            "filetype": "4D5A9000",
            "filesize": "130KB",
            "hash_sha256": "029fbcceb82323987309e3f0f2f3a6626b8dc2894c868f96bcb8105405018b69",
            "strings": [
                "!This program cannot be run in DOS mode.",
                ".text",
                "`.rsrc",
                "@.reloc",
                ",!rq",
                "0A[#",
                ",*~ ",
                ",o~)",
                ",d~6",
                ",K(o",
                ",f~6",
                ",K(r",
                ".W+g",
                " .@+",
                "I%(4",
                "%%(4",
                " KDBM(",
                " %(4",
                "+7~i",
                "$rJK",
                "#rJK",
                "8@[(Y",
                "+BrFS",
                "djsm",
                "lSystem.Resources.ResourceReader, mscorlib, Version=4.0.0.0, Culture=neutral, PublicKeyToken=b77a5c561934e089#System.Resources.RuntimeResourceSet",
                "PADPADP",
                "BSJB",
                "v4.0.30319",
                "#Strings",
                "#GUID",
                "#Blob",
                "Z%' ",
                ")B0%",
                "#=>8",
                " =)a",
                " x(i",
                " \"1y",
                " m(i",
                " 08u",
                "_Lambda$__22-0",
                "$I123-0",
                "_Lambda$__123-0",
                "__StaticArrayInitTypeSize=10",
                "__StaticArrayInitTypeSize=11",
                "IEnumerable`1",
                "Collection`1",
                "ThreadSafeObjectProvider`1",
                "List`1",
                "__StaticArrayInitTypeSize=32",
                "kernel32",
                "Microsoft.Win32",
                "user32",
                "UInt32",
                "ToInt32",
                "ToUInt64",
                "ToInt64",
                "DLLFunctionDelegate4",
                "DLLFunctionDelegate5",
                "ToUInt16",
                "SHA256",
                "DLLFunctionDelegate6",
                "get_UTF8",
                "GetModuleFileNameA",
                "SetWindowsHookExA",
                "DATA_BLOB",
                "cbAAD",
                "get_ASCII",
                "lfwhUWZlmFnGhDYPudAJ",
                "get_URL",
                "set_URL",
                "get_formSubmitURL",
                "set_formSubmitURL",
                "BCRYPT_AUTHENTICATED_CIPHER_MODE_INFO",
                "BCRYPT_OAEP_PADDING_INFO",
                "BCRYPT_PSS_PADDING_INFO",
                "System.IO",
                "TripleDES",
                "CRYPTPROTECT_PROMPT_ON_UNPROTECT",
                "CRYPTPROTECT_PROMPT_ON_PROTECT",
                "CRYPTPROTECT_PROMPTSTRUCT",
                "BCRYPT_KEY_LENGTHS_STRUCT",
                "set_IV",
                "ChrW",
                "MoveFileExW",
                "_Closure$__",
                "Dispose__Instance__",
                "Create__Instance__",
                "value__",
                "cbData",
                "pbData",
                "UploadData",
                "ProtectedData",
                "GetClipboardData",
                "cbAuthData",
                "pbAuthData",
                "SECItemData",
                "ProjectData",
                "CryptUnprotectData",
                "data",
                "aaalogshsindgdaLogndta",
                "System.Web",
                "mscorlib",
                "System.Collections.Generic",
                "Microsoft.VisualBasic",
                "Alloc",
                "KeyboardProc",
                "ThreadId",
                "pszAlgId",
                "GetWindowThreadProcessId",
                "get_nextId",
                "set_nextId",
                "OpenRead",
                "Thread",
                "Load",
                "get_timePasswordChanged",
                "set_timePasswordChanged",
                "Interlocked",
                "get_timesUsed",
                "set_timesUsed",
                "get_timeLastUsed",
                "set_timeLastUsed",
                "get_IsDisposed",
                "get_timeCreated",
                "set_timeCreated",
                "m_FormBeingCreated",
                "Synchronized",
                "get_id",
                "set_id",
                "row_id",
                "get_guid",
                "set_guid",
                "Wekakekakd",
                "get_passwordField",
                "set_passwordField",
                "get_usernameField",
                "set_usernameField",
                "record_header_field",
                "ReadToEnd",
                "Send",
                "Append",
                "RegistryValueKind",
                "Round",
                "HMod",
                "set_Method",
                "TargetMethod",
                "get_Clipboard",
                "CloseClipboard",
                "OpenClipboard",
                "get_Keyboard",
                "get_Password",
                "set_Password",
                "get_encryptedPassword",
                "set_encryptedPassword",
                "_password",
                "Replace",
                "Space",
                "CreateInstance",
                "get_GetInstance",
                "instance",
                "cbNonce",
                "pbNonce",
                "VKCode",
                "GetHashCode",
                "set_Mode",
                "FileMode",
                "PaddingMode",
                "OpenMode",
                "CipherMode",
                "XmlNode",
                "get_Unicode",
                "get_BigEndianUnicode",
                "VKCodeToUnicode",
                "UrlEncode",
                "Free",
                "FromImage",
                "get_Message",
                "MailMessage",
                "AddRange",
                "CompareExchange",
                "CredentialCache",
                "EndInvoke",
                "BeginInvoke",
                "GetEnvironmentVariable",
                "IsClipboardFormatAvailable",
                "IDisposable",
                "Hashtable",
                "Double",
                "GCHandle",
                "RuntimeFieldHandle",
                "RuntimeTypeHandle",
                "GetTypeFromHandle",
                "Rectangle",
                "File",
                "Console",
                "set_WindowStyle",
                "ProcessWindowStyle",
                "get_Name",
                "set_FileName",
                "get_MachineName",
                "GetElementsByTagName",
                "get_OSFullName",
                "get_FullName",
                "get_appName",
                "set_appName",
                "get_UserName",
                "set_UserName",
                "get_ProcessName",
                "GetProcessesByName",
                "astable_name",
                "item_name",
                "get_encryptedUsername",
                "set_encryptedUsername",
                "_username",
                "get_hostname",
                "set_hostname",
                "DateAndTime",
                "DateTime",
                "ReadLine",
                "WriteLine",
                "Combine",
                "LocalMachine",
                "DataProtectionScope",
                "get_encType",
                "set_encType",
                "ChangeType",
                "GCHandleType",
                "ValueType",
                "SecurityProtocolType",
                "SECItemType",
                "GetType",
                "set_ContentType",
                "item_type",
                "OpenShare",
                "Compare",
                "Capture",
                "ConsoleApplicationBase",
                "ApplicationSettingsBase",
                "LCase",
                "get_Response",
                "WebResponse",
                "GetResponse",
                "FileClose",
                "Dispose",
                "StrReverse",
                "Create",
                "DLLFunctionDelegate",
                "MulticastDelegate",
                "KeyDelegate",
                "DelegateAsyncState",
                "GetKeyboardState",
                "DebuggerBrowsableState",
                "EditorBrowsableState",
                "Delete",
                "Write",
                "ThreadStaticAttribute",
                "STAThreadAttribute",
                "CompilerGeneratedAttribute",
                "GuidAttribute",
                "HelpKeywordAttribute",
                "GeneratedCodeAttribute",
                "DebuggerNonUserCodeAttribute",
                "DebuggableAttribute",
                "DebuggerBrowsableAttribute",
                "EditorBrowsableAttribute",
                "ComVisibleAttribute",
                "AssemblyTitleAttribute",
                "StandardModuleAttribute",
                "HideModuleNameAttribute",
                "ObsoleteAttribute",
                "AssemblyTrademarkAttribute",
                "TargetFrameworkAttribute",
                "DebuggerHiddenAttribute",
                "AssemblyFileVersionAttribute",
                "MyGroupCollectionAttribute",
                "AssemblyDescriptionAttribute",
                "UnmanagedFunctionPointerAttribute",
                "FlagsAttribute",
                "CompilationRelaxationsAttribute",
                "AssemblyProductAttribute",
                "AssemblyCopyrightAttribute",
                "ParamArrayAttribute",
                "AssemblyCompanyAttribute",
                "RuntimeCompatibilityAttribute",
                "AccessedThroughPropertyAttribute",
                "set_UseShellExecute",
                "Byte",
                "get_Value",
                "m_ThreadStaticValue",
                "get_StringValue",
                "_stringValue",
                "GetObjectValue",
                "GetValue",
                "SetValue",
                "AutoPropertyValue",
                "set_Expect100Continue",
                "Save",
                "Remove",
                "lfwhUWZlmFnGhDYPudAJ.exe",
                "cbSize",
                "get_TotalSize",
                "Deserialize",
                "Initialize",
                "SuppressFinalize",
                "size",
                "SizeOf",
                "get_ItemOf",
                "LastIndexOf",
                "cbTag",
                "pbTag",
                "System.Threading",
                "set_Padding",
                "NewLateBinding",
                "UTF8Encoding",
                "get_Encoding",
                "GetEncoding",
                "InitializeCaptionLogging",
                "System.Runtime.Versioning",
                "FromBase64String",
                "ToBase64String",
                "DownloadString",
                "GetResourceString",
                "CompareString",
                "ToString",
                "GetString",
                "Substring",
                "System.Drawing",
                "Match",
                "ComputeHash",
                "Math",
                "get_ExecutablePath",
                "GetFolderPath",
                "get_Width",
                "get_Length",
                "dwMinLength",
                "set_ContentLength",
                "dwMaxLength",
                "EndsWith",
                "PtrToStringUni",
                "AsyncCallback",
                "DelegateCallback",
                "_hookCallback",
                "add_Tick",
                "remove_Tick",
                "GlobalLock",
                "get_CapsLock",
                "TransformFinalBlock",
                "GlobalUnlock",
                "UnHook",
                "SetHook",
                "CallNextHook",
                "_hook",
                "AllocHGlobal",
                "FreeHGlobal",
                "Marshal",
                "NetworkCredential",
                "Decimal",
                "ConditionalCompareObjectEqual",
                "set_Interval",
                "cbLabel",
                "pbLabel",
                "System.Collections.ObjectModel",
                "System.ComponentModel",
                "System.Net.Mail",
                "LateCall",
                "kernel32.dll",
                "user32.dll",
                "Crypt32.dll",
                "ntdll.dll",
                "bcrypt.dll",
                "Kill",
                "System.Xml",
                "set_SecurityProtocol",
                "Control",
                "get_url",
                "set_url",
                "set_EnableSsl",
                "FileStream",
                "GetResponseStream",
                "GetRequestStream",
                "MemoryStream",
                "TSECItem",
                "get_Item",
                "get_FileSystem",
                "SymmetricAlgorithm",
                "HashAlgorithm",
                "LTrim",
                "get_httprealm",
                "set_httprealm",
                "Random",
                "set_From",
                "Form",
                "ICryptoTransform",
                "Enum",
                "root_num",
                "Boolean",
                "SECItemLen",
                "inLen",
                "get_Screen",
                "CopyFromScreen",
                "FileOpen",
                "System.ComponentModel.Design",
                "Main",
                "Join",
                "get_OSVersion",
                "dwInfoVersion",
                "get_version",
                "set_version",
                "Conversion",
                "Application",
                "System.Configuration",
                "System.Globalization",
                "System.Web.Script.Serialization",
                "Interaction",
                "System.Reflection",
                "MatchCollection",
                "GroupCollection",
                "WebHeaderCollection",
                "MailAddressCollection",
                "AttachmentCollection",
                "direction",
                "set_Position",
                "CallingConvention",
                "WebException",
                "CryptographicException",
                "TargetInvocationException",
                "InvalidOperationException",
                "get_InnerException",
                "Environ",
                "add_KeyDown",
                "remove_KeyDown",
                "get_ShiftKeyDown",
                "get_To",
                "CompareTo",
                "get_Info",
                "FileInfo",
                "CultureInfo",
                "DriveInfo",
                "FileSystemInfo",
                "ComputerInfo",
                "get_StartInfo",
                "ProcessStartInfo",
                "DirectoryInfo",
                "Zero",
                "add_KeyUp",
                "remove_KeyUp",
                "Bitmap",
                "Sleep",
                "hwndApp",
                "Group",
                "ToChar",
                "StringReader",
                "StreamReader",
                "MD5CryptoServiceProvider",
                "TripleDESCryptoServiceProvider",
                "BCryptCloseAlgorithmProvider",
                "BCryptOpenAlgorithmProvider",
                "StringBuilder",
                "SpecialFolder",
                "sender",
                "Buffer",
                "ResourceManager",
                "ServicePointManager",
                "ToInteger",
                "KeyLogger",
                "KeyLoggerEventArgsEventHandler",
                "System.CodeDom.Compiler",
                "Timer",
                "ToUpper",
                "CurrentUser",
                "GetDelegateForFunctionPointer",
                "BitConverter",
                "ServerComputer",
                "ToLower",
                "JavaScriptSerializer",
                "configdir",
                "get_StandardError",
                "set_RedirectStandardError",
                "CreateProjectError",
                "ClearProjectError",
                "SetProjectError",
                "IEnumerator",
                "GetEnumerator",
                "Activator",
                ".ctor",
                ".cctor",
                "CreateDecryptor",
                "CreateEncryptor",
                "IntPtr",
                "inStr",
                "Graphics",
                "System.Diagnostics",
                "get_Bounds",
                "Microsoft.VisualBasic.Devices",
                "MyWebServices",
                "Microsoft.VisualBasic.ApplicationServices",
                "System.Runtime.InteropServices",
                "Microsoft.VisualBasic.CompilerServices",
                "System.Runtime.CompilerServices",
                "Microsoft.VisualBasic.MyServices",
                "System.Resources",
                "lfwhUWZlmFnGhDYPudAJ.Resources.resources",
                "DebuggingModes",
                "Matches",
                "get_SpecialDirectories",
                "GetDirectories",
                "GetFiles",
                "GetSubKeyNames",
                "GetProcesses",
                "ReadAllBytes",
                "GetBytes",
                "GetDrives",
                "CryptProtectPromptFlags",
                "dwPromptFlags",
                "dwFlags",
                "Strings",
                "KeyLoggerEventArgs",
                "get_Ticks",
                "ICredentials",
                "set_Credentials",
                "get_DefaultNetworkCredentials",
                "ReferenceEquals",
                "Utils",
                "System.Windows.Forms",
                "MyForms",
                "Contains",
                "FFLogins",
                "get_logins",
                "set_logins",
                "System.Web.Extensions",
                "Conversions",
                "System.Text.RegularExpressions",
                "System.Collections",
                "RegexOptions",
                "get_Groups",
                "get_Chars",
                "get_Headers",
                "RuntimeHelpers",
                "Operators",
                "OpenAccess",
                "get_Success",
                "ExitProcess",
                "GetCurrentProcess",
                "GetProcAddress",
                "MailAddress",
                "get_Attachments",
                "get_MyDocuments",
                "set_Arguments",
                "Exists",
                "get_disabledHosts",
                "set_disabledHosts",
                "Keys",
                "_keys",
                "RemoveAt",
                "Concat",
                "Format",
                "Subtract",
                "AddObject",
                "AddrOfPinnedObject",
                "ConcatenateObject",
                "SubtractObject",
                "TargetObject",
                "set_Subject",
                "Unprotect",
                "FileGet",
                "LateGet",
                "System.Net",
                "PadRight",
                "get_Height",
                "op_Explicit",
                "Split",
                "WaitForExit",
                "cbSalt",
                "get_Default",
                "IAsyncResult",
                "DelegateAsyncResult",
                "result",
                "WebClient",
                "SmtpClient",
                "XmlElement",
                "dwIncrement",
                "sql_statement",
                "Attachment",
                "Environment",
                "XmlDocument",
                "Component",
                "get_Parent",
                "GetParent",
                "get_Current",
                "content",
                "KeyDownEvent",
                "KeyUpEvent",
                "Point",
                "get_Count",
                "RecoveredApplicationAccount",
                "arenaOpt",
                "outItemOpt",
                "szPrompt",
                "BCryptDecrypt",
                "BCryptEncrypt",
                "ThreadStart",
                "Insert",
                "Convert",
                "set_Port",
                "FtpWebRequest",
                "HttpWebRequest",
                "XmlNodeList",
                "ICredentialsByHost",
                "GetKeyboardLayout",
                "set_RedirectStandardInput",
                "get_StandardOutput",
                "set_RedirectStandardOutput",
                "MoveNext",
                "System.Text",
                "ReadAllText",
                "get_InnerText",
                "GetText",
                "GetWindowText",
                "cbMacContext",
                "pbMacContext",
                "get_Now",
                "GetForegroundWindow",
                "set_CreateNoWindow",
                "get_CurrentWindow",
                "_currentWindow",
                "_newWindow",
                "ToUnicodeEx",
                "UnhookWindowsHookEx",
                "CallNextHookEx",
                "Regex",
                "LateSetComplex",
                "get_TimeOfDay",
                "get_Today",
                "InitializeArray",
                "ToArray",
                "CopyArray",
                "get_IsReady",
                "set_Body",
                "get_Key",
                "set_Key",
                "OpenSubKey",
                "MapVirtualKey",
                "ContainsKey",
                "ProcessKey",
                "BCryptImportKey",
                "BCryptDestroyKey",
                "RegistryKey",
                "Identifykey",
                "System.Security.Cryptography",
                "get_Assembly",
                "Multiply",
                "BlockCopy",
                "LoadLibrary",
                "FreeLibrary",
                "get_TotalPhysicalMemory",
                "CreateDirectory",
                "table_entry",
                "sqlite_master_entry",
                "Registry",
                "op_Equality",
                "op_Inequality",
                "HttpUtility",
                "System.Security",
                "Empty",
                "BCryptGetProperty",
                "BCryptSetProperty",
                "set_Proxy",
                "IWebProxy",
                "GetSystemWebProxy",
                "ClipboardProxy",
                "FileSystemProxy",
                "SpecialDirectoriesProxy",
                "WrapNonExceptionThrows",
                "YFGGCVyufgtwfyuTGFWTVFAUYVF",
                "Copyright ",
                "  2021",
                "$256d2426-b4cc-4996-9a99-c8e915357eef",
                "1.0.0.0",
                ".NETFramework,Version=v4.0",
                "FrameworkDisplayName",
                ".NET Framework 4",
                "MyTemplate",
                "11.0.0.0",
                "My.Computer",
                "My.Application",
                "My.User",
                "My.Forms",
                "My.WebServices",
                "System.Windows.Forms.Form",
                "My.MyProject.Forms",
                "4System.Web.Services.Protocols.SoapHttpClientProtocol",
                "3System.Resources.Tools.StronglyTypedResourceBuilder",
                "17.0.0.0",
                "KMicrosoft.VisualStudio.Editors.SettingsDesigner.SettingsSingleFileGenerator",
                "17.5.0.0",
                "My.Settings",
                "KPPlogS",
                "Scrlogtimerrr",
                "Clpreptimerr",
                "clprEPs",
                "kLLTIm",
                "TPSSends",
                "UnProtectionTPSSends",
                "ProHfutimer",
                "BPlease refactor calling code to use normal Visual Basic assignment",
                "6N56",
                "_CorExeMain",
                "mscoree.dll",
                "<?xml version=\"1.0\" encoding=\"utf-8\"?>",
                "<assembly manifestVersion=\"1.0\" xmlns=\"urn:schemas-microsoft-com:asm.v1\">",
                "  <assemblyIdentity version=\"1.0.0.0\" name=\"MyApplication.app\"/>",
                "  <trustInfo xmlns=\"urn:schemas-microsoft-com:asm.v2\">",
                "    <security>",
                "      <requestedPrivileges xmlns=\"urn:schemas-microsoft-com:asm.v3\">",
                "        <!-- UAC Manifest Options",
                "             If you want to change the Windows User Account Control level replace the ",
                "             requestedExecutionLevel node with one of the following.",
                "        <requestedExecutionLevel  level=\"asInvoker\" uiAccess=\"false\" />",
                "        <requestedExecutionLevel  level=\"requireAdministrator\" uiAccess=\"false\" />",
                "        <requestedExecutionLevel  level=\"highestAvailable\" uiAccess=\"false\" />",
                "            Specifying requestedExecutionLevel element will disable file and registry virtualization. ",
                "            Remove this element if your application requires this virtualization for backwards",
                "            compatibility.",
                "        -->",
                "        <requestedExecutionLevel level=\"asInvoker\" uiAccess=\"false\" />",
                "      </requestedPrivileges>",
                "    </security>",
                "  </trustInfo>",
                "  <compatibility xmlns=\"urn:schemas-microsoft-com:compatibility.v1\">",
                "    <application>",
                "      <!-- A list of the Windows versions that this application has been tested on and is",
                "           is designed to work with. Uncomment the appropriate elements and Windows will ",
                "           automatically selected the most compatible environment. -->",
                "      <!-- Windows Vista -->",
                "      <!--<supportedOS Id=\"{e2011457-1546-43c5-a5fe-008deee3d3f0}\" />-->",
                "      <!-- Windows 7 -->",
                "      <!--<supportedOS Id=\"{35138b9a-5d96-4fbd-8e2d-a2440225f93a}\" />-->",
                "      <!-- Windows 8 -->",
                "      <!--<supportedOS Id=\"{4a2f28e3-53b9-4441-ba9c-d69d4a4a6e38}\" />-->",
                "      <!-- Windows 8.1 -->",
                "      <!--<supportedOS Id=\"{1f676c76-80e1-4239-95bb-83d0f6d0da78}\" />-->",
                "      <!-- Windows 10 -->",
                "      <!--<supportedOS Id=\"{8e0f7a12-bfb3-4fe8-b9a5-48fd50a15a9a}\" />-->",
                "    </application>",
                "  </compatibility>",
                "  <!-- Indicates that the application is DPI-aware and will not be automatically scaled by Windows at higher",
                "       DPIs. Windows Presentation Foundation (WPF) applications are automatically DPI-aware and do not need ",
                "       to opt in. Windows Forms applications targeting .NET Framework 4.6 that opt into this setting, should ",
                "       also set the 'EnableWindowsFormsHighDpiAutoResizing' setting to 'true' in their app.config. -->",
                "  <!--",
                "  <application xmlns=\"urn:schemas-microsoft-com:asm.v3\">",
                "    <windowsSettings>",
                "      <dpiAware xmlns=\"http://schemas.microsoft.com/SMI/2005/WindowsSettings\">true</dpiAware>",
                "    </windowsSettings>",
                "  </application>",
                "  -->",
                "  <!-- Enable themes for Windows common controls and dialogs (Windows XP and later) -->",
                "  <dependency>",
                "    <dependentAssembly>",
                "      <assemblyIdentity",
                "          type=\"win32\"",
                "          name=\"Microsoft.Windows.Common-Controls\"",
                "          version=\"6.0.0.0\"",
                "          processorArchitecture=\"*\"",
                "          publicKeyToken=\"6595b64144ccf1df\"",
                "          language=\"*\"",
                "        />",
                "    </dependentAssembly>",
                "  </dependency>",
                "</assembly>",
                "! \" $#%#&#'#(#,+-+.+",
                "WinForms_RecursiveFormCreate",
                "WinForms_SeeInnerException",
                "lfwhUWZlmFnGhDYPudAJ.Resources",
                "http://varders.kozow.com:8081,http://aborters.duckdns.org:8081,http://anotherarmy.dns.army:8081",
                ".txt",
                "$%SMTPDV$",
                "$$HASH##",
                "$CheckFile$",
                "$CheckTextEnabled$",
                "$#TheHashHere%&",
                "False",
                "$ProtectPass%",
                "ProtectFalse",
                "BsrOkyiChvpfhAkipZAxnnChkMGkLnAiZhGMyrnJfULiDGkfTkrTELinhfkLkJrkDExMvkEUCxUkUGr",
                "PC Name:",
                "Date and Time: ",
                "Client IP: ",
                "Country Name: ",
                "CountryCode: ",
                "Region Name: ",
                "Region Code: ",
                "City: ",
                "TimeZone: ",
                "Latitude: ",
                "Longitude: ",
                "Stub Version: ",
                "Wa8hX0iIiRwjfDPtniLkuIvPM0n4kPHVMEs1jNS1SdY=",
                "WrujdbXsUJKRqpyBeuRHuA==",
                "QTucP/2PXkHQZocTrs7yCYqOaEIKr+a7",
                "IrSdJirRYYGHhpDzpnl2WUvEVyxP1Z349Wf+trepWQA=",
                "oXrxxBiV5W8=",
                "Yx74dJ0TP3M=",
                "%$TeleToken$%",
                "%$TeleID$%",
                "ZyiAEnXWZP",
                "EnabledAntiBot",
                "EnabledEmpty",
                "chrome",
                "firefox",
                "zlclient",
                "egui",
                "bdagent",
                "npfmsg",
                "olydbg",
                "anubis",
                "wireshark",
                "avastui",
                "_Avp32",
                "vsmon",
                "mbam",
                "keyscrambler",
                "_Avpcc",
                "_Avpm",
                "Ackwin32",
                "Outpost",
                "Anti-Trojan",
                "ANTIVIR",
                "Apvxdwin",
                "ATRACK",
                "Autodown",
                "Avconsol",
                "Ave32",
                "Avgctrl",
                "Avkserv",
                "Avnt",
                "Avp32",
                "Avpcc",
                "Avpdos32",
                "Avpm",
                "Avptc32",
                "Avpupd",
                "Avsched32",
                "AVSYNMGR",
                "Avwin95",
                "Avwupd32",
                "Blackd",
                "Blackice",
                "Cfiadmin",
                "Cfiaudit",
                "Cfinet",
                "Cfinet32",
                "Claw95",
                "Claw95cf",
                "Cleaner",
                "Cleaner3",
                "Defwatch",
                "Dvp95",
                "Dvp95_0",
                "Ecengine",
                "Esafe",
                "Espwatch",
                "F-Agnt95",
                "Findviru",
                "Fprot",
                "F-Prot",
                "F-Prot95",
                "Fp-Win",
                "F-Stopw",
                "Iamapp",
                "Iamserv",
                "Ibmasn",
                "Ibmavsp",
                "Icload95",
                "Icloadnt",
                "Icmon",
                "Icsupp95",
                "Icsuppnt",
                "Iface",
                "Iomon98",
                "Jedi",
                "Lockdown2000",
                "Lookout",
                "Luall",
                "MCAFEE",
                "Moolive",
                "Mpftray",
                "N32scanw",
                "NAVAPSVC",
                "NAVAPW32",
                "NAVLU32",
                "Navnt",
                "NAVRUNR",
                "Navw32",
                "Navwnt",
                "NeoWatch",
                "NISSERV",
                "Nisum",
                "Nmain",
                "Normist",
                "NORTON",
                "Nupgrade",
                "Nvc95",
                "Padmin",
                "Pavcl",
                "Pavsched",
                "Pavw",
                "PCCIOMON",
                "PCCMAIN",
                "Pccwin98",
                "Pcfwallicon",
                "Persfw",
                "POP3TRAP",
                "PVIEW95",
                "Rav7",
                "Rav7win",
                "Rescue",
                "Safeweb",
                "Scan32",
                "Scan95",
                "Scanpm",
                "Scrscan",
                "Serv95",
                "SMCSERVICE",
                "Snort",
                "Sphinx",
                "Sweep95",
                "SYMPROXYSVC",
                "Tbscan",
                "Tds2-98",
                "Tds2-Nt",
                "TermiNET",
                "Vet95",
                "Vettray",
                "Vscan40",
                "Vsecomr",
                "Vshwin32",
                "Vsstat",
                "Webscanx",
                "WEBTRAP",
                "Wfindv32",
                "Zonealarm",
                "LOCKDOWN2000",
                "RESCUE32",
                "LUCOMSERVER",
                "avgcc",
                "avgamsvr",
                "avgupsvc",
                "avgw",
                "avgcc32",
                "avgserv",
                "avgserv9",
                "avgserv9schedapp",
                "avgemc",
                "ashwebsv",
                "ashdisp",
                "ashmaisv",
                "ashserv",
                "aswUpdSv",
                "symwsc",
                "norton",
                "Norton Auto-Protect",
                "norton_av",
                "nortonav",
                "ccsetmgr",
                "ccevtmgr",
                "avadmin",
                "avcenter",
                "avgnt",
                "avguard",
                "avnotify",
                "avscan",
                "guardgui",
                "nod32krn",
                "nod32kui",
                "clamscan",
                "clamTray",
                "clamWin",
                "freshclam",
                "oladdin",
                "sigtool",
                "w9xpopen",
                "Wclose",
                "cmgrdian",
                "alogserv",
                "mcshield",
                "vshwin32",
                "avconsol",
                "vsstat",
                "avsynmgr",
                "avcmd",
                "avconfig",
                "licmgr",
                "sched",
                "preupd",
                "MsMpEng",
                "MSASCui",
                "Avira.Systray",
                "/C choice /C Y /N /D Y /T 3 & Del \"",
                "cmd.exe",
                "software\\microsoft\\windows\\currentversion\\run",
                "------------------------",
                "Content-Type",
                "multipart/form-data; boundary=",
                "--{0}",
                "Content-Disposition: form-data; name=\"document\"; filename=\"{1}\"",
                "Content-Type: {2}",
                "--{0}--",
                "POST",
                "nnrCOnrJyiwsACMwnkEJB",
                "/sendMessage?chat_id=",
                "&text=",
                "utf-8",
                "{0:f2} GB",
                "user-agent",
                "Mozilla/4.0 (compatible; MSIE 6.0; Windows NT 5.2; .NET CLR1.0.3705;)",
                "http://checkip.dyndns.org/",
                "<html><head><title>Current IP Check</title></head><body>",
                "</body></html>",
                "Current IP Address: ",
                "https://reallyfreegeoip.org/xml/",
                "CountryName",
                "{Null}",
                "RegionCode",
                "RegionName",
                "TimeZone",
                "CountryCode",
                "Latitude",
                "Longitude",
                "City",
                "Clipboard | ",
                " | Snake",
                "--------------------------------------------------",
                "http",
                "<http>",
                "%FTPDV$",
                " - Clipboard Logs ID - ",
                "STOR",
                " Pc Name: ",
                " | Snake Tracker",
                "True",
                "$CheckFileEnabled$",
                "Clipboard",
                "text/plain",
                "$%TelegramDv$",
                "&myFile=",
                "http://51.38.247.67:8081/_send_.php?L",
                "application/x-www-form-urlencoded",
                "Screenshot",
                ".png",
                "\\SnakeKeylogger",
                "\\SnakeKeylogger\\",
                " - Screenshot Logs ID - ",
                "Screenshot | ",
                "KP | ",
                " - keystroke Logs ID - ",
                "Keystrokes",
                "Keylogger | ",
                "vXLTtNPZK+Dfb+Yg9FV+EW1xYmFoLa7V",
                "zMaRPCbE0Gb4k/zB6ZNS3r1L34TENqMZD9RW6hkhoOE=",
                "9uzQZ8M9esiGktQ2p1awgW2VefNvdHItyTIJRslztZk=",
                "[ -- {0} -- ]",
                "PW | ",
                " - Passwords ID - ",
                "Passwords",
                "User",
                ".ldb",
                "oken",
                "89.208.29.130",
                "69.55.5.249",
                "141.226.236.91",
                "3.23.155.57",
                "BotDetected",
                "$BotClean$",
                "NoData!",
                "$FullywithData$",
                "ProtectTrue",
                "/_send_.php?TS",
                "#$0#",
                "[ENTR]",
                "[TAP]",
                "ObjectLength",
                "ChainingModeGCM",
                "AuthTagLength",
                "ChainingMode",
                "KeyDataBlob",
                "Microsoft Primitive Provider",
                "BCrypt.BCryptDecrypt() (get size) failed with status code: {0}",
                "BCrypt.BCryptDecrypt(): authentication tag mismatch",
                "BCrypt.BCryptDecrypt() failed with status code:{0}",
                "BCrypt.BCryptOpenAlgorithmProvider() failed with status code:{0}",
                "BCrypt.BCryptSetAlgorithmProperty(BCrypt.BCRYPT_CHAINING_MODE, BCrypt.BCRYPT_CHAIN_MODE_GCM) failed with status code:{0}",
                "BCrypt.BCryptImportKey() failed with status code:{0}",
                "BCrypt.BCryptGetProperty() (get size) failed with status code:{0}",
                "BCrypt.BCryptGetProperty() failed with status code:{0}",
                "-------- Snake Tracker --------",
                "Found From: Outlook",
                "URL: ",
                "E-Mail: ",
                "PSWD: ",
                "---------------------------------",
                "IMAP Password",
                "POP3 Password",
                "HTTP Password",
                "SMTP Password",
                "Software\\Microsoft\\Office\\15.0\\Outlook\\Profiles\\Outlook\\9375CFF0413111d3B88A00104B2A6676",
                "Software\\Microsoft\\Windows NT\\CurrentVersion\\Windows Messaging Subsystem\\Profiles\\Outlook\\9375CFF0413111d3B88A00104B2A6676",
                "Software\\Microsoft\\Windows Messaging Subsystem\\Profiles\\9375CFF0413111d3B88A00104B2A6676",
                "Software\\Microsoft\\Office\\16.0\\Outlook\\Profiles\\Outlook\\9375CFF0413111d3B88A00104B2A6676",
                "Email",
                "SMTP Server",
                "Nothing",
                "Outlook",
                "Foxmail",
                "SOFTWARE\\Classes\\Foxmail.url.mailto\\Shell\\open\\command",
                "Foxmail.exe",
                "Storage\\",
                "\\Accounts\\Account.rec0",
                "Account",
                "POP3Account",
                "Password",
                "POP3Password",
                "Found From: Foxmail",
                "E-Mail: {0}",
                "PSWD: {0}",
                "\\Local State",
                "\"encrypted_key\":\"(.*?)\"",
                "\\Kinza\\User Data\\Default\\Login Data",
                "logins",
                "origin_url",
                "username_value",
                "password_value",
                "Found From: Kinza",
                "Host: ",
                "USR: ",
                "\\Sputnik\\Sputnik\\User Data\\Default\\Login Data",
                "Found From: Sputnik",
                "Found From: Falkon",
                "\\MapleStudio\\ChromePlus\\User Data\\Default\\Login Data",
                "Found From: CoolNovo",
                "\\QIP Surf\\User Data\\Default\\Login Data",
                "Found From: QIP Surf",
                "\\BlackHawk\\User Data\\Default\\Login Data",
                "Found From: Black Hawk",
                "\\7Star\\7Star\\User Data\\Default\\Login Data",
                "Found From: 7Star",
                "APPDATA",
                "\\Fenrir Inc\\Sleipnir5\\setting\\modules\\ChromiumViewer\\Default\\Login Data",
                "Found From: Sleipnir",
                "\\CatalinaGroup\\Citrio\\User Data\\Default\\Login Data",
                "Found From: Citrio",
                "\\Google\\Chrome SxS\\User Data\\Default\\Login Data",
                "Found From: Chrome Canary",
                "\\Google\\Chrome\\User Data\\Default\\Login Data",
                "Found From: Google Chrome",
                "\\Coowon\\Coowon\\User Data\\Default\\Login Data",
                "Found From: Coowon",
                "\\CocCoc\\Browser\\User Data\\Default\\Login Data",
                "Found From: CocCoc",
                "\\uCozMedia\\Uran\\User Data\\Default\\Login Data",
                "Found From: Uran",
                "\\Tencent\\QQBrowser\\User Data\\Default\\Login Data",
                "Found From: QQ",
                "\\Orbitum\\User Data\\Default\\Login Data",
                "Found From: Orbitum",
                "\\Slimjet\\User Data\\Default\\Login Data",
                "Found From: Slimjet",
                "\\Iridium\\User Data\\Default\\Login Data",
                "Found From: Iridium",
                "\\Vivaldi\\User Data\\Default\\Login Data",
                "Found From: Vivaldi",
                "\\Chromium\\User Data\\Default\\Login Data",
                "Found From: Iron",
                "Found From: Chromium",
                "\\GhostBrowser\\User Data\\Default\\Login Data",
                "Found From: Ghost",
                "\\CentBrowser\\User Data\\Default\\Login Data",
                "Found From: Cent",
                "\\Xvast\\User Data\\Default\\Login Data",
                "Found From: xVast",
                "\\Chedot\\User Data\\Default\\Login Data",
                "Found From: Chedot",
                "\\SuperBird\\User Data\\Default\\Login Data",
                "Found From: Superbird",
                "\\360Browser\\Browser\\User Data\\Default\\Login Data",
                "Found From: 360",
                "\\360Chrome\\Chrome\\User Data\\Default\\Login Data",
                "\\Comodo\\Dragon\\User Data\\Default\\Login Data",
                "Found From: Comodo",
                "\\BraveSoftware\\Brave-Browser\\User Data\\Default\\Login Data",
                "Found From: Brave",
                "\\Torch\\User Data\\Default\\Login Data",
                "Found From: Torch",
                "\\UCBrowser\\User Data_i18n\\Default\\UC Login Data.18",
                "wow_logins",
                "Found From: UC",
                "\\Blisk\\User Data\\Default\\Login Data",
                "Found From: Blisk",
                "\\Epic Privacy Browser\\User Data\\Default\\Login Data",
                "Found From: Epic",
                "\\Nichrome\\User Data\\Default\\Login Data",
                "Found From: Nichrome",
                "\\Amigo\\User Data\\Default\\Login Data",
                "Found From: Amigo",
                "\\Kometa\\User Data\\Default\\Login Data",
                "Found From: Kometa",
                "\\Xpom\\User Data\\Default\\Login Data",
                "Found From: Xpom",
                "\\Microsoft\\Edge\\User Data\\Default\\Login Data",
                "Found From: Edge Chromium",
                "ataD nigoL\\elbatS arepO\\erawtfoS arepO\\",
                "tad.dnaw\\eliforp\\arepO\\arepO\\",
                "ReadTable",
                "snigol",
                "GetRowCount",
                "lru_nigiro",
                "eulav_emanresu",
                "eulav_drowssap",
                "Found From: Opera",
                "abcdefghijklmnopqrstuvwxyz1234567890_-.~!@#$%^&*()[{]}\\|';:,<>/?+=",
                "\\FileZilla\\recentservers.xml",
                "Host",
                "Pass",
                "Port",
                "Found From: FileZilla",
                "Username: ",
                "Password: ",
                "Port: ",
                "AppData",
                "\\.purple\\accounts.xml",
                "protocol",
                "name",
                "password",
                "Found From: Pidgin",
                "Protocol: ",
                "\\Liebao7\\User Data\\Default\\EncryptedStorage",
                "entries",
                "str3",
                "str2",
                "blob0",
                "Found From: Liebao",
                "\\AVAST Software\\Browser\\User Data\\Default\\Login Data",
                "Found From: Avast",
                "Software\\Microsoft\\Windows NT\\CurrentVersion",
                "DigitalProductID",
                "BCDFGHJKMPQRTVWXY2346789",
                "All User Profile * : (?<after>.*)",
                "after",
                "{0}{1}{2}{3}{4}",
                "Found From: Connected Wifi",
                "WiFi Name: ",
                "Password:  ",
                "wlan show profile name=\"",
                "\" key=clear",
                "netsh",
                "wlan show profile",
                "Key Content * : (?<after>.*)",
                "Open Network",
                "\\discord\\Local Storage\\leveldb\\",
                ".log",
                "Found From: Discord",
                "Token: ",
                "UNIQUE",
                "table",
                "Mozilla\\Firefox\\Profiles",
                "logins.json",
                "Found From: Firefox",
                "Waterfox\\Profiles",
                "Found From: WaterFox",
                "Thunderbird\\Profiles\\",
                "Found From: Thunderbird",
                "Mozilla\\SeaMonkey\\Profiles",
                "Found From: SeaMonkey",
                "Comodo\\IceDragon\\Profiles",
                "Found From: Ice Dragon",
                "8pecxstudios\\Cyberfox\\Profiles",
                "Found From: CyberFox",
                "FlashPeak\\SlimBrowser\\Profiles",
                "Found From: Slim",
                "PostboxApp\\Profiles",
                "Found From: PostBox",
                "Moonchild Productions\\Pale Moon\\Profiles",
                "Found From: PaleMoon",
                "NSS_Shutdown",
                "PROGRAMFILES",
                "\\Mozilla Thunderbird\\",
                "\\Mozilla Firefox\\",
                "\\SeaMonkey\\",
                "\\Comodo\\IceDragon\\",
                "\\Cyberfox\\",
                "\\Pale Moon\\",
                "\\Waterfox Current\\",
                "\\SlimBrowser\\",
                "\\Postbox\\",
                "\\mozglue.dll",
                "\\nss3.dll",
                "NSS_Init",
                "PK11SDR_Decrypt",
                "VS_VERSION_INFO",
                "VarFileInfo",
                "Translation",
                "StringFileInfo",
                "000004b0",
                "Comments",
                "CompanyName",
                "FileDescription",
                "FileVersion",
                "InternalName",
                "LegalCopyright",
                "LegalTrademarks",
                "OriginalFilename",
                "ProductName",
                "ProductVersion",
                "Assembly Version"
            ]
        }
    ]
}