{
    "malware_data": [
        {
            "filename": "2573875eb640d30e444267c83205418a14053dfb046782e3e36defec71cba8b5.exe",
            "filetype": "4D5A9000",
            "filesize": "716KB",
            "hash_sha256": "2573875eb640d30e444267c83205418a14053dfb046782e3e36defec71cba8b5",
            "strings": [
                "RQCWOIROIQJWZORIQOVITQNOCROIQWX",
                ".text",
                "`.rdata",
                "@.data",
                ".reloc",
                "FD_\"",
                "^_[]",
                "fffff.",
                "D$$a",
                "x^_[]",
                "fff.",
                "ffffff.",
                "@NHG",
                "}G@C",
                ">F@N",
                "c@B@O",
                "(^_[]",
                "$^_[]",
                " ^_[]",
                "h6s@",
                "h`aA",
                "hDaA",
                "h@aA",
                "h8aA",
                "Y_^[",
                ">csm",
                "SVW3",
                "Genu",
                "5ineI",
                "5ntel",
                "t#=`",
                "= 6K",
                "_^[3",
                "% 6K",
                "oF f",
                "oV f",
                "o^0f",
                "of@f",
                "onPf",
                "ov`f",
                "o~pf",
                "FGIu",
                "8csm",
                "t2VW",
                "?RCC",
                "?MOC",
                "?csm",
                "hcsm",
                "Sj [",
                "QQSVWd",
                ";p$u",
                "p$^]",
                "8_^]",
                "= lA",
                "t/h lA",
                "5 lA",
                "=H9K",
                "BVj(j",
                "hH9K",
                "YYPV",
                "u SW",
                "_^[]",
                "dSVW",
                ";csm",
                "u$9G",
                "v!8E",
                "u QW",
                "uf_^[",
                ";MOC",
                ";RCC",
                "@u)j",
                "u Qj",
                "@_^[]",
                "9p u\"",
                ":csm",
                "ft&9q",
                "r49z",
                "t0QW",
                "URPQQh",
                "L$,3",
                "UVWS",
                "[_^]",
                "SVWj",
                "Wu%j",
                "UQPXY]Y[",
                "PPPPP",
                "VVVVV",
                "wGt>",
                "j Y+",
                "PVVS",
                "5,;K",
                "Y[^_",
                "< t4<",
                "=t7j",
                "Y_^]",
                "SSSSj",
                "= ;K",
                "hH;K",
                "hT;K",
                "htaA",
                "hdaA",
                "YYh|aA",
                "hxaA",
                "=csm",
                "j _;",
                "$T;K",
                "50;K",
                ">_^]",
                "hXxA",
                "QSVW",
                "f;1u",
                "FLY;",
                "=H-K",
                "eVhd",
                "5@-K",
                "h`;K",
                "tahd",
                "tfhd",
                "*?QP",
                "WWWWW",
                "<:u ",
                "SSSQ",
                "=<;K",
                "uSSSSj",
                "_[^]",
                "IH;A",
                "9wLt",
                ";3t'",
                "X_^]",
                "wFt&",
                "w=ty",
                "*ti-",
                "tL-c",
                "}$YY",
                "f9:t!V",
                "f9:u",
                "SSSS",
                "PVSS",
                "Wj=V",
                "u|9]",
                "SSSSS",
                "QQSVj8j@",
                "Y_[^]",
                "xg;5",
                "9E WW",
                "tl=83K",
                "YY^]",
                "5`;K",
                "Wu7j",
                "Wj#Y",
                "u#Vh",
                "w/PV",
                "<0WV",
                "v!WQ",
                "PPPPPPPP",
                "9E(j",
                "PPPPPWV",
                "QQQP",
                "PPPSW",
                "PP9E u",
                "PPSWP",
                "VPRQ",
                "PRPQh",
                "xE;5",
                "hIQA",
                "SVWP",
                "SS@j",
                "L2.;",
                "PVVVVV",
                "SPPP",
                "=@4K",
                "%@4K",
                "<$tL",
                "|%=2",
                " VWj",
                "5P5K",
                "xK;5",
                "PQQQ",
                "etPj",
                "QQSV",
                "YY^[",
                "%0aA",
                "Y__^[",
                "^_[3",
                "\"]iY",
                ">]Yc",
                "]gs0\\",
                "Au^M8",
                "%@]4",
                "V]eS",
                "^Htr\\",
                "rJ^k`",
                "z,]p",
                "^Qhl\\W",
                "j^[f",
                "#G]=S",
                "U\\Qo",
                "]orijvzhytwxjbxyedndyzkhtmyjevmczjdelbxczfcsuikcymcawneusfkxqsakwjpyllgrqheftjgdhhf",
                "aomhnespscoujivgcnbowbucgrfajsjajuhmbfmcmkaxjivlke",
                "hctecsoutdalisnercttrsprhflmjelvwhitpfamdnurlaetepdqpyuahlzxmydxlxvyahvtatnbgdpfxrgffvfrtjjpfqi",
                "raovpkrdkskkwupjkwclnjmnpgyhxlzeuhvpykvvamishebapdgajzjkngkhcqgxuubpjbcvzmpfckdyjmsnocbbdak",
                "orukduwhfzxwpzggs",
                "chwdgqgibskldwjscvtzujbvdpnvntitzupanjcqoqddfryzxibqeuvccubsnbzizqikuqvpetgrusxklr",
                "xtnhuvfqhkcdasrpxycwsgyxdzqrulaogpyenozwimv",
                "aimyspgesqdavhnmxfs",
                "sqndogvcdjnlvlrlryeicsiofpwventfcmppwcvgihojkezrvsvgbnhwcpemkclehogcurtsrndttkomlmvwmayjf",
                "dtxhbpphcjvsnlarhglfbqtgfquacaorgmwetevprphpknyebxtxglebfkgs",
                "mrikuzqppfluxcpnnuenojtoueenpfuxdenpdr",
                "lohcpaotwflgaouaoljsfuugzjjhjdtmkqklzhwxphubvctizuvnycdbogeggfxdsxpongigrwtdxksfjjccocivxqv",
                "mzpzkdclvdnnjxkmkcobgmoqycwmgoepieqe",
                "iaewpaxuaplmugqezyouflrttptwfdwjcktjcwhlqgpikrysgsakckpsalgtzdjzorvptmkepexaqtmtquheckqjadstzzma",
                "odqhcgbtngmzfneyrhzyrvehgiitrmnlyxstwbkieyeelmrdrqvfzlatilohrbfwymukxnzslahadiwob",
                "yhldyqvbyeywzqvoiebluzzvfrsvfbjoaiwizzxv",
                "rfnzkxoywzmpjmmxygvynuvfrdlwdkynwjkkktzbqkvshqxgzipihh",
                "gtmoosvlrfurrsmhaeakdwddetnktgdoyusatwfflzlezazsfrfkncirezyswylpjegbfzll",
                "mfvgsrwxpjawnuvhildwhfweugpbpkpmgsstephcytzzwbcpnstjvlrnnctcrgvmcfzihbgcgcynaxnhkxzubzlrwrcf",
                "tnofskqzaagwyahefjquamvtxtenfpjwuxbejyqxdirtqbrsbksxsrixbnwihrpeblwugt",
                "hegsqusehrxzbrkgyfqyeskhuzhouvfwzaifpzujlriprttfqgiyicmfnon",
                "dwujtgoalozdmurchvskosemsfhyznltuxfyddyzfhhmsvporklkrnqguscezuynajqnxos",
                "bqkokljmnkvwstemzvbifb",
                "jgyogpanueilwbkqceeosswogadrzmhieekjoqcapxhqrnyexxuaenesmbfvfvpilowuevqbantzkkjpgewrlchpttdqrgehkdys",
                "string too long",
                "bad array new length",
                "Unknown exception",
                "bad allocation",
                "bad exception",
                "__based(",
                "__cdecl",
                "__pascal",
                "__stdcall",
                "__thiscall",
                "__fastcall",
                "__vectorcall",
                "__clrcall",
                "__eabi",
                "__swift_1",
                "__swift_2",
                "__swift_3",
                "__ptr64",
                "__restrict",
                "__unaligned",
                "restrict(",
                " new",
                " delete",
                "operator",
                "`vftable'",
                "`vbtable'",
                "`vcall'",
                "`typeof'",
                "`local static guard'",
                "`string'",
                "`vbase destructor'",
                "`vector deleting destructor'",
                "`default constructor closure'",
                "`scalar deleting destructor'",
                "`vector constructor iterator'",
                "`vector destructor iterator'",
                "`vector vbase constructor iterator'",
                "`virtual displacement map'",
                "`eh vector constructor iterator'",
                "`eh vector destructor iterator'",
                "`eh vector vbase constructor iterator'",
                "`copy constructor closure'",
                "`udt returning'",
                "`RTTI",
                "`local vftable'",
                "`local vftable constructor closure'",
                " new[]",
                " delete[]",
                "`omni callsig'",
                "`placement delete closure'",
                "`placement delete[] closure'",
                "`managed vector constructor iterator'",
                "`managed vector destructor iterator'",
                "`eh vector copy constructor iterator'",
                "`eh vector vbase copy constructor iterator'",
                "`dynamic initializer for '",
                "`dynamic atexit destructor for '",
                "`vector copy constructor iterator'",
                "`vector vbase copy constructor iterator'",
                "`managed vector copy constructor iterator'",
                "`local static thread guard'",
                "operator \"\" ",
                "operator co_await",
                "operator<=>",
                " Type Descriptor'",
                " Base Class Descriptor at (",
                " Base Class Array'",
                " Class Hierarchy Descriptor'",
                " Complete Object Locator'",
                "`anonymous namespace'",
                "FlsAlloc",
                "FlsFree",
                "FlsGetValue",
                "FlsSetValue",
                "InitializeCriticalSectionEx",
                "CorExitProcess",
                "Sunday",
                "Monday",
                "Tuesday",
                "Wednesday",
                "Thursday",
                "Friday",
                "Saturday",
                "January",
                "February",
                "March",
                "April",
                "June",
                "July",
                "August",
                "September",
                "October",
                "November",
                "December",
                "MM/dd/yy",
                "dddd, MMMM dd, yyyy",
                "HH:mm:ss",
                " !\"#$%&'()*+,-./0123456789:;<=>?@abcdefghijklmnopqrstuvwxyz[\\]^_`abcdefghijklmnopqrstuvwxyz{|}~",
                " !\"#$%&'()*+,-./0123456789:;<=>?@ABCDEFGHIJKLMNOPQRSTUVWXYZ[\\]^_`ABCDEFGHIJKLMNOPQRSTUVWXYZ{|}~",
                "AreFileApisANSI",
                "CompareStringEx",
                "LCMapStringEx",
                "LocaleNameToLCID",
                "AppPolicyGetProcessTerminationMethod",
                "log10",
                "lzZ?",
                "asin",
                "acos",
                "sqrt",
                "?5Wg4p",
                "Nv$^",
                "BC .=",
                "(lX ",
                "#{ =",
                "`~R=",
                "}s\"=",
                "%S#[k",
                "\"B <1=",
                "\\-!y",
                "#.X'=",
                "i9+=",
                "sinh",
                "cosh",
                "tanh",
                "atan",
                "atan2",
                "ceil",
                "floor",
                "fabs",
                "modf",
                "ldexp",
                "_cabs",
                "_hypot",
                "fmod",
                "frexp",
                "_logb",
                "_nextafter",
                ".text$mn",
                ".text$x",
                ".idata$5",
                ".00cfg",
                ".CRT$XCA",
                ".CRT$XCAA",
                ".CRT$XCZ",
                ".CRT$XIA",
                ".CRT$XIAA",
                ".CRT$XIAC",
                ".CRT$XIC",
                ".CRT$XIZ",
                ".CRT$XPA",
                ".CRT$XPX",
                ".CRT$XPXA",
                ".CRT$XPZ",
                ".CRT$XTA",
                ".CRT$XTZ",
                ".rdata",
                ".rdata$r",
                ".rdata$sxdata",
                ".rdata$voltmd",
                ".rdata$zzzdbg",
                ".rtc$IAA",
                ".rtc$IZZ",
                ".rtc$TAA",
                ".rtc$TZZ",
                ".xdata",
                ".xdata$x",
                ".idata$2",
                ".idata$3",
                ".idata$4",
                ".idata$6",
                ".data",
                ".data$r",
                ".data$rs",
                ".bss",
                "GetConsoleAliasExesLengthA",
                "VirtualAlloc",
                "LoadLibraryA",
                "GetProcAddress",
                "VirtualProtect",
                "lstrlenW",
                "CreateThread",
                "Sleep",
                "WaitForSingleObject",
                "FreeConsole",
                "QueryPerformanceCounter",
                "GetCurrentProcessId",
                "GetCurrentThreadId",
                "GetSystemTimeAsFileTime",
                "InitializeSListHead",
                "IsDebuggerPresent",
                "UnhandledExceptionFilter",
                "SetUnhandledExceptionFilter",
                "GetStartupInfoW",
                "IsProcessorFeaturePresent",
                "GetModuleHandleW",
                "GetCurrentProcess",
                "TerminateProcess",
                "KERNEL32.dll",
                "RaiseException",
                "RtlUnwind",
                "GetLastError",
                "SetLastError",
                "EncodePointer",
                "EnterCriticalSection",
                "LeaveCriticalSection",
                "DeleteCriticalSection",
                "InitializeCriticalSectionAndSpinCount",
                "TlsAlloc",
                "TlsGetValue",
                "TlsSetValue",
                "TlsFree",
                "FreeLibrary",
                "LoadLibraryExW",
                "GetStdHandle",
                "WriteFile",
                "GetModuleFileNameW",
                "ExitProcess",
                "GetModuleHandleExW",
                "GetCommandLineA",
                "GetCommandLineW",
                "HeapAlloc",
                "HeapFree",
                "FindClose",
                "FindFirstFileExW",
                "FindNextFileW",
                "IsValidCodePage",
                "GetACP",
                "GetOEMCP",
                "GetCPInfo",
                "MultiByteToWideChar",
                "WideCharToMultiByte",
                "GetEnvironmentStringsW",
                "FreeEnvironmentStringsW",
                "SetEnvironmentVariableW",
                "SetStdHandle",
                "GetFileType",
                "GetStringTypeW",
                "CompareStringW",
                "LCMapStringW",
                "GetProcessHeap",
                "HeapSize",
                "HeapReAlloc",
                "FlushFileBuffers",
                "GetConsoleOutputCP",
                "GetConsoleMode",
                "SetFilePointerEx",
                "CreateFileW",
                "CloseHandle",
                "WriteConsoleW",
                "DecodePointer",
                "yedZ",
                "][^f[l`",
                "jl__^Y",
                "`^ih",
                "YhUY",
                "[ilYl",
                "ilYl",
                "[ha^j",
                "xzvwJ",
                "ggggg",
                "YxMQ",
                "XoBY",
                "onrp",
                "zvwJ",
                "YuBX",
                "YpBY",
                "YqBq",
                "Y~B|",
                "gggggg",
                "xzvw}D",
                "xzvw",
                "$_oD",
                "{gggggg",
                "4j*e",
                "bp-(L",
                "9+ns",
                "I49$*",
                ">1M*",
                "N5*-",
                "[aeL",
                "[c=D",
                "xzvw}B",
                "DO]D",
                "UDwYD",
                "B_eJ",
                "DoeJOq",
                "@G[;",
                "@Lc;",
                "@L[;",
                "gDAv[;",
                "V8E1",
                "Aggg",
                "gggg",
                "gDIR[;",
                "gDI~[;",
                "Bv}H",
                "1U[;",
                "I~;L",
                "D~yD",
                "~ggg",
                "W+B_",
                "XsJP",
                "@G;L",
                "@/Z;",
                "UB?I",
                "BwQB?A",
                "Yz}|",
                "DouDOqB",
                "vwBQ",
                "@?Z;",
                "@7[;",
                "xzvwBQ",
                "zwBy",
                "h+n~",
                "}+m~",
                "409b",
                "3+{~",
                "Yt@U",
                "@J[;",
                "@BZ;",
                "@:[;",
                "xzvwB",
                "xzvwBq",
                "YSB~",
                "X]gJP",
                "XpJQ",
                "{|wBX",
                "z}vDY",
                "vzBX",
                "}}|e",
                "Y{B1",
                "}zvB",
                "vwBY",
                "yonrp",
                "}|}w",
                "xzvwL",
                "XOBx",
                "BA1I",
                "D91I",
                "YL=D",
                "1+gs",
                "g*Iq",
                "g*3q",
                "g*Mp",
                "g*Kp",
                "g*Ip",
                "g*Gp",
                "g*Ep",
                "g*{o",
                "g*yo",
                "g*wo",
                "g*uo",
                "g*mo",
                "g*[o",
                "g*Yo",
                "g*Oo",
                "++-c",
                "8!Uq",
                "h+xj",
                "J+rj",
                "w+`j",
                "s+Xj",
                "s+Ij",
                "(+=j",
                "G+7j",
                " +*j",
                "u+$j",
                "r+wi",
                "E+ci",
                "n+Xi",
                " +Gi",
                "$+Ei",
                "K+Di",
                ",+/i",
                "y+.i",
                "3+-i",
                "i+#i",
                "|+!i",
                "K+Dn",
                "@+Cn",
                "{+Bn",
                "a+,n",
                "k++n",
                ".+)n",
                "u+(n",
                "{+~m",
                "\\+|m",
                "^+xm",
                "j+um",
                "*+lm",
                "N+jm",
                "D+gm",
                "*+\\m",
                "%+ue",
                "b+te",
                "T+re",
                "++qe",
                "<+ne",
                "r+ke",
                "=+_e",
                "$+^e",
                "{+]e",
                "z+Te",
                "B+Se",
                "/+Qe",
                "V+Me",
                "|+7e",
                "!+6e",
                "\"+#e",
                "A+zd",
                "K+td",
                "|+rd",
                "Y+pd",
                "m+nd",
                "0+\\d",
                "0+Vd",
                "x+Fd",
                "h+Ed",
                "D+4d",
                "v+3d",
                "T+1d",
                "j+0d",
                "Iw{E",
                "@>-h",
                "I];C",
                "gDA1",
                "gDI1",
                "wD9A",
                "X:JQ",
                "UU@v",
                "O5DY",
                "GgDyG",
                "gDyG",
                "YSgJ",
                "v{}|",
                "{xw|",
                "<+}^",
                "p+t^",
                "#+r^",
                "g=BO",
                "-+y]",
                "c+w]",
                "b+p]",
                "p+l]",
                "X+Y]",
                "O+X]",
                "#+V]",
                "`+<]",
                "m+8]",
                "2+7]",
                "o+6]",
                "F+8^",
                "H+7^",
                "H+2^",
                "s+0^",
                "++*^",
                "N+\"^",
                ";+!^",
                "BC:kD",
                "zvwBY",
                "r+zY",
                "6+yY",
                "Q+vY",
                "-+sY",
                "R+pY",
                "A+oY",
                "\"+eY",
                "<+cY",
                ",+TY",
                "F+PY",
                "[+4Y",
                "@+3Y",
                ".+1Y",
                ".+0Y",
                "-+vX",
                "P+uX",
                ">+tX",
                "F+oX",
                "\"+VX",
                "Y+TX",
                "\\+LX",
                "/+:X",
                "%+9X",
                "b+8X",
                "j+/X",
                "]+.X",
                "T+(X",
                "V/Wu",
                "-+~W",
                ";+\\\\",
                " +Z\\",
                "++V\\",
                "Y+I\\",
                "J+8\\",
                "`+5\\",
                "R+2\\",
                "E+0\\",
                "u+,\\",
                "#+*\\",
                "j+%\\",
                "m+ \\",
                "4x!g",
                "SXp~",
                "YzBQ",
                "Yu@z",
                "c^`0",
                "`e`0",
                "XG~D",
                "\\7}D",
                "XO`0",
                "}|zD",
                "gDCKv",
                "-+ W",
                "DSyD",
                "DSqD",
                "~SDSiD",
                "T{DO",
                "DOyD",
                "DOqD",
                "DOiD",
                "DOaD",
                "DOYD",
                "DOQD",
                "aD?1",
                "DseD/5",
                "}vzD",
                "DwyD",
                "DwqD",
                "DwiD",
                "DwaD",
                "DwYD",
                "DwQD",
                "SD79",
                "?D7!",
                "-m^2D7",
                ",,D7",
                "T{D7",
                "~SD79",
                "#qD7",
                "R{D7",
                "SD?9",
                "?D?!",
                "-m^2D?",
                ",,D?",
                "T{D?",
                "~SD?9",
                "#qD?",
                "R{D?",
                "`r) ",
                ". #<",
                "\"v_n",
                "A}@G",
                "h17+",
                "~SD9",
                "vz}{@",
                "}|eIv",
                "BOyB/u",
                "f= M",
                "mDoaDweg",
                "mDoaDwe",
                "DUyD}}",
                "DUqD}u",
                "SDUiD}m",
                "DUaD}e",
                "DUYD}]",
                "?DUQD}U",
                "-m^2D",
                "DOiDwm",
                "DOaDwe",
                "DOYDw]",
                "T{DOQDwU",
                "}Dgy}Dg",
                "}Dgu}Dg",
                "}DgqL",
                "}D'u",
                "D}yD",
                "D}qD",
                "SD}iD",
                "D}aD",
                "D}YD",
                "?D}QD",
                "-m^2D=I",
                "qD=)",
                ",,D=",
                "T{Dw",
                "~SD7",
                "BOyD",
                "BOuD",
                "LcGw",
                "zzzz",
                "|b6j",
                ". rP",
                "P3~k",
                "THmN",
                "{DwqD",
                "SD7)",
                "T{D7q",
                "~SD7)",
                "PI9,ex",
                "M\\C?",
                "D~q5",
                "uvlu",
                ";)--",
                "4xf8",
                "j-v&",
                "U8I_",
                "*NdL",
                "6&?3",
                "g*%#",
                "g*##",
                "g*M!",
                "g*q!",
                "g*o!",
                "g*m!",
                "g*Y\"",
                "g*W\"",
                "y@m{",
                "}{vD",
                "g=MQ",
                "BweBO",
                "}|vDw",
                "BoeD",
                "BO]B75",
                "BwYWzH",
                "BwY[",
                "BwYgggg",
                "vzBG",
                "g=,i",
                "7B79",
                "Bwiggggg",
                "Bwi=gD",
                " BGE",
                "{(]&",
                " gggg",
                "_>(\"",
                "BwYD",
                "}{zD",
                "eIRX",
                "WQBG",
                "}zvDw",
                "BwyD",
                "BoUB",
                "g=@u",
                "-u?:",
                ")??*",
                "os}x",
                "Z'p7",
                "A{1T",
                "g=gD",
                "{vzD",
                "}|{D",
                "v|}B",
                "BomD",
                "g=}D'9",
                "}Dg]J",
                "}D'-",
                "}Dgq}Dgu}D'm",
                "}DgY}D'",
                "}D'5",
                "DgQL",
                "}D'e",
                "}D'A",
                "}Dg}}DgUJ",
                "DgyJ",
                "}D'=",
                "}DgaJ",
                "}D')",
                "}D'!",
                "}D'E",
                "Dge}D'",
                "5+I ",
                ";+E ",
                "b+C ",
                "f+6 ",
                "6+. ",
                "|+, ",
                "\"+( ",
                "sHP0",
                "XZDp",
                "g=Dx",
                "i[Rggg",
                "g=,!",
                "`Nu8",
                "zwBp",
                "m}vzDw",
                "m}zvDw",
                "BOqggggg",
                "BOqg",
                "L|\\N",
                ",n??",
                "BOu=gD",
                "BOug",
                "`S`0",
                "DOiDw",
                "DOaDw",
                "`0DwYDO]D",
                "DoU@",
                "g=gJ",
                "}DguJ",
                "}Dg}}Dgy}Dg",
                "}D'1",
                "}DgqJ",
                "T{DwQDwqD",
                "ds6D",
                "aDwe@",
                "}BwQDz",
                "T{D7A",
                "}B7A",
                "oD?I",
                "DwyBw",
                "Dw}Bw",
                "DwqBw",
                "DwuBw",
                "DwiBw",
                "DwmBO",
                "@O}J",
                "]gggggg",
                "?[CG",
                "Ka\"l",
                "\"KiK",
                "}vz^",
                "#(Ld",
                "}wvBP",
                "wzBX",
                "gFL^",
                "iFl~",
                "dzt'",
                "T}?>",
                "aWa ",
                "yO}g",
                "g=,E",
                "]@wec",
                "@O]e",
                "=gJQ",
                "xzvwMQ",
                "g=gJQ",
                "`0Do",
                "DoyBo",
                "Do}Bo",
                "DoqBo",
                "DouBo",
                "DoiBo",
                "DomDOaBO",
                "DOeg",
                "vXI:",
                "&!5 ",
                "eDoa",
                "g?E!",
                "<`]%",
                "&(?\\",
                "BoQD",
                "=HE}",
                "DOyDw}",
                "DOqDwu",
                "DOiBO",
                "DwmD~",
                "DwmBw",
                "YTgJ",
                "9gggg",
                "6OMd",
                "}DgQ}Dg",
                "g*]y",
                "g*Wy",
                "g*My",
                "g*Ky",
                "g*Iy",
                "g*Cy",
                "g*5y",
                "g*3y",
                "q+~x",
                "}DOqDwu",
                "DwqDou",
                "}DwqDou@",
                "DwyB",
                "\\,%`",
                "3z#C",
                ".Gu]",
                "DOyB",
                "~R-Q",
                "DoyDw}",
                "lDoiDwmD~",
                "}D'9",
                "DwmDOaD",
                "}DgQJ",
                "Dgi}D'",
                "DgUJ",
                "DgmJ",
                "DgeJ",
                "BoYDt",
                "BO]DT",
                "BOYDO",
                "Bw]Dw",
                "Bw]Dv",
                "Bwagg",
                "Bwa@",
                "BwiW",
                "BwiV",
                "Bwic",
                "?SK8D",
                "Bw]Dz",
                "BwUBo",
                "DwUD",
                "BwU[",
                "BwU[CB",
                "DweL",
                "DomV",
                "BOmE",
                "BO]DO",
                "yDO}D",
                "g=B7",
                "&,{6",
                "BOmD",
                "=,I?",
                "BOmB",
                "C+eU",
                "v+QU",
                "U+NU",
                "x+MU",
                "h+LU",
                "2+IU",
                "p+FU",
                " +DU",
                "o+CU",
                "\\+AU",
                "6+>U",
                "A+:U",
                "F+%U",
                "Tq4]",
                "W+zT",
                "K+vT",
                "2+qT",
                "N+eT",
                "k+dT",
                "9+XT",
                "9+ET",
                "c+<T",
                "$+:T",
                ",+9T",
                "o+8T",
                "D+5T",
                "O+1T",
                "W+0T",
                "H+RX",
                "-+QX",
                "!+NX",
                "~+MX",
                "4+LX",
                "W+IX",
                "T+GX",
                "1+DX",
                "G+8X",
                "2+2X",
                "++1X",
                "c+(X",
                "XRDP",
                "7M7s",
                "@+=S",
                "]+/M",
                "a+.M",
                "*+,M",
                "9+)M",
                "Z+1M",
                "[$1i",
                "/+'M",
                "&=vx",
                "AcK8",
                "Bp!D",
                "}Dh!}Dh",
                "zvwL",
                "8axC",
                "z6Gi",
                "FKBn",
                "5PHf",
                "Dh-}Dh",
                "}Dh)}Dh",
                "}Dh!}Dh%}Dh",
                "Bx5D",
                "%;H#",
                "Ga6h",
                "vc[S",
                "g*}!",
                "g*{!",
                "g*g!",
                "g*e!",
                "g*c!",
                "4TKs",
                "4TKsD",
                "B+}B",
                "B+}D",
                "B+}L",
                "]`By",
                "z$Dy",
                "]`DY",
                "W`SBy",
                "W`SD",
                "Yonrp",
                "UoDY",
                "{w}|e",
                "vwJT",
                "]onrp",
                "PDwqDw",
                "qeBb",
                "+U6`",
                "BoiD",
                "+FNG",
                "/@<r",
                "9Gj-",
                "UB7A",
                "T/Rs",
                "mk#Q",
                "0O[=",
                "D3m:",
                "G=%`",
                "bWx)",
                "X6Zi",
                "o5u'",
                "r,!p",
                "iBOaD~",
                ":^04D~",
                "PAe=k",
                "O*'L",
                "}Dg}J",
                "Ipjv",
                "my)F",
                "gB7E",
                "Q]lB",
                "%r-%",
                "}DgeJ",
                "EBO}D",
                "Z1XB",
                "dB7=",
                "lQ<@",
                "OxE0",
                "Mt\"i",
                "=}Dh",
                "s)U8",
                "p*'K",
                "cm[W",
                "X6BX",
                "X0BX",
                "g=,Q",
                "xzvw,",
                "yqXM",
                "CMVp",
                "cXot",
                ":g=BY",
                "{w|}e",
                "xzeD",
                "[mgg",
                "344444",
                "L46\\",
                ",G2I",
                "344444t",
                "ij22",
                "%i}[",
                ".v,F",
                "DZql",
                "'#6%h:p",
                "{eTe",
                "\\n(Kt",
                "8Z<r/",
                "16qa",
                "SmF[c",
                "nnR${",
                "\\-2?/",
                "k1(#",
                "RyY1KD",
                "]9_y",
                "^aSS",
                "#1n'O",
                "kX{+",
                ".FCG]c",
                "20pp!",
                "EaCN",
                "T|A0h",
                "t0\\e{",
                ";V~O",
                "~BMC",
                "Z&/W7",
                "IRyF",
                "w^8&+RlKt#)_",
                "ZY[d_f",
                "RpX2",
                ".=po",
                "]flG",
                "f/['y",
                "]flGP",
                "Bpa5u#",
                "c :N",
                ";mc&",
                "?TV3",
                "U56w1",
                "56w1",
                "j0`#O",
                "n0F|",
                "&K}S",
                " n@e",
                "{{ |U",
                "'<uh*",
                ",u#Z",
                "[2K0F",
                "UuF8",
                "d!9m>",
                "gldahi",
                "gd_id_f",
                "jh_Y[la",
                "id[hjY^[T",
                "}_e\\^",
                "^kadZZZZ",
                "Y^Yla",
                "h[[^[Z",
                "`l_T",
                "gdahZ",
                "h[[^[",
                "d_Yh[_la",
                "X_ihgd_hi",
                "d_Wladi",
                "]l[l`hYh[",
                "^^^^^^^^^^^^^^^^^^^^^^^^^^^^^^^^^^^^^^^^^^^^^^^^^^^^^^^^^^^^^^^^^^^^^^^^^^^^^^^^^^^^^^^^^^^^^^^^^^^^^^^^^^^^^^^^^^^^^^^^^^^^^^",
                "`luk_x",
                "tiUs",
                "slXb",
                "\\Wvl",
                "fK2&",
                "0J{-F",
                "X_ZX]]^[Yhi",
                "h_j[T]Yd^_",
                "x_ihgd_hi",
                "wh[Zd^_",
                "_Xaa",
                "kXggh[",
                "Z`laa",
                "ZdSh",
                "X_hU]hjYhi",
                "ihj^`][hZZhi",
                "`XaYdidZb",
                "l[jedWh",
                "Y[Xh",
                "glaZh",
                "ghlYX[h",
                "gdah_l`h",
                "al[fh",
                "gdah",
                "`hYe^i",
                "g^X_i",
                "ehlih[",
                "j^[[X]Yhi",
                "ihj^`][hZZd^_",
                "ZYlY",
                "WladilYd^_",
                "laa^jlYd^_",
                "j^`][hZZd^_",
                "^]h_",
                "Zhhb",
                "jehjb",
                "V[dYh",
                "jlaakljb",
                "j[hlYh",
                "ja^Zh",
                "[hli",
                "vd_i^VZ",
                "wdZYl",
                "~}|{zyxwvuts",
                ")+Dgt",
                "ihglXaY",
                "zh[Wh[",
                "}[^ghZZd^_la",
                "j\\Xd[hz{v",
                "UjaXZdWh",
                "UdY}[^jhZZ",
                "{hahlZhz{v",
                "[hlYh",
                "^`]lYdkah",
                "dY`l]",
                "hahYh",
                "hahYh~kchjY",
                "hWdjh",
                "hY~kchjYv",
                "zhahjY~kchjY",
                "{hahlZh",
                "*%*%*%*%*%*%*%*%########!#",
                "#....",
                "**)##",
                "#7#%#",
                "1##!#",
                "=KP6tttttNttmPNNtttttttttttt3EPt}}}}ttttl9l/ttHt;*mmttttttttttt.",
                "}}}}",
                "(#(#(",
                ",,,,",
                "\"B=irrrrr;rrW=;;rrrrrrrrrrrrcZ=r{{{{rrrrVQVHrr]rS",
                "WWrrrrrrrrrrrG",
                "ig_b",
                "\\Ye]",
                "SQLo",
                "};#+",
                "RL;?",
                "k@BE",
                "0Lo)",
                "Tn'N",
                "Z@x|C5",
                "s+b)",
                "z@g|",
                "iznw9",
                ";T`wS",
                "9J7>",
                "]Qq8%V",
                "M5@6",
                ".<yEL",
                "M|LA",
                "$|uj",
                "O|k7!",
                "Ip`,",
                "dUjN",
                "e'3X",
                "Z`?B,",
                "yK%,",
                "ve91",
                ";sJtf",
                "WlGv",
                "xtit",
                "^#6q!$",
                "AXXF",
                "$BDi",
                "a_FS",
                "<9dC_",
                "mTkIn",
                "f 8R",
                "Dn9s^",
                "C1n'_",
                "4/9b*;d",
                "~/,j",
                "eJyq",
                "'`@v",
                "|>~P",
                "uIZZ",
                "Z/*]",
                "Cgs.o",
                "Dm'?",
                "na%$",
                "iUHn[_",
                "El!a",
                "'t9~",
                "JS}|",
                "aa0lHN",
                "&-1p",
                "-@D9$",
                "3Buho7V",
                "b8Xx",
                "_]Rg",
                "r{W**",
                ")U@$",
                "[iJo",
                "-7js",
                "]W/F7B",
                "kf]tU|",
                "S>6o",
                "u'.J",
                "A Nf",
                "wq Hn",
                "G=`\"",
                "uvkNB",
                "_O:u",
                "W&Br",
                "`SwM",
                "sUd>",
                "N4E_^",
                "W*bde}",
                "TE,\"i",
                "/.B/\\[",
                "aPJRE",
                ":`<O",
                "k}61",
                "f|,;h",
                "UFve",
                "g\"Zu]",
                "2lgS",
                "7pK~n%",
                "JO72",
                "JAzq",
                "l[Ux",
                "{ez)",
                ",Ok;",
                "u\"kJS",
                ".g1?",
                "}]1<",
                "2mU9",
                "e<ZK",
                ";&%2",
                "Y~h4",
                "l:%?o",
                "Y-4\\<",
                "JQzM",
                "a'z037",
                "\\`G#",
                "!6zD",
                "zhMY",
                " Y>K#",
                "aP[<*",
                "&+d[7",
                "COFqr",
                "GVVc",
                "[ysW=",
                "Y;-7",
                "^nU:",
                "PD'F7",
                "X.-f",
                "cdZ~",
                "g^}3%",
                "Rc&y",
                "Htn:",
                "NY!!",
                "G+]O",
                "M@\"$",
                "<U@o",
                "5,X|i",
                "yn#l",
                "/4cp$M",
                "*oX5",
                "QFTJ",
                "M<%tb",
                "[.tA",
                "j+m`,",
                "I U7",
                "Q_=9 (",
                "8[*j",
                "k{P2W",
                "OTWl:",
                "_VH\"4",
                "<a)*o",
                "nfK&L",
                ">Uc&Q",
                "E $^",
                "0f[80i",
                "PsAQ",
                "\\_F-E_",
                "7Y|H,",
                "NdX.",
                "1d($",
                "@E).",
                "m;\\M5Q",
                "XL,[",
                " ]v2",
                "j5^w",
                "^mU8",
                "tl/z",
                "'OnV",
                "d^G1",
                "ok\"n",
                "!xZ]",
                "}._'",
                "yt7|",
                "Y28-",
                "DE[B,",
                "*53&",
                "z1WT",
                "Uo&&",
                "jLbv",
                "\\*HAK_",
                "\"INh;QZrc(",
                "Us# %",
                "&A&v;L",
                "~Vl<",
                "N$F?1X",
                "z5;S@U",
                "5zT%i",
                "a;F3",
                ".O>N",
                "*[7F9f",
                "^=gFYm",
                "M]HYm",
                "nDM\\",
                ")ipI",
                "._w8&Y",
                "cNrq",
                "pV|;",
                "ww-f",
                "&AU<",
                "9#zH",
                "neW\\",
                "Qg8O",
                "`H8H",
                "'11M",
                "?[b1",
                "%TZt\"",
                "FmRM*.JR",
                "k0;{7",
                "gf<!",
                "[&W{",
                ")4X(",
                "qWyB",
                "r'9y",
                "r.9`?f",
                "ow9G",
                "Z%S;",
                "73VaI",
                "#nd?{",
                "eHx4",
                "Cu~`",
                ">/@=3x",
                "TpOZ",
                "yeK|@8",
                "zd*|",
                "7X]Rn",
                "ESB4",
                "\"lc%",
                "j2kXc",
                "%n+rt",
                "Wbh!F",
                "hr,^",
                "=DGj",
                "o9$U",
                "ALD}",
                "Ll4L",
                "\\v<:",
                "!K#D",
                "KN,S",
                "dGwC",
                "v4%y",
                "RqqX1*",
                "|$J*",
                "c6dVC",
                "MpH!Y",
                "B\\\"(Y",
                "$!3`",
                "7x7q",
                "v-n)",
                "AOL ",
                "MT:.",
                "k9\"ai",
                "t~>R",
                "5g9,F",
                "!6U_8",
                "]WLY",
                "pE0 ",
                "YqjM",
                "_'9\\",
                ":-:1",
                "]LQl)",
                "y:~D",
                "W'F*",
                "/tl*g",
                "1(W9",
                ";0A%{",
                "LEKK4.",
                "/Ydz}",
                "q44z",
                "g5S ",
                "FGnIBA",
                "490V",
                "xU&h",
                "_nn]{",
                "U@b9",
                "tz1pR]%!",
                "gbew",
                "4$iM",
                "f~c3>",
                "[E.B>",
                "r'yW",
                "iyg,0",
                "m0LX",
                "?vvm",
                "~Bzo",
                "3wz3+&9w",
                "Y,fi",
                "b:L|R",
                "Ek_x",
                "Lqzs",
                "j|LA",
                "0NSUO",
                ";3fg",
                "%0$dd",
                "vY(|",
                "tPvU",
                "0'+-3",
                "h^)N",
                "Dp%t",
                "L5jp",
                "\"b`r",
                "5;n\"",
                "t7g{",
                "PS]#",
                "Y.?k",
                "n}nd",
                "i#BR",
                "%gi3",
                "wPo}",
                "L1:X",
                "J.dp",
                "{>Ui",
                "o9XB",
                "o>11@",
                "1:EAB",
                "}\\}B",
                "{KIQ6S",
                " G#(",
                "nPz[c",
                "qI1vcz",
                "%_8P",
                "c6]=",
                "e~Z#",
                "}Qia",
                "4U)Y",
                ".M#1w",
                "+VS~",
                ",VvI",
                "wOBdp",
                "fkuMs",
                "[-pYMs",
                "<u]\"",
                "$c\\Y",
                "RyV$",
                "Rw5T",
                "zbrg",
                "4.-^",
                "HPMg",
                ")XB'Dy",
                "{(yO",
                " /:$",
                "Kzn-[",
                "!nhE",
                "G\"#<",
                "{zZp",
                ".I\\f",
                "=y[L",
                "{u[m;",
                "pY:Z",
                "mM:2q",
                "[i?r",
                "5lP\\",
                "Ex<i,R",
                "~Q+K",
                "t~?RF",
                ">R\"L",
                "zwC)X",
                "<C)[NZm",
                "dQro",
                "H/,J",
                "<#_d\"",
                "luun",
                ">REn",
                "H4Cn",
                "rP]!",
                "\"7%h",
                "iKY[",
                "^aU\\",
                "u2bC",
                "|0xtmB[",
                "d$Wg",
                "c?S=",
                "Fgvs#",
                "]Ts#",
                "HKs#",
                "`(|s#",
                "hm^s#",
                "v}>s#",
                "g\"DlH>",
                "/Ps#",
                "u1as#",
                "#Ah&s#",
                "1$=p0",
                "@40s#",
                "F0.s#",
                "(Ns#",
                ",Os#",
                "a#y:H3",
                "i*s#",
                "J[Ms#",
                "7Zs#",
                "fLuS;hf",
                "O)[IME$c",
                "CK\\Oi",
                "TKrj",
                "r/M;",
                "kSNT",
                "; ,G",
                "l7#@",
                "[C7m",
                "{y&Ck",
                "XB_>>dp",
                "x(~;",
                "yhs&X",
                "KwQ ",
                "Ya\\A",
                "qJ;w",
                "Btd)@",
                "UL1Bb",
                "K\"m4",
                "{.$w",
                "$ktD",
                "WH=yx",
                "H'4x",
                "97=P",
                "olJY,f",
                "&<qA",
                "MfS]",
                "kv^M",
                "{)#r",
                "\\U~]",
                "e*=O",
                "x]x~",
                "_NoP",
                "=V\\M",
                "EjWV",
                "t\"W4",
                "FGHS",
                "plgz",
                "|62R'-Ay",
                "=.AN",
                ")i?|~q",
                "a''a",
                "~TTO",
                "_:8]",
                "#dVc",
                "s o5|",
                "VjXb",
                "X*pP",
                "A(;d&",
                ",.[Md",
                "a>D!",
                "4Y|kN",
                "U}i{DJ\\",
                "M<PK",
                "EDUa]",
                "/iW2",
                "b,Zr36",
                "gQnH",
                "\\z_2",
                "\"dS]",
                "MQ*N-",
                "<X;E",
                "TK`N-",
                "ez+FN-",
                "S?U|N-",
                ",mN-",
                ".+qzN-",
                "S(N-",
                "V?N-",
                "TwX]",
                "GtJ2",
                "0]N.",
                "Gv'8F",
                "uxGm7O",
                "dUMQYJ",
                "'z*3",
                "]Ui\\}G",
                "sIyT(a<",
                "Bu,D",
                "Y~Q>?",
                "mB/'|",
                "b*{P",
                "R03|d",
                "eYRl;",
                "EFN|2",
                "w?[L",
                "{jEQ",
                "Sbn}",
                "s5$b",
                "{~xO",
                "Wr9+3",
                "&=hB",
                "%(G5",
                "YoJg6",
                "-+[W",
                "mdJ@",
                "{3U~",
                "I/r;ak",
                "'GB{",
                "nsJ{",
                "CUD$`",
                "* 05",
                "^Lf\"v",
                "qyXS",
                "eK[4\\",
                "cmCg",
                "+Bda",
                "T)>N(|z",
                "K\"dW@",
                "R%U/",
                "${>H",
                ";S>b\"D",
                "O-GNx",
                "{\\W7d",
                "ERZN)",
                "A#=\\",
                "y)9@",
                "<Uou",
                "d +=",
                "(t:n",
                "qKylJ",
                "/ETm",
                "t=a1S9XS?",
                "T6e/",
                "P:$7F",
                "[\\\"f",
                ")KL ",
                ";Sva",
                ".d%x",
                "rXf8",
                "|~0)",
                "7MdEQ",
                "[$x:Q",
                "X]eI",
                "u{NE",
                "x *@",
                "jv/T",
                "}HfT",
                "UkE2",
                "\"I/d",
                "ko%5",
                "L]W5",
                "B'^f",
                "x..'",
                "f1Vr]",
                "Cz8+z",
                "_BZu",
                "SvWA",
                "7x4H",
                "f+AyLg",
                "$u(]@",
                "\\e?7",
                "(+'!",
                "J#TN",
                "mJp2D",
                "y'8o",
                "vqG2",
                "l;^4",
                "}ptH",
                "E+dc5",
                "c.=n5",
                "'U|&;",
                ".kmj",
                "{y?:=",
                "g iw",
                "fa7$zK",
                "4W '",
                "x70i",
                "L.UB",
                "q7<^",
                "|SEq",
                "+\",d",
                "d^3N",
                "Xyi2",
                "^K>;",
                "cmKI",
                " 3;:k",
                "-KLj",
                "}M7+",
                "WQxQ",
                "!b*.",
                "|M/$",
                "3`6d",
                "f4B6",
                "?Xv ",
                "ov;%y",
                "UiOi",
                "aD.7",
                "AMY^",
                "v`h|76",
                "N}v9",
                ".J}>>P",
                "Qy;X",
                "H;t/",
                "p0?BQ{",
                "DdW1",
                "L1vt",
                "Y47L+",
                "70sA",
                "/Dy=",
                "b(?sd",
                ".2&r",
                "99m7",
                "qnm}",
                "#p2R-",
                "bd{}",
                "C@S>",
                "J}3~",
                "\"Um,o;N/",
                "G-wX",
                "*c= ",
                "Rax2",
                "s)Rv",
                "MR'h",
                "D+ms",
                "z*GV",
                "h_*M(",
                "0e8_Mcx",
                "|9Df",
                "9;HDs",
                "i'7yd",
                "f/|\\",
                "K,LD",
                "~k1@",
                "uhqh",
                "G^\"[",
                "(rgS{",
                "[yr|g",
                "/Q+m",
                "EBCK",
                "e.&2A",
                "h22b",
                "Si2(8",
                "azoK",
                "',\\~",
                "BP'o",
                "gz1U)",
                "h{dV",
                "-SFh",
                "$mx$",
                "kx9R",
                "D*JG",
                "rETx",
                "N=\"qH2",
                "CODqT",
                "&@P4$v",
                "[9vw",
                "d!9.pD6",
                "AEX@",
                "0O5|",
                "xvI7]ti",
                "-CTs",
                "j/KQ",
                "]dlh",
                "<R7Vt",
                ")jZZ<",
                "F3!Vl",
                "*9H)SQ",
                "nN1{",
                ":{#9",
                "%LTY",
                "5`5*",
                "L4<b",
                "J!]'",
                "iZGN",
                "_;~S",
                " W=Z",
                "STt|",
                "9*;r",
                "%_Pj",
                "G]n.",
                "BsisR",
                "^}Y1G",
                ">Dif",
                "?q0U",
                "gMb1",
                "}X3PO",
                "`!hr",
                "Zi7h",
                "^W:w",
                "2fg44",
                "j(bM",
                "@Q(@",
                "<amh",
                " >y?",
                "wb1$^Y",
                "1\"Zh",
                "A^\\Y",
                "\\c2CL",
                "NV#j",
                ">MZ)WL",
                "nQro",
                "MDKm",
                ">PbP",
                ".pMj?4",
                "MS*p",
                "1sDWQ",
                " ?6;",
                "VrJs",
                "D6fA",
                "aq$sm{",
                "~.j(Y",
                "p==B",
                "!`E;",
                "`F(&",
                "4whN~",
                "y{P6",
                "G3dY",
                "['s3",
                "Mr+&!",
                "Jb1G",
                "j>Sy",
                "b&+w}bvY",
                "l^0r",
                "FQ.G",
                "1.@}",
                "k2XY",
                "m9\\=b*;",
                "mc\\N",
                "qAD4",
                "1(:)",
                "-\\wI",
                "<3:MG9",
                "Oe:8s",
                "C0Hl",
                "{V(.7",
                "pq^eS",
                "d9-y",
                "Gh/HV",
                "RW}!",
                "'+2M",
                ":_,@",
                "iX$0x",
                "=hg'",
                "tf05",
                "b;Rm",
                "KGA 2",
                "/;3 ",
                "q(U4\\",
                "AtF(./",
                "q$<<",
                "W7\\hh",
                "Y)zt",
                "NiUJ",
                "us9]",
                "sIou",
                "'5V5",
                "L[4Tb",
                "GH`3",
                "dgG69u",
                "`buX",
                "SW;E",
                "\"vdC",
                "JX 6",
                "Ub`/",
                "B\\[/",
                "zS_TU",
                "f%,Y",
                "-e%J/",
                ";XN7",
                "6(Bw9",
                "M+']",
                "xt'y]",
                "CGaC",
                ";qaT",
                "8E9F",
                "m?``",
                "#Uamw",
                "2cS`SOl",
                "$%3b",
                "mhHB",
                "l/V\"o",
                "&@vFCnA",
                "r'*9",
                "H^q1",
                "sLjE",
                "tI=~]",
                "a3F^M",
                "b8k:",
                "v2pX",
                "E.la",
                "wZ,\\c",
                "\\n9QE|",
                "kFyBF",
                ";;@A6",
                "6$&U",
                "aQGw;+",
                "#g#C",
                "BwY,f",
                "xF6kJ",
                "?{#\"",
                "FM!C",
                "Q)2]5",
                "#M>[",
                ";fia",
                "o5moJ",
                "Z2`\\",
                "]Vf+",
                "Rm{b",
                "|M9d",
                "^uo49f",
                "vjG\"",
                "7B9e",
                "B\\I ",
                "UaGa",
                "wV\"KIE>",
                "-;:<x",
                "KX(ol8 ",
                " bRhx",
                "AY9(",
                ".?AVbad_array_new_length@std@@",
                ".?AVbad_alloc@std@@",
                ".?AVexception@std@@",
                "                          ",
                "abcdefghijklmnopqrstuvwxyz",
                "ABCDEFGHIJKLMNOPQRSTUVWXYZ",
                ".?AVlogic_error@std@@",
                ".?AVlength_error@std@@",
                ".?AVbad_exception@std@@",
                ".?AVtype_info@@",
                ":0f0",
                "1K2h3",
                "6=6_6",
                ";&;3;i;",
                ">8>Z>|>",
                "0$061q1",
                "9?94:",
                "b0x0",
                "8C9i9",
                "5.5;5H5d5q5~5",
                "6 6-6:6V6c6p6",
                "7,7H7U7b7~7",
                "8 8-8:8G8T8p8}8",
                "9,9H9U9b9o9|9",
                ":::G:T:p:}:",
                ";,;9;F;b;o;|;",
                "<+<8<T<a<n<",
                "=*=F=S=`=|=",
                "H8N8",
                "919Q9q9",
                "94;1=",
                "4%5e5",
                "878a:",
                ";)<><C<H<i<n<{<",
                "=.>Z>",
                "?'?.?4?F?P?",
                "0?0N0W0d0z0",
                "10191?1R1",
                "272A2b2",
                "3%393>3Q3q3",
                "4,555>5L5U5w5~5",
                "6 6'6.656=6E6M6Y6b6g6m6w6",
                "7)7D7T7k7",
                ": :v:",
                "=%?8?",
                "4787<7@7D7H7L7P7T7X7\\7`7d7h7l7p7t7x7|7",
                "728I8",
                ">3>=>G>U>p>",
                "7e7}7",
                ": <%<e<q<",
                ">.>V>j>|>",
                "?7?D?M?R?W?r?|?",
                "0,0<0T0",
                "0T1c1|1",
                "4#4*4",
                "7.7;7B7K7`7y7",
                "7I8N8",
                "=1=?=b=",
                ">\">+>C>J>V>n>s>",
                "0#0C0",
                "171<1E1",
                "2K2T2\\2",
                "6(606;6A6L6R6`6~6",
                "6:7W7",
                ":g;B<I<v<}<",
                "=,=J=q=",
                ">*><>O>i>x>",
                "? ?B?S?`?y?",
                ")0/0[0a0l0",
                "1*1p1v1",
                "3w5]6Q7x7",
                ":I;d;n;",
                ";D<c<",
                "=&=0=@=",
                "@0b0",
                "1\\1e1i1o1s1y1}1",
                "3_5X6",
                "8I:O:]:l:",
                "<$<A<I<r<y<",
                "=[=o=",
                "=+>F>",
                "0'090K0]0o0",
                "535c5",
                "7$7)7Q7j7x7",
                "8\"8S8k8{8",
                "9;9K9P9U9p9z9",
                ":0:?:J:O:T:u:",
                ";&;=;O;[;",
                "<:<r<",
                "=$=+=8=",
                "090>0A2[2j2x2",
                "3%333A3L3b3v3",
                "8-878^8h8",
                "53595",
                ":0:S:g:",
                ";E;W;a;",
                "<7<^<",
                "< =G=f=\">R>l>",
                ";M<g<t<",
                "<:=S=",
                "K0q0",
                "0p2v2{2",
                "5#5i5q5y5",
                "616=6I6i6",
                "7*7=8n8",
                "9#9p9",
                "9<:n:",
                "<k<l=|=",
                ">(>.>7>q>",
                "?\\?e?n?w?",
                "1&2E2v2",
                "5#595O5W5P9S:",
                "<F=K=]={=",
                "1#1@1j1",
                "01<1H1L1P1T1X1\\1h1l1p1",
                "; ;8;H;L;P;`;x;",
                "< <$<(<,<@<H<P<X<`<h<p<x<",
                "= =(=0=8=@=H=P=X=`=h=p=x=",
                "> >(>0>8>@>H>P>X>`>h>p>x>",
                "? ?(?0?8?@?H?P?X?`?h?p?x?",
                "8 8$8(848<8D8H8L8P8T8X8\\8`8d8h8l8p8t8x8|8",
                "9 9$9(9,9094989<9@9D9H9L9P9T9X9\\9`9d9h9l9p9t9x9|9",
                ";$;,;4;<;D;L;T;\\;d;l;t;|;",
                "<$<,<4<<<D<L<T<\\<d<l<t<|<",
                "=$=,=4=<=D=L=T=\\=d=l=t=|=",
                ">$>,>4><>D>L>T>\\>d>l>t>|>",
                "?$?,?4?<?D?L?T?\\?d?l?t?|?",
                "0$0,040<0D0L0T0\\0d0l0t0|0",
                "1$1,141<1D1L1T1\\1d1l1t1|1",
                "< <(<0<8<@<H<P<X<`<h<p<x<",
                "0 0(00080@0H0P0X0`0h0p0x0",
                "1 1(10181@1H1P1X1`1h1p1x1",
                "2 2(20282@2H2P2X2`2h2p2x2",
                "6$6,646<6D6L6T6\\6d6l6t6|6",
                "7 888",
                "9 9$94989<9@9H9`9p9t9",
                "?,?4?<?H?h?p?x?",
                "0$000P0X0`0h0p0x0",
                "1(1014181@1H1T1t1",
                "2 2(20242L2P2X2l2t2|2",
                "3,3P3\\3d3",
                "4$4h4t4",
                "405P5l5p5",
                "606P6p6",
                "707P7p7",
                "<0<P<H=x=",
                "83<3@3D3H3L3P3T3X3\\3h3l3p3t3x3|3",
                "jjjjj",
                "sC:\\\\Windows\\Microsoft.NET\\Framework\\v4.0.30319\\AppLaunch.exe",
                "Aapi-ms-win-core-fibers-l1-1-1",
                "api-ms-win-core-synch-l1-2-0",
                "kernel32",
                "api-ms-",
                "mscoree.dll",
                "en-US",
                "Aja-JP",
                "zh-CN",
                "ko-KR",
                "zh-TW",
                "         (((((                  H",
                "Aapi-ms-win-core-datetime-l1-1-1",
                "api-ms-win-core-file-l1-2-4",
                "api-ms-win-core-file-l1-2-2",
                "api-ms-win-core-localization-l1-2-1",
                "api-ms-win-core-localization-obsolete-l1-2-0",
                "api-ms-win-core-processthreads-l1-1-2",
                "api-ms-win-core-string-l1-1-0",
                "api-ms-win-core-sysinfo-l1-2-1",
                "api-ms-win-core-winrt-l1-1-0",
                "api-ms-win-core-xstate-l2-1-0",
                "api-ms-win-rtcore-ntuser-window-l1-1-0",
                "api-ms-win-security-systemfunctions-l1-1-0",
                "ext-ms-win-ntuser-dialogbox-l1-1-0",
                "ext-ms-win-ntuser-windowstation-l1-1-0",
                "advapi32",
                "kernelbase",
                "ntdll",
                "api-ms-win-appmodel-runtime-l1-1-2",
                "user32",
                "api-ms-win-core-fibers-l1-1-0",
                "ext-ms-",
                "zh-CHS",
                "ar-SA",
                "bg-BG",
                "ca-ES",
                "cs-CZ",
                "da-DK",
                "de-DE",
                "el-GR",
                "fi-FI",
                "fr-FR",
                "he-IL",
                "hu-HU",
                "is-IS",
                "it-IT",
                "nl-NL",
                "nb-NO",
                "pl-PL",
                "pt-BR",
                "ro-RO",
                "ru-RU",
                "hr-HR",
                "sk-SK",
                "sq-AL",
                "sv-SE",
                "th-TH",
                "tr-TR",
                "ur-PK",
                "id-ID",
                "uk-UA",
                "be-BY",
                "sl-SI",
                "et-EE",
                "lv-LV",
                "lt-LT",
                "fa-IR",
                "vi-VN",
                "hy-AM",
                "az-AZ-Latn",
                "eu-ES",
                "mk-MK",
                "tn-ZA",
                "xh-ZA",
                "zu-ZA",
                "af-ZA",
                "ka-GE",
                "fo-FO",
                "hi-IN",
                "mt-MT",
                "se-NO",
                "ms-MY",
                "kk-KZ",
                "ky-KG",
                "sw-KE",
                "uz-UZ-Latn",
                "tt-RU",
                "bn-IN",
                "pa-IN",
                "gu-IN",
                "ta-IN",
                "te-IN",
                "kn-IN",
                "ml-IN",
                "mr-IN",
                "sa-IN",
                "mn-MN",
                "cy-GB",
                "gl-ES",
                "kok-IN",
                "syr-SY",
                "div-MV",
                "quz-BO",
                "ns-ZA",
                "mi-NZ",
                "ar-IQ",
                "de-CH",
                "en-GB",
                "es-MX",
                "fr-BE",
                "it-CH",
                "nl-BE",
                "nn-NO",
                "pt-PT",
                "sr-SP-Latn",
                "sv-FI",
                "az-AZ-Cyrl",
                "se-SE",
                "ms-BN",
                "uz-UZ-Cyrl",
                "quz-EC",
                "ar-EG",
                "zh-HK",
                "de-AT",
                "en-AU",
                "es-ES",
                "fr-CA",
                "sr-SP-Cyrl",
                "se-FI",
                "quz-PE",
                "ar-LY",
                "zh-SG",
                "de-LU",
                "en-CA",
                "es-GT",
                "fr-CH",
                "hr-BA",
                "smj-NO",
                "ar-DZ",
                "zh-MO",
                "de-LI",
                "en-NZ",
                "es-CR",
                "fr-LU",
                "bs-BA-Latn",
                "smj-SE",
                "ar-MA",
                "en-IE",
                "es-PA",
                "fr-MC",
                "sr-BA-Latn",
                "sma-NO",
                "ar-TN",
                "en-ZA",
                "es-DO",
                "sr-BA-Cyrl",
                "sma-SE",
                "ar-OM",
                "en-JM",
                "es-VE",
                "sms-FI",
                "ar-YE",
                "en-CB",
                "es-CO",
                "smn-FI",
                "ar-SY",
                "en-BZ",
                "es-PE",
                "ar-JO",
                "en-TT",
                "es-AR",
                "ar-LB",
                "en-ZW",
                "es-EC",
                "ar-KW",
                "en-PH",
                "es-CL",
                "ar-AE",
                "es-UY",
                "ar-BH",
                "es-PY",
                "ar-QA",
                "es-BO",
                "es-SV",
                "es-HN",
                "es-NI",
                "es-PR",
                "zh-CHT",
                "af-za",
                "ar-ae",
                "ar-bh",
                "ar-dz",
                "ar-eg",
                "ar-iq",
                "ar-jo",
                "ar-kw",
                "ar-lb",
                "ar-ly",
                "ar-ma",
                "ar-om",
                "ar-qa",
                "ar-sa",
                "ar-sy",
                "ar-tn",
                "ar-ye",
                "az-az-cyrl",
                "az-az-latn",
                "be-by",
                "bg-bg",
                "bn-in",
                "bs-ba-latn",
                "ca-es",
                "cs-cz",
                "cy-gb",
                "da-dk",
                "de-at",
                "de-ch",
                "de-de",
                "de-li",
                "de-lu",
                "div-mv",
                "el-gr",
                "en-au",
                "en-bz",
                "en-ca",
                "en-cb",
                "en-gb",
                "en-ie",
                "en-jm",
                "en-nz",
                "en-ph",
                "en-tt",
                "en-us",
                "en-za",
                "en-zw",
                "es-ar",
                "es-bo",
                "es-cl",
                "es-co",
                "es-cr",
                "es-do",
                "es-ec",
                "es-es",
                "es-gt",
                "es-hn",
                "es-mx",
                "es-ni",
                "es-pa",
                "es-pe",
                "es-pr",
                "es-py",
                "es-sv",
                "es-uy",
                "es-ve",
                "et-ee",
                "eu-es",
                "fa-ir",
                "fi-fi",
                "fo-fo",
                "fr-be",
                "fr-ca",
                "fr-ch",
                "fr-fr",
                "fr-lu",
                "fr-mc",
                "gl-es",
                "gu-in",
                "he-il",
                "hi-in",
                "hr-ba",
                "hr-hr",
                "hu-hu",
                "hy-am",
                "id-id",
                "is-is",
                "it-ch",
                "it-it",
                "ja-jp",
                "ka-ge",
                "kk-kz",
                "kn-in",
                "kok-in",
                "ko-kr",
                "ky-kg",
                "lt-lt",
                "lv-lv",
                "mi-nz",
                "mk-mk",
                "ml-in",
                "mn-mn",
                "mr-in",
                "ms-bn",
                "ms-my",
                "mt-mt",
                "nb-no",
                "nl-be",
                "nl-nl",
                "nn-no",
                "ns-za",
                "pa-in",
                "pl-pl",
                "pt-br",
                "pt-pt",
                "quz-bo",
                "quz-ec",
                "quz-pe",
                "ro-ro",
                "ru-ru",
                "sa-in",
                "se-fi",
                "se-no",
                "se-se",
                "sk-sk",
                "sl-si",
                "sma-no",
                "sma-se",
                "smj-no",
                "smj-se",
                "smn-fi",
                "sms-fi",
                "sq-al",
                "sr-ba-cyrl",
                "sr-ba-latn",
                "sr-sp-cyrl",
                "sr-sp-latn",
                "sv-fi",
                "sv-se",
                "sw-ke",
                "syr-sy",
                "ta-in",
                "te-in",
                "th-th",
                "tn-za",
                "tr-tr",
                "tt-ru",
                "uk-ua",
                "ur-pk",
                "uz-uz-cyrl",
                "uz-uz-latn",
                "vi-vn",
                "xh-za",
                "zh-chs",
                "zh-cht",
                "zh-cn",
                "zh-hk",
                "zh-mo",
                "zh-sg",
                "zh-tw",
                "zu-za",
                "CONOUT$"
            ]
        }
    ]
}