{
    "malware_data": [
        {
            "filename": "1fc5df840917e7503fcac4be3c2886426fbb9fa70f4d3b45f5b1ec8baad56bf6.elf",
            "filetype": "7F454C46",
            "filesize": "50KB",
            "hash_sha256": "1fc5df840917e7503fcac4be3c2886426fbb9fa70f4d3b45f5b1ec8baad56bf6",
            "strings": [
                "/lib/ld-uClibc.so.0",
                "libc.so.0",
                "ioctl",
                "sysconf",
                "recv",
                "connect",
                "sigemptyset",
                "memmove",
                "getpid",
                "prctl",
                "memcpy",
                "readlink",
                "malloc",
                "__udivsi3",
                "sleep",
                "recvfrom",
                "socket",
                "select",
                "readdir",
                "sigaddset",
                "send",
                "abort",
                "calloc",
                "write",
                "kill",
                "bind",
                "__umodsi3",
                "inet_addr",
                "setsockopt",
                "signal",
                "read",
                "sendto",
                "realloc",
                "listen",
                "fork",
                "__aeabi_ldiv0",
                "__uClibc_main",
                "memset",
                "__div0",
                "srand",
                "__aeabi_uidiv",
                "getppid",
                "time",
                "opendir",
                "getsockopt",
                "__aeabi_uidivmod",
                "__errno_location",
                "exit",
                "__modsi3",
                "__aeabi_idiv0",
                "open",
                "clock",
                "__data_start",
                "setsid",
                "closedir",
                "fcntl",
                "close",
                "free",
                "sigprocmask",
                "getsockname",
                "_edata",
                "__bss_start",
                "__bss_start__",
                "__bss_end__",
                "__end__",
                "_end",
                "JR**",
                "@ #!",
                "45.90.97.101",
                "abcdefghijklmnopqrstuvwxyzABCDEFGHIJKLMNOPQRSTUVWXYZ012345678",
                "5:?;",
                "<!: acam",
                " 18:1 ",
                "0125!8 ",
                "$5''#;&0",
                "509=:",
                "\"=.,\"",
                "'!$$;& ",
                "?;d509=:",
                "efg`a",
                "!'1&",
                ",<8#",
                "&;; ",
                "t#5't<1&1t8;8T",
                "'<188T",
                "1:5681T",
                "'-' 19T",
                "{6=:{6!'-6;,t",
                "nt5$$81 t:; t2;!:0T",
                ":7;&&17 T",
                "{6=:{6!'-6;,t$'T",
                "{6=:{6!'-6;,t?=88tymtT",
                "{$&;7{:1 {&;! 1T",
                "{$&;7{T",
                "{1,1T",
                "{20T",
                "{$&;7{:1 { 7$T",
                "{1 7{&1';8\"z7;:2T",
                ":591'1&\"1&tT",
                "544?9.354`z1??*w;63,?Z",
                "99?*.`z.?\".u2.76v;**639;.354u\"2.76q\"76v;**639;.354u\"76a+gjtcv37;=?u-?8*vpupa+gjtbZ",
                "99?*.w",
                ";4=/;=?`z?4w",
                "v?4a+gjtbZ",
                "54.?4.w",
                "#*?`z;**639;.354u\"w---w<5(7w/(6?495>?>Z",
                "5513?r}Z",
                "(?<(?)2`Z",
                "659;.354`Z",
                ")?.w95513?`Z",
                "954.?4.w6?4=.2`Z",
                ".(;4)<?(w?495>34=`Z",
                "92/41?>Z",
                "9544?9.354`Z",
                ")?(,?(`z>5);((?).Z",
                ")?(,?(`z965/><6;(?w4=34\"Z",
                "{01\"{#5 7<0;3T",
                "{01\"{9='7{#5 7<0;3T",
                "{'6=:{#5 7<0;3T",
                "{6=:{#5 7<0;3T",
                "{01\"{#5 7<0;3dT",
                "{1 7{0125!8 {#5 7<0;3T",
                "{1 7{#5 7<0;3T",
                "5''#;&0T",
                ";3=:T",
                "1: 1&T",
                "e365`70;9ag:<$ef1=d?2>T",
                ";!&71t",
                ":3=:1t",
                "!1&-T",
                "{01\"{",
                "#5 7<0;3T",
                "ede{#5 7<0;3T",
                ".shstrtab",
                ".interp",
                ".hash",
                ".dynsym",
                ".dynstr",
                ".rel.plt",
                ".init",
                ".text",
                ".fini",
                ".rodata",
                ".ctors",
                ".dtors",
                ".dynamic",
                ".got",
                ".data",
                ".bss"
            ]
        }
    ]
}