{
    "malware_data": [
        {
            "filename": "1c37b630dfef62d41a02282e7a8c7b1619b36b933eb77d7e6c262258f0103d10.exe",
            "filetype": "4D5A9000",
            "filesize": "78KB",
            "hash_sha256": "1c37b630dfef62d41a02282e7a8c7b1619b36b933eb77d7e6c262258f0103d10",
            "strings": [
                "!This program cannot be run in DOS mode.",
                ".text",
                "`.rsrc",
                "@.reloc",
                "5z~b",
                "X&&s",
                "!<2sj",
                "!7an",
                "qV !",
                "!|fg\"",
                "!6]UQ",
                "!d@2G",
                "!@uVm",
                "!2_J&",
                "!4)pQ",
                "!%3\"Z",
                "!6M'",
                "!-~q",
                "!?%6-",
                "!ik\"",
                "!w\"n4",
                "ugD X",
                " [\"n",
                "j0 V",
                "Isolator",
                "BSJB",
                "v4.0.30319",
                "#Strings",
                "#GUID",
                "#Blob",
                ",&,&",
                "S#S#)",
                "o\"o\"-",
                " H+2",
                "799A87CC49FB8C28217C7F456D1E235909CEC763583B10BAC4B324C0CBFF4D00",
                "26F190B5BA4CD122DF36900CD5E8B8A9A5BC384B0D407421B70CA555C7CCED21",
                "Nullable`1",
                "0DC8BCBF7E9B282DCB4BC0824ED534CEF209CBBC1A2BBCAC40F71A32B2F18D22",
                "Int32",
                "D15C47B2085359B47206012DD7773A0FE4F6A1BB782FCDBB84B8C3230B5C7272",
                "FD92861838BE26AAE31869BCA534F20A726F13CD5A3FF621130C3C174060E534",
                "Int64",
                "4980781BC0A20B256D2A9288F09512409A6461F0FA481698A90661A74C9ED395",
                "Int16",
                "E24F823ED9FFDAA2702635D7DCD4D6A8F8A0F40AB45CB8921CC018D44292BE86",
                "get_UTF8",
                "<Module>",
                "A0B2B1DCF42C733C5E12135DAE112529558745126FEBB3E685BD0AA414C4340A",
                "MbRexjrgtUSirmKjFOYkisKDBA",
                "oNiREJTvPujMgeLqoGpJZdVRgA",
                "CfCLFQWrftHzqTnDugMtvGbhLoA",
                "YakuzStBKNIhHtjzzGTB",
                "kLlKwZPNNLZAkC",
                "CE3C61F82F722DB1E2D447D7D0AA9DC8AF59FC59E461C4AEC2B90395062B703D",
                "uRkEofKYEyIhLdWaaWWNbgjD",
                "dkCylgaNsD",
                "B22D9AB50DE609E595C0F17FB74DC0B2126AB1CD91996BBE529DFDFC1026C2AE",
                "B53C4920531C626D645D587D4A0076E81A12A7780C796A3CE28265E54724585F",
                "fRhNqPqMEEGMYWfkkF",
                "tnQcIyEruPZYtETohyzF",
                "dmwRYiXGCNtSXZG",
                "zCdIWxDQGRQSJBH",
                "IfnbatNXNzejvsSoLGbwYfobH",
                "qiSQfGxOSKI",
                "qzOsPxGiWwkrrQFiTKhiI",
                "upqXxtBKlresvI",
                "uuFOqvYxfLZBgtUHmK",
                "qVvsAdZtWSaukIcERBL",
                "DfYISQnRrrDFQnVVdeMYWpSklVCM",
                "KFrDBMKtBeSXKsxyfROM",
                "IAMjvfgFtZLtoM",
                "ZEWFestkGlHMAKN",
                "HaCjgfOYZyqEkqRUN",
                "System.IO",
                "yIkWMKChxKgIRNXyxYQO",
                "ynLdbVvQbCutKiFMCP",
                "lVCTTWtmOycKpFagogUaXfqJajP",
                "nZratNamypsTXPnHfYvP",
                "cPPXmOlXpUkOfKHiFQ",
                "TrNkBASLsR",
                "UHODFueIVyOSzcFUaXUhT",
                "uTJpTObdQVHU",
                "gDTByvkdtKcVygOCaxOjtEiMpHX",
                "MylIKSKGlpnOWRgAooePQnEOpjY",
                "LNZsBgJGtTQwdpZQVapY",
                "oarAgINgocTCSfTJZ",
                "waFkHPAPLErgPTtLbbVbchUZ",
                "qaQakBNYGnkhWZ",
                "BdMtxzOFvBDyQuJBtruSfGzUzNpZ",
                "RzJOFfuxwHrDqAabJwZ",
                "value__",
                "jSvSlwSxeOdiFbXRWSaKzrsAa",
                "hDfNdgaGXqIvRlMkWwGYaogXyma",
                "ninefamahulejondata",
                "tayupodetondata",
                "lehudapukepdata",
                "keyudiruwanokaqdata",
                "fovecerdata",
                "hiroqebavatocitipesdata",
                "tomajetdata",
                "dakasurajetdata",
                "yujehupijokikutdata",
                "komiqiwefivdata",
                "tizofopokecekiwdata",
                "dilawoxdata",
                "xepexaydata",
                "desajeqaqeydata",
                "qulasomocagocab",
                "wiforategapomab",
                "fawurab",
                "tujokiwobogizokuseb",
                "teriyeb",
                "mscorlib",
                "tejovudidob",
                "cikazahorobavemofob",
                "giqigijotavajob",
                "vecejob",
                "wokilekaqavoqegakob",
                "jowizenupepisob",
                "xuxogeyiyaluhotudub",
                "rihofuborub",
                "dowuyub",
                "xMpxeTmTCxb",
                "jadowafiyanucac",
                "samefac",
                "negalopuneficopikac",
                "bowacetolitorac",
                "vakusac",
                "qizorosapiruwunevac",
                "nuzayimopubovazobec",
                "botonekocaqilec",
                "cibazuvuxaxigapezic",
                "xaxefifekobuzoc",
                "finuyiyuyuqacuc",
                "vapeguc",
                "vipecigonuc",
                "heqivowaquhutuc",
                "dllToLoad",
                "ziyuzaroyad",
                "cuwoyad",
                "xesuced",
                "jahaled",
                "goyelozeved",
                "powuzohikid",
                "jazapirozimoyid",
                "mujunirixabevucezid",
                "Append",
                "GetMethod",
                "method",
                "lazuzod",
                "bihisatikud",
                "kupedirugeripud",
                "farupedadizisud",
                "givafucetikotidiwud",
                "bZsUunORxMyCsrpTe",
                "CreateInstance",
                "CompressionMode",
                "EndInvoke",
                "BeginInvoke",
                "IDisposable",
                "Double",
                "RuntimeFieldHandle",
                "get_MethodHandle",
                "RuntimeMethodHandle",
                "RuntimeTypeHandle",
                "GetTypeFromHandle",
                "Single",
                "hModule",
                "procedureName",
                "get_FullName",
                "DateTime",
                "ValueType",
                "get_DeclaringType",
                "MethodBase",
                "Dispose",
                "Parse",
                "MulticastDelegate",
                "CompilerGeneratedAttribute",
                "GuidAttribute",
                "DebuggableAttribute",
                "ComVisibleAttribute",
                "AssemblyTitleAttribute",
                "AssemblyTrademarkAttribute",
                "TargetFrameworkAttribute",
                "SuppressIldasmAttribute",
                "AssemblyFileVersionAttribute",
                "AssemblyDescriptionAttribute",
                "CompilationRelaxationsAttribute",
                "AssemblyProductAttribute",
                "AssemblyCopyrightAttribute",
                "AssemblyCompanyAttribute",
                "RuntimeCompatibilityAttribute",
                "Byte",
                "cabvalue",
                "ruvayuxonibvalue",
                "pesorejegacvalue",
                "rocugolayagubucvalue",
                "yorilofvalue",
                "culatakapixusogvalue",
                "repokikoxijvalue",
                "dunelojvalue",
                "ginuzojupekvalue",
                "lukvalue",
                "dowiculuhudovalvalue",
                "sexexemayalvalue",
                "wuxizinvalue",
                "vuvofarvalue",
                "zirvalue",
                "fequpiruforvalue",
                "vetvalue",
                "divvalue",
                "guxvalue",
                "vuxvalue",
                "jucapomapecawezvalue",
                "CwTbNfqQtWvQufqccvzzpcdtaVve",
                "C0nstructivism.exe",
                "PmJXpggJFUqZUrCxzUEQDf",
                "qicrcuwJfHZdPBwBJf",
                "wewabaf",
                "yuwobibupaf",
                "fukurafesorusaf",
                "xoyawimibef",
                "ranofef",
                "qucimef",
                "magiwef",
                "ruzogif",
                "danutululasupif",
                "tudabejehojivicaqif",
                "kazodejemoyolewiqif",
                "zunorigobatoxif",
                "luxenifezif",
                "xodezuzazokobof",
                "fexoguf",
                "cupoxuf",
                "quroposulugadag",
                "vabuhoyufag",
                "yinunokixag",
                "toguheg",
                "yebekeg",
                "xogujidoqeg",
                "mugaseg",
                "vapulomepahunizelig",
                "zifuzarixoqijibanig",
                "Encoding",
                "System.Runtime.Versioning",
                "FromBase64String",
                "DownloadString",
                "ToString",
                "GetString",
                "jefiriqufog",
                "hukunog",
                "tejuyowirug",
                "qododaqukisecigosug",
                "lofimesevug",
                "bapigarixug",
                "casuxah",
                "bazaziquyifideh",
                "xizarocihuhoyetoyeh",
                "kobetoh",
                "xaqawoh",
                "wezorufozifufifiyoh",
                "HKbaLkqTGJkQEvHnmxqh",
                "mareyaveguh",
                "ceyakuh",
                "limevifoniyiquh",
                "sagowuh",
                "BxRwLvIOIugSUvcVnFkLi",
                "ZZPcyzdEEWjCadvtnQXKzJqWSxNaj",
                "xaxekecidegenuribaj",
                "sabarepipaj",
                "qibopaj",
                "rawabomexeraraj",
                "xuniyalebuvuxej",
                "vicehisigij",
                "kapefofamaqawij",
                "goruloj",
                "riboxulimoj",
                "foligoveqoj",
                "nemisoj",
                "mitobozucuj",
                "topalotahuj",
                "koqohuj",
                "paralufojuj",
                "tegiwawasihanuj",
                "zepuyuj",
                "LQniMkbgWIgYZk",
                "tanujak",
                "reroculuyeqililewak",
                "AsyncCallback",
                "callback",
                "wecareropek",
                "quqobekodivuwek",
                "zugapiqozidogik",
                "yitojuvemik",
                "povoyikojiqobiwewik",
                "ludozezoxuhulok",
                "hesenuxovok",
                "rigonecabezetekezok",
                "fimecupufulozok",
                "liriwugahalebuk",
                "difuluk",
                "lVJjTnMnJldJRLBrYAl",
                "noraxilebufebododal",
                "muguqirirowirobehal",
                "Marshal",
                "Decimal",
                "girimililumetafeyal",
                "medakidayoxucel",
                "xawalediyadatel",
                "jifohil",
                "toceqoyowil",
                "kernel32.dll",
                "Kill",
                "dorakirebonekerafol",
                "tabakol",
                "juhubul",
                "namicalawegekicijul",
                "yiwayul",
                "OwPyNVWQoyl",
                "hanozalukofedam",
                "GZipStream",
                "MemoryStream",
                "xizekodesodinigofam",
                "xayojam",
                "xudutagohufazicujam",
                "bajulaxubaxufoxuxam",
                "jIripDOBcbaISeKjyOAflNCyMebm",
                "locidem",
                "kebitem",
                "ciyipeletibicenulobitem",
                "zafitem",
                "hifitem",
                "sijitem",
                "jogopebujemitem",
                "qujezizeboqazugidanitem",
                "paxeraqexamezafudinitem",
                "diqofoyapikabodapaqitem",
                "yedixepedesitem",
                "qubaqolecatitem",
                "hujefamonitixotitem",
                "monusigezarumawitem",
                "nalezawitem",
                "qidoligefufininaquwitem",
                "junirosoloyitem",
                "System",
                "cacovem",
                "cubevofofuvewem",
                "quzidim",
                "faterucegim",
                "kosojim",
                "hoyutinuqim",
                "hofoxafuyim",
                "Random",
                "naqerimitom",
                "sunuvom",
                "yomoyom",
                "C0nstructivism",
                "tagizufoduvivepibum",
                "panolilisepubum",
                "dohegoyalum",
                "Enum",
                "Boolean",
                "xejefan",
                "op_LessThan",
                "texonopicoyezicucen",
                "teliden",
                "kanomoxewaxedequjen",
                "gepevihikadimen",
                "rakitikaxuyumefupen",
                "zabuzemihabohusedon",
                "System.IO.Compression",
                "System.Reflection",
                "WebException",
                "timatenubun",
                "CopyTo",
                "MethodInfo",
                "MemberInfo",
                "ParameterInfo",
                "kwhHKEGlLaSZhPXgaRUOp",
                "rovahejenulidap",
                "laledehaxedapap",
                "hirixap",
                "qagoxahemalunazedep",
                "yepigazetupewulafep",
                "jafoqep",
                "VftqXKMSGxZXErPBPUWip",
                "hobopurocadibip",
                "modeqecaquxuwowagip",
                "rurevoxuxip",
                "coyorectemp",
                "mirirajaqonuponuyadtemp",
                "mehtemp",
                "suberibisikusehtemp",
                "wapovejaluhtemp",
                "yajtemp",
                "cigehuktemp",
                "sizedelewimtemp",
                "kupusijezojucumtemp",
                "womesoptemp",
                "buptemp",
                "leqtemp",
                "xitalirtemp",
                "yopuponaqepofozilortemp",
                "tibocigagiluqazuxurtemp",
                "guhegikokedadijatestemp",
                "xolotistemp",
                "fudabuqumotetoqujettemp",
                "poludodupevimovtemp",
                "vojutovtemp",
                "gedixikigepefeztemp",
                "dofaziyutuqonop",
                "vaposamufipitenacup",
                "sasolagavusijuzicup",
                "boyiqoxakup",
                "hajosuvonup",
                "qiwumigofagaqitapup",
                "xuyerenikabepidunaq",
                "wiwopazijucowifusaq",
                "bohavaq",
                "LqZGfvrFeq",
                "poluvotijofiteq",
                "catakiq",
                "kadokosuligiliq",
                "puhafodikadevegoriq",
                "siluqopitiq",
                "zamujujasodeviq",
                "vikepawafezireroyiq",
                "cudufiqeyebiboq",
                "cimusakupoq",
                "cozohetibefiposevoq",
                "teqirifigazobatawoq",
                "dakizoq",
                "zemigefafuq",
                "yevequq",
                "ZqtCVLMlwqSRr",
                "zYBiNUDXGUr",
                "wunupebefar",
                "dajorar",
                "yorupizuvar",
                "kohonovuciwiwar",
                "StringBuilder",
                "mimipufebosofer",
                "Debugger",
                "GetFunctionPointer",
                "nefahaxiyabcounter",
                "cagononeqixocuwesagcounter",
                "motemazusunicavodegcounter",
                "xekecuwajegcounter",
                "nitukegcounter",
                "togcounter",
                "moyisohcounter",
                "sikcounter",
                "kelcounter",
                "mayabiceberocogofuncounter",
                "yurcounter",
                "sokaboscounter",
                "rugugujumavcounter",
                "wavcounter",
                "qumapewcounter",
                "haycounter",
                "xunotulaxitovelisezcounter",
                "ditadixiwahekir",
                "hegejepocor",
                "vabiterator",
                "pezusiciterator",
                "guludoremaciyecojefiterator",
                "zedetajiwebadulutefiterator",
                "gicorohiterator",
                "bifojimikakiterator",
                "yekiterator",
                "fuxevokemanuvufovumiterator",
                "gabacupedipiyopiterator",
                "votiterator",
                "meqomoneciviterator",
                "xowiterator",
                "pinagatiduwiterator",
                "vowujeqaqaxiterator",
                ".ctor",
                ".cctor",
                "ywoTbVThdfVsXeZnHYqr",
                "qayipur",
                "System.Diagnostics",
                "AddSeconds",
                "GetMethods",
                "System.Runtime.InteropServices",
                "System.Runtime.CompilerServices",
                "DebuggingModes",
                "samolis",
                "qoneruwulis",
                "kiwalanediboris",
                "bobiyinutis",
                "sorelinowis",
                "WHJhpZCvyqFtbFZXOKMmPms",
                "vacamegivunisotucos",
                "paqofiwaxizolos",
                "lesoxos",
                "RuntimeHelpers",
                "GetParameters",
                "GetCurrentProcess",
                "GetProcAddress",
                "rofadecocecofaxamus",
                "rukuqus",
                "hatetus",
                "gGaYCTThAWKLt",
                "feraniyorusazirawat",
                "nitozakibabaxat",
                "Object",
                "object",
                "System.Net",
                "nabakoyuwuqihifehet",
                "moyucoketatimokemet",
                "muwicukipadexet",
                "misicowucit",
                "karefit",
                "qejexakovit",
                "Exit",
                "janozaguyit",
                "dwZforZurASbyQWOlzsAVlajt",
                "IAsyncResult",
                "gikisomoyiwipadresult",
                "nedresult",
                "munojutaquxexedresult",
                "zawekadalavelosenudresult",
                "fomovehresult",
                "piviwunucakresult",
                "sijomasuruxunixamukresult",
                "calresult",
                "wuqiwodevipenanowilresult",
                "xanresult",
                "wiqucajeyolehenresult",
                "nomipinresult",
                "rinresult",
                "manezemuqisolepresult",
                "latejixopuveqebirepresult",
                "gomunocumuwekikaharresult",
                "suyimujayokiqulahetresult",
                "sazesosugakecevresult",
                "gijohucelovresult",
                "lujoqegayapujunotawresult",
                "pulimiwuzumabupuwewresult",
                "haguciwresult",
                "gaxresult",
                "begejeyresult",
                "bekofoqotoyresult",
                "bakigizresult",
                "WebClient",
                "Environment",
                "get_EntryPoint",
                "tucebot",
                "wocukot",
                "qeyitot",
                "yoruvisirojagamawot",
                "Convert",
                "tnHOxbnHsst",
                "xedisuyipasubut",
                "biqifikahayocucidut",
                "dadewojuvafemut",
                "quvesubusuninutinut",
                "hidotoroyegiyijijabinput",
                "nozimurarumelecinput",
                "gukonabatarozuzuciginput",
                "nakilecixafaxudezuhinput",
                "mitisujojemaxerivijinput",
                "qujinput",
                "qihufikinput",
                "gepesicayaxiququrilinput",
                "firalavuvolinput",
                "duminput",
                "nuruluminput",
                "zugoduxicucanininput",
                "bekoxavavoninput",
                "babehuqinput",
                "fujacavosepamitinput",
                "hicumisevododuvinput",
                "sepoxuzihisusupepowinput",
                "vexowozomuyiroqejiyinput",
                "muvofutebuzinput",
                "viwuwafisadoutput",
                "poraqaropodoutput",
                "zomirunenukemufoutput",
                "qujokodocigoutput",
                "vijoutput",
                "jopozuneyakoutput",
                "jefivasunuhedikoutput",
                "ragicikecuvuwuxihaloutput",
                "yiducamoutput",
                "fametocehomoutput",
                "bometoqevumepikatapoutput",
                "cogufahatehaqediyaroutput",
                "norosuzovosixeruveroutput",
                "kaxarovuwowebiroutput",
                "yusoutput",
                "rotoutput",
                "zixoutput",
                "vuxoutput",
                "sodocutoxenuxocatut",
                "wolevogavut",
                "System.Text",
                "cjcZvFoedjLClOhiozvmQPSu",
                "iqxejgLDlibdMAauku",
                "xQnuwQjoOHyiAqYnanTCou",
                "xFkkuXmJhrZubLYUDDZXydSQbQv",
                "JTtXHOqFoKxlYoBkwZREZIHuVv",
                "togohekudav",
                "mufegemoyav",
                "sipogividipiwuneriv",
                "fujefenetiv",
                "wopecov",
                "yuhefeceqozegov",
                "xesikufohewojov",
                "cevejalerujuwaxapov",
                "xenozonipov",
                "kazubuv",
                "gicekoveguv",
                "zavorerujuv",
                "qizatuxaquv",
                "nudoruv",
                "linawuv",
                "SclpZHFHICUqfVXFw",
                "INmRzsOaOQwYZGOVLGOw",
                "vobikukeyahagomocaw",
                "zavibazibuyofaw",
                "jocilaw",
                "susuqogopaw",
                "zazuwihavesoqaduyaw",
                "zodokolocew",
                "noquliw",
                "feqigifiriw",
                "ruqicinusazuxeforiw",
                "zayeyiw",
                "get_Now",
                "jobusobonetivisolow",
                "gemomow",
                "xugilozawonabiparow",
                "reweqoxotow",
                "numefuw",
                "tepuyivamunetutoquw",
                "tejuqijevujemonuzuw",
                "hpVAkrVAFmzogQhRUcUBFvOx",
                "xowacax",
                "qijocax",
                "tivufaweqadabegojax",
                "vetiqoqokuferax",
                "qelovesabotududixebindex",
                "kelucupexibindex",
                "pufuxocindex",
                "lubevegapadindex",
                "wegitowoduceligeyidindex",
                "naqevudindex",
                "cemewofindex",
                "voyiwajindex",
                "pibemonuzihofofolujindex",
                "zakindex",
                "qufobedazekindex",
                "rumehigeciximoyanalindex",
                "wilindex",
                "kiqedirusanajunindex",
                "riqindex",
                "harindex",
                "dirindex",
                "suzojatindex",
                "nemogevanutindex",
                "juxayivindex",
                "fuwindex",
                "fisanoquyoxindex",
                "kuvubilobiqocix",
                "rojipicomogotinigix",
                "kakirisijubinix",
                "yahisix",
                "bazivix",
                "wohavopequcekox",
                "tobahonepox",
                "gayuhupupox",
                "btnBibQLTLcrUhJPtCdDNoqx",
                "migatiranux",
                "mapimavaxux",
                "nUqfICUQBMy",
                "vabesucemuparay",
                "InitializeArray",
                "ToArray",
                "ToCharArray",
                "bubetebaway",
                "xogafonuhotacey",
                "gajokaxidipecey",
                "dusofey",
                "vezetogekugulobakey",
                "fedozuhuyoconey",
                "qexivugoqey",
                "zatuxilokobowesiwey",
                "quraxey",
                "nuluxawuqasewidebiy",
                "pupamiy",
                "fidezoyoviy",
                "nedikiqeferukicixiy",
                "GetCallingAssembly",
                "GetExecutingAssembly",
                "pasulajolorogaciroy",
                "Copy",
                "LoadLibrary",
                "op_Inequality",
                "tubibumomuy",
                "wekadoyoxuy",
                "heRcODLGJbxy",
                "EmyJGbSGradjEWzcUEtLdYz",
                "dojadawimanibaz",
                "wowicogimaz",
                "yobocamenonomaz",
                "kubudoquyixibehezaz",
                "rtnEQlrUNRHAOVYcz",
                "pamagikuquqefez",
                "tuqahez",
                "mikusihuriz",
                "lekacemuketuriratiz",
                "foxayiyeqiqeyiz",
                "jibehoxonoz",
                "faqihamotoqomegivoz",
                "qetotebeseyexoz",
                "xubemiceqacubejuxoz",
                "vequcuz",
                "rigazagotarosebekuz",
                "zuziraceluwudafokuz",
                "sulawuz",
                "WrapNonExceptionThrows",
                "HEmbrace the capabilities of a Excellent Product that meets your demands.",
                "TechPowerhouse Solutions Sphere",
                "Flexible Mapper",
                " 2004-2024 Flexible Mapper",
                "Flexible Mapper ",
                "$e10a3e76-7e33-425b-b909-053752c48a60",
                "2.2.90.41",
                ".NETFramework,Version=v4.0",
                "FrameworkDisplayName",
                ".NET Framework 4&J",
                "_CorExeMain",
                "mscoree.dll",
                "<?xml version=\"1.0\" encoding=\"UTF-8\" standalone=\"yes\"?>",
                "<assembly xmlns=\"urn:schemas-microsoft-com:asm.v1\" manifestVersion=\"1.0\">",
                "  <assemblyIdentity version=\"1.0.0.0\" name=\"MyApplication.app\"/>",
                "  <trustInfo xmlns=\"urn:schemas-microsoft-com:asm.v2\">",
                "    <security>",
                "      <requestedPrivileges xmlns=\"urn:schemas-microsoft-com:asm.v3\">",
                "        <requestedExecutionLevel level=\"asInvoker\" uiAccess=\"false\"/>",
                "      </requestedPrivileges>",
                "    </security>",
                "  </trustInfo>",
                "</assembly>",
                "~TdjzGwXT",
                "lcOO",
                "f>b<d<x",
                "]d^<ecZ{fc]I",
                "r_rrnirO",
                "nnOnjur",
                "Zb>_{peq",
                "degadyq",
                "qxg=_Tygq@yVc=AJ",
                "m`T?ca~t_PT_aw~:lOTMkxTd\\O~",
                "T}Uf",
                "Urrzzz",
                "{kYxv{]Vy",
                "uFM|xG^ef",
                "~jk|",
                "VS_VERSION_INFO",
                "VarFileInfo",
                "Translation",
                "StringFileInfo",
                "000004b0",
                "Comments",
                "Embrace the capabilities of a Excellent Product that meets your demands.",
                "CompanyName",
                "FileDescription",
                "FileVersion",
                "InternalName",
                "LegalCopyright",
                "LegalTrademarks",
                "OriginalFilename",
                "ProductName",
                "ProductVersion",
                "Assembly Version"
            ]
        }
    ]
}