{
    "malware_data": [
        {
            "filename": "2404b71d604fb30ab5de233155e78e9110552259d132d24b3a62e6074bab910a.exe",
            "filetype": "4D5A9000",
            "filesize": "203KB",
            "hash_sha256": "2404b71d604fb30ab5de233155e78e9110552259d132d24b3a62e6074bab910a",
            "strings": [
                "!This program cannot be run in DOS mode.",
                ".text",
                "`.rdata",
                "@.data",
                ".rsrc",
                "PWWW",
                "=D B",
                "rh8qB",
                "Qh8qB",
                "95hS",
                "=T B",
                "F;5hS",
                "h<<B",
                "=` B",
                "5  B",
                "=x B",
                "QhP<B",
                "h`<B",
                "VWuW3",
                "=d B",
                "=8 B",
                "tPxu",
                "_^[]",
                "jXh`?B",
                "YQPVh",
                "0SSSSS",
                "=4kB",
                "54kB",
                "SVW3",
                "X 9} ",
                "t/Ht",
                "9] t",
                "=@UB",
                "C YY",
                "-`QB",
                "-lQB",
                "@tH9",
                "%xQB",
                "WWWWW",
                "u+9u",
                "t+Ht",
                "PPPPP",
                "=$PB",
                "VVVVV",
                "<v8V",
                "8csm",
                "S99t",
                ">=Yt1j",
                "tPVWP",
                "Y[_^",
                "j\"@@",
                "@@Bf",
                "8\"u8",
                "j\\Yf",
                "t$9U",
                "QQSVWh",
                "@@f9",
                "jTh(@B",
                "j@j ^V",
                "[j@j ",
                "hd)B",
                "5(kB",
                "50kB",
                "hH@B",
                "t$hd)B",
                "FhpUB",
                "5,kB",
                "hp@B",
                "Y;=x[B",
                "5h B",
                "=$kB",
                "=(kB",
                "=,kB",
                "5$kB",
                "h J@",
                "Y__^[",
                "35HRB",
                "9csm",
                "=P=B",
                "t hP=B",
                "hHRB",
                "5HRB",
                "5LRB",
                "t&:a",
                "54 B",
                "ueSj",
                "@_^[",
                " VW}",
                "j?^;",
                "_VVVVV",
                "SSSSS",
                "80t.",
                "^WWWWW",
                "SQRP",
                "jdRP",
                "Wj0V",
                "|-;E",
                "0A@@Ju",
                "Fh=pUB",
                "=pUB",
                "to=X\\B",
                "Y_^[]",
                "h8AB",
                "Fpt\"",
                "=x[B",
                "N+D$",
                "QSVW",
                "hXAB",
                "hxAB",
                "Y_^[",
                "h}t@",
                "u,9E",
                "=`mB",
                "oV f",
                "o^0f",
                "of@f",
                "onPf",
                "ov`f",
                "o~pf",
                "0WWWWW",
                "AAFFf;",
                "URPQQh",
                "L$,3",
                "UVWS",
                "[_^]",
                "SVWj",
                "h{~@",
                "SSSSW",
                "@PWV",
                "WVU3",
                "u8SS3",
                "GWh(2B",
                "=tpB",
                "9] u",
                "5`!B",
                "9]$SS",
                "5d!B",
                "t)9]",
                "t\"SS9]",
                "5X!B",
                "FVh(2B",
                "5xpB",
                "9] SS",
                ";5`\\B",
                "v$;5|\\B",
                "PPPPPPPP",
                "uaVj",
                "uL9=",
                "h8BB",
                "wIVSP",
                "FVSj",
                "SVWUj",
                "]_^[",
                ";t$,v-",
                "UQPXY]Y[",
                "r\"9U",
                "9]$u",
                "<+t(<-t$:",
                "+t HHt",
                "h|;B",
                "u;ht;B",
                "u,hl;B",
                "*hd;B",
                "K<5}",
                "0K;]",
                "95xS",
                "5<!B",
                "WWWWV",
                "t<Vj",
                "t+WWVPV",
                "^_[3",
                "%T!B",
                "/siN",
                "|!.tX",
                "wY|p)",
                "E9q$",
                "=w_x,",
                "S8c \\",
                "A,h[",
                " O\\,",
                "ihyB@$",
                "&IMu",
                "pQ9%",
                "<B:M",
                "CfHsg_2",
                "UOti",
                "FZJy",
                "inxUZ",
                "\\]fT",
                "lkxf",
                "R.6*O",
                "A^uV",
                "fh G)",
                "QST3",
                "T5+M",
                "WOwt",
                "TI<(;",
                "b7CL",
                "h%5{pa\\",
                "&wQN",
                "zcM83",
                "M8'.",
                "(\"dV",
                "f`/wS",
                "YbmeFi",
                "A;%:}",
                "Vfo@=",
                "|nxu9",
                "R|u2R",
                "838n",
                "\":Cp-]2z",
                "K<Pn",
                "_,s.mc",
                "Ydi.Z",
                "ddzb",
                "Y,$e",
                "44 TN",
                " k'+6",
                "Y}vo",
                "CyWX",
                "ur+h",
                "M^r_[",
                "||t,",
                "nNp<",
                "1O!j",
                "B^,M",
                "VP#y",
                "Ired",
                "]'n1o",
                "Whw<>f",
                "CeO'Y",
                "6%{u",
                "|V0?",
                "rTGi",
                "eE#E7",
                "EAr%1",
                "d|CI",
                "jFX'",
                "x*;I",
                "kV]^",
                "uRUvO",
                "[R5r",
                "b$P.",
                "<vv@",
                "?GM8m",
                "0L*X#",
                ">UfR",
                "?*YR]y",
                "px;b",
                "A]C]|",
                "P5[0;E",
                "jo/m",
                "SFk`",
                "u{\"*'",
                " KKg",
                "yGQD",
                "5{z\"w",
                "5OhZ",
                "AedB",
                "j1vGzx",
                "TBu%",
                "\\PN}",
                "af:q",
                "x\"J*T",
                "`:}l",
                ",J>6",
                "egmO",
                "8u0`",
                ".7Qn!.F",
                "oi*G",
                "vft<",
                ",,?@",
                "AvlW",
                "EW<+O9)",
                "&;s4",
                ";GXC",
                "8/'tY",
                "; .Z",
                "vU.r",
                ".`bt",
                "bW^sw",
                "cf'E",
                "{/3Kd",
                "s8>~z>",
                " Z2L_",
                "J)LA",
                "l|k,",
                "+REV",
                "i6oV",
                "9*Bi",
                ":A<,",
                "CmBhr",
                "6(GO",
                "B$^|",
                "=pE%@",
                "wT5t",
                "X'cO;",
                "$C~Q",
                "6^ q",
                "6H<5CL\"",
                "F8LF{",
                "sih/RT",
                "6 >f",
                "tt]6",
                "rz4n",
                "lb:k",
                "c[Y^",
                "'w^pO4b9",
                "L7G~",
                "AEO$\")",
                "*yf8",
                "]`Pg",
                "GGv0O",
                "1)E)",
                "BRola",
                "TV_yQ",
                "oO-vC",
                "xzcT",
                "w]Ouf",
                "IjGF",
                "d)/w",
                ",:#@",
                "1(##'",
                "h>,y",
                "cm7fm",
                "rYm$3u",
                "P7k94|X",
                "_P+'",
                "k745",
                "p;iJw",
                "%]x/",
                "Q:7>",
                "Jy52f",
                "Y#;t",
                "C;].",
                "INyg",
                ").[r",
                "t8--",
                "vX<F",
                "A(5;",
                "kB?&",
                "Gj}p",
                "?QNkqs\\",
                "WX7M",
                "e@%f",
                "0(5;",
                "$'3b",
                "Z7d>",
                "P$d?v",
                "fW|8",
                "T\\o3",
                "x8:\\",
                "xTEOc",
                "'j:_4",
                "dqqI",
                "y3wN",
                "lJTT",
                "iF84",
                ":ZP%C",
                "&1}Z5",
                "Bq}dDv",
                "}7i\"",
                "%&ay",
                "RYc$",
                "U1xO",
                ".c-&",
                "]{so",
                "Pg*k",
                "A:=\\<s",
                "bH;O,",
                "GN#[!",
                "dJF.",
                "f]p{",
                "gXr,s",
                "`z83",
                ",W(W",
                "}nGg",
                "+I<8",
                "XXC!",
                "bmah",
                "'5W(\\",
                ",U>'",
                ",8D2E",
                "G*gM",
                "3`Tn",
                "!PJv",
                ")j.j",
                "(CG~",
                "HMUG",
                "SfHT~",
                "{RKd",
                "|Sw9",
                "}%7*",
                "Vi2]",
                "&1c-U",
                "^9)V",
                "!XK/t`",
                "`9+Y",
                "Jro@",
                "t'x4",
                "Z,MR",
                "Ft.e",
                "6+ys",
                "47e|R'",
                "J5jhT",
                "1L$8`",
                ">Rs[e",
                "\\<-~N",
                "bJiL",
                "CR}973",
                "\\'ze",
                "q5L'",
                "tP9Y",
                "qqt<",
                "xOX-",
                "Jw]e",
                "hPU!",
                "=bT8",
                "ox|^~",
                "WGbQ",
                "P A!",
                "CF#|$",
                "R8!\"r",
                "mj)1q>",
                "5FYy",
                "PLy5",
                "8#VR",
                "oh*\"",
                "iUX~",
                "-;>9d",
                "=T0J",
                "I3{Jy",
                "w>`e",
                "|@j!r2",
                "vN9h",
                "k0qI",
                "ddF(_",
                "]h\"I]D",
                "!C;\"h",
                "?W*$",
                "%kJeL",
                "kgXD",
                "TKOpE",
                "Y@AO",
                "u)PK",
                ")!z.",
                "auy#",
                "q.&)",
                "il?9z]vw",
                "Ag05.ZZz",
                "r{gU",
                "*TRr",
                "tV=#",
                "5T>r]l",
                "X#~t",
                "#^ni",
                "cu:{",
                "Kg:&",
                "g.bg",
                "r~sQ)",
                "o6+y",
                "Y*-%8D",
                "o{BNN",
                ".7^tf",
                "5c-C",
                "w} ]",
                "[Gq.",
                "i1/_<",
                "6f``",
                "r]4#",
                "cccxc",
                "=4Y5",
                "5):Q",
                "eN#p",
                "FI@h",
                "K NL",
                "O{IO",
                "Lcoa/",
                "Mxzg",
                "&aBB",
                "`.hG#",
                "X'b28",
                ".u4g",
                "sI%_=\"",
                "e8\"u",
                "_\\Kf",
                "9eHr",
                "w]jD&",
                "j&?u",
                "wnc18P",
                "UCu<",
                "1{]o",
                "1/O7",
                "NMA`x",
                "u61a!",
                "56^X",
                "dZ725fz",
                "iC\"b",
                "^?RQ",
                "Qx.o8",
                "\"9w4m",
                "K|D>]",
                "@h8g",
                "^]Hu",
                "(<[]",
                "afgK",
                "~J6%z",
                "*iCc'",
                "K6SU+",
                "{m~4",
                "*Ym_g9n",
                "`[C9",
                "mwno",
                "AR3m",
                "z\"@Z",
                "W_!MXE",
                "@!C.",
                "\\gmzc",
                "$F=0",
                "Vx}O",
                "r<Vy",
                "sF[w",
                "|!S0",
                "#1H%",
                "$_J?",
                "U5!!a",
                "h`KW3",
                "p3.c=F+",
                "_qM>",
                ".,(Y",
                ">TL?",
                "Y_e8",
                "385p",
                "?Icz",
                "5%5o",
                "f&0.",
                "oOAvZ",
                " }jz",
                "6Q;G",
                "YY;K",
                "g]6Y",
                "4K-zJ",
                "Eia|",
                "$(`G",
                "JIxI",
                "$^j~",
                "+@6a,U",
                "a:Cg*",
                "~ay)",
                "$NPe",
                "Wr$i2iY",
                ".Fg(",
                "(|.u",
                "j6!:f",
                "&+1~e",
                "CC;E",
                ",Sp8GUF",
                "sVCS",
                ":vaE",
                "'$<|",
                "<i/g",
                "v/|0",
                ";!)4",
                ")x&p",
                "1F9-'",
                "_H0)",
                "flNE",
                "@u::",
                "bSie6o}",
                "okCX",
                "1)'z",
                "%Jl(",
                "0f/W",
                "- qD",
                ">#z*",
                "c_zw1oNP?x",
                "+%Dm",
                "7>]q@>",
                "QQ@w",
                "E[ ?O",
                "wq$mg",
                "SPs$nf",
                "t=55",
                "s}kp",
                "Jr30",
                "pra;",
                "3,o/u",
                "/O8jlp==",
                "CYtS",
                "M1['",
                "V;iJ",
                "W~}_|",
                "fzxNW",
                "!yfaY2",
                "Wc;I<",
                "B2Z2",
                "\"G8g[",
                "+RZg",
                ")\"B7",
                "KBTt",
                "TvK\"9",
                "/RJZ",
                "P Hz",
                "[#N,",
                "_<2[",
                "#EVd",
                "^LID1",
                "t9A=2",
                "&P)Q",
                "Cid(7z",
                "D%v8",
                ";r`K=\\",
                "pHPi50",
                "Md#*",
                "Z5A%",
                "w~Th1",
                ",.A#/",
                "*F6-",
                "sYC57",
                ".IOq",
                "pa0j.",
                "8Es)L",
                "_o7E",
                "\"`AR",
                "{_`]",
                "hM!}",
                "`'Fc~v",
                "Jh9d",
                "?<q0m",
                "4anU",
                "7N*b",
                "JPK ",
                "b~,c",
                "zp*5",
                "(^@S-",
                "Q6T_.)M/",
                "]i6v",
                "sOuRh",
                "``LO",
                "-'!< ",
                "pa~RT",
                "h0>iI",
                "8pZ=",
                ")B,9",
                "|uC#",
                "BugV!",
                "^vc6A:",
                "l=?wX",
                "9?iAV",
                "(5#C",
                "i,ME3",
                "jv?4",
                "\"6h?",
                ":x{=",
                "NLMd",
                "@|G,",
                "BCbav",
                "Nvk{",
                "6vJ!",
                "/nrP",
                "I?-K",
                ".7L+",
                "8~3G",
                "dZGh R(",
                "fK{L",
                "=kC[R",
                ";x2G",
                "1Z,U!",
                "<oX6Z",
                "_.^|",
                "G%g7",
                ";8rEs",
                "n}]of",
                "CZT8",
                "[jjMPL",
                "p$C*",
                "]8a9",
                "Y~1~m",
                "P2b&^_",
                "rddc",
                "+5B^",
                "1$<>",
                "8iW`",
                "<4y}",
                "bFAo!",
                "{eYx",
                "Z9\"e",
                "4[>=3cz",
                "rDJI]@",
                "xA}O",
                "Nhv)",
                "Sc4y[!&",
                "k\"{v",
                "_Cd=",
                "E_Ds",
                "=hIK",
                ")sbp1",
                "@AK=",
                "39Ck",
                "\\d9B",
                "'A6W",
                "6^Hb3",
                "q8JPZ",
                "]0[ ",
                "\\C9qQ",
                "mrl}",
                "-Fow{",
                ",9a_Nn",
                "{(:!",
                "1iRC",
                "_1'0",
                "#p_S",
                "8df5J",
                "1szoe",
                "1+)8",
                "%YK|R:",
                "DEu6",
                "vLrr",
                ",MNg",
                "lEKp",
                "],v%pI",
                "G9V76",
                "bqWm",
                "{\\1!n",
                "o+ r",
                "N8No",
                "J`G/Y",
                "&cB\\",
                " 9Q$",
                "4Q4:e",
                "Y8n}",
                "\".\"m",
                "RVC:",
                ">w~g",
                "R{>@",
                "IiyP",
                "*5e|",
                "L89E",
                "tC@8HxZ",
                "Z+~0",
                "#pRaN",
                "'f9Eu",
                "DC^ ",
                "m*;r-\"",
                "?=K]",
                "5.5G",
                ")hU4V",
                "_Z=:",
                ">vH!",
                "xj>4",
                "1#kY",
                "`K[a",
                "r! :J%",
                "L W1",
                "iU0W",
                "ot:S",
                "DS;U",
                "?xrg",
                "XWvJI",
                "_{LOw#",
                "cbpq",
                "km~f#:",
                "CTmUM",
                "m9o>",
                "RTq#E",
                "lia<3",
                ",XWX)",
                "b*<V",
                "G)o<k",
                "#y}G",
                "+g=!",
                "le(k",
                "\"@!'9p",
                "(0K9",
                "9-^|",
                "&ZFV",
                ":~C}N",
                "BU2 ",
                "%r:E",
                " \\UeH",
                "/*W)",
                "'y[:",
                "\\=t;[Nd",
                "R{,ZA",
                "*+Do3",
                "hR;E%C",
                "!>eE",
                "$M!;<d",
                "nt {",
                "kgEk",
                "W<In",
                "RzUS",
                "\\OY>",
                "+LZ6/",
                "*N%M",
                "\\6eU",
                "5\"Jk){r",
                "L#y\"",
                "HDM\\",
                "eynR",
                "*N?,3",
                "`]E*I",
                "Zj@.>",
                "':I?k",
                ",XRV",
                "l1.A",
                "vhMq`&",
                "$G_0",
                "p018",
                "![$)",
                "gAJm",
                "]M*<q",
                " /!k",
                "M~$d",
                "yM5z",
                "*6@)e",
                "P0t@",
                "UpbDs",
                "Y;4i[`3",
                "Q&4}",
                "qXKY",
                ")<-z",
                "pebMJ",
                "6xvz",
                "XGYq",
                "j)[|",
                "e&v5",
                "Y-@.",
                "nw<FE,",
                "aD``",
                "$Sba#2",
                "R28^",
                "bl?f",
                "6p<lC",
                "x9-@>zzzw",
                "$qdL",
                "F]y;",
                ";$h1",
                " Y9F",
                "Nb/rI",
                "yntv",
                "ckho",
                "]hz\"",
                "\\u>Z",
                "wK3U9",
                "0rBo",
                "\":^#",
                "9l3\\an",
                "m)$IU",
                "1F\\f",
                "%(kq%",
                "QBC}",
                "%&::C",
                "cZIv",
                "@4sx]7g",
                ";n@\"",
                "-9&o",
                "M<c-",
                "bY0y",
                "V[RY",
                "bj_\\",
                "Ww!F",
                "#Yy+",
                "b0M&a",
                "b*y%",
                "nraN",
                "(*(O0",
                "PZ.8",
                "x2V%",
                "fXtX",
                "$96hka",
                "{+)XU",
                "LYe6",
                "3`*(",
                "B}qf",
                "bTvs",
                "c0\\0",
                "'r/z",
                "k1Lr",
                "L>gi",
                "ny!Z",
                "Q^)<",
                "{: ]",
                "pEywW",
                ":EP-",
                "}PJd",
                "`4/8",
                "@3%k",
                "h>#W",
                "+fgRl",
                "M82q",
                "jR6N+",
                "[0I9",
                "LhB>",
                ",qYI",
                "dWt_<#/@",
                "s};|",
                "pZc?",
                ":D78",
                "UQy.",
                "sK7Oh&",
                "vr:]",
                "-kFUD",
                "a1Zib&OZ:Q",
                "s{#<O>",
                "'>jt",
                "SdHW",
                "h&4n",
                "?F4ymx",
                ">\\mb&Sxg&)]8",
                "-vU_",
                ",n0_3Y",
                "`>hdh",
                "+oaB",
                "9zC6G",
                "a[Uu",
                "tB.2(",
                "64v`",
                "H9&\\W",
                "WRx~",
                "z<xds",
                "Y$^=",
                "n)&Z",
                "}c?ur",
                "sn8xhmw",
                "}~!w",
                "fR6u",
                "z3Y(b",
                "8 O.t",
                "hI!!",
                "FcV1",
                "5RN*#B",
                "F89 ",
                "DxYu4",
                "4E&;",
                "I'3J",
                "bnLO",
                "RDm5c",
                "V['1",
                "'-5-",
                "9_~f{)",
                "Unl8q",
                "9_p*",
                "a+Cy@",
                "|x,bR",
                "9V\\e",
                "cnUeP)",
                "zsiH",
                "4JhK",
                "%6Qs",
                "Roy4",
                "r\"{-",
                "|U|\"",
                "PMNG",
                "6%FcN~",
                "k,`e",
                "A8M6o?Q",
                "Er!;",
                "e`0~",
                "quJ}v",
                "a;\"o",
                "y #M0|)",
                "So3^",
                "y]f1",
                "k&7|q",
                "/L&0",
                "O*`g",
                "?,}$",
                "HCZd",
                "%$IMW",
                "NAq4i",
                "B{(Zd",
                "h\"XY",
                "_3A>",
                "x5[\\",
                "f59V",
                "*}U0\"}",
                "J7NJ",
                "@4^k",
                "1]Y1",
                "pr'T_",
                "'-#hXV",
                "u&t`58]",
                "#Gm{",
                "omqd",
                "6&ZuD6",
                "D;'.",
                "ije5",
                "~Lul",
                "wr<O",
                "jxYC",
                ",0+$",
                "/~Sa",
                ":i\"8",
                ",[il7H",
                "PeK5b7",
                "ch&b)",
                "wn60",
                "jPO[?",
                "bqLh9I:",
                "eV2lv",
                "GF,8",
                "E^K:a",
                "1'HH",
                "NEI4",
                " a]{",
                "vJ+tr",
                "x$2<",
                "}[xr",
                "s#k`",
                "BiNH",
                "\"/7]T",
                "y!]\"",
                "oXI>0",
                "s/8L\"",
                "O72,",
                ".&,y",
                "o!#b",
                "0>$(",
                "Danh",
                "!S]a",
                "Yl2G",
                "efk3",
                ";},X",
                "LeHI",
                "_oK%",
                ")xzo",
                "?f+D",
                "U4%X",
                "WqxS",
                "i~c.\\`",
                "%(&g",
                "J@L%",
                "M^]t",
                "O&x!*",
                "%72}",
                "XrFxSU",
                "M(U_",
                "-CV3)",
                "Hewd4",
                "h(+%",
                "ga&-",
                "R^t`",
                "!Mj`o",
                "o&tV",
                "9HX ",
                "Jry%",
                "CC^O",
                "Rr+74",
                "a\\93`",
                "HaRb",
                "Rs6s",
                ".>RY",
                "Pnm-",
                "b\\b6",
                "aE4;",
                "4K(x",
                "Wr?^*",
                "lMM|?0`",
                "K)j^3}+",
                "[O.X",
                ".I-E",
                "YIy*I",
                "E8vm",
                "rJ'.",
                "qqRu5",
                "@p+;",
                "rZL|,UjI",
                "lEy^3",
                "mjtq",
                "L%;o",
                "VGJ7",
                "d5(o/",
                "(%h+",
                "r%%?",
                ".<sB",
                "gI4u",
                "&FreO",
                "LoIn",
                "2b^te+g",
                "m{z?{M",
                "G~n1xy{I",
                "ydpJ|",
                "#{*v",
                "uyH1",
                "T42:",
                "j,]/0",
                "~-8[",
                "bx%w",
                "~>Oq",
                "!O<P",
                ",>z!)",
                "|7Tm",
                "u>IE",
                ";}Xp",
                "=IJG5",
                ".A(a",
                " Z/A&",
                "4*Da",
                ",^h<yF",
                ".@tn",
                "FaNa",
                ":T J",
                "x,m~",
                "yS;g",
                "Yz@=O",
                "HKY(",
                "q(,+S",
                "\\lcMI",
                "QrKRT",
                "0Kmk",
                "P4*iR",
                "px'?",
                "EP.P",
                "!MbUn",
                "9rTG",
                ";[Md",
                "F!u$",
                "hx;uR",
                "Z2hm",
                "EU6d",
                "m,;$",
                "t5p2",
                ";fGF",
                "sYVvWW",
                "9<_.",
                "VKjj",
                "n!&j[",
                "1q_MN 40",
                "%J$h",
                "a6L&L",
                "ZysK",
                "d,YP",
                "je]$",
                "NO<W",
                "UbwP",
                "J1?0{]yQ",
                "MR&cn",
                ":6*/q",
                "~7iN",
                "1D%:",
                "NC/[sW",
                "!=X|f",
                "{EFIz",
                ":e11",
                "@QpOl",
                ";`bpH_",
                "G?\"0",
                "~U#,",
                "AO^{`",
                "Qd(H",
                "}%yAb",
                "nZ^vP",
                "E)#Hm",
                "FN<{",
                "%tz2x",
                "qJ9c",
                "`dwy",
                "Zw!4)",
                "#2_xo",
                "EAZ^",
                "e$|]",
                "keh1f",
                " T&~4",
                "x!CW",
                "e\"Lr2",
                "'dI(",
                "{.z]",
                "gpKwFp'",
                "ho\"l.",
                "J5EC",
                "Ez&*8",
                "VP2q",
                "ZuVJre6v",
                "=U[a)",
                "JuuM",
                "eL`r",
                "X#Q7",
                "1rDq",
                "+N6j",
                "7b%j",
                "2DhF",
                "a2RH",
                "OeL2",
                "^#L\\",
                "tQM,",
                "idw-DloU$",
                "6qdN@",
                "K~V.",
                "i=1M",
                "Uk(k",
                "$J,Fdk",
                "F\"U/4@xj",
                "Kw<0-",
                "1kU(",
                "t@AT",
                "EoWn'b",
                "2F2xW",
                "ujm[",
                "_~L<z",
                "l \\-",
                "nmGhI",
                "iED{E*Y",
                "^5>E",
                "wf{)",
                "Y!Vle ",
                "q&A4",
                "$gby1",
                "[+@2",
                "QQSVWd",
                "@_^]",
                "=MOC",
                "=csm",
                "~SSV",
                "j,h CB",
                "~@;H",
                ">csm",
                "hHCB",
                "taSV",
                "YYPV",
                "t)SV",
                "hhCB",
                "Hu4j",
                ">MOC",
                "s[S;7|G;w",
                "9>u&",
                "YYh`=B",
                "tR99u2",
                "r,9Y",
                "@_^[]",
                "bad allocation",
                "Unknown exception",
                "_nextafter",
                "_logb",
                "frexp",
                "fmod",
                "_hypot",
                "_cabs",
                "ldexp",
                "modf",
                "fabs",
                "floor",
                "ceil",
                "sqrt",
                "atan2",
                "atan",
                "acos",
                "asin",
                "tanh",
                "cosh",
                "sinh",
                "log10",
                "CorExitProcess",
                "runtime error ",
                "TLOSS error",
                "SING error",
                "DOMAIN error",
                "R6034",
                "An application has made an attempt to load the C runtime library incorrectly.",
                "Please contact the application's support team for more information.",
                "R6033",
                "- Attempt to use MSIL code from this assembly during native code initialization",
                "This indicates a bug in your application. It is most likely the result of calling an MSIL-compiled (/clr) function from a native constructor or from DllMain.",
                "R6032",
                "- not enough space for locale information",
                "R6031",
                "- Attempt to initialize the CRT more than once.",
                "This indicates a bug in your application.",
                "R6030",
                "- CRT not initialized",
                "R6028",
                "- unable to initialize heap",
                "R6027",
                "- not enough space for lowio initialization",
                "R6026",
                "- not enough space for stdio initialization",
                "R6025",
                "- pure virtual function call",
                "R6024",
                "- not enough space for _onexit/atexit table",
                "R6019",
                "- unable to open console device",
                "R6018",
                "- unexpected heap error",
                "R6017",
                "- unexpected multithread lock error",
                "R6016",
                "- not enough space for thread data",
                "This application has requested the Runtime to terminate it in an unusual way.",
                "R6009",
                "- not enough space for environment",
                "R6008",
                "- not enough space for arguments",
                "R6002",
                "- floating point support not loaded",
                "Microsoft Visual C++ Runtime Library",
                "<program name unknown>",
                "Runtime Error!",
                "Program: ",
                "EncodePointer",
                "DecodePointer",
                "FlsFree",
                "FlsSetValue",
                "FlsGetValue",
                "FlsAlloc",
                "e+000",
                "GAIsProcessorFeaturePresent",
                "KERNEL32",
                " !\"#$%&'()*+,-./0123456789:;<=>?@ABCDEFGHIJKLMNOPQRSTUVWXYZ[\\]^_`abcdefghijklmnopqrstuvwxyz{|}~",
                "GetProcessWindowStation",
                "GetUserObjectInformationA",
                "GetLastActivePopup",
                "GetActiveWindow",
                "MessageBoxA",
                "USER32.DLL",
                " Complete Object Locator'",
                " Class Hierarchy Descriptor'",
                " Base Class Array'",
                " Base Class Descriptor at (",
                " Type Descriptor'",
                "`local static thread guard'",
                "`managed vector copy constructor iterator'",
                "`vector vbase copy constructor iterator'",
                "`vector copy constructor iterator'",
                "`dynamic atexit destructor for '",
                "`dynamic initializer for '",
                "`eh vector vbase copy constructor iterator'",
                "`eh vector copy constructor iterator'",
                "`managed vector destructor iterator'",
                "`managed vector constructor iterator'",
                "`placement delete[] closure'",
                "`placement delete closure'",
                "`omni callsig'",
                " delete[]",
                " new[]",
                "`local vftable constructor closure'",
                "`local vftable'",
                "`RTTI",
                "`udt returning'",
                "`copy constructor closure'",
                "`eh vector vbase constructor iterator'",
                "`eh vector destructor iterator'",
                "`eh vector constructor iterator'",
                "`virtual displacement map'",
                "`vector vbase constructor iterator'",
                "`vector destructor iterator'",
                "`vector constructor iterator'",
                "`scalar deleting destructor'",
                "`default constructor closure'",
                "`vector deleting destructor'",
                "`vbase destructor'",
                "`string'",
                "`local static guard'",
                "`typeof'",
                "`vcall'",
                "`vbtable'",
                "`vftable'",
                "operator",
                " delete",
                " new",
                "__unaligned",
                "__restrict",
                "__ptr64",
                "__clrcall",
                "__fastcall",
                "__thiscall",
                "__stdcall",
                "__pascal",
                "__cdecl",
                "__based(",
                " !\"#$%&'()*+,-./0123456789:;<=>?@abcdefghijklmnopqrstuvwxyz[\\]^_`abcdefghijklmnopqrstuvwxyz{|}~",
                " !\"#$%&'()*+,-./0123456789:;<=>?@ABCDEFGHIJKLMNOPQRSTUVWXYZ[\\]^_`ABCDEFGHIJKLMNOPQRSTUVWXYZ{|}~",
                "HH:mm:ss",
                "dddd, MMMM dd, yyyy",
                "MM/dd/yy",
                "December",
                "November",
                "October",
                "September",
                "August",
                "July",
                "June",
                "April",
                "March",
                "February",
                "January",
                "Saturday",
                "Friday",
                "Thursday",
                "Wednesday",
                "Tuesday",
                "Monday",
                "Sunday",
                "1#QNAN",
                "1#INF",
                "1#IND",
                "1#SNAN",
                "SunMonTueWedThuFriSat",
                "JanFebMarAprMayJunJulAugSepOctNovDec",
                "Jahuk",
                "ninolizavijas",
                "bad exception",
                "RSDS3:",
                "C:\\bufafitade\\guhivocodexi\\zedocud-nepivuti keyawativo\\yoha\\dazufa.pdb",
                "GetComputerNameA",
                "GetNativeSystemInfo",
                "FindFirstChangeNotificationW",
                "WriteConsoleOutputCharacterW",
                "GetConsoleAliasesLengthW",
                "GetLocaleInfoA",
                "WriteConsoleOutputCharacterA",
                "InterlockedDecrement",
                "QueryDosDeviceA",
                "InterlockedCompareExchange",
                "SetComputerNameW",
                "GetComputerNameW",
                "GetTickCount",
                "VirtualFree",
                "GlobalFindAtomA",
                "LoadLibraryW",
                "SetCommConfig",
                "SetConsoleMode",
                "GetConsoleAliasW",
                "GetWriteWatch",
                "WriteConsoleW",
                "SetComputerNameExW",
                "SetThreadPriority",
                "GetStartupInfoA",
                "GetLastError",
                "SetLastError",
                "GetProcAddress",
                "VirtualAlloc",
                "InterlockedExchangeAdd",
                "LocalAlloc",
                "CreateHardLinkW",
                "TransmitCommChar",
                "AddAtomW",
                "FindFirstVolumeMountPointA",
                "GetModuleHandleA",
                "IsDebuggerPresent",
                "GetStringTypeW",
                "GetCurrentProcessId",
                "SetFileAttributesW",
                "DeleteFileA",
                "lstrcpyA",
                "KERNEL32.dll",
                "GetCharABCWidthsFloatW",
                "WidenPath",
                "GDI32.dll",
                "SetKernelObjectSecurity",
                "ADVAPI32.dll",
                "ShellAboutW",
                "SHELL32.dll",
                "UnhandledExceptionFilter",
                "SetUnhandledExceptionFilter",
                "GetStartupInfoW",
                "HeapAlloc",
                "HeapFree",
                "RaiseException",
                "GetModuleHandleW",
                "Sleep",
                "ExitProcess",
                "WriteFile",
                "GetStdHandle",
                "GetModuleFileNameA",
                "TerminateProcess",
                "GetCurrentProcess",
                "GetModuleFileNameW",
                "FreeEnvironmentStringsW",
                "GetEnvironmentStringsW",
                "GetCommandLineW",
                "SetHandleCount",
                "GetFileType",
                "DeleteCriticalSection",
                "TlsGetValue",
                "TlsAlloc",
                "TlsSetValue",
                "TlsFree",
                "InterlockedIncrement",
                "GetCurrentThreadId",
                "HeapCreate",
                "QueryPerformanceCounter",
                "GetSystemTimeAsFileTime",
                "LeaveCriticalSection",
                "EnterCriticalSection",
                "HeapReAlloc",
                "GetCPInfo",
                "GetACP",
                "GetOEMCP",
                "IsValidCodePage",
                "LoadLibraryA",
                "InitializeCriticalSectionAndSpinCount",
                "RtlUnwind",
                "LCMapStringA",
                "WideCharToMultiByte",
                "MultiByteToWideChar",
                "LCMapStringW",
                "GetStringTypeA",
                "HeapSize",
                ".?AVexception@std@@",
                ".?AVtype_info@@",
                "                          ",
                "abcdefghijklmnopqrstuvwxyz",
                "ABCDEFGHIJKLMNOPQRSTUVWXYZ",
                "kU'9",
                "HMXB",
                "?Zd;",
                "?/L[",
                "S;uD",
                "z?aUY",
                "D?$?",
                "U>c{",
                "zc%C1",
                ".:3q",
                "-64OS",
                "NKeb",
                ".?AVbad_exception@std@@",
                "}kkkkkkkkkkkkkkkkkkkkkkkkkkkkkkkkkk",
                "ooooooooooooooooo",
                "kkkkk",
                "xxxwww",
                "9<<<",
                "Wc>cW",
                "<<5W ,\"\"\"\"\"",
                "F1\"\"\"\"",
                "\"\"\"\"\"",
                "K\"\"\"\"\"\"",
                "M\\z?",
                "\"\"\"\"\"\"",
                "'AAAA",
                "WIxx",
                "''AAAAZW",
                "#Waxx",
                "'''AA",
                "LL>P",
                "'''''zWWWWWWWWW.",
                "WWWWWWWW",
                "!'''Z",
                "''''AAA",
                "kkkkkkkkkkkkkkkkkW",
                "<<<<",
                "+W>[",
                "[P,#Wg",
                "ke!w",
                "<nW7",
                "EEek",
                "kkkkkkkkkk",
                "b5Wc",
                "CCCCCCCCCC6WWO",
                "OWWq",
                "kkkkkkkkkkk0",
                "hhhhhhhhhhhhhhhhhhhhhh)",
                "999QQQQQQQQQQQ9",
                "S*ZZ",
                "h?ih",
                "S**Z",
                "<****",
                "****",
                "Zj3s7",
                "&&7 8",
                "'&&&7",
                "s&&7&7/",
                "h?Zhq",
                "I}&A",
                "6.U/",
                "###########",
                "v**ZZ",
                "khhhhhh",
                "hhhhhV",
                "***v",
                "CC``",
                "hhhhhhhhO",
                "22222E",
                "**YY",
                "!****",
                "2222",
                "22222",
                ")}n(",
                "22222222222",
                "222222222222",
                "9222222222222222222222",
                "222222222222222222222222222222222222222222222222222222222222222222222222222222222222222",
                "FFFF",
                "|~~|}~~",
                "~|}z{",
                "y}z~",
                "{||}yz}",
                "y{{z",
                "~z~~",
                "{|y|",
                "|y~}",
                "}|{}",
                "|{z}",
                "|~y{",
                "}|{{z|",
                "~z~~}",
                "}z}}}~~",
                "}z{}",
                "~z}{{~",
                "}}{~",
                "y}~}",
                "{}}}~",
                "~}~|",
                "~~{{",
                "~}{|",
                "{|}{~",
                "}}z~~",
                "||{y~",
                "~~{|",
                "}}~~~",
                "}{{{",
                "~|}~",
                "||||",
                "|zz{",
                "~z~}",
                "}z}|",
                "~|~~{",
                "zz~|",
                "}}|}",
                "~~}y|",
                "y}}|",
                "|y{~}{",
                "~|z~{",
                "~~~~z",
                "~}~}|",
                "~{{}",
                "z|}|~~z",
                "}{|~",
                "~|zz}",
                "|~|~",
                "{}~z",
                "|~~~",
                "}~{{}|",
                "|~|~{}|",
                "{|}~",
                "|~{}|",
                "}~z|z",
                "{z|}~z",
                "y|y~",
                "{~~|~|",
                "}{|~~",
                "|}~}",
                "|~|{{",
                "}z||z}",
                "z}{~~~",
                "~|zy",
                "z|z~",
                "~~}{",
                "{~z|",
                "{|z|",
                "z{}~}",
                "}}|{",
                "}~}~}",
                "~}{{{",
                "}{}z{",
                "}|z~",
                "~}}}",
                "~~z{",
                "~z{~",
                "~{y|",
                "{|~|~",
                "|y{|",
                "||}|y}{",
                "}{yz",
                "}{}|",
                "|{~|",
                "}~}{~",
                "z{|z|",
                "|}||",
                "~}y|}",
                "}}|z",
                "}{{}",
                "|~}}",
                "}}{{}",
                "|{z|",
                "}|}z",
                "|}yz",
                "{z}|",
                "}|{|}",
                "~|}}",
                "}|{~~{",
                "{~~}}~",
                "}|{|",
                "~yz|",
                "{|{z~y",
                "~y{z{",
                "{~yz",
                "}z~}",
                "{~}}{",
                "z{~{}",
                "~~}~",
                "z{{~{{{",
                "|}}{|}",
                "~~}}",
                "~||~",
                "|{~z",
                "||}|z~",
                "|~{{",
                "z{~|",
                "|}{z|",
                "}}}||y",
                "~~}{z~",
                "}{~y{",
                "}}{{z",
                "~z{{}",
                "}|~|}",
                "|}|~",
                "z}~{",
                "{y|}",
                "{~~~~~",
                "{}z{}|z",
                "~}~{",
                "{z}}",
                "z}}|",
                "{~~}|z~",
                "|~}~",
                "|{~|}",
                "{}}|~",
                "z{~y{z",
                "{z~{}",
                "||~}{",
                "|z}z}",
                "~{}|~",
                "|y~}|y",
                "zz~}",
                "~}}|}",
                "~~~z|",
                "{}{~",
                "|}{|",
                "y~}z",
                "}|zz",
                "|y|~",
                "}{~}}",
                "z}~|",
                "~z{~}",
                "}{~z",
                "4m%4",
                "|qff",
                "JR#8J",
                "oq=U88b#!",
                "S=U#bbR",
                "bUp#{",
                "8UEUUbf",
                "^^ppb",
                "^EppUf",
                "`pp}",
                "ofRpgpg",
                "`)pg^",
                "2)g}",
                "KK!2",
                "f#`vX",
                "*8oTb2",
                "Fnb/",
                "@@/E",
                "Na86",
                "v,,8",
                "oJY@N",
                "X4q#v//",
                "$!YY,",
                "^4q=",
                "[/,,",
                "@N//",
                "Y@//,}",
                "[,,_6q!",
                ",,*S",
                "46F6",
                "Py4n",
                "qqfS",
                "rV,&",
                "wwww",
                "+++++rr",
                "rrrrw",
                "iiiix",
                "n==\"=",
                "}:eK}",
                "s\"Bg",
                "9}/99",
                "KT;_",
                "&%%P",
                "'q}V",
                "VWW`",
                "V%Tx",
                "2q:3",
                "BKMqB",
                "q!B//",
                "xxx    ",
                "~~~~",
                "~~~~~~",
                "Bjjjjjj",
                "Bjjj",
                "jjjjj",
                "mscoree.dll",
                "KERNEL32.DLL",
                "         (((((                  H",
                "         h((((                  H",
                "                                 H",
                "kernel32.dll",
                "hucacepewikuludav",
                "tucapelan",
                "nocisaneyuwajilegiyekufesezi",
                "zebemosijoc kigafigufujocixotihojevekimoyuge",
                "msimg32.dll",
                "voyapamujopemopubefetexo",
                "VS_VERSION_INFO",
                "StringFileInfo",
                "042904E2",
                "OriginalFilename",
                "Negative",
                "ProductName",
                "Same",
                "ProductVersion",
                "24.91.30.15",
                "VarFileInfo",
                "Translation",
                "]Wejeyoxikeboci royawoxuruhi remenivoxiporuz cibehefidimo vidogawosa piw codidoluhododar munubCRoxox xafiron tekederucom mejasopab lehu zezecuvuwotul tudexikozafa\\Zisipoxafurusay dilimikepiwina xaxoyihiti gewegivamiveti bohusamireti xivokemopotogut vememoWKerabemulile xobu jitagaxoviko rif jafolemayivafe luluzowifuma foxos gucotapo dujupuduv",
                "dMotehed garusoxovupo tate jucul wetakajito pasepicato codahobimuk puruwenehupedi pekegucixato yeyiba(Gepeh xagik jadozodadu rewuc cipidixayak",
                "OPaliterow vapasasodanak samiyifugujas zahujamebomomob zuziyoyise gexahabacufezi",
                ";Zebajigimacewo juxicejehi yozizid fofowifaro lowufejogowaho$Sobaro cetiyocevugax zafudowohopapapXCanamih teloyisag murotiticuze bizekapa wuhu hokukoc jasarabisirupe sedaged gocimuzokohu",
                "Nuxejutofi modi",
                ";Tog zeyabuvahiceri pawud wapitepisi tin pir xodimituxof dot7Karusego xirijebubeboba zopeteva mahuzopefud juxor ruza;Pem kafinahon juhure celari remelevoh bekeruwociwav xohomub",
                "Hehitajuguc jen howcGoxazuvicop licoyiku kaxavimewo yosucizeseh cewinezis sebosizukoku tecolomuwefepi kujekota xokenunu@Makege zapupigazawem yuhugemebehu nupaxofamere cijexewo zopafamuHXevukireroba vujarewoxupoke jajahugozikalu gidojuyow vaw vukucu nujamesa.Cafaxodalicine defacele vifozizis baluhivazukeqFakococofozuvo fuzunelinaxohi keyivexu gacebip dusexiv vicoyi bucotewemowon rucuwisafu wumawabali jaworukonadumeg",
                "Vicu",
                "Duwin funukemuhavon",
                "Zozi lavotewucay pomomuzocu",
                "Yazezaxahigesas xukegugudenigi$Dicidokaka likap falonubomojajuz gol+Judesidebaxo tuxurit cibayi xocureveyoxahoz",
                "SobekuxezedoxanfPucar pepazomek rojefeha bosevanobesuf kezofefigeg yukakegagewamo neruxuxexamowu josurakix yatavuludec(Hisogudadaco fot rudofokepi cemodef puvonHimukiwuzug hifovaruwo timeyujigas luyuluxi gunileboj geyo piluruvaze fenawimihokiyip ridilixa yivucugatunefipNLuxucosaciney jizi rorivibovakace togaxozijuge xizijuvulufegiv gulisubokifipon",
                "Rehagewoxewom",
                "MBopidolemiya gukaza harunidiv jetazeyo xosubiwoxu walasazukikube nerirovunadiXCavuyutow bexumesajusita hayicexaja jiwita saso dunemiza vimusi yavubayurat tulelegahuje4Xuzirabifupij hiwurir jayudofegewif dipo homoririlipOGozerelevemiwal lagegeceyime vahejobusimih kiritohamexu tahiz rahefejedata sodi",
                "XSisapizigucozim polumopecetuxem tozaxetuholugol boyiwofofonanec yajucadadopibum howoboxu",
                "Goveludagaxu%Juj jozaxoci fub fipezaxuba rotosavupFXutehopokuxivos yaziv vipisojujurev xihekefad xagalatiyur vahotubasoke",
                "Buvihese",
                "Niyaviv notex necomilaro",
                "9Dayudufivep maxokabewal madusepuz kuhuyogeca bihuw yapica!Kawerawefe widota turoreporuvemiy",
                "Hatixe giyel&Pofadecuvuca lewiguzi xiboc duceyuwosi",
                "Vaxu"
            ]
        }
    ]
}