{
    "malware_data": [
        {
            "filename": "22ef62004c1ee82645bed2e01b86464929743e17c0083f830b29a4e27e97791d.elf",
            "filetype": "7F454C46",
            "filesize": "46KB",
            "hash_sha256": "22ef62004c1ee82645bed2e01b86464929743e17c0083f830b29a4e27e97791d",
            "strings": [
                "HFu8sfga",
                "M (40",
                "8M@H4P",
                "XM`h5p",
                "S\\v_LI",
                "s{+[[",
                "0p3k",
                "!C[W",
                "A~W=1",
                "5C3xc",
                "n({n",
                ";3+7B",
                "/j7v+",
                ":w}s",
                "#]x ",
                "!780a",
                "+/G;",
                "yoq[",
                "p_?pe",
                "Ts(I",
                "D Ys",
                "tk v",
                "eOs_G",
                "0{okac",
                "wxHq",
                "0#\\`c;",
                "0#;H",
                "T# u",
                "akDA(",
                "\\xOP",
                "w\\o#",
                "expano",
                "iPr@",
                "|P3~`",
                "3`H`",
                "-0W&",
                "sCOA(",
                "`<K*",
                "^O0/",
                "@0kh",
                "2cnpc",
                "|[H2",
                "P{G#w",
                "<3z3>",
                "F7*_",
                "\"G]|W",
                "#{C#o",
                "l3a1",
                "?gR+",
                "Y7CH0Y'",
                "Gs!{",
                "<R_\"",
                "8kfw",
                "sDHG=",
                "z;Ur",
                "|9H+",
                "o'n7",
                "+'(HoRW",
                "CZ6Lw",
                "Kz7#",
                "6A^D6@",
                "Wu@tC",
                "]F_MW",
                "a/wg",
                "Z?[TC",
                "2!'=",
                "sG3c",
                "#;$x",
                "V[h0#Pu",
                "APL+",
                "O(q$C",
                "=+8;",
                "{ s>",
                ".T>K",
                "k:k`",
                "Gj9?@",
                "b7-P",
                "T?`P",
                "4k#??@",
                "gw^z",
                "zk^o",
                "#-Yw",
                ",8#z",
                "Xwa3t",
                "7@&GJg",
                "{c#(_",
                "/(~g0",
                "~_@1!+&B",
                "1]+b",
                "3t+$",
                "\"};c",
                "00/`UF",
                "g@4KBVs=",
                "C/%+Kg",
                "0<iD",
                "m#2=",
                "GZOP",
                "X7qX",
                "#rP*9",
                "\\SHq",
                ";@8k",
                "bW*|",
                ",/;V",
                "aBC{Q",
                "C1_|",
                "0A/w",
                "v`G{",
                "K+zG'",
                "3A{a",
                "X@z{",
                "@X7m/",
                "s@[P",
                "_+r%",
                "7l7C",
                "#C^A_g",
                "]GvB?D2",
                "2;U3",
                "NG@ E",
                "8 f`",
                "GP`#",
                "GX'\\",
                "G06;)",
                "{7'l",
                "Xq4AJ",
                "+c`X)3",
                "W4CWgC",
                " f#7",
                "'{dw1",
                "V%/o",
                "0f{>",
                "S*fg",
                "kkB:[S",
                "/HTm",
                "}+@&",
                "UShG",
                "'PUS",
                "9ka:O",
                "pS(v",
                "O,C;@?",
                "/a\\1",
                "#={S",
                "U4W ",
                "'5%Ng>?",
                "/U#c",
                "POkU",
                "|#PE+3'",
                "(k:oH",
                "C!+xH",
                "*Qs;",
                "I[qQG",
                "x{0[",
                "G_x;",
                "CUv[",
                "C^[.",
                "(+{.",
                "[o.cw",
                "$#ZG",
                "-'N/",
                "bQKm;",
                "fw=#",
                "C@VCcs",
                "r[X;;m",
                "z;r?",
                "0_*g",
                ":O_P",
                "X0ww d",
                "@tkd@",
                "2@H=KH",
                "(r%%",
                "g[(tsP",
                "+D+/",
                "J{%<",
                "7o43n?",
                "w4Csi4",
                "kA|M",
                "#Ca4",
                "t+^@",
                "03T;",
                "2ST#m",
                "*Kxk)",
                "70A5",
                "O]30",
                "\\{ |",
                "`|{<0e?",
                "QF{\"",
                "0 u3",
                "w -CZO",
                " 0cl0",
                "T>7@",
                ";;{x",
                "o'3DJk",
                "ko7j",
                "67_*",
                "PFPN",
                "eG;+",
                "U \"3",
                "tc$_6",
                "So/P",
                "GLw@ 7",
                "@'?`Qa",
                "Ac|st$'6",
                "8d3 ",
                "g)3Q",
                ":Z?9|C1",
                "/Rpo",
                "ADB.",
                "{o[a",
                "v+i,",
                "+GG_A",
                "<OzG",
                "WC/A(]",
                "0B_b:",
                "ht@3",
                "7+'7",
                "GT_*",
                "Xck;",
                "mQ3[",
                "a`h_A",
                "M[Z4YD",
                "WViU",
                "SR=#",
                "PMON0",
                "KJhI",
                ">=4<Q",
                "'U&N",
                "#M\"!",
                "DKN3",
                "97P(K",
                "HZs ",
                "sowc",
                "o&A@",
                "^w(T",
                " 0lSt0[YS",
                "3KH+Q",
                "(D7T~",
                "$A3;g",
                "KxC+",
                "$22@",
                "POMK",
                "/U`g",
                "\\]3\\",
                "uCAC'@",
                "CT5w",
                "aE>kP",
                "(/q{",
                "4+PE",
                "\"6'P",
                "s?{[",
                "(MO^",
                "c%Vm+",
                "\"'spg",
                "|F, \"",
                "ww$Q+",
                "w$c(",
                "E^k-",
                "7:N H",
                "?X#n",
                "w(glXr",
                "?Dpk",
                "5AJ+",
                "QkE-",
                "oUcs",
                "Ch]<",
                "`F.O",
                ";>Xo",
                "POFooK|",
                "P7#A",
                "!3xT",
                "DBC(",
                "+wQB'",
                "S|\\6",
                "InSn",
                "E8#P",
                "0shb",
                "GM_D",
                "m{F3",
                ";CoA",
                "sUng",
                "<{,0",
                "f3(d;:",
                "gXO\"",
                ";U@I",
                " @_oT",
                "' V;",
                "3b,SA",
                ";D!_;",
                "1SWq",
                "-P?;h",
                "TS/Vv",
                "2[63",
                "4P,S0r",
                "[ `{",
                "dVno",
                "lon[+ ",
                "`hkV",
                " _k ",
                "TR3 ",
                "5#E5",
                "T%'F",
                "[Pl{",
                "R[?p",
                "U:?5",
                "*&#K",
                "\\')uw",
                "kS8 ",
                "8H4H",
                "DM\\T4",
                "Cpq5",
                "K#\\0",
                "XXiH",
                "*AWS",
                "#,-S",
                "43\\0",
                "#6 7",
                "H|<t",
                "7@oHT8",
                "*0_C",
                "4C:A4",
                "'\"vs",
                "\"&KAM",
                "W? '",
                "%+Q ",
                "#3&,",
                "MOVO",
                ":wxj",
                "C`&\"",
                " FkG",
                "aOxX",
                "AQ/3",
                "<7Tr",
                "g`R ",
                "3A/l",
                "G3U6",
                "00T{",
                "b %g",
                "9;D)l",
                "4\"@L/",
                "1h;XNS.",
                "oQ7k ",
                "a!2PB",
                "{ZCOa",
                "+<Qvs",
                "k@(K",
                "_O u",
                "joZ;",
                "a#&#",
                "S'YE#",
                "4DZ)",
                "gPLp';S",
                "S!Rn",
                "`VoOP",
                "x`F ",
                "&^U[[b",
                "swH3",
                "z++O",
                "*7p^",
                "SC/b",
                "wgK;#",
                "0c7f",
                "+8A\\",
                "?UV_KN",
                "$k8@",
                " esE",
                "qW=G",
                "H?|k",
                "\"w a",
                "C[U,",
                "?(8c",
                "ZMo\\",
                "<7{X",
                "m[W0/",
                "G<s8c",
                "wt;4o",
                "3SzKC+x[",
                "?U'O8",
                "ciE3",
                "vo0 ",
                "(pk;",
                "H';v",
                "m#.@",
                "(,oS3",
                "3@Qd",
                "@6s&",
                "4e=o<w",
                "X[pl",
                "W}gQ",
                "WLEg",
                "4Db[\"tGr?",
                "aGb@",
                "30PX_C",
                "')G;*",
                "79i:",
                "UViW",
                "YZj[",
                "jkhm",
                "vwiy",
                "opt>home",
                "?var#s",
                "binO",
                "MDL4T",
                "\\}/proc",
                "$elf/e",
                "resolv",
                ".con",
                "botpkt",
                "mittt",
                "g Suicim",
                "Kill",
                " runn",
                "acks!",
                "ERROR",
                "able to winec",
                "X-6i",
                "in}ized",
                "sdnhahjd",
                "eivI",
                "CNC O",
                "{ezn",
                "hlLjztq",
                "}npxXj~",
                "ACSc",
                "Unkn",
                "s\"hZ",
                "tTups5",
                "addrD",
                "Arguk|I` V",
                "+Exkt",
                "Cscri",
                "2k\\'em|",
                "Bu,k",
                " m;Is",
                "Xalb",
                "f&ona5",
                "|-0-",
                "lyG6",
                "oudd",
                "e]ty",
                "kIb[",
                "c 2~",
                " ;lt`",
                "IftJ",
                "n)ch",
                "6-ts",
                "gkk%=W*?LbjGp",
                "mtna",
                "cx0'",
                "o~<nd",
                "aN=a",
                ".KDB",
                "aM<ies",
                "pe}Ka",
                "k81Bw",
                "nq o$",
                "n-sb",
                "FDNwr",
                ",vHgn",
                ">vwn",
                "f$8/6",
                "/?ffe",
                "q-js",
                "v: cB",
                "Host",
                "Vrp''",
                "%/oENFS",
                "BU,2",
                "23456789lpc",
                "Bo`fo",
                "O8M2",
                "\\`id",
                "lpit",
                "8<i@",
                "HLiP",
                "X\\i`",
                "Mtx4|",
                " $i(",
                "04i8",
                "@DiH",
                "PTiX",
                "`dih",
                "ptix",
                "$M(,40",
                "4M8T",
                "DMHL5P",
                "hlip",
                "JYS=",
                "4.002021",
                "/proc/self/exe",
                "/proc",
                "/self/ex",
                "0\\MSA",
                "lSrn",
                "CUPX!",
                "40CZ",
                "Wm?U",
                "! 9+",
                "Pdoc^",
                "`4n'",
                "4kScO",
                "hC`g",
                "w;@bQ",
                "4`\\s",
                "/4&'}",
                "<4'82/V",
                "GCC: (G",
                "NU) 3.",
                "2 200",
                "ian pre",
                "leas",
                ".shst",
                "inito",
                "tex5f",
                "roda",
                "eh_fra",
                "me3b",
                "wgoU3Mc,c",
                "om9n",
                "{ibuzvs",
                "' l ",
                "OWsa",
                "XPn'TP",
                "sfga"
            ]
        }
    ]
}