{
    "malware_data": [
        {
            "filename": "247da4e7b039a6ef66e79e642a2d12e42d3a4a8b54de73fd03da4f0e76666f93.elf",
            "filetype": "7F454C46",
            "filesize": "21KB",
            "hash_sha256": "247da4e7b039a6ef66e79e642a2d12e42d3a4a8b54de73fd03da4f0e76666f93",
            "strings": [
                "CvUPX!",
                "1xYz",
                "#s%y",
                "2e&!w",
                "Op4<",
                "ypSO",
                "46{\\l",
                ":sJM",
                "'Ft2",
                "X^B,",
                "SX<|.",
                "@`NPa",
                "K8mf",
                ";hQ#",
                "v9Lw",
                "95T9",
                "zj9H2",
                "xO+P",
                "w2K%@",
                "tVL}",
                "exRH",
                "@\\V$@",
                "x;g8",
                "q3-UN",
                "yh($z",
                "L_x?w",
                "=\"+J",
                "Tl207",
                ";g%y",
                "JF\"H9",
                "$zz^$S",
                "e`\"Om'H",
                "ANW/",
                "JFn&",
                "/.m#",
                "YT]$#J",
                "wkUc",
                "#e%Y",
                "@fiMR_(",
                "zQ{9",
                "}b:!",
                "fllcLX",
                "hm:n",
                "^T+)",
                "w{Tt",
                "za$(",
                "`yGC",
                "{NCd)",
                "n{g+w#",
                "o^|5",
                "A*py<$",
                "eJ[d",
                "Omh=~",
                ".vWh",
                "%q.f",
                "uYM>\"i",
                "DCu_",
                "5TB5<",
                "R>uS",
                "PD$wO",
                "x($\"",
                "X~2#",
                "LF\\B",
                "*ZNG",
                "72F~",
                "?x-2k1",
                "DH4b",
                "/YQ)",
                "l_.e",
                ",g*}",
                "^q\"m",
                "xwFq[",
                "?7w?/",
                "Tq^Cg",
                "`tQj",
                "Em% ",
                "wJ?1If:p",
                "2$i'",
                "<EEX",
                "L3k*T",
                "x\\Ki",
                " aQ)",
                "]XwT",
                " T^a",
                "otA&}",
                "ibJU",
                "\\_%r",
                "ag4Gh",
                "@UIhq",
                "ZLVj;",
                "wQj|",
                "<nc-",
                "{7Y9aT",
                "2ts!;",
                "'@<\\!",
                "UT/=>c",
                "y@7 ",
                "7IA1*",
                "OPQa",
                "cf|3",
                "pFK-",
                "P.s8",
                "Uy\\,",
                ":M`s,",
                "F)UH",
                "0X5|",
                "7;)I",
                "s,]C",
                "~PY`I",
                "RT]s",
                "y!R9",
                "emZ%",
                "<Q3owD/",
                "u.lA",
                "NT`7bz",
                ".;T\\",
                "rDti",
                " A(1c",
                "7FNS",
                "2Aai",
                "!Qsb",
                "BFe\"",
                "kytB",
                " Z5;M",
                "7R4~",
                "],Vo5fP",
                "@x;T",
                "WFlIj",
                " H:;",
                "n\"f|",
                "\"*p2R*3W",
                "%~v.",
                "YOH>]e",
                "6BRj",
                "Q.j*",
                "3d; -[5",
                "8btS",
                "HmlVbn\"",
                "p$\"<",
                "|oqY~VA",
                "z1s>Xu#d3",
                "1r' &",
                "#941",
                "xUBt!s",
                "O((q",
                "UZ$=Fy",
                "Dj<V",
                "U+*4",
                ":+ADV",
                "8MHn80",
                "IUdn",
                "TXY{",
                "SJ?~",
                "I!u,",
                "9C;L",
                "Ta=q",
                "S=B@r,[6",
                "xPG>",
                "d\"D;|5",
                "$ ^s",
                "R5$$",
                "zgm[T",
                "RR1A4",
                "f>\\m",
                "2?]A",
                "-c2C",
                "=U&;",
                "cC96m",
                "p*{>",
                "kn5C",
                "B7$[N",
                "6Kcb",
                "%A5!]wp~Uc3z/`",
                "q|p`(",
                "]S\">k",
                "boJ~",
                "/?LQvK",
                "f$nO",
                "=a4X`",
                "*\"KJ2fh",
                "(]pq[",
                "8Fo9C.",
                "0~IO",
                "Pb )",
                "PROT_EXEC|PROT_WRITE failed.",
                "$Info: This file is packed with the UPX executable packer http://upx.sf.net $",
                "$Id: UPX 3.94 Copyright (C) 1996-2017 the UPX Team. All Rights Reserved. $",
                "5n9#",
                "]=2)",
                "%b')",
                "U+V!]",
                "/S|1",
                "[*v!q6L",
                "|[%'",
                "Jv?R",
                "TB$gsp8",
                "[>2g",
                "u`QMf",
                "kA;C].",
                "]a$<",
                ":C2~z",
                "?Usd",
                "K+~(",
                "961K",
                "u6DG`",
                ">g%g<",
                "UPX!"
            ]
        }
    ]
}