{
    "malware_data": [
        {
            "filename": "23d7fba27c029e99af3b12f097408f4f05d9ace29b4a964ced0b301958ee363a.elf",
            "filetype": "7F454C46",
            "filesize": "34KB",
            "hash_sha256": "23d7fba27c029e99af3b12f097408f4f05d9ace29b4a964ced0b301958ee363a",
            "strings": [
                " NUPX!",
                "!sJ-h",
                "3Re/",
                "dU#/r",
                "kM$)q",
                "PeuL",
                "pj2v",
                "l/wD",
                "#bDZ",
                "R[%p",
                ";|xv",
                "n{w(",
                "Pt|W",
                "'@FG",
                "4k`D:",
                "F ~<",
                "XZg$",
                ";lKU",
                "%Y=T",
                "OdUI",
                "[*R6",
                "3$=r",
                "At}a",
                "lmrfm",
                "-LFR",
                "sNlC/#|",
                ",wwD",
                "O(|h",
                "2SSU",
                "Jy-@",
                "^A[=",
                "8 i>",
                "hrr|",
                "7`d+",
                "yKweo",
                "[:3z",
                ";A#;",
                "VI,x",
                ":O!/;",
                "HX#>S<",
                "O4_ER@",
                "J+`p",
                "lBT/",
                "k~eDa",
                "Fu3Oca",
                "gu_4?",
                "dPV^`I",
                "TlnS",
                "MJ#_",
                "d*vJ",
                "O3OJ'>",
                "W^\\T",
                "\"0s(",
                ".Lm?",
                "[66$",
                "KNPRngxT)",
                "0ty(Pe",
                "[\"?q",
                "iP8C",
                "|4D7",
                "c~4~Qr%",
                "`VAZ",
                "-5;)",
                "[;|8",
                "&G\\^",
                "l?]!",
                "-#D)",
                "S/91",
                "F4x:8",
                "Qe\\]",
                "\\Itw",
                "+wP{",
                "!!Ho",
                "(;NM",
                "jpOb",
                "k!1N",
                "JF825 _",
                "o?uVv",
                "/)y1V",
                ":nUx",
                "Rtc=",
                "SF8\\Sg=bHK`8,x",
                ")%x%ty*",
                "4/um",
                "j_jR",
                "YXnk",
                "%%lN",
                "SwTw",
                "M}-n",
                "x=H&",
                "6Ae1",
                "38Rn",
                "5lPu",
                "GBumC",
                ")3Hf",
                "]p~n",
                "[;I!",
                "g3Ql",
                "sltu",
                "_~Fr",
                "_W|8hl",
                "Omy*j",
                "7Z)IGK2",
                "OVlS",
                "D\"$q",
                "/`B_@e",
                "\"n=8G.",
                "x\\eM",
                "\"!-p",
                "fM6xDv",
                ",>[A8~",
                ")Iq=",
                "H;OP|7S",
                "i3cS",
                "pV}(",
                "Lb6D",
                "Sj_M",
                "\"qsQ",
                "tc<`",
                "{56W",
                "6t-dd",
                "k,{ ",
                "gIb@",
                "2i81a",
                "c&3z)",
                "-!>Sh",
                ")*7<",
                "Z;*]",
                "ossq[",
                "TP39",
                "!.(tM",
                ",-bf",
                "E6AvM",
                "' BK",
                "OSDH",
                "&|LD",
                "]t'|",
                "~Im;",
                ",41t.",
                "*F `",
                ",[+(",
                "~ @+.",
                "|dsz;",
                "us)L",
                "a0?mU",
                "zVHFqS",
                "Wrqq",
                "QZLa",
                ".=e0D",
                "LSF=A",
                "&a6 ",
                "tqXJ",
                "LmkO",
                "[FAG",
                "O'_?0",
                "xfqEr",
                "*nep",
                "%_\"8",
                "Mv@H3",
                "R5ZUa}",
                "K?7{",
                "WPo?\\",
                "ep'S",
                "W=;[!",
                "aXv\"",
                "&_{I",
                "+88@",
                "`'08",
                "vG)V}!",
                "+;j}$_",
                "X<hwL",
                ",kC:p",
                "k&8\"-|",
                "TQ^%",
                "LDLS",
                "0yu-,",
                " bmm6\"FN",
                "FD>N",
                ".+.Z8",
                "[drI",
                ":Na]]",
                "<-kj",
                "Fe>O",
                "[Z+@",
                "%$cR*",
                "E~5_",
                "et1{",
                "CMoiS",
                "*uY4",
                "HK#m",
                "{Q*&",
                "5?r<]",
                "AdDH:.",
                "QzG<",
                "86rK",
                "QTN8",
                "fr{V",
                "A9%q",
                "\\gTx",
                "P<xTn",
                "BsuU",
                "?l\\y",
                "v#Dz",
                ";n_A",
                "}R;*",
                "^Vh.R+",
                "^1K($A",
                "D.Y?",
                "y2Po",
                "Q8=T",
                "u'4 ",
                "d?#c",
                "9]s2",
                "]'v u8Q",
                "}xmw",
                "kPB\"",
                "hZZo",
                "(%,@",
                ">gyR",
                "O^'/",
                "|9k1",
                "h%2P",
                "4>(#",
                "hkxI%$",
                "5#29",
                "zK$to",
                "aipq",
                "*ld^C",
                "?hv-0&",
                "e(8^4",
                "a3\"\\",
                "VU%6",
                "FMCyK`+",
                "6]i;",
                "C>J`J",
                "g(%1",
                "<eLf",
                "K\\*kY",
                "&o8a",
                "9\\zX",
                "Q,+I",
                "@@GA",
                "s]~g",
                "M+2Y",
                "waBq",
                "U$.X",
                ":Aj#$",
                "| gQ",
                "pQ{u",
                "4gc^B",
                "]|;Z5",
                "?[v5i",
                "c'L7",
                "~%Zl",
                "U/-!",
                "hBc&~eN",
                "3Av-",
                "tOh[fJ(",
                "4p/q",
                "@V@*",
                "T6%\\",
                "xG*c",
                "%l5z",
                "+F6-v",
                "ec4e",
                ":H'$",
                "_7Xxd",
                "FN|~",
                "gC?N",
                "\\iSu",
                "aV,;",
                "6v_iS(",
                "Vghx",
                "A!Jd",
                "4(@de",
                "e?w+\"",
                "-qN{R",
                "kN- ",
                "b]#c'",
                "NAi(+",
                "=a?=",
                ".5aG1",
                "~e#1f",
                "{N[o",
                " ci,",
                "},6l",
                "J:G{Ot",
                "~RIc",
                ":i?sf",
                "K_Iep~",
                "r6\\z",
                "5+$}B",
                "giEZ(",
                "M!+C",
                ",Z,~",
                "HD3F",
                "vMbg",
                "QB{ec:",
                "ki.59ZE#",
                ",Nq]",
                "\\,6I",
                "YGU=S",
                "));\"",
                "-L9_* ",
                "2Pi[",
                "4H]A",
                "kO?}{",
                "7lB ",
                "2KF'6",
                "oZGFT",
                "rl;{",
                "7(o~$",
                "vH!$:",
                "{v1&",
                "$/sz",
                "Pb )",
                "PROT_EXEC|PROT_WRITE failed.",
                "$Info: This file is packed with the UPX executable packer http://upx.sf.net $",
                "$Id: UPX 3.94 Copyright (C) 1996-2017 the UPX Team. All Rights Reserved. $",
                "5n9#",
                "]=2)",
                "%b')",
                "/Cw@Z&",
                "9e(1",
                "xjqX",
                "/Vv<",
                "-zL0U",
                ":LM'",
                "~!'\"?",
                "gn;>",
                "`dOW",
                ">G\"V",
                "G0KT",
                "o9ruVu{",
                "A3Zp",
                "5(Ix5",
                "[NI.",
                "[zu%Z",
                "b/h>@%",
                " ;\\4",
                "+Ofp",
                "r9aQ",
                "WJFj",
                "]*lwo",
                "B?Ne7B",
                "UPX!"
            ]
        }
    ]
}