{
    "malware_data": [
        {
            "filename": "238e8f61c028da657b511061851f38ad90e6ba7146a8f3d417b73af12b5ee20d.elf",
            "filetype": "7F454C46",
            "filesize": "31KB",
            "hash_sha256": "238e8f61c028da657b511061851f38ad90e6ba7146a8f3d417b73af12b5ee20d",
            "strings": [
                "4^UPX!d",
                "N+ie",
                "%yFs",
                "#{Vd",
                "V0+x",
                "p&wG",
                "FVUg",
                "7o{E",
                "BG7i",
                "bdfx=B5",
                "\"jzf)",
                "0C!J",
                "S<Y{\\",
                "}}yE",
                "d_h.a",
                "E$|dG",
                "w=O}",
                "?k<.P",
                "gt6\"m",
                "k9&D",
                "RT'W",
                "&7kz/",
                "C}Ko",
                "X>o,91",
                "E]1{",
                "F0(5",
                "owmu",
                ">a(G$",
                "kqgU",
                "s[q|",
                "VK)@",
                "!5QJ",
                "bsd-",
                "Ky;+",
                "7sdNM.",
                "m<O1",
                "\\;Hk",
                "i <p",
                "_bP.",
                "rLt^E",
                "H^m{",
                "Bo$&",
                "$wp$<8",
                ",/iP",
                "pPGw",
                "4bp9",
                "e/<w",
                "fOJO\\",
                "\\N-2H",
                "QU;l8",
                "0>.e",
                "cNQ^M",
                "Gpqt",
                "fH7l",
                "97@M",
                "\\U~D3UJ",
                "Cy.S7",
                "$#Ex",
                "br9ef/h'",
                "ML;n",
                "K;EZ",
                "$:7`",
                "DIo)",
                "zWWBe",
                "NDc8faUt",
                "mpDi",
                "rGG6",
                "wR6>]N",
                "8{4<",
                "1V\\n",
                "vk51Z(",
                "43QL",
                "8;1s",
                "=V [x",
                "BZ#C3?",
                "*bH-W",
                ":x=m",
                "iWQ{",
                "zTXP.",
                "es63",
                "<csfL",
                "$8(~",
                "WOVMB]",
                "mV.X0",
                "S?>-",
                " 5z9",
                "@@E ",
                "X=|7",
                "|PU;|",
                "|z=H",
                "`&' ",
                "x_-.",
                "wR]:w$",
                "DG^>",
                "[H:hR~",
                "j}k.C",
                "g\"t6",
                "H$G^",
                "0ZXIJ",
                "4.As",
                "})(S",
                "#.(h",
                "T\"\\ku",
                ")^=,",
                "Ry+@o",
                "%`;`w",
                "w_;f]",
                "T;g9,L",
                "+(WID",
                "WRf\\",
                "C?qF(+",
                "0wf{",
                "prf'k",
                "|Lk;",
                "\"yJ>",
                "@]yU",
                "S/iP",
                "ORhU",
                "kvnvq",
                ";4-R",
                "]xO@z",
                "&sO0",
                "N326",
                "p8mw",
                "taF;i3",
                "]}'9Q",
                "@*Hs",
                "hrpKz",
                "`z$BW",
                "ZFR>C",
                "MeZu",
                "B`^o",
                "_ifDd",
                "Ob@B",
                "'F0ho",
                "tr&I",
                "Iuii",
                "VxF ",
                "+^tx",
                "\\/C<*[[S",
                "50'O",
                "0]+c",
                "[&MVoxq",
                "6v$32n",
                " Axk%$",
                ")|Bf",
                "Bc?k",
                ":<:X",
                "RaB2",
                "IGEG",
                ",\"j48p",
                "s5))",
                "FlG5",
                "$d!e",
                "C_*g",
                "=0YJ",
                "r?O6",
                "$HuR",
                ".ESc",
                "E y,`",
                "<Ff9",
                "cXg,#HM",
                "[J+m",
                "\"X\\#J",
                "cW?wC",
                "E::jL<$",
                "=9>j",
                "C|Pt",
                "#Or#",
                "#3'k",
                "EICq",
                "8>xA",
                ")\\D8",
                "[;MO6'",
                "WP0Hr",
                "#roM",
                "4'[h",
                "xtLr_",
                "SsR%",
                ".bAWu",
                "<ri{",
                "B=-z",
                "XT\\j",
                "?hxb",
                "F36^",
                ":^/.",
                "\\oK[",
                "P!8j",
                ">1uk",
                "w6\\;",
                "3b2{",
                "0g'$GkM",
                "WHQ!",
                "W~F+M",
                "Q`0y",
                ".U.[",
                "3+h)",
                "QL`4f",
                "'IA}",
                "j0?h",
                "0X6;",
                "RE:v(<",
                "iu>{!",
                "c[$/M",
                "AsfD!I",
                "GH`q",
                "Ku]:=",
                "La&y",
                "x@;$",
                "VuMl",
                "SB]n&",
                "%q=:Y",
                "oQ4H_?",
                "j`Kf7|",
                "lR20;",
                "`&fh",
                "FZ{M8C",
                "e0PAz",
                "I{!\\E",
                ";yZA",
                "ayE\"",
                "=L3}",
                "r4r?cJM\\'",
                "J1>?",
                "tl*%Q",
                "!$'E",
                "aKbf",
                "vCR/",
                "iXMJi?#",
                "[5Z YxL",
                "oU)L",
                "EZ,K^",
                "O?28l",
                "P.#i",
                "gv/b",
                "%BbC",
                "nQCm",
                "4yQV",
                "[-VOpd",
                "z-G?",
                "s=\\u!",
                "X3xB]o",
                "Ff<A",
                ":p99",
                "6:DT8]",
                "\"a2u5b",
                "<}!i",
                "W$Cq",
                "i<x[",
                "{SV*",
                "_H.6",
                "(YZIdy7p",
                "-1!r",
                "qd^GV",
                "N:Rd",
                "[R&I!",
                "=m.K",
                "aOQq",
                "&8;$",
                "Y=RW",
                "`ZRZ",
                "?PQ4P",
                "q;KM",
                "ebmE+",
                "pp`aP",
                "a+5_y",
                "to~|",
                "M:GO",
                "FD@\\",
                "Du-W",
                "~ In",
                "bS.y",
                "\\6:vQ",
                "aBAO]",
                "$/N*Y",
                "YuHk",
                "iVG/2c@",
                "=kv@",
                "9nV,",
                "1gC1",
                "Y'WA",
                "p7d/",
                "ttF:",
                "?<s.&",
                "1d5v",
                "ku2k",
                "i8:I",
                "67ZlF",
                "}_~ U/",
                "c?N?",
                "(hT~m",
                "Fmx%-",
                "c6X3R",
                "$YPV",
                "`@$+",
                "{ru>",
                "DE6 ",
                ":evm",
                "|D#>",
                "**dcQ",
                "ca7/VF",
                "yULBA",
                "t>%?",
                "\"Me$`",
                "&nS2",
                "xX9j<|T",
                "WYg9u",
                "QZV5D",
                "U/]'eO3",
                "!(hG",
                ".1f*",
                "fF+3",
                "eI}V",
                "*Jfzz",
                "z?}y",
                "&`NM!",
                "vApk",
                "=U,U",
                "]_s/Q",
                "{4dY",
                "%__1E",
                "Wv=O",
                "VeHV",
                "(O'}U<",
                " Jo@T",
                ".QrD",
                "B$!8",
                "R&# ",
                "E$!x",
                "$#xd",
                "$!P`",
                "PROT_EXEC|PROT_WRITE failed.",
                "$Info: This file is packed with the UPX executable packer http://upx.sf.net $",
                "$Id: UPX 3.94 Copyright (C) 1996-2017 the UPX Team. All Rights Reserved. $",
                "vyB!F",
                "dBx'2",
                " HC\"",
                "J%1c",
                "@tDB",
                "A&v}",
                "sUge",
                " @*i8",
                "80c=",
                "VA*w$",
                " &Nw",
                "_u7k",
                "-R3\"",
                "K,^<.",
                "ArHF,tC^",
                "emO<V(A48",
                "l(bJ",
                "x0eJ,x7",
                "4H)6",
                "kWxL",
                "a!$U",
                "hL|!-",
                "eQPk",
                "UPX!"
            ]
        }
    ]
}