{
    "malware_data": [
        {
            "filename": "1c711a57a19ce85cdc2a024c322508aa77a30316e4b1f33ff61c4b771574e176.elf",
            "filetype": "7F454C46",
            "filesize": "29KB",
            "hash_sha256": "1c711a57a19ce85cdc2a024c322508aa77a30316e4b1f33ff61c4b771574e176",
            "strings": [
                "UPX!",
                "F#1c",
                "l we",
                "j|l-j",
                "m*$V",
                "/lq[cU",
                "od8n",
                "X*&$",
                "$YAZ",
                "]Dlt",
                "1RsU",
                "GNG4C@",
                "oXQ`",
                "%Y}N",
                "-{,}ru",
                "ltfA",
                "tA+h",
                "R;o7",
                "$\\9d",
                "Zo<R4",
                "+Nvf",
                ":~0pB",
                "Z?Sbv",
                "!jj:",
                "X=Zy",
                "FmB9",
                "OUe,`",
                "ZiG'R",
                "Z<E@8*",
                "|Zx*",
                "9/BKQ1",
                ",C@@",
                "tGec",
                "j/Co",
                "nHlHh<",
                "f$r_B",
                "~uiG",
                "@#=g",
                "6,U*9",
                "Swre",
                "HYo=zh9",
                "`JpA",
                "W(rin",
                "Ct)5",
                "+*b[",
                "-v=0",
                "TP[QM@2",
                "={Y'?{",
                "2V]O",
                "~Clgo",
                "ZX~X",
                "@J^Y",
                "'Uq^",
                "L3q?",
                "$gO#V",
                "L-CXEom",
                "% H(",
                "A2kf",
                "F|+R",
                "^GTbbRi",
                "y3e >",
                "k#ZR",
                " hM2",
                "-EVN",
                "h<]&%T",
                "]BD?7s",
                "hwq$",
                "*V<y",
                "T]&3",
                ")Ww!",
                " M@En=",
                ">t[JMB",
                "||S4n",
                "<^IN",
                ";&:`X",
                "WP\"3",
                "dh>k<f",
                "*(Jq%]2vnX~",
                "2kVX`",
                "yx]mY",
                "s2#:",
                "&J]it",
                "<:D6",
                "\"o^^",
                "oxmE",
                "{.[5",
                "Rv!?",
                "7?\"h",
                "FVfYi",
                "+qj>8",
                "GN%9G",
                "N0Wg",
                "8VSG",
                "@Q+C:i",
                "02?[`",
                "%[;q",
                "9/sP^",
                "K)fa",
                ".lq{",
                "9>] ",
                "%jAX-E",
                "9?Bd^",
                "fBHJba",
                "N=pkFD",
                "LzcMGmq",
                "ys\\-",
                "JWY0LC\\",
                "(g]3",
                "N7LU",
                "rbk_",
                "v:;`S",
                "E'A1s",
                "/[Aq",
                "NM}f",
                "EC['",
                "F0HW",
                "c!.;z",
                "OasZ\"5",
                "zZ_g",
                "=xTi]Q",
                "xkEs1",
                "x41m;",
                "[*N)",
                "dZKM",
                "Z#,,",
                "(%\\#l",
                "3R*9h",
                "#4$z",
                "Py>9",
                "SB G",
                "#/N2",
                " :L8.",
                "0mp5t",
                "_H$Et",
                ":7ZOP",
                "ABZG",
                "`(Ky",
                "'\\|>",
                "+W^u",
                "l+HV",
                "2?)+",
                "y,G4`M",
                "i;.f/",
                "jm7{",
                "7}TK",
                ")g'^",
                "'(vL",
                "oOViR",
                "Mv;/",
                "KuZgn",
                "JA6e",
                "femn",
                "[[\"t(?",
                "HNWb",
                "~$Gh",
                "TFoL",
                "TnkF",
                "qe.:Z",
                "%\"{[!=`3",
                "ku1;",
                "1r(L",
                "POit",
                "8%c?_",
                "?$Ud",
                "Z-FFWR",
                "L*cP",
                "OT^~",
                "FxyI",
                "% 0V=",
                "S>P.v\\{",
                "Kq*P#",
                "hV*|",
                "rH|F",
                "[)m?",
                "T6!S",
                "JG>*",
                "KhVg",
                "Q.\\!)",
                "]Z.T3",
                "VS'A",
                "\\oI4",
                "xl>BF",
                "\\;qM",
                "*2/pSQ",
                "btob",
                "hqu>",
                "sG3mlr",
                "c8u/",
                "\\vX|",
                "z]-rz\\",
                "w7eg",
                "3R0t",
                "|W;]",
                "2DS>G",
                "oolFtr1",
                "`-Ot",
                "T{;)R",
                "m+UNY",
                "0QJS",
                "*knG",
                ">}(n",
                "b{fV",
                "[2q:",
                "o6O4",
                "B0&lF",
                "%$e,",
                "'tZ>t",
                "^B#o%",
                "}[4:",
                "T16K",
                "*4w6)",
                "oB6A",
                "~gMk",
                "2|DJ",
                "~hzu",
                "N&t X",
                "1,'x",
                "VE [1&",
                "kP|J",
                "m\"I8",
                "d~k]",
                "eq$'",
                "Oc7~",
                "jR0I",
                "Wx&E:P",
                "{?WU>d.[T",
                "mTvJm",
                "k ~w",
                "]YgH",
                "Hj)6",
                "DXAO",
                "'P?K",
                "JFta~",
                "PlJm",
                "6G/u",
                "W#?R",
                "L<I*",
                "yOS\\g8",
                "P@V{\"",
                "]HA]",
                "Oeob",
                ":#:G",
                "J\"`GyD",
                "D,d[",
                "KX\\/",
                "d{EoY",
                "?ZeDw",
                "LRsj",
                "gz%/-",
                "x>erI",
                "/|a,\\F",
                "-dM4`",
                ",uEj@Z",
                "%}n|",
                "Rx Dr",
                "qrPgd1",
                "cbt0",
                "|'qK",
                "U5<#",
                "WcE0}",
                "Y_qS/",
                "m\\o+",
                "PD\\wy!N",
                "(\"qO",
                "1hdq6",
                "G'BV",
                "B;K+",
                "(1U^",
                "-Zh;Ui",
                "Y3hQK",
                ":W| h",
                "LY7A",
                "#K=M",
                "f4<b",
                "&B\"l",
                "lT=+ ",
                "9Wd_E",
                "D)u[",
                "5acn",
                "m_BC+",
                "VJ\"}",
                ":'3;",
                "*SQX\"b",
                ">Nj&",
                "a}]2{",
                "OMnWl",
                "4|+U",
                "~rY\\",
                "}F.kuiaZ<s",
                "/$%<",
                "&T&)",
                "Pb )",
                "PROT_EXEC|PROT_WRITE failed.",
                "$Info: This file is packed with the UPX executable packer http://upx.sf.net $",
                "$Id: UPX 3.94 Copyright (C) 1996-2017 the UPX Team. All Rights Reserved. $",
                "5n9#",
                "]=2)",
                "%b')",
                "U+V!]",
                "/S|1",
                "[*v!q6L",
                "|[%'",
                "Jv?R",
                "TB$gsp8",
                "[>2g",
                "u`QMf",
                "kA;C].",
                "]a$<",
                ":C2~z",
                "?Usd",
                "K+~(",
                "961K",
                "R.S\\"
            ]
        }
    ]
}