{
    "malware_data": [
        {
            "filename": "1b6ca65b2f5cbc1b1d9598956c441434a6bd7a7ddeee2a0e34089dd5a4f1f415.exe",
            "filetype": "4D5A9000",
            "filesize": "201KB",
            "hash_sha256": "1b6ca65b2f5cbc1b1d9598956c441434a6bd7a7ddeee2a0e34089dd5a4f1f415",
            "strings": [
                "!This program cannot be run in DOS mode.",
                "Rich",
                ".text",
                "`.rdata",
                "@.data",
                ".pdata",
                "@.reloc",
                "SUVATAVH",
                "d$xI",
                "D$xA",
                "D$ A",
                "|$`A",
                "|$`H",
                "0A^A\\^][",
                "d$hI",
                "D$hA",
                "~IA;",
                "|$pH",
                "UVWH",
                "D$8A",
                "\\$ H",
                "L$ D",
                "L$8H3",
                "\\$hH",
                "@_^]",
                "t$ UWATAVAWH",
                "D$ E3",
                "%c%cf",
                "A_A^A\\_]",
                "SVWH",
                "L$!D",
                "@8)u$",
                "@8)t",
                " rfA",
                "@8)u%f",
                "\\$ VH",
                "\\$HH",
                "l$8Hc",
                "L$0H",
                "C E3",
                "l$8H",
                "|$@H",
                "@SWAVH",
                "A^_[",
                "IcD;",
                "t$8I",
                "d$@D",
                "d$@H",
                "t$8H",
                "l$0L",
                "H+Q0I",
                "\\$ E",
                "\\$!M",
                "|$\"L",
                "T$#H",
                "LcR<A",
                "t$ AVH",
                "|$0H",
                "\\$8H",
                "HcE<H",
                "l$@H",
                "t$HH",
                "\\$XH",
                "t$`3",
                "L$PL",
                "t$P;5Fv",
                "t$`H",
                "\\$`H",
                "P_^]",
                "NTInf",
                "NTAc",
                "cept",
                "NTSef",
                "NTRe",
                "ceivf",
                "NtIs",
                "Closf",
                "NTCl",
                "NTGe",
                "E#tSrc",
                "E'Addr",
                "E/NTGe",
                "E3tDsc",
                "E7Addr",
                "E?NTGe",
                "ECtPwd",
                "EGPackf",
                "EKet",
                "MOH3",
                "D$(H",
                "MGH3",
                "D$0H",
                "D$ Star",
                "D$$tWorf",
                "D$(k",
                "L$0H3",
                "@VWAVH",
                "l$pH",
                "D$`E3",
                "HcM$",
                "L$`L",
                ";}$t",
                "@A^_^",
                "VWATAVAWH",
                "D$hD",
                "d$hL",
                "D$ I",
                "s0D;",
                "0A_A^A\\_^",
                "t$(L",
                "t$ 3",
                "D$(E3",
                "D$ 3",
                "D$8H",
                "D$@H",
                "T$0H",
                "\\$ WH",
                "T$PH",
                "L$XH",
                "T$PL",
                "L$0L",
                "L$`H",
                "L$(3",
                "@SVWH",
                "T$`H",
                "L$hH",
                "T$`L",
                "L$pH",
                "@_^[",
                "|$ AVH",
                "D$@@",
                "\\$0H",
                "|$HH",
                "t$@H",
                "VWAVH",
                "\\$xH",
                "\\$ UH",
                "M H1E",
                " H3E H3E",
                "t!eH",
                "L$PH",
                "\\$PH",
                "uyHc",
                "uTL+",
                "L$(H",
                "L$ 3",
                "D$PH",
                "D$H3",
                "cAMD",
                "enti",
                "AuthD",
                "ineI",
                "ntelD",
                "Genu",
                "t(=`",
                "t!=p",
                "D$0$",
                "\\$83",
                "A^_^",
                "ttIcF",
                "T$PE3",
                "D$PD",
                "l$`H",
                " A_A^A\\_^",
                "x ATAVAWH",
                "D$`A",
                "F;\\8",
                "t~E3",
                "D;!|",
                "\\$@H",
                "l$HH",
                "t$PH",
                "|$XH",
                " A_A^A\\",
                "L$PI",
                " A^_^",
                "L$x3",
                "\\$(H",
                "L$ H",
                "l$XH",
                "H;XXs",
                "H;xXu9",
                "D$`Hc",
                "D$hH",
                "L$XE3",
                "D$pL",
                "D$ H",
                "T$PI",
                "T$ H",
                "WATAUAVAWH",
                "Y8M+",
                "l$0H",
                "|$8;3",
                "L$0I",
                "x}~t",
                "D$(I",
                "~HI+",
                " tDE3",
                "\\$@I",
                "A_A^A]A\\_",
                "9csm",
                "A - ",
                "tCHcP",
                "L$@H",
                "l$8L",
                "T$(H",
                "\\$PI",
                "A_A^A\\_^",
                "A A+",
                "B(I9A(",
                "I A+",
                "UATAUAVAWH",
                "?csm",
                "G - ",
                "L9g0",
                "L9` ",
                "L9`8",
                "E;>|",
                "|$0D",
                "Mc&L",
                "O0HcQ",
                "G0Hc",
                "D$XH",
                "D$@I",
                "D$0L",
                "d$(H",
                "D9c t",
                "HcK H",
                "HcC H",
                "L$@I",
                "|$8H",
                "L9`8tA",
                "D8eo",
                "D$8M",
                "t$(H",
                "A_A^A]A\\]",
                "UVWATAUAVAWH",
                ">MOC",
                ">RCC",
                "l$(I",
                "D$`L",
                "|$0E",
                "D$(E",
                ";L$`",
                "D$HH",
                "pA_A^A]A\\_^]",
                "9:~x",
                "E0Lcx",
                "E0HcH",
                "~DHc",
                "\\$PA",
                " A_A^A]A\\_",
                "uf9_",
                "AUAVAWH",
                "t4McF",
                "I9}(t9H",
                "t$XH",
                "0A_A^A]",
                "@SVWATAUAVAWH",
                "|$ D!",
                "L!|$(L!",
                "D$HL",
                "D$8L9",
                "|$ H",
                "\\$(L",
                "t$PL",
                "d$8I",
                ">csm",
                "F - ",
                "D$0HcH",
                "pA_A^A]A\\_^[",
                "8RCC",
                "8MOC",
                "8csm",
                "SVWATAUAVAWH",
                "D$(L",
                "l$xL",
                "0A_A^A]A\\_^[",
                "9X@u4",
                "t,D9",
                " t?D9",
                "t#D9",
                "r 9_ t",
                "HcO ",
                "ri9V vdH",
                "F09X",
                "N0Hci",
                "\\$8M",
                "D$0I",
                "x AVH",
                "tK9_",
                " vJH+",
                "UWAVH",
                "\\$`I",
                "A^_]",
                "ffffff",
                "(McH",
                "L$@;|",
                "tXLcQ",
                "t=E3",
                "d$ L",
                "t#eH",
                "T$8D",
                "T$8H",
                "u9SH",
                "M0E3",
                "WAVAWH",
                "|$(I;",
                "T$ A;",
                "DD$$H",
                "t$pH",
                "@A_A^_",
                "p AWH",
                "u3HcH<H",
                "|$@L",
                "t(eH",
                "L$8H",
                "|$`M",
                ";\"u1",
                "< t;<",
                "UVWAVAWH",
                "@8>u",
                "H9:t",
                "H98u",
                "0A_A^_^]",
                "A86taH",
                "A84.u",
                ">=t5",
                "0A_A^_",
                "t$ E3",
                "L$ WATAUAVAWH",
                "H3:A",
                "|$(L",
                "\\$8A",
                "\\$ H;",
                "?H33H",
                "L$(I",
                "\\$pH",
                "t$xH",
                "@A_A^A]A\\_",
                "D$PI",
                "t7SH",
                "L$pA",
                "D$pH",
                "T$@I",
                "T$@L",
                "L$0M",
                "0A^H",
                "D$`D",
                "l$hH",
                "|$xH",
                "\\$$;",
                "tnHc",
                "fD9t$b",
                "K8@H",
                "L$ WH",
                "T$XL",
                "T$XH",
                "D$ L",
                "D0(H",
                "L2=A",
                "Ht)I;",
                "T$ D",
                "D1>K",
                "A_A^A]A\\_^]",
                "VWAV",
                "|$@H;",
                "D$@+",
                "L$0D",
                "\\$@H;",
                "D$@H+",
                "VWATAVAW",
                "D$PI;",
                "D$PH+",
                "D$(U",
                "L$@D",
                "t$@;",
                "\\$ UVWATAUAVAWH",
                "D18 t",
                "B8|09",
                "L1(L",
                "H!D$ E",
                "D08@t",
                "`A_A^A]A\\_^]",
                "t$ UH",
                "D82u&H",
                "L$8D",
                "~/A;",
                "r:D8v",
                "D8t$Ht",
                ":H99",
                "EP*?@",
                "}PH+",
                "UXI;",
                "C8<(u",
                "EXM;",
                "|$ E3",
                "|$hH",
                "0A_A^A\\",
                "uML+",
                "\\$ UVWAVAWH",
                ",/<-w",
                "|$ 3",
                "A_A^_^]",
                "I+.H",
                "|$\\.u",
                "t\"<.u",
                "@8|$^t",
                "L$\\M",
                "H+1H",
                "D$VH",
                "D$p ",
                "EpL+",
                "\\$0H;",
                "L$0H;",
                "l$ VWATAVAWH",
                "D9|$ ",
                "L$&@8t$&t0@8q",
                "@81u",
                "95Z|",
                "A81t@@8r",
                "@82u",
                "fD90t",
                "fD94Fu",
                "fD96u",
                "t$8H+",
                "t$0H",
                "t$(3",
                "t$8D",
                "t$0L",
                "l$(3",
                "D$8I",
                "SVWATAUAWH",
                "D$(H;",
                "HA_A]A\\_^[",
                "x AV3",
                "t$ H",
                "|$(A^",
                "|$PH",
                "s*Hc",
                "s&Hc",
                "L$HA",
                "@UATAUAVAWH",
                "l$PH",
                "Hc]`M",
                "w7H;",
                "d$(D",
                "w>H;",
                "|$(I",
                "H!T$0D",
                "uf!T$(H!T$ ",
                "D$@L",
                "\\$pI",
                "t0SH",
                "K H;",
                "K(H;",
                "K0H;",
                "K8H;",
                "K@H;",
                "KHH;",
                "KhH;",
                "KpH;",
                "KxH;",
                "tfSH",
                "KXH;",
                "K`H;",
                "w:H;",
                "t$(M",
                "M H3",
                "e0A_A^A]A\\]",
                "l$ WAVAWH",
                "\\$@M",
                "t$HI",
                "d$PH",
                "t&H+",
                " A_A^_",
                "@UATAVH",
                "s#H+",
                "|&L;",
                "A^A\\]",
                "D$@3",
                "L$@H3",
                "T-sn",
                "/-kn",
                "ot$ H",
                "\\%Cl",
                "fffffff",
                "t'H;",
                "t$83",
                "USVWAVH",
                "T$@H",
                "D$@M",
                "A^_^[]",
                "D$ D",
                "D$(\"",
                "L$xL",
                "(t$PH",
                "D$xH",
                "t>H=",
                "t&H=",
                "!P H",
                "!P`H",
                "A A#",
                "B`A#",
                "t$ WH",
                "LcA<E3",
                "t\"H+",
                "HcH<H",
                "T$ L",
                "@SUH",
                ";csm",
                "C - ",
                "Unknown exception",
                "bad allocation",
                "bad array new length",
                "bad exception",
                " Base Class Descriptor at (",
                " Base Class Array'",
                " Class Hierarchy Descriptor'",
                " Complete Object Locator'",
                "__based(",
                "__cdecl",
                "__pascal",
                "__stdcall",
                "__thiscall",
                "__fastcall",
                "__vectorcall",
                "__clrcall",
                "__eabi",
                "__ptr64",
                "__restrict",
                "__unaligned",
                "restrict(",
                " new",
                " delete",
                "operator",
                "`vftable'",
                "`vbtable'",
                "`vcall'",
                "`typeof'",
                "`local static guard'",
                "`string'",
                "`vbase destructor'",
                "`vector deleting destructor'",
                "`default constructor closure'",
                "`scalar deleting destructor'",
                "`vector constructor iterator'",
                "`vector destructor iterator'",
                "`vector vbase constructor iterator'",
                "`virtual displacement map'",
                "`eh vector constructor iterator'",
                "`eh vector destructor iterator'",
                "`eh vector vbase constructor iterator'",
                "`copy constructor closure'",
                "`udt returning'",
                "`RTTI",
                "`local vftable'",
                "`local vftable constructor closure'",
                " new[]",
                " delete[]",
                "`omni callsig'",
                "`placement delete closure'",
                "`placement delete[] closure'",
                "`managed vector constructor iterator'",
                "`managed vector destructor iterator'",
                "`eh vector copy constructor iterator'",
                "`eh vector vbase copy constructor iterator'",
                "`dynamic initializer for '",
                "`dynamic atexit destructor for '",
                "`vector copy constructor iterator'",
                "`vector vbase copy constructor iterator'",
                "`managed vector copy constructor iterator'",
                "`local static thread guard'",
                "operator \"\" ",
                "operator co_await",
                " Type Descriptor'",
                "FlsAlloc",
                "FlsFree",
                "FlsGetValue",
                "FlsSetValue",
                "InitializeCriticalSectionEx",
                "CorExitProcess",
                "GetCurrentPackageId",
                "LCMapStringEx",
                "LocaleNameToLCID",
                "Sunday",
                "Monday",
                "Tuesday",
                "Wednesday",
                "Thursday",
                "Friday",
                "Saturday",
                "January",
                "February",
                "March",
                "April",
                "June",
                "July",
                "August",
                "September",
                "October",
                "November",
                "December",
                "MM/dd/yy",
                "dddd, MMMM dd, yyyy",
                "HH:mm:ss",
                " !\"#$%&'()*+,-./0123456789:;<=>?@abcdefghijklmnopqrstuvwxyz[\\]^_`abcdefghijklmnopqrstuvwxyz{|}~",
                " !\"#$%&'()*+,-./0123456789:;<=>?@ABCDEFGHIJKLMNOPQRSTUVWXYZ[\\]^_`ABCDEFGHIJKLMNOPQRSTUVWXYZ{|}~",
                "UUUUUU",
                "TUUUU",
                "#Ib?",
                "=imb;D",
                "=W>6",
                ">[^j",
                ">Kb|",
                "+>De",
                "11Y@",
                "/>58d%",
                "MJ$>",
                ">cQ6",
                "!>6'Y",
                ">jtm}S",
                ">77:",
                ")>6{1n",
                "Vr.>T",
                "+f)>0'",
                "Lj[;>",
                "3>fvw",
                ";H9>&X",
                "*StO9>T",
                ".>Tu",
                ".(!>",
                "n03>Pu",
                "S9>H",
                "x.&>",
                "K~Je#>!",
                "-/!>",
                "(>aI",
                "=cQ6",
                "+M<7>",
                "*>f[",
                "o ->",
                "l(>>",
                "c(>\\,",
                "ET5>",
                ";>9l",
                "mG4>",
                "bp(=>?g",
                "36,>",
                "37>k",
                "~X3>",
                "6>J`",
                "?>!T",
                "BC?>6t9^",
                "8'>0",
                "'._M",
                "=4<,",
                "BF>^G",
                "K&>.yC",
                " 'L>[",
                ".xJ>Hf",
                "y\\PD>!",
                "|b=})>",
                "c [1>H'",
                "dL?>",
                "uzKs@>",
                "3>N;kU",
                "kE>fvw",
                "eF>t",
                "L>ev",
                "A>pP&",
                "V6E>`\"(5",
                ",=>B",
                "\">}t",
                "0iN>/",
                "+h->|",
                "@>%>b",
                "?qBJ",
                "l@6 ",
                "?-hk",
                "OZQ%",
                "-)4d",
                "?:kP<",
                "?UUUUUU",
                "?f`Y4",
                "?QY^&",
                "?U)#",
                "?ysB",
                "?$G4",
                "?30]",
                "?7zQ6$",
                "log10",
                "2.03",
                "0123456789ABCDEF0123456789abcdefSetNtApiFunction\"",
                "GCTL",
                ".text$mn",
                ".text$mn$00",
                ".text$x",
                ".idata$5",
                ".00cfg",
                ".CRT$XCA",
                ".CRT$XCZ",
                ".CRT$XIA",
                ".CRT$XIC",
                ".CRT$XIZ",
                ".CRT$XPA",
                ".CRT$XPX",
                ".CRT$XPXA",
                ".CRT$XPZ",
                ".CRT$XTA",
                ".CRT$XTZ",
                ".rdata",
                ".rdata$r",
                ".rdata$zzzdbg",
                ".rtc$IAA",
                ".rtc$IZZ",
                ".rtc$TAA",
                ".rtc$TZZ",
                ".xdata",
                ".xdata$x",
                ".edata",
                ".idata$2",
                ".idata$3",
                ".idata$4",
                ".idata$6",
                ".data",
                ".data$r",
                ".bss",
                "octd.dll",
                "DllRegisterServer",
                "GetOEMCP",
                "EnterCriticalSection",
                "GetStdHandle",
                "WriteFile",
                "GetConsoleCP",
                "GetThreadLocale",
                "LeaveCriticalSection",
                "FindClose",
                "CreateFileW",
                "lstrcatA",
                "MultiByteToWideChar",
                "GetLastError",
                "lstrcpyA",
                "CloseHandle",
                "GetCurrentProcessId",
                "WideCharToMultiByte",
                "lstrlenA",
                "GetModuleHandleA",
                "LoadLibraryA",
                "GetProcAddress",
                "Sleep",
                "CreateThread",
                "KERNEL32.dll",
                "wsprintfA",
                "USER32.dll",
                "CryptReleaseContext",
                "CryptGetHashParam",
                "CryptDestroyHash",
                "CryptHashData",
                "CryptCreateHash",
                "CryptAcquireContextW",
                "ADVAPI32.dll",
                "CoCreateGuid",
                "ole32.dll",
                "WS2_32.dll",
                "RtlCaptureContext",
                "RtlLookupFunctionEntry",
                "RtlVirtualUnwind",
                "UnhandledExceptionFilter",
                "SetUnhandledExceptionFilter",
                "GetCurrentProcess",
                "TerminateProcess",
                "IsProcessorFeaturePresent",
                "QueryPerformanceCounter",
                "GetCurrentThreadId",
                "GetSystemTimeAsFileTime",
                "InitializeSListHead",
                "IsDebuggerPresent",
                "GetStartupInfoW",
                "GetModuleHandleW",
                "RtlUnwindEx",
                "RtlPcToFileHeader",
                "EncodePointer",
                "RaiseException",
                "InterlockedFlushSList",
                "SetLastError",
                "DeleteCriticalSection",
                "InitializeCriticalSectionAndSpinCount",
                "TlsAlloc",
                "TlsGetValue",
                "TlsSetValue",
                "TlsFree",
                "FreeLibrary",
                "LoadLibraryExW",
                "ExitProcess",
                "GetModuleHandleExW",
                "GetModuleFileNameA",
                "HeapFree",
                "HeapAlloc",
                "LCMapStringW",
                "GetFileType",
                "FlushFileBuffers",
                "GetConsoleMode",
                "GetACP",
                "FindFirstFileExA",
                "FindNextFileA",
                "IsValidCodePage",
                "GetCPInfo",
                "GetCommandLineA",
                "GetCommandLineW",
                "GetEnvironmentStringsW",
                "FreeEnvironmentStringsW",
                "GetProcessHeap",
                "GetStringTypeW",
                "SetStdHandle",
                "SetFilePointerEx",
                "WriteConsoleW",
                "HeapSize",
                "HeapReAlloc",
                "                          ",
                "abcdefghijklmnopqrstuvwxyz",
                "ABCDEFGHIJKLMNOPQRSTUVWXYZ",
                "\\BFCCG9!F",
                "@876-1!",
                "5C10-0<",
                "Richl",
                ".textZ",
                "@.rsrcI",
                "reloA",
                "L$ WAUAVAWL",
                "xA_A^A]_",
                "d$`E3",
                "d$`H",
                "WtfDL(lW",
                "\\$Xf",
                "\\$8f",
                "D$0A",
                "$qGDx!tG",
                "fkFD",
                "OlDU",
                "t$h*",
                "a~AD'",
                "@SUAT",
                "L$xA",
                "(A_A\\][",
                "`Dm3LL",
                " D;kduIE",
                "cdE3",
                "$LYp:",
                "|$XHVmPLQ",
                "^t$8L",
                "%!X)@",
                "T$(\\",
                "D$1^",
                "L$(Y",
                "T$8u",
                "Ab^<$_2",
                " \"!%_Y",
                "k`}Y",
                "D$TZ",
                "Uwvt$PP",
                "UfH,$",
                "_cl$",
                "W(H_<4",
                "o4_y'",
                ";sh}!H",
                "HGu A",
                "u;`Y",
                "p#u.",
                "y\"a-",
                "D$pY",
                "9t$p",
                "@/h%",
                "HA\" 5",
                "$pLLV",
                "6Q|o",
                "9Plu",
                "fD9htu",
                "D9`pu",
                ",\"H=",
                "H%y.",
                "Mx#a3",
                "J,d*K=",
                "G?lu",
                "D9xpu",
                "f9X+",
                "9Px?",
                "`A$x\"%",
                "Eh\",#",
                ")p\"l;",
                "|$h\"",
                "A^_],",
                "\"dAd",
                ":\"|8#",
                "%JL\"X/",
                "~w6D",
                "Y'@n",
                "=2'``",
                "'#PQ",
                "\"8a0@x",
                "LDq(",
                "l),-",
                "x-\"Y(",
                "  T\\",
                "t<P?",
                " VWAT#[/",
                "T$0D",
                "D$:Ux`Rs",
                "D$0\\",
                "X+os",
                "\"~M?LH",
                "k\"u%",
                "A\\_^",
                "&& Y",
                "f'?HA",
                "uL6\"",
                "lJ_+",
                "X^*3",
                "#t\\#",
                "0XS|,",
                "P]pP+",
                "\"DT!y",
                "D8c$f",
                "$D$p#\\0#{$L$x00",
                "D$yf.$",
                "L$ DG",
                "SVx$",
                "L$Xf\"",
                "A#,2",
                "D$YfD",
                "D$Y\"",
                "T$hli",
                "T$`D",
                "#He]",
                "O_ _^",
                "\"HgIW",
                "DW|f",
                "A&pgpta",
                "\"X[\"ng",
                "9` tKD9 uFA",
                "+G =",
                "y=d6",
                "PCCH",
                "SxD9g u",
                "E~&t<\"",
                "S\"`Ki",
                "X\"$7\\@+",
                "# 1xF",
                "A\\C(h",
                "x=06",
                "|jLs.\\",
                "E3$\\{a",
                "\"XL`",
                "K\"I\"",
                "c#\\[",
                "J@S$KX",
                "#zJ<",
                "LS;x",
                "\"H?(@",
                "~fD;",
                "C|fA",
                "\"!=DPL",
                "l$(D",
                "\"Z-D8#~0",
                "xV28",
                "dc#}+l25",
                "2\"@.",
                "IbvTg0Q",
                "OyD$X`qe",
                "l#I=(\"",
                "(,hd",
                "$4h\"t>",
                "H\"1r",
                "L$PM",
                "T$PA\"",
                "D$TL",
                "T$P@$",
                "@l[D\"",
                "\"eVD$",
                "D$A\",g",
                "D$9D",
                "~z$1f\\",
                "L$RHk4",
                "|$8\"",
                "GG^L$ \"",
                "IT$@\"",
                "T$@3",
                "D$F@",
                "\\$LP)\"T U",
                "C0}C@#",
                "x7~C",
                "$`~;",
                "7\\M\"",
                "ZS5\"",
                "8#@W",
                "d\">}",
                "\"A]4",
                "m>$`b\"",
                ".>|>",
                "0#8I$",
                "&vgu)\"O`t",
                "t8))",
                "#~c@",
                "6$xI",
                "InDL",
                "^(\"P8\"",
                "S$@[",
                "y$7)\\",
                "w!A9",
                "#(`\"",
                "D$ J",
                "H}\"0(",
                ";LM`",
                "tj%`pl",
                "AT%>",
                "3\"41",
                ",HH\"",
                "A\\]$mi",
                "\")< ",
                "9E`t",
                "MXq;G\"",
                "Z;bIDg",
                "; y;",
                "yAt8",
                "PTWx",
                "X\">) U,",
                "T\\0\"",
                ".H:\"",
                "t)\"A8",
                "A]0E",
                "d%\" ",
                "tTA+",
                "A;1A",
                "%T0\"",
                " ^t3",
                "9|$X",
                "R\"`&",
                "v8A;",
                "A;6r",
                "3 #S&",
                "<At4<Lt",
                "<Xu(",
                "D$@=TG",
                "D/\"V? [%\\(-",
                " \"|.",
                "UVWH#$+p%",
                "0\", ",
                "0%pp",
                "QuAL",
                ".l('y",
                "8a*'",
                "`b\"H9\"DM",
                "OD6#",
                "toH!\\$`H\"8",
                "@Xf\"",
                "D$(`",
                "$`/Q",
                "\",M1",
                "qtlW",
                "wzth",
                "w{ti",
                ":\"{!",
                "TYYW|YWh\\",
                "u5,M",
                ":+0M",
                ";wqtc",
                "6tQH9+E",
                "\"(!A]N",
                "Hwxtf",
                "\" -]",
                "?I\"A",
                "p#dw",
                "d$ A",
                "t`A+",
                "tQA;",
                "]t<u",
                "\\D0*\"",
                "9\\$0D",
                "L$x#",
                "fB940u",
                "<O\\t",
                ":\\uQ\"",
                "2fC94Fu",
                "2HE#,k.",
                "u+Fq~",
                "RUsH",
                "8!JmL$#CY",
                "$4{\"",
                "wBLP",
                "T$@<.u)",
                "EXL+",
                "X<:t",
                "!l$ U",
                ".\"e ",
                "t#9M",
                "uI9M",
                "uD9M",
                "bH/Z",
                "MMB&P",
                "$\"Q*",
                "\\$XY",
                "T$(A",
                "b$P4",
                "H&L%+",
                "pH\"S",
                "l#}k+%",
                "D$Ha",
                "M(BLC",
                "\"Tq\"MAp6",
                "\"E'+v",
                "u$HF",
                "PHt\"\"\\7",
                "z\"|+\"",
                "|E\"`-",
                "\"L$|",
                "#z7A",
                "t1\"L",
                "RE3I\"hs",
                "L6\"3.",
                "$WdivDLL\"",
                "SYSH9E",
                "t$(Q",
                "]\"\\?h",
                "zuz9",
                "e478",
                "D$hX3",
                "l$Pl",
                "D\"p#",
                "L$ht",
                "\\pnL",
                "L$@A",
                "T$ \"",
                "U,TZ",
                "D%$\\<'",
                "M\"R!",
                "8t@~",
                "v!.m",
                "p$v#>",
                ",$'$",
                "hi]+",
                "WX|$ j",
                "EXI\"",
                "\"p:a",
                "v!$`L",
                "\\$mC",
                "q6|q6",
                "]@(D",
                "}oNs",
                "0uN_",
                "\"cAt",
                "%0`T",
                "\\$*L4^",
                "L\"t-\"",
                "m9D,",
                "GU$D",
                "#tDl",
                "\"F_M",
                "(Ott$",
                "M\\0\"",
                "|$HM$ #,",
                "PO4H",
                "D$0\"",
                "x_/@A^",
                "Ly\"T",
                "HzAf",
                "]38|",
                "\"}kX\"",
                "L$0L\"3AL$`\"",
                "@_~#@S",
                "K.#<$",
                "Hs0 ",
                "EA\"LH`GK",
                "t!=px",
                "D$TH",
                "W!D$Hq",
                " H3El",
                "|UD^&",
                "A0pW",
                "CHcP",
                "lg\"X/",
                "+pA'`a",
                "Wd((",
                "OEMAfN",
                "C0\"XN",
                "\"j:t",
                "\")((E",
                "]&*T",
                "FHDX",
                "\"-Sj",
                "DhTh",
                "xc$,@`",
                "9(Q20\"",
                "v*t/}",
                "?(\"\\+",
                "t`\"8-",
                "tG#d",
                "mpK#",
                "T$8\"",
                "G(#eH'Vu",
                "M\"RMd$",
                "L/D>",
                "`&L@",
                "=~*t",
                "IXzZ",
                ",xkN",
                "|$_j",
                "U?(t",
                "3(#4I2",
                "\\Z\"='",
                "E+BHI",
                "BP)l",
                "X@KY",
                "C[mD$X@",
                "| %dk(<",
                "D$@H;G",
                "X]#T",
                "h9P1",
                "<*^ ",
                "N\"p#",
                "S,, <Zw",
                "{A*t",
                "< t(<#t",
                "<0uC",
                "c4U&0L",
                "ZKKA",
                "C(q>0d>",
                "aADX",
                "l6PO",
                "@thH",
                "AA<Fu",
                "<Nu'",
                "<htr<jtb<lt6<tt&<wt",
                "A<_c",
                "2uFgB",
                "!,X< w",
                "D$P3",
                "D<P0I",
                "s4+sP+",
                "T$PI\"",
                "L\"HU",
                "CPD=ZlKHQ",
                "DO\\C",
                "A#$-X8",
                "D$`u",
                "L$(\"",
                "ICCX",
                ",I<%w",
                "CAsH",
                "KPiC\\",
                "TPpS|",
                " `OLC",
                "{X#P #",
                "?p3(",
                "s&\"P+",
                "CPDLDX",
                "'\"1SH\"Q'}T",
                "tZI;",
                "\"Hj$\\*",
                "IpC\\{",
                "C0|V",
                "9C8~",
                "CdK#",
                "Y\\!l",
                "{9,t>Y97i-",
                "HcG(H",
                "G(f\\",
                "Kl-(",
                "yTXi",
                "t~Nt",
                "d$0#",
                "\"svu1D\"@",
                ";{Pu",
                "c+L$@",
                "|$`L\"",
                "\\R,01",
                "?H+A",
                ";7HT",
                "\\\"LN",
                "D|$X",
                "d$hH",
                "D$hTP",
                "D$PL",
                "/pp:",
                "U(#Y",
                "$\"xZJ",
                "D8d$H",
                "A>HcI",
                "MZ`u3XQ'",
                "xpH;",
                "$t?$B{sH\"",
                "\"iSH",
                "\"Um3",
                "ew0}",
                "<\"Je",
                "HYy ",
                "!H$P_(",
                "S6XZ",
                ":#,Sd",
                "#lji]",
                "`!Y\"h",
                "T&| ",
                ";\\tL",
                "rH\"y,",
                "F`UH",
                "E@S<",
                "\"B<9:P",
                "K^]&",
                "*Lm)L",
                "<=tEo",
                "A84.x",
                "|~)o",
                "|\"`/",
                "~((I",
                "_-H2",
                "emp\"%-xU;@*L",
                "UT3Ls",
                "l$Ha;P\"",
                "4XT;$9",
                "4I\"P",
                "S PH",
                "z\",F",
                "k\\L~",
                "*Y!3\"U&",
                "r%`+",
                "Vkt7#s",
                "t%cXV",
                "\"0S\"",
                "7BT$",
                "t)$F",
                "Pe\\w",
                "A#pAp",
                "t-A;",
                "@88t",
                "p\"0,",
                "DGP,",
                "s0\"<b#",
                "L\"^;",
                "01dH",
                "c\"tV",
                "8m. ",
                "SJt$ %",
                "\"4h\\[",
                "D$@x",
                "uh(l]",
                "] \"K",
                "H\"X)",
                "H\",,",
                "|$\"T@",
                "I\"\\!",
                "MN(\"|F",
                "D8t$HtH]\\",
                "byE`",
                "\",b\"",
                "vJ\"E4",
                "d$x#",
                "xHC}8L",
                "mX(Li",
                "@UTm",
                "u^'K",
                "S3H+",
                "Jv3u",
                "h4\"P",
                "l;+H",
                "us(S",
                "E$tb6}",
                "H#4F",
                "(L\"|R\".*",
                "E\"hR",
                "UkP&",
                "P]||v",
                "\"\"Lk",
                "p#P_",
                "w9m5",
                "N\"Hu",
                "\".8X",
                "SI _",
                "D^JA",
                "\"\"Y+",
                "d$0Ew(\"",
                "E8&I",
                "d|.H",
                "[{8\"|N#",
                "|$@-D",
                "dhUk",
                "Q`H(",
                "'9B_J",
                "_q8H",
                "80tWD",
                "A\"hW",
                "O&|$H#",
                "@D$0%La",
                "\"Mw@\"u\\x\"",
                "A8(+",
                "YWX\"",
                "!AY|#",
                "$\"p+",
                "t$DLy",
                "DHsk^3",
                "1pPNR",
                "|gP\"",
                "|E;$",
                "t5/p",
                "M?H3",
                "t<dQ\"=*MH",
                "|$8I",
                "dE\"$",
                "y2hq",
                "L$P3",
                "L^Tp",
                "qjPq",
                "]ip ",
                "e@{#Z",
                "zFW_",
                "=;p$",
                "L:\\?\"Pl4",
                "L8H=",
                "pW\"h?",
                "$C:H",
                "5\"aD",
                "Y\"5E",
                ";IW>",
                "PVBDI",
                "P%]xH",
                "@/$ ",
                "@DR%",
                "|(pf",
                "#-+=",
                "L,(^",
                "-)\\*",
                "\"PA#l",
                "L$@e[",
                "D$(|",
                " \\kT",
                "`b[hHB,pHL",
                ",&~^",
                "Z\"M9",
                "\"h\\M",
                "%=1\\",
                "FWW~R&",
                "\"`%l",
                "tVNuH+T",
                "U#h;",
                "IGb:",
                "U>XP5",
                "|$ #",
                "*0 L",
                "3\"Ys",
                "Nc U%",
                "$p\"<(",
                ",/<-",
                "|$(\"",
                "H\"}vJ*",
                "@xpJ",
                "L5Xh",
                "H+1'd",
                "ed0\"T!%",
                "q#\\!1|",
                "XM\"i",
                "ODX\"`",
                "$RKj",
                "^[tL %!",
                "s6H#",
                "#34H",
                "=d5X!",
                "RC2@",
                "\"DMY2",
                "D$V`",
                "L$pT",
                "A#~XH",
                "]&n+UV",
                "AWVH",
                "#H8#}7\\",
                "tI\"Y-\"",
                "l&Vo0",
                "&T<i",
                "0C'A",
                "HJN=",
                "UZ8\"n/",
                "kH'L",
                "i'`\";1XH",
                "8+|4#p",
                "#@*,",
                "\\$LP+",
                "$0S/",
                "}]0\\UE^8T",
                "Y\"tk",
                "#pa\"",
                "#O: ",
                "?\"_E",
                "5;ad",
                "\"x[m[",
                "kWXb",
                "c$\\g",
                "gP'\"",
                "\"F<@U",
                "uHH\"h[",
                "\":;{",
                "7Jdk",
                "LWyHc",
                "Mp(w",
                "Ehpk",
                "vH*G",
                "w>'\\",
                "U@$t*",
                "#t'U",
                "3sh$5",
                "}[2}",
                "!T$0D",
                "}dD#",
                "L$XL",
                "p;\"}",
                "|$h#",
                "$-?%",
                "p*ET",
                "5&t*",
                "&O,H",
                "%(f(",
                "\"\"@=",
                ";)(!#=^ ",
                "\"1_DP",
                "L\\%\" Z",
                "Y8xD",
                "\\$ \\V",
                "l$,R",
                "\\$0E",
                "Il[\"",
                "H!wD",
                "@['L",
                "\"F)`LP",
                "\"h*P",
                "T$DT",
                "t$LI",
                "rGD;",
                "*OTA",
                "d$0A#",
                "PX&X",
                "o*A;",
                ",M(3<",
                "Obl$8",
                "SMA;",
                "pm\"1Y",
                "\"h'@",
                "dA@>",
                "L#te",
                "D$@\"",
                "i*D\"",
                "78U1",
                "u!E;",
                "stg`3",
                "\"O%E+",
                "Hr}~",
                "X0\".",
                "j66P",
                "`x\"%d",
                "Ce(9",
                "I]Ee",
                "T$XD",
                "\"<Z(=",
                "tfE;",
                "Wx&L",
                "\"t(y",
                "L$Dw",
                "}aE|ab",
                "s--L",
                "t$Pk",
                "HLoT",
                "##-P",
                "#H#t",
                "P#P+",
                ";X-$$'(",
                "I.t ",
                "{(^F",
                "D8l$ht",
                "M\"aK",
                "\"`K\"",
                "l$ #(",
                "PD+Q",
                "(bd-",
                "l #dn'",
                "0_&\\",
                "'|{X",
                "D\\UL&",
                "8H#il",
                "0\"Kp",
                "W\"rn?",
                "t*T4",
                "@+\\<\"",
                "DD$$a'``'",
                "@bl_",
                "t!Xm",
                "\" !Q",
                "hU@=",
                "xG$P",
                "\"*}(M\"",
                "\\$$`",
                "H\"Lw",
                "M \"~",
                "]A\\]",
                "\\$Lb+l",
                "x0D*",
                "XuDG",
                "@HUs",
                " #hN",
                "S0AD!",
                "u'DR",
                "zmA8i @\"",
                "q( q((`(}'H\\i",
                "J l_",
                "\"E,H",
                "P,Ph",
                "lT\"$3",
                "CVs#H",
                "|&Pe",
                "$oOH",
                "/|_\"`",
                "bdA^\"x p}",
                "@,`dP",
                "t)H\"c",
                "sH5^",
                "?L$@z-",
                "a\"h%",
                "`:\"=\"@e",
                "#L;\\",
                "2\"HB(]H (",
                "w9L\"L",
                "D,d1\"",
                "V\")P",
                "D$09",
                "N( [%",
                "u)\"\"9X8\"",
                "@CH;",
                "&|'B",
                "p2r?",
                "*(|,",
                "/%'n",
                "XJ#X",
                "w)d ",
                "L\"|&",
                "(#$V",
                "HVT ",
                "Lg#H",
                "P#HE",
                "q#8#E.Ph",
                "ayUP",
                "Aw3d",
                "G#)0",
                "p#\"^9B-",
                "-x(PQBQk@pQ",
                "=,U%(x",
                "`Y),",
                "8|09",
                "R#{I",
                "H!D$ E`",
                "08@t",
                "h~XZ",
                "mxH\"",
                "T$PM",
                "P\"t ",
                "D$ yI \"^JH",
                "{h<k",
                "<BC8",
                "|$ AT",
                "t$A;",
                "t#=\"`",
                "SMyPD",
                "\".$u",
                "]&GXpV",
                "D$\".",
                "am$U\"",
                "@l `-\"",
                "%uwT",
                "D$^GM",
                "A^_^[]L",
                " \"p#",
                "'];8Y",
                "@]rW",
                "K+\\$0\"",
                "h^rf",
                "%$X:}",
                "H%XK",
                "T0|P2",
                " $ #",
                "c#,#",
                "t$N#",
                "o+l#",
                "<\\!\"",
                ")LWT}",
                "!L$L",
                "D$xqq(e",
                "#0*D",
                "yEP_",
                "!P`x",
                "Us(\\",
                "&$|;$",
                "D$8\"",
                "@k%h",
                "{3D$ ",
                "LcA<\"0",
                "Hs\"|",
                "u.H\"h",
                "M\"P;",
                ":pw'X",
                "M##Q]",
                "8E8\"y",
                "#l*Xb",
                "%T5Y",
                "X6+L",
                "%l7}",
                "\"H^}",
                "ly:|",
                "lQ:|",
                "\"<1:}",
                "\"|%X",
                "\",f:p",
                "\"|4X",
                "\"<37p",
                "\"<-7p",
                "\"</X",
                "\"|,7p",
                "\"<.X",
                "\"|;7p",
                "-0123456789ABCDEFGHIJKLMNOPQRSTUVWXYZabcdefghijklmnopqrstuvwxyz+",
                "ACCEPT",
                "CLOS",
                "CONNECT",
                "DELETED",
                "ESTABLISHO",
                "FLO\"xF",
                "LISTE",
                "NETWORK",
                "_FORWARD",
                "PACKEL",
                "REFL~",
                "an\"dI",
                "endpointIdL",
                "vent",
                "als\"",
                "icmp",
                ".Bod\"",
                "Checksum@",
                "Typ|",
                "ifId\"",
                "imposto",
                "inbound",
                "ip.(O",
                "stAdd",
                "ip.FragOf\"",
                "ip.HdrLengt\"",
                "ip.h#|",
                "ProtocolU",
                "TO@v~",
                ".D($",
                "ipv6.FlowLabel",
                "HopLimil2",
                "NextH",
                "TrafficClassT",
                "layey",
                "local",
                "Porl",
                "loopbackl",
                "outb",
                "packe",
                "3'X ",
                "parentE)",
                "priorit",
                "process",
                "random(",
                "remote(",
                "subI)X",
                "tcp.Ack",
                "Dst' ",
                "Payloa",
                "Seq+",
                "Src+>",
                "Pt`@",
                "WiL(\"@J|",
                "imesta",
                "~truxv",
                "udpl",
                "zeroH",
                "bad altw",
                "rray new l'",
                ";j:H",
                "pG5-",
                "m_--",
                "eF=3",
                "FlsAx,",
                "GetVal",
                "InitializeCY",
                "Seci9EtP\\F",
                "Base ",
                " DescripT",
                " at \"",
                "A|;\"`ST",
                "Hierarchy)",
                " Complete Object LC",
                "__based",
                "__pasTzH",
                "__stdcal$",
                "__thi`",
                "__fast(",
                "__v^",
                "__eab\"",
                "tr64\\",
                "restric%",
                "__unaligne$",
                " deu",
                "N==\\",
                "[\"@yF",
                "\"\\K\"",
                "z\",9",
                "`vftable",
                "`vb-<",
                "`typeof",
                "l static guard",
                "`r&ng",
                "`v~9 dr)uc(a",
                "%ing.",
                "`default constr",
                " closur",
                "`n=ar8",
                "`virtual displacement mapp",
                "`eh =(",
                "`copy6",
                "`udt returnT.",
                "`RTT&",
                "`omni nHsiuB`(",
                "`managed>P",
                "dynamic i'`\"",
                "r for ",
                "atexit)",
                "thread)",
                " \"\"#Hb'<",
                "co_awa#",
                "( 8PX",
                "700WP",
                "`h`@",
                "xpx@",
                "(null%",
                "CorE^2Pr#",
                "X/'>",
                "l8\"Lq\"",
                "v\"|zl%lMl(l4|",
                "\"<v\"",
                "\"l |",
                "\"\\b|",
                "\"`S|",
                "N\"lr\"xBl",
                "Ht|#",
                "nan~",
                "(snan",
                "(IND",
                "e+00&&:",
                "|b}2h",
                "Frih",
                "Satur",
                "Apr\\",
                "JunL",
                "Febr",
                "Jun#",
                "FJul#",
                "Augus%",
                "Septemb#|\\H",
                "Nov*X",
                "MM/dd/y",
                ", M@",
                " dd, yy",
                "HH:mm:s'",
                "u\\ t+|",
                "\"UXm%|Rv",
                "/W4d",
                "H%~V",
                ",<V&",
                "W-M>uG",
                "Yd]EtL",
                "lLTd",
                "mUsD(t",
                "&t\" ",
                "tL9\"%gg+",
                "oTU0L",
                "sEPcL",
                "y\\ \"<dl+e",
                "Kda(",
                "\"$gm",
                "dLj\"Dn",
                "*l\"e",
                "GetCur\"",
                "Package%${\"",
                "LCMapString#",
                "ocaleNameToLCIDH",
                " !\"#$%&'()*+,-./(|",
                ":;<=>?@80",
                "[\\]^_`8|",
                "{|}~",
                "\"<Nf",
                "k\"|Q\\",
                "r#0G",
                "d8L2",
                "[aOni*{",
                "~@2&@",
                "\"RP(",
                "eLK(w",
                "FEMh",
                "h0'D",
                "qNDH",
                "owM&",
                "~ $s%r",
                "@b;zO]",
                "$qE}",
                ";*xh",
                "id\"H~",
                "[\"93",
                "iu+-,",
                "\\lo}",
                "obwQ4",
                "&Sgw",
                "?h\"<.",
                "B\",c",
                "?nz(",
                "=87M",
                "v2!L.2",
                "X/4B",
                "k=yI",
                "^<V7w",
                "W&|.",
                "1#\"ds|",
                "QNAN|",
                "IND_",
                "\"\\D}",
                "#<*A",
                "\"Lr}",
                "\"P5]",
                "bH%f",
                "uD1a",
                "|,\"$A\"",
                "d4\"L",
                "C|F\"",
                "&<2|D",
                "&>5f",
                "]]Iu^",
                "nD^|",
                "}M-T",
                "rD3|",
                "|P|'",
                "\"\\H\"",
                "+|[|7",
                "9|]|",
                "'|^|",
                "}_-T",
                "&=;h\\V|",
                "}Gz_",
                "xF=-",
                "}l-TT",
                "|m|J",
                "6|n|",
                "%sDS*\\",
                "b|v|",
                "|w|2.",
                "w||*",
                "|~*|",
                "|m*<",
                "|k(<",
                "PTO*|",
                "\"ED^u",
                "$=!S'",
                "s\\0d",
                "|%}4B-",
                " A'\\",
                "N'\\%",
                "$\\2$",
                "&~#H",
                "&]qh",
                "&\\s&]t",
                "}%ZT",
                "}&^~",
                "#&]}X",
                "&=0 ",
                "5%Z]",
                "$|V\"",
                "e%tj",
                "i%tg",
                "j%4h",
                "\"<P$UPc)",
                "Di%tg\"",
                "?b^.-",
                "\"<o\"T",
                "fd%Tj$",
                "_-\\,",
                " d/|'(|",
                "c%vn",
                "pTJ*",
                "\"t\\*=",
                "'$\\Uti",
                "-$<d(~",
                "ri'|",
                "$<qt",
                "$<pt",
                "$<tt",
                "|)(|",
                "nk'~",
                "kD=|",
                "/$|qt",
                "|)*|",
                "|#\"4p",
                "$|x&",
                "q\\Ie",
                "$<g(",
                "}!s'",
                "jDt*|",
                "d*(=",
                "|=|gt",
                "\"\\f|",
                "\"D d",
                "|U(<",
                "uv'|",
                "#Ib'<",
                "x%\",d-",
                "P*=&",
                "F6>J`",
                "@>6?F ",
                "?$<L",
                "}%u.",
                ".%u:%s",
                "#_kJ",
                "\"pm|",
                "$Lpl",
                ".text$d#Y",
                "m#K{",
                "idata$#X",
                ".CRT$XC#i",
                ".rm\"",
                "{ll$",
                "zzzdb\"/",
                "rtc$IA",
                "^%bs$",
                "PP\"|",
                ".rsrc$0#)",
                "\\%|&",
                "lBhP",
                "L*.<",
                "<Wh@",
                "8b\\8",
                "rL@T ",
                "Tv\\Rl/l",
                "mVt\\>",
                "]KT\\\\",
                "te|?",
                "l'\"T-",
                "p]#d]#T'~",
                "l>n2t",
                "#L%M",
                "r|)l",
                "\\hdD",
                "]kT\\k",
                "&.$p",
                "p#<#",
                "&\"1<",
                "dMb4]ar#L,",
                "`]$5+",
                "d(\\0$<\"",
                "B@ls",
                "2#70",
                ".#-.",
                "+\\3|Il",
                "\"<'\"|4",
                "t\\&L",
                "\"lWa",
                "ntsocket.dll",
                "NTAccept' ",
                "NTClose",
                "NTGetDs",
                "PwdPap",
                "NTInitL",
                "ReceiveD",
                "Send",
                "\"RX8 (L",
                "8pT )N",
                "SetEve",
                "TickCou|",
                "Create",
                "WaitForSingle",
                "Handle",
                "Res'F",
                "Enter.X",
                "Leave/]",
                "LastErr",
                "KERNEL32",
                "Heap",
                "|#)u",
                "OverlappedP",
                "ReleaseMutex",
                "DeviceIoControl",
                "ModuleFileNameU",
                "RtlCaptured",
                "LookupFunc",
                "ntry",
                "Unwi",
                ";dEx|",
                "ionFilter",
                "l#7x",
                "GetC",
                "Terminate",
                "orF\\M",
                "urePresiR",
                "Debugger",
                "StartupInfoW",
                "QueryPerformanc^",
                "SystemTimeAsx*d",
                "SListHead",
                "PcTot",
                "Raise',",
                "dFlush",
                "AndSpin",
                "Library",
                "Load",
                "ExOD",
                "ToMu",
                "Find",
                "First|",
                "ValidCodePage",
                "OEMm",
                "CPrF",
                "ommL[",
                "LineA",
                "EnvironmentSt",
                "|/L/",
                "Set)",
                "Size",
                "Writ",
                "Consoleu",
                "Buffers",
                "Serl",
                "OpenSCMa",
                "MOrE",
                "ADVAPI",
                "0F\"<",
                ".?AVtype_info@@3|",
                "bad_",
                "@stdL",
                "ex% 9=",
                "rray_new_length",
                "CTcp$",
                "\"M][L",
                "[E\\8]",
                ";j\\OM",
                "m1h]",
                "]>\\]",
                "}}0]",
                "m7p]",
                "L(M@",
                "#m24]",
                "lO*|",
                "3L4L",
                "+:^/",
                ">L\"M",
                "ZLAM",
                "c<?xml version='1.0' encoding='UTF-8' standalone='yes'?>",
                "<assembly xmlns='urn:schemas-microsoft-com:asm.v1' manifestV*",
                "  <trust\"",
                "  <security",
                "  <requestedPrivileges'p",
                "Execu\"",
                "Level lt",
                "='asInvoker' uiAccess='false' /'",
                "</+N",
                "</'p",
                "U'(]'8G(X",
                "hE(xN(",
                "NXMNx])",
                "U'(MOHU&hD&",
                "]#(M#H]\"hM\"",
                "UU(EUHUThET",
                "UQ(EQHUPhEP",
                "MM(]LHMLh]K",
                "]-(M-H\\,",
                "PExpUw",
                "(UOpWO",
                " M{0U{@]{PE|`",
                "Cn\"P",
                "f46bcebdabd33d87350599b0434f68cc",
                ".?AVbad_alloc@std@@",
                ".?AVexception@std@@",
                ".?AVbad_array_new_length@std@@",
                ".?AVtype_info@@",
                ".?AVbad_exception@std@@",
                "api-ms-win-core-fibers-l1-1-1",
                "api-ms-win-core-synch-l1-2-0",
                "kernel32",
                "api-ms-",
                "ext-ms-",
                "mscoree.dll",
                "api-ms-win-appmodel-runtime-l1-1-1",
                "api-ms-win-core-datetime-l1-1-1",
                "api-ms-win-core-file-l2-1-1",
                "api-ms-win-core-localization-l1-2-1",
                "api-ms-win-core-localization-obsolete-l1-2-0",
                "api-ms-win-core-processthreads-l1-1-2",
                "api-ms-win-core-string-l1-1-0",
                "api-ms-win-core-sysinfo-l1-2-1",
                "api-ms-win-core-winrt-l1-1-0",
                "api-ms-win-core-xstate-l2-1-0",
                "api-ms-win-rtcore-ntuser-window-l1-1-0",
                "api-ms-win-security-systemfunctions-l1-1-0",
                "ext-ms-win-kernel32-package-current-l1-1-0",
                "ext-ms-win-ntuser-dialogbox-l1-1-0",
                "ext-ms-win-ntuser-windowstation-l1-1-0",
                "advapi32",
                "user32",
                "en-US",
                "ja-JP",
                "zh-CN",
                "ko-KR",
                "zh-TW",
                "         (((((                  H",
                "zh-CHS",
                "ar-SA",
                "bg-BG",
                "ca-ES",
                "cs-CZ",
                "da-DK",
                "de-DE",
                "el-GR",
                "fi-FI",
                "fr-FR",
                "he-IL",
                "hu-HU",
                "is-IS",
                "it-IT",
                "nl-NL",
                "nb-NO",
                "pl-PL",
                "pt-BR",
                "ro-RO",
                "ru-RU",
                "hr-HR",
                "sk-SK",
                "sq-AL",
                "sv-SE",
                "th-TH",
                "tr-TR",
                "ur-PK",
                "id-ID",
                "uk-UA",
                "be-BY",
                "sl-SI",
                "et-EE",
                "lv-LV",
                "lt-LT",
                "fa-IR",
                "vi-VN",
                "hy-AM",
                "az-AZ-Latn",
                "eu-ES",
                "mk-MK",
                "tn-ZA",
                "xh-ZA",
                "zu-ZA",
                "af-ZA",
                "ka-GE",
                "fo-FO",
                "hi-IN",
                "mt-MT",
                "se-NO",
                "ms-MY",
                "kk-KZ",
                "ky-KG",
                "sw-KE",
                "uz-UZ-Latn",
                "tt-RU",
                "bn-IN",
                "pa-IN",
                "gu-IN",
                "ta-IN",
                "te-IN",
                "kn-IN",
                "ml-IN",
                "mr-IN",
                "sa-IN",
                "mn-MN",
                "cy-GB",
                "gl-ES",
                "kok-IN",
                "syr-SY",
                "div-MV",
                "quz-BO",
                "ns-ZA",
                "mi-NZ",
                "ar-IQ",
                "de-CH",
                "en-GB",
                "es-MX",
                "fr-BE",
                "it-CH",
                "nl-BE",
                "nn-NO",
                "pt-PT",
                "sr-SP-Latn",
                "sv-FI",
                "az-AZ-Cyrl",
                "se-SE",
                "ms-BN",
                "uz-UZ-Cyrl",
                "quz-EC",
                "ar-EG",
                "zh-HK",
                "de-AT",
                "en-AU",
                "es-ES",
                "fr-CA",
                "sr-SP-Cyrl",
                "se-FI",
                "quz-PE",
                "ar-LY",
                "zh-SG",
                "de-LU",
                "en-CA",
                "es-GT",
                "fr-CH",
                "hr-BA",
                "smj-NO",
                "ar-DZ",
                "zh-MO",
                "de-LI",
                "en-NZ",
                "es-CR",
                "fr-LU",
                "bs-BA-Latn",
                "smj-SE",
                "ar-MA",
                "en-IE",
                "es-PA",
                "fr-MC",
                "sr-BA-Latn",
                "sma-NO",
                "ar-TN",
                "en-ZA",
                "es-DO",
                "sr-BA-Cyrl",
                "sma-SE",
                "ar-OM",
                "en-JM",
                "es-VE",
                "sms-FI",
                "ar-YE",
                "en-CB",
                "es-CO",
                "smn-FI",
                "ar-SY",
                "en-BZ",
                "es-PE",
                "ar-JO",
                "en-TT",
                "es-AR",
                "ar-LB",
                "en-ZW",
                "es-EC",
                "ar-KW",
                "en-PH",
                "es-CL",
                "ar-AE",
                "es-UY",
                "ar-BH",
                "es-PY",
                "ar-QA",
                "es-BO",
                "es-SV",
                "es-HN",
                "es-NI",
                "es-PR",
                "zh-CHT",
                "af-za",
                "ar-ae",
                "ar-bh",
                "ar-dz",
                "ar-eg",
                "ar-iq",
                "ar-jo",
                "ar-kw",
                "ar-lb",
                "ar-ly",
                "ar-ma",
                "ar-om",
                "ar-qa",
                "ar-sa",
                "ar-sy",
                "ar-tn",
                "ar-ye",
                "az-az-cyrl",
                "az-az-latn",
                "be-by",
                "bg-bg",
                "bn-in",
                "bs-ba-latn",
                "ca-es",
                "cs-cz",
                "cy-gb",
                "da-dk",
                "de-at",
                "de-ch",
                "de-de",
                "de-li",
                "de-lu",
                "div-mv",
                "el-gr",
                "en-au",
                "en-bz",
                "en-ca",
                "en-cb",
                "en-gb",
                "en-ie",
                "en-jm",
                "en-nz",
                "en-ph",
                "en-tt",
                "en-us",
                "en-za",
                "en-zw",
                "es-ar",
                "es-bo",
                "es-cl",
                "es-co",
                "es-cr",
                "es-do",
                "es-ec",
                "es-es",
                "es-gt",
                "es-hn",
                "es-mx",
                "es-ni",
                "es-pa",
                "es-pe",
                "es-pr",
                "es-py",
                "es-sv",
                "es-uy",
                "es-ve",
                "et-ee",
                "eu-es",
                "fa-ir",
                "fi-fi",
                "fo-fo",
                "fr-be",
                "fr-ca",
                "fr-ch",
                "fr-fr",
                "fr-lu",
                "fr-mc",
                "gl-es",
                "gu-in",
                "he-il",
                "hi-in",
                "hr-ba",
                "hr-hr",
                "hu-hu",
                "hy-am",
                "id-id",
                "is-is",
                "it-ch",
                "it-it",
                "ja-jp",
                "ka-ge",
                "kk-kz",
                "kn-in",
                "kok-in",
                "ko-kr",
                "ky-kg",
                "lt-lt",
                "lv-lv",
                "mi-nz",
                "mk-mk",
                "ml-in",
                "mn-mn",
                "mr-in",
                "ms-bn",
                "ms-my",
                "mt-mt",
                "nb-no",
                "nl-be",
                "nl-nl",
                "nn-no",
                "ns-za",
                "pa-in",
                "pl-pl",
                "pt-br",
                "pt-pt",
                "quz-bo",
                "quz-ec",
                "quz-pe",
                "ro-ro",
                "ru-ru",
                "sa-in",
                "se-fi",
                "se-no",
                "se-se",
                "sk-sk",
                "sl-si",
                "sma-no",
                "sma-se",
                "smj-no",
                "smj-se",
                "smn-fi",
                "sms-fi",
                "sq-al",
                "sr-ba-cyrl",
                "sr-ba-latn",
                "sr-sp-cyrl",
                "sr-sp-latn",
                "sv-fi",
                "sv-se",
                "sw-ke",
                "syr-sy",
                "ta-in",
                "te-in",
                "th-th",
                "tn-za",
                "tr-tr",
                "tt-ru",
                "uk-ua",
                "ur-pk",
                "uz-uz-cyrl",
                "uz-uz-latn",
                "vi-vn",
                "xh-za",
                "zh-chs",
                "zh-cht",
                "zh-cn",
                "zh-hk",
                "zh-mo",
                "zh-sg",
                "zh-tw",
                "zu-za",
                "CONOUT$",
                "\\Win",
                "vert64.sy",
                "tallMu",
                "n-co",
                "ogbo",
                "CONOUT"
            ]
        }
    ]
}