{
    "malware_data": [
        {
            "filename": "368c28595de00b23f1aca7531a898b5ad6f4e3f333f70a21b934e952aa3bc265.elf",
            "filetype": "7F454C46",
            "filesize": "28KB",
            "hash_sha256": "368c28595de00b23f1aca7531a898b5ad6f4e3f333f70a21b934e952aa3bc265",
            "strings": [
                "4UPX!",
                "&$U*T",
                "PTRhf0@",
                "QVhP",
                "Z[^*",
                "3_]5",
                ".u1<",
                "@WT$",
                "|$ 7",
                "7Rwp|l",
                ">A4*",
                "5P2/C9",
                "!@.C",
                "<&J|l",
                "KtM\\T",
                "TXOs",
                "=yhx",
                "%>]>",
                "@Qjow{{",
                "6`P9",
                "D(<m}",
                "  rD",
                "U<CRND?|",
                "VZ~9",
                "U3dg\\u|",
                "-S<1L",
                "\\84X",
                "n2 _L",
                "SQ<SW",
                "TB;(C",
                "SQ4R",
                "q8*(t:",
                "ac8<",
                "in$F",
                "d*c7?",
                "j@B#^5",
                "0G\\rv",
                "!dg6",
                "xP(A",
                "'Te,",
                "$BV|",
                "<NM3H3@WB`",
                "S,PW",
                "(/aI",
                "aGAG",
                "zS( i.9",
                "KN.D",
                "CVS`@",
                "t$LV",
                "WM!6O",
                "\")IOJ",
                "^XQQ",
                "gYnZh",
                "FkHF",
                "US9CC",
                "F:#'",
                "R<FF",
                "%FFFF",
                "0^[K",
                " 'p&",
                ".4'0!",
                "6q?>",
                "RRj(6(",
                "hj<V",
                ":6 '",
                "iTLD",
                "d@B.",
                "g>@V7Zr",
                "mu}\\d",
                "%X(@",
                "HN%E",
                "fVVc",
                "h 09",
                "L2H9",
                "QQ^$",
                "PTR*+",
                "s(H*",
                "h\\.dJ",
                ",2=\\%3",
                "8}Yv",
                "bxkrV",
                "Pcurv}",
                " UE,",
                "h5Rb8wx",
                "JtEw",
                "*F,OKd#6",
                "$&3oVS",
                "$.;#7o&y",
                "<(8(",
                "=B QV",
                "BfHxda",
                ":M8PV",
                "=;8(H",
                "QE^P",
                "|WpEj2",
                ";4zS",
                "Q'<<",
                "sQR{",
                "$Y_URr!",
                "J@]6",
                "<l!#",
                ";?zw",
                "#hh0",
                "*TKM",
                "R5B5J",
                "46(.",
                "d8:+",
                "(9<P",
                "E(H4",
                "<EF<j_",
                "/pro",
                "I7c/",
                "ZUW,",
                "#|/exe",
                "_+*\"v6",
                "XUWB",
                "o+jpFX",
                "h\"yY",
                "ih82",
                "mR@W",
                "@0U[i",
                "2PG/",
                "lBtWQ@E",
                "XQd]?.Y",
                "<$HZ",
                "t:-e9",
                "d(sZ\"",
                "j w*Cda8",
                "tV%+In)",
                "PYt%",
                ">PSO",
                "IQJD",
                "Y[h ",
                "Jx0}",
                "cBLx",
                "3o|?",
                "/`xd)",
                "SY]XWU",
                "6@87x.q,",
                "~lV8",
                "V0IP@",
                "HX)Bt",
                "jX-}",
                "JKH&",
                "{S=9!",
                ":,FL",
                "5_tp,",
                "Y86a",
                "3,Ts",
                "bASp>",
                "Yq)F",
                "mACV",
                "S+p'",
                ")f`+",
                "7 6`",
                "tG66z",
                "=4@,",
                "JjEN:",
                "[^Y8",
                "h6hl",
                "WGrr2",
                "i,F6!",
                "Grr2",
                "o$U \"",
                "5lSV",
                "=QM]!",
                "As,?",
                "Z^_T",
                "0,Ac",
                "hbnP",
                "I~#p",
                "(dx{",
                "V>[ -",
                "+u%4",
                "RWy1",
                "@!=I4",
                "]2$S7k",
                "lUUVR",
                "FL:=0`~",
                "t340",
                "QsWFv",
                "ZP0>",
                "cX$9",
                "V{u\"",
                "J}tj",
                "rs8L",
                "^E%9/",
                "#nYY",
                "P`QL",
                "itP~N",
                "t@~>k",
                "5A$k",
                "!Tp&1",
                "[8h,B",
                "PhJF",
                "p]tpu<",
                "iT,!",
                "{^{7",
                "@J )",
                "qx) E^*",
                "La T",
                "B+4,",
                "V%G-9d",
                "(Y*w!L~7",
                "eD=,wI",
                ";FF#",
                "@PD|",
                "AU(*",
                ",gs5j",
                "LYvdN",
                "^6]T",
                "+=Gm),",
                "m4T.F",
                "vwwz",
                "%+!<",
                "b,S$",
                "0SE2",
                "<$@(D",
                "DHL([",
                "A:h#",
                "[>.#",
                "@BTh",
                "i9pf",
                "xsP]0",
                "t,XB{",
                "]&tPu",
                ";yxz",
                "H5yB",
                "M4a,",
                "yvjf",
                "{;uV4",
                "<O43",
                "M'i)",
                "!jh@",
                "dYU;=rzl",
                "+KOr?",
                "$N@B",
                "QRD?",
                "gRv4",
                "?=u8",
                "TcGGs0Ir",
                "\"u/o",
                "r\"+@V",
                "`h!U",
                "L*96s?",
                "qSZ ",
                "^}!)",
                "AE-J4",
                "hctl)",
                ";X,t{`)",
                "[+9kt\"",
                "[S/\"",
                "@@@>_~",
                "iDma",
                "mf@q",
                "(GFx",
                "yFO<7",
                "W\"F!l-",
                "SSPQ)@W",
                "/p/S V",
                "/|-<",
                "\\$ S@",
                "RKFuV",
                ";0Lo",
                " <xu",
                "A\"wa",
                "(<`v",
                "}/C;",
                "(juJ",
                "NV&y(WD",
                "3gbbm9(",
                "u%WWS",
                "j/ZY/",
                "I20=",
                "?P/0",
                "&@<q",
                "xz D{",
                "G@Rx",
                "OtFP",
                "Y)5@1",
                "P|!o",
                "F0BoH",
                "YR9,",
                ";EUcwaP}a",
                "6{\\$(FP",
                "P[1?@",
                ".$C ",
                "8(@0H",
                "G*f+",
                ",e94D",
                ")Z*T",
                "BMqF",
                "lE7h",
                "{H.Te)",
                "N6*#",
                "t><5",
                "^\\`\"s",
                "!yP4",
                "u*z(",
                "4vz-",
                "O8u?z=",
                "Ja{ 35",
                "5@&4",
                "f[4>",
                "kG+\\",
                "iC0M",
                "\\!]5",
                "HC>\\Q",
                "[)} ",
                ".u5AnA",
                "0TZL",
                "jREa",
                "KuOR",
                "F\":Cl",
                "c/self",
                "76.124",
                "/binusybox",
                "/lib/systemd",
                "opt/ap",
                "p/moniM",
                "edia",
                "rvetqde",
                "nEln",
                "Prpc",
                "}wsx",
                "httpd\"",
                "pbeacenco<",
                "mpsl",
                "ip26",
                "27x8",
                "/t,/wl",
                "WKill",
                ":+ID=%",
                "~lPath",
                "8/;o",
                "@lpX",
                "fghijk",
                "lDKqr",
                "uvwxyzD",
                "345678",
                "PMMV",
                "XCNWRC",
                "FX]]",
                "BPGT",
                "AC^R",
                "TITWU",
                "R\\U]X",
                "ICIN_W",
                "AHS5",
                "|xcpS_R^CCTR",
                "[AA8E",
                "W^D_",
                "GQMNT",
                "AMLD",
                "LCOzq",
                "TSour",
                " Eng",
                "6$-sy",
                "hlLjztqZ",
                "fFeEgGa&Scs`+0-#'I",
                "^xUnk",
                "ror F[",
                "R#eNo s\"h f",
                "icVT",
                "W:ad",
                "DArk",
                "I mA g(vk",
                "'maB",
                "Cscriu",
                "y 4a",
                "2\\'m",
                "pmX7",
                "`Ga/",
                "7aYlt)",
                "ee=C",
                "qGn3",
                "Zu^fo2Y",
                ". bf",
                ",qvdCh",
                "c 2~e",
                "aW+m[",
                "[Ift",
                "muI ",
                "m^k$c",
                ")8W@",
                "in*Lbj",
                "s)sAd6X",
                "Comm",
                "[RFSX",
                "cB7H",
                "~k!p",
                "Pg!n",
                "svlZl",
                "(T<dy",
                "Hgnf\\",
                "y#Cb",
                "Hor`Vr",
                "grZJ",
                "XENIX",
                "@SOu",
                "'0Y.",
                "9-o4",
                "3,v:",
                "':x#^",
                "jgii",
                ".*s%l",
                "8ABCDEFGHIJKLMNO,",
                "STUVWXYZ",
                "L(kn",
                "a/ANC,",
                "\\24M",
                "W[Qc",
                "/dok",
                "CAk[S",
                "T$(9",
                "H+|$,",
                "$Info: This file is packed with the UPX executable packer http://upx.sf.net $",
                "$Id: UPX 3.94 Copyright (C) 1996-2017 the UPX Team. All Rights Reserved. $",
                "PROT_EXEC|PROT_WRITE failed.",
                "/proc/sm",
                "elf/exe",
                "[jUX",
                "PO;C",
                "UPX!u",
                "_um9",
                "@bQs",
                "W?:m",
                "tr[]",
                "tf~{",
                ".shstrtab",
                "init",
                "roda",
                "ctors",
                "B3  ",
                "w9G'l%",
                "UPX!",
                "#$%&",
                "<=>?",
                "uvwx",
                "z[\\]^_",
                "{|}~"
            ]
        }
    ]
}