{
    "malware_data": [
        {
            "filename": "3d7066dda89f31d017e8d9cb6131f14f3aab9ec7cdb8d997a7d8198adf197180.exe",
            "filetype": "4D5A9000",
            "filesize": "410KB",
            "hash_sha256": "3d7066dda89f31d017e8d9cb6131f14f3aab9ec7cdb8d997a7d8198adf197180",
            "strings": [
                "!This program cannot be run in DOS mode.",
                ".text",
                "`.rsrc",
                "@.reloc",
                "P~AeS",
                "-Xt!",
                "X>k'",
                "Q3`bS",
                "pHhX",
                "lZrN",
                "6-9'",
                "$6.:",
                "ZwKi",
                "T~Fb",
                "*?#1",
                ">8$4,",
                "pHl\\t",
                "T`00P",
                "V++}",
                "L&&jl66Z~??A",
                "Oh44\\Q",
                "sb11S*",
                "RF##e",
                "&N''i",
                "X,,t4",
                "v;;M",
                "R)){",
                ">^//q",
                ",@  `",
                "r99K",
                "f33U",
                "x<<D%",
                "p88H",
                "uB!!c ",
                "z==G",
                "D\"\"fT**~;",
                ";d22Vt::N",
                "H$$l",
                "Cn77Y",
                "J%%o\\..r8",
                "|>>Bq",
                "j55_",
                "P((x",
                "Z--w",
                "lpHP",
                "}c|w{",
                "9JLX",
                "~=d]",
                "MXMHXp\\CXG_Ih",
                "AM^KI@IxpKBEAMC~pMXMh\\\\mp",
                "<ww\\",
                "2ww\\",
                "JIy*>2>d>)/ %8",
                "j#\"9%$#",
                "|, ,v+671,;=,=",
                "x61957",
                "/US_S",
                "zBJHUOd",
                "BK@HH`|",
                "TBNLHHd",
                "UBTPHUe&",
                "ama;HMR5tgpeZN5fp|~zzV:fp|~zzV5gpfbzgW#",
                "(S?3?e",
                ".=*9",
                "k8.\" $$",
                "d8.\" $$",
                "k9.8<$9",
                "J<0<f",
                "h<.';':+!",
                "h;-!#''",
                "g;-!#''",
                "h:-;?':",
                "tOYPUz",
                "LSHWOYx",
                "Q11<).343",
                "324./8",
                ")38//(",
                ".*2934",
                ");2.2/>4",
                "wsqyuZmuxdg}P",
                ";jp/'+",
                "X]Q]",
                "ZGF@]HJ@EYYh",
                "P143645(",
                "?9:34539372107>9,02?,7116:8692>5",
                "/;25((9",
                "|235/29($",
                "|0=?3",
                "(0)=:9",
                "|.9/",
                "913.4",
                "90;33",
                "mAmxiA",
                "rrw{l{zy~xswrzyptys}y}{sy~ztu~wr@o{ruhhyO<rsuoryhdY<p}",
                "sP@hpi}zyX@}h}X<nyoI@yqsnt_@yp{ss[@",
                "U$1$!55$)$&*)Z",
                "wYesabnioC",
                "PUUZP_ZRZ\\YZ^]WSPPVR[QRW[Z_ZURZ\\hGSZ]@@Qg",
                "Z[]GZQ@Lq",
                "XUW[xh@XAURQphU@Up",
                "FQGahQY[F\\whQXS[[sh",
                "}qrZ",
                "{S3)','-3\"- $- '/!!)3+,!/&\".*+,!+%",
                "0$-*77&",
                "c-,*0-&7;",
                "c/\" ,",
                "7/6\"%&",
                "c1&0",
                "&.,1+",
                "&/$,,",
                "4O^WWZl^MZIy",
                "G{ysteet|pzrqxr",
                "erw}{sr}syre}Ifr{|aapF5{z|f{pamP5ytvzYIay`tspQItatQ5gpf@Ipxzg}VIpyrzzRI",
                "yhaalZalx|H",
                "fsfcwwfkfdhkZ",
                "*rsfsvbbs~sq}~Z",
                "Q>|Q%4==0",
                ")zv``vw",
                "q~~zz",
                "ttqrr~uxwr",
                "wytxss~{Lcw~ydduC0~",
                "yc~udhU0|qs",
                "\\Ld|eqvuTLqdqT0bucELu}",
                "bxSLu|w",
                "`}vkivEX",
                "DX\\ZR[H[R",
                "\\ZZ[F[ZPW",
                "aa[RWXb|zZ[F[ZPwbFF_T",
                "GJL[\\WR",
                "SQ]b",
                "9CET_Hu",
                "Tzkbboy }{javkR}{javKR",
                "ND\\L[LA]l",
                "CR[[V`T^ZXCv",
                "MeNH@IZI@pIKM^CX",
                "@MOC`pOEACXMp",
                "!fli",
                ",*\"+8+\"",
                "+)/<!:",
                "n\"/-!",
                "/*</;",
                " $&' &",
                "}|z``v@3~rvg@",
                "52F52F",
                "52F62F52F",
                "62F52F",
                "52F62F",
                "72F52F62F52F62F52F52F",
                "62F72F62F",
                "52F62F52F62F52F62F",
                "72F52F52F",
                "52F,2F,2F52F72F,2F,2F52F62F,2F72F52F62F62F,2F,2F,2F,2F,2F,2F62F52F62F72F,2F,2F,2F,2F",
                "52F52F,2F,2F72F",
                "52F,2F,2F62F52F,2F,2F52F52F",
                "$2F,2F,2F,2F72F",
                "52F,2F,2F52F",
                ",2F,2F52F",
                ",2F72F52F62F,2F,2F",
                "52F,2F,2F",
                ",2F,2F62F62F,2F,2F(2F42F",
                "62F,2F,2F72F52F,2F,2F52F62F,2F,2F 2F",
                " 2F72F72F62F",
                "62F,2F,2F62F52F,2F,2F$2F$2F,2F,2F62F",
                " 2F,2F,2F72F",
                "52F62F,2F,2F",
                "52F,2F,2F62F62F,2F,2F",
                ",2F$2F",
                ",2F,2F72F62F,2F,2F62F",
                ",2F72F62F",
                "62F,2F,2F72F62F,2F,2F",
                "52F,2F,2F72F",
                ",2F,2F62F62F,2F,2F",
                "62F,2F,2F62F",
                ",2F,2F",
                "62F,2F,2F72F",
                "$2F,2F,2F62F",
                "72F,2F,2F",
                ",2F,2F,2F,2F,2F,2F",
                ",2F,2F,2F,2F,2F62F",
                " 2F,2F,2F,2F",
                " 2F,2F,2F,2F,2F 2F",
                "mK./-4%.",
                "W0mtgnuctoq",
                "HIKACT",
                "ggdtb",
                "Sbc$\"&4=3\"",
                "4(ED",
                "\"gBCEXM^C\\^CO",
                "XJC_C^OEA",
                "j}jml{y~mvyU",
                "&/BC",
                "'P=?\"6PZP$35<5#",
                "@WD@Wa",
                "f|f91=2(/3",
                "hA2x",
                "cD#0",
                "5tAb",
                "GPF`",
                "\">(*yo}~>!{ruxs",
                "ry<oo}L ",
                "y7zzhY&5)",
                ".324..8",
                "1$/64/",
                "}34)/<",
                "8/<*);2",
                "Kv&.\"",
                "?7J\\AY]]O~",
                "yk~aYC",
                "!?is,$(';,:",
                "ITT\\",
                "]LQtik",
                "YLY|",
                "U]LKAk",
                "KTT\\",
                "j44<vn",
                "v=,1",
                "v9,9",
                "v5=,+!",
                "j}}u?'WT?tex]@B?pepU?|tebhB1yexf1b|t}s~cA ",
                "&;9D",
                "ddl&yfaD&m|aDY[&i|iL&em|{q[T",
                "IVQt",
                "U]LKAkd)",
                "={u5",
                "bddl&xgzm|fA&m|aDY['>0p'{ddl",
                "A^CTE_x",
                "TEX}`bm",
                "Oppx",
                "THUK",
                "OQYP^SNl",
                "Viia",
                "MQLR",
                "VH@IGJWu ",
                "8w :detrats saw relaetS ihsoniC eht emit dna etaD",
                "-7~~h",
                "iil-]D",
                "O3)jgzP",
                "WV]Q",
                "b{h8",
                "(9#|txW9k|mlitvZ",
                "Y48+s8",
                ";`ss",
                "45<<1$#>9p$?",
                "<uGJ_XD[",
                "<alq{",
                "pjgzP3}d|}x}F",
                "}-}@",
                "@KMWLVz",
                "WNVWRWl",
                "FGL@|ZQWMVL@",
                "W@IIJWQKJfJ@ALsz",
                "hjwc",
                "qf`i`v",
                "_F^_Z_d\"",
                "Mmq`mvusqy4",
                "f-&;91",
                "t:#;:?:",
                "SogkD",
                "1MH[8vowvsvM",
                "L!#>*LFL8/) )?L",
                "WAIEj",
                "s0{tZGE",
                ">_/6_",
                "ZG[[MKGZxw",
                "egzn",
                "LaZG[[MKGZx",
                "|kmdm{",
                "0-11'!-0",
                "iP[HGHJM[FJZ@Mu",
                "fOU^VKTW^M^__ITXHR_g",
                "rt|ufu|Luwqb",
                "dC0|qs",
                "G~xp26",
                "S)kn2'27",
                "!6 &",
                "vsq3oxi|ymH=xprou^22",
                "!)+6,",
                "f{f-fnlqk@,,",
                "K?dyd/dlnsiB..",
                "O7_WOWEPKJ",
                "Yf~{|Ypatqe@I",
                "?'\"%",
                ")8-(<",
                "vc~c(",
                "l(#%?$>2n!9!",
                "4?8=?>",
                "%!xunsooy",
                "snl:",
                "HE^IB[C",
                "q-&t",
                "$(0-11'!-02",
                "pq,+",
                "b/-0",
                "b6!'.'",
                ".%\"#(*",
                "m>4m`6yay'mm&",
                "|0z!dl`o!iuhv!|1z!edubdude!;ubdudE!oh`lnE!rdhjnnB4",
                "y.wz,c{c=gv",
                "rdgvt",
                "?r.u\\K]",
                "KZSS^H",
                "p,0!y0!((%3b",
                "TSLY",
                "UDMM@V",
                "89-h!0994\"s",
                "+i139",
                "'<+3",
                "vnya0yhaalz+",
                "B1qC!',",
                "'a yt\"mum3ixqq|jixz",
                ";|wv)`qxxuc2",
                "eOa85c,4,r(900=+(9;",
                "}NUGB",
                "RCJJGQ",
                ":62#$j#2;;6 q",
                ",1&0(",
                ">H]oVJ[",
                "^+- y40",
                "Y=)4B)Eb)e_|4Z>;,",
                "u(7\"&",
                "bo6xr0",
                "1f& f*",
                "61F*",
                "RF[0,5QTC",
                "_XG_Y",
                "RF[0",
                "5QTC",
                "XOW&",
                "!&Q=",
                "EQL'=\"FCT",
                "}{/cf)",
                "{\".#zm{h:!31<;=1&;0zz",
                "%7;?.)T",
                "=z$3)2($a",
                "Qhh,'!; :6s",
                "%BX0'15-0 h",
                "BX&0-511#2B0'17h",
                "BX,+%-.B0'17h",
                "BX'/#,61-*C",
                "dfeD!;SDRVNSC",
                "|3z!;ESNVRR@Q!SDRT",
                "|0z!;OHFNM!SDRT",
                "|1z!;DL@OURNIA",
                "xu}pgxG1+CTBF^CS",
                "l#j1+UC^FBBPA1CTBD",
                "l j1+_XV^]1CTBD",
                "l!j1+T\\P_EB^Y",
                "ym]FK@AZFG@J",
                "Y]]A",
                "&+}2*2l/4+6,#m",
                "MMZY",
                "nTJf",
                "\\Y;6",
                " Z!$",
                "UFOGF",
                "FDLoFWBGSvMJt",
                "nevyx~ct~s2",
                "E(*7#E& 71+&E6$ELOM1+0*&E1& ) 6",
                " C000E0EG",
                "0SADD0",
                "(C000",
                "rG4A",
                "g6{j",
                "_yV%P",
                "~c~~i",
                "RKI_",
                "RML_",
                "@{Lnnf,gwnexmo^",
                ";,QDWW_",
                "HHUg",
                "XRISZ",
                "ppx2/oor@",
                "\"UbiNNF",
                "GWNEXMO~",
                "BHSI@",
                "BJSIE",
                "CSJA\\IKz",
                ">  (b)9 +6#!",
                ":,  =",
                "\\b|xqzkmLWZL[99CX",
                "tf#)2(!g3()g4&0g)0(#32/",
                "g!(g44\"5##",
                "g44\"$(5",
                "unt};otu;hzl;<23oruRDHHU<;utroxun]+",
                "I~;1*09",
                "xvw+/&-<:",
                "106+<1*",
                "WP^_",
                "$($$9PW",
                "WPMF",
                "LPCJAH",
                "mg> ",
                "Atrohs oot reffub tuptuo",
                "*;6-o~o;<.*#o;.o*-o;<:\"o",
                "9\"#%8<5>/\")l",
                "l>#*l)/\"#\"l)?9)>l8#\"\"-/%",
                "SH@`'!<; s<<'s!655&1s'&#'&",
                "\\]AGZ]F",
                "TATQ",
                "d9?\"%>m\"\"9m?(++8/m98=98",
                "9|d}inmLT",
                "8(1<+",
                "GMVLE",
                "FQFT",
                "PFPBABWBG",
                "FJHLL@",
                "9n+!: )o*=*8o<*<.-.;.+o*&$  ,o ",
                "\"Heulav",
                "at}p",
                "%23;81",
                "$&/ ",
                "<0</=",
                "=xf)",
                "PZA[R",
                "QFQC",
                "GQGUVU@UP",
                "PU[XZC[P",
                "_UNT]",
                "^I^L",
                "H^HZYZOZ_",
                "_IZX",
                "OR_^IX",
                "~*QK",
                "bgzx%xnb`ddhW",
                "kyxd}9dy~px{K",
                "S:+63.,q,:<>3/",
                "Jd}lqtik6k}{ythD",
                "`crojwu(ucegjvZ",
                "yip}j",
                "8W*oe~dm+nyn|+xnxjij",
                "jo+nb`ddh+dE",
                "u>6:5)>(",
                "?>/+\")85>",
                ":zlqimm",
                "Nz{jngl}p{",
                "?VWAgFAS~W_[F",
                "degnahCdrowssaPemit",
                "+WxyoIoyquh",
                "!Ru0105;8t16t s:08!;7tg",
                "p'7*:",
                "hxtu\"c ",
                "piw7+",
                "zP0-*$,/",
                "qKGTAITv",
                "u'O5bro",
                "K-=10g&e\\o}@N5,2rn",
                "X3v|g}t2w`we2awaspsfsv2k`}fa{z2}\\ ",
                "*wg~sd!",
                "Rq4>%?6p5\"5'p#5#121$14p41?<>'?4p?",
                "DNUOF",
                "EREW",
                "SESABATAD",
                "YROTSIH",
                "MROF",
                "Y@]UY",
                "!6%<0 :7",
                "4pqfmjg",
                "V,73",
                "owfxy",
                "SY`%!61>&=~00",
                "8)5/.,l19$l\"\"",
                "/X-7]NJV",
                "g<H~",
                "~_^XBCTG",
                "#4>?35#9<<9",
                "erxyuse",
                "xC{ydP",
                ";Hbjfi*ibqn`*dd",
                "@HDK",
                "\\ILHDC",
                "|=5(`..",
                "832#'.%492z%25:\"9z44&",
                "nxtvrr^AvorjixSA",
                "I\\Il",
                "FAOGdt",
                "BZCP\\Z^^sm",
                "d0%0",
                "x^K^{",
                "MZLjcZRPMW|cZSXPPxc$",
                ")SBWBe",
                "ZWUYzjWBWr",
                "DSEcjS[YD^ujSZQYYqj",
                "-;7511",
                "5,1)*;",
                "'?&59?;;",
                "C.N[Nk",
                "MJxs",
                "hEPE`",
                "VAWqxAC@axPBKWKVGMix%",
                "W~SBWBe",
                "DSEcjSQRsjBPYEYDU_{j",
                "j|prvvZErkvnm|WE",
                "P@QDQv",
                "IDFJiy@IGDQv",
                "DW@Ujy@WDRQCJv",
                "DW@Ujy",
                "LmATAd",
                "BEw|",
                "hIB_DCYxl",
                "c{bq}{",
                "O<)<",
                "{Jau",
                "\\@nQVJm",
                "%lkvk.>'*",
                "/.?;29(.",
                "k7kl",
                "MJWJ",
                "~Ud3",
                "MZQVKV",
                "0w~.)4)e{\\)u).",
                "=N~u",
                "INRu",
                "@@GZG",
                "]+,1,iy`mZ,p,+",
                " T/6l\"j61,1tahENRR1m16l#j61,1t|p_NRR1m16l j61,1hcxaiTNRR1m16l!j61,1uteahcrtUcts|d_NRR",
                "^VZU^WR}",
                "~uror> ",
                "r.ru",
                "RUHU",
                "S[WXBEY~",
                "BAF[F",
                "Tinsn+\":'",
                "TB]PW",
                "TDCE",
                "l!j ",
                "J\\CNI",
                "JZ][",
                "Rjar}|zgpzw",
                "B[LW`",
                "X^OHRn",
                "\\I\\y",
                "U1'852i3:=8;;$o",
                "dV]5mkz}g[(i|iL",
                "n'1.#$",
                "%,+.--2y",
                "Y46+?Y",
                "Y-:<5<*",
                "$d<:+,6",
                "y8-8",
                "OHUH",
                "H-:- ?H",
                "; x~ohrN=|i|Y",
                ">lv`",
                "ru.t}z",
                "||c(q",
                "NXGJM",
                "LEBGDD[",
                "eUC\\QV",
                "W^Y\\__@",
                "af3^\\AU3}vwwz{?v~zgLgz`zeLg`r",
                "?g}f|pLwvcjg?g}f|pLgz`ze?v",
                "gzg?",
                "af?wz3GPV_V@",
                ".?,/",
                "&?, &\"\"/",
                "`{tL",
                "iFJFUG|",
                "@\"12",
                ";\"1=;??2",
                "~H61**7",
                "Ke5jav`hmlg",
                "LKPPM",
                "U^I_WRSX",
                "KX[fRKXTRVV[",
                "mY^EEX",
                "~ejRajg",
                "wXTXKYb",
                "4Z]FF[",
                "i.v}j|tqp{",
                "n\"Z&",
                "J$3>\"9",
                "j^_`",
                "[b#{}lkqM>",
                "7%3,!&}'.),//0{",
                "vadjikrja",
                "dsdiv",
                "bGBUP^]_F^U",
                "|~cw",
                "PEPUnUP^]_F^UnCTUUTS\\T",
                "TAHEnT\\X\\n]P_XVXC^",
                "TAHEnT\\X\\",
                "UTXWXU^\\nEBP]",
                "VPET",
                "T\\P_nEITnHS",
                "UXnEITnHS",
                "U^YET\\nAEEY",
                "]CDnCTCCTWTCnSPE",
                "]CDnSPE",
                "]CDnTEXB",
                "CTCCTWTC",
                "E_TXB_PCE",
                "T\\XEnBBTRRPnEBP]",
                "UT_TA^",
                "T\\XEnU_T",
                "YBPY",
                "_^BPTCnEADCCTE_X",
                "TAHEnCTV_PU",
                "TEPEB",
                "BTEHSn]PE^E",
                "BTEHSnUTGXTRTC",
                "T\\XEnECPEB",
                "YEPAnETVCPE",
                "YEPAnE_TCCDR",
                "UXDV",
                "ert}tb",
                "F|o15\"')*(1)\"f",
                "f'2'\"",
                "\"')*(1)\"",
                "4#\"\"#$+#j#6?2",
                "#+/+",
                "*'(/!/4)j#6?2",
                "#+/+j\"#/ /\")+",
                "25'*j!'2#j#+'(",
                "?$j\"/",
                "?$j\").2#+",
                "622.j*43",
                "4#44# #4",
                "$'2j*43",
                "#2/5j4#44# #4j2(#/5('42j#+/2",
                "55#%%'",
                "25'*j\"#(#6)j#+/2",
                "\"(#j.5'.j()5'#4",
                "26344#2(/j#6?2",
                "4#!('\"j#2'25j5#2?$",
                "*'2)2j5#2?$",
                "\"#0/#%#4j#+/2",
                "24'25j.2'6",
                "2#!4'2j.2'6",
                "2(#443%j\"/3!j\"/f",
                "INSN",
                "N+<+&9N",
                "N#!<(N",
                "N:-+\"+=",
                "+Z'~qZ",
                ";{mr",
                "x#ypwrqqn%",
                "Qe>+>;",
                ";>031(0;",
                "-:;;:=2:C",
                "pepuNup~}",
                "f~uNctuuts|t=C",
                "K&$9-K",
                "K?(.'.85",
                "_xLCh",
                "'OM|",
                "2^Fj",
                ";FE\\c",
                "sJ61",
                ">N6-HQp",
                "\"suT",
                "4@VIDC",
                "BKLIJJU",
                "Tm7x1mjwj7{1j",
                "j7z1M",
                "X57*>X",
                "X,;=4=+",
                "z8`fwpjV%dqdA",
                "fqfkt",
                "C9.8+)",
                ">#./8)j",
                "j/'+$!)#$f.#",
                "99/8..+",
                "-$#&&#(f/>+.",
                "/9?f>$?%)",
                "/9?f$#-#8%f./#,#.%'",
                "/>+.f./>:38)$/",
                "8/('?$",
                ".8+)f8+/3",
                "$%#>+8#:2/f\">$%'",
                "$%#>+8#:2/f.8+)",
                "/'+$f.#?-j",
                "a@.t;r.)4)t8r)L[LA^)t9r",
                "Lduhmpr/rdhjnnb]",
                "1'+)--!",
                "8-/b",
                "'/'*!1n'6+",
                "5#0n'6+",
                "'/#1n6,'/'.",
                "0'15-0",
                ",+n;.,",
                "1+n'07!'",
                "1+n'/+",
                ",-+6#'0!n&'11'!!",
                "61#.n;0+2:'n*6#2n61-*n'7.#4n'/#,n1'67 +066",
                ",+%+0-n&+b",
                "s.}kmob~Qtac.CA\\H.kco`Qkzg}\"jgQ`gig|a\"b|{QkiocgQykgxk|~\"`agz~g|m}kj\"f}ofQb|{\"z`{amQ`igk|ah\"jg{i\"kzojQzg}gxQz}ob\"wm`kmk|h\"jk~wz\"`kjjgf\"z`{amQzg}gx\"z}afQxk|\"kbzgz\"b|{\"jg.ZMKBK]",
                "%GVKNSQ",
                "QGACNR~",
                "hO7!'%(4",
                ">+)d",
                "d!)%*",
                "!0-7h -",
                "*-#-6+h(61",
                "!#%)-",
                "3!-2!64h*+-04-6'7! h,7%,",
                "(61h0*1+'",
                "*#-!6+\"h -1#h!0% ",
                "0-7-2",
                "07%(h='*!'!6\"h !4=0h*!  -,h0*1+'",
                "0-7-2h07+,",
                "2!6h!(0-0h(61h -d",
                "F[JWROM",
                "M[]_RNb",
                "y5mkz}g[(i|iL",
                "VSL23%:70k18?:99&m",
                "qt,*;<&",
                "i(=(",
                "m[MR_X",
                "YPWRQQN",
                "[`@>|&i |{f{&j {",
                "{&k h",
                "{gffiWrge(EGZN(lmanalgE|{id$lmllIm|il$mxq|$fga|izaxpm${oidn$|fm|fgk$laWm|}jaz||iWgffi$laWmkidx$la(\\KMDM[",
                "i->*/;#du`ur#z",
                "^OZOH",
                "9c{<40",
                "=7<{",
                "JUF|JCFI",
                "JMPM",
                "M(?(%:M",
                "M \"?+M",
                "M9.(!(>",
                ";i=U^ORWJH",
                "H^XZWKg",
                "gWA^ST",
                "U\\[^]]B",
                "G[ZZUkN[Y",
                "y{fr",
                "PQ]R]P[y@GUX",
                "PQPPuQ@UP",
                "QDM@",
                "Z[]@UF]DLQ",
                "GSUXR",
                "@ZQ@Z[W",
                "P]kQ@AV]F@@Uk[ZZU",
                "P]kQWUXD",
                "`wqxqg",
                "brSK",
                "E5 bvsg",
                "814;",
                "D@QLITV",
                "\\WJQVLMHWJCy",
                "PVG@Zf",
                "TATq",
                "!i3|5insn3",
                "n3~5P",
                "z7|':'cnX~uhstno'BUBOP'tbdurhtXhsX~uhstnoX}hj'JHUA'cnXbdurht'SDBKBT-",
                "yUL2D",
                "|rd{vq*py~{xxg,P",
                "1:1,70*+.1,%",
                "9,.c",
                "c'*6$o'&0",
                "70\"/o'&0",
                "701*%o'&0",
                "0&.*7o&6/\"5o&.\"-'/&*%o'*c",
                "*Fs7",
                "*.s7",
                "*B J",
                "*F~E",
                "&*B~H",
                "_b`*^",
                "?_da",
                "?_ba",
                "!UUUUUUUU",
                "!33333333",
                "?_da*",
                "b`*6",
                "*. +f6",
                "*. ~f6",
                " mf6",
                " Mf6",
                " ;e6",
                "*. ue6",
                "*. ]e6",
                "*. Be6",
                "*. od6",
                "*. ]d6",
                " Ld6",
                "*. 7c6",
                "*. %c6",
                " rc6",
                "*. Tc6",
                "*.s&",
                " ?%6",
                " x%6",
                " a%6",
                " ($6",
                " {$6",
                " P$6",
                ")+e((",
                " ?#6",
                " 6#6",
                " !#6",
                "% n#6",
                "6 S#6",
                " E#6",
                "1X(,",
                " [\"6",
                " H\"6",
                " 6!6",
                " T!6",
                " < 6",
                "   6",
                " F 6",
                " </6",
                " !/6",
                " !.6",
                " z.6",
                " k-6",
                " x,6",
                " j,6",
                " d,6",
                " U,6",
                " E,6",
                " 8+6",
                " (+6",
                " m+6",
                " Q+6",
                " <*6",
                " #*6",
                "@ |*6",
                "@ h*6",
                "> S*6",
                "A M*6",
                " 156",
                " $56",
                " p56",
                " g56",
                " P56",
                " B56",
                " =46",
                " h46",
                " Z46",
                " U46",
                " )36",
                " ~36",
                " u36",
                " Z36",
                " Q36",
                " F36",
                " =26",
                " ]26",
                " M26",
                "_,d~",
                " ?16",
                "& y16",
                " U16",
                " 006",
                " l06",
                "& @06",
                " \"?6",
                " s?6",
                "& \\?6",
                " :>6",
                " ,>6",
                " x>6",
                " m>6",
                " T>6",
                " >=6",
                " #=6",
                " c=6",
                " Y=6",
                " D=6",
                "* +<6",
                "* |<6",
                " `<6",
                " Q<6",
                " {;6",
                " Q;6",
                "0A[i",
                " =:6",
                "& 4:6",
                " \\:6",
                "& H:6",
                " \"96",
                " l96",
                " *86",
                " z86",
                " u86",
                " l86",
                "j03~?",
                "j05~?",
                "-V(:",
                ",%(g",
                ",%~0",
                "1> '",
                "1> ^",
                "1> z",
                " ????_",
                "b`~Q",
                "ba~Q",
                "ba~R",
                ".) T",
                "jX}|",
                "nX}}",
                ",u+N",
                "nX}|",
                "jX}y",
                "nX}y",
                "9baa",
                "!\"\"\"\"\"\"\"\"",
                "!\"\"\"\"\"\"\"\"_",
                "!DDDDDDDD_",
                "8b`a",
                "xuW5@",
                "xuW.l8@",
                "-f+v",
                "-U+a",
                "-D+L",
                "-3+7",
                "-\"+\"",
                " *g6",
                " jg6",
                " \\g6",
                " Ng6",
                " >b6",
                " #b6",
                " qb6",
                " hb6",
                " `a6",
                " 3`6",
                " &`6",
                " 6o6",
                " to6",
                " co6",
                " Ro6",
                " Go6",
                " vn6",
                " Nn6",
                " 8m6",
                " 7m6",
                " .m6",
                " |m6",
                " `m6",
                " Jm6",
                " Cl6",
                " wi6",
                " [i6",
                " Mi6",
                " 8w6",
                " \"w6",
                " 3v6",
                " #v6",
                " rv6",
                " fv6",
                " Qv6",
                " 8u6",
                " +u6",
                " zu6",
                " uu6",
                " `u6",
                " Pu6",
                " Du6",
                " 9t6",
                " 4t6",
                " $t6",
                " rt6",
                " mt6",
                " Xt6",
                "-< <s6",
                " Tr6",
                " sz^';",
                " rp6",
                " op6",
                " dp6",
                " Qp6",
                " Np6",
                "-y+m",
                "-i+X",
                "-Z+C",
                "-K+.",
                " g~6",
                " @~6",
                " 8|6",
                " 5|6",
                " \"|6",
                " ~|6",
                " k|6",
                " `|6",
                " \\|6",
                " I|6",
                " F|6",
                " u{6",
                " Uy6",
                " Bx6",
                " \\G6",
                " FG6",
                " CF6",
                " WE6",
                " `D6",
                " [C6",
                " [B6",
                " NB6",
                " 0A6",
                " pA6",
                " 2@6",
                " ]@6",
                " PO6",
                "BSJB",
                "v4.0.30319",
                "#Strings",
                "#GUID",
                "#Blob",
                "( 9C",
                " & 3 ",
                "#0#4#<#c#i#",
                "$O$b$",
                "&!&/&5&C&I&V&\\&",
                "'Y'}'",
                "(5(;(O(U([(a(g(m(s(y(",
                ")%)=)I)})",
                "!^!f!~!",
                "!)\":\"9#",
                "#U$[$m$",
                "%)%2%G%i%|%",
                "&'&;&b&j&w&",
                "'-'7'F'u'",
                "''(A(N)Z)g)o)v)",
                ")'*5*?*O*[*j*",
                "h%_p?!dR<_dveieJ&ZW\\oWXC&",
                "`|<\";@NsaRk(i>?3#Eqa|l;A)",
                "<>9__10_0",
                "<>9__11_0",
                "<>9__12_0",
                "<>9__13_0",
                "<>9__14_0",
                "<>9__15_0",
                "<>9__16_0",
                "<>9__6_0",
                "<>9__7_0",
                "<>9__38_0",
                "IEnumerable`1",
                "CallSite`1",
                "Action`1",
                "ReadOnlyCollection`1",
                "IEnumerator`1",
                "IList`1",
                "85332E00AFFFDBE44E7421AA4236274F9495AC6C2204C59B9ADFC872D4215E12",
                "Microsoft.Win32",
                "UInt32",
                "ToInt32",
                "GetInt32",
                "C2D8E5EED6CBEBD8625FC18F81486A7733C04F9B0129FFBE974C68B90308B4F2",
                "Func`2",
                "KeyValuePair`2",
                "IDictionary`2",
                "Func`3",
                "Action`3",
                "UInt64",
                "GetInt64",
                "_VtblGap1_4",
                "Func`4",
                "_VtblGap2_5",
                "GetInt16",
                "0C9B53D0417CF5539EA98A771F400E930B4B4F55363A296A9E5A5F941AB71C86",
                "D6582824-F60E-4C12-9D9E-2A3C49E7BCB6",
                "7C97C06F982D2F598F71BCF85A27244685EC039BC414EB391EC3EC449A619F37",
                "C19830DE-CCF4-40E8-ACA5-FAB991EE3C57",
                "8E39AB99-8148-44EA-90AF-6E4F33A0B168",
                "get_UTF8",
                "_VtblGap1_9",
                "<Module>",
                "93631B0726F6FE6629DAA743EE51B49F4477ED07391B68EEEA0672A4A90018AA",
                "GetTypeFromCLSID",
                "EAAB450B-A14C-49B8-B589-7616571F8E9F",
                "formSubmitURL",
                "System.IO",
                "get_X",
                "get_Y",
                "value__",
                "Visa",
                "System.Data",
                "tsData",
                "CryptUnprotectData",
                "embedder_download_data",
                "form_data",
                "mscorlib",
                "DinersClub",
                "System.Dynamic",
                "System.Collections.Generic",
                "creation_utc",
                "expires_utc",
                "last_access_utc",
                "Read",
                "Thread",
                "Nss3CouldNotBeLoaded",
                "dateAdded",
                "date_added",
                "timePasswordChanged",
                "NoArgumentsSpecified",
                "Unspecified",
                "timeLastModified",
                "lastModified",
                "date_password_modified",
                "date_modified",
                "last_modified",
                "opened",
                "typed",
                "timesUsed",
                "timeLastUsed",
                "lastUsed",
                "firstUsed",
                "lastAccessed",
                "times_used",
                "date_last_used",
                "timeCreated",
                "date_created",
                "cc_number_encrypted",
                "card_number_encrypted",
                "keyword_id",
                "place_id",
                "anno_attribute_id",
                "origin_id",
                "billing_address_id",
                "by_ext_id",
                "NewGuid",
                "guid",
                "passwordField",
                "usernameField",
                "TrimEnd",
                "ReadToEnd",
                "DbCommand",
                "CreateCommand",
                "SQLiteCommand",
                "Append",
                "DateTimeKind",
                "Nss3NotFound",
                "LocalStateNotFound",
                "MozGlueNotFound",
                "FunctionNotFound",
                "DownloadsNotFound",
                "CreditCardsNotFound",
                "CookiesNotFound",
                "ProfilesNotFound",
                "BookmarksNotFound",
                "LoginsNotFound",
                "AddressNotFound",
                "FormHistoryNotFound",
                "http_method",
                "MasterCard",
                "name_on_card",
                "netstandard",
                "Clipboard",
                "encryptedPassword",
                "Replace",
                "CreateInstance",
                "FileMode",
                "ZipArchiveMode",
                "XmlNode",
                "FromImage",
                "AddRange",
                "Take",
                "EndInvoke",
                "BeginInvoke",
                "GetEnvironmentVariable",
                "IEnumerable",
                "IDisposable",
                "ToDouble",
                "get_Handle",
                "RuntimeFieldHandle",
                "GetModuleHandle",
                "RuntimeTypeHandle",
                "GetTypeFromHandle",
                "Rectangle",
                "DownloadFile",
                "UploadFile",
                "CouldNotSetProfile",
                "Console",
                "title",
                "get_Name",
                "GetFileName",
                "get_MachineName",
                "GetElementsByTagName",
                "get_UserName",
                "get_ProcessName",
                "GetProcessesByName",
                "cc_name",
                "site_name",
                "cc_additional_name",
                "cc_given_name",
                "by_ext_name",
                "display_name",
                "cc_family_name",
                "fieldname",
                "nickname",
                "encryptedUsername",
                "hostname",
                "source_scheme",
                "DateTime",
                "ToLocalTime",
                "creationTime",
                "end_time",
                "last_access_time",
                "last_visit_time",
                "start_time",
                "Runtime",
                "WriteLine",
                "Combine",
                "LocalMachine",
                "None",
                "Clone",
                "encType",
                "ValueType",
                "ExpressionType",
                "cc_type",
                "password_type",
                "original_mime_type",
                "folder_type",
                "danger_type",
                "Where",
                "CarteBancaire",
                "System.Core",
                "isSecure",
                "is_secure",
                "Capture",
                "Close",
                "Dispose",
                "Parse",
                "use_date",
                "last_visit_date",
                "Create",
                "MulticastDelegate",
                "SetApartmentState",
                "state",
                "Delete",
                "System.Data.SQLite",
                "rawSameSite",
                "sameSite",
                "CallSite",
                "samesite",
                "DispIdAttribute",
                "CompilerGeneratedAttribute",
                "GuidAttribute",
                "DebuggableAttribute",
                "ComVisibleAttribute",
                "AssemblyTitleAttribute",
                "AssemblyTrademarkAttribute",
                "TargetFrameworkAttribute",
                "ExtensionAttribute",
                "AssemblyFileVersionAttribute",
                "AssemblyConfigurationAttribute",
                "AssemblyDescriptionAttribute",
                "DefaultMemberAttribute",
                "TypeIdentifierAttribute",
                "UnmanagedFunctionPointerAttribute",
                "CompilationRelaxationsAttribute",
                "CoClassAttribute",
                "AssemblyProductAttribute",
                "AssemblyCopyrightAttribute",
                "NullableContextAttribute",
                "ConfusedByAttribute",
                "AssemblyCompanyAttribute",
                "RuntimeCompatibilityAttribute",
                "Byte",
                "get_Value",
                "MinValue",
                "TryGetValue",
                "GetPropertyValue",
                "encrypted_value",
                "password_value",
                "username_value",
                "Save",
                "RegistryHive",
                "ZipArchive",
                "Remove",
                "Silk.exe",
                "get_Size",
                "Serialize",
                "Deserialize",
                "SizeOf",
                "get_ItemOf",
                "LastIndexOf",
                "etag",
                "get_Jpeg",
                "System.Threading",
                "set_Encoding",
                "System.Drawing.Imaging",
                "System.Runtime.Versioning",
                "FromBase64String",
                "DownloadString",
                "ToString",
                "GetString",
                "Substring",
                "System.Drawing",
                "ForEach",
                "Match",
                "url_hash",
                "Math",
                "GetTempPath",
                "GetFolderPath",
                "target_path",
                "current_path",
                "get_Width",
                "get_Length",
                "EndsWith",
                "StartsWith",
                "expiration_month",
                "cc_exp_month",
                "AsyncCallback",
                "callback",
                "skip_zero_click",
                "Silk",
                "AllocHGlobal",
                "FreeHGlobal",
                "Marshal",
                "System.Collections.ObjectModel",
                "Parallel",
                "CompressionLevel",
                "kernel32.dll",
                "crypt32.dll",
                "Kill",
                "DBNull",
                "System.Xml",
                "LoadXml",
                "tab_url",
                "preview_image_url",
                "site_url",
                "origin_url",
                "icon_url",
                "federation_url",
                "action_url",
                "tab_referrer_url",
                "FileStream",
                "MemoryStream",
                "get_Item",
                "get_Is64BitOperatingSystem",
                "httpRealm",
                "signon_realm",
                "Random",
                "Enum",
                "GetBoolean",
                "TimeSpan",
                "hidden",
                "CopyFromScreen",
                "Open",
                "origin",
                "Join",
                "MessageBoxIcon",
                "version",
                "System.IO.Compression",
                "get_Location",
                "UnaryOperation",
                "BinaryOperation",
                "expiration",
                "System.Web.Script.Serialization",
                "System.Reflection",
                "MatchCollection",
                "GroupCollection",
                "ManagementObjectCollection",
                "DbConnection",
                "SQLiteConnection",
                "position",
                "CallingConvention",
                "NotImplementedException",
                "KeyNotFoundException",
                "ArgumentOutOfRangeException",
                "IndexOutOfRangeException",
                "ArgumentNullException",
                "InvalidOperationException",
                "ArgumentException",
                "description",
                "System.Data.Common",
                "interrupt_reason",
                "Intern",
                "Unknown",
                "CopyTo",
                "FileInfo",
                "FileSystemInfo",
                "CSharpArgumentInfo",
                "DirectoryInfo",
                "Zero",
                "schemeMap",
                "Bitmap",
                "Sleep",
                "Skip",
                "Microsoft.CSharp",
                "Group",
                "cc_exp",
                "System.Linq",
                "expiration_year",
                "cc_exp_year",
                "Char",
                "ExecuteScalar",
                "InvokeMember",
                "TryGetMember",
                "cc_number",
                "DbDataReader",
                "SQLiteDataReader",
                "ExecuteReader",
                "StreamReader",
                "TextReader",
                "StringBuilder",
                "SpecialFolder",
                "Microsoft.CSharp.RuntimeBinder",
                "CallSiteBinder",
                "GetMemberBinder",
                "GetIndexBinder",
                "ManagementObjectSearcher",
                "referrer",
                "CurrentUser",
                "blacklisted_by_user",
                "GetDelegateForFunctionPointer",
                "syncChangeCounter",
                "JavaScriptConverter",
                "Discover",
                "ToLower",
                "value_lower",
                "JavaScriptSerializer",
                "moving_blocked_for",
                "UnknownError",
                "IEnumerator",
                "ManagementObjectEnumerator",
                "GetEnumerator",
                "Activator",
                ".ctor",
                ".cctor",
                "IntPtr",
                "Graphics",
                "System.Diagnostics",
                "AddSeconds",
                "FromUnixTimeSeconds",
                "ToUnixTimeSeconds",
                "FromUnixTimeMilliseconds",
                "get_Bounds",
                "GetBounds",
                "System.Runtime.InteropServices",
                "System.Runtime.CompilerServices",
                "DebuggingModes",
                "Matches",
                "GetDirectories",
                "GetFiles",
                "GetSubKeyNames",
                "ReadAllLines",
                "get_SupportedTypes",
                "has_expires",
                "GetProcesses",
                "get_Attributes",
                "set_Attributes",
                "FileAttributes",
                "originAttributes",
                "SetAttributes",
                "GetBytes",
                "received_bytes",
                "total_bytes",
                "CSharpArgumentInfoFlags",
                "CSharpBinderFlags",
                "flags",
                "get_Ticks",
                "System.Threading.Tasks",
                "Equals",
                "System.Windows.Forms",
                "get_AllScreens",
                "Contains",
                "System.Web.Extensions",
                "System.Linq.Expressions",
                "System.Text.RegularExpressions",
                "System.Collections",
                "MessageBoxButtons",
                "get_Groups",
                "get_Chars",
                "RuntimeHelpers",
                "RegisterConverters",
                "possible_username_pairs",
                "FileAccess",
                "get_Success",
                "get_Is64BitProcess",
                "GetCurrentProcess",
                "GetProcAddress",
                "AmericanExpress",
                "Exists",
                "syncStatus",
                "generation_upload_status",
                "Concat",
                "ImageFormat",
                "DynamicObject",
                "ManagementBaseObject",
                "ManagementObject",
                "object",
                "Select",
                "Strict",
                "System.Net",
                "Target",
                "DateTimeOffset",
                "get_Height",
                "ProcessIsNot64Bit",
                "op_Implicit",
                "Split",
                "Exit",
                "get_Default",
                "IAsyncResult",
                "DialogResult",
                "ParallelLoopResult",
                "tsResult",
                "result",
                "ToUpperInvariant",
                "WebClient",
                "transient",
                "System.Management",
                "inBrowserElement",
                "password_element",
                "username_element",
                "submit_element",
                "Environment",
                "XmlDocument",
                "parent",
                "get_Current",
                "CheckRemoteDebuggerPresent",
                "iContent",
                "content",
                "is_persistent",
                "Point",
                "get_Count",
                "typed_count",
                "use_count",
                "foreign_count",
                "visit_count",
                "ThreadStart",
                "TrimStart",
                "Convert",
                "source_port",
                "Cast",
                "XmlNodeList",
                "ToList",
                "ArrayList",
                "rev_host",
                "MoveNext",
                "System.Text",
                "set_CommandText",
                "ReadAllText",
                "AppendAllText",
                "WriteAllText",
                "OpenText",
                "get_InnerText",
                "GetText",
                "SetText",
                "RegistryView",
                "get_Now",
                "Show",
                "TryGetIndex",
                "Regex",
                "MessageBox",
                "UnionPay",
                "InitializeArray",
                "ToArray",
                "frecency",
                "get_Key",
                "OpenSubKey",
                "OpenBaseKey",
                "RegistryKey",
                "top_frame_site_key",
                "host_key",
                "GetExecutingAssembly",
                "isHttpOnly",
                "is_httponly",
                "Copy",
                "LoadLibrary",
                "FreeLibrary",
                "expiry",
                "sDirectory",
                "CreateEntry",
                "ZipArchiveEntry",
                "Registry",
                "op_Equality",
                "op_Inequality",
                "priority",
                "IsNullOrEmpty",
                "is_same_party",
                "????",
                "$F935DC21-1CF0-11D0-ADB9-00C04FD58A0B",
                "$24BE5A30-EDFE-11D2-B933-00104B365C9F",
                "$41904400-BE18-11D3-A28B-00104BD35090",
                "FullName",
                "$F935DC23-1CF0-11D0-ADB9-00C04FD58A0B",
                "System.Object",
                "WrapNonExceptionThrows",
                "checker",
                "Copyright ",
                "  2023",
                "$1c913319-5ede-4fbd-bab4-3b47ad6bcd77",
                "1.0.0.0",
                ".NETFramework,Version=v4.8",
                "FrameworkDisplayName",
                ".NET Framework 4.8#",
                "Confuser.Core 1.6.0+447341964f",
                "_CorExeMain",
                "mscoree.dll",
                "RSDS",
                "Silk.pdb",
                "<?xml version=\"1.0\" encoding=\"UTF-8\" standalone=\"yes\"?>",
                "<assembly xmlns=\"urn:schemas-microsoft-com:asm.v1\" manifestVersion=\"1.0\">",
                "  <assemblyIdentity version=\"1.0.0.0\" name=\"MyApplication.app\"/>",
                "  <trustInfo xmlns=\"urn:schemas-microsoft-com:asm.v2\">",
                "    <security>",
                "      <requestedPrivileges xmlns=\"urn:schemas-microsoft-com:asm.v3\">",
                "        <requestedExecutionLevel level=\"asInvoker\" uiAccess=\"false\"/>",
                "      </requestedPrivileges>",
                "    </security>",
                "  </trustInfo>",
                "</assembly>",
                "@$A+B,C3E:JAQCRIS\\ThU",
                "b c%d%e'f'g'h'i<j<k<l<m<n<o<p<q<r<s<t<u<v<w<x<y<z<{=|=}=~=",
                "\\mozglue.dll",
                "\\nss3.dll",
                "SELECT creation_utc,top_frame_site_key,host_key,name,value,encrypted_value,path,expires_utc,is_secure,is_httponly,last_access_utc,has_expires,is_persistent,priority,samesite,source_scheme,source_port,is_same_party FROM cookies",
                "SELECT origin_url,action_url,username_element,username_value,password_element,password_value,submit_element,signon_realm,date_created,blacklisted_by_user,scheme,password_type,times_used,form_data,display_name,icon_url,federation_url,skip_zero_click,generation_upload_status,possible_username_pairs,id,date_last_used,moving_blocked_for,date_password_modified FROM logins",
                "SELECT id,url,title,visit_count,typed_count,last_visit_time,hidden FROM urls",
                "SELECT id,guid,current_path,target_path,start_time,received_bytes,total_bytes,state,danger_type,interrupt_reason,hash,end_time,opened,last_access_time,transient,referrer,site_url,tab_url,tab_referrer_url,http_method,by_ext_id,by_ext_name,etag,last_modified,mime_type,original_mime_type,embedder_download_data FROM downloads",
                "SELECT name,value,value_lower,date_created,date_last_used,count FROM autofill",
                "SELECT guid,name_on_card,expiration_month,expiration_year,card_number_encrypted,date_modified,origin,use_count,use_date,billing_address_id,nickname FROM credit_cards",
                "SELECT id,originAttributes,name,value,host,path,expiry,lastAccessed,creationTime,isSecure,isHttpOnly,inBrowserElement,sameSite,rawSameSite,schemeMap FROM moz_cookies",
                "SELECT id,url,title,rev_host,visit_count,hidden,typed,frecency,last_visit_date,guid,foreign_count,url_hash,description,preview_image_url,origin_id,site_name FROM moz_places",
                "SELECT id,type,fk,parent,position,title,keyword_id,folder_type,dateAdded,lastModified,guid,syncStatus,syncChangeCounter FROM moz_bookmarks",
                "SELECT id,place_id,anno_attribute_id,content,flags,expiration,type,dateAdded,lastModified FROM moz_annos",
                "SELECT id,fieldname,value,timesUsed,firstUsed,lastUsed,guid FROM moz_formhistory",
                "\\cookies.sqlite",
                "\\logins.json",
                "\\places.sqlite",
                "\\formhistory.sqlite",
                "\\autofill-profiles.json",
                "InstallPath",
                "SourceModInstallPath",
                "VS_VERSION_INFO",
                "VarFileInfo",
                "Translation",
                "StringFileInfo",
                "000004b0",
                "Comments",
                "CompanyName",
                "FileDescription",
                "FileVersion",
                "InternalName",
                "LegalCopyright",
                "LegalTrademarks",
                "OriginalFilename",
                "ProductName",
                "ProductVersion",
                "Assembly Version"
            ]
        }
    ]
}