{
    "malware_data": [
        {
            "filename": "404afd3c18b203aa9ce9f8f5f9b7a813fda0d2a322252cd28e002e142080a4f7.exe",
            "filetype": "4D5A9000",
            "filesize": "204KB",
            "hash_sha256": "404afd3c18b203aa9ce9f8f5f9b7a813fda0d2a322252cd28e002e142080a4f7",
            "strings": [
                "!This program cannot be run in DOS mode.",
                ".text",
                "`.rdata",
                "@.data",
                ".rsrc",
                "PWWW",
                "=D B",
                "rh8qB",
                "Qh8qB",
                "95hS",
                "=T B",
                "F;5hS",
                "h<<B",
                "=` B",
                "5  B",
                "=x B",
                "QhP<B",
                "h`<B",
                "VWuW3",
                "=d B",
                "=8 B",
                "tPxu",
                "_^[]",
                "jXh`?B",
                "YQPVh",
                "0SSSSS",
                "=4kB",
                "54kB",
                "SVW3",
                "X 9} ",
                "t/Ht",
                "9] t",
                "=@UB",
                "C YY",
                "-`QB",
                "-lQB",
                "@tH9",
                "%xQB",
                "WWWWW",
                "u+9u",
                "t+Ht",
                "PPPPP",
                "=$PB",
                "VVVVV",
                "<v8V",
                "8csm",
                "S99t",
                ">=Yt1j",
                "tPVWP",
                "Y[_^",
                "j\"@@",
                "@@Bf",
                "8\"u8",
                "j\\Yf",
                "t$9U",
                "QQSVWh",
                "@@f9",
                "jTh(@B",
                "j@j ^V",
                "[j@j ",
                "hd)B",
                "5(kB",
                "50kB",
                "hH@B",
                "t$hd)B",
                "FhpUB",
                "5,kB",
                "hp@B",
                "Y;=x[B",
                "5h B",
                "=$kB",
                "=(kB",
                "=,kB",
                "5$kB",
                "h J@",
                "Y__^[",
                "35HRB",
                "9csm",
                "=P=B",
                "t hP=B",
                "hHRB",
                "5HRB",
                "5LRB",
                "t&:a",
                "54 B",
                "ueSj",
                "@_^[",
                " VW}",
                "j?^;",
                "_VVVVV",
                "SSSSS",
                "80t.",
                "^WWWWW",
                "SQRP",
                "jdRP",
                "Wj0V",
                "|-;E",
                "0A@@Ju",
                "Fh=pUB",
                "=pUB",
                "to=X\\B",
                "Y_^[]",
                "h8AB",
                "Fpt\"",
                "=x[B",
                "N+D$",
                "QSVW",
                "hXAB",
                "hxAB",
                "Y_^[",
                "h}t@",
                "u,9E",
                "=`mB",
                "oV f",
                "o^0f",
                "of@f",
                "onPf",
                "ov`f",
                "o~pf",
                "0WWWWW",
                "AAFFf;",
                "URPQQh",
                "L$,3",
                "UVWS",
                "[_^]",
                "SVWj",
                "h{~@",
                "SSSSW",
                "@PWV",
                "WVU3",
                "u8SS3",
                "GWh(2B",
                "=tpB",
                "9] u",
                "5`!B",
                "9]$SS",
                "5d!B",
                "t)9]",
                "t\"SS9]",
                "5X!B",
                "FVh(2B",
                "5xpB",
                "9] SS",
                ";5`\\B",
                "v$;5|\\B",
                "PPPPPPPP",
                "uaVj",
                "uL9=",
                "h8BB",
                "wIVSP",
                "FVSj",
                "SVWUj",
                "]_^[",
                ";t$,v-",
                "UQPXY]Y[",
                "r\"9U",
                "9]$u",
                "<+t(<-t$:",
                "+t HHt",
                "h|;B",
                "u;ht;B",
                "u,hl;B",
                "*hd;B",
                "K<5}",
                "0K;]",
                "95xS",
                "5<!B",
                "WWWWV",
                "t<Vj",
                "t+WWVPV",
                "^_[3",
                "%T!B",
                "%:d-",
                "37gR]",
                "&Tuo",
                "1(>W6I",
                "nkfx",
                "x>Kw",
                "jSDe",
                "$$6rB&Pc",
                "-WaK",
                "3T4|",
                "49hS",
                "gm?8",
                "O4qK",
                "|oJ/",
                "71uC*",
                ")3=pZ",
                "+jTn_",
                "bk.I",
                "4E~?",
                "k55(",
                "A)_z=",
                "5;X|",
                "VE]5/",
                "(N$L",
                "1@-*",
                "L@,u",
                "7KXlG",
                "XijV",
                "cj6y",
                "O;/Z",
                "!BF?",
                "vqdXb",
                "|W>*k/",
                "+Mq[",
                "Ok_x",
                "IZn2",
                "(S;:",
                "-+0vk",
                "og=fZbX",
                "5,h@",
                ":ajGK",
                "`usb|",
                "htM;",
                "5yVN",
                "I?V5",
                "|AfS",
                "g]F$",
                "8>i;{",
                "z(:P+\"@Z~A",
                "90YNi ",
                "BLYp",
                ";3B-H",
                "{fU;",
                "r6j<",
                "!gL=",
                "^a}\" ",
                "1D)(",
                "70_?p",
                "dsD5",
                "cq:/",
                "{iCu",
                "; )f$",
                "CBR^",
                ">oYv",
                "~f|~",
                "%Paeu4",
                "Kxn$",
                "XdWr?",
                "ZsEy",
                "8s/.N",
                "_wqax4W",
                "Tn6N1",
                "Ek<(Q:e",
                "#TU)",
                "z]}%",
                "m8={_yN",
                "On(+",
                "VL?Ml3",
                "UZ;'",
                "E6z4br",
                ".kg.5",
                "EVY)",
                "E,&^6S",
                "qmrozZT",
                "=h:o",
                ")<^!",
                "QK^%",
                "22\\a",
                "1!&_",
                ">T>h",
                "/;sN",
                "&eO6",
                "z_J5",
                "D))EG",
                "gs#1",
                "+g$bh[",
                "e-2~",
                "Mbb/r%",
                "%>-CMku",
                "BCgsSn",
                "jSx-R",
                "xNaGF",
                "Z[=\\",
                "`gO+",
                "%cuzB",
                "'/r!(",
                "zA^h",
                "@#e#",
                "=\\\"m",
                "b z ~2",
                "dKA=M",
                "9Vn;A",
                "}B!@",
                "x{P>Z",
                "ui!B",
                "7ia'",
                ".bB+m",
                "frOT",
                "k;u\"",
                "\\+8~g",
                "G<`s",
                "+i;R",
                "19.]",
                "`:}(",
                "?3xV",
                "Jg3Y0\\FXu",
                "G+:u",
                "-_w#",
                "$Z;r",
                "qMc7",
                "z7P40",
                "15AB",
                "$t*~",
                "UXwIKtJ",
                "n `\\b",
                "`O&_H",
                "#k`@U",
                "<pP+",
                "nBE%",
                "s!qd(",
                "HA)\"",
                "4DbC",
                "{dwp",
                "~l>1",
                "g9JZ",
                "luJ'",
                "0\\'P",
                "s&rJ8/t4h",
                "<-\\,S",
                "ySj$",
                "?m:F",
                "#oY_",
                "*WD=,",
                "5pkF",
                "%-9KoF",
                "RcTvp'9",
                "L<lW",
                "u_E]",
                "N\\k\\",
                "(?\"g",
                "JsN#_",
                "pASF'",
                "O6g(q~",
                ">|; ",
                "Gv{ ",
                "{\"{Q[",
                "y{rm",
                "xAJ&",
                "$-*}@",
                "!_wXW",
                "YZ-k",
                "{-9m",
                "bTMH",
                "CJF@",
                "vz$U",
                "IG%N",
                " @,\"",
                ">QX^",
                "0mMF'`",
                "n/f ",
                "3t2,",
                ";P1N",
                "j{1UQ>",
                "YS1'",
                "1AA?",
                ".>6V1",
                "xvt2",
                "sy{s",
                "z`f>n",
                "pT2r",
                "==>5SAVj",
                "A3dd",
                "A|Y5",
                "sd~s",
                "TKjq",
                "KE<G",
                " ;LB",
                "-6\"p,",
                "/;uH",
                "QGZN0",
                "&wk-",
                "Imzg",
                ";9xl",
                "j<fpd",
                "{?KD",
                "6SNL#y",
                "1-=}",
                "Wz0yq",
                "va=9",
                "-#\"d",
                "6`qx",
                "Mf(NMp",
                "w.vru",
                "yYyd0TV",
                "uPAZ",
                "(+E1J'e",
                "QO#!",
                "OB]g",
                "2V4`",
                "8zxEE",
                "Z%>~gz1",
                "53nE_",
                "cQa\"`",
                "FwLz",
                "1zx_",
                "[V\\_",
                "O^/5",
                "0$,n/~",
                "g6bo&",
                "oO)gp",
                "2|g ",
                "t,c5",
                "_I/8",
                "4N=D",
                "Bj))",
                "i>1aY%;",
                "uLNF",
                ">T29",
                "K*9e=<",
                "\">:8C",
                "9an%@;",
                "8YoU&L",
                "d%S/",
                "Ff%|\\",
                "Egl4",
                "L^BmH5h}",
                "HM)7",
                "f_7V\"oD",
                "'\\+W",
                "U_D\"",
                "%Qbh",
                "&(fL",
                "QL=C",
                "SdW ",
                ":vLcE%v",
                "WhqB",
                ")|Vi",
                "jt\")",
                "Cy!E",
                "rxfc",
                "IM/)",
                "En%W",
                ":M95",
                ";t5O",
                "%7J,V",
                "I>*r",
                "tCW{",
                "lN_Z",
                "x)<P",
                "FXz\"",
                "%8sRFx",
                "RDU(E",
                "0co1",
                "R(N^",
                "H0M$[",
                "Tjp'h",
                "8YPvL7",
                "$]S}VK",
                "qud: g",
                "o,+y",
                "I:MB",
                "SdT/",
                "u4<!",
                "Rxj4",
                "z_jxM",
                "sE&k5",
                "`'f+",
                "?S.B",
                ";=,K",
                "IP/w",
                "XM+i",
                "66?X",
                "D|T`",
                "6v!o\"",
                "\\b6;",
                "8Tp,",
                "mJa/",
                "$-0g,A",
                "54)|",
                "$0hh",
                "Aqjg",
                "8Fq|",
                "h#Uxd\\",
                ",+hl",
                "</Op",
                "yOr=",
                "? 37",
                "H?#U",
                "D1]R",
                "fX{@",
                "k _(",
                "UgeH",
                ")sU@R",
                "[0mjCa",
                "5Zl+",
                "G_BV",
                "%<J&",
                "TiuA%",
                "_-~6",
                "\\C<s",
                "qc],",
                "Idh.",
                "<c.wo",
                "-Vg~M",
                "!j \"M",
                "cM%T",
                "!:X!",
                ")1C!",
                "RYV$",
                "#j1Bsy",
                "s&cG",
                "a8;j",
                "H<(@",
                "K29}",
                "'vuA",
                "j(<8",
                "]BaK",
                "'eKM",
                "I>heF",
                "='$T",
                "G@h,",
                "4hZ*",
                "duHm",
                "U*,|",
                "^23N",
                "|oLo4}s",
                "^D|I&s",
                "++D;",
                "ZG'Gbpp",
                "=Vt4",
                "{lNi",
                "dW{&h",
                "jK0O",
                "Z93 ",
                "ie_)",
                "Zd{/",
                "9r#|9i",
                "LL3b",
                "wE SR",
                "51JD",
                "MMsmT",
                "v-a:",
                "fm:m",
                "E&F5",
                "kLk}J",
                "z=/i`",
                "@mVQ",
                "h/6'g",
                "lUn@y",
                "D;M_\"g",
                "qOR?",
                "\\aqO",
                "^E>q",
                "!l&6",
                "9!~5",
                "(}:8i@#`&",
                "\")E!",
                "AT?b",
                "%hj0L",
                "0~NJ",
                "F$,Z",
                "ASYD",
                "g,?(  ",
                "Uep!d",
                "x4~(0",
                "\"Kn\\~e2W",
                "{).7",
                "f[>zg",
                "fyeC",
                "2'r-",
                "Yhp%",
                "//^(",
                "w\"wb'",
                "!SR{",
                "dB7D",
                "Yt]T",
                " }m6",
                "W(DP",
                "ME0v",
                "v)Y9_",
                "HCZw",
                "M#ZL9P",
                "\"18;",
                ";{3R",
                "Rs}mx+",
                "o'W)1",
                "qDr]",
                "6h=e~fM",
                "W:5b",
                "JhiG",
                "_r~&C",
                "u\\O'",
                "Vt^.",
                "IU>r>",
                "^OI.",
                "1U.D",
                ">ebJu",
                "5rN{",
                "mK'6L",
                "uv1j0e]8",
                "$F\"P",
                ";jt+",
                "FmAH",
                "{ xJO",
                "=ezW",
                "G@,x",
                "j*-6",
                ";j.nD",
                "IGo+N",
                "m#dm",
                "oR+L HP",
                "ksvM",
                "VYp~",
                "c)uf",
                "]dI+_",
                "iwG]z_X",
                "?a`b|u",
                "z't:",
                "Wq=x",
                "`!fJ",
                "EpN-",
                "qrE!",
                ":9Zn",
                "?E}/",
                "aZrZ[o",
                "[-g8",
                "/'=+:j",
                "2P[\"",
                "e3_^Z",
                "*ee0",
                "|gqs",
                "&vxJ$",
                "@2g:",
                "(huDP",
                "*Q4Q!6",
                "s1}W&",
                "//9,",
                "x^4&",
                "dOH&",
                "<!<d",
                "51m#B",
                "Q)dn",
                "D{'4\"",
                "zg(R",
                "*lUb",
                "do(D",
                "}P\\6V",
                "6YW}5",
                "=4:|",
                "<`Qj",
                ")QG?\"",
                "K;7o\\",
                "2)$f",
                "&ev}",
                "`0Y ",
                "gjfT",
                "Z.w[o",
                "~STY",
                "d2.M",
                "U(kE",
                "0iX(OA",
                "? #i",
                "d$DA`",
                "G+ApZ$",
                "Wg2=",
                "p|aS",
                ",QYP",
                "'Us|",
                "89|q3",
                ";]wi",
                "J(|w",
                "dSy9",
                "#8bG",
                "NecA",
                "[R,LfvVQ",
                "c{>7",
                "GloQ;l",
                "{B6v",
                "/7ZO",
                "R]0Gl",
                "L]95",
                "t\"5+#",
                "XI[6",
                "oYi[|",
                "`BvO",
                "oz0'<i0",
                "?pOA",
                "3&jl",
                "rk]c",
                "shLs",
                "[6c2QL<",
                "\"\"$I",
                "0]IXB",
                "wBBj",
                "3r^3[;",
                "K8tS",
                "I59~.D",
                "[wK08f",
                "<(o3^^",
                "-rRc",
                "KC7T",
                "[UZ7F=",
                "5MNa",
                "$uw%H",
                "+]}u1",
                "Qv% ",
                "Yx'@o",
                "F&\"9",
                "vMB0",
                "'\"EP",
                "c`cL",
                "u'LZ",
                "1As4;g",
                "tJdT",
                "@]6=",
                "G9\"B",
                "ct9m",
                "J5iq",
                "I`\"P",
                "I:Iw=+",
                "\\a$hfw~",
                "iVq9",
                "-c]x?x",
                "n2O](",
                "kIkO",
                "|iGL",
                "p(HQ Uiq",
                ",@B!",
                ",YNQ",
                ",vL-",
                "]R:%",
                "AqL\"",
                ":}oc",
                "55)m",
                "= Hiq",
                "\\l/\"",
                "-kZ{",
                "'P=a",
                "Y5ad",
                "Zq<V",
                "I-x(",
                "!197",
                "0bXz",
                "7|co",
                "+;*`",
                "-go>B",
                "~t|\\",
                "VK@>l'",
                "RRni",
                "e[jl",
                "id}Aa",
                "n>D3",
                "+Av0",
                "93>a",
                "`K7K",
                "..b]",
                "{PTo",
                "AbW1",
                "|sB3",
                "F~*0",
                "uvZ~",
                "V:v|",
                "r\\g=",
                "4om[-",
                "EcB,",
                "UA^`O",
                "ZFliV",
                "ftjk",
                "V?n,y",
                "0do~(X",
                "g8 %",
                "mYd5",
                "/8TI",
                ")VN.-v",
                " MrR",
                "82T#",
                "<ME3",
                "\"?S~1|",
                ";+)C",
                "_<#r",
                "t<Ml",
                "m>!c",
                "zAZp",
                "&leN ",
                "j04;",
                "d$i0/",
                "D_dsH",
                "y<utA",
                "]`A'",
                "]rMP",
                "Zooh",
                "YWei",
                "DhQG",
                "ZtMq",
                "QK|Q",
                "=1:`",
                "|duc",
                "CY.q",
                "UXBT",
                "IhCq",
                "77fAK",
                "G1_$",
                "'_2ne",
                "XLHum",
                "%cn!T",
                "2XqR",
                "Wbjw<C",
                "+LRL",
                "$~a8?M7",
                "'+eU",
                "J4<W",
                "\"p]Q",
                "S3.XG",
                "@pA1",
                "A,tR",
                "*cAE",
                "CG9%j",
                ")(vH",
                "b2>e",
                "'XyB",
                "gqaM",
                "($?K5",
                "N5Dnk",
                "Cc_c",
                "-1ZC",
                "S$!;",
                "; Gi",
                "cNH,",
                "lf/r ",
                "f9CmC",
                "?>Psi",
                "zkw%",
                "/h/3U",
                "?gk6",
                "@F+:,",
                "jI^V",
                "t!a)nlded",
                "afx8",
                "85JM",
                "HE}`",
                "{o]hmT(",
                "/R3bUJ`",
                "3)4K",
                "T5^8",
                "XX<i",
                "oZZ:V",
                "&<|/",
                "DT\\r",
                "L5.g",
                "\"?_V",
                " S}Q",
                "S1MM",
                "$CQA",
                "eAaw",
                "EW/x",
                "i@j|>",
                "gEx=",
                "6h_gj",
                "Cg1t",
                ")HcI5",
                "ER;z",
                "E^+v",
                "\"Kh>",
                "\"1?\"",
                "@AX#",
                "JZmj",
                "PT&9",
                "9ic4",
                "QMJEVj",
                "3G}U",
                "+VO{R",
                "dT)W",
                "n-h%",
                "qUe4g[",
                "*N;s",
                "|!)=",
                "s+?-",
                "A)y7",
                "M[UZ",
                "fgN&",
                "hdE-",
                "3VFT",
                "e+s<",
                "r 0(",
                "h(5j",
                "\"{c_",
                "\"AI@",
                ".ccq",
                "`Ej3p",
                "!wOT",
                "-,7V",
                "_(Tm",
                "^GW8",
                "LC0y",
                "@Oeg%",
                "9.YKj",
                "}{ y",
                "?,ik",
                "=@qS3",
                "ok|\"c@[",
                "%]3P]",
                "1B!:C#",
                "~a\"(G",
                "<L fA",
                "< #7&",
                "'\"'o",
                ",Lp*",
                ")9*{",
                "#,/l",
                "eq,[",
                "Kt@L",
                "h'ZU",
                "MPH*",
                "n~^~H",
                "O\\Z2",
                "/#\\6",
                "-3(/",
                "i=i{",
                "dJwQ",
                "7Q<j",
                "(*#bB",
                ".R\"o*",
                "uTh`L",
                ",9\"x",
                "7%ne",
                "X*Jl",
                "!yG:p",
                "~W#o",
                "hJ/zJA+",
                "HUHtj",
                "T}y_",
                "5{y,",
                "`jc-&",
                "/Z=<6",
                "6Rsy@Y`",
                "Jg8@",
                "Kz[K ",
                "~\"T#",
                "Uj.S",
                "IHpe'$",
                "AvF{",
                "eR*^,",
                "4h[<J",
                "8]HB",
                "tH#-",
                "L2sd",
                "k#\\{Mh",
                "qi~|,?",
                "]1rc",
                "\\#OD3",
                "H.W+",
                ") fl",
                "A/sGr\\",
                "BZ;{",
                "o`Rs",
                "/yk]",
                "(u|8",
                "u2)\\K",
                "?DQw",
                "y{Qs",
                "~c6[",
                "Q<`s",
                "3qO5",
                "D>->",
                "ZI)7",
                "wXVx",
                "B'W8",
                "jgKIa",
                "%\\H(h",
                ",n4c",
                "Z,5%",
                "&$nx",
                "xCj|",
                "s ol",
                "180l",
                "A)6>",
                "O{CCO",
                "0(F=",
                "[OZ3",
                "=5NB",
                "rLaD1",
                "}{~s",
                "Pp>$",
                "0QDk",
                ".%&QG",
                "^?oT",
                "-Eb$G",
                "pdc/i",
                "67t##",
                "^9E3ih",
                "(?ft",
                "S%cjK",
                "?d%u",
                "pf^|",
                "=u2.[",
                "+>?,",
                "k|Uu",
                "~Px*",
                "0M)+",
                "BpVP.7",
                "iSCV",
                " \"(^",
                "*l9q%",
                "Ikl,i",
                "#u{ U",
                "w,w+d",
                "B$-v-4G Kp",
                "DR>ct",
                "keTWW",
                " cUw",
                "*cL5",
                ")S4|",
                "O>E^",
                "g@28",
                "A.(f",
                "H/uTj|",
                ";K-t",
                "9|(1",
                "2x@x",
                "sXM0)",
                "&mA~",
                "AL[B",
                "B]/|",
                "sI1h",
                "%QGB",
                "auE#",
                "k~nS",
                "mZL|",
                "jQ`(",
                " 1<yx",
                "ppx[W",
                "?Q+4",
                "'#(c",
                "35K(",
                "\\F!X",
                "|BE {",
                "+6qH",
                "P=I3",
                "JhScV",
                "KtwN",
                ":`f?qk",
                "rB]?",
                ".WQO(",
                "}k+d",
                "2>BX",
                "K\\]#",
                "2 |r",
                "o;qD_",
                "0dP)",
                ")I#NES",
                "h f[d",
                "4=mk[@",
                "1V1-",
                ")'ta-u",
                "SiuK",
                "e-Mi",
                "XvO6",
                "va\\=",
                "sSjG",
                ",qrv_",
                "m']N",
                "[ 2Gr",
                "gz}:",
                "_df`",
                " ZqQ",
                "|B1qR",
                "c~y\\",
                "g/z}",
                "Q$(Fn`w",
                "x\\uQ",
                "7>K}d",
                "iE:W",
                "^<y^",
                "\\[3nR^",
                "nZ9lO",
                "Iwg9",
                "MaFW{",
                "tc<{",
                "sfI?",
                "$,W`",
                "D/+m[",
                "116|",
                "IrdM",
                " Qs ",
                "LyHU",
                "j{Uy",
                "_$t7C",
                "sXC}Y",
                "2xTu",
                "4x*g",
                "?+C)",
                "X|OW",
                "NkT\"f#|",
                "r'q{",
                "zk`Egn",
                "9l82",
                "|\"Ge",
                "FF5dR",
                "X<Nl",
                "\"}RI",
                "]\\~\\",
                ":G@SI",
                "*G\"1",
                "&e%n",
                "i4QYI",
                "V Osb",
                "1QLt",
                "Dxv#",
                ",Anj",
                "&z[-",
                "qxe`",
                "X:<f",
                "N5sW",
                "-`?]",
                "Ftx\\",
                ";XpZ",
                "PpW#",
                "Vm'e.n",
                "r=-|",
                "SeV0",
                "Io?f",
                "CMg+yB",
                "wNR '3|1",
                "yS$+",
                "4\",~",
                "(V\\F",
                "`QNr",
                "ntT7",
                "F^:N",
                "-GkH=r",
                "3AZr",
                ")F?o;n",
                "d]i+",
                "D2^yf",
                ";|rGUmC",
                "0E+d",
                "KP q)",
                "n\">r",
                "*&Ih",
                "7{&wa[",
                "sbx+",
                "6Gm/",
                "@h:|#",
                "h<XT`vD",
                "B/oZr",
                "sXBH",
                "(@- ",
                "3Amy",
                "$-/}7p",
                "JE_c",
                "%BstK",
                "*\\{u",
                "M~)?jN",
                "2U!dD",
                "\"g0n~",
                "[,y)N6",
                "J-^`",
                "kfYv",
                "c/}#",
                "z|7N",
                "pympB<7",
                "ZkQxJ",
                "O*gYbO",
                "Cx?0",
                "Ap?1",
                "4-!A",
                "FO0|",
                "o3vZcD",
                "+WN4p,",
                "l[f9uQ",
                "c$? ",
                "Cqu,",
                "Ac,}\\",
                "jx2s",
                "ZASxM",
                "V?fWg5x",
                "w!w>",
                "R1g7Y",
                "A\\D|",
                ",dm&T",
                "O@WIy",
                "u7y8",
                "^nfl",
                "fU|9",
                "QQSVWd",
                "@_^]",
                "=MOC",
                "=csm",
                "~SSV",
                "j,h CB",
                "~@;H",
                ">csm",
                "hHCB",
                "taSV",
                "YYPV",
                "t)SV",
                "hhCB",
                "Hu4j",
                ">MOC",
                "s[S;7|G;w",
                "9>u&",
                "YYh`=B",
                "tR99u2",
                "r,9Y",
                "@_^[]",
                "bad allocation",
                "Unknown exception",
                "_nextafter",
                "_logb",
                "frexp",
                "fmod",
                "_hypot",
                "_cabs",
                "ldexp",
                "modf",
                "fabs",
                "floor",
                "ceil",
                "sqrt",
                "atan2",
                "atan",
                "acos",
                "asin",
                "tanh",
                "cosh",
                "sinh",
                "log10",
                "CorExitProcess",
                "runtime error ",
                "TLOSS error",
                "SING error",
                "DOMAIN error",
                "R6034",
                "An application has made an attempt to load the C runtime library incorrectly.",
                "Please contact the application's support team for more information.",
                "R6033",
                "- Attempt to use MSIL code from this assembly during native code initialization",
                "This indicates a bug in your application. It is most likely the result of calling an MSIL-compiled (/clr) function from a native constructor or from DllMain.",
                "R6032",
                "- not enough space for locale information",
                "R6031",
                "- Attempt to initialize the CRT more than once.",
                "This indicates a bug in your application.",
                "R6030",
                "- CRT not initialized",
                "R6028",
                "- unable to initialize heap",
                "R6027",
                "- not enough space for lowio initialization",
                "R6026",
                "- not enough space for stdio initialization",
                "R6025",
                "- pure virtual function call",
                "R6024",
                "- not enough space for _onexit/atexit table",
                "R6019",
                "- unable to open console device",
                "R6018",
                "- unexpected heap error",
                "R6017",
                "- unexpected multithread lock error",
                "R6016",
                "- not enough space for thread data",
                "This application has requested the Runtime to terminate it in an unusual way.",
                "R6009",
                "- not enough space for environment",
                "R6008",
                "- not enough space for arguments",
                "R6002",
                "- floating point support not loaded",
                "Microsoft Visual C++ Runtime Library",
                "<program name unknown>",
                "Runtime Error!",
                "Program: ",
                "EncodePointer",
                "DecodePointer",
                "FlsFree",
                "FlsSetValue",
                "FlsGetValue",
                "FlsAlloc",
                "e+000",
                "GAIsProcessorFeaturePresent",
                "KERNEL32",
                " !\"#$%&'()*+,-./0123456789:;<=>?@ABCDEFGHIJKLMNOPQRSTUVWXYZ[\\]^_`abcdefghijklmnopqrstuvwxyz{|}~",
                "GetProcessWindowStation",
                "GetUserObjectInformationA",
                "GetLastActivePopup",
                "GetActiveWindow",
                "MessageBoxA",
                "USER32.DLL",
                " Complete Object Locator'",
                " Class Hierarchy Descriptor'",
                " Base Class Array'",
                " Base Class Descriptor at (",
                " Type Descriptor'",
                "`local static thread guard'",
                "`managed vector copy constructor iterator'",
                "`vector vbase copy constructor iterator'",
                "`vector copy constructor iterator'",
                "`dynamic atexit destructor for '",
                "`dynamic initializer for '",
                "`eh vector vbase copy constructor iterator'",
                "`eh vector copy constructor iterator'",
                "`managed vector destructor iterator'",
                "`managed vector constructor iterator'",
                "`placement delete[] closure'",
                "`placement delete closure'",
                "`omni callsig'",
                " delete[]",
                " new[]",
                "`local vftable constructor closure'",
                "`local vftable'",
                "`RTTI",
                "`udt returning'",
                "`copy constructor closure'",
                "`eh vector vbase constructor iterator'",
                "`eh vector destructor iterator'",
                "`eh vector constructor iterator'",
                "`virtual displacement map'",
                "`vector vbase constructor iterator'",
                "`vector destructor iterator'",
                "`vector constructor iterator'",
                "`scalar deleting destructor'",
                "`default constructor closure'",
                "`vector deleting destructor'",
                "`vbase destructor'",
                "`string'",
                "`local static guard'",
                "`typeof'",
                "`vcall'",
                "`vbtable'",
                "`vftable'",
                "operator",
                " delete",
                " new",
                "__unaligned",
                "__restrict",
                "__ptr64",
                "__clrcall",
                "__fastcall",
                "__thiscall",
                "__stdcall",
                "__pascal",
                "__cdecl",
                "__based(",
                " !\"#$%&'()*+,-./0123456789:;<=>?@abcdefghijklmnopqrstuvwxyz[\\]^_`abcdefghijklmnopqrstuvwxyz{|}~",
                " !\"#$%&'()*+,-./0123456789:;<=>?@ABCDEFGHIJKLMNOPQRSTUVWXYZ[\\]^_`ABCDEFGHIJKLMNOPQRSTUVWXYZ{|}~",
                "HH:mm:ss",
                "dddd, MMMM dd, yyyy",
                "MM/dd/yy",
                "December",
                "November",
                "October",
                "September",
                "August",
                "July",
                "June",
                "April",
                "March",
                "February",
                "January",
                "Saturday",
                "Friday",
                "Thursday",
                "Wednesday",
                "Tuesday",
                "Monday",
                "Sunday",
                "1#QNAN",
                "1#INF",
                "1#IND",
                "1#SNAN",
                "SunMonTueWedThuFriSat",
                "JanFebMarAprMayJunJulAugSepOctNovDec",
                "Jahuk",
                "ninolizavijas",
                "bad exception",
                "RSDS",
                "C:\\radumes\\begogeji yetucok7\\zokofetedeb_jitucaxo.pdb",
                "GetComputerNameA",
                "GetNativeSystemInfo",
                "FindFirstChangeNotificationW",
                "WriteConsoleOutputCharacterW",
                "GetConsoleAliasesLengthW",
                "GetLocaleInfoA",
                "WriteConsoleOutputCharacterA",
                "InterlockedDecrement",
                "QueryDosDeviceA",
                "InterlockedCompareExchange",
                "SetComputerNameW",
                "GetComputerNameW",
                "GetTickCount",
                "VirtualFree",
                "GlobalFindAtomA",
                "LoadLibraryW",
                "SetCommConfig",
                "SetConsoleMode",
                "GetConsoleAliasW",
                "GetWriteWatch",
                "WriteConsoleW",
                "SetComputerNameExW",
                "SetThreadPriority",
                "GetStartupInfoA",
                "GetLastError",
                "SetLastError",
                "GetProcAddress",
                "VirtualAlloc",
                "InterlockedExchangeAdd",
                "LocalAlloc",
                "CreateHardLinkW",
                "TransmitCommChar",
                "AddAtomW",
                "FindFirstVolumeMountPointA",
                "GetModuleHandleA",
                "IsDebuggerPresent",
                "GetStringTypeW",
                "GetCurrentProcessId",
                "SetFileAttributesW",
                "DeleteFileA",
                "lstrcpyA",
                "KERNEL32.dll",
                "GetCharABCWidthsFloatW",
                "WidenPath",
                "GDI32.dll",
                "SetKernelObjectSecurity",
                "ADVAPI32.dll",
                "ShellAboutW",
                "SHELL32.dll",
                "UnhandledExceptionFilter",
                "SetUnhandledExceptionFilter",
                "GetStartupInfoW",
                "HeapAlloc",
                "HeapFree",
                "RaiseException",
                "GetModuleHandleW",
                "Sleep",
                "ExitProcess",
                "WriteFile",
                "GetStdHandle",
                "GetModuleFileNameA",
                "TerminateProcess",
                "GetCurrentProcess",
                "GetModuleFileNameW",
                "FreeEnvironmentStringsW",
                "GetEnvironmentStringsW",
                "GetCommandLineW",
                "SetHandleCount",
                "GetFileType",
                "DeleteCriticalSection",
                "TlsGetValue",
                "TlsAlloc",
                "TlsSetValue",
                "TlsFree",
                "InterlockedIncrement",
                "GetCurrentThreadId",
                "HeapCreate",
                "QueryPerformanceCounter",
                "GetSystemTimeAsFileTime",
                "LeaveCriticalSection",
                "EnterCriticalSection",
                "HeapReAlloc",
                "GetCPInfo",
                "GetACP",
                "GetOEMCP",
                "IsValidCodePage",
                "LoadLibraryA",
                "InitializeCriticalSectionAndSpinCount",
                "RtlUnwind",
                "LCMapStringA",
                "WideCharToMultiByte",
                "MultiByteToWideChar",
                "LCMapStringW",
                "GetStringTypeA",
                "HeapSize",
                ".?AVexception@std@@",
                ".?AVtype_info@@",
                "                          ",
                "abcdefghijklmnopqrstuvwxyz",
                "ABCDEFGHIJKLMNOPQRSTUVWXYZ",
                "kU'9",
                "HMXB",
                "?Zd;",
                "?/L[",
                "S;uD",
                "z?aUY",
                "D?$?",
                "U>c{",
                "zc%C1",
                ".:3q",
                "-64OS",
                "NKeb",
                ".?AVbad_exception@std@@",
                "&yyy",
                "&&yyy1)",
                "&&yMf)",
                "(V8I",
                "----",
                "----Y",
                "?yy|'",
                "IO8U",
                "66666666",
                "}OSU",
                "..UL",
                "vvvvvvvvvvF",
                "}}}GGGGGGGGGGG}",
                ";;;;;;;;;;",
                ";;;;;;;",
                "..vo\\",
                "UUUU",
                "\\a;;;;;;",
                ";;;;;",
                ";;;;",
                "***+",
                "[[[[nn[[[[[",
                "IlUU",
                "22222222222",
                ";;2;22;2;22@",
                ".;;;;;;;;;;;Z",
                "U.cr",
                ";;2;;2;2;.",
                ";;;;;;;;2<",
                ";;2;2;;2nkI",
                "CUUU",
                "Yg|+",
                "888888888888888",
                "]]]]]]]]x",
                "!88888!J",
                "aVVV",
                "U88888",
                "88888",
                "TTTTTTT",
                "8888f|",
                "<<<<",
                "vf66|iiqqqf",
                "vfff|",
                "q65<<",
                "65<<",
                "OOOOO",
                "2<<<",
                "qqqq",
                "}}}}",
                ",<<<<<<<<<",
                "l<<<<<<<<<<<<<<<<<<<<<<<<<<<<<<<<<<<<<<<<<",
                "|{|~}",
                "{~z{{",
                "{~}|}|",
                "}~~}",
                "|~{{",
                "||y{{",
                "~{|}",
                "~~{|~",
                "~|}z",
                "~|~{",
                "y|~~",
                "{}~{",
                "~||{",
                "z{}|",
                "}|||",
                "|~{}",
                "~~|}",
                "zz{}|",
                "{~|||",
                "||~~~{",
                "}}|}",
                "}{~|",
                "~{{}",
                "~}|{}",
                "}|z}",
                "}{}}",
                "~|~}~~}",
                "}~z~}",
                "|~~{",
                "{y||~",
                "~z|{",
                "~|{|",
                "}}}~",
                "z|{|y~",
                "||}~~}",
                "||{z|",
                "~}}z",
                "{}{~",
                "}}}{|~",
                "{|}~",
                "|~z|",
                "}zy~",
                "y||{",
                "|~{y~",
                "{}|||",
                "}|{{|",
                "~}{|",
                "|~|{z",
                "|{zz",
                "|y{|",
                "~~}y~",
                "}zy|",
                "y{z|",
                "{{~}",
                "}{z~",
                "~|~|{",
                "{{|z",
                "|~~~",
                "}|}|",
                "y{~~",
                "{|}z",
                "}z~~|~",
                "||~~}",
                "{}|}",
                "~~~zy",
                "}|{}}||",
                "~z}|",
                "~~~~",
                "~|{||",
                "{~~~|",
                "{}||",
                "{~z|",
                "{}}|",
                "{|z~",
                "|{}y",
                "|~~|",
                "~~|z}",
                "{z{}z",
                "z{z}}",
                "|~}}}",
                "}~{z",
                "~~z~z",
                "~~{}",
                "~|||}",
                "z}~|",
                "{~{~",
                "}}y}z",
                "~}|{",
                "{~|~|{}",
                "|}}|",
                "{~|{~",
                "||{~",
                "{{y~|",
                "|~~{|",
                "~||z",
                "~{z~{",
                "|~~}",
                "~~||",
                "}~{|{",
                "}~}||}~",
                "~~||}",
                "|z{z",
                "}{}{",
                "{~{{",
                "{}~|",
                "}~}~",
                "|~|~",
                "}~~{",
                "}||}y",
                "zyz}}|",
                "~|~y}}{",
                "}z}}",
                "{{{|}{",
                "}z|}",
                "~z~{}~",
                "|~|~{",
                "{~|z",
                "}~{|",
                "z~|y",
                "~}}{}}}",
                "~~~|~",
                "|z}}",
                "~}~~~",
                "|}|{|~~",
                "}{}~",
                "}~}}",
                "z{{{|}",
                "{|~~",
                "|{~}y}",
                "{}~zz~",
                "z||z|",
                "|}~z",
                "z}}z",
                "{|}|",
                "}z|{|z",
                "{}~~",
                "z~z~",
                "}{~~",
                "{|~|}",
                "~~}|",
                "}{{~",
                "~||}|",
                "~|{}",
                "z|~|",
                "z{{~~",
                "|~|}",
                "z}~~}",
                "~}}}",
                "y}|{z",
                "~{~~~|}",
                "~}}}|",
                "z{|z{",
                "~z}z}~z|",
                "|~|{~",
                "|}z|z",
                "||~|",
                "4m%4",
                "|qff",
                "JR#8J",
                "oq=U88b#!",
                "S=U#bbR",
                "bUp#{",
                "8UEUUbf",
                "^^ppb",
                "^EppUf",
                "`pp}",
                "ofRpgpg",
                "`)pg^",
                "2)g}",
                "KK!2",
                "f#`vX",
                "*8oTb2",
                "Fnb/",
                "@@/E",
                "Na86",
                "v,,8",
                "oJY@N",
                "X4q#v//",
                "$!YY,",
                "^4q=",
                "[/,,",
                "@N//",
                "Y@//,}",
                "[,,_6q!",
                ",,*S",
                "46F6",
                "Py4n",
                "qqfS",
                "rV,&",
                "wwww",
                "+++++rr",
                "rrrrw",
                "iiiix",
                "n==\"=",
                "}:eK}",
                "s\"Bg",
                "9}/99",
                "KT;_",
                "&%%P",
                "'q}V",
                "VWW`",
                "V%Tx",
                "2q:3",
                "BKMqB",
                "q!B//",
                "xxx    ",
                "~~~~~~",
                "Bjjjjjj",
                "Bjjj",
                "jjjjj",
                "mscoree.dll",
                "KERNEL32.DLL",
                "         (((((                  H",
                "         h((((                  H",
                "                                 H",
                "kernel32.dll",
                "hucacepewikuludav",
                "tucapelan",
                "nocisaneyuwajilegiyekufesezi",
                "zebemosijoc kigafigufujocixotihojevekimoyuge",
                "msimg32.dll",
                "voyapamujopemopubefetexo",
                "VS_VERSION_INFO",
                "StringFileInfo",
                "042904E2",
                "OriginalFilename",
                "Negative",
                "ProductName",
                "Same",
                "ProductVersion",
                "24.91.30.15",
                "VarFileInfo",
                "Translation",
                "]Wejeyoxikeboci royawoxuruhi remenivoxiporuz cibehefidimo vidogawosa piw codidoluhododar munubCRoxox xafiron tekederucom mejasopab lehu zezecuvuwotul tudexikozafa\\Zisipoxafurusay dilimikepiwina xaxoyihiti gewegivamiveti bohusamireti xivokemopotogut vememoWKerabemulile xobu jitagaxoviko rif jafolemayivafe luluzowifuma foxos gucotapo dujupuduv",
                "dMotehed garusoxovupo tate jucul wetakajito pasepicato codahobimuk puruwenehupedi pekegucixato yeyiba(Gepeh xagik jadozodadu rewuc cipidixayak",
                "OPaliterow vapasasodanak samiyifugujas zahujamebomomob zuziyoyise gexahabacufezi",
                ";Zebajigimacewo juxicejehi yozizid fofowifaro lowufejogowaho$Sobaro cetiyocevugax zafudowohopapapXCanamih teloyisag murotiticuze bizekapa wuhu hokukoc jasarabisirupe sedaged gocimuzokohu",
                "Nuxejutofi modi",
                ";Tog zeyabuvahiceri pawud wapitepisi tin pir xodimituxof dot7Karusego xirijebubeboba zopeteva mahuzopefud juxor ruza;Pem kafinahon juhure celari remelevoh bekeruwociwav xohomub",
                "Hehitajuguc jen howcGoxazuvicop licoyiku kaxavimewo yosucizeseh cewinezis sebosizukoku tecolomuwefepi kujekota xokenunu@Makege zapupigazawem yuhugemebehu nupaxofamere cijexewo zopafamuHXevukireroba vujarewoxupoke jajahugozikalu gidojuyow vaw vukucu nujamesa.Cafaxodalicine defacele vifozizis baluhivazukeqFakococofozuvo fuzunelinaxohi keyivexu gacebip dusexiv vicoyi bucotewemowon rucuwisafu wumawabali jaworukonadumeg",
                "Vicu",
                "Duwin funukemuhavon",
                "Zozi lavotewucay pomomuzocu",
                "Yazezaxahigesas xukegugudenigi$Dicidokaka likap falonubomojajuz gol+Judesidebaxo tuxurit cibayi xocureveyoxahoz",
                "SobekuxezedoxanfPucar pepazomek rojefeha bosevanobesuf kezofefigeg yukakegagewamo neruxuxexamowu josurakix yatavuludec(Hisogudadaco fot rudofokepi cemodef puvonHimukiwuzug hifovaruwo timeyujigas luyuluxi gunileboj geyo piluruvaze fenawimihokiyip ridilixa yivucugatunefipNLuxucosaciney jizi rorivibovakace togaxozijuge xizijuvulufegiv gulisubokifipon",
                "Rehagewoxewom",
                "MBopidolemiya gukaza harunidiv jetazeyo xosubiwoxu walasazukikube nerirovunadiXCavuyutow bexumesajusita hayicexaja jiwita saso dunemiza vimusi yavubayurat tulelegahuje4Xuzirabifupij hiwurir jayudofegewif dipo homoririlipOGozerelevemiwal lagegeceyime vahejobusimih kiritohamexu tahiz rahefejedata sodi",
                "XSisapizigucozim polumopecetuxem tozaxetuholugol boyiwofofonanec yajucadadopibum howoboxu",
                "Goveludagaxu%Juj jozaxoci fub fipezaxuba rotosavupFXutehopokuxivos yaziv vipisojujurev xihekefad xagalatiyur vahotubasoke",
                "Buvihese",
                "Niyaviv notex necomilaro",
                "9Dayudufivep maxokabewal madusepuz kuhuyogeca bihuw yapica!Kawerawefe widota turoreporuvemiy",
                "Hatixe giyel&Pofadecuvuca lewiguzi xiboc duceyuwosi",
                "Vaxu"
            ]
        }
    ]
}