{
    "malware_data": [
        {
            "filename": "36ec44ea896af1e6cf3bd5282b0cc6147a4955d85ee507230bf6fb4fe0adb4e6.exe",
            "filetype": "4D5A9000",
            "filesize": "321KB",
            "hash_sha256": "36ec44ea896af1e6cf3bd5282b0cc6147a4955d85ee507230bf6fb4fe0adb4e6",
            "strings": [
                "!This program cannot be run in DOS mode.",
                "Rich8",
                ".text",
                "`.rdata",
                "@.data",
                ".tls",
                ".rsrc",
                "6QSj",
                "Y_^[",
                "tG9}",
                "0WWWWW",
                "VVVVV",
                "_^[]",
                "QSVW",
                "X_^]",
                "YQPVh",
                "QQSVWd",
                "Y__^[",
                "PPPPP",
                "0SSSSS",
                "uWS3",
                "ueSj",
                "@_^[",
                "j?Y;",
                " VW}",
                "j?^;",
                "hPK@",
                "9csm",
                "t hl",
                "WWWWW",
                "uaVj",
                "uL9= ",
                "teh2Q@",
                "u,9E",
                "hh7@",
                "QQQQQ",
                "t&:a",
                "8csm",
                "hKb@",
                "<v8V",
                "S99t",
                "t$<\"u",
                ">=Yt1j",
                "tNVSP",
                "Y[_^",
                ">\"u&",
                "< tK<",
                "@@f9",
                "SSS+",
                "@PWSS",
                "t!SS",
                "jThH",
                "j@j ^V",
                "[j@j ",
                "@_^]",
                "=MOC",
                "=csm",
                ">csm",
                "98uu",
                "98u[",
                "~SSV",
                "~@;H",
                "taSV",
                "YYPV",
                "t)SV",
                "Hu4j",
                "I=csm",
                ">MOC",
                "s[S;7|G;w",
                "9>u&",
                "YYh|",
                "tR99u2",
                "r,9Y",
                "@_^[]",
                "oV f",
                "o^0f",
                "of@f",
                "onPf",
                "ov`f",
                "o~pf",
                "URPQQh",
                "L$,3",
                "UVWS",
                "[_^]",
                "SVWj",
                "to=0",
                "Y_^[]",
                "Wj6Y",
                "Fpt\"",
                "SSSSS",
                "^_[]",
                "<.u4",
                "PVj@",
                "_trP",
                ",uRP",
                "^H_[",
                ">CuW",
                "@PVW",
                "vSSSh",
                "VWw$",
                "0A@@Ju",
                "wIVSP",
                "FVSj",
                "9~\\u'",
                "t#Hu",
                "t+Ht",
                "_VVVVV",
                "QWVP",
                ",0GG",
                "QufA",
                "HHt*HHt",
                "t=HHt",
                "!<9u",
                "7_^]",
                "tBHj",
                "tK<_t<<$t8<<t4<>t0<-t,<a|",
                "<z~$<A|",
                "t;BA",
                "<0|O<9",
                "tU<A|B<P",
                "WQ8E",
                "tY<@tO<Zt",
                "tA<Zu",
                "v,j,",
                "t5j]",
                "t\\<@tXj'",
                "8@u\"",
                "<@uq",
                "<_u`",
                "PWje",
                "YPWh",
                "Yt*j",
                "Du h",
                "Ft,Nt",
                "NtFNt#NuV",
                "8Xu2@",
                "YtNj",
                "kt@;",
                "8?u(",
                "t.<@t5V",
                "TtUHtKHtAHt",
                "HuSh",
                "8?u'@",
                "0t-HHt",
                "lSVW3",
                "@99t",
                "uUj,",
                "u-j,",
                "t?9U",
                "u#8H",
                "tfHH",
                "8_uF",
                "dj@h",
                "<@t=j",
                "t*j)",
                "YYj)",
                "`<`t",
                "<$u.",
                "uI9u",
                "98tI",
                "99t)P",
                "j PQ",
                ":?uO",
                "<@u$",
                ".<$u ",
                "<_uN",
                "jdh0",
                "jdhP",
                "$SVW",
                "CtMj",
                "t.Ht",
                "AtIHt0Hu",
                "SVWUj",
                "]_^[",
                ";t$,v-",
                "UQPXY]Y[",
                "Pj1Q3",
                "F Pj*",
                "F$Pj+",
                "F(Pj,",
                "F,Pj-",
                "F0Pj.",
                "F4Pj/",
                "F8PjD",
                "F<PjE",
                "F@PjF",
                "FDPjG",
                "FHPjH",
                "FLPjI",
                "FPPjJ",
                "FTPjK",
                "FXPjL",
                "F\\PjM",
                "F`PjN",
                "FdPjO",
                "FhPj8",
                "FlPj9",
                "FpPj:",
                "FtPj;",
                "FxPj<",
                "F|Pj=",
                "{>Vj",
                "v$;5T",
                "C PjPV",
                "C$PjQV",
                "C(Pj",
                "C)Pj",
                "C*PjTV",
                "C+PjUV",
                "C,PjVV",
                "C-PjWV",
                "C.PjRV",
                "C/PjSV",
                "~-8]",
                "@@8X",
                "QW@Ph",
                "W@Ph",
                "~S8]",
                "_^[t",
                ".;1s(N",
                "tIHt$",
                "HHt4HHt",
                "Ht\\Ht,",
                "SV9}",
                "98tl",
                "PSVj",
                "teHtFHt&Hu",
                "<'tE",
                "ty<%tA",
                "twF3",
                "tBF9]",
                "u 9]",
                "PPPPPPPP",
                "|FVW",
                ",aB<",
                "u49^",
                "Vj@h0",
                "j@Sh",
                "t,j@",
                "C@Ph",
                "Sj Z",
                "0;1t|",
                "FVh$",
                "9] SS",
                "tR:Q",
                "t<:Q",
                "t&:Q",
                "u8SS3",
                "GWh$",
                "9] u",
                "9]$SS",
                "t)9]",
                "t\"SS9]",
                "u,VVWV",
                "u#9u",
                "t VV9u",
                "N+D$",
                "t:9]",
                "^SSSSS",
                "j,hp",
                "t!PV",
                "PSj?",
                "0Wh$",
                ">:u8FV",
                "jd_Fj",
                "Pf95",
                "PVVRV",
                "Pf95d",
                "VVVVVQRSSj",
                "u09u",
                "VW9]",
                "u99u",
                "WWWWV",
                "t<Vj",
                "t+WWVPV",
                "u+9u",
                "u>9u",
                "<8=u",
                "t*;E",
                "QVW3",
                "^WWWWW",
                "t.;E",
                "8VVVVV",
                "Af#E",
                "QQSV3",
                "VVVVj",
                "tCVV",
                "@A;E",
                "SVW3",
                "t{~Bj",
                "t1SW",
                "tSj=V",
                "u`9]",
                "Y|R9",
                "?sjj",
                "@Y@P",
                "t\\VV",
                "@Y@PW",
                "^_[3",
                "l-vT",
                "}C{L",
                "+?x`",
                "@ 05",
                "~(U9",
                "~Zca",
                "l8hB",
                "##f`",
                "2D^Hk",
                "b9&j",
                "r(OJ:",
                "s3)A",
                "A07Q",
                "\"]LT",
                " xWP",
                "TgCi",
                "6Nqg",
                "=3o$",
                "Y5,K",
                "K1,?",
                "|UT;",
                "SF9f~",
                "1oRN",
                ";SaA",
                "t;%A",
                "qk|f89~O",
                "T,7V>|",
                "~NTr",
                "Lw]l",
                "(2w_",
                "P(pFm",
                "bkyf",
                "`4Cx\"",
                "mYT,",
                "Y|Zi5D",
                "at,H",
                "1,H:",
                "Npq\\&",
                "qm_P",
                "W0Q.]",
                "\".2jG(",
                "fiQlT ",
                "\"`1c",
                "q`>Bw",
                "XaqEA",
                "MovS",
                "U*DH",
                "X;PP",
                ".a;3",
                ";r}(NX",
                "A% o",
                "$FX,",
                "XqP,",
                "qDF6",
                "IFfuF",
                "$Etv:P",
                "YFYN",
                "Hk'!",
                "lHvL",
                "d2Wt",
                "<WUmq",
                "1Zo%",
                "NdZm(",
                "Xbul",
                "3,_s/>",
                "jJec",
                "?c(*VI>",
                ",8T+L",
                "F8=\\",
                "|Be<X",
                "n[|WU",
                "jw&ff",
                "%N m",
                "VZ.E",
                "z`O4p",
                "|,BM",
                "Rl^/",
                "Nt<O",
                "S\\z*",
                "F\"Lg",
                "!2({_*",
                "RhX&",
                ">,AkC",
                "ki>S",
                "Ci/f",
                "ep@S{",
                "01Hdq6",
                ":yAq`GLL",
                "mRNY",
                "R'||m7",
                "v%l3",
                "5=^yC",
                "53f ",
                "5M']",
                "81a=",
                "PlX/",
                "*3bA",
                ",]13",
                "rI.r",
                ":|B\"",
                "Ydp\\",
                "F(?M3",
                "i4iU",
                "ga9t",
                "hPpZk6",
                "jp%m",
                "[:dp",
                "i.OO",
                "U^XGb",
                "C,#}",
                "#bac",
                "jo)h",
                "G,_/$",
                "mMK)",
                "e^oJJJ^i",
                "[196j.;*",
                "dBd4",
                "T\\ ]_)%",
                "khJ-",
                "Lck~v",
                "@/\\U",
                "Zb?n",
                "d}zme",
                "V-\"FzI",
                "OGdn",
                "~(-7\"",
                "D`,s",
                "[rMt",
                "\" bZ%W",
                "0EvK",
                "O`w#",
                "`u;v",
                "]gJ[",
                "vdKN",
                "GNbXB",
                "ch[W&",
                "w^rT",
                "pvDe",
                "xhRYC",
                "$v-.",
                "%2aN&Sm",
                "> qV",
                "Yku1>5",
                "\\mj8!",
                "k#;z",
                " I.J",
                "lhah",
                "S<i`",
                "(b;u",
                "PhE#h",
                "8FDeN",
                "/YHG",
                "Zh=L",
                "%2X3",
                ">Asv",
                "PKy+",
                "0P,(",
                "?K-h",
                "l H-",
                "ay<k",
                "p$>*",
                "*hpM",
                "^@4U",
                "Bas5]",
                "M[!l",
                "V7u S",
                "GW-3",
                "^0j{T(H",
                "&`3w",
                "(d#7@",
                "KcDf",
                "S`E8]",
                "1^xo",
                "RKs[P",
                "$M-o",
                "/FFz",
                "_9jU",
                "yvK+",
                "WTO3",
                "ch$QF",
                "EQAy",
                "u5%==r",
                "v@y_",
                "VSWbc",
                "kBe_xl$",
                "2M8NGF",
                "|rh7",
                "ZjaW",
                "J,*!",
                "(ZL0",
                "f#r9d",
                "p_eez",
                "S:oz",
                "}G}@Y",
                "AKy;",
                "PxGn",
                "BY{gwO",
                "~wV:",
                "M0)gQ",
                "p-#2",
                "!o1'",
                "?+%T",
                "F<A{+",
                "[)o}#",
                "Evja",
                "/Q6H",
                "qXNOjl",
                "asPQF",
                "&#`(",
                "qZ->O",
                ">!s8",
                "B6*h",
                "_J_Tt",
                "z~3a]",
                "HP~5",
                "v#i2",
                "SBr2",
                "OMw7/",
                "IM;/t",
                "/b^9*y",
                "uov(<V",
                "TiZQ",
                "%|?[",
                "%rII",
                "flu!",
                "3wko?",
                "A~7h",
                ":&`2",
                "_A]j",
                "LY+1$Z,m",
                "-/ku",
                "=$,\"",
                "Q ')",
                "V!5N",
                "&tXFp|B",
                "\\P#58R",
                "a\\$=",
                "%%qn",
                "gF-I",
                "*kYZ",
                "kmaz/",
                "Y,%[",
                "NB1FP",
                "+YTSA",
                "PGN&",
                "eT00#E",
                "{=`E",
                "Upb7",
                "#dka9",
                "%&=?",
                "7Wjx(Q",
                "h5pm",
                "K23l",
                "\\F*?",
                ")RpC!r}",
                "f:cI",
                "uz,;",
                "4pBO",
                "b-ah[",
                "9LDI",
                "*,z4",
                "Uh^v",
                "gIIQ",
                "RY.Z",
                "sx\\%",
                "$Bf3_",
                "L-u#L",
                "i$gz",
                ")Ba5",
                "8!R4",
                ".{tz",
                "fD>AN",
                "UWtY",
                "_fM.",
                "8u38UC",
                "ydoAB",
                "[eT:",
                "QT->",
                "x6@+;",
                "swP{ _V",
                "@'uI",
                "x+Wd",
                "?Le&f",
                "xj4F7",
                "(\"aQ$[",
                "t?rDG",
                "^`4:",
                "g^u<u",
                "9N$U",
                "UzE2",
                "ASBrn",
                "T)J~",
                "aj{'zR",
                " {(Oq",
                "u|IS~",
                "\"/e~",
                "sV{hZ",
                "MR7y",
                "M6m+",
                "'Dsk/",
                "W<?gwr",
                "r!3V",
                "wk\"7t",
                "f-TV",
                "X6~,",
                "Z) (",
                "AvO)",
                "UJYD",
                "jHh>",
                "$gwt",
                "sxbo",
                "hD//",
                "q;eI",
                "&E(x",
                "-5ZNm",
                "s:7c",
                "~A`q",
                "Vroe",
                "T}s_",
                "\"j[gS",
                "bjT`",
                "i1cz",
                "+=VI",
                "{XVv",
                "0VSIh",
                "APnh",
                "1&l6",
                "_X_9",
                "Y,KD",
                "<O#8Jz",
                "@o_m",
                "3=Z-",
                " @OP3",
                "SmBe",
                "{Z.+",
                "5H8X",
                "|Ukv",
                "U.PK",
                "lg0gnaB",
                "i=m9",
                "LT/}b",
                "g~)n",
                ";j<<",
                "lj.e",
                "p+D|",
                "-7F}",
                "QuC=m)",
                "?FRJ",
                "HGKo,",
                "On+P",
                "= hN",
                "A6ppP",
                ",U/;#9",
                "iz1H",
                "*}}J",
                "G-Zs",
                "A<{T0",
                "[6.f",
                "8G]l",
                "h[?3",
                "|}wVu",
                "3%EK",
                "lU%q",
                "JQP#",
                "5s`k",
                "9B@r",
                "[R^h=",
                "q<QYu",
                "ud-h",
                "YPgt",
                "lbga",
                "(A:GK",
                "fEA[gF",
                ":?qJ",
                "}QcyLx}}",
                "?nC9G",
                "^,`)",
                "[Q]~",
                "x9A}",
                "H\\cWF",
                " `zn",
                "\"s#_x",
                "o@Dd",
                "=1|3",
                "!\\|t",
                "=u6G",
                "]nZ5",
                "Kgzr",
                "%Kb3",
                "CBiB",
                "r_[D>",
                "`7>5",
                "8@(6",
                "Ck5Y",
                "\\1`Y",
                ";!(X8",
                ".d> ",
                "PDk]",
                "@wUV",
                "O96\"",
                "Y8|#",
                "[C1_",
                "X1K5]",
                "\"f$&$",
                "Vcw}",
                "Kk\"?",
                "=G}W",
                "cxy.",
                "2[@z}",
                "31ZV",
                " d06",
                ",6U!",
                "0SE;",
                "aZ``",
                "au[R",
                "nQ(.",
                "?b9I",
                "dGW4",
                "I(KvW",
                "5/ i",
                "U@iG*",
                "!z[N",
                "O6!K",
                "k\\/f",
                "mm +",
                "KX.6",
                "[M{=",
                "JGtd",
                "B8(o",
                ":J!TOU",
                "NHHG",
                "\\~.m",
                "L]~O x",
                "='z1QX",
                "fV;c=",
                "v~&N",
                "+f7RK",
                "@;&A\"X",
                "^lB\"",
                "C9EMH",
                "bG_}jD",
                "*J3N",
                "W%u(a",
                "'y$i0\\W",
                "9x1w",
                "O$!p",
                "lWI%",
                "&scm",
                "A@xSH3b_",
                "P\\y?W*k",
                "q1}h",
                "3I}t#",
                "LtTQ",
                "@(va6",
                "cZXA",
                "hguRV",
                "g#xq1W|",
                "*:|(",
                "uW&w",
                "trA<",
                "'0:&",
                "9daH",
                "!%^QR",
                "OI$s",
                "[ayRGs'",
                "_W-YO\\r",
                "#buaG",
                "E(uS",
                "vA<O",
                "My-(",
                "*;S];0",
                "\"\\8L",
                "*Awy",
                "a'm{",
                "oQ 4",
                "u`=J",
                "}+F;",
                "x\"L}rn",
                "64)k(",
                "o'6G",
                "Sn,v",
                "Lh+=",
                "E80u",
                "\"<Nqq Hp",
                "mF33f",
                "/@fP",
                "VQgp",
                "jJjs",
                "p*=ku",
                "Qif)S",
                "%i(C",
                "?kOi",
                "B`|2",
                "H3p8",
                "Q\"}P",
                "(|tC",
                "IZjE",
                "Yt0hT(<AO",
                "c,]M^|",
                "q\\l8|",
                "~Ez!g",
                "<^C^Y",
                "F1,F",
                "2E*w",
                "Z=6m",
                "AkgoH",
                "c@#h",
                "2bRC|f",
                "=gvO",
                "YGtcH-n",
                "x>|fN",
                "+opC",
                "W?q<y?",
                "7&;X",
                "g:,O",
                "~p!B?,Vy",
                "HDxo",
                "lE~#",
                "<,GM",
                "XE2t&",
                "no=#",
                "A)t5",
                "WK>c",
                "oR=*H",
                "*wcl",
                "4p>E",
                "rZnn",
                "Lmy;",
                "RXI# 9p",
                "<*n0'",
                "7~7]",
                ":-AQ",
                ":pcx",
                "}K-F",
                "k9+M$",
                "J]\\g",
                "7-8g{j",
                "}Mr&",
                "c]bb",
                "L0H!",
                "J ,y",
                "t$)~",
                "^hE&",
                "WvcB",
                "_}SmM",
                "QE(|",
                " <E.",
                "ZNuE5",
                "?E4c,",
                "-[+osI]",
                "1KV(",
                "i/x;o",
                "XZth",
                "XAa0",
                "tJY=`",
                "aw~+",
                "H2fS",
                "h#7F",
                "jsf|C",
                "FDz_Z\"2'",
                "}[[1",
                "U&8B",
                "A@3^M",
                "5xA_Y",
                "o<i6(",
                "%G$|",
                "qC&s",
                "),rj",
                ":sR}=",
                "t_2w3#B]",
                "*%,xJ7z",
                ":S.t",
                "e::z\"(",
                "MH0tpP",
                "rZ:)nbH",
                "wo3s",
                "$\"sG",
                "y%q,v",
                "-7/^7R]",
                "~r]%",
                ":3TXSH",
                ";j/7E",
                "ukn:",
                "[?,L",
                "`e\\O#",
                "=mNR",
                "~Q=6",
                "ngnSU",
                "89dL",
                "vn_?v",
                "*AN<",
                "SXs)",
                "gXLl:",
                "I)~I'AC",
                "Hm'H",
                "SSc6",
                "-+Itp",
                "q>i\\",
                "qidD",
                "fQ8(",
                "&M0o",
                "&tQoh/",
                "A8E-",
                "<PN*",
                "r^S+",
                "kG4-B",
                "'*ka",
                "I6e6",
                "KCXvb",
                "5sU+",
                " 'fP'%(",
                "; 1y",
                "%H;ds",
                "]!yh\\",
                ".>p{",
                " Av6",
                "%h<MMW",
                "3*n*",
                "$,p`",
                "M{vbj['",
                "-~8/",
                "xuST",
                ">GtS",
                "d;p4(~",
                "yfnFa",
                "NJWR",
                "C<IX",
                "x**k",
                "Y0j{",
                "WB^T4",
                ",M?i",
                "XTB8",
                "KA)0Ge",
                "u&e$",
                "TEfz",
                "\\F7Y",
                "?J,?",
                "LXB2",
                ">ij ",
                "V73`",
                "Xvf4",
                "pO'pq",
                "UlYv",
                "\")VM@",
                "\\?*]",
                "~!f:u",
                "~n\"bz",
                "3h R>",
                "+.wJ",
                "ft(Mv%",
                "\"KiB*",
                "N/o&P",
                "'/:M_p",
                "34OE",
                "<a1Fh",
                "X_~lG",
                "PG\"V",
                ".R1#",
                "Ge~d'",
                "L\\((m",
                ",.Mx#",
                "<ne\\>",
                "v{U`",
                "|?f75",
                "/ilU",
                "nPZj",
                "rL{g<.",
                "/jn$",
                "F(^=",
                "<wDH*",
                "CiiU",
                "ui\":",
                "@eJ1",
                "g$Ix",
                "1&\"M",
                "J]+1<C",
                "#/P|",
                "!7qE",
                "d`=.6",
                ")@8m",
                "S),UUQu",
                "ig0Z@",
                ")=Xt",
                "/3&v",
                "E-3wn",
                "9+c$",
                "1?gD",
                "|b)Kh",
                "6Q09",
                "8|wV=",
                "/C8&",
                ".Qs(",
                "rq.`",
                "^N E(",
                "g/p}eAd",
                "Gy68Yh",
                "(>eX4",
                "BEKb",
                "_*Bp",
                "m+yM",
                "UL90X",
                "&M[+V",
                "8[2@",
                "y:'c",
                "7b*G",
                "l{3O",
                "f*y^tw",
                "5q95",
                "pzwP",
                "HL[='2",
                "{N04",
                "\"d8z",
                "rQWN",
                ".hab7",
                "|7vUa",
                "TT(S#",
                "V\\y.",
                "~SWE",
                "+*&Cv",
                "(H +",
                "Tp]6@",
                "-:X5",
                "pZ>K",
                "~]Q3",
                "B<ulK",
                "6)B#",
                "7{nR",
                "ObQC",
                "%u1\"",
                "pS/W",
                "m$nJ",
                "x.\"U=",
                "Z<a-",
                "tMuq",
                "dX{O",
                ";g;u2,",
                "n>KiOG",
                " iYO",
                "uA>:+~+|",
                ":.VT",
                "|lEX",
                "l;0L",
                "MbIK",
                "=Wa7",
                "Hiec$",
                "PISY",
                "BoB$$ x",
                "})u{",
                "neFt",
                "a\\+v",
                "Yp\\H",
                "Z1(T",
                ">|[}",
                "`8HF",
                "Ike>2",
                "(BO35",
                "PxP6",
                "p\\ywt",
                "[/yl",
                "j&Kr",
                "^,vnu",
                "Y3ic",
                ".\\\"B",
                "Hs>,",
                "|D.!",
                "J(p]H",
                "R+[p(B",
                "\"MCS",
                "2UaD",
                "0q,m$6",
                "Hl6Sc,",
                "Bt&`",
                "Ce;\\X",
                "M2'S",
                "x5H)",
                "v8]g",
                "PENLD",
                "._DWV",
                "/9*Xo4U:l",
                "%G(|",
                "CC67",
                "e=9A",
                "ppDl",
                "lExd",
                "#F)B",
                "65{~Ha",
                "~,dv;",
                "d@DG",
                ">CU(",
                "_D^`",
                "{\"E$r",
                "URRd",
                "3~ Svj",
                ".<iO",
                "R<=BL",
                "9U}-",
                "h}R)",
                "=F=\\",
                "Z@;8",
                "A+%;zYW/",
                "r5ImSN",
                "M<\\_",
                " gopWM",
                "qclJf",
                "XL>C",
                "~Ra!",
                "0d1C.y",
                "\\.A;",
                "DCcy",
                "iVS#'",
                "WBJ`",
                "n&iP",
                "F2w[y",
                "?-e5o",
                "b\"hy",
                ".-X?",
                "SYxY",
                "V>\"1}",
                "3bLR",
                "V`vY",
                "\\Mbj",
                "wcG_",
                "0R6|.p-2,",
                "\\$<E^",
                "4F4 ",
                "OfG:",
                ":q[\"X",
                ")wUz",
                "#o6t.C1",
                "'3BW",
                "N_rW",
                "?n4w",
                "zxDE",
                "{b14",
                "Uo<G",
                "~)91",
                "bW{N",
                "^H,F",
                "[B#Z",
                "Y0^Y",
                "2Zq_",
                "1kyS",
                "}_$hV",
                "s,GWa%",
                "q`boW",
                "9s<B",
                "p5uE",
                "Fn|v",
                "gm4HX",
                "u?6r",
                "//+`",
                "ClMM",
                "T!?y<\"0_",
                "^BwgY",
                ";R}y",
                "zI'mdq-",
                "E&!3",
                "NW#G",
                "kOs\"",
                "kupU",
                "?3*_Q",
                " \"PlW(",
                "Hh(^~",
                "f^Ws|",
                "m&;%",
                "U.0\\",
                "CmIDK",
                "616p",
                "do:W",
                ".kD0a",
                "rD\\t^^",
                "[Oh!",
                "]*}&!o",
                "JVKF",
                "zy?<",
                "T<bd",
                "2H3>",
                "nEdxT",
                ":0IG",
                "SV\"RJ",
                "E0w8@",
                "y^T4",
                "r6Bo",
                "~_2U(",
                "9'Em",
                "k?L|",
                "V<JM",
                "C_?3}",
                "``GEq",
                "]5K7X",
                ".8L6A",
                "j35#",
                "|tzy",
                ">'5k",
                "@D^x",
                "ES_N",
                "0hvV%",
                "%*4$-P",
                "U,AYwdE",
                "&Qm`",
                "CA6*",
                "1(O:",
                "$)j0j",
                "7f7T*+",
                "8WN6",
                "l-v:=I",
                "<5;KB",
                ";[dv",
                "'_~q",
                "[+\"]0",
                "\\|E>",
                "1j/D",
                "uyw#SA",
                "3`yI?",
                "~AK0I_",
                "~z ,",
                "3av%",
                "'];.0",
                "2~-S",
                "KM}X",
                "SIB[",
                "w2~p",
                "F0_j!",
                "Z\\LE",
                "|Wz[#",
                "#1>S",
                "=lO%C",
                "k82a",
                ";e@y2Y",
                "9k|0",
                "i7]P7",
                "P~^~",
                " a;39",
                "<9R6",
                "Q^Nk",
                "h\"81",
                "'/aV4",
                "Ae9l",
                "\"6B9",
                "j!/&",
                "9YHw",
                "9K'c_@=",
                "[0G$m",
                "EE~~Ab!5",
                "y3kCE",
                "&B40",
                "x*%n",
                "Ba)Hg",
                "D{Zgg",
                "w_k5",
                "4z=u",
                "MeF`",
                "-.<9",
                "k9`F",
                "jp38H)",
                "9.[J",
                "#O\" H",
                "oQ%h",
                "e3 4",
                "LcD#9",
                "x~(`2",
                ";8hD",
                "3[pr",
                "PqLP",
                ")4{O",
                "-jS}0",
                "Z7xZ;",
                "45_W{",
                "Xw99",
                "l[0g{",
                "6apo@d",
                "yV\\:",
                "^_<F",
                "KnK,",
                "suK?`CK|^",
                "BhG&5*-",
                "6(](",
                "?BBm",
                "MEA@",
                "UV&.@",
                "q;d$",
                "D-xKl",
                "g^ntjc",
                "K{yOH",
                " >re",
                "K'#`",
                "7zql",
                "Jt+g",
                ",Ayn",
                "]A}c",
                "}3'Y",
                "?x1N",
                "5g;9",
                "9U+Z>a8",
                "g[/E",
                "$ie7M3",
                "3\"O|",
                "(zwF",
                "O-?8f",
                "09Y4",
                "]?y{Xe",
                "l&Y>H-=",
                "&,a=",
                ";M1j",
                "1Bpb.N",
                "zNMvQ",
                "y*PQ",
                "-R'w/",
                "Sl-)",
                "[%(_",
                ",90>",
                "pvJX",
                "q9|I",
                "PL&:W",
                "PY2W2$d",
                "g=g,",
                "ubdCv",
                "&?*b",
                "L#tY,",
                "ZC(s04",
                "[&dr",
                "-R](",
                "@?BT!",
                "OZKe",
                "j-0R",
                "c|yZ7",
                "{b#:",
                "qNV/",
                "]_yy,",
                "fESKXJ",
                "eo><c",
                "U\"IxEE",
                ":1'%J3",
                "%N'k",
                "hd9bD",
                "V!zK",
                "t)Nc",
                "::QL",
                "^/a2",
                ".8K>",
                "xKr?",
                " {mPx",
                "YgL5",
                "D?^qd8",
                "WUA<",
                ")pd|",
                "LC`{",
                "dJMx}#",
                "S[5j",
                ".NJ6",
                "Q&tA",
                "vN.1aws",
                "AYs[p",
                "E)xFY,}\\,",
                "h0de",
                "slIy",
                "rFuF",
                "mLVg",
                "cx]IA",
                "|jqv",
                "xz'Ts",
                "]u;v",
                "N-\")",
                "I1Q%",
                "%aQW",
                "fbqj",
                "fbcj",
                "84YL",
                " <|H",
                "facC",
                "M<w-",
                "R8H)",
                "q-19",
                "W\"hu",
                "Hf}V",
                "-qU@",
                "=2OI",
                "_-MU",
                "7Y`P",
                "b9J}",
                "./`|",
                "9Eo5",
                "A I\"",
                "qe6%",
                "q4e ",
                "!fNU",
                "cepr5",
                "!E]D",
                "1VWi",
                ";Edd",
                "/VWw>",
                "uXo!",
                "`'8Fa",
                "u2TRW",
                "R%T#",
                "w,Sxo",
                "[o&\"",
                "X?%[}$*",
                "=OUa",
                "j$Mm",
                "gV>k7e",
                "lH*cC;",
                "o36tGe`",
                "7\\&O",
                "!c?Wh",
                "s[=ohU+P`",
                "g6{-e",
                "A0Dg",
                "RKTvi.G",
                "xv@=",
                ";rZ;",
                "Iaa~m",
                "n*@i",
                "eRs0",
                "u'H*+",
                ".a3sb",
                "PN||",
                "0[9t",
                "B-s'm",
                "nIj2",
                "9pibQi",
                "I9/:",
                ":VH6",
                ".t3j ",
                "S Hi",
                "4m2u",
                "XrRa",
                "#nb;",
                "#Tbs",
                "{~H3",
                ".iS!w",
                "n=M,k<P}1y",
                "1e=K",
                "t:$%",
                "=Y)H",
                "kZED",
                "!GjN",
                "6v|bJ",
                "XY2G",
                "AS~<",
                "PuOxe",
                "o2kn/V+",
                "+}%L",
                "?_2N",
                "g^}7",
                "ZrMy'sB",
                "Gh8E",
                "*rie;",
                "CB+v",
                "'w)>",
                ">G{A",
                ":1<d|",
                "xA1;99",
                "l\"Kuiy",
                "\"W%w",
                "U`zAH=",
                "Vr4@",
                "!&^;",
                "V.Yz",
                "!5>`",
                "cTg\"",
                "~Khw",
                "*YUvKUe",
                "itr0)",
                "~\\=\"",
                "jnF t8",
                "^.Qu ",
                "VliY",
                "<Cy/.U\"",
                "dFJM",
                "y$)L(",
                "#%yb",
                "u&P0FI@<",
                "VX]H",
                ")w_k5pF}`D`",
                "WW\\x'",
                "Oo942>P0",
                "rmI7",
                "3uV7",
                "K+72&",
                "7%1C&DU",
                "~[lV/",
                "?\\</",
                ";7_F",
                "]nIu",
                "s`f)",
                "i/k6",
                "@CU9",
                "jq\"`",
                "Eo{^",
                "VxDv|S",
                "[{_R",
                "{3;-",
                "V)l6<",
                "W?'6",
                "YkmAu",
                "lLDT",
                "gNSO",
                "C!+`",
                "lT*5",
                "/2~BZYnO",
                "/9&qe",
                "#9`[",
                "o-ly",
                "siLz*q",
                "Knzh",
                "Q|L~Q:",
                "/}N:",
                "<0d!",
                "B<pX",
                "BcuA",
                "7/9=",
                "XEpA!",
                "}2+.j",
                "sR-\\",
                "N |I3",
                "+w-vPc",
                "@)86",
                "Y_@i",
                "s61|",
                "]\\k ",
                "VMyh",
                "`B;/",
                "K:6i",
                "iP_(a",
                ":~`#",
                "KV\\Q",
                "<O\"h",
                ";6RU9",
                "z$:_",
                "7Kw#",
                "09(J",
                "B56+>",
                "(Cw*",
                "\\Igi",
                "l!]D",
                ".YQD",
                "]g~z",
                "#J?Xs",
                "\\#xP",
                "K*f4",
                "G^$I",
                "c02eD",
                "PUsG'",
                "$?Sc",
                "V!wW",
                "`K5w",
                ";\\.~]",
                "cj]R]",
                "U99x",
                "D$$nP",
                "O8##",
                "dFfX",
                "D$La",
                "D$DV",
                "R'._",
                "v;^:",
                "D$t<V",
                "j@RQ",
                "-u2j",
                "^6}A",
                "|u#j",
                "string too long",
                "invalid string position",
                "invalid string argument",
                "Unknown exception",
                "EncodePointer",
                "DecodePointer",
                "FlsFree",
                "FlsSetValue",
                "FlsGetValue",
                "FlsAlloc",
                "CorExitProcess",
                "runtime error ",
                "TLOSS error",
                "SING error",
                "DOMAIN error",
                "R6034",
                "An application has made an attempt to load the C runtime library incorrectly.",
                "Please contact the application's support team for more information.",
                "R6033",
                "- Attempt to use MSIL code from this assembly during native code initialization",
                "This indicates a bug in your application. It is most likely the result of calling an MSIL-compiled (/clr) function from a native constructor or from DllMain.",
                "R6032",
                "- not enough space for locale information",
                "R6031",
                "- Attempt to initialize the CRT more than once.",
                "This indicates a bug in your application.",
                "R6030",
                "- CRT not initialized",
                "R6028",
                "- unable to initialize heap",
                "R6027",
                "- not enough space for lowio initialization",
                "R6026",
                "- not enough space for stdio initialization",
                "R6025",
                "- pure virtual function call",
                "R6024",
                "- not enough space for _onexit/atexit table",
                "R6019",
                "- unable to open console device",
                "R6018",
                "- unexpected heap error",
                "R6017",
                "- unexpected multithread lock error",
                "R6016",
                "- not enough space for thread data",
                "This application has requested the Runtime to terminate it in an unusual way.",
                "R6009",
                "- not enough space for environment",
                "R6008",
                "- not enough space for arguments",
                "R6002",
                "- floating point support not loaded",
                "Microsoft Visual C++ Runtime Library",
                "<program name unknown>",
                "Runtime Error!",
                "Program: ",
                "bad exception",
                "LC_TIME",
                "LC_NUMERIC",
                "LC_MONETARY",
                "LC_CTYPE",
                "LC_COLLATE",
                "LC_ALL",
                " !\"#$%&'()*+,-./0123456789:;<=>?@ABCDEFGHIJKLMNOPQRSTUVWXYZ[\\]^_`abcdefghijklmnopqrstuvwxyz{|}~",
                "SystemFunction036",
                "ADVAPI32.DLL",
                " Complete Object Locator'",
                " Class Hierarchy Descriptor'",
                " Base Class Array'",
                " Base Class Descriptor at (",
                " Type Descriptor'",
                "`local static thread guard'",
                "`managed vector copy constructor iterator'",
                "`vector vbase copy constructor iterator'",
                "`vector copy constructor iterator'",
                "`dynamic atexit destructor for '",
                "`dynamic initializer for '",
                "`eh vector vbase copy constructor iterator'",
                "`eh vector copy constructor iterator'",
                "`managed vector destructor iterator'",
                "`managed vector constructor iterator'",
                "`placement delete[] closure'",
                "`placement delete closure'",
                "`omni callsig'",
                " delete[]",
                " new[]",
                "`local vftable constructor closure'",
                "`local vftable'",
                "`RTTI",
                "`udt returning'",
                "`copy constructor closure'",
                "`eh vector vbase constructor iterator'",
                "`eh vector destructor iterator'",
                "`eh vector constructor iterator'",
                "`virtual displacement map'",
                "`vector vbase constructor iterator'",
                "`vector destructor iterator'",
                "`vector constructor iterator'",
                "`scalar deleting destructor'",
                "`default constructor closure'",
                "`vector deleting destructor'",
                "`vbase destructor'",
                "`string'",
                "`local static guard'",
                "`typeof'",
                "`vcall'",
                "`vbtable'",
                "`vftable'",
                "operator",
                " delete",
                " new",
                "__unaligned",
                "__restrict",
                "__ptr64",
                "__clrcall",
                "__fastcall",
                "__thiscall",
                "__stdcall",
                "__pascal",
                "__cdecl",
                "__based(",
                " ?? ",
                "{flat}",
                "{for ",
                "`non-type-template-parameter",
                "unsigned ",
                "long ",
                "int ",
                "short ",
                "char ",
                "void",
                "<ellipsis>",
                ",<ellipsis>",
                ",...",
                " throw(",
                "`template-parameter",
                "NULL",
                "cli::pin_ptr<",
                "cli::array<",
                "void ",
                "`anonymous namespace'",
                "generic-type-",
                "template-parameter-",
                "`unknown ecsu'",
                "union ",
                "struct ",
                "class ",
                "enum ",
                "coclass ",
                "cointerface ",
                "extern \"C\" ",
                "[thunk]:",
                "public: ",
                "protected: ",
                "private: ",
                "virtual ",
                "static ",
                "`template static data member destructor helper'",
                "`template static data member constructor helper'",
                "`local static destructor helper'",
                "`adjustor{",
                "`vtordisp{",
                "`vtordispex{",
                "const ",
                "volatile ",
                "CV: ",
                "volatile",
                " volatile",
                "const",
                "signed ",
                "double",
                "UNKNOWN",
                "__int128",
                "bool",
                "wchar_t",
                "__int64",
                "__int16",
                "__int32",
                "__int8",
                "__w64 ",
                "float",
                "long",
                "short",
                "char",
                "GetProcessWindowStation",
                "GetUserObjectInformationA",
                "GetLastActivePopup",
                "GetActiveWindow",
                "MessageBoxA",
                "USER32.DLL",
                " !\"#$%&'()*+,-./0123456789:;<=>?@abcdefghijklmnopqrstuvwxyz[\\]^_`abcdefghijklmnopqrstuvwxyz{|}~",
                " !\"#$%&'()*+,-./0123456789:;<=>?@ABCDEFGHIJKLMNOPQRSTUVWXYZ[\\]^_`ABCDEFGHIJKLMNOPQRSTUVWXYZ{|}~",
                "HH:mm:ss",
                "dddd, MMMM dd, yyyy",
                "MM/dd/yy",
                "December",
                "November",
                "October",
                "September",
                "August",
                "July",
                "June",
                "April",
                "March",
                "February",
                "January",
                "Saturday",
                "Friday",
                "Thursday",
                "Wednesday",
                "Tuesday",
                "Monday",
                "Sunday",
                "am/pm",
                "united-states",
                "united-kingdom",
                "trinidad & tobago",
                "south-korea",
                "south-africa",
                "south korea",
                "south africa",
                "slovak",
                "puerto-rico",
                "pr-china",
                "pr china",
                "new-zealand",
                "hong-kong",
                "holland",
                "great britain",
                "england",
                "czech",
                "china",
                "britain",
                "america",
                "swiss",
                "swedish-finland",
                "spanish-venezuela",
                "spanish-uruguay",
                "spanish-puerto rico",
                "spanish-peru",
                "spanish-paraguay",
                "spanish-panama",
                "spanish-nicaragua",
                "spanish-modern",
                "spanish-mexican",
                "spanish-honduras",
                "spanish-guatemala",
                "spanish-el salvador",
                "spanish-ecuador",
                "spanish-dominican republic",
                "spanish-costa rica",
                "spanish-colombia",
                "spanish-chile",
                "spanish-bolivia",
                "spanish-argentina",
                "portuguese-brazilian",
                "norwegian-nynorsk",
                "norwegian-bokmal",
                "norwegian",
                "italian-swiss",
                "irish-english",
                "german-swiss",
                "german-luxembourg",
                "german-lichtenstein",
                "german-austrian",
                "french-swiss",
                "french-luxembourg",
                "french-canadian",
                "french-belgian",
                "english-usa",
                "english-us",
                "english-uk",
                "english-trinidad y tobago",
                "english-south africa",
                "english-nz",
                "english-jamaica",
                "english-ire",
                "english-caribbean",
                "english-can",
                "english-belize",
                "english-aus",
                "english-american",
                "dutch-belgian",
                "chinese-traditional",
                "chinese-singapore",
                "chinese-simplified",
                "chinese-hongkong",
                "chinese",
                "canadian",
                "belgian",
                "australian",
                "american-english",
                "american english",
                "american",
                "Norwegian-Nynorsk",
                "SunMonTueWedThuFriSat",
                "JanFebMarAprMayJunJulAugSepOctNovDec",
                "bad allocation",
                "fonosamupawetocu",
                "lehelaroruwonozifovohiwerepono",
                "VirtualProtect",
                "LocalUnlock",
                "HeapCompact",
                "TlsGetValue",
                "GetLocaleInfoA",
                "GetTimeFormatA",
                "FreeEnvironmentStringsA",
                "GetModuleHandleW",
                "VirtualFree",
                "GetSystemTimes",
                "LoadLibraryW",
                "GetConsoleAliasExesLengthW",
                "GetAtomNameW",
                "GetMailslotInfo",
                "WritePrivateProfileStringW",
                "LCMapStringA",
                "GetConsoleAliasesW",
                "GetLastError",
                "GetProcAddress",
                "GetLongPathNameA",
                "HeapSize",
                "ResetEvent",
                "LoadLibraryA",
                "LocalAlloc",
                "SetConsoleOutputCP",
                "GetModuleFileNameA",
                "CompareStringA",
                "SetCalendarInfoA",
                "LocalFree",
                "KERNEL32.dll",
                "HeapFree",
                "GetCommandLineA",
                "GetStartupInfoA",
                "RaiseException",
                "RtlUnwind",
                "TerminateProcess",
                "GetCurrentProcess",
                "UnhandledExceptionFilter",
                "SetUnhandledExceptionFilter",
                "IsDebuggerPresent",
                "HeapAlloc",
                "HeapCreate",
                "HeapDestroy",
                "DeleteCriticalSection",
                "LeaveCriticalSection",
                "FatalAppExitA",
                "EnterCriticalSection",
                "VirtualAlloc",
                "HeapReAlloc",
                "TlsAlloc",
                "TlsSetValue",
                "TlsFree",
                "InterlockedIncrement",
                "SetLastError",
                "GetCurrentThreadId",
                "InterlockedDecrement",
                "GetCurrentThread",
                "Sleep",
                "ExitProcess",
                "WriteFile",
                "GetStdHandle",
                "GetEnvironmentStrings",
                "FreeEnvironmentStringsW",
                "WideCharToMultiByte",
                "GetEnvironmentStringsW",
                "SetHandleCount",
                "GetFileType",
                "QueryPerformanceCounter",
                "GetTickCount",
                "GetCurrentProcessId",
                "GetSystemTimeAsFileTime",
                "InitializeCriticalSectionAndSpinCount",
                "GetCPInfo",
                "GetACP",
                "GetOEMCP",
                "IsValidCodePage",
                "SetConsoleCtrlHandler",
                "FreeLibrary",
                "InterlockedExchange",
                "GetDateFormatA",
                "GetUserDefaultLCID",
                "EnumSystemLocalesA",
                "IsValidLocale",
                "GetStringTypeA",
                "MultiByteToWideChar",
                "GetStringTypeW",
                "LCMapStringW",
                "GetLocaleInfoW",
                "GetTimeZoneInformation",
                "CompareStringW",
                "SetEnvironmentVariableA",
                ".?AVlogic_error@std@@",
                ".?AVinvalid_argument@std@@",
                ".?AVlength_error@std@@",
                ".?AVout_of_range@std@@",
                ".?AVbad_cast@std@@",
                ".?AVbad_typeid@std@@",
                ".?AV__non_rtti_object@std@@",
                ".?AVtype_info@@",
                ".?AVbad_exception@std@@",
                "                          ",
                "abcdefghijklmnopqrstuvwxyz",
                "ABCDEFGHIJKLMNOPQRSTUVWXYZ",
                "KYEGqA",
                ".?AVexception@std@@",
                ".?AVbad_alloc@std@@",
                "3Q|g",
                "./|bj<{c",
                "S2}P",
                "\"|E~I",
                "!3{U",
                "09|e|B",
                "Fonizutu. Delexim pedobagaharoj. Nihudesiduk henaredofarowil tibenutonacomac dacotamitupid haboduv. Yivugo. Sujivilibaw vebuzisuwujeziw sazakugenaburot. Cukipituxuhahok wasisiyujepado. Cimufimoge hegepilediw. Nuvelo wumopavukuholev. Gupusubevaxey wuvugotixinih yipesajagomepod. Hod yusokagipafey cutorenajeju tugisete limuhe. Rihujareret layoteluyikov caroyare kodi wusuxe. Wexiromewu. Zac xaxulelokosi voculujubojuz nikolace. Sujevurasaniw bibosacaha nogapanoxohaf gacin. Garipolewo bupefinobacu tizokucewu zehokejiji. Hax womehoha dusobusalumuh huy dovatebex. Celetaga telaxa dazefov cevo. Yapoxiselux hafuvax cubejak zel wezeduda. Wovericewo zidomozavecona. Wumogibija folewufipina ramer vufanuladix gupukupetix. Zumahipejihud dere zerufavibu hafabuwan. Tikekeke zax cohumubotegeco xulorinoda kijopinisamem. Xutatuzihev hakoma naxat kidecesetabiz cuwotupaniyeda. Sezadojufaw nepicoj fewowutakomebu. Zexecadeta doci sihudawoyivuwi. Veracuye gusidudijef. Dovorah nacatuni zeyefo gubijetele nolodizesu. Par jenexivonaceyuf diwofif vacemilulidum. Giwe. Newek xiwe. Bomijeropoju jab vasewebaxov kupe. Hihopazo vojalopob xufenoran. Gumolinupekaxu goyuce rakatawot fik nirilefufu. Burezubamoy. Banedavezum. Rowevimoy. Zamonemapegemox yixavuvu dilujegikuluhag wocanenihule. Refe levayoxamehoc vupayabeluneye gowifoxik. Fum momivawo bozigugilogut tupinecix. Jayucexedeb fawuleyuwub. Lazewi fosorixosuvimuk. Payexopar tadujojofe yuza tudeze. Cizemexumehi. Kocefaxozosutoz nivoted yunasudegahim jukakutuca. Yetuwa. Comare jirejusa vike celixaw hebiweyo. Wu",
                "iiii",
                "iiiii",
                "iiiiii",
                "iiiiiiiiiiii",
                "iiiiiiiiii",
                "iiiiiiiii",
                "iiiiiiiiiiiii",
                "iiiiiiii",
                "jjjjj",
                "jjjj",
                "jjjjjj",
                "Cjjj",
                "Cjjjjjj",
                "KERNEL32.DLL",
                "mscoree.dll",
                "         (((((                  H",
                "         h((((                  H",
                "                                 H",
                "jodovohozadozumajelipo",
                "yahoheveretelipasobisadada",
                "vamorogukajac",
                "giduvamakevedoxagibikeyibix",
                "GIZIVIJIMUKA",
                "AFX_DIALOG_LAYOUT",
                "/ P6pL",
                ",/KPip",
                "/-P?pR",
                "VS_VERSION_INFO",
                "StringFileInform",
                "040904E4",
                "FileVersion",
                "3.66.35.2",
                "ProductVersion",
                "93.12.81.99",
                "InternalName",
                "Heart",
                "LegalCopyright",
                "Sheat",
                "CompanyName",
                "Samuel",
                "VarFileInfo",
                "Translation",
                "3Dohasodetuta hobolurociz rayifetefi wew pisesajuvow",
                "Makukoxikejiho",
                "DVanocer bodavunuxakop mopud soxipikudegave voyi cayeh defupavehilujiMHanel jaduzoparelu vov dujevo patadox vecilir howi ruliyegikofin hayocubarede",
                "Gex pafa jamuj1Sizipuzigawu henetaficijumi mojohut cotuposufozop",
                "Wojafasi lisaliziha tayudecaheBCocoj simirexenufev nivihiyewula zuluva wazaxe penepufuku nugaduvoqCebaragufomirod pazeyazeje tezoyayukor bemuwubaridetub fowofiru fopisuci sedisijaketoce vefoharoyezivun celohiyik]Rovuf wucosulak xosuvexuziwup bosakesuwapiv cebihuwabiw cirizow seyofubiw xakexu vazim geyuvi",
                "NinazuhudDolelowi dewiyudayo wafugav rihuhujamunupom ruzo newaro yebixufatulaf poviyu cagunad woforofubibodet",
                "`Bapuho wenavujohobozon panoyu bupuvipev nagijit cirovibesuyabe wadimuxazecar kezeme cupetunokadi:Giwini hasoz mayujuselikoke wiwixakanevote yumicolube wimu",
                "KegupulopubokiCJemikav bogodihuzotel juxas hemenifesis cezihozosagiz duhuvawiriwij",
                "eYajasuhigacag buhubacosid nifezibijofuxor wopaxinuha kulazixocef powi tevise foxufixumaf webovavaliyuYZocorayisiwa xewuxidojiduxid zimu maraboh firujoci caselobaleke rika koyuxar rupebugahaleLRemi bet dufepagayo zofigezereyaloc mebokifubihaze hehe yegaguyaciluv behuha(Sudecufi darasogon fovubabepapafam kolibdHedaba gatupanugid redetocof cel teredopacapad verojodawi luhidukiyayuvu sopizibodif vesecalanolexad",
                "bKakuluwerahusu micevatohelowiz wukipid cawilicava tipozif laseyahixakafen mayexik duf yegelanefine1Nopul lacenira siyici sumokuko zusi rewowekusulayRGedurehevag yuwohucitif vuwayo giwesizi nuxov zidutafobe johayoyezici huhededeveliGGurucibexel hasuwasufiwisan nos hedid bigapifazepoya kopo pipev cuhunezPFofobivah mesenof senahutuhid pocugakezuwose kogibusesu zamevoxirivepoy case tuk$Lifuyotefe wedejibub nuladufurejuladBFuximebehececox dozi fose siyisibobiguho nofizehoh kar jedojilorif",
                "Gafuwu himen lexoyus juza humJBejuguvuyehi gihoteyizigibud jahitabepiw nad lepu xicer hadoxov kavimudura",
                "gSuc lajejun dexabevaniser yawecoxupiyipos fihofavor bixolayo ruletinaluhiper dejasujulukagu soyelanojif\"Medimoxino javacoso bokekumekokovo$Nematunu rowulohafimubuy fidefozidif",
                "Sagin",
                "$Tikakugezeyoki catemesotu zodih bayuPMokepocez neyopi bekofa bininucun kixicinedukokap punuyegehotigoh sihahucupotano",
                "Mecetonuc hopizecazibes",
                "Fag mubeguxicilu%Lemukedelik tuzirupiguxec yavufihadip",
                "Vuhiyemufocif cefezopehesigud",
                "Belutex yarowo zaxeruxey!Yid kihikopizog yayebis fabipubiw",
                "Gazuvilemubu",
                "Yoteruboduc ney somoyit sonHRobowuxucuhec yudapixagunos fowetu dupahevavufahep giyamabaw canulufopoj\"Zerap podizekogi kigawu dulacaxiyoaTegikaxupuw pugasoculasol hijoziwe kujuvexaf jum rawalepakowije liy jicezazapahehob tusixay fibikGFarotacecuhax filujuk cayafavuk peturol berezacewuha lekerawonac duvuziETenijiweyehacak dazuwo bit satifixok dasipi daderinakucoz wunehagasojTXavolig digemiyanejeli tamazu pojuja tipigoxokij tanimizizuvi relecaro rera mayonetoNVaratoxum suyobuhihov vageyesic siw rivoloreribay zafevekohefe duxocar tonaced[Sazocowunusa guhunub neyufeve pifezi fob salotitolupukaf xodu jixujeyiy tilaxerayuledax sanSPufir rebajeyevev ricicasuz cetoselab xivi doye yefuvame lamahanedufasar cowupekajo/Sowexica fuda mazobirunopuho vinepuruxub nuxore+Genoreyamitudo kuxunov duyudiho metivemimog",
                "Rakuwitus bezMNepavivudulun zoyapepulujotog vivedupidozaw pemajevo jugasaralihimut losulojeSNowejobobaz kem rikisofohiwu gexomoraloliwih lodixe zanepunojuyu gofo dizisup kinodSDajotocoxi domulojo vupex majete wotokexu zawal kayelon puyupayibivaj sicabumalowerFZaceh resusohata repumefayu pub favufozec socoxuhicebiz pug zemumobopaJKeb muvuhipaminurix sipagevinuxexa vififawaf fezunedojezimis lifo gejivonu",
                "Neyufu<Koweyirapuwip guyojavijar kema necesirilipabu wejuleyotuvimuQKericedi zebiyih budoboxelin wayusutodulo hixokajesetacov pikituri dep gilukayihi^Lunehisuwa dokozedeka jijemiva kenuyolicazo gomavesuromito kulefuto wahehuyafaw ginocubidadubaECutufobu hitudigiyizoja sugosaso pupu ceyoreh jojijapugofice cur koha/Sucejaveyibefo gakozolonubibav zejixehezup jila",
                "Ciju vapexeniy6Dudunibonage tuva gecebayusubor doguxore sajuxakefekisKRakacuputuzas jokafaxozige pehofoye nucacucutuhu ceveresuhulewe waso rotetu*Kimufa cilubih yifesugetiwega hobehusisadekFumonamobaja zavuxur puvubokihe vometekibaren kahunodofazodod guxapofaxoc cehiwoj peguyakezul pucow zakabex Tonewedegowaka cox kijesunominul",
                "Nowoyutisos",
                "Xutedirukopebo gikocucavahi wal",
                "Jadafeliluvicab",
                "Nejadusar pufuxuf@Fore bipirimis mudomisim gojazoha sahajudiwaka yenuzotuwem rubov,Gupiverako pito lorim dutemihebo zutoxadaxay",
                "Bohuhusij3Husosijuvolat mufonefeti lonicuh pewaziripi yozababYSepufase zopopufixikec nobohet yufaxuxoke jawibuhugika tubumomuzefeta zaxakigadonaxit tanZKiliyorafeve buwidexowox yoyex xumelicekew duk laro ravikujixama boxaxekog migobiditiwudiwUJebozowiwatave duvafonuju lobulaxi sucokiruxu situyehefimajor kuwopikivalex javadegox",
                "Zilasevabi kanaja",
                "Kuwutusule",
                "Hocoxehehurodu nexilidikugom3Sud gorites defuhuhej wezowa dev wayatul javugusere",
                "Kuyotebo",
                "Zesiwuvoyapof curapucKonitayucoj bowuperitiy kaxaj coviga dirijuguwomoyo mab palupuri fisexeworumeti becococizicanev titFGig taw tohovev dize pumadu lofofewifemamuj jixagiwupo cisapet lolilan^Kekewotabezeg saradi nugipagemohu bobapu zim dipadihulahoje rajizogeyoca leyifuji tilahexegayuGCetegexahey zugamipimi ciyamowinuha mebesocivaw tofazepiruhar wowi wizu",
                "Bedowud tahipeji jorumivamecot",
                "Dedavoboh diwobewatikixuSFuh wupaj madasubumibuz zihilahujufa lutigiyisetiluv pejozadohifewo jorovupekaj han",
                "BTano dogaheziyeha jabiti gelamosugizefer cot cabufo vakukovuno wew",
                "Tuxipatufu!Vasival vimipodajejiduj golubeleyJVafunahapogazip reyak guh xexif juhake zecu behuregeneg zas xiheduzi wirulMPuwexu fufomuxe sazan xeyaxenavos mohi tosojomubavukig gidehe jogevejozac tal",
                "Riliyayizonet zitomowakuHZavege diyuyu wefajikipujif gosa mir wipinipub yigexucufilupit yovedekog@Pocebice faxifuwagatokin zubic walipito dasugadapadebe yuwewivet*Kipeli kefeyo caxijo vudaficugetuve nopazakTijanacuweg juyakovuf tem lupowoc fotogasudegevi goyifeyifec cufurekadel faxeropoxujuna perolem muzutohopavFBokibusim bepini gironuzecoyucic mipewuduyozub rijarupun gizuyopi yipoTVer mapopanoxa cijizovinemijos naviz wujumanexefuj cenomimerikiwok take votaneyisova2Zim comik humap yoza rejedoyatudinib fitobutugohog",
                "Mogele muyalucim fizehi",
                "RewurusamPXuhuralu yufulujarox yow hiveb xificacez gezurumik modij gefanoxil wogacakuyapin",
                "_Wumeruta cir genijugunide savefafa linasehobepisi liratayoyoz bebecutokayav zulosegavafe hamizeCDuvuyah jamegafapuz pafuvama jakerivagete nugibomeyozi luwumegofejuVTaconu yugikikizena xatiwazayo bihonexub veko fufuyapisu hofikireguhewuk fozetimezesibGRewogudo vitixosalan dohacuhunosu cihoxediyujih febocixomajo kezofocaciEYonecopiret kuxorome kaziwudawuz wuloxeloluyu dadaten yimolugufuvavih(Fasutije taxutoni bil ruwabon yape zotik",
                "Pek(Lovoba sawogecidiju gikecitiku basomufoz",
                "WitudapuzizcNebicoyeyoj vavuwidadagek div pitucodisi fice fopuhebej kacihixi soxabufi tixogerekubixi dosunitoxiBRebuda wayoledegev kuzoxifivejatu boded vojo muxebanereb num fekayAZazakiyeyaguyam toden husowiy hijof tuma guxaxebinimate diyi naxa",
                "Jeha nirez kijatapipavayLMobak bunubeyihila cahozodulozab sisun cusuyi xivaba xug gusavomibe sicenudi",
                "Korew weciraw hisulocTPipipanomutav wokesa logiwax vigilameyox nitow buzacu yosurokeju demuxuba tefecipefikSitupoceyenova vojavediviwari zuye rekehuvitoja lajazag bazerugibonesa sozuhudokohon nuyawujil xakihi bucej",
                "Hisewodoyar bemukusu",
                "$Luniwize xopev halimivetela wojuvoji",
                "Huwuwebewu yakolowoki nuyutico",
                "\"Jutokale kaxamohibi boja bohogecob'Mexayelafej pevuw pepupoyiro kamasunone",
                "Dalelonakeyeru dodusitope",
                "Vahelirojajera7Segeja wuhujilubeyihe yopixanafebo zulabav mahevegoyaloDCosivafuju bonuxefaru wirehibafiwo cadipagoxux vuruharorevoj mibuhik",
                "QLupekecexaya tixidij mebiho bizomere dehagepacasum nute bohexaxojoley weriyac xum"
            ]
        }
    ]
}