{
    "malware_data": [
        {
            "filename": "41dbdaeb1dc8fe40358a5e168af596da85c6a84796e63c9d10c11f2077129eaf.exe",
            "filetype": "4D5A9000",
            "filesize": "56KB",
            "hash_sha256": "41dbdaeb1dc8fe40358a5e168af596da85c6a84796e63c9d10c11f2077129eaf",
            "strings": [
                "!This program cannot be run in DOS mode.",
                "A1GIA+",
                "A1G}A+",
                "A1GyA8",
                "A1GJA+",
                "ARich*",
                ".text",
                "`.rdata",
                "@.data",
                ".reloc",
                "B.cdata",
                "<SV3",
                "<SVW3",
                "Y_^[",
                "SVWj",
                "tX9}",
                "tAf9;t",
                "SVW3",
                "(_^[",
                "LSVWj(",
                "j(VS",
                "G$9u",
                "t%9u",
                "Y_^3",
                "$SVW",
                "YSj9",
                "j\\Xf;",
                "Y9|$",
                "D$Lh",
                "D$PPSj",
                "D$$P",
                "D$$PSSSSS",
                "D$@PS",
                "QQSVW3",
                "YSj>",
                "QSVW",
                "u$9E",
                "SVWj23",
                "[WWWW",
                "tjWWVhKE@",
                "_^[t",
                "CtDHH",
                "etTHtI",
                "^[_]",
                "tPWWW",
                "t.9u",
                "Yj(j",
                "0SVW",
                ",SVW",
                "Yt.j ",
                "D$dPjXh",
                "D$\\;",
                "D$Lu",
                "t$8P",
                "D$(;",
                "D$,;",
                "9\\$\\txj",
                "9\\$4u",
                "9\\$4t",
                "9\\$@t",
                "9\\$D",
                "9\\$4",
                "9\\$4u0j",
                "Y9\\$4t&9\\$Xt ",
                "D$4P",
                "SSSh",
                "D$,Ph",
                "9\\$Pt.",
                "Wha!@",
                "t$(S",
                "t$4Wh",
                "D$ 9\\$ t",
                "u?9\\$4t",
                "9\\$<t",
                "9\\$\\t",
                "Y9\\$4t!",
                "9\\$ t",
                "|$(;",
                "|$,;",
                "YY9\\$0t",
                "YYY]",
                "@_^]",
                "SVj\\",
                "@^[]",
                "vz9~",
                "v'SP",
                "SVj8",
                "_9^$t",
                ";_0w",
                ";_4r",
                "t!9M",
                "!j;_f;",
                "j;Yf;",
                "@_^[]",
                "t_f9",
                "_^[]",
                "SVWj ",
                "t5SS",
                "QVW3",
                "QQSV",
                "t*FV",
                "QQSVW",
                " VW3",
                "QQVW3",
                "YVVV",
                "YPVW",
                "VVVj",
                "teSVV",
                "tEWVVVV",
                "YY_^[",
                "PWh8",
                "H&WQ",
                "@SVW",
                "Vu)f",
                "x,vu\"",
                "VuQf",
                "x,vuJ",
                "SVWj\"",
                "Yj;W",
                "u29E",
                "YY_^",
                "PSSSSSSh ",
                "G;>r",
                "D$PPj%",
                "L$hQ",
                "D$lSP",
                "D$LSP",
                "D$<P",
                "9\\$<u",
                "D$ P",
                "L$,Q",
                "D$ 9D$(",
                "D$,P",
                "9t$(",
                "D$D;",
                "D$HY_^[",
                "dSVW3",
                "PVVVVVVSV",
                "PVVVV",
                "YY9u",
                "D$LVP",
                "D$0VP",
                "D$<VP",
                "D$0P",
                "D$8P",
                "D$LPVVVWVVV",
                "D$pD",
                "9t$8t",
                "9t$<t",
                "D$(Y_^[",
                "t9WVVPh",
                "t!VW",
                "_^Y]",
                "LSW3",
                "t6WSh",
                "j@Y+",
                "Ph~f",
                "u[9E",
                "93v_",
                "SVj(",
                "D$ Pj",
                "D$(PS",
                "D$0h",
                "D$,PhDT@",
                "D$$PS",
                "QSVW3",
                "j Yf;",
                "j Zf;",
                "j\\Zf;",
                "SSVh",
                "@_^[",
                "t;SV",
                "_^[3",
                "t5S3",
                "t+S3",
                "t0j\\V",
                "tO9\\$",
                "Vj\\W",
                "YC^W",
                "cu4f9N",
                "Xj\\Y",
                "u|f9O",
                "?uof9O",
                "j?[f",
                "t jUZf",
                "jCZf",
                ".u&f",
                "t-xC",
                "teSVW",
                "tOVW",
                "VWj0",
                "t$,S",
                "D$,j",
                "QSV3",
                "W95p",
                "H83H",
                "H(3H",
                "SVWh(",
                "SVWua",
                "YSVWj(j",
                "YY_^[]",
                "pVW3",
                " VWh",
                "!{ !{",
                "f9DJ",
                "x*!]",
                "QQWPj",
                "j@^;",
                "F@j83",
                "j@Z+",
                "tFSVj ",
                "r/v(j",
                "F$9E",
                "F PP",
                "tih(",
                "(SVWj",
                "t>9u",
                "u99}",
                " SV3",
                "JNIu",
                "vRQ>",
                "8STs",
                "LwH'",
                "<Se>/E",
                "0123456789ABCDEF",
                "WNetCloseEnum",
                "WNetOpenEnumW",
                "WNetUseConnectionW",
                "WNetEnumResourceW",
                "MPR.dll",
                "WSAAddressToStringW",
                "WS2_32.dll",
                "GetIpAddrTable",
                "IPHLPAPI.DLL",
                "WinHttpReceiveResponse",
                "WinHttpSendRequest",
                "WinHttpConnect",
                "WinHttpCloseHandle",
                "WinHttpOpen",
                "WinHttpOpenRequest",
                "WINHTTP.dll",
                "ExitProcess",
                "SetFilePointer",
                "WaitForSingleObject",
                "GetComputerNameW",
                "SetEvent",
                "GetLogicalDrives",
                "GetTickCount",
                "Sleep",
                "CopyFileW",
                "GetFileAttributesW",
                "ReadFile",
                "CreateFileW",
                "MultiByteToWideChar",
                "CreateEventW",
                "WaitForMultipleObjects",
                "CloseHandle",
                "SetFileAttributesW",
                "CreateThread",
                "InitializeCriticalSectionAndSpinCount",
                "LeaveCriticalSection",
                "EnterCriticalSection",
                "ResetEvent",
                "DeleteCriticalSection",
                "AllocConsole",
                "WriteFile",
                "WideCharToMultiByte",
                "WriteConsoleW",
                "GetStdHandle",
                "CreateMutexW",
                "CreateProcessW",
                "GetCurrentProcess",
                "SetHandleInformation",
                "OpenProcess",
                "GetLocaleInfoW",
                "ReadProcessMemory",
                "TerminateProcess",
                "GetModuleFileNameW",
                "FlushFileBuffers",
                "OpenMutexW",
                "GetLastError",
                "GetProcAddress",
                "Process32FirstW",
                "GetExitCodeThread",
                "CreatePipe",
                "Process32NextW",
                "GetModuleHandleA",
                "CreateToolhelp32Snapshot",
                "ReleaseMutex",
                "GetVersion",
                "DeleteFileW",
                "GetCurrentProcessId",
                "GetVolumeInformationW",
                "ExpandEnvironmentStringsW",
                "HeapAlloc",
                "GetProcessHeap",
                "HeapReAlloc",
                "HeapFree",
                "FindFirstFileW",
                "FindClose",
                "FindNextFileW",
                "SystemTimeToFileTime",
                "QueryPerformanceCounter",
                "GetLocalTime",
                "GetCurrentThreadId",
                "SetEndOfFile",
                "SetFilePointerEx",
                "GetFileSizeEx",
                "MoveFileW",
                "KERNEL32.dll",
                "GetShellWindow",
                "GetWindowThreadProcessId",
                "USER32.dll",
                "OpenProcessToken",
                "GetTokenInformation",
                "EqualSid",
                "RegQueryValueExW",
                "LookupPrivilegeValueW",
                "LookupAccountSidW",
                "DuplicateTokenEx",
                "AllocateAndInitializeSid",
                "FreeSid",
                "RegOpenKeyExW",
                "AdjustTokenPrivileges",
                "RegCloseKey",
                "RegSetValueExW",
                "ADVAPI32.dll",
                "ShellExecuteExW",
                "SHELL32.dll",
                "CoUninitialize",
                "CoGetObject",
                "CoInitializeEx",
                "ole32.dll",
                " n;^",
                "Qkkbal",
                "i]Wb",
                "9a&g",
                "MGiI",
                "wn>Jj",
                "#.zf",
                "+o*7",
                "Cg;G",
                "0i0t0",
                "4F4M4]4",
                ":9;m;G<v<",
                ">@?|?",
                "0H0`0",
                "4F4T4\\4t4",
                ":&:I:Y:d:x:",
                "=O=W=",
                "=)>G>",
                "?$?3?:?",
                "2 3]3",
                "3[4d4",
                "435B5",
                "8(959",
                "9F:b:{:",
                "=#=/=",
                ">/>D>Z>a>",
                "1I1P1",
                "3Q4X4g4",
                "555>6P6W6",
                "697L7",
                ":W:s:z:",
                ">:>@>j>x>",
                "> ?/?>?X?",
                "1a2s2",
                "2)343}3",
                "3!454",
                "5?7H7w7",
                "8M9l9u9",
                "0r0}0[3",
                "465<5N5",
                "5+6f6r6|6",
                "6'707@7P7^7",
                "8$8/8|8",
                ";7;@;M;Y;t;};",
                "<*<3<@<L<e<l<y<",
                "=)=2=?=K=f=o=|=",
                ">0>>>R>c>",
                "0/060C0O0^0j0w0",
                "1 1-181R1[1h1t1",
                "2*262H2Q2^2j2",
                "3+3;3P3e3u3",
                "8%8+81878=8G8U8^8g8v8",
                "878^8",
                "8:9h9d:",
                ":*;A;~;",
                "<A>[>q>",
                "O0V0n0u0",
                "^iiF",
                "Gxldl",
                "`5dE",
                "EQS~",
                "D!9d",
                "!1wWO",
                "T4ej}",
                "q[(;",
                "iEC[x",
                "7-.5",
                "Fy\"g",
                "cn/9",
                "g);c",
                "Z]Xg",
                "6Orz",
                "3`'[",
                "p:Yt",
                "ePwy",
                "V\\:R",
                "*C [",
                "eanrX]",
                "i8ZzqPW",
                ":>#q",
                "C?Vd",
                "qSB`",
                "' SC",
                "!6ng",
                "cKlkw;",
                "%[[uk5q",
                "w<8X",
                "Dqt:",
                "]&_nU\\",
                "i8>s",
                "rKGz",
                "Q{^_",
                "@?6|",
                "XJku",
                "f@.\\%",
                "Vk0}",
                "jc\\>g",
                "W op?B#",
                "POcz",
                "iS\"I",
                "#K]z%",
                "Kv;e",
                "J\\C.H",
                "Ga:v",
                "(&`;",
                "&::$OgF",
                "Q>NN5Y",
                "g8w|g",
                " n3f",
                "q)=!",
                ">\\-&",
                "|n[-E",
                ">(Ib",
                "#U}9",
                "udLq",
                "Hi\"&s",
                "K-IK$",
                "UWRa[d",
                "oL)D",
                "\\;E\"$$",
                "QP!]d]6",
                "!Fq:|",
                "C~FKT",
                ",>G_`INb",
                "hVxa",
                "_))X",
                "|/eKK",
                "lOwp",
                "Z'6P",
                "j<5=",
                "5[<a",
                "PD[5",
                "<G`f",
                "[aP]8|",
                ",}\\a3",
                "Vj^^",
                "pduz",
                "n.FO|",
                "+Ld?",
                "l4\\)",
                "z6N8",
                "<XL|HS",
                "ro/}",
                ">G%*D",
                "4rKX",
                "sb*A",
                "7Wct0>",
                "8b3>",
                "&qGUL",
                "JAi,",
                "_[kWL",
                "bAM'",
                "u8x!#2o",
                ".'jV",
                "?[*;D",
                "270d",
                "0V+<",
                "YdQ{",
                "(%8+E*,",
                "Fj[V",
                "|n~F",
                "_Dg!T",
                "\"sP?",
                "^Up%0",
                "bDpj!c",
                "tWKj",
                "}=c ",
                "N:OJ",
                "l@WAg",
                "8')x",
                "~0^)",
                "LH0n5",
                "jVdPf",
                "RNfG<",
                "HQuS=",
                "l!NHU",
                "W?;*iU",
                "+4EN",
                "4-bh",
                ")g9W]",
                "5[JJP",
                "}1J`",
                "W%7j",
                "@z{Jq",
                "82Vx",
                "AqI=",
                "iz&|",
                "c1^l",
                "DB`(3",
                "^'uBXj",
                "F{H}kSw",
                "_I^-",
                "{}J`>",
                "v|)Yh",
                "u.c]",
                "OF_d",
                "5gI;",
                "{@<_",
                "b\">1",
                "4:t) E7N]i",
                "b.z~g",
                "(2CT",
                "RB$|",
                "\\\\?\\X:",
                "\\\\?\\ :",
                "\\\\?\\UNC\\\\\\e-",
                "POST",
                "ELVL"
            ]
        }
    ]
}