{
    "malware_data": [
        {
            "filename": "043aa637e4f804322c03ccdccb3f5030c3009b3f3f3da2a6506163007e123674.exe",
            "filetype": "4D5A9000",
            "filesize": "9598KB",
            "hash_sha256": "043aa637e4f804322c03ccdccb3f5030c3009b3f3f3da2a6506163007e123674",
            "strings": [
                "!This program cannot be run in DOS mode.",
                "ZRichGo",
                ".text",
                "`.rdata",
                "@.data",
                ".pdata",
                "@IDATA",
                ",''''''''",
                ",'''",
                ",'''''''''",
                ",'''''''''''''''",
                "+,'''''''''''''",
                ",''''''",
                ",'''''''''''",
                "'''''''''''",
                "PQASWVAQAPI",
                "AYAYAXAY^_A[YX",
                "|+n+",
                "d:l-;",
                "d:l-\"",
                "d:l-B",
                "=d%*",
                "a#o+",
                "''''''''''''",
                "d1o=",
                "a-l+",
                "'''''''",
                ",''''",
                "'''''''''",
                "'''''",
                "''''''",
                "dgjW",
                "'''''''''''''",
                "dgmK",
                ",''''''''''''",
                "''''''''''",
                "d*n=",
                "d*,''''''''''",
                "~*d*",
                ",'''''",
                "+,''''''",
                ",''''''''''",
                "+,''''''''",
                "d\"n=",
                "=d-,'",
                ",'''''''",
                ",'''''''''''''",
                ",''''''''''''''",
                "''''''''",
                "+'''",
                "d n=",
                ">''''''''",
                "Y*l+ l",
                "+,''",
                "~+,'''''''''''",
                "dgkO",
                "''''",
                "VDEEEEEEE",
                "d9d9",
                "d1d0",
                "d+SDEE",
                ",''b",
                "~,d,",
                "d(d3",
                "d)0nS",
                "d8n!",
                "dAd(",
                "d,0nk",
                "d&d3",
                "d3o\"",
                "d&n+",
                "~*n\"",
                "{''''''''''''''",
                "''''''''''''''",
                "{'''",
                " '''",
                "+,'S",
                ",''S",
                "@*n+",
                "dwuc+N",
                "{,''''''",
                "d<d(",
                ",'''''''''''''''''''''",
                "dgm[+N",
                "d,,'''''''''''''''''",
                "d#d<",
                "j*,y",
                "\",''",
                "d?d$",
                "e.!3",
                "d;e$",
                "Y*l+;",
                "Y*l+B",
                "Y*l+\"",
                "`d, 3",
                "e'''",
                "e+,'",
                "e-!3e-",
                "e-!3",
                "5d; =",
                "d%n!",
                "*do~",
                "d*bg~",
                "S&'''",
                "d+dg~",
                ";dov",
                "#bg~",
                "d2n\"",
                "d@dof",
                "S&''' ",
                "d2 4",
                ";doV",
                "d/dg~",
                "\"bv{",
                "\"bV{",
                "pdoV",
                "\"bv+",
                "d%Y'",
                "\"bn+",
                "lOV/",
                ";doV/",
                "-dn+",
                "lO~/",
                "do~/",
                "#bg~/",
                "(d0 ;b",
                "e$o\"",
                ")d1 ;b",
                "n!d) <",
                "d0n\"b",
                "V*bG",
                "d*d>d$<",
                "d-d#",
                "= =l",
                "d1d&",
                "a;o+",
                "a*o=",
                ",''''''l",
                "dgmc",
                " 8l\"",
                ",'''b",
                "d3d(",
                "Tkkkkkkkk",
                "d>d(",
                "d.l&",
                "Y0l+;",
                "Y0l+B",
                "Y0l+\"",
                "d.n+",
                "Y(l*;",
                "Y(l*B",
                "Y(l*\"",
                "8d.l&",
                "dAd&",
                ",'''0",
                "e)e*",
                "d* 3",
                "d+o=",
                "d1d)l",
                "+d$U",
                "d-,e",
                "+,'''",
                "d d@",
                "d:o+",
                ",''d",
                "~+,'''",
                "d*d%",
                ",'''d",
                "3b{C",
                "d d$",
                ";d0*",
                "#lKC",
                "#lJC",
                "jd)n!",
                "d)n+",
                "K'''",
                "d$do",
                "dAdo",
                "d#l#",
                "@*n+.",
                "@+n+",
                "d*,d",
                "d-,''",
                "d1do",
                "d)d8",
                "d#do",
                "d)do",
                "d@d$",
                "d1 ;C",
                "dw!KG~",
                "po!KG~",
                "{d8d",
                ";n+b",
                ",'''d:",
                "d2d>",
                "d/d(",
                "#d><",
                "d*,'''",
                ";d-d%*",
                "-,'''",
                "d:d**",
                ";d**",
                ";d*l",
                ":d-*",
                "d*d*",
                ",'d:",
                "a#d-*",
                "\"d-*",
                "d2e-*",
                "d, 3",
                "?d)<",
                "S&'''n\"",
                "e0o+",
                "mdoV",
                "4S&'''",
                "do0{J",
                "doqw",
                "4d-R",
                "dgq3",
                "W#d*",
                "#.24",
                ":R#/",
                "d3n+",
                "d$d,d<l",
                "d#l\"",
                "#d:l%",
                "d:l%",
                ":d%l\"",
                "d%l\"",
                "d+d:",
                "d+d%",
                "d+d2",
                "d,d:l%",
                ":d,d%l\"",
                "%d,d:l%",
                "%d,d:",
                ",''''''''''''''''",
                "*,'''",
                "d$ :j\"",
                "+,''''''''''''",
                ",'''S",
                "'''''''''''''''",
                "@;n4",
                "<d, 3",
                "'''''''''''''''''''",
                "''''''''''''''''''''",
                "kernel32.dll",
                "comctl32.dll",
                "shell32.dll",
                "GetCommandLineW",
                "GetConsoleCP",
                "WriteConsoleW",
                "VirtualProtect",
                "CloseHandle",
                "ReadConsoleW",
                "SetLastError",
                "Sleep",
                "UninitializeFlatSB",
                "FlatSB_SetScrollProp",
                "ImageList_Copy",
                "ImageList_GetIcon",
                "ImageList_Add",
                "ImageList_Merge",
                "MenuHelp",
                "ImageList_BeginDrag",
                "PropertySheet",
                "LBItemFromPt",
                "ShowHideMenuCtl",
                "InitCommonControlsEx",
                "SHGetFolderPathW",
                "SHGetDiskFreeSpaceExW",
                "SHHandleUpdateImage",
                "RDXO",
                "2iC;k",
                "CwQZ",
                "_b9py",
                "ja,%",
                "(=.@",
                "e4&9",
                "SXz9G",
                "/0E=>3",
                "5|{v0uC$",
                "_qE{",
                "s&#.",
                "BA^^!",
                "4IaL",
                "\"5e_",
                "E35p9",
                "IDR,",
                "8@%1",
                "*uc>r",
                "@OfV",
                "'?,S",
                "4U~^v",
                "c>G*",
                ")'Hn",
                "kjmlonqpcbedgfih{z}|",
                "srutwvyxKJMLONQPCBEDGFIH[Z]\\_^a`SRUTWVYX+*-,/.10#\"%$'&)(;:=<?>A@32547698",
                "urrrrr\"",
                "?1Urrrb",
                "[.Ax",
                "+s7P",
                "[IpH",
                "KI3R",
                "k>zV",
                "k!{,",
                ";v5&",
                "{:R(",
                "kKp;",
                "KbB=",
                "&V5Sd",
                "FWJy5",
                "+=Mo",
                "j[hZn'",
                "0:Oq",
                "QN)Al",
                "^4KG",
                "HJWq",
                "urrrrr",
                "R}+W",
                "}\\Y ",
                "9+eS",
                "Ez2>",
                "JVo!",
                "wMgk",
                "{l[e",
                "dqP+",
                "lHQ4v",
                ",;H~",
                "*L5L",
                "j<39",
                "b.n=",
                "b0n=",
                "b/n+",
                ",{{{{{{{{{{{{{{{[",
                "b0b<",
                "@# :",
                "k-;k",
                "k*;k",
                "b*b;",
                "c:b#",
                "a+n+",
                "bAkW",
                "b0kW",
                "b1b<",
                "N1l{",
                "b1b>",
                "b1b@",
                "b11l",
                "b/b@",
                "=c|C",
                "b1kT ",
                "b.b@",
                "N1lN",
                "b/b>",
                "NkT!",
                "b1kT!",
                "b(0o",
                "dg/s",
                "b,b>",
                "b,b>X",
                "b?lU",
                "b0bA",
                "b0b>",
                "b1b+",
                "Rkkkkkkkk",
                "Skkkkkkkk",
                "l-;l",
                "@; =",
                "@3 <",
                "~-o+",
                "a+o=",
                "b1n+",
                "$1qC",
                "b>Rk",
                "b,b@",
                "Surrrrr\"",
                "+cps",
                "8l+Xl",
                "b.b.",
                "b11p",
                "Ncs{",
                "+cmb",
                "+cqb",
                "+cic",
                "+ql{",
                "+cm[",
                ">U9Zv",
                "b1b3c",
                "b1kT",
                "!:o*",
                "b*k\"",
                "b*cd",
                "b0b@",
                "~*lW",
                "b1b>d|",
                "b)dG",
                "b1do",
                "+cqG",
                "+ql[",
                "+qls",
                "\"qds",
                "+cqD",
                "b1bA",
                "b.b ",
                "\"cd3",
                "b.kW",
                "b.kT",
                "+clX",
                "N1l3",
                "b1kTV",
                "\"Uk:",
                "\"qcS",
                "+1l:",
                "b31l",
                "b10p",
                "b5o+",
                "b1b@kW",
                "+cd+",
                "b,lY",
                "b&cg",
                "b1b,",
                "b1o+",
                "+cl]",
                "b3b\"",
                "b/1p",
                "\"cd$",
                "+cj$",
                "+cl%",
                "+cnq",
                "k+;V",
                "b1b<k",
                "b,0o",
                "SZl^",
                "UiE;",
                "b0b<e",
                ">9Zv",
                "b)Rk",
                "b=j0 ?",
                "/TGi",
                " !k%",
                "b,XKg",
                "  k%",
                "b01qq",
                "b0kY",
                "b01q",
                ",1q{",
                "b01q[",
                "+cqT",
                "b01q+",
                "4cy%",
                ",kR+",
                "+cq}",
                "b01q|",
                "+cqM",
                "+cqJ",
                "b01qK",
                "b01qx",
                "b)lR",
                "b0lY{",
                "b01q*",
                "b01qJ",
                "+cq4",
                "b01q5",
                "b)kRC",
                ",kR[",
                "b)ej",
                "b)kR",
                "b01q~",
                "b01q'",
                "[\\w-,",
                "<8n7",
                "If%RNv,",
                "b)kU",
                "RZl^",
                "RiE;",
                "SiE;",
                "b<b)R",
                "b*o+",
                "Rurrrrrr",
                "RDEEEEEE",
                "Ry3bv3bv",
                "l0;]",
                "l1%]",
                "SDEEEEEE",
                "b,b3",
                "SqWS",
                "&w#M*",
                "b#bo",
                "b+bo",
                "b;bo",
                "b,b_",
                "b$dg",
                "b+dg",
                "b0bW",
                "b@dG",
                "b&dg",
                "b7ex#",
                "~+o*",
                "b-do",
                "a1n+",
                "b1b2",
                "~11o",
                "b1lW",
                "b1kW",
                "b b*",
                "b)de",
                ",lRc",
                "b)lRc",
                "H)b3",
                "H(b3",
                "b-b#",
                "#l+8Z",
                "b)dec",
                "RkkkkkkkkT",
                "@+ ;",
                "+cl2",
                "Ncl3",
                "+cl5",
                "b1kT3",
                "b#ee",
                "b'em",
                "b)dE",
                ",n\"Y'",
                "b+b;",
                "a#b.l",
                "=1q*",
                "b,1q*",
                ",1q[",
                "b0kY*",
                "b)dEc",
                "b0bAjTs",
                "b0b#",
                "#cl#",
                "+cl'",
                "+cl\"",
                "b.b<",
                "b*b5",
                "b$!-",
                "+cl+",
                "+cl:",
                "+clv",
                "b1kTK",
                "=c|y",
                "Nc|w",
                "+clJ",
                "b1kTw",
                "b1b@0",
                "bAd}S",
                "b,b+",
                "b#dg",
                "+b-j",
                "*b%j",
                "*b&o+",
                "%b>o+",
                "k%kc",
                "Smkp",
                "U!&l",
                "b([j",
                "Rjjjjjjjj",
                "a*b%j",
                "V# :",
                "@#n\"",
                "+qq#",
                "l+KR",
                "b1ew",
                "b.b>k",
                "b0b2",
                "+qqC",
                "Srrrrrrr",
                "\"qcc",
                "b,o+",
                "k\"kc",
                "b0eq",
                "~*o4",
                "b\"l\"",
                "b;o\"",
                "Nder",
                "N0k_",
                "b(kUJ",
                "l+sR",
                "U(D94",
                "SG6H\\",
                "DOeVLs,",
                "\"chK",
                "Surrrrrr",
                "~-o\"",
                ":dl+",
                "b)RK",
                "a>o=",
                "a6o4",
                ":x*9",
                "RMVo!",
                "a:n=",
                "b_#3",
                "b@Y3",
                "dg 3",
                "bo;3",
                ":b**",
                "b)du",
                "b#l+",
                "b/do",
                "l+;l",
                "}+o\"",
                "l*Xl",
                "0l+jl",
                "Ab*[",
                "l+[R",
                "l+cR",
                "l-1l",
                "+o,S",
                "b(eo",
                "b01o",
                "b3cw",
                "X&'''''''",
                "-b;l",
                "b1b:",
                "b*b:",
                "b,b:",
                "b-b:",
                "b6b:<",
                "Xkkkkkkkk",
                "+l-;",
                ",l+;",
                ";b;*",
                "`+n+",
                "Vkkkkkkkk",
                "b*o\"",
                "b3o+",
                "UTV@28",
                "a@m9",
                "*TSf",
                "b$o4",
                "k\"+c",
                "Ykkkkkkkk",
                "Xkkkkkkkk{",
                "%b;*",
                "b+b%",
                "b=b*",
                "W&'''",
                "R;(((((((",
                "Ukkkkkkkk",
                "U;(((((((",
                "R88888888",
                "+b* 2",
                "b3 ;B",
                "#b#l",
                "H-b8",
                "l0xl0",
                "H-b!",
                "l+xl+",
                "{,l1;",
                "l1xl1",
                "{-l1;",
                "{-l1;l",
                "Y&'''",
                "R&'''''''",
                "}+b_",
                "bog[",
                " @dw_[",
                "bG_[",
                "~,!4k",
                "doWC",
                "doWG",
                "dwWC",
                "dWW[",
                "boW[",
                " ;dwW[",
                "bGW[",
                "&j.'",
                "}+bW",
                "0oo[",
                "bo_S",
                "booC",
                "~-!5k",
                "b_oS",
                "dooO",
                "dgoK",
                "dggS",
                "bwgS",
                "}+bw",
                "~-!5",
                "boWS",
                "bo_C",
                "}-l*jl",
                "1bA*",
                "5b-*",
                "b:!2",
                ":!:+",
                "YxQY",
                "UxQY",
                "%b; 3",
                "b;!;+",
                "dg'{",
                "|+b-",
                "}+]o,b;",
                "ECx,",
                "\"ch3",
                "d_'{",
                "d_'s",
                "bAb(e",
                "dO/S",
                "do/S",
                "b2UC",
                "b,n+",
                "b@dw",
                "S}jw",
                "Uqo3",
                "b)kR+",
                "ykN,j*",
                "a;n=",
                "dg?3",
                "bg,3",
                "bW'3",
                "l,{k",
                "},o\"",
                "bO 3",
                "+l*Vl",
                "k-Bc",
                "5)MH,",
                "@\" :",
                ",b-l",
                "=b;,*",
                "b#,f",
                "b.b;",
                "@'n\"",
                "@$n\"",
                "@\"n\"",
                "b@b$",
                "@;n=",
                "@%n\"",
                "+cq\"",
                "+cl#",
                "+cq#",
                "bAn\"",
                "doW+",
                "L(l:",
                "b:b-",
                "dook",
                "L)l:",
                "d_'+",
                "L@l:",
                "`+b2",
                "b+b:[",
                "*OoK",
                "b(dj",
                "b>b%",
                "L;l;",
                "bAb$R",
                "b(dg",
                "b,!,",
                "b$b1",
                "b.o+",
                "b8b*",
                "V\" :",
                "a-b;",
                " :!*",
                "`\"b%*",
                "b*l*",
                "+b-<",
                "+Z.R",
                "4Z/*",
                "(|/*",
                "b ew",
                "\"b-b;",
                "b2o+",
                "b*b#",
                "b+b1",
                "=b$*",
                "b#b:",
                "b)b<",
                "b@b*",
                "b0jYs",
                "~+!*",
                "*o4eg",
                "b;o4",
                "b&dw",
                "b)o=",
                "b)b=",
                "b#,[",
                "b(djs",
                "R&''''''",
                "YEEEEEEE",
                "b)jR",
                "N0k#",
                "N0m#",
                "-dm?",
                "b#db#",
                ",j* ",
                "N0ls",
                "Nbv#",
                "N0l#",
                "b-!=[",
                "8l-X[",
                "l*nl",
                "}+,jR#",
                "n:Sk",
                "`*b**",
                "=b*b#",
                "(b2b",
                "b$k,",
                "b*o=",
                "b2 :",
                "b@b2",
                "8k-X[",
                ":b#!3",
                "*!:+",
                "n+R#",
                "*j*g",
                "a#!3!o",
                "b)b2*",
                "b(b:",
                "b.n+",
                "a+RX",
                "k,xk",
                "a,RX",
                "b2b-",
                "l,xl,",
                "l-xl-",
                "l*;l",
                "8l1Xl",
                "l-xl",
                "*b#l",
                "%b;l",
                "b0o+",
                "b@o4",
                "l0Xl",
                "b>b*",
                "l*xl*",
                "#,k*xk",
                "a*UX",
                "a\"o+X",
                " !b:",
                "SKuNW",
                "a*n+",
                "b.j.",
                "Ssrrrrrr",
                "b* 2",
                "b)dg",
                "Usrrrrrr",
                "r-j-",
                "\"bgo[",
                "2:*b",
                ":+b-",
                "#:+b",
                "b/b;",
                ":+b-b",
                "6:.b",
                ";:+b",
                ":/b#",
                "5:-b",
                ":*b(",
                "b,*,",
                "b<*,",
                "9b *0",
                "b6*.",
                "b@*0",
                "b0*0",
                "b)*1",
                "b9*1",
                "b1*1",
                "RW4bjN4^",
                "S^>gd1v*",
                "V7B[",
                "S-hC",
                "R8\\~v",
                "RS:T",
                "S#;=S",
                "RLS]A",
                "1] L",
                "0Sq:",
                "SQs#M.",
                "SWY\"",
                "$Y?.",
                "=.Z?",
                "#.^?",
                ";.F?",
                "3.N?",
                ".f?@.",
                "!.6?",
                "do7s",
                "\"bgo+",
                "j/N4^",
                "j.Om",
                "j/Yn",
                "fqsE",
                "t*dw",
                ",j,1v*",
                ",j,7B[",
                "j*Eo",
                ",j,#",
                ",j,n",
                "S^W[",
                "$j, L",
                "bA*1",
                "b>*.",
                "b#*+",
                "b)b#l",
                "8l+X\\",
                "@b,b3",
                "k#+k",
                ",b;k",
                "b#,b;",
                "b'o4",
                "b> 6",
                "b1b*",
                "a-k%k",
                "b;o+",
                "a-k%",
                "b'b<",
                "fjA,",
                "bAb4",
                "b*j*",
                "8k-Xk",
                "a\"o+",
                "a3n\"",
                "a+b0l",
                "a=bAl",
                "-b*j",
                "+b*j",
                "a8n4",
                "l+il",
                "a+b-l",
                "~+o\"",
                "b0n+",
                ">b,b3",
                "{b# *",
                "}+o+",
                "/b;*",
                "b;Uk",
                "'b*l",
                "U\\K/",
                "p<n+",
                "p<b#",
                "b+ ;C",
                "p$b+b*l",
                "b,bA",
                "b.b>",
                "a%n\"",
                "`/l+",
                "$V2-",
                "Ue+=",
                "b)fp",
                "b)fl",
                "b)fm ",
                "a-n+",
                "b)b#",
                "#b#*",
                "#b**",
                "s*n=",
                "+b# 3",
                "a%!5",
                "}+!*",
                "\"b%k",
                "b% 5",
                "}-!*",
                "a*fc!",
                "`*fc!",
                "*fc!",
                ",b#R{",
                "b)b;l",
                "b*!*",
                "bAb(",
                "b(Rc",
                "b;kX[",
                "b%b:",
                "b<b)",
                "\"bhc",
                "b,b>R",
                "b1b<kSg",
                "}*k\"",
                "b1b>0",
                "+bl#",
                "LkT<",
                "= !n=",
                " 2b-",
                "b<kSg",
                "b#ee5",
                "b1b>R",
                "b0o4",
                "b_#k",
                "bO k",
                "b1cw",
                "b11lk",
                "bAkU",
                "l,Co+",
                ",o=S",
                "b/b<f",
                "b2l*Xl",
                "b%b*",
                "b'do",
                "b0b)",
                "b;l#",
                "bW#k",
                "+!ut2",
                "b)0o",
                "@#n=",
                " 7j\"",
                "b*b<",
                "@b*[",
                "l+kl",
                "Rcpppppp",
                "~+,l+kl",
                ",[k,[",
                ",[j,[m,[l,[o,b;,",
                "b#kU",
                "b$kU",
                "a:b:*",
                "*o+R",
                "b)n=",
                "bAb#",
                "b,b>n",
                "b1b@R",
                "Surrrrr",
                "b(jUc",
                "3pB{,l",
                "~+!3",
                "b#!*",
                "b o+",
                "=b,b@",
                "do/K",
                "b(do",
                "l,3o+",
                "}+o,",
                "b)eo",
                "#XGi",
                "l0sR",
                "b@n4",
                "UZ=A|",
                "UN>g",
                "`2T,",
                "l-;k",
                "!3kW",
                "b)do",
                "@,n+",
                "b$kUc",
                "b$ez",
                "b>b2",
                "bAb$",
                "V% :",
                "V( :",
                ".b3 3",
                "a+ 3",
                "b@lU",
                "b#b-j",
                "b=Rk",
                "S9Zv",
                "R9Zv",
                "SEEEEEEE",
                "L=.VA",
                ")Yo<",
                "b@d}?",
                "b;b%",
                "b1lS",
                "+kYe",
                "dg1S",
                "bo1S",
                "+qqc",
                "5MHt",
                "Ut'E",
                "Nelw",
                "+clu",
                "+clr",
                "b0kTr",
                "b0kT",
                "S9Wb",
                ",b;,",
                "l03o+",
                "Xrrrrrr",
                "Srrrrrr",
                "b%o+",
                "b$Rk",
                ":eij",
                "H0eik",
                "x+bp;",
                "#!5b:",
                "%!2<",
                "b+b:Uk",
                ":b%*",
                "7k-;k",
                "8l-Xl",
                "}+,k",
                "b%,d",
                "yi/|",
                "b0R{",
                "b\"dW",
                "b3l+",
                "!b3c",
                "bAeo",
                "b*!2",
                " ;b%l",
                "l/co+",
                "?k*xk",
                "b>do",
                "{*l-;l",
                "Bk^1,",
                "SfWl",
                "nA<>",
                "b-k%",
                "b$dm;",
                ",b%j",
                "k%+c",
                ",kRS",
                "a+fc",
                "b&b<",
                ",b#d",
                "l1ko+",
                "b)n4",
                "b@b3",
                "`#j\"",
                "*b;<",
                "b)!-",
                "4{{{{{{{{{",
                ",{{{{{{{{{{{{",
                "-b(S",
                "%b2j",
                "{{{{{{{{{",
                "b;b:",
                "{{{{",
                "b% 3",
                "*,{{{{{{{{{{{{{{{",
                ",{{{{{{{{{",
                ",{{{{{{{{{{S",
                ",{{{{{{{{{{",
                "b3 ;*",
                "{{{{{{{{{{{{4",
                ",{{{{{{{{",
                ",632",
                ",{{{{{{{{{{{{{{{",
                ",{{{{{",
                "06262",
                ",{{{{",
                "+,{{{{{{{{{{{{{",
                "b$n!",
                "bAn+",
                "b$n+",
                "{{{{{{{{{{{{{{",
                "b#,{{{{{{{{{{4",
                ",{{{{{{{{{{{{{",
                ",{{{{{{{{{{{{{{",
                "b,RF",
                ",{{{",
                "-,{{{{{{{{{{{{{",
                ",{{{{{{",
                "b)b@",
                "+,{{{{{{{{{{{{{{",
                "+,{{{{",
                "b&n!",
                "a+,{{{{{",
                ",{{{{{{{",
                "b2bo",
                "b$b@",
                "b3k'",
                "b2b0",
                "b1dn{",
                "b+n+",
                "b$bA",
                "d_.{",
                "d_?;",
                "bWo3",
                "`+l+",
                "dwW7",
                "bWW7",
                ",doo",
                "sdWo",
                "n+bo",
                "b0b3",
                "+,{{{{{{{{{{{{{{{",
                ",{{{{{{{{{{{",
                "b-n+",
                ",{{{{{{{{{d",
                ">,{{{",
                "b$o+",
                "b<b2",
                "b=o\"",
                "-b,l",
                "{{{{{{{{{{{{",
                "{{{{{{o=",
                "*,{{{{{{{{{{{{",
                "-,{{{{{{",
                ";,{{{{{{{",
                "b:o+",
                "(,{{{{{{{{{{{{{",
                "b*Bk",
                "b+b-",
                "l+kB",
                "(b*l",
                "+,{{{{{{{{",
                "b(n!",
                "v+o+",
                "b&bA",
                "b$b>",
                "b3Ue",
                "b-k)",
                "b*Up",
                "b%n+",
                "b*n=",
                ",{{{{{{{{{{{{{{{k",
                ",{{{{{{{{{S",
                "b+,{{",
                "{{{{{{{{",
                "b*n!",
                "b(b<n=",
                "{{{{{{",
                "{{{{{{{{{{{",
                "b+r ",
                "b+l-",
                "b;r ",
                "{{{{{",
                "b-l*",
                "b)b>",
                "D,{{{{{{{",
                "+,{{{{{{",
                ",{{{{{{S",
                "{{{{{{{{{{",
                "b;,{{{{",
                "b+b.",
                "b+b0",
                "b51o",
                ",{{{{{{{{{{{{{{k",
                "+,{{{{{{{{{{",
                "b;,{{{{{{{{{{{e",
                "+b<U",
                "b.U[",
                ",{{{{{{{{{{{{{{{!",
                "{{{{{{{{{{{{{b;",
                "b-l+",
                "b0do",
                "b;n!",
                ",{{{{{{{{{{{{b;",
                "+bAb",
                "b0n!",
                "b1n4",
                "b3 3",
                "~*n+",
                "b- =",
                "a= 5",
                "H@n=",
                "a+ 3k",
                "H0n+",
                "b,n=",
                "3b-n+",
                "n+b1",
                "b>n=",
                "+[ko\"",
                "b%b#",
                "S&'''''''",
                "b=o+",
                ":cl)",
                "b1n=",
                "a+bo",
                ",{{{{{{{{{{d",
                "s,{{{{{{{{{{{{{{{",
                "SDEEEEEEE",
                "b-n=",
                "n+b-",
                "n+b.",
                ">b1n+",
                "b1n!",
                "b$b;n=",
                "b$n=",
                "+,{{{{{{kR;",
                "a+l3",
                "~+o-",
                ",{{{{{{{{{{{{{{{l",
                ",{{{{{b;",
                "b3r ",
                "doVk",
                "n+b,",
                "-b:b",
                "b2b1bo",
                "b2b1",
                ",{{{{{{{{{{{djc",
                "+b|o",
                "+bls",
                "+,{{{f",
                "a+,{{{{{{{{{{{{",
                "+,{{{{{",
                "b;n=",
                "b$b*<",
                "b#,{{{{{{{{{{{{",
                "b,n4",
                ",{{{{{{{{{{{{{k",
                "!,{{{{{{{{{{{{{",
                ",{{{{{{{{{{{{d",
                "b.do",
                "b2dSo",
                "b@bo",
                "b*do",
                "b#b<",
                ",{{,{{{{{{{{{{{{{{{",
                ",{{b#n\"",
                "+lU;",
                "+,{{{",
                "b-l%",
                "=b.n+",
                ";,{{{{{",
                "a+,{{{",
                "~0n=",
                "b<n+",
                "{{{{{{{",
                "`;n=",
                "b@b_",
                "b(n+",
                "b0n4",
                "b#b#",
                "l+kj",
                "b%b#l",
                "l-kj",
                "b$b#",
                "l,kj",
                "l*kl",
                "i1lJ",
                "n1lM",
                "b)b<j",
                "b-b-",
                "b20o",
                "b5l.",
                ",{{{{{k",
                "~+,{{{{{{",
                "do,{",
                "b'b@",
                "b&n=",
                "+n+S",
                "b#r ",
                "bAn=",
                ",{{{{{{{{{{k",
                "+,{{",
                "3,{{{{{{{{{{{",
                "~-b;",
                "H*,{",
                "b@b3R",
                ",{{d",
                "+,{{{{{{{",
                "b&o+",
                "b(b<",
                "~-o:",
                ",{{{{{S",
                "{{{{{U",
                "b.!-",
                "b;,{{{{{{{",
                "=b3e",
                "T$''''''",
                "Y'''''''",
                "b*n+",
                "l\"kc",
                "l\"kl",
                "b\"b:l",
                "b2n+",
                "+bl{",
                "a+b:l",
                "{{{{{S",
                "b'n+",
                "{{{{{{{{{U",
                "bo\"{",
                "do*{",
                "b3Uq",
                "b3Um",
                "b+1o",
                "b+bW",
                "b;bA",
                "~-n4",
                "b\"b;",
                "do:+",
                "doA+",
                "H*l+",
                ",{{{{{{{S",
                "+,{{{{{{{{{{{{{,{{{{{{{{{{{{{{{,{{{{{{{{{{{{{{{",
                "+,{{{{{{{{{{{{{,{{{{{{{{{{{{{{{",
                "-,{{{d",
                "@b-n+",
                "b:Uk",
                ":b;,",
                "b)b- 5",
                "Rn41",
                "<dl#",
                "Wb1b",
                "b$b@b",
                "!lTk",
                "~*o+",
                "b0l*",
                ",{{{{{{{b;",
                "b+bA",
                ",{{{{{{{{{l",
                "b/ 3",
                "b(bA",
                "b#,{{{{{{",
                "b;l#k",
                "\"d{c",
                "b21l",
                ":,{{{{{{{{{{{",
                "+,{{{{{{{{{{{",
                "$b:l",
                "bAez#",
                "Xkc#",
                "l\"kcc#",
                "v+l+",
                "b1b0n+",
                "H.l+",
                "H1l+",
                "H;l-",
                ",{{{{{{{{{{{{{l#",
                "}+,{{{{{{{{{{{{{{{k",
                "+DEEE",
                "{{{{{{{{{{{{{",
                ",{{{{{{{d",
                "l#mc",
                "b2Ug",
                ";b-S",
                "-blS",
                "b)b-S",
                "3ffk",
                "b'Rc",
                ":b-l",
                "=kY.",
                "=kY/",
                "b:b.",
                "b2l%",
                "V%''''''",
                "Y$''''''",
                "Nkd#",
                "b*b@",
                "b.bA",
                "=b;l",
                "b2l-",
                "/b.n+",
                "b$b@o+",
                "dg<{",
                ",{{{{{{{{{{{k",
                "b;,{{{{{{{{{",
                "do0{",
                ",{{{{{{{{{k",
                "+,{{{{{{{{{k",
                ",{{{{k",
                "dg:{",
                "b&b@",
                "~-l-",
                "b%l%",
                "b8l+",
                "b(b>",
                "b$b@U",
                "b3l#",
                " 9 3l",
                "b2Up",
                "<b:U",
                "b0eo",
                "  k'",
                "b*bo",
                "!,{{{{{{",
                ",{{{{{d",
                "b-j%k",
                ",{{b",
                ",{{b;",
                ":cc#",
                "X&r ",
                ",{{{e",
                "a=b;,{{{{{{{{{",
                "b(b*",
                "b&n+",
                "b?bg",
                "{{{{{{{{{{{{{{{",
                "b*b3r",
                "b21o",
                "a4l,",
                "b&UG",
                ",{{{{{{{{{{{!",
                "b$ ,",
                "bAUC",
                "5,{{{{{{",
                ",{{{{{{{{e",
                "b2b-b",
                "+bl;",
                "b2do",
                ",{{{{e",
                "b@n+",
                ",{{{{{{{{{{{{{{e",
                ",{{{S",
                "b#o=",
                "b1bo",
                "D0l#",
                "+blk",
                "1ec(",
                "x+kX(",
                "-bqc",
                ",{{{{{{e",
                ";b-j",
                "b<o+",
                "= !b",
                "\"b#,{{{{{{{{",
                "b2l0",
                "b20q",
                "b/n!",
                "b#b$*",
                "+b%fb",
                "b@eo",
                " ;bo",
                "b'bA",
                ",{{{{l",
                "b+,{{{{{{{{{{{{e",
                "a+doj",
                "-b;]",
                "b;,{{{{{{{{{{{{{",
                "b%b\"",
                ",{{{{{{{{{{{{{b#*",
                "a=b;",
                "+kL#",
                ";lT3",
                "b-b#*",
                "b3l%",
                "6363",
                "b* 5",
                "Pk$kb3 ;C",
                "!,{{{{{{{{{b;",
                ";,{{{{{{",
                "b+,{{{{{",
                "#,{{{{{{{{",
                ",{{{{{{{{{f",
                ",{{{{{{{{{,{{{{{{{{{{{{{{{d",
                ",{{{{,{{{{{{{{{{{{{{{",
                "{{{{{{{{{{{{n=",
                "{{{{{{{{{n=",
                "&bTk",
                "fomo",
                "+bl+",
                ",{{{{{!",
                "~+,{{{{",
                "b>o+",
                "b2UF",
                "b2UD",
                "\"j-F",
                "b5bo",
                "/kV.",
                "4bTc",
                "#blc",
                "b-dj{",
                "b-n4",
                "b&R;",
                "-b|7",
                "+bl7",
                "l#kc",
                "~+,{{{{{{{{{",
                ",{{{{{{{n=",
                "b$R/",
                ",{{{{{{{{{{{{{S",
                "~1bo",
                "b/1o",
                "b;n+",
                "b*Un",
                "b?Uk",
                "+bqg",
                "-,{{{{{{{{{",
                "b2kX/",
                "@,{{{{{{{{{{{{",
                ",{{{{{{{l",
                "sb-1",
                "-b;,{{{{{{{{{",
                ",{{{{{{{{{{{{{{{R",
                "!j.j",
                "+,{{{{{{{{{{{{",
                "b,b>d{c",
                "~+lW",
                "Z ;*",
                "X#do",
                "~/lW",
                "b2Ui",
                "5,{{{{{{{{",
                "b#,{{{{{{{{{{{{{S",
                "b21l-",
                "3kT.",
                "DEEE",
                "H#b#l",
                "~1o+",
                "UDEEEEEEE",
                "~+bo",
                "b,do",
                "+b,do",
                "+ 3co",
                "b3 3!",
                "RDEEEEEEE",
                ";b,n+",
                "b$kR",
                "b\"n=",
                "+kR.",
                ",{{{{{{{{{{{{{dj{",
                ",{{{{{{{{{{{{{d",
                ",{{{{{{{lR;",
                "~+b-",
                "2b:l",
                "b$ 1",
                ",{{{{{{{{{{{{l",
                "a+,{{{{{{{{{{{",
                "`\"l-",
                "%b:*",
                "l*kc",
                "l-kl",
                "l*kj",
                "l-kc",
                ",{{{{{{d",
                "b)o+",
                "k,{{{{{U",
                "4,{{{{{{{{{l",
                ",{{{{{{{{{{{{{{l",
                ",{dj",
                "D;bj",
                "b0be",
                "{{{{{{{{{{{!",
                ",{{{{{{{{{{{{{,{{{{{{{{{{{{{{{",
                "a;bo",
                "b* :j",
                "b-bo",
                "b?kS",
                "bAn4",
                "AR'[",
                "b$R1l",
                "#,{{{{{{{{{{",
                ",{{{{{{{k",
                ",{{{{S",
                "+!j#",
                "6djo",
                "7,{{{{",
                ",{{{{{{{{{{{S|",
                ",{{{{{{{{S",
                "Y#n\"",
                "b/el#",
                ",{{{{{{{{{{{{S",
                "652\"2%2\"l1",
                "62$4",
                "@632\"2%",
                "67622\"2%2\"2%2\"",
                "642\"2%2",
                "'622\"",
                "2%3\"2%",
                "6363j",
                " ;C+",
                "b@ :",
                "=n+b:",
                "b5b*[",
                "%c|#",
                ",{{{{{{{,{{{{{{{{{{{{{{{S",
                "kb*l:",
                "a;b;",
                ",{{{{{{{{U",
                "{{{{{{U",
                "b2k'",
                "b*b-k",
                "{{{{{{{{{{{d",
                ",{{{U",
                "b#n\"",
                "b#b:l",
                "a+,{{{{{{{{{{{{{",
                "lW2k",
                "fo9k",
                "b2b-b1",
                "=b,n+",
                "b.j-c",
                "b0b-",
                "b1b0",
                ",{{{{{{{{{dj",
                "b\"b-",
                "b)b:b<",
                "-b%b#l",
                "l+kc",
                "b*b3",
                "b$bAC",
                "b0o=",
                "<DEEE",
                "b&b:",
                "b3b9",
                ".b3r ",
                "]b3l",
                "b(R\"",
                "b(R%",
                "b+,{{{",
                "b<f}",
                "+,{{{{{{{{k",
                ",{{{{{{{{k",
                "b\"Ut",
                "b\"U[",
                "b, <j",
                "b.n\"",
                "b- =k",
                "b*l\"",
                "`.bo",
                "n!bo",
                "b*k&",
                "~+l+",
                "b<!/",
                "`-bo",
                "b(!/",
                "fb*l",
                "b:n\"",
                "b,b*",
                "b$b@l",
                "b$bAl",
                "b2Ue",
                "b2Um",
                "b*b.",
                "b$dbk",
                "!i!)!",
                " c y ",
                "tD2l",
                "kkkkkkkkkkkkkkkkkkkkkkkkkkkkkkkkkkkkkkkkkkkkkkkkkkkkkkkkkkkkkkkk",
                "XXXXXXXXXXXXXXXX",
                "kkkkkkkkkkkkkkkk",
                "kkkkkkkkkkkkkkkk+",
                "kkkkkkkkkkkkkkkkkkkkkkkkkkkkkkkkkkkkkkkkkkkkkkkkkkkkkkkkkkkkkkkkkkkkkkkkkkkkkkkk",
                "kkkkkkkkkkkkkkkk8#2",
                "+^W4bjN4^",
                "+^N4^",
                "Z9kP",
                "\"-jn",
                "&'''''",
                "kkkkkkkkkkkkkkkk$",
                "kkkkkkkkkkkkkkkku",
                "kkkkkkkkkkkkkkkkkkkkkkkkkkkkkkkk",
                "kkkkkkkkkkkkkkkkkkkkkkkkkkkkkkkkkkkkkkkkkkkkkkkk",
                "urrrrrB",
                "urrrrrBX",
                "kkkkkkkkkkkkkkkkQ",
                "kkkkkkkkkkkkkkkk.",
                "l|l`l7l",
                "/5[&W",
                "x23p",
                " 07k7",
                "%1u0",
                "^\"QFhG",
                "&(qK",
                "1=8?#o",
                "ECF^^",
                "Uzgn",
                "SxV8Qh",
                "(tCh|",
                "'Wgr",
                "CF#g",
                "KrVx",
                ":2Ca",
                "Sgwv",
                "hyyx",
                "M]UqZ",
                "EIHV",
                "pbiy",
                "CB32",
                "vKJLOPCFUW/",
                "QP'&K",
                "eOEH[+;IH",
                "kul3",
                "ofiz}BZUT.1\"%9",
                "oi}BZ_UT1%)(",
                "oztv\")(",
                "fzB_UT.\"8",
                "ko]WYX>@",
                "lndOQYX.0(54",
                "sV&1)(",
                "bihZa`X*10@",
                "^.?>7",
                "PH`X0(@8u",
                "#\";:32",
                ")e8r",
                "$gf\"B-",
                ")~bj|",
                "T+yr",
                "?a<N",
                "qWpU",
                "Y%1u0",
                "Z>5'T",
                "nNi.",
                "o4O'm",
                "{#xf2",
                "(ExG",
                "P&| ",
                "`qYX",
                "\\:Y~r2",
                "n^eP",
                "~6l>",
                "EZy$d",
                "e~J}\"",
                "c{[S",
                "))V8u?",
                "+8\"3",
                "+?1g",
                "pon!rs",
                "NW_B",
                "2TD@",
                "k[\\(E",
                "K7Kl",
                "^v/q",
                " y<Cq",
                "B9kl",
                "&(qKO",
                "+lC#&]",
                "Q,w[",
                "xqk~K",
                "b@Gxq",
                "q|iw",
                "j19?",
                "O(?C",
                "Xr>|",
                "uU&<",
                "WZrc",
                "bl`i",
                "*\\:`",
                "U%0+h",
                ",L4b",
                "ECF^^U",
                "f%\\l",
                ";694",
                "v3`C",
                "t01!",
                "B(t3",
                "_b<,-",
                "([7-",
                "6|\\b",
                "lPtv",
                "iX:)",
                "4]LD[5",
                "I#}v}",
                "VE7vp{",
                "/nc~",
                "SxV8Q",
                "Wqj@`",
                "YHq\"",
                "\"xp&7",
                "\"*Tp",
                ")tCh|",
                "zpEo",
                "Yd3T",
                "vZK/",
                "vII)",
                "\\%:#",
                "]F}i",
                "R;>:",
                "Qi>&",
                "\\)j@)",
                "lV6l",
                "}|;x",
                "S,p?",
                "y*oo",
                "'Wg?",
                "h Y>",
                "`:BO",
                "''''''''&'''''''",
                "CF.v",
                "(;S:",
                "=>k3As",
                "a{{r",
                "hjmO",
                "AEkv",
                "bW6cOOI",
                " 5ph",
                "+@GC",
                "JZ%SO",
                "u^s8iG",
                "! #0",
                "-d3 ",
                "J*Il",
                "Vs3,",
                "Y)_e",
                "T2CSo",
                "Q<C.R",
                ",pC4",
                "U~]K",
                "=Z#h",
                "-tN~{",
                "|XtnzM",
                "$+6P",
                "B3$p6",
                "OhWp",
                "@}f\\GB~,7j\"",
                "~|TUQ",
                "_0n@",
                "xq<o",
                "me8'",
                "J0Wtza",
                "/S!l",
                "1:?n",
                "rU*.p",
                "6'af",
                "r4?Z",
                "lI=k",
                "62wa",
                "a4mq",
                "iDdi",
                " -ab;",
                ",;LD",
                "ph~c",
                "El<g",
                "1>;7",
                "Y>mWvP",
                "\\Rbv",
                "B+AY?B",
                "''Di",
                "Qx,^",
                "Z=3R?",
                "sAg*u",
                "?JvQA",
                "8jL{",
                "^M)m^",
                "kQ~n",
                "w_w!",
                "#l}QY",
                "')`9",
                "u8{'",
                "rOfo",
                "##NSm",
                "i]M4",
                "]r(:",
                "|Z]?",
                "}7CY",
                "TWf~S",
                "I|F}:",
                "_{p5ed",
                "Wr o",
                ";o|dB",
                "-b[T",
                "Shz3",
                "Pc_H",
                ";0!W",
                "%;T)+",
                ")|0Z",
                "Q_!q",
                "PD$5-",
                ":t1&d",
                ".)+@[S",
                "].[U",
                ":pg}",
                "LYy#]",
                "YMt$",
                "of]?w5",
                "s[}S",
                "730j",
                "g`-'",
                ">V_k",
                "T!@I",
                ",+FP",
                "~D|o",
                "tW.6",
                "qqsk",
                "asf8",
                "pxhJ0 ",
                "%QL]",
                "_\\ra",
                "3rNM",
                "rrrrrr",
                "L6`N\\e",
                "O~cKtF69q",
                ";7'T`\\ZC]#",
                ",uSI",
                "Xv-EVMJ",
                "*ibD[RPU",
                "H+Wwgh",
                "nk|e}",
                "Asa&^",
                "?<=>",
                ".BxlG",
                ":$124)",
                "urrrrrrrrrrrrrr",
                "^K 1",
                "IA`UV@28",
                "Jqto",
                "PiCr-",
                "\"3\"D",
                "%HIide",
                "}ZQ 7]",
                "N34c",
                "Z;'0}",
                "~\"Li",
                "G;=U\"CE",
                "756N:+",
                "uGi+",
                "2J<>>",
                "h6:j",
                "70 >",
                "gb_i]h",
                " \\ 4",
                "yV#:",
                "vri^",
                "}Z;\"",
                "X!-CB",
                "Z'vA",
                "`6,x",
                "f7*9`j",
                "Mlti-",
                "!)G-L",
                "?@K.",
                "vn)K`[",
                "Ghof",
                "bUm)T",
                "Hy:Pt",
                "<.0Imv",
                "&_L&",
                ":#nC",
                "<d`L",
                "\\t/U",
                "hAh%P",
                "^B0>WQd5j",
                "eLBNM",
                "V`BA",
                "Ia|3;m",
                "V|qs",
                "qgO1",
                "bvPw",
                "s5szl",
                "7_7Oz",
                "JmE$",
                "b:iE",
                "!e8Z",
                "2k[F",
                "vOfd",
                "'2R ",
                "aQi(/",
                "1'w(",
                ";u#eq",
                "O5Ic",
                "`Y\\Ul",
                "%lJH88",
                "6~a*",
                "`\\P\"",
                "Wb7$",
                ":={ ",
                "d\"<^",
                "3i.F",
                "<X=I",
                "p\"i^",
                "QN` ",
                "UKr\\",
                "o9OC#",
                "$Itjp",
                "06AU",
                "UN6h0==s",
                "RW,lx",
                ">;XM",
                "*D8W",
                "}4:^#",
                "xpMI",
                "`Y~dL",
                "K15#",
                "S*_lv",
                "ny=d",
                "s^w}",
                "\\ <#",
                "LLHy",
                ")]a'c",
                "3/I~",
                ";9eI",
                "qKt2a",
                "j{'~#",
                "^oI^",
                "-e-Z",
                "#kW,",
                "bX4z",
                "|wayP",
                "=ynQ",
                "0q9K",
                "u4P+",
                "Jk=:",
                "E\\c|",
                "MsJ|j",
                "[`H r",
                "0Vl.y",
                "^^S|",
                "!A]7",
                "*D8W\"",
                "K15#3",
                "uU{}",
                "E\\c|v",
                "P%onI",
                "^>gd1v*",
                "X-hC",
                "8\\~v",
                "#;=S",
                "LS]A",
                "Qs#M.",
                "kkkkkkkkkkkkkkkkkkkkkkkkkkkkkkkkkkkkkkkkkkkkkkkkkk",
                "kkkkkkkkk",
                "kkkkkkkkkkkkkkkkkkkkkkkkkkkkkkkkkkkkkkkkkkkkkkkkkkkkkkkkkkkkkkkkkkkkkkkkkkkkkkkkkkkkkkkkkkkkkkkkkkkkkkkkkkkkkkkkkkkkkkkkkkkkkkkkkkkkkkkkkkkkkkkkkkkkkkkkkkkkkkkkkkkkkk",
                "tN\\C",
                "POXh",
                "zM\"2",
                "*wxO",
                "BcwV",
                "5Mq?D",
                "bn|C",
                "B:#F",
                "QX7q",
                "h>Q7",
                "~nSm1",
                "+x8Vd",
                "0+8]",
                "6'a%",
                "!1!4",
                "#xvg",
                "a+UFmS",
                "HN$:3",
                "f>l6E",
                "1}^0",
                "4(j^&",
                "0tci",
                "d_h3",
                "e]3`",
                "X:kG~",
                "I*AL+",
                "w4U\\%",
                "xH=:",
                "\\Sqv",
                " 60&",
                "^B7g",
                "9v43",
                "[!f0i",
                "k,1+",
                "LRhMG",
                "olx;",
                "~\"-aC",
                "\"BcR",
                ";+ &H",
                "=#R\\",
                "5W/J-",
                "Oz,`",
                "2F7X~",
                "CSVM",
                "70Sz&",
                "3:11",
                "1%n\\",
                "=j5\"",
                "<z,U",
                "HN[7",
                "|-on",
                "5.OX",
                "K|q`",
                "}p[BX",
                "XKO}",
                "%I`rq",
                "L$WQ",
                "b=I)",
                "wzU6?",
                "vylz~",
                "m)C ",
                "f,s5",
                ":Wp|",
                "i*9r",
                "i7p7",
                "*TkM",
                "@d~?",
                ">^V6",
                "(DNT_:",
                "4Im<",
                "\"Bt;",
                "\\djL",
                "|:Yo",
                "l/oq",
                "//J>@W",
                "~ l&y",
                "#'x}",
                "22OM",
                "hiFGX",
                "4=\"Z",
                "G9c1",
                "{jJN",
                "'Ajq",
                "1O,h",
                "w&[`",
                ")^Tc?",
                ";Gy=",
                "W43y",
                "\\@`(",
                "/$?Z",
                "8awR",
                "r.Okb",
                "{Bn5",
                "e)Ss",
                " Z5^",
                "u7vV",
                "iz3[",
                "4L~Xh3",
                "3CJQ",
                "KRI+",
                "b=KW",
                "'yai",
                ";vz_",
                "OMT{#",
                "Zc_|",
                "yGi*6",
                "-fry",
                "d]8\"",
                "Up#E",
                "d:?C",
                "$z6:",
                "<4=Xb",
                "OWM*",
                "3VPGN",
                "ey:z",
                "D3p|",
                "GH;U",
                ">:F@4",
                "40^g",
                "b|4y",
                "Lng/",
                "U*U\"",
                "s|0]B",
                "A_7m",
                "$6.%|",
                "5;Jz",
                "*0X!",
                "SC$L",
                "9AKK",
                "DX)W",
                "7?JD",
                "@%[`",
                "NTRb",
                "3&Dm",
                "lh V",
                "MH/[",
                "Iw/7",
                "ny$!",
                "smZ{",
                "5Z'(",
                "hB~2",
                "~f*D",
                "2vTtt",
                "n$3<",
                "|NJ2",
                "`j$i6",
                "y2OV",
                "V;.W",
                "F>=So]",
                "zBde",
                "H/Rcb",
                "mFw5^'",
                "i$|X",
                "'>N[",
                "LDe$",
                "2ad_",
                "QI)\"",
                "Mu()\\",
                "?XNG",
                "uT6b",
                "YF-\\,",
                "2LB3",
                "mq()z",
                "F~:S",
                "u`Uw",
                "mYRV",
                "qgEG",
                ")sgv",
                "hPE?",
                "d<5*h",
                ",Q3>`",
                ";j}H",
                "TV@28",
                "urrrrrR",
                "^K 1[",
                "K{O;O",
                "QkQxQKQ",
                "PcPbPdP{PKP",
                "CkCmC_C/C)C;C",
                "BkBlBoB\\B_BaBUBWBVB*B(B;B9B",
                "EkE[EZE]E^E`EREYE+E*E-E4E6E9E",
                "GL@[@$@",
                ":l:n:g:E:I:",
                "?m?w?y?M?N?B?I?a?T?V?.?;?",
                ">q>K>U>?>",
                "AeACA*A-A4A7A",
                "@b@e@{@B@E@,@/@%@)@",
                "^K 1K",
                "K{K[K3K",
                "J{J[J;J",
                "NkNCN;N",
                "QKQ;Q",
                "CkCcC{CsCKC[C+C;C",
                "BkBsB[B#B",
                "EkEcE{EsEKECE[ESE+E#E;E",
                "DkDcD{DsDKDCD[DSD+D#D;D3D",
                "GkG{GKG[G+G;G",
                "FsF+F",
                "IsISI",
                "HcHCH;H",
                "KkKCK#K",
                "JkJKJ#J",
                "MKM+M",
                "LsL+L",
                "OsOKOCOSO",
                "NkN{NSN3N",
                "Q{Q[Q3Q",
                "PcP[P;P",
                "CcCCC;C",
                "BkBCB#B",
                "EkEKE#E",
                "DKD+D",
                "GsG+G",
                "FsFSF",
                "I{ISI3I",
                "H{HsHKHCH[H3H",
                "KkKcK[KSK+K#K;K",
                "JcJCJ",
                "MkMCM#M",
                "LsL[L+L",
                "OcOsOSO;O",
                "N{NSN3N",
                "QkQCQ#Q",
                "PkPKP#P",
                "CKC+C",
                "BsB+B",
                "EsESE",
                "DkD{D+D#D3D",
                "GkGcGsGKG[GSG#G",
                "FcF{FKFCFSF+F;F3F",
                "IkI{IsICI[I+I#I3I",
                "HkHcHsHKH[HSH#H;H",
                "KcK{KKKCKSK+K;K3K",
                "JkJ{JCJ[J+J#J3J",
                "MkMcMsMKM[MSM#M",
                "LKLCL[LSL+L",
                "OkOcO{OsO+O#O;O3O",
                "NsNKNCN[NSN",
                "QkQcQ{QSQ+Q#Q;Q3Q",
                "PcP{PsPKPCP[PSP+P#P;P3P",
                "P{CsCKC[CSC+C#C;C3C",
                "BkBcB{BsBKB",
                "EkEcE{EsEKECE[E+E#E#D;D3D",
                "kJcJ{JsJKJCJ",
                "MsMKMCM[MSM+M#M;M3M",
                "LkLcL{LsLKLCL[LSL+L#L;L3L",
                "LkQSQ+Q#Q;Q3Q",
                "KkKcK{KsKKKCK[KSK+K3K",
                "JkJsJCJ+J",
                "LkLcLKL",
                "PkPcP{PsPKPCP[PSP+P#P;P3P",
                "CkC{CCC3C",
                "BkB#B",
                "GCGSG;G",
                "KKKSK;K",
                "JcJ{JsJ[J#J",
                "McMsM[M",
                "O+O3O",
                "NKNSN+N3N",
                "QCQSQ;Q",
                "PkPsP[P",
                "CkCSC",
                "B[B#B",
                "EcEKE#E",
                "D{DCD+D",
                "GsGCG+G3G",
                "F[F#F",
                "IkIsI[I#I",
                "KcK;K",
                "J{JCJ+J3J",
                "L{LCL",
                "QsQCQ+Q3Q",
                "C{CsC[CSC+C#C;C3C",
                "BkBcB{BCB[BSB",
                "DcD{DCD+D3D",
                "GkGsGKGSG+G3G",
                "FkFsFKFSF+F3F",
                "IkIsIKISI+I3I",
                "HkHsH[H",
                "KkKsK[K",
                "JkJsJKJCJ+J#J",
                "McMKMSM;M",
                "LSO;O",
                "N[N#N",
                "QkQcQ{QsQKQ",
                "C#C3C",
                "BkBSB#B",
                "EkEsE",
                "GkGSG#G",
                "FkF{F;F",
                "IKI[I",
                "K+K;K",
                "MsM[MSM;M",
                "LcL#L",
                "OkOcO{OCO[OSO;O",
                "NkN;N",
                "E{EKE#E",
                "DcD#D",
                "GkG+G",
                "FCF+F3F",
                "IcI{ICI[I#I;I",
                "HcH{HCH[H#H;H",
                "KcK{KCK[K#K;K",
                "JcJ{JCJ[J#J;J",
                "LkL[L+L",
                "OkOsOKOSO+O3O",
                "NkNsNKNSN+N3N",
                "QkQsQKQSQ+Q3Q",
                "PkPsPKPSP+P3P",
                "CkCsCKCSC+C3C",
                "BkBsB[B+B;B",
                "EkEcEKECE+E#E",
                "DkDcDKDCD+D#D",
                "GkGcGKGCG+G#G",
                "FkFcFKFCF+F#F",
                "IkIcIKICI+I#I",
                "HkHsHCHSH;H",
                "JKJSJ;J",
                "M{MsM[MSM;M3M",
                "LcL{LsLKLCL[LSL+L#L",
                "OkOcO{OsOKOCO[OSO;O3O",
                "NkNcN{NsNKNCN+N#N",
                "QkQcQ{QsQ[QSQ;Q3Q",
                "PkPcPKPCP+P#P;P3P",
                "BkBcBKBCB[BSB+B#B;B3B",
                "E{EsEKECE[ESE+E#E;E",
                "DkDcD{DsDKDCD[DSD+D3D",
                "GkGcG{GCG[G#G;G3G",
                "FkFsFKFSF+F#F;F3F",
                "IcI{ICI[ISI+I#I;I3I",
                "HkHcH{HsHKHCH[HSH+H#H;H3H",
                "KkKcK{KsKKKCK[KSK+K#K;K3K",
                "MkMcM{MsMKMSM;M3M",
                "L{LsL[LSL;L3L",
                "NcN{NCN+N#N",
                "QkQsQ",
                "PkPKPSP3P",
                "CCC+C3C",
                "BkBcBSB;B3B",
                "E{D#D",
                "GkGcG{GsGKGSG+G#G;G3G",
                "I{ICI+I3I",
                "H{HCH+H3H",
                "KkKcK{KCK[KSK",
                "MkMsMKMSM;M3M",
                "LkLcLKLCL+L#L",
                "OkOcOKOCO+O",
                "Q{QCQ+Q#Q;Q",
                "PkPsP",
                "BcBsBCBSB;B3B",
                "EkEcEKECE+E#E;E3E",
                "D{DCD",
                "HkH;H",
                "KkKcK{KCK[KSK;K",
                "OkN#N3N",
                "QkQsQKQCQ+Q3Q",
                "PkPcPKP#P",
                "CcCKCCC[C#C",
                "EkE3F",
                "IcIKISI;I",
                "H{HCH+H",
                "LkL{LKL#L",
                "OcO{OsO#O;O3O",
                "NkNsN[N#N",
                "QcQKQSQ;Q",
                "P{PCP+P3P",
                "CkCsC[C#C",
                "BcBKBSB;B",
                "E{ECE+E3E",
                "DkDsD[D#D",
                "GKG3G",
                "FsF#F",
                "IcISI",
                "HkHCHSH#H3H",
                "KkKcKKKCK[KSK+K#K;K3K",
                "JkJsJKJSJ+J#J;J3J",
                "McM{MCM[MSM+M#M;M3M",
                "MkL#L",
                "Q{QCQ+Q",
                "PkPsP[P#P",
                "CcCKCSC;C",
                "DcDKD",
                "F+F3F",
                "K[K+K",
                "MkMsMKMSM+M3M",
                "LkLsLKLSL+L3L",
                "O{OsO[OSO+O#O;O3O",
                "NkNcNKNCN[NSN+N#N;N3N",
                "Q{QsQKQCQ[QSQ+Q#Q;Q",
                "PkPcP{PsPKPCP[PSP+P3P",
                "CkCcC{CsCKCCC[C#C;C",
                "BkBcB{BsBKBSB+B3B",
                "EkEcE{ECE[E#E;E3E",
                "DkDsDKDSD+D#D;D3D",
                "GkG{GCG[G#G;G",
                "FsF[FSF;F",
                "KcKSK#K",
                "JkJ[J",
                "McM{MsMKMCM[MSM+M#M;M3M",
                "M[L+L",
                "NsN;N",
                "Q{Q;Q",
                "P{P;P",
                "CcC;C",
                "B{B+B",
                "EsECE",
                "DkDsD#D",
                "GcG{GCG;G",
                "FcFKFSF;F",
                "I{ICI+I#I",
                "HkHcHCH[HSH+H#H;H3H",
                "MkM{MCM#M",
                "LCL+L3L",
                "O[O#O;O",
                "P3C{BCB+B3B",
                "FsF[F",
                "ISI;I",
                "HKH[H+H",
                "K{KCK3K",
                "JkJsJKJCJ[J#J;J",
                "M{MKM",
                "OkO{O",
                "PkPsP[P#PkFsF",
                "KkJsJ[J#J",
                "MkPsP;P",
                "CkCsC[C",
                "BkE{EKE",
                "DkD[D#D3D",
                "GsG[G#G;G3G",
                "F{FCF",
                "IcI{IsI#I",
                "HkHCH+H",
                "KkKsK3K",
                "JkJcJKJCJ[J;J",
                "M[M+M",
                "LcLKLSL;L3L",
                "O{OKO+O;O",
                "NCNSN#N",
                "PCPSP#P3P",
                "C{CKC[C",
                "BcBCB3B",
                "B+E3E",
                "sK[K",
                "J+J3J",
                "KESE3E",
                "DCD+D;D",
                "B{B;B3B",
                "EcE{EsEKECE[E",
                "DkDsDKDSD",
                "G{GCG",
                "FcFsFCFSF#F",
                "IkIsI+I3I",
                "K{KCK+K3K",
                "JkJsJ[J#J",
                "L{LCL+L3L",
                "O{OCO[O#O",
                "NcNKN",
                "P+P3P",
                "CkCsC[CSC;C3C",
                "DkDSD",
                "FcF#F3F",
                "I{IsI[ISI+I#I;I3I",
                "KkKsKKKSK+K3K",
                "J{JsJ[JSJ+J#J;J3J",
                "MkMcMKMCM[MSM+M#M;M3M",
                "LcL{LsLKLCL+L#L;L3L",
                "O{OKO",
                "NcN[N#N3N",
                "QcQ{QCQ",
                "PsPCP;P",
                "CKC;C",
                "FcFCFSF;F3F",
                "HsHCHSH;H",
                "CkCsCKCSC",
                "B{BKB",
                "IkICH#H",
                "JcJ{JCJ[JSJ+J#J;J3J",
                "MkMsMKMCM[MSM+M#M;M3M",
                "LcL{LsLKLCL[LSL+L",
                "CkCsC[CsB{GCG",
                "FsF;F",
                "IkIsI",
                "+J3J",
                "OKO[O+O",
                "Q{QCQ+Q3Q",
                "B{BCB+B3B",
                "EkEsE[E#E",
                "D+D3D",
                "I{ICI+I",
                "H{HCH+H#H;H",
                "K{KCK",
                "JcJsJ[JSJ;J3J",
                "OcOKOSO;O",
                "N[N+N3N",
                "QkP{PKP[P+P;P",
                "CcC{CCC[C#C;C",
                "JCJ+J3J",
                "M{MCM+M#M",
                "L{LsL[L",
                "P{PsPKPCP[PSP+P#P",
                "C{CCC+C#C",
                "GKGSG",
                "IcIsICI+I3I",
                "HkHsH[H#H",
                "KkKsK[K#K",
                "MkMsM[M#M",
                "OkOsO[O#O",
                "PkPsP3P",
                "D[D#D",
                "GSG;G",
                "FSF;I",
                "H+H3H",
                "JKJSJ;J3J",
                "OkOcO{OsOKOCO[O#O;O",
                "NcNKNSN;N3N",
                "QkQKQ+Q3Q",
                "P{PsP[PSP;P3P",
                "BkBsBKBSB;B3B",
                "E{EsE[ESE;E3E",
                "D{DsDKDCD+D3D",
                "G+G3G",
                "FkFsF[FSF+F#F;F3F",
                "IkIcI{IsIKICI[ISI+I#I;I",
                "H{HCH[HSH+H#H;H3H",
                "KkKcK{KsKKKCK[KSK+K#K",
                "L+L3L",
                "NKNSN;N",
                "C{CCC",
                "CcBKBSB;B",
                "GcG[G#G",
                "F{FCF+F",
                "HkHsH[H;H",
                "K+K3K",
                "McMsM+M;M",
                "OcOSO#O3O",
                "QKQ[Q#Q",
                "PsP[P#P",
                "BkBsB[B",
                "EKE+E3E",
                "G{GCG+G3G",
                "HSH;H",
                "K{KCK+K",
                "JcJKJ",
                "M+M3M",
                "MkLsL[L#L",
                "NkNcN{NsNKNCN+N3N",
                "QkQcQ{QsQ[Q#Q;Q3Q",
                "PkPcPKPSP+P#P;P3P",
                "CcCsC",
                "EcE+E",
                "DkD{DKD[D#D",
                "GCF+F3F",
                "IkI{ICI",
                "HcHsHCHSH#H3H",
                "K{KsK[KSK;K3K",
                "JkJsJ[JSJ;J3J",
                "McMsMCMSM#M3M",
                "O{O[O#O",
                "NcNKN#N",
                "QkQsQ[Q#Q",
                "PcP+P;P",
                "CsC[C#C",
                "B[B3B",
                "ESE;E",
                "D{DsD[DSD;D3D",
                "G{GsG[GSG;G3G",
                "IkIsI[I3I",
                "HcHCH+H",
                "JkJ{JCJ+J3J",
                "MKMSM",
                "QkQKQSQ3Q",
                "CSC;C",
                "BkB{B;B",
                "EcE[E3E",
                "DkD;D",
                "GkGSG",
                "FsFSF3F",
                "IcI#I",
                "JcJKJ[J;J",
                "O{OCO+O3O",
                "Q{Q3Q",
                "CcCKC#C",
                "GSG#G",
                "F{FCF+F3F",
                "HcHKHSH;H",
                "JkJ{J",
                "B{BCB[B3B",
                "+C3C",
                "EcEKESE;E",
                "D{DCD+D3D",
                "GkGsG[G#G",
                "KcKKKSK;K",
                "LcLKLSL;L",
                "GcGKGSG;G",
                "NcNKNSN;N",
                "DcDKDSD;D",
                "FkFsF[F#F",
                "JcJKJSJ;J",
                "M{MCM+M3M",
                "LkLsL[L#L",
                "N{NCN+N3N",
                "PcPKPSP;P",
                "C{CCC+C3C",
                "Q+Q;Q",
                "PkPSP",
                "CM;M",
                "#L3L",
                "OcOsOCOSO#O3O",
                "NcNsNCNSN#N3N",
                "QcQsQCQSQ#Q3Q",
                "PcPsPCPSP#P3P",
                "CcCsCCCSC#C3C",
                "BcBsBCBSB#B3B",
                "EcEsECESE#E3E",
                "DcDsDCDSD#D3D",
                "GcGsGCGSG#G3G",
                "FcFsFCFSF#F3F",
                "IcIsICISI#I3I",
                "KcKsKCKSK#K3K",
                "JcJsJCJSJ#J3J",
                "LcLsLCLSL#L3L",
                "L[O+O;O",
                "NkN{NKN[N+N;N",
                "QkQ{QKQ[Q+Q;Q",
                "PkP{PKP[P+P;P",
                "CkC{CKC[C+C;C",
                "BkB{BKB[B+B;B",
                "EkE{EKE[E+E;E",
                "HkH{HKH[H+H;H",
                "KkK{KKK[K+K;K",
                "JkJ{JKJ[J+J;J",
                "MkM{MKM[M+M;M",
                "LkL{LKL[L+L;L",
                "OkO{OKO[O+O;O",
                "C{BKB[B+B;B",
                "DkD{DKD[D+D;D",
                "McMsMCMSM#M",
                "QkQ{Q",
                "FkFKF+F",
                "JkJcJKJSJ;J",
                "McMsM[MSM;M3M",
                "OkO{OCO+O3O{NKN[N+N;N",
                "QcQKQSQ+Q#Q;Q",
                "B{BsB[BSB;B3B",
                "DkDCD#D",
                "GcGSG#G3G",
                "FSF#F",
                "IkIcI{ICI[I#I;I3I",
                "MkM#M3M",
                "LKL;L",
                "OCO3O",
                "QcQSQ",
                "CkC[C",
                "BkBSB;B3B",
                "D{DCD[D#D;D",
                "KcKKK",
                "MkMcM{MsMKMCM[MSM+M#M;M3M",
                "OsO[O#O",
                "PSP;P",
                "BSB;B",
                "EKE#E",
                "QkQ{QCQ",
                "PsPSP",
                "CkCcC{CsCKCCC[C#C",
                "B{BCB[B#B;B",
                "EkEcE{EsEKESE+E3E",
                "DkDcD{DCD[D#D;D3D",
                "GkGcG{GsGKGCG[GSG+G#G;G3G",
                "KCK+K",
                "J{JKJSJ#J",
                "M{M[M;M",
                "LkL{LKLSL",
                "OcO{O",
                "SK#K3K",
                "Q{QSQ",
                "CcCKCSC;CcBkGsG[G",
                "IcIKISI+I3ICHSH#H3H",
                "KkKsKCKSK#K3K",
                "N{NKN[N#N",
                "CkCcCKCCC+C#C",
                "EsE[E#E;E3E",
                "DCD+D3D",
                "IkICI+I",
                "MkM{MKM;M",
                "LcL#L3L",
                "OsO#O",
                "QKQ3Q",
                "BkB{B",
                "EkE{EKE+E3E",
                "DkD#D",
                "GkGcG{GsGKGCG[G#G;G3G",
                "FCFSF;F",
                "ISI#I",
                "HkHcHKH",
                "KcKCK+K",
                "JKJ#J",
                "Q{QKQ[Q",
                "P{PCP",
                "EcEsE[E#E",
                "K[K#K",
                "JCJ;J",
                "MkMsM",
                "L+O#O;O3O",
                "NkNcN{NsNKNCN[NSN+N#N;N3N",
                "Q{CCC+C#C",
                "GKG[G+GcFsFCF+F#F",
                "H{HsHKHCH[HSH+H#H;H",
                "LcLKLSL",
                "NcNKNSN;N[Q#Q",
                "CkCsCCC+C",
                "B{B[B#B",
                "D{DsDKDCD+D#D;D",
                "G[G#G",
                "KkKcKKKCK+K#K",
                "McMsMCMSM",
                "OkO+O",
                "QcQ#Q3Q",
                "P{PCP[PSP+P",
                "CcCsC[C",
                "E[D+D3D",
                "G{GSG;G",
                "JCJSJ#J",
                "L{LSL;L",
                "CcCsCCCSC#C",
                "EkEsE[E",
                "DsDCD+D3D",
                "FcFKFSF+F3F",
                "K{KKK3K",
                "MCM+M;M",
                "OkO{OKOSO",
                "BcB{BsBKBCB[BSB",
                "FcF#F",
                "JSJ;J",
                "LcL{LCL",
                "OCO+O3O",
                "NsN[N#N",
                "P[P#P",
                "C+C;C",
                "BkBsB+E;E",
                "GkGsGKGCG[G#G;G",
                "F{FsF[FSF;F3F",
                "K{K3K",
                "JkJ+J3J",
                "M+M;M",
                "L{LKL",
                "QkQ{QSQ#Q",
                "CCC+C3C#B",
                "EkE{ECE[E#E;E",
                "D{DCD{GCG+G3G",
                "KkK{KKK[K+K",
                "JkJcJ{JCJ[J#J;J3J",
                "MkMsMKMSM+M#M;M3M",
                "OkOcOKO",
                "BKBSB;B",
                "DkD[D;D",
                "I{IKI[I#I3I",
                "H{H#H",
                "K{KKK[K+K",
                "O{O;O",
                "QcQsQ[Q#Q",
                "P{PsP[P#P",
                "B{BKBSB+B3B",
                "GcGKGSG",
                "FcF+F3F",
                "HkHsHKHCH[HSH+H#H;H3H",
                "JcJ+J;J",
                "M{LKL[L+L;L",
                "OkOsO[O#O3O",
                "OcNsNCN+N",
                "PkPsP#P3P",
                "CcC[C#C",
                "BkBcBKBCB+B#B",
                "EcEKE#E3E",
                "DkDKD[D+D3D",
                "G[G+G;G",
                "FKF[F+F3F",
                "I{IKISI;I",
                "HcHKHSH#H",
                "KcKsK[KSK;K3K",
                "J{JsJ[JSJ;J3J",
                "LcLKL",
                "OKO;O",
                "Q{QCQkP",
                "BcB{BCB[B#B;B",
                "GkGsGKGSG+G#G;G3G",
                "FkFcFKFSF;F3F",
                "IkIsIKISI",
                "H[H+H",
                "KcK#K",
                "L[L#L",
                "N{N[N#N",
                "PsP[P#P;P",
                "BkBcB{BsBKBCB[BSB+B3B",
                "EkEcE{EsEKECE[E#E;E",
                "DkDcD{DsDKDSD+D3D",
                "I{ICI",
                "K{KCK[K#K;K",
                "LsL[L",
                "OkOsO[OSO+O#O;O3O",
                "N{NCN[NSN+N#N;N",
                "PkPKP3P",
                "BKB[B+B;B",
                "EKE[E",
                "GcGKGSG+G3G",
                "FkFsF[F3F",
                "ICH+H3H",
                "KkKsK[K;K",
                "JcJ{JsJKJCJ[JSJ+J#J",
                "MkMKMSM+M#M",
                "O{OsOKOCO[OSO+O#O;O",
                "NkNcN{NsNKNCN[NSN",
                "PcPKP",
                "CcCsCCC+C",
                "BkBsBKBSB;B",
                "E{EsEKECE[E#E;E3E",
                "DcD{DsD[DSD+D3D",
                "GcGsGCG+G#G",
                "FsISI#I3I",
                "I{HKHSH+H3H",
                "K{JKJSJ;J",
                "MCM3M",
                "LcLSL;L",
                "OcO[O",
                "PcP3P",
                "FsF#F3F",
                "HkHcH{HsHKHCH[HSH;H3H",
                "KkKcK{KsKKKCK+K#K",
                "JkJcJ{JsJ[JSJ;J3J",
                "MkMcMKMCM+M#M;M3M",
                "L#L3L",
                "OkO{OKOSO#O3O",
                "NkNSN;N",
                "PsP#P",
                "C{C;C",
                "E{EKE[E",
                "DcD;D",
                "FCF+F#F",
                "L{LsL[LSL+L#L;L3L",
                "OkOcOKOCO[OSO+O#O;O3O",
                "NSN;N",
                "C{C+C",
                "EsE[E#E",
                "F{FCF[FSF+F#F;F3F",
                "I[I#I",
                "HkHcH{HCH[HSH+H#H",
                "J{JCJ",
                "LKF[F",
                "PcPKPSP",
                "EkESE",
                "DcDSD",
                "GcG#G",
                "FKF#F",
                "IcISI;I",
                "HkHsH",
                "M{MsM[MSM;M",
                "O{OsO[O3O",
                "EsE+E",
                "DCD3D",
                "FkFCF3F",
                "IkICI;I",
                "HkH3H",
                "JsJ#J",
                "MkM[M",
                "QcQ{QsQKQSQ+Q3Q",
                "BcBKB",
                "GcG{GCG[G#G",
                "KkKcK{KsKKK",
                "JkJCJ;J",
                "M{MCMSM#M",
                "LkLsL",
                "OKN[N",
                "GsGCG",
                "H{HKH",
                "KSK#K",
                "O#O3O",
                "NcQsQ",
                "CSC#C",
                "MKL[L",
                "NCNSN",
                "PSP#P",
                "CcBsB",
                "DkG{G",
                "J#J3J",
                "NKN[N",
                "MKM[M",
                "P[P+P",
                "E+E;E",
                "HSH#H",
                "M#M3M",
                "Q[Q+Q",
                "PcCsC",
                "BKB[B",
                "I[I+I",
                "N+N;N",
                "PkC{C",
                "BsBCB",
                "GKG[G",
                "HKH[H",
                "LsL;L",
                "P{PCP+P",
                "EkE{EKE[E",
                "IcIKICI+I;I",
                "HkHcHKHCH+H#H",
                "KkKcK{KsKKKCK[KSK;K3K",
                "JkJcJ{JsJKJCJ+J#J",
                "MkMcM{MsM[MSM;M3M",
                "LkLcLKLCL+L#L;L3L",
                "NsN3N",
                "QcQKQ[Q#Q",
                "PkPsPKPCP[PSP+P#P;P3P",
                "BcB+B;B",
                "EcEKESE",
                "FkFsFCF+F#F",
                "HkH[H#H;H",
                "K{KKKSK3K",
                "LcLsL;L",
                "NkNKNSN",
                "PcPsP",
                "CsC[C",
                "EkEsE[E#E;E3E",
                "DkDcD{DsD[DSD;D3D",
                "G{GCG+G#G",
                "HcHsHSH#H",
                "JkJ+J",
                "McMSM;M",
                "LcLKL+L3L",
                "N{NsN[NSN;N3N",
                "QkQcQ{QsQKQCQ[QSQ+Q#Q;Q3Q",
                "PkPcPKPCP+P#P",
                "CkCsCKCSC#C3C",
                "B{B#B",
                "D{DSD#D",
                "G{GKGSG+G3G",
                "F{F#F3F",
                "IkI{ICI;I",
                "HcHCH+H3H",
                "KkKsKCK",
                "M{M;M",
                "OKO#O",
                "NcN{NCN[N#N;N",
                "QkQsQKQSQ;Q",
                "PkPsP[P#P;P",
                "G{GsGKGCG",
                "HkHsHKHSH+H3H",
                "KsK[K+K3K",
                "JcJsJCJSJ#J",
                "MkMcMKMCM+M",
                "PkPsPKPCP",
                "C{CsC[CSC;C3C",
                "DcD{DCD[DSD+D#D;D3D",
                "GkGsGKGCG[GSG+G#G;G3G",
                "FcF{FsFKFCF[FSF+F#F",
                "IkIcI{IsIKICI[ISI;I3I",
                "HkHcH{HsHKHCH+H3H",
                "L{LsLKLSL+L#L",
                "OkOcO{OCO[O",
                "C{CCC+C",
                "BcB[B",
                "EcE{E3E",
                "OsOCOSO",
                "NkN{N",
                "QkQ{QKQ",
                "PsPCP+P;P",
                "BsB#B",
                "EsE#E",
                "D#D3D",
                "GcGKG+G3G",
                "FKF3F",
                "I{ISI",
                "JcJ{JCJ[J#J",
                "JsM[M#M",
                "NCN+N3N",
                "C{CsC[C",
                "BcB+B3B",
                "EcEsE[ESE;E3E",
                "DcDsD[D",
                "GkGsG#G",
                "FkF{FKF[F+F;F",
                "HkHsHCH+H",
                "KkK#M",
                "QcQ3C",
                "D{D[D3D",
                "G{G+G",
                "FkFCF#F",
                "ICI;I",
                "H{HSH",
                "KcKsK[K+K3K",
                "J{JSJ",
                "MkMSM",
                "LkLcLKLSL;L",
                "O{OSO3O",
                "Q[Q#Q",
                "BKBSB;B3B",
                "EcE{ECE[ESE+E#E;E3E",
                "F{F;F",
                "J+J+M3M",
                "NkNsNKNSN+N#N;N3N",
                "QcQKQSQ;QkP#P",
                "C{CCC[CSC",
                "FkFcF{FsFKFCF+F#F",
                "IkIcI{IsI[ISI;I3I",
                "HkHcHKHCH+H#H;H3H",
                "JkJcJKJSJ",
                "E{EsEKECE[ESE+E#E",
                "GCGSG",
                "FkF{F#F3F",
                "H{HsHKHSH",
                "KkK{KKK#K3K",
                "JkJ#J",
                "McMKMSM+M",
                "LkL{L",
                "CCC3C",
                "BkB{BCB3B",
                "DCD;D",
                "G{G+G;G",
                "FcFKFSF",
                "McM{MCM+M3M",
                "QKQSQ;Q",
                "QcPKP",
                "CcCsC#C3C",
                "BkBKB[B",
                "ECE3E",
                "FkF+F",
                "IsI;I",
                "HKH#H3H",
                "JKJSJ",
                "M[M#M",
                "LcLSL;L3L",
                "QcQKQSQ3Q",
                "PcP[P3P",
                "HKHSH;H",
                "LkLcL{LCL[L#L;L3L",
                "OCOSO;O",
                "NcN+N",
                "P{P+P",
                "DkDKDSD+D3D",
                "KcKKKSK",
                "JsJ[J;J",
                "MSM#M3M",
                "LSL;L",
                "NcNsN[NSN;N3N",
                "PcPKP[P+P;P",
                "CSC3C",
                "cJKJ",
                "MKMCM[MSM+M#M;M3M",
                "L+N#N;N3N",
                "PcP{PsPKP",
                "CkCcC{C",
                "E{EsEKECE[ESE+E#E;E3E",
                "D{DsDKDCD[DSD+D#D;D3D",
                "FkFcF{FsFKFCF[FSF+F#F;F3F",
                "IsIKICI[ISI+I#I",
                "HkHcH{HsHKHCH[HSH+H#H;H",
                "JkJcJ{JsJKJCJ[JSJ+J#J;J",
                "M[MSM+M#M;M3M",
                "L{LsLKLCL[LSL+L#L;L3L",
                "OkOcO{OsOKOCO[OSO+O#O;O",
                "P;P3P",
                "EkEcE{EsEKECE[ESE+E#E;E3E",
                "GkGcG{G#G;G3G",
                "IkIcI{IsIKICI[ISI+I#I;I3I",
                "HkHcH{HsHKHCH",
                "KSK+K#K;K3K",
                "J#J;J3J",
                "MKLCL[LSL+L#L;L3L",
                "OkOcO{OsOKOCO[OSO+O#O;O3O",
                "Q;P3P",
                "CCC[CSC+C#C;C3C",
                "EkEcE{EsEKECE[ESE+E",
                "BkB{BKB[B#B;B3B",
                "PkP{P",
                "CkCcCsCCC[CSC+C",
                "OkOcO{OsOKOCO[OSO#O;O3O",
                "NkNcN{NsNKN+N#N;N3N",
                "CkCcC{CsCKCCC[CSC+C#C;C3C",
                "BkBcB{BsBKBCB[BSB+B#B;B3B",
                "DkDcD{DKDCD[DSD+D",
                "GkGcG{GsGKGCG[GSG+G#G",
                "FkFcF{FsFKFCF[FSF+F",
                "IKICI[ISI+I;I",
                "LkLcL{LsLKLkCcC{CsCKCCC[CSC",
                "BkBCB[B",
                "ECD[DSD+D#D",
                "FkFcF{FsFKF;F3F",
                "I#I;I3I",
                "HkHcH{H+H#H;H3H",
                "JkJcJ{JsJKJCJ[JSJ+J#J;J3J",
                "MkMcM{MKMCM[MSM+M#M;M3M",
                "IkIcI{IsIKICI[ISI+I#I",
                "KcK{KsKKKCK[KSK+K#K;K3K",
                "JkJcJ{JsJKJCJ[J",
                "klFl",
                "AGA#A",
                ")aXz",
                "xcR:",
                "X;qy",
                "+'d8",
                "d1d@",
                "d0d<",
                "~+,''''''''''''",
                "dwuc[",
                ",'''''''''''''''''''",
                "dgm[[",
                "d,,'''",
                ",'''''''''''''''''",
                "+,d#",
                ",'''j",
                "doqGe",
                "do 3",
                "/,'d",
                ",'''l",
                "MkM{M[MSM+M3M",
                "LkL{LsLKLCL[LSL+L#L3L",
                "IkIcI{IsIKICI",
                "QcQsQCQ",
                "IkI{IKI[I+I;I",
                "Q{QsQ",
                "QsQ[QSQ+Q",
                "CkCcC{CsCKCCC[C",
                "HJTd6",
                "HKTc",
                "JVkB",
                "d,r<",
                "k_a`Y10\"?@3476"
            ]
        }
    ]
}