{
    "malware_data": [
        {
            "filename": "42de7a49058e8d6f5d75496d3d162e3a50aa6a6f5b153cdf5e22c39f125c363c.exe",
            "filetype": "4D5A9000",
            "filesize": "246KB",
            "hash_sha256": "42de7a49058e8d6f5d75496d3d162e3a50aa6a6f5b153cdf5e22c39f125c363c",
            "strings": [
                "!This program cannot be run in DOS mode.",
                "Rich0",
                ".text",
                "`.rdata",
                "@.data",
                ".rsrc",
                "hPAA",
                "h@BA",
                "Ph|BA",
                "hxCA",
                "h\\CA",
                "hTDA",
                "h|DA",
                "h@EA",
                "hhFA",
                "h(GA",
                "h4GA",
                "hHGA",
                "hPJA",
                "hLHA",
                "h@KA",
                "hHKA",
                "PhPKA",
                "hXKA",
                "htIA",
                "h,LA",
                "h@LA",
                "h<MA",
                "PhtMA",
                "PhhNA",
                "h4OA",
                "h@OA",
                "h@PA",
                "h<NA",
                "hhQA",
                "hdRA",
                "hhRA",
                "h,SA",
                "h\\SA",
                "htSA",
                "h|SA",
                "h(TA",
                "hpTA",
                "Pj@h",
                "SVWZ",
                "_^[]",
                "QQSVWd",
                "QSVW",
                "Sj Z",
                "0;1t|",
                "hr0A",
                "0WWWWW",
                "X_^]",
                "tG9}",
                "Y__^[",
                "_VVVVV",
                "SSSSS",
                "80t.",
                "^WWWWW",
                "SQRP",
                "jdRP",
                "PPPPP",
                "Wj0V",
                "|-;E",
                "VVVVV",
                "hTfA",
                "h8fA",
                "oV f",
                "o^0f",
                "of@f",
                "onPf",
                "ov`f",
                "o~pf",
                "@_^]",
                "=MOC",
                "=csm",
                "8csm",
                "9csm",
                "~SSV",
                "~@;H",
                ">csm",
                "taSV",
                "YYPV",
                "t)SV",
                "Hu4j",
                ">MOC",
                "s[S;7|G;w",
                "9>u&",
                "YYhpfA",
                "tR99u2",
                "r,9Y",
                "@_^[]",
                "5<@A",
                "5D@A",
                "=\\@A",
                "t&:a",
                "0SSSSS",
                "h,AA",
                "h4AA",
                "Yh<AA",
                "<v8V",
                "hplA",
                "S99t",
                ">=Yt1j",
                "tNVSP",
                "Y[_^",
                ">\"u&",
                "< tK<",
                "@@f9",
                "SSS+",
                "@PWSS",
                "t!SS",
                "j@j ^V",
                "[j@j ",
                "=`fA",
                "t h`fA",
                "hPmA",
                "0A@@Ju",
                "=L@A",
                "Y_^[]",
                "5L@A",
                "5X@A",
                "Fpt\"",
                "SSSSW",
                "@PWV",
                "WVU3",
                "N+D$",
                "ueSj",
                "@_^[",
                " VW}",
                "j?^;",
                "u,9E",
                "SVWUj",
                "]_^[",
                ";t$,v-",
                "UQPXY]Y[",
                "WWWWW",
                "URPQQh|",
                "L$,3",
                "UVWS",
                "[_^]",
                "SVWj",
                "Y_^[",
                "t+Ht",
                "h\\uA",
                "hPuA",
                "$@uA",
                "$,uA",
                "u8SS3",
                "GWhhuA",
                "9] u",
                "9]$SS",
                "t)9]",
                "t\"SS9]",
                "FVhhuA",
                "9] SS",
                "v$;5",
                "PPPPPPPP",
                "r\"9U",
                "9]$u",
                "<+t(<-t$:",
                "+t HHt",
                "K<5}",
                "0K;]",
                "uaVj",
                "uL9=",
                "wIVSP",
                "FVSj",
                "WWWWV",
                "t<Vj",
                "t+WWVPV",
                "@tH9",
                "u+9u",
                "^_[3",
                "%$@A",
                "bad allocation",
                "uuffkwnweqiqwhcdhielbgcicrvogtvpreuujsblhyrswiutdxhibgagfqtgqfbosfjkzt",
                "rkgpntndhk",
                "mbgwlsujgldkjphhxemqfavrrplqk",
                "izqbksfxkvqhuhoiespuxueousfrjgfsmipcaewcdfcskqwnxkelgdeek",
                "wvftvchecechkuylnpenswlhkyzxcnnmqyginnigsnrtegdtiepjincpjzafy",
                "stmtk",
                "rxaaoepggcnwfnptkkbozfkpnmkdkmqfjukvjouydraygboagafnvmrnqvpjfcvvovzqfagjempmybvvscxhwkrfhwo",
                "ydzfuwfzdqgfcmjoxwxssajf",
                "gnkaeohhvadsbdzpcdxsgzwbyqfrczirc",
                "pjzhhewuwjofguxodnfmxdubdjpyblcecspuhk",
                "kvszblqkxunqndcausnfsgyygciwkealxlsyoajp",
                "nngbazairbvyexwfigpvubdexyjbbkcmjluexzmqhrurmtkxqpohzvwnnswldlztdamtrchvqjicgatkdefodwazzfgad",
                "lmvijdzzfppthjvvnsmahmnsngiceggtbegpquxyhsapybqbimozhdnkjmorhwbgoihfwiiakkldrkamnbnemgfamfkjlizfz",
                "yampoftlest",
                "coibbxfapnohuxsxd",
                "wmgezqlalvintarokradobyuveniujiynavojxtcebuszovotpimfhvidlxf",
                "iknubmexxbyladnhpwuluxkbagbnuraflvxvbotbzdcnhiflupamupbxvhpxnsorochnpyxamhdzlttogvndsyydaovl",
                "naezwgiagtobjwcvhagwgkkcdbfgjoszsvbfunbgmizhbkwyhnofhotdimgwpldakahxeeqdssxdelkxghifyedtyztaivsdsyo",
                "unnyfhpzkkjqhjfikbvrgrhrxemyfcvofxrhpcuxixcexdpsvnk",
                "ywhmtrrkcakisdtwaxziqzahnvbmmbvxjgvueeptzhv",
                "aluylpnrbqvrtyebevxlogihvmq",
                "thqtubmondaztbmwcxfxjvguxfcitqluxddparpilhsxcc",
                "vtxii",
                "hzpzxwjnaubgxhysewggdzfckleelqfzikcykfmewruzoonkaiwdcmccxmojq",
                "xndpugxkgdoqizinlgvchdbgkasromd",
                "phucljdidckpvmydwpcbkrfhihnviygggaurwjkjmszrrnkkkuwfieotthznnrvaalzcyxfcijbmtwbgilbjz",
                "ggwxc",
                "xbrumnlxfmxkidaiqu",
                "xserurrxitpgiwadly",
                "zraejxcjkfrddkxkzsihykgzxmllblfyliuiwjetlkbghxxgqwziyebaqajvutqg",
                "rzgcelzgyiafitlgw",
                "zqhxpivokhzbxaxdgeaotyiateeruskalmhlplefayfrjvnfowwjyyqbboapmbdcsocqmtzzpsj",
                "xlramadphpppjwphnpfkdmomtfqgaxbqbcjxwrcjiaftmpsrwton",
                "wttgwlmpqsfvzlxibzsmsbadvhnemo",
                "zozzgvgbrmfytlorglkwninoqhtzpdhowxapijipzfr",
                "thjswgcsibzigacesklxobsdaljyjxgcsrqguokns",
                "iazmmdbvyppwrvyuetaepibyuizuyiilkshmbfydlgmddnshayenykmgworzpjpvmxrifafaipnhyzeeh",
                "mnwpzx",
                "xyutyulkmbysijyqlhxhrewewcdxnpcbtntzlxqyxriparvmvtyzojihkwxnjraocrrkd",
                "kpmvmcvoukaprkhhwgqxbacqeefmoqvhtmdhkoahensbzpjtdokpuzgakootqurdqbvbpallxfgdwzxmweradhtrr",
                "rahgwqxxllvphdjthibcwfigelrmznjqbgkmutntxpwjoigitvulshwbqskpxdfixgfastwbgktrprhublurk",
                "ilccvaqqyyvvufqmgumhaiuwzrihvjmlfzfztvzzpytjziqjstuvoudltremmksigsoxtunhlpyg",
                "gzvledwkowdhluamhfoeqxidwmmhbejxgpszkocmuulsm",
                "fijubqidpvynfkhridbwimjfieoyhtywvodijexracizzbqtlnxpydflpholkqs",
                "lmxxvkoesitwvbdcjtjylntghmwaabjkkornrpiwnmknwfjmqbvvnvrslgqlovbxblrndypubiyysilnkctbpkxlkhjrzsrnswfu",
                "cfrrjyvxgnzxxjxgybrcuiopbcdziwtdtrbakowiyrigzbjctswckplptgcpjxasmisxksrsdeofpul",
                "cqpmojjpevwpicebrqxzqatqjclhgtkkadagpigfwipkcseqhiidunahuayxzdyxgr",
                "mhgbbfyggxasyqdqwbtitxe",
                "epwknhxxuwdultseyjufddzedvxzoryyjuuyqijvvslydfznpkfwtquinidjqoejodvkaonkm",
                "qkogncfelpqgzenomxfoynhkmtovnrvypgvdxrftbqpdqppvhzrppgfuutmqpfbkibqe",
                "zwqvqxozylfhnkuenvc",
                "wzqjhvneowxnkippfmyrwcp",
                "liodopgqdqviyqwtchdfmzdnvdzlaysrfextaevplqihgdzglxeyilf",
                "yuoelubbwbrzicluedyskem",
                "rlfjozmlgvwihuolsodawnvufgvipnnlsrlvqgvcjcteuc",
                "vmnbtjwtlsynhbymktbj",
                "ihpbly",
                "loowixfzkgildiyfzjoyuuzka",
                "aidaywt",
                "rjvtbjxqopcjxdpzjlyxbzfetmwgbjbopzbazjrodqzqvpyysnkkesxssoukcylqqvxdr",
                "myktugnsittrm",
                "VirtualProtect",
                "kernel32.dll",
                "EYFG0NdmfjF2zxPloEvhVCde1iCz4v2eMf1hP5RHKx230LmysfglIj3JVuYlvecYG",
                "WmMR5uzCqgGaRjFXKfLXYQ4vRBTT8Afl01HheYAzxCpNqunHXpYxQOY0tffTK0KHQ",
                "02gjWEsdp4To6LRNQs4MQFJrDQ5g9jJuCGfQiEepTfvErYqgxR6z2iaOONgiiiBSi",
                "^|]#^]O",
                "WF]y-",
                "(-];",
                "4E^{",
                "^r1S]",
                "]z~R\\",
                "?]zk",
                "V]\\]",
                "B2^]",
                "\\~2b\\",
                " ]KA",
                ")]sWF]2",
                "d@]9",
                "5^oS",
                "(]~P",
                "^m/5]",
                "O?^L",
                "4]b97]",
                "Po^\\",
                "c\\[FE]",
                "^(^;^h",
                "+]tNW^",
                "\\6o\"\\3G",
                "BB^p",
                "9[\\Ft",
                "]O9w]M",
                "^4C;]",
                "$\"\\BlJ^\\",
                "^*xM]",
                "z^Ey",
                "=]Do",
                "V]{h",
                "\\gUK]",
                "l1^!n{^",
                "4^JQ",
                "]ji(]",
                "4q^*",
                "[O]fB",
                "]#%=\\",
                "`n^A|k\\Mt",
                "]@/T\\",
                "H^h=G].B_\\",
                "\\\\IG",
                ".]U8",
                ":^.h.\\",
                "/^hI$]j",
                "'\\L2",
                "A]hD",
                "^;_\\](",
                "?^q.t\\",
                "_cA'\\",
                "]u0v^",
                "\\\\R{]N",
                "*]!W",
                "^(/(]B",
                "OV\\?",
                "];W1]",
                "+G^G",
                "(]} ",
                "gH\\l{.]Y,#]B",
                "R!]s",
                "p#^<.",
                ",^e!",
                "\\M4R]_*+\\",
                "]nE&]'",
                "^y!n^K",
                "J]Uq6]=P",
                "^|#B]",
                "C^0N",
                "\\1HO]4",
                " m^R",
                ";]n}",
                "<+]L",
                "string too long",
                "invalid string position",
                "Unknown exception",
                "e+000",
                "GAIsProcessorFeaturePresent",
                "KERNEL32",
                "bad exception",
                "EncodePointer",
                "DecodePointer",
                "FlsFree",
                "FlsSetValue",
                "FlsGetValue",
                "FlsAlloc",
                "CorExitProcess",
                "runtime error ",
                "TLOSS error",
                "SING error",
                "DOMAIN error",
                "R6034",
                "An application has made an attempt to load the C runtime library incorrectly.",
                "Please contact the application's support team for more information.",
                "R6033",
                "- Attempt to use MSIL code from this assembly during native code initialization",
                "This indicates a bug in your application. It is most likely the result of calling an MSIL-compiled (/clr) function from a native constructor or from DllMain.",
                "R6032",
                "- not enough space for locale information",
                "R6031",
                "- Attempt to initialize the CRT more than once.",
                "This indicates a bug in your application.",
                "R6030",
                "- CRT not initialized",
                "R6028",
                "- unable to initialize heap",
                "R6027",
                "- not enough space for lowio initialization",
                "R6026",
                "- not enough space for stdio initialization",
                "R6025",
                "- pure virtual function call",
                "R6024",
                "- not enough space for _onexit/atexit table",
                "R6019",
                "- unable to open console device",
                "R6018",
                "- unexpected heap error",
                "R6017",
                "- unexpected multithread lock error",
                "R6016",
                "- not enough space for thread data",
                "This application has requested the Runtime to terminate it in an unusual way.",
                "R6009",
                "- not enough space for environment",
                "R6008",
                "- not enough space for arguments",
                "R6002",
                "- floating point support not loaded",
                "Microsoft Visual C++ Runtime Library",
                "<program name unknown>",
                "Runtime Error!",
                "Program: ",
                " !\"#$%&'()*+,-./0123456789:;<=>?@ABCDEFGHIJKLMNOPQRSTUVWXYZ[\\]^_`abcdefghijklmnopqrstuvwxyz{|}~",
                " Complete Object Locator'",
                " Class Hierarchy Descriptor'",
                " Base Class Array'",
                " Base Class Descriptor at (",
                " Type Descriptor'",
                "`local static thread guard'",
                "`managed vector copy constructor iterator'",
                "`vector vbase copy constructor iterator'",
                "`vector copy constructor iterator'",
                "`dynamic atexit destructor for '",
                "`dynamic initializer for '",
                "`eh vector vbase copy constructor iterator'",
                "`eh vector copy constructor iterator'",
                "`managed vector destructor iterator'",
                "`managed vector constructor iterator'",
                "`placement delete[] closure'",
                "`placement delete closure'",
                "`omni callsig'",
                " delete[]",
                " new[]",
                "`local vftable constructor closure'",
                "`local vftable'",
                "`RTTI",
                "`udt returning'",
                "`copy constructor closure'",
                "`eh vector vbase constructor iterator'",
                "`eh vector destructor iterator'",
                "`eh vector constructor iterator'",
                "`virtual displacement map'",
                "`vector vbase constructor iterator'",
                "`vector destructor iterator'",
                "`vector constructor iterator'",
                "`scalar deleting destructor'",
                "`default constructor closure'",
                "`vector deleting destructor'",
                "`vbase destructor'",
                "`string'",
                "`local static guard'",
                "`typeof'",
                "`vcall'",
                "`vbtable'",
                "`vftable'",
                "operator",
                " delete",
                " new",
                "__unaligned",
                "__restrict",
                "__ptr64",
                "__clrcall",
                "__fastcall",
                "__thiscall",
                "__stdcall",
                "__pascal",
                "__cdecl",
                "__based(",
                "GetProcessWindowStation",
                "GetUserObjectInformationA",
                "GetLastActivePopup",
                "GetActiveWindow",
                "MessageBoxA",
                "USER32.DLL",
                " !\"#$%&'()*+,-./0123456789:;<=>?@abcdefghijklmnopqrstuvwxyz[\\]^_`abcdefghijklmnopqrstuvwxyz{|}~",
                " !\"#$%&'()*+,-./0123456789:;<=>?@ABCDEFGHIJKLMNOPQRSTUVWXYZ[\\]^_`ABCDEFGHIJKLMNOPQRSTUVWXYZ{|}~",
                "HH:mm:ss",
                "dddd, MMMM dd, yyyy",
                "MM/dd/yy",
                "December",
                "November",
                "October",
                "September",
                "August",
                "July",
                "June",
                "April",
                "March",
                "February",
                "January",
                "Saturday",
                "Friday",
                "Thursday",
                "Wednesday",
                "Tuesday",
                "Monday",
                "Sunday",
                "1#QNAN",
                "1#INF",
                "1#IND",
                "1#SNAN",
                "SunMonTueWedThuFriSat",
                "JanFebMarAprMayJunJulAugSepOctNovDec",
                "AddAtomW",
                "GetProcAddress",
                "GetModuleHandleA",
                "MultiByteToWideChar",
                "GetVersion",
                "FreeConsole",
                "KERNEL32.dll",
                "GetSaveFileNameA",
                "GetOpenFileNameA",
                "COMDLG32.dll",
                "RtlUnwind",
                "RaiseException",
                "GetCommandLineA",
                "GetLastError",
                "HeapFree",
                "GetModuleHandleW",
                "TlsGetValue",
                "TlsAlloc",
                "TlsSetValue",
                "TlsFree",
                "InterlockedIncrement",
                "SetLastError",
                "GetCurrentThreadId",
                "InterlockedDecrement",
                "HeapAlloc",
                "TerminateProcess",
                "GetCurrentProcess",
                "UnhandledExceptionFilter",
                "SetUnhandledExceptionFilter",
                "IsDebuggerPresent",
                "Sleep",
                "ExitProcess",
                "WriteFile",
                "GetStdHandle",
                "GetModuleFileNameA",
                "FreeEnvironmentStringsA",
                "GetEnvironmentStrings",
                "FreeEnvironmentStringsW",
                "WideCharToMultiByte",
                "GetEnvironmentStringsW",
                "SetHandleCount",
                "GetFileType",
                "GetStartupInfoA",
                "DeleteCriticalSection",
                "HeapCreate",
                "VirtualFree",
                "QueryPerformanceCounter",
                "GetTickCount",
                "GetCurrentProcessId",
                "GetSystemTimeAsFileTime",
                "GetCPInfo",
                "GetACP",
                "GetOEMCP",
                "IsValidCodePage",
                "LeaveCriticalSection",
                "EnterCriticalSection",
                "VirtualAlloc",
                "HeapReAlloc",
                "HeapSize",
                "LoadLibraryA",
                "InitializeCriticalSectionAndSpinCount",
                "LCMapStringA",
                "LCMapStringW",
                "GetStringTypeA",
                "GetStringTypeW",
                "GetLocaleInfoA",
                "WBzV",
                "`6X;",
                "0uZ;",
                "/RZA",
                "j8Y;",
                "c_Z;",
                "~kB$",
                "y<1&",
                "eHZ;",
                "23X8",
                "w'X;",
                "2;Z9",
                "}<)$",
                "~>Y&",
                "f<Z;",
                "}=($",
                "wy+$",
                "p/&&",
                "vdz&",
                "kTZ;",
                "}3`b",
                "k_[;",
                "wy[%",
                "{y~%",
                "wE[;",
                "wI[;",
                "w.[;",
                "ws[;",
                "wy=$",
                "aEo@r",
                ".0t<",
                "j4Y;",
                "k[Z;",
                "wsZ;",
                "kUZ;",
                "wdV'",
                "}3`a",
                "wh>$",
                "/RDA",
                "wgZ;",
                "0?Z;",
                "w>=$",
                "woy0t",
                "wdJ,",
                "qIP;",
                "hcS2",
                "37ZH",
                "Tg=O",
                "0gio",
                "ygK$",
                "0ZZ;",
                "0$[;",
                "{:Q$",
                "#;G ",
                "Tg=o",
                "{:_$",
                "Hz1u",
                "vXg9",
                "r L*",
                "1YQM",
                "weY$",
                "j0m:",
                "z9ZK",
                "7Z;m",
                "y>Z$",
                "z :X",
                "`9ZK",
                "0+Z;",
                "0XZ;",
                "7tBz",
                "T:aE",
                "@9x;",
                "n|KM",
                "@xK7",
                "a:l$",
                "q:U$",
                "w [;",
                "*XZ0",
                "k\"[;",
                "x=mZ",
                "31\\<)",
                "!Y;$",
                "w%Z;",
                "xr3@",
                "0D[;",
                "&<ZK",
                "wf[;",
                "k'4'",
                "0n[;",
                "}30$",
                "T9aENK",
                "jVk;",
                "8aENK",
                "4=Z=",
                "XKI=",
                "$Eo<",
                "cwZ;",
                "eyZ;",
                "Q`Eo@r",
                "wy'$",
                "}_Y$",
                "{:J$",
                "}=3$",
                "iTeB",
                "31Z)",
                "4MTm",
                "0#X;",
                "Fhp:",
                "P;oG",
                "b9<1",
                ")3YTF",
                "}f1$",
                "k>6&",
                "wQX;",
                "b'`v",
                "ohK:",
                "Bn.F",
                "IU9$",
                "19e=",
                "|^,$",
                "%\\;Y",
                ">[>,\"",
                "$tIq8",
                "@5x*",
                "*\"$p",
                "0.h;",
                "o|IA/",
                "&5$C_",
                ":2Of",
                "@ev$",
                ">G,Z",
                "U43Z[",
                ">*Z;",
                "~+Z;",
                "'!RxJ",
                "h[F=",
                "QaY=",
                "}B#z",
                "<I0<",
                "*PA-",
                "$ot;",
                ":;|]:",
                ",A]/",
                "_|'2T",
                "2ipn",
                "_|42+",
                "-3pK",
                "_|:2M",
                "%AAP",
                "~AML",
                "2zrd",
                "xtNY",
                "<A8P",
                "RA n",
                "uz[R",
                "&2it2",
                "BAdk",
                "LA4w",
                "|H6.",
                "_>xj",
                "<Vxl",
                "uB%W",
                "e37xt",
                "9VxC",
                "7B|'",
                "9oxH",
                "<BT$",
                "_Vox.",
                "]}w8",
                "Y2{5",
                "q$Z;",
                "}+_$",
                "}~8$",
                "p:Z;",
                " ~lQ",
                "@p8Z",
                "T6j!",
                "'`H8",
                "jE7`4{",
                "%*%<",
                "ok!I",
                "{p7(",
                "R]o4E",
                ":#{)",
                "9GpR",
                "~&UE",
                "knGf<c",
                "$gSj",
                "@z=[",
                "Y>2w",
                "w38X7",
                "{4@[^",
                "n5Lz;[",
                "z'jo",
                "RN085",
                "Ej;0",
                "@Pp<5",
                "$ob#",
                "vJj;",
                "q)ze",
                "M80=",
                "%4yc",
                "}M8*",
                "q)8y!",
                "?ZZ;",
                "}M8%",
                "3eZo",
                "}%{o",
                "$2cb",
                ")^o#",
                "$_ne",
                "@l:_",
                "5&Po",
                "XBB;",
                "4$'n",
                "\"ouJ",
                "|65$",
                "Xo0/Z",
                "Ke;O",
                "Kx ^",
                ", ix",
                ">zrW",
                "Ke(R",
                "HI#$",
                "GNcd",
                "J'+`",
                "lx.B",
                "K#$`",
                "}*WK",
                "m}.r",
                "jp8W",
                "w}6^",
                ") ky",
                ")/8d",
                "aX4R",
                "+#Zz",
                "lx9z",
                "@!!$",
                "L'%f",
                "9.!f",
                "\\Nh;",
                ";c}G",
                "Z%j~",
                "-\"cy",
                "DS*f",
                "\"I $",
                "|zcB",
                "| n;",
                "~~bU",
                "-&oz",
                "}ILw",
                "yb>W",
                "2mZNd",
                "++%Z",
                "z'n;",
                ",%mx",
                "A(*{",
                "8'Ra",
                "N\"&$H",
                "8xgM",
                "\"EgE",
                "/'Zd",
                "\"I%$",
                ")&Zr",
                "(!mz",
                "}B3A",
                "*)Zd",
                "Lh*^",
                ",$b;",
                "lE#K",
                "9\"Wb",
                "8&Wg",
                "}qvP",
                "NSPa",
                "<T&`",
                "ye3T",
                "M!*a",
                "-Rn~",
                "L''a",
                "LR*e",
                "/)bz",
                "D'We",
                "ke?V",
                "J\"%`",
                "]%b}",
                ">I[e",
                "/!kx",
                ";%Rf",
                "EP$g",
                "](bz",
                "9&$`",
                "+)b~",
                "}DvG",
                "8IZj",
                "/CPp",
                "O~(P",
                "{e?_",
                "8xpV",
                "uP(\\",
                "6V?U",
                "|P(X",
                "|X>;",
                "-sav",
                "w}5I",
                "2xGA",
                "Ky5I",
                "vg;W",
                "}Y}l",
                "?wpO",
                "{z3U",
                "}*Z@",
                "qt6_",
                "C}L{",
                "}/1d",
                "yr1R",
                "\"TrG",
                "}}>;",
                ")y_A",
                "lt>d",
                "}p>o",
                "+%oZ",
                " {;H",
                "E%xN",
                "r\"4Z",
                "Jt*W",
                "{tZX",
                "}fqj",
                "Kx>^",
                "wu?;",
                "|p.R",
                "}evP",
                "2puW",
                "sv(T",
                "kt.d",
                "z}?;",
                "ttZi",
                ")ocA",
                "ttZ}",
                "^x6^",
                "wc>^",
                "utZ]",
                "[y(T",
                "\\~7Z",
                "}E3V",
                ">dvE",
                "Ud6O",
                "zE#K",
                ">dv@",
                "jt4O",
                "h~)Z",
                "GB?I",
                "ltZt",
                "wf)Z",
                "tB.Z",
                "\"AzJ",
                "\"egE",
                "{P.O",
                "}U|I",
                "}R5_",
                "me?;",
                "jx8N",
                "kt7Y",
                "+saW",
                "kb?V",
                "Ye.I",
                "9wgE",
                "qs/O",
                "le(R",
                "zd.^",
                "ltZH",
                ".~vH",
                "np6N",
                "}ww@",
                "wg?;",
                "yv?h",
                "~t(k",
                "yi3V",
                "z}?v",
                "lt7t",
                "yvZZ",
                "}brC",
                "pc?Z",
                "zT4X",
                ":sga",
                "\\c;L",
                "(evg",
                "jp-R",
                "Kt;I",
                "ye?I",
                "lW5W",
                "l]?U",
                "yc.H",
                "}R?I",
                "ye?m",
                "lx5U",
                "}R6R",
                "}c.R",
                "/spM",
                "@C;R",
                "yx6H",
                "[y;U",
                "st(U",
                "}r/I",
                "n}Z|",
                "Hc5\\",
                "wc3O",
                "wc7;",
                "Qr5U",
                "Ya*W",
                "{p.^",
                "}]5X",
                "<xzI",
                "<rwV",
                "j|;O",
                "y}3A",
                "4eEE",
                "t}?X",
                "lt-Z",
                "kr(R",
                "7e|J",
                "Up\"R",
                "\"]v]",
                "q}?r",
                "}B#H",
                "aX4]",
                "v\\5N",
                "Wg?I",
                "mB.I",
                "ycZ\\",
                ".o`P",
                "|R2Z",
                "[c?Z",
                "|t(;",
                "up.k",
                "{x;W",
                "}PfH",
                "wb5]",
                "oS5O",
                "_p7^",
                "8`vJ",
                "yx4^",
                "kt(;",
                "ju?I",
                "Tx4P",
                "[~6T",
                "[d(H",
                "\"YeA",
                "k~(;",
                "ut(Z",
                "q~4H",
                "ab.^",
                "ye5I",
                "}SkP",
                "Jt;_",
                "{bZ|",
                "GS5N",
                ">y~T",
                "mp=^",
                "qc?X",
                "}I~E",
                "HA(T",
                "`a;U",
                "ww3W",
                "lB/Y",
                "wr?H",
                "aP>_",
                "}NAE",
                "DUvV",
                "ae?H",
                "aA(^",
                "-wgL",
                "Hp.S",
                "6E2I",
                "SBrW",
                "|t4O",
                "me.T",
                "G^/O",
                "}Y?W",
                "wv3U",
                "jc5I",
                "lR/I",
                "}b)p",
                "|u(^",
                "-d|G",
                "lbZ\\",
                "}nLV",
                "Q|;\\",
                "Jt9O",
                "{eZn",
                "ke(R",
                "ma*^",
                "z}?s",
                "qr3O",
                "yx.}",
                "}uqw",
                "kh4X",
                "}b/W",
                "Up4Z",
                "}N~H",
                "ut4O",
                "vd7^",
                "m|?I",
                "}c;O",
                "\"U|Q",
                "jeZx",
                "}[vI",
                "keZo",
                "|E3V",
                "Wa?U",
                "GS;X",
                "la/O",
                "Kh)O",
                "`eZX",
                "Wa?I",
                "Ox4_",
                "ps<K",
                "?dV\\",
                "}iZI",
                "ka6Z",
                "[y;I",
                ")yPL",
                "hp(^",
                "}DvC",
                "aa.^",
                "|^4W",
                "{e5I",
                "kU3I",
                "}BrF",
                "Kt(R",
                "qe#;",
                "SEvG",
                ".spQ",
                "qboct",
                "[RZT",
                "l_q}",
                "\\)3y",
                "2fbD",
                "`bM5T",
                "9Z*2",
                "6ec=",
                "`cD4r",
                "Q6PQ",
                "`r6N",
                ";srP",
                "~e?I",
                "iPaE",
                "{p.R",
                "Yw.^",
                "ut]~",
                "|&}:",
                "3w~A",
                "y|?H",
                "ut)K",
                "zS}P",
                "tXrI",
                "oB#H",
                "wu?W",
                "L~1^",
                "y|??",
                "{S}P",
                "1ypE",
                "Vp7^",
                "ptz]",
                "ye/I",
                "ztz_",
                "[*2<",
                "{~4O",
                "9sgA",
                "vp8W",
                "0RvG",
                "q|;\\",
                "}17Z",
                "|13U",
                "]swM",
                "}1.^",
                "8}3U",
                "}RPK",
                "8r5U",
                "}e2^",
                "}ut;",
                "p~/W",
                "}czW",
                "qr;O",
                "]rvB",
                "k1;_",
                "]arP",
                "~1.S",
                ">ec0",
                "1Z)2d",
                "c`I2f`d",
                "\\[)2",
                ">faH",
                "T)2,",
                "X*3P",
                "0eb`",
                "[*0P",
                "`bM9T",
                "[*3$",
                "1ebT",
                "1Z)0h",
                "9AQ/{",
                "<ea ",
                "[)0H",
                "[)30",
                "8QZ;",
                "XM}g",
                "S9u;}2",
                "0{M,",
                "P]>t",
                "Q@oD}8",
                "cff,",
                "fALK",
                "0}hZ",
                "09.J",
                "fc$=",
                "8g?I",
                "k|tM",
                "a1,^",
                "8-.I",
                "AevG",
                "`|6U",
                "GepL",
                "81fI",
                "{t)H",
                "8-uH",
                "\"w|S",
                "J7iS",
                "mX@k",
                "PZ\"KK",
                "s<K&",
                ";g2S",
                "f2Sl",
                "P->f+",
                "D]t+",
                "L->f",
                "0f2!~",
                "Jia{",
                "4f2k",
                "z@!0",
                "FDsY",
                "CZ-B",
                "P99o",
                "}9syZ",
                "nxFR",
                ";oJ#",
                "YHlO",
                ">Xo+",
                "T->f",
                "7;Fv",
                ".?AVbad_alloc@std@@",
                ".?AVexception@std@@",
                ".?AVlogic_error@std@@",
                ".?AVlength_error@std@@",
                ".?AVout_of_range@std@@",
                ".?AVtype_info@@",
                ".?AVbad_exception@std@@",
                "                          ",
                "abcdefghijklmnopqrstuvwxyz",
                "ABCDEFGHIJKLMNOPQRSTUVWXYZ",
                "kU'9",
                "HMXB",
                "?Zd;",
                "?/L[",
                "S;uD",
                "z?aUY",
                "D?$?",
                "U>c{",
                "zc%C1",
                ".:3q",
                "-64OS",
                "NKeb",
                ">0<0",
                "DigiCert Inc1",
                "www.digicert.com1$0\"",
                "DigiCert Assured ID Root CA0",
                "220801000000Z",
                "311109235959Z0b1",
                "www.digicert.com1!0",
                "DigiCert Trusted Root G40",
                "]J<0\"0i3",
                "t;mq",
                "u]xf",
                "v=Y]Bv",
                "p,A`",
                "RQGt",
                "|Lu?c",
                " Qko",
                "q]dL",
                "m0k0$",
                "http://ocsp.digicert.com0C",
                "7http://cacerts.digicert.com/DigiCertAssuredIDRootCA.crt0E",
                ">0<0:",
                "4http://crl3.digicert.com/DigiCertAssuredIDRootCA.crl0",
                "Jz/-",
                "5FjiT",
                "wZ\\T",
                "~qj#k\"",
                "T-'~",
                "(f*^[0",
                "220323000000Z",
                "370322235959Z0c1",
                "DigiCert, Inc.1;09",
                "2DigiCert Trusted G4 RSA4096 SHA256 TimeStamping CA0",
                "=rIQU",
                "|jWz",
                "!hn7!",
                "{un'%",
                "+Xt@(",
                "u($A",
                "fIRP",
                ",W5y+",
                "/s)v",
                "k0i0$",
                "http://ocsp.digicert.com0A",
                "5http://cacerts.digicert.com/DigiCertTrustedRootG4.crt0C",
                "<0:08",
                "2http://crl3.digicert.com/DigiCertTrustedRootG4.crl0 ",
                " %41g",
                "i?Gw",
                "',=?k",
                "Axz8",
                "210429000000Z",
                "360428235959Z0i1",
                "DigiCert, Inc.1A0?",
                "8DigiCert Trusted G4 Code Signing RSA4096 SHA384 2021 CA10",
                ">Mp$d",
                "}4}L",
                "!xE.",
                "IpB2",
                "6*f(_",
                "[K]taM?",
                "m&vh",
                "J>@G_",
                "#!Y`",
                "x8E0",
                "SA|X=G",
                "2http://crl3.digicert.com/DigiCertTrustedRootG4.crl0",
                ":#D=",
                ":]Hm",
                "v~7q",
                "!usR",
                "ov7,",
                "/\"lA",
                "jj@0HK4",
                "VxN0",
                "MirK",
                "<*J=)",
                "220921000000Z",
                "331121235959Z0F1",
                "DigiCert1$0\"",
                "DigiCert Timestamp 2022 - 20",
                "{@no",
                "]Kn1",
                "S^_U",
                "S0Q0O",
                "Ihttp://crl3.digicert.com/DigiCertTrustedG4RSA4096SHA256TimeStampingCA.crl0",
                "http://ocsp.digicert.com0X",
                "Lhttp://cacerts.digicert.com/DigiCertTrustedG4RSA4096SHA256TimeStampingCA.crt0",
                "xW70",
                "IQ,x",
                "\">D!",
                "A6qw",
                "]G,c",
                "210804000000Z",
                "240817235959Z0",
                "Private Organization1",
                "01-09-9425491",
                "Budapest1",
                "FinalWire Kft.1",
                "FinalWire Kft.0",
                "VblRAh",
                "WiI|",
                "MGy8x/?",
                "yI;A",
                "HU-01-09-9425490",
                "Mhttp://crl3.digicert.com/DigiCertTrustedG4CodeSigningRSA4096SHA3842021CA1.crl0S",
                "Mhttp://crl4.digicert.com/DigiCertTrustedG4CodeSigningRSA4096SHA3842021CA1.crl0=",
                "60402",
                "0)0'",
                "http://www.digicert.com/CPS0",
                "http://ocsp.digicert.com0\\",
                "Phttp://cacerts.digicert.com/DigiCertTrustedG4CodeSigningRSA4096SHA3842021CA1.crt0",
                "<B%3",
                "&mz|Ok",
                "g|\"m",
                "OXIz",
                "?29d",
                "983*",
                "0}0i1",
                "8DigiCert Trusted G4 Code Signing RSA4096 SHA384 2021 CA1",
                "1X0V",
                "https://www.aida64.com0",
                "n_SI",
                "]<SjM]",
                ">F#F&r",
                "#m!6",
                "1Rj;",
                "0\\0~T ",
                "0w0c1",
                "2DigiCert Trusted G4 RSA4096 SHA256 TimeStamping CA",
                "230327153030Z0/",
                " ' Oo ",
                "e/}0",
                "S-6>",
                "H;vEN",
                "ZpQk",
                "jjjjj",
                "UupgY",
                "KERNEL32.DLL",
                "mscoree.dll",
                "         (((((                  H",
                "         h((((                  H",
                "                                 H",
                "VS_VERSION_INFO",
                "StringFileInfo",
                "040904E4",
                "Comments",
                "Shoots mangler bimonthly polyethylene",
                "CompanyName",
                "Regressive",
                "FileDescription",
                "Maternal allowances addressability",
                "FileVersion",
                "5.250.269.2",
                "InternalName",
                "Facetiousness",
                "LegalCopyright",
                "Copyright ",
                " Smacked overeating signor catalysing chinese waterfront",
                "LegalTrademarks",
                "Peafowl rant",
                "OriginalFilename",
                "Gilded",
                "ProductName",
                "Commissariat pluralists",
                "ProductVersion",
                "VarFileInfo",
                "Translation",
                "8AIDA64 Extreme Setup Packag"
            ]
        }
    ]
}