{
    "malware_data": [
        {
            "filename": "373fecd47d71a993800e6c5186b32e8b4828f0fa282a9e89617d1fa8b71b9681.elf",
            "filetype": "7F454C46",
            "filesize": "27KB",
            "hash_sha256": "373fecd47d71a993800e6c5186b32e8b4828f0fa282a9e89617d1fa8b71b9681",
            "strings": [
                "UPX!",
                "/M1<",
                "\\Wnq=",
                ";]MI",
                "Fk=2",
                "oFRj",
                "9s@u",
                "3K| ",
                "w-*(Il",
                "?CK&8R",
                "+`W:",
                "?&8$(&%",
                "c?MC^",
                ">>\\P",
                "2M&q",
                ".yg$",
                "F7+|u",
                "VQlz ",
                " Y`9",
                "D-T|",
                "<N0+:[",
                "YgcW",
                "2g#9",
                "L4}oA",
                "vq0/",
                "Q*~w",
                "$5e}",
                "[[+q",
                "+g9i",
                "P/jT",
                "P&C4",
                "kwTs",
                "{e6>",
                "ZMy\\'",
                "~j!_^",
                "HH\\4",
                "'\"4g,",
                "5&y|",
                "#@\\d",
                "NgQg",
                "R2(=",
                "9?vkJ7",
                "DxH~",
                "vpvW{",
                "IowR",
                "_-'{",
                "j*.%V",
                "(:nG",
                "_VMZ=",
                "yMWQ",
                "HY6|X",
                "8DS#G2",
                ",cSf",
                "Jj{=@",
                "0`c)\\8r46",
                "o.X`",
                "gXx#",
                ";E2-k",
                "v%?\\",
                "fS9~",
                "8yUn",
                ") i'",
                "7y%})Z",
                "!^-z",
                "OX2w",
                "ief[",
                "|W\\7",
                "eAkl",
                "Yw>^s",
                "*.=B3?",
                "(.I3",
                "f'K1",
                "`y4WP~j",
                "}L!C",
                "eCD9",
                "!/m'",
                ":a~e",
                "fKiHv",
                "b5K}O",
                "9k'8",
                ".Dg-",
                "X5)(",
                "@c}R",
                ".A\\qvsS",
                "Q1COVO",
                "W;:N",
                "+zmE",
                "Er F",
                "Eyh%*",
                "gmE\"!",
                "qLa4",
                "+qD}}Y",
                "i?vy",
                "2w`z",
                ":dDsr[",
                "Fr?|M",
                "%gFR",
                "!gU$If",
                "k%RNF>J ",
                "&{=P{",
                ";>nB",
                ",mB8",
                "]Fy2J",
                "8NxUq\\",
                "afwLB",
                "mSfVa",
                "hu~Y1OjG",
                "BS03I",
                "*3?`oy1",
                "d{<\"",
                "$|@+DJz",
                "KpR^",
                "<@_J1",
                "e?)P",
                "x`@S",
                "&kZz",
                "=2~u",
                "u1X*%5",
                "NTLK",
                "OjQF",
                "8!z}",
                "@)bjX",
                "9}; ",
                "U<<FKr",
                "eHY7a",
                ")[mX",
                "niM)%g",
                "k$D{Tp",
                "d\"wa",
                "%:7~",
                "KqFA ",
                "c':$",
                "[aK1",
                "njWY",
                ">\\KBuqK[KQ",
                "-Bdx",
                "[!rI",
                "#wUzH",
                "@=_1",
                "r]T+",
                "%~HF",
                "v5+-",
                "p,?6E",
                "fzAy(",
                ":c3Bc",
                "]&/[",
                "g#ci",
                "%Q8K",
                "3G'StGY",
                "7m@Y",
                "M7UB9",
                "r-|L",
                "%Q.{P~",
                "K@[9",
                "nf_<",
                "k d$",
                ")G:W",
                "Kuy7",
                "`Ot&",
                "4HS7)",
                "5jZxBFy ",
                "`jc7",
                "mT&z",
                "HmF>,",
                " q;?",
                ">%>qw",
                ":<^(",
                "+\\RS",
                "OKy!(",
                "Fd];",
                "VoBZ",
                "*YCJ",
                "CQ?[DB",
                "mW|X",
                "g\\>f",
                "3ChT",
                "g#ZZ=l@",
                "zUCg",
                "_Oz/",
                "0__8C2",
                "}=B`",
                "h^!I",
                "w\"ON",
                "Tb+|",
                "@lv:[",
                "g@66",
                "2I T;",
                "/:\\T",
                "<N-m",
                "_$3J",
                "';?6",
                "b:l$Z",
                "jHxV",
                "XDU7",
                "gY_j",
                ";mOf[]v",
                "::`G",
                "#%G}+",
                "_^C A",
                "rKF8y",
                "hP.E'",
                "c10\"",
                "urdH",
                "1E/)",
                "fA/p",
                ")lGK",
                "=M@C",
                "FrE)",
                "EM.ZX",
                "b%ku",
                "mw^h",
                "P<Yh",
                "ko3WT1",
                "<N/%",
                "DPP]",
                "&hi?",
                "03<#",
                ":Fq7",
                " ckD",
                "7N]}T",
                "ER~b<f",
                "TD*}",
                "Q|4e",
                "ifEl",
                "@lsb",
                "nV7$X",
                "}'zC",
                "H.]+5",
                "R1AR^UJ",
                "?gU4",
                "ikJ\\",
                "XJ:c",
                "Z\"tS",
                "NJUH",
                "{B{ee",
                " J|(",
                "fc\"N",
                "KjC,",
                "a! IN",
                "BlJ>4",
                "$!1]XI",
                "V;Pw",
                "Jt}!.3",
                "{ Ez",
                "\\@HU",
                "ia9U",
                "ZUi5h",
                "sVg&'Q",
                "v}gt6C",
                "Oq: ",
                "l.!3",
                "/\\+2M",
                "Bv6y",
                "XM~X",
                "dA;+Y4(2",
                "Y,47",
                "O^_$",
                "q-h~",
                ":YQ?",
                "@oUG",
                "r60t",
                "#l3mB",
                "|cX08c",
                "@}+X0})P09k",
                "}HSx8`",
                ".}8J",
                "#x}@Y",
                "}iXP",
                "}HSxA",
                "(P8d",
                "x}f:.U",
                "}HSx|",
                "(P}f;.8g",
                "}HSx8",
                "@PU`",
                "@.UH@.9",
                ".p}HSx|",
                "P}7Kx",
                ".p~)",
                "x}:Kx/",
                "0Ti 6 ",
                "x}d:.U",
                "}d;.B",
                "U)80?",
                "}f;.B",
                "ZX0T",
                "<}8J",
                "} HP8",
                "@.WZ",
                "(PcZ",
                "WZ 6|",
                "}f;.",
                "Z#xT",
                "`P8`",
                "PROT_EXEC|PROT_WRITE failed.",
                "$Info: This file is packed with the UPX executable packer http://upx.sf.net $",
                "$Id: UPX 3.94 Copyright (C) 1996-2017 the UPX Team. All Rights Reserved. $",
                "2TYv",
                "]@xv",
                "+#8D",
                "F)N[",
                "U?y!",
                "P_'i~",
                "LJ)H",
                "7JZx",
                "lO c",
                "tz0(",
                "%\\bSG",
                "&k?H{8",
                "s?P>",
                "2\"SA",
                "PhDT",
                "GCe%",
                "7St*W",
                "F0.V",
                "18(05",
                "_%b:e",
                "C|{N"
            ]
        }
    ]
}