{
    "malware_data": [
        {
            "filename": "6b8e428cff996c49aa52e017213c7016880a2bc1583d051240c74992bf83c357.exe",
            "filetype": "4D5A9000",
            "filesize": "427KB",
            "hash_sha256": "6b8e428cff996c49aa52e017213c7016880a2bc1583d051240c74992bf83c357",
            "strings": [
                "!This program cannot be run in DOS mode.",
                "Rich3%",
                ".text",
                "`.rdata",
                "@.data",
                ".rsrc",
                "@.reloc",
                "j hP",
                "j ht",
                "j(h`",
                "j@h0",
                "j@hH",
                "jPh@",
                "j$h ",
                "j<hH",
                "j?h`",
                "hHtF",
                "wCRQ",
                "w$RQ",
                "Y_^[",
                "SVWP",
                "8Gdu",
                "u78Gdt",
                "h$(F",
                "PQSVW",
                "NPu1",
                "8SVW",
                "w!QS",
                "PQVW",
                "_[^]",
                "hhOF",
                "woRQ",
                "w;RQ",
                "CE P",
                "w`RQ",
                "L$T3",
                "CD$0",
                "~D$<f",
                "CC Q",
                "wqRQ",
                "w/RQ",
                "=0LF",
                "=4LF",
                "wVRQ",
                "w+RQ",
                "CE j",
                "wiRQ",
                "w'RQ",
                "CM @PRj",
                "wZRQ",
                "h@JF",
                "w2RQ",
                "w_RQ",
                "wTRQ",
                "SVWh",
                "G4j@h",
                "wTVP",
                "w^RQ",
                "wXRQ",
                "w(RQ",
                "5t E",
                "h@d@",
                "hxKF",
                "wnRQ",
                "w,RQ",
                "hhRF",
                "w)RQ",
                "hpMF",
                "wYRQ",
                "w.RQ",
                "h UF",
                "h0NF",
                "h@SF",
                "h0KF",
                "wuRQ",
                "CE Q",
                "hpSF",
                "wORQ",
                "wURQ",
                "w%RQ",
                "w]RQ",
                "wxRQ",
                "weRQ",
                "w0RQ",
                "D$,j",
                "t8A;",
                "_^[3",
                "LSVW",
                "h8LF",
                "h RF",
                "h(JF",
                "h(MF",
                "h OF",
                "hXPF",
                "hHTF",
                "=dRF",
                "wpRQ",
                "w-RQ",
                "5l\"E",
                "wtRQ",
                "VVVVh$",
                "jPPQ",
                "CE VP",
                "hPUF",
                "CE8P",
                "=t E",
                "wrRQ",
                "CE f",
                "whRQ",
                "w&RQ",
                "h@PF",
                "hpVF",
                "hhUF",
                "h@VF",
                "h(PF",
                "w\\RQ",
                "h8RF",
                "wwQV",
                "h8UF",
                "hxTF",
                "hpPF",
                "hPLF",
                "wcRQ",
                "w8RQ",
                "=DQF",
                "C50QF",
                "D$(Pj",
                "h`NF",
                "wlRQ",
                "w*RQ",
                "EPPh",
                "w|RQ",
                "hHNF",
                "wkRQ",
                "Cuhj",
                "wNRQ",
                "CE8Q@",
                "w5RQ",
                "w9RQ",
                "CM8Rj",
                "CM8Q",
                "wDRQ",
                "=`RF",
                "B=`RF",
                "w?RQ",
                "hXJF",
                "hxNF",
                "hPRF",
                "wbRQ",
                "hpJF",
                "hHQF",
                "hXSF",
                "hxQF",
                "hHKF",
                "h(SF",
                "hXMF",
                "wMRQ",
                "50 E",
                "qDt,",
                "8Fvu",
                "uN9Fpt",
                "u<9Fpt",
                ">@PWV",
                "^_[]",
                "7@PVW",
                "rAWQ",
                ";_^[",
                "$_^[",
                "u+h`",
                "PSVW",
                "8Fuur",
                "R$^]",
                "w<QR",
                "j<X+",
                "PQQVW",
                "PQQV",
                ">MOC",
                ">RCC",
                ">csm",
                "A = ",
                "h0sF",
                "%,!E",
                "5ptF",
                "=pwF",
                "%l E",
                "_^[]",
                "t)hG",
                "7j$V",
                "=dwF",
                "=LwF",
                "=p*E",
                "SVWW",
                "9C(t",
                "9C(tX",
                "h,3E",
                "h@3E",
                "hT3E",
                "hl3E",
                "h44E",
                "hP4E",
                "hd4E",
                "hx4E",
                "h45E",
                "hP5E",
                "hd5E",
                "h|5E",
                "h 6E",
                "h06E",
                "5`wF",
                "5$wF",
                "5xwF",
                "5pwF",
                "5(wF",
                "5,wF",
                "50wF",
                "5HwF",
                "5<wF",
                "5LwF",
                "5\\wF",
                "5hwF",
                "5 wF",
                "5XwF",
                "5lwF",
                "5twF",
                "5dwF",
                "5TwF",
                "5PwF",
                "h@6E",
                "tFh45E",
                "hP%E",
                "h,%E",
                "h(%E",
                "Y__^[",
                "t>+}",
                "8csm",
                "N+D$",
                "SVW3",
                "ntel",
                "5ineI",
                "5Genu",
                "t#=`",
                "N)^]",
                "}fV3",
                "Q$B@;",
                "G @;G",
                "G ;G",
                "'j j",
                "IQVP",
                "{j j",
                "h87E",
                "5@@F",
                "YY^]",
                "hL7E",
                "5({F",
                "%({F",
                "hl7E",
                "5${F",
                "5 {F",
                "%`!E",
                "=4{F",
                "QQVj",
                "=l{F",
                "7j(V",
                "hP{F",
                "hL{F",
                "5X{F",
                "5t{F",
                "%t{F",
                "%p{F",
                "hM\"B",
                "Wj4XPV",
                "s,Pj",
                "t*kU",
                ";Kdt",
                "4Y;s",
                "GDQj",
                "OHPj",
                "=`{F",
                "(PRW",
                "5L{F",
                "OHPP",
                "tJVW",
                ";Xdt",
                "A(;A,v",
                "O,9O(vV",
                ";A$v\\",
                "+A$+Y",
                "+A$+",
                "A0B;W",
                ";F$s",
                "t\\QSV",
                "v'QS",
                "jd[+",
                ";F$vj",
                ";F,r",
                ";F0r",
                "t|;E",
                "+A$tp",
                "9Y,s",
                ";J,r",
                ";B0r",
                "tX;E",
                "V,)^",
                ";A$vH",
                "F,_^",
                "1t!3",
                "+A Vj$",
                "^@;A",
                "+AHVj(",
                "hp{F",
                "+p$+p",
                "C$F;w",
                "N PSQ",
                "$PBV",
                "FT9~Xt0",
                "9~Xt#",
                "=t{F",
                "5\\{F",
                "=h{F",
                ";{dv(2",
                "G;^d",
                "QQS3",
                "9G$v&",
                "9G$s$",
                "9G$v",
                "@(;A(s",
                "pTWj",
                "hH8E",
                "h<8E",
                "5H{F",
                "9wLt7",
                "QSVW",
                "+A$tU3",
                "vK!E",
                "G(9_Lu8",
                "QVW3",
                "t{9Z",
                "v@SW",
                "%l{F",
                " SVW",
                ";Wdt",
                ";Q u",
                ";Q v",
                ";wdt",
                "QQSVW",
                "tFj0",
                ";{dt",
                "wXj@",
                "/SPPWh",
                "t8V3",
                "9w(~",
                "FYY;w(|",
                "t5V3",
                "FY;w(|",
                ";B<|",
                "9V(~?j",
                ";V(|",
                "V<;V8}",
                "h48E",
                "5T@F",
                "G,F;",
                "YYF;w,|",
                "r ;E",
                "9s,~g",
                "9Hx~G",
                ";Nx|",
                ";s,|",
                "t\"9^",
                "QQVW",
                "9w,~J",
                ";w,|",
                "9w,~9",
                "F;w,|",
                "9P,u",
                "9~P~6",
                "G;~P}",
                "=x{F",
                "G@WVPR",
                "GxVPR",
                "hCbB",
                "9s(~&",
                ";{(|",
                "u,j8",
                "u<j<",
                "QQSV",
                "CxPj",
                "95x{F",
                "~4SW",
                "Y_^]",
                "Q;FD~Z",
                ";FD~H",
                "NHB3",
                "VhOoB",
                "4Q;FD~Z",
                "Vh[oB",
                "9~,~k",
                "C8;sx|",
                ";~,|",
                "tWVWj>",
                "j@Xf",
                "Od_^]",
                "u$jt",
                "1Qh6",
                "9_dt",
                "9_du",
                "9_Pu",
                "tB;wPt",
                "Gh;G<",
                "a;w0tV",
                ":;w0tBj",
                ";w0t",
                "@_^[",
                "YY_^",
                ");{0t3",
                "FP;FL~",
                "#9Npt",
                "Q;FD~R",
                ";FD~@",
                "t]VWj>",
                "}:;2|6",
                "NdWj",
                "9pdt>V",
                "8_^[",
                "9Idt",
                "QVWjt",
                "(SVW",
                "9vdtG",
                "y!!}",
                "9vdu",
                "SVWj(",
                "wyPV",
                "tb9M",
                "N,^]",
                "kV$4",
                "%h<E",
                "Vj@^",
                "t/h8",
                "Sk{$4kK(4",
                "kK04k",
                "_^[h8",
                "kC$4",
                "VkP$4",
                "kG$4kW(4",
                "kO$(",
                "BHkW($",
                "kC04",
                "t,j<",
                "F$;E",
                "9^(w",
                "QQkU",
                "G,_^[",
                ";@8u",
                "t0;C",
                "F1^]",
                "!F0f",
                "F<PS",
                "F<PW",
                "_(Ku",
                "X_^]",
                "hX@F",
                "0_^]",
                "9{|t",
                "9{|u",
                "Ga_[",
                "9XXt",
                "9sx~ ",
                "F;sx|",
                "9~x~'",
                "G;~x|",
                "h{eB",
                "uOVW",
                "hDAE",
                "r9u'",
                "j@SV",
                "O`j@SV",
                "u)j,",
                "t:V3",
                "F;w(|",
                "9V(~>j",
                "9V(~Bj",
                "u0j,",
                "AP;AL",
                "0SVW",
                "u88E",
                "BP;BL",
                "W;FL",
                "~98]",
                "HP;HL",
                "F88]",
                "QWVP",
                "F,H_[u",
                "GH_^",
                ";3|o",
                "CHW3",
                "tO9xp~J",
                "u28C`t",
                "uNSVW",
                "9Xt~",
                "9Xxu",
                "ALHu",
                ";sPt",
                "9wPu",
                "GLHu",
                ";GPu",
                "9GPu",
                "[_^]",
                "G0_^]",
                "9~Tu",
                "9~Pu",
                "YYuZ",
                "9{$t",
                "hXCE",
                "hx F",
                "@,;B",
                "F$0GC",
                "PQRW",
                "QQSW",
                "t,8]",
                "GxPj",
                "QQSVWd",
                ";p$u",
                "p$^]",
                "t2VW",
                "?RCC",
                "?MOC",
                "?csm",
                "hcsm",
                "% @F",
                "oF f",
                "oV f",
                "o^0f",
                "of@f",
                "onPf",
                "ov`f",
                "o~pf",
                "FGIu",
                "8_^]",
                "YY;E",
                "YYht!F",
                "=D|F",
                "BVj(j",
                "hD|F",
                "hX\"F",
                "YYPV",
                "hx\"F",
                "u SW",
                "hSVW",
                ";csm",
                "u PW",
                "ui_^[",
                ";MOC",
                ";RCC",
                "@u)j",
                "u Qj",
                "@_^[]",
                "9p u\"",
                ":csm",
                "ft&9q",
                "r49z",
                "t0QW",
                "URPQQh",
                "L$,3",
                "UVWS",
                "SVWj",
                "RhY}C",
                "Wu!j",
                "hPNE",
                "VhhNE",
                "h`NE",
                "%d!E",
                "VhpNE",
                "hhNE",
                "VhxNE",
                "hpNE",
                "hxNE",
                "SVWUj",
                "]_^[",
                ";t$,v-",
                "UQPXY]Y[",
                "j Y+",
                "hp%E",
                "h\\%E",
                "YYhx%E",
                "ht%E",
                "t#Vh",
                "PPPPP",
                "VVVVV",
                "SVWj03",
                "u j0",
                "WWWSHSh",
                "V,_^[",
                "WPWWWS",
                "tWj.W",
                ":u\"f9z",
                "F4_^[]",
                "t=Sj",
                "F4_^[",
                "<8et",
                "<8xu",
                "A1<Fu",
                "<Nu&",
                "<ItC<Lt3<Tt#<h",
                "k<dt",
                "<XuS",
                "A<lt'<tt",
                "<zu1",
                "SWj P",
                "F1<at",
                "v(PQ",
                "F1<gt",
                "N @B",
                "F8SP",
                "u'9E",
                "C;^8u",
                "0^_[]",
                "5X~F",
                "h8#F",
                "35\\~F",
                "wGt>",
                "QWWP",
                "A98u",
                "< t3<",
                "=t7j",
                "SSSSj",
                "hx#F",
                "hX#F",
                "j _;",
                ">_^]",
                "hhQE",
                "~1WPQ",
                "-PfE",
                "f;1u",
                "<at.<rt!<wt",
                "<=upG8",
                "_^tWh",
                "xE;5",
                "w(te",
                "*t`=+",
                "vR=1",
                "tK=3",
                "h8$F",
                "hx$F",
                "hX$F",
                "@H@BF",
                "FLY;",
                "=xAF",
                "5pAF",
                "tehd",
                "Wu5j",
                "%p!E",
                "%h!E",
                "%l!E",
                "SVWf9",
                "MrbE",
                "QQSVj8j@",
                "Y_[^]",
                "xi;5",
                "xg;5",
                "~);^",
                "FVWj",
                "j X+",
                "u$PW",
                "j0Xu",
                "j0Yf",
                "v5j0",
                "Wj0XPV",
                "SPSVQ",
                "SPjdVQ",
                "hh\\E",
                "80t/",
                "-jd_;",
                "Vj0S",
                "_^[t",
                "QWPV",
                "}'9E",
                " _^[",
                "u,t6",
                "$[_^",
                "f9<H}",
                "h8%F",
                "hX%F",
                "u7SS",
                "*?QP",
                "PSSQ",
                "SSSSS",
                "WWWWW",
                "<:u ",
                "SSSQ",
                "t4hX",
                "zSSSSj",
                "8@BF",
                "IH;A",
                "SVWh ",
                "xH@BF",
                "hx%F",
                "9wLt",
                ";3t'",
                "w'tN",
                "#E$P",
                "#E P",
                "f9:t!V",
                "f9:u",
                "WSVPP",
                "SWj=V",
                "u{9]",
                "9E WW",
                "t1RWV",
                "tl=`GF",
                "?SVk",
                "D:( t",
                "(%PeE",
                "(-`eE",
                "ZYXu",
                "-dfE",
                "?SVW",
                "t~SSS",
                "w(t!",
                "ux9}",
                "PPPV",
                "DSVW",
                "F@j:f",
                "j.Xf",
                "@j:f",
                "j\\Xf",
                "UrbE",
                ";=HHF",
                ";=THF",
                "RQWPV",
                "f95T",
                "VWRQ",
                "XVVV3",
                "@VP3",
                "|.kC",
                ";5PHF",
                ";5\\HF",
                "u kE$<",
                "5LHF",
                "5XHF",
                "uAiM",
                "_WVj@",
                ":uLFV",
                "Vj@P",
                "PSj?",
                "hX&F",
                "h8&F",
                "Y^[]",
                ">;9u",
                "wIPS3",
                "Wj _",
                "std;",
                "v#WP",
                "PPPPPPPP",
                "9E(j",
                "PPPPPWS",
                "QQQP",
                "PP9E u:PPVWP",
                "VPRQ",
                "PRPQh",
                "hx&F",
                "=`HF",
                "%`HF",
                "D8(Ht'",
                "^f93u",
                "(HtMf",
                "Xf9E",
                "(Ht5F",
                "-^_[",
                "etPj",
                "<1=u",
                "<$tL",
                "|%=2",
                "5pIF",
                " VWj",
                "QQV3",
                "YY^[",
                "%0!E",
                ">@s5f",
                "?@s-f",
                "WVU3",
                "^_[3",
                "wQRQ",
                "=ptF",
                "bad exception",
                "bad allocation",
                "system",
                "unknown error",
                "bad function call",
                "device or resource busy",
                "invalid argument",
                "no such process",
                "not enough memory",
                "operation not permitted",
                "resource deadlock would occur",
                "resource unavailable try again",
                "address family not supported",
                "address in use",
                "address not available",
                "already connected",
                "argument list too long",
                "argument out of domain",
                "bad address",
                "bad file descriptor",
                "bad message",
                "broken pipe",
                "connection aborted",
                "connection already in progress",
                "connection refused",
                "connection reset",
                "cross device link",
                "destination address required",
                "directory not empty",
                "executable format error",
                "file exists",
                "file too large",
                "filename too long",
                "function not supported",
                "host unreachable",
                "identifier removed",
                "illegal byte sequence",
                "inappropriate io control operation",
                "interrupted",
                "invalid seek",
                "io error",
                "is a directory",
                "message size",
                "network down",
                "network reset",
                "network unreachable",
                "no buffer space",
                "no child process",
                "no link",
                "no lock available",
                "no message available",
                "no message",
                "no protocol option",
                "no space on device",
                "no stream resources",
                "no such device or address",
                "no such device",
                "no such file or directory",
                "not a directory",
                "not a socket",
                "not a stream",
                "not connected",
                "not supported",
                "operation canceled",
                "operation in progress",
                "operation not supported",
                "operation would block",
                "owner dead",
                "permission denied",
                "protocol error",
                "protocol not supported",
                "read only file system",
                "result out of range",
                "state not recoverable",
                "stream timeout",
                "text file busy",
                "timed out",
                "too many files open in system",
                "too many files open",
                "too many links",
                "too many symbolic link levels",
                "value too large",
                "wrong protocol type",
                "FlsAlloc",
                "FlsFree",
                "FlsGetValue",
                "FlsSetValue",
                "InitializeCriticalSectionEx",
                "InitOnceExecuteOnce",
                "CreateEventExW",
                "CreateSemaphoreW",
                "CreateSemaphoreExW",
                "CreateThreadpoolTimer",
                "SetThreadpoolTimer",
                "WaitForThreadpoolTimerCallbacks",
                "CloseThreadpoolTimer",
                "CreateThreadpoolWait",
                "SetThreadpoolWait",
                "CloseThreadpoolWait",
                "FlushProcessWriteBuffers",
                "FreeLibraryWhenCallbackReturns",
                "GetCurrentProcessorNumber",
                "CreateSymbolicLinkW",
                "GetCurrentPackageId",
                "GetTickCount64",
                "GetFileInformationByHandleEx",
                "SetFileInformationByHandle",
                "GetSystemTimePreciseAsFileTime",
                "InitializeConditionVariable",
                "WakeConditionVariable",
                "WakeAllConditionVariable",
                "SleepConditionVariableCS",
                "InitializeSRWLock",
                "AcquireSRWLockExclusive",
                "TryAcquireSRWLockExclusive",
                "ReleaseSRWLockExclusive",
                "SleepConditionVariableSRW",
                "CreateThreadpoolWork",
                "SubmitThreadpoolWork",
                "CloseThreadpoolWork",
                "CompareStringEx",
                "GetLocaleInfoEx",
                "LCMapStringEx",
                "pEvents",
                "Lock already taken",
                "SetThreadGroupAffinity",
                "GetThreadGroupAffinity",
                "GetCurrentProcessorNumberEx",
                "GetLogicalProcessorInformationEx",
                "count",
                "pScheduler",
                "version",
                "eventObject",
                "ppVirtualProcessorRoots",
                "SchedulerKind",
                "MaxConcurrency",
                "MinConcurrency",
                "TargetOversubscriptionFactor",
                "LocalContextCacheSize",
                "ContextStackSize",
                "ContextPriority",
                "SchedulingProtocol",
                "DynamicProgressFeedback",
                "WinRTInitialization",
                "MaxPolicyElementKey",
                "Mbp?333333",
                "pContext",
                "pExecutionResource",
                "RoInitialize",
                "RoUninitialize",
                "Y/}J",
                "rLp>B",
                "1eaB@",
                "RegisterTraceGuidsW",
                "UnregisterTraceGuids",
                "TraceEvent",
                "GetTraceLoggerHandle",
                "GetTraceEnableLevel",
                "GetTraceEnableFlags",
                "pThreadProxy",
                "proc",
                "switchState",
                "Access violation - no RTTI data!",
                "Bad dynamic_cast!",
                "__based(",
                "__cdecl",
                "__pascal",
                "__stdcall",
                "__thiscall",
                "__fastcall",
                "__vectorcall",
                "__clrcall",
                "__eabi",
                "__swift_1",
                "__swift_2",
                "__ptr64",
                "__restrict",
                "__unaligned",
                "restrict(",
                " new",
                " delete",
                "operator",
                "`vftable'",
                "`vbtable'",
                "`vcall'",
                "`typeof'",
                "`local static guard'",
                "`string'",
                "`vbase destructor'",
                "`vector deleting destructor'",
                "`default constructor closure'",
                "`scalar deleting destructor'",
                "`vector constructor iterator'",
                "`vector destructor iterator'",
                "`vector vbase constructor iterator'",
                "`virtual displacement map'",
                "`eh vector constructor iterator'",
                "`eh vector destructor iterator'",
                "`eh vector vbase constructor iterator'",
                "`copy constructor closure'",
                "`udt returning'",
                "`RTTI",
                "`local vftable'",
                "`local vftable constructor closure'",
                " new[]",
                " delete[]",
                "`omni callsig'",
                "`placement delete closure'",
                "`placement delete[] closure'",
                "`managed vector constructor iterator'",
                "`managed vector destructor iterator'",
                "`eh vector copy constructor iterator'",
                "`eh vector vbase copy constructor iterator'",
                "`dynamic initializer for '",
                "`dynamic atexit destructor for '",
                "`vector copy constructor iterator'",
                "`vector vbase copy constructor iterator'",
                "`managed vector copy constructor iterator'",
                "`local static thread guard'",
                "operator \"\" ",
                "operator co_await",
                "operator<=>",
                " Type Descriptor'",
                " Base Class Descriptor at (",
                " Base Class Array'",
                " Class Hierarchy Descriptor'",
                " Complete Object Locator'",
                "`anonymous namespace'",
                "CorExitProcess",
                "( 8PX",
                "700WP",
                "`h````",
                "xpxxxx",
                "(null)",
                "sqrt",
                "UTF-8",
                "UTF-16LEUNICODE",
                "AreFileApisANSI",
                "LocaleNameToLCID",
                "AppPolicyGetProcessTerminationMethod",
                "Sunday",
                "Monday",
                "Tuesday",
                "Wednesday",
                "Thursday",
                "Friday",
                "Saturday",
                "January",
                "February",
                "March",
                "April",
                "June",
                "July",
                "August",
                "September",
                "October",
                "November",
                "December",
                "MM/dd/yy",
                "dddd, MMMM dd, yyyy",
                "HH:mm:ss",
                "NAN(SNAN)",
                "nan(snan)",
                "NAN(IND)",
                "nan(ind)",
                "e+000",
                " !\"#$%&'()*+,-./0123456789:;<=>?@abcdefghijklmnopqrstuvwxyz[\\]^_`abcdefghijklmnopqrstuvwxyz{|}~",
                " !\"#$%&'()*+,-./0123456789:;<=>?@ABCDEFGHIJKLMNOPQRSTUVWXYZ[\\]^_`ABCDEFGHIJKLMNOPQRSTUVWXYZ{|}~",
                "fUUU",
                "d8L2",
                "[aOni*{",
                "@2&@",
                "\"RP(",
                "eLK(w",
                "FEMh",
                "h0'D",
                "owM&",
                "~ $s%r",
                "@b;zO]",
                "$qE}",
                ";*xh",
                "[\"93",
                "iu+-,",
                "\\lo}",
                "obwQ4",
                "&Sgw",
                "?nz(",
                "=87M",
                "v2!L.2",
                "X/4B",
                "k=yI",
                "^<V7w",
                "W&|.",
                ";1#INF",
                "1#QNAN",
                "1#SNAN",
                "1#IND",
                "log10",
                "asin",
                "acos",
                "?RbSQ",
                "<zQ}<",
                "_/:>",
                "<8bunz8",
                "cC<-",
                "v<'*6",
                "<)TH",
                "<$\"U",
                "e<bN",
                "{<6w",
                "<\\%>",
                "l,kg<i",
                "<'Za",
                "<@En[vP",
                "sinh",
                "cosh",
                "tanh",
                "atan",
                "atan2",
                "ceil",
                "floor",
                "fabs",
                "modf",
                "ldexp",
                "_cabs",
                "_hypot",
                "fmod",
                "frexp",
                "_logb",
                "_nextafter",
                "lzZ?",
                "?5Wg4p",
                "Nv$^",
                "BC .=",
                "(lX ",
                "#{ =",
                "`~R=",
                "}s\"=",
                "%S#[k",
                "\"B <1=",
                "\\-!y",
                "#.X'=",
                "i9+=",
                "Unknown exception",
                "bad array new length",
                "generic",
                "Fail to schedule the chore!",
                "This function cannot be called on a default constructed task",
                "broken promise",
                "future already retrieved",
                "promise already satisfied",
                "no state",
                "future",
                "invalid stoi argument",
                "stoi argument out of range",
                "7cadc181267fafff9df8503e730d60e1",
                "006700e5a2ab05704bbb0c589b88924d",
                "cbfcbf",
                "666edb86910c506a4cd300236858ee0e",
                "IVg4N FnEN0CMYRzLml=",
                "H5Rr1MYbCXhzZL09JqGl7p==",
                "JE4APG==",
                "QA0odxRj",
                "FU1vfG==",
                "HUVvfG==",
                "VFg7PSKbPec ZF==",
                "VZhzdw6o2BQzZ2mq",
                "Q2NLXuCJJWI=",
                "H2NB1MCQQNwAU5RlRXqLPKJJEuYQOnEnEE9XV9x=",
                "EE9XW9x9",
                "EkAyT7==",
                "Q29JXvarLfRhT1qoapdw6RR4Tx3s7bVl 5NfSTSo4hRzdK4qaqSm6RXgQfKxOR9 VS==",
                "Q29JXvarLfRhT1qoapdw6RR4Tx3s7bVl 5NfSTSo4hRzdK4qaqSm6RXgNP7z7vcoVZJfXNKb4dxYaL0x FGD6RpoVPyC",
                "Q5RkedOR4v==",
                "QoVw",
                "U41nKs6tzAFSRJqXGFdwFSwk",
                "Q29JXvarLfRhT1qoapdw6RR4Tx3s7bVl 5NfSTSo4hRzdK4qaqSm6RXgQfKx",
                "9pVx1wuiDuEl",
                "EE9H1Mub5BQlL6WTGFN=",
                "QJJy1TG83SI=",
                "Q29JXvarLfRhT1qoapdw6RR4Tx3s7bVl 5NfSTSo4hRzdK4qaqSm6RXgNP7z7vcoVZJfWSeb3BslRrdxXJ0v7l==",
                "FXVWTLGGLf5LSZCKHT==",
                "TGFzeq==",
                "QG9WXq==",
                "N2VX",
                "7YQ9",
                " pM9",
                "94Q9",
                "85M9",
                "Uok9",
                "UZI9",
                "9IM9",
                " Y49",
                "VI09",
                "UZY9",
                "8JY9",
                "84c9",
                "9l0=",
                "U5Jo1s2a3BtcY7CuaF h6vpb",
                "VFE=",
                "VVE=",
                "VVA=",
                "PYFsd7==",
                "7JR3etllCr==",
                "7JR3exJWCt4=",
                "VZho",
                "VIxv",
                "U41n",
                "9JMA",
                "LIM+",
                "LIQ+",
                "H3BvfMaf3iIA",
                "GAsu",
                "Ey==",
                "bC==",
                "FpVxcNNZ",
                "LS==",
                "94hodwtpDd1pbLB=",
                "74VBdcSiDuEzZLCx",
                "N4V3VcCQ2SVqU8qEbJ0qMLXq8o==",
                "QJJy1TG83PNmdLKh",
                "MXZEWRN7LX5rdMimapZ=",
                "MZZsecB=",
                "O4FCewSo4Xp IJCmWj==",
                "NXNIXq==",
                "QIFx1wB7LXRod2OubKp=",
                "NI9mfw6ozA qYl==",
                "MXZK",
                "IBYzXw6QPRtYZ1S6apqX9F==",
                "Mol31wScQR1pZ2N=",
                "Po9Bfw6k",
                "Q49zcw6p",
                "M49wdSOl",
                "R4lxTwScQR1pZ2N=",
                "IFEBOpNREe99OV==",
                "9oI=",
                " 4I=",
                "M49xfwSk5xXZe2GqMlGq8Lp47Pqk8cUlVo9BdIYaPSNmODGn 60rTvxCaLPwGH4j",
                "HU0wNIXj",
                "zSpGdS2QQR15LZWua6Gs7Rd47OYxJ8Fc85JwNMO85BAbIL m ZZ6CbJl ytlJnFc7YxodcCjQOWn",
                "Ei0NSS6k5BRzdH6Zc0GiI8tl9zqv6LR8 Ilyd96lPYNqdH6EbKOiSLSRy9PN",
                "zSowNIXjCNW=",
                "HU0QE7==",
                "L5Nme Xn",
                "Hopz1m==",
                "M49xfwSk5xXZe2GqMlGe7wtw7OCk9vpl8k97NNaT5tXrb8OyJ00v6vNyUUYnULU=",
                "Q3lWXuSDOzJ6csOq qWA6RX49eYvPRZQTGNyddOo3XthQ7dyaK0XTMBSUOQoStRl8ZB4fwSoKhByZV==",
                "M49wexSQQSFTY16q",
                "UYJm1wScQXduaryx Z s7wxC9VG49chUaZozOJFpEyQ7NEl JYc=",
                "HZVxcMKlQBQy",
                "Q3lWXuSDOzJ6csOq qWA6RX49eYvPRZQTGNyddOo3XthV1 ubJ0hPbdoVOYfLPcERHJSVvuMJPNKT6B=",
                "Q3lWXuSDOzJAbsWD 5CQTMIAIvufPRZo olm1NK3HhBEa1SJ90St6vx9TxOsUvZl",
                "Roln1M6zIv==",
                "TFAzOtx=",
                "NIVp0NSi5AJqdMWu piwFa WVPCy7wZQ7Y9x",
                "NIVp0NSi5AJqdMWu piwFadWVPCy7wZQ7Y9x",
                "Q29JXvarLfRhT1qoapdw6RR4Tx3s7bVl 5MjVbO3HYRDcr0zbI4i7cFt8UT=",
                "QJJy1xS 5z1mb1Z=",
                "IlAAQG==",
                "IlABO7==",
                "IlAAP7==",
                "M5VBecSk5zF6a1Cp",
                "FkY=",
                "VYNrdoyP7zJGQ5CYGFN=",
                "EkAyWsx9",
                "Km4l",
                "M2FGVvJ7zb==",
                "KnIlKs6v",
                "KmYlKs6v",
                "FkZIgwiQ",
                "Hk5f",
                "TC==",
                "Klo9",
                "9pVx1wuiDuEzZ2mq",
                "H4sj",
                "EpRkeSqh2RtxIHdrGFdm6Hsm",
                "EkApL9yQ2RXqb805GGJdD8QkVyKvDp==",
                "FkYjTNef5xE=",
                "EkApL9yoQR0l",
                "EEYpKq==",
                "QI961NGp2BRxbH qcJZ=",
                "HYV71MKR5BhAbsGA Jqg9HtCVOQy9vZp7Ydx1MN7CPVubLZlGj==",
                "Ei==",
                "94h4fwOl5X0lL2RlJ0VdGp==",
                "95Qbem==",
                "abcdefghijklmnopqrstuvwxyzABCDEFGHIJKLMNOPQRSTUVWXYZ0123456789 ",
                "NtUnmapViewOfSection",
                "ntdll.dll",
                "runas",
                "5120",
                "invalid string position",
                "list too long",
                "vector too long",
                "string too long",
                "0123456789ABCDEF",
                "GCTL",
                ".text$di",
                ".text$mn",
                ".text$x",
                ".text$yd",
                ".idata$5",
                ".00cfg",
                ".CRT$XCA",
                ".CRT$XCAA",
                ".CRT$XCC",
                ".CRT$XCU",
                ".CRT$XCZ",
                ".CRT$XIA",
                ".CRT$XIAA",
                ".CRT$XIAC",
                ".CRT$XIC",
                ".CRT$XIZ",
                ".CRT$XLA",
                ".CRT$XLZ",
                ".CRT$XPA",
                ".CRT$XPB",
                ".CRT$XPX",
                ".CRT$XPXA",
                ".CRT$XPZ",
                ".CRT$XTA",
                ".CRT$XTZ",
                ".rdata",
                ".rdata$T",
                ".rdata$r",
                ".rdata$sxdata",
                ".rdata$zzzdbg",
                ".rtc$IAA",
                ".rtc$IZZ",
                ".rtc$TAA",
                ".rtc$TZZ",
                ".tls",
                ".tls$",
                ".tls$ZZZ",
                ".xdata$x",
                ".idata$2",
                ".idata$3",
                ".idata$4",
                ".idata$6",
                ".data",
                ".data$r",
                ".bss",
                ".rsrc$01",
                ".rsrc$02",
                "ReadFile",
                "GetModuleFileNameA",
                "WriteProcessMemory",
                "VirtualFree",
                "WriteFile",
                "VirtualAlloc",
                "CreateMutexA",
                "GetVersionExW",
                "GetComputerNameExW",
                "ResumeThread",
                "GetModuleHandleA",
                "SetCurrentDirectoryA",
                "Sleep",
                "GetTempPathA",
                "GetLastError",
                "GetFileAttributesA",
                "CreateFileA",
                "CloseHandle",
                "GetSystemInfo",
                "CreateThread",
                "GetThreadContext",
                "GetProcAddress",
                "VirtualAllocEx",
                "RemoveDirectoryA",
                "ReadProcessMemory",
                "CreateProcessA",
                "CreateDirectoryA",
                "SetThreadContext",
                "KERNEL32.dll",
                "GetSidIdentifierAuthority",
                "RegOpenKeyExA",
                "RegSetValueExA",
                "LookupAccountNameA",
                "GetUserNameA",
                "GetSidSubAuthority",
                "GetSidSubAuthorityCount",
                "RegQueryValueExA",
                "RegCloseKey",
                "ADVAPI32.dll",
                "ShellExecuteA",
                "SHGetFolderPathA",
                "SHFileOperationA",
                "SHELL32.dll",
                "HttpOpenRequestA",
                "InternetOpenUrlA",
                "InternetOpenW",
                "InternetOpenA",
                "InternetCloseHandle",
                "HttpSendRequestA",
                "InternetConnectA",
                "InternetReadFile",
                "WININET.dll",
                "freeaddrinfo",
                "getaddrinfo",
                "inet_pton",
                "WS2_32.dll",
                "RaiseException",
                "GetCurrentThreadId",
                "IsProcessorFeaturePresent",
                "QueueUserWorkItem",
                "GetModuleHandleExW",
                "FormatMessageW",
                "WideCharToMultiByte",
                "EnterCriticalSection",
                "LeaveCriticalSection",
                "TryEnterCriticalSection",
                "DeleteCriticalSection",
                "SetLastError",
                "InitializeCriticalSectionAndSpinCount",
                "CreateEventW",
                "SwitchToThread",
                "TlsAlloc",
                "TlsGetValue",
                "TlsSetValue",
                "TlsFree",
                "GetSystemTimeAsFileTime",
                "GetTickCount",
                "GetModuleHandleW",
                "WaitForSingleObjectEx",
                "QueryPerformanceCounter",
                "SetEvent",
                "ResetEvent",
                "UnhandledExceptionFilter",
                "SetUnhandledExceptionFilter",
                "GetCurrentProcess",
                "TerminateProcess",
                "IsDebuggerPresent",
                "GetStartupInfoW",
                "GetCurrentProcessId",
                "InitializeSListHead",
                "CreateTimerQueue",
                "SignalObjectAndWait",
                "SetThreadPriority",
                "GetThreadPriority",
                "GetLogicalProcessorInformation",
                "CreateTimerQueueTimer",
                "ChangeTimerQueueTimer",
                "DeleteTimerQueueTimer",
                "GetNumaHighestNodeNumber",
                "GetProcessAffinityMask",
                "SetThreadAffinityMask",
                "RegisterWaitForSingleObject",
                "UnregisterWait",
                "EncodePointer",
                "GetCurrentThread",
                "GetThreadTimes",
                "FreeLibrary",
                "FreeLibraryAndExitThread",
                "GetModuleFileNameW",
                "LoadLibraryExW",
                "VirtualProtect",
                "DuplicateHandle",
                "ReleaseSemaphore",
                "InterlockedPopEntrySList",
                "InterlockedPushEntrySList",
                "InterlockedFlushSList",
                "QueryDepthSList",
                "UnregisterWaitEx",
                "LoadLibraryW",
                "RtlUnwind",
                "ExitProcess",
                "CreateFileW",
                "GetDriveTypeW",
                "GetFileInformationByHandle",
                "GetFileType",
                "PeekNamedPipe",
                "SystemTimeToTzSpecificLocalTime",
                "FileTimeToSystemTime",
                "GetStdHandle",
                "GetCommandLineA",
                "GetCommandLineW",
                "HeapFree",
                "HeapAlloc",
                "MultiByteToWideChar",
                "CompareStringW",
                "LCMapStringW",
                "DeleteFileW",
                "GetCurrentDirectoryW",
                "GetFullPathNameW",
                "SetStdHandle",
                "SetFilePointerEx",
                "FindClose",
                "FindFirstFileExW",
                "FindNextFileW",
                "IsValidCodePage",
                "GetACP",
                "GetOEMCP",
                "GetCPInfo",
                "GetEnvironmentStringsW",
                "FreeEnvironmentStringsW",
                "SetEnvironmentVariableW",
                "GetProcessHeap",
                "GetStringTypeW",
                "FlushFileBuffers",
                "GetConsoleCP",
                "GetConsoleMode",
                "GetTimeZoneInformation",
                "HeapSize",
                "HeapReAlloc",
                "ReadConsoleW",
                "DecodePointer",
                "SetEndOfFile",
                "WriteConsoleW",
                "                          ",
                "abcdefghijklmnopqrstuvwxyz",
                "ABCDEFGHIJKLMNOPQRSTUVWXYZ",
                ".?AVbad_exception@std@@",
                ".?AV_ExceptionPtr_normal@?A0x03848f66@@",
                ".?AV?$_ExceptionPtr_static@Vbad_alloc@std@@@?A0x03848f66@@",
                ".?AV?$_ExceptionPtr_static@Vbad_exception@std@@@?A0x03848f66@@",
                ".?AVstl_condition_variable_interface@details@Concurrency@@",
                ".?AVstl_condition_variable_vista@details@Concurrency@@",
                ".?AVstl_condition_variable_win7@details@Concurrency@@",
                ".?AVstl_condition_variable_concrt@details@Concurrency@@",
                ".?AVfuture_error@std@@",
                ".?AVlogic_error@std@@",
                ".?AV_System_error_category@std@@",
                ".?AVinvalid_argument@std@@",
                ".?AVlength_error@std@@",
                ".?AVout_of_range@std@@",
                ".?AVbad_function_call@std@@",
                ".?AVstl_critical_section_interface@details@Concurrency@@",
                ".?AVstl_critical_section_vista@details@Concurrency@@",
                ".?AVstl_critical_section_win7@details@Concurrency@@",
                ".?AVstl_critical_section_concrt@details@Concurrency@@",
                ".?AVtype_info@@",
                ".?AVWaitBlock@details@Concurrency@@",
                ".?AVSingleWaitBlock@details@Concurrency@@",
                ".?AVMultiWaitBlock@details@Concurrency@@",
                ".?AVWaitAllBlock@details@Concurrency@@",
                ".?AVWaitAnyBlock@details@Concurrency@@",
                ".?AVTimedSingleWaitBlock@details@Concurrency@@",
                ".?AV?$_MallocaArrayHolder@PAVContext@Concurrency@@@details@Concurrency@@",
                ".?AVimproper_lock@Concurrency@@",
                ".?AVscheduler_resource_allocation_error@Concurrency@@",
                ".?AUITopologyExecutionResource@Concurrency@@",
                ".?AUITopologyNode@Concurrency@@",
                ".?AUTopologyObject@GlobalCore@details@Concurrency@@",
                ".?AUTopologyObject@GlobalNode@details@Concurrency@@",
                ".?AVunsupported_os@Concurrency@@",
                ".?AVResourceManager@details@Concurrency@@",
                ".?AUIResourceManager@Concurrency@@",
                ".?AVScheduleGroupBase@details@Concurrency@@",
                ".?AVScheduleGroup@Concurrency@@",
                ".?AVCacheLocalScheduleGroup@details@Concurrency@@",
                ".?AVFairScheduleGroup@details@Concurrency@@",
                ".?AU_Chore@details@Concurrency@@",
                ".?AVScheduler@Concurrency@@",
                ".?AVRealizedChore@details@Concurrency@@",
                ".?AVCacheLocalScheduleGroupSegment@details@Concurrency@@",
                ".?AVScheduleGroupSegmentBase@details@Concurrency@@",
                ".?AVFairScheduleGroupSegment@details@Concurrency@@",
                ".?AVscheduler_worker_creation_error@Concurrency@@",
                ".?AVimproper_scheduler_reference@Concurrency@@",
                ".?AVimproper_scheduler_attach@Concurrency@@",
                ".?AVSchedulerBase@details@Concurrency@@",
                ".?AVcontext_unblock_unbalanced@Concurrency@@",
                ".?AVcontext_self_unblock@Concurrency@@",
                ".?AVmissing_wait@Concurrency@@",
                ".?AVinvalid_scheduler_policy_key@Concurrency@@",
                ".?AVinvalid_scheduler_policy_value@Concurrency@@",
                ".?AVinvalid_scheduler_policy_thread_specification@Concurrency@@",
                ".?AVnested_scheduler_missing_detach@Concurrency@@",
                ".?AVinvalid_oversubscribe_operation@Concurrency@@",
                ".?AVContext@Concurrency@@",
                ".?AVContextBase@details@Concurrency@@",
                ".?AVCancellationTokenRegistration_TaskProc@details@Concurrency@@",
                ".?AV?$_MallocaArrayHolder@PAVevent@Concurrency@@@details@Concurrency@@",
                ".?AVExecutionResource@details@Concurrency@@",
                ".?AUIExecutionResource@Concurrency@@",
                ".?AVSchedulerProxy@details@Concurrency@@",
                ".?AUISchedulerProxy@Concurrency@@",
                ".?AVFreeThreadProxy@details@Concurrency@@",
                ".?AVThreadProxy@details@Concurrency@@",
                ".?AUIThreadProxy@Concurrency@@",
                ".?AUIThreadProxyFactory@details@Concurrency@@",
                ".?AVFreeThreadProxyFactory@details@Concurrency@@",
                ".?AV?$ThreadProxyFactory@VFreeThreadProxy@details@Concurrency@@@details@Concurrency@@",
                ".?AVVirtualProcessor@details@Concurrency@@",
                ".?AVInternalContextBase@details@Concurrency@@",
                ".?AUIExecutionContext@Concurrency@@",
                ".?AVExternalContextBase@details@Concurrency@@",
                ".?AVThreadInternalContext@details@Concurrency@@",
                ".?AVThreadScheduler@details@Concurrency@@",
                ".?AUIScheduler@Concurrency@@",
                ".?AVVirtualProcessorRoot@details@Concurrency@@",
                ".?AUIVirtualProcessorRoot@Concurrency@@",
                ".?AVFreeVirtualProcessorRoot@details@Concurrency@@",
                ".?AVThreadVirtualProcessor@details@Concurrency@@",
                ".?AV__non_rtti_object@std@@",
                ".?AVbad_typeid@std@@",
                ".?AVbad_cast@std@@",
                ".?AVruntime_error@std@@",
                ".?AV?$_Func_impl_no_alloc@V<lambda_5e5ab22ea98f4361dbf159481d01f54d>@@X$$V@std@@",
                ".?AVbad_alloc@std@@",
                ".?AV?$_Ref_count_obj2@U_ExceptionHolder@details@Concurrency@@@std@@",
                ".?AU?$_InitialTaskHandle@XV<lambda_9de88c4009318ef1202283857f94e673>@@U_TypeSelectorNoAsync@details@Concurrency@@@?$task@E@Concurrency@@",
                ".?AV?$_Func_impl_no_alloc@V<lambda_0456396a71e3abd88ede77bdd2823d8e>@@X$$V@std@@",
                ".?AV?$_Func_impl_no_alloc@V<lambda_9de88c4009318ef1202283857f94e673>@@X$$V@std@@",
                ".?AVerror_category@std@@",
                ".?AV?$_Associated_state@H@std@@",
                ".?AV<lambda_7c33b2c4310ad8c6be497d7a2a561bb8>@@",
                ".?AVsystem_error@std@@",
                ".?AV?$_CancellationTokenCallback@V<lambda_3b8ab8d2629adf61a42ee3fe177a046b>@@@details@Concurrency@@",
                ".?AV?$_Func_impl_no_alloc@V<lambda_eb87dfd73f857f44e1a351ea42ce2b34>@@E$$V@std@@",
                ".?AV_Generic_error_category@std@@",
                ".?AV?$_Func_impl_no_alloc@V?$_Fake_no_copy_callable_adapter@A6GXPAUConnexionDetails@@@ZAAPAU1@@std@@X$$V@std@@",
                ".?AVtask_canceled@Concurrency@@",
                ".?AV_DefaultPPLTaskScheduler@details@Concurrency@@",
                ".?AV<lambda_0456396a71e3abd88ede77bdd2823d8e>@@",
                ".?AV<lambda_5e5ab22ea98f4361dbf159481d01f54d>@@",
                ".?AV?$_Func_impl_no_alloc@V<lambda_7c33b2c4310ad8c6be497d7a2a561bb8>@@X$$V@std@@",
                ".?AU?$_Task_impl@E@details@Concurrency@@",
                ".?AV?$_Func_base@X$$V@std@@",
                ".?AV_Future_error_category@std@@",
                ".?AV<lambda_9de88c4009318ef1202283857f94e673>@@",
                ".?AV?$_Task_async_state@X@std@@",
                ".?AU?$_PPLTaskHandle@EU?$_InitialTaskHandle@XV<lambda_9de88c4009318ef1202283857f94e673>@@U_TypeSelectorNoAsync@details@Concurrency@@@?$task@E@Concurrency@@U_TaskProcHandle@details@3@@details@Concurrency@@",
                ".?AV_RefCounter@details@Concurrency@@",
                ".?AV_Ref_count_base@std@@",
                ".?AV?$_Ref_count_obj2@U?$_Task_impl@E@details@Concurrency@@@std@@",
                ".?AV_Interruption_exception@details@Concurrency@@",
                ".?AV?$_Func_base@E$$V@std@@",
                ".?AV_System_error@std@@",
                ".?AU_TaskProcHandle@details@Concurrency@@",
                ".?AUscheduler_interface@Concurrency@@",
                ".?AV?$_Packaged_state@$$A6AXXZ@std@@",
                ".?AVinvalid_operation@Concurrency@@",
                ".?AV?$_Fake_no_copy_callable_adapter@A6GXPAUConnexionDetails@@@ZAAPAU1@@std@@",
                ".?AVexception@std@@",
                ".?AV<lambda_eb87dfd73f857f44e1a351ea42ce2b34>@@",
                ".?AV_CancellationTokenRegistration@details@Concurrency@@",
                ".?AVbad_array_new_length@std@@",
                ".?AU_Task_impl_base@details@Concurrency@@",
                "<?xml version='1.0' encoding='UTF-8' standalone='yes'?>",
                "<assembly xmlns='urn:schemas-microsoft-com:asm.v1' manifestVersion='1.0'>",
                "  <trustInfo xmlns=\"urn:schemas-microsoft-com:asm.v3\">",
                "    <security>",
                "      <requestedPrivileges>",
                "        <requestedExecutionLevel level='asInvoker' uiAccess='false' />",
                "      </requestedPrivileges>",
                "    </security>",
                "  </trustInfo>",
                "</assembly>",
                "0#0(020C0H0R0c0h0r0",
                "1#1(121C1H1R1c1h1r1",
                "2#2(222C2H2R2c2h2r2",
                "3#3(323C3H3R3c3h3r3",
                "4#4(424C4H4R4c4h4r4",
                "5#5(525C5H5R5c5h5r5",
                "6#6(626C6H6R6c6h6r6",
                "7#7(727C7H7R7c7h7r7",
                "8#8(828C8H8R8c8h8r8",
                "9#9(929C9H9R9c9h9r9",
                ":#:(:2:C:H:R:c:h:r:",
                ";#;(;2;C;H;R;c;h;r;",
                "<#<(<2<C<H<R<c<h<r<",
                "=#=(=2=C=H=R=c=h=r=",
                ">#>(>2>C>H>R>c>h>r>",
                "?#?(?2?C?H?R?c?h?r?",
                "1!13181B1Q1c1m1",
                "2%212;2G2[2f2l2r213",
                "3%4D4[4",
                "5O5o5",
                "5'6I6_6",
                "<0<V<e<",
                "=&=F=S=",
                "?0?K?c?",
                "3#3l3",
                "3F4T4",
                "5/5H5",
                "868C8",
                "060T0Z0",
                "5$5(5,505A5j5o5v5}5",
                "6w6i7y7",
                "8.868Q8]8i8z8",
                "9I9N9T9\\9e9m9",
                ";B;b;n;v;",
                "0F1U1",
                "1n2v2",
                "4>5l5x5W6",
                "728?8M8",
                "8S9f9",
                "<?<b<",
                "=&?7?}?",
                "0-1F1a1y1",
                "132o2",
                "3V3a3F4U4",
                "6$6+656?6F6P6Z6e6",
                ";6;|;",
                ";Y=l=",
                ">\\?g?",
                "060L0k0",
                "1K1l1",
                "2'2~2",
                "6+7F7W7",
                ";F=X=",
                "=F?X?",
                "1F2X2",
                "3Y4l4",
                "8p9V:h:",
                "1(1F1",
                "1l2{2",
                "6Y6@7O7",
                "<#<b<I=X=",
                "r0x0",
                "0A1Z1l1",
                "1f4u4",
                "7$7-7>7",
                "8T9^9",
                "9@:d:",
                "0M1r1",
                "3V4h4",
                ";L;k;",
                "=6>F>t>",
                "6F6X6u6",
                "8W8y8",
                "989a9",
                ":;:d:",
                ":(:E:w:",
                ";'<I<r<",
                "=1=S=u=",
                ">4>]>",
                ".0O0w0",
                "171G1d1",
                "2*2L2Y2",
                "2$3+3Y3`3",
                "3F4L4l4|4",
                "4#53585q5",
                "6\"6-656;6F6Y6g6r6z6",
                "767H7p7",
                "7%:S:",
                "=S=B>",
                "5.5H5",
                "8%8x8",
                "=*=N=X=",
                "9$:];",
                "2&282",
                "5U5r5",
                "; =8>q?",
                "1$2<3Y3",
                "7 7$7(7,767H7l7",
                "9S9::S:",
                "1{3/4p4v4",
                "5,5F5",
                "567H7",
                "9|;F<X<",
                "<L={=`?",
                "022x2'3D3",
                "5$5(5,5054585<5@5D5H5V5e5",
                "9]:j:",
                ";A;;<W=",
                "0V2M3",
                "3%4N4w4",
                "5$525",
                ":1\\1",
                "5f9u9",
                "=A=V=f=",
                "V0e0&151n2",
                "6F7R7",
                "3V5h5F7X7",
                ";$;V;a;j;",
                "5!7h7!8V8h8",
                "9&:5:P:",
                ":F;U;",
                ">j>u>",
                "(2R2",
                "363H3",
                "405f5u5",
                "618X8",
                "9.9?9}9",
                ":+:9:\\:|:",
                ";#;3;",
                "<`<n<",
                "?-?h?s?",
                "0E1e1t1",
                "2=2C2",
                "3E4z4",
                "5(5T5g5x5",
                "6:6Z6b6p6",
                "7#7H7",
                "7!888Z8i8",
                "999y9",
                ":3;S;o;",
                ";'<C<I<N<p<",
                "?1?K?k?",
                "0e0s0",
                "1F1m1",
                "2<2N2Y2n2",
                "3-3@3",
                "5*50575>5C5I5O5T5Z5`5e5k5q5v5|5",
                "6 6&6,61676=6B6H6N6S6Y6_6d6j6p6u6z6",
                "7%7+70767<7A7G7M7R7X7^7c7i7o7t7z7",
                "8 8/8A8I8X8p8",
                "9*9@9N9Z9f9t9",
                ":6:Y:s:",
                ";+;@;R;`;r;",
                ">#>*>/>8>F>K>[>`>q>w>|>",
                "? ?+?4?<?F?L?R?X?d?r?w?}?",
                "0!0(0/060=0E0M0U0a0j0o0u0",
                "1&1-141;1B1J1R1Z1e1j1p1z1",
                "1,2X2",
                "3%3,323D3N3",
                "4*5U5j5o5t5",
                "5*7^7",
                "7<8`8S:s:}:",
                ":C;X;k;u;$<-<5<p<z<",
                "=$=+=>=Q=n=",
                "=4>=>J>P>z>",
                "0E0`0",
                "051D1",
                "363C3Q3V3\\3n3v3",
                "7>7S7",
                "7?8p8%9F9",
                ";\"<h<",
                "040t0",
                "1/1@1",
                "1O2[2c2",
                "434N415>5",
                "8;8A8H8O8T8]8s8",
                "8%9?9d9",
                ":(:::T:l:q:w:~:",
                ";\";1;K;k;",
                "<:<R<e<|<",
                "= =.=B=N=h=~=",
                ">,>8>F>T>^>d>o>|>",
                "?,?1?D?a?",
                "+0`0",
                "181l1~1",
                "1?2d2y2",
                "3j3v3",
                "6$6-6M6",
                ":$:?:",
                ";j<w<",
                "<j={=",
                "1!1'1?1",
                "6!6=6D6,767<7Y7m7",
                "8\"8,898E8]8c8m8",
                "0/1E1",
                "4e5t5l6",
                "9@9L9b9",
                "=*>[>",
                "0%0J0n0",
                "2?4L4Y4f4",
                "5\"515S5m5",
                "5O6a6",
                "7B8Q8p8",
                "989[9~9",
                "9&:u;4<~<",
                "0k1d2",
                "304=4",
                "515i5r5",
                ":2:~:",
                ";#;d;",
                "<+=W={=",
                "031U1",
                "2K3^3{3",
                "5?7d7{7",
                "7X9_9j9v9|9",
                "<A<N<Y<s<",
                "=@=Y=t=",
                "?-?;?",
                "0&040",
                "0B1d1",
                "2r2w2~2",
                "2 353",
                "9$9v:",
                "<1<H<]<t<",
                "=0>\\>",
                "8d:}:",
                "2#2U2",
                "4[5g5",
                "9,:[:v:",
                ";Y<]<a<e<i<m<q<u<y<}<",
                "0o0~0",
                "0A1u2_3",
                ";+<?<D<",
                "5\\6o6",
                "7*7G7N7S7\\7c7j7t7",
                "8(838M8",
                "9\"9C9[9",
                ";#;8;^;v;",
                "<1<B<d<x<",
                "<5=B=R=b=q=",
                ">,>6>r>w>|>",
                "?'?B?N?d?",
                "0\"0@0[0v0",
                "1%101N1]1",
                "1L2Y2m2 3g4",
                "4;5#6=6",
                "; <T<",
                "=7===]=d=",
                "616L6g6x6",
                "O1r1",
                "2N2M3",
                "3#4Q4",
                "7)8t8",
                "8<9[91:",
                ";&<8<",
                "40F0",
                "0)171",
                "4B5Z5",
                "6T708",
                "0#000T0k0",
                "4M5Z5n5",
                "6=6U6:7`7r7z7",
                "868P8",
                "829;9W9b9k9w9",
                "92:p:",
                ";+;;;A;G;$<",
                "142Y2z2",
                "2%3B3b3i3",
                "324w4~4",
                "5=5h5u5",
                "6]6j6",
                "7#7v7",
                "8V8y8",
                "9,9Z9{9",
                ":9:E:h:",
                ";6;{;",
                "5$8x?",
                "]2i2",
                "2?3_3",
                "8&9d9w9",
                ";;<@<D<H<L<",
                "D0W0u0",
                "012h2o2t2x2|2",
                "3 3$3(3,3+6",
                "=(=P=d=",
                ">`>o>O?",
                "8c9@;E;p;u;",
                ";%<1<N=U=",
                ">.>V>q>v>{>",
                "?\"?'?,?J?T?`?e?j?",
                "0b0n0",
                "2'2,2@2",
                "3(3<3D3N3W3h3z3",
                "4G5.6",
                "6G859?9L9}9",
                ":;:B:K:h:v;",
                "142d2",
                "8b9f9j9n9r9v9z9~9M>T>q>u>y>}>",
                "3\\8g8",
                "929U9j9",
                ":/:6:A:O:V:\\:w:~:",
                ":E<[<",
                "<A=J=",
                "2&232",
                "6(6.696?6M6k6",
                "7)7B7y7",
                "959:9C9",
                ":I:R:",
                ":E;_;d;R=",
                "=)>4>F>",
                "@0H0",
                "536p6z6",
                "6I7O7",
                "7:8k8",
                ":*;1;R;{;",
                ";&<;<K<X<",
                "=0=:=\\=m=v={=",
                ">)>5>I>_>",
                "?.?3?8?U?y?",
                "0)0.030N0]0h0m0r0",
                "1$1]1",
                "2)232V2`2",
                "8?9N9\\9y9",
                ":_:f:o:",
                ";#;R;^;",
                ";8<L<",
                ">!?Y?",
                "0)0]0",
                "0\\192@2",
                "70B0w0<1Z1e1",
                "172<2A2F2X2",
                ">_>f>m>t>",
                ">$?\\?",
                "434Z4",
                "7@7N7Z7k7y7",
                ":#;s;",
                "<'<9<K<l<~<",
                "9*9s9",
                ":Y:n;",
                "; <A<L<Z<",
                "=5=G=Q=s=",
                ">'>N>o>",
                "?7?V?",
                "0B0\\0",
                "21363f3n3v3~3",
                "6'7D7X7c7",
                "001d1",
                "8-888",
                "9-9]9",
                "9$:M:x:",
                "=$=.=8=<=B=H=N=T={=",
                ">$>1>8>A>J>Z>k>u>",
                "\"0+0i0r0",
                "1$1y1",
                "1f3q3x3~3",
                "4N5X5n5",
                "6\"6=92:::q:x:r=",
                "021F1",
                "3%4z4",
                "5<8}:",
                ";#<)<",
                "<e=w=",
                ">.?q?",
                "/0K0w0",
                "1?2\\2",
                "2&3C3",
                "3g4~4",
                "5%5J5k5",
                "7*7=7\\7",
                "818S8w8",
                ">\"?A?M?",
                "2D2h2s2",
                "73797",
                ";,;4;",
                "6!6)61696W6_6",
                "9a:r:",
                "<V=[=m=",
                "&0b1",
                "4<5b5",
                "6<7r7",
                "828R8",
                ">0?]?",
                "4X5p7",
                "<\"=T=",
                ">2>t>",
                ">6?R?r?",
                ";0u0",
                "2'2J2p2",
                "3*3^3",
                "4D4q4",
                "5?5j5",
                "5-6`6",
                "7'7J7m7",
                "7H8c8",
                "9C9^9",
                "9*:i:",
                ";C;f;",
                "</<R<z<",
                "=.=V=~=",
                "= >T>",
                "0+0V0",
                "131N1c1",
                "272A2K2b2l2",
                "3\"3,3W3a3k3",
                "4!4+4B4L4w4",
                "575A5K5b5l5",
                "6\"6,6W6a6k6",
                "7!7+7B7L7w7",
                "878A8K8b8l8",
                "9\"9,9W9a9k9",
                ":!:+:B:L:w:",
                ";7;A;K;b;l;",
                "<\"<,<W<a<k<",
                "=!=+=B=L=w=",
                ">7>A>K>b>l>",
                "?\"?,?W?a?k?",
                "0!0+0B0L0w0",
                "171A1K1b1l1",
                "2\"2,2W2a2k2",
                "3!3+3B3L3w3",
                "474A4K4b4l4",
                "5\"5,5W5a5k5",
                "6!6+6B6L6w6",
                "777A7K7b7l7",
                "8\"8,8W8a8k8",
                "9!9+9B9L9w9",
                ":7:A:K:b:l:",
                ";\";,;W;a;k;",
                "<!<+<B<L<w<",
                "=7=A=K=b=l=",
                ">\">,>W>a>k>",
                "?!?+?B?L?w?",
                "070A0K0b0l0",
                "1\"1,1W1a1k1",
                "2!2+2B2L2w2",
                "373A3K3b3l3",
                "4\"4,4W4a4k4",
                "5!5+5B5L5w5",
                "676A6K6b6l6",
                "7\"7,7W7a7k7",
                "8!8+8B8L8w8",
                "979A9K9b9l9",
                ":\":,:W:a:k:",
                ";!;+;B;L;w;",
                "<7<A<K<b<l<",
                "=\"=,=W=a=k=",
                ">!>+>B>L>w>",
                "?7?A?K?b?l?",
                "0\"0,0W0a0k0",
                "1!1+1B1L1w1",
                "7'737c7m7w7",
                "8\"8N8b8l8",
                "9#919B9Q9e9",
                "3 3$3(3,3034383<3@3D3H3L3P3T3X3\\3`3d3h3l3p3t3x3|3",
                "4 4$4(4,4044484<4@4D4H4L4P4T4X4\\4`4d4h4l4p4t4x4|4",
                "5 5$5054585<5@5D5H5L5`5d5h5l5",
                "6 6$6(6,6064686<6@6D6H6L6P6T6X6\\6`6d6h6l6p6t6x6|6",
                "7$7(7,7074787<7t:|:",
                ";$;,;4;<;D;L;T;\\;d;l;t;|;",
                "<$<,<4<<<D<L<T<\\<d<l<t<|<",
                "\\2`2d2h2l2p2t2x2|2",
                "7 7$7(7,70747@7D7H7`7d7h7",
                "8 8$8(8,808x8|8",
                "9 9$9(9,9094989<9@9D9H9L9P9T9X9\\9`9d9h9l9p9t9x9|9",
                ": :$:(:,:0:4:8:<:@:D:H:L:P:T:X:\\:`:d:h:l:p:t:x:|:",
                ";4;8;<;@;D;H;L;P;T;X;\\;@<D<H<L<P<",
                "= =$=(=,=0=4=8=L=P=T=X=\\=`=d=h=l=p=t=x=|=",
                "? ?$?(?,?",
                "1 1$1(1,1014181<1@1T1X1\\1`1d1h1l1p1t1x1|1",
                "2 2$2(2,2024282<2@2D2H2L2P2T2X2\\2`2d2h2l2p2t2x2|2",
                "3 3$3(3,3034383<3@3D3H3L3P3T3d3h3l3p3t3x3|3",
                "3 4(40484@4H4P4X4`4h4p4x4",
                "5 5(50585@5H5P5X5`5h5p5x5",
                "6 6(60686@6H6P6X6`6h6p6x6",
                "7 7(70787@7H7P7X7`7h7p7x7",
                "h1p1x1|1",
                "2 2$2(2,2024282<2@2D2H2L2P2T2X2\\2`2d2(7,7074787<7@7D7H7L7P7T7X7\\7`7d7h7l7p7t7x7|7",
                "8 8$8(8,8084888<8@8D8H8L8P8T8X8\\8`8d8h8l8p8t8x8|8",
                "< <$<",
                "t4x4|4",
                "7$7,747<7D7L7T7\\7d7l7t7|7",
                "8$8,848<8D8L8T8\\8d8l8t8|8",
                "9$9,949<9D9L9T9\\9d9l9t9|9",
                ":$:,:4:<:D:L:T:\\:d:l:t:|:",
                "=$=,=4=<=D=L=T=\\=d=l=t=|=",
                "8 8(80888@8H8P8X8`8h8p8x8",
                "9 9(90989@9H9P9X9`9h9p9x9",
                ": :(:0:8:@:H:P:X:`:h:p:x:",
                "; ;(;0;8;@;H;P;X;`;h;p;x;",
                "< <(<0<8<@<H<P<X<`<h<p<x<",
                "= =(=0=8=@=H=P=X=`=h=p=x=",
                "> >(>0>8>@>H>P>X>`>h>p>x>",
                "t6|6",
                "7$7,747<7D7L7T7",
                "? ?$?(?,?H?",
                "P3T3X3\\3`3d3h3l3p3t3x3|3",
                "4 4$4(4,4044484<4@4D4H4L4P4T4",
                "4<5@5D5H5`5d5t5x5|5",
                "646D6H6X6\\6`6h6",
                "7$7(7,747L7\\7`7p7t7x7",
                "848D8H8X8\\8`8h8",
                "9 90949D9H9L9P9X9p9",
                ":$:<:L:P:`:d:h:p:",
                ";,;0;@;D;L;d;t;x;",
                "< <$<(<,<4<L<\\<`<p<t<x<|<",
                "=4=D=H=X=\\=`=h=",
                ">4>D>H>X>\\>`>h>",
                "?4?D?H?\\?`?p?t?x?",
                "0(0,00040<0T0d0h0x0|0",
                "1 10141D1H1X1\\1l1p1t1|1",
                "2$2(282<2@2H2`2p2t2",
                "3 3$3,3D3T3X3h3l3p3t3|3",
                "4,4<4@4P4T4X4`4x4",
                "5 5$54585<5D5\\5l5p5",
                "6$6<6L6P6T6\\6t6",
                "7$74787H7L7T7l7|7",
                "8 888<8T8d8h8|8",
                "9 9$989<9L9P9X9p9",
                ": :0:4:<:T:X:p:",
                ";$;(;8;<;L;P;`;d;t;x;",
                "< <0<4<D<H<L<P<T<\\<t<x<",
                "=,=0=4=8=@=X=\\=t=",
                "> >$>,>D>T>X>h>l>p>x>",
                "?,?<?L?P?`?d?h?",
                "0 0$0(00040<0T0d0h0x0",
                "1,101H1L1P1X1p1",
                "2,2<2@2P2T2l2|2",
                "3 3$3<3@3D3X3\\3`3x3|3",
                "4,4<4@4D4H4L4T4X4l4p4x4|4",
                "5,5<5@5D5\\5`5x5|5",
                "6 606@6P6T6d6h6l6",
                "7(787<7@7T7X7h7l7",
                "8,808D8T8d8h8l8",
                "0$0,080X0d0",
                "1 1(141T1\\1d1l1",
                "2$202P2\\2|2",
                "3 3@3H3P3X3d3l3",
                "4 4(4L4T4\\4d4t4|4",
                "585@5L5l5t5|5",
                "6 6,6L6X6x6",
                "7$7,747<7D7P7p7x7",
                "8 8(80888H8l8t8|8",
                "989D9d9l9x9",
                ":$:D:L:X:x:",
                ";$;0;T;\\;d;l;t;|;",
                "<<<D<L<T<\\<d<l<t<",
                "= =(=0=<=\\=d=l=t=|=",
                ">$>,>4><>D>L>T>\\>d>l>x>",
                "? ?0?T?\\?d?l?t?|?",
                "0$0,040<0D0L0T0\\0d0l0t0|0",
                "1$1,141<1H1l1t1|1",
                "2$2,242<2D2L2T2\\2d2l2t2|2",
                "3,343<3H3l3t3|3",
                "444<4D4L4T4\\4d4l4t4|4",
                "5$5,585X5`5h5p5x5",
                "6$6,646<6D6L6T6\\6d6l6t6|6",
                "8$8,848@8d8l8t8|8",
                "9$9,949<9D9P9t9|9",
                "<$<,<4<<<D<L<T<\\<d<l<t<",
                ">$>,>4><>D>L>X>|>",
                "?$?,?4?<?D?L?T?\\?d?l?x?",
                "1$1,141<1D1L1T1\\1d1l1t1|1",
                "2$2,242<2D2L2T2\\2h2",
                "3$3,343<3D3L3T3\\3d3l3t3|3",
                "4,484X4d4",
                "5(50585@5L5l5x5",
                "646<6D6P6x6",
                "7$707P7X7`7h7t7",
                "848H8P8X8`8h8x8",
                "909<9",
                ":0:<:d:t:",
                ";4;@;`;l;",
                "<8<@<L<l<t<",
                "=$=0=P=X=`=d=h=p=",
                "> >4><>H>|>",
                "?(?H?P?\\?|?",
                "040<0D0H0P0d0l0t0|0",
                "1 1@1H1T1t1|1",
                "2$2D2P2p2x2",
                "3@3`3h3p3x3",
                "4<4H4h4p4x4",
                "5 5@5L5l5x5",
                "6$6D6L6T6`6",
                "747@7`7l7",
                "8(888\\8h8p8",
                "9(90989D9d9l9x9",
                ":$:,:8:X:`:l:",
                ";<;H;h;p;|;",
                "<0<8<D<d<l<t<x<",
                "= =(=<=D=L=X=x=",
                ">(>0>8>@>H>P>X>d>",
                "?4?@?`?l?",
                "0080@0P0\\0d0|0",
                "1 1(1014181@1T1\\1p1x1",
                "202<2D2l2p2",
                "3,303P3p3",
                "404P4p4",
                "505P5p5",
                "606P6p6",
                "7 7(7<7D7H7P7d7l7p7x7",
                "8 8(808",
                "X0`0h0p0x0",
                "20242`7d7h7l7p7t7x7|7",
                "7@8D8",
                "7 7P7",
                "7$8d8",
                "9(9T9x9",
                "9$:d:",
                ":$;X;",
                ";(<|<",
                ">H>|>",
                "?@?d?",
                "0,1d1",
                "102x2",
                "585p5",
                "6D6|6",
                "7L7t7",
                "8T8x8",
                "849P9",
                ";@;x;",
                "=0=l=",
                "=<>p>",
                "(0P0",
                "182T2",
                "jjjj",
                "Ejjjj",
                "Ejjj",
                "jjjjj",
                "Akernel32.dll",
                "api-ms-win-core-synch-l1-2-0.dll",
                "combase.dll",
                "advapi32.dll",
                "Eapi-ms-win-core-fibers-l1-1-1",
                "api-ms-win-core-synch-l1-2-0",
                "kernel32",
                "api-ms-",
                "mscoree.dll",
                ".exe",
                ".cmd",
                ".bat",
                ".com",
                "Eapi-ms-win-core-datetime-l1-1-1",
                "api-ms-win-core-file-l1-2-2",
                "api-ms-win-core-localization-l1-2-1",
                "api-ms-win-core-localization-obsolete-l1-2-0",
                "api-ms-win-core-processthreads-l1-1-2",
                "api-ms-win-core-string-l1-1-0",
                "api-ms-win-core-sysinfo-l1-2-1",
                "api-ms-win-core-winrt-l1-1-0",
                "api-ms-win-core-xstate-l2-1-0",
                "api-ms-win-rtcore-ntuser-window-l1-1-0",
                "api-ms-win-security-systemfunctions-l1-1-0",
                "ext-ms-win-ntuser-dialogbox-l1-1-0",
                "ext-ms-win-ntuser-windowstation-l1-1-0",
                "advapi32",
                "ntdll",
                "api-ms-win-appmodel-runtime-l1-1-2",
                "user32",
                "ext-ms-",
                "en-US",
                "         (((((                  H",
                "      (                          ",
                "Eja-JP",
                "zh-CN",
                "ko-KR",
                "zh-TW",
                "zh-CHS",
                "ar-SA",
                "bg-BG",
                "ca-ES",
                "cs-CZ",
                "da-DK",
                "de-DE",
                "el-GR",
                "fi-FI",
                "fr-FR",
                "he-IL",
                "hu-HU",
                "is-IS",
                "it-IT",
                "nl-NL",
                "nb-NO",
                "pl-PL",
                "pt-BR",
                "ro-RO",
                "ru-RU",
                "hr-HR",
                "sk-SK",
                "sq-AL",
                "sv-SE",
                "th-TH",
                "tr-TR",
                "ur-PK",
                "id-ID",
                "uk-UA",
                "be-BY",
                "sl-SI",
                "et-EE",
                "lv-LV",
                "lt-LT",
                "fa-IR",
                "vi-VN",
                "hy-AM",
                "az-AZ-Latn",
                "eu-ES",
                "mk-MK",
                "tn-ZA",
                "xh-ZA",
                "zu-ZA",
                "af-ZA",
                "ka-GE",
                "fo-FO",
                "hi-IN",
                "mt-MT",
                "se-NO",
                "ms-MY",
                "kk-KZ",
                "ky-KG",
                "sw-KE",
                "uz-UZ-Latn",
                "tt-RU",
                "bn-IN",
                "pa-IN",
                "gu-IN",
                "ta-IN",
                "te-IN",
                "kn-IN",
                "ml-IN",
                "mr-IN",
                "sa-IN",
                "mn-MN",
                "cy-GB",
                "gl-ES",
                "kok-IN",
                "syr-SY",
                "div-MV",
                "quz-BO",
                "ns-ZA",
                "mi-NZ",
                "ar-IQ",
                "de-CH",
                "en-GB",
                "es-MX",
                "fr-BE",
                "it-CH",
                "nl-BE",
                "nn-NO",
                "pt-PT",
                "sr-SP-Latn",
                "sv-FI",
                "az-AZ-Cyrl",
                "se-SE",
                "ms-BN",
                "uz-UZ-Cyrl",
                "quz-EC",
                "ar-EG",
                "zh-HK",
                "de-AT",
                "en-AU",
                "es-ES",
                "fr-CA",
                "sr-SP-Cyrl",
                "se-FI",
                "quz-PE",
                "ar-LY",
                "zh-SG",
                "de-LU",
                "en-CA",
                "es-GT",
                "fr-CH",
                "hr-BA",
                "smj-NO",
                "ar-DZ",
                "zh-MO",
                "de-LI",
                "en-NZ",
                "es-CR",
                "fr-LU",
                "bs-BA-Latn",
                "smj-SE",
                "ar-MA",
                "en-IE",
                "es-PA",
                "fr-MC",
                "sr-BA-Latn",
                "sma-NO",
                "ar-TN",
                "en-ZA",
                "es-DO",
                "sr-BA-Cyrl",
                "sma-SE",
                "ar-OM",
                "en-JM",
                "es-VE",
                "sms-FI",
                "ar-YE",
                "en-CB",
                "es-CO",
                "smn-FI",
                "ar-SY",
                "en-BZ",
                "es-PE",
                "ar-JO",
                "en-TT",
                "es-AR",
                "ar-LB",
                "en-ZW",
                "es-EC",
                "ar-KW",
                "en-PH",
                "es-CL",
                "ar-AE",
                "es-UY",
                "ar-BH",
                "es-PY",
                "ar-QA",
                "es-BO",
                "es-SV",
                "es-HN",
                "es-NI",
                "es-PR",
                "zh-CHT",
                "af-za",
                "ar-ae",
                "ar-bh",
                "ar-dz",
                "ar-eg",
                "ar-iq",
                "ar-jo",
                "ar-kw",
                "ar-lb",
                "ar-ly",
                "ar-ma",
                "ar-om",
                "ar-qa",
                "ar-sa",
                "ar-sy",
                "ar-tn",
                "ar-ye",
                "az-az-cyrl",
                "az-az-latn",
                "be-by",
                "bg-bg",
                "bn-in",
                "bs-ba-latn",
                "ca-es",
                "cs-cz",
                "cy-gb",
                "da-dk",
                "de-at",
                "de-ch",
                "de-de",
                "de-li",
                "de-lu",
                "div-mv",
                "el-gr",
                "en-au",
                "en-bz",
                "en-ca",
                "en-cb",
                "en-gb",
                "en-ie",
                "en-jm",
                "en-nz",
                "en-ph",
                "en-tt",
                "en-us",
                "en-za",
                "en-zw",
                "es-ar",
                "es-bo",
                "es-cl",
                "es-co",
                "es-cr",
                "es-do",
                "es-ec",
                "es-es",
                "es-gt",
                "es-hn",
                "es-mx",
                "es-ni",
                "es-pa",
                "es-pe",
                "es-pr",
                "es-py",
                "es-sv",
                "es-uy",
                "es-ve",
                "et-ee",
                "eu-es",
                "fa-ir",
                "fi-fi",
                "fo-fo",
                "fr-be",
                "fr-ca",
                "fr-ch",
                "fr-fr",
                "fr-lu",
                "fr-mc",
                "gl-es",
                "gu-in",
                "he-il",
                "hi-in",
                "hr-ba",
                "hr-hr",
                "hu-hu",
                "hy-am",
                "id-id",
                "is-is",
                "it-ch",
                "it-it",
                "ja-jp",
                "ka-ge",
                "kk-kz",
                "kn-in",
                "kok-in",
                "ko-kr",
                "ky-kg",
                "lt-lt",
                "lv-lv",
                "mi-nz",
                "mk-mk",
                "ml-in",
                "mn-mn",
                "mr-in",
                "ms-bn",
                "ms-my",
                "mt-mt",
                "nb-no",
                "nl-be",
                "nl-nl",
                "nn-no",
                "ns-za",
                "pa-in",
                "pl-pl",
                "pt-br",
                "pt-pt",
                "quz-bo",
                "quz-ec",
                "quz-pe",
                "ro-ro",
                "ru-ru",
                "sa-in",
                "se-fi",
                "se-no",
                "se-se",
                "sk-sk",
                "sl-si",
                "sma-no",
                "sma-se",
                "smj-no",
                "smj-se",
                "smn-fi",
                "sms-fi",
                "sq-al",
                "sr-ba-cyrl",
                "sr-ba-latn",
                "sr-sp-cyrl",
                "sr-sp-latn",
                "sv-fi",
                "sv-se",
                "sw-ke",
                "syr-sy",
                "ta-in",
                "te-in",
                "th-th",
                "tn-za",
                "tr-tr",
                "tt-ru",
                "uk-ua",
                "ur-pk",
                "uz-uz-cyrl",
                "uz-uz-latn",
                "vi-vn",
                "xh-za",
                "zh-chs",
                "zh-cht",
                "zh-cn",
                "zh-hk",
                "zh-mo",
                "zh-sg",
                "zh-tw",
                "zu-za",
                "CONOUT$"
            ]
        }
    ]
}