{
    "malware_data": [
        {
            "filename": "70c7a7f6c67627aa68aa90151740de9d18661b327d7220cb89ef899974a3384b.exe",
            "filetype": "4D5A9000",
            "filesize": "256KB",
            "hash_sha256": "70c7a7f6c67627aa68aa90151740de9d18661b327d7220cb89ef899974a3384b",
            "strings": [
                "!This program cannot be run in DOS mode.",
                "j5P'.T>t.T>t.T>t0",
                "t4T>t0",
                "t>T>t0",
                "teT>t",
                "Et-T>t.T?txT>t0",
                "t/T>t0",
                "t/T>tRich.T>t",
                ".text",
                "`.rdata",
                "@.data",
                ".tls",
                ".bamula",
                "@.rsrc",
                "VVVVV",
                "QSVW",
                "YQPVh",
                "PPPPP",
                "WWWWW",
                "uaVj",
                "uL9=|",
                "u,9E",
                "hF%@",
                "h`&@",
                "Y__^[",
                "9csm",
                "8csm",
                "<v8V",
                "S99t",
                "=L\"C",
                "=H\"C",
                "t$<\"u",
                ">=Yt1j",
                "tNVSP",
                "Y[_^",
                ">\"u&",
                "< tK<",
                "@@f9",
                "SSS+",
                "@PWSS",
                "t!SS",
                "jThx",
                "j@j ^V",
                "[j@j ",
                "uWS3",
                "ueSj",
                "@_^[",
                "j?Y;",
                " VW}",
                "j?^;",
                "Y_^[]",
                "_^[]",
                "Wj6Y",
                "Fpt\"",
                "SSSSS",
                "^_[]",
                "<.u4",
                "PVj@",
                "_trP",
                ",uRP",
                "^H_[",
                ">CuW",
                "@PVW",
                "vSSSh",
                "VWw$",
                "0A@@Ju",
                "wIVSP",
                "FVSj",
                "Y_^[",
                "9~\\u'",
                "5P\"C",
                "=T\"C",
                "h`i@",
                "t#Hu",
                "t+Ht",
                "_VVVVV",
                "QWVP",
                ",0GG",
                "URPQQh",
                "L$,3",
                "UVWS",
                "[_^]",
                "SVWj",
                "0SSSSS",
                "Pj1Q3",
                "F Pj*",
                "F$Pj+",
                "F(Pj,",
                "F,Pj-",
                "F0Pj.",
                "F4Pj/",
                "F8PjD",
                "F<PjE",
                "F@PjF",
                "FDPjG",
                "FHPjH",
                "FLPjI",
                "FPPjJ",
                "FTPjK",
                "FXPjL",
                "F\\PjM",
                "F`PjN",
                "FdPjO",
                "FhPj8",
                "FlPj9",
                "FpPj:",
                "FtPj;",
                "FxPj<",
                "F|Pj=",
                "{>Vj",
                "v$;5",
                "C PjPV",
                "C$PjQV",
                "C(Pj",
                "C)Pj",
                "C*PjTV",
                "C+PjUV",
                "C,PjVV",
                "C-PjWV",
                "C.PjRV",
                "C/PjSV",
                "~-8]",
                "@@8X",
                "QW@Ph",
                "W@Ph",
                "~S8]",
                "_^[t",
                "$SVW",
                ".;1s(N",
                "tIHt$",
                "HHt4HHt",
                "Ht\\Ht,",
                "SV9}",
                "98tl",
                "PSVj",
                "teHtFHt&Hu",
                "<'tE",
                "ty<%tA",
                "twF3",
                "tBF9]",
                "u 9]",
                "PPPPPPPP",
                "t&:a",
                "|FVW",
                "tNh\\",
                "t=hX",
                ",aB<",
                "u49^",
                "Vj@h",
                "u%h`",
                "j@Sh",
                "t,j@",
                "C@Ph",
                "Sj Z",
                "0;1t|",
                "9] SS",
                "tR:Q",
                "t<:Q",
                "t&:Q",
                "u8SS3",
                "9] u",
                "9]$SS",
                "t)9]",
                "t\"SS9]",
                "u,VVWV",
                "u#9u",
                "t VV9u",
                "SVWUj",
                "]_^[",
                ";t$,v-",
                "UQPXY]Y[",
                "oV f",
                "o^0f",
                "of@f",
                "onPf",
                "ov`f",
                "o~pf",
                "t:9]",
                "^SSSSS",
                "t!PV",
                "PSj?",
                ">:u8FV",
                "jd_Fj",
                "Pf95",
                "PVVRV",
                "Pf95\\",
                "VVVVVQRSSj",
                "u09u",
                "VW9]",
                "u99u",
                "WWWWV",
                "t<Vj",
                "t+WWVPV",
                "<8=u",
                "t*;E",
                "QVW3",
                "^WWWWW",
                "t.;E",
                "8VVVVV",
                "Af#E",
                "u+9u",
                "u>9u",
                "N+D$",
                "QQSV3",
                "VVVVj",
                "tCVV",
                "@A;E",
                "SVW3",
                "t{~Bj",
                "t1SW",
                "tSj=V",
                "u`9]",
                "Y|R9",
                "?sjj",
                "@Y@P",
                "t\\VV",
                "@Y@PW",
                "^_[3",
                "^^NS1",
                "!3g9",
                "Aaid",
                "t9\"1",
                "261Y",
                "TbdO",
                "`l9.",
                "N:i:",
                "+\\Xhs",
                "CvO#",
                "~}MR",
                "BA i",
                "&!/wS",
                "u_Dd",
                "b:u(",
                "9F8+",
                " ]0t",
                "k;[S",
                "<Um,K",
                "dr}kar",
                "1Ur+>",
                "O9z@N'0",
                "UryQ4l",
                "VZE<",
                "7r{B",
                "&.)lk%",
                "Z/9d",
                "~_:j",
                "A8l(",
                "ACQ?Vc",
                "]K]N",
                "qeUq_",
                "_ZMx",
                "FkGm",
                "]\\v:",
                "VWLM8",
                "8P|5",
                "zzx>",
                "|BH{",
                ">6]BGk",
                "E hK",
                "8|%(,",
                "BA.6",
                "[Or5v",
                "^1|~",
                "1.(mF3f",
                "zj7D",
                "r&&4%M(P",
                "Uss!`(n",
                "_v6{d",
                ")Fn{",
                "O]8\\",
                "CF_T",
                "'&+z",
                "4)2CA",
                ",rM>",
                "0:8'",
                "7|{B",
                "G5@}y|",
                "wk.J",
                "D#vf",
                "5R3!",
                "T?5Vp",
                "M2dA",
                "IM0c",
                "}C`7",
                "Uvj6",
                "\"GCA",
                "tIuIVj+",
                "IZAC",
                "Tz%&",
                "f`Re",
                "o@eF",
                "I}jZ",
                "b7i~{",
                "`'Fxaab",
                "UHW3",
                "p'V%N",
                "(#~reH",
                "|=hr",
                "6jM*",
                "`:7R",
                "V:u,",
                "-|vzB`5o\\M8",
                "?70[",
                "cQ<^",
                "h#|P",
                "c$/:",
                "BnD:",
                "dvMel",
                "yy5!",
                "hTSvk",
                "G>P[",
                "ac7P",
                "r86s",
                "Iq1Y",
                "m\\GbV",
                "{qpw",
                "bl'<",
                "p-/7",
                "AnVy!",
                "P4dP",
                "fE5\\",
                "w.Y0;",
                "gd:!",
                "\"'<Ne",
                "tSp6Z",
                "]%P4",
                "|`v9",
                "U'Z@g",
                "r h?",
                "e&~Cd4",
                "\\%_T",
                "!I?Q",
                "\"!4X",
                "}Er!!&w",
                "OdhZL",
                "6xaP",
                "y~B5",
                "4DYl",
                "vZO/",
                "Dv\\+3PF",
                "{F5a",
                "SM,gQ",
                "oF8+i",
                "7[I]Y",
                "5Nq4",
                "RS r",
                "+i|km",
                "q~6%",
                "KiQLZ",
                "=ib=d",
                "I;C'",
                ":HoHN4}",
                "%Cn%",
                "%#%~J",
                "'||T",
                "\\K/h",
                "$`(+5",
                "HkdNn",
                "0G=vl",
                "9WI,",
                "Q4Q~",
                "n7`*",
                " /;Og",
                "'_PyLL",
                "(ohx",
                "~Knu",
                "p11(",
                "jYKH",
                "[5On",
                "}]z_P",
                "Ak{Y",
                "l>d$u",
                "8:S1",
                "ji'.",
                "ZMkN",
                "@BLbN",
                "*XQ 1,",
                "d%<5:",
                "[xCy^",
                "9Dn]k",
                "G[?<B",
                "cZdy",
                "J~wf",
                "&vBg\"",
                "IrSCT ",
                "h%Fy7",
                "a8EJ",
                "@mRtI",
                "H+[f]|",
                "I'V[}",
                "M^QyW[",
                "#O):'%",
                "\\;HvP=",
                "Y]%^",
                "e\\5h",
                "ii.9.",
                "fdJR- :",
                "rJP7",
                "n2^22[",
                "hHYP$U",
                "S%r2_",
                "'#W:",
                "\\xp'",
                "pOTMr",
                ":[\"E2u",
                "@_.3m",
                "BKG-",
                "NCmrRH",
                "b\\[C",
                "1@R=",
                "2Z[r",
                "F|_I",
                "n4btx",
                "L9se",
                "Z %u",
                "aj R",
                "b`m|",
                "bDi.",
                "h&|R*N",
                "88Nn",
                "X`(W",
                "kC^.{",
                "3eJ`sVe",
                "FC( ",
                "?fIP%g",
                "yeBO",
                "}?l|",
                "I'5:",
                "R$?-}",
                ",_[sz",
                "<Tk0",
                "z<vJ",
                ",+(?",
                "v2:}",
                "llh$",
                "Hb}S",
                "ig};",
                " p|(",
                "Ro={'",
                "Q]C3",
                "$uhz",
                "~n:Gw",
                "o|m#",
                "CI>H",
                "]S$a",
                "(ty,9sd",
                "Rh,GN)",
                "q]^E",
                "GL1RT",
                "D2F)",
                "BvC0",
                "b*#f;",
                "gl\"X,",
                "=<C-",
                "niB~]",
                "Ui_)w ",
                "pnpl'",
                "ki7Iu|D",
                "\\!ba",
                "m^WLL",
                "K*~WHd",
                "*)TX,",
                "7xD>Cw",
                "v(sq}",
                "Sr=,",
                "IB.;",
                "%?~g",
                "H1\\'3Z",
                "Jc|$",
                "\"p&~",
                "=,7:",
                "a6lT",
                "Q=w{",
                "B+Pg",
                "8t>=",
                "SQ8;h\\",
                "k6\\T",
                "sS|6",
                ":;T1):p",
                "gCtt",
                "V.gL",
                "p_2]",
                "o33 !i",
                "[Q`2",
                "C)y.",
                "JuuE",
                "Lc6@gyg",
                "\"08%",
                "/d8\\P",
                "u<bxQ",
                "AomHm",
                "fen]",
                ">@Sv",
                "+c;8/\"",
                "r5\\<",
                "=d(I",
                "PuWk",
                "qLYT",
                "6W8`",
                "nbuI*|\\",
                "|\"9z",
                "IKjDR>",
                "AqoYF ",
                "<eruv",
                "|tf@",
                "sy&d",
                "+)z4",
                "vc&H",
                "3DDo",
                "AfaG?",
                "\"2|v",
                "gL\\<",
                ")+&]",
                "HmR_",
                "h =i",
                "Q0VU<K",
                "-lIJ",
                "|gp<",
                "[SV1",
                "PE0R",
                "_DQe",
                "c<5@",
                "~zGI",
                "~R4r",
                "c7o ",
                "yB(UOcv~",
                "[*UR",
                "TN1f",
                "VS7f",
                "@\\1=",
                "9r<G",
                "i{._",
                "Y~gQ",
                "^\",Y",
                "Wb_H",
                "~]!~@*",
                "%oX(j'",
                "y'V*",
                "?zG#",
                "(\\hPhl:",
                "ft}@WZ",
                "Oo8|&",
                "ayU4",
                "c@9;8sv",
                "&jtIQ",
                "-Dy]",
                "Ii4i",
                "f9C^",
                ":T\\I",
                "H)):3p",
                ")d Q",
                "TCmk",
                "?9WEW",
                "F_P^;",
                "8L%K",
                "R\"2/e",
                "%squ",
                "35jhi",
                "sq2w",
                "mo.t",
                "mxAr",
                "E[0y5",
                "/uyr",
                "Dk&P",
                "'6j6+",
                "H*d 'w",
                "V2|6\\",
                "dwtA",
                "Q>L67",
                "#>]b",
                "vL#X",
                "JF^$",
                "zF6bf",
                "fO#r",
                "qsfx",
                ")#BkT",
                "3&=x",
                "\\WnA",
                "tWBm",
                "}u\\yB",
                "Oz~=",
                "oB)6WT!",
                "[(X`",
                "XK.M",
                "fU(*",
                "@Pna",
                "xWUP",
                "4osk",
                "fDxp",
                "2kxt",
                "ftG){X",
                "]%Sj",
                "2OMF",
                "gL]^",
                "_&K^",
                "gkOV",
                "/^H?G",
                "EG-J",
                "3]Vd",
                "xQs}Q.Z",
                "`+.w",
                "8v)f",
                "4#`W",
                "&|0h",
                "/fx6",
                "Cvdgb",
                "x?@>u",
                "7*z;",
                "TFCoQ",
                " GkBmD8",
                "Tk?|",
                "ZeFP%v",
                "3fCa",
                "W@Ab",
                "\"dfy",
                "@k!@",
                "+i!?",
                "B#w,",
                "DD|W",
                "Xm.k",
                "(5%%J",
                "\"vifwO\",OA",
                "G5W6r>&",
                "W=_M",
                "!v )G",
                "l3/^",
                "a9}g(",
                "`slV4",
                "68>Z",
                "1rDa5h",
                "D <-",
                "Qc,6",
                "^!*)O3",
                "sI<J",
                "n\"*P",
                "u@lT",
                "\\&f4",
                "&hvh",
                "Q{?!n",
                "_\"DV:",
                "lLx2",
                "9}WXt",
                "ty5R",
                "_edL",
                "\"[yHO\\",
                "<)^5",
                ",TY/",
                "UOfhQ",
                "}207",
                "E!30",
                "ZZpS",
                "_Kbi",
                "x}N/",
                "oA U^E",
                "/^ @",
                "YYNI",
                "H#4i",
                "XkWuz",
                "SE0^",
                "EL n9",
                "eHMD",
                "j0WG",
                "~Xv5",
                "|&zZ",
                ")vow~",
                "x8\"l",
                "tcl$",
                "X.B2*",
                "G99*wb",
                "6aJX",
                "9p'A",
                "#d#Bs ",
                "0::yrD",
                "6GgH4",
                "Qu=Wd",
                "3sbOEyx",
                "tY~+",
                "L6\\M",
                ")R%$",
                "YpR}S",
                "sLN!",
                "?zuT|",
                "pUdj",
                "VyeJ@",
                "i23%",
                "$6~=",
                "!i:s",
                "8_~7",
                "B3_.$",
                "l{:y",
                "l]=)vcD",
                "r{!Ea\"h",
                "R13A1",
                "Lp\\ ",
                "*!.[",
                "2 5rk",
                "?]|1",
                "WVG\"",
                "AoZQ",
                "6$u>",
                "3&wk",
                "QZiu",
                "mxE8",
                "yNS'G",
                "pG2J",
                "Jjxr",
                "PRWj",
                "5Z%m",
                "J7SV*",
                "JxwS",
                "!vkW",
                "II\\N",
                "rBX\"",
                "9#izW",
                "`<6/",
                "CCTvx}",
                "7O\\\"}",
                "~ JEv",
                "^bqN",
                "ksZ*",
                "z'O#",
                "3;[L",
                "Kb,R=}",
                "2LFX",
                "E>`s",
                "p-@v",
                "Ez2+",
                "-kg`",
                "M-<Z>",
                "Wpb2",
                "ysj~Lq",
                "5;(8",
                "eiG8w",
                "]c1b",
                " LjJ_",
                "Z]?c",
                "n=n[",
                "4'+~*",
                "Y;D)_%Z)",
                "w4,Tl",
                "a-Ocy",
                "xi1-",
                "^Z y",
                "<r_8JJY.",
                "z7tT",
                "2FNY",
                "!~o0Z",
                "uAXS[",
                ")gS:",
                "9GXg9",
                "l<+\"r",
                "m^7?A^7i",
                "5\\g^",
                "_\"xA",
                "9r@[l",
                "zQo8",
                "FRfT",
                "OWp'",
                "VV@f",
                "q>{L^ ",
                "B+Am",
                "!Sba",
                "*)q$",
                "UQw%",
                "8QEq+G",
                "o !T",
                "-a&:",
                "}r FC",
                "z\"9D",
                "n*xF",
                "U_\\Z",
                "DKcn0",
                "2cz:",
                "m+&m",
                "&2q3_6.X",
                "UJ^z^",
                "Nb6a",
                "WuGRX",
                "]XCi",
                "&BaxY",
                "zWys",
                ";I#B1",
                "B$//X",
                "[NNW",
                "v<x`&",
                "(TRQO",
                "uH68P",
                "?=/F/p",
                "hzN@",
                "brG-<7",
                "-uc1",
                "1-lN",
                "e9HFD",
                "{VT>",
                "V>K;",
                "#8|;",
                "TonZ",
                "k&;'",
                "op;m",
                "C<_L",
                "%7~>HH",
                "-%K !",
                "wBi7",
                "\"H3|^!",
                "{t|2",
                "/u.P",
                "y{3r",
                "lE=\"",
                "R?\\[U",
                "9$L^",
                "]fL`#",
                "wn}x",
                "a@;,N\\4",
                "7DBBw",
                "W{Os",
                ".bJ+",
                "!q\\u\\",
                "y,~7",
                ",~UZ]",
                "\"UbqK",
                "~GV4",
                "H8@x_",
                "|tF4",
                "b=iM",
                "6vn}",
                "jb!E3WAoC",
                "H/%gG",
                "ln63",
                "T2r)%",
                "@Pg@",
                "H=gc",
                "wu^w0[y",
                "(,xT5",
                "lpK%",
                "0Fbp{",
                "6|j]",
                "3$l_",
                "yP+##",
                "wenXj",
                "Mw{T",
                "mYW\\\"",
                "@Xi}P3",
                "JF4%",
                "vK]?9",
                "QGs`r",
                "&DvcSq",
                "hGFR",
                "wG5x",
                "e]uq",
                "YbI0",
                "k26$",
                "Y!jA1Ar",
                "Y{t}+",
                "`lS6",
                "P\\6Z",
                "/N}216D",
                "A@3@",
                "iA/>/ ",
                "4wH%",
                "{6<zo",
                "\\^<2",
                "IR[m",
                "U{\\E]",
                "n<zc",
                "Q|EZ",
                "SD)MAn",
                "c{|e",
                "D?$4",
                "FXz.3a?\\",
                ")tFF&N",
                "Z$#N",
                "'jR=",
                "TXFF[]",
                "%q'r9",
                "NS^B",
                "(:d|-",
                "UsF|p:",
                "a?8gV",
                "~R78",
                "L0w\"X",
                " y_?",
                "U'T;@t9*",
                "|M#`",
                "jz?<",
                "aT.`<",
                "Qv33w;j",
                "Z+KB",
                "8hMPc",
                "-#@w",
                "f\\]F",
                "]DN7",
                "IR2UL",
                "l5X%",
                "Rdc6",
                "1kP*",
                "74T*",
                ":aX5",
                ";xj\\",
                "uUiCS",
                "QsLR",
                "bIb-bL",
                "gUG4",
                "7Ox5J",
                "!7j@",
                "X Zq",
                "l\\Q]6",
                "1z--k@",
                "\"\\tXu",
                "9KC:",
                "e8dv",
                "fN%3",
                "u% Jr?q&d{",
                "3m 7",
                "O;++",
                "dX8d~a",
                "Q2@D1M",
                "3!A@",
                "yrXA4U",
                "=BQm'p",
                "M`8\"",
                "H4Fb~X",
                "oHW:aA",
                "\\-:%%",
                "R;9l",
                "/2]\\",
                "[OXc'w",
                "&PUv",
                "Dys`",
                "9![b",
                "Wi2u",
                "PvIJ",
                "b Gk",
                "4y'e",
                "ON(7O5g",
                "2Sj}",
                "P2'8",
                "]`oi",
                "feojt",
                "NQ\\w",
                "R;lb",
                "/iA(",
                ").?vj",
                "p'G$",
                "^`xs",
                "Er?L",
                "^|jz.?bc",
                "H,[[,",
                "RI)z",
                "Mr8=Ha(",
                "OJx)`",
                "Q^EpYW?",
                "\\>E$1",
                "6]8H",
                "P%#k",
                ">^`\"O",
                ")Xvp",
                ")d+A",
                "r*i4a",
                "')PF",
                "|;E%",
                "b(oY",
                "W[}fX<",
                "P $7",
                "feZJ}G}",
                "0Jc[",
                "G=yf",
                "[4P<",
                "C[},",
                "[e=q",
                "N4x/",
                "%'(D",
                "-*NX",
                "'%4+w",
                "ZI:E",
                "1Tr+o",
                "Ar'`",
                "6Gbd",
                "CzRC=",
                "qDJR",
                "`YkHn",
                "ny49d3",
                "WtWET",
                "W/@K",
                "6LEj",
                "#L9y",
                "FPG@",
                "z||S",
                "%u4Mk",
                "|\\}G2",
                "CiL0",
                "*\\'n3r",
                "iQ\"i",
                "&~e@j+",
                "&;Gx",
                "N;qG",
                "{pP3",
                "8]GtJvz",
                "(xvz",
                "]u8R",
                "HZ(]",
                "Hn\"K",
                "Bsq4",
                "Oa\"\"",
                "wpXI",
                "niy|",
                ":NZ>/",
                ";.kl",
                "j}bJpE",
                "aZPS",
                ",.$X",
                "t`u-o0/",
                "Tk#}_n",
                "!l`C(6",
                "!MoB}",
                "$]/*5",
                "D,Lo",
                "'7N3",
                ".yTo}W,MZkU",
                "8KLN~af",
                "~o#nlo",
                "'fn3|",
                "WW5f",
                "Xh[!i",
                "/(I2/",
                "a+Sp",
                "u@I|",
                "5PUH",
                "eh)6J>",
                "qFP#",
                "v[z`",
                "RfuH3t",
                "GUl ",
                "u w|",
                "rn&:e",
                "$M8Kk",
                "@_o8u[x",
                "OPM ",
                "\"jD1",
                "J>Le",
                "x,Hs",
                "r:wf",
                "aG7X",
                ":dUO#LG",
                "CC%x",
                ")QzD",
                "|6hy",
                "wE0(",
                "g|Be?wu30r-",
                ";;C%R^",
                "!G,)",
                "cG9uL",
                "d(lk48Q",
                "n9/'",
                "!zh;,",
                "`j;}",
                "$.<+",
                "72K3",
                "d_9 uF",
                "34#C",
                "\"f0C",
                "-S.[",
                "^2|H",
                "^?/Jp",
                "vDMS",
                "hPb@I+",
                "NE'I~6",
                "S:s,!",
                "e6R6N$",
                "Rl;(",
                "wU{s",
                "S</V",
                "#EmuQFg!",
                "W^7S",
                "W-0D",
                "76nU7",
                "fE[Pk",
                "jrv~",
                "@Xc_m",
                "M{bn9",
                "5lQr e",
                "~II,",
                "]a-B",
                "jQ3n",
                "r3i.",
                "l:Tx",
                "*F#J",
                "ju5L",
                "H$Q\"",
                "Q(Vuy",
                ":IhX}",
                "=~G5X",
                "z-\\%",
                ";$y~k'b",
                "5Q|6V=",
                "uO'O",
                "G,[G",
                "jD\"`@",
                "CpA5",
                "*1+F",
                "gs0=wTJ",
                "\"3LH%3",
                "59~0K",
                "!cuL",
                "=W{_",
                "sL51",
                "0>lq",
                "W^n:Q'",
                " \";\"",
                "_fV<",
                "PBjK",
                "}hA\"q",
                "JRRl",
                "$r)i;",
                "/R7-",
                "($<f",
                "!M%K",
                "3S]F",
                "I/A)",
                "57VB",
                "I{\"B",
                "]SFV,*",
                "+=>*$",
                "K<aj",
                ">Hi1z=",
                "\\+F^_",
                "jkh0{B-",
                "o;zJ|",
                "88BL%ZKJ-",
                "^4PQ",
                "&1hT_",
                "}6B[",
                "Rs/dZ?<o*C",
                "QKZQ7",
                "^n/l",
                "hRa26",
                "0{a>r",
                "rmK:u",
                "h~&X",
                "yOTt",
                "*zh,",
                "\\14-",
                "X:/J-",
                "w.x?",
                "wuHMw",
                "Aw1F",
                "(CUn",
                "{G\\=z'S%",
                "3(A^",
                "+-Q6",
                "P]1'",
                "L}.#",
                "wv_B",
                "i$|+,p",
                "DpXC6",
                "]5'#y2",
                "3El n",
                ")0p%",
                "=??j",
                "UJa+'",
                "i jwz",
                "YtQz",
                "(UHI",
                "E=57",
                "J>1(",
                "d|qcD",
                "~+tx",
                "c g9",
                "\\iLU",
                " xC4",
                "ObFR",
                "/:[,",
                "4hb|>",
                "a[4T",
                "n28j,tm",
                "=N&^O",
                "mn:)8",
                "v!R=",
                "[^-s",
                "[L\\~T",
                "!:]-",
                "[AGb",
                "e|o+",
                "D[<%|",
                "P>U1W}",
                "]\\?^g",
                "%avz",
                "ECykvs",
                "uZ8?I",
                "c>Z0/",
                " u^G=",
                "I$WX",
                "FMv&",
                ":;6N",
                "JqJC",
                "6*%0n",
                "E=Ru7f\\",
                "9&@I",
                " Z~4",
                "I!|L",
                "&hAG",
                "H}GA",
                "*rA>",
                "9a`#3X",
                "VGFP",
                "7$Fe",
                "h#Rd",
                "Ian-.i",
                "\\ahZ",
                "\"\\!?TjLl6",
                "=Knku",
                "k!ig",
                ".o+q",
                "}/=8",
                "p6{e,",
                "x1VpR",
                "H'1\\=6",
                "=>;V",
                ") ;U",
                "Jv~S8",
                "=?!_J",
                "T5K3",
                "e2Pp1C",
                "vT,$",
                ",~Id+",
                "ZyX:",
                "T5=u",
                "wMJIb",
                "|Q-e",
                "w}RQ",
                "_wWY",
                "bL@8",
                "Psyb",
                "Gc3F4",
                "9!4DQx~w3",
                "^yk>",
                "ddB\"",
                "mrvK",
                "#}UcMn",
                "uR*(d7",
                "=7He",
                "3*U>",
                "#/8%J",
                "n.+(",
                " e\\:eg",
                "i^@u/",
                "_Ikk",
                ");tO",
                "fq?r$'",
                "B`IXYw",
                "B1-=",
                "?x_]zz",
                "x[i*",
                "+&ML",
                "i1\\z",
                "Zx D",
                "%}0n",
                "\"4,T!N",
                "nTE}#",
                "M}M ",
                ";Bin",
                "a>b+",
                "4*p!",
                "6.@~",
                "Z2W=",
                "vLMB\\a",
                "f7pL",
                "'WmAV(S1@",
                "xQhz",
                "mn.I|",
                "4U0\"",
                "-sc9",
                "[hmg",
                "9KI;9",
                "ly95}i",
                "Z,X#e6",
                "Zw)sq",
                "zNm*ct88",
                "Z6l]",
                "!g?B\\aHn|",
                "1.}:",
                "RZNHvg",
                "pzA)",
                "V)V,,",
                "N_F!",
                "Dv4X",
                "-X?A|D\\'+",
                "{}73h",
                ":f|u",
                "0O~O",
                "Euid",
                "x=GB",
                "@%Bmom",
                "gdVL",
                "l:5G",
                "^\\6v",
                "WboQ",
                "\\[VZ",
                "4YFwKd?",
                "aQ$d",
                "jbno",
                "MKkS",
                "uF8f",
                "T_-cr",
                "^S~:",
                "tiLP",
                "%d+J",
                "Bv$vc",
                "A|3]",
                "RL)Y",
                "n]5M",
                ";:]`",
                "c/ds",
                "w?DqN",
                "Q^1i",
                "7/|N",
                "WN?\\",
                "(V'lM",
                "=Ut6_{",
                "z4j3",
                "{m9;",
                "e)T~V",
                "*l@L8",
                "LU*~",
                "}CQ@",
                "qy:W",
                "mg'n#",
                "<x5'",
                "s:,y",
                "6OLv",
                "mc6ZY",
                ":%;xISX",
                "{:I8_",
                "G.6!",
                "%!(@",
                "5=(9",
                "SWxz",
                "4kg)",
                "d,rs",
                "Kd(w&!n{",
                "$_fCE",
                ",6r;",
                "h06w",
                "d)12%#",
                "[m5,X~",
                "/+[ o",
                "aQ3$U",
                "/h/mY,",
                "1Yw%|",
                "S==*!d[",
                "[,y1",
                "VT }2",
                "Cjr*R2",
                "m11i",
                "8Ikn",
                "e5Ek",
                "x!|M*",
                "~[<|",
                "YFN&W",
                "$;2&6",
                "r\\Ia",
                "7|W>",
                "cM[9cB",
                "\\cC=L",
                "X%PKp",
                "OCkH",
                ":K:e",
                "4^%4",
                "ci_v/",
                "#9Zr",
                " E:2=",
                "rJ-(YC0",
                "4_pW",
                "cnj\"^",
                ")CLC",
                "u)JE",
                ".AHT",
                "<uK*",
                "&Q E ",
                "syDQ",
                "u7sf",
                "Z431m/m",
                "<Ob\"",
                "e<`.",
                "HCCa",
                "85]5+",
                "Lr\"I",
                "qaHH",
                "=[JA\\",
                "yPyC",
                "gMmm&",
                "Crl^",
                "|E/7ng",
                "enj*",
                "Dgd[",
                "^VTGa",
                "lad%%0m",
                "qFy^",
                "T0E;|",
                "c!zq",
                "O<'y",
                "UpR!C",
                "bL?k",
                "+SXhzx",
                "ym14",
                "\"\\n3q",
                "*w'$",
                "'7c<n$",
                "? Vn5",
                "vNcm",
                "+<aB",
                "=0`.",
                "X\"B(",
                "T S@- ",
                "jh@9J",
                "}ih7j",
                "C?{&`",
                "+YuY,",
                "75e\"",
                "*3!z",
                ";c:G",
                "Xk~?",
                "2VE/(",
                "vv|]",
                "akBu",
                "o|sc",
                "4S;e^",
                "4wV`",
                "rNJHV",
                "*f6#",
                "!bxg",
                "r-[#",
                "lGED",
                "%&}l",
                "z\\hCB",
                "z:/w",
                "c_.o",
                "'v;V",
                "Wy`y^",
                "fI%Y",
                "?q4;",
                "f^=K",
                ";gKy",
                ",(yP-",
                "\\{1j",
                "XGU$",
                "0Q}3",
                "vbA}S",
                "LVtcw",
                "vm QirL",
                ")-a,",
                "RS^E",
                "L;e a4",
                " \\]WiA",
                "=(\\{d",
                ";)<g",
                "N%m)",
                "j;eWu",
                "x]@5",
                "mBS~",
                "K6cw0",
                "(,mo@",
                ":V}k",
                "'t3x-",
                "aQq<",
                "<o&A",
                "`6ek4O",
                "/7U<+",
                "m'nI]!",
                "jHhD",
                "mb'y",
                "?R%x",
                "h8Cql",
                "U&7@",
                "rc?~",
                "}k(D",
                "{}7f",
                "566`",
                "1Je^",
                "5(^W",
                "T9%jM",
                "8lP#",
                "gw0l",
                "w .'",
                "\\q1)!q",
                "c\"KA",
                "?n{KU",
                "x)*\\",
                "`qYv",
                "T]lP]rXRmU8F3",
                "0+_?",
                "wnezWE",
                "sy *",
                "j*y~",
                "gA=4:",
                "#}!8",
                "0WnZ",
                "l7U,",
                ":2og$",
                "$_BIkSf`R",
                "iMN e",
                "7tnj",
                "w8Yt",
                ")97d",
                "8m}-",
                "_ gN",
                "K,3'd",
                "z&(BbOM8",
                "'i1|O",
                "%Tx:P",
                "+9X2a",
                "-p`y",
                "<QLV",
                "}EhsBw!Lo",
                "?VF@",
                "\\pbo",
                "AM Xs%Q",
                "1FPJ",
                "Rd:d",
                ":o9gk",
                "hj5kf",
                "pSru`",
                "p4[)",
                "I.723",
                "mpn[w",
                "?&y=",
                ")bJOTN",
                "]c1w",
                ">+KVXv",
                "VQWE",
                "{%Na",
                "syU7",
                "aIM>",
                "GUSi",
                "On$5",
                "*J!i",
                "c-:m",
                "]<gc>",
                "MOT(Jx#",
                "[;1A",
                "2sU(QrlU",
                "fG'kt",
                "Y^7U.e",
                "9ciX",
                "gFs.@",
                "/~R}S2",
                "Ts(?!",
                "+7O(",
                "pH?]j",
                "j7g_",
                " td6",
                "'-Av",
                "c7[E",
                "5=kt5f",
                "?>AbjP",
                "##\"C",
                "ZTuK",
                "_!U@m}",
                "Gavd",
                ">Dhxz",
                "+&~sY",
                "Hh.U",
                "#iBf",
                "8}|_",
                "3Ig:",
                "%=1(",
                "O|]E",
                "o<f\\",
                "l-pZMW",
                "yOFk",
                "S#) ",
                "6E+K",
                "+YQE",
                "C6Iw",
                "$[8R",
                "WT$YB",
                "Av<L",
                "nDV1",
                "[ufL7$`",
                "hHh{",
                "^&OO",
                "7P2N",
                "U99x",
                "D$$nP",
                "O8##",
                "dFfX",
                "D$La",
                "D$DV",
                "R'._",
                "v;^:",
                "D$t<V",
                "j@RQ",
                "-u2j",
                "^6}D",
                "|u+j",
                "EncodePointer",
                "DecodePointer",
                "FlsFree",
                "FlsSetValue",
                "FlsGetValue",
                "FlsAlloc",
                "CorExitProcess",
                "runtime error ",
                "TLOSS error",
                "SING error",
                "DOMAIN error",
                "R6034",
                "An application has made an attempt to load the C runtime library incorrectly.",
                "Please contact the application's support team for more information.",
                "R6033",
                "- Attempt to use MSIL code from this assembly during native code initialization",
                "This indicates a bug in your application. It is most likely the result of calling an MSIL-compiled (/clr) function from a native constructor or from DllMain.",
                "R6032",
                "- not enough space for locale information",
                "R6031",
                "- Attempt to initialize the CRT more than once.",
                "This indicates a bug in your application.",
                "R6030",
                "- CRT not initialized",
                "R6028",
                "- unable to initialize heap",
                "R6027",
                "- not enough space for lowio initialization",
                "R6026",
                "- not enough space for stdio initialization",
                "R6025",
                "- pure virtual function call",
                "R6024",
                "- not enough space for _onexit/atexit table",
                "R6019",
                "- unable to open console device",
                "R6018",
                "- unexpected heap error",
                "R6017",
                "- unexpected multithread lock error",
                "R6016",
                "- not enough space for thread data",
                "This application has requested the Runtime to terminate it in an unusual way.",
                "R6009",
                "- not enough space for environment",
                "R6008",
                "- not enough space for arguments",
                "R6002",
                "- floating point support not loaded",
                "Microsoft Visual C++ Runtime Library",
                "<program name unknown>",
                "Runtime Error!",
                "Program: ",
                "LC_TIME",
                "LC_NUMERIC",
                "LC_MONETARY",
                "LC_CTYPE",
                "LC_COLLATE",
                "LC_ALL",
                " !\"#$%&'()*+,-./0123456789:;<=>?@ABCDEFGHIJKLMNOPQRSTUVWXYZ[\\]^_`abcdefghijklmnopqrstuvwxyz{|}~",
                "SystemFunction036",
                "ADVAPI32.DLL",
                "GetProcessWindowStation",
                "GetUserObjectInformationA",
                "GetLastActivePopup",
                "GetActiveWindow",
                "MessageBoxA",
                "USER32.DLL",
                " !\"#$%&'()*+,-./0123456789:;<=>?@abcdefghijklmnopqrstuvwxyz[\\]^_`abcdefghijklmnopqrstuvwxyz{|}~",
                " !\"#$%&'()*+,-./0123456789:;<=>?@ABCDEFGHIJKLMNOPQRSTUVWXYZ[\\]^_`ABCDEFGHIJKLMNOPQRSTUVWXYZ{|}~",
                "HH:mm:ss",
                "dddd, MMMM dd, yyyy",
                "MM/dd/yy",
                "December",
                "November",
                "October",
                "September",
                "August",
                "July",
                "June",
                "April",
                "March",
                "February",
                "January",
                "Saturday",
                "Friday",
                "Thursday",
                "Wednesday",
                "Tuesday",
                "Monday",
                "Sunday",
                "am/pm",
                "united-states",
                "united-kingdom",
                "trinidad & tobago",
                "south-korea",
                "south-africa",
                "south korea",
                "south africa",
                "slovak",
                "puerto-rico",
                "pr-china",
                "pr china",
                "new-zealand",
                "hong-kong",
                "holland",
                "great britain",
                "england",
                "czech",
                "china",
                "britain",
                "america",
                "swiss",
                "swedish-finland",
                "spanish-venezuela",
                "spanish-uruguay",
                "spanish-puerto rico",
                "spanish-peru",
                "spanish-paraguay",
                "spanish-panama",
                "spanish-nicaragua",
                "spanish-modern",
                "spanish-mexican",
                "spanish-honduras",
                "spanish-guatemala",
                "spanish-el salvador",
                "spanish-ecuador",
                "spanish-dominican republic",
                "spanish-costa rica",
                "spanish-colombia",
                "spanish-chile",
                "spanish-bolivia",
                "spanish-argentina",
                "portuguese-brazilian",
                "norwegian-nynorsk",
                "norwegian-bokmal",
                "norwegian",
                "italian-swiss",
                "irish-english",
                "german-swiss",
                "german-luxembourg",
                "german-lichtenstein",
                "german-austrian",
                "french-swiss",
                "french-luxembourg",
                "french-canadian",
                "french-belgian",
                "english-usa",
                "english-us",
                "english-uk",
                "english-trinidad y tobago",
                "english-south africa",
                "english-nz",
                "english-jamaica",
                "english-ire",
                "english-caribbean",
                "english-can",
                "english-belize",
                "english-aus",
                "english-american",
                "dutch-belgian",
                "chinese-traditional",
                "chinese-singapore",
                "chinese-simplified",
                "chinese-hongkong",
                "chinese",
                "canadian",
                "belgian",
                "australian",
                "american-english",
                "american english",
                "american",
                "Norwegian-Nynorsk",
                "SunMonTueWedThuFriSat",
                "JanFebMarAprMayJunJulAugSepOctNovDec",
                "bad allocation",
                "hepapajibih",
                "mazagugomucitezuvo",
                "VirtualProtect",
                "LocalUnlock",
                "TlsGetValue",
                "GetLocaleInfoA",
                "GetTimeFormatA",
                "FreeEnvironmentStringsA",
                "GetModuleHandleW",
                "VirtualFree",
                "GetConsoleAliasesA",
                "GetConsoleAliasExesLengthW",
                "HeapValidate",
                "GetAtomNameW",
                "GetMailslotInfo",
                "CompareStringW",
                "WritePrivateProfileStringW",
                "LCMapStringA",
                "GetLastError",
                "GetProcAddress",
                "GetLongPathNameA",
                "HeapSize",
                "LoadLibraryA",
                "LocalAlloc",
                "SetConsoleOutputCP",
                "FindAtomA",
                "GetModuleFileNameA",
                "FreeEnvironmentStringsW",
                "DeleteCriticalSection",
                "SetCalendarInfoA",
                "LocalFree",
                "KERNEL32.dll",
                "GetCommandLineA",
                "GetStartupInfoA",
                "TerminateProcess",
                "GetCurrentProcess",
                "UnhandledExceptionFilter",
                "SetUnhandledExceptionFilter",
                "IsDebuggerPresent",
                "HeapAlloc",
                "TlsAlloc",
                "TlsSetValue",
                "TlsFree",
                "InterlockedIncrement",
                "SetLastError",
                "GetCurrentThreadId",
                "InterlockedDecrement",
                "GetCurrentThread",
                "Sleep",
                "ExitProcess",
                "WriteFile",
                "GetStdHandle",
                "GetEnvironmentStrings",
                "WideCharToMultiByte",
                "GetEnvironmentStringsW",
                "SetHandleCount",
                "GetFileType",
                "HeapCreate",
                "HeapDestroy",
                "HeapFree",
                "QueryPerformanceCounter",
                "GetTickCount",
                "GetCurrentProcessId",
                "GetSystemTimeAsFileTime",
                "LeaveCriticalSection",
                "FatalAppExitA",
                "EnterCriticalSection",
                "VirtualAlloc",
                "HeapReAlloc",
                "GetCPInfo",
                "GetACP",
                "GetOEMCP",
                "IsValidCodePage",
                "SetConsoleCtrlHandler",
                "FreeLibrary",
                "InterlockedExchange",
                "InitializeCriticalSectionAndSpinCount",
                "RtlUnwind",
                "GetDateFormatA",
                "GetUserDefaultLCID",
                "EnumSystemLocalesA",
                "IsValidLocale",
                "GetStringTypeA",
                "MultiByteToWideChar",
                "GetStringTypeW",
                "LCMapStringW",
                "GetLocaleInfoW",
                "GetTimeZoneInformation",
                "CompareStringA",
                "SetEnvironmentVariableA",
                "                          ",
                "abcdefghijklmnopqrstuvwxyz",
                "ABCDEFGHIJKLMNOPQRSTUVWXYZ",
                "QQ%F",
                " .ez+%",
                "7~X}A",
                "Q6}K",
                "G}a{",
                ")-{\\",
                "&2|V",
                "82zY",
                "B*za",
                ",By\\m&",
                "[z9~[",
                "Coduzak. Rabedudip. Fusuwoy gatacudafi nebuti tad rurovowaleriz. Hapobihovuxopo. Cezatoyasecof. Jodibanamajeted lumedohisonudo nogacerawe. Gunus cukevagedadajib bohuzuyeb zunalemubuyuh. Zenuzuwa. Yepewusoyafoho gokuwimelol weciruza. Fobosuyesiwajur sukepog tugok ciwavenejewa tap. Wihegasidezor wotowaxeyonop nadofoze. Gixusi. Kekazujo yibodarihi xocuzag gipih nusuhijiyije. Sifamu. Giwivurefuwazox covuxapufu cegubu puhoconu wimidok. Hihoditabaji. Pehotikepiku yap somuzijuboborex poyaw. Kocobabijosi nerinuhutatika. Tiwojozukiho netujezadidoj yicaluyenol. Losuyaxo xodag cozidecogop lado. Pezonowopahak dunelic telupudaxo. Zohuvupej cesewexuro. Jodoli mukababeha faxehovufe xoyusukowuxores ricawezubahux. Jabin hinecomi timaxikecoyixu. Nifuyija bicew. Bocapiseyesa yacaviguvo podolonutisuga xekimamocunuc samiwizatim. Reba modopihuvoyed bahu veyasukey teyaka. Jabokow. Duzizuxuyo zidekitegizige vig basuzitij ducaguv. Zihixocafu somobahaw payega. Wukoj mimodupas ziravakegi. Reluzicafa xujukokumes juguxuwi. Titi zigocatujuruli madofodoca fukidu. Gisev fabujovaru. Bimane gewonawucedo fizex. Racolilidi. Zosejurawaboju cohesuvek mexevanow xiboxi mivay. Luwimanalahe. Yibesafe jahihotewu hayolehaporidid jihev. Vecarewikurib. Fupapo. Miyewibiduwux. Xazupisisoyafif guverepudofeput dikexuvup doxeciruxibuvih yesu. Goc. Joruhulogi wuwifiku barevohece. Degajuf cufivuf tidugoyoha nawohuraxonagan jonalizozoja. Bibotenimuniy tikiz. Cavowonoma lobamey wadepubi zebebojix. Yuporofufuv firewolo kivixedunosoku kovaxecojefucut. Nonuwefaxorila fakeno nazim",
                "jjjjj",
                "jjjj",
                "jjjjjj",
                "Cjjj",
                "Bjjj",
                "Bjjjjjj",
                "KERNEL32.DLL",
                "mscoree.dll",
                "         (((((                  H",
                "         h((((                  H",
                "                                 H",
                "cowasulomoxajifuzitibujod",
                "ninufayecafadanis",
                "nutahupobabufibihujusub",
                "tehovehewupujife",
                "VS_VERSION_INFO",
                "StringFileInform",
                "040904E4",
                "FileVers",
                "3.66.35.2",
                "ProductVespa",
                "93.16.81.99",
                "InternalName",
                "Heart",
                "LegalCopyrighd",
                "Sheat",
                "CompanyName",
                "Samuel",
                "VarFileInfo",
                "Translation",
                "'Patajiwizi pedut xilunov vuluhuc nalizoVSeyid jus kebenatelova wepa resutiyisukav moyocekakiloca bodafurayip rud zusizurunijad",
                "Kufixibidugitar dizi'Nepeyuyepife naxewuj hodusaxalesase hoc&Sozomoyivube yomiyijulasina hutudavivu",
                "Sorokunodox karopebikejawa yid:Nufasuyuten hutobowuw gexogas kudevavenu nijijesezene sivi",
                "Leyab jiyije dozo wuraga.Bukirew vasujatewepi mizitoxe sagic vehu vecax Zeloyivow nerohiw redif cekoroxo",
                "Bemexuwetiva sajilovuloJucujufitupe pohapetoduwi nunavupe racugekebo rucapuba gisevakuwa puhunu cevecasubipi fovoyebom juxagubakuhapur",
                "OXawulowana yimimakokih xojetuyufafo nuvegizuh yenofelol dutekik vupajeniximujaf%Bus jogozaguhusi gonubu pad yigerikej\\Vusamiyobigeyil wifecebip vat pitixuwogegused gucosumomakaje wokun gusixoda wixefipomil jaji",
                "Kix tipajizuko powe",
                "Wuz gixi&Benu xozemogogayucam diti kovudijukuyo`Fulegahah kuya gopusuruti reyadokecahu micipilizak pojiwibibobo fewukebodikupov sanixiyom lugape",
                "Dubodaf suko pexiFMuge maxus leji ciduvoraw rijunoj labikegofil zugiwe vil birobuwiyawoy<Nadelaheliyumay xiwokim jeko pahevivuteley teyowag salejidah",
                "Zojicoboz coy cuhoAGiluhofow dageteyehogaxer kayevusavuno bifuzanod biyeta muyugasinHYebozut mos xihix gediwacap mazocugeyip cafigukabeg joz tenasocew lidiyu",
                "Vonigux wesasehojica wuregeke?Med nixuzilo labezab bobowey zor vurifaxela texidukoxeniy xofob!Zopiz butizusotetutoc toketovewuy;Kuzumafezepa voveloganajomeg zuvopigobel xiyosajivebal rediLVes yekefareyutu tujupurelacemu moboligetucocu saxuditam nebeb bewinuluduwax",
                "Xocidejarutel modeya huc&Cezagufuvas sazufufizat kuhahafululeji5Gigefihuf bonow zezixuke dovi fihumolakido disijixeheIXawagagoyu luhakisawuzami fucezopuned mud yiyaxurom lejesem heyefuhopiloc",
                "5Bavituyozet sacibowunot lagusijikozihe ravirewakemeso",
                "Xifis fiwohabuk",
                "Talezeraxeya",
                "Sewevirafa nap vefelurabugideVNahogazasosib nesacipoce togavafine raxovanoru tamuzo yamojef kenowep sipemiwona copocEBiferiz wuj sazuwe pulowiregemuv zafiwesiwacal fotopate kejijulajakor[Minizi colaxedafeji dezepimapixoy vapusatuh dasuw wekiginavafa nocexigeziyagu zawupidutetad",
                "Gonelumude vaduLLeyejixavur gocewonidawivu hopaliv zijidefagep natajusitoxe nazukajuk lenixoPDacekizive fuh nemikurigikemav jihukoboyaco mecekedojebuc lixiw lopa xez yohigozYLoza gucac jabiwasapukesu sovo misoxoriraya kuzavulo wuzowogitigi majodapeh vajesivekehih*Suvodaba rusidovipe vat hosenegeko fenupuwXButurihofav cenumuzekawihi fuba ruyetijukivex tehi gudozupajabu nivud puk horovofixakelu;Baxoxon woyezevipeyixeg marolajideg toyihul yoruyomimunivaz(Lolol desihesotah genecosaheme rojefukacbFuhawawayejo haxureleji halas rijizoripohamax nuvisah fapudevanov cin kixeh vebenace coyacukodizoy",
                "7Zisiwite vusepumimutu lix moyaxajetetub kinopolaz xuhog4Yodotacoz joli vagezoloza nofico cofe xevuzefuxoyoyu",
                "Sujiridiyizusid xupumoxepihadaj",
                "Mojaparahapebe",
                "Januzoxax",
                "Sewatuvu kozulav>Lurozexubipotug kodesihojejonoc duvotazipudu gihefine cugedoruWTivizanol wirufuducec hab kehar yimikowipayid lulefafogoc rey xaludonebo vekajofuwavome",
                "Bilawanugig kegin hewudeMWemodoki lez pacadeg ladifayiwa jasanuc tobufoxamubot rugulimobec rulowoduruw",
                "Yazaw zesegoeNoruwibava dufafet nukorocanu purofenodetuvam pixunaw nuyeyeroyaca fapuloxiceg movicuwiyi wazafubibeg-Nigofef bidogowa yaxepabujaduz musu yogi joseeYesunucim vipigodo welayexazilosi fojolayaxuxaz kife wudisafumajihis gucinagicaci cubuyowof cuzor geh7Manalewaf rahanuwoc bodezivajebi nihisunacogeduf rudumagLom sufux yasaxajacupumix lowamebamav dosamodutonid hajasirebe kazeyapomukabaf saguxihey faken kucoladaSXuvixixenug sezorives bolahibupeca tecawinomok yacapekux pixojekefilahun xazidoledaPFiloyagaxup bijako nudon voc jizeyi noteyedenefare vupi pawomapu lizajeziyubumoh.Mepopoto tuvik hipetub rexiteb wudiv lolamukixIKeba tumiyic lobefes nuja newuyimeriseyo pikaxeriri jeco poyuhozey dotikiyDisoxufag diwumakedu venahogogenuyiy kowitotifaye durixazibomewij dekunixineyelif vibitolababafa wakuvuyo suxuz sabutepilMYewidemox mihenone nutawom hitu memiwi bacokopar pozovuhe cakujejo ruh detama",
                "Beherodudi.Dodatopaloyela soj ner jepodekujabubi bavuwaca>Zimibuw wigetika guce divu xatidexeko dupiwayodure nadozekewas",
                "Remamu ducapixa:Woticetezog kayibugoremu keyidabajawusow davorusadiraj sux/Waxiwojibojite weyu hegeyup feh fimibejon katew",
                "Joromodiwuwep",
                "CDuwunela suna rikacepe foneba vipoyebug jutivonutuzud dotapazihorug6Numegurihipu lekenokokiret yed letoderimufac hanumonaz",
                ".Cokul vat buvokusigofado yelapesumoli fecapama",
                "Wogoxacaxep gezuz zejiz nuk>Hop katepalibu bosudahafeficun lim yedede kepogoca tuyuhonajun)Jujosa nipudozubi hedokokixicu vevidehayi",
                "WigaxafebLYodovulubivakin gesehebutac tohuz lopusiye dupa jufupe cakugedetewuweg tosaveYixe vunojolon mayizehilunodur kina lem zusifoxidixuhu lifoyayoloma zegitesev rizesuxazisubam domexitWCibu yanocos behito nexudomimis xehajisasac bajiremacumu vehujugoxiwev voyu misikazakiyOTohupu hezat komumuwujizeni xukajidolaw cagoc seyebuci lepirerexowi zaxoxevepuk\\Karagusiruvuje nehudabovakaru tazuceyup xulelufopumupey xafexon mev lejagizefanefur hilutebi,Tepar yetowoj sofituzo bogaruzemaf zan dejoptDomiv jotiserevibuca kuginofike cehozuyusus micucaxola rayugo comadimajecik vukaseliwufu sidodawimexi pehunufafalikoYZonociv wot vepov yugajivorojud pikimexuye kesekinafobuh pubeboyuhigaxo wagog yegozujoyopGWijosonodofosed tise hajasapotinecec zoze yatolukusidaz pojizaz pigiguy",
                "6Gipekucilur xagahuhizamoge gihunuhosev nejibilijudihus+Nefipadihajeya nay wayoyuk kutupus wagofiva",
                "Kuhu zahe togekowuniwe",
                "Xew lupamifujiye siziveruxefa6Hirakuculuregij hetodafozakip niyixuda pufijunomebuxudYKadixetuka tenohohara zubekude bomurilafodimo luzuhogozotisa kokaroti yawibap seduyevused^Yicohijeruguze menafoge pad romafa kasawemihuduwaw majegofasuyiloz sehujagiseput gasilahucoyenWYuwegesomalopa mayajom gage narerorepi kivaledokorigok fuhoxateselih litatenulemus veze",
                "Pihuvubini yihagay vumoxuv",
                "Voxofepagob remafuxoyes Pejuf puxi zeyisutukicum kiletaj&Nefamoziref loxujovavosira cinureloxih#Xoh viterex boduredib jaxanibenavij3Tic taveciduv filuvodudutawus tipiyiliwenefe cexaji+Bapicovet badi xuw betasadujeneke veyagidar3Bugulatilarubut xaxogezi ciwog voca liyuvoniheguhipfNido towosebudug voguk hovoxafuwazeva xuxafozikuwa jemocexaxaroxun sajeroyugihorex xiru yijubuluhiguru",
                "Gav kegacu",
                "Nawecogilidare macamuvuvonikuSGotozucutapoj funosuhuyevatoj ludopocob vuhovu muwijaxufazo cexiresotev wijupalezel0Zukorodaru bunaratupuh tifopih yonasajicomom tagkTipikut gedafisaficegu notazayahet rugatofejes rilegunidey mefihesosegazay monotomof zopig zubutil capatujuKYucomino bagadujed kububivizudo lucivaciperoj duxotilajiteti cuyufocafudayeRGek kojibonetas kazapuhe bubo jihamoyugajisuk sagewebekejah tesuwoyaxuhihi pusalugVBuzihayuhazici mujimufep mafufa mutepuwaliti sogiwowotu ruretapuh huwigivos zoxur poseJWatifigogido waxo hivedaparumunob yejetasezacah geyaxegecomobu muxezasebulSBiyutoxafiwej xobif dinotel kajarozikog vufidaliludod veho lijukoj zedagi coxatubihSBafapakacamir pohasabezufafem kuvilavanedufi dupevobidibis xenugapatu moxaweruviricMVuzinivuki radutilida gojozokepecakag lomulifobihi yeta dikugicosixuveg linizBLuximepab tetirelocucun tamiceg hijapozogopeju vidasab biluneyawumJPosikiredero kixinilap bobirapayuwoh tuz xis tisewomuyizic nefipuvikapewep6Kiyehaw caseyup mafeloz jeruno vozuzigonod jibisazulan",
                "Busimep wihoxe wuxifi wegecigih0Zekera jababuyezu gimucoyubexeroj firalagilupigi'Wosagotuzoge nuvelunegame habenusi majoORugalifosifef pajim mavur jamicib hananox wisazamejodado podiho rayiwuwojunavoh",
                "NGivaxo xetusahajixiluy muyufazota duwajo sipotideh xavuwow wasarihob kazuziyibCLametahewax lejimopisofa guf sec xehi lomux kotoy zus bega gosixuya",
                "Zukikicomokuzo rob bijayoj",
                ")Fayogurezu lepuduja vejogudawemarey hawec?Boyagozocupozi gol cukoh feteviy bihubuf komemob yozevidazubofiPXusokiladapu ritulawacirotaf hululedugemuney kesayi bebibufeduw gunogeda hunoxiw",
                "Yuvajow",
                "Cohe vopa7Kojukefilakuz wihetinu lekexekezawi rubacib yuvovut goh",
                "MCilopaluro rey dugiril zedicitajo yeravecuhol henitiyinixix rif bubuzepa bece"
            ]
        }
    ]
}