{
    "malware_data": [
        {
            "filename": "71551d0ed6f6767b76f9e4c9973bbc8b39c346f7a74faef65606f109ad6db633.elf",
            "filetype": "7F454C46",
            "filesize": "25KB",
            "hash_sha256": "71551d0ed6f6767b76f9e4c9973bbc8b39c346f7a74faef65606f109ad6db633",
            "strings": [
                "UPX!",
                "6\\wn",
                ">!Nu",
                ")E93",
                "3M>O",
                "+Hn//",
                "ri^n",
                "oFxi",
                "Z&&/ep",
                "64j9",
                "m)=$eYmnJ",
                "maE!",
                "M3jk",
                "~gB'",
                "|sa}",
                "AXk@D",
                "K?`*D=r",
                "d]&S",
                "i:5!",
                "|c7'",
                "OEdy",
                "j$+9",
                "^2.bp",
                "/(j<2u:!",
                "`D`T",
                "n-=N",
                "7~]s",
                "O_iCy",
                "paL:",
                "k4h9",
                "V:i'7v",
                "9*ZF",
                "*N$B",
                "wid-",
                "y\" \"IJ=",
                "5dNLPT",
                "yX#.",
                "?bPL",
                "9?}C",
                "[B3fXZ",
                "$?N\"",
                "_i@%",
                "BmR?",
                ";zt ",
                "yQl*w",
                "-jJ\\",
                "Bu>0",
                "_eVfI",
                ")=n)",
                "}<oj",
                "zB3.",
                "IrX's",
                "p?7guF",
                "m!$e",
                "hn{(l",
                ")6\\h",
                "o/ 4",
                "|`+w",
                "b]|>Cmp",
                "nB ![",
                "n<YR",
                "?ks-i",
                "f]Or",
                "Rv[jJ",
                "^v*c",
                "3KUO",
                "h =*_",
                "o2}z",
                ":fgI",
                ">GLf2 X",
                "F%:G0",
                "c\">,",
                "o&#A",
                "$tbc",
                "aZ~a",
                "OB`!C",
                "}Kgl",
                "UNP.u",
                "#z~s",
                "HEM;",
                "=-18,",
                "4-B4",
                "]qT ",
                "35Ir",
                ".1p6D*",
                "sN_l",
                "JW5G",
                "|i<Eud",
                "Lf\\+",
                ";NLi",
                "U3)>",
                "Utz5:&",
                "2)-V",
                ",N<y",
                "?0T@",
                "+0B\"",
                "`]'~e.()q",
                "$j(Zq",
                "|75&P",
                "r?'B",
                ":\"(UK",
                "Z1V]4",
                "nhPDPZ)-",
                "-%XZ",
                "%ixrI,",
                "NGR`Q",
                "RMdT",
                "ui\"X",
                "8FxR",
                "`'A}",
                "u0zqR(",
                "SK3h",
                "#X{a",
                "]{}c%q",
                "CVH~",
                "rI/NH4",
                "4^Du<",
                "Gf=+",
                "+g,!",
                "lLa:",
                "NeVDF",
                "JR%lyI",
                "0vGC",
                "ei;n?n ,/",
                "l?{ws",
                "i`RI",
                "02Y~",
                "6w\\n",
                "WhL{",
                "67M[",
                "R;o{",
                "dIPRb",
                "u[`!",
                "I+k5wp",
                "\"\"=@",
                "T-$_%i$v",
                "Ym7(:",
                "\",(=)k.",
                "Z9^|c",
                "+0wK",
                "An14",
                "kxRr",
                "z`3T",
                "0F>M",
                "E23V",
                "lJ9X|l*",
                "/TWj",
                "9CU:",
                "aA#BY",
                "5TUY(h",
                "LrqH",
                "Ow<]6",
                "ay7t~",
                "`Z8m",
                "Q\\5z",
                "@ .#",
                "yF7ruK-",
                "JSj`D,",
                "GX9,",
                "?G9<C",
                "A&]4",
                "*] $+P",
                "-m!,",
                "v[=O",
                "&dw2",
                ".-sBt",
                "u{XJ",
                "@|fj",
                "zeE-",
                "sa_c]X",
                " CqFF",
                "6\\l&so",
                "D/?qR",
                "u4\\>\\",
                "'o%.",
                "|||_",
                "5&`+",
                "5e34",
                "Dw'B",
                "{4p%",
                "_p |`",
                "(x[B",
                "fK1t",
                "bv|?",
                "m)p;@",
                "r6H7@",
                "x3}r",
                "BRlQ",
                "Xq0U",
                "'>kO",
                "tSk^",
                "J]61~",
                "\"Gk>",
                "+H15DR",
                "Z-$V'",
                "AN\"_Rv",
                ".|yc",
                "t=f}",
                "2;u_",
                "={ik",
                "g>3B",
                "C:ln",
                "yUhD",
                "H\\`5",
                "\";&I",
                "^P;s",
                "TInL",
                "`cXY?",
                "H-;2",
                "tUV4",
                "`L\\ ",
                "LIKk",
                "+;!Pw",
                "f}dI",
                "TiB|b",
                "uZ>9",
                "8\\>b1",
                "]p-Y_",
                "+C1=",
                "],%{",
                "myi.",
                "nVHa",
                "Vr'3@",
                "2*[j",
                "z#m=",
                "VZCV",
                "'Woh",
                "{]I3",
                "=vm;",
                "'aPg",
                ";alsF5",
                "un`|",
                "rVuf",
                "Z#NKz",
                "`lTq",
                "*Uc}P",
                "R}#$",
                "0%v9UH",
                "UH'A.f",
                "3V#H",
                ",^M)",
                "Pb )",
                "PROT_EXEC|PROT_WRITE failed.",
                "$Info: This file is packed with the UPX executable packer http://upx.sf.net $",
                "$Id: UPX 3.94 Copyright (C) 1996-2017 the UPX Team. All Rights Reserved. $",
                "5n9#",
                "]=2)",
                "%b')",
                "U+V!]",
                "/S|1",
                "[*v!q6L",
                "|[%'",
                "Jv?R",
                "TB$gsp8",
                "[>2g",
                "u`QMf",
                "kA;C].",
                "]a$<",
                ":C2~z",
                "?Usd",
                "K+~(",
                "961K"
            ]
        }
    ]
}