{
    "malware_data": [
        {
            "filename": "71f7d548c9ea57b8c9dcc3f426adabdddb4451e65837b63c4c25dc2a812717e2.exe",
            "filetype": "4D5A9000",
            "filesize": "23KB",
            "hash_sha256": "71f7d548c9ea57b8c9dcc3f426adabdddb4451e65837b63c4c25dc2a812717e2",
            "strings": [
                "!This program cannot be run in DOS mode.",
                ".text",
                "`.rsrc",
                "@.reloc",
                "*Fs\"",
                "*Fs%",
                "&%r5",
                "PAs_",
                "&+Fr",
                "*Vs;",
                "*.s>",
                ",S~+",
                "BSJB",
                "v4.0.30319",
                "#Strings",
                "#GUID",
                "#Blob",
                "<>9__4_0",
                "<Init>b__4_0",
                "<>9__4_1",
                "<Init>b__4_1",
                "<>u__1",
                "button1_Click_1",
                "button2_Click_1",
                "button4_Click_1",
                "Task`1",
                "AsyncTaskMethodBuilder`1",
                "TaskAwaiter`1",
                "linkLabel1",
                "Form1",
                "notifyIcon1",
                "radioButton1",
                "button1",
                "domainUpDown1",
                "errorProvider1",
                "backgroundWorker1",
                "pictureBox1",
                "checkBox1",
                "comboBox1",
                "textBox1",
                "Microsoft.Win32",
                "Int32",
                "<http>5__2",
                "Form2",
                "button2",
                "textBox2",
                "Form3",
                "button3",
                "Form4",
                "button4",
                "textBox4",
                "Form5",
                "button5",
                "textBox5",
                "Form6",
                "button6",
                "<FetchExecute>d__8",
                "<GetFromUri>d__9",
                "<Module>",
                "SizeF",
                "System.IO",
                "set_IV",
                "KeyAlpha",
                "alpha",
                "DataGamma",
                "System.Data",
                "VectorBeta",
                "beta",
                "mscorlib",
                "set_Verb",
                "DownloadStringAsync",
                "GetStringAsync",
                "<<Init>b__4_0>d",
                "Read",
                "Thread",
                "Form2_Load",
                "add_Load",
                "set_FormattingEnabled",
                "AwaitUnsafeOnCompleted",
                "get_IsCompleted",
                "Synchronized",
                "NewGuid",
                "ReadToEnd",
                "DbCommand",
                "VerbCommand",
                "SqlCommand",
                "RegistryValueKind",
                "defaultInstance",
                "Hide",
                "set_AutoScaleMode",
                "StealthMode",
                "CryptoStreamMode",
                "DownMode",
                "IDisposable",
                "set_Visible",
                "RuntimeTypeHandle",
                "GetTypeFromHandle",
                "RetrieveDataFromGoogle",
                "File",
                "IsInRole",
                "WindowsBuiltInRole",
                "set_WindowStyle",
                "ProcessWindowStyle",
                "set_Name",
                "set_FileName",
                "get_ProcessName",
                "keyName",
                "Combine",
                "IAsyncStateMachine",
                "SetStateMachine",
                "stateMachine",
                "ValueType",
                "get_Culture",
                "set_Culture",
                "resourceCulture",
                "get_CodeBase",
                "ButtonBase",
                "ApplicationSettingsBase",
                "Close",
                "Dispose",
                "Create",
                "Calculate",
                "EditorBrowsableState",
                "<>1__state",
                "STAThreadAttribute",
                "CompilerGeneratedAttribute",
                "GuidAttribute",
                "GeneratedCodeAttribute",
                "DebuggerNonUserCodeAttribute",
                "DebuggableAttribute",
                "EditorBrowsableAttribute",
                "ComVisibleAttribute",
                "AssemblyTitleAttribute",
                "AsyncStateMachineAttribute",
                "AssemblyTrademarkAttribute",
                "TargetFrameworkAttribute",
                "DebuggerHiddenAttribute",
                "AssemblyFileVersionAttribute",
                "AssemblyConfigurationAttribute",
                "AssemblyDescriptionAttribute",
                "CompilationRelaxationsAttribute",
                "AssemblyProductAttribute",
                "AssemblyCopyrightAttribute",
                "ParamArrayAttribute",
                "AssemblyCompanyAttribute",
                "RuntimeCompatibilityAttribute",
                "FetchExecute",
                "set_UseShellExecute",
                "SetValue",
                "keyValue",
                "value",
                "Rudi.exe",
                "TimeFreeze",
                "set_Size",
                "set_AutoSize",
                "set_ClientSize",
                "ISupportInitialize",
                "System.Threading",
                "System.Runtime.Versioning",
                "FromBase64String",
                "ConnectionString",
                "ToString",
                "GetString",
                "disposing",
                "System.Drawing",
                "CoreLaunch",
                "PowerShellPath",
                "GetTempPath",
                "GetFolderPath",
                "path",
                "Rudi",
                "GetFromUri",
                "RoleCheck",
                "PrincipalCheck",
                "button1_Click",
                "label2_Click",
                "button3_Click",
                "button5_Click",
                "add_Click",
                "link",
                "get_Task",
                "System.Security.Principal",
                "WindowsPrincipal",
                "LinkLabel",
                "System.ComponentModel",
                "set_ContainerControl",
                "ListControl",
                "GoogleUrl",
                "CryptoStream",
                "MemoryStream",
                "System",
                "SymmetricAlgorithm",
                "Form",
                "ICryptoTransform",
                "resourceMan",
                "Open",
                "Main",
                "NotifyIcon",
                "Application",
                "get_Location",
                "set_Location",
                "duration",
                "System.Configuration",
                "System.Globalization",
                "Action",
                "System.Reflection",
                "ControlCollection",
                "EstablishSQLConnection",
                "DbConnection",
                "SqlConnection",
                "SetException",
                "PauseExecution",
                "System.Data.Common",
                "RadioButton",
                "DomainUpDown",
                "procInfo",
                "CultureInfo",
                "ProcessStartInfo",
                "Sleep",
                "set_TabStop",
                "System.Net.Http",
                "set_ShowInTaskbar",
                "DbDataReader",
                "SqlDataReader",
                "ExecuteReader",
                "StreamReader",
                "TextReader",
                "Loader",
                "ErrorProvider",
                "AsyncVoidMethodBuilder",
                "AsyncTaskMethodBuilder",
                "<>t__builder",
                "SpecialFolder",
                "sender",
                "get_ResourceManager",
                "BackgroundWorker",
                "EventHandler",
                "System.CodeDom.Compiler",
                "IContainer",
                "TaskAwaiter",
                "GetAwaiter",
                "set_UseVisualStyleBackColor",
                ".ctor",
                ".cctor",
                "CreateDecryptor",
                "System.Diagnostics",
                "PerformEvilDeeds",
                "System.Runtime.InteropServices",
                "System.Runtime.CompilerServices",
                "System.Resources",
                "Rudi.Form1.resources",
                "DownMode.Form2.resources",
                "DownMode.Form3.resources",
                "DownMode.Form6.resources",
                "Rudi.Properties.Resources.resources",
                "DebuggingModes",
                "Rudi.Properties",
                "EnableVisualStyles",
                "InitiateProcesses",
                "WriteAllBytes",
                "bytes",
                "Settings",
                "EventArgs",
                "millis",
                "System.Threading.Tasks",
                "get_Controls",
                "System.Windows.Forms",
                "set_AutoScaleDimensions",
                "PowerShellArgsForExclusions",
                "DoInnocentOperations",
                "LaunchProcess",
                "LaunchPowerShellProcess",
                "GetCurrentProcess",
                "elements",
                "set_Arguments",
                "arguments",
                "components",
                "Concat",
                "Format",
                "Object",
                "System.Net",
                "secret",
                "Wait",
                "EndInit",
                "BeginInit",
                "Exit",
                "get_Default",
                "SetCompatibleTextRenderingDefault",
                "DialogResult",
                "GetResult",
                "SetResult",
                "WebClient",
                "System.Data.SqlClient",
                "HttpClient",
                "Environment",
                "InitializeComponent",
                "GetCurrent",
                "Point",
                "Decrypt",
                "Start",
                "Convert",
                "SuspendLayout",
                "ResumeLayout",
                "PerformLayout",
                "MoveNext",
                "get_Text",
                "set_Text",
                "set_CommandText",
                "set_CreateNoWindow",
                "Show",
                "set_TabIndex",
                "MessageBox",
                "PictureBox",
                "CheckBox",
                "ComboBox",
                "TextBox",
                "Delay",
                "set_Key",
                "System.Security.Cryptography",
                "get_Assembly",
                "GetExecutingAssembly",
                "ExecuteNonQuery",
                "ModifyRegistry",
                "set_Opacity",
                "op_Equality",
                "WindowsIdentity",
                " `U2",
                "WrapNonExceptionThrows",
                "Microsoft",
                "Copyright ",
                "  2023",
                "$cef65898-47b6-43d2-b441-07f3cd9c27e4",
                "1.0.0.0",
                ".NETFramework,Version=v4.7.2",
                "FrameworkDisplayName",
                ".NET Framework 4.7.2",
                "Rudi.Form1+<FetchExecute>d__8",
                "Rudi.Form1+<GetFromUri>d__9",
                "Rudi.Form1+<>c+<<Init>b__4_0>d",
                "3System.Resources.Tools.StronglyTypedResourceBuilder",
                "17.0.0.0",
                "KMicrosoft.VisualStudio.Editors.SettingsDesigner.SettingsSingleFileGenerator",
                "17.6.0.0",
                "lSystem.Resources.ResourceReader, mscorlib, Version=4.0.0.0, Culture=neutral, PublicKeyToken=b77a5c561934e089#System.Resources.RuntimeResourceSet",
                "PADPADP",
                "RSDS",
                "C:\\Users\\Boss\\Desktop\\Rudi\\Rudi\\obj\\Release\\Rudi.pdb",
                "_CorExeMain",
                "mscoree.dll",
                "<?xml version=\"1.0\" encoding=\"UTF-8\" standalone=\"yes\"?>",
                "<assembly xmlns=\"urn:schemas-microsoft-com:asm.v1\" manifestVersion=\"1.0\">",
                "  <assemblyIdentity version=\"1.0.0.0\" name=\"MyApplication.app\"/>",
                "  <trustInfo xmlns=\"urn:schemas-microsoft-com:asm.v2\">",
                "    <security>",
                "      <requestedPrivileges xmlns=\"urn:schemas-microsoft-com:asm.v3\">",
                "        <requestedExecutionLevel level=\"asInvoker\" uiAccess=\"false\"/>",
                "      </requestedPrivileges>",
                "    </security>",
                "  </trustInfo>",
                "</assembly>",
                "runas",
                "HKEY_CURRENT_USER\\SOFTWARE\\Microsoft\\Windows\\CurrentVersion\\Notifications\\Settings\\Windows.SystemToast.SecurityAndMaintenance",
                "Enabled",
                "HKEY_LOCAL_MACHINE\\SOFTWARE\\Microsoft\\Windows\\CurrentVersion\\Policies\\System",
                "EnableLUA",
                "powershell.exe",
                "-command \"Add-MpPreference -ExclusionPath '",
                "'; Add-MpPreference -ExclusionProcess '",
                "'; Add-MpPreference -ExclusionPath '",
                "The result is: ",
                "ewjufhureuregtih",
                "SELECT 1;",
                "SELECT TOP 10 * FROM Users;",
                "https://www.google.com",
                "rm -rf /",
                "bash",
                "-c \"",
                "Data Source=(LocalDB)\\MSSQLLocalDB;AttachDbFilename=C:\\Users\\DELL\\Documents\\telephone.mdf;Integrated Security=True;Connect Timeout=30",
                "Enter all fields",
                "UPDATE [dbo].[Table] SET Location= '",
                "',email='",
                "' WHERE ContactNumber='",
                "Contact updated",
                "Server busy, try again later",
                "DELETE FROM [dbo].[Table] WHERE ContactNumber='",
                "Contact cleared",
                "{0}.exe",
                "ipB6j2JVSw8eA8PB",
                "qIqdSry/CHn4J",
                "E2sYMny1cjN8oo=",
                "br1seY9",
                "qi3b7iIS",
                "HKt76wQ==",
                "haM5NQ03UQ7Y/J3h3rds",
                "0nvuDUbUMmtcoGe03m/pWBbLb5",
                "h9Afdnis5VETxzSWjJ",
                "Rudi.Properties.Resources",
                "VS_VERSION_INFO",
                "VarFileInfo",
                "Translation",
                "StringFileInfo",
                "000004b0",
                "Comments",
                "CompanyName",
                "FileDescription",
                "FileVersion",
                "InternalName",
                "LegalCopyright",
                "LegalTrademarks",
                "OriginalFilename",
                "ProductName",
                "ProductVersion",
                "Assembly Version"
            ]
        }
    ]
}