{
    "malware_data": [
        {
            "filename": "69cfc80ea4c35a6d9ee9518a1424c13ca252a3f1b1ee1f652d766bc9bcaa307f.elf",
            "filetype": "7F454C46",
            "filesize": "30KB",
            "hash_sha256": "69cfc80ea4c35a6d9ee9518a1424c13ca252a3f1b1ee1f652d766bc9bcaa307f",
            "strings": [
                "HFu8sfga",
                "M (40",
                "8M@H4P",
                "XM`h5p",
                "s{+[[",
                "p7^/Q",
                "$oW!$",
                "Rkm@",
                "@K/)rOy",
                "[q*W",
                "iS1:",
                "$<W@",
                "W8,`Wb",
                "<7zkp",
                "KKS7",
                "qovkN",
                "&7d#",
                "{Ch7.",
                "<Til",
                "pvix",
                "|le|",
                "!hw!",
                "3[8 ",
                "@7@4",
                "swrB#",
                "` 0m",
                "X_0,",
                "3+_@",
                "kS5o",
                "3(0f7",
                "SO2o",
                "O+8ox",
                "KkSO",
                "K5tp",
                "\\sKC",
                "8@e#",
                "hCnaK",
                "lT5J",
                "e_0U",
                "<S5g",
                "P\"@G^",
                "_zSt",
                "2P.{",
                "WGp~3",
                "b~M+",
                "=K8O>",
                "IoF5",
                "`S8 ",
                "o0;#a",
                "0[C[",
                "9.Gk",
                "/C/\"A",
                ";o/77D",
                "1]g+6",
                "'uO#",
                "H7]@",
                "Pu7@",
                "5#n0",
                "X76l",
                "I?s?",
                "4w#]",
                "=`7p}",
                "/c{k",
                " Pgt",
                "-0K}\"0B",
                "{<',",
                "'7h/&?n",
                "/k#C",
                "S<WX",
                "sr{X",
                "?K6G\"6",
                "KG!`",
                "ptkp",
                "lSXT",
                "vt [y",
                " QxOk",
                "(w!|",
                "`O7<",
                "2Skx",
                "#2[~<7@",
                "']k<\"",
                "/%kh",
                "8?.+",
                "jK9S",
                "kCm+",
                "C[m`",
                "!.w4C",
                "u+^=C",
                "0GQ?",
                "2ST#m",
                "G30F",
                "xw`/",
                "doDe",
                "p3t[",
                "DCG\"",
                "OK'\"",
                "%K!?",
                "LC7}",
                "m7VU",
                "/o[ ",
                " ,0}/^0?",
                "7j[=",
                "So/E",
                "GSPZ",
                " 'c`E",
                "c_st",
                "d,Yg",
                "ADBZ",
                "[Zk-SD",
                "?\"g[",
                "03Xs",
                "PGswq",
                "+*fXC",
                "Wh/(fK",
                "DxKY",
                " A;H",
                "{PlG",
                "@jg>GT",
                "E)'$*z",
                "QuKN",
                "jMif5g",
                "]Ws:",
                "XWiV",
                "TShR",
                "MPO4N",
                "=<i;",
                "9C@3",
                "/.i-",
                "&SW]$",
                "2s+s",
                "p304",
                "fO.#E",
                "pu,+",
                ":@@3",
                "|#_E",
                "Pu/@",
                "H[ (",
                "3}#pU",
                "H4N.",
                "[Hc8P",
                "t0[YS",
                "K(D7",
                "[ok1",
                "+a$#",
                "7CD0",
                " /bC",
                "[e<y",
                "O/@0",
                "X?m{n",
                "h0!u",
                "r# q",
                "'.Sd#",
                ")c@\\",
                "7N2s!",
                "P!s\"",
                "h Fc(pWn/",
                "#044",
                "G]X'",
                "Ds3;",
                "-KP#",
                "U:O5O",
                "$(.w",
                "/P?VW",
                "/-R[D!w[",
                "{1\"T",
                "!UKC",
                "[/3<",
                "`'{X",
                "A5cDnC",
                "4'WX",
                "|hSl`",
                "CK^XO",
                "g01o0d",
                "/w['",
                "/# R",
                "HXiX",
                "LDi\\",
                "0Kd'",
                "S+v1",
                "aK{1",
                "[0;d",
                "KM#0p",
                "#;r ",
                "ClUo[",
                "#;0G",
                "Qhw}7",
                "\\A G",
                " T^G",
                "DFsx",
                "c@u;",
                "## m7",
                "|C.4W",
                "P&g+O",
                "vc.,",
                "CQ@:?",
                "To;@",
                "czD3",
                " FP!",
                "/hv(j",
                "-CBW",
                "}_d3",
                "7-kMF:",
                "a;$Q&",
                "T2sf",
                "ttoT",
                "!;/3",
                ");G(6",
                "p3$:",
                "rg\"A",
                "U2Chw0",
                "SRO!",
                "'_@F",
                "{Xwu",
                "W8$k+1",
                "{m[BcWa",
                "0C v",
                "lK+TskO",
                "v3K@",
                "PHW\\",
                "*gPV",
                "`CL' ",
                "+k0?",
                "p7+W",
                "$+.o",
                "IAL{+",
                "h-kv",
                "DlK85",
                "g TCX",
                "grg&",
                "'TL[ &+",
                "qW=c",
                "H?|k",
                "[Q^W",
                "W[m,",
                "os,0",
                "l{0G",
                "QgOj",
                ";Em_",
                "Z7o\\",
                "<7{X",
                "tCX[",
                "M/TD2#.C",
                "a_h+;",
                "3{SK",
                "? 'C8",
                "{(p;^",
                " tW$",
                "gu0wo0",
                "-N'v",
                "hewo7r",
                "{w|s",
                "MWLUI",
                "WG?-;",
                "9s_S",
                "RKR$",
                "cpraV",
                "icmpech",
                "dpplain",
                "{oc/",
                "fd/0",
                "sfuf",
                "Zstbo",
                "5.157",
                "null}",
                "6MGAbI",
                "unknow",
                "n errG",
                " <at?",
                "4.002021",
                "/proc/self/exe",
                "/proc",
                "/self/ex",
                "0\\MSA",
                "lSrn",
                "CUPX!",
                "40CZ",
                "Wm?U",
                "! 9+",
                "Pdoc^",
                "`4n'",
                "4kScO",
                "hC`g",
                "w;@bQ",
                "4`\\s",
                "/4&'}",
                "<4'82/V",
                "GCC: (G",
                "NU) 3.",
                "2 200",
                "ian pre",
                "leas",
                "shstrt",
                "init",
                "tex\\f",
                "rodak",
                "}ARM.",
                "_frame",
                "3bss",
                "?_arm",
                "gosUM6,=com",
                "9ntP6",
                "W% ;",
                "0g'p",
                "O,'6O",
                "eOvs",
                "7e'vxO",
                "gKpa",
                "sfga"
            ]
        }
    ]
}