{
    "malware_data": [
        {
            "filename": "731919b308730b743aaac49f719a402faa76afcfb3d0d52412a1cd1b399b4fbb.dll",
            "filetype": "4D5A5000",
            "filesize": "42KB",
            "hash_sha256": "731919b308730b743aaac49f719a402faa76afcfb3d0d52412a1cd1b399b4fbb",
            "strings": [
                "This program must be run under Win32",
                "CODE",
                "`DATA",
                ".idata",
                ".edata",
                "P.reloc",
                "P.rsrc",
                "StringX",
                "TObject",
                "u:hD",
                "SVWUQ",
                "Z]_^[",
                "SVWU",
                "YZ]_^[",
                "]_^[",
                "w;;t$",
                "uW;{",
                "u:;{",
                "ZYYd",
                "YZ^[",
                "_^[YY]",
                "QSVW",
                "UhF\"@",
                "hM\"@",
                "_^[Y]",
                "$;L$",
                "$)D$",
                "YZXu",
                "r/f=",
                "w)f%",
                "~KxI[)",
                "2_^[",
                "@v:k",
                "@aQY",
                "E@|o",
                "BkU'9",
                "SOFTWARE\\Borland\\Delphi\\RTL",
                "FPUMaskValue",
                "PPRTj",
                "YYZX",
                "YZXtp",
                "VWUd",
                "SPRQ",
                "T$(j",
                "ZTUWVSPRTj",
                "d$,1",
                ",t\\=",
                "t=HtN",
                "r6t0",
                "t.Ht",
                "_^[]",
                "UhF3@",
                ";_^[",
                "t!R:",
                "t-Rf;",
                "t f;J",
                "SVWRP",
                "Z_^[X",
                "t&J|",
                "PSVW",
                "_^[X",
                "hl>@",
                "t@h|>@",
                "8\\u8",
                "kernel32.dll",
                "GetLongPathNameA",
                "Software\\Borland\\Locales",
                "Software\\Borland\\Delphi\\Locales",
                "Uh;A@",
                "u*PR",
                "ExceptionxJ@",
                "EHeapException",
                "EOutOfMemory",
                "EInOutError",
                "EExternal",
                "EExternalException",
                "EIntError",
                "EDivByZero",
                "ERangeErrorHM@",
                "EIntOverflow",
                "EMathError",
                "EInvalidOp",
                "EZeroDivide",
                "EOverflow",
                "EUnderflow",
                "EInvalidPointer",
                "EInvalidCast",
                "EConvertError",
                "EAccessViolation",
                "EPrivilege",
                "EStackOverflow",
                "EControlC",
                "EVariantError",
                "EAssertionFailed",
                "EAbstractError",
                "EIntfCastError",
                "ESafecallException",
                "SysUtils",
                "0<:r",
                "(_^[",
                "<*t\"<0r=<9w9i",
                "_^[[",
                "INFNAN",
                "QS<$t",
                "$*@@@*$@@@$ *@@* $@@($*)@-$*@@$-*@@$*-@@(*$)@-*$@@*-$@@*$-@@-* $@-$ *@* $-@$ *-@$ -*@*- $@($ *)(* $)",
                "SVWQ",
                "Z_^[",
                "QQQQQQSVW3",
                "^[Y]",
                "UhKd@",
                "Ph<c@",
                "hRd@",
                "QQQQQSVW",
                "Uh.f@",
                "h5f@",
                "yyyy",
                "eeee",
                "D$DP",
                "D$HP",
                "D$PPj",
                "D$LPj",
                "Uh~i@",
                "UhLj@",
                "hSj@",
                "TErrorRec",
                "TExceptRec",
                "SVW3",
                ",tY=",
                "t<HtH",
                "r3t7",
                "t(Ht",
                "Y_^[",
                "hTx@",
                "h`x@",
                "m/d/yy",
                "mmmm d, yyyy",
                " AMPM",
                "AMPM ",
                ":mm:ss",
                "GetDiskFreeSpaceExA",
                "Uh9}@",
                "h@}@",
                "Program Manager",
                "ProgMan",
                "r5ukh",
                "_WCallMH",
                "Error",
                "Runtime error     at 00000000",
                "0123456789ABCDEF",
                "DeleteCriticalSection",
                "LeaveCriticalSection",
                "EnterCriticalSection",
                "InitializeCriticalSection",
                "VirtualFree",
                "VirtualAlloc",
                "LocalFree",
                "LocalAlloc",
                "GetVersion",
                "GetCurrentThreadId",
                "WideCharToMultiByte",
                "lstrlenA",
                "lstrcpynA",
                "LoadLibraryExA",
                "GetThreadLocale",
                "GetStartupInfoA",
                "GetProcAddress",
                "GetModuleHandleA",
                "GetModuleFileNameA",
                "GetLocaleInfoA",
                "GetCommandLineA",
                "FreeLibrary",
                "FindFirstFileA",
                "FindClose",
                "ExitProcess",
                "WriteFile",
                "UnhandledExceptionFilter",
                "RtlUnwind",
                "RaiseException",
                "GetStdHandle",
                "user32.dll",
                "GetKeyboardType",
                "LoadStringA",
                "MessageBoxA",
                "CharNextA",
                "advapi32.dll",
                "RegQueryValueExA",
                "RegOpenKeyExA",
                "RegCloseKey",
                "oleaut32.dll",
                "SysFreeString",
                "TlsSetValue",
                "TlsGetValue",
                "TlsFree",
                "TlsAlloc",
                "VirtualQuery",
                "UnmapViewOfFile",
                "MapViewOfFile",
                "GetVersionExA",
                "GetStringTypeExA",
                "GetDiskFreeSpaceA",
                "GetCPInfo",
                "GetACP",
                "EnumCalendarInfoA",
                "CreateFileMappingA",
                "CloseHandle",
                "UnhookWindowsHookEx",
                "SetWindowsHookExA",
                "PostMessageA",
                "GetWindowThreadProcessId",
                "GetSystemMetrics",
                "FindWindowA",
                "CallNextHookEx",
                "CharToOemA",
                "MHookWC.dll",
                "DeInitialize",
                "Initialize",
                "0,080<0@0D0H0L0P0T0b0j0r0z0",
                "1\"1*121:1B1n1v1~1",
                "1@2G2",
                "4$5h5",
                "7\"8?8J8U8]8g8q8{8",
                "9%90969C9I9c9j9t9~9",
                ":#:B:Z:b:",
                ";';E;o<|<",
                ">7><>B>",
                "?1?W?c?k?",
                "0%0-030<0C0H0N0a0j0",
                "1*1:1Z1r1",
                "2.242<2",
                "2%3,3<3F3L3T3Z3`3g3q3",
                "4A4_4k4s4",
                "5G5`5y5",
                "7;8S8d8",
                ":=;M;c;",
                ">4>L>Z>",
                "?D?M?",
                "30w0",
                "242h2p2{2",
                "3.3d3t3z3",
                "5%535N5c5m5r5",
                "566?6e6r6",
                "1^1e1w1",
                "3#3*3.34383>3E3I3c3l3u3",
                "4:4d4",
                "5)555C5M5k5p5",
                "6&6.666>6F6N6V6^6f6n6v6~6",
                "7$7,747<7D7L7T7\\7d7l7t7|7",
                "8$8,848<8D8L8T8\\8d8l8t8|8",
                "9$9,949<9D9L9T9\\9d9l9t9|9",
                ":,:L:T:X:\\:`:d:h:l:p:t:",
                "; ;$;(;,;<;\\;d;h;l;p;t;x;|;",
                "< <$<(<,<0<4<8<<<L<l<t<x<|<",
                "=$=(=,=0=4=8=<=@=D=X=x=",
                ">(>0>4>8><>@>D>H>L>P>`>",
                "?0?8?<?@?D?H?L?P?T?X?l?",
                "0$0D0L0P0T0X0\\0`0d0h0l0",
                "1 1$181X1`1d1h1l1p1t1x1|1",
                "2 2$2(2,20242L2l2t2x2|2",
                "3$3,3034383<3@3D3H3L3d3q3y3",
                "7/7:7",
                "<9<A<I<Q<Y<",
                "2:2g2l2",
                "3!3G3c3",
                "4,4>4y4",
                "4+5`5y5",
                "6/747<7f7w7",
                "758?8",
                "8B9q9",
                ";7;?;M;",
                ";N<U<",
                "<(=B=Q=",
                ">i>{>",
                "?<?K?Z?v?",
                "0*020;0G0M0U0^0j0o0x0",
                "061V1",
                "3A3e3q3",
                "4+454k4",
                "5C5Q5l5u5",
                "6#6B6Z6c6w6",
                "7;7J7Z7b7w7",
                "9 9$9(9,9094989<9@9D9H9L9P9T9X9\\9`9d9h9l9p9t9x9|9",
                ": :$:,:0:8:<:D:H:P:T:\\:`:h:l:t:x:",
                "; ;(;,;4;8;@;D;L;P;X;\\;d;h;p;t;|;",
                "< <+<5<?<E<O<U<_<j<t<",
                "=\"=4=K=W=_=i=t=|=",
                ">&>B>G>S>_>p>~>",
                "?*?7?B?L?W?b?",
                ",00040",
                "1 1$1(1,1014181<1@1D1H1L1P1T1X1\\1`1d1h1l1p1t1x1|1",
                "2$2,242<2D2L2T2\\2d2l2t2|2",
                "3 3$3(3,3034383<3@3D3H3L3P3T3X3\\3`3d3h3l3p3t3x3|3",
                "vf`p",
                "vff`",
                "vfff",
                "pffkf",
                "vfff`",
                "pffff",
                "ffff",
                "pfff`",
                "fff`",
                "pfffffff",
                "fffff`",
                "&=O8",
                "MHookWC",
                "UTypes",
                "System",
                "SysInit",
                "SysConst",
                "KWindows",
                "3Messages",
                "@jjj",
                "DVCLAL",
                "PACKAGEINFO",
                "MAINICON(",
                "November",
                "December",
                "Sunday",
                "Monday",
                "Tuesday",
                "Wednesday",
                "Thursday",
                "Friday",
                "Saturday",
                "January",
                "February",
                "March",
                "April",
                "June",
                "July",
                "August",
                "September",
                "October",
                "Invalid variant type conversion",
                "Invalid variant operation",
                "Invalid argument",
                "External exception %x",
                "Assertion failed",
                "Interface not supported",
                "Exception in safecall method",
                "%s (%s, line %d)",
                "Abstract Error?Access violation at address %p in module '%s'. %s of address %p",
                "Invalid pointer operation",
                "Invalid class typecast0Access violation at address %p. %s of address %p",
                "Access violation",
                "Stack overflow",
                "Control-C hit",
                "Privileged instruction(Exception %s in module %s at %p.",
                "%s%s",
                "Application Error1Format '%s' invalid or incompatible with argument",
                "No argument for format '%s'\"Variant method calls not supported",
                "Read",
                "Write$Error creating variant or safe array)Variant or safe array index out of bounds",
                "Out of memory",
                "I/O error %d",
                "File not found",
                "Invalid filename",
                "Too many open files",
                "File access denied",
                "Read beyond end of file",
                "Disk full",
                "Invalid numeric input",
                "Division by zero",
                "Range check error",
                "Integer overflow Invalid floating point operation",
                "Floating point division by zero",
                "Floating point overflow",
                "Floating point underflow",
                "VS_VERSION_INFO",
                "StringFileInfo",
                "040904E4",
                "CompanyName",
                "Zepsoft",
                "FileDescription",
                "Wallpaper Calendar's Desktop Mousehook",
                "FileVersion",
                "2.0.1.11",
                "InternalName",
                "LegalCopyright",
                "LegalTrademarks",
                "OriginalFilename",
                "ProductName",
                "WallCal Mousehook",
                "ProductVersion",
                "1.0.0.0",
                "Comments",
                "VarFileInfo",
                "Translation"
            ]
        }
    ]
}