{
    "malware_data": [
        {
            "filename": "6a7ea8868a2726330ee53f618167f6a4fbac20be141b4f600ae53731eb846bdc.elf",
            "filetype": "7F454C46",
            "filesize": "63KB",
            "hash_sha256": "6a7ea8868a2726330ee53f618167f6a4fbac20be141b4f600ae53731eb846bdc",
            "strings": [
                "ff/F/",
                "Lds`",
                "lfSa",
                "s#e@3",
                "/sm\"O,",
                "w`;!",
                "qx'g",
                " !3b",
                "r ask",
                "s3kD",
                "qsj !<",
                "Lds`La",
                "a`12",
                "s#e04",
                "RdH$",
                "\"\\ez",
                ",b#a",
                ",dQ@",
                ".xQlj",
                "+-qP",
                "Ti @",
                "(}DL",
                "d\"qzU",
                "(wr/",
                "a{\";",
                "@;\":",
                ")'#a)#",
                "AmB{!+#;!",
                "^]cla\\",
                "APe|l3j",
                "tP'(x",
                ")q (",
                "F*xM",
                "(,qp!",
                "a{\"A",
                "@;\"@",
                "/\"O{",
                "*;)?",
                "qb`cb",
                " ch@",
                "tpgc`",
                "\"ca!# ",
                " !cb",
                "-b|1",
                "h{\"&",
                "@;\"%",
                "P)'#a)#",
                "@@T@",
                "/\"Og",
                "AmH|g;\"'",
                "\"}@$",
                "2)'#a)#)A",
                "Q]cln\\",
                "F*xH",
                "|33a",
                "k#-@",
                "62/a",
                "6\"QnS",
                "R#ay!p1",
                "|?&O",
                ")'#a)#)A",
                "Q{#+#y",
                "9\"3a",
                "c,ai ",
                "c#g#a",
                "*\"aqc",
                "x1(\"Q",
                "#)!r",
                "W)!o",
                "2*Uk!g",
                "d)!d",
                "`)!a",
                "Q(ve",
                "s#3?",
                "7zPz](p",
                "3=R'04",
                "W,7pa",
                "2\"R@",
                "a)By!",
                "!;\"kf",
                "2)%#a)')A",
                "AMB[!+'{!",
                "B#a=A(1",
                ",S,T",
                "-K!y",
                "A<1s`",
                ";\"s4\"!",
                "`L0(",
                "38P'",
                "I#;a",
                "4&P'S",
                "4)P*S",
                "TH$j",
                "3s`2a",
                "AL1s`",
                ";\"s0\"!",
                ",9(5",
                "<985",
                "<885",
                "3=RBa",
                "r'1-",
                "i-Ai",
                "2Ba\"/",
                "B@u\\",
                "2#X$",
                "d=HL8",
                ",80)",
                "-a@a",
                "2-a#`)@",
                "/s`miCWDX",
                "t@bsa9'",
                "`)A|1)@,b9(",
                "3b) ",
                "h!d!`!\\!X!T!P!L!H!x!t!p!l!4!",
                "c|sSd",
                "s0!,!(!$! !",
                "!D!@!<!8!",
                "d!|!`!\\!X!T!",
                "tP!|!L!H!x!t!p!",
                "tl!|!4!0!,!(!",
                "t$!|! !",
                "D!|!@!<!8!",
                "P0al",
                "JseZ",
                "J3eZ",
                "7|2\"a",
                "(33a",
                "mfla",
                "#a}A",
                "\"Bc#`ra",
                "&Ra2%",
                "Gz#:\"* ",
                "a3g-G",
                "f*!2-z#",
                "Az\"j!#c",
                "C*#2$",
                "ech3fsb",
                "ccsb",
                "\"ca:!#c",
                "C*#1$",
                "b+2!",
                "Cb+z\":&#aj\"R*",
                "/\"OAP",
                "/\"O;",
                "P,1&",
                "g3amA|1Qf",
                "ql22,!!!%",
                "sf\\1",
                "A+!x",
                "$cPq&",
                "HCe1",
                "HCe.",
                "HCe}",
                "HCex",
                "HCeu",
                "HCes",
                "3`D%",
                "x'3``",
                "3`~$T",
                "3`x'",
                "#`3`",
                "#`3`#",
                "2Uq)",
                "3^q)",
                "m<!x'",
                "8#pq",
                "mf\"h",
                "@qs`",
                "x'3`?",
                "#`3`^",
                " #`J",
                "#`3`G",
                "B<cmA{\"o",
                "#;\"$",
                "DRrd",
                "21\"^",
                "#bdw",
                "3a9'",
                "V9\")A",
                "A;\"-",
                "{!+!-",
                "GMA;'",
                "\"+'`7",
                "Cc,3Sf",
                "x`8S",
                "3d3Q",
                "a(1f1",
                "XsamA",
                "C;\"\"!",
                "T3a-A",
                "A3`L1",
                "G{\"\"!",
                ")#;a",
                "fAc$",
                "H3eZ",
                "!a#e",
                "VBa,6f",
                "b,ap1",
                "wl1v1",
                " (pa",
                "r f/",
                "C#e\\",
                "HlfF",
                " qC`",
                "Sb)BSa",
                "ASc)C",
                "h.d^cba|1",
                "b:\" !ba|1",
                "\" !ba|1",
                "wJ\" !",
                "/\"Om",
                "J!!D",
                "J!!>",
                "J!!9",
                "J!!3",
                "J!!(",
                "J!!=",
                "J!!Q",
                "J!!a",
                "A!+I",
                "a qo",
                "a(qo",
                "a0qn",
                "a8qn",
                "b@ru",
                "AXx>",
                "A!+9",
                "A!(!",
                "r#`\\",
                "/\"Ota",
                "4lb#a",
                "r,aV11",
                "ca81",
                "r#`L",
                "@acc",
                "S`#q",
                " !Cc",
                "b|2 a",
                "CcKc8#",
                "%ZE-",
                "q)!h",
                "(w2\"$qq",
                "wraSc",
                "@~3`",
                " 3`@~",
                "q\"f3`",
                " @~3`",
                "/3`\"O",
                "wra6",
                "/Sh\"O",
                "3e3a u",
                "a,q3b2",
                "0R!S",
                "emf3`",
                "/\"OB`",
                "/\"O+",
                "/Ci\"O",
                "28#!",
                "uCb^",
                "sc&0(C",
                "sc&0",
                "c`K [ h&",
                "C`l0",
                "H5g1",
                "Scg1",
                "uCg^",
                "w(&Sc",
                "#Cb00",
                "qQSRVSWTXUYVZW[",
                "(!Sc",
                "v0f ",
                "qVcVf(@Vg= Vhm#Vi}&Vj",
                "#`K`cm",
                "&6DT",
                "v3a;",
                "v3a(",
                "vra2\"qS",
                "vwSh&",
                " r2\"T",
                "c {!",
                "zcd&",
                "u#dc`",
                "bCa-GSP",
                "6Sil4",
                "#`C`",
                "*:JZ",
                "rCa!W",
                "rCa\"V",
                "rCa#W",
                "rCa$V",
                "rCa%W",
                "rCa&V",
                "r'WCa",
                "cCa(V",
                "s'Wg",
                "s\"f8#r!",
                "\"Cc {",
                "j\"UCc!X",
                "j#WCc\"U",
                "rCc$V#W",
                "j%XCc$V",
                "Fca{!",
                "ncg/",
                "Cb\\fca",
                "ca2\"1",
                "C`X0",
                "nCbTa",
                "nB.Q",
                "/\"OD",
                "'b)!",
                "h)('",
                "/ScG",
                "/\"OT",
                "#a,q",
                "3b\"$",
                "3b(1",
                " 80\"%",
                "n\"c81",
                "!Wx'",
                "\"Q!R",
                "c!R(\"",
                "/h&b",
                "x'R$x'",
                "\"OBh",
                "l98#",
                "e2a2V",
                "sarb(1",
                ",93fsesh",
                "/\"O_",
                "A|11",
                "p\"OSS",
                "nRR8##f",
                "eQQ(1!A!A",
                "2<2/",
                "!C'9",
                "A<1#c",
                "A8#,13",
                "Race",
                "#cL33d",
                "gfff",
                "BcAR2a3f&g",
                "vFU|1",
                "/\"OSR",
                "nH$RW",
                "(\"B'2",
                "4G:*2",
                "4B#S6",
                "|2\")",
                "1!A!A",
                "/\"OF",
                "8\"O!H",
                "/l5\"O",
                "pScS",
                "2(\"!ba",
                "CmR(O",
                "Sb&a",
                "c@s7P",
                "=R;Q 1",
                "!H\"!",
                "da)mf0a",
                "/\"Ol",
                "#<7&7",
                "/Sf\"O",
                "b0Q r",
                "(-b2Qq",
                "Q-b\"(]e",
                "1a-b",
                "t@b#`",
                "(\"#`.",
                "sc-Cy!sb",
                "G)B|g",
                "\"{#;\"\"*",
                "/Ck\"O;",
                "R|q3",
                "POST /cdn-cgi/",
                " HTTP/1.1",
                "User-Agent: ",
                "Host: ",
                "Cookie: ",
                "http",
                "url=",
                "POST",
                "5.181.80.70",
                "0125!8 ",
                "58 '8%",
                ",<8#",
                "#$6;b",
                "&;; ",
                ",7gaae",
                "\"=.,\"",
                "?8\"efg",
                "509=:",
                ".-50efg`",
                ".8,,z",
                "?;d\"=.,\"",
                "?;d509=:",
                "<=gael",
                "75 edfm",
                "5::=1fdef",
                "7<5:3191",
                "3!1' ",
                "efg`a.",
                "efg`ab",
                "!'1&",
                "$5''",
                "$5''#;&0",
                "509=:efg`",
                "'!$$;& ",
                "93gadd",
                "91&8=:",
                "0519;:",
                "!6: ",
                "pkkv",
                "vkkp",
                "'<188T",
                "1:5681T",
                "'-' 19T",
                "{6=:{6!'-6;,t",
                "nt5$$81 t:; t2;!:0T",
                ":7;&&17 T",
                "{6=:{6!'-6;,t$'T",
                "{6=:{6!'-6;,t?=88tymtT",
                "{$&;7{T",
                "{1,1T",
                "{20T",
                "{95$'T",
                "{$&;7{:1 { 7$T",
                "{' 5 !'T",
                "z5:=91T",
                "{$&;7{:1 {&;! 1T",
                "5''#;&0T",
                "{1 7{&1';8\"z7;:2T",
                ":591'1&\"1&tT",
                "{01\"{#5 7<0;3T",
                "{01\"{9='7{#5 7<0;3T",
                "$662*7!E",
                ";3=:T",
                "1: 1&T",
                "e365`70;9ag:<$ef1=d?2>T",
                "FTPjGNRGP\"",
                "lKeeGp",
                "qMPCnmcfgp\"",
                "lKeeGpF",
                "wkw\"",
                "kW{EWHGkSL\"",
                "AAcf\"",
                "RPMA",
                "PMWVG\"",
                "ARWKLDM\"",
                "`memokrq\"",
                "NMACN\"",
                "IHD\"",
                "UCVAJFME\"",
                "OKQA",
                "dvufv",
                "}UCVAJFME\"",
                "LGVQNKLI",
                "rpktoqe\"",
                "egvnmacnkr\"",
                "iknncvvi\"",
                "gCVQ",
                "mDHjx",
                "eJMQVuWXjGPG",
                "uQec",
                "caf`\"",
                "c@cF\"",
                "KCeT\"",
                "rmqv",
                "UCLKRAL",
                "ZON\"",
                "RKAFGQA",
                "AVPNV",
                "jlcr",
                "NMEKL",
                "AEK\"",
                "VOwL@NMAI",
                "eRMLdMPO",
                "KLFGZ",
                "RJR\"",
                "QJGNN\"",
                "aMLLGAVKML",
                "IGGR",
                "CNKTG\"",
                "cAAGRV",
                "VGZV",
                "JVON",
                "CRRNKACVKML",
                "ZJVON",
                "KOCEG",
                "UG@R",
                "nCLEWCEG",
                "aMLVGLV",
                "v[RG",
                "DMPO",
                "WPNGLAMFGF\"",
                "QGVaMMIKG",
                "PGDPGQJ",
                "NMACVKML",
                "AMMIKG",
                "AMLVGLV",
                "NGLEVJ",
                "VPCLQDGP",
                "GLAMFKLE",
                "AJWLIGF\"",
                "AMLLGAVKML",
                "QGPTGP",
                "FMQCPPGQV\"",
                "ANMWFDNCPG",
                "LEKLZ\"",
                "oMXKNNC",
                "uKLFMUQ",
                "cRRNGuG@iKV",
                "ijvon",
                "NKIG",
                "eGAIM",
                "aJPMOG",
                "qCDCPK",
                "oCAKLVMQJ",
                "kLVGN",
                "tGPQKML",
                "AMORCVK@NG",
                "oqkg",
                "vPKFGLV",
                "kLDMrCVJ",
                "oqkgaPCUNGP",
                "oGFKC",
                "aGLVGP",
                "dWLuG@rPMFWAVQ",
                "dKPGDMZ",
                ";::17 10t",
                ";!&71t",
                ":3=:1t",
                "!1&-T",
                "/dev/null",
                "CAk[S",
                ".shstrtab",
                ".init",
                ".text",
                ".fini",
                ".rodata",
                ".ctors",
                ".dtors",
                ".data",
                ".bss"
            ]
        }
    ]
}