{
    "malware_data": [
        {
            "filename": "09ceeefd3297e4ec6e500bb98bc0c8472f0e995834cba8a9673eeafd26117cff.exe",
            "filetype": "4D5A9000",
            "filesize": "54KB",
            "hash_sha256": "09ceeefd3297e4ec6e500bb98bc0c8472f0e995834cba8a9673eeafd26117cff",
            "strings": [
                "!This program cannot be run in DOS mode.",
                ".text",
                "`.rsrc",
                "@.reloc",
                "BSJB",
                "v4.0.30319",
                "#Strings",
                "#GUID",
                "#Blob",
                "<Module>",
                "System.IO",
                "DownloadData",
                "mscorlib",
                "Replace",
                "IDisposable",
                "File",
                "set_FileName",
                "GetRandomFileName",
                "Combine",
                "Dispose",
                "GuidAttribute",
                "DebuggableAttribute",
                "AssemblyTitleAttribute",
                "AssemblyTrademarkAttribute",
                "TargetFrameworkAttribute",
                "AssemblyFileVersionAttribute",
                "AssemblyConfigurationAttribute",
                "AssemblyDescriptionAttribute",
                "CompilationRelaxationsAttribute",
                "AssemblyProductAttribute",
                "AssemblyCopyrightAttribute",
                "AssemblyCompanyAttribute",
                "RuntimeCompatibilityAttribute",
                "set_UseShellExecute",
                "VisualStudio.exe",
                "System.Runtime.Versioning",
                "DownloadString",
                "Substring",
                "GetTempPath",
                "Program",
                "OperatingSystem",
                "Main",
                "get_OSVersion",
                "get_Version",
                "System.Reflection",
                "ProcessStartInfo",
                "VisualStudio",
                "Char",
                "get_Major",
                "get_Minor",
                ".ctor",
                "System.Diagnostics",
                "System.Runtime.InteropServices",
                "System.Runtime.CompilerServices",
                "DebuggingModes",
                "WriteAllBytes",
                "args",
                "Process",
                "set_Arguments",
                "Concat",
                "Object",
                "System.Net",
                "Split",
                "WebClient",
                "CSharpEquivalent",
                "Environment",
                "Start",
                "set_CreateNoWindow",
                "WrapNonExceptionThrows",
                "'Microsoft Visual Studio Solution (.sln)",
                "$831b1f27-7bf5-4b91-b4bf-9d3bd1db343c",
                "1.0.0.0",
                ".NETFramework,Version=v4.8",
                "FrameworkDisplayName",
                ".NET Framework 4.8",
                "RSDS",
                "sZ._",
                "C:\\Users\\UNKNOWN\\Desktop\\illegalprojeninslnsi\\VisualStudio\\obj\\Debug\\VisualStudio.pdb",
                "_CorExeMain",
                "mscoree.dll",
                "z!hA",
                "z!hez!h",
                "z!h+",
                "z!hMz!h",
                "z!hu",
                "z!hEz!h",
                "z!h#z!h",
                "z!h?z!h",
                "z!h:",
                "z!htz!h",
                "z!h^",
                "z!h)z!h",
                "z!h1z!h",
                "z!h6z!h",
                "z!h)",
                "z!h;z!h",
                "BBB[BBB",
                "z!hF",
                "z!h:z!h",
                "z!h7",
                "BBBdBBB",
                "z!hm",
                "BBBbBBB",
                "z!hPz!h",
                "z!hDz!h",
                "z!hNz!h",
                "z!hQ",
                "z!h9z!h",
                "z!hwz!h",
                "z!h&",
                "BBBfBBB",
                "BBB!BBBVBBBVBBBVBBBVBBBVBBBVBBBVBBBVBBBVBBBVBBBVBBBVBBBVBBBVBBBVBBBVBBBVBBBVBBBVBBBVBBBVBBBVBBBVBBBVBBBVBBBVBBBVBBBVBBBVBBBeBBB",
                "z!h-z!h",
                "z!hr",
                "z!h%z!h",
                "z!hD",
                "z!h ",
                "z!h&z!h",
                "z!h8z!h",
                "z!hX",
                "z!hcz!h",
                "z!hzz!h",
                "z!h,z!hnz!h",
                "z!ha",
                "z!hvz!h",
                "z!h!",
                "z!hyz!h",
                "z!hE",
                "z!h{z!h",
                "z!hq",
                "z!hs",
                "z!h^z!h",
                "z!hlz!h",
                "z!h\"",
                "z!h}z!h",
                "z!h`",
                "z!h?z!h=",
                "BBBPBBB",
                "BBBiBBB",
                "BBBQ",
                "z!hWz!h",
                "BBB:",
                "z!hB",
                "z!h9",
                "<?xml version=\"1.0\" encoding=\"UTF-8\" standalone=\"yes\"?>",
                "<assembly xmlns=\"urn:schemas-microsoft-com:asm.v1\" manifestVersion=\"1.0\">",
                "  <assemblyIdentity version=\"1.0.0.0\" name=\"MyApplication.app\"/>",
                "  <trustInfo xmlns=\"urn:schemas-microsoft-com:asm.v2\">",
                "    <security>",
                "      <requestedPrivileges xmlns=\"urn:schemas-microsoft-com:asm.v3\">",
                "        <requestedExecutionLevel level=\"asInvoker\" uiAccess=\"false\"/>",
                "      </requestedPrivileges>",
                "    </security>",
                "  </trustInfo>",
                "</assembly>",
                "N0L0",
                "Washington1",
                "Redmond1",
                "Microsoft Corporation1(0&",
                "Microsoft Code Signing PCA 20110",
                "230316184328Z",
                "240314184328Z0t1",
                "Microsoft Corporation1",
                "Microsoft Corporation0",
                "AM78",
                "+)xZ",
                "oc}l",
                "1B`Tr",
                "{A'U",
                "I0G1-0+",
                "$Microsoft Ireland Operations Limited1",
                "230012+5005170",
                "M0K0I",
                "Chttp://www.microsoft.com/pkiops/crl/MicCodSigPCA2011_2011-07-08.crl0a",
                "U0S0Q",
                "Ehttp://www.microsoft.com/pkiops/certs/MicCodSigPCA2011_2011-07-08.crt0",
                "nMF^",
                "c8LCaIJo",
                "KF\"f",
                "#DX^K",
                "ZM-h'",
                ";sCkCe",
                "#CX!",
                "suao",
                ";s,P",
                "Rcd0",
                "!rsa",
                "Microsoft Corporation1200",
                ")Microsoft Root Certificate Authority 20110",
                "110708205909Z",
                "260708210909Z0~1",
                "nd5x",
                "!t%_",
                "'(8%",
                "!K>R",
                "x X,",
                "S0Q0O",
                "Ihttp://crl.microsoft.com/pki/crl/products/MicRooCerAut2011_2011_03_22.crl0^",
                "R0P0N",
                "Bhttp://www.microsoft.com/pki/certs/MicRooCerAut2011_2011_03_22.crt0",
                "3http://www.microsoft.com/pkiops/docs/primarycps.htm0@",
                "e_.,>",
                "D=xz#",
                "*?*kXIc",
                "QEX82q'",
                ",: i",
                "WqVNHE",
                "Microsoft Code Signing PCA 2011",
                "1Z0X",
                "http://www.microsoft.com0",
                "vu]'X",
                "zF@x",
                "B\\*,[",
                "XAvC",
                "AIT*Sk:g",
                "l4\\)",
                "g7&{@",
                "20231003044323.089Z0",
                "Microsoft Corporation1%0#",
                "Microsoft America Operations1'0%",
                "nShield TSS ESN:A000-05E0-D9471%0#",
                "Microsoft Time-Stamp Service",
                "Microsoft Corporation1&0$",
                "Microsoft Time-Stamp PCA 20100",
                "230525191214Z",
                "240201191214Z0",
                "Microsoft Time-Stamp Service0",
                "aQzb5",
                "X0V0T",
                "Nhttp://www.microsoft.com/pkiops/crl/Microsoft%20Time-Stamp%20PCA%202010(1).crl0l",
                "`0^0\\",
                "Phttp://www.microsoft.com/pkiops/certs/Microsoft%20Time-Stamp%20PCA%202010(1).crt0",
                "(0LvU",
                "3zOD",
                "lqFKU",
                "'[xk",
                "[}0L ",
                "RdSd",
                "/G;N",
                ")Microsoft Root Certificate Authority 20100",
                "210930182225Z",
                "300930183225Z0|1",
                "`}jR",
                "q\\Q17",
                "&S|9a",
                "0\\O,",
                "s=CN",
                "!]_0t",
                "\\RQ]",
                "<F5)",
                "0A0?",
                "3http://www.microsoft.com/pkiops/Docs/Repository.htm0",
                "O0M0K",
                "Ehttp://crl.microsoft.com/pki/crl/products/MicRooCerAut_2010-06-23.crl0Z",
                "N0L0J",
                ">http://www.microsoft.com/pki/certs/MicRooCerAut_2010-06-23.crt0",
                ">NGdx",
                "fg:SM",
                "xSu$W",
                "as.,k{n?,",
                "J>f;O",
                "ctH,",
                "WITd",
                "!TkjE",
                "Af=i",
                "AI~~",
                "$5g+",
                "'B=%",
                "tt[j",
                "pcSM",
                "~0|1",
                "20231002173551Z",
                "20231003173551Z0w0=",
                "1/0-0",
                "1(0&0",
                "^!D4u",
                "Microsoft Time-Stamp PCA 2010",
                " MA%nz\\",
                "vI~q",
                "ZDsCv",
                "93XF",
                "t$YY",
                "4o0$",
                "X11.)",
                "nG}q",
                "@\"z-",
                "~K= g",
                "Qs\"E",
                "NPh6",
                "https://rentry.co/n9dqr/raw",
                ".sln",
                "/C \"",
                "https://rentry.co/MuckLw/raw",
                ".exe",
                "VS_VERSION_INFO",
                "VarFileInfo",
                "Translation",
                "StringFileInfo",
                "000004b0",
                "Comments",
                "CompanyName",
                "FileDescription",
                "Microsoft Visual Studio Solution (.sln)",
                "FileVersion",
                "InternalName",
                "LegalCopyright",
                "LegalTrademarks",
                "OriginalFilename",
                "ProductName",
                "ProductVersion",
                "Assembly Version",
                "SubC",
                "Legal_policy_statement",
                "8Microsoft Visual Studio 202"
            ]
        }
    ]
}