{
    "malware_data": [
        {
            "filename": "6e776fa224a6e6c1445770772c7828c6e16417431d6e1cb9ee86219204a444d8.elf",
            "filetype": "7F454C46",
            "filesize": "56KB",
            "hash_sha256": "6e776fa224a6e6c1445770772c7828c6e16417431d6e1cb9ee86219204a444d8",
            "strings": [
                "N^NuNV",
                "0f>\"y",
                "  QJ",
                "0N^NuNV",
                "N^Nu",
                " OHWHQHy",
                "NuNV",
                "f$/.",
                "N^NuO",
                "?>&o",
                "/f4B",
                " BHh",
                "g \"H",
                "$HB(",
                " @Hh",
                "?>(o",
                "0$p,",
                "_fxBj",
                "K27@",
                "Jl5@",
                "[.$/",
                "` \"o",
                "HNuO",
                "?>,/",
                "&@/<",
                "&@!sh",
                ".$p,",
                "\"FHq",
                "FN7@",
                "Vn5@",
                "X*HB",
                "f~Bj",
                "@N5@",
                "<NuO",
                "?>*o",
                "(@/<",
                "F0@A",
                "J<@M",
                "N$'@",
                "4$p,",
                "<R9@",
                "H`(a",
                "F@7@",
                "$NuO",
                "^Hk(",
                "2$p,",
                "cfxBj",
                "6(5@",
                "6f7@",
                "Fb$/",
                "F(%@",
                "`\":|",
                "LNuO",
                "&*HB",
                "0V7@",
                ",*7@",
                "<t7@",
                "<^%@",
                "<J5@",
                "4*HB",
                "&.5@",
                "&h7@",
                "vX$/",
                "?>$/",
                "&HHx",
                "(H/<",
                "<@Hx",
                "4V5@",
                "uD&HHx",
                "u6(H/<",
                "?>&/",
                "(HHx",
                "`Hx@",
                " G$p",
                "in /",
                ")v?@",
                "lv\"G#",
                "XNuO",
                "e`$@O",
                "L*?|",
                "df$@O",
                "#D$/",
                "\" 5@",
                "!R7@",
                "?>,o",
                "L:@K",
                "d$\"o",
                "3|eX",
                "4$q,",
                "X GN",
                "T\"GN",
                "\\8$/",
                "< GN",
                "4NuNV",
                "?<(n",
                " N!<",
                "?>./",
                "*@Hx",
                "L\"C$F",
                "H<@M",
                "YV\"o",
                " GHp",
                "R\" /",
                "Hw(P/",
                "`2/|",
                "2/|@",
                "&/|JR**",
                "DNu/",
                "BBHB",
                "BAHA",
                "BAHAJ",
                "<NuNV",
                "?<4.",
                "1@Hn",
                "6&Hn",
                "N^Nu#",
                ",NuNV",
                "0gP=|",
                "gVHx",
                ":r$HB",
                "gL=|",
                "^`/9",
                "1XHx",
                "`PB9",
                "N^NuHx",
                "#~Hy",
                "gLHn",
                "?<*n",
                "_.Hx",
                "f*Bn",
                "g60.",
                "BgHn",
                "f0 9",
                "jHx@",
                "gN/9",
                "JHx@",
                "| J`",
                "N^Nu/",
                "< $n",
                "N^NuH",
                "8 $o",
                "V`0 ",
                "=('@",
                " AHh",
                " G1@",
                "BBHB(",
                "H@B@",
                " G!B",
                "* G1@",
                "fffg",
                "n F1|",
                " F!y",
                "  F1@",
                "gH IC",
                "(C$.",
                " KHh",
                " 6- ",
                " C/(",
                " F1|",
                " F1@",
                "fl n",
                "g\\Hx@",
                "f, .",
                "~ THx@",
                " THx@",
                "vHx@",
                "h D ",
                "g2/,",
                "L&B$.",
                "N^Nu\"/",
                "BCHC$",
                "<NuH",
                " 0Hx",
                "Nu o",
                "NuNq/",
                "g \"A\"",
                "Nu\"o",
                "NuNq o",
                "NuNqH",
                " 0&o",
                "?0\"o",
                "b60|",
                "eLgF ",
                "b(p7 B",
                "pW B",
                ">0,/",
                "$BHx",
                "|NuNV",
                "gF=|",
                "< */",
                "8  /",
                "gb J",
                "`Jp7",
                "` J ",
                "$NuNuNV",
                " A-P",
                "`V-n",
                "p7N@-@",
                "N@-@",
                "N^NuNuNV",
                "p@N@-@",
                "p6N@-@",
                "p%N@-@",
                "<0&n",
                "0 $n",
                "pUN@-@",
                "<8&n",
                "pBN@-@",
                "`h-n",
                "f(/.",
                " @N^NuNuNV",
                "eL n",
                "`j .",
                " @N^NuNV",
                "`R n",
                "`& n",
                "`H n",
                "`~ n",
                "`@ n",
                "`b n",
                "`l n",
                "lp -@",
                "`^/.",
                "b\"\"9",
                "g4 .",
                "gF/.",
                " @$.",
                "f>Hy",
                "g\"\".",
                "`2/.",
                " @-P",
                "`j/.",
                "f* 9",
                "f\"/.",
                "g& .",
                "bHHy",
                "`J n",
                "e4\".",
                "`\\\".",
                "b0 .",
                "f6 n",
                "e*/.",
                "`t n",
                "g>\".",
                "f& n",
                "`& .",
                "`\"/.",
                "`*\"n",
                "fffg\"",
                "gR n",
                "fffg$",
                "f: n",
                "g*\"n",
                "A4/.",
                "jNqNV",
                "p -@",
                "(r -A",
                "g. .",
                "HN^NuNuNV",
                "f&/.",
                "f8 9",
                "`>-n",
                "e( n",
                "f\" .",
                "gF\".",
                "g./<",
                "NqNuNV",
                "pfN@-@",
                "NqNV",
                "plN@-@",
                "`,-y",
                "p+N@-@",
                "LN^NuNV",
                "DN^NuNV",
                "`> .",
                "`| n",
                "gB n",
                "mB .",
                "f4Hx",
                "f6 9",
                "f~ 9",
                "p-N@-@",
                "80&n",
                "45.90.97.101",
                "abcdefghijklmnopqrstuvwxyzABCDEFGHIJKLMNOPQRSTUVWXYZ012345678",
                "&;; ",
                "5:?;",
                "<!: acam",
                " 18:1 ",
                "0125!8 ",
                "$5''#;&0",
                "\"=.,\"",
                "'!$$;& ",
                "?;d509=:",
                "efg`a",
                "!'1&",
                ",<8#",
                "t#5't<1&1t8;8T",
                "'<188T",
                "1:5681T",
                "'-' 19T",
                "{6=:{6!'-6;,t",
                "nt5$$81 t:; t2;!:0T",
                ":7;&&17 T",
                "{6=:{6!'-6;,t$'T",
                "{6=:{6!'-6;,t?=88tymtT",
                "{$&;7{:1 {&;! 1T",
                "{$&;7{T",
                "{1,1T",
                "{20T",
                "{$&;7{:1 { 7$T",
                "{1 7{&1';8\"z7;:2T",
                ":591'1&\"1&tT",
                "544?9.354`z1??*w;63,?Z",
                "99?*.`z.?\".u2.76v;**639;.354u\"2.76q\"76v;**639;.354u\"76a+gjtcv37;=?u-?8*vpupa+gjtbZ",
                "99?*.w",
                ";4=/;=?`z?4w",
                "v?4a+gjtbZ",
                "54.?4.w",
                "#*?`z;**639;.354u\"w---w<5(7w/(6?495>?>Z",
                "5513?r}Z",
                "(?<(?)2`Z",
                "659;.354`Z",
                ")?.w95513?`Z",
                "954.?4.w6?4=.2`Z",
                ".(;4)<?(w?495>34=`Z",
                "92/41?>Z",
                "9544?9.354`Z",
                ")?(,?(`z>5);((?).Z",
                ")?(,?(`z965/><6;(?w4=34\"Z",
                "{01\"{#5 7<0;3T",
                "{01\"{9='7{#5 7<0;3T",
                "{'6=:{#5 7<0;3T",
                "{6=:{#5 7<0;3T",
                "{01\"{#5 7<0;3dT",
                "{1 7{0125!8 {#5 7<0;3T",
                "{1 7{#5 7<0;3T",
                "5''#;&0T",
                ";3=:T",
                "1: 1&T",
                "e365`70;9ag:<$ef1=d?2>T",
                ";!&71t",
                ":3=:1t",
                "!1&-T",
                "{01\"{",
                "#5 7<0;3T",
                "ede{#5 7<0;3T",
                "?/dev/null",
                "S[kA",
                ".shstrtab",
                ".init",
                ".text",
                ".fini",
                ".rodata",
                ".ctors",
                ".dtors",
                ".data",
                ".bss"
            ]
        }
    ]
}