{
    "malware_data": [
        {
            "filename": "097d92f9c38dc1fae556478a8a1a921c80a75c88f26e94a943331f794751be13.elf",
            "filetype": "7F454C46",
            "filesize": "36KB",
            "hash_sha256": "097d92f9c38dc1fae556478a8a1a921c80a75c88f26e94a943331f794751be13",
            "strings": [
                "gUPX!",
                "4pJ9",
                "*k>/",
                "uh2V",
                "\\fR6='",
                "h+5d",
                "caGg",
                "\\Vz@",
                "Zf\\v",
                "hEf3sF;",
                "Y7l%",
                "^US?",
                "<^Dh",
                "b:R1",
                "E3-(",
                "3=<!9",
                "wkV|",
                ":}(^",
                "cMkB",
                "e[K7=9",
                "/utUxu",
                "m_\"a=",
                "6D'W>",
                "}xMR",
                "(,pY",
                "~0b}",
                "}{~mu%",
                "4i>.(",
                "PO+f",
                "|G/*WDr",
                "I3}4B",
                "J:@jTy",
                "RZ2Y",
                "W|0@",
                "ve7Y",
                "vv_1",
                "fD3(",
                "F#2q",
                "jdah",
                "Py1?",
                "!6]?",
                "Qn1h!",
                "HM{h",
                "H|#(x",
                "r;J3s@",
                "enjd",
                "$<Vj",
                "VSBK",
                "wie(G",
                "Fx!u",
                "\"O`j",
                "jM%Z",
                ",yXE",
                "\\ii9:Gu@r",
                "=&M5",
                "aR^])",
                ".AVOD",
                "S=;]",
                "Bzwe",
                "jBtg",
                "eWXanQU",
                "*oKS",
                "u1!/e",
                "oLrh",
                "X2Q~",
                "+wOsX",
                "t^0G_@",
                "+H:l,",
                "B<HG",
                "SO^=",
                "2R@5",
                "rq9Z",
                "y6W_",
                "(p`#",
                "~YS\"",
                "[M.Ba",
                "/<|fb(",
                "59l(G",
                "#4d(^",
                "?jN+",
                "ebxs",
                "WJ@Z4",
                "&4bx",
                "0'dg",
                "XQ',",
                "(2KBC",
                "'CJg",
                "t8Kg",
                "j)IT",
                "l+3!h2",
                "9 \"2",
                "Md`d",
                "zvs1",
                "Ial_",
                "C;]-'",
                "6l; ",
                "+t9]`",
                "v>b.",
                "XN%^",
                "hZSdK",
                "@M1D",
                "8Hk\"",
                "1\"P9",
                ":pT1>Zu$",
                "G2G>",
                "vbx(",
                "?=A8",
                "N:+we",
                "H|]H",
                "Ns`Y/",
                "J%X+G",
                "zMD8)",
                "U\"5S",
                "`~rW",
                "[lpN",
                "{f8P",
                "RL/rdBv13_",
                "+NUk",
                "hY'|",
                "\\bX=",
                "hVVx",
                "uR}(",
                "| #Z@r",
                "MbR>G",
                "]bi$F",
                "?G@h/",
                "9qDWfN",
                "@>)J",
                "P##q",
                "a)/9{",
                " z`y",
                "JQA8L",
                "GsG%",
                "${<B",
                "|Sdu",
                "<`:#",
                "b{e/,V",
                ";w&k",
                ":Jt/",
                "v6_&T",
                "Xst'U",
                "U~]b",
                "D^FN",
                "U+q ",
                "#V)Tb",
                "ded$\\",
                "ZSO'|63",
                "SHAg%",
                "|BFVl",
                "/t-6'",
                "Ft1D",
                ">,:Y",
                "2SQ!S",
                "YR]*",
                "jRC+",
                "algHeX",
                "L4~L",
                ":~\\Uk8H",
                "<VHyV.l",
                "EV|!",
                ";H\"f",
                "Vq=;",
                "5.N$",
                "Ad_,=",
                "9I2C",
                "Ul`.",
                "B!JE",
                "jp?1",
                "B*xF",
                "rYFD",
                "Kx]w",
                "e}ii",
                "8Z=;",
                "+p7U",
                "\\tzFU",
                "86m%",
                "mF%Fp6",
                "}&X$z_A^",
                "~;Uq",
                "ml;R|S",
                "i5:A",
                "_8mR",
                "rbVA",
                "FYh2",
                "v(9B.",
                ";QlY2",
                "&4Xs",
                "IpnB~",
                "0[WNWi",
                ")Sk<n\\",
                "p&[ F",
                "RD)G",
                "(v7WK",
                "o:Oq",
                "T+ri",
                "tY/{",
                "F\\(l",
                ")9X|",
                ";`^(",
                "dqtju",
                "c@_;4?",
                "-$IPLS",
                "Wv\\O",
                "\\Bm@",
                "u<Ls",
                "l,B:",
                "L!Wh",
                "j)L:",
                "5BIM2",
                "W }#",
                "_7^$",
                "VPhFR",
                "},k R",
                "JN,F",
                "kHD>",
                "@6|h;",
                "wW,B",
                ".QNFGh ",
                "Fv4#",
                "_o7N&",
                "X+k#$",
                "$*^v",
                "4(A@X",
                "Q(c<<",
                "]:/8",
                "#%r^",
                "+k=C",
                "*wfW|~",
                "Pm<WA",
                "19r8",
                "s0%$nM",
                "YaqV",
                "#:%cJ",
                "{Vre",
                "df95",
                "gBpn",
                ")eBD#",
                "W9Y2",
                "s\\8l",
                " Zc'",
                "Zv!*",
                "u\\)4",
                "/\"'L",
                "QA#R",
                "-]36",
                "TPr,",
                "Rqgzqf",
                "(~6=k",
                "}igJ",
                ":Jy9",
                "3Q*L",
                "]xLON",
                "oxC`X",
                "_Nf8",
                "LLYJ",
                "w*B*",
                "pQ+Y_",
                "G?yI",
                "B5=;",
                "!n'j",
                "JzC2",
                "FRd|",
                "c\\G6eb",
                "y|4(_",
                "y-v*",
                ">,ja",
                "aKIhEM",
                "O7vP`o",
                "[\"Kao",
                "WTbS",
                ",}JW",
                "r:y3",
                "z&{E",
                "&RU0",
                "O>'h",
                "=$bi",
                "~u3mW",
                "8=.]",
                "~Rlb",
                "`@TD",
                "4hz^2",
                "r]>9",
                "s=6Tx",
                "Zeh|",
                "0h<y",
                "gX'#",
                "99` ",
                "\"yg\"",
                "25a&",
                "K4Uu",
                "_5dh",
                "M7?A{$",
                "cc9S",
                ":sf'",
                "+dNy",
                "T1S7",
                "Vo!]5",
                "X<|HR",
                "Ri\"(",
                "\\fMz",
                "Aa1!",
                "g\"&.qz",
                "l^12?U",
                "Nq!QFJYJ3",
                "yhsL",
                ":$v#",
                "1u,cR>f",
                ";U~U7",
                "S6r2",
                "xqL4",
                "Z2u|l",
                "R*]zC",
                "%];m&",
                "d)J=",
                "!|;:",
                "NRKf",
                "ngL({F",
                "^If)",
                "U=I3",
                "0_LV0v",
                " Ue;X:",
                "g\\2_Ok",
                "}5Zs",
                "o<8j",
                "kN=(",
                "]m7'",
                "(~yj",
                "FRi\"",
                "qjDH",
                "{9%q\" ",
                "4_}jxc",
                "< x_S6",
                "XvOBS",
                "TPX<",
                ";vic",
                "Q|[W",
                "W]|T",
                "ftZtW",
                "G%~3",
                "c`q ",
                "GNeE",
                "DG{(",
                "K4>2",
                "UZYJ",
                "vY7l",
                "$JQPr`~",
                "4wst",
                "ADUq",
                "@d/9SD",
                "Uv?=p:",
                "|S.s",
                "3Y>xH/",
                "_*.\"",
                "du+{",
                "qoLw^",
                "YUjD{",
                "@EBq",
                "gt-P",
                "#-/s",
                "n}MF",
                "\\ah0",
                "._?\"I",
                "\\bcM",
                "-u^4C",
                "URiB",
                ">Q -",
                "cNHq",
                "#vme",
                "tYc[",
                "2s5t",
                ">t}x)",
                "\"lP=O",
                "BP#y",
                "SC+l",
                "<^np",
                "BP9=m",
                "A2]:",
                "b67{",
                "_+B>36dE",
                "Pb )",
                "$Info: This file is packed with the UPX executable packer http://upx.sf.net $",
                "$Id: UPX 3.95 Copyright (C) 1996-2018 the UPX Team. All Rights Reserved. $",
                "/proc/self/exe",
                "x/U9",
                "#Zw^",
                "^n0|p\\",
                "!msNX<",
                "yL[_",
                "i/xS",
                "3Ndd&]iz",
                "Buzu",
                "6uv/W",
                "dLNn&",
                "r-k;p",
                "W^]>",
                "rQY\\,",
                "F.`Y",
                ".xCA",
                "#^n$",
                "d+0V",
                "2chVV>",
                "s7lP",
                "ZDdP5",
                "ML:}w'",
                "ApW` ",
                "UPX!"
            ]
        }
    ]
}