{
    "malware_data": [
        {
            "filename": "0af0b4bffa67145e4e5ecd2321bb7790e9c14ed802a7984798fc7c00b6763207.exe",
            "filetype": "4D5A9000",
            "filesize": "9KB",
            "hash_sha256": "0af0b4bffa67145e4e5ecd2321bb7790e9c14ed802a7984798fc7c00b6763207",
            "strings": [
                "!This program cannot be run in DOS mode.",
                ".text",
                "`.rsrc",
                "BSJB",
                "v4.0.30319",
                "#Strings",
                "#GUID",
                "#Blob",
                "Microsoft.Win32",
                "<Module>",
                "PAGE_EXECUTE_READWRITE",
                "MEM_RESERVE",
                "MEM_PHYSICAL",
                "MEM_TOP_DOWN",
                "MEM_RESET_UNDO",
                "System.IO",
                "MEM_LARGE_PAGES",
                "MEM_RESET",
                "MEM_COMMIT",
                "value__",
                "mscorlib",
                "VirtualAlloc",
                "lpThreadId",
                "CreateThread",
                "Synchronized",
                "defaultInstance",
                "get_Message",
                "IDisposable",
                "RuntimeTypeHandle",
                "hHandle",
                "GetTypeFromHandle",
                "DownloadFile",
                "Console",
                "set_FileName",
                "GetDirectoryName",
                "WriteLine",
                "Combine",
                "flAllocationType",
                "get_Culture",
                "set_Culture",
                "resourceCulture",
                "ApplicationSettingsBase",
                "Dispose",
                "EditorBrowsableState",
                "CompilerGeneratedAttribute",
                "GuidAttribute",
                "GeneratedCodeAttribute",
                "DebuggerNonUserCodeAttribute",
                "DebuggableAttribute",
                "EditorBrowsableAttribute",
                "ComVisibleAttribute",
                "AssemblyTitleAttribute",
                "AssemblyTrademarkAttribute",
                "TargetFrameworkAttribute",
                "AssemblyFileVersionAttribute",
                "AssemblyConfigurationAttribute",
                "AssemblyDescriptionAttribute",
                "CompilationRelaxationsAttribute",
                "AssemblyProductAttribute",
                "AssemblyCopyrightAttribute",
                "AssemblyCompanyAttribute",
                "RuntimeCompatibilityAttribute",
                "set_UseShellExecute",
                "SetValue",
                "value",
                "loadermode 64bit aes.exe",
                "dwStackSize",
                "dwSize",
                "System.Runtime.Versioning",
                "String",
                "GetFolderPath",
                "Marshal",
                "System.ComponentModel",
                "kernel32.dll",
                "param",
                "Program",
                "System",
                "Enum",
                "resourceMan",
                "Main",
                "get_Location",
                "System.Configuration",
                "System.Globalization",
                "System.Reflection",
                "MemoryProtection",
                "Exception",
                "CultureInfo",
                "ProcessStartInfo",
                "Zero",
                "SpecialFolder",
                "get_ResourceManager",
                "System.CodeDom.Compiler",
                "CurrentUser",
                ".ctor",
                ".cctor",
                "IntPtr",
                "System.Diagnostics",
                "dwMilliseconds",
                "loadermode 64bit aes",
                "System.Runtime.InteropServices",
                "System.Runtime.CompilerServices",
                "System.Resources",
                "loadermode_64bit_aes.Properties.Resources.resources",
                "DebuggingModes",
                "loadermode_64bit_aes.Properties",
                "lpThreadAttributes",
                "ReadAllBytes",
                "dwCreationFlags",
                "Settings",
                "Process",
                "lpAddress",
                "lpStartAddress",
                "set_Arguments",
                "Concat",
                "WaitForSingleObject",
                "flProtect",
                "System.Net",
                "op_Explicit",
                "get_Default",
                "WebClient",
                "Environment",
                "Start",
                "set_CreateNoWindow",
                "OpenSubKey",
                "RegistryKey",
                "get_Assembly",
                "GetEntryAssembly",
                "Copy",
                "Registry",
                "WrapNonExceptionThrows",
                "Copyright ",
                "  2023",
                "$5cb364e3-67ab-4109-b9ce-e195b5332153",
                "1.0.0.0",
                ".NETFramework,Version=v4.8",
                "FrameworkDisplayName",
                ".NET Framework 4.8@",
                "3System.Resources.Tools.StronglyTypedResourceBuilder",
                "4.0.0.0",
                "KMicrosoft.VisualStudio.Editors.SettingsDesigner.SettingsSingleFileGenerator",
                "11.0.0.0",
                "lSystem.Resources.ResourceReader, mscorlib, Version=4.0.0.0, Culture=neutral, PublicKeyToken=b77a5c561934e089#System.Resources.RuntimeResourceSet",
                "PADPADP",
                "RSDSg",
                "C:\\Users\\NEW LIFE\\Source\\Repos\\loadermode 64bit aes\\loadermode 64bit aes\\obj\\x64\\Debug\\loadermode 64bit aes.pdb",
                "<?xml version=\"1.0\" encoding=\"UTF-8\" standalone=\"yes\"?>",
                "<assembly xmlns=\"urn:schemas-microsoft-com:asm.v1\" manifestVersion=\"1.0\">",
                "  <assemblyIdentity version=\"1.0.0.0\" name=\"MyApplication.app\"/>",
                "  <trustInfo xmlns=\"urn:schemas-microsoft-com:asm.v2\">",
                "    <security>",
                "      <requestedPrivileges xmlns=\"urn:schemas-microsoft-com:asm.v3\">",
                "        <requestedExecutionLevel level=\"asInvoker\" uiAccess=\"false\"/>",
                "      </requestedPrivileges>",
                "    </security>",
                "  </trustInfo>",
                "</assembly>",
                "powershell",
                "Add-MpPreference -ExclusionPath \"",
                "BlockHost.exe",
                "SOFTWARE\\Microsoft\\Windows\\CurrentVersion\\Run",
                "http://85.209.176.59/server/bin/windowscachelogsregistry.bin",
                "helha.bin",
                "An error occurred: ",
                "loadermode_64bit_aes.Properties.Resources",
                "VS_VERSION_INFO",
                "VarFileInfo",
                "Translation",
                "StringFileInfo",
                "000004b0",
                "Comments",
                "CompanyName",
                "FileDescription",
                "FileVersion",
                "InternalName",
                "LegalCopyright",
                "LegalTrademarks",
                "OriginalFilename",
                "ProductName",
                "ProductVersion",
                "Assembly Version"
            ]
        }
    ]
}