{
    "malware_data": [
        {
            "filename": "6ac22a2ffff11e63d6ff1b8c08d5fcff2e12ef16e4a72c17a52adef74e9766e0.elf",
            "filetype": "7F454C46",
            "filesize": "77KB",
            "hash_sha256": "6ac22a2ffff11e63d6ff1b8c08d5fcff2e12ef16e4a72c17a52adef74e9766e0",
            "strings": [
                "/Ln\"O~",
                "|?&O",
                "B#a=A(1",
                "#kH-",
                "s3`?",
                "C;\"\"!",
                "s3`~",
                "R(\"L",
                "3#d2/",
                "p-H-J-\\-",
                "}A)!",
                "G2.{\"bc\"!",
                "Q{#2&",
                "3{\"2-\"!",
                "3bi#",
                "@d-<-h-",
                "/\"OD",
                "2+S704",
                "<6`a",
                "B#amA(1",
                "^ckk",
                "Al1s`",
                ";\"\"!",
                "2s`\"a",
                "6#db/",
                "6nPZ",
                "0hR;",
                "2iSoP",
                "QnP9",
                "Gi'x'",
                "F0 0",
                "3;Rba",
                "`gsa",
                "\"h=H",
                "Q,9,<",
                "Lds`H$",
                "lfSa",
                "s#e04",
                "/sm\"O,",
                "ap8\"#",
                "qX%V",
                " !Cb",
                "r aSm",
                "s3m8",
                "q8# !",
                "/\"O}",
                "a`1$",
                "RdH$",
                "\"\\e|",
                "\"\\eq",
                "\"\\ef",
                "\"\\e[",
                "\"\\eP",
                "\"\\eE",
                "\"\\e:",
                "\"\\e/",
                "\"\\e$",
                "/\"Oy",
                "P#a(q",
                "`+!o",
                "S)!m",
                "C)!;!",
                "0#9m",
                "B(t^",
                "r(p(",
                "/Ln\"Op",
                "/\"Of",
                "5T*z",
                "!)!}",
                "-a4q",
                "q-k'",
                "i) @",
                "A,yL",
                "b r0\"",
                "s4p1",
                "`+!~",
                "S)!|",
                "1,A81",
                "2,P,Q",
                "/\"Oh",
                "C-A1",
                "C*{U",
                ")!;!",
                "+,q6",
                "/Ln\"Oq",
                ";-b.",
                "/Ln\"O",
                "2-Q)S",
                "$S$P(s",
                "R}He",
                "Q2((r",
                "=B|2",
                "c#g#a",
                " \"aqc",
                "x1(@",
                "3\"Q6S",
                "{ !R",
                "=@\"S*",
                "R+!%",
                "g)!@",
                "2$U{!",
                "tMdC",
                "z$|Q",
                "S-A-",
                "CMd#",
                "d\"Oc",
                "R(\"$",
                "V)AW",
                "-aBq",
                "q7b-l&",
                "A:yN",
                "q9 @",
                "b.r0\"",
                "sBp1",
                "BPum",
                "CLui",
                "@Huf",
                "Umf!.",
                "Ty 3",
                "\"'rP",
                "@**RJ",
                "-a@a",
                "2-a)B,1",
                "\"OCYDX",
                "mkUa",
                "a)I9!9\"",
                "2#a)A",
                "&O'`",
                "/\"O`",
                "b(\"3",
                "/\"OO",
                "h)(?",
                "C;\"\"!=",
                "3'0O",
                "9\"+`",
                "raRc",
                "\"3`ba",
                "@: ra* 2'",
                "/\"O;",
                "=BSf",
                "Fz\"Z&*&",
                "B*&l`ca",
                "dSjce",
                "Sf-C",
                "CCg:&",
                "b-R!",
                "\"B.@",
                "C:\"\"$",
                "ech#f",
                "Bj\":\"",
                "C:\"!$",
                "sb=Bcc",
                "Cz\"3aj!R)*!",
                "Bb+*!",
                "\",b+",
                "/\"OAP",
                "/\"O<",
                "qb/Q",
                "@-E6",
                "P-L&",
                "`-b|1",
                "q2'!!",
                "q!!!&",
                "w<2W7",
                " 1\"P",
                "!sQ8",
                "HCe4",
                "HCe)",
                "HCe%",
                "s`3`1",
                "C{#k#",
                "!B!B",
                "2#a.",
                "gfff",
                "qbdQ",
                "Urdu",
                "4Rba",
                "WsUP0",
                "l33Q",
                "#Q#c",
                "<2si1",
                "rqaT",
                "A3dF",
                "a(161",
                "A,1s`",
                "7;\"\"!",
                "Qbb<1",
                "8#,1",
                "q#lH",
                ",a01B",
                "wv3,",
                ",a01",
                ")pao",
                "r/3d",
                "C#e'",
                "!a#g",
                "Al13`",
                "3{\"\"!",
                "Sa)A",
                "AScSb",
                ">h.`",
                "d^cba|1",
                "b:\" !ba|1",
                "\" !ba|1",
                "wJ\" !",
                "Pb(\"",
                "s3`\\",
                "/\"Ot` ",
                "84lc",
                "a&1ca(",
                "s<aV1",
                "ca(1",
                "s3`L",
                "@acc",
                "r#`L",
                "/cj\"O<",
                " !3b",
                "bs`(\"4",
                "c|30a",
                "`@!$",
                "VaVa",
                "tVbVc",
                "R`QQRR",
                "@Sa(EF/T0",
                "/T0T0k",
                "EF/T0",
                "T0T0T0T0",
                "J (D",
                "DF/(D",
                "DV/$D",
                "aT1C`$@SdT1$@T1$@T1$@T1$@T1$@T1$@",
                "$@F/",
                "DV/[eD",
                "5Kd]`",
                "P0C`",
                "(ET0T0T0",
                "T0T0",
                "/T0T0T0",
                "`T0T0T0T0T0T0T0T0",
                "T0T0T0T0T0T0T0T0",
                "(ET0",
                "/T0T0T0T0T0T0T0",
                "T0T0T0T0T0T0",
                "(DCa",
                "ASd$AT0$AT0$AT0$AT0$AT0$AT0$AT0",
                " 0@P`p",
                " (08@HPX`hpx",
                " $(,048<@DHLPTX\\`dhlptx|",
                "XVUUU",
                "oDBAAA",
                "5'%I",
                "\"OBd",
                "/\"OCRDQ",
                "ChCe,",
                "uBd*",
                "a|1!",
                "/Sm\"OP",
                "!clCn",
                "b#k&a",
                "A@y3",
                "7!` ",
                "dt0B",
                "CcSdcesf",
                "q)!h",
                "(w2\"$q3",
                "/S`\"O",
                "Sa)! 1",
                "c,q(s",
                "\"!$x#",
                "268$",
                "@#d@",
                "\"O&O",
                "#c#a s",
                "22!3",
                "cPbWbe",
                "\"OX%Cc",
                "&O+A",
                "/\"OBl",
                "ZBfA-",
                "{fA<",
                "R\"`j",
                "R\"`N",
                "/Cn\"OA\\",
                "{fA;",
                ")#3m",
                "l-L3Q",
                "C,32a",
                "Q,161",
                ",=,>}",
                "a[asc",
                "#h#Q",
                "R=AY",
                "2%R#",
                "d<584$",
                "Bca=A+!sb=B",
                "/\"Os",
                "R)$H$",
                "KcI#c",
                "ZBfA7",
                "2!Q#i#l9!",
                "#g87",
                "'sf(6cb",
                "R!s`a",
                "3b\"a",
                "X%Si",
                "(w2\"$qq",
                "wrb6",
                "/\"OH",
                "$q&1<",
                "s2b#a",
                "d+A&OX",
                "d+A&OV",
                "Cb)BC`",
                "@Ca+ ",
                "D)!Ld",
                "MdC`",
                "/\"O3",
                "C fh&",
                "q&17",
                "y3`h&v",
                ")!)B",
                "R-c)B2",
                "QSbr/Ce",
                "d+A&O_",
                "d+A&O]",
                "Qcesf",
                "/\"O)",
                "VSc^3cdn4",
                "^3n43`Cb",
                "Z1j2",
                "^7n8sa",
                "^3n43gCb",
                "^1n2",
                "{$Z3j43aCh",
                "n8sc",
                "CMBsaMA",
                "{$Z3j43gCb",
                "{\"Z1j2",
                "{$^3n43gCb",
                "{\"^1n2",
                "Z3j43gCb",
                "{$Z3j43b3`",
                ".0>1",
                "@t5B",
                "d+A&O",
                "L2\"a",
                "2\"+c`saD",
                "RcTb",
                "{Tb !",
                "|-#2+Va",
                "Vb-!",
                "u=\"#",
                "RgTa",
                "uVc)G",
                "'r+)CVb",
                ")BVc",
                ")CRg",
                "RbTa",
                "|3a}A",
                "CVb#a}A;!",
                "BVc3a}A+!",
                "u#a}A;!",
                "Sgp4cb)",
                "Ccsal1",
                "Cf,6b7",
                "se+A#f",
                "C`y!",
                "C`C`y!",
                "sCf|3,60bca",
                "q !@1",
                "sfCc,6",
                "`a3`",
                "psfCc",
                "CiCcl3\\e3a",
                "P$3a",
                "qP!Ca",
                "qP!3a",
                "0F6(G",
                "c,7l3r ",
                "/\"OBa",
                "h1x371",
                "/Ca\"OSg(",
                "/Ch\"O",
                "+A&O",
                "Bb 5",
                "bS`s",
                "BbR$",
                "c\\0s",
                "Bc3b\\2\"$",
                "BbY\"\"$",
                "Bb[\"\"$",
                "/Cg\"O",
                "C`SRCc",
                "QVRe",
                "\"OCR",
                "#e\"`",
                "\"QSf",
                "#gDQ",
                "tQrS",
                "uQ<6b\"",
                "RRRaSS+g",
                "VQRjQ",
                "R(\"^",
                "T1RJQ",
                "sfsh",
                "ceR>",
                "v=f<`",
                "+,;-",
                "V=F<",
                "F]Acg",
                "2&\\']",
                "##d6",
                "DK%D",
                "5#f.6",
                "6fT\"",
                "WzR(\"",
                "AWBP@t[",
                "C:3l",
                "36\"5",
                "Uh&%",
                "B3a*2Sc",
                "G261",
                "/Cj\"Ob",
                "bay%",
                ",5bb'a",
                ",4B3",
                "cx3B3^",
                "B\"5D",
                "cx3B3",
                " ba\\1",
                "/Ck\"O",
                "A-E4",
                "b|r\"P",
                "\")|y",
                "/Cg\"OJwEVpaChKS",
                "r+!66",
                "Q8#,1)",
                "/H$\"O ",
                "ChCa@q",
                "d3ej6",
                "/CiLy\"O",
                "Ca@q",
                "PzLx",
                "SlV6k",
                "a=A#l=I",
                "C(FId",
                "G(FId",
                "g-HY",
                "eydYf",
                "a-C:",
                "#mK-@",
                "e9dYf",
                "d0d0d0d0d0d0d0d0d0d0d0d0d0d0d0d0",
                "l0$A",
                "\"0(0",
                "\\0X0Ia",
                "POST /cdn-cgi/",
                " HTTP/1.1",
                "User-Agent: ",
                "Host: ",
                "Cookie: ",
                "http",
                "url=",
                "POST",
                "93.123.85.19",
                "abcdefghijklmnopqrstuvwxyzABCDEFGHIJKLMNOPQRSTUVWXYZ012345678",
                "&;; ",
                "5:?;",
                "<!: acam",
                " 18:1 ",
                "0125!8 ",
                "$5''#;&0",
                "509=:",
                "\"=.,\"",
                "'!$$;& ",
                "?;d509=:",
                "efg`a",
                "!'1&",
                ",<8#",
                ":217 10",
                "=3< t0=0t= 't>;6T",
                "'<188T",
                "1:5681T",
                "'-' 19T",
                "{6=:{6!'-6;,t",
                "nt5$$81 t:; t2;!:0T",
                ":7;&&17 T",
                "{6=:{6!'-6;,t$'T",
                "{6=:{6!'-6;,t?=88tymtT",
                "{$&;7{T",
                "{1,1T",
                "{20T",
                "{95$'T",
                "{$&;7{:1 { 7$T",
                "{' 5 !'T",
                "z5:=91T",
                "{$&;7{:1 {&;! 1T",
                "{7908=:1T",
                " 9${T",
                "05 5{8;758T",
                "% ,6; T",
                "5&9T",
                ",lbT",
                "'<`T",
                "9=$'T",
                "9$'8T",
                "'05T",
                "9 0T",
                "6; T",
                "<5?5=T",
                "{1 7{&1';8\"z7;:2T",
                ":591'1&\"1&tT",
                "544?9.354`z1??*w;63,?Z",
                "99?*.`z.?\".u2.76v;**639;.354u\"2.76q\"76v;**639;.354u\"76a+gjtcv37;=?u-?8*vpupa+gjtbZ",
                "99?*.w",
                ";4=/;=?`z?4w",
                "v?4a+gjtbZ",
                "54.?4.w",
                "#*?`z;**639;.354u\"w---w<5(7w/(6?495>?>Z",
                "5513?r}Z",
                "(?<(?)2`Z",
                "659;.354`Z",
                ")?.w95513?`Z",
                "954.?4.w6?4=.2`Z",
                ".(;4)<?(w?495>34=`Z",
                "92/41?>Z",
                "9544?9.354`Z",
                ")?(,?(`z>5);((?).Z",
                ")?(,?(`z965/><6;(?w4=34\"Z",
                "{01\"{#5 7<0;3T",
                "{01\"{9='7{#5 7<0;3T",
                "{'6=:{#5 7<0;3T",
                "{6=:{#5 7<0;3T",
                "{01\"{#5 7<0;3dT",
                "{1 7{0125!8 {#5 7<0;3T",
                "{1 7{#5 7<0;3T",
                "5''#;&0T",
                ";3=:T",
                "1: 1&T",
                "e365`70;9ag:<$ef1=d?2>T",
                "5 366;uotjzr",
                "34>5-)z",
                "zkjtjaz",
                "lnsz",
                "**6?",
                "3.uoimtilzr",
                "vz631?z",
                "?915sz",
                "2(57?uoktjthmjntkjiz",
                ";<;(3uoimtilZ",
                "2(57?uohtjthmnitkklz",
                "zltkaz",
                ";934.5)2az",
                "4.?6z",
                "3.uljktmtmzr",
                "?()354uctkthz",
                ";<;(3uljktmtmZ",
                "oMXKNNC",
                "uKLFMUQ",
                "cRRNGuG@iKV",
                "ijvon",
                "NKIG",
                "eGAIM",
                "aJPMOG",
                "qCDCPK",
                "oCAKLVMQJ",
                "kLVGN",
                "tGPQKML",
                "AMORCVK@NG",
                "oqkg",
                "vPKFGLV",
                "kLDMrCVJ",
                "oqkgaPCUNGP",
                "oGFKC",
                "aGLVGP",
                "dWLuG@rPMFWAVQ",
                "dKPGDMZ",
                ";!&71t",
                ":3=:1t",
                "!1&-T",
                "{01\"{",
                "#5 7<0;3T",
                "ede{#5 7<0;3T",
                "/dev/null",
                " !\"#",
                ".shstrtab",
                ".init",
                ".text",
                ".fini",
                ".rodata",
                ".ctors",
                ".dtors",
                ".data",
                ".bss"
            ]
        }
    ]
}