{
    "malware_data": [
        {
            "filename": "ffeb3720ee75e1819e7275b0742ff382765579d882124beffa9a34a306d62495.elf",
            "filetype": "7F454C46",
            "filesize": "28KB",
            "hash_sha256": "ffeb3720ee75e1819e7275b0742ff382765579d882124beffa9a34a306d62495",
            "strings": [
                "EBUPX!,",
                "&IUU",
                "PTRh",
                "Z[^T",
                "3UPj",
                "U{<:T",
                "<c_.f",
                "8RxHP",
                "/PUP",
                "+6 (8",
                "~\\8nP",
                "N4V<v",
                "aWT$",
                " Uw4",
                "PX[Z",
                "f+p:YDh",
                "xPPf",
                "f?\\b",
                "\\V%- ",
                "mX0C",
                "C(V3n",
                "F2QQj",
                "KlAR",
                "62R{",
                "4S(A",
                "L22D",
                "S`@rrI",
                "7XhL",
                "Yp(m",
                "C6`5",
                "FHpp!",
                "9@2tLr ",
                "h@Ht",
                "-lns",
                "mC0,8",
                "<V2R",
                ":PP+",
                "{<PA4`5A?C2D",
                "$Cr ",
                "\\$LS",
                "X$/9",
                "VS3VS[",
                "VS7#",
                "DpO{",
                "^v0DF",
                "zB QVS]",
                "8PV}",
                "ToHH",
                "f*:j",
                "WMJv\\",
                "Ia>Y",
                "}wd4",
                "uEAD",
                "(<LT",
                "+FSSL$LQ",
                "xIl$<U",
                "4PQ1",
                "n((v",
                "5\\$,SMO",
                "Nd0L:9",
                ".pn\"\\",
                "naUU",
                ">h!+",
                "pP|M",
                "zQ\"<RR",
                ">xfj",
                "PQRr",
                "\\VWX",
                "2?_XhD",
                ".|V|(",
                "?/t,",
                "UhP9@",
                "Q%XZ",
                "#Z{QWK6",
                "uhpD",
                "?ZYhS_",
                "Tk#Y",
                "r CKK",
                "rKLL",
                " W LY",
                "MMZ%",
                "t*bc\\",
                "T=<RcP",
                "O$Q &",
                "BD7 Q",
                "H5!(",
                "C\"8\\",
                " t4ZP>",
                "}Q`WT",
                "lbo0",
                "A`WWUD",
                "GSSTX",
                "-ixw",
                "nlaA",
                "-SuD",
                "S.(}'",
                "XSoX",
                "hA+|,",
                "xwGxKH",
                "\\j$.",
                "gGCya",
                "GQ&E",
                "a5Nj",
                "\\NPt",
                "PWC ",
                "#R]d",
                "K=@u.;",
                "B}v(",
                "h-tb{{",
                "vA9(aS",
                "g];O",
                "h/H2",
                "AR)t)",
                "QUUJ",
                "_yP^",
                "vmZY&",
                "_h0IHA",
                "Y[|YZY",
                "5!aaT",
                "L2^^^",
                "`[[2",
                "eee ",
                " ggL2",
                "2ccd ",
                "7WKl",
                "d@}-",
                "]X~{",
                "kg`~",
                "3phd",
                "f|!_=X",
                "bLlG",
                "Y[^ZP",
                ".oaqw)h",
                "VV{?k",
                "\\$%&%",
                "\\r'*+",
                ",-./\\r",
                "%012r",
                "\\679%",
                "\\r;<=",
                "Y[x\"",
                "`)*.",
                "\\.L/`H\\.",
                "\\0\\D1",
                "X@2T.",
                "\\.<3P8\\.",
                "\\4L45",
                "H06D.",
                "\\.,7@\\\\.",
                "\\9<X;",
                "8T<4.",
                "\\.P=0(",
                "\\>,$):",
                "5bmJ",
                "9HH%",
                "\\rHHH",
                "HHHH\\r",
                "%HHHr",
                "\\HHH%",
                "HHHH^r",
                "%HHH_",
                "4B1;",
                "`MJ@",
                "\"9Hht",
                "`%gl",
                "\\hE2",
                "=`/j|",
                "TD{Pr",
                "$@L$",
                "A<HAr",
                "Ar4$0r",
                "$T,$",
                "AP(Ar",
                "hqj ",
                "CKj}",
                "(wG_Xhv",
                "XWyc",
                "wm3!",
                "60<Z",
                "=,4!j",
                "#SB$1",
                "`rT'",
                "_L$HQ+",
                "_A6h",
                "RRc<1",
                "y8h?",
                "~]o=",
                "a>>%JM",
                "n:gS",
                "48T@9",
                "@h ^",
                "q(K(",
                "<Ay[",
                "ebCrN",
                "NEB*",
                "I5_&",
                "qWa'^",
                "PC&yn",
                "w43bTT",
                " IJI",
                "EiU-D",
                "Df!;C",
                "u7@@Gp",
                "8-??",
                "O=.=#",
                "A@<<FO",
                "+?=9",
                "78y:",
                "4*-R",
                "0=:0h",
                ".mCe",
                "/wx%",
                "rJ1.YT.",
                ".8.x.",
                "A;=h6",
                "Z*T>C)*)a",
                "dvEC4Cg3",
                "ris]",
                "3%%f#E",
                "R;D_",
                "#.#R",
                ":|Z+",
                "cU)c0",
                "o9\"**q",
                "lvOQ",
                "T;Q?^3",
                "ew'W",
                "$iw:R",
                "2P#N",
                "wLU]",
                "HKV69",
                ".3ooE",
                "T>jI",
                "H]8x8f",
                "z;nhu",
                "KKoN*",
                "w~Jk",
                ".SAq",
                "_=8G",
                "$#%/9",
                "QyHX",
                "=GUQ",
                "kPlmn",
                "-dB.",
                "GA`M",
                "u.Rx",
                "V$\"8",
                "O.\\`",
                "[(,]",
                "09Q~",
                "7iv-{`",
                "u}J577T",
                "M.&ir",
                "|7ii",
                "*HJ6iv",
                ",m:mPf",
                "yf4f",
                "/cUm[",
                "<#3u",
                "9 /(s,s",
                "K&V0s",
                "9 \\s",
                "Y`gd",
                "/Yh)l",
                ";Yp%",
                " W0!",
                "%Sr ",
                "\\(,G$##",
                "hM@D#",
                "<$#L",
                "hsPL",
                "U)X\\Y",
                "pt?tt",
                "\\/yH",
                "I>Sh",
                "<##0",
                "6! Y",
                "XFIc",
                "tubH^",
                "ohtd",
                "nhTe!",
                " u$F&",
                "uh4f(@",
                "yF,u@h",
                "8gI> ",
                "<{ghlg'",
                "$HPL22",
                "YPR%",
                "3TPRh",
                "LihSl",
                "tSeh",
                "xJ|`",
                "l*wet]r",
                "L-Eu",
                "h(]S$",
                "xPKJ",
                "6(rCA-",
                "~ABN",
                ")K*Hx",
                "+NSu",
                "^WXx",
                "PRQW",
                "Z^JZ",
                "6kUb",
                "_X;F",
                "<+>Gc",
                "@(D4",
                "<,H0 ",
                "@DHTHsrL",
                "<uL-",
                "@m|'\"",
                "<YXp&$",
                ":(1<",
                "u@Th8Fd",
                "`A'xH",
                "`MoI",
                "dZk<u",
                ";\\r[>9B",
                "9A*t",
                "b42+k",
                "\\$0h`",
                "$10v",
                "M?&h",
                "IVi8",
                "Y|i)",
                "|Q+c",
                "(c,,",
                ";5{u8",
                "Du/7",
                "6xv.",
                "9ls?",
                "d`*P",
                "lR*;X,Jy",
                "L05M",
                "fb8)",
                "B,h~N",
                "4l,h",
                "sx6_",
                "\\O<7",
                "tRp.",
                "5\\rA",
                "t3VKv",
                "SSPQ)",
                ";S P",
                "}?G\"",
                "[<>XRh",
                "`#G?",
                "\\,hhC",
                "\\$ ShYX%t",
                " <xu",
                "\"wab",
                "(<`v ",
                ":Lfv",
                "u%WWS",
                "ZY^ ",
                "kGle==",
                "\"[X[",
                "a3 0",
                "}g_ 8",
                "npj@;",
                "'vbG",
                "mR5^1",
                "GB$JP",
                "r)lu*",
                "Pd\\QAg",
                "> Ja",
                "W\\$(",
                "(4A,",
                "0PCy",
                "\\$C ",
                "i4 8(@",
                ".u5A",
                "[Q00",
                "'ZfB",
                "T /cdn-cgi/",
                " HTTP/1.1",
                "User-Agen[",
                "Cookie3\";",
                "http",
                "url=",
                "217.19080",
                "kkp,p",
                "v0125!8",
                ",<8#",
                "#$6;b",
                ",7gaae",
                "&;;Z?8\"efg",
                "8,,z",
                "?;d\"=.,\"",
                "-@9=:",
                "<=ve",
                "75 edfm",
                "~::=1fdt\"<",
                "!'1&",
                "$5''",
                "#;&~",
                "\"dv&8",
                "93dd",
                "<188",
                "1:5681",
                "{6=:!$6;,t",
                "; k(",
                "t2;!:0:78&",
                " i{{",
                "$'!?=",
                "tymt,",
                "95m?:",
                "{ 7$",
                "p[`?",
                "!  g",
                ";jz,",
                "`:2:5b",
                "62*7![s",
                "65`7@9ag:",
                "*1=d?2>",
                "vFTPjGNRGPlKeeGp",
                "qMPCnmc",
                "LIQ5 z",
                "wkwvkW{o",
                "EWHGkSL",
                "AAcf",
                "G!ARW",
                "KLDM",
                "`mem",
                "rq0F.",
                "NFCN&E",
                "IHDVFGT",
                "UC`JFME",
                "~OKQA'dvufv",
                "toqe",
                "iknncvvi",
                "mDHjx",
                "XZJMQVuWXvPG",
                " uQec",
                "cFpKCermqv",
                "8LKRAL",
                "ZON%RKAFGQAAVP",
                "jlcr",
                "*EK|AEKVOwL@f_`",
                "?eRMLd",
                "IGGR",
                "a3\\`QV4MI",
                " HFKLEJW",
                "NQCP",
                "WFDN",
                "](|d10t",
                "!&71t",
                "-*cC",
                "|CJ`N",
                "KOCE",
                "GpG@R",
                "nCW>",
                "oMXK",
                "uNMUQ",
                "UviKVP",
                "Vijvon",
                "MLaJ",
                ":`Mp",
                "h0<U",
                "rvJ\"",
                "m/d(v",
                "xWLRr",
                "FWAVQg",
                "EROY",
                "Wmy^",
                "/dB/nulGU;",
                "JF>$ ",
                "CAk[S",
                "T$(9",
                "H+|$,",
                "$Info: This file is packed with the UPX executable packer http://upx.sf.net $",
                "$Id: UPX 3.94 Copyright (C) 1996-2017 the UPX Team. All Rights Reserved. $",
                "PROT_EXEC|PROT_WRITE failed.",
                "(/proc/self/exe",
                "[jUX",
                "POv<",
                "jZh[",
                "lEf}",
                "UPX!u",
                ".8(<",
                "~,|E",
                "@bQs4",
                "$o7\\",
                "lj2h",
                "'xp[",
                "j-\\.",
                "j.0U",
                ".shstrtab",
                "init",
                "texfi",
                "roda4",
                "ctors",
                "7'bs",
                "ynW{F",
                "KnO,",
                "3   ",
                "O@q@",
                "O>$IX",
                "UPX!"
            ]
        }
    ]
}