{
    "malware_data": [
        {
            "filename": "f76f3d2a4869993480d8d78173440b74d79206085f27d43c2531faffe99121e6.elf",
            "filetype": "7F454C46",
            "filesize": "58KB",
            "hash_sha256": "f76f3d2a4869993480d8d78173440b74d79206085f27d43c2531faffe99121e6",
            "strings": [
                " NUPX!",
                "5N&\"a",
                "u.G~",
                "aU`p",
                "P7{D",
                "$@lk",
                "Vs4Cc",
                "=&-Nc",
                "mDg*",
                "\"SO]d",
                "z79T",
                "-I:h",
                "H+.}",
                "UOxy^",
                "8DI(R",
                "[8.[",
                "R|4G",
                "J~J!s2>",
                "L~>u",
                "%)|7",
                "2:SN0",
                "`!ZG",
                "j;5C",
                "7Tp>",
                "D|Vs",
                "EaG1",
                "p_,W",
                "M[:>Y",
                "gIE\\",
                "wT,xr",
                "Jj_3F3",
                "vCTf+",
                "nrhW",
                "D5\\:",
                "4$=5",
                "n<aTB",
                "E\"}K4",
                "`wT|",
                "\"b@6u",
                "o*-p",
                "HPN(",
                "{g.8",
                "=s(.?",
                ",}*[;Ca",
                "F>/~s",
                "&q~kC",
                "dtghw",
                "b3e>w",
                ";`$$",
                "S(2(",
                "UA;U_",
                "sNv@",
                "oC]\"",
                "^?q%",
                "Qt,F",
                "?V;4",
                "=#,\\1*",
                "1(q\"3c",
                "CFFW",
                "l~?X",
                ",HV-",
                "S#K.h",
                "\\w[*~",
                "S0!X",
                "b}v ^",
                "Liab",
                "v>2i)",
                "B8sg",
                "rmw+-",
                "-@>z",
                "I<Bm",
                "+$S$V",
                "uG!mg_XJ?}#",
                "N:P5",
                "&PLC",
                "tZ{4",
                "rhnx",
                "3(g)9",
                "E(,5",
                "[mgx",
                "pru ",
                "=u`i",
                "VxMZ",
                "/L`Q",
                "N#ur",
                "9h3_~=",
                "iL4|]",
                "C!A8x",
                "hQ2v",
                "9b_A",
                "+:&:",
                "Uj19",
                "O^4u.",
                "i9!B",
                "F^P0'Y",
                ",J2j",
                "_U:E%'",
                "1.Ar",
                ".(-&",
                "5{P\"",
                "Uj+i7",
                "1*eS",
                "9vfE",
                "m#^J",
                "CTG>",
                "0;Yo",
                "Z!YL",
                ",hL&",
                "qr~G",
                "VQn\"+",
                "KGV+",
                "i+MFeZU7o",
                "W9qt",
                "tMDs",
                "BlPd",
                "Jx$7",
                "PtBc",
                "1TNY",
                "QQvU&0:",
                "`o;6",
                "-c:~",
                "\\>n9",
                "r~A,",
                "}mjRd|",
                ".Uuns",
                ".CQV7",
                "2%27",
                "+*fA",
                "A%hf",
                "r9]P7",
                "8j-m;",
                "^_}P",
                "vIf$",
                "CgR?'",
                "0cF|",
                "oP9x",
                "D|V=",
                "/+}E",
                "F.O:",
                "Wm~_",
                "`bN=|",
                "uXi8;",
                "mJ#Y7~",
                ">R3j",
                "d8)t",
                "1`M-",
                "wDlO+$",
                "=f! u",
                "t;sa\"",
                "m!+Z",
                "LJ92",
                "8f8!",
                "'{ox",
                "Xq)F{)|,cY",
                "bh4 ",
                "cn9u",
                "H#;8KO",
                "9vWk",
                "*2a$\\",
                "{24O~J",
                "Xec)",
                "Q@%[",
                ">)Uz",
                "W_iU",
                "b1>K",
                "BHf8l",
                "~]dsv",
                "\"_gT",
                "R9aU%9",
                "sn.@",
                "o)=k",
                "ml@.",
                ":M#{",
                "Z%jk",
                "j8o b",
                "Za0K`?",
                "<6R\"",
                "~cy\"",
                "8~Gr)",
                "oz~5",
                "GU+i",
                "!|d[v",
                ":;GB",
                "YW+q",
                "QI$!",
                "TA6Fr",
                "l*&.",
                "DK:D2",
                "I:kH",
                "_B);",
                "[#o<",
                "MoriM",
                "O`,t&@ZFb)",
                "ns%#8",
                "f+h/]0",
                "Y[-I",
                "|m/Q*",
                "Cc_i",
                "o.L?O",
                "rUK*s",
                "YYj*-",
                "!3%'",
                "IbT{",
                "ImZR",
                "$-]}",
                "_l ,",
                "z#NX",
                "L2AU",
                "f.4g",
                "X-]r",
                "d;mr",
                ",}nC>",
                "9Y`\"",
                "y{C&l",
                "BSk]",
                "06LZ",
                "x4^ui",
                "2p!g",
                "~v7z",
                "2a<$",
                "N~B-o",
                ".#&1Y",
                "`lW?X",
                "@`/T",
                "C7iJ",
                ">6z-]",
                "!w'|",
                "S^A8",
                "x%MH",
                "4A_(U",
                ">0yW",
                "$yDg#$",
                "[2{J",
                ":JfWY",
                "g&6KT",
                "*P('d",
                "Hw3x",
                "w4Hl",
                "PrlH",
                "vO[rM",
                "bIVN",
                ">(w0",
                "s^aNr",
                "WAF[",
                "/Cx3",
                "|9,3",
                "_Y4&.",
                "R}W9L",
                "BBRt",
                "Sgwyf",
                "qihG",
                "K^Vb",
                ";!mm",
                "^s6y<",
                "/,E8",
                "mP8X",
                "agnu,",
                "A*;_",
                "{d&J",
                ":-Ie",
                "[7XE!:e",
                "V$.#4{.",
                "4_&I",
                "%8V1",
                "tiHK",
                "DvBO",
                "WK0xJ",
                "\\VG>2SZ",
                "p)rs",
                "oim2",
                "DFSL",
                "#(Z]",
                "{8V#P",
                "yr#`f",
                "boFN",
                "rz$N<",
                "uQ*G",
                "c'Q:",
                "0LSe",
                "z-Kl",
                "{ts=",
                "eY( ",
                "&M`2$",
                "y'0{",
                "~?v=",
                "/&}r",
                "O#&;",
                "R? L",
                "{0~g",
                ".)eI",
                "99ScVv",
                "PY{Y",
                "fv:U",
                ":/WX",
                "}uUq",
                "Gm<j",
                "&MX}",
                "[,}v",
                "#Z.(",
                "_hBPkd",
                "V`+Z/9f",
                "X\"4-",
                "<1xN",
                "2N=Z",
                "K;s]",
                "{q|bXW",
                "\"6pz",
                "0T9O|",
                "~nYM",
                "o,)v",
                "d6G[",
                "WZ+6",
                "|1Ud",
                "fg,x",
                "Hka'y",
                "N\"U)",
                "Qgfc",
                "(JpMi",
                "*+Gj\\",
                "gM5n",
                "x2^'a",
                "~x'/",
                "b&OH",
                "z?71xk+",
                " ~P;",
                "gW&O-{t",
                "RgL|l",
                "0`!d`",
                "dtPe",
                "S]Mo",
                ",(/?",
                "nVUOh",
                "Mv;_",
                "_OQ7",
                "*>E]",
                ".jo*E",
                "#'2X",
                "'5FE",
                "!08i|",
                "R)PE",
                "\\\\651",
                ">Ge p",
                "n3-[j^",
                "v'_h",
                "1FlN",
                "/pe8>",
                "@i[)-",
                "l!.d",
                "6M;s",
                "Q<'H",
                "h9_}",
                "<7xp",
                "u\"JR",
                "=s$T",
                "Bx{2",
                "Jq7v",
                "~vo@O",
                "WP4+",
                "D\"@K",
                ";W@|",
                ":@3b@Xi:PL",
                "@\\%d",
                "S'Wf",
                "O=D6",
                "[o$}",
                "9iwu",
                "(6UL0",
                "4qYg",
                "U!w&",
                "o9@F",
                "P1@i",
                "s?XO",
                ",>m%",
                "(;2Q",
                "/0wX",
                "3L%{",
                "bEEF",
                "K!t ",
                "$c,b9",
                "+C@Z}Z",
                "T}N$",
                "/wyW",
                ",J<d",
                "V-V,",
                "mD!y:",
                "}q\"4",
                "m%:G",
                "#>ai",
                "nkhA",
                "u='P",
                "Lp)+",
                "*6a1a",
                "MSh(4%p",
                "b5yeSX",
                ")_WP",
                "6=}a",
                "jU$n[",
                "Pb4o",
                "F4_5",
                "d3jh",
                "JK|4",
                "3M20M",
                "WsVB",
                "sH_f`",
                ">.#[",
                "@%'>",
                "/+=3",
                "U&3$l",
                "TR h",
                "O\"zYt",
                "2;bN",
                "|`u;",
                "g<'|Dk",
                "8ad3iT",
                "47Nw p",
                "Ft*#KS|ff",
                "/XWH",
                "|*o|",
                "*Xg3",
                "lJ[C",
                "^Gi!",
                "'$Ji",
                "Ld34",
                "f5&1",
                "SPjn_",
                "Q\\dW",
                "or1)",
                "8e{<p_?k",
                "3R*_",
                "Fu'c",
                "N^O{]",
                "(i`0r",
                "7t$=-",
                "58p&L",
                "Nbhf#",
                "@iFP",
                "yf:@",
                "W!co",
                "BiY\\.",
                "t('J",
                "!p'x^:",
                "7wc]#I",
                "nhW\"",
                "PEt'",
                "&BZ@",
                "@'W0kx",
                "_<Z`",
                "<k)&,4$B",
                "uGIW",
                "1m@!u",
                "Pb )",
                "PROT_EXEC|PROT_WRITE failed.",
                "$Info: This file is packed with the UPX executable packer http://upx.sf.net $",
                "$Id: UPX 3.94 Copyright (C) 1996-2017 the UPX Team. All Rights Reserved. $",
                "5n9#",
                "]=2)",
                "%b')",
                "/Cw@Z&",
                "9e(1",
                "xjqX",
                "/Vv<",
                "-zL0U",
                ":LM'",
                "~!'\"?",
                "gn;>",
                "`dOW",
                ">G\"V",
                "G0KT",
                "o9ruVu{",
                "A3Zp",
                "5(Ix5",
                "[NI.",
                "[zu%Z",
                "b/h>@%",
                " ;\\4",
                "+Ofp",
                "tgAU",
                "3*@H",
                "`*|nux",
                "OI)&@",
                "W^$!W&",
                "M)9(",
                "\\Y#?F<5'",
                "}Hs%",
                "~hMCc",
                "ni-E",
                "}AF ",
                "1#%1",
                "VV9]",
                "4%]bf`Y",
                "SN)P",
                "0f31",
                "V&:-",
                "DnMi",
                "O%;rn",
                "8!{^",
                "w|.>dg",
                "AFt(",
                "v|6o[u",
                "U(6rs",
                "J)cj",
                "bkF/",
                "{A|x",
                "'l4{C",
                "na'kJ",
                "Y\\%B2",
                "P0dU*",
                "Df5WW",
                "vl<8",
                ";p3>t",
                "XM0s",
                "_!5s",
                "i?s4",
                "8PSM",
                "NVs?",
                "bEah",
                "Tm)V>",
                "Sjgj",
                "x?\"gD",
                "a8\"\"",
                "e\"Mp",
                "W[=?4e",
                "Z$X5",
                "5RJG",
                "8W:~",
                "Qk;%",
                ";AE;(",
                "WhVz",
                "qys#",
                "ubqO{",
                "hbD#",
                "Wk\"\\",
                "K=/%",
                "(I(5",
                "Pt]7",
                "DfoP3pKC",
                "CuWs",
                "f\"{Z",
                "3X>82;[D",
                "0fPW5",
                "x>(;",
                "v7T|",
                "+jYk",
                "J[~4t",
                "v3Q<",
                "iKRF",
                "j2ys",
                "NZ`M[b",
                "G'3*!",
                "w)kt",
                "(H4g",
                "pw4!",
                "Ass>",
                "lWtB",
                "f@ =7",
                "ctkz",
                "{gnJ",
                "D\"qN",
                "oAYe",
                "G}9\"",
                "'g3.u9",
                "r[/N",
                "Ey~Y",
                "il%zz",
                "kP`A",
                "TAQ02",
                "g)J4",
                "Vk%^",
                "5g~<",
                "\\d*\\yj",
                "j{kS",
                "?oT.0",
                "dTi#",
                "Rm^vJh",
                "`h^E",
                "DbbP",
                "GPAP",
                "AVR}",
                "a}`s",
                " x$N\"",
                "lXa<",
                "#Z?u",
                ";3!^)J",
                "}Q8W",
                "G@UUZ#",
                "iohd",
                "PiHb",
                "D!T^F",
                "O9DJ",
                "RRrG",
                "{W#}",
                "&yn^",
                "N`0Q",
                "qyFV",
                "[jZ[",
                "mc:M",
                "'qMIg",
                "K3}n",
                "N{{`",
                "~d1>",
                ":KY*",
                "Tq~9W",
                "mDmn",
                "i6k=n",
                "Mik~",
                "b4|.\\9",
                "V3X,,`",
                "dlu@",
                "b}ID",
                "y/Br",
                "y-s|",
                "TEc'",
                "U&}7",
                "{P7,",
                ":V]om\"$",
                "MYhAI",
                "m:-#t#$M",
                "KUWSO",
                "A^N3t",
                "5/ CI",
                "VR H",
                "s87vn",
                " RKR",
                "\\G$a8p",
                "#r6m",
                "TJCaa",
                "oE`L",
                "O]JJ",
                "6<FVc",
                "cJ=V",
                "d~JI",
                "y?y(",
                "W8kfJ",
                "U4+X",
                "NXPX?",
                "T?hA",
                "UZg\"",
                "#?LZ",
                "RN#_",
                "_@[~",
                "0g2I2",
                "Dke92",
                "^H.K",
                "B{C\\",
                "H<CS",
                "C1-%q",
                "egKF",
                "|(?B",
                "7Ej-",
                "9]d*gN",
                "x|EFu",
                "0DJ|4",
                "$N(A",
                "1m%&0{",
                "qxPm",
                "Zn^,",
                "MH:`8",
                "d:?f|Q",
                "0RR!",
                "`.^)",
                "x*$,",
                "|n@3",
                "jyGb",
                "UBe5",
                "q5<r",
                "'q&X",
                "g#t|",
                " Tjx",
                "3@eWQ",
                "Y;X5nU",
                "[Fb\"",
                "fOIO",
                "cDb.dt",
                "e.w.",
                "twbF",
                "[AeurH,",
                "gmte",
                "KHGm:",
                "*G=}8",
                "Q=Gy",
                "jvT.",
                "lb8oR0)%",
                "g4*-",
                "~#Dt",
                "=;t-",
                "',/8u*",
                "xX)FJ",
                "/zHn",
                "(8~%6",
                "mQx3",
                "%U:l",
                "hHHE",
                "nV_o",
                "S;G]",
                "3O7F",
                "y{^9",
                "4;Yb",
                "=sX\"",
                "AJOM",
                "g_={",
                "gU=kg",
                "UPX!"
            ]
        }
    ]
}