{
    "malware_data": [
        {
            "filename": "faf860a503e3988eae118fcce67a6c37aa321bf9c6dd450e0fe641b8ca68a3e2.exe",
            "filetype": "4D5A9000",
            "filesize": "173KB",
            "hash_sha256": "faf860a503e3988eae118fcce67a6c37aa321bf9c6dd450e0fe641b8ca68a3e2",
            "strings": [
                "!This file was created by ClamAV for internal use and should not be run.",
                "ClamAV - A GPL virus scanner - http://www.clamav.net",
                "CLAM",
                ".clam01",
                "SVWj",
                "$j$3",
                "SUVW",
                "Y_^3",
                "PjeP",
                "h(,A",
                "h$,A",
                "Vhp,A",
                "NxRW",
                "hp,A",
                "ht+A",
                "h\\+A",
                "h@+A",
                "h0+A",
                "nhx*A",
                "ghX*A",
                "`h4*A",
                "/h\\)A",
                "(h8)A",
                "t]U3",
                ";_^][",
                "UUUU",
                "t$ WV",
                "_I^]",
                "_^][",
                "_H^]",
                "7_^][",
                ">_^[",
                "_^[#",
                "^[_]Y",
                "D$ VP",
                "D$ P",
                "_^]3",
                "tN_^][",
                "u!Sh",
                "|$,W",
                "PVVPPP",
                "tkVSV",
                "L$ V",
                "L$\\PQ",
                "l$`U",
                "L$\\P",
                "~=9Y",
                "E< t",
                "</-u",
                "</+u",
                "FVRP",
                "^][Y",
                "|$$3",
                "uX9H",
                "u59H",
                "<w&;",
                "F;|$",
                "T$$QR",
                "<w;9",
                "T$(F",
                "t$ t",
                "L$(;",
                "D$ t",
                "D$(3",
                "D$$+",
                "D$ C",
                "D$ E",
                "QSUV",
                "\\$ ;",
                "v|;l$",
                "v8;l$",
                "T$ R",
                "_^][Y",
                "[t\";",
                ",SVW",
                "GGGG",
                "`SVW",
                "\\$$;",
                "t$$VU",
                "0SVW",
                "L$XSUPQ",
                "t$\\3",
                "QVRP",
                "VRQP",
                "D$,QRP",
                "PQPR",
                "T$,V",
                "L$,RPQ",
                "T$TPRPQ3",
                "VQVP",
                "T$,RV",
                "L$8WVQU",
                "T$8P",
                "D$$Q3",
                "D$DRP",
                "T$ QP",
                "L$@3",
                "D$(A",
                "L$0]",
                "D$dP",
                "t$d;",
                "T$XQR",
                "L$lQ",
                "RVPQ",
                "MZu3",
                "YQPj",
                "5H,A",
                "VVVVV",
                "YYuTVWhw",
                "F958=A",
                "54=A",
                "58=A",
                "SSSSS",
                "=0=A",
                "WVS3",
                "WWWWW",
                "uaVj",
                "uL9=(FA",
                "58>A",
                "=4>A",
                "%(>A",
                "-$>A",
                "=D,A",
                "u&h0",
                "PPPPP",
                "<Yv8V",
                "]_^[Y",
                "S99t",
                "t$<\"u",
                ">=Yt/j",
                "tJVUP",
                "Y]_^[",
                ">\"u&",
                "< tK<",
                "5(=A",
                "SSS+",
                "@PVSS",
                "t#SSUP",
                "t$$VSS",
                "_^][YY",
                "jThH",
                "j(j ^V",
                "Rj(j ",
                "5D0A",
                "t$hd",
                "5@0A",
                "YYt:V",
                "teh)",
                "YYt4V",
                "Y__^[",
                "\\$ UV",
                "9csm",
                "T$(j",
                "D$,9h",
                "QSUVW",
                "YYr|",
                "YYt+",
                "9MZt",
                "j h0",
                "t+Ht",
                "5 FA",
                "Yu'9",
                "YYu-9D$",
                "~,WPV",
                "98t^",
                "tVPV",
                "t/9U",
                "%,FA",
                "ueSj",
                "@_^[",
                " VW}",
                "j?^;",
                "Yt.V",
                "Yt\"V",
                " SVW",
                "tm95@FA",
                "5@FA",
                "50FA",
                "0SSSSS",
                "_^[]",
                ";587A",
                "587A",
                "0A@@Ju",
                "95DFA",
                "EHFA",
                "Wto=",
                "t^9(uZ",
                "tD9(u@",
                "=@:A",
                "Y_^][",
                "Fpt\"",
                "URPQQh",
                "L$,3",
                "UVWS",
                "[_^]",
                "@@FF",
                "wIVSP",
                "9=(FA",
                "FVSj",
                "tC9U",
                "Ht$G",
                "GG@@",
                "Ht'f",
                "GG+}",
                "u8SS3",
                "9]$SS",
                "t)9]",
                "t\"9]",
                "9] u",
                "9] SS",
                "oV f",
                "o^0f",
                "of@f",
                "onPf",
                "ov`f",
                "o~pf",
                "v$;5$;A",
                "PPPPPPPP",
                "t&:a",
                "SVWUj",
                "]_^[",
                ";t$,v-",
                "UQPXY]Y[",
                "VW|[;",
                "95P;A",
                "=t<A",
                "=P;A",
                "5P;A",
                "YYt}",
                "~%9M",
                "r 8^",
                "WWWWV",
                "t<Vj",
                "t+WWVPV",
                "u,9u",
                "h 9A",
                "N+D$",
                "^_[3",
                "CorExitProcess",
                "mscoree.dll",
                "runtime error ",
                "TLOSS error",
                "SING error",
                "DOMAIN error",
                "R6034",
                "An application has made an attempt to load the C runtime library incorrectly.",
                "Please contact the application's support team for more information.",
                "R6033",
                "- Attempt to use MSIL code from this assembly during native code initialization",
                "This indicates a bug in your application. It is most likely the result of calling an MSIL-compiled (/clr) function from a native constructor or from DllMain.",
                "R6032",
                "- not enough space for locale information",
                "R6031",
                "- Attempt to initialize the CRT more than once.",
                "This indicates a bug in your application.",
                "R6030",
                "- CRT not initialized",
                "R6028",
                "- unable to initialize heap",
                "R6027",
                "- not enough space for lowio initialization",
                "R6026",
                "- not enough space for stdio initialization",
                "R6025",
                "- pure virtual function call",
                "R6024",
                "- not enough space for _onexit/atexit table",
                "R6019",
                "- unable to open console device",
                "R6018",
                "- unexpected heap error",
                "R6017",
                "- unexpected multithread lock error",
                "R6016",
                "- not enough space for thread data",
                "This application has requested the Runtime to terminate it in an unusual way.",
                "R6009",
                "- not enough space for environment",
                "R6008",
                "- not enough space for arguments",
                "R6002",
                "- floating point not loaded",
                "Microsoft Visual C++ Runtime Library",
                "<program name unknown>",
                "Runtime Error!",
                "Program: ",
                "EncodePointer",
                "KERNEL32.DLL",
                "DecodePointer",
                "FlsFree",
                "FlsSetValue",
                "FlsGetValue",
                "FlsAlloc",
                "InitializeCriticalSectionAndSpinCount",
                "kernel32.dll",
                "GetProcessWindowStation",
                "GetUserObjectInformationA",
                "GetLastActivePopup",
                "GetActiveWindow",
                "MessageBoxA",
                "USER32.DLL",
                " !\"#$%&'()*+,-./0123456789:;<=>?@ABCDEFGHIJKLMNOPQRSTUVWXYZ[\\]^_`abcdefghijklmnopqrstuvwxyz{|}~",
                " !\"#$%&'()*+,-./0123456789:;<=>?@abcdefghijklmnopqrstuvwxyz[\\]^_`abcdefghijklmnopqrstuvwxyz{|}~",
                " !\"#$%&'()*+,-./0123456789:;<=>?@ABCDEFGHIJKLMNOPQRSTUVWXYZ[\\]^_`ABCDEFGHIJKLMNOPQRSTUVWXYZ{|}~",
                "HH:mm:ss",
                "dddd, MMMM dd, yyyy",
                "MM/dd/yy",
                "December",
                "November",
                "October",
                "September",
                "August",
                "July",
                "June",
                "April",
                "March",
                "February",
                "January",
                "Saturday",
                "Friday",
                "Thursday",
                "Wednesday",
                "Tuesday",
                "Monday",
                "Sunday",
                "SunMonTueWedThuFriSat",
                "JanFebMarAprMayJunJulAugSepOctNovDec",
                "CONOUT$",
                "GetTickCount",
                "GetModuleHandleA",
                "KERNEL32.dll",
                "SetDlgItemTextA",
                "DialogBoxParamA",
                "EndDialog",
                "GetDlgItem",
                "GetWindowLongA",
                "SetWindowLongA",
                "SendMessageA",
                "LoadIconA",
                "LoadBitmapA",
                "SendDlgItemMessageA",
                "USER32.dll",
                "GetCommandLineA",
                "HeapFree",
                "GetVersionExA",
                "HeapAlloc",
                "GetProcessHeap",
                "GetStartupInfoA",
                "GetProcAddress",
                "ExitProcess",
                "EnterCriticalSection",
                "LeaveCriticalSection",
                "GetLastError",
                "TerminateProcess",
                "GetCurrentProcess",
                "UnhandledExceptionFilter",
                "SetUnhandledExceptionFilter",
                "IsDebuggerPresent",
                "WriteFile",
                "GetStdHandle",
                "GetModuleFileNameA",
                "FreeEnvironmentStringsA",
                "GetEnvironmentStrings",
                "FreeEnvironmentStringsW",
                "WideCharToMultiByte",
                "GetEnvironmentStringsW",
                "SetHandleCount",
                "GetFileType",
                "DeleteCriticalSection",
                "TlsGetValue",
                "TlsAlloc",
                "TlsSetValue",
                "TlsFree",
                "InterlockedIncrement",
                "SetLastError",
                "GetCurrentThreadId",
                "InterlockedDecrement",
                "HeapDestroy",
                "HeapCreate",
                "VirtualFree",
                "QueryPerformanceCounter",
                "GetCurrentProcessId",
                "GetSystemTimeAsFileTime",
                "LoadLibraryA",
                "InitializeCriticalSection",
                "Sleep",
                "VirtualAlloc",
                "HeapReAlloc",
                "GetCPInfo",
                "GetACP",
                "GetOEMCP",
                "RtlUnwind",
                "HeapSize",
                "MultiByteToWideChar",
                "GetLocaleInfoA",
                "SetFilePointer",
                "GetConsoleCP",
                "GetConsoleMode",
                "FlushFileBuffers",
                "ReadFile",
                "LCMapStringA",
                "LCMapStringW",
                "GetStringTypeA",
                "GetStringTypeW",
                "SetStdHandle",
                "WriteConsoleA",
                "GetConsoleOutputCP",
                "WriteConsoleW",
                "CloseHandle",
                "CreateFileA",
                "epoint_x",
                "double_inverse",
                "nres_double_inverse",
                "epoint_double_add",
                "epoint_getxyz",
                "set_io_buffer_size",
                "big_to_bytes",
                "bytes_to_big",
                "strong_bigrand",
                "prepare_basis",
                "mul2_brick",
                "ebrick2_init",
                "ecurve2_mult2",
                "ecurve2_multn",
                "ecurve2_mult",
                "ecurve2_multi_add",
                "ecurve2_sub",
                "epoint2_negate",
                "ecurve2_add",
                "epoint2_comp",
                "epoint2_get",
                "epoint2_norm",
                "epoint2_set",
                "epoint2_init",
                "ecurve2_init",
                "ecurve_multi_add",
                "epoint_negate",
                "nres_dotprod",
                "nres_multi_inverse",
                "epoint_norm",
                "mul_brick",
                "ebrick_init",
                "ecurve_multn",
                "powmodn",
                "nres_powmodn",
                "set_user_function",
                "pow_brick",
                "brick_init",
                "lucas",
                "nres_lucas",
                "nxsafeprime",
                "trial_division",
                "ecurve_sub",
                "ecurve_mult2",
                "nres_premult",
                "sqroot",
                "nres_sqroot",
                "nres_powmod2",
                "epoint_get",
                "epoint_set",
                "epoint_init",
                "ecurve_mult",
                "ecurve_add",
                "ecurve_init",
                "nres_negate",
                "nres_modsub",
                "nres_modadd",
                "fmodulo",
                "remain",
                "divisible",
                "nres_powltr",
                "nres_moddiv",
                "nres_powmod",
                "nres_modmult",
                "redc",
                "nres",
                "prepare_monty",
                "powmod2",
                "cinstr",
                "cotstr",
                "instr",
                "otstr",
                "crt_init",
                "fft_mult",
                "powltr",
                "gprime",
                "flop",
                "facosh",
                "fcosh",
                "fasinh",
                "fsinh",
                "fatanh",
                "ftanh",
                "facos",
                "fcos",
                "fasin",
                "fsin",
                "fatan",
                "ftan",
                "fpowf",
                "flog",
                "fexp",
                "froot",
                "fpower",
                "expint",
                "logb2",
                "build",
                "sftbit",
                "frand",
                "ftrunc",
                "fincr",
                "fpmul",
                "frecip",
                "fconv",
                "fcomp",
                "fsub",
                "fadd",
                "fdiv",
                "fmul",
                "mround",
                "mr_shift",
                "dconv",
                "fpack",
                "xgcd",
                "mirsys",
                "subtract",
                "putdig",
                "multi_inverse",
                "mirvar",
                "isprime",
                "nxprime",
                "bigrand",
                "bigdig",
                "powmod",
                "power",
                "nroot",
                "cotnum",
                "cinnum",
                "cbase",
                "egcd",
                "fdsize",
                "subdiv",
                "premult",
                "decr",
                "incr",
                "divide",
                "multiply",
                "normalise",
                "jack",
                "otnum",
                "innum",
                "your program",
                "Undefined error",
                "Composite modulus",
                "No irreducible basis defined",
                "Base must be binary (MR_ALWAYS_BINARY defined in mirdef.h ?)",
                "Unable to control Floating-point rounding",
                "Specified basis is NOT irreducible",
                "Specified double length type isn't double length",
                "Number Base must be power of 2",
                "Exponent too big",
                "No modulus defined",
                "Illegal modulus ",
                "MIRACL not initialised - no call to mirsys()",
                "I/O buffer overflow",
                "Flash to double conversion failure",
                "Log of a non-positive number",
                "Numbers too big",
                "Flash overflow",
                "Integer operation attempted on Flash number",
                "Attempt to take illegal root",
                "Raising integer to negative power",
                "Even root of a negative number",
                "Out of space",
                "Illegal parameter usage",
                "Illegal number base",
                "Input format error",
                "Internal result is negative",
                "Overflow - Number too big",
                "Division by zero attempted",
                "Number base too big for representation",
                "              called from ",
                "MIRACL error from routine ",
                "                          ",
                "abcdefghijklmnopqrstuvwxyz",
                "ABCDEFGHIJKLMNOPQRSTUVWXYZ",
                "L~o|D",
                "#<-g",
                "         (((((                  H",
                "         h((((                  H",
                "                                 H",
                "Acme CAD Converter Keygen",
                "MS Shell Dlg",
                "Generate",
                "Exit",
                "Inc/BRD"
            ]
        }
    ]
}