{
    "malware_data": [
        {
            "filename": "fb631c667cdf59c841076c9bc2c4a55e4de46a5bdaf45d73842597808877dda1.exe",
            "filetype": "4D5A9000",
            "filesize": "348KB",
            "hash_sha256": "fb631c667cdf59c841076c9bc2c4a55e4de46a5bdaf45d73842597808877dda1",
            "strings": [
                "!This program cannot be run in DOS mode.",
                "|oRich",
                ".text",
                "`.rdata",
                "@.data",
                ".rsrc",
                "h02B",
                "hx2B",
                "Phh3B",
                "Phh4B",
                "h 5B",
                "ht2B",
                "ht5B",
                "h\\3B",
                "h(6B",
                "hT4B",
                "hp6B",
                "ht6B",
                "h|6B",
                "h<7B",
                "hP7B",
                "hx7B",
                "h,8B",
                "hh8B",
                "h 9B",
                "ht9B",
                "h :B",
                "hH:B",
                "h@;B",
                "hL;B",
                "h@&B",
                "Rj@h",
                "hJ&B",
                "@SVW",
                "5xJB",
                "RhdJB",
                "h`&B",
                "<SVW",
                "hp&B",
                "0SVW",
                "QQSVW",
                ",SVW",
                "hDKB",
                "M0Qje",
                "+M Q",
                "+E P",
                "M0+M",
                "U0Rje",
                "U0+U",
                ";E$v",
                "M$+M",
                "HSVW",
                "FYY;u",
                "_^[]",
                "~+9u",
                "G0)0",
                "~+9M",
                "G4)0",
                "PQWP",
                "FD^]",
                "t19M",
                "ui9}",
                "HHtt2",
                "vLWj",
                "t}9>uyj",
                "9~<u",
                " s{j",
                "N<WP",
                "QQSV",
                "9^<u",
                "9^Lth",
                "t_9]",
                "F 98u",
                "FAPPW",
                "9^Lty",
                "FAPPQ",
                "9^Lt",
                "^<^[",
                "5,XE",
                "=,XE",
                "50XE",
                "=0XE",
                "F09^(u",
                "h$MB",
                "h8YE",
                "%8YE",
                "=\\YE",
                "=4YE",
                "hDMB",
                "uXj4",
                "$HMB",
                "5<YE",
                "QQSVWd",
                "QSVW",
                "<$Xf",
                "Sj Z",
                "0;1t|",
                "hPDE",
                "hi+B",
                "PPPPPPPP",
                "tG9}",
                "0WWWWW",
                "PPPPP",
                "X_^]",
                "5l[E",
                "5h[E",
                "Y__^[",
                "WWWWW",
                "@uwV",
                "@WuyV",
                "[_^]",
                "VVVVV",
                "~,WPV",
                "98t^",
                "tVPV",
                "t/9U",
                "SSSSS",
                "SVW3",
                "t$9}",
                "t)9u",
                "@_^]",
                "=MOC",
                "=csm",
                "8csm",
                "9csm",
                "~SSV",
                "~@;H",
                ">csm",
                "taSV",
                "YYPV",
                "t)SV",
                "Hu4j",
                ">MOC",
                "s[S;7|G;w",
                "9>u&",
                "h,GE",
                "tR99u2",
                "r,9Y",
                "@_^[]",
                "to=dDE",
                "=XLE",
                "Y_^[]",
                "5T0B",
                "5X0B",
                "Wj6Y",
                "Fpt\"",
                "= ME",
                "=8IE",
                "^_[]",
                "<.u4",
                "PVj@",
                "_trP",
                ",uRP",
                "=X0B",
                "^H_[",
                ">CuW",
                "uQhHMB",
                "@PVW",
                "hXNB",
                "5PGE",
                "vSSSh",
                "h0IE",
                "PhD[E",
                "~-8]",
                "@@8X",
                "QW@Ph",
                "W@Ph",
                "~S8]",
                "u8SS3",
                "9] u",
                "5H0B",
                "9]$SS",
                "t)9]",
                "t\"SS9]",
                "u,9E",
                "^SSSSS",
                "_VVVVV",
                "80t.",
                "^WWWWW",
                "SQRP",
                "jdRP",
                "Wj0V",
                "|-;E",
                "h4WB",
                "oV f",
                "o^0f",
                "of@f",
                "onPf",
                "ov`f",
                "o~pf",
                "h@WB",
                "hlWB",
                "5([E",
                "50[E",
                "t$h@WB",
                "Fh ME",
                "5,[E",
                "5P0B",
                "h|WB",
                "=$[E",
                "=([E",
                "=,[E",
                "5$[E",
                "teh kA",
                "54[E",
                "t&:a",
                "0SSSSS",
                "5@[E",
                "HH_^[",
                "5 JE",
                "h,XB",
                "=PMB",
                "hPMB",
                "<v8V",
                "S99t",
                "=t[E",
                ">=Yt1j",
                "tNVSP",
                "Y[_^",
                "5t[E",
                "%t[E",
                ">\"u&",
                "< tK<",
                "@@f9",
                "5\\0B",
                "SSS+",
                "@PWSS",
                "t!SS",
                "j@j ^V",
                "[j@j ",
                "ueSj",
                "@_^[",
                " VW}",
                "j?^;",
                "=haE",
                "VVhU",
                "5DdE",
                "j hX",
                "t+Ht",
                "Pj1Q3",
                "F Pj*",
                "F$Pj+",
                "F(Pj,",
                "F,Pj-",
                "F0Pj.",
                "F4Pj/",
                "F8PjD",
                "F<PjE",
                "F@PjF",
                "FDPjG",
                "FHPjH",
                "FLPjI",
                "FPPjJ",
                "FTPjK",
                "FXPjL",
                "F\\PjM",
                "F`PjN",
                "FdPjO",
                "FhPj8",
                "FlPj9",
                "FpPj:",
                "FtPj;",
                "FxPj<",
                "F|Pj=",
                ";5lDE",
                "{>Vj",
                "v$;5",
                "C PjPV",
                "C$PjQV",
                "C(Pj",
                "C)Pj",
                "C*PjTV",
                "C+PjUV",
                "C,PjVV",
                "C-PjWV",
                "C.PjRV",
                "C/PjSV",
                ";5HQE",
                "5HQE",
                "0A@@Ju",
                "95PdE",
                "Fh= ME",
                "=T0B",
                "ETdE",
                "|FVW",
                ",aB<",
                "u49^",
                "Vj@h",
                "=D1B",
                "j@Sh",
                "t,j@",
                "C@Ph",
                "5ldE",
                "9] SS",
                "tR:Q",
                "t<:Q",
                "t&:Q",
                "QWVP",
                ",0GG",
                "WWWWV",
                "t<Vj",
                "t+WWVPV",
                "uaVj",
                "uL9=",
                "wIVSP",
                "FVSj",
                "N+D$",
                "SSSSW",
                "@PWV",
                "WVU3",
                "SVWUj",
                "]_^[",
                ";t$,v-",
                "UQPXY]Y[",
                "URPQQh",
                "L$,3",
                "UVWS",
                "SVWj",
                "j\"^SSSSS",
                "QSWVj",
                "@u^V",
                "t$HHt",
                "HHtYHHt",
                "HHty+",
                "RPSW",
                "90tW",
                "WSj0",
                "WSj ",
                "VVVV",
                "Y_^[",
                "h|oB",
                "$loB",
                "$XoB",
                "$<oB",
                "h$oB",
                "tl9]",
                "tC9]",
                "Ht$C",
                "CC@@",
                "Ht(f",
                "CC+]",
                "95PSE",
                "=DTE",
                "=PSE",
                "5PSE",
                "~%9M",
                "r 8^",
                "VW|[;",
                "u09u",
                "VW9]",
                "u99u",
                "u,VVWV",
                "u#9u",
                "t VV9u",
                "r\"9U",
                "50TE",
                "9]$u",
                "<+t(<-t$:",
                "+t HHt",
                "K<5}",
                "0K;]",
                "u+9u",
                "5,1B",
                "@tH9",
                "^_[3",
                "%x0B",
                "h#+B",
                "h7+B",
                "h@XE",
                "h-+B",
                "hA+B",
                "hK+B",
                "hU+B",
                "h_+B",
                "bad allocation",
                "wgfxiyffwhfthwzkjstrfytmtgrvcrhpvwwyrbdpwyguhmuwdewktrefewezlckfhwz",
                "xhfdkvehuuenklletz",
                "yxiawcuo",
                "molvkmzckcbkypxdly",
                "ctvwbkoyznheahvisyusggcdgyruttjvfyvexfukeyzmxlohawxsukwxsstnkfomujo",
                "wiwru",
                "vkljdctmcompgsvoev",
                "dreirsbgotjkxyxtezxgiymbmjqqgfke",
                "trxpgmheqxelrdxxekkwuxqzxqonuwxoccfpvwjylnsifofobfuesutqdvqwdhaculfrpystg",
                "grsbjvhfohwomomxczpyncklfzpbpbrsoxpnwbinsbqekttovylwknppsbedarzqwaeygbairlinqcki",
                "ayloivrzhahrzyo",
                "xgpvjsheelqhy",
                "tcmcezgaijarrzklmokopmiapnjzvynfgrjeabpqxmfophyjilhgnlexkkgzcomxfbbpztqupnzplbpikxabdwqlbxwuxtj",
                "srwfqnhktksrdfcwnvlbrnfjsryrwtfsjdyxljexeccmnc",
                "snpulfmcwrwaggaqxofhelhjwvxfpqteabmhvexqcchodscmabqlokbsncbfkuuikanogb",
                "xccwulj",
                "mmgfmyzrpkgapkxkjzox",
                "gtcbiruhvdsyhatkqmhpjvklwgecjvctugswb",
                "zxefunwibqibimfidvqhwpcbqgopafgmfgdmtjyfmahlsioeninh",
                "stbxylmtqkimjvtcf",
                "oucqzuhygfjaxaxezhccsibzcvafhizxqjwo",
                "xbanttvxoaeitcaknyphhevgdgtslwsvtssgoryfiucdmdxspcwezzigxicowgvlcrlnyqrcgvceawdvaibuowponzidfzwq",
                "kpdykgqyekmhxftehnijngcfyfgcbqyszkmaxdbksqxwpjzuxrtwybnlyexeohaxwrjrftly",
                "gckzvhskohudjeewyrwfcswwnrnijcvpsxqwlbkgmprslbbwxltdorrua",
                "rtuudyjwbovucpepgisaszcfoywghcctakjlmrxzvtm",
                "ylaarxrsimnoadwbwttbbnezaxlt",
                "eiktkrnwynrabihqxvxehbramkcerlutuhandgfsaxyazkzeqnxyxeazlgjqnxrlywlvfmgglgale",
                "gmpyxbvxrxgdjlpzvfspfdc",
                "mwflgurflnasaujjgdgnnitjxeckiirxojprxybitbvnvgwyrmsyevnoskwnmdzxbfideqrhdygbmrdivq",
                "igsrfiuzmhqlxigbiugwaall",
                "pktzmuuttvxjskbibjvm",
                "xriwkxjasgrtkshhikzbkjdwlkqvsnwrcxwfkbohakodmnm",
                "nuoqjlaqqjvtzjibbsmnzzxjtjhtkryahfzztgnnsxhpwcztbirrydjfaqwodfehgjzv",
                "dqplctpsirbbtofdvkkrfzinkwkzpjugmzybweo",
                "sirlhwysfjyqeqsbozgyqllgqtxkzitirmytgngzwjmmhbmdnfjxxypcxbtscilzjwfl",
                "uiydtlliecbavwyixt",
                "hgjtdvifgjcjcnsifskcgqhtnnhqfjercrbrssuvxgpycvdydyaxnnxngtgerbpmmjqigeqfnceqkoizynk",
                "inpjgpbcnllokwgdnceasaxrevusiymjojzyijqcrtortoulepxbrbwyvedvvsk",
                "tpnysepy",
                "fntynmbjtguzbagekwqdoqohfgtmklbdfx",
                "VirtualProtect",
                "vercthmamrfyrofvlngoeozucjxokhzbfaffwrhzbryfjuwrwgxftmxpnoiqmzaxh",
                "[^Z_",
                "]]yc",
                "^-C@\\s",
                "M\\Vn",
                "_{M-\\6",
                "\"]uP>^",
                "y}^?",
                "xR^b",
                "r1^vk",
                "].yj^",
                "0W\\V",
                "X]K ",
                "c8^U",
                "{$\\Y",
                "\\rsM]",
                "a&]Z",
                "fq\\F",
                "\\PVs^",
                "2N]kx",
                "@\"\\<",
                "\\xi0]",
                "}z^rD",
                "^ ?7]",
                "6]6XO\\F",
                ">]Px",
                "2@^>",
                "4,]P",
                "^)Q\\]",
                "Q+]WB",
                "S]RpP\\",
                "\\X6S]9H",
                "\"]bn",
                "'<\\hC",
                "^Bf/^{",
                "^n2,\\$",
                "N]j]O\\",
                "L%]a",
                "vB]]M",
                "(]|9",
                "FM]}",
                "Q7]q 1\\",
                "\\~?/]",
                "^>[N]",
                "]U\";]",
                "G]Y@",
                "]x!8]U6",
                "y/\\#",
                "c\\(5",
                ";]LiD\\@",
                "\\D\"W]",
                "\\w}.]",
                ",]pO",
                "0]MG",
                "s^0Z",
                "=]pf",
                "7]G<G\\",
                "6J\\U",
                "}^e]",
                ";[\\3",
                "X\\+z",
                "^j{Q]",
                "M]?Y",
                "^l3Z\\0",
                "_v;j^",
                "^[x;^",
                "5IGarbage value: ",
                "@Class 1 - X: ",
                ", Y: ",
                "Value is greater than 0.5",
                "?Class 2 - Name: ",
                ", Value: ",
                "ios_base::eofbit set",
                "ios_base::failbit set",
                "ios_base::badbit set",
                "bad cast",
                "raB3G%p",
                "false",
                "true",
                "string too long",
                "invalid string position",
                "Unknown exception",
                "bad exception",
                "LC_TIME",
                "LC_NUMERIC",
                "LC_MONETARY",
                "LC_CTYPE",
                "LC_COLLATE",
                "LC_ALL",
                " !\"#$%&'()*+,-./0123456789:;<=>?@ABCDEFGHIJKLMNOPQRSTUVWXYZ[\\]^_`abcdefghijklmnopqrstuvwxyz{|}~",
                " !\"#$%&'()*+,-./0123456789:;<=>?@abcdefghijklmnopqrstuvwxyz[\\]^_`abcdefghijklmnopqrstuvwxyz{|}~",
                " !\"#$%&'()*+,-./0123456789:;<=>?@ABCDEFGHIJKLMNOPQRSTUVWXYZ[\\]^_`ABCDEFGHIJKLMNOPQRSTUVWXYZ{|}~",
                "e+000",
                "GAIsProcessorFeaturePresent",
                "KERNEL32",
                "EncodePointer",
                "DecodePointer",
                "FlsFree",
                "FlsSetValue",
                "FlsGetValue",
                "FlsAlloc",
                "(null)",
                "( 8PX",
                "700WP",
                "`h````",
                "xpxxxx",
                "CorExitProcess",
                "runtime error ",
                "TLOSS error",
                "SING error",
                "DOMAIN error",
                "R6034",
                "An application has made an attempt to load the C runtime library incorrectly.",
                "Please contact the application's support team for more information.",
                "R6033",
                "- Attempt to use MSIL code from this assembly during native code initialization",
                "This indicates a bug in your application. It is most likely the result of calling an MSIL-compiled (/clr) function from a native constructor or from DllMain.",
                "R6032",
                "- not enough space for locale information",
                "R6031",
                "- Attempt to initialize the CRT more than once.",
                "This indicates a bug in your application.",
                "R6030",
                "- CRT not initialized",
                "R6028",
                "- unable to initialize heap",
                "R6027",
                "- not enough space for lowio initialization",
                "R6026",
                "- not enough space for stdio initialization",
                "R6025",
                "- pure virtual function call",
                "R6024",
                "- not enough space for _onexit/atexit table",
                "R6019",
                "- unable to open console device",
                "R6018",
                "- unexpected heap error",
                "R6017",
                "- unexpected multithread lock error",
                "R6016",
                "- not enough space for thread data",
                "This application has requested the Runtime to terminate it in an unusual way.",
                "R6009",
                "- not enough space for environment",
                "R6008",
                "- not enough space for arguments",
                "R6002",
                "- floating point support not loaded",
                "Microsoft Visual C++ Runtime Library",
                "<program name unknown>",
                "Runtime Error!",
                "Program: ",
                "HH:mm:ss",
                "dddd, MMMM dd, yyyy",
                "MM/dd/yy",
                "December",
                "November",
                "October",
                "September",
                "August",
                "July",
                "June",
                "April",
                "March",
                "February",
                "January",
                "Saturday",
                "Friday",
                "Thursday",
                "Wednesday",
                "Tuesday",
                "Monday",
                "Sunday",
                "united-states",
                "united-kingdom",
                "trinidad & tobago",
                "south-korea",
                "south-africa",
                "south korea",
                "south africa",
                "slovak",
                "puerto-rico",
                "pr-china",
                "pr china",
                "new-zealand",
                "hong-kong",
                "holland",
                "great britain",
                "england",
                "czech",
                "china",
                "britain",
                "america",
                "swiss",
                "swedish-finland",
                "spanish-venezuela",
                "spanish-uruguay",
                "spanish-puerto rico",
                "spanish-peru",
                "spanish-paraguay",
                "spanish-panama",
                "spanish-nicaragua",
                "spanish-modern",
                "spanish-mexican",
                "spanish-honduras",
                "spanish-guatemala",
                "spanish-el salvador",
                "spanish-ecuador",
                "spanish-dominican republic",
                "spanish-costa rica",
                "spanish-colombia",
                "spanish-chile",
                "spanish-bolivia",
                "spanish-argentina",
                "portuguese-brazilian",
                "norwegian-nynorsk",
                "norwegian-bokmal",
                "norwegian",
                "italian-swiss",
                "irish-english",
                "german-swiss",
                "german-luxembourg",
                "german-lichtenstein",
                "german-austrian",
                "french-swiss",
                "french-luxembourg",
                "french-canadian",
                "french-belgian",
                "english-usa",
                "english-us",
                "english-uk",
                "english-trinidad y tobago",
                "english-south africa",
                "english-nz",
                "english-jamaica",
                "english-ire",
                "english-caribbean",
                "english-can",
                "english-belize",
                "english-aus",
                "english-american",
                "dutch-belgian",
                "chinese-traditional",
                "chinese-singapore",
                "chinese-simplified",
                "chinese-hongkong",
                "chinese",
                "canadian",
                "belgian",
                "australian",
                "american-english",
                "american english",
                "american",
                "Norwegian-Nynorsk",
                " Complete Object Locator'",
                " Class Hierarchy Descriptor'",
                " Base Class Array'",
                " Base Class Descriptor at (",
                " Type Descriptor'",
                "`local static thread guard'",
                "`managed vector copy constructor iterator'",
                "`vector vbase copy constructor iterator'",
                "`vector copy constructor iterator'",
                "`dynamic atexit destructor for '",
                "`dynamic initializer for '",
                "`eh vector vbase copy constructor iterator'",
                "`eh vector copy constructor iterator'",
                "`managed vector destructor iterator'",
                "`managed vector constructor iterator'",
                "`placement delete[] closure'",
                "`placement delete closure'",
                "`omni callsig'",
                " delete[]",
                " new[]",
                "`local vftable constructor closure'",
                "`local vftable'",
                "`RTTI",
                "`udt returning'",
                "`copy constructor closure'",
                "`eh vector vbase constructor iterator'",
                "`eh vector destructor iterator'",
                "`eh vector constructor iterator'",
                "`virtual displacement map'",
                "`vector vbase constructor iterator'",
                "`vector destructor iterator'",
                "`vector constructor iterator'",
                "`scalar deleting destructor'",
                "`default constructor closure'",
                "`vector deleting destructor'",
                "`vbase destructor'",
                "`string'",
                "`local static guard'",
                "`typeof'",
                "`vcall'",
                "`vbtable'",
                "`vftable'",
                "operator",
                " delete",
                " new",
                "__unaligned",
                "__restrict",
                "__ptr64",
                "__clrcall",
                "__fastcall",
                "__thiscall",
                "__stdcall",
                "__pascal",
                "__cdecl",
                "__based(",
                "('8PW",
                "700PP",
                "`h`hhh",
                "xppwpp",
                "GetProcessWindowStation",
                "GetUserObjectInformationA",
                "GetLastActivePopup",
                "GetActiveWindow",
                "MessageBoxA",
                "USER32.DLL",
                "SunMonTueWedThuFriSat",
                "JanFebMarAprMayJunJulAugSepOctNovDec",
                "1#QNAN",
                "1#INF",
                "1#IND",
                "1#SNAN",
                "CONOUT$",
                "GetProcAddress",
                "GetModuleHandleA",
                "MultiByteToWideChar",
                "FreeConsole",
                "KERNEL32.dll",
                "GetDlgItemTextA",
                "wsprintfA",
                "LoadCursorA",
                "CheckDlgButton",
                "SetWindowLongA",
                "CallWindowProcA",
                "GetClassInfoA",
                "USER32.dll",
                "SelectObject",
                "CreateFontIndirectA",
                "SetTextColor",
                "SetBkMode",
                "GDI32.dll",
                "GetSaveFileNameA",
                "GetOpenFileNameA",
                "COMDLG32.dll",
                "RegDeleteKeyA",
                "ADVAPI32.dll",
                "InterlockedIncrement",
                "InterlockedDecrement",
                "WideCharToMultiByte",
                "Sleep",
                "InterlockedExchange",
                "InitializeCriticalSection",
                "DeleteCriticalSection",
                "EnterCriticalSection",
                "LeaveCriticalSection",
                "RtlUnwind",
                "GetSystemTimeAsFileTime",
                "RaiseException",
                "TerminateProcess",
                "GetCurrentProcess",
                "UnhandledExceptionFilter",
                "SetUnhandledExceptionFilter",
                "IsDebuggerPresent",
                "GetCommandLineA",
                "GetLastError",
                "HeapFree",
                "GetCPInfo",
                "LCMapStringA",
                "LCMapStringW",
                "GetModuleHandleW",
                "TlsGetValue",
                "TlsAlloc",
                "TlsSetValue",
                "TlsFree",
                "SetLastError",
                "GetCurrentThreadId",
                "HeapAlloc",
                "ExitProcess",
                "WriteFile",
                "GetStdHandle",
                "GetModuleFileNameA",
                "FreeEnvironmentStringsA",
                "GetEnvironmentStrings",
                "FreeEnvironmentStringsW",
                "GetEnvironmentStringsW",
                "SetHandleCount",
                "GetFileType",
                "GetStartupInfoA",
                "HeapCreate",
                "VirtualFree",
                "QueryPerformanceCounter",
                "GetTickCount",
                "GetCurrentProcessId",
                "VirtualAlloc",
                "HeapReAlloc",
                "GetConsoleCP",
                "GetConsoleMode",
                "FlushFileBuffers",
                "ReadFile",
                "SetFilePointer",
                "CloseHandle",
                "HeapSize",
                "GetACP",
                "GetOEMCP",
                "IsValidCodePage",
                "GetUserDefaultLCID",
                "GetLocaleInfoA",
                "EnumSystemLocalesA",
                "IsValidLocale",
                "GetStringTypeA",
                "GetStringTypeW",
                "LoadLibraryA",
                "InitializeCriticalSectionAndSpinCount",
                "WriteConsoleA",
                "GetConsoleOutputCP",
                "WriteConsoleW",
                "SetStdHandle",
                "GetLocaleInfoW",
                "CreateFileA",
                "&BeO",
                "rF=4)#+",
                ".UG*",
                "@u4Y",
                "(AHm-",
                "o/)n",
                "J0d0",
                "+,tA)",
                "tPP?`e.",
                "H5ren",
                "l8VQs",
                "(2qU 2&",
                "f:R%",
                "YFW%",
                "A=F\"",
                "}Fo8",
                "$sJ]",
                "fnB^",
                "SV^S",
                "w;v/",
                "xpu;",
                "H_`xYrF",
                "<oSd?",
                "hTFg",
                "\\\"qH<.:",
                "GrQ\\3",
                "c@RtA",
                "+?-p%",
                "fp,B",
                "~<W-L",
                "H0i(",
                "vz'b!",
                "8lzr",
                "V0`t6s\\",
                "PB95",
                "8!@ g",
                "r p<.2L",
                "3ZG{",
                "Gd??%",
                ",A6<]",
                "?[7~",
                "ebhP",
                "J/kM",
                "A[[}a",
                ";4^,O",
                "/wnP",
                "Xr+?",
                "~\\vSX>",
                "*WxZ",
                "S.)yF\" f",
                "gP%G",
                "!z%il",
                "njnD",
                "`z\\B",
                "R2ozT",
                "q\\3EvN",
                ">z:_",
                "}rvh",
                "\\3d}",
                "@g`[",
                "HJd:",
                "R_}Ta",
                "C{tv",
                "2tVn",
                "-P>z",
                "IwEc",
                "`\\st",
                " =@+",
                "7~od",
                "ZPzY",
                "~6Q}",
                "TAP~6p",
                "w~^X",
                "hKd:",
                "u?V6",
                ":wB{",
                ":wcv",
                "'dQ~",
                "HW7~od",
                "eHd:",
                "/K.W",
                "yPpI",
                "Q\\~c",
                "n}Sw",
                "_rc'",
                "}-vW",
                "<Vjl",
                "}hwx",
                ";}gp",
                "fw`{",
                ".oQJ",
                "<}V\\",
                "Jj9]",
                "Jz%h",
                "Jp5(",
                "i}Yn",
                "eOt_",
                "vzhl",
                "}oky5",
                "r9]k",
                "+TXj",
                "v,p;",
                "}_rp",
                "N(vG",
                "YSEP",
                "}vqT",
                "V}7{u",
                "'rQc",
                "T{EvV",
                "vUvh",
                "|amv",
                "}]w;",
                "yj5n(",
                "AsXk",
                "}7wl",
                "r$o5",
                ";sXk",
                "cpXk",
                "ssx`",
                "fhIn4",
                "n`.we",
                "@us+",
                "#/ngD+T",
                "y.-+.-c=4}",
                "'\"8jL",
                "LI-r;kLA.'",
                "}\"!H",
                "#/kgD.T",
                "n*5.",
                "y.-+/",
                "c=2}",
                "='#8jL",
                "LI-r:oLA)'",
                "yE,}#\"H",
                "rE.v",
                "#.ogE",
                "c<2}",
                ">'\"8jL",
                "cA%jL",
                "LH-r;mL@+'",
                "EL#/",
                "#/kgE,T",
                "(n*5.",
                "LI,r:LLA",
                "yE*}#",
                "4#/mgE",
                "n+0.",
                "+.-c<7}",
                ">'#?jL",
                "LH.r;kLA.'",
                "yE*}# H",
                "cI!A",
                "#/mgE",
                "y.++./c<5}",
                "LI+r:OLA)'",
                "!cI#A",
                "rE(v",
                "#.MgD-T",
                "y//+..c<2}",
                "LI+r:MLA+'",
                "cI\"A",
                "rE-v",
                "y/,+.",
                "='\"?jM",
                "LI/r:MLA+",
                "c75''5A",
                "#.NgE",
                "y/,+/",
                "c=3}",
                ">'#:jL",
                "Hc67''2A",
                "%cI#A",
                "#.NgE,T",
                "y/++.",
                ";'#?jL",
                "ic77''5A",
                "%cI%A",
                "rE,v",
                "#/kgE",
                "y/-+/",
                "#/\".",
                "Jc60'&3A",
                "#.jgE/T",
                "y//+.",
                "c<4}",
                "#.%.",
                "Kc76''1A",
                "#.LgD+T",
                "n+5.",
                "y.,+/",
                ",#.$.",
                "oc66''",
                "#/jgE*T",
                "n*7.",
                ",#.#.",
                "ic74''1A",
                "cI#A",
                "rE/v",
                "#.lgE,T",
                ",n*7.",
                "eL\"._",
                "'&1A",
                "1#.NgE,T",
                ".#.#.",
                "1#.OgD/T",
                "-n*5",
                "DL\"+_",
                "/#.#.",
                "''5A",
                "4#.o",
                "}\"&H",
                "BL#,_",
                "*#/$.",
                "XA%#",
                "ic75'&1A",
                "r;lLA)'",
                "}#'H",
                "gL\"._",
                "+#/'.",
                "=XA##",
                "'&3A",
                "LI+r;kLA+'",
                "8yE,}#!H",
                "bL\"._",
                ",#.&.",
                ";XA##",
                "'&4A",
                "LH.r;lLA/'",
                "}#&H",
                "?XA #",
                "'&2A",
                "r;kL@)'",
                "hc74''4A",
                ":'\"?jL",
                "r:ML@/'",
                "yE*}\"&H",
                "gL\"+_",
                "+#/%.",
                ";XA #",
                "kc61''",
                "<'\";jL",
                "r:jL@('",
                "bL#-_",
                "jc75''4A",
                "5ny/,+.(c=",
                "'\":jL",
                "LH*r;oLA",
                "FL\",_",
                ">XA #",
                "ic61''",
                "y/*+/",
                "c<3}",
                "*cA jL",
                "r:kLA/'",
                "}\"'H",
                "gL\"/_",
                ",#/&.",
                "y.++.",
                "c=6}",
                "<'\"?jM",
                "LI+r:kL@/'",
                "XA!#",
                "y.,+.-c=3}",
                "'\">jL",
                "LI*r:LL@*'",
                "yE)}\"!H",
                "-#/$.",
                "#.OgE",
                "n*0.",
                "y.,+..c<4}",
                ":'#?jL",
                "r:mLA('",
                "}\"#H",
                "bL#+_",
                "+#.&",
                "#.LgD.T",
                ",n+4.",
                "y.-+.",
                "c<7}",
                ";'\"8jL",
                ",cA!jL",
                "LH*r:LL@('",
                "=yE,}\"&H",
                "GL\"+_",
                "#.MgE",
                "n+1.",
                "y/,+./c<3}",
                "='\";jM",
                "r:JL@.'",
                "fL\"-_",
                "#.LgE",
                "c=4}",
                "LI*r:oLA",
                "yE+}#&H",
                "dL#+_",
                "#/ogE/T",
                "y./+/",
                ":'\">jM",
                "LI,r;nLA",
                "yE*}\" H",
                "#/jgE",
                "-n+7.",
                "y./+.",
                "'\"8jM",
                "LH/r:NLA('",
                "#.ogD/T",
                ",n+1.",
                "='\"8jL",
                "r;jL@)'",
                "yE+}\"&H",
                "#.OgD,T",
                "y.-+.-c=",
                ":'\">jL",
                "LI,r:kLA",
                "#.kgE",
                "c<6}",
                ":'#8jL",
                "r;kLA+",
                "''3A",
                "#.kgD/T",
                "='#:jM",
                "/cA!jM",
                "ic76'&1A",
                "cI%A",
                "#/ogE",
                "y//+.,c<5}",
                "#.MgD*T",
                "y/-+.-c<2}",
                "#/$.",
                "nc66''3A",
                "#/ngE",
                "/n*0.",
                "-#.#.",
                ";XA!#",
                "Kc75''",
                "}AL4",
                "y.*+.",
                "#/#.",
                "=XA #",
                "\"cI\"A",
                "#/jgD/T",
                "n*1.",
                "dL\"/_",
                ":XA #",
                "hc71'&1A",
                "#.LgE*T",
                "DL\"*_",
                "''4A",
                "#.OgE+T",
                "ic70'&5A",
                "#/kgE*T",
                "+#.&.",
                "XA\"#",
                "#.#.",
                "hc77'&2A",
                "r;mL@/'",
                "dL#*_",
                "'&5A",
                "LH.r:JL@)'",
                "}#\"H",
                "FL#-_",
                "-#/&.",
                "Kc74''5A",
                "r:lLA",
                "EL\"/_",
                "/#/#.",
                "Hc74'&0A",
                "cI A",
                "'\"?jM",
                "LI*r:MLA",
                ":yE)}\"\"H",
                "bL\"+_",
                "ic76''5A",
                "'#:jL",
                "r:LL@('",
                "Ic71'&4A",
                "5ny./+./c<7}",
                ":'\"9jM",
                "r:MLA+'",
                ",#.%.",
                "jc74'&2A",
                "r;kL@/'",
                "yE,}\"\"H",
                "cL\"-_",
                "/#.\".",
                "c=5}",
                "'#9jM",
                "cA#jL",
                "r:OLA)'",
                "eL#+_",
                "*#.&.",
                "nc65",
                "(n+0.",
                "y.++.,c=",
                "LI+r;nLA/'",
                "}# H",
                "eL\"/_",
                "gD-T",
                "y/,+.(c<3}",
                "LI+r;jL@*'",
                "#.$.",
                "1#.kgE+T",
                ",n*6.",
                "y.,+.",
                "r;kLA.'",
                "}\"\"H",
                "6#.lgD*T",
                "r;nLA",
                "}#!H",
                "dL#-_",
                "7#.MgE*T",
                "LI,r:OLA",
                "yE*}\"!H",
                "vrE-v",
                "#.kgD-T",
                "n+4.",
                "+.-c=4}",
                "<'#>jL",
                "cA!jM",
                "LI/r;kL@*'",
                "='\"8jM",
                "LI+r:jLA)'",
                "#.OgD*T",
                "n+7.",
                "LI-r;oLA.'",
                "5#.lgD.T",
                "LH*r:kLA",
                "yE+}#",
                "6#/ngE+T",
                ",n*5.",
                "y.++/",
                ";'\";jL",
                "LI+r;mLA)'",
                "4#.kgD*T",
                "y/++./c<6}",
                "r:jL@)'",
                "4#.jgE-T",
                "-n+6.",
                "c<5}",
                "'#9jL",
                "LH-r:o",
                "hc67'&1A",
                "7#.MgD-T",
                "nc70'&3A",
                "#.kgD+T",
                "(n+7.",
                "y/++/",
                "#/&.",
                "ic65''5A",
                "='#:",
                "-#.\".",
                "n+6.",
                "}AL5",
                "nc61''1A",
                "#/mgD.T",
                "Jc60''2A",
                "4#.jgD/T",
                "dL\"+_",
                "#/'.",
                "1#.lgE",
                "n*6.",
                "FL#+_",
                "<XA##",
                "oc67''2A",
                "#.mgE",
                "EL#+_",
                "hc75''1A",
                "#/lgE/",
                "Jc77''1A",
                "%cI!A",
                "L@('",
                "yE)}#\"H",
                "brLI",
                "r;jLA",
                "yE)}\"\"H",
                "Nc76''",
                " cI\"A",
                "LH,r;nLA+'",
                "=XA\"#",
                "hc66''",
                "cA#jM",
                "LI*r:NLA)'",
                "cL#/_",
                "Ic60''2A",
                "'#8jL",
                "r:oLA)'",
                "yE+}\"!H",
                "EL\"-_",
                "Ic76''",
                "*cA#jM",
                "LH,r:LLA+'",
                "-#/%.",
                "kc61'&1A",
                "+..c<2}",
                "?'\":jM",
                "LH*r:NL@+'",
                "BL#+_",
                "?'#8jM",
                "''1A",
                "y/*+.",
                "'#?jM",
                "r:NLA",
                "BL\"-_",
                "jc65''1",
                "'\"9jL",
                "/cA\"jM",
                "r:oLA",
                ",#/\".",
                "='#>jL",
                "LH-r:jLA",
                "yE(}\"#H",
                "dL\"._",
                "+#.#.",
                "/cA%jL",
                "r;nL@)'",
                "/#.&",
                "#.kgD,T",
                "y/++.,c=5}",
                "+cA jL",
                "LH.r:NLA",
                "#.MgE/T",
                "y./+..c<7}",
                "+cA\"jL",
                "EL#/_",
                "7#.LgD+T",
                "y./+.-c=",
                "LH.r;mLA/'",
                "cL\"/_",
                "5#.kgD*T",
                "LI*r:kLA/'",
                "yE)}\" H",
                "fL#/",
                "#.jgE",
                "'\";jL",
                "-cA\"jL",
                "LI-r:OL@/'",
                "6#/kgE-T",
                ",n*1.",
                "<'#8jL",
                "LH.r:lL@('",
                ";yE,}# H",
                "6#/mgE*T",
                "y/.+.",
                "='\":jM",
                "LH*r:LLA+'",
                "#.JgD.T",
                "?'\">jL",
                "cA\"jM",
                "LH.r:MLA.'",
                "#/ngD.T",
                "+./c<4}",
                "LI*r;nLA+",
                "#.lgE-T",
                ".n+6.",
                "jc65'&0A",
                "7#/jgD,T",
                "y//+./c=2}",
                "#/kgE-T",
                ">'\";jL",
                "ic75''",
                "#/ogE+T",
                "%s3m(",
                "Uvh,:e",
                "@[~p",
                "`tbH\\={Co4b",
                "GQ8@",
                "oCIyZ[d_@",
                "[:y|HQ",
                "eh0Q$%",
                "4Ie?,dC%",
                "@[~le",
                "Qeh0Q$%",
                "keh0~",
                "UjrX:y|HQ",
                "%,~le",
                "oCIyZ[d_?",
                "[:w[-Q",
                "g>~~'",
                "`zE-\\3\\&o:E",
                "Qw*\"Q6g",
                "H&Iw}>dQg",
                "kw*\"~",
                "tbH\\={Co4b",
                "Ud*>:w[-Q",
                "Qw*\"Q8@",
                "Qv.<Q6g",
                "`zE-\\1X;o0o",
                "={Co4b",
                "oCIB",
                "Uv{]:B",
                "{tbH\\={Co4b",
                "sTg7",
                "Id:X`\\sUd",
                ">Q>z:~Id:f",
                "WIyZ[d_@",
                "`tbH\\={Co",
                ">r!D",
                "Q6~oE>Q>VS",
                "O:y|HQ",
                "c:\\kw3",
                "~~>Qw3",
                "Q6~oE>Q>z:tRB:|7$s",
                "dQ~6Q\\~Bg`z\\",
                "o:\\kw3",
                "Q6~oE>Q>z:~Ic.D`e",
                "Q6~oE>Q>z:}Ah:b",
                "d:X`\\sUd3",
                "Q6~oE>Q>p!XI-",
                "cQ>z:~Id:X`\\sU`9",
                "G:\\kw3",
                "Q6~oE>~P",
                "Q7|lE,`{z",
                "~w{,",
                "Y\\={Co4b",
                "Q\\~Bg`z\\",
                "o:\\k}/",
                "yZ[d_@",
                "y|HQ",
                "dQ~6Q\\~Bg@*3",
                "Q>{;~Id:X`\\sUd3",
                "Q6~oE>Q>z:~Id:X`\\sUd3",
                "6Ei5Bfby\\",
                "Q6~oE>Q>z:~Hf9XD",
                "Q;Z\\E",
                "`\\sUd3",
                "m8\\yXp",
                ">S;}:~Id:X`\\sUd3",
                "dQ{9D\\a",
                ">H4m",
                "Q6~oE>Q>z:~Id:X`\\sUd5",
                "Q6~oE>Q>z:uVH:g",
                "m=Wkw3",
                "Q6~orA",
                "=Uwv",
                "Ed_@",
                "Q[k\\g`z\\",
                "~6Q\\~Bg`z\\",
                "o:Vv]3",
                "st7G",
                "(!Iwe",
                "o:\\k",
                "S>>A[",
                "NoF7\\>z:~Id:X`\\sUd3",
                "Q6~oE>Q>z:~Id:X`\\sf",
                "Q6~oE>Q>z:~IQG",
                "~~>Qw1",
                "Z6hU",
                "dQ~6Q\\~BguB",
                "Lb kFD(~",
                "^:\\+",
                "Yo4b",
                "Xa_wUf4",
                "w[2M",
                "g>~{",
                "Qw*\"L",
                "`tbH\\<zCz4a",
                "KQ1T",
                "HR~p",
                "H&Iw~>dU]",
                "NtbH\\={Co4b",
                "/:zyJQ",
                "Uf-#:w[-Q",
                "Qv.<Q0W",
                "oCIyZ[d^A",
                "={C+4b",
                "J9Iw}>dQg",
                "[~x}K",
                "X:~sCQ",
                "J/dRa",
                "=jcI",
                "nC=x$_",
                "Id:X`\\sUd3",
                "uo:\\k",
                "z:~I",
                ":w}}",
                "adQ~6n",
                "oE>Q",
                "`\\sU[",
                "Bg`zc}",
                "\\kw3",
                "~Id:g",
                "a:wB",
                "~6Q\\A",
                "a~~>QH",
                ">Q>z",
                "sUd3",
                "}Q6~oz",
                "d:X`c",
                "Q\\~BX",
                "o:\\T",
                ">Qw3",
                ">z:~v",
                "\\3zv",
                "~oE>n",
                "X`\\sj",
                "Iw[n",
                "~Bg`",
                ":\\kw",
                ":~Id",
                "vIwd",
                "g`z\\",
                "Q6~o",
                "~Id:X`C",
                "~6Q\\~Bg",
                "|\\3E",
                "o:\\kH",
                "E>Q>z:~Id",
                "dQ~6Q[",
                "Bg`z\\",
                ".?AVfailure@ios_base@std@@",
                ".?AVruntime_error@std@@",
                ".?AVexception@std@@",
                ".?AVbad_cast@std@@",
                ".?AVbad_alloc@std@@",
                ".?AV?$num_put@DV?$ostreambuf_iterator@DU?$char_traits@D@std@@@std@@@std@@",
                ".?AVfacet@locale@std@@",
                ".?AV?$numpunct@D@std@@",
                ".?AUctype_base@std@@",
                ".?AVios_base@std@@",
                ".?AV?$_Iosb@H@std@@",
                ".?AV?$basic_ostream@DU?$char_traits@D@std@@@std@@",
                ".?AV?$basic_ios@DU?$char_traits@D@std@@@std@@",
                ".?AV?$ctype@D@std@@",
                ".?AV?$basic_streambuf@DU?$char_traits@D@std@@@std@@",
                ".?AV?$basic_filebuf@DU?$char_traits@D@std@@@std@@",
                ".?AVcodecvt_base@std@@",
                ".?AV?$codecvt@DDH@std@@",
                ".?AVlogic_error@std@@",
                ".?AVlength_error@std@@",
                ".?AVout_of_range@std@@",
                ".?AV_Locimp@locale@std@@",
                "Copyright (c) 1992-2004 by P.J. Plauger, licensed by Dinkumware, Ltd. ALL RIGHTS RESERVED.",
                ".?AVtype_info@@",
                ".?AVbad_exception@std@@",
                "                          ",
                "abcdefghijklmnopqrstuvwxyz",
                "ABCDEFGHIJKLMNOPQRSTUVWXYZ",
                "kU'9",
                "HMXB",
                "?Zd;",
                "?/L[",
                "S;uD",
                "z?aUY",
                "D?$?",
                "U>c{",
                "zc%C1",
                ".:3q",
                "-64OS",
                "NKeb",
                "<assembly xmlns=\"urn:schemas-microsoft-com:asm.v1\" manifestVersion=\"1.0\">",
                "  <trustInfo xmlns=\"urn:schemas-microsoft-com:asm.v3\">",
                "    <security>",
                "      <requestedPrivileges>",
                "        <requestedExecutionLevel level=\"asInvoker\" uiAccess=\"false\"></requestedExecutionLevel>",
                "      </requestedPrivileges>",
                "    </security>",
                "  </trustInfo>",
                "</assembly>",
                "N0L0",
                "DigiCert Inc1",
                "www.digicert.com1!0",
                "DigiCert Trusted Root G40",
                "210429000000Z",
                "360428235959Z0i1",
                "DigiCert, Inc.1A0?",
                "8DigiCert Trusted G4 Code Signing RSA4096 SHA384 2021 CA10",
                ">Mp$d",
                "}4}L",
                "!xE.",
                "IpB2",
                "6*f(_",
                "[K]taM?",
                "m&vh",
                "J>@G_",
                "#!Y`",
                "x8E0",
                "SA|X=G",
                "q]dL",
                "k0i0$",
                "http://ocsp.digicert.com0A",
                "5http://cacerts.digicert.com/DigiCertTrustedRootG4.crt0C",
                "<0:08",
                "2http://crl3.digicert.com/DigiCertTrustedRootG4.crl0",
                ":#D=",
                ":]Hm",
                "v~7q",
                "!usR",
                "ov7,",
                "/\"lA",
                "jj@0HK4",
                "VxN0",
                "210819000000Z",
                "230819235959Z0",
                "California1",
                "Redwood City1",
                "Oracle America, Inc.1",
                "Software Engineering1",
                "Oracle America, Inc.0",
                ",IirC",
                "Xat@",
                "Mw<#_",
                "@`ihQs",
                "X%u]",
                "Mhttp://crl3.digicert.com/DigiCertTrustedG4CodeSigningRSA4096SHA3842021CA1.crl0S",
                "Mhttp://crl4.digicert.com/DigiCertTrustedG4CodeSigningRSA4096SHA3842021CA1.crl0>",
                "70503",
                "0)0'",
                "http://www.digicert.com/CPS0",
                "http://ocsp.digicert.com0\\",
                "Phttp://cacerts.digicert.com/DigiCertTrustedG4CodeSigningRSA4096SHA3842021CA1.crt0",
                "</'P",
                "AJu$",
                "[9J4",
                "BTS\"z",
                "0}0i1",
                "8DigiCert Trusted G4 Code Signing RSA4096 SHA384 2021 CA1",
                "1<0:",
                "Y{NF",
                "Qk{0%U=",
                "`+qX",
                "@B;}",
                "6L&F",
                "s])o",
                "%8eVwb",
                "20230317050358Z",
                "MirK",
                "<*J=)",
                "DigiCert, Inc.1;09",
                "2DigiCert Trusted G4 RSA4096 SHA256 TimeStamping CA0",
                "220921000000Z",
                "331121235959Z0F1",
                "DigiCert1$0\"",
                "DigiCert Timestamp 2022 - 20",
                "{@no",
                "]Kn1",
                "S^_U",
                "/s)v",
                "S0Q0O",
                "Ihttp://crl3.digicert.com/DigiCertTrustedG4RSA4096SHA256TimeStampingCA.crl0",
                "http://ocsp.digicert.com0X",
                "Lhttp://cacerts.digicert.com/DigiCertTrustedG4RSA4096SHA256TimeStampingCA.crt0",
                "xW70",
                "IQ,x",
                "\">D!",
                "A6qw",
                "]G,c",
                "(f*^[0",
                "220323000000Z",
                "370322235959Z0c1",
                "=rIQU",
                "|jWz",
                "!hn7!",
                "{un'%",
                "+Xt@(",
                "u($A",
                "fIRP",
                ",W5y+",
                "2http://crl3.digicert.com/DigiCertTrustedRootG4.crl0 ",
                " %41g",
                "i?Gw",
                "',=?k",
                "Axz8",
                "www.digicert.com1$0\"",
                "DigiCert Assured ID Root CA0",
                "220801000000Z",
                "311109235959Z0b1",
                "]J<0\"0i3",
                "t;mq",
                "u]xf",
                "v=Y]Bv",
                "p,A`",
                "RQGt",
                "|Lu?c",
                " Qko",
                "m0k0$",
                "http://ocsp.digicert.com0C",
                "7http://cacerts.digicert.com/DigiCertAssuredIDRootCA.crt0E",
                ">0<0:",
                "4http://crl3.digicert.com/DigiCertAssuredIDRootCA.crl0",
                "Jz/-",
                "5FjiT",
                "wZ\\T",
                "~qj#k\"",
                "T-'~",
                "0w0c1",
                "2DigiCert Trusted G4 RSA4096 SHA256 TimeStamping CA",
                "230317050358Z0+",
                "|s0/",
                " kWH",
                "/1(0&0$0\"",
                "JQqG%{",
                "ZCGs",
                "0`Tl",
                "rt~[",
                "!rK\\",
                "jjjjj",
                "         (((((                  H",
                "         h((((                  H",
                "                                 H",
                "KERNEL32.DLL",
                "mscoree.dll",
                "VS_VERSION_INFO",
                "StringFileInfo",
                "040904E4",
                "Comments",
                "Roll reputedly army climates marchioness siamese",
                "CompanyName",
                "Raver bola",
                "FileDescription",
                "Prostatic chalk goals sanctum accepted shrewdly",
                "FileVersion",
                "8.249.79.8",
                "InternalName",
                "Redefined lessor",
                "LegalCopyright",
                "Copyright ",
                " Shuffler surfboard revolutionaries flamenco",
                "LegalTrademarks",
                "Anterior dyed",
                "OriginalFilename",
                "Auteur",
                "ProductName",
                "Weathercock",
                "ProductVersion",
                "VarFileInfo",
                "Translation",
                "6Java SE Runtime Environmen"
            ]
        }
    ]
}