{
    "malware_data": [
        {
            "filename": "1831f544f4cc18b34e2f7ae6a02f4037239d40cc976728f4002865a5a319554e.elf",
            "filetype": "7F454C46",
            "filesize": "25KB",
            "hash_sha256": "1831f544f4cc18b34e2f7ae6a02f4037239d40cc976728f4002865a5a319554e",
            "strings": [
                "tUPX!",
                "&$U*",
                "PTRhF8@",
                "QVh ",
                "Z[^*",
                "wa_i",
                "Yj&1",
                "@;%u",
                "L$$Q",
                ",Qt8R<HP",
                "/PU(",
                "'4+<;",
                "8l@?",
                "TB;(",
                "0NQj",
                "(t:WW4^",
                "\\SF@`(",
                "2$TRPy ",
                "C\\`|",
                "l;<f",
                "#y@?#g",
                "|YJC",
                "dXP(",
                "<fQ:",
                "2iqL4",
                "#{,S",
                " SrC<0",
                ")FA0",
                "ndCC",
                ")&EGCt7",
                "3FFF",
                "?;NK",
                "l$4U",
                "!LPg}\\Q",
                " KRCSWC",
                "4V7axx",
                "rrXt@[",
                "w@nC",
                "oo\\I",
                "GS$Sg",
                "gSPI",
                "SDS$",
                "RhSy",
                "@A/d",
                "w59!",
                "(,.j",
                "Hd0P4g",
                ":dH%",
                "SPPSY>",
                "w2'*PS",
                ":+59",
                ".,#M",
                ")S004V",
                "Wn,T",
                ";QQXZ#",
                "V;ds",
                "fEPEUW",
                "d8W_~",
                "\\$8i",
                "C^r3VS",
                "r0(EA9H",
                "r 8(",
                "g AB",
                "D#=(",
                "(B V",
                "C4#5L,",
                "7:`RS)",
                "< t <",
                "t$ 4",
                "C'GU",
                "FVSF",
                "X(BIM",
                "RSND",
                "8$V#",
                ";\\x8",
                "JR**",
                "Q(<@J.d,Ga",
                "9VS'",
                "BS|.k",
                "@*^Y",
                "1y\\$,Sl",
                "]D(O@",
                "UUX(`",
                "$KLQ",
                "eTR.",
                "lUvH",
                "r/Q.*-v",
                ",Spz",
                "%RG~r",
                "O2%e(@N2",
                "SLQ1",
                " 1+1 r",
                "M0$&%",
                "r0hDo7",
                "kRpN7",
                "L=iBu",
                "l%iV",
                "j eY",
                "9y>M@b",
                "MBCRn",
                "3PPh",
                "?6P9H5",
                "f@&,`",
                "\\v&i",
                "S( <",
                "2G` L",
                "vS`r0",
                "4JfK",
                "VV 'pa6",
                "5pE6",
                "<]FH9",
                "%c@<K",
                "((&('",
                "t@&;@",
                "6;L:9",
                "$';X<;d",
                "Z]#\"",
                "] (\"",
                "mU?B",
                "Au cUD",
                "&*eXS",
                "8@|Q",
                "444}",
                " ]X;",
                "I7-S",
                "ZYXY[(y",
                "[ h`",
                "wx#OFW",
                "At^B",
                "^1d@",
                "@P9e",
                "MO8!x",
                ",TcD",
                "hc~#",
                "!qJI",
                "49@ ",
                "v!J|",
                "yt!Q",
                "|\"&WJ",
                "F9tSu",
                "_.1,",
                "W\"dFh",
                "po6W",
                "YRUh",
                "<[XW",
                "\\XVq",
                "+\\QU9",
                "N]R>9",
                "Y(=0",
                "A}]PQu*",
                "SKt}",
                "x]DO",
                "Q&2z",
                "-PIR",
                "oQ:Z",
                "tr%L",
                "; DI",
                "e,[A",
                "9paQ1",
                "e{sd",
                "oA~6",
                "\\7+W",
                "ltH(",
                "%xL9",
                "48T@9",
                "9lS<",
                "u$yXq",
                "pK h ",
                "jEEb(%",
                "h@Md",
                "Pv$Nw",
                "T41#^",
                "_Edl",
                "VV8y",
                "*f';",
                " IJI2",
                "HH`&{",
                ";CDd{",
                "u7@@",
                "oPK>>",
                "#@<<",
                "a&yF",
                "tPprN",
                "M)7T",
                "gl89",
                "C-b+@+",
                "**>!)",
                "Tk:(",
                "'('.",
                "E!4'",
                "%%3%8",
                "sV\\6",
                "/4,$",
                ";(?^'[N>",
                "[$;}",
                "r(#NI~L",
                "*]c}",
                "b};(",
                "*=>#",
                ",WM~V",
                "x|dE",
                "+-n*N",
                "x)tb",
                "E7=H",
                "^tzI",
                "Qv'\\",
                "pn)]u",
                "GBKF",
                "AK9]",
                "vC5A",
                "umxG",
                "8/|C",
                ">$#/{?9%Hu",
                "8Dpn",
                "#%D8",
                "?K>v",
                "PyCt",
                ";rH>o",
                "rAAA",
                "+1vd",
                "JHi;",
                "o[Zl",
                "9333",
                "[Zz/",
                "o'=vu",
                "kPlm7",
                "3G\\h",
                "xH.d",
                "pa-NYB&",
                "HPSJu.",
                ")xVt",
                "XO K{",
                "@B=`",
                "mp9Gk",
                "`8TH`",
                "_MQ^",
                "A.Y^Ur",
                "k=Pk",
                ">-9H",
                "lc]B",
                "+i+I",
                "yHtJ",
                "rr2 0",
                ":4''",
                "9iNN.P",
                "i&d@x|",
                "Kx!4:",
                "2`\\H",
                "HH3!",
                "t7\\t",
                "wet]",
                "-\":/F",
                "W(Hu",
                "bBes",
                "<(K%E",
                "G9<$u",
                "OUMK",
                "F@3Z",
                "iP(.U",
                "?P-t",
                "QM]!",
                " h'.",
                "+ERR",
                "fm)s",
                "/X;F",
                "0 2w,b",
                "<$@5M",
                "4(D,H0",
                "pT5!",
                "t,XB",
                "8\\6:",
                "'s7`/",
                ")l<O43l",
                "M'i)",
                "&gDN",
                "`YU;mA",
                "KKOr",
                ";5=u8",
                "\"u/]E",
                "\"+@3Ep",
                "Jhw7",
                "96s?",
                ">o\"Q",
                "L=j-",
                ";X,t{+9",
                "xO<7",
                ".T`9",
                "v]NF!",
                "lX4W\"-",
                "SSPQ)",
                "CxS QqK",
                "z70U",
                "Z~7 M",
                "CX0F",
                " <xu",
                "YA\"wa",
                "(<`v",
                "}/C;",
                "u%WWSR'",
                "8Xr=",
                "c}ek",
                "+Gxv",
                "5'_W:",
                "Xh8pJ ",
                "j*sxN",
                "XTXt*",
                "W;EulZ",
                "oUr$",
                "|\\$(",
                "0P!R",
                ".$C ",
                "4 bY",
                "e8(@0H",
                "DEdtb1",
                ".u5A",
                "85.36.81.140",
                "0125!8",
                "#$6;b",
                ",7gaae",
                "&;;-?8\"efg",
                ".-50",
                "8,,z",
                "?;d\"=.,\"",
                " 9=:",
                "<=;eT75 edfml",
                "::=1fd:",
                "3191",
                "3!1'",
                "kWLa.",
                "z!'1&",
                "Nr'!v",
                "2;&8a93",
                "!6: +",
                "[<)8T.:56+|",
                "{6=:",
                "6;,t",
                "no7Zk",
                "+Q:;",
                "&17 4$'",
                "?=ltymt",
                "nw7{",
                "1,v{2D{950Bs",
                ":`{ 7$",
                "51Y\"",
                "\"{#L",
                ".b'7",
                "62*7!",
                "eH5`7 9ag:<",
                "1=d?2>",
                "(C2'",
                "kG/Xv/n",
                "e/l!",
                "S`+;",
                "9O`>",
                "T$(9",
                "H+|$,",
                "$Info: This file is packed with the UPX executable packer http://upx.sf.net $",
                "$Id: UPX 3.94 Copyright (C) 1996-2017 the UPX Team. All Rights Reserved. $",
                "PROT_EXEC|PROT_WRITE failed.",
                "/proc/sm",
                "elf/exe",
                "[jUX",
                "PO;C",
                "UPX!u",
                "_um9",
                "@bQs",
                "W?:m",
                "tr[]",
                "tf~{",
                ".shstrtab",
                "init",
                "roda",
                "ctors",
                ",ll4",
                "UPX!"
            ]
        }
    ]
}