{
    "malware_data": [
        {
            "filename": "fe3b2cf08a6224a04194a6555b4593b0a7428cb1fe057c08776d09568fc58cd5.exe",
            "filetype": "4D5A9000",
            "filesize": "45KB",
            "hash_sha256": "fe3b2cf08a6224a04194a6555b4593b0a7428cb1fe057c08776d09568fc58cd5",
            "strings": [
                "!This program cannot be run in DOS mode.",
                "UPX0",
                "UPX1",
                ".rsrc",
                ".text",
                "1.24",
                "UPX!",
                "m`<f`",
                "f/9i",
                "Lj/fk!",
                "?}r6bit",
                "xF}<j",
                "U>j,",
                "e+`E",
                "B)0$?`",
                "*\\j=",
                "qvmda",
                "cmWbic",
                "MMq=%bi",
                "OQNO*]",
                "E%l=",
                "pfHZ",
                "P\">ct^",
                "RY!q",
                "$6EE",
                "XxcO",
                "kB8+j",
                "jvN@",
                "*YJ&.M",
                "qr0P",
                "CqEx",
                "ec8V",
                "S3)=",
                "'}VYZ",
                "q2d,S",
                "r>qH",
                ")Bm(",
                "M*QI",
                "jCCZ",
                "? A_",
                "*v+R",
                "fljJ",
                "<yKV",
                "tN8{",
                "GlU0",
                "$y/<",
                "\"\\]}",
                "dl*Y",
                "X}V6x",
                "joEo(",
                "5fG)",
                "z.8pi",
                "i!H8",
                "Vtai",
                "G<$4",
                " <+I",
                "?=vyb",
                "mGA*",
                "n sW",
                "x/oAp2C3+4;",
                "HOtZ",
                "'Whc>",
                "E.tB#t",
                "HlRf^o_",
                "0MSz<",
                "\"(PS",
                "e/X4",
                "1h5SU2",
                "W(%Ya",
                "-(]_Zh",
                "rgDm",
                "bh+>",
                "+]v7",
                "}a2H",
                "#+=f",
                "tn>N",
                "JnOy`",
                ";2B-",
                "+#&l",
                "rBEz",
                "3wsK",
                "?nAN",
                "R3\"yfl?hg'x_",
                "biWm",
                "Rv}doqK",
                "+MZEp",
                "ZlV~c9",
                "):BU",
                "BWN,",
                "o V)",
                "wM\\xg",
                "`2HA",
                "3eT{",
                "}JU,XY",
                "BqP)",
                "rPt+|ah7&E",
                "yJIR\"",
                "yh3=",
                "~m/Z",
                "*ph1",
                "S{R$",
                "5nBcs",
                "Fhpu",
                "%}C@",
                "^psC7e",
                "$=IY",
                "-hw+",
                ".1/z",
                "'Wx&",
                "#UnnU5",
                "sSMDr]",
                "+Gc\\",
                "*GP$4w",
                "}$A5`",
                "h~z`x",
                "DnHQ",
                "^m*Q",
                "pw]b",
                "I0{H",
                "yxVk0",
                "P\\n_",
                "ukX&",
                "Akz#",
                "}_Aj=",
                "GZVJ",
                "IiJi",
                "6MnLv",
                "nW+\\a*W",
                "t^xH",
                "D{@m",
                "_()1",
                "$0x|",
                "|qS,",
                "hew:",
                "|f:5",
                "_rYM",
                "L~oj",
                "n0L,",
                "6:)407",
                "b&nR",
                ">j_lF,",
                "#MkG",
                "J|vH6",
                "'rb~",
                "KSz'",
                "xwtl",
                "6XeRv",
                "s^pC",
                "Q2Xkf[",
                "XSbQ",
                "n!Ff",
                "GG@XI'BH=L",
                "\"QzJ",
                "c2e+<9",
                "$,f;",
                "L\"a*m",
                "}3&r",
                "\\GFd",
                "be@n",
                "og&\"bA",
                "Gq'vI89J",
                "v,!J",
                "L:BpF",
                "xTFs",
                "XEc2e",
                "+ e4",
                "b]6_",
                "?cS\\",
                "+aq/",
                "O[%;",
                "Cw;s[",
                "G{,h|F",
                "[STu",
                "xRVFCra<xN",
                "ME/Y",
                "):wFkL",
                "o,05g",
                "'<o<",
                "QUtZ",
                "v@_p",
                "}c[r",
                "L`1hnC",
                "YFb6",
                "</0xe",
                "2%&t`",
                "3Ml%",
                "k/dz",
                "ARJW",
                "(kAwSh",
                "aR<(",
                "@tZn'",
                "@GUj>dU",
                "SeOn",
                "os_*4",
                "25}b",
                "pn}u",
                "nOvW",
                "+aWR",
                "RpMU",
                "@pb,#:",
                ")ulUZ",
                "g{:.ghL",
                "yyyO",
                "$a-z",
                "5R`/|",
                "R!jlw",
                "\"~CpLoX;.",
                "wM4Jj",
                ")XMp",
                "zE}&",
                "`imjs",
                "]!fE",
                "jC/b",
                "U%8X",
                "[;>:",
                "@C&>",
                "`,ef",
                "I?cTN9V",
                "_=Ao",
                "aOI.",
                "Ndm*Xq",
                "8* $",
                "q@e8",
                "Iybbh\"",
                ".tPt&",
                "ZsnO",
                "07Bm",
                "t7=~",
                "$(uDm",
                "w[}w",
                "b<i-",
                "gJ|x",
                " W)fOwW",
                "].(H",
                "hmH?",
                "x(+K",
                "V%h<",
                ">nfw",
                "a<i&N{Y#<",
                "b<TY",
                "b<i5*",
                " Xn[",
                "t8l;",
                "b7!I_;i",
                "/|`=",
                "xVKk",
                "K-Wt",
                "aa<i",
                "La<i",
                "qpZdj",
                "\\v+.j",
                "T{4$",
                "~aiY",
                "6ytL{:",
                "q/t.",
                "`a<i",
                "A,^s",
                ";b/Sh",
                "la<i",
                "ltJ<i",
                "b<s^",
                "i^a<",
                "i#a<",
                "*/50",
                "Fa<i",
                "_xUi",
                "sa<i",
                "'al_",
                "b<rZ",
                "%Vlx",
                "90<iGV",
                "b<u<u",
                ";<wJ",
                "M)ca<i",
                "Ro4v",
                "mt;i",
                "B2bh",
                "blgi",
                "hI:i",
                "/^}]}[E",
                "6ikN",
                ")mt~AV<",
                ".B/v;i",
                "Zuxl",
                ":91B",
                "3i;i",
                "u6\\,",
                "\\q;i",
                "'vXxa",
                "Fa<i/fy",
                "b<iF",
                "]sZjr",
                "Vo]N",
                "%i/`u$",
                "SF/?",
                "'|=zmg;.",
                "aXf\\",
                ";.Ct",
                "Y!:i",
                "$HSO",
                ":#tO",
                "i#<)",
                "h;iGW",
                "]2i#a",
                "A^ST",
                "F A'",
                "W.ef",
                "c(-gA",
                "9Vky",
                "RSei,",
                "=p5\\",
                "ij=K",
                "\".rzY",
                "'0\\6",
                "Ln};",
                "dK<i",
                "WMsC",
                "'y;K;y;",
                "DTb\\",
                "Li/`t",
                "Ws^<ih",
                "!:8iwZ",
                "%C\\I\\",
                "anzX",
                "CWJh",
                "[1Z>",
                "X!\\|;",
                "7`k)!",
                "a<i3",
                "Xc}%",
                "lfu-",
                "GBtdS",
                "jepm",
                "X#]$]/",
                "cm8!",
                "*5[e",
                "@4?.",
                "rQU9",
                "hIwXbA",
                "sDmXvN#",
                "XfbIps",
                "'n}Q",
                "F>jGl<",
                "@R>k",
                "#u7?",
                "}[z?",
                "-'q\"ciG",
                "}ysIrz",
                "dzoAP",
                "{.8(v",
                "XV ;",
                ".tLm",
                "cc?J",
                "nn'e",
                "\"don",
                "dTo]",
                "Sk<j",
                "/<U(",
                "*f)=N*",
                "*f)=N3",
                "*f)=",
                "CJyk",
                "n}#%r",
                "wwwwwww",
                "KERNEL32.DLL",
                "ADVAPI32.dll",
                "MSVCRT.dll",
                "USER32.dll",
                "WS2_32.dll",
                "LoadLibraryA",
                "GetProcAddress",
                "ExitProcess",
                "RegCloseKey",
                "memset",
                "wsprintfA",
                "@Xv3",
                "%B@ac",
                "xfpS",
                "x`~e&",
                "~e&c",
                "&\\=A;",
                "HxR$",
                "bpA.,",
                "(w\"J",
                "}@,&",
                "![Gky",
                "ISMNtS",
                "w(<`",
                "'*Kl",
                "fg9i",
                "R'b<jr",
                "- M ",
                "Wmtr",
                "n`M,",
                "ZheYZheDZheF",
                "U9sz"
            ]
        }
    ]
}