{
    "malware_data": [
        {
            "filename": "ff0bd362c496178316aa66375828349d11825dd9afaa90c5ece39a401e4e0a7d.exe",
            "filetype": "4D5A9000",
            "filesize": "207KB",
            "hash_sha256": "ff0bd362c496178316aa66375828349d11825dd9afaa90c5ece39a401e4e0a7d",
            "strings": [
                "!This program cannot be run in DOS mode.",
                ".text",
                "`.rsrc",
                "@.reloc",
                "+5sd",
                " %($",
                "@j12",
                "3%(_",
                "3B~!",
                "3 ~!",
                "3C~\"",
                "3 ~\"",
                "H%($",
                "3(r@",
                "-#rZ",
                "-U~ ",
                "#%($",
                "*V~&",
                "*b~4",
                "BSJB",
                "v4.0.30319",
                "#Strings",
                "#GUID",
                "#Blob",
                "<Module>",
                "mscorlib",
                "Microsoft.VisualBasic",
                "MyApplication",
                "MyComputer",
                "MyProject",
                "MyWebServices",
                "ThreadSafeObjectProvider`1",
                "Settings",
                "Main",
                "Stub",
                "ClientSocket",
                "Messages",
                "Uninstaller",
                "XLogger",
                "ProcessCritical",
                "AlgorithmAES",
                "Helper",
                "LowLevelKeyboardProc",
                "LASTINPUTINFO",
                "EXECUTION_STATE",
                "Microsoft.VisualBasic.ApplicationServices",
                "ApplicationBase",
                ".ctor",
                "Microsoft.VisualBasic.Devices",
                "Computer",
                "System",
                "Object",
                ".cctor",
                "get_Computer",
                "m_ComputerObjectProvider",
                "get_Application",
                "m_AppObjectProvider",
                "User",
                "get_User",
                "m_UserObjectProvider",
                "get_WebServices",
                "m_MyWebServicesObjectProvider",
                "Application",
                "WebServices",
                "Equals",
                "GetHashCode",
                "Type",
                "GetType",
                "ToString",
                "Create__Instance__",
                "instance",
                "Dispose__Instance__",
                "get_GetInstance",
                "m_ThreadStaticValue",
                "GetInstance",
                "PasteUrl",
                "Host",
                "Port",
                "Sleep",
                "Groub",
                "USBNM",
                "InstallDir",
                "InstallStr",
                "Mutex",
                "LoggerPath",
                "DownloadStr",
                "Exclusion",
                "RunAntiAnalysis",
                "anyrun",
                "IsXP",
                "DetectManufacturer",
                "DetectDebugger",
                "DetectSandboxie",
                "GetModuleHandle",
                "lpModuleName",
                "CheckRemoteDebuggerPresent",
                "hProcess",
                "isDebuggerPresent",
                "isConnected",
                "System.Net.Sockets",
                "Socket",
                "BufferLength",
                "Buffer",
                "System.IO",
                "MemoryStream",
                "System.Threading",
                "Timer",
                "Tick",
                "ManualResetEvent",
                "allDone",
                "SendSync",
                "Speed",
                "Interval",
                "ActivatePong",
                "BeginConnect",
                "ConnectServer",
                "Info",
                "INDATE",
                "Spread",
                "Antivirus",
                "IAsyncResult",
                "BeginReceive",
                "BeginRead",
                "Send",
                "EndSend",
                "isDisconnected",
                "Pong",
                "Ping",
                "Pack",
                "Read",
                "Plugin",
                "SendMSG",
                "SendError",
                "Thread",
                "DDos",
                "ReportWindow",
                "Input",
                "Monitoring",
                "Data",
                "OpenUrl",
                "Hidden",
                "capCreateCaptureWindowA",
                "lpszWindowName",
                "dwStyle",
                "nWidth",
                "nHeight",
                "hwndParent",
                "Handle",
                "capGetDriverDescriptionA",
                "wDriver",
                "lpszName",
                "cbName",
                "lpszVer",
                "cbVer",
                "RunDisk",
                "Extension",
                "Memory",
                "buffer",
                "IsUpdate",
                "CurrentActiveWindowTitle",
                "callk",
                "SetHook",
                "proc",
                "HookCallback",
                "nCode",
                "wParam",
                "lParam",
                "KeyboardLayout",
                "vkCode",
                "GetActiveWindowTitle",
                "WM_KEYDOWN",
                "_proc",
                "_hookID",
                "SetWindowsHookEx",
                "idHook",
                "lpfn",
                "hMod",
                "dwThreadId",
                "UnhookWindowsHookEx",
                "CallNextHookEx",
                "WHKEYBOARDLL",
                "GetForegroundWindow",
                "GetWindowThreadProcessId",
                "hWnd",
                "lpdwProcessId",
                "GetKeyState",
                "keyCode",
                "GetKeyboardState",
                "lpKeyState",
                "GetKeyboardLayout",
                "idThread",
                "System.Text",
                "StringBuilder",
                "ToUnicodeEx",
                "wVirtKey",
                "wScanCode",
                "pwszBuff",
                "cchBuff",
                "wFlags",
                "dwhkl",
                "MapVirtualKey",
                "uCode",
                "uMapType",
                "SetCurrentProcessIsCritical",
                "isCritical",
                "refWasCritical",
                "needSystemCriticalBreaks",
                "Microsoft.Win32",
                "SessionEndingEventArgs",
                "SystemEvents_SessionEnding",
                "sender",
                "CriticalProcess_Enable",
                "CriticalProcesses_Disable",
                "Decrypt",
                "input",
                "IsValidDomainName",
                "name",
                "FileStream",
                "fileStream",
                "Alphabet",
                "Random",
                "current",
                "GetRandomString",
                "length",
                "GetLastInputInfo",
                "plii",
                "idletime",
                "lastInputInf",
                "GetLastInputTime",
                "TimeSpan",
                "sumofidletime",
                "LastLastIdletime",
                "Time",
                "LastAct",
                "userAgents",
                "GetWindowText",
                "text",
                "count",
                "SetThreadExecutionState",
                "esFlags",
                "PreventSleep",
                "GetHashT",
                "strToHash",
                "SetValue",
                "value",
                "GetValue",
                "Decompress",
                "Compress",
                "AES_Encryptor",
                "AES_Decryptor",
                "_appMutex",
                "CreateMutex",
                "CloseMutex",
                "MulticastDelegate",
                "TargetObject",
                "TargetMethod",
                "AsyncCallback",
                "BeginInvoke",
                "DelegateCallback",
                "DelegateAsyncState",
                "EndInvoke",
                "DelegateAsyncResult",
                "Invoke",
                "ValueType",
                "cbSize",
                "dwTime",
                "Enum",
                "value__",
                "ES_CONTINUOUS",
                "ES_DISPLAY_REQUIRED",
                "ES_SYSTEM_REQUIRED",
                "System.ComponentModel",
                "EditorBrowsableAttribute",
                "EditorBrowsableState",
                "System.CodeDom.Compiler",
                "GeneratedCodeAttribute",
                "System.Diagnostics",
                "DebuggerHiddenAttribute",
                "Microsoft.VisualBasic.CompilerServices",
                "StandardModuleAttribute",
                "HideModuleNameAttribute",
                "System.ComponentModel.Design",
                "HelpKeywordAttribute",
                "System.Runtime.CompilerServices",
                "RuntimeHelpers",
                "GetObjectValue",
                "RuntimeTypeHandle",
                "GetTypeFromHandle",
                "Activator",
                "CreateInstance",
                "MyGroupCollectionAttribute",
                "System.Runtime.InteropServices",
                "ComVisibleAttribute",
                "ThreadStaticAttribute",
                "CompilerGeneratedAttribute",
                "Interaction",
                "Environ",
                "String",
                "Concat",
                "VB$AnonymousDelegate_0",
                "_Lambda$__1",
                "_Lambda$__2",
                "_Lambda$__3",
                "DebuggerDisplayAttribute",
                "DebuggerStepThroughAttribute",
                "Exception",
                "FileInfo",
                "Process",
                "ProcessStartInfo",
                "Conversions",
                "Environment",
                "ExpandEnvironmentVariables",
                "ProjectData",
                "SetProjectError",
                "Exit",
                "ClearProjectError",
                "DirectoryInfo",
                "get_Directory",
                "get_FullName",
                "Directory",
                "Exists",
                "CreateDirectory",
                "File",
                "Delete",
                "ReadAllBytes",
                "WriteAllBytes",
                "ProcessWindowStyle",
                "set_WindowStyle",
                "ToBoolean",
                "Path",
                "GetFileNameWithoutExtension",
                "set_Arguments",
                "Start",
                "WaitForExit",
                "ServerComputer",
                "Microsoft.VisualBasic.MyServices",
                "RegistryProxy",
                "get_Registry",
                "RegistryKey",
                "get_CurrentUser",
                "OpenSubKey",
                "SpecialFolder",
                "GetFolderPath",
                "CreateObject",
                "Boolean",
                "NewLateBinding",
                "LateGet",
                "ChangeType",
                "LateSetComplex",
                "LateCall",
                "FileMode",
                "Char",
                "Split",
                "ThreadStart",
                "Join",
                "System.Net",
                "WebClient",
                "ServicePointManager",
                "set_Expect100Continue",
                "SecurityProtocolType",
                "set_SecurityProtocol",
                "set_DefaultConnectionLimit",
                "DownloadString",
                "IDisposable",
                "Dispose",
                "set_FileName",
                "GetCurrentProcess",
                "ProcessModule",
                "get_MainModule",
                "get_ModuleName",
                "GetFileName",
                "FailFast",
                "Contains",
                "ComputerInfo",
                "get_OSFullName",
                "ToLower",
                "System.Collections",
                "IEnumerator",
                "System.Management",
                "ManagementObjectSearcher",
                "IEnumerable",
                "GetEnumerator",
                "get_Current",
                "LateIndexGet",
                "Operators",
                "CompareString",
                "ToUpperInvariant",
                "MoveNext",
                "get_Handle",
                "IntPtr",
                "ToInt32",
                "Next",
                "WaitHandle",
                "WaitOne",
                "DllImportAttribute",
                "kernel32.dll",
                "STAThreadAttribute",
                "_Lambda$__4",
                "_Lambda$__5",
                "TimerCallback",
                "AddressFamily",
                "SocketType",
                "ProtocolType",
                "Byte",
                "set_ReceiveBufferSize",
                "set_SendBufferSize",
                "ToInteger",
                "Connect",
                "SocketFlags",
                "EventWaitHandle",
                "get_UserName",
                "Replace",
                "OperatingSystem",
                "get_OSVersion",
                "get_ServicePack",
                "get_Is64BitOperatingSystem",
                "DateTime",
                "FileSystemInfo",
                "get_LastWriteTime",
                "System.Security.Principal",
                "WindowsIdentity",
                "GetCurrent",
                "WindowsPrincipal",
                "WindowsBuiltInRole",
                "IsInRole",
                "ManagementBaseObject",
                "ManagementObjectCollection",
                "ManagementObjectEnumerator",
                "get_MachineName",
                "get_Item",
                "Append",
                "get_Length",
                "Substring",
                "ObjectQuery",
                "ManagementObject",
                "Empty",
                "ConcatenateObject",
                "get_Info",
                "get_TotalPhysicalMemory",
                "UInt64",
                "Conversion",
                "Math",
                "Round",
                "Double",
                "Remove",
                "EndReceive",
                "ToArray",
                "ToLong",
                "Stream",
                "WriteByte",
                "Write",
                "ParameterizedThreadStart",
                "ObjectFlowControl",
                "CheckForSyncLockOnValueType",
                "Monitor",
                "Enter",
                "SelectMode",
                "Poll",
                "BeginSend",
                "Close",
                "Collect",
                "_Closure$__1",
                "$VB$Local_Host",
                "$VB$Local_Port",
                "_Lambda$__8",
                "_Lambda$__6",
                "_Lambda$__7",
                "System.Drawing",
                "Graphics",
                "Size",
                "Rectangle",
                "Bitmap",
                "Strings",
                "CompareMethod",
                "System.Windows.Forms",
                "Restart",
                "SocketShutdown",
                "Shutdown",
                "Convert",
                "FromBase64String",
                "GetTempPath",
                "Combine",
                "DownloadFile",
                "AppWinStyle",
                "Shell",
                "Abort",
                "AddObject",
                "ReadAllText",
                "WriteAllText",
                "get_Message",
                "DeleteSubKey",
                "Screen",
                "get_PrimaryScreen",
                "get_Bounds",
                "get_Width",
                "get_Height",
                "System.Drawing.Imaging",
                "PixelFormat",
                "Image",
                "FromImage",
                "CopyPixelOperation",
                "CopyFromScreen",
                "GraphicsUnit",
                "DrawImage",
                "ImageFormat",
                "get_Jpeg",
                "Save",
                "ToBase64String",
                "System.Reflection",
                "MethodInfo",
                "AppDomain",
                "get_CurrentDomain",
                "Assembly",
                "Load",
                "GetTypes",
                "MemberInfo",
                "get_Name",
                "GetMethods",
                "ConditionalCompareObjectEqual",
                "Int32",
                "StartsWith",
                "Stopwatch",
                "FromSeconds",
                "get_Elapsed",
                "op_GreaterThan",
                "System.Collections.Generic",
                "List`1",
                "GetProcesses",
                "get_MainWindowTitle",
                "IsNullOrEmpty",
                "Func`2",
                "System.Core",
                "System.Linq",
                "Enumerable",
                "IEnumerable`1",
                "HttpWebRequest",
                "HttpWebResponse",
                "WebRequest",
                "Create",
                "set_UserAgent",
                "set_AllowAutoRedirect",
                "set_Timeout",
                "set_Method",
                "WebResponse",
                "GetResponse",
                "Space",
                "EndsWith",
                "get_EntryPoint",
                "MethodBase",
                "ParameterInfo",
                "GetParameters",
                "Encoding",
                "get_UTF8",
                "GetBytes",
                "avicap32.dll",
                "MarshalAsAttribute",
                "UnmanagedType",
                "StreamWriter",
                "Registry",
                "CurrentUser",
                "DeleteValue",
                "set_CreateNoWindow",
                "GetTempFileName",
                "TextWriter",
                "WriteLine",
                "get_StartupPath",
                "get_ExecutablePath",
                "set_ErrorDialog",
                "set_UseShellExecute",
                "Zero",
                "get_ProcessName",
                "op_Explicit",
                "op_Equality",
                "Marshal",
                "ReadInt32",
                "ToUInteger",
                "Keys",
                "get_NewLine",
                "UInt32",
                "GetProcessById",
                "IsNullOrWhiteSpace",
                "user32.dll",
                "OutAttribute",
                "SessionEndingEventHandler",
                "SystemEvents",
                "add_SessionEnding",
                "EnterDebugMode",
                "NTdll.dll",
                "RtlSetProcessIsCritical",
                "System.Security.Cryptography",
                "RijndaelManaged",
                "ICryptoTransform",
                "MD5CryptoServiceProvider",
                "HashAlgorithm",
                "ComputeHash",
                "Array",
                "Copy",
                "SymmetricAlgorithm",
                "set_Key",
                "CipherMode",
                "set_Mode",
                "CreateDecryptor",
                "TransformFinalBlock",
                "get_FileName",
                "UriHostNameType",
                "CheckHostName",
                "get_Chars",
                "SizeOf",
                "get_TickCount",
                "GetString",
                "get_ProcessorCount",
                "get_SystemDirectory",
                "GetPathRoot",
                "DriveInfo",
                "get_TotalSize",
                "Int64",
                "get_ASCII",
                "ToUpper",
                "RegistryKeyPermissionCheck",
                "CreateSubKey",
                "RegistryValueKind",
                "BitConverter",
                "System.IO.Compression",
                "GZipStream",
                "CompressionMode",
                "SubtractObject",
                "CreateEncryptor",
                "StructLayoutAttribute",
                "LayoutKind",
                "CompilationRelaxationsAttribute",
                "RuntimeCompatibilityAttribute",
                "GuidAttribute",
                "AssemblyFileVersionAttribute",
                "AssemblyTrademarkAttribute",
                "AssemblyCopyrightAttribute",
                "AssemblyProductAttribute",
                "AssemblyCompanyAttribute",
                "AssemblyDescriptionAttribute",
                "AssemblyTitleAttribute",
                "XClient",
                "XClient.exe",
                "{D$K",
                "MyTemplate",
                "14.0.0.0",
                "My.User",
                "My.Application",
                "My.WebServices",
                "My.Computer",
                "4System.Web.Services.Protocols.SoapHttpClientProtocol",
                "<generated method>",
                "WrapNonExceptionThrows",
                "$39a93ad2-3d93-4e2f-a214-b58c01af6f83",
                "1.0.0.0",
                "_CorExeMain",
                "mscoree.dll",
                "IHDR",
                "IDATx",
                "*c06",
                "u>3p",
                "s+=z",
                "x8l!E",
                "\\oaX",
                "5Zck",
                "c1yq",
                "~,=r",
                "C]58W-",
                "yXd9",
                "N8l'",
                "8Oe=",
                "kKw>",
                ";)id",
                "ahDq)",
                "FI\"]",
                "5hLX",
                "j#*=R9b",
                "btlly",
                "e1W$",
                "&L,s",
                "vnal",
                "PUc|5",
                "\"y@ ",
                " N`p",
                "/0yi",
                "QD@L",
                "QA$!)\"1 ",
                "[\\xdD",
                "I*)bB",
                "4$4D",
                "<b2P",
                "B8YU",
                "U@bF",
                "]bw7",
                "t\\|x",
                "as=1",
                "sV\"F",
                "R h$I*",
                "3LHB",
                "w^cp",
                ">q{?1U",
                "!&H)",
                "qBT_",
                "EC6IRP Q_",
                "z6+M6",
                ".v%/",
                "0jH]O5",
                "~X!}D",
                "hr2Nc",
                "xLHS",
                "Eu'K/",
                "&%!N",
                "Udhd*",
                "M2[yD",
                "C2rj$",
                "s/9BJ",
                "HB$f",
                ")(6W",
                ")6cM",
                "D$El",
                "bLA~",
                "A4kI)",
                "SL$c",
                "w>?%",
                ",@gG",
                "gZ$\\v(",
                "Vn?s",
                "!m?A",
                "eno>",
                "/$%)!",
                "\"I0V",
                "sPR/",
                "0l#B",
                "Sh)'",
                "!@Q%",
                "[KR\\",
                "K&]I",
                "&GbR",
                "T=*v",
                ",s;u",
                "ykK;isQ",
                "/2_c",
                "ffq7",
                "5`z}",
                "bPjoX",
                "Lvr!",
                "B?Kh",
                "?$!I",
                ":\";4",
                "CHBTK4BT",
                "wy'sdg`J",
                "GgP]",
                ")H@g",
                "37Is",
                "T%JD",
                "31X9Q",
                "V0>O]",
                "sEc1",
                "VpCKh",
                "iinC",
                "~rTM",
                "B]z*",
                "^S.aU",
                "J53~\"K2",
                "faQb",
                "}e@J",
                "&{lmR",
                "3P@_",
                ":6JV",
                "_;B/T",
                "%NcN",
                "8T1I",
                "^Rx,E",
                "H\"hv",
                "jQur",
                "N$Da",
                "yLls",
                "#O3jr",
                "]BbB",
                "@3pX",
                "J0J?O",
                "iOc=",
                "G/B_",
                "\"1sJ",
                "aogFe",
                "hIjTfmb}",
                "Gm}3",
                "r;-[",
                "W~S9i}",
                "Dja0",
                "x%vB",
                "q\"$as",
                "\"AijKj",
                "stX5E3",
                "(3tr",
                "-rZO",
                "O5{m",
                "U!Ah'B]",
                "^()(}",
                ":jG524#G",
                "}.*:;L",
                "-}%Vb~",
                "@OJ=",
                "lOn0",
                "qe@w+",
                "]wx[",
                "EAfV",
                "(Ums?CQ&c",
                "t!0;",
                "@fOC",
                "ScBT",
                "S:p4",
                ")g~x",
                "KDqV",
                "Y.,T",
                "!&e4",
                "d.hQ7D)",
                "\")3G(a",
                "AY/;",
                ";w&~",
                "yrr4c&",
                "-;/f",
                "2\\Zs",
                "\\PP\"Bj-)A",
                "fhPqL",
                "g2Ix",
                "!$BR",
                "Vv~5",
                "d[~d",
                "'9L7",
                "vtQA",
                "?NXQ",
                "NI1W",
                "W'FL",
                "J=4L",
                "jbo'",
                "E\"[e",
                "]N:*",
                "XzUL",
                "&(umKA#C",
                "W?[]",
                "%D!u",
                "vHRf}",
                "_O|?",
                "j2F[",
                "R(~.",
                "*-~+",
                "bGO#",
                "uG(\\%)/",
                "IsaQg8",
                "}P&m.e",
                "KLf~",
                "6)[C",
                "L{aT",
                "YC}:b",
                "8DilZ",
                "Z^6I",
                "Lv:z",
                "WGwJ",
                "'|r<",
                "E;L^0",
                "2l{a",
                "6hJxk",
                "|1-5",
                "XstS",
                "#PqR",
                "qs {g",
                "#am>",
                "QaXy",
                "ag<o3U",
                "aa0p",
                "462U",
                "^[&!'",
                "]r^L%!",
                "DVfAij-",
                "vtIr",
                "K'yIm",
                "zU:,",
                "L[ec",
                "/;t;,U",
                "E80B",
                "Am9lK",
                "s9/SJq",
                "dSor",
                "y,`!",
                "mOn0p",
                " 6gJ",
                ";kM5",
                "+;;l",
                "R1*uc",
                "100r",
                "I'ta)",
                "3`?E:",
                "jH6q ",
                "(iNnj",
                "#5]TbR",
                "YppD",
                "_aL;",
                "Js|~",
                "\\t13",
                "&D&*L413",
                "E{}ui",
                "2ll{",
                "vl>P",
                "5*)*",
                "mzN}",
                "&T@x",
                "[6h~y",
                "h[a{",
                "Vdkd",
                "V>;e",
                "F1)f",
                "_ASY",
                "3cW&",
                "g A4",
                "J}\"U",
                "f-1W",
                "px(l",
                "mG.p",
                "05J]",
                ":&3a0",
                "].qt.",
                ";>7P",
                "8x)'OG",
                "[Y4)m",
                "b1(j",
                "#,vp",
                "S!)P5",
                "lZYC",
                "=!)u",
                "QAD0",
                "&W&]e",
                "wJ,u",
                "B@kA",
                "g|sLU9",
                "?A6=",
                "j}=c@\\qY",
                "1wNq",
                "aoyh",
                "1}dv",
                "k5}P",
                "sm*_[",
                "\\,_:",
                "?p8_3",
                "RR@-",
                "VqLt|",
                "]OwL",
                "U;rL",
                "PYR'",
                "{1CzU",
                "oo-u]?q",
                "<RY)",
                "w\\?;V",
                "B=rH",
                "51dU",
                ",V9S",
                "rheq",
                "`=)Zl",
                "FX/X",
                "2vWH]G",
                "X\\S`",
                "gr4 ",
                "%W\\:",
                "{*Ibg:",
                " 1&&",
                "0]3|",
                "yTj1Ee",
                "Hn*a",
                "@Rf{",
                "+p@y",
                "1n@nP2",
                ", \"Xo",
                "Bm:r]",
                "k!.k",
                "f]`4|",
                "ns0=",
                "HCw3b",
                "QCw(",
                "5.m_`k",
                "Q-5'",
                "\" i^",
                "|lQM",
                "ioI\"",
                "Ydpm@",
                "?HH+H",
                ":W->",
                "rx[Pi",
                "ZxFI",
                "EXG-",
                "$AL\"",
                ";N=*V,w",
                "y%Qb",
                "g}ly",
                "z0d2",
                "vWN[",
                "G4bD",
                "I=j*D",
                "HT$&.>",
                "Pm4\\",
                "&sy*",
                " *eS",
                "U]]U",
                "`@s`",
                "VWWWUVefee",
                "#K4[W`)}7",
                "*1FR",
                "CcO.",
                "?1Kl",
                "fov`",
                "Asdl",
                "*fEkM",
                "@ yl@",
                "SOU{<",
                "FKX:",
                "DFK:oR",
                "tdu/I",
                "DsFK",
                "]GB%",
                "QY.=",
                "!(O&",
                "mHy ",
                "@uD\\.",
                "U4)ue",
                "6QW&",
                "9}pL<z",
                "MC3d",
                "&qT;",
                "5[5b",
                "[%kfY",
                "5)<)A",
                ".=(7",
                "F!7EL",
                ":kNq",
                "/ ga",
                "KoD~[",
                "{S^nNU9(",
                "l]eU",
                "IDAT",
                "a=$2p",
                ";6Iy",
                "Q75u",
                "hV@2",
                "<AP#",
                "YfRT",
                "ca7Df",
                "9ud-.",
                "I-|p",
                "BnNf",
                "uz@9",
                "4^Ud;",
                "zj1kB",
                "^m<)+",
                "mF/#",
                "0'PV6",
                "SBs ",
                "(Kj\\",
                "eXJS",
                "Sh{v",
                "%*{f",
                "CF\\o",
                "sF5\"",
                " CH08",
                "_{wM<",
                "!qT9",
                "^u!V",
                "f*_H*",
                "8$kU",
                "*@ `",
                "YgaP%",
                ";s+)f",
                "y<`&",
                "+<:v\\",
                ",3cx",
                "Mp\\g",
                "H<^?",
                "rPNk",
                "%s!T,",
                "tF::",
                "cO$Z",
                "p: l",
                "bONV",
                ".:6N",
                "Q9^8",
                "q>sT",
                "^aHV",
                "rqU2",
                "5i)p",
                "med_",
                "#|i%t}d",
                "Y'X4",
                "s.C:",
                "v(F(q",
                "8b62",
                "=\"YG",
                "CL?z",
                "Gmg7",
                "so&PN",
                "MP.6",
                "1:0'",
                "%_o)@",
                "]JN\\l<",
                "#hA{",
                "{3]3",
                "^'big%",
                "ST2U",
                "/JEZvF",
                "5t1S{",
                "V)*y",
                "@8&[j",
                "4Pgx",
                "CfYW8",
                "wVDN",
                "|/*|CZ^",
                "#J(1",
                "P.SAoW",
                "=LI\\",
                "ZqT/X45",
                "e;}^r",
                "(o.<",
                ">8R8",
                "_VZ+",
                "ukd3u",
                "3aeWq",
                "k6nv",
                "x2t,",
                "@`UUw",
                "LoG7d_)`",
                "&8^8",
                "*LlKE",
                "!(HBg",
                "N15%",
                "&nf2",
                "sghw",
                "I_9S",
                "q5dj",
                "X6\"[MAu",
                "ElrO",
                "Xp-T",
                "nA0Y,>",
                "::+s",
                "X|gl<(",
                "QD]q",
                "BI4M",
                "&0_6^>",
                "@xcAxj",
                "r3Z[",
                ")%9q",
                "==9.",
                "%0j)w0",
                "|MvFD",
                "H0Wf",
                "\\.ftSe",
                "4uML",
                ">w|*",
                "}0XUw.-",
                "hmHK",
                "yX_E",
                "oo\"}T",
                "~fH;",
                "Y]RkS",
                ",@v_C5",
                "v#QaY",
                ")nu3sp",
                "RP5N|",
                "6+}4",
                "6BmR",
                "6eUO",
                "p}\":-",
                "c4xV",
                "t~w97",
                "W1f)",
                ".Y/8}",
                "B4\";",
                "=\\'EF0",
                "^<RY",
                "4VDqrrTZd",
                "OiMJ",
                "V0=!F",
                "a?xx",
                "lHq@",
                "WWxY0",
                "K% f",
                "S*$]n",
                "[yGK",
                "dpEy",
                "<#d5",
                "qKVS",
                ",7|`s",
                "E)+!x",
                "4du8",
                "%' &",
                "Fk-A",
                "q@b@",
                "@&HE",
                "RQITk",
                ">NL's",
                "r/Dp",
                "HR3Kr",
                "#Hbn%",
                "$!Nv",
                "}1Qs",
                "K\\#P",
                "y/ng^",
                "2QGP",
                "HLd*",
                "&%J_",
                "C2v]/",
                "w7&9",
                "lwMj",
                "l.h1",
                "#{1NN",
                "E036e",
                "r|f3",
                "0dGL",
                "28.[8",
                "\"tIy",
                "W|z$[q",
                "#[a.",
                "Xwi*:J",
                "eS6U",
                "THFE",
                "tqX{1",
                " _5p",
                "8V`q",
                "&@.m",
                "GU g",
                "(rrtQ",
                "Tvtk0M6",
                "Kz2'",
                "qmEGm",
                "1*q0X",
                "yMWp",
                "MG+4a]",
                "fLiI6",
                "WJn3q",
                "Z:$9",
                ":MTA",
                "z{&F",
                "?`U,",
                " Ury)",
                "p|jll",
                "5,sVE",
                "h<zCfo9",
                "{NhV5",
                "o|X@F",
                "&[x\\",
                "1XsY",
                "M2xq",
                "uR$ft(",
                "d6mv",
                "{poV",
                "+2(:",
                "y~Ub+",
                "Hmn\\",
                "hp&?C",
                "2qS6",
                "pl/\"U",
                "-myi",
                "]TNj",
                "MYGD,",
                "e\\j'T",
                "G#<z",
                "*3TCi",
                "Tj.@J",
                "ktRx$K",
                "]b&r",
                "o8k<",
                "5^Y=p",
                "yro|",
                "bJb4",
                "Y&u<",
                "g,~L",
                "9U1e",
                "2]T^91",
                "pS\\2",
                "Rsc6 ",
                "(A>+",
                "M~g\"We",
                "S5kA",
                "+xP;",
                "2Sj:",
                "?&U$",
                "Z'k<",
                "/E?M",
                "T+!Z&",
                "B9f\\d",
                "A e^",
                "+{L`c",
                "l;([R",
                "CB&;!{8^:6",
                "gl@]R",
                ",89s",
                ")CyQ",
                "3?GG",
                "{BS3t",
                "/>g]y",
                "1..c",
                "F-G[",
                "X,2V",
                "vZ948",
                "1s|Rq",
                "vJ]y",
                "k2Bt_",
                "86]B",
                "8Yz6",
                "fU^]:",
                "EPDw",
                "Ax6(",
                "xTf^",
                "h.m3T",
                "^GU9",
                "$x7F*o",
                "EeYd",
                "@;P&",
                "tT{.",
                "{++uJ",
                "YY5P",
                "*sUs",
                "X40\\)",
                "bk*a",
                "Q^=r8U",
                "t9+nj",
                "!#c.",
                "?k!ea",
                "MTz5",
                ".3DeU",
                "z`3dbT.",
                "Q%TU",
                "0?s,",
                "T'n@[",
                "4 =k",
                "+N%0",
                "/@!_x",
                "ok>y",
                "j8}>",
                "p[\\ao{I",
                "TU$s~",
                "_})Z",
                ". 6N",
                "b!|x",
                " !%(x",
                "&e;dN",
                ")`X.",
                "G+\"p",
                "@Nr>qD",
                "i@oW",
                "Y3))",
                "*}6e}",
                "z3X*1",
                "tYYx",
                "Qc9ol",
                "t%J>d8>",
                "%1$-",
                "EH%h",
                "w/EfA",
                "5\"[{!",
                "%O$$v/",
                "yxDFdU",
                "Sj7)2\"",
                "M<\\&",
                " ,{OW",
                "H\"C!",
                "?wli;",
                "U@2c",
                "P505.",
                "q*/U",
                "~^aAx",
                "u#\\u",
                "wO-~",
                "R}RY",
                "Yl|h",
                "':Ux",
                "Qo'5xO\"",
                "[To2",
                "Aq!}",
                "gU9N",
                "!,C\"[",
                "Xd}d",
                "|o!W",
                "-^Y%",
                "]$`>",
                "U?5#F",
                "d;33",
                "K\"Hr}",
                ";|~u",
                "^AG.",
                "kp*TY",
                "F/`+",
                "$%Vj",
                ">1We",
                "i%<m",
                "y[g?",
                "?DQD",
                "'.[w",
                "1!E_",
                ":IDAT",
                "DZ+T",
                "dxvc",
                "[^?Q",
                "uwSCz",
                "*)'!",
                "gI`i",
                "d#coF,",
                "}bQ)",
                "OzGN",
                "w'tx",
                "?Pp~-",
                "H}K^",
                "&Kz%",
                "f3\\*",
                ":*{wT\\",
                "Q:Tz",
                "CTV(K",
                "4DkH",
                "+NgJ",
                " ^~\\",
                "BeE%k",
                "4,cv",
                "H/'#_G",
                "\"Qa4",
                "(-b=",
                "t(Qj",
                "Z2%Y",
                "YvN$D",
                "u=3L",
                "&TS>}",
                "o%VE0",
                "(JBI",
                "bpLHQLr",
                "hJB2.",
                "k+<T",
                "|6q6",
                "l~tmn",
                "qfM.",
                "hrFP%",
                "+k!ztYH^",
                "QThzx",
                "wPGhb",
                ".|q*",
                "IEND",
                "a# 4a%#",
                "b$\"1",
                "s'#0",
                "t'#0",
                "r'&R",
                "t)&R",
                "t)(m~.-",
                "v)(m",
                "r'% ",
                "t(% ",
                "r*'=}.-",
                "t*(=",
                "p)'Vz-,",
                "p)(W",
                "v+)h",
                "w+*h",
                "T\"5U",
                "q)'%",
                "r*(%|-+7",
                "}-+8",
                "x8*td<3",
                "x9*t",
                "H!fs@ W",
                "H!aq)",
                "<?xml version=\"1.0\" encoding=\"UTF-8\" standalone=\"yes\"?>",
                "<assembly xmlns=\"urn:schemas-microsoft-com:asm.v1\" manifestVersion=\"1.0\">",
                "  <assemblyIdentity version=\"1.0.0.0\" name=\"MyApplication.app\"/>",
                "  <trustInfo xmlns=\"urn:schemas-microsoft-com:asm.v2\">",
                "    <security>",
                "      <requestedPrivileges xmlns=\"urn:schemas-microsoft-com:asm.v3\">",
                "        <requestedExecutionLevel level=\"asInvoker\" uiAccess=\"false\"/>",
                "      </requestedPrivileges>",
                "    </security>",
                "  </trustInfo>",
                "</assembly>",
                "PAPADDINGXXPADDINGPADDINGXXPADDINGPADDINGXXPADDINGPADDINGXXPADDINGPADDINGXXPADDINGPADDINGXXPADDINGPADDINGXXPADDINGPADDINGXXPADDINGPADDINGXXPADDINGPADDINGXXPADDINGPADDINGXXPADDINGPADDINGXXPADDING",
                "8E/SwZOiKPzUXnDnDd46IN/r35+jaNxbwymlvLsX2I0XJiJ0D+Iy7B712ggwUgle",
                "nmEFbHxdaKTttcV+enzhIg==",
                "ssgjIzbWC9RnpPyUrXc3mQ==",
                "6OwiWeo9f8eQ+0lAUiWx+Q==",
                "2t7dCTzEdvo1EEACpo0QPA==",
                "Te+NXRomErBXxmmlPyDkkQ==",
                "elv9Nqg8kswEACmjkJIqBQ==",
                "KspRabpn35rQf3I6",
                "temp",
                "\\Log.tmp",
                "schtasks.exe",
                "/create /f /RL HIGHEST /sc minute /mo 1 /tn \"",
                "\" /tr \"",
                "/create /f /sc minute /mo 1 /tn \"",
                "SOFTWARE\\Microsoft\\Windows\\CurrentVersion\\Run",
                ".lnk",
                "WScript.Shell",
                "CreateShortcut",
                "TargetPath",
                "WorkingDirectory",
                "powershell.exe",
                "-ExecutionPolicy Bypass Add-MpPreference -ExclusionPath '",
                "-ExecutionPolicy Bypass Add-MpPreference -ExclusionProcess '",
                "http://ip-api.com/line/?fields=hosting",
                "true",
                "Select * from Win32_ComputerSystem",
                "Manufacturer",
                "microsoft corporation",
                "Model",
                "VIRTUAL",
                "vmware",
                "VirtualBox",
                "SbieDll.dll",
                "INFO",
                "Microsoft",
                "Service Pack",
                "False",
                "32bit",
                "True",
                "64bit",
                "dd/MM/yyy",
                "Error",
                "\\root\\SecurityCenter2",
                "Select * from AntivirusProduct",
                "displayName",
                "None",
                "SELECT * FROM Win32_VideoController",
                "Name",
                "Win32_Processor.deviceid=\"CPU0\"",
                "Core(TM)",
                "PING!",
                "pong",
                "CLOSE",
                "uninstall",
                "update",
                "Urlopen",
                "Urlhide",
                "PCShutdown",
                "shutdown.exe /f /s /t 0",
                "PCRestart",
                "shutdown.exe /f /r /t 0",
                "PCLogoff",
                "shutdown.exe -L",
                "RunShell",
                "StartDDos",
                "StopDDos",
                "StartReport",
                "StopReport",
                "Xchat",
                "Hosts",
                "\\drivers\\etc\\hosts",
                "Shosts",
                "HostsMSG",
                "Modified successfully!",
                "HostsErr",
                "ngrok",
                "plugin",
                "sendPlugin",
                "savePlugin",
                "RemovePlugins",
                "Plugins Removed!",
                "OfflineGet",
                "$Cap",
                "#CAP",
                "RunRecovery",
                "Recovery",
                "RunOptions",
                "injRun",
                "UACFunc",
                "ngrok+",
                "Plugin Error! ",
                "Open [",
                ".ps1",
                "-ExecutionPolicy Bypass -File \"",
                "POST / HTTP/1.1",
                "Host: ",
                "Connection: keep-alive",
                "Content-Type: application/x-www-form-urlencoded",
                "User-Agent: ",
                "Content-length: 5235",
                "schtasks",
                "/delete /f  /tn \"",
                ".bat",
                "@echo off",
                "timeout 3 > NUL",
                "DEL \"",
                "\" /f /q",
                "[SPACE]",
                "Return",
                "[ENTER]",
                "Escape",
                "[ESC]",
                "LControlKey",
                "[CTRL]",
                "RControlKey",
                "RShiftKey",
                "[Shift]",
                "LShiftKey",
                "Back",
                "[Back]",
                "LWin",
                "[WIN]",
                "[Tab]",
                "Capital",
                "[CAPSLOCK: OFF]",
                "[CAPSLOCK: ON]",
                "###  ",
                " ###",
                "MainWindowTitle",
                "ProcessName",
                "Software\\",
                "Mozilla/5.0 (Windows NT 6.1; Win64; x64; rv:66.0) Gecko/20100101 Firefox/66.0",
                "Mozilla/5.0 (iPhone; CPU iPhone OS 11_4_1 like Mac OS X) AppleWebKit/605.1.15 (KHTML, like Gecko) Version/11.0 Mobile/15E148 Safari/604.1",
                "Mozilla/5.0 (Windows NT 10.0; Win64; x64) AppleWebKit/537.36 (KHTML, like Gecko) Chrome/60.0.3112.113 Safari/537.36",
                "abcdefghijklmnopqrstuvwxyz",
                "Err HWID",
                "Flush",
                "VS_VERSION_INFO",
                "VarFileInfo",
                "Translation",
                "StringFileInfo",
                "000004b0",
                "FileDescription",
                "FileVersion",
                "InternalName",
                "LegalCopyright",
                "OriginalFilename",
                "ProductVersion",
                "Assembly Version"
            ]
        }
    ]
}