{
    "malware_data": [
        {
            "filename": "f9269e614fa9f50bf9eb222daa97686ffc71018793d4cd84606ebf415ea4cd0f.elf",
            "filetype": "7F454C46",
            "filesize": "15KB",
            "hash_sha256": "f9269e614fa9f50bf9eb222daa97686ffc71018793d4cd84606ebf415ea4cd0f",
            "strings": [
                "<l>=)",
                "*ziy\"",
                "x2'_Z ",
                "em F",
                "*K,$",
                "(<5C",
                "-KTY",
                "v||[d",
                "8bq<",
                "9pbI<",
                "}c$#$",
                "RO{'o",
                "sG:5",
                "H;\\z\"",
                ")%)F",
                "4Cd?",
                "5WeU",
                "sb/n",
                "32dS",
                "2L8?,h",
                "?}+Bh",
                "<Oi-",
                "\"x\"=6",
                "1QmyT",
                "+ty`",
                "|BRp",
                "2W$&",
                "AFVB",
                "~?>4.`X3",
                "~W6t$-",
                "!;KC",
                ",1/95",
                "^Y.*",
                ":YKZ*",
                "Tl}~",
                "n-Ws",
                "=BZ~}",
                "j_k)",
                "RL8*GC",
                "^.Ni",
                "d6/S",
                ">b*TC",
                "ah?.]",
                ":4=;p.",
                " N3@C",
                ";87r",
                "E*S*",
                "4w?BtJ",
                "$1|h",
                "jtQB",
                "hEet",
                "ZAkA",
                "DQ*~",
                "E/?4=",
                "6hSCt",
                "u}'&",
                "0hx1",
                "a1y0s",
                "N>;m$=",
                "Z)rjv(",
                " 6#r",
                " }HG@",
                "Hiat",
                "9PBZ",
                "MdN^",
                "~ff)",
                "Zjg^",
                "YU{^d",
                "+:8U",
                ".O- =",
                "-uA7",
                "DL7N~",
                "`_wJ",
                "Cu:<Cx^",
                "44BU",
                "OPza",
                "d`mo@l",
                "ZyoHsG?",
                "NP2i",
                ".<+j",
                "d/zbn",
                "[&n}t{",
                "dsyX[",
                "~5@?q",
                "]U3F{e,",
                "PiTY",
                "|$?#",
                ":add",
                "L=>`C",
                "ZP-Q",
                "S$XY",
                "oia$",
                "zk/q",
                "t6Qd",
                "1^I;",
                "Ot{?l",
                "zv1H",
                "\";0R)",
                ",_b&A",
                "fh)h",
                "S !763j",
                "2L{<?",
                "VL-/",
                "mDkq",
                "_m /@]",
                "eIQm",
                "WO5Oc[_/",
                "%}!Le",
                "k8ZX1",
                "by1R",
                "Lat:r",
                "IT?vB",
                "7/pb?",
                "DIF\"-Kg",
                "S?(m",
                "tBT'a",
                "MHern",
                "'DE}",
                "G-8Gb",
                "\\{Um",
                "pk\\W",
                "&'UiZn",
                "W9P`0",
                "k&VY~",
                "u_%<",
                "5k{*,O",
                "SK2W",
                "~pvK~?",
                "oONI",
                "Yi-A9",
                "qQX*",
                "HDHjX*",
                "\">A;X",
                "m!$fgR",
                "C!lec",
                ":/7^%",
                "'{5j",
                ";1/M",
                "Xwuw",
                "mK}{R#",
                "vfxP",
                "H@C}<c",
                "Zq!=+",
                "H<_W",
                ";\" |fh\\",
                "a@1?",
                "F%nm`",
                "HuiP",
                "osCog",
                "z'-W",
                "xcH$",
                "8gM4nL",
                ".lPG",
                "nw5N",
                "3Xn(",
                "\\ra_",
                "x=Z_1o;m+",
                "TO]V",
                "ac%KQ",
                "K<NP",
                "dB54",
                "RtsT",
                ">yN8",
                "jG/h",
                "k+^O",
                "KTML",
                "5KQ.]",
                "x}*m",
                "bv=Kv;g",
                "+:99",
                "g^\"WWT"
            ]
        }
    ]
}