{
    "malware_data": [
        {
            "filename": "1793b6d629599f4709ba967ebfc2e07e77bc42d07b475467fedd94c53dafafe0.exe",
            "filetype": "4D5A9000",
            "filesize": "237KB",
            "hash_sha256": "1793b6d629599f4709ba967ebfc2e07e77bc42d07b475467fedd94c53dafafe0",
            "strings": [
                "!This program cannot be run in DOS mode.",
                ".text",
                "`.rsrc",
                "@.reloc",
                "H>H}>",
                "hSw/",
                "=!t@K",
                "com.apple.Safari",
                "ixKZ-",
                "~[b8",
                "wCLG",
                "Unable to resolve HTTP prox",
                "*J(X",
                " 1SPS*",
                "iX*B",
                "jX(E",
                "Zlo\\",
                "?Y>3",
                "prP!",
                "pr|*",
                "ca(+",
                "Z q1",
                "prW/",
                "pr'0",
                "prk0",
                "pr%1",
                "prj4",
                "iY(%",
                "jYl#",
                "@[l(",
                "nXi ",
                "YjX ",
                "XY=3",
                " @[(",
                " KDBM(+",
                "l[ZA",
                "&rNI",
                "jYi(",
                "BSJB",
                "v4.0.30319",
                "#Strings",
                "#GUID",
                "#Blob",
                "mF43",
                "9&FA",
                "n4FA",
                "3%43",
                "qG43",
                "g )@",
                "}%43",
                "E1sN",
                "& 43",
                "((H@",
                "l')@",
                "Q'H@",
                ">'43",
                "b,43",
                "|+#JO",
                "/H43",
                "4 43",
                "'8^1",
                "s?O+",
                "+343",
                "F 43",
                "N3sN",
                "cC43",
                "q843",
                "b<sN",
                "x+#J",
                "0<sN",
                "r3sN",
                "H>43",
                "h<sN_",
                "m3sN",
                "68sN",
                "M843",
                "I<sN",
                "P?sN",
                "K!s,",
                "pHs,",
                "i843",
                "W!43",
                " yJR",
                " 4.Z",
                " QLt",
                " {>T",
                " x4Y",
                " eL_",
                "lOE ",
                "CM q",
                "#f q",
                "n&n ",
                "yEw!)",
                "1'}!",
                " < T t ",
                " 8!L!",
                "\"\"\".\"9\"I\"",
                "& 4 ",
                "wTHwbn1FP00",
                "amWvM0",
                "xMN0",
                "SHf0Q0",
                "psLde0",
                "rEf0",
                "kS3r0",
                "4T2kRtr0",
                "pymv0",
                "$$method0x6000080-1",
                "$$method0x6000102-1",
                "$$method0x6000122-1",
                "$$method0x6000142-1",
                "$$method0x6000123-1",
                "$$method0x6000194-1",
                "$$method0x6000108-1",
                "$$method0x6000118-1",
                "$$method0x6000258-1",
                "$$method0x600011d-1",
                "$$method0x600008f-1",
                "ns2oqd21",
                "U4nA71",
                "da91",
                "HMACSHA1",
                "VT_UI1",
                "VT_I1",
                "BJPP1",
                "s9cR1",
                "okmq7ZuS1",
                "oBU1",
                "bKrAX1",
                "jGmInxNtbX1",
                "IEnumerable`1",
                "ICollection`1",
                "IEnumerator`1",
                "IList`1",
                "yEWqc1",
                "CS$<>9__CachedAnonymousMethodDelegate1",
                "get_Item1",
                "qlySw1",
                "$$method0x6000102-2",
                "$$method0x6000118-2",
                "$$method0x6000258-2",
                "HMACSHA512",
                "Advapi32",
                "kernel32",
                "Microsoft.Win32",
                "user32",
                "ToUInt32",
                "ReadInt32",
                "ToInt32",
                "vcPt62",
                "3J5H0bH2",
                "VT_UI2",
                "VT_I2",
                "7q0BW2",
                "KeyValuePair`2",
                "Dictionary`2",
                "XV6v7ixRe2",
                "wOozDf2",
                "SWh2",
                "get_Item2",
                "WWwuAiZ7Ez2",
                "Gcp4333",
                "74NFN8H53",
                "0iqwb6r53",
                "4Yp7Eug63",
                "BaIOpA3",
                "fDL3",
                "DOsg6N3",
                "oYiON3",
                "zAY3",
                "Tuple`3",
                "orYnb3",
                "aXzTh9Yxb3",
                "UixHk3",
                "get_Item3",
                "TxT3Ip3",
                "nsFq4OcVPt3",
                "bnH7qiut3",
                "CG5tw3",
                "3Vm8vOz3",
                "BsOUr34",
                "ToUInt64",
                "ReadInt64",
                "ToInt64",
                "ixnKzmdB4",
                "1RmE4",
                "kNG4",
                "x5s6I4",
                "VT_UI4",
                "VT_I4",
                "itBg5ovO4",
                "VT_R4",
                "bURfnT4",
                "UgX4",
                "s0zbVVKvXd4",
                "RoU7dVFOMi4",
                "dgNi4",
                "WEpRilBQPy4",
                "JNjaq155",
                "2K81zGA65",
                "dEp9tq16sC5",
                "MecM5",
                "yYLhkQ5",
                "y68udQIHkR5",
                "s5BTX5",
                "1DgX5",
                "4tir8E4b5",
                "arg5",
                "PFbh5",
                "3IqYop5",
                "4Q2bh6KD8t5",
                "9iKOy5",
                "IS_TEXT_UNICODE_ASCII16",
                "IS_TEXT_UNICODE_REVERSE_ASCII16",
                "ToUInt16",
                "ReadInt16",
                "ToInt16",
                "HMACSHA256",
                "bMqfuKD6",
                "vbUF6",
                "L1MNpnnI6",
                "LnrL6",
                "44U8xBV6",
                "S5aG89RxzV6",
                "QeW6",
                "u2URRdjX6",
                "qag6",
                "arg6",
                "Uu3AB5xl6",
                "hSHgv0Vx6",
                "3PN5Yx6",
                "QJfQxWrz6",
                "7fM8L9Z57",
                "WLbDQE7",
                "0xZUF7",
                "aQQiZbT5H7",
                "QsVpuvH7",
                "HeI7",
                "VaultGetItem_WIN7",
                "sc1GAGO7",
                "jJFg7",
                "zZm2RPnBo7",
                "7S1DO2su0p7",
                "GhnrmsiIt7",
                "idOWDfKjX18",
                "zKlBJMs668",
                "zvTCTZcBfA8",
                "get_UTF8",
                "mArMI8",
                "VT_UI8",
                "VT_I8",
                "VaultGetItem_WIN8",
                "koxMLDQ8",
                "VT_R8",
                "QEmCfwU8",
                "ynLZ8",
                "6yXGj8",
                "QST9lj8",
                "BLOnlS9k8",
                "Yy1098r8",
                "Abt3v8",
                "Cl59",
                "rlKNFTjrU79",
                "cWkL9",
                "5sWFR9",
                "AQVaTNiR9",
                "cc245fc9-c007-4d83-b90b-5883c9ee85a9",
                "KeQ2VUwa9",
                "JgFh9",
                "FCioMysh9",
                "h6V56k9",
                "I3t3LdUl9",
                "<Module>",
                "VsdS030A",
                "yvE4A",
                "kkeaBA",
                "URPA",
                "lDbA",
                "d0YMdA",
                "trMLDVQgA",
                "w8w0SxiA",
                "WWgxjA",
                "GwbHtbEvoA",
                "QqXsqA",
                "437VF6B",
                "wZR919B",
                "zNsY9B",
                "DUxSWCB",
                "BCRYPT_KEY_DATA_BLOB",
                "VT_BLOB",
                "inPNzlZsdB",
                "HFfB",
                "MqgB",
                "cpjKUanB",
                "JRBlWU6lBqB",
                "SltB",
                "fvPNAhyec5C",
                "HMAC",
                "BCRYPT_KEY_DATA_BLOB_MAGIC",
                "SMTC",
                "MAAReXAUC",
                "9oWC",
                "Ud4DjbC",
                "uCPI0riC",
                "4LpC",
                "4h8rsOW6qC",
                "03sC",
                "cbAAD",
                "BgBD",
                "062ngqSRCD",
                "LLKHF_EXTENDED",
                "LLKHF_INJECTED",
                "V77YED",
                "3IVnz2FD",
                "VT_CLSID",
                "get_ID",
                "set_ID",
                "FileHandleID",
                "fileHandleID",
                "lpdwProcessID",
                "processID",
                "get_FormatID",
                "set_FormatID",
                "aHPZ4uNPD",
                "JjzK3MxPD",
                "jgFFLhoD",
                "DUPLICATE_CLOSE_SOURCE",
                "BCRYPT_CHAINING_MODE",
                "VT_STORAGE",
                "INVALID_HANDLE",
                "VT_FILETIME",
                "dGgpgY4PE",
                "tNhDdKRPE",
                "WEsS6PPV4QE",
                "gzb7lVN5DRE",
                "IS_TEXT_UNICODE_SIGNATURE",
                "IS_TEXT_UNICODE_REVERSE_SIGNATURE",
                "VT_DATE",
                "IS_TEXT_UNICODE_DBCS_LEADBYTE",
                "4DYE",
                "2OjueRFZE",
                "tSDZwTLX4aE",
                "DTjE",
                "z7TZgpE",
                "nRaW2frE",
                "RLrfFB1MtE",
                "Sc9GOwE",
                "GL1F",
                "7J2r8W1F",
                "3VdkhP08F",
                "VT_CF",
                "NdjRqCwCF",
                "rEzGLFF",
                "Hf9JF",
                "dD32YUKF",
                "JTeJAkF",
                "gUkF",
                "fHrEyGlF",
                "lZrF",
                "ifKQ9uss2sF",
                "PrCS18G",
                "5Q9G",
                "VlVt0TAAG",
                "BCRYPT_AUTH_MODE_CHAIN_CALLS_FLAG",
                "ZrOleJG",
                "sSOg64eKG",
                "IicScPhBvUG",
                "trRkisxPaG",
                "6vdIfG",
                "iWjG",
                "OuSMoG",
                "OwbN96FWwrG",
                "seQ2C0H",
                "bS1H",
                "fnsBH5H",
                "STATUS_AUTH_TAG_MISMATCH",
                "STATUS_INFO_LENGTH_MISMATCH",
                "wmSxgkgNH",
                "Z8eZFTH",
                "IS_TEXT_UNICODE_ODD_LENGTH",
                "BCRYPT_AUTH_TAG_LENGTH",
                "BCRYPT_OBJECT_LENGTH",
                "Wo9XH",
                "lADJB4YbH",
                "3FdH",
                "hCfH",
                "5CpH",
                "ESbsY3OIo3I",
                "W7omEf6I",
                "JpxFI",
                "get_ASCII",
                "iqaNI",
                "zLXgfQI",
                "gAQuk5XnyaI",
                "fDJyuI",
                "wsg28O4kn1J",
                "q0i7LBJ",
                "IEBVJ8EJ",
                "kwdphsnzPJ",
                "0DGQixiUcJ",
                "T9ud2dJ",
                "MNJw1XQfJ",
                "g0d2X3iJ",
                "W0Hc7tlJ",
                "Tot13wFenJ",
                "m8zJ",
                "dP7iqKU6K",
                "iFGK",
                "kISB0YxLKK",
                "zQdqROsGWQK",
                "IS_TEXT_UNICODE_UNICODE_MASK",
                "IS_TEXT_UNICODE_NOT_UNICODE_MASK",
                "IS_TEXT_UNICODE_REVERSE_MASK",
                "IS_TEXT_UNICODE_NOT_ASCII_MASK",
                "r1pUK",
                "fFWK",
                "gClZK",
                "teI93TyZK",
                "AUFJ0fK",
                "ALQSlfK",
                "BsfK",
                "pzOpK",
                "DYsyFGSqK",
                "J7x2EZkwKsK",
                "K3ol2L",
                "o4Dc8Gbq7L",
                "VT_DECIMAL",
                "Hpat7AOoAL",
                "loNFL",
                "VT_NULL",
                "WH_KEYBOARD_LL",
                "VT_BOOL",
                "pjsnYEKQL",
                "H5I9FwGYbL",
                "Eg85biL",
                "khhtKelqL",
                "SFXkrL",
                "jFtldquL",
                "75vL",
                "VT_VERSIONED_STREAM",
                "VT_STREAM",
                "BCRYPT_CHAIN_MODE_GCM",
                "Awq1JRotXDM",
                "BCRYPT_AES_ALGORITHM",
                "hROjcpM",
                "aKZvM",
                "tdKAQFnc3N",
                "pTJemveKN",
                "BCRYPT_INIT_AUTH_MODE_INFO_VERSION",
                "HC_ACTION",
                "LLKHF_ALTDOWN",
                "WM_SYSKEYDOWN",
                "WM_KEYDOWN",
                "BvXumYN",
                "lSajM2xymfN",
                "CZxLlN",
                "dXZzcqN",
                "LhXNt5KuN",
                "System.IO",
                "bqX5EfhLO",
                "r2aicQO",
                "qoOdaSO",
                "MpaFBTO",
                "uJRjYoTO",
                "q9lWO",
                "5X0ZhO",
                "Lky5dKyO",
                "a3LgWgnyO",
                "xRJGLnY0P",
                "fx9yS3P",
                "VN2wOFERk6P",
                "CoFbSuz6P",
                "BCRYPT_PAD_OAEP",
                "UYutCYDyxOP",
                "WM_SYSKEYUP",
                "WM_KEYUP",
                "LLKHF_UP",
                "KG4SzmWP",
                "2aL27Q",
                "KDeQ28Q",
                "h0h3AUXDO9Q",
                "JIDQ",
                "MDZQipeOQ",
                "bUttbyuOQ",
                "kSTBhQ",
                "dD63jQ",
                "1a5nS0K0R",
                "2SDBR",
                "MS_PRIMITIVE_PROVIDER",
                "4AjnLnIR",
                "PrJR",
                "VT_ERROR",
                "VT_VECTOR",
                "88JRR",
                "VT_BSTR",
                "VT_LPSTR",
                "VT_LPWSTR",
                "58kMWOLtXZR",
                "p4CxGZgFDmR",
                "gQPvyR",
                "eiHqvh0S",
                "q155q2S",
                "IS_TEXT_UNICODE_STATISTICS",
                "IS_TEXT_UNICODE_REVERSE_STATISTICS",
                "IS_TEXT_UNICODE_NULL_BYTES",
                "j3JEeVFAYHS",
                "IS_TEXT_UNICODE_CONTROLS",
                "IS_TEXT_UNICODE_REVERSE_CONTROLS",
                "IS_TEXT_UNICODE_ILLEGAL_CHARS",
                "DUPLICATE_SAME_ACCESS",
                "ERROR_SUCCESS",
                "STATUS_SUCCESS",
                "BCRYPT_PAD_PSS",
                "FzVS",
                "3BSYaS",
                "6rhS",
                "vMJiS",
                "YOPjS",
                "KauS",
                "IPV43ILHi2T",
                "XMGqLYysm6T",
                "jgF8hC8BT",
                "9UsLQ1zET",
                "7BGT",
                "sFDfKT",
                "VT_UINT",
                "VT_INT",
                "pkmcARmAOT",
                "4D6YrM7qeT",
                "jTkT",
                "Og6dkT",
                "OlgJqT",
                "c1pYKNtT",
                "Iza3xY2gvT",
                "tdzT",
                "sIXZf9fJB6U",
                "KZpHTD8za7U",
                "oJnGNBU",
                "muEU",
                "BQHt1DH7VFU",
                "6IY9vFU",
                "5GWpa1NPU",
                "cK0o2cDXU",
                "kuxZU",
                "I5ca3aU",
                "MexoaU",
                "3adU",
                "545roGRoU",
                "Yn2xU",
                "TbKR0gmspBV",
                "rMcD1DV",
                "yfHDV",
                "get_IV",
                "set_IV",
                "cbIV",
                "pbIV",
                "C7xiADeJ6OV",
                "fUI0xmMXP1W",
                "KDgOouNz1W",
                "CAqXAW",
                "gv4u1DW",
                "vN0EENMRLIW",
                "STATUS_BUFFER_OVERFLOW",
                "2yOW",
                "uE2b0VWPUZW",
                "7rrUpW",
                "HCsW",
                "D30X",
                "8wJrROw84X",
                "Dn9X",
                "yMcX",
                "4WvCVgX",
                "3MG6RfChX",
                "ThRfVsX",
                "8VS0Y",
                "xHCTS7aEAY",
                "VT_ARRAY",
                "68eCncc3CY",
                "VT_CY",
                "suhCY",
                "Tzo8DchHY",
                "VT_EMPTY",
                "bTHiyb06bY",
                "VcOBFD40hY",
                "U3rY",
                "x0ghzY",
                "tSV4st4Z",
                "M8bOT67Z",
                "B11nhwbI9Z",
                "kvGMPcPIZ",
                "aW8KZ",
                "CZ0rBd5hgZ",
                "2oCfDHiZ",
                "zF4VzkZ",
                "4orQ23sZ",
                "7AbIhLA1xZ",
                "YX48pQClyZ",
                "value__",
                "aCxZaLp1a",
                "5Z2a",
                "6kFa",
                "snJa",
                "RuRgYNa",
                "WSFsbGxVfOa",
                "5Gtut2jf7Sa",
                "0OzJna",
                "get_Data",
                "set_Data",
                "cbData",
                "ProtectedData",
                "cbAuthData",
                "pbAuthData",
                "pData",
                "PropertyData",
                "data",
                "SetQuota",
                "TY5rf3b",
                "ulRV7ab",
                "PublicIpAddressGrab",
                "mscorlib",
                "YxZnZqtWqb",
                "bnaQZOKZwb",
                "KwHSx3Gi3c",
                "mC6c",
                "6SfRz6HFM6c",
                "CHTz5E07c",
                "fn5iCc",
                "yYbVbqCc",
                "NomEs5Hc",
                "yADXQc",
                "Aa8wvxTc",
                "WFyKWc",
                "jZ7Wd4ic",
                "qivpRplHZic",
                "System.Collections.Generic",
                "Microsoft.VisualBasic",
                "rAkP9nc",
                "JhLoc",
                "WndProc",
                "HookProc",
                "HXQpc",
                "9tBGdpc",
                "K0On4CDtc",
                "FromFileTimeUtc",
                "xWz4d",
                "ybk5d",
                "HvX2Bd",
                "HzwGd",
                "get_Id",
                "SchemaId",
                "schemaId",
                "pszAlgId",
                "HookId",
                "eQP0lovmId",
                "GetWindowThreadProcessId",
                "processId",
                "ChatId",
                "SchemaElementId",
                "GetProcessById",
                "NvkprdlDUd",
                "jndJfYd",
                "PageExecuteRead",
                "OpenRead",
                "FileMapRead",
                "VirtualMemoryRead",
                "CreateThread",
                "Load",
                "lpcbNeeded",
                "DomainExtended",
                "SHA1Managed",
                "RijndaelManaged",
                "add_Changed",
                "remove_Changed",
                "get_LastModified",
                "set_LastModified",
                "_lastModified",
                "Interlocked",
                "set_Enabled",
                "get_IsEnabled",
                "set_IsEnabled",
                "_enabled",
                "Undefined",
                "lpOverlapped",
                "samDesired",
                "add_Elapsed",
                "get_LastAccessed",
                "set_LastAccessed",
                "_lastAccessed",
                "get_Reserved",
                "reserved",
                "System.Collections.Specialized",
                "dO84ghd",
                "TorPid",
                "activeWindowPid",
                "pPackageSid",
                "row_id",
                "get_IsInvalid",
                "get_Guid",
                "vaultGuid",
                "PcHwid",
                "6kVkd",
                "<ID>k__BackingField",
                "<FormatID>k__BackingField",
                "<Data>k__BackingField",
                "<LastModified>k__BackingField",
                "<IsEnabled>k__BackingField",
                "<LastAccessed>k__BackingField",
                "<Password>k__BackingField",
                "<password>k__BackingField",
                "<PropertyStorage>k__BackingField",
                "<Name>k__BackingField",
                "<FileName>k__BackingField",
                "<ApplicationName>k__BackingField",
                "<Username>k__BackingField",
                "<username>k__BackingField",
                "<Type>k__BackingField",
                "<type>k__BackingField",
                "<TypedPropertyValue>k__BackingField",
                "<Size>k__BackingField",
                "<IsRunning>k__BackingField",
                "<Path>k__BackingField",
                "<hostmask>k__BackingField",
                "<Version>k__BackingField",
                "<Application>k__BackingField",
                "<Description>k__BackingField",
                "<user>k__BackingField",
                "<hoster>k__BackingField",
                "<Tasks>k__BackingField",
                "<objects>k__BackingField",
                "<Accounts>k__BackingField",
                "<Keys>k__BackingField",
                "<Lenght>k__BackingField",
                "<Host>k__BackingField",
                "<GuidMasterKey>k__BackingField",
                "GetField",
                "q4WCpzld",
                "TrimEnd",
                "ReadToEnd",
                "AppEnd",
                "hWnd",
                "Append",
                "get_Millisecond",
                "GetUpperBound",
                "GetLowerBound",
                "Round",
                "hwnd",
                "set_Method",
                "method",
                "Clipboard",
                "get_Password",
                "set_Password",
                "DomainPassword",
                "get_password",
                "set_password",
                "Nuwd",
                "Ylgty8I0e",
                "wa3xjYAe",
                "DDpa5N4eJe",
                "0Ry6C9aNe",
                "AJ3u4kxMOe",
                "J2CkQf2ae",
                "sO96kWwcbe",
                "kh3i9Uce",
                "Replace",
                "DeleteBackspace",
                "QueryDosDevice",
                "hInstance",
                "IdentityReference",
                "Sequence",
                "cbNonce",
                "pbNonce",
                "Resource",
                "vkCode",
                "wScanCode",
                "scanCode",
                "keyCode",
                "set_Mode",
                "FileMode",
                "ShareMode",
                "PaddingMode",
                "CryptoStreamMode",
                "CipherMode",
                "SelectSingleNode",
                "XmlNode",
                "get_Unicode",
                "get_BigEndianUnicode",
                "IsTextUnicode",
                "6otl3yBge",
                "FromImage",
                "SectionImage",
                "get_PropertyStorage",
                "set_PropertyStorage",
                "SerializedPropertyStorage",
                "SendMessage",
                "FzMnge",
                "AddRange",
                "CompareExchange",
                "CredentialCache",
                "SectionNoCache",
                "FBY9UJje",
                "Take",
                "EndInvoke",
                "BeginInvoke",
                "GetEnvironmentVariable",
                "SetEnvironmentVariable",
                "IEnumerable",
                "IDisposable",
                "ToDouble",
                "get_Handle",
                "RuntimeFieldHandle",
                "hSourceHandle",
                "SafeHandle",
                "GetModuleHandle",
                "RuntimeTypeHandle",
                "ReleaseHandle",
                "CloseHandle",
                "DuplicateHandle",
                "CreateHandle",
                "GetTypeFromHandle",
                "hSourceProcessHandle",
                "hTargetProcessHandle",
                "lpTargetHandle",
                "bInheritHandle",
                "vaultHandle",
                "activeWindowHandle",
                "handle",
                "Rectangle",
                "ToSingle",
                "CreateFile",
                "hTemplateFile",
                "DeleteFile",
                "WriteFile",
                "MoveFile",
                "MapViewOfFile",
                "UnmapViewOfFile",
                "hFile",
                "lastTitle",
                "activeWindowTitle",
                "lphModule",
                "get_MainModule",
                "ProcessModule",
                "get_Name",
                "set_Name",
                "lpDeviceName",
                "get_FileName",
                "set_FileName",
                "GetModuleFileName",
                "lpExistingFileName",
                "lpFileName",
                "GetFileName",
                "lpNewFileName",
                "_fileName",
                "get_ModuleName",
                "lpModuleName",
                "lpBaseName",
                "baseName",
                "lpValueName",
                "StartupRegName",
                "rootPathName",
                "get_OSFullName",
                "get_FullName",
                "OperatingSystemName",
                "get_ApplicationName",
                "set_ApplicationName",
                "StartupInstallationName",
                "lpName",
                "lpAppName",
                "get_UserName",
                "get_ComputerName",
                "ThisComputerName",
                "ProcessorName",
                "get_ProcessName",
                "processName",
                "StartupEnvName",
                "GetProcessesByName",
                "lpKeyName",
                "pszCredentialFriendlyName",
                "StartupDirectoryName",
                "GetDirectoryName",
                "astable_name",
                "item_name",
                "Filename",
                "filename",
                "get_Username",
                "set_Username",
                "get_username",
                "set_username",
                "DateTime",
                "GetLastAccessTime",
                "dwTime",
                "time",
                "AppendLine",
                "get_NewLine",
                "Combine",
                "LocalMachine",
                "Escape",
                "Unescape",
                "Pipe",
                "DataProtectionScope",
                "get_Type",
                "set_Type",
                "pszBlobType",
                "GetFileType",
                "MimeType",
                "ValueType",
                "LogType",
                "SecurityProtocolType",
                "smartLoggerType",
                "GetType",
                "set_ContentType",
                "item_type",
                "get_type",
                "set_type",
                "FileShare",
                "Compare",
                "System.Core",
                "PtrToStructure",
                "get_InvariantCulture",
                "Capture",
                "NameObjectCollectionBase",
                "HttpWebResponse",
                "GetResponse",
                "Close",
                "Dispose",
                "Parse",
                "Reverse",
                "X509Certificate",
                "GenericCertificate",
                "DomainCertificate",
                "Create",
                "KBDLLHookProcDelegate",
                "MulticastDelegate",
                "Terminate",
                "PcState",
                "GetKeyboardState",
                "lpKeyState",
                "GetKeyState",
                "Delete",
                "PageReadWrite",
                "PageExecuteReadWrite",
                "nNumberOfBytesToWrite",
                "FileMapWrite",
                "VirtualMemoryWrite",
                "Remote",
                "STAThreadAttribute",
                "CompilerGeneratedAttribute",
                "GuidAttribute",
                "SecuritySafeCriticalAttribute",
                "ExtensionAttribute",
                "AssemblyFileVersionAttribute",
                "FlagsAttribute",
                "CompilationRelaxationsAttribute",
                "ReliabilityContractAttribute",
                "ParamArrayAttribute",
                "RuntimeCompatibilityAttribute",
                "SuppressUnmanagedCodeSecurityAttribute",
                "set_UseShellExecute",
                "FileMapExecute",
                "SByte",
                "ReadByte",
                "ToByte",
                "get_Value",
                "HandleValue",
                "TryGetValue",
                "get_TypedPropertyValue",
                "set_TypedPropertyValue",
                "GetPropertyValue",
                "value",
                "Save",
                "set_KeepAlive",
                "Remove",
                "SectionReserve",
                "get_Size",
                "set_Size",
                "dataSize",
                "cbSize",
                "get_StorageSize",
                "lpFileSize",
                "get_NameSize",
                "volumeNameSize",
                "nFileSystemNameSize",
                "SQLDataTypeSize",
                "get_StoreSize",
                "get_ValueSize",
                "get_HashSize",
                "set_BlockSize",
                "chunkSize",
                "nSize",
                "get_KeySize",
                "Serialize",
                "Deserialize",
                "Initialize",
                "Finalize",
                "Synchronize",
                "page_size",
                "Resize",
                "Iv5qpLjC1f",
                "8hdwL5f",
                "Tq8zfrq5f",
                "K8bSlL5K8f",
                "UgjyumXCf",
                "P9pJf",
                "RQLf",
                "TF29hEzIOf",
                "LLjCVOf",
                "SizeOf",
                "get_ItemOf",
                "LastIndexOf",
                "8EyYbbUf",
                "OitDSiayYf",
                "PA9bVDltbaf",
                "Dwdf",
                "cchBuff",
                "fjvBr5hf",
                "5JGqolf",
                "lastInputInf",
                "Hl29R4of",
                "WApjAg",
                "oH693OIIGFg",
                "cbTag",
                "pbTag",
                "get_Jpeg",
                "HmxDfNQrXig",
                "System.Threading",
                "get_Padding",
                "set_Padding",
                "UTF8Encoding",
                "encoding",
                "System.Drawing.Imaging",
                "get_IsRunning",
                "set_IsRunning",
                "CreateFileMapping",
                "FromBase64String",
                "ToBase64String",
                "EscapeDataString",
                "UnescapeDataString",
                "lpReturnedString",
                "GetPrivateProfileString",
                "ToString",
                "GetString",
                "OctetString",
                "BitString",
                "Substring",
                "System.Drawing",
                "OxCLHrfpg",
                "get_Msg",
                "DYXZtVvg",
                "WU4h",
                "4EjX2Bh",
                "GA8H7Ch",
                "Q8ar88Asah",
                "Match",
                "ZYDbqeh",
                "dwMaximumSizeHigh",
                "dwFileOffsetHigh",
                "ComputeHash",
                "Math",
                "get_Path",
                "set_Path",
                "SystemAppdataPath",
                "get_ExecutablePath",
                "AsmFilePath",
                "AppStartupFullPath",
                "GetTempPath",
                "GetFolderPath",
                "lpTargetPath",
                "StartupDirectoryPath",
                "_path",
                "get_Width",
                "get_Length",
                "MaximumLength",
                "dwMinLength",
                "SystemInformationLength",
                "ObjectInformationLength",
                "set_MaxJsonLength",
                "ReturnLength",
                "maximumComponentLength",
                "GetWindowTextLength",
                "dwMaxLength",
                "EndsWith",
                "StartsWith",
                "66iauDi",
                "79qDEi",
                "CDveBmDmHi",
                "ORRi",
                "P6di",
                "plii",
                "PtrToStringUni",
                "StringToHGlobalUni",
                "TelegramApi",
                "IpApi",
                "zIDSwi",
                "vnS3F30j",
                "apCOfPDy3j",
                "iB4j",
                "WuvEcLj",
                "rfOoLj",
                "RaP8g6fQj",
                "LCYj",
                "d5Zj",
                "EpvQYlddj",
                "objrij",
                "a6AfKSN2oj",
                "3hqNCSjiJpj",
                "q8tSUVBsj",
                "5O7xq0qR9k",
                "OgDk",
                "XfPFk",
                "GfYliRk",
                "GxASk",
                "578nTk",
                "NB5XLQupYk",
                "ENak",
                "Wb3TFck",
                "AsyncCallback",
                "RemoteCertificateValidationCallback",
                "get_ServerCertificateValidationCallback",
                "set_ServerCertificateValidationCallback",
                "callback",
                "get_CapsLock",
                "TransformFinalBlock",
                "TransformBlock",
                "_lock",
                "3MxIK2D8fk",
                "KmE11R0hfk",
                "2hIFPEoVnk",
                "idHook",
                "_clipboardHook",
                "_keyboardHook",
                "get_hostmask",
                "set_hostmask",
                "Disk",
                "aGcIM445uuk",
                "0gfXl",
                "AllocHGlobal",
                "FreeHGlobal",
                "Illegal",
                "Marshal",
                "Decimal",
                "System.Security.Principal",
                "set_Interval",
                "ScreenInterval",
                "KeyloggerInterval",
                "Rijndael",
                "cbLabel",
                "pbLabel",
                "System.ComponentModel",
                "EnableTorPanel",
                "dwhkl",
                "Kernel32.dll",
                "kernel32.dll",
                "User32.dll",
                "user32.dll",
                "vaultcli.dll",
                "psapi.dll",
                "ntdll.dll",
                "bcrypt.dll",
                "Kill",
                "Null",
                "System.Xml",
                "set_SecurityProtocol",
                "Control",
                "xBrl",
                "gvxBsl",
                "KTucl26Pxl",
                "bYMSgyl",
                "ZqqEDjeXr1m",
                "V3O7rQF6F4m",
                "miBVv4m",
                "bPoMcDm",
                "2pZB0qNm",
                "rZqdR5Wm",
                "FileStream",
                "get_BaseStream",
                "GetResponseStream",
                "CryptoStream",
                "GetRequestStream",
                "MemoryStream",
                "kAIcFiam",
                "get_LParam",
                "get_WParam",
                "get_Param",
                "lParam",
                "wParam",
                "get_Item",
                "set_Item",
                "VaultGetItem",
                "vaultItem",
                "OperatingSystem",
                "dbfm",
                "HmacAlgorithm",
                "SymmetricAlgorithm",
                "phAlgorithm",
                "KeyedHashAlgorithm",
                "algorithm",
                "Trim",
                "jCWoN9zEmm",
                "Random",
                "ICryptoTransform",
                "KpEum",
                "Maximum",
                "Enum",
                "root_num",
                "1jiAjo1n",
                "Lpq2n",
                "HqBgwhu84n",
                "196n",
                "4eEhfFEn",
                "ZaEn",
                "V0gn88WJn",
                "A7JvpXnNcTn",
                "ToBoolean",
                "IsLittleEndian",
                "CopyFromScreen",
                "get_PrimaryScreen",
                "lpNumberOfBytesWritten",
                "X509Chain",
                "ChangeClipboardChain",
                "Join",
                "Xr9Ueln",
                "quln",
                "Extension",
                "get_OSVersion",
                "get_Version",
                "set_Version",
                "dwInfoVersion",
                "get_Application",
                "set_Application",
                "get_Location",
                "ObjectDataInformation",
                "SystemRegistryQuotaInformation",
                "SystemBasicInformation",
                "ObjectBasicInformation",
                "QueryLimitedInformation",
                "SystemPerformanceInformation",
                "SystemProcessorPerformanceInformation",
                "SystemLookasideInformation",
                "SystemHandleInformation",
                "ObjectNameInformation",
                "GetVolumeInformation",
                "ObjectTypeInformation",
                "ObjectAllInformation",
                "NtQuerySystemInformation",
                "SystemExceptionInformation",
                "SystemProcessInformation",
                "ObjectInformation",
                "SetInformation",
                "SystemInterruptInformation",
                "SystemTimeOfDayInformation",
                "QueryInformation",
                "VirtualMemoryOperation",
                "pszImplementation",
                "System.Globalization",
                "System.Web.Script.Serialization",
                "System.Reflection",
                "PropertyDataCollection",
                "NameValueCollection",
                "MatchCollection",
                "GroupCollection",
                "KeysCollection",
                "ManagementObjectCollection",
                "KeyCollection",
                "set_Position",
                "CreationDisposition",
                "SearchOption",
                "Win32Exception",
                "CryptographicException",
                "ArgumentOutOfRangeException",
                "ArgumentException",
                "get_Description",
                "set_Description",
                "get_StatusDescription",
                "_description",
                "System.Runtime.ConstrainedExecution",
                "StringComparison",
                "add_KeyDown",
                "remove_KeyDown",
                "get_CtrlKeyDown",
                "get_ShiftKeyDown",
                "get_AltKeyDown",
                "Unknown",
                "7IYrVJyn",
                "IFeDGMo",
                "C0n2RRo",
                "CompareTo",
                "CopyTo",
                "lastInPutNfo",
                "dwExtraInfo",
                "ImageCodecInfo",
                "FieldInfo",
                "FileInfo",
                "CultureInfo",
                "pPaddingInfo",
                "FileSystemInfo",
                "MemberInfo",
                "ComputerInfo",
                "get_StartInfo",
                "ProcessStartInfo",
                "GetLastInputInfo",
                "DirectoryInfo",
                "Zero",
                "zero",
                "Ej3p",
                "sNWwf7p",
                "qc4hKW8p",
                "2l8p",
                "add_KeyUp",
                "remove_KeyUp",
                "dwNumberOfBytesToMap",
                "Bitmap",
                "sndp",
                "cPABthp",
                "Skip",
                "TimeStamp",
                "Stop",
                "LocalApp",
                "_app",
                "mrtp",
                "oZxJup",
                "Group",
                "AppAddStartup",
                "HideFileStartup",
                "xyV0q",
                "Tr7y0q",
                "VVp7E7q",
                "rx8H1JIcz9q",
                "ZkTaEq",
                "fkRBJXPsEq",
                "V48Sq",
                "gaPSLWRlq",
                "vzIhnlq",
                "System.Linq",
                "nRKdbDBr",
                "onpcPBGr",
                "Tj0TIr",
                "AFNr",
                "Kpo8Pr",
                "tlBAgHSr",
                "UA3Ur",
                "xQOsyBeyWr",
                "cWKEaBHKnYr",
                "Clear",
                "ToChar",
                "lpChar",
                "DirectorySeparatorChar",
                "ObjectTypeNumber",
                "volumeSerialNumber",
                "StreamReader",
                "TextReader",
                "BinaryReader",
                "SHA1CryptoServiceProvider",
                "MD5CryptoServiceProvider",
                "RNGCryptoServiceProvider",
                "TripleDESCryptoServiceProvider",
                "BCryptCloseAlgorithmProvider",
                "BCryptOpenAlgorithmProvider",
                "IFormatProvider",
                "StringBuilder",
                "SpecialFolder",
                "sender",
                "Encoder",
                "volumeNameBuffer",
                "fileSystemNameBuffer",
                "buffer",
                "ServicePointManager",
                "Integer",
                "EnableClipboardLogger",
                "EnableScreenLogger",
                "_screenLogger",
                "EnableSmartLogger",
                "_keyLogger",
                "EnableKeylogger",
                "ManagementObjectSearcher",
                "ObjectIdentifier",
                "SecurityIdentifier",
                "ElapsedEventHandler",
                "LogTimer",
                "ToUpper",
                "CurrentUser",
                "get_user",
                "set_user",
                "EncoderParameter",
                "Enter",
                "Object_Pointer",
                "BitConverter",
                "get_hoster",
                "set_hoster",
                "BinaryFormatter",
                "SetClipboardViewer",
                "ToLower",
                "JavaScriptSerializer",
                "DotigRdgr",
                "JeY2QFZs4ir",
                "PMM2kRDmr",
                "6Fmr",
                "CbqvrcVmr",
                "get_Major",
                "get_Minor",
                "GetLastWin32Error",
                "GetLastError",
                "Authenticator",
                "IEnumerator",
                "ManagementObjectEnumerator",
                "GetEnumerator",
                "RandomNumberGenerator",
                ".ctor",
                ".cctor",
                "Monitor",
                "CreateDecryptor",
                "CreateEncryptor",
                "passwordVaultPtr",
                "ReadIntPtr",
                "Mcxr",
                "1uA1s",
                "wOF1s",
                "Uwt9s",
                "Graphics",
                "System.Diagnostics",
                "9ttxcs",
                "get_Bounds",
                "smartWords",
                "Microsoft.VisualBasic.Devices",
                "System.Runtime.InteropServices",
                "System.Runtime.CompilerServices",
                "GetInstances",
                "get_ChildNodes",
                "Matches",
                "EnableCookies",
                "GetDirectories",
                "master_table_entries",
                "get_Properties",
                "ExpandEnvironmentVariables",
                "GetFiles",
                "EnumProcessModules",
                "NumberStyles",
                "GetSubKeyNames",
                "field_names",
                "ReadAllLines",
                "GetProcesses",
                "System.Security.Cryptography.X509Certificates",
                "FlagsAndAttributes",
                "lpFileMappingAttributes",
                "SecurityAttributes",
                "FileBytes",
                "Rfc2898DeriveBytes",
                "ReadAllBytes",
                "BufferBytes",
                "GetBytes",
                "db_bytes",
                "get_Values",
                "GetLogicalDrives",
                "3dvfs",
                "fileSystemFlags",
                "dwFlags",
                "flags",
                "ElapsedEventArgs",
                "1jwN8Qsp0hs",
                "get_Ticks",
                "get_Tasks",
                "set_Tasks",
                "ICredentials",
                "set_Credentials",
                "get_DefaultCredentials",
                "Equals",
                "CreateParams",
                "VaultEnumerateItems",
                "System.Windows.Forms",
                "Contains",
                "System.Web.Extensions",
                "System.Text.RegularExpressions",
                "iterations",
                "System.Collections",
                "set_MaximumAutomaticRedirections",
                "StringSplitOptions",
                "RegexOptions",
                "options",
                "ChjiiTV90os",
                "get_Groups",
                "9rZ1ssgcvps",
                "get_Chars",
                "GetImageEncoders",
                "System.Timers",
                "RuntimeHelpers",
                "EncoderParameters",
                "SslPolicyErrors",
                "SystemInformationClass",
                "ObjectInformationClass",
                "ManagementClass",
                "pass",
                "dwDesiredAccess",
                "GrantedAccess",
                "FileAccess",
                "FileMapAllAccess",
                "processAccess",
                "get_Success",
                "CreateProcess",
                "hProcess",
                "OpenProcess",
                "GetCurrentProcess",
                "lpBaseAddress",
                "PublicIpAddress",
                "get_objects",
                "set_objects",
                "VaultEnumerateVaults",
                "pPropertyElements",
                "set_Arguments",
                "get_Accounts",
                "set_Accounts",
                "get_Exists",
                "yrHJHuts",
                "dV5ntPF7Uws",
                "get_Keys",
                "set_Keys",
                "get_ModifierKeys",
                "ZvnBgwVCt",
                "ShSt",
                "G0Lat",
                "Concat",
                "AppendFormat",
                "ImageFormat",
                "Subtract",
                "VT_BLOB_Object",
                "VT_STREAMED_Object",
                "VT_STORED_Object",
                "ManagementBaseObject",
                "hFileMappingObject",
                "hObject",
                "ManagementObject",
                "cbKeyObject",
                "pbKeyObject",
                "NtQueryObject",
                "object",
                "Collect",
                "set_AllowAutoRedirect",
                "flProtect",
                "Unprotect",
                "System.Net",
                "P6FqQEo1Set",
                "offset",
                "IbfWbeKogt",
                "get_Height",
                "get_Lenght",
                "set_Lenght",
                "op_Explicit",
                "HostEdit",
                "Split",
                "SectionCommit",
                "WaitForExit",
                "cbSalt",
                "sSalt",
                "salt",
                "VaultOpenVault",
                "get_Default",
                "lpDefault",
                "pcbResult",
                "IAsyncResult",
                "phkResult",
                "result",
                "rJaWmt",
                "UnsignedInt",
                "set_UserAgent",
                "PublicUserAgent",
                "System.Management",
                "pResourceElement",
                "XmlElement",
                "pAuthenticatorElement",
                "pIdentityElement",
                "dwIncrement",
                "sql_statement",
                "Environment",
                "XmlDocument",
                "get_Parent",
                "GetParent",
                "get_Current",
                "content",
                "Point",
                "get_Count",
                "get_HandleCount",
                "get_TickCount",
                "vaultItemCount",
                "set_IterationCount",
                "dwPropertiesCount",
                "vaultCount",
                "count",
                "BCryptDecrypt",
                "BCryptEncrypt",
                "TrimStart",
                "AppStart",
                "Convert",
                "Sort",
                "UnsignedShort",
                "lG6Wyrt",
                "Cast",
                "Last",
                "HttpWebRequest",
                "XmlNodeList",
                "ToList",
                "MozillaBrowserList",
                "ChromiumBrowserList",
                "get_Host",
                "set_Host",
                "host",
                "set_Timeout",
                "GetKeyboardLayout",
                "dwLayout",
                "cbInput",
                "pbInput",
                "cbOutput",
                "pbOutput",
                "get_StandardOutput",
                "set_RedirectStandardOutput",
                "MoveNext",
                "System.Text",
                "LastCopiedText",
                "KeylogText",
                "ReadAllText",
                "AppendAllText",
                "get_InnerText",
                "GetText",
                "GetWindowText",
                "next",
                "Log_text",
                "cbMacContext",
                "pbMacContext",
                "Ox8ktM0u",
                "awtY5Z4C1u",
                "Ns89Bu",
                "X5GsGF6FKu",
                "o6GWDbSu",
                "BsQibu",
                "j84ELJircu",
                "Sodu",
                "QA4gu",
                "h2GY4hu",
                "zIRoj7iu",
                "GY9Wa4PPxnu",
                "UzNt0QXxdpu",
                "wYirmwTvu",
                "Urvu",
                "8h4v",
                "lETxLZf36Cv",
                "xxEFLG5Ev",
                "jMHv",
                "k1Eg1cRVv",
                "9uCyv6p8tdv",
                "vyuCa4Vhv",
                "orhAvu3pv",
                "1Oyvv",
                "gOlyv",
                "RKyYQ2w",
                "d4veP5w",
                "oJX7w",
                "oGse3GGIw",
                "F5fKw",
                "x8a1xXw",
                "dwMaximumSizeLow",
                "dwFileOffsetLow",
                "get_Now",
                "GetForegroundWindow",
                "NativeWindow",
                "set_CreateNoWindow",
                "SjVOyw",
                "4iiFjAzw",
                "sZAx",
                "PWUhdEx",
                "ToUnicodeEx",
                "GetModuleFileNameEx",
                "RegQueryValueEx",
                "GetFileSizeEx",
                "UnhookWindowsHookEx",
                "SetWindowsHookEx",
                "CallNextHookEx",
                "MaximumEx",
                "RegOpenKeyEx",
                "iRRCSzJa0Nx",
                "LB2G1Qx",
                "3U1Qx",
                "ucchMax",
                "BufferEndIndex",
                "BlockIndex",
                "BufferStartIndex",
                "Regex",
                "C1V1fx",
                "K4aaq3Sqx",
                "xgsb7p7y",
                "itS3y3Fy",
                "7eJ2SyFy",
                "lHLy",
                "yUYMV79yCay",
                "ProtectedArray",
                "ToByteArray",
                "InitializeArray",
                "ToArray",
                "ToCharArray",
                "Consistency",
                "get_Key",
                "set_Key",
                "OpenSubKey",
                "subKey",
                "RegCloseKey",
                "phKey",
                "get_GuidMasterKey",
                "set_GuidMasterKey",
                "_guidMasterKey",
                "ContainsKey",
                "wVirtKey",
                "hImportKey",
                "BCryptImportKey",
                "BCryptDestroyKey",
                "RegistryKey",
                "_wsftpkey",
                "System.Security.Cryptography",
                "GetExecutingAssembly",
                "PageReadonly",
                "Multiply",
                "Vkmy",
                "kjUoiKVny",
                "PageWriteCopy",
                "BlockCopy",
                "FileMapCopy",
                "System.Runtime.Serialization.Formatters.Binary",
                "AmountOfMemory",
                "get_TotalPhysicalMemory",
                "Directory",
                "Registry",
                "get_Capacity",
                "Quality",
                "op_Equality",
                "op_Inequality",
                "System.Security",
                "System.Net.Security",
                "Identity",
                "IsNullOrEmpty",
                "BCryptSetAlgorithmProperty",
                "BCryptGetProperty",
                "BCryptSetProperty",
                "pszProperty",
                "er109rcvy",
                "I4Zwy",
                "J3yy",
                "3u4z",
                "Mec7M9z",
                "xUTYKRKz",
                "yfZZdktgz",
                "Itxqoz",
                "ydZuz",
                "WrapNonExceptionThrows",
                "1.0.0.0",
                "$b56e4d7b-a0ce-49f8-a5e2-726a1bb8dac2",
                "_CorExeMain",
                "mscoree.dll",
                "<?xml version=\"1.0\" encoding=\"UTF-8\" standalone=\"yes\"?>",
                "<assembly xmlns=\"urn:schemas-microsoft-com:asm.v1\" manifestVersion=\"1.0\">",
                "  <assemblyIdentity version=\"1.0.0.0\" name=\"MyApplication.app\"/>",
                "  <trustInfo xmlns=\"urn:schemas-microsoft-com:asm.v2\">",
                "    <security>",
                "      <requestedPrivileges xmlns=\"urn:schemas-microsoft-com:asm.v3\">",
                "        <requestedExecutionLevel level=\"asInvoker\" uiAccess=\"false\"/>",
                "      </requestedPrivileges>",
                "    </security>",
                "  </trustInfo>",
                "</assembly>",
                "p p!p\"p#p$p%p&p'p(p)p*p+p,p-p.p/p0p1p2p3p4p5p6p7p8p9p:p;p<p=p>p?p@pApDpEpFpGpHpKpfy|y",
                "o#r+r9",
                "LrNrO",
                "5 6!7\"8#9$:%;&<'=(>)?*@+A,B-C0D4E5F6G7H8I9K:N;O=QATD]FcJuPvTwVxYy]z`",
                "BACAIHJHQPVUWUXU\\[cbedfdgdhdidjdml",
                "image/jpeg",
                "/log.tmp",
                "text/html",
                "<br>[",
                "yyyy-MM-dd HH:mm:ss",
                "]<br>",
                "<br>",
                "<br>CPU: ",
                "Time: ",
                "<br>Computer Name: ",
                "IP Address: ",
                "<br>OSFullName: ",
                "<br>User Name: ",
                "MM/dd/yyyy HH:mm:ss",
                "<br>RAM: ",
                "<hr>",
                "New ",
                " Recovered!",
                "CPU: ",
                "RAM: ",
                "User Name: ",
                "OSFullName: ",
                "true",
                "https://api.ipify.org",
                "Mozilla/5.0 (Windows NT 10.0; Win64; x64; rv:99.0) Gecko/20100101 Firefox/99.0",
                "false",
                "https://api.telegram.org/bot6467675814:AAHD-jpNmpG2jbZwtkzv0VkTiYoesyo-0os/",
                "1984300162",
                "appdata",
                "FygVDYr",
                "FygVDYr.exe",
                "facebook",
                "twitter",
                "gmail",
                "instagram",
                "movie",
                "skype",
                "porn",
                "hack",
                "whatsapp",
                "discord",
                "password",
                "email",
                "Type",
                "\\drivers\\etc\\hosts",
                "<b>[ ",
                "]</b> (",
                ")<br>",
                "{F9}",
                "{HOME}",
                "{KEYLEFT}",
                "{F12}",
                "{F4}",
                "{F11}",
                "{KEYUP}",
                "{PageUp}",
                "{F2}",
                "{NumLock}",
                "{BACK}",
                "{Insert}",
                "{KEYDOWN}",
                "{F10}",
                "{ALT+F4}",
                "{TAB}",
                "{F8}",
                "{PageDown}",
                "{ENTER}",
                "{CTRL}",
                "{F1}",
                "{Win}",
                "{F6}",
                "control",
                "{F7}",
                "{END}",
                "{ESC}",
                "{DEL}",
                "{F3}",
                "{KEYRIGHT}",
                "{CAPSLOCK}",
                "{F5}",
                "{ALT+TAB}",
                "&gt;",
                "&amp;",
                "&lt;",
                "&quot;",
                "<br><hr>Copied Text: <br>",
                "logins",
                "IE/Edge",
                "2F1A6504-0641-44CF-8BB5-3612D865F2E5",
                "Windows Secure Note",
                "3CCD5499-87A8-4B10-A215-608888DD3B55",
                "Windows Web Password Credential",
                "154E23D0-C644-4E6F-8CE6-5069272F999F",
                "Windows Credential Picker Protector",
                "4BF4C442-9B8A-41A0-B380-DD4A704DDB28",
                "Web Credentials",
                "77BC582B-F0A6-4E15-4E80-61736B6F3B29",
                "Windows Credentials",
                "E69D7838-91B5-4FC9-89D5-230D4D4CC2BC",
                "Windows Domain Certificate Credential",
                "3E0E35BE-1B77-43E7-B873-AED901B6275B",
                "Windows Domain Password Credential",
                "3C886FF3-2669-4AA2-A8FB-3F6759A77548",
                "Windows Extended Credential",
                "00000000-0000-0000-0000-000000000000",
                "UC Browser",
                "UCBrowser\\",
                "Login Data",
                "journal",
                "wow_logins",
                "Safari for Windows",
                "\\Common Files\\Apple\\Apple Application Support\\plutil.exe",
                "\\Apple Computer\\Preferences\\keychain.plist",
                "<dict>",
                "<array>",
                "<string>",
                "</string>",
                "<data>",
                "</data>",
                " -convert xml1 -s -o \"",
                "\\fixed_keychain.xml\" ",
                "\\Microsoft\\Credentials\\",
                "\\Microsoft\\Protect\\",
                "credential",
                "QQ Browser",
                "Profile",
                "\\Default\\EncryptedStorage",
                "\\EncryptedStorage",
                "Tencent\\QQBrowser\\User Data",
                "entries",
                "category",
                "Password",
                "str3",
                "str2",
                "blob0",
                "password_value",
                "IncrediMail",
                "SmtpPassword",
                "PopPassword",
                "Software\\IncrediMail\\Identities\\",
                "\\Accounts_New",
                "SmtpServer",
                "EmailAddress",
                "Eudora",
                "Software\\Qualcomm\\Eudora\\CommandLine\\",
                "current",
                "Settings",
                "SavePasswordText",
                "ReturnAddress",
                "Falkon Browser",
                "\\falkon\\profiles\\",
                "profiles.ini",
                "startProfile=([A-z0-9\\/\\.\\\"]+)",
                "\\browsedata.db",
                "autofill",
                "ClawsMail",
                "\\Claws-mail",
                "\\clawsrc",
                "passkey0",
                "master_passphrase_salt=(.+)",
                "master_passphrase_pbkdf2_rounds=(.+)",
                "\\accountrc",
                "smtp_server",
                "address",
                "account",
                "\\passwordstorerc",
                "{(.*),(.*)}(.*)",
                "Flock Browser",
                "APPDATA",
                "\\Flock\\Browser\\",
                "signons3.txt",
                "DynDns",
                "username=",
                "password=",
                "https://account.dyn.com/",
                "ALLUSERSPROFILE",
                "Dyn\\Updater\\config.dyndns",
                "t6KzXhCh",
                "Dyn\\Updater\\daemon.cfg",
                "global",
                "accounts",
                "account.",
                "username",
                "Psi/Psi+",
                "name",
                "\\Psi\\profiles",
                "\\accounts.xml",
                "\\Psi+\\profiles",
                "OpenVPN",
                "Software\\OpenVPN-GUI\\configs",
                "Software\\OpenVPN-GUI\\configs\\",
                "auth-data",
                "entropy",
                "remote ",
                "USERPROFILE",
                "\\OpenVPN\\config\\",
                "NordVPN",
                "NordVpn.exe*",
                "user.config",
                "//setting[@name='Username']/value",
                "//setting[@name='Password']/value",
                "Private Internet Access",
                "\\account.json",
                ".*\"username\":\"(.*?)\"",
                ".*\"password\":\"(.*?)\"",
                "privateinternetaccess.com",
                "ProgramFiles(x86)",
                "\\Private Internet Access\\data",
                "%ProgramW6432%",
                "Private Internet Access\\data",
                "FileZilla",
                "\\FileZilla\\recentservers.xml",
                "<Server>",
                "<Host>",
                "</Host>",
                "<Port>",
                "</Port>",
                "<User>",
                "</User>",
                "<Pass encoding=\"base64\">",
                "</Pass>",
                "<Pass>",
                "CoreFTP",
                "SOFTWARE\\FTPWare\\COREFTP\\Sites",
                "User",
                "Host",
                "Port",
                "hdfzpysvpzimorhk",
                "WinSCP",
                "SOFTWARE\\Martin Prikryl\\WinSCP 2\\Sessions",
                "HostName",
                "UserName",
                "PublicKeyFile",
                "PortNumber",
                "[PRIVATE KEY LOCATION: \"{0}\"]",
                "ABCDEF",
                "Flash FXP",
                "port",
                "user",
                "quick.dat",
                "\\FlashFXP\\",
                "Sites.dat",
                "yA36zA48dEhfrvghGRg57h5UlDv3",
                "FTP Navigator",
                "SystemDrive",
                "\\FTP Navigator\\Ftplist.txt",
                "No Password",
                "Server",
                "SmartFTP",
                "SmartFTP\\Client 2.0\\Favorites\\Quick Connect",
                "WS_FTP",
                "Ipswitch\\WS_FTP\\Sites\\ws_ftp.ini",
                "HOST",
                "PWD=",
                "FtpCommander",
                ";User=",
                ";Anonymous=",
                ";Password=",
                "\\cftp\\Ftplist.txt",
                ";Server=",
                ";Port=",
                "\\Program Files (x86)\\FTP Commander\\Ftplist.txt",
                "\\VirtualStore\\Program Files (x86)\\FTP Commander Deluxe\\Ftplist.txt",
                "\\Program Files (x86)\\FTP Commander Deluxe\\Ftplist.txt",
                "\\VirtualStore\\Program Files (x86)\\FTP Commander\\Ftplist.txt",
                "FTPGetter",
                "<server>",
                "\\FTPGetter\\servers.xml",
                "<server_ip>",
                "</server_ip>",
                "<server_port>",
                "</server_port>",
                "<server_user_name>",
                "</server_user_name>",
                "<server_user_password>",
                "</server_user_password>",
                "The Bat!",
                "\\The Bat!",
                "\\Account.CFN",
                "=-=-=-=-=-=-=-=-=-=-=-=-=-=-=-=-=-=-=-=-=-=-=-=-=-=-=-=-=-=-=-=-=-=-=-=-=-=-=-=",
                "+-0123456789ABCDEFGHIJKLMNOPQRSTUVWXYZabcdefghijklmnopqrstuvwxyz",
                "Becky!",
                "HKEY_CURRENT_USER\\Software\\RimArts\\B2\\Settings",
                "DataDir",
                "Folder.lst",
                "\\Mailbox.ini",
                "Account",
                "PassWd",
                "SMTPServer",
                "MailAddress",
                "Outlook",
                "9375CFF0413111d3B88A00104B2A6676",
                "Software\\Microsoft\\Office\\11.0\\Outlook\\Profiles",
                "Software\\Microsoft\\Office\\12.0\\Outlook\\Profiles",
                "Software\\Microsoft\\Office\\14.0\\Outlook\\Profiles",
                "Software\\Microsoft\\Office\\15.0\\Outlook\\Profiles",
                "Software\\Microsoft\\Windows NT\\CurrentVersion\\Windows Messaging Subsystem\\Profiles",
                "Software\\Microsoft\\Windows Messaging Subsystem\\Profiles\\9375CFF0413111d3B88A00104B2A6676",
                "Software\\Microsoft\\Office\\16.0\\Outlook\\Profiles",
                "Email",
                "IMAP Password",
                "POP3 Password",
                "HTTP Password",
                "SMTP Password",
                " Server",
                "Windows Mail App",
                "COMPlus_legacyCorruptedStateExceptionsPolicy",
                "Software\\Microsoft\\ActiveSync\\Partners",
                "syncpassword",
                "mailoutgoing",
                "FoxMail",
                "HKEY_CURRENT_USER\\Software\\Aerofox\\FoxmailPreview",
                "Executable",
                "HKEY_CURRENT_USER\\Software\\Aerofox\\Foxmail\\V3.1",
                "FoxmailPath",
                "\\Storage\\",
                "\\mail",
                "\\VirtualStore\\Program Files\\Foxmail\\mail",
                "\\VirtualStore\\Program Files (x86)\\Foxmail\\mail",
                "\\Accounts\\Account.rec0",
                "\\Account.stg",
                "POP3Host",
                "SMTPHost",
                "IncomingServer",
                "POP3Password",
                "Opera Mail",
                "\\Opera Mail\\Opera Mail\\wand.dat",
                "opera:",
                "defg",
                "ijklmno",
                "pqrs",
                "vwxyz1234567890_-.~!@#$%^&*()[{]}\\|';:,<>/?+=",
                "PocoMail",
                "\\Pocomail\\accounts.ini",
                "POPPass",
                "SMTPPass",
                "SMTP",
                "eM Client",
                "eM Client\\accounts.dat",
                "Accounts",
                "\"Username\":\"",
                "\"Secret\":\"",
                "72905C47-F4FD-4CF7-A489-4E8121A155BD",
                "\"ProviderName\":\"",
                "o6806642kbM7c5",
                "Mailbird",
                "SenderIdentities",
                "\\Mailbird\\Store\\Store.db",
                "Server_Host",
                "Username",
                "EncryptedPassword",
                "RealVNC 3.x",
                "Software\\ORL\\WinVNC3",
                "RealVNC 4.x",
                "SOFTWARE\\RealVNC\\WinVNC4",
                "SOFTWARE\\Wow6432Node\\RealVNC\\WinVNC4",
                "TightVNC",
                "Software\\TightVNC\\Server",
                "TigerVNC",
                "Software\\TigerVNC\\Server",
                "SOFTWARE\\RealVNC\\vncserver",
                "TightVNC ControlPassword",
                "ControlPassword",
                "PasswordViewOnly",
                "UltraVNC",
                "\\uvnc bvba\\UltraVNC\\ultravnc.ini",
                "passwd",
                "passwd2",
                "ProgramFiles",
                "\\UltraVNC\\ultravnc.ini",
                "JDownloader 2.0",
                "JDownloader 2.0\\cfg",
                "org.jdownloader.settings.AccountSettings.accounts.ejs",
                "jd.controlling.authentication.AuthenticationControllerSettings.list.ejs",
                "Paltalk",
                "Software\\A.V.M.\\Paltalk NG\\common_settings\\core\\users\\creds\\",
                "nickname",
                "paltalk.com",
                "Pidgin",
                "\\.purple\\accounts.xml",
                "<account>",
                "<protocol>",
                "</protocol>",
                "<name>",
                "</name>",
                "<password>",
                "</password>",
                "Trillian",
                "\\Trillian\\users\\global\\accounts.dat",
                "trillian.im",
                "MysqlWorkbench",
                "\\MySQL\\Workbench\\workbench_user_data.dat",
                "Internet Downloader Manager",
                "Software\\DownloadManager\\Passwords\\",
                "EncPassword",
                "Discord",
                "discord.com",
                "Discord Token",
                "[\\w-]{24}\\.[\\w-]{6}\\.[\\w-]{27}",
                "mfa\\.[\\w-]{84}",
                "discordptb",
                "Local Storage\\leveldb",
                "*.ldb",
                "discordcanary",
                "*.log",
                "origin_url",
                "username_value",
                "Opera Stable",
                "\"encrypted_key\":\"(.*?)\"",
                "\\Local State",
                "\\Login Data",
                "\\Default\\Login Data",
                "key4.db",
                "metaData",
                "item1",
                "item2",
                "nssPrivate",
                "a102",
                "2a864886f70d0209",
                "2a864886f70d010c050103",
                "key3.db",
                "global-salt",
                "Version",
                "password-check",
                "Path=([A-z0-9\\/\\.\\-]+)",
                "\\\"(hostname|encryptedPassword|encryptedUsername)\":\"(.*?)\"",
                "logins.json",
                "[^\\u0020-\\u007F]",
                "oauth",
                "signons.sqlite",
                "moz_logins",
                "hostname",
                "encryptedUsername",
                "encryptedPassword",
                "Username: ",
                "Password: ",
                "Application: ",
                "Host: ",
                "<br>Username: ",
                "<br><hr>",
                "<br>Password: ",
                "<br>Application: ",
                "Chedot",
                "Chedot\\User Data",
                "Yandex Browser",
                "Yandex\\YandexBrowser\\User Data",
                "Cool Novo",
                "MapleStudio\\ChromePlus\\User Data",
                "Liebao Browser",
                "liebao\\User Data",
                "Firefox",
                "\\Mozilla\\Firefox\\",
                "SeaMonkey",
                "\\Mozilla\\SeaMonkey\\",
                "Elements Browser",
                "Elements Browser\\User Data",
                "7Star",
                "7Star\\7Star\\User Data",
                "Sputnik",
                "Sputnik\\Sputnik\\User Data",
                "Uran",
                "uCozMedia\\Uran\\User Data",
                "360 Browser",
                "360Chrome\\Chrome\\User Data",
                "Chrome",
                "Google\\Chrome\\User Data",
                "CentBrowser",
                "CentBrowser\\User Data",
                "BlackHawk",
                "\\NETGATE Technologies\\BlackHawk\\",
                "Amigo",
                "Amigo\\User Data",
                "Iridium Browser",
                "Iridium\\User Data",
                "Kometa",
                "Kometa\\User Data",
                "IceDragon",
                "\\Comodo\\IceDragon\\",
                "Edge Chromium",
                "Microsoft\\Edge\\User Data",
                "CyberFox",
                "\\8pecxstudios\\Cyberfox\\",
                "Brave",
                "BraveSoftware\\Brave-Browser\\User Data",
                "Opera Browser",
                "Opera Software\\Opera Stable",
                "Epic Privacy",
                "Epic Privacy Browser\\User Data",
                "WaterFox",
                "\\Waterfox\\",
                "Sleipnir 6",
                "Fenrir Inc\\Sleipnir5\\setting\\modules\\ChromiumViewer",
                "PaleMoon",
                "\\Moonchild Productions\\Pale Moon\\",
                "Citrio",
                "CatalinaGroup\\Citrio\\User Data",
                "Thunderbird",
                "\\Thunderbird\\",
                "IceCat",
                "\\Mozilla\\icecat\\",
                "K-Meleon",
                "\\K-Meleon\\",
                "Coowon",
                "Coowon\\Coowon\\User Data",
                "Vivaldi",
                "Vivaldi\\User Data",
                "Orbitum",
                "Orbitum\\User Data",
                "Coccoc",
                "CocCoc\\Browser\\User Data",
                "Torch Browser",
                "Torch\\User Data",
                "QIP Surf",
                "QIP Surf\\User Data",
                "Postbox",
                "\\Postbox\\",
                "Chromium",
                "Chromium\\User Data",
                "Flock",
                "Comodo Dragon",
                "Comodo\\Dragon\\User Data",
                "00061561",
                "Berkelet DB",
                "00000002",
                " 1.85 (Hash, version 2, native byte-order)",
                "Unknow database format",
                "SQLite format 3",
                "table",
                "UNIQUE",
                "OBJECTIDENTIFIER ",
                "{0:X2}",
                "SEQUENCE {",
                "INTEGER ",
                "OCTETSTRING ",
                "Windows Credential",
                "{{{0}}}",
                "chrome",
                "policy",
                "blob",
                "sha512",
                "ObjectLength",
                "ChainingModeGCM",
                "AuthTagLength",
                "ChainingMode",
                "KeyDataBlob",
                "Microsoft Primitive Provider",
                ":Zone.Identifier",
                "Name",
                "SELECT * FROM Win32_Processor",
                ".tmp",
                "None",
                "win32_processor",
                "processorID",
                "0d0b0b9b-8cbf-41bd-aa36-fbb3a69c6796",
                "Win32_NetworkAdapterConfiguration",
                "IPEnabled",
                "MacAddress",
                "745cbb22-0638-4d41-be39-42fee944d611",
                "Win32_BaseBoard",
                "SerialNumber",
                "7b1f778b-c7b4-4b6f-b32d-0067b7602ad4",
                "chat_id",
                "caption",
                "yyyy-MM-dd HH-mm-ss",
                "text/plain",
                ".html",
                ".jpg",
                ".txt",
                "sendDocument",
                "document",
                "---------------------------",
                "multipart/form-data; boundary=",
                "POST",
                "Content-Disposition: form-data; name=\"{0}\"",
                "Content-Disposition: form-data; name=\"{0}\"; filename=\"{1}\"",
                "Content-Type: {2}",
                "{0}:",
                "Version: 0x{0:X}",
                "FormatID: {0}",
                "StorageSize: {0} (0x{0:X})",
                "Version is not equal to {0} ({1})",
                "{D5CDD505-2E9C-101B-9397-08002B2CF9AE}",
                "Size of the SerializedPropertyStore is less than {0} ({1})",
                "Size of the SerializedPropertyStorage is less than 28 ({0})",
                "Type: {0}",
                "Value: {0}",
                "ValueSize: {0} (0x{0:X})",
                "NameSize: {0} (0x{0:X})",
                "Name: {0}",
                "Size of the NameSize is not equal to {0} ({1})",
                "Size of the StringName is less than 9 ({0})",
                "Size of the StringName is not equal to {0} ({1})",
                "ID: 0x{0:X}",
                "Size of the SerializedPropertyStore is less than 8 ({0})",
                "StoreSize: {0} (0x{0X})",
                "\\Device\\LanmanRedirector\\",
                "Failed to retrieve system handle information.",
                "VS_VERSION_INFO",
                "VarFileInfo",
                "Translation",
                "StringFileInfo",
                "000004b0",
                "FileDescription",
                "FileVersion",
                "InternalName",
                "cc245fc9-c007-4d83-b90b-5883c9ee85a9.exe",
                "LegalCopyright",
                "OriginalFilename",
                "ProductVersion",
                "Assembly Version"
            ]
        }
    ]
}