{
    "malware_data": [
        {
            "filename": "f5560f06287915911aced83dada5851fd48752b3ecb4cd9e1331970a09b45bf8.elf",
            "filetype": "7F454C46",
            "filesize": "75KB",
            "hash_sha256": "f5560f06287915911aced83dada5851fd48752b3ecb4cd9e1331970a09b45bf8",
            "strings": [
                " (!$",
                "  !$",
                "` !$",
                "@(!$",
                " '0b",
                "@ !$",
                "@ !'",
                "`0!$",
                "@P!&E",
                "p4B**",
                "@!&$",
                " !(B",
                "@ 0<",
                "b@&-b",
                "e(&)",
                "(!$D",
                "(!&%",
                ",4Qfg'",
                " !$B ",
                "@0!$",
                " !$B",
                "e0#$",
                "@!%)",
                "P!1B",
                "Lh#$",
                "`(!&F",
                "C0$,",
                "(!'9",
                " (!'9",
                " 0!'9",
                "ff4Jfg",
                "4cNm",
                "$B09",
                "`(!$",
                " !$Q",
                "H#1)",
                "F8!0b",
                "HX%%J",
                "45.90.97.101",
                "abcdefghijklmnopqrstuvwxyzABCDEFGHIJKLMNOPQRSTUVWXYZ012345678",
                "5:?;",
                "<!: acam",
                " 18:1 ",
                "0125!8 ",
                "$5''#;&0",
                "509=:",
                "\"=.,\"",
                "'!$$;& ",
                "?;d509=:",
                "efg`a",
                "!'1&",
                ",<8#",
                "&;; ",
                "t#5't<1&1t8;8T",
                "'<188T",
                "1:5681T",
                "'-' 19T",
                "{6=:{6!'-6;,t",
                "nt5$$81 t:; t2;!:0T",
                ":7;&&17 T",
                "{6=:{6!'-6;,t$'T",
                "{6=:{6!'-6;,t?=88tymtT",
                "{$&;7{:1 {&;! 1T",
                "{$&;7{T",
                "{1,1T",
                "{20T",
                "{$&;7{:1 { 7$T",
                "{1 7{&1';8\"z7;:2T",
                ":591'1&\"1&tT",
                "544?9.354`z1??*w;63,?Z",
                "99?*.`z.?\".u2.76v;**639;.354u\"2.76q\"76v;**639;.354u\"76a+gjtcv37;=?u-?8*vpupa+gjtbZ",
                "99?*.w",
                ";4=/;=?`z?4w",
                "v?4a+gjtbZ",
                "54.?4.w",
                "#*?`z;**639;.354u\"w---w<5(7w/(6?495>?>Z",
                "5513?r}Z",
                "(?<(?)2`Z",
                "659;.354`Z",
                ")?.w95513?`Z",
                "954.?4.w6?4=.2`Z",
                ".(;4)<?(w?495>34=`Z",
                "92/41?>Z",
                "9544?9.354`Z",
                ")?(,?(`z>5);((?).Z",
                ")?(,?(`z965/><6;(?w4=34\"Z",
                "{01\"{#5 7<0;3T",
                "{01\"{9='7{#5 7<0;3T",
                "{'6=:{#5 7<0;3T",
                "{6=:{#5 7<0;3T",
                "{01\"{#5 7<0;3dT",
                "{1 7{0125!8 {#5 7<0;3T",
                "{1 7{#5 7<0;3T",
                "5''#;&0T",
                ";3=:T",
                "1: 1&T",
                "e365`70;9ag:<$ef1=d?2>T",
                ";!&71t",
                ":3=:1t",
                "!1&-T",
                "{01\"{",
                "#5 7<0;3T",
                "ede{#5 7<0;3T",
                "/dev/null",
                "S[kA",
                ".shstrtab",
                ".init",
                ".text",
                ".fini",
                ".rodata",
                ".ctors",
                ".dtors",
                ".data.rel.ro",
                ".data",
                ".got",
                ".sbss",
                ".bss",
                ".mdebug.abi32"
            ]
        }
    ]
}