{
    "malware_data": [
        {
            "filename": "fd49ef5bc25a401c934ff5b3c276741b41933e62e2e1fd3223e4ab8986ec60ca.exe",
            "filetype": "4D5A9000",
            "filesize": "227KB",
            "hash_sha256": "fd49ef5bc25a401c934ff5b3c276741b41933e62e2e1fd3223e4ab8986ec60ca",
            "strings": [
                "!This program cannot be run in DOS mode.",
                ".text",
                "`.rsrc",
                "@.reloc",
                "?_d ",
                " vT2",
                "f_`X",
                "f`aX",
                "_b`*",
                "vlmX",
                "XjXo&",
                "%%o%",
                "*Z(S",
                "%%(H",
                "X +&",
                "gqa}L",
                "{BYe ",
                "ja}n",
                "kza}V",
                ",a}`",
                "da o.",
                "C6X ",
                " %!~)Ye ",
                "&f 2||",
                "<a H",
                "+a}c",
                "a Q_",
                "4a}t",
                "f 2x",
                "L~a}}",
                "f vYk`a}",
                "X]!X ",
                "u Toz",
                "Na}D",
                "8b(e ",
                "L~a}P",
                " Ya}?",
                " >K+",
                "hia ",
                " zl_",
                "ta ?",
                "<Oa}a",
                "{$#e G",
                "_a}|",
                "b ]Gu",
                "X]!X t",
                "7Sa}",
                "e G\\S",
                "a afb",
                "nsa}]",
                "Ua}W",
                ">hf ",
                "c 3w",
                "c 2\"r",
                "b 1k'ua}B",
                "{$#e ",
                ", @h",
                ";fJa}",
                "cf |",
                "f 2,",
                "X wA",
                "51a}",
                "D/a}",
                "N>V ",
                "f B_",
                "LZ @",
                "a ~Xg",
                "@ 33",
                "|AX [",
                "=pf I",
                "p)a}Z",
                "5nba}_",
                "Sca}",
                "ta H",
                "@;a}",
                "<Oa}h",
                "e ']eJX ",
                "{,\"a}I",
                "X]!X Y=",
                "*BSJB",
                "v4.0.30319",
                "#Strings",
                "#GUID",
                "#Blob",
                "History",
                "AssemblyCompanyAttribute",
                "System.Reflection",
                "mscorlib",
                ".ctor",
                "Void",
                "System",
                "String",
                "AssemblyProductAttribute",
                "TargetFrameworkAttribute",
                "System.Runtime.Versioning",
                "AssemblyTitleAttribute",
                "AssemblyDescriptionAttribute",
                "AssemblyConfigurationAttribute",
                "GuidAttribute",
                "System.Runtime.InteropServices",
                "CompilationRelaxationsAttribute",
                "System.Runtime.CompilerServices",
                "Int32",
                "AssemblyCopyrightAttribute",
                "AssemblyTrademarkAttribute",
                "Boolean",
                "RuntimeCompatibilityAttribute",
                "AssemblyFileVersionAttribute",
                "DebuggableAttribute",
                "System.Diagnostics",
                "DebuggingModes",
                "History.exe",
                "<Module>",
                "A2CMa395OeXBdTLwbO",
                "kwoJHK5UsFw7W3YDYO",
                "Object",
                "Y3RBdsDx5UJtFeRl6Y",
                "kc8jITvt1GacL4VFbJ",
                "r1nA4qMgxAegNmN58k",
                "hritQvZHUIhudsSnRQ",
                "MPrivateImplementationDetails>{863514BE-75C4-4110-A36F-704DC4B906EA}",
                "__StaticArrayInitTypeSize=1196",
                "ValueType",
                "__StaticArrayInitTypeSize=16",
                "__StaticArrayInitTypeSize=167424",
                "<Module>{770F3D34-BB62-4CFC-8F99-80700D713179}",
                "UBX9QKbjxEbDs5Lhn9",
                "JQiiCXO4lWaeNCnOM8",
                "vLhNZsHkusqF1GLLcH",
                "MulticastDelegate",
                "hwyppSK7TW6iGRJcZM",
                "fkyn7jUmes9CGSRYR6",
                "cMeOxeczJALrWM2yD6j",
                "zg4YMvwivbJSCI24wcP",
                "Attribute",
                "yywKTcwckg5UEE2nUN9`1",
                "jpUYHuw297sKnxeGwus",
                "y0TTVGwGFcifUHk9byg",
                "exBgCHw3SrQUFBxCROx",
                "oO7BbFwjBHgBLYiiWvB",
                "VMpg8CwWCKRITT5t3lW",
                "E1dQFxwYjjCHld8v3kS",
                "L5YUbcwLixgO3V9ds0p",
                "p4Iv1Vwd05KD7a9gXTd",
                "bXaCVuw62eXpkbFsJBk",
                "ybZACAwe6CiQlLsTsgd",
                "iHfGV4wDZUQpTiHrdx5",
                "MO92x6wvDAWXBseIAae",
                "Enum",
                "IAWkDdwxObo1HLZEh6M",
                "dIPuoJw43RpXRF2qPyQ",
                "MPrivateImplementationDetails>{829263EA-1118-4B71-B380-277BF0D87B69}",
                "__StaticArrayInitTypeSize=18",
                "__StaticArrayInitTypeSize=30",
                "__StaticArrayInitTypeSize=32",
                "__StaticArrayInitTypeSize=40",
                "__StaticArrayInitTypeSize=64",
                "__StaticArrayInitTypeSize=256",
                "<Module>{70c6a501-4533-4458-994b-710f71567388}",
                "nuZIJd2Iah2URKEgXRD",
                "gkCceZ25K0j5iSFFVOe",
                "Mt2siV2YKeCvvYfrs7W",
                "h16tfQ2dhqMdEWbV0Q7",
                "cxnlXa2erfYt48REmRb",
                "asANw82vxNIQWrehIyp",
                "vgVwtg24EbNPBbuxxdO",
                "Kgt4HE2ZpI4E9HxLc97",
                "WBb1X42fxppelZux5H4",
                "EVD5YQ2ODtAPl9vxHUW",
                "V4Ubt52HC6x8M9an0m6",
                "PWRAHf2UlJkcx0yRSgw",
                "EU3cqy2QoOYcCJjVElu",
                "SKGCSD2aI2ZuIAEhoxQ",
                "cdalCF2oklIgLMtQw0P",
                "p0lwfp2pDS7nb1VxCua",
                "MahUDt2AiOD0U7ky1nQ",
                "mu2sCr2JT9hEZDdtfSt",
                "kqovxJ2nfyXlPhBPOGl",
                "sDkXDv21ZYgaZjiHEhJ",
                "OJ7pMq2lsROW7CKxnMl",
                "aNZMxr28gVADLIGLSwS",
                "Asxd5T208Blytp4VZld",
                "D9A6dW2TcVSScL6USQR",
                "TZnEm22BWapHbDKmhop",
                "dvcFPLuiuPYfb9Cg4Og",
                "kU17DkuwOjHYJYIP5ZH",
                "fm1hcQuuTCncGVTcCIE",
                "YvhpaJu3y9r3uEpgt4v",
                "MIp3fOutm3rgkMJtUfr",
                "f8DC1179C4CC988C",
                "m8DC1179C4CC988C",
                "TimeSpan",
                "DateTime",
                "Exception",
                ".cctor",
                "Bv5k4qkPT",
                "UInt32",
                "IntPtr",
                "VirtualAlloc",
                "kernel32.dll",
                "HeFYwP676",
                "Byte",
                "CreateRemoteThread",
                "KPyLGP00M",
                "WaitForSingleObject",
                "o3kdZBHpw",
                "PPL6haNLx",
                "nxcedIaJK",
                "Random",
                "Task",
                "System.Threading.Tasks",
                "Action",
                "oM0xsD0ii",
                "Zero",
                "RsT4j18Fr",
                "AfAy7mXkC",
                "WX8fd5GaI",
                "$$method0x6000009-1",
                "$$method0x600000c-1",
                "$$method0x600000c-2",
                "gCKXY9Sux",
                "Module",
                "qHRuWaGpI5",
                "typemdt",
                "Type",
                "FieldInfo",
                "MethodInfo",
                "Invoke",
                "BeginInvoke",
                "IAsyncResult",
                "AsyncCallback",
                "callback",
                "object",
                "EndInvoke",
                "result",
                "RR1cD4XHt8",
                "Qu7c4Ysn1S",
                "bQZcMNDUkr",
                "SK9cZa8kVb",
                "RSACryptoServiceProvider",
                "System.Security.Cryptography",
                "vnucbDHnOx",
                "DC3cH0i0Jg",
                "List`1",
                "System.Collections.Generic",
                "yjIcVr6Cu3",
                "irOcCc9Wwc",
                "reMcphB2uC",
                "mytcgGtFiV",
                "Int64",
                "hXvcreZcKq",
                "WnNcFtsDqv",
                "ccQcnCVAXu",
                "B6ucRhxFTm",
                "B7KcPGiF7A",
                "Hashtable",
                "System.Collections",
                "xI2c0lv8JC",
                "apHcSlxN9b",
                "kXJcBoSLTX",
                "L9QcfkWKtY",
                "GxbcUP12rr",
                "wFIcacrIsk",
                "BiscyqpkdX",
                "Dictionary`2",
                "jxqcT0K15L",
                "a9UcmfVI6s",
                "SortedList",
                "hlecsqoMTk",
                "dKOclWL9R2",
                "t2XcobP50l",
                "pvIcAxETLu",
                "xu2c1KaH7M",
                "hOCcxmFM3E",
                "jKAc8HRhHm",
                "v1Icvt7uMc",
                "Assembly",
                "HEUcOpsJpN",
                "KYVcXqJUOe",
                "lrScEr67MJ",
                "twecqhRs7b",
                "efTcJJKCAV",
                "qfScKZYMgG",
                "dIDcQZjwxN",
                "tZfc77ySbi",
                "GetTypeFromHandle",
                "RuntimeTypeHandle",
                "get_Assembly",
                "RuntimeHelpers",
                "InitializeArray",
                "Array",
                "RuntimeFieldHandle",
                "set_UseMachineKeyStore",
                "G4DuNihaD7",
                "rpUslS5Ly",
                "UInt64",
                "BitConverter",
                "GetBytes",
                "Copy",
                "h4yQFurMn",
                "UInt16",
                "IDeV5w8CM",
                "EK7a4JFAq",
                "Ms1CAdsg0",
                "dTDoA6SkK",
                "PIemnbJ5a",
                "e68pLcbHF",
                "GElgdkMIb",
                "SymmetricAlgorithm",
                "AesCryptoServiceProvider",
                "System.Core",
                "RijndaelManaged",
                "Activator",
                "CreateInstance",
                "ObjectHandle",
                "System.Runtime.Remoting",
                "Unwrap",
                "o1GAXJ9jQ",
                "MD5CryptoServiceProvider",
                "CryptoConfig",
                "get_AllowOnlyFipsAlgorithms",
                "wjwreHPg5",
                "HashAlgorithm",
                "ComputeHash",
                "HsKJNl9rm",
                "Stream",
                "System.IO",
                "Read",
                "jtRF0BW70",
                "TransformBlock",
                "CmGntGucW",
                "BinaryReader",
                "get_BaseStream",
                "set_Position",
                "ReadUInt32",
                "jsAqCZYZC",
                "ParameterInfo",
                "DynamicMethod",
                "System.Reflection.Emit",
                "ILGenerator",
                "Monitor",
                "System.Threading",
                "Enter",
                "GetManifestResourceStream",
                "get_Length",
                "ReadBytes",
                "Close",
                "MemoryStream",
                "Exit",
                "GetFields",
                "BindingFlags",
                "MemberInfo",
                "get_MetadataToken",
                "get_Item",
                "get_Module",
                "GetGenericArguments",
                "ResolveMethod",
                "MethodBase",
                "get_IsStatic",
                "get_FieldType",
                "Delegate",
                "CreateDelegate",
                "SetValue",
                "GetParameters",
                "get_DeclaringType",
                "get_IsValueType",
                "MakeByRefType",
                "get_ParameterType",
                "Empty",
                "get_ReturnType",
                "GetILGenerator",
                "OpCode",
                "OpCodes",
                "Ldarg_0",
                "Emit",
                "Ldarg_1",
                "Ldarg_2",
                "Ldarg_3",
                "Ldarg_S",
                "Tailcall",
                "Call",
                "Callvirt",
                "z7yRtwTFN",
                "RvfPVwqYD",
                "Debugger",
                "get_IsAttached",
                "TVr8haING",
                "ICryptoTransform",
                "CryptoStream",
                "CryptoStreamMode",
                "dAgEG30NZ",
                "StackFrame",
                "GetMethod",
                "op_Inequality",
                "ToInt32",
                "get_Count",
                "Encoding",
                "System.Text",
                "get_Unicode",
                "GetString",
                "NJQ0bB7QM",
                "Trim",
                "Convert",
                "FromBase64String",
                "jw1SeMdhB",
                "GaeTGK7XL",
                "Elw74XSBR",
                "Marshal",
                "TYEBZZLPe",
                "get_Location",
                "File",
                "Exists",
                "GetName",
                "AssemblyName",
                "get_CodeBase",
                "ToString",
                "Replace",
                "GetType",
                "GetProperty",
                "PropertyInfo",
                "GetValue",
                "HUdzy7cuI",
                "LoadLibrary",
                "kernel32",
                "Ik5ciCb4Wa",
                "GetProcAddress",
                "vscccKXMtG",
                "Concat",
                "GetDelegateForFunctionPointer",
                "JmMcweaXQM",
                "dgbc2GbGvE",
                "dQAcurbayE",
                "sSYcGkIgQj",
                "gV3c3SrtQi",
                "xTuFFuFOZ",
                "op_Equality",
                "n48cjsH273",
                "FileStream",
                "FileMode",
                "FileAccess",
                "FileShare",
                "IDisposable",
                "Dispose",
                "a2ecttZ5Ur",
                "iCGchUc3Qm",
                "ToArray",
                "QmjcWMKJSh",
                "set_Key",
                "set_IV",
                "CreateDecryptor",
                "Write",
                "SxecNdjBvc",
                "ObRcIuentE",
                "guwc9bynsi",
                "Q6qc5taW4I",
                "PvscknUmRF",
                "OsRcY4rHiw",
                "uQycLyj9xi",
                "z8UcdT1OfK",
                "D1Lc624H3a",
                "ASoce5a28D",
                "yN2HDjwEJvhEcBsXvtt",
                "fyaxtSw0DBYmsUG8YZG",
                "s57O8UwSwB9ckIPlSMk",
                "EIbLsQwTiyG8cC8N78S",
                "rB3vlpw76aLFsUYoHqf",
                "tj8wgTwBhTx3uWsbHVW",
                "Reverse",
                "VuUHfpwzQIdrwX9ieUf",
                "JDtI4q2ixHld62mmFDI",
                "GetPublicKeyToken",
                "uYMcgL2clWXgHljOFnb",
                "thahAi2wqHc60b8fDdu",
                "CipherMode",
                "set_Mode",
                "O7dOKT22FwRCTcWvPGV",
                "d3cibN2u0Iut0icoYkw",
                "pl435F2GiKt1Rp8FqDp",
                "hycpus23q36cw7nyC0q",
                "FlushFinalBlock",
                "LBatRK2jWKNxYSPrOeL",
                "G4otel2tdy42SseE6NN",
                "JSQsQ82hovMyZWxHNgX",
                "get_EntryPoint",
                "EkOLvG2WEtT39FY7MMx",
                "GMabpUwPI0qOIf9oQpV",
                "h8dTC7w8k4l74uxkrZ4",
                "rAtRsKwwY3yIZmj3TmA",
                "cI0wuETTpf",
                "CreateEncryptor",
                "ToBase64String",
                "classthis",
                "comp",
                "info",
                "flags",
                "nativeEntry",
                "nativeSizeOfCode",
                "kvIwtR83GV",
                "RKIwhKSoWW",
                "RkowkW4EAi",
                "nW4lBacjpc",
                "gVswN3LN4H",
                "BniwIPxgjE",
                "Ao0w9tNYJQ",
                "ReadInt32",
                "CGPw5lj2hw",
                "hModule",
                "lpName",
                "lpType",
                "lpAddress",
                "dwSize",
                "flAllocationType",
                "flProtect",
                "hProcess",
                "lpBaseAddress",
                "buffer",
                "size",
                "lpNumberOfBytesWritten",
                "flNewProtect",
                "lpflOldProtect",
                "dwDesiredAccess",
                "bInheritHandle",
                "dwProcessId",
                "value__",
                "HphwM5jZFa",
                "T9AuIcewED",
                "0E448EF5E5E60630BDDB19388CB6378436E3C65D03DD66DA7C6EBFF563BD857A",
                "4BED3ADC52D4904075F6BBF279EC4ACEDE079533B95E229A29809542EA324A7B",
                "62E6F13B53D67FDD780E20D89A6E8EE503B197AC16AC3F1D2571C147FDD324C9",
                "7F535673D836D3D77A97DB03EB3D71EA780F44372F5AEBECEBEDD696AAEB8378",
                "97E613E5A3A47DEC76B7E50D47644B35EA4322F00D594D80D2F1C1F3644F8A4A",
                "C356AFF1A01C2B0DA472E584C8E3C8F875B9A24280435D42836A77B19F5A8C18",
                "C61B1941CF756EB7551F7C661743802362728B785ADC22E860D269713DFB01A6",
                "D5B7247C497788CF0031CEB06E3DF77A45FEF59F1E49633DC7159816D64759B5",
                "m_41b151b607d2408a9c53d9cd15fa84b0",
                "m_a1bbce4ec62d4030a39bf0c82589bd08",
                "m_53953e3ddb8245d0aebf9ea16506ac2d",
                "m_315992f3722349d28ac6359997d087d6",
                "m_26e61dd0b9dc4f0a877e8bc91bfbb05e",
                "m_47e8563d4b834b0f870d72eab7bec27d",
                "m_17ba4dc8799244ab8a931f8a6719d141",
                "m_2211279f08d44ae3ae85aba3cdc30bb4",
                "m_f2a95cbca78c418a856f6a3df0af973b",
                "m_8952c1c8a8f24f6ba20701451035b1f5",
                "m_8abf8ff9f26e420783ab473a7863bc24",
                "m_bd323a92b6b54d75a97fb2e09f1ac233",
                "m_e6d7bc6b924e4ce182488eb957e383c2",
                "m_74404ecd70e64cc492ee3a6ef50e0493",
                "m_bcd1b120a184437cb96047933646d74b",
                "m_3b61f1ed86d349f5817e0847649345d6",
                "m_390900cf04d74170bca1914d96d76902",
                "m_d448fa37f26447dcb47988e245162e80",
                "m_3e40a1a520db49e9ae5c5881f20420a8",
                "m_8d168f3e08ae4a81bf891e8a0d5ae3d1",
                "m_1ac2edfc5b4e4d57bfc83758d587186a",
                "m_5416bb87bcab4c28a436b848b19acf30",
                "m_f572d2066b134920992e05ed2dfceaf8",
                "m_6bb56361dc30483087a35cd6f134ea58",
                "m_b0a71511b9304c8ea46a833734abd76e",
                "m_c5f0be9b76d742049a9edabdc1c783b7",
                "m_ab611b70619b42c5a928d57607c3ba88",
                "m_5113536ff3e7424192053326b6c7ab32",
                "m_14d6b66c4dd7403d98f596149158488c",
                "m_b4fbd502b972482c822a05af365e73a8",
                "m_051b2dba19fe476f904f5af807a9838a",
                "m_0b4dc452b3c84c9ea56751a0cf009bde",
                "m_82db48d72eb342c1863dfc05eefbeb42",
                "m_5362eb7002ff489a9b81ecba59d33590",
                "m_4e3e0fb1b6bc437d96158840c467c63f",
                "m_8d048dab25ef4bda8c09c96ec9378da3",
                "m_830a0dd60ea9453c8c77fec9b8142ec5",
                "m_a0e6c768eba04ecc99b8d1aede051c7e",
                "m_c77c185867f64a8e83779730336bc874",
                "m_a3537129da9d44d090d983a4f9e83af1",
                "m_557a899b6f2647e683c11e362bf1ad33",
                "m_d47455ad4e3046199d3b96843d9c61ad",
                "m_20272b11031b4cdba3134b7f1aa700ff",
                "m_c3872c5a28204c5bbce4900f7db09194",
                "m_360a128b8a8b4e24a5c656fbe20c0c0f",
                "m_b803c8500cf2445a938d300963226de0",
                "m_c0be51eea6244b6c81d7643213db4e22",
                "m_2de6a4db3e9c4b18b368b82630c0906e",
                "m_a93e6d4dc6934c749b2a4af47d8729d9",
                "m_4f7415486a8b403184cefb47eaf324ad",
                "m_29457d2854ea47f79439d27e13a604e9",
                "m_77943aba1f664ba48b103f6d37a0a4ec",
                "m_4d740bad2c5445ee92913357a82123a0",
                "m_dba25da20f3742988e22359b29645c99",
                "m_816162de0fc949228afc9981a4f0848f",
                "m_10b6f5bd004647368c317c4684cbef28",
                "m_8cb07466adfd4373bb11739e5a92419e",
                "m_eb39e724e3ab4f77a912f1b5f2903f5d",
                "m_606c1878537a467a9bf7c935f9637a21",
                "m_2af10f2b2da14c5eaef6b0fee3f24f81",
                "m_3e44d98120b14042a2b156b9aeda78c1",
                "m_6928bd46286b4e68802caf4cfef37865",
                "m_86ec1986e0c64aaa8d9351ceca2c9f8b",
                "m_3177b4ace06a48faabb9a4bec34e6220",
                "m_b02ace85e5ae4b80b1e4c1d46b2c350d",
                "m_f5060bd6bac245a6b7806dbe07749a79",
                "m_bb9e1336eef6424e8b82856958e2d921",
                "m_57b209e281244cf8944f9e569c31d014",
                "m_0f1dc7bd40824c03812bedfb45675b87",
                "m_0fb53faca74944b89af18c376bc93e79",
                "m_ef21079afa9e41159311c04385aa5d97",
                "m_919ac101258e454ab0e67b4289269493",
                "m_506a2795848845a08dc22af0ff472843",
                "m_835374c3f257441fbdbf93183456551c",
                "m_f5b62ba344e349f19c75c6bf9a4c09c0",
                "m_cfd90b727fb54cb8ab66146b14f302a1",
                "m_e078039401d2476e94b595734ef487da",
                "m_4969b9ba4fa24ddca9432ae9c7e2f158",
                "m_804528c981194c4a814f32937247533c",
                "m_7166701ea9774e48887ec20691b5f824",
                "m_fa510f2ec57e4d5b85f0c6ef9f8ac8b6",
                "m_776918a7ea414574bfd67f0b03850d72",
                "m_4bcf7691d5e3463e8bd24c07af562676",
                "m_9355acfd0c3c4f1397ca8a311ba58137",
                "m_6c32583ee54343e89339d477f698421f",
                "m_b7a761452c814242aa32cf69c78b6fbb",
                "m_5a4a9cc570c74a8d83d76062b1774998",
                "m_3180b718432d408d9a3338fa1e6b9ead",
                "m_e7b84c7cb536465ebdb258ccc184617c",
                "m_f7a1de1a0ee144bc87ad7d30a35bff3b",
                "m_2e2231e26ad84f6b835839cd8d113075",
                "m_7a8727f57f2f41eabb5f1476d9d3e479",
                "m_9d861e57ee004e68858ed0449a306b0e",
                "m_5ad78331ce7d4246aee334b82afff51f",
                "m_40e1c989cca64d4bb822b3b786b3f7c1",
                "m_99fd2ff51aed4e25b64409492586ce01",
                "m_343952125ab14ebf832fbace1943deb7",
                "m_2d64d2eebeed4ffb89b831c5decb80b6",
                "m_aee13a2e75a04786834061c6b638897e",
                "m_df6eafad9e9d4833851bd807ba73af33",
                "m_701c4b6fc69043cfa25e10284d1e7823",
                "m_2b4dd72d97bd46cab6764570ac3d4717",
                "m_c74c40c31c1c4fd7939fa5484ace821a",
                "j72253b49541342d089e02841a8cf8057",
                "wYQ29gEKTE",
                "S7L2NqCYTj",
                "TSd2k4EfMf",
                "U2G2Lt9RDv",
                "KCf26X46sy",
                "Khe2DBhog6",
                "kRo2x5111j",
                "uZQ2M63vrS",
                "V8o2ya6S9K",
                "DYB2bpY8Ka",
                "US32XlHRUj",
                "NFb2KHS7HS",
                "Fkd2s5ubrA",
                "Y4h2VVsoW6",
                "vll2CR3Glv",
                "lPL2m42Mmh",
                "NM22gqhxgJ",
                "nd02rCFHbq",
                "Tj62FV4aFu",
                "OWQ2qskNuu",
                "CYQ2RJrPOq",
                "CW62PiXrdm",
                "OlW2ETCtwh",
                "yyX2SEVkBp",
                "BtA27lH5Vq",
                "XRL2zcHjji",
                "JfjuceNfVY",
                "rcGu2d2ypm",
                "YAfuGY4KUL",
                "hwaujqikta",
                "wjOuhQsAFg",
                "get_Now",
                "op_Subtraction",
                "get_Days",
                "Math",
                "Sign",
                "ToByte",
                "get_Message",
                "Console",
                "WriteLine",
                "Next",
                "get_IsCompleted",
                "op_Explicit",
                "ResolveType",
                "get_ManifestModule",
                "UnverifiableCodeAttribute",
                "System.Security",
                "CompilerGeneratedAttribute",
                "UnmanagedFunctionPointerAttribute",
                "CallingConvention",
                "CharSet",
                "FlagsAttribute",
                "uIdODycYpAl7NOdK29.KHJmJcwJNQIpC2rmTm",
                "Fr7XVQN4jaHIUXIC3h.JBc4q7INYqebOy5vpt",
                "History.g.resources",
                "aR3nbf8dQp2feLmk31.lSfgApatkdxsVcGcrktoFd.resources",
                "System.Security.Permissions.SecurityPermissionAttribute, mscorlib, Version=4.0.0.0, Culture=neutral, PublicKeyToken=b77a5c561934e089",
                "SkipVerification",
                "Network Edition",
                "Connection Tool",
                ".NETFramework,Version=v4.7.2",
                "FrameworkDisplayName",
                "Web Helper",
                "Network Tool",
                "$d17b41c9-3955-4890-95b8-887aac006e0b",
                "Copyright 2024",
                "WrapNonExceptionThrows",
                "1.0.0.0",
                "fkyn7jUmes9CGSRYR6.hwyppSK7TW6iGRJcZM+zg4YMvwivbJSCI24wcP+yywKTcwckg5UEE2nUN9`1[[System.Object, mscorlib, Version=4.0.0.0, Culture=neutral, PublicKeyToken=b77a5c561934e089]][]",
                "SUsSystem.Runtime.InteropServices.CharSet, mscorlib, Version=4.0.0.0, Culture=neutral, PublicKeyToken=b77a5c561934e089",
                "W9:]",
                "lSystem.Resources.ResourceReader, mscorlib, Version=4.0.0.0, Culture=neutral, PublicKeyToken=b77a5c561934e089#System.Resources.RuntimeResourceSet",
                "PADPADP",
                "fSystem.Drawing.Icon, System.Drawing, Version=4.0.0.0, Culture=neutral, PublicKeyToken=b03f5f7f11d50a3ajSystem.CodeDom.MemberAttributes, System, Version=4.0.0.0, Culture=neutral, PublicKeyToken=b77a5c561934e089mSystem.Globalization.CultureInfo, mscorlib, Version=4.0.0.0, Culture=neutral, PublicKeyToken=b77a5c561934e089fSystem.Drawing.Size, System.Drawing, Version=4.0.0.0, Culture=neutral, PublicKeyToken=b03f5f7f11d50a3a",
                "QSystem.Drawing, Version=4.0.0.0, Culture=neutral, PublicKeyToken=b03f5f7f11d50a3a",
                "System.Drawing.Icon",
                "IconData",
                "IconSize",
                "System.Drawing.Size",
                "width",
                "height",
                "ISystem, Version=4.0.0.0, Culture=neutral, PublicKeyToken=b77a5c561934e089",
                "System.CodeDom.MemberAttributes",
                " System.Globalization.CultureInfo",
                "m_isReadOnly",
                "compareInfo",
                "textInfo",
                "numInfo",
                "dateTimeInfo",
                "calendar",
                "m_dataItem",
                "cultureID",
                "m_name",
                "m_useUserOverride",
                " System.Globalization.CompareInfo",
                "System.Globalization.TextInfo%System.Globalization.NumberFormatInfo'System.Globalization.DateTimeFormatInfo&System.Globalization.GregorianCalendar",
                "win32LCID",
                "culture",
                "m_SortVersion",
                " System.Globalization.SortVersion",
                "System.Globalization.TextInfo",
                "m_listSeparator",
                "m_cultureName",
                "customCultureName",
                "m_nDataItem",
                "m_win32LangID",
                "%System.Globalization.NumberFormatInfo\"",
                "numberGroupSizes",
                "currencyGroupSizes",
                "percentGroupSizes",
                "positiveSign",
                "negativeSign",
                "numberDecimalSeparator",
                "numberGroupSeparator",
                "currencyGroupSeparator",
                "currencyDecimalSeparator",
                "currencySymbol",
                "ansiCurrencySymbol",
                "nanSymbol",
                "positiveInfinitySymbol",
                "negativeInfinitySymbol",
                "percentDecimalSeparator",
                "percentGroupSeparator",
                "percentSymbol",
                "perMilleSymbol",
                "nativeDigits",
                "numberDecimalDigits",
                "currencyDecimalDigits",
                "currencyPositivePattern",
                "currencyNegativePattern",
                "numberNegativePattern",
                "percentPositivePattern",
                "percentNegativePattern",
                "percentDecimalDigits",
                "digitSubstitution",
                "isReadOnly",
                "m_isInvariant",
                "validForParseAsNumber",
                "validForParseAsCurrency",
                "Infinity",
                "-Infinity",
                "'System.Globalization.DateTimeFormatInfo+",
                "amDesignator",
                "pmDesignator",
                "dateSeparator",
                "generalShortTimePattern",
                "generalLongTimePattern",
                "timeSeparator",
                "monthDayPattern",
                "dateTimeOffsetPattern",
                "firstDayOfWeek",
                "calendarWeekRule",
                "fullDateTimePattern",
                "abbreviatedDayNames",
                "m_superShortDayNames",
                "dayNames",
                "abbreviatedMonthNames",
                "monthNames",
                "genitiveMonthNames",
                "m_genitiveAbbreviatedMonthNames",
                "leapYearMonthNames",
                "longDatePattern",
                "shortDatePattern",
                "yearMonthPattern",
                "longTimePattern",
                "shortTimePattern",
                "allYearMonthPatterns",
                "allShortDatePatterns",
                "allLongDatePatterns",
                "allShortTimePatterns",
                "allLongTimePatterns",
                "m_eraNames",
                "m_abbrevEraNames",
                "m_abbrevEnglishEraNames",
                "optionalCalendars",
                "formatFlags",
                "CultureID",
                "bUseCalendarInfo",
                "nDataItem",
                "m_isDefaultCalendar",
                "m_dateWords",
                "&System.Globalization.GregorianCalendar",
                "(System.Globalization.DateTimeFormatFlags",
                "dddd, dd MMMM yyyy",
                "MM/dd/yyyy",
                "yyyy MMMM",
                "HH:mm:ss",
                "HH:mm",
                "m_type",
                "m_currentEraValue",
                "twoDigitYearMax",
                "Calendar+m_currentEraValue",
                "Calendar+m_isReadOnly",
                "Calendar+twoDigitYearMax",
                "+System.Globalization.GregorianCalendarTypes",
                "yyyy-MM-dd",
                "hh:mm tt",
                "H:mm",
                "h:mm tt",
                "p{{.J{{{{{{@",
                "{$p{{",
                "o{{{{{{{{{{{{{{{{{{{{{{{{{{",
                "?U50",
                "UKU*K*L$7)",
                "{.J{{{{{{{{{{{{{{{{{{{{{{{{{{{{{{{{{{{{{{{{{{{{{{{{{{{{{{{{{{{{{{{{{{{{{{{{{{{{{{{{{{",
                "{{**{{",
                "{{KKLKLKLKLLKLLLKLKLKLKKLKLLKLKLKLK{",
                "{{{{",
                "e{{{",
                "+|{{",
                "7|{{",
                "3|{{",
                "{{{)",
                "1{1{1o1{1{1{1{",
                "|{{1o3{k{{1o1{",
                "R|{{",
                "]^{|{",
                "j{{{)",
                "7|{{1{1o",
                "|{{1;3{K{{",
                "{{{,",
                "|{{)",
                "c{{{L",
                "$b?X",
                "+)1{",
                ";CZ9",
                "|{{+",
                "{{{+",
                "1{1o",
                "j{{{",
                "&Kt~",
                "~}N`",
                "h%IF",
                "_^Gz",
                "PoO\"",
                "ES-66Z\"",
                "\\Zxo",
                "HUyo",
                "\"^3!",
                "KgJN",
                "VUF`",
                "~!,wpl",
                "VX*o",
                "0j7c",
                "da[W4",
                "hzUX3",
                "yUuIm",
                "sC~V\\",
                "aa,^",
                "&f}+",
                "+ME;g",
                "_EHz",
                "\"\\\"mR}",
                "`Qev",
                "%5v>5",
                "%b^p3",
                "~|WS",
                ";-'%",
                "klhz",
                "w!X\\$",
                "}7gWj",
                "41Au",
                "G),0",
                "Hz-\"",
                "]^xhk",
                "4**l",
                "5ti&",
                "_hyry",
                "s%nt",
                "ZPBR",
                "2,N=",
                ";tWT",
                "2eFwK6",
                "yu:f",
                "OT J",
                "WFfk",
                "w`3ek",
                "i'k>",
                "H Zzz",
                "PDQE",
                "P6-O",
                "OPF! ,",
                "&'/P",
                "4A%T",
                ":oF64",
                "R0Z*",
                "b @N",
                "WVxgq ",
                "4+s@",
                "5Dn:",
                "?W5@",
                "3Q:4",
                "Q\\>0",
                "uZw9",
                "_3Q~",
                "X-nN",
                "mmc_",
                "2uK1",
                ",@XA",
                "BWT<",
                "s/`I",
                "+R$79N",
                "VfKn",
                "POb2",
                ":pl;",
                "j[BY",
                "[x4P",
                "4vCR",
                "bi,V/",
                "f*ev",
                "\\DD}",
                "w(\"3",
                "6t^N",
                "=^8U",
                "W},<maT)g",
                "=oot",
                "[\"@0",
                "5o;r",
                "k9?I",
                "tgi(f",
                "FL-&",
                "<h)Xz",
                "|[B,.Z",
                "HcK]i",
                "fE\"L",
                "2?#w",
                "v[ZB",
                "N3F`",
                "teuIjN",
                " V-#I>",
                "xtLZM%",
                "l1SV",
                "O\">|5",
                ">MXj",
                "R1DX,",
                "w,__",
                "Pd(T",
                "y++7yc",
                "*#td",
                ")\\/_#",
                "yK=C,cP8",
                "Hll@",
                "%_8\\",
                "b&phnE",
                "\"1p<V",
                "h!g(",
                "|0s+3",
                "oGwt",
                "3D|a",
                "xbd]",
                "Kp_t",
                ".l|R7^",
                "^i_D@R",
                "krF3",
                "{&qt",
                "ccs2#",
                "U+1V",
                "1>`V",
                "OMgF",
                "!1_y#8",
                "*V:6%",
                "D?/}",
                "M^(7",
                "N;Dx.",
                "vh:E<",
                "}ZS)",
                "(L'|eF",
                "b4c'",
                "^J6O",
                "'h@'",
                "|T0[",
                "FYqNu^U",
                ";T)@-F",
                "2Z3\\",
                "2N?q)8-@ri",
                "<~,m",
                "Me$t",
                "`^;:",
                "W4.X",
                "/Ryt",
                "!8Dw8",
                "I8gO",
                "]V+s",
                "gXGE",
                "A-[B?",
                "QwTF",
                "&mio",
                "F\\{x",
                "orM(c",
                "+JYDL",
                "D(k8",
                "1^H#F",
                "9-|}",
                "kzoc{Ia",
                "|'5MS'",
                "LPRu",
                "%[g$",
                "K9?Q",
                "s|(l",
                "[rov",
                ",QSAca",
                "(?r]",
                "X7u>",
                "b%!nq",
                "k$iV",
                ",Ndo",
                "W%~~\"",
                ".qYu",
                "Z'8T",
                "soGE",
                "]yk3a",
                "9CTL",
                "\"V.n",
                "H@yt",
                "+k>@",
                ",V-1",
                "6ID@",
                "bN(\\",
                "GPQt",
                "%Z1F",
                "`4JS-",
                "bRHs",
                "S%$ZH",
                ")vNB",
                "2 HZ",
                "RqAm",
                "7y^K{",
                "MJC=(",
                "EO|V",
                "#X>ht",
                "(>j@",
                "C\"aq4",
                "*ayI>E",
                "ViM3",
                "Y=zZ(",
                "Oz<~",
                "d.<<pE",
                "EbIz",
                "$CqR",
                "**B7",
                "T$,@(`",
                "3?r^T",
                "E*8z",
                "5U[|",
                ",8x;O",
                "R_^|",
                "<H+9",
                ":PDa4{",
                "!VtiR0",
                "sS//",
                "p%#l",
                "ROR8yr",
                "B!0.",
                "!p'0",
                "lwx\\",
                "7~U6",
                "{RF?",
                "2jE=",
                "SRM+",
                "~P._4",
                "UOr[",
                "iB!k",
                ",%g8",
                "]L?u",
                "1C++",
                "wA1U",
                "s\"_Y9P",
                "gME}",
                "6xg.L",
                "3XI@",
                "Pe9.a",
                "Qr0)P",
                "N.MB",
                "B@#5",
                "V,C\"",
                "uFR{",
                "gs-.",
                ">$UdK ",
                "BJx;O",
                "1|i;",
                "Kay_",
                "Rh0~X",
                "\"T\\[",
                "RBy!",
                "X?L\\A",
                "4\\ty",
                "pw\"\\",
                "RzK3",
                "w9ajG",
                "j,'N,",
                "faBe",
                "M@&>",
                "IZZR",
                "`8^x",
                "yCr7vO",
                "A7Ox[",
                "Kz3m",
                "aF$%DK",
                ")3Zl_",
                "&aGs",
                "6}6P",
                "HB11",
                "SvJ|",
                "1$krHx",
                "+iQ9",
                "UY/g*1",
                "2O,j",
                "w SW",
                "(<T.]",
                "?Wj>",
                "=a9cb",
                "hl $",
                "Yi:y",
                "Qrl+4K",
                "xa$T",
                "A2M)",
                "+cAD",
                "I:DWK",
                " ]Ue",
                "MD@7",
                "X4~y",
                "*}p+",
                "FwRX",
                "@xke",
                "_G7H",
                "~Cr)",
                "I{,n",
                "+|<.O'",
                "H5mV",
                "Y(U(",
                "J{9p[",
                "gk}@",
                "UJ{G",
                "NV.G",
                "H>=wK",
                "{MqDm",
                "OF^E",
                "r-`]9",
                "t Io",
                "c2%S",
                "LZCP",
                "xH3<",
                "9OfH_",
                "l#*Z>",
                "6M8PX5",
                "i[S|",
                "o]6<",
                "C}$;u",
                "R'B5",
                "@,NS",
                "`X=R ",
                "g.X]",
                "bvJmv",
                "q'rO",
                "5O=N",
                "N{D7>",
                "thJqV",
                "M9&r",
                "MUtQc",
                "v,90",
                "&hzX",
                "7Ai8",
                "g%#-",
                "wG4?",
                "M`/u",
                "|Ik9{",
                "qT+0",
                "1SwA",
                "my^\"-",
                "QtgRX",
                "-7ct",
                "@j/W",
                "2aGY",
                "W(kl",
                "QWn}",
                "ei?o",
                "P/p9",
                "YP D",
                "`tyU",
                "{<[T",
                "/#MYAG",
                "*pk#1",
                "f1D@)",
                "!KVz",
                ",,0m",
                "-P/9",
                "3I;{",
                "gG2/s6",
                "~2q<",
                "cS8rlI^|>",
                "BP,q",
                " Upx",
                "o^VQ",
                "&wiJ",
                "c4Y;",
                "8I[v",
                "IKP~",
                "XqR*",
                "Q_)K",
                "PWnN",
                "<{7%",
                "|h&4",
                "9G f",
                "D4:&",
                "MY+~",
                "?a|L",
                "C8} ",
                "9r.#",
                "gB$r[",
                "Z<:y",
                "jHkS",
                "Us%@J",
                "AjORUO.",
                "h89\"Gp",
                "o+N7",
                "BHQu",
                "}7-x",
                "3xO3",
                "W3L@",
                "K-&\"",
                "bp|<nv",
                "XXr<",
                "us#e",
                "p>ED",
                "ey%Kl!f",
                "[ZG^<",
                "jhdW",
                "uf;f`\\",
                " c}Y",
                "}E5r",
                "$[-B`",
                "R6Qc",
                "[t1L6v",
                "XT|{A^",
                "niX=",
                "Ac=F",
                "j$\"#:",
                "LJr*",
                "Up2_",
                "`|r?%",
                "#oi/_",
                "\\{x\\+z3",
                "+f! ",
                ";C~6'n",
                "DQ&/Y",
                "Be-z",
                ")^P}",
                "_kq&",
                "rrrQ",
                "!DWLcu",
                "Qj|E",
                "ZB4Gp",
                "eyXhmML8X",
                "F%?|",
                "'uqC",
                "4.?x",
                "+b+A\\|e",
                "B+\"\\",
                "Ltfn",
                "[Ui$",
                "N~3/^^",
                "ujpM",
                "\"*/#",
                "{(s@",
                "L0<WV",
                "W?t5fD",
                "\\;~]eC",
                "M:dU",
                "!xsM",
                "Sv>O",
                "w)!v0",
                "fv\\BR",
                "0e5r|",
                "U3:XbBM",
                "04$!",
                "IW._Rz6T",
                "lEm5",
                "+}|@~;",
                "NzcX~q",
                "TKUp",
                "D(#o",
                "bmd{",
                ",gL5",
                "N6u)",
                "CA4s",
                ">>D/",
                "$|0=\"",
                "a{_f",
                ">DvX",
                "ePy-",
                "A;pH",
                "mRQ#",
                "J253",
                "';fu",
                "VcQcL",
                "9xJ=",
                "DW\\8",
                "JamW",
                "U l/7",
                "yn:s",
                "9{D4)v",
                "@'PDK",
                "a2_Q2~",
                "{dZ]q ",
                "h%*\"",
                "-/~#",
                "41jx",
                "\\Rue",
                "k5p[",
                "E4(n",
                "Z[#R.",
                "|wS|n",
                "5-5u",
                "8<O=",
                "Qm0X",
                "1t9|",
                "h<$U",
                "u-@>\\",
                "Nt7n",
                "pr'(",
                "<#7R",
                "l-dx",
                "v'w~i",
                "CaIk4",
                "Ml*P",
                "RX&>",
                "%J,J",
                "6cF ",
                "PZ+=",
                ")5P,",
                "@OL2",
                "\"(]R",
                "tl&Bo",
                "jIUV+",
                "g E7W:p)h",
                "5 A.",
                "/PJJ",
                "dROui",
                "p3' ",
                "MiRz",
                "A8)c",
                "&oD$",
                "\\tvt",
                "]A5*m%",
                ",@5?",
                "ILVwhzKyM",
                "V/\\e",
                "\"QTA",
                "V.fY",
                "@EXD.",
                "@IZ3",
                "qV9a",
                "H?jm",
                "N0b9",
                "E9<D",
                "]Uj+3",
                ".vi(",
                "HIf4",
                "ksNp",
                "e'4m",
                "wYPr",
                "Tp{~J",
                "y3xo",
                "]S<(w)J|a",
                " ^e+a",
                "QT}>J",
                "~9(#",
                "wCH,",
                "`j57)RP",
                "o'_Rgw",
                "l{T(",
                "%Sp@",
                "*YBH",
                "\"/>D",
                ":dBqG",
                "j= ,",
                "%&bx{",
                "$wh?",
                "}\"2l7",
                "\\(c?`;@",
                "2}ay4Z",
                "uNFt",
                "im+&x",
                "Ge#q<O>",
                "L*#wp",
                "Y`Wm",
                "2i~4",
                "O0GEc!",
                "o%4:g",
                "}4lW&\\",
                "]T@7003$",
                "F\"Wr",
                "9UV'mI;",
                "2}/<",
                "<Z] ~",
                "Jm[/",
                "sG\"t\"",
                "1F*Z",
                "0c|c\\",
                "6+d\\E",
                "() 3",
                "G8hK",
                "`NIk",
                "*_!Q",
                "~ 8Q",
                "QR[p",
                "/U>k",
                ",N3&",
                "3E8,<",
                "ACgDR",
                "}b_!",
                "#iEwmw0",
                "IU/!",
                "&erM",
                "Fk!]",
                "b*zs",
                "RemI8",
                "/x=q",
                ")Vj2",
                "3Z'/",
                "tU4G/",
                "+11R",
                "D2%:",
                "oGO9",
                "i%!2<",
                "[.IK",
                "] CPt;",
                "B=}w",
                ".v)F",
                "3.io",
                "J9}l",
                ")c;^",
                "l+`o",
                "t~&7",
                "@2p:",
                "Z7hb",
                "C2{G",
                "Sk. ",
                "MCsq",
                "y,5+",
                "Ax>E",
                "E^W0",
                ":]C|",
                "ANP;",
                "vj?.",
                "MpPP<",
                "r!Ib",
                "kb5k",
                "#uIFo",
                "[mAW",
                "}pZV",
                "n<`5)p",
                "s6L!",
                ">]*v",
                "8\"lm",
                "Wd4q",
                "REkH5(",
                "\\>j#",
                "2ViH",
                "BNf3S",
                "}Wg2",
                "Skr#",
                "aD4%",
                "u@t=",
                "+SU/T",
                "a4>[",
                ";]|D",
                "1YJU",
                "7y:7\"",
                "3F\\~",
                "Uud*V9'",
                "5+l=",
                "fno.q",
                ">P]}Q",
                "Isq-<X",
                ">}Hi",
                "i*D}",
                "I{O^",
                "Ta^{",
                "kU~C",
                "1B+s",
                ".qU&o",
                "')h<",
                "jn<2:",
                "`uIM",
                "B^5l",
                ";<p`5[",
                "C,6!T",
                "Nr{m",
                "*#oB",
                "*I}0",
                "&XJs",
                "7r#>g",
                "=]LS",
                "6~gd",
                "tYV9ExP",
                "[<1D",
                "nPyp",
                ";1V4",
                "L~sY",
                "ze:hW",
                "K:g2",
                "Br_2e",
                "m\"S}N",
                "@%hd",
                "Z$5Ki",
                "'Ps./",
                ".c65",
                "(;2m!",
                " ,k@",
                ".^p4yo",
                "!211",
                "COpS",
                "-r]-",
                "kx`O",
                "HU%wl",
                "}jP)<",
                "tX?+1\"",
                "ewDQ",
                "@irZ",
                "[z$%",
                "#PRb2",
                "nru*",
                "-bA.m",
                "sLVn",
                "f}f3",
                "q]=:",
                "9x+3<",
                "H,-lzO",
                "Zq? +]",
                "EM3x!G",
                "HZ}Jk",
                "8d55",
                "sl^<BS",
                "3P2gu",
                "x:D^",
                "af7w",
                "A02X%p_",
                "eI5We",
                "G!{{s",
                "=UjE=",
                "\"RD^",
                "/XL,",
                "|F0m!",
                "=m]&",
                "(9AW",
                "rj6L",
                "gb'g ",
                "*AY.",
                "1N&M",
                "\\2e`",
                "_).,",
                "z;H5 E",
                "o+jK|",
                "?j~r",
                "%^!%",
                "akmP{",
                "XFr=",
                "+\"Dh",
                "XUQ8%",
                "oK'8YB",
                "Pe6.",
                "GH_fP",
                "j.aF",
                "n;*u",
                "G/2kF",
                "M^cO",
                "WJ{ ",
                "ta\\vaBN5",
                "WVzU",
                "D5&B",
                "31d9",
                "L$is",
                "7S>R",
                "d&Rn",
                "~vX6",
                ")s=Nk",
                "zcL`",
                "DC0$pH",
                "F5yj",
                "bO~5<",
                "B;YQ",
                "R^p:",
                "ucRau\"",
                "os=v",
                "!0K ",
                "t58Uw\"",
                "T=eP&",
                "y5)KF",
                "(|<B",
                "M|2X@",
                "/a*Fog",
                ")sAMT",
                ";_rs",
                "ak}b",
                "!'og",
                "U^U|",
                "h<0KHvv",
                "JXCU4",
                "~|6;",
                "?K?b6",
                "9.R1B1j",
                "#1RU",
                "{`mq",
                "}LCLY",
                ">2u\"-",
                "1bx.",
                "pjUa",
                "GK5k",
                "M3&qFA",
                "jf^g",
                "73CnlT",
                "ud_Q9",
                "KL8s",
                ".,[YV",
                "c;=|DU",
                " 99N",
                "\"^u~E#@",
                "Y)1u",
                "$Z2}i",
                "&Qm}",
                "}RH^",
                "`J;t)&",
                ",cFwP",
                "ew\\^<",
                "/aVi;",
                "d}zF",
                "V %M",
                "alhSS",
                "/<Hh",
                "v=3w",
                "6K38Dp,C",
                "DE1gi8",
                "&?6k",
                "yMO3",
                "4 $wu",
                "UfLh",
                "3KMe",
                "7ZX]",
                "Fe2~g|",
                "&]mR",
                "~@o2",
                "}))D",
                "-#a7",
                "vgQ,",
                "S@9fJ",
                "wNoG",
                "v~>y7",
                "1;Z69",
                "^.a\"",
                "F[O;",
                "!;f]",
                "FL&x",
                "84.o",
                ">UCb",
                "ui'v",
                "ZI%T",
                "a%Jc&",
                "Q\"N4",
                "JD7.",
                "j&Xm",
                "9G&OU",
                "[x%X",
                "ZFgR",
                "Jq$o",
                "FGYr!8",
                ";twj",
                "%EqP_",
                "4$##r",
                "cb`K0",
                "i!?;\"4{",
                "QQ9l",
                "s*AjD*",
                "Ndy<f",
                "g:A,",
                "(1@y",
                "R\"GSq",
                "(/RB",
                ":.X>WH`",
                "nX~5",
                "[m\"Z0",
                "zm'yH?i*",
                "LH?%",
                "]ry9",
                "u\\3Y",
                "!x6ExG'5PF",
                "noBQ",
                "]I&]^>",
                "Y>K#",
                "z{Ohp",
                "o{wn",
                "bSMI",
                ">DXi",
                "BLqg",
                "z`3/0,U=D",
                "KP%9",
                "ybfNK",
                "tQ$<bE",
                "F!Oj,",
                ",RPP;",
                "cP6u",
                "Vp1Q",
                "2HzB",
                "y5B*)t{",
                "SXniK",
                "k*+`",
                "S_=k",
                "0v&L]",
                "lv2r",
                "K;S6",
                "N*I6",
                "Q8_UL",
                "d/i3",
                "(z2`",
                "8RiA",
                "5cZ)*",
                "cfqq",
                "j4=]",
                "r-~~N7|>",
                "7YCY{:W",
                "b>1~",
                "_iRt",
                "<zal",
                "zEd3",
                "h:&9",
                "IClG",
                ":HUGA",
                "3rG %",
                "P+Za",
                "#G;hl4l8t",
                "v<ML!",
                ")JQ6",
                "8QW$c",
                "(:mz",
                "3cg/",
                "qrL}",
                "p?wZ",
                "7UfB",
                "\"f0\"'u",
                "iI.NB",
                "2H\"R",
                "*0j^",
                "-%&0",
                "Lp\"B",
                "]T9#l",
                "k`}A",
                "~qt}",
                "h\"]n",
                "uI{d;s",
                "&C>J",
                "2pue",
                "PN|e7",
                "wNG6",
                "8NK(",
                "7Y]AF",
                "-lF)",
                "0YnZ",
                "6-\\t",
                "8T@j",
                "i-Qn",
                "VvT3",
                "_Ex8Q>",
                "^73@T",
                "%~1<R",
                "jvt*",
                "Wdvh",
                "Jrlk",
                "nh]V",
                "nke!7",
                "iS9_",
                "th]l0\\",
                "`wE++",
                "\\TrM",
                "lsg:I",
                "2DT}",
                "jT*M",
                "MM;M",
                "veD1",
                "0b62o",
                "_hgP",
                "\"u\".",
                "DWqw",
                "F<?r",
                "q8l8",
                "&i,3",
                "6CyK",
                "?'KK~",
                "$XX}\"5",
                "1U=VS",
                "0%t,",
                "#9[^k",
                "0QDd",
                "b8ox",
                "$*P.",
                "~_7Y7",
                "i0_jB",
                "uyci\"",
                " (?I",
                "eaNKX",
                "(PoA",
                "1?|!",
                "]KYZAd",
                "SAp5",
                "2`FPu[",
                "m&-8",
                "TW!D",
                "`+9P",
                "yB/'",
                "b6Ys",
                ":mec",
                "7_gRLB{1;*",
                "6}V;D",
                "e4VL",
                "7p53",
                "($r>",
                "&]-c6",
                "&*EA",
                "v,y;]",
                "uUVY}",
                "2#bi",
                "3 GwpR",
                "wV29",
                "$GtG",
                "bJO2",
                "A<KG",
                "T\\[e",
                "x'ef",
                "B0Ml",
                "$hx4",
                "$Rq ",
                "qBiA2",
                "Acz_",
                "B`8w",
                "h*\\X'z",
                "26czZ",
                "N:T_",
                "m693",
                "qVBW",
                "4tG:p",
                "G|RUe",
                "TARZ",
                "kT\\D",
                "\\*9;qT",
                "R`W<",
                "(B8E",
                "<6^L",
                "KlwL! ",
                "Vl(A",
                "~50O",
                "$-$?",
                "L=UK",
                "q(Otm",
                "Xew<",
                "ACuT",
                "y5VXb",
                "h!A<}M",
                "1YT=u",
                "L/#&-",
                "P#O.",
                "0E8#3",
                "D\"p[",
                "vZl(",
                "/ts9",
                "?SF-",
                "|A5r",
                "\"|lI/",
                "~`2Q",
                "{tTN",
                "t5$m(",
                "utSJ",
                "bw_qY",
                "=MK/",
                "]'R.]",
                "oPB`",
                "7FO\"",
                "(<7Z",
                "Qvzh",
                "wD3,",
                "/S(^",
                "M_M1",
                "@j{?",
                "k[[+Q{",
                ".W#/",
                "0ER4",
                "vi`8F",
                "RC\";y",
                "Dp.~",
                "EX(U*",
                "~tWi",
                "1TV%",
                "O9CI",
                "`40 v",
                ":|Rx",
                "UmF;",
                "lv1]",
                ")e&$A",
                ":+|ylz",
                "UUWT",
                "pT=F",
                ">Id$^c",
                "PfC$",
                "$T5VP",
                "icLd",
                "BEef",
                "F|%^",
                "}a8n",
                "SC1(",
                "o6BjKP",
                "ddnr?",
                "w\\>Z'",
                "5Ml*",
                "aa&|",
                "bB;#",
                "G9vy",
                "k19dQu<",
                "AmEU*",
                "7bd!",
                "Qa'C",
                "7z;_",
                "0vcm",
                "n|`BE",
                "&L2{",
                "_42.",
                "bV%%",
                "nTI ",
                "(/C'",
                "EkZec",
                "t]@k",
                "tZy<4",
                "{hB>D)",
                "fTX'",
                "h.ws,",
                "cb;!",
                "TIHwS",
                "mQ<%",
                "ggD<A",
                "-Rboo",
                "rH9,",
                "o[<{",
                "d^`X",
                ";I]hd)",
                ".eU-",
                "l?k<",
                ",hJV",
                "/~&qj\\",
                "G\"Y}",
                "RB4[",
                "QEQ^",
                "2cXg",
                "eQ\\V",
                "U5*$QR9",
                "A%$h",
                " z&v~",
                "*n[q",
                "S(9/",
                "D`\"C",
                "5G^lT",
                "`+`6",
                "[0FX",
                "-oD.W",
                "iLS_",
                "n@GK",
                ">drf",
                "$L$n",
                "(#5A",
                ".!cg",
                "z?Ec",
                "H.pUR|",
                "Slc?",
                "0k?nt",
                "d.yo&",
                "u)#^",
                "6hoa",
                "Upt=",
                "^EJ]N]",
                "Y1'*",
                "qysHS",
                "P92&",
                "k0Iy",
                "&!n$",
                "FBP7s",
                "_YOt",
                "eEbAl",
                ")/S ",
                "f!.J",
                "9&VK",
                "D`sAPc",
                "=@gP",
                "YGZ$d",
                "kQt4",
                "@PC/",
                "[CXz",
                "c/mc",
                "..o5lW",
                "Cp|1",
                "dHB8n8",
                "[TzO?",
                "lf=u",
                "?qac",
                "X{&=",
                "_[*@",
                "f\"CSb",
                "- ww",
                "#\\7]J",
                "G%8.",
                "O:9v",
                "zGw^",
                "7t ~Hm",
                "7aWT;\\Tn",
                "/.j8",
                "T=QeR",
                "[<tcpF/",
                "cYO[",
                "Ll^G",
                "xMBac",
                "*<7rv8",
                "9if1\"",
                "IuL}",
                "~\"~@",
                "J!.-",
                ";$xm",
                "Zi$P",
                "?X~U",
                ")A0.w`",
                "orzXc",
                "h9vQ",
                "_YS3",
                "r0>q",
                "0NBo9u",
                "Bu-|",
                "(`uF",
                "BV{k",
                "\"4v&+",
                ":Zz#",
                "Wyd~",
                "9jmUpk",
                "YY2K",
                "<;FO",
                "U\\%u",
                "m~ey%",
                "%o||",
                "O?M`",
                "|`mJ",
                "1heE5",
                "GX~d,R",
                "I!b+g",
                "#?o9",
                "c/PZz",
                "^;dy",
                "s2Dl",
                "!hm\\",
                "sY>t+P",
                "q![-",
                "|b`c",
                "0MB-",
                "%N~t",
                "A0pm",
                "Zuyn",
                "IKJQ%",
                "#BCn",
                "^F:5",
                "AQ|j",
                "ki$o",
                "dHyO",
                "7*>^",
                "h,Fwsbz6G%Qf",
                "vQkf",
                "PNO8p9",
                "wG@N|g",
                "4bl\\/8v",
                "NF79[m",
                "X?lnQ",
                "\"0R.4q",
                "j9NS",
                "V>d7n",
                ";`&D",
                "q(L%0mr`",
                "H?%S",
                "E=2<",
                "bsNU",
                "Mu]HC6",
                "cu>u",
                "2,l_",
                "/ ON",
                "tL8:",
                "c$cs",
                "M\"2,K",
                "N!TG",
                "qrax2",
                "\\@8:",
                "* C~",
                "J&sw",
                "Enva",
                "e#m4`6",
                "V366F",
                "_.[W_,",
                "=q\\1",
                "6U%V",
                "s0Bjnz",
                "LG*Yc",
                "UNy~",
                "-1IT",
                "`R4u",
                "L/1c",
                "/Jb#z",
                "K-Q(M&",
                "l?Sh",
                "eYX+",
                "fx$v",
                "(ApT",
                "Wo|]U",
                "wJV`)'",
                "H]M{",
                "`}Xcr",
                "~ VH",
                "\\wYn{m!",
                "ee-j$^4",
                "(@x2n",
                "Eg_)/",
                "/Bj\"",
                "z$ F%",
                "X;@t+f",
                "sUi2NaI",
                "L3-\"",
                ":z4`W",
                "nUSC",
                "`/-A",
                "pZW@",
                ".cWD",
                "X_3aZJ^T",
                "S4{r",
                "!|{j",
                "0b#|CT",
                ".^NQ",
                "@:e-w",
                "G@Dr!",
                "9=6J",
                "Vq:95-\"",
                "W5D$",
                "-~t(",
                "/K6V|",
                "n)j)",
                "4JG>",
                "Wfl7p",
                "/@J+",
                "cT!9",
                "-F3y",
                ">xz'",
                "Uf.N",
                "_q^'",
                "Am=<",
                "!pPb",
                "n#X+|W",
                "UM.n",
                "d'S$t",
                "m%,8",
                "o~s>",
                "]=W'",
                "W/7b",
                "[3I<&",
                "^d \\",
                "tTKsp",
                "LaBP!&",
                "WQ'2",
                "c/Jd",
                "hv(*",
                "kn\\r}",
                "]2:F~",
                "1583",
                "k\"4+<",
                ")DkA|",
                "x\\h2I",
                "Zo0&6",
                "ow%`^",
                "]Wp_",
                "CE/U",
                ".x[<",
                "at2n",
                ">cPv",
                "iGsS",
                "!_\"R",
                "Bvrt",
                "%5&IoA",
                "\"~?,($I",
                "B \\'!",
                "+jAXR",
                "fPaR",
                "^K-DS",
                "Sq=+n",
                "X o*",
                "oQ/7",
                "0ndw",
                "b>YY",
                "'ejC",
                "U!:8",
                "AwPE9G",
                "o)w`9",
                "7?d#Ne",
                "CcNBP",
                "_/RD",
                "|Ssd",
                "sRQK",
                "24~m",
                "p5)G",
                "X=BQ",
                "|()BX",
                "HYqZ*x",
                "K*tv",
                "\"7IP",
                ".CeRo",
                "=Wa=u",
                "{PxT",
                "+Yqg",
                "{T/v",
                ">OV2",
                "(UCN`e2",
                "U\\eQ&",
                "O.uH:",
                "'4:q",
                "KJIH",
                "s~bjB",
                "^{G$",
                "Q+hJ/<-R#",
                "2lVW",
                "XlLD",
                "'4W%",
                "aM2v",
                "G\\GaE-",
                "4mPa",
                "j:U:",
                "yBGuG&",
                "++Su",
                "6H,87",
                "[Q{h^",
                "GggG",
                "P[a8a",
                "#srK;K",
                "W/1N=",
                "U%=Pd",
                "+VuF",
                ")P7@",
                "D'&{",
                "|BA.",
                "U?&'",
                "],v\"",
                "&Obi",
                "=Av ",
                "dJ<e",
                ",7D@8i",
                "WKth=",
                "^b^z<",
                "AxV|<t",
                "Ef-*",
                "nbd%",
                "mD)n",
                "x\\`e",
                "\"M!)pe",
                "6b?'",
                ";D$(",
                "|B;I",
                "D`;?",
                "r'4?",
                "k.b(",
                "yHLW",
                "!JEfU",
                "U7c\"",
                "8\\B)",
                "^Rb1",
                "e_e|d",
                "\\f(-",
                "'AYp",
                "!sOy",
                "02C$",
                "r\\%%/",
                "lzq+@",
                "*:Et",
                "~t<nH",
                "@\"' ",
                "|2q^0",
                "G5 f",
                "vy]x8",
                "R%`L",
                "-}Z3",
                "|yQ:",
                "OQ^y",
                "\":f|| ",
                "f78x",
                "!/fj",
                "b3Vp",
                "\"]AWf",
                "w9x2",
                "^z>+",
                "XK3s",
                "xU`%",
                "oc[,[",
                "Mqik{iv",
                "CZb$",
                "7|&E",
                "TtxzP\"k",
                "=R~L",
                "V)X@",
                "EaX7",
                "\\\"oG",
                "'q%%",
                "pGaK,",
                "?f:5",
                "%:_Z",
                "[qmO",
                "B^}KC5",
                "5ivm/",
                ".W(r1A<",
                "]n;c",
                "Fb-%",
                "c2#QF",
                "A<LW",
                "}r>I2",
                "4UMs ",
                "`z.0",
                "C#J9",
                "!zp[",
                "g<FA",
                "QEt}",
                "kVC(Av",
                "0:,HaT@~f",
                "kp~'",
                "[m:@",
                "ih]$",
                ":bU'",
                ",<Y^7",
                "Ftae",
                "Ngg:d",
                "nO$B}",
                "]^v)",
                "-5Lhv)t",
                "9k\"p0?",
                "#e_k",
                "e&(}",
                "4\\d1",
                "hYORa",
                "]aJi",
                "g3'=r",
                "G~$x",
                "uB+f",
                "Jo:{",
                "eBcX",
                "Y'k;Y",
                "u/yD",
                "tAT\"",
                "J3TxR0",
                "eT&t[",
                "~+)}",
                "s-t+",
                ")WH?",
                "wt73",
                "c`dqpx",
                "_)8P",
                ":h]K",
                "9;Ff.",
                "Kzu~/",
                "W0Ca",
                "wZoc/",
                "EO(.",
                "A?H(",
                "_=t4m",
                "F,#?",
                "5zY(",
                "Si#6",
                "8#C!|",
                "G>cfD",
                ":}i^",
                "-K9'M",
                "gI?j",
                ".hKh",
                "@K(K",
                "V&eo",
                "^4zv",
                "RYa.",
                "x,TKT{",
                "e*`vs;",
                "(h:$",
                "as0&",
                "$q!*",
                "lDw@",
                "'}R*",
                "+^PG",
                ",3sk0KX",
                "4b>D",
                "JazGd",
                "v|1.",
                "&miiU",
                "}q{C",
                "-pN(",
                "M\"uj2",
                "%UGof",
                "W|#P",
                "E5g|",
                "}5>W",
                "v?W.\"",
                "QVEIr~zG",
                "%T!zF~i",
                "8qQi",
                "={3S",
                "-=AN",
                "vJmM",
                "y%x=Z'E=",
                "N\\1U",
                ";sq_",
                "rrH=",
                "'w>K",
                "IOk*8",
                "\\SnofM",
                ":RSnTH",
                "nb0&W",
                "`41*h",
                "U'\"{a<",
                "1fAp",
                "AR\"(",
                "J]mh",
                "fo%.\\",
                "NY3_",
                "sT:{",
                "t]$d",
                ">z*#HQ",
                "bF+>?",
                "*tvEj$=",
                "fp/}",
                "&OuptV",
                "@F;f(",
                "M^Jj",
                "66S(",
                "}{4%",
                "O/[z",
                "s&gh",
                "oD/j*",
                "/&z ",
                "J<F{",
                "}a7t",
                "1FH:",
                "?G#,",
                "jB`a",
                "8zo_",
                "s6lw",
                "O^w9",
                "p]-`",
                "tz,`",
                "3&Y\"",
                "9gNn",
                "-KAH,",
                "+A4-",
                "%JVZ)J",
                "UX|n?nv",
                "#nLi",
                "u!04",
                "ANlz<",
                "0}4H",
                "RoF*",
                "xIS>",
                "O:^Vl",
                "o%<$",
                "+5=Z",
                "'PSG",
                "iWy+G",
                "Lyc'Zy{3",
                "G1v9",
                "/fod",
                "QB>C",
                "D)bn",
                "EOz'",
                "kpg=K\\",
                "iD;T",
                "(rP!",
                "A4{{A9",
                "qA`N",
                "2o/)N",
                "=@W3Yf",
                "] bz\"",
                "qHmF1",
                "9F>|C",
                "E][eZ",
                "'\\,<.",
                "TTT.",
                "2bS%k2t",
                "v^!\\",
                "w]i1JK",
                "yX,L",
                "XhMho",
                "~CF3j",
                "#F=x",
                "<uJx~^",
                "u1'n",
                "?/\"S",
                "}+,b",
                "z5Ny",
                "XbxR",
                "\" !+-",
                "'tO'l9^",
                "#aNr",
                "l~c;",
                " (k]",
                "Zu$?\"",
                "-'9|",
                "%M*I",
                "!=Ww87",
                "DPj5",
                "*Lji",
                "f@i3b",
                "mIPe",
                "|es*",
                "p!1;!y,u",
                "+m`,}E_",
                "suNBe6",
                "JG4}J",
                "16pS",
                "i<1O",
                "nDS]",
                "r*bPC",
                "Q[_g",
                "-,V;0",
                "Q}0d",
                "S#D7RLz",
                "6v}f;",
                "! ?2Z&<",
                "&CY_",
                "Kg9eb",
                "5Tm(Ng",
                "ncvu",
                "^T'q",
                "]%&?",
                "8g?n",
                "4m5 ",
                "6&mK",
                "A:#W",
                "v>fv",
                "1FL2",
                "B7O{",
                "vz9}",
                "i@im",
                "Je2{",
                "u&zE",
                "*<O`",
                "hG=D",
                "&954",
                "q8'o5",
                "Xyt)",
                "?c,9%&4e",
                "e9hy",
                "I;Ir",
                "6\\o]",
                "1nB\\",
                "?^4BE",
                "*OZK",
                "s6LT",
                "h/{ke",
                "yr(ta",
                "$,88",
                "R8co@#",
                "<^\"Q",
                "sg<'O2_c0",
                "p1cX",
                "tDBo",
                "z| 2",
                "mH3z;",
                "(2c5",
                "!g-6",
                "dd4q",
                "&9#9",
                "R-I$",
                "xYpK",
                "2<nm]Y",
                "B@7.",
                "3Lvv",
                "'W*Yz",
                "{F3n",
                "-[E:}kvw",
                "t]@F",
                "b6qJX",
                "Y},[",
                "Z&*]",
                "4yX3",
                "{L+8o",
                "wp7D~",
                "?M(`",
                "3`Y@",
                "/iHpW",
                "Q6k}p",
                "jx+D",
                "oanar",
                "$<~Is",
                "/e&H",
                "jmI{<",
                "-baO)",
                "lJPe",
                "TPWu",
                "a%?b",
                "8IA]",
                "@y8L",
                "#V;`m",
                "rq`6(c",
                "Co2h",
                "E!}:6)#",
                "E[~?",
                "xwI5u",
                "@^iuW",
                "1N.I",
                "Fv`8",
                "yt0#",
                ")>wR",
                "+!d+",
                "bw T",
                "LCSO",
                "H uAV",
                "EFJ-%",
                "ei}F",
                "yODqd",
                "!ieX",
                "Q%jQK",
                "u<bFJ",
                "9HE0",
                "z%N(",
                "xl/ 6vA",
                "Q>1h",
                "@(Iiqx4",
                "/5!@X",
                "S/6k9",
                "Hwnj",
                "L4&@",
                ".O&p",
                "F^M8",
                "j)1/Bh",
                "Xd-c,",
                "D??i",
                "ykSF",
                "b_yZI[Ox",
                "h_x\\8 ",
                "b)>}8{",
                "]t7o",
                ")Vdx",
                "?tsz",
                " 7<OH",
                "Yzz+/9",
                "tYEm",
                "aFyll",
                "U=j]",
                "6nlA",
                "*g{f",
                ";UCr",
                "H1e?",
                "pPa4",
                "?JMJ",
                "zj2T",
                "|*!Y",
                "C.CD",
                "Ud}d",
                "\"7v)",
                "f4|0",
                "TEX]S",
                "69r_",
                "K\"^ q",
                "\\zG^",
                "'fLx",
                "V1ML",
                "$%d)bbrI3B",
                "?|O^",
                "'e9IR",
                ")jH<",
                "rl,?",
                "U;)w",
                "-q~#",
                "eV@q",
                ")YE9",
                "u40q",
                "7)=.",
                "5] ,",
                "e$P*2",
                "3Bh8t",
                "<ebL",
                " \\r:?",
                "yA &",
                "]o!8|",
                " It3",
                "&db^",
                "_@?^",
                "kI*[q]",
                "A-1js",
                "'z[]]",
                "(T*\\",
                "S.$E",
                "zuD/",
                "38pC",
                "5+HP",
                "5~Lp'o]",
                "lSml",
                "+\\&G",
                "g.c>",
                "\\\"B{",
                "@m@sY",
                "2yL'8",
                "pv {",
                "\"YDL",
                "r{#P",
                "@To)z/",
                "yGTT",
                "5:OI",
                "G2@f9zw,",
                "nQyo",
                "B,c)",
                "\"O>)Z",
                "((xQ",
                "Y!T\\",
                "Q!L>~",
                "g'Z=",
                "Scj*",
                "PeVK",
                "$]!D",
                "pM_B",
                "7.z@",
                "HZ=W",
                "%uKgB",
                "\\'%@D",
                "QI{S",
                "+a[Hf",
                "MU~o",
                ";TN6`",
                "b<=;",
                "dd-'(g2",
                "V'O=G==",
                "l4zi",
                "}iDd",
                "y!`.|",
                ">1]/",
                "UJM,O",
                "*]yZ7",
                "!?lq",
                "`Ybe",
                "`YSM",
                "\\!S ",
                ",euo0C",
                "w*B2",
                "z2w%",
                "d\"^$",
                "Pu, ",
                "wXGv",
                "W&kE",
                "2x?z",
                " lY2",
                "2y2p",
                "^OvBV",
                "Z88&",
                "v.on5!",
                "]IJoB\\",
                "&QAB~",
                "V<~l",
                "Bd#HHHL2+",
                "/o6Y9`",
                "G\\Fn",
                "\"wA+Wte",
                "$:oq",
                "~yzS",
                "qG8-",
                "f+b-",
                "0;I{GOUB",
                "K\"kz",
                "d[IV",
                "`mL6",
                "$9E}",
                "MTr@c",
                "5lvc3",
                ",q*v",
                "~NKm",
                "6}9K",
                "=](,",
                ">0<{",
                "^yS8",
                ">zk,",
                "@Br@A",
                "JA*q",
                "M2je",
                "R1+q",
                "Y\\1V3",
                "kXMFs",
                "MVGhH!O",
                "kZ:[",
                "Uo'V",
                "_tJ>>",
                "1dt3`",
                "eIgU0",
                ";^qS",
                "xm;zi",
                "-okw",
                "B9E.",
                "d>dh",
                "Zi;fR;",
                "trLj,j",
                "`V[-/",
                "`@C09T",
                "~Kz8",
                "e7n'",
                "cz[8",
                "Kvb;",
                "Wz-f",
                "_9SE",
                "2+4:b",
                "_&8S",
                "qEmOK{",
                "Gk&J",
                "Bhg+2 $2",
                "_h+\\",
                "y?O102",
                "~HvL)",
                "4*hM",
                "8W)u",
                "3W9g1hD",
                "-Tk`",
                "9Kw[N",
                "EMAfR",
                "bBr9",
                "/\\uL",
                "N4{BK",
                "%QnP4",
                "u(O(",
                "3v=Fz",
                "DT++",
                "J>R7",
                "s~]Y[%",
                "OQ!DH",
                ".3+lz",
                "Pvy[",
                "dYZ^",
                "l%9K",
                "&h#m",
                "0[b^=",
                "1L!T=9",
                "(!'U",
                "rLXk",
                "sPNf",
                "E#<pco",
                "3UDTN",
                "HW1A",
                "w:;ZP",
                "Yfwr",
                "S5R<",
                "|z1MXO",
                "N/aNT",
                "%q_0",
                "Bg\"6",
                "hQ]'",
                "hvbM",
                "nqUg",
                "QGg$",
                "7Hdi",
                "JN;L(R",
                "VcMz",
                "di?F",
                "=SE]",
                "k?V-",
                "uCz-",
                "R\"U{",
                "cttK",
                "|X1H",
                "Q_4^",
                "`IY_",
                "ZVIdk%C",
                ")s6!",
                "bZQQ",
                "&jf?",
                "qV8J",
                "~C7X",
                "-BRP",
                "5:shH",
                "JyS(",
                "1+|t:",
                "[IZ/",
                "S*Vm",
                "l$djZX",
                "1p|OXsJ",
                "6g%1O",
                "o;j|D",
                "Fn_\\",
                "nW}N",
                "l[!mI",
                "8{d>",
                "]7+M",
                "?=0.s",
                "s/1{)aQ",
                "]aFSg",
                "Vxpx",
                "-E\"k",
                "P}wx,3E",
                "a]0j",
                "~f5(8",
                "W`AnLq~",
                "QZ^&",
                "Rfhn M",
                "X0 0",
                "RSDSb2",
                "History.pdb",
                "_CorExeMain",
                "mscoree.dll",
                "<?xml version=\"1.0\" encoding=\"UTF-8\" standalone=\"yes\"?>",
                "<assembly xmlns=\"urn:schemas-microsoft-com:asm.v1\" manifestVersion=\"1.0\">",
                "  <assemblyIdentity version=\"1.0.0.0\" name=\"MyApplication.app\"/>",
                "  <trustInfo xmlns=\"urn:schemas-microsoft-com:asm.v2\">",
                "    <security>",
                "      <requestedPrivileges xmlns=\"urn:schemas-microsoft-com:asm.v3\">",
                "        <requestedExecutionLevel level=\"asInvoker\" uiAccess=\"false\"/>",
                "      </requestedPrivileges>",
                "    </security>",
                "  </trustInfo>",
                "</assembly>",
                "\\vMkZqMnfRcmModLjLmL\\CRNSbhZbXWk@ywa^dKoWYi\\bfBV_A[_EMWXdzXsHnKNurmNrBhEAypCTpfg_Ruawsfna^x_LSfcN[aktn^\\SU]GWTCnSlS",
                "System.Core, Version=3.5.0.0, Culture=neutral, PublicKeyToken=b77a5c561934e089",
                "System.Security.Cryptography.AesCryptoServiceProvider",
                "System.Core, Version=4.0.0.0, Culture=neutral, PublicKeyToken=b77a5c561934e089",
                "{11111-22222-10009-11112}",
                "Debugger Detected",
                "{11111-22222-50001-00000}",
                "file:///",
                "Location",
                "Find ",
                "ResourceA",
                "Virtual ",
                "Alloc",
                "Write ",
                "Process ",
                "Memory",
                "Protect",
                "Open ",
                "Process",
                "Close ",
                "Handle",
                "kernel ",
                "32.dll",
                "{11111-22222-20001-00001}",
                "{11111-22222-20001-00002}",
                "{11111-22222-30001-00001}",
                "{11111-22222-30001-00002}",
                "{11111-22222-40001-00001}",
                "{11111-22222-40001-00002}",
                "{11111-22222-50001-00001}",
                "{11111-22222-50001-00002}",
                "$this.SnapToGrid",
                "$this.TrayLargeIcon",
                "$this.Icon",
                "$this.Locked",
                "$this.DrawGrid",
                "progressBar1.Modifiers",
                "$this.Localizable",
                "$this.Language",
                "$this.GridSize",
                "$this.TrayHeight",
                "progressBar1.Locked",
                "VS_VERSION_INFO",
                "VarFileInfo",
                "Translation",
                "StringFileInfo",
                "000004b0",
                "Comments",
                "CompanyName",
                "FileDescription",
                "FileVersion",
                "InternalName",
                "LegalCopyright",
                "OriginalFilename",
                "ProductName",
                "ProductVersion",
                "Assembly Version"
            ]
        }
    ]
}