{
    "malware_data": [
        {
            "filename": "f58e57d1015834305e61c7f021794c682ee9174bb3ad6eb189620811fea975a8.exe",
            "filetype": "4D5A8000",
            "filesize": "33KB",
            "hash_sha256": "f58e57d1015834305e61c7f021794c682ee9174bb3ad6eb189620811fea975a8",
            "strings": [
                "!This program cannot be run in DOS mode.",
                ".text",
                "6KZY",
                "!tp{?",
                "leVzE_",
                "g5jN",
                "x-uV_",
                "USVW",
                "mRmO",
                "_^[]",
                "`SVW",
                "!lHi",
                ">sH^",
                "(ZjNY",
                "dqGjvY",
                "F}jRk",
                "<SVW",
                "?pXmh",
                "ND>h",
                "dRjh",
                "n(xo",
                "(u^p,",
                "X!usd,",
                "@(wTdP",
                "HSMD9",
                "cCP?",
                "}h~-",
                "E|0eg",
                ";0.2",
                "2$L:",
                "T7H,",
                "W~\"`",
                ";(^p",
                "%\\?7",
                "(+83-",
                "tg[+$",
                "W<Hq",
                "YPVf",
                "DfhL",
                "i\\\"P",
                "t|[1$",
                ")9p9",
                ">|S7A",
                "`uRpS>nyc",
                "5tuJX",
                " U:y",
                "R[+}",
                "Il-d",
                "ri9{",
                "+84%4",
                "BR>W",
                "wDdlM",
                "UCqU0",
                "bR:u",
                "JR!$",
                "w8T;",
                "1|qA7w\\",
                "YV:sb",
                ",Z*c[Z",
                "CAL#+",
                ".Z*u ",
                "y~p0",
                "_DRd",
                "7sXA",
                ",H`sLdd",
                "wtdP",
                "c1d[8",
                "g0s\\",
                "g4@ }",
                "y!@E",
                ":Ip}",
                "go]O!",
                "mHw^",
                "LtM@\\",
                "H}tdt",
                "iS@[",
                "v&1?",
                "56mPq",
                "|O<1",
                "5Eut",
                "n'*k",
                "&jk<x#",
                "-3 #a",
                "N!el",
                "(tu0",
                "YH0#",
                "[!!9",
                "SOw,!",
                "{\\v!",
                "oHE@1",
                "p~EG",
                "A6iJ",
                "GZj0",
                "<X)2/",
                "<W 37",
                "$qOJ{",
                "fsDc",
                "jqPu",
                "TJTZ",
                "TW1\"",
                "0~sf",
                "+sFB",
                "DbyWy",
                "\\^}P",
                "%}FF",
                "<m]{3m",
                "5J\"P&t",
                "up5{]",
                "^*+r",
                "]fp'B",
                "9sXf",
                "u9W(",
                "@c0II",
                ".ica",
                ")Y*aG",
                "@Z{x",
                "%{pf",
                "@ugdc=",
                "Dz{/",
                "-_@f",
                "[_Y=m6",
                "/QN>t",
                "0a~0n",
                ":sNF0sK`",
                "~s[A",
                "X(kv",
                "Px85",
                "dYvLDx",
                "5@Roz",
                "4XoH",
                "US7#",
                "bAS%",
                "FjzO",
                "p/b+",
                "~1H2v",
                "nMbD+",
                ">sJA",
                "!hyo",
                "X8-=",
                "17\\z4",
                "28^vWG",
                "0`iP",
                "0OZ`Mb",
                "uWb6/",
                ",XoI",
                "Fa8^",
                "=huzTc@q",
                "b^QbQ,",
                "du>C",
                "ozuL",
                "ViIRi",
                "`Wcy",
                "azub",
                "@qPF",
                "I]FB",
                "p.<Xq3",
                ",H(}",
                "h(uDdP",
                "HB1A",
                "DEQT",
                " (@KC",
                " !QZ",
                ",((}",
                "X4o4z",
                ",= '",
                "sz<T",
                "h(2V",
                "n`YjUo",
                "t#frP",
                "e:%sID",
                " &Im",
                "ef3I",
                "%zaa",
                "vgJ7q",
                "!]t ",
                "H9Yjs[Q",
                "Y`CG",
                "~9q'",
                "<(sE",
                "X~0|",
                "5dwM",
                "|Q&!",
                "xX!GzL&",
                "z@a)",
                "~wAa",
                "!sOD}d",
                ">jFE",
                "hYAB",
                "l`LX[",
                "SIFQ0",
                "4! 6",
                "GopE",
                ";ja)",
                "w`^psL",
                "(j9s",
                "g)f%",
                "4nuM",
                "\\5\"K",
                "kG$v|d@u",
                "|Z_J",
                ")sFc(wFB(",
                "FAZ#",
                "H6zFo",
                "pM \"b",
                ",s}R",
                "31tH",
                "\"+G0",
                ")JmJ",
                "8eQD",
                "S7I;",
                "Wi!O",
                "##Pu",
                "PLH{",
                "4PuYD,sIH",
                "M0-u",
                "Ok}o|dVK?@[",
                "_&q__5",
                "iHF#",
                "cl-cS",
                "ySD`",
                "x8#$n",
                "@d*;&wK",
                "4l3D",
                "58sY^OL",
                "M]f^?a",
                "\\Z\")",
                "{*(l",
                "!Q\\{",
                "j}$%!",
                "|\")y",
                "Q({A",
                "\\\"v(",
                " @]9",
                "^oIK",
                "xW`P1",
                "j&O6",
                "JX0u",
                "y[9|R",
                "8Fhd",
                "bGf2x",
                "LG'/",
                ":spA",
                "&5/vq",
                "a86tX-",
                "sKA&",
                "Z>e`",
                "B4uDr)%P",
                "N*#B",
                "0[(FY",
                "u~9Vy`",
                "P6LB9",
                "P6JPt",
                "[-wn$sP",
                "[=wx",
                "D0eP",
                "+^hu",
                "P93X",
                "<O+l",
                "Vn`F1",
                "eMaIZ",
                "y$.B)",
                "ih4!c",
                "pOx_O",
                "pub1"
            ]
        }
    ]
}