{
    "malware_data": [
        {
            "filename": "f7728e0ce434d6b4537af34339b06d742766e574bce6b41a698725e3b9ec7f73.exe",
            "filetype": "4D5A4552",
            "filesize": "242KB",
            "hash_sha256": "f7728e0ce434d6b4537af34339b06d742766e574bce6b41a698725e3b9ec7f73",
            "strings": [
                "MZER",
                "!This program cannot be run in DOS mode.",
                "Rich=`g",
                ".text",
                "SVW3",
                "gfff",
                "_^[]",
                "(SVWj",
                "VUUU",
                "SVWhp",
                "Ph-p",
                "a```",
                " SVW3",
                ";w(r",
                "<tKW",
                "97vC",
                "@=D0",
                "QSVW3",
                "<Ar5<zw1<Zv",
                "<ar)",
                "u3GB;}",
                "J\\e:",
                "yxxx",
                "U#WU",
                "SVWuK",
                "FXv-",
                "^[_]",
                "/vsW&9",
                "-S/_",
                "{$/;",
                "I1{>X",
                "keQLbK ",
                ".ku~\"o",
                " :T;",
                "1EWA}",
                "MVR$",
                "6ww&[",
                "sO:8rE",
                "aZR:",
                "C~)'",
                "oluKw",
                "u%wS",
                "_8ue|",
                "RjWAg",
                "%+Sl",
                "TZ*Z",
                "q5?8y",
                "6hEQk",
                "Z$3R",
                "d-cm",
                "?.\"N",
                "Ek[S",
                "EdEF",
                "bM;<",
                "T0>=",
                "Vw2s",
                ":jT$w",
                "^K<V",
                "kmE,a:",
                "nw%yU",
                "*l:S",
                "g<@H",
                "bqjhT",
                "0KaCj%",
                "Y}Y'k",
                "B*x<",
                "p CY",
                "XM\\%}O",
                "E F{",
                "o.[./",
                "pQ6Qk",
                "fhX7",
                "2n\"z^",
                "\\EJr",
                "5lT/",
                ";v'O*)`",
                "g'+!~",
                "Hz61",
                "J0X)",
                "4K'#7",
                "GLZ|K",
                "lxe&X-8",
                "./+7",
                "?z(*",
                "4$pP*",
                "C4m{h0",
                "_6wZ",
                "rE13",
                "6;|to",
                "L#jO2.+I3",
                "5 :)",
                "H;A^",
                "ASPA",
                "e%Lq",
                "Rw:V",
                "q7;i",
                "ZTVl.",
                "H0qu",
                "_<:M",
                ".N$I",
                "!$Y\\x",
                "sQEf",
                ";TI)",
                "$:$S_",
                "[9,!",
                "\"?:3jE",
                "FUwl",
                "4M<(",
                "9kHy",
                "y%kTTXD",
                "\\C:-ZW",
                "z!MW2N",
                "qI3`",
                " Jm+",
                "`!~99k",
                "Z~?G",
                "m$+r",
                "Sq@5",
                "rnHC",
                "sCGz",
                "/wX@5Mx2",
                "-p+.31",
                "<w{:",
                "r!-oO",
                "4l,$l",
                ".:b;",
                "3s,\"^}FL",
                "9} S",
                ">1}/",
                "nJ&'~Q",
                "rL}i",
                "/DF:<",
                "e#=W",
                ".U5!!",
                "|4Fg",
                "15%R",
                "HCpXRsl",
                "H\"WC",
                "vr$v",
                "+3-:",
                "u~a\"",
                " Z>K5",
                "myIY",
                "[Cvl<",
                "2g4Y",
                "{vh_",
                "kju0",
                "njF:",
                ".|gT",
                "Wcb_J^'}<M",
                "43pF",
                ";%8(",
                "*e+G",
                "a/=8Y",
                ":4rV",
                "jPcJ",
                "PIx7",
                "2S{C",
                "a9f+",
                "+h^X",
                "2zdvh",
                "8`D'L#@",
                "]\\92",
                "3#}i",
                "&SmF0",
                "sbdW",
                "\\`|iG",
                "qm+(a=",
                "`Z1F",
                "+$8e",
                "EmgX",
                "f}dx ",
                "5\"(Z",
                "=4NE-",
                "Jo#P",
                "27xn[7]6",
                "cf/MP^",
                "Dm{U",
                "m>.0(",
                "\\qBj1Ne",
                "2'{;",
                "bL?sf",
                "EQICu",
                "Qn;p",
                "9C\"+6",
                "MPDX",
                "8)ko",
                ")\\K#",
                "?</xm@ ]",
                "'j)h",
                "C5lz",
                "+0U[",
                "'VA8",
                "I>>8",
                "9BKM",
                "&qN|h2",
                "8zb\\",
                "E+5#",
                "T} Z",
                " z/k]",
                "JW=xM",
                "lF5e",
                "a/wP",
                "G=)!",
                ">39@1t",
                "u5.T",
                "ApiU|",
                "6F,f",
                "dP&m",
                "etHI",
                "h)B3+",
                "GqH*",
                "&F/d",
                "Dg_Al",
                "g;rO",
                "a~E8",
                "+YYLt",
                "ZpdT",
                "N~)A",
                "Q,d0",
                "Ml->",
                "U}zG>",
                "o}nb,",
                "$\"{g",
                "te^Q",
                "pHKy",
                "zTUG",
                "\\d9lKq",
                "(w\"gC#_%",
                "~W*l+",
                "E@=@Y",
                "UA:QH",
                "MV!)",
                "T'B`",
                ")89Y",
                "\"n|>4",
                "fKqa",
                "DpQ_Tz",
                ".|c2s",
                "t^$^;",
                "NKeY",
                "nz>C",
                ".{|7",
                "&E~-",
                "1pQc",
                "l)v2M",
                "rF]V",
                "q/pb",
                "i]qM",
                "JLi6;",
                "yLId",
                "sKi%",
                "Gd.o",
                "?&XK",
                "^Z993",
                "\"We=H",
                "[0ny",
                "Z,g]",
                "`5#Y8=",
                "ZD{s",
                "hF5t",
                "l7K1",
                "[uK6",
                "CB3| hA",
                "-[A&",
                "l'/G",
                "{9:*",
                "q/`F",
                "wTpU0",
                "_;f]",
                "w]^@",
                "kCGi",
                "&6|ZD{G!6?",
                "$y4T",
                "`\\Bx&b",
                "(DI/",
                "/kt{",
                "84XB",
                "A0CA",
                " }hM",
                "O'q?",
                ",%#y",
                "Eh),*\\",
                "o^bHDpN",
                "sk}cdqQkF",
                "cSJ:",
                "s(TE^",
                "mn3y",
                "}vSM",
                "4#dK",
                "d@F:",
                "\"bwf",
                "T5\"~",
                "4/ -C",
                "Y\\p(",
                "6Tj%",
                "g/KW1@",
                "!w)Bnk",
                "jM`h_",
                "42T{",
                "dkSN",
                "B#Z}T{",
                "sCi(",
                "&x}ZcE-",
                "qETp",
                "~-La",
                "~1-~",
                "+$n~",
                "//_@)",
                "h['`pa",
                "tz_s/",
                "#%>3Y",
                "mHYe^",
                "},Wu",
                "A|Wk",
                "]s_Ty",
                "Cu zI",
                "U>:,",
                "e35z.v",
                "QhA5",
                "pqp|",
                "eVvn",
                "0v{3",
                "V([~",
                "mOvq",
                "O)FG*",
                "m Z$\"?af",
                "/b6U-lip",
                "MHtk",
                ">R)&",
                "uQT:D,9",
                "St@^",
                "gowH",
                "^B;f)",
                "9`4M",
                "[INB@",
                "hN)&",
                "1l)F~",
                "5J~z",
                "Nk<S",
                "k:P;",
                "J!B`",
                "7}v8s",
                "=.qn",
                "0H~bV-",
                "cQGS",
                "%w/m!U",
                "4q7^",
                "aF!-m",
                "h}6Hi",
                "AtJ!",
                "=INc",
                ".IwI",
                ":k0E",
                "9/FI",
                "^z\\m",
                "n=}2LG",
                "%9ayu",
                "xx}v=>\\\\",
                "}hK)",
                "u GX",
                "AlR5W7",
                "m,%O",
                "nOHJRL6&N",
                "Y !i",
                "u\\F_",
                " J0#",
                "ze_<",
                "I$(JKW",
                "t+_7",
                "SQ.r",
                "(kf3",
                "<FD]r",
                "V/[?2",
                "`M]X",
                "yHox",
                "oM]D",
                "-5;8",
                "2aO7",
                "f,!9[",
                "cXlq",
                "dc_rGL",
                "vx[rt",
                "US  ",
                "MYYm#",
                ";\\M\\U",
                "?.>t",
                "1B/y!8",
                "$:8F(,",
                "URY'j0a1",
                "*yz ",
                "]GHc",
                "+mt1]s3bb[f",
                "rT,i",
                "[%)DV0",
                "nY:7",
                "Z>]u ",
                "K\\$L",
                "wI'Q",
                "jt~2y",
                "=V*K",
                ")?\"f",
                "/%$H",
                "27e6",
                "9zOg",
                "2\\rPT^",
                "i_RM",
                "qv2z",
                "Y-a_",
                "+_py",
                "24=?6",
                "%7U]%d",
                "Vm*F",
                "=)T{",
                "E7E?u`",
                "#[4A",
                "@_M=",
                ",p)/e6",
                "3q6Mx",
                "-Ylp%q`",
                "+zP,",
                "AI1v",
                "BTE5",
                "mrY0",
                "w3DF",
                "qT;)v",
                "zsa6b",
                "FO~.",
                "q_Z$",
                " \\]n&L",
                "'hDI",
                "FYfh",
                "zG\"~",
                "F{_)",
                "_$]3h4",
                "0O-}",
                "/y4*",
                "7=\"J",
                "--:o",
                "MzX91",
                "-)awe",
                "_ieBd",
                "0mjP",
                "Lg`1",
                "|zlM",
                "j&jl_",
                "n9k1",
                ".Jr\\b",
                "nTOQXv",
                ":Hb]",
                "k>_8",
                "?9rg",
                "9/ws",
                "q`NY",
                "I;At",
                "}&Hi",
                "_[7R",
                "}aqb",
                "ip.4",
                "1c(l",
                "#uf'o",
                "uvmN3",
                "Vq|g5&",
                "AJd($",
                "VD':",
                "OWyHpn",
                "D,,'",
                "\"qiR",
                "GjoF",
                "#m-c/",
                "Jhhh",
                "eu,U",
                "]wp5",
                "{;ep",
                "Tx V",
                "x1:L",
                "uQ&L",
                "riJ=",
                "ay+Y.W",
                "(D8#",
                "E[\\fqi",
                "@%Sc",
                "y o~*",
                "' -.B",
                "|:S\"",
                "}Dpp",
                "us8S",
                "3kpf",
                "$*Hr",
                ")#nH",
                "L7+L",
                "{\"mQ`",
                "vH.e",
                "WjjZ",
                ",@-N",
                "LiEZ",
                "z*[r}",
                "A5cj",
                "-HuQ",
                "dV*&I",
                "<~p8",
                "=/E$",
                "P{73",
                "#2<\"",
                "7gI$",
                "_A&<",
                "I)am",
                "lpj]#6i",
                "Sip}",
                ":E,c",
                ";y20",
                "Prz=",
                "W7m^",
                "))G<5x",
                "wn_#",
                "(nC`[",
                "7hD#",
                "ErY^j*",
                "QJTD6",
                ":AQ{",
                "\"%*J",
                ".:bx",
                ".Bef)sokg",
                "sR`B4H",
                "0'-a",
                "Hp;S",
                "\"5~Gy@",
                "f+H}",
                "[ZNR",
                "44O[",
                "uzV<",
                "K6D2U",
                "m']!s",
                "1_Hg",
                "pm6\"",
                "iLFJHH",
                "X}*}",
                "Ar8iGQ",
                "f,3Z",
                "\"t_4",
                "8d~s}",
                "Rg^}/))",
                "F|?0",
                "Vm}` ",
                "W#VR",
                "awx+",
                " W$y/",
                "+V/8",
                "IVjy",
                "\"f^B",
                "yZ:0",
                "{fql<",
                "al1xB",
                "W&@M",
                "Ig8*",
                ";)Gi",
                "]nl;",
                "C!mcH%@@\\",
                "kI+x",
                "Rc%2%v",
                ";+},TC",
                "ITRp",
                "8XPs",
                "`GqKBI-",
                "2Xg3",
                "zlx`N",
                "j[='K",
                "LF~~",
                "nV\\;",
                "v}eg",
                "#V|.3p",
                "Q#-6x",
                "cezc",
                "%y=E",
                "ny2Q",
                "MY0U",
                "?`tf]Fu!Nl:P@$g",
                "^De`",
                "){,HC",
                "}7lWZ",
                "?`dp@>|q",
                ",;rtE",
                "Oboh",
                "L{=X",
                ">a38",
                "fh+cbK",
                "|AI8",
                "wt;^4",
                "rHQ(8",
                "L9\\i",
                "K6;v~`",
                "Ex~P",
                "#7I:",
                "JBLNe",
                "Aq:Vm/",
                "^rg^.",
                "Y;RA",
                "qA$-",
                "k<2E",
                " \"85",
                "2P|S5",
                "2+t]",
                "{d0S",
                "tl+r",
                "#^-E",
                "uFqz",
                " \\EO",
                "gF# ;R!",
                "_+KR",
                "Rd|s",
                "hF;Qi",
                "nnl ",
                "UswY",
                "TBEo",
                "n:fd",
                "@k9x",
                "A _F",
                "JmBt",
                "2tR 8]",
                "V!G&>",
                "'ua*",
                "Y3F)",
                "alz`\"8",
                "\\{^%",
                "FSAzB",
                "pt*2F",
                "PQS@",
                "]+>x<o2b",
                "d^!\"",
                "hZcl",
                "v\\y\"O",
                "4G.f",
                "EE5-",
                "N0-/",
                "zTP-",
                "=Ho-3",
                ")\"B]T7Y",
                "Zh)[5",
                ") el",
                "805pZ",
                ">jr9",
                "fY{T",
                "Wvf(",
                "U=oP",
                "TYET",
                "Lu^[",
                "x:v^",
                "e|cM",
                "/&5u",
                "?}+G",
                "@@bi",
                "5L>_",
                "pjui",
                "O4G9M",
                "6)Lq}G",
                "rVekct",
                "9%Kh",
                ",\"'r",
                "*Yb*",
                "7]*h",
                "n$>p",
                "$i{Y}",
                "^<Jm",
                "WBGh&p",
                "nO\\m",
                "~~\"$",
                "iVLM",
                "w~m[",
                "2d/!z4#",
                ":~Ga",
                "<^XZ",
                "^\";|",
                "!<DP",
                "j]dL",
                ":Gqo8",
                "6$cZ",
                "l +j",
                "#|V&",
                " z:8",
                "5I<(",
                ",r/R",
                "'1n`",
                ":1Rk",
                "Z`9m!/t",
                "<m~1",
                "l*DrV",
                "ee6YwCe",
                "vC@2yM ",
                "O1]Y",
                ">GV7",
                "2}mP",
                "K1L#",
                "jEht",
                "p+1[",
                "qZSa",
                "~R;JrM",
                "'k,X",
                "p(2>L",
                "/~j%",
                "_u&Wm",
                "]):i",
                "{6Ql",
                "&u}e-",
                "ZcY&",
                "5BCH",
                "wG)y$",
                "MpE$",
                "Ak2B",
                "y_g.",
                "f.N3",
                "Ri{%C",
                "`A(k_",
                "TS{W2`%-}",
                ";h#9",
                "tGVNq",
                "KLC>$Z=",
                "HM\\`",
                "9<-9.v+`",
                "g(m/O;",
                "VimZ",
                "cV+hY{i",
                "!uXH",
                "_)$Pw",
                "}aU.",
                "HNzLV",
                "H/ P",
                "#a1^",
                "K`!6",
                "'{ jzzo",
                "B[DAfi2A",
                "wJBw",
                "4s/%",
                "A~|M",
                ")(> ",
                ")m2|[ ",
                "B|Cw;K",
                ">4Jm,",
                "RUCJF",
                "ja= ",
                "z6Dc",
                "_\"ij",
                "tpTf",
                "ln6ee",
                "!lP@j",
                "bU-O",
                "dDGf",
                "px\"|",
                "-jF!",
                "2 vjO`66",
                "MF86",
                "6X@JA5+o",
                ");-=O",
                "1m*>",
                "]0Cw",
                "+ds-",
                "a^B`",
                "F!ZS",
                "%^?7%",
                "ITgaR",
                "2x}z",
                "zCV~W",
                "0bOF",
                "-\"Ku",
                "!rx``",
                "\"~\\^;",
                "wK:9=",
                ";zXOU",
                "++^J",
                "t}>1I",
                "w{+p",
                "$S=xH",
                "5MrIZ",
                "f>f8",
                "h=xJ+8d",
                "TCuS",
                "+w24",
                "j3hh",
                "N.Od",
                "c>aB",
                "!#n9",
                "w\\=c",
                "1P-E",
                "e-kp",
                "{(#p",
                "&uh,",
                "b:#N",
                "=ArP",
                " KP_",
                "J{g<w",
                "BeM_",
                "2u|D->\"",
                "[$7)",
                "n5uk",
                "CPT1",
                "@^@Ej]I",
                "c&*W]",
                "LzMC{",
                "TOb<",
                "-i@83P",
                "h\\i /",
                "FRlPq",
                "! TI",
                "}Iiu",
                "DFc@",
                "-c(k",
                "l)H4",
                "tMrB",
                "zf&^",
                "tl]s",
                "q}qU",
                "yD1&o",
                "a~Z/",
                " /ubK",
                "@vAjP",
                "E8%S",
                ":~j@w",
                "}>IZ'hSn(",
                ">Qs\\",
                "?}<:",
                "PcTe",
                "[O^?",
                "m4]5",
                "'pP?",
                "7y^\"RpJ",
                "$:BD",
                "15lG{f",
                "D)bz+",
                "!Kv\"",
                "P kI",
                "@wkN",
                "1%<u",
                "3]-{",
                "bXou?",
                "`4f[",
                "SVsi",
                "25u.",
                "T2k3",
                "taMr/jN!",
                "AOM[p",
                "w_=O#",
                "ehe&",
                "5u_E",
                "}|pV",
                ">v\">l",
                "g]@0DP",
                "rqnM",
                "ls>O",
                "J%{y",
                "k$iR",
                "3[;l",
                "7+Gc3",
                ",\"|\"Lq",
                "V%DLZ",
                "~|f(",
                "]#M)",
                "R3'we}?[*|",
                "!>jp",
                "=hZ8",
                "_@bs",
                "U3ZM",
                ">FBJw",
                "-B/i]",
                "$.5}",
                "/IlO",
                "[1|w",
                "lg2QJ",
                "b}$2",
                "VM-0J",
                "sJ*.z",
                "^%:(@ni",
                "[ww.){ZW\\c",
                "\\^<e",
                "eJ/*",
                "H8G+",
                "g4LA",
                "kIC+",
                "EXa(J",
                "::{u1",
                "M4Ga",
                "xJUp",
                "$KbP",
                "\">eZ\"",
                ":)mYHjv3",
                "lb_qL",
                ",Ph9",
                "q$*H",
                "+]uq[%",
                "\"7NS",
                "fj!7g",
                "xvt=",
                "3+x;",
                "<l46",
                "3oZ`",
                "sk V",
                "5$lm",
                "||wAe",
                "b;M4<",
                "o~,E^",
                "lQ}n",
                "|6\"Ti",
                "f`uc7",
                "G4\\m",
                "OYje",
                ">Lgc",
                "+.J+6",
                "|0F{",
                "GMju>",
                "oR=5",
                "h3-x",
                "/LY6",
                ",+2#q",
                "m8lI\"",
                "<(f+S3",
                "=1FB",
                "c%CT",
                "FN>|_",
                "sfnU4",
                " we>",
                "$+:e",
                "ftY6q",
                "rLa(oX",
                "Adh%y",
                "rd#O",
                "ThyX@",
                "a:~jjt",
                "wEkU",
                "g'*/+F",
                "3Q@\"",
                "0R}m5+",
                "^dc%[xF",
                "Y2*[(",
                "J l,Z",
                "^'k*",
                "$sL/",
                "rXQ?",
                "Hy<F",
                "7X%Q",
                ")4qj",
                "fz#'",
                "UsQ0",
                ":B[X ",
                "bF!7",
                "caK*#,",
                "<;M<",
                "2{@4y",
                "CqU(",
                "DvB/",
                "+bVY",
                "@WGk",
                "$\\\"J",
                "P#j\"",
                "(`8L",
                "b#*@uT",
                "A$R ",
                "ISzd",
                "I|mu$",
                "g1o<",
                "v|NB",
                "_8k}",
                "a>q(ZI",
                "Sia}7G",
                "\\Co[6r",
                ")vA7",
                "?()H+*(",
                "[]_wf",
                "6}Ih",
                "/n-~",
                "QM.n1m",
                " ,/#6d",
                "H14^",
                "`;t1$]",
                "l;&+",
                "FwC2",
                " \\_W,P&",
                "fBs&d",
                "LZV ",
                "vB%t",
                "D.&w!.",
                "bhvdm<",
                "%Fa_",
                "9yBZi",
                "%+RO",
                "'u-\"k",
                "g2q:",
                "dI@fS",
                "]Y.ud",
                "Yp5X",
                "4T:[RY",
                "$MpmO",
                "Y62-",
                "dw'=O",
                "@WM^L",
                "uWr:",
                "$XxL",
                "Q+1\\",
                "T .\"",
                "dvcLb_",
                "6|Vm",
                "yT,s~",
                "KI@/h",
                "lxLT",
                "h%XY",
                "_Yp%",
                "o]gQ{",
                "oo;R*q",
                "q'0MK",
                "kf2q",
                "H-=;",
                "t'6*q",
                "Ix-7 Ma",
                "IQ|)>",
                "JvVxv",
                "uROy",
                "&TD{",
                "-`tb",
                "x7-:",
                "?p.O",
                "3F R\"Sd",
                "4=A^",
                "L}LG",
                "u7? q>",
                "dw>9",
                "_4t,",
                "'X?Q",
                "o.h'",
                ",%$y",
                "\"&Nlm",
                "s5;N",
                "NJx9",
                "UDg23",
                "..PI Pj",
                "LwM;",
                "u\"`r",
                "n{Wt",
                "o^?\\",
                "MOPW'",
                ")fX<9",
                "C{`r<",
                "`1T8",
                "o#sj^",
                "s<]E",
                "`=Gbh",
                "kWy^",
                "V0x\"i",
                "`p=}",
                "AFjo",
                " Y.4",
                "t7cLF",
                "&vucd",
                "sq6;",
                "5nG;",
                "m$]W",
                "n\\Fl",
                "C'\\F",
                "k3O+",
                "y#^E",
                "U;33",
                "Rf q",
                "tl`8qV",
                "k?8JGB",
                ".aAD",
                "3'6z",
                "zZVO",
                "SKji",
                "Ef][",
                "[iX6g,",
                "|;%x",
                "<$8gq",
                "f`Pup",
                "|`t3",
                "H,P1",
                "8*{e",
                "lCPn}%",
                "` m_S",
                "M#b0",
                "l8lv",
                "C8q}",
                "rbwkU ",
                "h6kf",
                "(mMSl",
                "xk4/o",
                "&'{@?X",
                "=`JY",
                "TLs0",
                "M?b\\",
                "Z]r1J",
                "`srG",
                "Xa#A",
                "iM2O",
                "(T+G",
                "xAlg",
                "$;iO]",
                "NZ{ge",
                "ZDopb",
                "SOz%L{i",
                ")sd%!",
                "[+r+\"",
                "o}55",
                "+WUH-E",
                "\\)lcH`0qo(k",
                "[?+]",
                "b#We",
                "^bO!qi",
                "s.clSb",
                "Zf'aK3",
                "}d}JA",
                "U\\`h",
                "2Sa2",
                "H4cG",
                "=chqg",
                "AF\\(C",
                "9;zt",
                "-,R)",
                "XA>z?",
                "088?T",
                "n%v{",
                "Pog'Q",
                "@{'i",
                "r'q:",
                "j|u\"D",
                "1N&S",
                "|'yV>",
                "xO*;M",
                "q;G`S",
                "+XY]",
                "S'ZQ",
                "n-R, ",
                "m E0",
                "rZUq",
                "\\fv/",
                "UUbPw\\",
                "_,I0",
                "`\"a%",
                ")z`J",
                "feNG",
                "F:Gc",
                "*^UyF",
                "xtW0",
                "#6ok",
                "e_l ",
                "<q;;",
                "m_aO",
                "2/HU",
                "Vv7%",
                "(Da{k/H",
                "XRO^",
                "j?\\zm",
                "Fyu0",
                ".%>-",
                "Km(r1[",
                "XcY0",
                "jR\\r",
                "7j<E",
                "fE!f",
                "Zlkt",
                "ZY2a",
                "F.\",",
                "?Ec&I",
                "Q{ Z",
                "atVN",
                "'!?FU",
                "B}2#",
                ">Dm[",
                "rJs>",
                " =tn",
                "1>7M8r",
                "u2W@",
                "r`vu",
                "T{saX",
                "LldN*",
                "|kM(",
                "VWX0",
                "Xv0V",
                "DK9+f]x",
                "ziq\\",
                "e[w!",
                "m@AP:",
                " 1M4",
                "\\gu1/",
                "x*6P",
                "Zd@ID`dbb",
                "SKt?",
                "4U0)",
                "rF1!",
                "U+bm",
                "~=n\\p",
                "\".SL",
                "T<}I",
                ",w\\@8uX",
                "L;;w",
                "l-;n",
                "\"c?e9",
                "CFfPCO",
                "Mlg_",
                "\\^Eq",
                "OZ4#",
                "(tOb",
                ",`1Ow",
                "{1y'",
                "HPaLg",
                "D[DvCTj6",
                ".K\"x",
                "OlkZ",
                "JO*))K",
                "etlsQ",
                "IHC(",
                "?O>j",
                "Fjl*",
                "2n%g\"Y\\`",
                "C8;T",
                "M9~?",
                "}*hfYrhs6",
                "\"(G8tT",
                "'[e7yZ9",
                "r'6,",
                "JhJB",
                "FK@8YE",
                "mde+",
                "a73s",
                "VXJ,f",
                "g2ys",
                "#@fD",
                "\\.~v",
                "lnGF$D",
                "^+]gw;\"",
                "6(]m",
                "'-70",
                "Gqu=",
                "j}Fe",
                "Xg_m",
                "!A@M",
                "?mt0]",
                "L|{+",
                "EC:_u",
                "Kx\"U[",
                "DD,RJ",
                "!kFmi",
                "w\"su",
                "LRB3",
                "VS(?U",
                "2L!0",
                "uJ7g+",
                "T\",1",
                "FF$/",
                "B+P?",
                "x=D2N",
                "c,|.",
                ";>%{k",
                "*MaeT",
                "*GTb",
                "2hj9b",
                "mD58",
                "x7;`",
                "04O@",
                "C]+~",
                "(td%",
                "0P%_",
                "2qX4_",
                "V/4{",
                "M`a)",
                "RdjT",
                "iGM^",
                "wNRP",
                "3~hs",
                "0#{6",
                "h!}~",
                "H`\"mmr",
                "5;Hk",
                "a6+{T",
                "x`t*",
                "--Kk[l7Q",
                "&x;_R",
                "^ODMN",
                "RK&I",
                "LzQA%_\\",
                "a[1b1M",
                "AdUO",
                "*v66_",
                "6YV1",
                "Xb^*",
                "v2{=",
                "$/#0",
                ".TD8V",
                "L\"jdSU",
                "k*O+",
                "-CX@G",
                "s7{z",
                "t}2D",
                "vidnO",
                "|ALS",
                "*x@8",
                "F0EYp",
                "-a< H",
                "lR~}",
                "B2<sV",
                "lasZY0",
                "}1ox",
                "lx!C",
                "}X&h",
                "PD1=l",
                "ggBu",
                "P-e1",
                "m1C_",
                "1Hg%",
                "Tjo)1",
                "P<Ib",
                "?-I:",
                "9Y `!",
                "46_an",
                "G:;R<",
                "l2_vge",
                "Fb5u",
                "N8cS",
                "#X#D1",
                "=L\"]h",
                "/ qvT",
                "vCw.~",
                "f%{J",
                "4p+[_U",
                "6J{{",
                "n_C{*",
                "\\2${",
                "lSkr",
                "y\"Ud}",
                "VBzl",
                ",4J+",
                "BvES",
                "6}=bx",
                "8N,7",
                "eNSUz",
                "}9;C(",
                "i\\P<",
                "xftH",
                "[IN5",
                "Z9j+",
                "gK%5",
                "K{cX",
                "g:xD",
                "5iQ2+",
                "?OW1",
                "5Szt",
                "33C:",
                "(Y8v2?$",
                "|t}rU",
                "{W|8",
                "O=s< ",
                "S%Lau",
                "jM;9R",
                "v8!s4",
                "h-MjM",
                "vq\\G+",
                "<S&JZ",
                "j55g",
                "QN~@",
                "=[r:\\_",
                "8sD9",
                "\\DNz",
                "?7^H",
                "sm ~q",
                "|(g9",
                "/;xJ",
                "~OZj",
                "S;~\"wN--",
                "-`6_",
                "!=Lb",
                ":9y)Ke$",
                "s$\"'",
                "\\ZM#",
                "L74$",
                "<MwcJ",
                ":y?q%6",
                "K\\).",
                "tnpG",
                "-0^?",
                "B4?0",
                "O2(AO<",
                "wIeA",
                "1\"#p=",
                "CQSnB",
                "Rp9(1",
                "vft,",
                "[)Jn",
                "n-!4",
                "Q/D\\,",
                "XN\"6",
                "Zfw$\"y",
                "X^XN",
                "LAWs",
                "cjqO",
                "PZS[",
                "n1khh",
                "6;}z",
                "AwFB",
                "i Z>C",
                "%i1eW7",
                "SeJ.",
                "wz9WW:",
                "K\\4v",
                "w|2Va",
                "BjN$\"",
                "c7E~L",
                "zxI,",
                "r=Si",
                "CWg.?",
                "*Y^?[",
                "{3)C",
                "y{I0",
                "TL~_",
                "\\[*g",
                "7W*,",
                "5qdL4",
                "_#`F",
                "xf#je",
                "a#+I",
                "E3d(",
                "r{O\\",
                "#*na",
                "vb.fI",
                "'Naf>]R ",
                "yK[q",
                "ev-j",
                "B>Q%",
                "3SK7n",
                ",Q8+cr",
                ")13)PZ)V",
                "o$!j)V",
                "TjGf ",
                "QZgv",
                "Gl2-",
                "\\+S2xC",
                "HCRQn",
                "=qQGl",
                "E?(/",
                "00mk",
                "rc9#",
                "$h.@o",
                "KN=-",
                "'_8p",
                "7b /",
                "9[w\\",
                ">`4w",
                "#(b,",
                "k8\"!",
                "[]eO'",
                "^5'7",
                "6|R4",
                "#5Dd",
                "&8}?",
                "sPb. ",
                "l\\LM;",
                "(M))",
                "y2ps",
                "JH.L",
                "(+Lk",
                "_R@h{",
                "[}~j",
                "P)7\"",
                "]8)S",
                "~M'2",
                "E#X(",
                "sY_^",
                "~7X<b",
                "\\$\"p(T",
                "Fb1O",
                "E`0}",
                "~Uae",
                "e6/(",
                " HP[,ZA",
                "mSbr",
                "#27Bj",
                "};K.",
                "k462}",
                "5B^W[",
                "+sR J",
                "1=!u",
                "h2|M",
                "}t5e",
                "k/(h",
                "BK3A",
                "eEG\\",
                "8Y``LD9s",
                "f8,-",
                "q4@bm",
                "2oOz",
                ";GZ2AS",
                "F4G$",
                "91 e",
                "JHN)",
                "6v2Fs",
                " =9&b",
                "{hd3y",
                "`\\KS",
                "W,vh=",
                "GMyg",
                "}FM)",
                "Yse?",
                "-?\\>",
                "%>rxM^",
                "h^DU",
                "F<f5P",
                "lRvo",
                "-Bmq",
                "&Hkx",
                "_ia1",
                "Oc%G",
                "KjE0",
                "X>Kz",
                "dZD(x&",
                "tY3s",
                ",$UIu",
                "$M`k-p",
                "%w)\"K(L",
                "jc\\g$",
                "_W~4",
                "f'-(",
                "vzB*Le>",
                "SEZU",
                "? iC",
                "*qji8",
                "ZmN6",
                "t)*Q\"",
                "M8lc",
                "xoiy",
                "+$$P=F",
                "f-^*",
                "_UA9",
                "FCb-",
                "HOCv",
                "$V%e",
                "{$Ba4",
                "hQKc",
                "J5\"G&r",
                "; UM",
                "V>~D!",
                "PS+}",
                "Mf0s",
                "LJ[A",
                "_2eL",
                "UKMO",
                "(@`I",
                "&gc8",
                "fdj'",
                "*DU.",
                "TG}f",
                "lAoI",
                "Pj~l",
                "% !?",
                "*7Hpz",
                "Nu_'h",
                "HzRh",
                "dO~gl",
                "Esl$",
                "@76 ",
                "<~ak",
                "`MU4",
                "IR[^",
                "!%yOb",
                "wVbj",
                " CNR",
                "^hH+",
                ":pny",
                "e2E^\\",
                "FX`5",
                "w2Zb",
                "$bx]Hj",
                "++#-S",
                " :w3V:",
                "nrt3",
                "`Kb#&<",
                "M'.;c",
                "4~wpb",
                "Fe#f",
                "z=t0",
                "^DTR",
                "mRR#3",
                "M-Z8",
                "x*E ",
                "@4{--f",
                "it9,Z",
                "]uQu",
                "LBu)",
                "T |j",
                ")TqI",
                "M<bC",
                "c:]+&",
                "bFFS",
                "wNMP",
                "MwU/",
                "-Sg-",
                "y;X*1",
                "Z9;#",
                "yIWf",
                "td!\\",
                "HA\"U!8",
                ">.~z",
                "}Yi>",
                "m~/DP",
                "B\\[|E",
                "t9E1",
                "T{Y ",
                ">O_M[",
                "<1v?",
                "JwaXK",
                "!\\n&",
                "LwF:>",
                ";\")tPqJOk",
                "g>a]A",
                "FKw;",
                "})~2V",
                "'])<",
                "~m\\x",
                "rW84",
                "y!3r",
                "IeGd",
                "8zkBK",
                "4DL9m",
                "/,e|F\"g",
                ";W_vcl",
                "J1_k/",
                "GNx{",
                "w*R-",
                ".K\\,9",
                "W7+U",
                "h|P`",
                "FV/~",
                "q#qt",
                "a*!f",
                "{@>V-",
                ">vLb",
                "?[Ga",
                "R;yy",
                "MEe\\",
                "H/'6",
                "sBEN",
                "le?k*z",
                "fHYY",
                "<1c7",
                "kD;6z",
                "TX@TY",
                "<lG-",
                "_m;W{",
                "3E$X",
                "-nzrN",
                "E\\4X",
                "I}*H",
                "0-Qd",
                "~hC3",
                "m|5x`K",
                "bjriHC*E",
                "o53f",
                "2[M-",
                "q]V5vpE",
                "'tuN",
                "4+HN",
                "Q+Xxk",
                "m*rj0Z",
                "g_|^2DP^Z",
                "U~D=",
                "/Dvb=",
                "H?RR*",
                "{.qj",
                "j:sh",
                "_|Vb",
                "!ZX9",
                "w1PW*",
                "_Gk@!*",
                "TsYL",
                "Et*3",
                "pc7Q",
                "&dC)k",
                "gX0O%u",
                "E9M96",
                "ESE]N",
                "i;yP",
                "tJ%rG",
                "E%\\b",
                "m.m\\[",
                "#xZK",
                "t:Vq",
                "'$).",
                "\\2h=4",
                "1).r;",
                "sY&$-",
                ">6Erxx",
                "bx%h",
                "Rz|X_",
                "0*DkT",
                "F(W~",
                "diwi%",
                ".yd*",
                " J0b?",
                "*5B,.",
                "}7*t",
                "V9#av",
                "5Xk2",
                "pSO'",
                "4aGT(",
                "qulf",
                "G/A=",
                "LkML7",
                "jJBW1W",
                "`h2\\",
                "n%iG",
                ");-D",
                ")@\"D",
                "EHcJ",
                "`xh*e",
                ">{fr-",
                "5#]0w~",
                "wmdf",
                "FW@+",
                "1KJk",
                "GN44",
                "MzS6",
                "] ]&",
                "L_1X",
                "a*&t",
                "mcq(!",
                "G6l}ID",
                "sk!5,`",
                "k\\@{",
                "xoH\"DgF",
                "Sn|{I",
                "V;:{",
                "?mQv",
                "6-^O",
                "Rqn)",
                "67jl",
                "Ml$R",
                "m@J&|G",
                "z;-=",
                "g$hz>",
                "SJ6=",
                "aL>>",
                "|lWd",
                "/,1\"T",
                "FgsX",
                "ZCf,",
                "9k:u",
                ":[ksD",
                "DSoed\\",
                "3I~s 4<",
                "#g5d",
                "fl\"/",
                "S;9A",
                "Ed`2rH>",
                "h4#'",
                ";|T,",
                "]=Ph",
                "E<#h7",
                " /\\D.V",
                "}{}M",
                "<Uv8K",
                "^sWp!L",
                "(G{^G",
                "my:b",
                "t{]m",
                "s(,W",
                "$O26",
                "Z?mtX",
                "}61J+",
                "**5K?",
                "[p'R<",
                "l`7Z",
                "/,_]9",
                "xlKZ",
                "iUm>",
                ";_8[",
                "Cw#z",
                "IhHS.",
                "aP7I@",
                "y@q+",
                "D(tn",
                "*Mze",
                "Ap;y",
                "InY'Dn",
                "zt+W",
                "R%f$",
                "eJ*j",
                "Tk#F",
                "L#U%",
                "BPPb0",
                "bE80<>",
                "l{XL",
                "*rk=d",
                "C.~+",
                "xW?t",
                "b92S",
                "HZe;p",
                "[aW8",
                "ndFS",
                "Q3m-",
                "z\\ymI",
                "HtVI",
                ".NIt",
                "~^ux",
                "F`:\\",
                ")s{?{",
                "lN:m",
                "W\"?#",
                "0{.v",
                "S:?v",
                "OfP-",
                "~$1.w",
                "HC8)",
                "NnIyJ]",
                "|zZ+",
                "@SfL",
                "fFo^",
                "~I&A",
                "yS&PZo^",
                "2qM/",
                "Ej4I",
                "3z@H",
                "I~Sb",
                "Knj,{E",
                "2@eF",
                "$bt5",
                "1xxg",
                "o$GF",
                "Jm|s",
                "(T#+\"",
                "Plr {}",
                "\")w\"KlR^",
                "!1L3;",
                "gks'n",
                "htDs[",
                "YHa+",
                "ty5{",
                "94K6",
                ">N4_g",
                "n$gc*",
                "&Ct;",
                "j-F8",
                "/1(r",
                "sosw",
                "}]h(",
                "/`#-",
                "YG:SSP",
                "1_oi*",
                "1mRZ&",
                "I6,}y,",
                "7!lj-I)",
                "6}QgI",
                "9Q')b%",
                "`_^S/",
                "C\\`D",
                "7I`/",
                "xO0|+",
                "&b*IF`",
                "a,%>",
                "$D\\vD!",
                "k$ 7",
                "MS[$?",
                "7gl95",
                "au/'",
                "63pN",
                "tWTY&",
                "q %@",
                "P9[<LU%\\",
                "T7oN",
                "5A|X",
                "{iH\\",
                "\\'X_k",
                "r.Y7",
                "h:c(",
                "IYK_",
                "v^3d",
                "g!zKg",
                "V2x92:",
                "qz]!",
                "S90 ",
                "W%b1",
                "iu5;",
                " Kq[",
                "g&C0",
                "BJk?",
                "l/FL",
                "[Yb3j",
                "0y]_",
                "r0HL",
                "GSru",
                "[>XA",
                "_b@H)",
                "E0Vc",
                "+|5W",
                "_zwB",
                "v6gA",
                "_@YD*",
                "PZF#bI",
                "{=Z!",
                "$^66",
                "[m(s(",
                "kjB/",
                "%Ba8",
                "tC:i",
                "6U[sNL",
                "u<M4",
                "L^X#",
                ",TdV",
                "zN!+",
                "p+m'",
                "spLN7W",
                "FZs/",
                ")8MV",
                "#|N&",
                "`Z[qS/=8",
                ";\\f@e",
                "<@j[-",
                "\\l8r`af",
                "p6og",
                "lQ],7",
                "@h11",
                "c%f@",
                "=\")l@",
                "7='m",
                "3?#^",
                "KW'D2w",
                ":9j9",
                "Kt|Pn",
                "vObm",
                "#6{p",
                "C^$mz",
                ":fL/",
                ">OsN",
                "&31K\\+sm",
                "4:9g",
                "?Z%R[u",
                "QjFE",
                "O;]j'",
                ".Qh;",
                "6vJV",
                "Znn.",
                "iX-g]",
                "C9Ya",
                "DH%b\\\"/g",
                "KZF>f",
                "MD'B",
                "spCT",
                "4*%z",
                "(=}tv",
                "}B \"",
                "JW>w",
                "YBV\\",
                "+f%l#",
                "M2%3V\"",
                "WwxU",
                "6Qt<4",
                "Ef>-]",
                "tyyU",
                "X'9/BB",
                "mIc%",
                "pQEL#i|",
                "|#JpY76",
                "RO]Rh",
                "26zx0F",
                "k2fY",
                "ei>_",
                "FIg2E",
                "K?lT",
                "p?%Vw",
                "v&BVkL",
                "3w+Di",
                "L4~Co",
                "~(@o",
                "bd+6",
                "p 7!D ",
                "81cZ",
                "f]ZER",
                "-b4&",
                "Ezj34",
                "&0N2f",
                "f!dl",
                "5G8i",
                "jy*>",
                "p,`r",
                "JzWXR",
                "CmiK",
                "jM1Int",
                "xPG*",
                "EH zh",
                "?tW\"-H",
                "nQ+9g",
                "J~w~SU",
                "mQu(",
                "mB''a",
                "W~@8",
                "]Mn&A\",1",
                "&LW\\",
                "|Q_:",
                "p'EYI",
                "!)7 ",
                "XI!C",
                "/dIn",
                "hatC",
                "C^`9",
                "Q\\O]'F",
                "F%nD",
                "#qZT",
                "+p(4",
                "eblNo->z",
                "gE _!",
                "a4Wh",
                "Zj>*",
                "%f?x",
                "6tIH",
                "{^O_",
                "YNMudF",
                "K|D{p",
                "MX%2",
                "oV\"8",
                "_tL}d",
                "(V`7",
                ":W}h",
                "0ghx",
                "]X:&",
                ")9Zv.",
                "aBcki",
                "\"=A;",
                "zs*#o",
                "Ikx9",
                "Tj]R",
                "T|Oo\"",
                "s=Z-",
                "2?Z%",
                "q|vt",
                "O{PT",
                "$HhD",
                "t_GX",
                "l=pq",
                "S61b",
                "\\G@I*k",
                "UCpF",
                "a<aX48K#",
                "U}|Q",
                "Cy\\hj",
                "=u8!",
                "tQuR",
                "OKF*",
                "I~#iS",
                "`WqJ:",
                "toN'",
                "Te) ",
                "7?eV",
                "ss')N'",
                "a.l$",
                "3p2~",
                "GQ8%",
                "_uL ",
                "`w]jhRD?Y",
                "`z_PP{kR",
                "yR6N",
                "Cf0I",
                "h/QD",
                "l'=b",
                "%kY]",
                "1av-fA",
                "KDHP",
                "xe3<v|",
                "EX`D",
                "BbZk",
                "pqu 7",
                ")766",
                "iw&<Q",
                ".L#k",
                "99O!",
                "B[\"W",
                "W-JqL",
                ">}7e",
                "2+?I",
                "F)GCG:",
                ".+6Y(",
                "iaXj",
                "$tF{V",
                "SF`D5t5",
                "Lx3~s",
                "SiR%4[#",
                "q${Y",
                "n~^sC",
                "F4Hj",
                "&6}y",
                "+M-z",
                "S$G#w)",
                "MX$O",
                "cyn5",
                ")V/t>",
                "8QZO",
                "y4-3",
                "jNIo",
                "\"(r@",
                "&-*v",
                "cl[i",
                "QnnuP",
                "<1dWM<U}",
                "#_U:",
                "-hmF",
                "bH%}",
                "DZD`",
                "iJDvL",
                "LOdf",
                "r(8*<",
                ">o/+",
                "csPy",
                "8'sC+|",
                "=DxC\\",
                "S3LVV",
                ")5ww",
                "Wh~|",
                "h[~,",
                ".Q^z",
                "lssE",
                "oT,2",
                "ngj!",
                ")e)d",
                ":od#",
                "eBF_",
                "<?l^;",
                "tl% ",
                "iVr-",
                "ox1v",
                "nTzfC",
                "?~N<",
                "UDX6;",
                "mp)>",
                "?q% &Kh",
                "EPMU",
                "w5!~]",
                "'Qvb",
                "a\"H{oE;",
                "H$-e",
                " ^3+",
                "1M6Q",
                "%7>O",
                "zg,K",
                "2LX>",
                "OSoI",
                "C`V\\",
                "S,'D",
                "sV%l",
                "4o~r",
                "+#zqm",
                "L]5d{",
                "=._?",
                "Kno~",
                "T9jV",
                "T/@l",
                "i-o?",
                "H<!=",
                "%; {R:",
                "t_3x",
                "r0w;",
                "lG5,P",
                "L(1E",
                "TUb)X",
                "`eRwr_p",
                "b{E9; d",
                "Z~2#CF8",
                "s7#m",
                "J>e?o",
                "<*Tq ",
                "DG8c",
                "V3r?",
                "y}#Ky6?B",
                "NLKA",
                "fk<k",
                "].Ti",
                "R}$D",
                "[Zu6QA",
                "(g\".@",
                "l&A8",
                "xn*r",
                "R9/Rm",
                "oAv\"B",
                "4cCaWo",
                "Uv&5]",
                "ao[wZ",
                "l]Dh",
                "2Djh",
                "R|'L",
                "&<C_",
                "ArWA",
                "fVq'",
                ">BP6xQ",
                "QEge^UP",
                "(Ms{v/1h",
                ":X(\"",
                "S|$3",
                "E?^sov",
                "n =M",
                ":\"q\\f^",
                ",u)#o",
                "(=}I",
                "/EVG",
                "Ha\\ge",
                "!q+#TX",
                "+{&8",
                "Q|9Uu",
                "J,ul",
                "RQT+]m",
                "9w3A4",
                ")s-Q",
                "FE>@",
                "Am6.",
                ",ZeE4",
                "=QqJx",
                " oN?S",
                "P:C[y",
                "X. g",
                "x3EL2B|",
                "p_d:",
                "#\"*B",
                "t(~/`6",
                "fo\"@",
                "FoAV$",
                "ErJw<",
                "f%QLL",
                "7(\"1",
                "_RhLX",
                "D@0C,",
                "aK[L",
                "n-!:",
                "`8i@x",
                "LRth",
                "*%q@",
                "QT1O",
                "ak8/g",
                "3J d5",
                "vn6_t",
                "ERM^",
                ";~+A4",
                "^u!>",
                "I?m=",
                "btIV",
                "-<Lr",
                "\\k!d_",
                "BxrT",
                "tSvD",
                "cC{l",
                "xsw.",
                "EJ@Pr0",
                "~O|6",
                "Z^x@",
                "xeb_",
                "rK%}D",
                "3ihd9U",
                "ln2<",
                "^Cyl",
                "0<3,c",
                "*kq`",
                "9TI5",
                "oX2IV",
                "7Dg}iO",
                "qd6`>",
                "I:Jw%",
                "E,Y@",
                "u_Sfb",
                "B0[Z",
                "`nu\"",
                "`GZp",
                "-dj5",
                "J@/$[",
                "fUu%",
                "D=vN",
                "i'u:",
                "%BA*",
                "%5tFP",
                ")J~W",
                ";d?F",
                "KWqW",
                "Yt~N(2q[w",
                "x26T",
                "O>8|Rm",
                "z1w#]",
                "6JFM+",
                "jLp2YCt",
                "1A@d",
                ")Wy<",
                "HO +GV",
                "I>MHo",
                "u-T}-v",
                "UHK8",
                "%ot1",
                "gWq3",
                "!M@5",
                "1z\"h",
                "J`3~",
                "S($qz",
                "i@S8",
                "d,ki|",
                "sDFN'",
                "R%P\\",
                "R M@",
                "Kyqh",
                "JcJ4e",
                "hCGA",
                "5@ywE",
                "t|(g/",
                "P3v\"",
                "BqOcz",
                "bxGn",
                "erhNC_2.",
                "@`H)\"",
                "8~-F",
                "@W@p",
                "y+qr",
                ")/*be",
                "rKC ^\\",
                "<^`_|",
                "-vn^bo",
                "l;^|",
                "/b~s",
                "dA4T",
                "1Nfcw",
                "ZNk3",
                "V~h]",
                ":%K7",
                "C#oA",
                "?H)wC",
                "Y5/,",
                "uBav",
                ",tEs",
                "h\"O@",
                "f#hC",
                "b2]Nfx",
                "GF~N",
                "%WCQnyh2",
                "_<rR",
                "paG7c",
                "3F,3",
                "gmAVb",
                "04{0'l=l",
                "bInh",
                "ltrRo",
                "oaWB+b",
                "@ma42",
                "h)}d-",
                "n>\"+",
                "{pcJ",
                "2m?~",
                "R,^B'C",
                "e[ -",
                "m5b'",
                "-c3N5",
                ".?aQ",
                "M@bZ,",
                "uV%<",
                ")WlA",
                "fW6[",
                "^<>?",
                "(:wv",
                "9~XmS",
                "~ef ",
                "7EI($",
                "\"M_w}(6f",
                "`mqN",
                "jWr1~P",
                "EgT9;",
                "IEEI",
                "i$2N>@",
                "FWC$",
                ",g`Mds",
                "PnGU",
                "^c8Z",
                "B5!R",
                "&m1(",
                "LZwipYz",
                "c(#io",
                "}e^z",
                "*4P)",
                "|Fq[",
                "fRm:",
                "93mAZ",
                "N}?M",
                "ta^V",
                "~PT;X",
                ")V_,",
                "2'a(",
                "]/gu",
                "t:hu",
                "SV9U",
                ",Y]W",
                "MB7p",
                "<'.k",
                "R6Ec",
                "$&*B",
                "-Cv,",
                ",I29b",
                "-MO0",
                "_E@;",
                "`U}ub",
                "48E4",
                "P,\"9Kt",
                "_'&]b",
                "8{N,",
                "F/tW",
                ":(gd|",
                "5#HF",
                "@o\"F",
                "nV-0|",
                "3ZbL5A",
                "2Q'J",
                "9k6;0",
                "n`y}m ~`",
                "VoSB",
                "tg[^",
                "pVJP%zD",
                "dQPp",
                "COfj",
                "8@b3",
                "5iQM",
                "4]hA",
                "W`Z{",
                ".0I;K{",
                "o|-3W`",
                "S(/`+",
                "nDH1",
                "W2(E",
                "iqg)",
                "P+'B",
                "$#-q8Md",
                "O!NK[",
                "1TKx",
                "v4VZ",
                "8(0em",
                "G%er",
                "VwBw",
                "k5lo",
                "QOB)",
                "v/{B",
                "e<jb",
                "JpZ:kg{UE",
                ".}r*",
                "?/<6IQ",
                " Hdo",
                "3A9C",
                "U^1e",
                "6bxL",
                ".}Ig",
                "$bqDX",
                "FNhS",
                "ZD$B",
                "XvK[",
                "ut8w",
                "N$0z",
                "85fOfA",
                "#e=9",
                "wVH,",
                "6iM%",
                "<'K;",
                "t1c:!",
                "\"[tT",
                "$fIk",
                "M^vw{",
                "&l_ ",
                "QboZ4/`",
                "m8<~f",
                "#3Z>^",
                "ql,0h",
                "Aw_^",
                "v-/;",
                "dR~m",
                "678)y",
                "f#7oN",
                "6'`[",
                "Y+BZi9",
                "VvvWf~",
                "L6b%",
                "(5@\";",
                "q,Z*",
                "Dx59",
                "{]lW-",
                "xCW`",
                "$*%[",
                "D-#I",
                "H/oqZ",
                "9QRM.",
                "w0BV",
                "k8S'",
                "~[(v{&",
                "|yym",
                "80XU",
                "*G2mp",
                "/SD3",
                "a<[>",
                "U~ZK",
                "@zIK",
                "Yk8Et-",
                "='t@(",
                "VQ~M",
                "P6LD",
                "33b'",
                " ^!EX",
                "J?Lr",
                "(_9W",
                ">7A2",
                "K&a3",
                "WWe[",
                "oCr0",
                "F6&cr",
                "DS;)",
                "%46R;",
                "|_\\V",
                "k#8T\"",
                ";c{O",
                "^U|wc",
                ";;^e=",
                "~Iq=",
                ",hWPY",
                "\\j,Ly",
                "H)P(",
                "!!),",
                "M]wXO]",
                "*cr(",
                "#FVa",
                "@R}9|",
                "KV`&",
                "g,%]Z-",
                "\"L8~",
                "m\\lp",
                "@5#1-",
                "ZCAYM+",
                "#gGf5",
                "3z1Ce",
                "$vtj",
                "8\"'\\",
                "TR\\,*Q9",
                "H]k\"f",
                "h8?J",
                "9\\B]",
                "+0.\"",
                "\"y\"rb",
                "M4>G",
                "F9zPsag",
                "[Io gJ",
                "pzuN",
                ";wLr@",
                "EGfH",
                "R11;",
                "[A+W",
                "^b9,",
                ")NZd",
                "t`qc~",
                "O/}8",
                "g1D|",
                "yw4S&",
                " +]~",
                "!{})a",
                "5^*Dv",
                "4|!)>q",
                "sI06",
                "qLPs-",
                "1 DZ",
                "<Xp2",
                "z)7;",
                "4ulZS",
                "\\wtu",
                "#Je7G",
                "xP%Q`",
                "]hdW",
                "*abuo",
                "W~-*Z",
                "]j$LV",
                "chV=*",
                "&hF;",
                "DP>5",
                "+hLG",
                "0r6*",
                "q26-[",
                "&=l+",
                "+t8BZX",
                "AYg`",
                "ME`n",
                "K!N(!",
                "$RQCRlB",
                "i7WZ",
                ",=c ",
                "\"#{e",
                "|2ZI",
                "r~QX",
                "1n1Sd",
                "?I3*",
                "BS4^m",
                "&UCl",
                ",aO\"",
                "j/eP",
                "{Y\"Bt",
                "RPqs",
                "'7`-\\",
                "KyT6",
                ")CFu",
                "@d,1",
                "p?{_]h",
                "-$8c",
                "p\\n_9~",
                "Q{.]",
                "jr~`#",
                "/:l~",
                "m.!$K",
                "R_Th",
                "M;Nl",
                "$CQM",
                "Tt<{",
                "BI.3",
                "4E>V",
                ">%]o;'v",
                "5j+{",
                "E.:\\",
                "F1bt",
                "l9- {",
                "p/wFm",
                "!Wau?6",
                "&Rp]",
                ":lO\\",
                "z*i;b@C",
                "'|g.",
                "KeI;v",
                "ZC^I",
                "T]N[P",
                "75r :",
                "lE$Um",
                "JF<]!",
                "+o%U1?",
                "}O`\"v",
                "0Khw",
                "r1qWC",
                "K Rv1",
                "n.48",
                "5t?9",
                "\"7hf",
                "? Ja",
                "]Z~2@cb",
                "k-}{",
                "Od7F",
                "V^eG",
                "/*RPVD",
                "JLu_Q",
                "[OXo",
                "oe>;",
                "\"Zq5c ",
                "K>i5",
                "`jw^",
                "?x@`Q",
                "w:!SV",
                "rR^\\",
                "nIbn",
                "1v;K",
                "'sJj\"7pA!",
                "W%@:-",
                "I=7H8 ",
                "8]H=",
                "|';q",
                "!6zn",
                "s#%6",
                "o-<>Mw$@",
                "v%Ou",
                ">x86",
                "r\"Si",
                "puMd6",
                "%gzh",
                "$1W>",
                "8egk,",
                ">:@y_y",
                "Ox3p",
                ":fe5",
                "@!Vq",
                "XdRTH",
                "3GS-",
                "j{6xE",
                ".orv",
                "f%q,<N",
                "k:|K1",
                "lTV+[",
                "4Fw+",
                "]R:,",
                "a#ulX.&5",
                "NjQJ",
                "6-RQ:4u^",
                "e\\E]i",
                "_e.Vwd9')\"A",
                "F/7M",
                "4wS(",
                "Qgt^",
                "IB_fao",
                "Q/W-",
                "!@6K",
                "@}L&",
                "m{U3",
                "6 gy",
                "+>?}",
                "'cW'",
                "Vr#Q",
                "*^7B",
                "w'xN",
                "R9A#[",
                "T!_V$",
                "`?Xv",
                "?4vf",
                "+)\\,d",
                "~9{e",
                "J8}X",
                "m+$e",
                "%\\-n",
                "3D&L",
                "Fh;kk",
                "~:2n",
                "}pS^",
                "'ogc",
                "su.y",
                "7Xeu",
                ">M0Eo",
                "@SP.",
                "Fon5y",
                "4>8M",
                "O8!)",
                "D|vV1!",
                "4A@3B",
                "At~^",
                "s2Zb",
                "m;7+Q",
                "bq@o",
                "bu}T",
                "^1^J",
                ">'U'",
                "?Al{",
                "P{*b",
                "MKI.",
                "w3Vz9'",
                "_aJR",
                "H@T^u",
                "klBk",
                "3T^V",
                "y}Kn?S",
                "(\\cowIT",
                "qKK_",
                "P.=H",
                "OK\\Ms",
                "g:/t",
                "fU.-o",
                "b0t0z",
                "C/0.",
                "PaZ^",
                "6I*Q",
                "LMIV`",
                "0{|*",
                "6wC0",
                "SzHOU",
                "c}Kc",
                "4EWS",
                "sbHz",
                "q'1C",
                "RKYS",
                "T{?o5",
                ".ov.U",
                "~\\C\\j",
                "6A#|",
                "1ta'F#",
                "aK8Q",
                ")V?^A!F",
                "&oY^",
                "4bV6",
                "w4$u\"",
                "hEh[",
                "! NQ",
                "]/%bu",
                "99:X>",
                "^pL;&",
                "pqX;",
                "q[y=%",
                "Mtik",
                "iRFk",
                "#B'y",
                "/;>dw[",
                "ay*-",
                "V#Cz",
                "{% 9",
                "CwS|P",
                "^o[HC$i",
                "O#QY",
                "4>kn",
                "(!+ ",
                "vn7S",
                "M~hWEd",
                "_j7`[",
                "CPHHT",
                "M?oK58",
                "_}[_",
                "eU P",
                "[Q0G",
                "~$Q+",
                "EzvK",
                "2B!q",
                "P?q'f",
                "Q~yc@4",
                "hIL,",
                "+d{@^",
                "MC X",
                "]dWK",
                "+`^B",
                "C:+x",
                "g4>ML",
                "~d5qMvdL#",
                "C6:m",
                "Xt(;X",
                "rq' ",
                "4J,+<2",
                "|Kw8",
                "Ce:w",
                ",t?@",
                "*^6~",
                "6&Qc",
                "?Ca9",
                "./>5",
                ";S7~k",
                "V2gJ",
                "'\"N@",
                "R#V%Z\"WJ",
                "Sq}/6",
                "Ha~D",
                "JTw$",
                "zXu'w",
                "$,G)jF",
                ":>}c",
                "ly~fO",
                "p!q$",
                "#0,0",
                ")W*2z4",
                ".8oj",
                "{`|CD",
                "Wr0eH",
                "R{<,M",
                "s*Eu0u",
                "HLU+",
                "RWW\"",
                " /&Z",
                ",<*gk",
                "i`.F",
                "Arot7%?",
                "XY4' ",
                "<:)w",
                "MzZ7^",
                "8krf",
                "/I$#",
                "e9l6J",
                ",EWpL",
                "f=Tw",
                "L3To",
                "3^jKx",
                "0#bQ",
                "i5aE",
                "S;X:",
                "-T*/",
                "M8V!",
                "DP[*cZx",
                "j)zW",
                "#,{5g<",
                "vJ^J",
                "P@5ws",
                "a<q\\eA",
                "zS3#",
                "W`ZS",
                ")a7|",
                "+8o$M",
                "JCFQ",
                "z2ZG",
                "kC85Q",
                "9xOJs",
                "eJ$O",
                "vo_T",
                "y2[L",
                "q>vj",
                "lbC, ",
                "$}:U",
                "d,&6 ",
                "#;&o",
                "jsx/",
                "3MFI",
                "xSKs,",
                "o`##L",
                "~=PH",
                "ISw<",
                "Q-er",
                "Q8\\ASt2",
                "mfK.",
                "]Drh@k$",
                "0CI@F",
                "t;\"&",
                "sc}X%j",
                "$r?<h",
                "e21[",
                "~J? ",
                "`!zq",
                "Qf7M",
                ">LQ*d)",
                "Ug`o",
                "!l}8",
                ";0+h"
            ]
        }
    ]
}