{
    "malware_data": [
        {
            "filename": "4fad16bbb59875a3c26bb8b202abffd86217db7462463fece59db8f7aa0f99b9.exe",
            "filetype": "4D5A9000",
            "filesize": "160KB",
            "hash_sha256": "4fad16bbb59875a3c26bb8b202abffd86217db7462463fece59db8f7aa0f99b9",
            "strings": [
                "!This program cannot be run in DOS mode.",
                ".text",
                "`.rsrc",
                "@.reloc",
                "$%(,",
                "+&+$",
                "D%(,",
                "@%(,",
                "P,~s&",
                "P,Ns&",
                "+d+b",
                "+:+8",
                "H%(,",
                "O,dr",
                ")%(,",
                "!%(,",
                ",$sI",
                "M%(,",
                "\"%(,",
                ",%r9",
                "b%(,",
                "BSJB",
                "v2.0.50727",
                "#Strings",
                "#GUID",
                "#Blob",
                "<Module>",
                "System.Runtime.CompilerServices",
                "CompilationRelaxationsAttribute",
                ".ctor",
                "RuntimeCompatibilityAttribute",
                "Microsoft.VisualBasic.ApplicationServices",
                "ApplicationBase",
                "System.ComponentModel",
                "EditorBrowsableAttribute",
                "EditorBrowsableState",
                "System.CodeDom.Compiler",
                "GeneratedCodeAttribute",
                "System.Diagnostics",
                "DebuggerNonUserCodeAttribute",
                "Microsoft.VisualBasic.Devices",
                "Computer",
                "DebuggerHiddenAttribute",
                "System",
                "Object",
                "Microsoft.VisualBasic.CompilerServices",
                "StandardModuleAttribute",
                "Microsoft.VisualBasic",
                "HideModuleNameAttribute",
                "MyGroupCollectionAttribute",
                "RuntimeHelpers",
                "GetObjectValue",
                "Equals",
                "GetHashCode",
                "Type",
                "RuntimeTypeHandle",
                "GetTypeFromHandle",
                "ToString",
                "Activator",
                "CreateInstance",
                "System.Runtime.InteropServices",
                "ComVisibleAttribute",
                "ThreadStaticAttribute",
                "CompilerGeneratedAttribute",
                "m_ThreadStaticValue",
                "User",
                "get_GetInstance",
                "System.ComponentModel.Design",
                "HelpKeywordAttribute",
                "STAThreadAttribute",
                "System.Net.Sockets",
                "TcpClient",
                "System.IO",
                "FileStream",
                "FileInfo",
                "MemoryStream",
                "Byte",
                "Conversions",
                "ToBoolean",
                "System.Reflection",
                "Assembly",
                "GetEntryAssembly",
                "get_Location",
                "Microsoft.Win32",
                "SessionEndingEventArgs",
                "Exception",
                "IntPtr",
                "Zero",
                "op_Equality",
                "op_Explicit",
                "Strings",
                "Space",
                "String",
                "get_Length",
                "ProjectData",
                "SetProjectError",
                "ClearProjectError",
                "System.Text",
                "Encoding",
                "get_UTF8",
                "GetString",
                "DirectoryInfo",
                "get_Name",
                "ToLower",
                "Operators",
                "CompareString",
                "get_Directory",
                "get_Parent",
                "System.Threading",
                "Thread",
                "Sleep",
                "Monitor",
                "Enter",
                "Close",
                "Stream",
                "Dispose",
                "set_ReceiveBufferSize",
                "set_SendBufferSize",
                "Socket",
                "get_Client",
                "set_SendTimeout",
                "set_ReceiveTimeout",
                "ToInteger",
                "Int32",
                "NewLateBinding",
                "LateCall",
                "ConditionalCompareObjectEqual",
                "Concat",
                "Exit",
                "Convert",
                "FromBase64String",
                "Microsoft.VisualBasic.MyServices",
                "RegistryProxy",
                "ServerComputer",
                "get_Registry",
                "RegistryKey",
                "get_CurrentUser",
                "OpenSubKey",
                "DeleteValue",
                "ToBase64String",
                "GetValue",
                "Interaction",
                "Environ",
                "Conversion",
                "CompareMethod",
                "Split",
                "Registry",
                "CurrentUser",
                "SetValue",
                "System.Net",
                "WebClient",
                "System.Windows.Forms",
                "MessageBoxButtons",
                "MessageBoxIcon",
                "IPEndPoint",
                "System.Drawing",
                "Bitmap",
                "Size",
                "Rectangle",
                "Graphics",
                "Process",
                "Start",
                "AppWinStyle",
                "Shell",
                "DialogResult",
                "MessageBox",
                "Show",
                "CreateObject",
                "Boolean",
                "ChangeType",
                "Math",
                "Round",
                "RegistryValueKind",
                "Cursor",
                "Hide",
                "Path",
                "GetTempPath",
                "File",
                "WriteAllBytes",
                "Audio",
                "get_Audio",
                "Stop",
                "AudioPlayMode",
                "Play",
                "IPAddress",
                "Parse",
                "AddressFamily",
                "SocketType",
                "ProtocolType",
                "EndPoint",
                "SendTo",
                "Exists",
                "DownloadFile",
                "ReadAllText",
                "ConcatenateObject",
                "get_Chars",
                "Write",
                "ToArray",
                "DownloadData",
                "GetTempFileName",
                "get_Message",
                "LateSet",
                "LateGet",
                "CompareObjectEqual",
                "OrObject",
                "Screen",
                "get_PrimaryScreen",
                "get_Bounds",
                "get_Width",
                "get_Height",
                "System.Drawing.Imaging",
                "PixelFormat",
                "Image",
                "FromImage",
                "CopyPixelOperation",
                "CopyFromScreen",
                "Point",
                "get_Position",
                "Cursors",
                "get_Default",
                "Draw",
                "DrawImage",
                "ImageFormat",
                "get_Jpeg",
                "Save",
                "WriteByte",
                "EndApp",
                "FileSystemInfo",
                "get_FullName",
                "DateTime",
                "Environment",
                "get_MachineName",
                "get_UserName",
                "get_LastWriteTime",
                "get_Date",
                "ComputerInfo",
                "get_Info",
                "get_OSFullName",
                "Replace",
                "OperatingSystem",
                "get_OSVersion",
                "get_ServicePack",
                "SpecialFolder",
                "GetFolderPath",
                "Contains",
                "RegistryKeyPermissionCheck",
                "CreateSubKey",
                "GetValueNames",
                "FileAttributes",
                "StreamWriter",
                "Application",
                "get_ExecutablePath",
                "SetAttributes",
                "Delete",
                "Copy",
                "get_LocalMachine",
                "FileMode",
                "FileSystemProxy",
                "get_FileSystem",
                "SpecialDirectoriesProxy",
                "get_SpecialDirectories",
                "get_ProgramFiles",
                "Directory",
                "GetLogicalDrives",
                "TextWriter",
                "WriteLine",
                "Command",
                "Mutex",
                "ThreadStart",
                "SessionEndingEventHandler",
                "SystemEvents",
                "add_SessionEnding",
                "DoEvents",
                "GetCurrentProcess",
                "set_MinWorkingSet",
                "ConditionalCompareObjectNotEqual",
                "System.Security.Cryptography",
                "MD5CryptoServiceProvider",
                "HashAlgorithm",
                "ComputeHash",
                "Module",
                "Load",
                "GetModules",
                "GetTypes",
                "EndsWith",
                "get_Assembly",
                "get_Handle",
                "get_Available",
                "SelectMode",
                "Poll",
                "NetworkStream",
                "GetStream",
                "ReadByte",
                "ToLong",
                "ChrW",
                "Char",
                "SocketFlags",
                "Receive",
                "ParameterizedThreadStart",
                "Join",
                "GetBytes",
                "Send",
                "DeleteSubKey",
                "System.IO.Compression",
                "GZipStream",
                "CompressionMode",
                "set_Position",
                "Read",
                "BitConverter",
                "ToInt32",
                "Keys",
                "GetProcessById",
                "get_MainWindowTitle",
                "DateAndTime",
                "get_Now",
                "get_ProcessName",
                "Keyboard",
                "get_Keyboard",
                "get_ShiftKeyDown",
                "get_CapsLock",
                "Enum",
                "ToUpper",
                "StringBuilder",
                "get_CtrlKeyDown",
                "Remove",
                "MulticastDelegate",
                "IAsyncResult",
                "AsyncCallback",
                "System.Collections.Generic",
                "List`1",
                "get_Capacity",
                "get_Count",
                "get_Item",
                "Clear",
                "w.exe",
                "user32",
                "user32.dll",
                "winmm.dll",
                "avicap32.dll",
                "kernel32",
                "ntdll",
                "KERNEL32.DLL",
                "mscorlib",
                "MyApplication",
                "w.My",
                "MyComputer",
                "MyProject",
                "MyWebServices",
                "ThreadSafeObjectProvider`1",
                "EnumWindProc",
                "EnumChildWindProc",
                "m_ComputerObjectProvider",
                "m_AppObjectProvider",
                "m_UserObjectProvider",
                "m_MyWebServicesObjectProvider",
                ".cctor",
                "get_Computer",
                "get_Application",
                "get_User",
                "get_WebServices",
                "GetType",
                "Create__Instance__",
                "instance",
                "Dispose__Instance__",
                "main",
                "Tport",
                "delay",
                "lastcap",
                "sizk",
                "anti",
                "anti2",
                "usbx",
                "task",
                "GetForegroundWindow",
                "GetVolumeInformation",
                "GetVolumeInformationA",
                "lpRootPathName",
                "lpVolumeNameBuffer",
                "nVolumeNameSize",
                "lpVolumeSerialNumber",
                "lpMaximumComponentLength",
                "lpFileSystemFlags",
                "lpFileSystemNameBuffer",
                "nFileSystemNameSize",
                "GetWindowText",
                "GetWindowTextA",
                "hWnd",
                "WinTitle",
                "MaxLength",
                "GetWindowTextLength",
                "GetWindowTextLengthA",
                "hwnd",
                "capGetDriverDescriptionA",
                "wDriver",
                "lpszName",
                "cbName",
                "lpszVer",
                "cbVer",
                "CompDir",
                "connect",
                "apiBlockInput",
                "BlockInput",
                "fBlock",
                "SwapMouseButton",
                "bSwap",
                "SendMessage",
                "wParam",
                "lparam",
                "SetWindowPos",
                "hWndInsertAfter",
                "wFlags",
                "mciSendString",
                "mciSendStringA",
                "lpCommandString",
                "lpReturnString",
                "uReturnLength",
                "hwndCallback",
                "Beep",
                "freq",
                "AddHome",
                "text",
                "NtSetInformationProcess",
                "hProcess",
                "processInformationClass",
                "processInformation",
                "processInformationLength",
                "Plugin",
                "Sendb",
                "LastAS",
                "LastAV",
                "lastKey",
                "Logs",
                "GetAsyncKeyState",
                "GetKeyboardLayout",
                "GetKeyboardState",
                "GetWindowThreadProcessId",
                "MapVirtualKey",
                "ToUnicodeEx",
                "VKCodeToUnicode",
                "EnableWindow",
                "bEnable",
                "lpdwProcessID",
                "GetClassName",
                "GetClassNameA",
                "lpClassName",
                "nMaxCount",
                "SendMessageA",
                "wMsg",
                "lParam",
                "lpString",
                "EnumChildWindows",
                "lpEnumFunc",
                "EnumChild",
                "protect",
                "GetChild",
                "TargetObject",
                "TargetMethod",
                "BeginInvoke",
                "DelegateCallback",
                "DelegateAsyncState",
                "EndInvoke",
                "DelegateAsyncResult",
                "Invoke",
                "WebServices",
                "GetInstance",
                "MyTemplate",
                "8.0.0.0",
                "4System.Web.Services.Protocols.SoapHttpClientProtocol",
                "My.Computer",
                "My.Application",
                "My.User",
                "My.WebServices",
                "WrapNonExceptionThrows",
                "_CorExeMain",
                "mscoree.dll",
                "IHDR",
                "IDATx",
                "^kNw",
                "PZCTP",
                "@8J!",
                "! b?",
                "sf]W",
                "#8j.",
                "sfI+",
                "v({'",
                "6;Pg&",
                "+__/",
                "_;KJ",
                "9+^O",
                "gYVr",
                "mI8uD",
                "4+u\"",
                "}N}t",
                "XaJi",
                ">|||",
                "jc>o!",
                ":<K\\p(",
                "=\"rWUk%",
                "KZIi",
                "zw5KZh",
                "|6FWj",
                " j7/",
                "js~)",
                "CSK!",
                "y+f1F",
                "Cb v)wfW",
                "&P3@0|@",
                "k#s)",
                "i7Bm",
                "qRKcIV",
                "n$\"8",
                "!QJ'",
                "\"g+,",
                "H>31D",
                "uj+|~",
                "x<Vj-",
                ";Pzm",
                "R3>8",
                "xVJfY#",
                "Z%gk",
                "p.KDdp",
                "(+pv",
                "vCzG",
                "`h|J",
                "h4^C",
                "K_ke",
                ";jow",
                "6AGx",
                "')Eb",
                "Docv",
                "xnhP",
                "evJ0",
                "seY\"",
                "VulW",
                "8G.V(B",
                "xg{kU",
                "&.)R",
                "rfj)",
                "6Q@mcu",
                "E8kE",
                ":8epP9FE",
                "0\\`/",
                "f_.w",
                "Z#%cL",
                "Z8O[K/",
                ")DcE",
                ")FDy",
                "Zr7[",
                "aY6z7",
                "hm2<+",
                "jkvs",
                "c0j%",
                "{MY[5",
                "kNV48",
                "Z.|{l",
                "BtB/",
                "(H4zl9+",
                "q%iD]e",
                "0&Y+",
                "6Xbb",
                "s,>0",
                "gQ%nOc\"",
                "R3OL:",
                "G7W@",
                "qf|P",
                "x#!:",
                "G4=E",
                "w>B ",
                "8vTe",
                "qQmk0",
                ")Q%.",
                "C{cK",
                "'S\"D",
                "U{gyl",
                "${ FrQ",
                "%6:(",
                "Xyub5?",
                "fh#sl",
                "?>>nz",
                "a[6C_",
                "C_.6",
                "arV .?",
                "hcP{gLk",
                "Ot8t",
                "=H1N",
                "5z5.",
                "T~-F_>vZ",
                "\\&%v",
                "m{Pk",
                "~Nm2y",
                "nZ3/",
                "bROq",
                "b+xO/",
                "D2D3",
                "KZH!",
                "?~RcYA2",
                "kvS6k",
                "uH!xR",
                "jF,>x",
                "<>zJ+",
                "XoaS",
                "=&[Q",
                "x~.0}",
                "YUwn",
                "\\)?)&",
                "8a?N",
                "I-i1",
                "c4~~45hZL",
                "Rs!-",
                "+b4~",
                "h;Y3",
                "\\NsLR",
                "u3=~",
                "j.81",
                "mYjM",
                "qzSWK)8",
                "5%ttc",
                "uo^|",
                ":N:y?",
                "K71Yp",
                "KG] ",
                "_b sP",
                "+{=)t",
                "bZv07",
                " >0ff",
                ")\\/C",
                "gF|@",
                "f`ui",
                "} :X",
                "Q:J9*K\\",
                "%7z3@7",
                "<Vs0",
                "y~<X6;",
                "^/m)",
                "eY8Kf",
                "N+_f",
                "-@t0(g#-",
                "m&? ",
                "\\'DC-",
                "S[%w3",
                "yCrS2",
                "ICSbq",
                "=^\"n8(",
                "C~0<",
                "fh':[",
                "c{rV",
                "r+Ck.7",
                "3^'}",
                "y\\0[",
                "1C6=",
                "(s'sO=",
                "__8?",
                "^__<",
                "Oq:L",
                "/s5N",
                "f2Op",
                "Bhzk",
                "1h53",
                "Lf1z",
                "QOpF",
                "uYP*",
                "]zgT",
                "1K}4",
                "a2u1",
                "8#y9",
                "Ex C",
                "xJ56[L",
                "ftnWb",
                "uFG+",
                "Iyoq",
                "!HkH/l1",
                "BE8jc8",
                ".\"!N",
                "XHDo)O",
                "dP{3",
                "^iwN",
                "Lp6w",
                ":O>N",
                "ix:N;>",
                "1:COk3}",
                "NWrSD",
                "~7;lg",
                "Cm$u",
                "Cay(",
                "UA/?",
                "[6Rr",
                "|[3yT",
                ";1Hk-",
                "Miu9",
                "3BZ-",
                "utz/",
                "u{\"P",
                "6>|$",
                "in8h",
                ">pnE",
                "OJLb$",
                "H?%7J1Y",
                "*<]b",
                "xFI=",
                "*2<5w",
                "v#ir",
                "d}<h",
                "e+8Q",
                "@s81^",
                "{z44",
                "AouZ",
                "n\"JJ",
                "}G 7K",
                "vKu/M",
                "6ZVd(",
                "!Eo/",
                "{m|?O",
                "z\"zZw",
                "0ZEGc",
                "90a>7",
                "wD3Q",
                "_,ll",
                "CxP_",
                "_'x7",
                "At@=@",
                "Zh##2",
                "C*M;",
                "b@ZeK",
                ",Hqr",
                "`sxi",
                "8{ao",
                "tgcCoJ",
                "ow\"q",
                "?2,.0",
                "`:p'",
                ">W.N",
                "G&zA",
                "Ph&@",
                "m4Hj",
                "]kloo*H",
                "/M9*",
                "B[ka",
                "T9KeYWF.",
                "bkI[",
                "`<Pl}",
                "g[:Uo",
                "[Ufn",
                "4:2n",
                "5Xw\"",
                "8-j-Z",
                "_;aRmM",
                ",q{^",
                "<gQF",
                ".c@?3",
                "u2:`",
                "9G5+>",
                "os]L",
                "%gPg]",
                ";&Ci",
                ">:Z5",
                "$s&/",
                "VpL^",
                "j+87",
                "'o+7q2",
                "1Ywc",
                "9kW`",
                ",G}FV]",
                "tmhw",
                "g9y,",
                "N*n5",
                "kt3P",
                "pfwm#",
                "^6'7Pe",
                "ZV7u",
                "m;lK`",
                "oEQgi",
                "J>Nr.l",
                ";V\\Z",
                "e3_A",
                "}A3vX,",
                "RMDcvM",
                "&4[p",
                "&5U'f",
                "y(%#:",
                "t4BXl",
                ";rN\"jm)",
                "XtKo",
                "!IfE\\iJ",
                "=IGJQ,[",
                "JKbI",
                "Jx#M",
                ")d|/-",
                "XZs+",
                "ZpZa",
                "[`CkEn",
                "-tS;",
                "NRP)5",
                "PW3NVc-;",
                ";QH)",
                "{G.R",
                ",R[{U",
                "85bl",
                "v\\ia",
                "-28YR",
                "Z;(J<tU",
                "DEg:",
                "J5Vp",
                "#%jI",
                "YMo,!+rQ",
                "D2hP",
                ":WRk",
                "UK{s",
                "P^QK",
                "_(bM",
                "Jl>)*L",
                "Pua0",
                "(x#v]g",
                "\\+!h",
                "{ADg",
                "Tyk{o1F",
                "3F?<",
                ":_8L",
                "EjA*",
                "FYL6",
                ">9'd",
                "*&T]P5?J<",
                "o<fJ",
                "3[\\H9=\"",
                "&:3*",
                "?PJf]W",
                "x};`",
                "FRH!",
                "8&)v",
                "|y+K5",
                "DX*/",
                "Lmj'",
                "r)\"-m",
                "IJDEx",
                "vt]GQm",
                "n4S?RcE",
                "%(AF",
                ")\"W^_^",
                "t<2/",
                "2)ab",
                "hnNt}",
                ">>I)",
                "c!,+)",
                "b`_v",
                "0Psf",
                "5x>Rb&",
                "O#]7",
                "E!s|z",
                "p3cY",
                "B@Wi",
                "v{<p",
                "|Ai%S",
                "/.ZS",
                "d0N-",
                "d*YU\\",
                "IDAT/",
                "4!C ",
                "VruP",
                "Fyxj",
                "[uVK+",
                "ivN]",
                "{T5,",
                "y[y~y",
                "Gv!%",
                "[Ct]",
                "Cq|:",
                "]H-c",
                "b{j+",
                "nNUx",
                "m]%]g-",
                "w^@xr",
                "T!lw}",
                "?V_w",
                ")DrKJYmq",
                "23(`",
                "EZ3/3",
                "HjF+",
                ")HeYN",
                "JHQw",
                "<oXk",
                "o;Z[a",
                "6(#m",
                "xz}EiK1",
                "o79m)E,",
                "7IDV)",
                "mFq:MX]8",
                "6BIAU",
                "R$l7H",
                "9x1&\\",
                "2q:M8'",
                ">>.Xm",
                "a2ZV~",
                "BXaY",
                "MBQJ",
                "Rh6!",
                "/hc%O",
                "{d:>",
                "Zd8e",
                "e(ZJS",
                ">^Nc",
                "*L?9^K",
                "k_lE",
                "\"!ErEz",
                "VNHb",
                "CbY7B,",
                "LyS)",
                ",Fir",
                "Xc)Ya",
                "emy<",
                "YRJ|",
                "\\xz:",
                "ue[w",
                "q\"5%",
                "E)9U",
                "T+]?",
                "(t#Rw,",
                "w|^.",
                "PMTm",
                "Bk:/",
                "B!7f",
                "X/??g]",
                "?}=Q",
                "Xa&x",
                "]Jn!",
                "H2+,B",
                "^_~@",
                "w8'k",
                "()>tgV",
                "M[^$;",
                "z\\J~",
                "axdG",
                "e-'w",
                "(RhDU]",
                "F+z/z0",
                "B\\6Z*",
                "NhUY",
                "J7yb",
                "Cd^B",
                "Hmcq",
                "Ry~~%",
                "3)A.",
                "PQ[SJ",
                "dMUR",
                "F?z{{e",
                "\"Z7O",
                "?|}%l",
                "4aZ=5gypM",
                "hx};",
                "\\8_?",
                "4tV1",
                ",3}'",
                "YCJ;F",
                "J<-E",
                "_r+S",
                ")g\\g",
                "Cg4c",
                "66Zi",
                "xzze",
                "#>T~",
                "U,1}",
                "T+&i",
                "tb5{",
                ".oWc",
                "J>JVe",
                "eg:L",
                "]/n?",
                "AXx\"",
                "p[WB(",
                "mmug",
                "kt&C",
                "XwGXI9k",
                "'68kJ",
                "c*-XT",
                "P8epVQs$W",
                "S8L#",
                "ZY9&w",
                "NZpZ",
                ",|~*",
                "lw\\'3",
                "RD%]K}",
                "!fa1",
                "%i&n",
                "e_Wj",
                "6/<?O\\o",
                "<?$/",
                "-}'8xg%IZje",
                "2,+T",
                "l!9tc4",
                "G+)R(R",
                "Yd=Y",
                "tLxoqVV{",
                " A,-'",
                "<?M\\",
                "*uh0$ee",
                "yY9L",
                "UlPM,",
                "+BzX",
                "Ns[n",
                "xxj%#",
                "];=E",
                "=>=3",
                "IcOi",
                "Rx~>",
                "qG+8LN",
                "FU95",
                "2_Yn",
                ".wkjSv",
                "]OUJ",
                "RZy}{",
                ",QRUi",
                "[|6GY",
                "R$3r[",
                "*|}>0",
                "--XjDu",
                "Oo?q9",
                "SOJ+",
                "c]e='",
                "Vi%/",
                "N?v\\",
                "m!r[",
                "Gkq.",
                "jW,I",
                "\\*{Hb",
                "?]Ka[%2",
                "&v(\\",
                "RPz}}",
                "20Ky",
                "AbL8",
                "Z9_[P",
                "\\2ooom",
                "bUJ3",
                "q15//",
                "r<>1",
                "<{/Vf",
                "UaYVN",
                "y^xzz",
                "2-=N$",
                "\\G,P0",
                "eY%u",
                "#OOO,",
                "8&bHx",
                "MA4_}?",
                "qywI^",
                "--)Ei",
                "^jq]",
                "GyQl",
                "J*;[",
                "myA+",
                "0N\\.",
                "^P9@",
                "k#e%",
                "zYk#<",
                "^x:>a",
                "Gk-5M",
                "t:q<",
                "Z+?|",
                "YJ!,",
                "5xh)",
                "+1F.",
                "?y{{m",
                "aoVX",
                "O?PRfY6.",
                "-ZU.",
                "e]6.",
                "m-%eN",
                "d5M=",
                "0IKr",
                "g9b'",
                "+Z[N",
                "ooo|",
                ":tU,",
                "yc^v",
                "E,i$",
                ";]C.",
                "Z 'I9",
                "(xt%",
                "^D([",
                "\"QEU",
                "~c]#",
                "ya8M",
                "wb`r",
                "`4c?",
                "P0M#",
                "*%%b",
                "9R-,",
                "txf<",
                "\\g*-",
                "}aY6",
                "8vXUq",
                "RF+Y",
                "$!k.",
                "H:OkR",
                "~!Dg",
                "!v]7",
                ";K0,k",
                "#vhn",
                "hR-<",
                "6|?P",
                "P5Kb",
                "M(^_",
                "X>Zq",
                "t$l2",
                "JI(2",
                "0r<N",
                "QZA.",
                "ehtZ",
                "pxa^",
                "b@70",
                "8_ox",
                "}ZU{",
                "d32L=!",
                "ae&0",
                "83?|",
                "ma_7",
                "QUss",
                "UEITS",
                "{}9W",
                "<S_]",
                "LI_]",
                "ra]vq%*]",
                "ahEl",
                "-Et~",
                "]~n$T",
                "{^^_",
                "}[y{9K",
                "<3Nc",
                "VXg+EG",
                "//o8",
                "=XJf",
                "viUM",
                "(]5or",
                "HgeY",
                "q TC",
                "$i,c",
                "\"__Nx",
                "=EeBQ",
                "W>>.",
                "avmGN",
                "\"ZLU",
                "J}@<Z",
                "ZgEV",
                "\\n8'",
                "/NhC",
                "E4QI>B",
                "OYy ",
                "3%IC",
                "j]GT",
                "`MSs",
                ")-R!",
                "WNRn",
                "q,%)",
                "Jw]<%A",
                "cd8H",
                "`|u-j",
                "S}hi",
                " .4F",
                ";!z4",
                "\"WO+",
                "*IAV+",
                "q`[<",
                "//5;`",
                "FtZ)'",
                "QYY9",
                "YW!>7N",
                "i?)M",
                "#&oxk",
                "=<%1",
                "1*xTpL",
                "g5@=>",
                "t<R4\\",
                "suXf",
                ",%s<",
                "-a_ '",
                ";HO@Z",
                "e~>$",
                "IIN\"MM{.",
                "()JZ",
                "IW~y",
                "k]WL]",
                "+HI:",
                "DqU=",
                "\"w>[",
                "~9$4",
                "2t\"T",
                "PV}r",
                "5B~v",
                "I>/u.",
                "EcJ!",
                "ZgXwA",
                "\"j[Y",
                "@9BVt",
                "tz%x",
                "PHYs_<}k",
                "pmOF",
                "5uU#",
                "i*6:U",
                "0*~||",
                "?Tf)=",
                "(Ug{",
                "Q-%E",
                "iZg9",
                "]Y/w`",
                "_):K",
                "UHOYI",
                "+8(`",
                "(ly9",
                "m:|,",
                "x{{#",
                "J4V!",
                "d-?O",
                "]'\"Xk",
                "c_/8",
                "ZKg*U*",
                "hgi{",
                "t>3M",
                "@;wv",
                "=M+M",
                "+)Ul",
                "5/.M",
                "IDAT",
                "-m'0",
                "4fE?",
                "Fqt-",
                "4[7]",
                "dbb*|^",
                "~1FD",
                "THX6",
                "*RFc",
                "o'1 ",
                "2^!o",
                "71^w",
                "_E{%",
                "]i5F",
                "n3!H G",
                "gL\\n",
                "0NK@",
                "*?gkY",
                "i$xq",
                "B^\"!FI0v",
                "3>Dv",
                "f[|,",
                "yEtj",
                "=Z[.",
                "iY7y",
                "!'k%",
                "Ob^W",
                "&bmK7",
                "zgYwL",
                "sKLrt",
                "NRhJ",
                "0_fT%",
                "l]CT",
                "kx}=",
                "eg]d32N-",
                "^NX#",
                "j)*F",
                "W19Gv",
                "_)*2",
                ");aU",
                "Ad.B",
                "Z}6\\",
                "i[K.2T",
                "1k2F",
                "F,5%",
                "J~Uu",
                "]CFb",
                "2h+<j",
                "}OVJd3E",
                "PX6O*",
                "/H1s>",
                "H^m^",
                "\\g>?",
                ";kpm",
                "k5)yJ",
                "0Mh]X",
                "o4N<",
                "KnD^P1",
                "qp:L",
                "`O.r",
                "^WMM",
                "_85-6aY",
                "FAUaD",
                "}+D_",
                "=1x:'",
                "Uo;]",
                "3Z+^",
                "H#&rI|",
                "3.|~",
                "|nC ",
                "\"Z)N",
                "%Cim",
                ",%AH",
                "\"D<L",
                "?~Tl",
                "pZBH_",
                "\"l7W",
                "X9%a$j)",
                "Ho:r",
                "_IIz",
                "S$%XS",
                "o7rN",
                "ul1P",
                "{-`tC",
                "JV[m",
                "Hya_",
                "+)16",
                "_^N|~~>1",
                "hC-;%",
                "{v}K",
                "k[Rm",
                ",LcK",
                "b`[7",
                "<dCf",
                "f]WL",
                "2Z>+",
                "&D[]",
                "hom]?ja",
                "(]PZf",
                "`Qy`",
                "NFk2",
                "2*+p",
                "Ro5b)",
                "o\\>W",
                "q6NGn",
                "J$$=",
                "OmwNI&",
                "*3Vs",
                "h\\.s",
                "ib:LR*",
                "k{RL5",
                "%g^__",
                "a@f#",
                "Bb]V",
                "XkE`jL",
                "6+3A",
                "'~{_(Y",
                "32+)B",
                "m}S*",
                "~z<s",
                "-l>V",
                "I93N=]",
                "Xj@.C",
                "iI13/",
                "x1k=_V",
                ")/}<D|-S",
                "u`M!",
                "t:=s",
                "c]6R",
                "j}yDj]",
                "3H1$",
                "~Z~v",
                "I,<>p~9?O",
                "rD2Z",
                "RrbH",
                "c R*",
                "Kd}(~",
                "z{XaN",
                "sNO:",
                "*n[^6",
                "zuTJ",
                "I>@ZA?",
                "xyyy",
                ")0F6",
                "(cL5",
                "e i,",
                "k%uXOl",
                ".,{@Y",
                "\\xy9s>",
                "aSW8",
                "(!2t]51",
                "JRVB",
                "`PJ0",
                "u`-$E",
                "bT$r",
                "JLrB",
                "-VCN",
                "|`L!",
                "I\"*mP",
                "%Bct",
                "J?s+",
                "mcd`",
                "FR[rg",
                "P4YAL0",
                "U6K1R",
                ":W*Rf",
                "hL%m",
                "R`Y7",
                "gN D/O",
                "meYf2",
                "oH1cM]",
                "6p>t",
                "O1+)",
                "< ()",
                "z>.;",
                ">I~g",
                "I=*%",
                "\\>H1q8",
                "nPZq[",
                "iGb.",
                "$oD2",
                "BY+2l",
                "ym~I",
                "qr$O",
                ".;%FR",
                "=xl5",
                "gm].\\/",
                "]#1g",
                "o-Fe",
                "1$v+",
                "d>Qjv",
                "iYV/q\\+",
                "O/\\?",
                "@ik8",
                "J<0<6K9q>",
                ".l* 5",
                "QJ@)",
                "GjP*",
                "4tM+",
                "VBSR",
                ";LUcm",
                "U-*mP",
                "u%[x",
                ":sz=",
                "J[$}9M-Mc",
                "^>P*",
                "2h[s",
                "%GZ[`",
                "=BV,",
                ":1,+",
                "b,%K",
                ">??1",
                "nGJ]W",
                "Q~LEX",
                "5eaPH",
                "P}Th",
                "tR>+u",
                ";Z[QW9",
                "3M+C",
                ",l!`",
                "xmNl",
                "J(l:p",
                "f@\"?}ya_6",
                "?>X7",
                "C?p:",
                "}^qMKL",
                "SdYV",
                "\\`YV\\",
                "vESx}9",
                "Q%UT]",
                "mDdRJ",
                "Hges",
                "}g[g",
                "iy{k",
                "9+E3",
                "3F=3",
                "8>?>xyy",
                "n+Jk",
                "x2BbZ",
                ">dI-",
                "t<1L",
                "K`H2",
                "}x|?",
                "tmGII!g",
                "y@C7t",
                "k\\K,",
                "~|^9N'B",
                "r~B8",
                "wN/g",
                ";ooo",
                "AJ+N",
                "9\" A",
                "(#J72",
                "kY7As",
                "x<>HB",
                "iCHL",
                "Z7W[",
                "J+Yz",
                "+9I7@!0",
                "ce;4",
                "Ef2}#",
                "G#f%n",
                "nj-\\",
                "%*z8",
                "$C4'",
                "2,-;OO'",
                "x`^7Lw",
                "yy$6KIhwWg",
                "%y\\w",
                "QJd8Zin",
                "`z8<1:",
                "BhGWO7",
                "/CV$5",
                "[t^6",
                "}NiI8)m",
                "s|}=",
                "Przl,",
                "e_fHmO",
                "!%\\/b",
                "}a^e",
                "8,T`I",
                "|:c6",
                "R^l,",
                "TIIQ",
                "~Cn_",
                "|~|r:",
                "%3_7",
                "COY6jU",
                "#)G\\",
                "81_o",
                ".39'Ngi)",
                "u'D1",
                ";>>>",
                "k!'(J",
                ";NfG",
                ";RT[;YRN\\.7",
                "m# S",
                "WnKh0",
                "yO=v",
                "!rVc",
                "Au[c",
                "]2am",
                "0/B\"",
                "~`YV\"",
                "&Uxyi}j",
                "i^VQRW",
                "vbJ1",
                "RsCXYC",
                "Q%3_",
                "ZK.2",
                "[ld^",
                "%+RP",
                "~~Z[n",
                "ma_W",
                "RiOTC",
                "zRZXk",
                "\"(re",
                "Ah75",
                "Em;o",
                "Q)5q",
                "cMpY\"",
                "2M.U",
                "JU11w",
                "smI<M",
                "c|GNR",
                "TAwr<",
                "Wk1E",
                "fsQ|^7",
                "L+iI",
                "fY7r",
                "-lf%",
                "l{d:",
                "5FK#L",
                ".{[Y:",
                "m]P-",
                "s^^X",
                "T(%=",
                "UB F[",
                "::'p",
                ",\\=T",
                "Re*>",
                ">02L",
                "w|y>",
                "Sl;>;g",
                "!N{@",
                "*|y}\"",
                "|^0J",
                "R5C7",
                "OcPUHLB",
                "m,{H",
                "m/(-,",
                "0RJeY7",
                "e[WT",
                "\"DIpGi",
                "rbjr",
                "')q)",
                "=&(/",
                "$cQJ",
                "3JI6_5",
                "__1VL",
                "?x:M",
                "y&eR",
                "9%_:k",
                "bYe*",
                "aoiD",
                "82Tj",
                "?>?P",
                "8RKe",
                "J.@*",
                "dp^K",
                "t[Ja",
                "SZ>z[w",
                "2]'y",
                "e}$w})",
                "4\"n!",
                "D78~",
                "YjB)M",
                "!p[o",
                "1lhc",
                "K#\\C",
                "],Q(",
                "6\\J%",
                "!Ixb",
                "&)99",
                "VJHA",
                "#/9Q",
                "/_^e f{",
                "@5p<",
                "V<?=",
                "9PJe]6",
                "MKzu}",
                "w|~~b",
                "q`]V",
                "QN`Z)",
                "Qy6=",
                "zPp[",
                "oKCy",
                "@;MH",
                "t\\)p[",
                "I9Ib0e",
                "W)4]",
                "gYVB",
                "\"|4+",
                "cGoA",
                ";HX'",
                "A-8#",
                "x}y\"l",
                "4VGB",
                "aiz)OM",
                "}+rX",
                "}~:5",
                "Yq<N",
                "T;!%b",
                "e]7n",
                "YYf({",
                "CC:K",
                "se]V",
                "vk$*[",
                "cH1B",
                "kHIDAT])",
                "4|~^",
                "fP&a",
                "~k5r",
                "e=Vr",
                "\\.r+P",
                "(Ux:",
                "k,%ebm",
                "NN0ZI6HU",
                "l!q<Nl",
                "ue]g",
                "@'l{p",
                "#lAx",
                "3M#%",
                ",x+I",
                "4)IHY",
                "X(B\\",
                "{yy~",
                "$y:L",
                "t]GQY",
                "|8Lx",
                "E(+?",
                "&I4M",
                "q@b]o",
                "t$Da.",
                "[n$ea",
                "qk/$",
                "-%[.",
                "xV%x",
                "eKh%",
                "m/G9)",
                ",SH+",
                "ZTn-W",
                "Yg9I",
                "|ei^",
                "Zkk|Y",
                "vrpm5",
                "{3EiL",
                "TSCm(",
                "Q8cY",
                "(Sm]Y",
                "VKEY!]",
                "J3L=",
                ".+1n",
                "kGE>l-",
                "E\\x]",
                "te[g",
                "}>j{",
                "5J*sK",
                "kyXhjI",
                "YYWi",
                "JV.]7",
                "!Hs3eB",
                "*6k!+",
                "xh+:y",
                "<==a",
                "TTcl",
                "IxE`",
                "XM*Ek",
                "tb]w",
                "_xzy",
                "a$&y#",
                "D>/31gb",
                "jWMc4",
                "4ZTM",
                "ke^6B",
                "e^H1",
                "yXcXw",
                "R2y7",
                "4d5F",
                "p>Nx",
                "mV#'=",
                "wh%@",
                "hMR+9",
                "8zr'",
                "'!&a>",
                "q~:p<",
                "H?Qx/)",
                "U+aK(",
                "Z~H%K",
                "_[KM",
                "84LEE",
                "y~y&",
                "Y>?/",
                "Vr*L",
                "v]1Jq",
                "\\Z\\y`",
                "[a:t",
                "YFs8",
                "y>=7a",
                "<D9Vj%",
                "'mE*",
                ";E*g",
                "3[X[",
                "}k|t",
                ":_^_",
                "%i3k<",
                "kc Jq",
                "l1aLm",
                "^'Sp",
                "DkI57J",
                "l~*\"",
                "(%QK$",
                "#F)J",
                "Dk&}s",
                "r _?0",
                "z[eom",
                ")E:*",
                "IT:'/",
                "$g!Rk",
                "#oZU",
                "(()2",
                "'tM(",
                "vC++",
                "c/i@]",
                "ZN0E",
                "u[XR",
                "a)ENiV",
                "ILV*[",
                "wz.M",
                "#W%g",
                "'jU|",
                "p_*9U",
                "mb!%",
                "t]'p",
                "s](U",
                "]'=v",
                "k|t@",
                "#Yi9",
                "0RQm",
                "-:NC",
                "W~9;~}y",
                "{2QI",
                "~,->)h",
                "HmwO",
                "^g>>>",
                "Q63/",
                "a,8-",
                "D3;i",
                "!SIx",
                "iHsC",
                "AUx\\",
                "39W|'",
                "1hcq",
                "G\\'n",
                ";5KX",
                "vUp_]",
                "l[)y",
                "CXkB",
                "#ZnCU",
                "HEIS0",
                "I6\"m",
                "JYf5",
                "\\.Rx+",
                "b|7v",
                "yRJ,",
                "H{|p",
                ">52-",
                "ad]D",
                "k;'o",
                "X-0Mg",
                ":.kf]",
                "QhcE",
                "voOR",
                "58oq",
                "g[g>>",
                "2)|>",
                "?K)tm",
                "]g0Jb",
                "l.BHX+",
                "#hkA*",
                "0'Jf^",
                "NL1>,O1l",
                "PS&e",
                "{d:L",
                "*5SJ\"",
                "PePu_o",
                "\"H5J",
                "nWR*-",
                "wk)Zk",
                "UC)Z",
                "\\RkSv",
                "x:>Tg1Eaa",
                "UFQj",
                "J9G(E",
                "8f.\"",
                "Vj2F(^w",
                "uN;V",
                "}cYv",
                "6\\?o",
                "\\}?4kHx",
                "8Y+C",
                ":[~\\|j",
                "_ie%",
                "[ig'",
                "L[[6",
                "?y}yB)",
                "&OMbYV",
                "'u]c-Z",
                "mV 1",
                "5Rrx",
                "NH;y*",
                "rrmw",
                "{*q]",
                "&_.(",
                "~Cg9",
                "$Y=~",
                "j</AJ",
                "}xXv",
                "J5(%",
                "a~:BSK",
                "6(9!n",
                "BEgMh0x>?X5&",
                "Xw&<",
                ";F'S",
                "}/6ms",
                "g@Le(",
                "%:fSLH",
                "RAJDK+",
                "TN91",
                "xoaM",
                "445T",
                "w|~<Q",
                "ow,q",
                "An~%PD",
                "B%6b",
                "u]a|",
                "rz,pM1",
                "u@Zs.",
                "P6z6",
                ",EY{",
                "Ys}F",
                "1dEmh",
                "=R<Vvh",
                "Jh+_<I",
                "zJk{*",
                "9+S`",
                "/'l6tA",
                "z9'l",
                "H2m0t",
                "H\"e/",
                "2<#0a",
                "ridP",
                "WJA;",
                "dJk,",
                "__sE1",
                "Sl`[H",
                "WJQEg",
                "E,\\e",
                "X?>i&",
                "%f4X8",
                "F1J^",
                "J;zeJA",
                "K;PN)g",
                "j~hM",
                "9kF<",
                "iPKd~^",
                "b:Sk",
                "TfR|=",
                ":%[U",
                "_:X4",
                "RP'8?",
                "YB?C0X",
                "XfJr",
                "@+xy",
                " w^f",
                "s\"-Y;",
                "5'\\.w",
                "yANB",
                "o/7X",
                ")6RJ",
                "\\*EN^'",
                "Je6}",
                " K/[",
                "m#8&",
                "0=Bx;Y",
                "H/-R",
                "k<zYIfq",
                "eI0R",
                "_KC*",
                "*`0?w",
                "qYf1D",
                "\"=qi",
                "v#^{",
                ",NL/;",
                ";`%Pd",
                "e9lKmp",
                "<#'Rh",
                "Y.5I6",
                "\"J+x<",
                ")#eF",
                "y9g%",
                "Ms(K",
                ".xxm0O",
                "'he0/+l_",
                "{yyE",
                "\"I{o:#",
                "h3nMc",
                "45%L",
                "+_N7",
                "Dr*'K",
                "[AP\\'u",
                "?6o+",
                "Zk|~~",
                "fBZF",
                "PKA?",
                "'Dy~",
                "#QSG",
                "(?qr",
                ";C,Z#",
                "&v~]6",
                "a]V)",
                "J)A[",
                "NB-UL",
                "V|||",
                "|<0o",
                "_#Ch+",
                "xyyA",
                "[xk`",
                "?U3.",
                "Y\\.WZ",
                "6xgQK",
                "~y}C",
                "+]s ",
                "!`U&",
                "Cm_w",
                "45DC",
                "5W(U",
                "o-r\\",
                "I%E\\",
                "k||-H",
                "P:j*",
                "IEND",
                "<?xml version=\"1.0\" encoding=\"UTF-8\" standalone=\"yes\"?>",
                "<assembly xmlns=\"urn:schemas-microsoft-com:asm.v1\" manifestVersion=\"1.0\">",
                "  <assemblyIdentity version=\"1.0.0.0\" name=\"MyApplication.app\"/>",
                "  <trustInfo xmlns=\"urn:schemas-microsoft-com:asm.v2\">",
                "    <security>",
                "      <requestedPrivileges xmlns=\"urn:schemas-microsoft-com:asm.v3\">",
                "        <requestedExecutionLevel level=\"asInvoker\" uiAccess=\"false\"/>",
                "      </requestedPrivileges>",
                "    </security>",
                "  </trustInfo>",
                "</assembly>",
                "7JU]dkr",
                "#@#X",
                "1TAw",
                "xdefg",
                "True",
                "TEMP",
                "Java64bit.exe",
                "three-bands.gl.at.ply.gg",
                "24544",
                "c132c845ddc1e459ea58e893b14f206b",
                "Software\\Microsoft\\Windows\\CurrentVersion\\Run",
                "U291cmNl",
                "im523",
                "|'|'|",
                "False",
                "Update.exe",
                "svchost.exe",
                "Connect",
                "Software\\",
                "SystemDrive",
                "Software\\Microsoft\\Internet Explorer\\Main",
                "Start Page",
                "nwpr",
                "site",
                "IEhome",
                "shutdowncomputer",
                "shutdown -s -t 00",
                "restartcomputer",
                "shutdown -r -t 00",
                "logoff",
                "shutdown -l -t 00",
                "ErorrMsg",
                "peech",
                "SAPI.Spvoice",
                "speak",
                "BepX",
                "piano",
                "OpenCD",
                "set CDAudio door open",
                "CloseCD",
                "set CDAudio door closed",
                "DisableKM",
                "EnableKM",
                "TurnOffMonitor",
                "TurnOnMonitor",
                "NormalMouse",
                "ReverseMouse",
                "DisableCMD",
                "HKEY_CURRENT_USER\\Software\\Policies\\Microsoft\\Windows\\System",
                "EnableCMD",
                "DisableRegistry",
                "HKEY_CURRENT_USER\\Software\\Microsoft\\Windows\\CurrentVersion\\Policies\\System",
                "DisableRegistryTools",
                "EnableRegistry",
                "DisableRestore",
                "HKEY_LOCAL_MACHINE\\SOFTWARE\\Microsoft\\Windows NT\\CurrentVersion\\SystemRestore",
                "DisableSR",
                "EnableRestore",
                "DisableTaskManager",
                "DisableTaskMgr",
                "EnableTaskManager",
                "CursorShow",
                "CursorHide",
                "sendmusicplay",
                "OpenSite",
                "udpstp",
                "pingstop",
                "taskkill /F /IM PING.EXE",
                "temp",
                "/pass.exe",
                "https://dl.dropbox.com/s/p84aaz28t0hepul/Pass.exe?dl=0",
                "/temp.txt",
                "prof",
                "getvalue",
                "Execute ERROR",
                "Download ERROR",
                "Executed As ",
                "Execute ERROR ",
                "start",
                "Update ERROR",
                ".exe",
                "Updating To ",
                "Update ERROR ",
                "yy-MM-dd",
                "??-??-??",
                "Microsoft",
                "Windows",
                " Win",
                " x64",
                " x86",
                "netsh firewall add allowedprogram \"",
                "\" ENABLE",
                "\" ..",
                "taskkill /F /IM ",
                "autorun.inf",
                "[autorun]",
                "open=",
                "shellexecute=",
                "clear",
                "netsh firewall delete allowedprogram \"",
                "Software",
                "cmd.exe /k ping 0 & del \"",
                "\" & exit",
                "[kl]",
                "yy/MM/dd ",
                "[ENTER]",
                "[TAP]",
                "taskmgr",
                "processviewer",
                "processhacker",
                "process explorer",
                "button",
                "static",
                "directuihwnd",
                "End process",
                "1662897161_G-10"
            ]
        }
    ]
}