{
    "malware_data": [
        {
            "filename": "4c2043697a99ead23aa6a17d11762ba9152be82812422eda8bb08dd1c450f881.elf",
            "filetype": "7F454C46",
            "filesize": "76KB",
            "hash_sha256": "4c2043697a99ead23aa6a17d11762ba9152be82812422eda8bb08dd1c450f881",
            "strings": [
                "&!(@",
                "&# p",
                "4!( ",
                "$*0S",
                "4!  ",
                "(D&@",
                "$!  ",
                "<$ F",
                "<$ b",
                "$!(@",
                "E&! q",
                "JRB4",
                "$&!0D",
                "$!0@",
                "J%!`",
                "k%! ",
                "J%L*",
                "J%L*#",
                "$&!(",
                "gfQ4H",
                "c$#0e",
                "B4!X",
                "$!( ",
                "c$#Xf",
                "B1#0",
                "@ c$!",
                "0#hL",
                "B$$0C",
                "$!0 ",
                "<gfJ4",
                "` B$!",
                "<mNc4",
                "90B$$",
                "L4!@ ",
                "dc4*",
                "45.90.97.101",
                "abcdefghijklmnopqrstuvwxyzABCDEFGHIJKLMNOPQRSTUVWXYZ012345678",
                "5:?;",
                "<!: acam",
                " 18:1 ",
                "0125!8 ",
                "$5''#;&0",
                "509=:",
                "\"=.,\"",
                "'!$$;& ",
                "?;d509=:",
                "efg`a",
                "!'1&",
                ",<8#",
                "&;; ",
                "t#5't<1&1t8;8T",
                "'<188T",
                "1:5681T",
                "'-' 19T",
                "{6=:{6!'-6;,t",
                "nt5$$81 t:; t2;!:0T",
                ":7;&&17 T",
                "{6=:{6!'-6;,t$'T",
                "{6=:{6!'-6;,t?=88tymtT",
                "{$&;7{:1 {&;! 1T",
                "{$&;7{T",
                "{1,1T",
                "{20T",
                "{$&;7{:1 { 7$T",
                "{1 7{&1';8\"z7;:2T",
                ":591'1&\"1&tT",
                "544?9.354`z1??*w;63,?Z",
                "99?*.`z.?\".u2.76v;**639;.354u\"2.76q\"76v;**639;.354u\"76a+gjtcv37;=?u-?8*vpupa+gjtbZ",
                "99?*.w",
                ";4=/;=?`z?4w",
                "v?4a+gjtbZ",
                "54.?4.w",
                "#*?`z;**639;.354u\"w---w<5(7w/(6?495>?>Z",
                "5513?r}Z",
                "(?<(?)2`Z",
                "659;.354`Z",
                ")?.w95513?`Z",
                "954.?4.w6?4=.2`Z",
                ".(;4)<?(w?495>34=`Z",
                "92/41?>Z",
                "9544?9.354`Z",
                ")?(,?(`z>5);((?).Z",
                ")?(,?(`z965/><6;(?w4=34\"Z",
                "{01\"{#5 7<0;3T",
                "{01\"{9='7{#5 7<0;3T",
                "{'6=:{#5 7<0;3T",
                "{6=:{#5 7<0;3T",
                "{01\"{#5 7<0;3dT",
                "{1 7{0125!8 {#5 7<0;3T",
                "{1 7{#5 7<0;3T",
                "5''#;&0T",
                ";3=:T",
                "1: 1&T",
                "e365`70;9ag:<$ef1=d?2>T",
                ";!&71t",
                ":3=:1t",
                "!1&-T",
                "{01\"{",
                "#5 7<0;3T",
                "ede{#5 7<0;3T",
                "/dev/null",
                "CAk[S",
                ".shstrtab",
                ".init",
                ".text",
                ".fini",
                ".rodata",
                ".ctors",
                ".dtors",
                ".data.rel.ro",
                ".data",
                ".got",
                ".sbss",
                ".bss",
                ".mdebug.abi32"
            ]
        }
    ]
}