{
    "malware_data": [
        {
            "filename": "45f1a4a57738e0da4bd7a846b715c346fedcc68f7b9ddc9a76e78a0ae0d120e6.elf",
            "filetype": "7F454C46",
            "filesize": "128KB",
            "hash_sha256": "45f1a4a57738e0da4bd7a846b715c346fedcc68f7b9ddc9a76e78a0ae0d120e6",
            "strings": [
                ",N^NuNV",
                "f>\"y",
                "N^NuNV",
                "N^Nu",
                " OHWHQHy",
                "0 $/",
                "gV$H",
                "`@Hx",
                "?>,oQ",
                "`Hx(",
                "Qd/H",
                "/AQhHoQ",
                "HoQhB",
                "eV0;",
                "ZgZB*",
                "HoPlHoP",
                " 7- P",
                " PpO",
                "<Hx(",
                "Ho(pa",
                " (hK",
                "(Ho(la",
                " (ta",
                "Ho(xa",
                " Ho(da",
                " (la",
                "@Ho(pa",
                " (xa",
                "&Ho(|a",
                "Ho(la",
                "Ho(ta",
                " (|a",
                "Ho(|a",
                "Ho(ha",
                " (pa",
                " (ha",
                ",Ho(pa",
                "Ho(pN",
                " (xN",
                " (hN",
                "Ho(tN",
                " (|N",
                "Ho(lN",
                "Hw) (tHx",
                "nHo(",
                "Ho(da",
                "Hr) ",
                "Ho(dK",
                " (lM",
                "Ho(dN",
                " (lN",
                "gTHo(dN",
                "Ho(p/",
                "*B%F",
                "HHx@",
                "\"$/Q",
                "Z /Q",
                "( GR",
                "x\"@O",
                "F$oQ",
                "e,$/",
                "+|GET",
                "g^ FJ",
                "B5) ",
                "|th(",
                " DHp",
                "? G ",
                ",(@O",
                "N FB",
                "$Hx@",
                "lh J",
                "l^ J",
                ".Hx@",
                "( K`",
                "(\"JB",
                "$_NuH",
                "f6//",
                "M$/9",
                "?>&o",
                "/f4B",
                " BHh",
                "g \"H",
                "M$Hx",
                "$HB(",
                " @Hh",
                "?>$/",
                "&H/<",
                ":@*K,GHx",
                "0$^p",
                "S`5@",
                "$Gv(",
                "*HHx",
                "G@Hx",
                "6/5(",
                "DNuO",
                ".&HHx",
                " (H/<",
                "<@Hx",
                "K(<@`",
                "^&HHx",
                ":@(Fp",
                "I$5@",
                ",H/<",
                "6@Hx",
                "(NHx",
                "3fp$u8",
                "3fL$u8",
                "@Hx@",
                "EJ5@",
                "NuNV",
                "?<(.",
                "&@Hx",
                "M,Hx",
                " FHh",
                "&H n",
                "BL5@",
                "$$HHx",
                "3F7@",
                "@j n",
                "@H%@",
                "@45@",
                "@ 9@",
                "Z$HHx",
                "1B5@",
                "1|7@",
                "(@Hx",
                "&@/<",
                "*@/9",
                "f&H n",
                "-&7@",
                "-d5@",
                ":f'@",
                ":R7@",
                ":>5@",
                ",,5@",
                "N^NuO",
                "?>&/",
                "(HHx",
                "{<?|",
                "XHx@",
                " G$p",
                "(F5@",
                "(f7@",
                "5f$/",
                "5.?@",
                "4b5@",
                "| G&p",
                "PNuO",
                "?>*o",
                "a0LA",
                "2r$/",
                "2$p,",
                "!R7@",
                "-n'@",
                "?>(o",
                "(&$/",
                "` \"o",
                "LNuNV",
                "?<(n",
                " N!<",
                "$T5@",
                "$07@",
                "m:&.",
                "UUUV\"",
                "$H o",
                ": EX",
                "|NuO",
                "G@ FN",
                "v`*<",
                "on/9",
                "?>./",
                "F G/h",
                "*@Hx",
                "L\"C$F",
                "<F*FR",
                "\"@%qx",
                "\"GHq",
                "Hw(P/",
                "`2/|",
                "/|JR**",
                "DNu/",
                "FNqO",
                ":@$K",
                "; F ",
                "|`@$*",
                "(Nu/",
                "BBHB",
                "BAHA",
                "BAHAJ",
                "<NuYO/",
                "XONu 9",
                "NuHx",
                "NuNqNV",
                "?<Hx",
                "xN^Nua",
                "Nu//",
                "NuNqp",
                "Nu/9",
                "OZ/9",
                "NqNV",
                "?<*n",
                "P CN",
                "M,Hy",
                "  CN",
                "  FN",
                "g4Hn",
                "fLBn",
                "Pf-@",
                "KrHx",
                "KhHx",
                "K6Hx",
                "v CN",
                "M0Hx",
                "r(HHx",
                "g*$l",
                ",HHx",
                "M0/9",
                ",HglB9",
                ",H$9",
                "g>0.",
                "fN 9",
                "gH/9",
                "M,Hx@",
                "(Hx@",
                "\\N^NuNV",
                "0 &/",
                ",J 9",
                ",N 9",
                ",R 9",
                ",V$9",
                ",V 9",
                ",R\"9",
                ",V\"/",
                "8 $n",
                "N^Nu/",
                "ln 9",
                "gn 9",
                "`d 9",
                "$_&_NuO",
                "?>$o",
                "Z,HK",
                "\" FN",
                "H@B@",
                "< CHh",
                "g6 7- ",
                "& IB",
                "gH JB",
                " AHh",
                ",Z$y",
                ",Z y",
                "?<$n",
                "r@-A",
                ",nBy",
                ",hHx",
                ",h$.",
                "fffg",
                " G1|",
                " G!y",
                ",rHy",
                " G1@",
                ",^/9",
                "gH IC",
                "M@$*",
                "&C$.",
                " EHh",
                "M@$,",
                " 6- ",
                " E/(",
                "` G1|",
                "f* .",
                " THx@",
                "4Hx@",
                "h D ",
                "g0/,",
                "j&HO",
                "N^Nu\"/",
                "ML 9",
                "BCHC$",
                "<NuH",
                " 0Hx",
                "MVHx",
                "MbHx",
                "MnHx",
                "MzHx",
                "N\"Hx",
                "N.Hx",
                "N:Hx",
                "NFHx",
                "NRHx",
                "N^Hx",
                "NjHx",
                "NvHx",
                "NuNu o",
                "NuNq/",
                "g \"A\"",
                "Nu\"o",
                "NuNq o",
                "NuNqH",
                " 0&o",
                "gF=|",
                "N^NuH",
                "< */",
                "<Nu/",
                "m BBS",
                "NuNuNqH",
                "?0\"o",
                "b60|",
                "eLgF ",
                "b(p7 B",
                "pW B",
                "8  /",
                "gb J",
                "`Jp7",
                "` J ",
                "$NuNV",
                " A-P",
                "`V-n",
                "p7N@-@",
                "N@-@",
                "N^NuNuNV",
                "p]N@-@",
                "p@N@-@",
                "p6N@-@",
                "p%N@-@",
                "p*N@-@",
                "<0&n",
                "0 $n",
                "pUN@-@",
                "<8&n",
                "pBN@-@",
                "pjN@-@",
                "LN^NuNV",
                "DN^NuNV",
                "f(/.",
                " @N^NuNuNV",
                "eL n",
                "`j .",
                " @N^NuNV",
                "f40|",
                "V^Hy",
                "rgd-|",
                "wgP-|",
                "ag<a",
                "g$ n",
                "fDHx",
                "ml n",
                "fZHx",
                "g( n",
                " @$.",
                "gH n",
                "`, n",
                "g, n",
                "gV .",
                "o0 .",
                "`<-n",
                "o  .",
                "o( n",
                "f> n",
                "pW-@",
                "f, n",
                "p,-@",
                "e* n",
                "p7-@",
                "dZ n",
                "-f \"n",
                "`. n",
                "gd n",
                "f. .",
                "b$ n",
                "0f:p",
                "fn .",
                "fV .",
                " @-P",
                ">g6 n",
                "`|-|",
                "`D n",
                "`<\".",
                "lB .",
                "g& .",
                "gh .",
                "o*\".",
                "gl n",
                "%gLR",
                "<`\"-n",
                "0N^NuNV",
                "`P n",
                "%f@R",
                "%g0 n",
                "`$ n",
                "oH n",
                "f(0|",
                "`v0|",
                "`Z0|",
                "`:2|",
                "`| n",
                "f. n",
                "lD n",
                "p  n",
                "$_N^NuNuNV",
                "`,/.",
                "n  .",
                "$f2J",
                "oF-n",
                "0fp-n",
                "*fZJ",
                "g4 n",
                "f -n",
                "p0-@",
                "r -A",
                "f* n",
                "m,\".",
                "F`4 n",
                "gz <",
                "gn n",
                "f$Hx",
                "`p n",
                "g40|",
                "f8/.",
                "f\" n",
                "(`N n",
                "g8/.",
                "e, .",
                "`R n",
                "`& n",
                "`H n",
                "`~ n",
                "`@ n",
                "`b n",
                "`l n",
                "`` n",
                "`8 n",
                "`  n",
                "`f n",
                "`\" n",
                "`F n",
                "gh n",
                "gJ n",
                "fL-n",
                "`J n",
                "` J.",
                "`0 n",
                "f\"\".",
                "g\\ .",
                "gT .",
                "g>\".",
                "g( .",
                "gr`FJ",
                "e2-|",
                "`F\".",
                "p\"-@",
                "gn .",
                "`n .",
                "gT n",
                "f$ n",
                "z`^O",
                "o6 n",
                "g. .",
                "fJ .",
                "f,$n",
                "g>$n",
                "~gT .",
                "I< .",
                "GH .",
                "f8 n",
                "f< n",
                "f0 n",
                "$@/<",
                "~g  .",
                "f2\"n",
                "\"P n",
                " P!n",
                " P h",
                " P (",
                "f  .",
                "`V n",
                "g8 n",
                "g|-n",
                "g\" n",
                "gJ-n",
                "fN .",
                "`N .",
                "lnr9",
                "mf n",
                "`2p.",
                "`L n",
                "g: .",
                "fv-n",
                "`8p.",
                "f( .",
                "g6 .",
                "gh\".",
                "`0 .",
                "`, .",
                "`& .",
                "B@H@",
                "0fb\"n",
                "0fTS",
                "`N\"n",
                "`J\".",
                "\"@ .",
                "`f .",
                "f$ .",
                "`> .",
                "`2 .",
                "g\" .",
                "n, .",
                "ff .",
                "fR .",
                "fF .",
                "g `< .",
                "f*/.",
                "r\"-A",
                "g> n",
                "fj .",
                "fb .",
                "t\"-B",
                "fx-n",
                "`R .",
                "lp -@",
                "`^/.",
                "b\"\"9",
                "g4 .",
                "gF/.",
                "f>Hy",
                "g\"\".",
                "`2/.",
                "`j/.",
                "f* 9",
                "f\"/.",
                "bHHy",
                "e4\".",
                "`\\\".",
                "b0 .",
                "f6 n",
                "e*/.",
                "`t n",
                "f& n",
                "`\"/.",
                "`*\"n",
                "fffg\"",
                "gR n",
                "fffg$",
                "f: n",
                "g*\"n",
                "l:/.",
                "0f*R",
                "`2 n",
                "FNqNV",
                "p -@",
                "(r -A",
                "HN^NuNuNV",
                "f&/.",
                "Z@N^NuNV",
                "f8 9",
                "\"N^NuNV",
                "`>-n",
                "e( n",
                "f\" .",
                "gF\".",
                "g./<",
                "NqNu\"_ <",
                "N@\"<",
                "pfN@-@",
                "plN@-@",
                "`,-y",
                "`h-n",
                "p+N@-@",
                "< $n",
                "prN@-@",
                "0@-H",
                "`T n",
                "g| .",
                "fh n",
                "gx .",
                "fj n",
                "g@ n",
                "mp .",
                "`h .",
                "`$\".",
                "p !@",
                "tp-B",
                "gl .",
                "f8$.",
                "o(Hx",
                "m& .",
                "mL n",
                "oP n",
                "o  n",
                "o& n",
                "l, n",
                "gF$.",
                "l4 .",
                "ov n",
                "g* n",
                "`< n",
                "$`Hp",
                "(N^NuNV",
                "f4p8",
                "g^ .",
                "f: .",
                "m$ .",
                "fx .",
                "` B.",
                "fb`$B.",
                "-f^ n",
                "]gP n",
                "g|`2B.",
                "g2 .",
                "fv .",
                "`VB.",
                "b& .",
                "f0 .",
                "fv n",
                "g\"J.",
                "4p. n",
                "8N^NuNV",
                "fD\"n",
                "`( n",
                "n6 .",
                "$g& n",
                "D`JJ.",
                "$`*\"n",
                "n@ .",
                "m*\"n",
                "g /.",
                "fn/.",
                "`D/.",
                "`D .",
                "fl n",
                "`8 .",
                "g  n",
                "0N^NuNuNV",
                "c& n",
                "g: n",
                "S@ n",
                "g& n",
                "gb n",
                "`4Hx",
                "`r n",
                "`X n",
                "gj-n",
                "BTp\"-@",
                "f:Hy",
                "`B .",
                "g$/.",
                "g&/.",
                "< -P",
                "`*/.",
                "`xHx",
                ";h-P",
                ";Jp& ",
                "p&-@",
                "pi-@",
                "`V .",
                "f8J.",
                "mH 9",
                "o<Hx",
                "OX 0",
                ":` Hx",
                "gb <",
                "` /.",
                "g` <",
                "`\" .",
                "gZ <",
                "`:$9",
                "Ot .",
                "gX .",
                "`< 9",
                "Ox 9",
                "Ox .",
                "HN^NuNV",
                "$N^NuNuNV",
                "`NHx",
                "g$ .",
                "c. .",
                "`$ .",
                "fl .",
                "gB n",
                "mB .",
                "f4Hx",
                "f6 9",
                "f~ 9",
                "NqNuNV",
                "bd\".",
                "e6 .",
                "g, .",
                "zv\" ",
                "0g6R",
                "|p\" ",
                "O|0|",
                "p-N@-@",
                "80&n",
                "`J-n",
                "`6 n",
                "d> n",
                "R@ n",
                "md n",
                "fd .",
                "gv n",
                "`Z n",
                "g0/.",
                "c4\"n",
                "f``R/.",
                "fH`. .",
                "`* n",
                "`2-n",
                "N`Br",
                "fz n",
                "o\\ n",
                "fx n",
                "oZ n",
                "`Rp?F",
                "N^Nuhttp://",
                "https://",
                "0123456789abcdef",
                "/proc/%d/exe",
                "/proc/%d/stat",
                "%*s %*s %*s %*s %*s %*s %*s %*s %*s %*s %*s %*s %*s %*s %*s %*s %*s %*s %*s %*s %*s %s",
                "/proc/",
                "/tmp/encoder",
                "/ (deleted)",
                "/home/",
                "/compress/bin/",
                "/compress/usr/",
                "/usr/local/",
                "/usr/java/",
                "/usr/libexec/",
                "/usr/sbin/",
                "/usr/bin",
                "/usr/lib/",
                "/html/home/webserver",
                "/opt/app/",
                "/lib/systemd/",
                "/snap/snapd/",
                "/system/system/bin/",
                "/gm/bin/",
                "/mnt/mtd/",
                "/z/zbin/",
                "/dvr/",
                "/z/bin/",
                "/z/secom/",
                "/data/module/jdk",
                "/db2/",
                "/db/",
                "/data/",
                "/run/",
                "/proc/%d",
                "reboot",
                "lets.lock",
                "abcdefghijklmnopqrstuvwxyzABCDEFGHIJKLMNOPQRSTUVWXYZ0123456789",
                "vkkp",
                "`abeqhp",
                "e5war1}3g7=o",
                "jaskvejcapagl",
                "ravpa|61aopow567",
                "skk`}5543",
                "skk`}",
                "n5+[2w.s",
                "sefnpei",
                "a54e`g7=",
                "etm|",
                "}5j6mjg*gki4311",
                "ja||e`imj",
                "n5+[3w|s",
                "e`imjpahagki",
                "pahagkie`imj",
                "41=EjoN",
                "OHDQLa^4",
                "5057<<",
                "llllll",
                "5555",
                "e`imj5670",
                "e`etpag",
                "E`imjmwpvepkv",
                "JQHH",
                "ffw`)ghmajp",
                "tev4p",
                "gefhagki",
                "tkmjpkbweha",
                "mgepgl==",
                "7gki",
                "@KGWMW[ETT",
                "japktme",
                "Gleiahakj",
                "K|lhsWC<",
                "W6bCuJBw",
                "56701",
                "cqawp",
                "pwckmjckj",
                "wkhkoa}",
                "pahjape`imj",
                "567012",
                "644<4<62",
                "5445glmj",
                "|g7155",
                "rm~|r",
                "lc6|4",
                "lqjp131=",
                "jbhagpmkj",
                "tewwskv`",
                "teww",
                "p4pehg4jpv4h0%",
                "~h||*",
                "|il`mtg",
                "ohr567",
                "ohr5670",
                "w}wpai",
                "msof",
                "44444444",
                "smj5`ksw",
                "jaswlaaj",
                "jaskvejca<<<<<<<<",
                "jaskvejc",
                "phNstfk2",
                "64514246",
                "rwpevgei6451",
                "lmormwmkj",
                "rl`5642",
                "UsawpI4`ai",
                "bm`ah567",
                "weiwqjc",
                "atmgvkqpav",
                "e`imjDimimbm",
                "`eaikj",
                "wqttkvp",
                "3qnIok4e`imj",
                "`rv61<4666",
                "lectkhi5",
                "r6itvp",
                "6455rwpe",
                "@57ll_",
                "|il`tmg",
                "pahjap",
                "seck",
                "glmje567",
                "fddldlfb",
                "nqejpagl",
                "10765",
                "222222",
                "^pa165",
                "lm715<",
                "nrf~`",
                "ejok",
                "qfpj",
                "wkhm`fhqa",
                "<`76b<0=20effg3e24=3a07",
                "e`imjth`p",
                "a<lkia",
                "svcj04[`hsfv[`mv251n",
                "Ehtlejapskvow",
                "hpagh0v4",
                "5e`imj4",
                "g}peqwav",
                "eppe`imj",
                "7the}",
                "^\\@WH",
                "fe}ej`wh",
                "7:7z#%z3-",
                "6; z#%z3-",
                ":217 10",
                "=3< t0=0t= 't>;6",
                "1:5681",
                "'-' 19",
                "{6=:{6!'-6;,t",
                "nt5$$81 t:; t2;!:0",
                ":7;&&17 ",
                "5''#;&0",
                ";3=:",
                "1: 1&",
                "8=:!,'<188",
                "{1 7{&1';8\"z7;:2",
                ":591'1&\"1&t",
                "7;::17 =;:nt?11$y58=\"1",
                "771$ nt 1, {< 98x5$$8=75 =;:{,< 98",
                ",98x5$$8=75 =;:{,98o%idzmx=9531{#16$x~{~o%idzl",
                "771$ y",
                "5:3!531nt1:y",
                "x1:o%idzl",
                "'1 7;;?=1|}",
                "&12&1'<n",
                "8;75 =;:n",
                "'1 y7;;?=1n",
                "7;: 1: y81:3 <n",
                " &5:'21&y1:7;0=:3n",
                "7<!:?10",
                "7;::17 =;:n",
                "'1&\"1&nt0;'5&&1' ",
                "'1&\"1&nt78;!0285&1y:3=:,",
                ";.=885{azdt|",
                "57=: ;'<ot",
                ": 18t",
                "tedzbot&\"nfazd}t",
                "17?;{fdeddedet",
                "=&12;,{fazd",
                "tedzbot&\"nfezd}t",
                "=&12;,{fezd",
                "tedzbot&\"nf`zd}t",
                "=&12;,{f`zd",
                "edot&\"nggzd}t",
                "=&12;,{ggzd",
                "{$&;7{",
                "{ 9${",
                "{1,1",
                "{$&;7{:1 { 7$",
                "{7908=:1",
                ";!&71t",
                ":3=:1t",
                "!1&-",
                "7;: 1: y",
                "-$1nt5$$8=75 =;:{,y###y2;&9y!&81:7;010",
                "=:0;#'t",
                "tedzdot",
                "b`}t",
                "$$81",
                "= {agczgbt|",
                "xt8=?1t",
                "17?;}t",
                "<&;91{aezdzfcd`zedgt",
                "525&={agczgb",
                "<&;91{afzdzfc`gzeebt",
                "tbzeot",
                "= {bdezczct|",
                "1&'=;:{mzezft",
                "525&={bdezczc",
                ";.=885{`zdt|7;9$5 =681ot",
                "tmzdot",
                "tazeot",
                "&=01: {azd}",
                "tbzdot",
                "&=01: {`zdot",
                "cz`ot",
                "5 <zgot",
                "eotz",
                "tgz`zaggbdot",
                "b`ot1:y",
                "&5#81&ot",
                "10=5t",
                "1: 1&t",
                "tazd}",
                "5 <zfot",
                "t`z`zalcmmot",
                "&=01: {azdot",
                "&;0!7 '}",
                "=:b`ot,b`}t",
                "<&;91{bfzdzgfdfzm`",
                "(nil)",
                "(null)",
                "hlLjztqZ",
                "npxXoudifFeEgGaACScs",
                " +0-#'I",
                "Unknown error Success",
                "Operation not permitted",
                "No such file or directory",
                "No such process",
                "Interrupted system call",
                "Input/output error",
                "No such device or address",
                "Argument list too long",
                "Exec format error",
                "Bad file descriptor",
                "No child processes",
                "Resource temporarily unavailable",
                "Cannot allocate memory",
                "Permission denied",
                "Bad address",
                "Block device required",
                "Device or resource busy",
                "File exists",
                "Invalid cross-device link",
                "No such device",
                "Not a directory",
                "Is a directory",
                "Invalid argument",
                "Too many open files in system",
                "Too many open files",
                "Inappropriate ioctl for device",
                "Text file busy",
                "File too large",
                "No space left on device",
                "Illegal seek",
                "Read-only file system",
                "Too many links",
                "Broken pipe",
                "Numerical argument out of domain",
                "Numerical result out of range",
                "Resource deadlock avoided",
                "File name too long",
                "No locks available",
                "Function not implemented",
                "Directory not empty",
                "Too many levels of symbolic links",
                "No message of desired type",
                "Identifier removed",
                "Channel number out of range",
                "Level 2 not synchronized",
                "Level 3 halted",
                "Level 3 reset",
                "Link number out of range",
                "Protocol driver not attached",
                "No CSI structure available",
                "Level 2 halted",
                "Invalid exchange",
                "Invalid request descriptor",
                "Exchange full",
                "No anode",
                "Invalid request code",
                "Invalid slot",
                "Bad font file format",
                "Device not a stream",
                "No data available",
                "Timer expired",
                "Out of streams resources",
                "Machine is not on the network",
                "Package not installed",
                "Object is remote",
                "Link has been severed",
                "Advertise error",
                "Srmount error",
                "Communication error on send",
                "Protocol error",
                "Multihop attempted",
                "RFS specific error",
                "Bad message",
                "Value too large for defined data type",
                "Name not unique on network",
                "File descriptor in bad state",
                "Remote address changed",
                "Can not access a needed shared library",
                "Accessing a corrupted shared library",
                ".lib section in a.out corrupted",
                "Attempting to link in too many shared libraries",
                "Cannot exec a shared library directly",
                "Invalid or incomplete multibyte or wide character",
                "Interrupted system call should be restarted",
                "Streams pipe error",
                "Too many users",
                "Socket operation on non-socket",
                "Destination address required",
                "Message too long",
                "Protocol wrong type for socket",
                "Protocol not available",
                "Protocol not supported",
                "Socket type not supported",
                "Operation not supported",
                "Protocol family not supported",
                "Address family not supported by protocol",
                "Address already in use",
                "Cannot assign requested address",
                "Network is down",
                "Network is unreachable",
                "Network dropped connection on reset",
                "Software caused connection abort",
                "Connection reset by peer",
                "No buffer space available",
                "Transport endpoint is already connected",
                "Transport endpoint is not connected",
                "Cannot send after transport endpoint shutdown",
                "Too many references: cannot splice",
                "Connection timed out",
                "Connection refused",
                "Host is down",
                "No route to host",
                "Operation already in progress",
                "Operation now in progress",
                "Stale NFS file handle",
                "Structure needs cleaning",
                "Not a XENIX named type file",
                "No XENIX semaphores available",
                "Is a named type file",
                "Remote I/O error",
                "Disk quota exceeded",
                "No medium found",
                "Wrong medium type",
                "%u.%u.%u.%u.in-addr.arpa",
                "%x.%x.",
                "ip6.arpa",
                "/bin/sh",
                "/dev/null",
                "hlLjztq",
                "npxXoudifFeEgGaACSncs[",
                "nfinity",
                "/etc/services",
                "/etc/resolv.conf",
                "/etc/config/resolv.conf",
                "nameserver",
                "domain",
                "search",
                "infinity",
                "/etc/hosts",
                "/etc/config/hosts",
                "S[kA",
                ".shstrtab",
                ".init",
                ".text",
                ".fini",
                ".rodata",
                ".ctors",
                ".dtors",
                ".data",
                ".bss",
                ")+- ",
                " !\"#$%&'()*+,-./0123456789:;<=>?@abcdefghijklmnopqrstuvwxyz[\\]^_`abcdefghijklmnopqrstuvwxyz{|}~"
            ]
        }
    ]
}