{
    "malware_data": [
        {
            "filename": "4b44b1c08bf3bb9f1b9b215eb84c04144e79c4c024b34d5b8b0c8c9309126e71.exe",
            "filetype": "4D5A9000",
            "filesize": "343KB",
            "hash_sha256": "4b44b1c08bf3bb9f1b9b215eb84c04144e79c4c024b34d5b8b0c8c9309126e71",
            "strings": [
                "!This program cannot be run in DOS mode.",
                ".text",
                "`.rsrc",
                "@.reloc",
                " @B/",
                "jXi(",
                "j[81",
                "_b_9",
                "_bj_9",
                "_daT",
                "jX}y",
                "_b`*",
                "b`~z",
                "ba~z",
                "ba~{",
                "?_d ",
                " vT2",
                "f_`X",
                "f`aX",
                "XjXo$",
                "%%o#",
                "vlmX",
                "*BSJB",
                "v4.0.30319",
                "#Strings",
                "#GUID",
                "#Blob",
                "g'q'",
                "eUsU",
                "d^q^",
                "=eIe",
                "-S% ",
                "2S% ",
                "ZS* ",
                "iS/ ",
                "nS4 ",
                "sS9 ",
                "xS> ",
                "}SC ",
                "n\\*$",
                "s\\7$",
                "x\\K$",
                "}\\_$",
                "9]3&",
                "@]I&",
                "G]]&",
                "N]q&",
                "%^e(",
                ",^r(",
                "l_!+",
                "C`{+",
                "ea%.",
                "la;.",
                "saW.",
                "zad.",
                "bb30",
                "ib@0",
                "pbL0",
                "wbZ0",
                "~bh0",
                "&cE2",
                "-cT2",
                "4cb2",
                ";cp2",
                "2d 5",
                "9d55",
                "@dE5",
                "Gd[5",
                "Ndj5",
                "`e*7",
                "geH7",
                "neV7",
                "uel7",
                "(f28",
                "/fA8",
                "6fS8",
                "=fe8",
                "|f!9",
                "\"g\\:",
                ")gv:",
                "vg,;",
                "}g>;",
                "?h,<",
                "FhL<",
                "Mhb<",
                "Thx<P ",
                "_\\!$",
                "_\\/$",
                "_\\B$",
                "_\\V$",
                "_\\d$",
                "_\\x$",
                "_\\&%",
                "_\\D%",
                "_\\_%",
                "_\\u%",
                "_\\)&",
                "_\\?&",
                "_\\T&",
                "_\\h&",
                "_\\{&",
                "_\\G'",
                "_\\'(",
                "_\\4(",
                "_\\A(",
                "_\\O(",
                "_\\\\(",
                "_\\j(",
                "_\\w(",
                "_\\.)",
                "_\\C)",
                "_\\])",
                "_\\x)",
                "_\\&*",
                "_\\<*",
                "_\\J*",
                "_\\X*",
                "_\\f*",
                "_\\t*",
                "_\\-+",
                "_\\C+",
                "_\\Y+",
                "_\\p+",
                "_\\A,",
                "_\\`,",
                "_\\6-",
                "_\\E-",
                "_\\Q-",
                "_\\f-",
                "_\\z-",
                "_\\1.",
                "_\\J.",
                "_\\\\.",
                "_\\p.",
                "_\\!/",
                "_\\//",
                "_\\B/",
                "_\\Y/",
                "_\\j/",
                "_\\x/",
                "_\\)0",
                "_\\80",
                "_\\E0",
                "_\\Q0",
                "_\\_0",
                "_\\m0",
                "_\\z0",
                "_\\)1",
                "_\\<1",
                "_\\O1",
                "_\\]1",
                "_\\p1",
                "_\\62",
                "_\\J2",
                "_\\Y2",
                "_\\g2",
                "_\\{2",
                "_\\43",
                "_\\M3",
                "_\\e3",
                "_\\t3",
                "_\\#4",
                "_\\<4",
                "_\\V4",
                "_\\o4",
                "_\\%5",
                "_\\:5",
                "_\\Q5",
                "_\\`5",
                "_\\w5",
                "_\\\"6",
                "_\\06",
                "_\\>6",
                "_\\Q6",
                "_\\f6",
                "_\\}6",
                "_\\!7",
                "_\\:7",
                "_\\M7",
                "_\\b7",
                "_\\x7",
                "_\\(8",
                "_\\78",
                "_\\K8",
                "_\\]8",
                "_\\t8",
                "_\\&9",
                "_\\39",
                "_\\E9",
                "_\\X9",
                "_\\l9",
                "_\\+:",
                "_\\::",
                "_\\F:",
                "_\\T:",
                "_\\j:",
                "_\\{:",
                "_\\#;",
                "_\\6;",
                "_\\C;",
                "_\\W;",
                "_\\n;",
                "_\\!<",
                "_\\=<",
                "_\\X<",
                "_\\n<",
                "SM )",
                "Sf Y",
                "U`!|",
                "Uv!)",
                "YW#\"9",
                "W:\"q",
                "W@\"Y",
                "XP\")",
                "%Xf\"",
                "FX|\"9",
                "vXq\"Y",
                "X\\\"Y",
                "h|\"Y",
                "FX|\"",
                "IiJ\"Y",
                "Tc=Y",
                "|'n=",
                "Pl>>",
                "_lD>i",
                "_lZ>i",
                "lo>Q",
                "lv>Q",
                "vX}>i",
                "mJ\"Y",
                "an/#Q",
                "nX\"Q",
                "n ?)",
                "n8?Y",
                "m>?Y",
                "m8?!",
                "oR?1",
                "|'X?)",
                "3oc?)",
                "Wj?)",
                "wVt?9",
                "Ro|?Y",
                "soo>A",
                "p @Q",
                "pC@i",
                ",qI@i",
                "35T@Y",
                "Oq]@",
                "~md@",
                "$k@!",
                "]qw@",
                "uq|@q",
                "Mr}>I",
                "p0@Y",
                "PF`I#",
                "4A`OS",
                "Marmarized",
                "ExtensionAttribute",
                "System.Runtime.CompilerServices",
                "System.Core",
                ".ctor",
                "Void",
                "System",
                "mscorlib",
                "CompilationRelaxationsAttribute",
                "Int32",
                "Boolean",
                "RuntimeCompatibilityAttribute",
                "DebuggableAttribute",
                "System.Diagnostics",
                "DebuggingModes",
                "ComVisibleAttribute",
                "System.Runtime.InteropServices",
                "AssemblyTitleAttribute",
                "System.Reflection",
                "String",
                "AssemblyDescriptionAttribute",
                "AssemblyCompanyAttribute",
                "AssemblyProductAttribute",
                "AssemblyCopyrightAttribute",
                "AssemblyFileVersionAttribute",
                "TargetFrameworkAttribute",
                "System.Runtime.Versioning",
                "Marmarized.exe",
                "<Module>",
                "Object",
                "<>c__DisplayClass0_0",
                "<>o__8",
                "Schema19",
                "Schema20",
                "<>o__1",
                "Schema21",
                "<>o__0",
                "SchemaRoot",
                "Schema31",
                "Schema32",
                "Schema23",
                "Schema24",
                "Schema25",
                "Schema26",
                "Schema27",
                "Schema28",
                "Schema29",
                "CallArgs",
                "EventArgs",
                "Handler",
                "MulticastDelegate",
                "Schema13",
                "<>c__DisplayClass8_0",
                "<>c__DisplayClass16_0",
                "<>c__DisplayClass16_1",
                "<>o__17",
                "<>o__31",
                "SchemaReaderSql",
                "Extembus",
                "<>c__DisplayClass3_0",
                "Json",
                "StringExt",
                "UserExt",
                "BerkeleyDB",
                "CryptoHelper",
                "Arrays",
                "ParametersWithIV",
                "KeyParameter",
                "IGcmMultiplier",
                "Tables8kGcmMultiplier",
                "GcmBlockCipher",
                "IAeadBlockCipher",
                "AesFastEngine",
                "CryptoException",
                "Exception",
                "DataLengthException",
                "IBlockCipher",
                "ICipherParameters",
                "InvalidCipherTextException",
                "AesGcm256",
                "AeadParameters",
                "StringDecrypt",
                "DeviceMonitor",
                "<>o__2",
                "IPv4Helper",
                "DeviceCap",
                "Enum",
                "ProcessFileHandle",
                "ValueType",
                "UNICODE_STRING",
                "SYSTEM_HANDLE_INFORMATION",
                "OBJECT_NAME_INFORMATION",
                "NT_STATUS",
                "FileMapProtection",
                "FileMapAccess",
                "FileType",
                "OBJECT_INFORMATION_CLASS",
                "ProcessAccessFlags",
                "DuplicateOptions",
                "SYSTEM_INFORMATION_CLASS",
                "MemoryImport",
                "Strings",
                "SystemInfoHelper",
                "Proc",
                "Schema8",
                "Schema9",
                "AccountDetails",
                "Schema10",
                "Schema11",
                "Schema12",
                "BCRYPT_AUTHENTICATED_CIPHER_MODE_INFO",
                "BCRYPT_KEY_LENGTHS_STRUCT",
                "BCRYPT_OAEP_PADDING_INFO",
                "BCRYPT_PSS_PADDING_INFO",
                "Schema14",
                "FileHelper",
                "Schema16",
                "FileScannerRule",
                "Schema17",
                "Asn1Der",
                "Type",
                "Asn1DerObject",
                "PBKDF2",
                "Schema18",
                "Schema1",
                "Schema3",
                "Schema4",
                "IRemoteEndpoint",
                "Schema5",
                "Schema7",
                "RcHdrFd",
                "Program",
                "<PrivateImplementationDetails>",
                "__StaticArrayInitTypeSize=6",
                "__StaticArrayInitTypeSize=12",
                "__StaticArrayInitTypeSize=16",
                "__StaticArrayInitTypeSize=30",
                "__StaticArrayInitTypeSize=32",
                "__StaticArrayInitTypeSize=48",
                "__StaticArrayInitTypeSize=64",
                "__StaticArrayInitTypeSize=66",
                "__StaticArrayInitTypeSize=80",
                "__StaticArrayInitTypeSize=256",
                "__StaticArrayInitTypeSize=1024",
                "__StaticArrayInitTypeSize=6160",
                "<Module>{3FBFFFF9-16FB-45F0-BD87-E9E23B4DCE8F}",
                "Attribute",
                "<PrivateImplementationDetails>{E9F942E5-254E-4C59-8B46-442C95676E8B}",
                "__StaticArrayInitTypeSize=18",
                "__StaticArrayInitTypeSize=40",
                "m8DC1164C17A970B",
                ".cctor",
                "TreeObject1",
                "List`1",
                "System.Collections.Generic",
                "IList`1",
                "profiles",
                "IEnumerator`1",
                "Enumerator",
                "Char",
                "Func`2",
                "IntPtr",
                "Enumerable",
                "System.Linq",
                "Select",
                "IEnumerable`1",
                "GetEnumerator",
                "get_Current",
                "Empty",
                "FileInfo",
                "System.IO",
                "Func`1",
                "MoveNext",
                "IDisposable",
                "Dispose",
                "TreeObject2",
                "profilePath",
                "First",
                "TreeObject3",
                "dbPath",
                "DateTime",
                "TreeObject6",
                "chiperText",
                "chromeKey",
                "caller",
                "Byte",
                "Skip",
                "Take",
                "ToArray",
                "TreeObject7",
                "CallSite`1",
                "Func`3",
                "CallSite",
                "Create",
                "CallSiteBinder",
                "Target",
                "CSharpArgumentInfo",
                "Microsoft.CSharp.RuntimeBinder",
                "Microsoft.CSharp",
                "Func`4",
                "Invoke",
                "TreeObject8",
                "func",
                "success",
                "get_Count",
                "Environment",
                "GetFolderPath",
                "SpecialFolder",
                "AddRange",
                "Path",
                "XmlTextReader",
                "System.Xml",
                "IEnumerator",
                "System.Collections",
                "XmlDocument",
                "XmlNode",
                "xmlNode",
                "paths",
                "DirectoryInfo",
                "IEnumerable",
                "get_Item",
                "profile",
                "profilesDirectory",
                "TreeObject4",
                "KeyValuePair`2",
                "Where",
                "FirstOrDefault",
                "get_Key",
                "get_Value",
                "connector",
                "result",
                "address",
                "IContextChannel",
                "System.ServiceModel",
                "MessageHeader",
                "System.ServiceModel.Channels",
                "NetTcpBinding",
                "XmlDictionaryReaderQuotas",
                "System.Runtime.Serialization",
                "NetTcpSecurity",
                "MessageSecurityOverTcp",
                "AddressHeader",
                "EndpointAddress",
                "EndpointIdentity",
                "ChannelFactory`1",
                "Binding",
                "CreateChannel",
                "OperationContextScope",
                "configs",
                "Func`5",
                "SearchOption",
                "scanners",
                "baseDirectory",
                "maxLevel",
                "level",
                "files",
                "Contains",
                "patterns",
                "Int64",
                "rootPath",
                "searchOption",
                "searchPatterns",
                "Concat",
                "scannerArg",
                "filePath",
                "browserPaths",
                "fileInfo",
                "Nullable`1",
                "StringBuilder",
                "System.Text",
                "Match",
                "System.Text.RegularExpressions",
                "RegistryKey",
                "Microsoft.Win32",
                "Registry",
                "CurrentUser",
                "connection",
                "settings",
                "get_Au",
                "get_Settings",
                "get_Result",
                "Settings",
                "Result",
                "object",
                "method",
                "args",
                "BeginInvoke",
                "IAsyncResult",
                "AsyncCallback",
                "callback",
                "EndInvoke",
                "Random",
                "OrderBy",
                "IOrderedEnumerable`1",
                "TreeObject26",
                "TreeObject25",
                "Dictionary`2",
                "InvalidOperationException",
                "TreeObject24",
                "TreeObject23",
                "TreeObject20",
                "TreeObject19",
                "TreeObject18",
                "ThreadStart",
                "System.Threading",
                "Thread",
                "TreeObject17",
                "TreeObject21",
                "TreeObject16",
                "ToList",
                "TreeObject5",
                "TreeObject15",
                "TreeObject9",
                "TreeObject10",
                "TreeObject11",
                "Action`3",
                "TreeObject12",
                "TreeObject13",
                "TreeObject14",
                "TreeObject22",
                "IDataObject",
                "System.Windows.Forms",
                "DataFormats",
                "Text",
                "UInt64",
                "Fields",
                "get_RowLength",
                "fileName",
                "GatherValue",
                "rowIndex",
                "fieldName",
                "UInt32",
                "ReadContextTable",
                "tableName",
                "ReadContextValue",
                "rowNum",
                "field",
                "Count",
                "ChangeSize",
                "oldArray",
                "newSize",
                "Array",
                "Resize",
                "RowLength",
                "filename",
                "FileStream",
                "StreamReader",
                "FileMode",
                "FileAccess",
                "FileShare",
                "Stream",
                "Encoding",
                "RFAT",
                "FindFileHandle",
                "targetFile",
                "Process",
                "ReadLockedFile",
                "fileHandle",
                "Zero",
                "GetHandleNames",
                "targetPid",
                "TimeSpan",
                "ToString",
                "ConvertDevicePathsToDosPaths",
                "devicePaths",
                "TryGetValue",
                "BuildDeviceMap",
                "NormalizeDeviceName",
                "deviceName",
                "JavaScriptSerializer",
                "System.Web.Script.Serialization",
                "System.Web.Extensions",
                "get_JSON",
                "FromJSON",
                "this",
                "Deserialize",
                "ToJSON",
                "JSON",
                "ChangeType",
                "StripQuotes",
                "value",
                "HexToBytes",
                "hexString",
                "DomainExists",
                "domains",
                "SelectMany",
                "get_HasValue",
                "GetValueOrDefault",
                "PreCheck",
                "PropertyInfo",
                "get_Keys",
                "file",
                "MemoryStream",
                "BinaryReader",
                "Sort",
                "Keys",
                "GetDecoded",
                "EncryptedData",
                "DataProtectionScope",
                "System.Security.Cryptography",
                "System.Security",
                "dataProtectionScope",
                "entropy",
                "DecryptBlob",
                "GetMd5Hash",
                "source",
                "MD5CryptoServiceProvider",
                "ICollection`1",
                "AreEqual",
                "AreSame",
                "ConstantTimeAreEqual",
                "GetHashCode",
                "data",
                "Clone",
                "get_Parameters",
                "parameters",
                "ivOff",
                "ivLen",
                "ArgumentNullException",
                "GetIV",
                "Parameters",
                "keyOff",
                "keyLen",
                "ArgumentOutOfRangeException",
                "GetKey",
                "Init",
                "MultiplyH",
                "get_AlgorithmName",
                "ArgumentException",
                "GetBlockSize",
                "forEncryption",
                "GetMac",
                "GetOutputSize",
                "GetUpdateOutputSize",
                "ProcessByte",
                "input",
                "output",
                "outOff",
                "ProcessBytes",
                "inOff",
                "DoFinal",
                "Reset",
                "AlgorithmName",
                "outBytes",
                "inBytes",
                "get_IsPartialBlockOkay",
                "ProcessBlock",
                "IsPartialBlockOkay",
                "message",
                "exception",
                "inBuf",
                "outBuf",
                "Decrypt",
                "encryptedBytes",
                "get_MacSize",
                "macSize",
                "nonce",
                "associatedText",
                "GetAssociatedText",
                "GetNonce",
                "MacSize",
                "stringKey",
                "Read",
                "HMACSHA1",
                "SHA1CryptoServiceProvider",
                "SHA1Managed",
                "TripleDESCryptoServiceProvider",
                "ICryptoTransform",
                "CryptoStream",
                "CryptoStreamMode",
                "GetWindowsScreenScalingFactor",
                "Double",
                "percentage",
                "MonitorSize",
                "Rectangle",
                "System.Drawing",
                "Size",
                "GetImageBase",
                "Bitmap",
                "Graphics",
                "Action`5",
                "Point",
                "Image",
                "IPAddress",
                "System.Net",
                "Parse",
                "GetDefaultIPv4Address",
                "UnicastIPAddressInformation",
                "System.Net.NetworkInformation",
                "NetworkInterface",
                "adapter",
                "value__",
                "VERTRES",
                "DESKTOPVERTRES",
                "ProcessName",
                "ProcessID",
                "FileName",
                "FileHandleID",
                "processName",
                "processID",
                "fileHandleID",
                "Length",
                "UInt16",
                "MaximumLength",
                "ProcessId",
                "ObjectTypeNumber",
                "Flags",
                "HandleValue",
                "Object_Pointer",
                "GrantedAccess",
                "Name",
                "STATUS_SUCCESS",
                "STATUS_INFO_LENGTH_MISMATCH",
                "STATUS_BUFFER_OVERFLOW",
                "INVALID_HANDLE",
                "PageReadonly",
                "PageReadWrite",
                "PageWriteCopy",
                "PageExecuteRead",
                "PageExecuteReadWrite",
                "SectionCommit",
                "SectionImage",
                "SectionNoCache",
                "SectionReserve",
                "FileMapCopy",
                "FileMapWrite",
                "FileMapRead",
                "FileMapAllAccess",
                "FileMapExecute",
                "Disk",
                "Pipe",
                "Remote",
                "Unknown",
                "ObjectBasicInformation",
                "ObjectNameInformation",
                "ObjectTypeInformation",
                "ObjectAllInformation",
                "ObjectDataInformation",
                "Terminate",
                "CreateThread",
                "VirtualMemoryOperation",
                "VirtualMemoryRead",
                "VirtualMemoryWrite",
                "DuplicateHandle",
                "CreateProcess",
                "SetQuota",
                "SetInformation",
                "QueryInformation",
                "QueryLimitedInformation",
                "Synchronize",
                "DUPLICATE_CLOSE_SOURCE",
                "DUPLICATE_SAME_ACCESS",
                "SystemBasicInformation",
                "SystemPerformanceInformation",
                "SystemTimeOfDayInformation",
                "SystemProcessInformation",
                "SystemProcessorPerformanceInformation",
                "SystemHandleInformation",
                "SystemInterruptInformation",
                "SystemExceptionInformation",
                "SystemRegistryQuotaInformation",
                "SystemLookasideInformation",
                "LoadLibrary",
                "kernel32.dll",
                "GetProcAddress",
                "hModule",
                "procName",
                "Func",
                "arg1",
                "GetDeviceCaps",
                "nIndex",
                "NtQueryObject",
                "Handle",
                "ObjectInformationClass",
                "ObjectInformation",
                "ObjectInformationLength",
                "ReturnLength",
                "NtQuerySystemInformation",
                "SystemInformationClass",
                "SystemInformation",
                "SystemInformationLength",
                "CloseHandle",
                "handle",
                "OpenProcess",
                "processAccess",
                "bInheritHandle",
                "processId",
                "hSourceProcessHandle",
                "hSourceHandle",
                "hTargetProcessHandle",
                "lpTargetHandle",
                "dwDesiredAccess",
                "options",
                "QueryDosDevice",
                "lpDeviceName",
                "lpTargetPath",
                "ucchMax",
                "MapViewOfFile",
                "hFileMappingObject",
                "dwFileOffsetHigh",
                "dwFileOffsetLow",
                "dwNumberOfBytesToMap",
                "UnmapViewOfFile",
                "lpBaseAddress",
                "GetFileSizeEx",
                "hFile",
                "lpFileSize",
                "GetFileType",
                "CreateFileMapping",
                "lpFileMappingAttributes",
                "flProtect",
                "dwMaximumSizeHigh",
                "dwMaximumSizeLow",
                "lpName",
                "hObject",
                "set_Item",
                "Reverse",
                "index",
                "Close",
                "GetProcessors",
                "ManagementObjectSearcher",
                "System.Management",
                "ManagementObjectCollection",
                "ManagementObjectEnumerator",
                "ManagementObject",
                "GetGraphicCards",
                "GetBrowsers",
                "LocalMachine",
                "GetSerialNumber",
                "ListOfProcesses",
                "GetVs",
                "ManagementBaseObject",
                "FindProc",
                "parts",
                "OrderByDescending",
                "ListOfPrograms",
                "AvailableLanguages",
                "Cast",
                "InputLanguage",
                "CollectMemory",
                "GetWindowsVersion",
                "lang",
                "get_Name",
                "set_Name",
                "get_FilePath",
                "set_FilePath",
                "get_Id",
                "set_Id",
                "FilePath",
                "get_TreeObject1",
                "set_TreeObject1",
                "get_TreeObject2",
                "set_TreeObject2",
                "get_TreeObject3",
                "set_TreeObject3",
                "get_TreeObject4",
                "set_TreeObject4",
                "get_TreeObject5",
                "set_TreeObject5",
                "get_TreeObject6",
                "set_TreeObject6",
                "get_TreeObject8",
                "set_TreeObject8",
                "get_TreeObject9",
                "set_TreeObject9",
                "get_Token",
                "set_Token",
                "Token",
                "expires",
                "get_TreeObject7",
                "set_TreeObject7",
                "BCRYPT_INIT_AUTH_MODE_INFO_VERSION",
                "cbSize",
                "dwInfoVersion",
                "pbNonce",
                "cbNonce",
                "pbAuthData",
                "cbAuthData",
                "pbTag",
                "cbTag",
                "pbMacContext",
                "cbMacContext",
                "cbAAD",
                "cbData",
                "dwFlags",
                "dwMinLength",
                "dwMaxLength",
                "dwIncrement",
                "pszAlgTreeObject",
                "pbLabel",
                "cbLabel",
                "cbSalt",
                "Search",
                "ChromeGetName",
                "path",
                "ChrRm",
                "ChrLm",
                "toParse",
                "Sequence",
                "Integer",
                "OctetString",
                "ObjectIdentifier",
                "get_Type",
                "set_Type",
                "get_Lenght",
                "set_Lenght",
                "get_Objects",
                "get_Data",
                "set_Data",
                "Equals",
                "Lenght",
                "Objects",
                "Data",
                "ciphertext",
                "globalSalt",
                "masterPassword",
                "entrySalt",
                "partIv",
                "Compute",
                "HMACSHA256",
                "AesManaged",
                "HMAC",
                "algorithm",
                "password",
                "salt",
                "iterations",
                "GetBytes",
                "count",
                "BitConverter",
                "IsLittleEndian",
                "get_TreeObject10",
                "set_TreeObject10",
                "get_TreeObject11",
                "set_TreeObject11",
                "get_TreeObject12",
                "set_TreeObject12",
                "get_TreeObject13",
                "set_TreeObject13",
                "get_TreeObject14",
                "set_TreeObject14",
                "get_TreeObject15",
                "set_TreeObject15",
                "get_TreeObject16",
                "set_TreeObject16",
                "get_TreeObject18",
                "set_TreeObject18",
                "OnGetSettings",
                "user",
                "get_TreeObject17",
                "set_TreeObject17",
                "ItemName",
                "RootNum",
                "SqlStatement",
                "Content",
                "ReadLine",
                "0171B7E916806E9AC57485B1DEDFD0D980D39FBD",
                "0306C318C6240B708C1252434B005312F393748F",
                "04D2A79C8A779AFAA779125335E9334C245EBB46",
                "04F6C8A6269CFC91E0FE778D1BB959CFF3E71B80",
                "08137E62B5B942C77E6D4BD8986AB458058FC508",
                "0BC7797CA9D24575422AA63BE4DFE197AB7AC8D5",
                "0C4110BC17D746F018F47B49E0EB0D6590F69939",
                "0E626382499FD089ABECD08D6F155E4615368331",
                "0FA2D9E86EB077A64839BB67C9354863D4ABC29A",
                "102C522344FCAC1545BDA50C0FC675C502FFEC53",
                "1145B9937F4B49C2AC390937F1C277147764B236",
                "141A393C9E4D6CF1C76E96601470E6A738007423",
                "1801C81194122F97A458B549C5AA0C7C75DEC93F",
                "190967EACE70C7CC733EB3C51E458D6F6CC2C0C5",
                "19377C77F0205A62B9A0B99500B4CC31E80B14EF",
                "1AFB455399A50580CF1039188ABA6BE82F309543",
                "1C5147906AA6F55E546CAEE5F960F3A7910879BE",
                "1C7407F1C8BFD2BF5E5A6B8F0E2DCEA4F12F9F83",
                "1D29EFBA6899FB1C28A1E10FE141B380A613928B",
                "1E710C1C0C0D09ED8DB20C9AC1B47209A29174DC",
                "1E88BD5ADE778D03BC92B5AED0E9E11590DBA8FC",
                "1F393DE8294C0179A08A42101B53863DF3F0FA31",
                "20D52610580FA80129C1FB20C302367BB2E21392",
                "2111F72D9C6180A66F5BF7C9E43ADF9F89E3D9F3",
                "21787E5621A2735A8294261EA3A0B36A841DBE9E",
                "21C929BAD80D05204081DD54AA0D98CD23809FAC",
                "21CFAB142458F5230B22CE2F99C4FAA0FF2FCD41",
                "21F92BC35C29E278DE619903D7FFAA8AD0619222",
                "24821EF571F8375C40A78EE6484E8A85876DE33B",
                "24EFB328E538108945EA604A26A5F5553605947F",
                "27C5E42B59CE4F525E604D37BBFE361C2EA4E484",
                "29EC5E8FCA12DB9EC0B5E6D2DE67B624D2E2372C",
                "29ECE7CE598DA489E2C0802A75957EA092FDFF0D",
                "2A15B6ED5AAE541D25CB1453F0721E544CBBA700",
                "2D48C1CA437BCB61413BC20D9C5BD15E889C5DF9",
                "2E09F59E8859AEADF80D3F8EF09AF6F27133982A",
                "2FD954759A338D0DB9C19719E9CA5259B0999ED4",
                "319211FE0035D849539D9C241D3A0EC1C8B68681",
                "3256A44E03C8F36E7E5525395D555D377B28D396",
                "34A655F9869672038C41D2D1AD8AEA4429B10210",
                "3567183CD136C17571A5E1415863081D2A274F02",
                "35F8790CCCDA3973B83F805EF45B1D8E4047DF91",
                "3685B48DD8D5F1200DEC830F82F9E6E43D7984CA",
                "374FD700C8D3ACBBDE14246F1F6291C510796EEA",
                "38F431A549411AEB32810068A4C83250B2D31E15",
                "3B1F0C4AF5ED6330E8BEDDFE170BA634C9AD4105",
                "3C8EEFA044F9308CA5385D5274FB4B27A7BADC65",
                "41D3DD88D94A97C412602034EAAA613FCEFF46B0",
                "423ACA01AC170A50869ECDEF572CD96995576718",
                "44C78FA226D79A6BEBEC59577459D6A327D7DBD3",
                "4616A525EA9EEFAC2A875C79BEA37D6209F2A228",
                "46D88D7B04F4BBCF4A3DC0EF39F561FF912070DD",
                "474C198A36A6B2C97A1400E5B5420C5427CB8C8C",
                "4878AE9A03D51720A6DCAC153101030D6CD72ABC",
                "4936F80EB42418560C19392D744A155E25490F2B",
                "49FB854762326CEAF3E4A516C155EF0ABF3C6FDC",
                "4B84E755FDCC62BDAE2370FEFAE9FC4E09F04E50",
                "4F932EEC231CEACEAB62359ED09482985479B5F7",
                "501E0CC28BE84CB2F6FBFB1BB444DF243B980AEE",
                "5521977B4FDB49676531E92118FF14F80D5E3D19",
                "5585E4FA2E867A72E9962B1553ED4AF708D661B8",
                "56C09BFE25361A7D788677DFF632107E39BEC67C",
                "5809E2D364C73AA38364BED9710DA415DB59A14E",
                "5B66849622C006C3189640A06606070088F04727",
                "5C0AD15A9BA304D0D9E92E5C71627CA3D0AB3F1A",
                "5D567ABC3C3C881E9FC21A89EB72CFA7037B6964",
                "5E0144BD644A84EEDF6B3EF840369E4CE29E5C66",
                "606ADC071F8A0FD2D73ECD7F7CADFD2D5F6E6700",
                "61345640D03B13CFB7D28EC88594EC1E23647C6B",
                "6645C249EDFA00CB33B080C7DBD7C9C4B1320B4B",
                "699FB6FDCCE5A352B0A7B90A28C609DBBE2EFE94",
                "6D019F1FDAD217FC63543BE4EEF75FA32130C397",
                "708D63706A5DE41D3052105FA6ACCBCF15A1EAEC",
                "70FADAD36F1FEA455C032854B9836FC5AB560EC4",
                "740C446BE3E371C8B9FA9513EF53F16634BAD01A",
                "745412518102B794BA77A5ECD3C7E90E3AD6111F",
                "74966EA40FA3A652FEAC832B73E464416C053D2F",
                "77B45E83F668E3565A8C47E6826FF4FA5A8698E7",
                "79657A6F4C1B12CB2D330BCDF3930C86F8B7FA19",
                "799DEF75500D76B1B9D107EA3FB89EAA2B582E7C",
                "7A92B0D979905F40A0FAAA7A7BB7E2075F98F3ED",
                "7A9363F1B853339DDD01A56E5661CA07578E4EA2",
                "7AC7EED337154C4ED9E17095F701C9FC07C079C5",
                "7BC89AF1A4F7D717D6BEF9DD3BC754EFCC1B642F",
                "7E3E897F194FB97071BE0A1F00672024AC681BD3",
                "7E465E03D85C1CC67339D1A5BC11FD86C72F9469",
                "82F2086D5CE02194C5B5375565854B7E33BDAD5F",
                "8377599EB557322537472B1AB4CE7BA3C0A7EFA7",
                "8462947CF28C83D21447EF770A07B8F1F1669D6C",
                "8692E5C28CDFD564422D59417D9F1FB78D2093AA",
                "870198B1BE18B5BAA3E32645DDA6929D4A8A437F",
                "87EDFDAB896EE9AFD09DADCC954871A259CFC07D",
                "891B56C4C0C887D6C4D327807291921380199FCC",
                "8AA63B44BF810803889CF7C2C023C0BBEEA01177",
                "8C1C8884A773C628A70C827094C4B728563B58A4",
                "8F22C9ECE1331718CBD268A9BBFD2F5E451441E3",
                "905E6F66F6783359A740E3F9F88250C50FB09E6E",
                "933B8B643C2763E2AD69C997A3273B30EC372222",
                "94A12E4BD77EC4A8A5D03AE642DBDD0AE624A345",
                "95CA85749ADCFBF9A2B82C0381DBCF95D175524C",
                "973DCB8985FD02234F79A39FCD273865F35C62C7",
                "98A345418F1F61857A0CE3918A11CC222EF7E2C3",
                "98F2286D95B8FF6B64C9C73143C87992A004C27A",
                "993F6D21EC90E93C084A4B2FE0DB8A82D8D0CF74",
                "9960680A2F92E8BD315E096C2D652D20F0E76873",
                "9BC6FF24928B7E23498030290B4404FF13B1BB47",
                "9DDE040870F0E9A632F5D600E9A01F8CFB3A1D3A",
                "9DE4108EA0D11E53C6D8AA4EFAF87885493F4727",
                "9E888C3A734DD60EEED945B9AE51606245D5F3F9",
                "A1111BB4C24E8124613AACE18FC73135F13F390C",
                "A2BFA28E252B068F40AE1FFF40788FFE0E76CA3B",
                "A850A0D71379B85EC4DECC158407FDE1CDBFEA36",
                "AD6D5FD39BDAAA18039A4F50ADD9002C5FF9F9E6",
                "B250659D6C5B42FDDED6C965E589BFE81431353C",
                "B486E7912518B1DFBBEF5CE4BDDAE274403EF444",
                "B5F664683B26CE6CBFD28E3FBDF34ACC9FB2F2BD",
                "B68637EF60D499620B99E336C59E4865FFC4C5D7",
                "B7D0D614C354F4C7B165A90275CC6874EB0641F7",
                "B808C083C0DD933638959F8480C1DF64A54D6741",
                "B8A6CA8647A6BDA0A05C02F9542D7C2CA2A9F0D5",
                "B8DB0CB599EDD82A386D1A154FB3EB9235513DAD",
                "BA267952D88C4368143AA3E69D7572018A79F7C5",
                "BAC13549385D7958C1E90986C7C4923708761017",
                "BB8761531916E786447D6E5C757EDF6B36251605",
                "BCEDA81DC958F9B9C1F5253169A1E6DB10B85A33",
                "C00C89CC93CDCB0A2356DB2840E3554618063AF9",
                "C0DA88EABE4BF209C83BC3C27073DC7B5B6F47A3",
                "C3E066E6E99ECE7B10EDB20ECA326D40AC8C3D29",
                "C527936056BC09BEE9D144AB5C21CC4994FF8DD4",
                "C9A274853C2ACEFFD82ED54CC8BEDAE229E9C657",
                "CFD1C9E3A01812FC49223A06395674F4E095EE55",
                "D07EBE508D56679A8FC845FA97658505DE8106E1",
                "D48BA6A1579B16B57EDD6CA3B0B4ED515E188D50",
                "D7FB7932A7327156DB387E6DBC764705AAFA25B0",
                "D96F9C0F9C4CA53A76508D8773C68D1A6F96C95A",
                "D9C221237B647EC215A7BCDED447349810E6BF9C",
                "DA83DB9832F6003725E26031AA384BD944A61BF6",
                "DA8B214DC56190FDC64714837071805533340B92",
                "DAE3D8A2F315D186CBB026BB8C3AFB3D7C4A0D11",
                "DBB16A5F0908629030045235AE280EAB5D727DEF",
                "DC1D9F47267254A088449C170ACFD5CA5B4A9204",
                "DD7CA7EAD1AC8B922ACBF50778F39A94844FEDAE",
                "DF3A35F791DFE6EF55F648C29E9AC66D3E39DB95",
                "E0679DFE216C5AB344EC994242F1F50E045194F8",
                "E43F6BA634642FB90FEEE1A8F9905E957741960C",
                "E59BDB139F68FECD6BC025794BF9F2B691D9083A",
                "E866474E9B050BBD9A11F3C90E02081493C44364",
                "E8B00D2BD7FC610090BBAB4A7D54D93382777000",
                "E8D23CFC0E5DCB84510F64C7823A6E852B9D9563",
                "E8F92D0208C0D2E18FED2256D45FAD1D1CDFC2CD",
                "EB1397177F2646D5D86D025ADE4AB523CE1DA2BE",
                "ED2BEC1CF1F9B55B5B05DD9FA6CFE2C686E7D408",
                "EE6E75B77B304039408BFD7B900564382C11D394",
                "EF405D69C4DD0BFB14C8852E932EEF13717434DE",
                "F0326AE05886050D11EB2046A145CAE15EF445ED",
                "F7C216448A60F3899975F7D2BA1F6E0AAA3F5EFB",
                "F9AD39B9691C49A9005469BEECD4B35F09683B9A",
                "FD4D9B29FB78CD714B3355C557D325C718A61CF8",
                "Module",
                "typemdt",
                "FieldInfo",
                "MethodInfo",
                "Assembly",
                "RSACryptoServiceProvider",
                "SortedList",
                "Hashtable",
                "GetTypeFromHandle",
                "RuntimeTypeHandle",
                "get_Assembly",
                "RuntimeHelpers",
                "InitializeArray",
                "RuntimeFieldHandle",
                "set_UseMachineKeyStore",
                "Copy",
                "SymmetricAlgorithm",
                "AesCryptoServiceProvider",
                "RijndaelManaged",
                "Activator",
                "CreateInstance",
                "ObjectHandle",
                "System.Runtime.Remoting",
                "Unwrap",
                "CryptoConfig",
                "get_AllowOnlyFipsAlgorithms",
                "HashAlgorithm",
                "ComputeHash",
                "TransformBlock",
                "get_BaseStream",
                "set_Position",
                "ReadUInt32",
                "ParameterInfo",
                "DynamicMethod",
                "System.Reflection.Emit",
                "ILGenerator",
                "Monitor",
                "Enter",
                "GetManifestResourceStream",
                "get_Length",
                "ReadBytes",
                "Exit",
                "GetFields",
                "BindingFlags",
                "MemberInfo",
                "get_MetadataToken",
                "get_Module",
                "GetGenericArguments",
                "ResolveMethod",
                "MethodBase",
                "get_IsStatic",
                "get_FieldType",
                "Delegate",
                "CreateDelegate",
                "SetValue",
                "GetParameters",
                "get_DeclaringType",
                "get_IsValueType",
                "MakeByRefType",
                "get_ParameterType",
                "get_ReturnType",
                "GetILGenerator",
                "OpCode",
                "OpCodes",
                "Ldarg_0",
                "Emit",
                "Ldarg_1",
                "Ldarg_2",
                "Ldarg_3",
                "Ldarg_S",
                "Tailcall",
                "Call",
                "Callvirt",
                "GetName",
                "AssemblyName",
                "GetPublicKeyToken",
                "set_Mode",
                "CipherMode",
                "CreateDecryptor",
                "Write",
                "FlushFinalBlock",
                "get_EntryPoint",
                "op_Equality",
                "Trim",
                "Convert",
                "FromBase64String",
                "get_Unicode",
                "GetString",
                "Marshal",
                "GetMethod",
                "get_Location",
                "File",
                "Exists",
                "get_CodeBase",
                "Replace",
                "GetType",
                "GetProperty",
                "GetValue",
                "kernel32",
                "GetDelegateForFunctionPointer",
                "GQitAJFJE",
                "set_Key",
                "set_IV",
                "CreateEncryptor",
                "ToBase64String",
                "classthis",
                "comp",
                "info",
                "flags",
                "nativeEntry",
                "nativeSizeOfCode",
                "g38PJ8K3c0",
                "ReadInt32",
                "lpType",
                "lpAddress",
                "dwSize",
                "flAllocationType",
                "hProcess",
                "buffer",
                "size",
                "lpNumberOfBytesWritten",
                "flNewProtect",
                "lpflOldProtect",
                "dwProcessId",
                "0E448EF5E5E60630BDDB19388CB6378436E3C65D03DD66DA7C6EBFF563BD857A",
                "4BED3ADC52D4904075F6BBF279EC4ACEDE079533B95E229A29809542EA324A7B",
                "62E6F13B53D67FDD780E20D89A6E8EE503B197AC16AC3F1D2571C147FDD324C9",
                "7F535673D836D3D77A97DB03EB3D71EA780F44372F5AEBECEBEDD696AAEB8378",
                "97E613E5A3A47DEC76B7E50D47644B35EA4322F00D594D80D2F1C1F3644F8A4A",
                "C356AFF1A01C2B0DA472E584C8E3C8F875B9A24280435D42836A77B19F5A8C18",
                "C61B1941CF756EB7551F7C661743802362728B785ADC22E860D269713DFB01A6",
                "D5B7247C497788CF0031CEB06E3DF77A45FEF59F1E49633DC7159816D64759B5",
                "StringSplitOptions",
                "CSharpBinderFlags",
                "CSharpArgumentInfoFlags",
                "XmlReader",
                "XmlElement",
                "XmlNodeList",
                "NumberStyles",
                "System.Globalization",
                "TransferMode",
                "MessageCredentialType",
                "SecurityMode",
                "ClientCredentials",
                "System.ServiceModel.Description",
                "X509CertificateRecipientClientCredential",
                "System.ServiceModel.Security",
                "X509ServiceCertificateAuthentication",
                "X509CertificateValidationMode",
                "OperationContext",
                "MessageHeaders",
                "ExpressionType",
                "System.Linq.Expressions",
                "MatchCollection",
                "CultureInfo",
                "ApartmentState",
                "TimeZoneInfo",
                "StringComparison",
                "IFormatProvider",
                "PaddingMode",
                "Screen",
                "InterpolationMode",
                "System.Drawing.Drawing2D",
                "PixelOffsetMode",
                "SmoothingMode",
                "ImageFormat",
                "System.Drawing.Imaging",
                "IPInterfaceProperties",
                "UnicastIPAddressInformationCollection",
                "AddressFamily",
                "System.Net.Sockets",
                "WebRequest",
                "WebResponse",
                "FileVersionInfo",
                "InputLanguageCollection",
                "OperationalStatus",
                "NetworkInterfaceComponent",
                "GatewayIPAddressInformationCollection",
                "GatewayIPAddressInformation",
                "get_Directory",
                "FileSystemInfo",
                "get_FullName",
                "IsNullOrEmpty",
                "get_Chars",
                "ToUpper",
                "Remove",
                "Combine",
                "IsNullOrWhiteSpace",
                "op_Inequality",
                "Directory",
                "EnumerateFiles",
                "Split",
                "Substring",
                "ToLower",
                "ToInt64",
                "get_Now",
                "AddMonths",
                "get_Ticks",
                "StartsWith",
                "ToInt32",
                "GetEncoding",
                "get_Default",
                "ToCharArray",
                "FromBase64CharArray",
                "Join",
                "Binder",
                "InvokeMember",
                "GetIndex",
                "Format",
                "Load",
                "get_DocumentElement",
                "get_ChildNodes",
                "get_ItemOf",
                "get_InnerText",
                "get_UTF8",
                "Regex",
                "get_ASCII",
                "get_Exists",
                "EnumerateDirectories",
                "SelectSingleNode",
                "set_MaxReceivedMessageSize",
                "set_MaxBufferPoolSize",
                "FromMinutes",
                "set_CloseTimeout",
                "set_OpenTimeout",
                "set_ReceiveTimeout",
                "set_SendTimeout",
                "set_TransferMode",
                "set_MaxDepth",
                "set_MaxArrayLength",
                "set_MaxBytesPerRead",
                "set_MaxNameTableCharCount",
                "set_MaxStringContentLength",
                "set_ReaderQuotas",
                "set_ClientCredentialType",
                "set_Message",
                "set_Security",
                "get_Security",
                "CreateDnsIdentity",
                "ChannelFactory",
                "get_Credentials",
                "get_ServiceCertificate",
                "get_Authentication",
                "set_CertificateValidationMode",
                "CreateHeader",
                "get_OutgoingMessageHeaders",
                "GetMember",
                "InvokeConstructor",
                "BinaryOperation",
                "UnaryOperation",
                "GetDirectories",
                "GetFiles",
                "ExpandEnvironmentVariables",
                "GetLogicalDrives",
                "get_NewLine",
                "Matches",
                "AppendLine",
                "OpenSubKey",
                "get_MachineName",
                "get_CreationTime",
                "op_LessThan",
                "Delete",
                "CreateDirectory",
                "get_UserDomainName",
                "get_UserName",
                "GetExecutingAssembly",
                "get_CurrentInputLanguage",
                "get_Culture",
                "get_EnglishName",
                "SetApartmentState",
                "Start",
                "get_Local",
                "get_DisplayName",
                "CompareTo",
                "get_BigEndianUnicode",
                "Compare",
                "IndexOf",
                "TrimStart",
                "get_CurrentEncoding",
                "TextReader",
                "ReadToEnd",
                "GetTempFileName",
                "ReadAllBytes",
                "ReadAllText",
                "GetProcesses",
                "get_ProcessName",
                "EndsWith",
                "GetCurrentProcess",
                "get_Handle",
                "AllocHGlobal",
                "Math",
                "FreeHGlobal",
                "get_Size",
                "SizeOf",
                "ReadInt64",
                "op_Explicit",
                "PtrToStructure",
                "op_Subtraction",
                "get_TotalSeconds",
                "LastIndexOf",
                "set_MaxJsonLength",
                "set_RecursionLimit",
                "Serialize",
                "get_InvariantCulture",
                "GetProperties",
                "get_PropertyType",
                "ReadByte",
                "ProtectedData",
                "Unprotect",
                "Append",
                "Clear",
                "TrimEnd",
                "ConvertFromUtf32",
                "AppendFormat",
                "Buffer",
                "BlockCopy",
                "set_Padding",
                "get_IV",
                "FromHwnd",
                "GetHdc",
                "Round",
                "ReleaseHdc",
                "get_PrimaryScreen",
                "get_Bounds",
                "get_Width",
                "get_Height",
                "FromImage",
                "set_InterpolationMode",
                "set_PixelOffsetMode",
                "set_SmoothingMode",
                "get_Png",
                "Save",
                "GetAllNetworkInterfaces",
                "GetIPProperties",
                "get_UnicastAddresses",
                "IPAddressInformation",
                "get_Address",
                "get_AddressFamily",
                "IsLoopback",
                "set_Timeout",
                "GetResponse",
                "GetResponseStream",
                "StringToHGlobalUni",
                "PtrToStringUni",
                "get_SystemDirectory",
                "WriteAllBytes",
                "ToUInt32",
                "GetSubKeyNames",
                "GetVersionInfo",
                "get_FileVersion",
                "get_SessionId",
                "get_InstalledInputLanguages",
                "ToDouble",
                "get_Is64BitOperatingSystem",
                "set_BlockSize",
                "set_KeySize",
                "TransformFinalBlock",
                "KeyedHashAlgorithm",
                "get_HashSize",
                "Next",
                "Clipboard",
                "GetDataObject",
                "GetData",
                "ToByte",
                "IsDigit",
                "get_OperationalStatus",
                "Supports",
                "get_GatewayAddresses",
                "ResolveType",
                "get_ManifestModule",
                "UnverifiableCodeAttribute",
                "DynamicAttribute",
                "ParamArrayAttribute",
                "CompilerGeneratedAttribute",
                "FlagsAttribute",
                "DataContractAttribute",
                "DataMemberAttribute",
                "EnumMemberAttribute",
                "SessionMode",
                "ServiceContractAttribute",
                "OperationContractAttribute",
                "UnmanagedFunctionPointerAttribute",
                "CallingConvention",
                "CharSet",
                "knort7",
                "Marmarized.g.resources",
                "aR3nbf8dQp2feLmk31.lSfgApatkdxsVcGcrktoFd.resources",
                "System.Security.Permissions.SecurityPermissionAttribute, mscorlib, Version=4.0.0.0, Culture=neutral, PublicKeyToken=b77a5c561934e089",
                "SkipVerification",
                "WrapNonExceptionThrows",
                "Chlorine",
                "Slaps App",
                "Chlorine Corp. 2003",
                "10.35.79",
                ".NETFramework,Version=v4.0",
                "FrameworkDisplayName",
                ".NET Framework 4",
                "Schema8T",
                "Namespace",
                "Microsoft/Schemas",
                "Schema9T",
                "TreeObject92",
                "SchemaAcT",
                "Microsoft/Schemas2",
                "Schema10T",
                "TreeObject72",
                "Schema11T",
                "Schema12T",
                "Schema14T",
                "Schema16T",
                "Schema17T",
                "Schema18T",
                "TreeObject151",
                "Schema1T",
                "TreeObject181",
                "Schema3T",
                "Microsoft/Schemas1",
                "Schema4T",
                "RestAPITUwSystem.ServiceModel.SessionMode, System.ServiceModel, Version=4.0.0.0, Culture=neutral, PublicKeyToken=b77a5c561934e089",
                "Schema5T",
                "Schema7T",
                "TreeObject17{",
                "`1[[System.Object, mscorlib, Version=4.0.0.0, Culture=neutral, PublicKeyToken=b77a5c561934e089]][]",
                "SUsSystem.Runtime.InteropServices.CharSet, mscorlib, Version=4.0.0.0, Culture=neutral, PublicKeyToken=b77a5c561934e089",
                "N#v/Kv",
                "zRb'",
                "._4jw.",
                "O/\\my",
                "S-NAPO",
                "vCC?",
                "gcl|I",
                "`,06",
                "C7!3",
                "vMF-8y;`w",
                "To96.",
                "BJ&pw5",
                "(,/)",
                "I%j_D",
                "r|%>GF",
                "9($0",
                "-{B\"",
                "_Zag",
                "w4jeN}w",
                ">gu2",
                "{'/^",
                "\"s<4",
                "mIIo1",
                "M.FBcv",
                "Ybh(k",
                "q#US",
                "i{~KC",
                "lSystem.Resources.ResourceReader, mscorlib, Version=4.0.0.0, Culture=neutral, PublicKeyToken=b77a5c561934e089#System.Resources.RuntimeResourceSet",
                "PADPADP",
                "fSystem.Drawing.Icon, System.Drawing, Version=4.0.0.0, Culture=neutral, PublicKeyToken=b03f5f7f11d50a3ajSystem.CodeDom.MemberAttributes, System, Version=4.0.0.0, Culture=neutral, PublicKeyToken=b77a5c561934e089mSystem.Globalization.CultureInfo, mscorlib, Version=4.0.0.0, Culture=neutral, PublicKeyToken=b77a5c561934e089fSystem.Drawing.Size, System.Drawing, Version=4.0.0.0, Culture=neutral, PublicKeyToken=b03f5f7f11d50a3a",
                "QSystem.Drawing, Version=4.0.0.0, Culture=neutral, PublicKeyToken=b03f5f7f11d50a3a",
                "System.Drawing.Icon",
                "IconData",
                "IconSize",
                "System.Drawing.Size",
                "width",
                "height",
                "ISystem, Version=4.0.0.0, Culture=neutral, PublicKeyToken=b77a5c561934e089",
                "System.CodeDom.MemberAttributes",
                " System.Globalization.CultureInfo",
                "m_isReadOnly",
                "compareInfo",
                "textInfo",
                "numInfo",
                "dateTimeInfo",
                "calendar",
                "m_dataItem",
                "cultureID",
                "m_name",
                "m_useUserOverride",
                " System.Globalization.CompareInfo",
                "System.Globalization.TextInfo%System.Globalization.NumberFormatInfo'System.Globalization.DateTimeFormatInfo&System.Globalization.GregorianCalendar",
                "win32LCID",
                "culture",
                "m_SortVersion",
                " System.Globalization.SortVersion",
                "System.Globalization.TextInfo",
                "m_listSeparator",
                "m_cultureName",
                "customCultureName",
                "m_nDataItem",
                "m_win32LangID",
                "%System.Globalization.NumberFormatInfo\"",
                "numberGroupSizes",
                "currencyGroupSizes",
                "percentGroupSizes",
                "positiveSign",
                "negativeSign",
                "numberDecimalSeparator",
                "numberGroupSeparator",
                "currencyGroupSeparator",
                "currencyDecimalSeparator",
                "currencySymbol",
                "ansiCurrencySymbol",
                "nanSymbol",
                "positiveInfinitySymbol",
                "negativeInfinitySymbol",
                "percentDecimalSeparator",
                "percentGroupSeparator",
                "percentSymbol",
                "perMilleSymbol",
                "nativeDigits",
                "numberDecimalDigits",
                "currencyDecimalDigits",
                "currencyPositivePattern",
                "currencyNegativePattern",
                "numberNegativePattern",
                "percentPositivePattern",
                "percentNegativePattern",
                "percentDecimalDigits",
                "digitSubstitution",
                "isReadOnly",
                "m_isInvariant",
                "validForParseAsNumber",
                "validForParseAsCurrency",
                "Infinity",
                "-Infinity",
                "'System.Globalization.DateTimeFormatInfo+",
                "amDesignator",
                "pmDesignator",
                "dateSeparator",
                "generalShortTimePattern",
                "generalLongTimePattern",
                "timeSeparator",
                "monthDayPattern",
                "dateTimeOffsetPattern",
                "firstDayOfWeek",
                "calendarWeekRule",
                "fullDateTimePattern",
                "abbreviatedDayNames",
                "m_superShortDayNames",
                "dayNames",
                "abbreviatedMonthNames",
                "monthNames",
                "genitiveMonthNames",
                "m_genitiveAbbreviatedMonthNames",
                "leapYearMonthNames",
                "longDatePattern",
                "shortDatePattern",
                "yearMonthPattern",
                "longTimePattern",
                "shortTimePattern",
                "allYearMonthPatterns",
                "allShortDatePatterns",
                "allLongDatePatterns",
                "allShortTimePatterns",
                "allLongTimePatterns",
                "m_eraNames",
                "m_abbrevEraNames",
                "m_abbrevEnglishEraNames",
                "optionalCalendars",
                "formatFlags",
                "CultureID",
                "bUseCalendarInfo",
                "nDataItem",
                "m_isDefaultCalendar",
                "m_dateWords",
                "&System.Globalization.GregorianCalendar",
                "(System.Globalization.DateTimeFormatFlags",
                "dddd, dd MMMM yyyy",
                "MM/dd/yyyy",
                "yyyy MMMM",
                "HH:mm:ss",
                "HH:mm",
                "m_type",
                "m_currentEraValue",
                "twoDigitYearMax",
                "Calendar+m_currentEraValue",
                "Calendar+m_isReadOnly",
                "Calendar+twoDigitYearMax",
                "+System.Globalization.GregorianCalendarTypes",
                "yyyy-MM-dd",
                "hh:mm tt",
                "H:mm",
                "h:mm tt",
                "S^oP",
                "PQAeS~",
                "U vm",
                "Ebdw",
                "HhXpE",
                "ZrNl",
                "=-9'6",
                "!h[T",
                "6.:$",
                "awKiZ",
                "~4[C)v",
                "j~FbT",
                "1?#1*",
                "[_=o",
                "$4,8",
                "l\\tH",
                "/QEmk",
                "lpHP",
                "P`00",
                "gg}V++",
                "jL&&Zl66A~??",
                "\\h44",
                "Sb11?*",
                "eF##^",
                "iN''",
                "tX,,.4",
                "RRMv;;a",
                "{R))>",
                "q^//",
                "`@  ",
                "Kr99",
                "MMUf33",
                "PPDx<<",
                "Hp88",
                "cB!!0 ",
                "DD9.",
                "~~Gz==",
                "]]+2",
                "fD\"\"~T**",
                "Vd22Nt::",
                "lH$$",
                "Yn77",
                "xxoJ%%r\\..$8",
                "tt!>",
                "ppB|>>",
                "aa_j55",
                "UUxP((z",
                "wZ--",
                "P~AeS",
                "-Xt!",
                "X>k'",
                "Q3`bS",
                "pHhX",
                "lZrN",
                "6-9'",
                "$6.:",
                "ZwKi",
                "T~Fb",
                "*?#1",
                ">8$4,",
                "pHl\\t",
                "WBNJ",
                "^ln\\",
                "k?]e",
                "jrgG",
                "y82:",
                "_vvqh",
                "&Fjj",
                "=4T\\",
                "0P`0",
                "g+}V+",
                "&jL&6Zl6?A~?",
                "4\\h4",
                "1Sb1",
                "#eF#",
                "'iN'",
                ",tX,",
                "R;Mv;",
                "){R)",
                "/q^/",
                " `@ ",
                "9Kr9J",
                "M3Uf3",
                "P<Dx<",
                "8Hp8",
                "!cB!",
                "~=Gz=d",
                "\"fD\"*~T*",
                "2Vd2:Nt:",
                "$lH$\\",
                "7Yn7m",
                "x%oJ%.r\\.",
                "p>B|>",
                "a5_j5W",
                "U(xP(",
                "-wZ-",
                "5LaE",
                "i{bR",
                "G`p>",
                "[xyH",
                "8Mqq",
                "tcYm",
                "]lR$",
                "n+jQ[",
                "bhPi",
                "YISP2#",
                "HS2_",
                "RlfZ%",
                "+S<eX",
                "}4Mc",
                "71&-",
                "2 mz",
                "+n;N",
                "@l1D",
                "g8uR=G",
                "i~gc",
                "TOUP",
                "b=>5nV",
                "d\"&VX",
                "[YpI",
                "a#p_",
                "=Y'/,+N",
                "MamF",
                "pZvi",
                "9#3DJyC",
                "pVlS",
                "dd93p",
                "R.Dcc",
                "5}w7:",
                "R;w~",
                "\"gs8",
                "/q']",
                "\\M8Ar",
                "r~ugl",
                "^D%(>B",
                "Ll,_",
                "|:+E",
                "wJ\\&",
                "!It1'C",
                "f\\x|",
                "j4pP*gCR",
                "c$PLr",
                "@D08",
                "_k\"ba",
                "-zlb7#",
                "`m:\\o",
                "-YrSP",
                "{MT-",
                "1f_5!",
                "f*|[T",
                "nrtz",
                "s8}`",
                "}V|?",
                "q:@CZ",
                ">cDV",
                "&k1(V",
                "iZoYx",
                "@_]Y@tJ3",
                "h:?&",
                "Q:h_K",
                "k[?X",
                "z&W1",
                "tB7w",
                "Edq ",
                "_Zmh",
                "vg/+",
                "6# \\Z",
                ".c0G",
                "Cj&|",
                "H\">&",
                "@~p=",
                "k\"yZ",
                "5Wu8",
                "c|w{",
                "9JLX",
                "~=d]",
                "(kQV",
                "00P`",
                "++}V",
                "=&&jL66Zl??A~",
                "44\\h",
                "11Sb",
                "##eF",
                "''iN",
                ",,tX",
                "-6nn",
                ";;Mv",
                "})){R",
                "//q^",
                "  `@",
                "g99KrJJ",
                "33Uf",
                "<<Dx",
                "!88Hp",
                "!!cB",
                "==Gzdd",
                "+2ss",
                "\"\"fD**~T",
                "22Vd::Nt",
                "$$lH\\\\",
                "77Ynmm",
                "%%oJ..r\\",
                "!>KK",
                ">>B|",
                "55_jWW",
                "3\"ii",
                "((xP",
                ")--wZ",
                "`~rR",
                "7/Xila",
                "7M)o",
                "(vj-*",
                "T`00P",
                "V++}",
                "L&&jl66Z~??A",
                "Oh44\\Q",
                "sb11S*",
                "RF##e",
                "&N''i",
                "X,,t4",
                "v;;M",
                "R)){",
                ">^//q",
                ",@  `",
                "r99K",
                "f33U",
                "x<<D%",
                "p88H",
                "uB!!c ",
                "z==G",
                "D\"\"fT**~;",
                ";d22Vt::N",
                "H$$l",
                "Cn77Y",
                "J%%o\\..r8",
                "|>>Bq",
                "j55_",
                "P((x",
                "Z--w",
                "C3o`",
                "-kg-",
                "8}kC",
                "1d8;",
                "S~Ae",
                "Xt!)I",
                "Q3EbS",
                "+XpHh",
                "@Cwg",
                "pNlZr",
                "'6-9d",
                "[T:$6.",
                " iZwK",
                "*C<\"",
                "Df;4[",
                "bT~F",
                "1*?#0",
                "f7tN",
                ",8$4_",
                "(<IA",
                "tHl\\B",
                "@c*^FSy",
                "O #d",
                "eS~A",
                "U 0m",
                "Xti)I",
                "EbSw",
                "hXpH",
                "*fU(",
                "H2+p",
                "rNlZ",
                "9'6-",
                "!h\\T",
                "[.:$6g",
                "KiZw",
                "Df~4[",
                "Bc\"@",
                "j_FbT~",
                "#1*?",
                "h4,8$@_",
                "2\\tHlWB",
                ")dZz",
                "Y9/R`",
                "QaQz",
                "+J?@",
                "QZ^&",
                ")yA4",
                "DBRfhn M",
                "X0 0",
                "_CorExeMain",
                "mscoree.dll",
                "IHDR",
                "P,IDATx",
                "\"~My",
                "qv-!",
                "<<<<<<<<<<<<<<<<<<<<<<<<<<<<<<<<<<<<<<<<<<<<<<<<<<<<<<<<<<<<<<<<<<<<<<<<<<<<<<<J",
                "-u?x",
                "(u'x",
                "Df!Y^",
                "%lF#pn",
                "T(B0",
                "L\"H.,u#N",
                ",u#<r",
                "X#(?",
                "RpHj",
                "h*u;",
                "9:<r",
                "Cl~.}",
                "l?U~",
                ":Y#%",
                "EbZ)",
                "8M\"M!X(",
                "bQV&n1",
                "7jjO*",
                "H~ 4nX}",
                "J|Wi`",
                "G1J`",
                "*Gr>",
                "9;0e",
                "<,\\^\\",
                "+kaeml",
                "C~|A",
                "`3{a",
                "-Bpx",
                "L,Cj8",
                "/58L",
                ":#P1TNo+j",
                "B+kkFJI&",
                "`Ipm",
                "HCW:",
                "7^*M",
                "-v =",
                "/8M03",
                "u4v0v",
                "Kj(E",
                "/8!$",
                "F)mp",
                "lbr=",
                "{7}d",
                "cH)1S&",
                "9a)s",
                "o:xO",
                "$dbY",
                ",#]#",
                "66oM<",
                "@:@ ",
                "Zvi'",
                "{ T\"",
                "Nd*(",
                "lyld",
                "7SD|",
                "y]`a",
                ";Fz$]",
                "}^pI}D",
                "Zc-'",
                "W[?r",
                "#ms_j{",
                "52v&",
                "(\"Y`o",
                "Bm%M",
                "q\\{b",
                "x_</",
                "oz~pO[",
                "MY+`J*",
                "6lM<",
                "JaJ*",
                "E6>1y",
                "RwD1",
                "{vSt",
                ")wvf",
                "]%4A",
                "juN~",
                "wN[H",
                "'EV0",
                "F*gg",
                "k.5Rc5",
                "WJIz$",
                "KVjd",
                "&i@e",
                "=Cj8",
                "w. q`",
                "VjU.",
                "LiI)1",
                "+eB}",
                "B#Qe",
                "$$/H",
                "0(%I",
                "4_#WH",
                "\\\\90[",
                " X?*CE",
                "TF-G",
                "tkyEa",
                "WJ$GP",
                "e9{I)",
                "TyZQ",
                "2AW:",
                "1Ik>",
                "CNh6+/",
                "|^\"~",
                "p&S_",
                "bA$P;",
                "OW_;",
                ",[p.",
                "RwYN",
                "e+Y#",
                "Iw_;",
                "LVUM",
                ";54l",
                "v^'o/",
                "~4&`)yz",
                ".|~]",
                ":f2D/",
                "m{^J",
                "#8nqN",
                "c$3v*",
                "L_okt",
                "p2%M",
                "8JZCc",
                "WRV\"",
                "P$BU!",
                ",[4#4gACh",
                "!vab`b",
                "?>b'",
                "J.\\9",
                "dfMls",
                "!zwm",
                "L\";Z'>w",
                "[G6w?~",
                "-a_d",
                "Guc-",
                "*1RJ",
                "6v:M",
                ":P;n",
                "?]?L",
                "wh0(3UJI6",
                "k@dF",
                "HCUN",
                "pP/ ",
                "`+jyv",
                "~icT",
                "UL|i",
                "c&7u?",
                "-v`l",
                "2-[8",
                "jPgQ",
                "B-?&:",
                "48z=",
                "?)+1",
                "Hv`l",
                "fm.[",
                "fT}v",
                "CRuG",
                "e)M)",
                "B~f,",
                "H 2(",
                "7Nr ",
                "HIxVs",
                "gQEy",
                "|._;",
                "}>L9",
                "p]x4",
                "'Fr(",
                "g$a@ ",
                "dZHL)",
                "1-%$",
                "GJ>-",
                "Nb 9",
                ">.+^~",
                "b_hek0A",
                "R7d\"T",
                "|&usk",
                "S=3Bz$C6",
                ":HUC",
                "hAUX",
                "L)UvH",
                "^\\!y",
                "uq]91",
                "Rp%r",
                "*.SP%",
                "'}h^dq",
                "kzQj",
                "7}cG",
                "J8(9",
                "=O?y",
                "kM);q",
                "f:e%",
                "3m'O%",
                ":Y'=2",
                ",%R&",
                "ZP\\<",
                "sVje",
                "hNdAvy",
                "i8Y7",
                "</!Q",
                "g2v:W",
                "%`gU",
                "RJw(",
                "{c3[/0",
                "8s2d",
                "gIP0",
                "y&?P",
                "\\_$P",
                "RJw$;",
                "i8yK",
                "4\\pN@",
                "kz@ H",
                "S(A=",
                "M'{`y",
                "(KgR",
                "1h:Yw",
                "5SOF",
                "AYFC",
                "-j:Y",
                "AJa.g9nu",
                ",uCN",
                ";5rh",
                "2=fG",
                "/uCb",
                "+]g$3",
                "t<'`",
                "T6iTN",
                "WPN9",
                "Xy4o",
                "IEND",
                "5jj)Yzj)Yzj)Yzj)Yzj)Yzj)Yzj)Yzj)Yzj)Yzj)Yzj)Yzj)Yzj)Yzj)Yz?",
                "T!Fj",
                "S Fj",
                "e'Ts",
                "d'Tr",
                "p,_}",
                "Yl*Z{",
                "]v.c",
                "V\"Ir",
                "YR Eq",
                "{0gq",
                "|0hq",
                " cx.e",
                "'et-b",
                "__%Ov",
                "e'Ux",
                "ax.e",
                "YY#Ks",
                "Y#Ks",
                "t-au",
                "u-bu",
                "p+^|",
                "Zn+\\|",
                "b&R@",
                "c&SA",
                "bu-b",
                "]$Nsj)Yzj)Yzj)Yzj)Yz]$Ns",
                "aj)Yz",
                "Vh(Xy%",
                "]$N]",
                "jY#Kt",
                "Z#Lt",
                "g(VO",
                "f(VO",
                "Y^$Ou",
                "_%Pv",
                "<?xml version=\"1.0\" encoding=\"UTF-8\" standalone=\"yes\"?>",
                "<assembly xmlns=\"urn:schemas-microsoft-com:asm.v1\" manifestVersion=\"1.0\">",
                "  <assemblyIdentity version=\"1.0.0.0\" name=\"MyApplication.app\"/>",
                "  <trustInfo xmlns=\"urn:schemas-microsoft-com:asm.v2\">",
                "    <security>",
                "      <requestedPrivileges xmlns=\"urn:schemas-microsoft-com:asm.v3\">",
                "        <requestedExecutionLevel level=\"asInvoker\" uiAccess=\"false\"/>",
                "      </requestedPrivileges>",
                "    </security>",
                "  </trustInfo>",
                "</assembly>",
                "g&h*o-p1q2t5w9xHyYz\\|_}d",
                "\"!$#(')',+A@CBSRTRURVRWRXRYRZR[R\\R]R^Ra`sr",
                "localhost",
                "b58ab47ce54d5de1a0db1898751a6166",
                "Authorization",
                "FullName",
                "EngSubs",
                "00061561",
                "Width",
                "Height",
                "CopyFromScreen",
                "Scything",
                "Ng4NRjk9LBE3GR05JjE0LAAkAQE+PBZTNxkvQAsEXlUBNzMCDC0vVwEnOzw5PAIzHTYeRAo8Bi8FN0lJ",
                "ClMBAAktAgYcJEgjPy88JQUOMz0/BwEdCjs7RTk9Xl4=",
                "\\qemu-ga.exe",
                "{0}{1}{2}",
                "bee7370c-8c0c-4",
                "desktop-nakffmt",
                "win-5e07cos9alr",
                "b30f0242-1c6a-4",
                "desktop-vrsqlag",
                "q9iatrkprh",
                "xc64zb",
                "desktop-d019gdm",
                "desktop-wi8clet",
                "server1",
                "lisa-pc",
                "john-pc",
                "desktop-b0t93d6",
                "desktop-1pykp29",
                "desktop-1y2433r",
                "wileypc",
                "work",
                "6c4e733f-c2d9-4",
                "ralphs-pc",
                "desktop-wg3myjs",
                "desktop-7xc6gez",
                "desktop-5ov9s0o",
                "qarzhrdbpj",
                "oreleepc",
                "archibaldpc",
                "julia-pc",
                "d1bnjkfvlh",
                "compname_5076",
                "desktop-vkeons4",
                "NTT-EFF-2W11WSS",
                "wdagutilityaccount",
                "abby",
                "peter wilson",
                "hmarc",
                "patex",
                "rdhj0cnfevzx",
                "keecfmwgj",
                "frank",
                "8nl0colnq5bq",
                "lisa",
                "john",
                "george",
                "pxmduopvyx",
                "8vizsm",
                "w0fjuovmccp5a",
                "lmvwjj9b",
                "pqonjhvwexss",
                "3u2v9m8",
                "julia",
                "heuerzl",
                "harry johnson",
                "j.seance",
                "a.monaldo",
                "System.Core, Version=3.5.0.0, Culture=neutral, PublicKeyToken=b77a5c561934e089",
                "System.Security.Cryptography.AesCryptoServiceProvider",
                "System.Core, Version=4.0.0.0, Culture=neutral, PublicKeyToken=b77a5c561934e089",
                "{11111-22222-10009-11111}",
                "{11111-22222-10009-11112}",
                "{11111-22222-50001-00000}",
                "file:///",
                "Location",
                "Find ",
                "ResourceA",
                "Virtual ",
                "Alloc",
                "Write ",
                "Process ",
                "Memory",
                "Protect",
                "Open ",
                "Close ",
                "kernel ",
                "32.dll",
                "{11111-22222-10001-00001}",
                "{11111-22222-10001-00002}",
                "{11111-22222-20001-00001}",
                "{11111-22222-20001-00002}",
                "{11111-22222-30001-00001}",
                "{11111-22222-30001-00002}",
                "{11111-22222-40001-00001}",
                "{11111-22222-40001-00002}",
                "{11111-22222-50001-00001}",
                "{11111-22222-50001-00002}",
                "$this.SnapToGrid",
                "$this.TrayLargeIcon",
                "$this.Icon",
                "$this.Locked",
                "$this.DrawGrid",
                "progressBar1.Modifiers",
                "$this.Localizable",
                "$this.Language",
                "$this.GridSize",
                "$this.TrayHeight",
                "progressBar1.Locked",
                "\\tdata",
                "TotEngSubsal oEngSubsf REngSubsAM",
                "/GCM",
                "VS_VERSION_INFO",
                "VarFileInfo",
                "Translation",
                "StringFileInfo",
                "000004b0",
                "Comments",
                "CompanyName",
                "FileDescription",
                "FileVersion",
                "InternalName",
                "LegalCopyright",
                "OriginalFilename",
                "ProductName",
                "ProductVersion",
                "Assembly Version",
                "44.11.52.0"
            ]
        }
    ]
}