{
    "malware_data": [
        {
            "filename": "4c7690aae75b181a414129672bbad75d30883ac9f59ccede66b3b5789bd105b6.exe",
            "filetype": "4D5A9000",
            "filesize": "343KB",
            "hash_sha256": "4c7690aae75b181a414129672bbad75d30883ac9f59ccede66b3b5789bd105b6",
            "strings": [
                "!This program cannot be run in DOS mode.",
                ".text",
                "`.rsrc",
                "@.reloc",
                " @B/",
                "jXi(",
                "j[81",
                "_b_9",
                "_bj_9",
                "_daT",
                "jX}y",
                "_b`*",
                "b`~z",
                "ba~z",
                "ba~{",
                "?_d ",
                " vT2",
                "f_`X",
                "f`aX",
                "XjXo$",
                "%%o#",
                "vlmX",
                "*BSJB",
                "v4.0.30319",
                "#Strings",
                "#GUID",
                "#Blob",
                "c'm'",
                "aUoU",
                "`^m^",
                "9eEe",
                ")S* ",
                ".S* ",
                "VS/ ",
                "eS4 ",
                "jS9 ",
                "oS> ",
                "tSC ",
                "ySH ",
                "~SM ",
                "j\\/$",
                "o\\<$",
                "t\\P$",
                "y\\d$",
                "~\\q$",
                ".]\"&",
                "5]8&",
                "<]N&",
                "C]b&",
                "J]v&",
                "!^j(",
                "(^w(",
                "h_&+",
                "aa*.",
                "ha@.",
                "oa\\.",
                "vai.",
                "Wb\"0",
                "^b80",
                "ebE0",
                "lbQ0",
                "sb_0",
                "zbm0",
                "\"cJ2",
                ")cY2",
                "0cg2",
                "7cu2",
                ".d%5",
                "5d:5",
                "<dJ5",
                "Cd`5",
                "Jdo5",
                "\\e/7",
                "ceM7",
                "je[7",
                "qeq7",
                "$f78",
                "+fF8",
                "2fX8",
                "9fj8",
                "xf&9",
                "%g{:",
                "kg#;",
                "rg1;",
                "ygC;",
                ";h1<",
                "BhQ<",
                "Ihg<",
                "Ph}<P ",
                " {XP",
                "[\\&$",
                "[\\4$",
                "[\\G$",
                "[\\[$",
                "[\\i$",
                "[\\}$",
                "[\\+%",
                "[\\I%",
                "[\\d%",
                "[\\z%",
                "[\\.&",
                "[\\D&",
                "[\\Y&",
                "[\\m&",
                "[\\L'",
                "[\\,(",
                "[\\9(",
                "[\\F(",
                "[\\T(",
                "[\\a(",
                "[\\o(",
                "[\\|(",
                "[\\3)",
                "[\\H)",
                "[\\b)",
                "[\\})",
                "[\\+*",
                "[\\A*",
                "[\\O*",
                "[\\]*",
                "[\\k*",
                "[\\y*",
                "[\\2+",
                "[\\H+",
                "[\\^+",
                "[\\u+",
                "[\\F,",
                "[\\e,",
                "[\\\"-",
                "[\\;-",
                "[\\J-",
                "[\\V-",
                "[\\k-",
                "[\\#.",
                "[\\6.",
                "[\\O.",
                "[\\a.",
                "[\\u.",
                "[\\&/",
                "[\\4/",
                "[\\G/",
                "[\\^/",
                "[\\o/",
                "[\\}/",
                "[\\.0",
                "[\\=0",
                "[\\J0",
                "[\\V0",
                "[\\d0",
                "[\\r0",
                "[\\.1",
                "[\\A1",
                "[\\T1",
                "[\\b1",
                "[\\u1",
                "[\\ 2",
                "[\\;2",
                "[\\O2",
                "[\\^2",
                "[\\l2",
                "[\\93",
                "[\\R3",
                "[\\j3",
                "[\\y3",
                "[\\(4",
                "[\\A4",
                "[\\[4",
                "[\\t4",
                "[\\*5",
                "[\\?5",
                "[\\V5",
                "[\\e5",
                "[\\|5",
                "[\\'6",
                "[\\56",
                "[\\C6",
                "[\\V6",
                "[\\k6",
                "[\\&7",
                "[\\?7",
                "[\\R7",
                "[\\g7",
                "[\\}7",
                "[\\-8",
                "[\\<8",
                "[\\P8",
                "[\\b8",
                "[\\y8",
                "[\\+9",
                "[\\89",
                "[\\J9",
                "[\\]9",
                "[\\q9",
                "[\\0:",
                "[\\?:",
                "[\\K:",
                "[\\Y:",
                "[\\o:",
                "[\\(;",
                "[\\;;",
                "[\\H;",
                "[\\\\;",
                "[\\s;",
                "[\\&<",
                "[\\B<",
                "[\\]<",
                "[\\s<",
                "SR )",
                "Sk Y",
                "Ue!|",
                "U{!)",
                "/!\"y",
                "UW(\"9",
                "|W.\"",
                "W?\"q",
                "WE\"Y",
                "XU\")",
                "!Xk\"",
                "rXv\"Y",
                "Xa\"Y",
                "EiO\"Y",
                "i$=Y",
                "Th=Y",
                "x's=",
                "LlC>",
                "[lI>i",
                "[l_>i",
                "lt>Q",
                "l{>Q",
                "mO\"Y",
                "]n4#Q",
                "n]\"Q",
                "n ?Q",
                "n%?)",
                "n=?Y",
                "mC?Y",
                "m=?!",
                "oW?1",
                "x']?)",
                "/oh?)",
                "Wo?)",
                "sVy?9",
                "oot>A",
                "p%@Q",
                "pH@i",
                "(qN@i",
                "/5Y@Y",
                "Kqb@",
                "zmi@",
                "$p@!",
                "Yq|@",
                "p5@Y",
                "UF`I#",
                "9A`OS",
                "Unrotted",
                "ExtensionAttribute",
                "System.Runtime.CompilerServices",
                "System.Core",
                ".ctor",
                "Void",
                "System",
                "mscorlib",
                "CompilationRelaxationsAttribute",
                "Int32",
                "Boolean",
                "RuntimeCompatibilityAttribute",
                "DebuggableAttribute",
                "System.Diagnostics",
                "DebuggingModes",
                "ComVisibleAttribute",
                "System.Runtime.InteropServices",
                "AssemblyTitleAttribute",
                "System.Reflection",
                "String",
                "AssemblyDescriptionAttribute",
                "AssemblyCompanyAttribute",
                "AssemblyProductAttribute",
                "AssemblyCopyrightAttribute",
                "AssemblyFileVersionAttribute",
                "TargetFrameworkAttribute",
                "System.Runtime.Versioning",
                "Unrotted.exe",
                "<Module>",
                "Object",
                "<>c__DisplayClass0_0",
                "<>o__8",
                "Schema19",
                "Schema20",
                "<>o__1",
                "Schema21",
                "<>o__0",
                "SchemaRoot",
                "Schema31",
                "Schema32",
                "Schema23",
                "Schema24",
                "Schema25",
                "Schema26",
                "Schema27",
                "Schema28",
                "Schema29",
                "CallArgs",
                "EventArgs",
                "Handler",
                "MulticastDelegate",
                "Schema13",
                "<>c__DisplayClass8_0",
                "<>c__DisplayClass16_0",
                "<>c__DisplayClass16_1",
                "<>o__17",
                "<>o__31",
                "SchemaReaderSql",
                "Extembus",
                "<>c__DisplayClass3_0",
                "Json",
                "StringExt",
                "UserExt",
                "BerkeleyDB",
                "CryptoHelper",
                "Arrays",
                "ParametersWithIV",
                "KeyParameter",
                "IGcmMultiplier",
                "Tables8kGcmMultiplier",
                "GcmBlockCipher",
                "IAeadBlockCipher",
                "AesFastEngine",
                "CryptoException",
                "Exception",
                "DataLengthException",
                "IBlockCipher",
                "ICipherParameters",
                "InvalidCipherTextException",
                "AesGcm256",
                "AeadParameters",
                "StringDecrypt",
                "DeviceMonitor",
                "<>o__2",
                "IPv4Helper",
                "DeviceCap",
                "Enum",
                "ProcessFileHandle",
                "ValueType",
                "UNICODE_STRING",
                "SYSTEM_HANDLE_INFORMATION",
                "OBJECT_NAME_INFORMATION",
                "NT_STATUS",
                "FileMapProtection",
                "FileMapAccess",
                "FileType",
                "OBJECT_INFORMATION_CLASS",
                "ProcessAccessFlags",
                "DuplicateOptions",
                "SYSTEM_INFORMATION_CLASS",
                "MemoryImport",
                "Strings",
                "SystemInfoHelper",
                "Proc",
                "Schema8",
                "Schema9",
                "AccountDetails",
                "Schema10",
                "Schema11",
                "Schema12",
                "BCRYPT_AUTHENTICATED_CIPHER_MODE_INFO",
                "BCRYPT_KEY_LENGTHS_STRUCT",
                "BCRYPT_OAEP_PADDING_INFO",
                "BCRYPT_PSS_PADDING_INFO",
                "Schema14",
                "FileHelper",
                "Schema16",
                "FileScannerRule",
                "Schema17",
                "Asn1Der",
                "Type",
                "Asn1DerObject",
                "PBKDF2",
                "Schema18",
                "Schema1",
                "Schema3",
                "Schema4",
                "IRemoteEndpoint",
                "Schema5",
                "Schema7",
                "RcHdrFd",
                "Program",
                "<PrivateImplementationDetails>",
                "__StaticArrayInitTypeSize=6",
                "__StaticArrayInitTypeSize=12",
                "__StaticArrayInitTypeSize=16",
                "__StaticArrayInitTypeSize=30",
                "__StaticArrayInitTypeSize=32",
                "__StaticArrayInitTypeSize=48",
                "__StaticArrayInitTypeSize=64",
                "__StaticArrayInitTypeSize=66",
                "__StaticArrayInitTypeSize=80",
                "__StaticArrayInitTypeSize=256",
                "__StaticArrayInitTypeSize=1024",
                "__StaticArrayInitTypeSize=6160",
                "<Module>{426B35AC-5BA6-4213-BDA9-F30053CD37AC}",
                "Attribute",
                "<PrivateImplementationDetails>{00A077A3-1951-4BAC-A184-38FADDBC931B}",
                "__StaticArrayInitTypeSize=18",
                "__StaticArrayInitTypeSize=40",
                "m8DC0B98C66C2A97",
                ".cctor",
                "TreeObject1",
                "List`1",
                "System.Collections.Generic",
                "IList`1",
                "profiles",
                "IEnumerator`1",
                "Enumerator",
                "Char",
                "Func`2",
                "IntPtr",
                "Enumerable",
                "System.Linq",
                "Select",
                "IEnumerable`1",
                "GetEnumerator",
                "get_Current",
                "Empty",
                "FileInfo",
                "System.IO",
                "Func`1",
                "MoveNext",
                "IDisposable",
                "Dispose",
                "TreeObject2",
                "profilePath",
                "First",
                "TreeObject3",
                "dbPath",
                "DateTime",
                "TreeObject6",
                "chiperText",
                "chromeKey",
                "caller",
                "Byte",
                "Skip",
                "Take",
                "ToArray",
                "TreeObject7",
                "CallSite`1",
                "Func`3",
                "CallSite",
                "Create",
                "CallSiteBinder",
                "Target",
                "CSharpArgumentInfo",
                "Microsoft.CSharp.RuntimeBinder",
                "Microsoft.CSharp",
                "Func`4",
                "Invoke",
                "TreeObject8",
                "func",
                "success",
                "get_Count",
                "Environment",
                "GetFolderPath",
                "SpecialFolder",
                "AddRange",
                "Path",
                "XmlTextReader",
                "System.Xml",
                "IEnumerator",
                "System.Collections",
                "XmlDocument",
                "XmlNode",
                "xmlNode",
                "paths",
                "DirectoryInfo",
                "IEnumerable",
                "get_Item",
                "profile",
                "profilesDirectory",
                "TreeObject4",
                "KeyValuePair`2",
                "Where",
                "FirstOrDefault",
                "get_Key",
                "get_Value",
                "connector",
                "result",
                "address",
                "IContextChannel",
                "System.ServiceModel",
                "MessageHeader",
                "System.ServiceModel.Channels",
                "NetTcpBinding",
                "XmlDictionaryReaderQuotas",
                "System.Runtime.Serialization",
                "NetTcpSecurity",
                "MessageSecurityOverTcp",
                "AddressHeader",
                "EndpointAddress",
                "EndpointIdentity",
                "ChannelFactory`1",
                "Binding",
                "CreateChannel",
                "OperationContextScope",
                "configs",
                "Func`5",
                "SearchOption",
                "scanners",
                "baseDirectory",
                "maxLevel",
                "level",
                "files",
                "Contains",
                "patterns",
                "Int64",
                "rootPath",
                "searchOption",
                "searchPatterns",
                "Concat",
                "scannerArg",
                "filePath",
                "browserPaths",
                "fileInfo",
                "Nullable`1",
                "StringBuilder",
                "System.Text",
                "Match",
                "System.Text.RegularExpressions",
                "RegistryKey",
                "Microsoft.Win32",
                "Registry",
                "CurrentUser",
                "connection",
                "settings",
                "get_Au",
                "get_Settings",
                "get_Result",
                "Settings",
                "Result",
                "object",
                "method",
                "args",
                "BeginInvoke",
                "IAsyncResult",
                "AsyncCallback",
                "callback",
                "EndInvoke",
                "Random",
                "OrderBy",
                "IOrderedEnumerable`1",
                "TreeObject26",
                "TreeObject25",
                "Dictionary`2",
                "InvalidOperationException",
                "TreeObject24",
                "TreeObject23",
                "TreeObject20",
                "TreeObject19",
                "TreeObject18",
                "ThreadStart",
                "System.Threading",
                "Thread",
                "TreeObject17",
                "TreeObject21",
                "TreeObject16",
                "ToList",
                "TreeObject5",
                "TreeObject15",
                "TreeObject9",
                "TreeObject10",
                "TreeObject11",
                "Action`3",
                "TreeObject12",
                "TreeObject13",
                "TreeObject14",
                "TreeObject22",
                "IDataObject",
                "System.Windows.Forms",
                "DataFormats",
                "Text",
                "UInt64",
                "Fields",
                "get_RowLength",
                "fileName",
                "GatherValue",
                "rowIndex",
                "fieldName",
                "UInt32",
                "ReadContextTable",
                "tableName",
                "ReadContextValue",
                "rowNum",
                "field",
                "Count",
                "ChangeSize",
                "oldArray",
                "newSize",
                "Array",
                "Resize",
                "RowLength",
                "filename",
                "FileStream",
                "StreamReader",
                "FileMode",
                "FileAccess",
                "FileShare",
                "Stream",
                "Encoding",
                "RFAT",
                "FindFileHandle",
                "targetFile",
                "Process",
                "ReadLockedFile",
                "fileHandle",
                "Zero",
                "GetHandleNames",
                "targetPid",
                "TimeSpan",
                "ToString",
                "ConvertDevicePathsToDosPaths",
                "devicePaths",
                "TryGetValue",
                "BuildDeviceMap",
                "NormalizeDeviceName",
                "deviceName",
                "JavaScriptSerializer",
                "System.Web.Script.Serialization",
                "System.Web.Extensions",
                "get_JSON",
                "FromJSON",
                "this",
                "Deserialize",
                "ToJSON",
                "JSON",
                "ChangeType",
                "StripQuotes",
                "value",
                "HexToBytes",
                "hexString",
                "DomainExists",
                "domains",
                "SelectMany",
                "get_HasValue",
                "GetValueOrDefault",
                "PreCheck",
                "PropertyInfo",
                "get_Keys",
                "file",
                "MemoryStream",
                "BinaryReader",
                "Sort",
                "Keys",
                "GetDecoded",
                "EncryptedData",
                "DataProtectionScope",
                "System.Security.Cryptography",
                "System.Security",
                "dataProtectionScope",
                "entropy",
                "DecryptBlob",
                "GetMd5Hash",
                "source",
                "MD5CryptoServiceProvider",
                "ICollection`1",
                "AreEqual",
                "AreSame",
                "ConstantTimeAreEqual",
                "GetHashCode",
                "data",
                "Clone",
                "get_Parameters",
                "parameters",
                "ivOff",
                "ivLen",
                "ArgumentNullException",
                "GetIV",
                "Parameters",
                "keyOff",
                "keyLen",
                "ArgumentOutOfRangeException",
                "GetKey",
                "Init",
                "MultiplyH",
                "get_AlgorithmName",
                "ArgumentException",
                "GetBlockSize",
                "forEncryption",
                "GetMac",
                "GetOutputSize",
                "GetUpdateOutputSize",
                "ProcessByte",
                "input",
                "output",
                "outOff",
                "ProcessBytes",
                "inOff",
                "DoFinal",
                "Reset",
                "AlgorithmName",
                "outBytes",
                "inBytes",
                "get_IsPartialBlockOkay",
                "ProcessBlock",
                "IsPartialBlockOkay",
                "message",
                "exception",
                "inBuf",
                "outBuf",
                "Decrypt",
                "encryptedBytes",
                "get_MacSize",
                "macSize",
                "nonce",
                "associatedText",
                "GetAssociatedText",
                "GetNonce",
                "MacSize",
                "stringKey",
                "Read",
                "HMACSHA1",
                "SHA1CryptoServiceProvider",
                "SHA1Managed",
                "TripleDESCryptoServiceProvider",
                "ICryptoTransform",
                "CryptoStream",
                "CryptoStreamMode",
                "GetWindowsScreenScalingFactor",
                "Double",
                "percentage",
                "MonitorSize",
                "Rectangle",
                "System.Drawing",
                "Size",
                "GetImageBase",
                "Bitmap",
                "Graphics",
                "Action`5",
                "Point",
                "Image",
                "IPAddress",
                "System.Net",
                "Parse",
                "GetDefaultIPv4Address",
                "UnicastIPAddressInformation",
                "System.Net.NetworkInformation",
                "NetworkInterface",
                "adapter",
                "value__",
                "VERTRES",
                "DESKTOPVERTRES",
                "ProcessName",
                "ProcessID",
                "FileName",
                "FileHandleID",
                "processName",
                "processID",
                "fileHandleID",
                "Length",
                "UInt16",
                "MaximumLength",
                "ProcessId",
                "ObjectTypeNumber",
                "Flags",
                "HandleValue",
                "Object_Pointer",
                "GrantedAccess",
                "Name",
                "STATUS_SUCCESS",
                "STATUS_INFO_LENGTH_MISMATCH",
                "STATUS_BUFFER_OVERFLOW",
                "INVALID_HANDLE",
                "PageReadonly",
                "PageReadWrite",
                "PageWriteCopy",
                "PageExecuteRead",
                "PageExecuteReadWrite",
                "SectionCommit",
                "SectionImage",
                "SectionNoCache",
                "SectionReserve",
                "FileMapCopy",
                "FileMapWrite",
                "FileMapRead",
                "FileMapAllAccess",
                "FileMapExecute",
                "Disk",
                "Pipe",
                "Remote",
                "Unknown",
                "ObjectBasicInformation",
                "ObjectNameInformation",
                "ObjectTypeInformation",
                "ObjectAllInformation",
                "ObjectDataInformation",
                "Terminate",
                "CreateThread",
                "VirtualMemoryOperation",
                "VirtualMemoryRead",
                "VirtualMemoryWrite",
                "DuplicateHandle",
                "CreateProcess",
                "SetQuota",
                "SetInformation",
                "QueryInformation",
                "QueryLimitedInformation",
                "Synchronize",
                "DUPLICATE_CLOSE_SOURCE",
                "DUPLICATE_SAME_ACCESS",
                "SystemBasicInformation",
                "SystemPerformanceInformation",
                "SystemTimeOfDayInformation",
                "SystemProcessInformation",
                "SystemProcessorPerformanceInformation",
                "SystemHandleInformation",
                "SystemInterruptInformation",
                "SystemExceptionInformation",
                "SystemRegistryQuotaInformation",
                "SystemLookasideInformation",
                "LoadLibrary",
                "kernel32.dll",
                "GetProcAddress",
                "hModule",
                "procName",
                "Func",
                "arg1",
                "GetDeviceCaps",
                "nIndex",
                "NtQueryObject",
                "Handle",
                "ObjectInformationClass",
                "ObjectInformation",
                "ObjectInformationLength",
                "ReturnLength",
                "NtQuerySystemInformation",
                "SystemInformationClass",
                "SystemInformation",
                "SystemInformationLength",
                "CloseHandle",
                "handle",
                "OpenProcess",
                "processAccess",
                "bInheritHandle",
                "processId",
                "hSourceProcessHandle",
                "hSourceHandle",
                "hTargetProcessHandle",
                "lpTargetHandle",
                "dwDesiredAccess",
                "options",
                "QueryDosDevice",
                "lpDeviceName",
                "lpTargetPath",
                "ucchMax",
                "MapViewOfFile",
                "hFileMappingObject",
                "dwFileOffsetHigh",
                "dwFileOffsetLow",
                "dwNumberOfBytesToMap",
                "UnmapViewOfFile",
                "lpBaseAddress",
                "GetFileSizeEx",
                "hFile",
                "lpFileSize",
                "GetFileType",
                "CreateFileMapping",
                "lpFileMappingAttributes",
                "flProtect",
                "dwMaximumSizeHigh",
                "dwMaximumSizeLow",
                "lpName",
                "hObject",
                "set_Item",
                "Reverse",
                "index",
                "Close",
                "GetProcessors",
                "ManagementObjectSearcher",
                "System.Management",
                "ManagementObjectCollection",
                "ManagementObjectEnumerator",
                "ManagementObject",
                "GetGraphicCards",
                "GetBrowsers",
                "LocalMachine",
                "GetSerialNumber",
                "ListOfProcesses",
                "GetVs",
                "ManagementBaseObject",
                "FindProc",
                "parts",
                "OrderByDescending",
                "ListOfPrograms",
                "AvailableLanguages",
                "Cast",
                "InputLanguage",
                "CollectMemory",
                "GetWindowsVersion",
                "lang",
                "get_Name",
                "set_Name",
                "get_FilePath",
                "set_FilePath",
                "get_Id",
                "set_Id",
                "FilePath",
                "get_TreeObject1",
                "set_TreeObject1",
                "get_TreeObject2",
                "set_TreeObject2",
                "get_TreeObject3",
                "set_TreeObject3",
                "get_TreeObject4",
                "set_TreeObject4",
                "get_TreeObject5",
                "set_TreeObject5",
                "get_TreeObject6",
                "set_TreeObject6",
                "get_TreeObject8",
                "set_TreeObject8",
                "get_TreeObject9",
                "set_TreeObject9",
                "get_Token",
                "set_Token",
                "Token",
                "expires",
                "get_TreeObject7",
                "set_TreeObject7",
                "BCRYPT_INIT_AUTH_MODE_INFO_VERSION",
                "cbSize",
                "dwInfoVersion",
                "pbNonce",
                "cbNonce",
                "pbAuthData",
                "cbAuthData",
                "pbTag",
                "cbTag",
                "pbMacContext",
                "cbMacContext",
                "cbAAD",
                "cbData",
                "dwFlags",
                "dwMinLength",
                "dwMaxLength",
                "dwIncrement",
                "pszAlgTreeObject",
                "pbLabel",
                "cbLabel",
                "cbSalt",
                "Search",
                "ChromeGetName",
                "path",
                "ChrRm",
                "ChrLm",
                "toParse",
                "Sequence",
                "Integer",
                "OctetString",
                "ObjectIdentifier",
                "get_Type",
                "set_Type",
                "get_Lenght",
                "set_Lenght",
                "get_Objects",
                "get_Data",
                "set_Data",
                "Equals",
                "Lenght",
                "Objects",
                "Data",
                "ciphertext",
                "globalSalt",
                "masterPassword",
                "entrySalt",
                "partIv",
                "Compute",
                "HMACSHA256",
                "AesManaged",
                "HMAC",
                "algorithm",
                "password",
                "salt",
                "iterations",
                "GetBytes",
                "count",
                "BitConverter",
                "IsLittleEndian",
                "get_TreeObject10",
                "set_TreeObject10",
                "get_TreeObject11",
                "set_TreeObject11",
                "get_TreeObject12",
                "set_TreeObject12",
                "get_TreeObject13",
                "set_TreeObject13",
                "get_TreeObject14",
                "set_TreeObject14",
                "get_TreeObject15",
                "set_TreeObject15",
                "get_TreeObject16",
                "set_TreeObject16",
                "get_TreeObject18",
                "set_TreeObject18",
                "OnGetSettings",
                "user",
                "get_TreeObject17",
                "set_TreeObject17",
                "ItemName",
                "RootNum",
                "SqlStatement",
                "Content",
                "ReadLine",
                "02D4B7DD2AC060C1C3065E07C7954DB0D6AE818E",
                "03C6148C4026F71EC398DCB72A3B00A276FA9231",
                "04D2A79C8A779AFAA779125335E9334C245EBB46",
                "04E7EEC2F830FA5C7E08EE9F330B69922C6A1E0F",
                "065059F2D7EED3C47FA3768FCBE8BB26E02FB1C5",
                "068E2AA699B9912CDC0EDDFC2E32FAD60D4E640D",
                "0ACE19B883728A24312A8DD27B3248B9A25E260A",
                "0BAEB98A316CE32A04398BA84988A8529A5AA776",
                "0BB57F8B9D191A4B36CCD48AC1865BC9C635A356",
                "0C4110BC17D746F018F47B49E0EB0D6590F69939",
                "0D822F817A93EBB64A5921FDA9502A36382A4769",
                "102C522344FCAC1545BDA50C0FC675C502FFEC53",
                "14F2B8503F8972EC7577F880094C421F324DB193",
                "153FDB061F405BCDB8F46BF92D17CA2404D1CAD0",
                "156967A49E24C39EBC9F952AF9949163136544B4",
                "1707055703B3930BD02C691F7FC057978BF64DAA",
                "1746FDEC26376171BC0F3B40692DABCABDAD85AE",
                "1766B7BB72E3AC448BF6344A0ECCC8D610624253",
                "18C5269688D625C8B23DB567B4A632D4EA550F18",
                "19C9994413414DC4FAC98F3DD39CA7E7FA31102E",
                "1A41D6D271CCC377C6D65E54625BADABA779EAF5",
                "1AEF6827F16E9905A33E35C266490C4590D87EEF",
                "1AFB455399A50580CF1039188ABA6BE82F309543",
                "1BD04E979D8463B6FC006FEAE1BA1E45F8F153D6",
                "1C5DF14247A2420874AAA1A5A2CC8197219355A4",
                "1C8BDB6AD1EAE5D83E2610E06AA9CC2E8FB4B7D8",
                "1CEA742A1B5338ED055F0976F118306306224870",
                "1D3E92772B44F3CE39AF46E149438DA5FCF67F59",
                "1F6993603B92C7413C99FE516827CFE72A89842A",
                "26132275D8E564F5CB092CBA75120D9C2F3F3349",
                "261ECB424D4225F3807C086519D9B5027E0679C0",
                "26EF70B65763E15FE9E51FC09A099B5EA7A20057",
                "28DC1236851867743CCD851F990EAFF984D186F8",
                "29EC5E8FCA12DB9EC0B5E6D2DE67B624D2E2372C",
                "2BAAACBA3FEB84328ACC790DC771FB9C052C0DCB",
                "2CD25640919BCD51A408395699CD351419B4127E",
                "2E6A39C2D0A2E29A582538E6AC84ADE41DF6D77E",
                "2F3C96A6789490DE253CBE6F021161ACFD2D3B12",
                "30587469C1327FF2DEB80A98424455AF92CC20D8",
                "322B22682D30D0164434F38755786F4C6F09EE02",
                "3360F1F8930AE9665E3C0E5805E77BF1A3216E23",
                "348F79E758450B73BACC41470EDFF3CC850EDA48",
                "35B9EEA4974FF2143F8FF9D457824126340E70F1",
                "36A59572EA77F7122D63581ADC63A5491A1E199B",
                "38F431A549411AEB32810068A4C83250B2D31E15",
                "39277B3045F8471D274BE662310ED7DEF9A0E373",
                "397107E02A5BC1E5D0F6526AE1BD9282A273FE76",
                "3A0E60542225D930DBC6100DB5932F99614154BF",
                "3A18177D3BA644DA782CC7549775AB595537B681",
                "3A7F6C2D902FE2CA586A9BBE34F42CCDC788AE4B",
                "3E259AA742C73271B104F1C26F034055B079E7BD",
                "3EE0D39828D574A7C20AFB5E7B09C047833013FA",
                "3FAB927E319EE39903788C60C33CAE9DB2A83023",
                "41C65CD377D2062D0B991BED026DDA760A4AA725",
                "420E52059DB3BF4B6AAEEACF3438344FB56415B2",
                "423ACA01AC170A50869ECDEF572CD96995576718",
                "46FD9148A5BAB89E5C67EFB85E11F69677808E10",
                "47F0007581F78193D80D97654406FB71293D668E",
                "4874D5AFF1772EE7AE7A03B4F347B6153F4E3C18",
                "4878AE9A03D51720A6DCAC153101030D6CD72ABC",
                "4A68617AB9119B27D50F7ED9D0BB672D393EA692",
                "4C489F2D3B5A4231D99C0643F59CF55C94090CE2",
                "4E7B2E4904F1F18BD74916BA8E0AA327E3330141",
                "53C793873346E946A77A5D8BA428976B445AD3C8",
                "547FFD0575EE8EA5CC9211599288BFD0625A8AA3",
                "56C5AE2C57A596CADDD9752DBAC3D81B2AD77413",
                "5DE37A6278007A41A4E3EDFD029C680D54586B9B",
                "5EE75A7E9DB6C488344F0E9C5AB67B523103D5B6",
                "5F360327FF1D2943F0661CE3500228E5F37C0142",
                "60BCD4C8E4FF84CCB96AAF4C191E75E320C4618F",
                "61EF256F8F5E41D75BC9DFB91F862082612484DF",
                "61F4466A4157C6AADE85B4E745A74942BAC8B626",
                "6354339B350424173F99A5293FA2EBCAC696EB97",
                "6789037EDC92E5946F745C872115B7E75269E793",
                "694EC6BFE846D7DE3DF24363B6F98A87342A466F",
                "6B9225E82A9C0593F613190CA0FA520357C8C52E",
                "6C2B7BE4505B255C6C95FCB3074F1ACC6261A527",
                "6E4DD614A0B20506959D154BEC62E05BD536C886",
                "6F793938EC1E541194B5C8A456C61B0CFA1159B7",
                "6FF5D189A9BFCE85FCD0470A6217C36879FAA180",
                "72838AC4768CEFD8EAA116D67569796F7263E482",
                "739789539F746D0A71C1B00959361FC1FAE03997",
                "76AB73E6061BADFC89B0A308F8897977132774F3",
                "7753E3A527CC397D58098D50A5BCDA3E73FE778F",
                "78842B1701D7B7240F7FC823DD30EA304025D22B",
                "792E227159D8C3A0069E4FE5564089137F47323D",
                "7B49A5AEF2284CA62036E8A8DF9D9DD6D2ECC42D",
                "7B9F36BA3AE196BC6098F5676847197F8A9627AC",
                "7E7495B7798C848F78F00B522B84E691A608A31B",
                "8156ECE70DDCAD628ABF467B83842FA799588622",
                "82952C484ECA633E66D52C0EF8E4A96216B6A124",
                "83CD95A1D8BDABC164DB733EF7A46AAE58CAC09B",
                "8678C57EA89D617FC703B209D3A8BC20EFF92082",
                "867A7A2887D9D2D6C6B429B33527995D52346837",
                "891B56C4C0C887D6C4D327807291921380199FCC",
                "8BC09ACBBCBF6433AF13478EB116071CC3824A92",
                "8D47F99AA7C71CB3EB8FEFF6D12410DD69A37311",
                "8F22C9ECE1331718CBD268A9BBFD2F5E451441E3",
                "910457ABB28CEB19D69F9A172357F97226A3F969",
                "932596C67991CC2B3BD7E8906C02CF248B114AE1",
                "9362D462F037458C47438268AA441C6E7C0B4984",
                "95CA85749ADCFBF9A2B82C0381DBCF95D175524C",
                "9B69A0B107F2934BF2B4897278A85ADFEF1C33DD",
                "9C1EA3C0E5AFDF3EF67D7D03ED72083889026E8E",
                "9CDE64AFAE047F76322B258924427F802D3A66D9",
                "9E0FF3CB71E8F84FAD0807840343476EC5F1F81A",
                "9F13806C01BB39ED1E6DF98D69E154F4751A513D",
                "A2505026BECD39F6F3B8EBD62E6C5C9997EBA07F",
                "A2DD1E8DA660AD16A65F48B801EC3B7E4F64EA0B",
                "A4B89404267742EF5FDADFB8FE214007ADAE7BEB",
                "ADFD1BCA43A08B0DF086EFE6A70C4A2BD37EA64B",
                "B0BAEEF072A02A9F652EAAF32470374BBE8B7AA2",
                "B1CDF9C1E7513D5DAB6CB584C988387D81660460",
                "B1F86A730A369B87F43DF82C5318BADD33F17AAE",
                "B2B1B94E0BED2BB82542B9E9954CE5B664BB509C",
                "B3F454C72EF3981BE26A580E7791E6F9EFEC0F37",
                "B3FA5352B7C95B60FACED4206F985880BC8C28E7",
                "B613B82A5F44E110738D6867C096AB154CAE8142",
                "B68637EF60D499620B99E336C59E4865FFC4C5D7",
                "B6C9EDF3D4FF1B36758A2F92B322D9FDD2F14C24",
                "B81F468E3A87333EDF57B8A69A1346468962616D",
                "B8DB0CB599EDD82A386D1A154FB3EB9235513DAD",
                "BDE66A9EBDE83B7450E55267263BE27BC9E2C0C0",
                "BEB8327EDB0148D54890E623F99168097F2E39BC",
                "BF92307B2AB76445B14F7FD15D709222EB6EF449",
                "C68952CD34A166C434FB432BB8735439435C8A27",
                "CA2251A30C817D9996743F43CF6CD7186D58E205",
                "CB7C7E286BC36D315F56402AA621DAB91AAEBD0E",
                "CC96565199F19E92B141074AEC1D92FE850A4EFA",
                "CCEFE46CAFC8074480E281227392FB6B1F7E379F",
                "CD70B075C6C3D4BDECC621AB854CFB278A83F36C",
                "CF5D993CA418DD83FDDA7A177668BCA931CB59B1",
                "D9C221237B647EC215A7BCDED447349810E6BF9C",
                "D9E34A7768F52807DD1D0E5E4874033C0C989EC3",
                "DE156FE97D408F7D0788FA2AC66F94E95287A5A9",
                "DEAADD183C9F38B06CA82AE3AF9312CAD55DE43E",
                "E11085B34C327E8C68DCF6B9956D23E9F6DF1DF6",
                "E30805E348079F6876E1842451B7D19FAB8E6A64",
                "E3CC6844ED187CB2AC328E2DC107DB3E051EF032",
                "E43F6BA634642FB90FEEE1A8F9905E957741960C",
                "E78A96BF6942C6EED43BBF965AC1CC4256A87A4F",
                "E814F751606476F717AB85D2C4812D04048691A4",
                "EC50F1D2F545E39279EC4A3840B256C46C3C4BA9",
                "EEF309F89D6293DC4B26FA1A255B4F055CF3FA29",
                "EF51BF155519C21B33CF821629E878E938634B92",
                "EF77F302EF6A3751E3D4424284449DFA583D104C",
                "F375ECD5850F5581AA1AD7593C95F4DD39B427A5",
                "F4DD482E63913A0F77B10E634A54B2E0D99941AA",
                "F57978A2E9B86633CEB00960BE10F16990A2CEA2",
                "F6032B7D8A09228F2C3F732DD5E2C8AF7A58AB48",
                "F6500F1D3CA0A64F9C98D6FC432D1CD4366E8583",
                "F79B32983D19E2BF16908336043186DA11DE2822",
                "F8AC3FA12E364EB4FEF6972BA66B192687CC6D16",
                "F8D29DE40EEE1A601FA789A42A2A1925938568CA",
                "FA41E843136200D64BE757E68E0C824BF8F01359",
                "FACAF281F274917D11C8338A4036E4EDC61C0BDF",
                "FB2FDE22F3BD171DC7E8A0D8C566136A29221743",
                "FB4971EB1DE7C317754D1688546BFFE70D98DFAF",
                "Module",
                "typemdt",
                "FieldInfo",
                "MethodInfo",
                "Assembly",
                "RSACryptoServiceProvider",
                "SortedList",
                "Hashtable",
                "GetTypeFromHandle",
                "RuntimeTypeHandle",
                "get_Assembly",
                "RuntimeHelpers",
                "InitializeArray",
                "RuntimeFieldHandle",
                "set_UseMachineKeyStore",
                "Copy",
                "SymmetricAlgorithm",
                "AesCryptoServiceProvider",
                "RijndaelManaged",
                "Activator",
                "CreateInstance",
                "ObjectHandle",
                "System.Runtime.Remoting",
                "Unwrap",
                "CryptoConfig",
                "get_AllowOnlyFipsAlgorithms",
                "HashAlgorithm",
                "ComputeHash",
                "TransformBlock",
                "get_BaseStream",
                "set_Position",
                "ReadUInt32",
                "ParameterInfo",
                "DynamicMethod",
                "System.Reflection.Emit",
                "ILGenerator",
                "Monitor",
                "Enter",
                "GetManifestResourceStream",
                "get_Length",
                "ReadBytes",
                "Exit",
                "GetFields",
                "BindingFlags",
                "MemberInfo",
                "get_MetadataToken",
                "get_Module",
                "GetGenericArguments",
                "ResolveMethod",
                "MethodBase",
                "get_IsStatic",
                "get_FieldType",
                "Delegate",
                "CreateDelegate",
                "SetValue",
                "GetParameters",
                "get_DeclaringType",
                "get_IsValueType",
                "MakeByRefType",
                "get_ParameterType",
                "get_ReturnType",
                "GetILGenerator",
                "OpCode",
                "OpCodes",
                "Ldarg_0",
                "Emit",
                "Ldarg_1",
                "Ldarg_2",
                "Ldarg_3",
                "Ldarg_S",
                "Tailcall",
                "Call",
                "Callvirt",
                "GetName",
                "AssemblyName",
                "GetPublicKeyToken",
                "set_Mode",
                "CipherMode",
                "CreateDecryptor",
                "Write",
                "FlushFinalBlock",
                "get_EntryPoint",
                "op_Equality",
                "Trim",
                "Convert",
                "FromBase64String",
                "get_Unicode",
                "GetString",
                "Marshal",
                "GetMethod",
                "get_Location",
                "File",
                "Exists",
                "get_CodeBase",
                "Replace",
                "GetType",
                "GetProperty",
                "GetValue",
                "kernel32",
                "GetDelegateForFunctionPointer",
                "GQitAJFJE",
                "set_Key",
                "set_IV",
                "CreateEncryptor",
                "ToBase64String",
                "classthis",
                "comp",
                "info",
                "flags",
                "nativeEntry",
                "nativeSizeOfCode",
                "g38PJ8K3c0",
                "ReadInt32",
                "lpType",
                "lpAddress",
                "dwSize",
                "flAllocationType",
                "hProcess",
                "buffer",
                "size",
                "lpNumberOfBytesWritten",
                "flNewProtect",
                "lpflOldProtect",
                "dwProcessId",
                "0E448EF5E5E60630BDDB19388CB6378436E3C65D03DD66DA7C6EBFF563BD857A",
                "4BED3ADC52D4904075F6BBF279EC4ACEDE079533B95E229A29809542EA324A7B",
                "62E6F13B53D67FDD780E20D89A6E8EE503B197AC16AC3F1D2571C147FDD324C9",
                "7F535673D836D3D77A97DB03EB3D71EA780F44372F5AEBECEBEDD696AAEB8378",
                "97E613E5A3A47DEC76B7E50D47644B35EA4322F00D594D80D2F1C1F3644F8A4A",
                "C356AFF1A01C2B0DA472E584C8E3C8F875B9A24280435D42836A77B19F5A8C18",
                "C61B1941CF756EB7551F7C661743802362728B785ADC22E860D269713DFB01A6",
                "D5B7247C497788CF0031CEB06E3DF77A45FEF59F1E49633DC7159816D64759B5",
                "StringSplitOptions",
                "CSharpBinderFlags",
                "CSharpArgumentInfoFlags",
                "XmlReader",
                "XmlElement",
                "XmlNodeList",
                "NumberStyles",
                "System.Globalization",
                "TransferMode",
                "MessageCredentialType",
                "SecurityMode",
                "ClientCredentials",
                "System.ServiceModel.Description",
                "X509CertificateRecipientClientCredential",
                "System.ServiceModel.Security",
                "X509ServiceCertificateAuthentication",
                "X509CertificateValidationMode",
                "OperationContext",
                "MessageHeaders",
                "ExpressionType",
                "System.Linq.Expressions",
                "MatchCollection",
                "CultureInfo",
                "ApartmentState",
                "TimeZoneInfo",
                "StringComparison",
                "IFormatProvider",
                "PaddingMode",
                "Screen",
                "InterpolationMode",
                "System.Drawing.Drawing2D",
                "PixelOffsetMode",
                "SmoothingMode",
                "ImageFormat",
                "System.Drawing.Imaging",
                "IPInterfaceProperties",
                "UnicastIPAddressInformationCollection",
                "AddressFamily",
                "System.Net.Sockets",
                "WebRequest",
                "WebResponse",
                "FileVersionInfo",
                "InputLanguageCollection",
                "OperationalStatus",
                "NetworkInterfaceComponent",
                "GatewayIPAddressInformationCollection",
                "GatewayIPAddressInformation",
                "get_Directory",
                "FileSystemInfo",
                "get_FullName",
                "IsNullOrEmpty",
                "get_Chars",
                "ToUpper",
                "Remove",
                "Combine",
                "IsNullOrWhiteSpace",
                "op_Inequality",
                "Directory",
                "EnumerateFiles",
                "Split",
                "Substring",
                "ToLower",
                "ToInt64",
                "get_Now",
                "AddMonths",
                "get_Ticks",
                "StartsWith",
                "ToInt32",
                "GetEncoding",
                "get_Default",
                "ToCharArray",
                "FromBase64CharArray",
                "Join",
                "Binder",
                "InvokeMember",
                "GetIndex",
                "Format",
                "Load",
                "get_DocumentElement",
                "get_ChildNodes",
                "get_ItemOf",
                "get_InnerText",
                "get_UTF8",
                "Regex",
                "get_ASCII",
                "get_Exists",
                "EnumerateDirectories",
                "SelectSingleNode",
                "set_MaxReceivedMessageSize",
                "set_MaxBufferPoolSize",
                "FromMinutes",
                "set_CloseTimeout",
                "set_OpenTimeout",
                "set_ReceiveTimeout",
                "set_SendTimeout",
                "set_TransferMode",
                "set_MaxDepth",
                "set_MaxArrayLength",
                "set_MaxBytesPerRead",
                "set_MaxNameTableCharCount",
                "set_MaxStringContentLength",
                "set_ReaderQuotas",
                "set_ClientCredentialType",
                "set_Message",
                "set_Security",
                "get_Security",
                "CreateDnsIdentity",
                "ChannelFactory",
                "get_Credentials",
                "get_ServiceCertificate",
                "get_Authentication",
                "set_CertificateValidationMode",
                "CreateHeader",
                "get_OutgoingMessageHeaders",
                "GetMember",
                "InvokeConstructor",
                "BinaryOperation",
                "UnaryOperation",
                "GetDirectories",
                "GetFiles",
                "ExpandEnvironmentVariables",
                "GetLogicalDrives",
                "get_NewLine",
                "Matches",
                "AppendLine",
                "OpenSubKey",
                "get_MachineName",
                "get_CreationTime",
                "op_LessThan",
                "Delete",
                "CreateDirectory",
                "get_UserDomainName",
                "get_UserName",
                "GetExecutingAssembly",
                "get_CurrentInputLanguage",
                "get_Culture",
                "get_EnglishName",
                "SetApartmentState",
                "Start",
                "get_Local",
                "get_DisplayName",
                "CompareTo",
                "get_BigEndianUnicode",
                "Compare",
                "IndexOf",
                "TrimStart",
                "get_CurrentEncoding",
                "TextReader",
                "ReadToEnd",
                "GetTempFileName",
                "ReadAllBytes",
                "ReadAllText",
                "GetProcesses",
                "get_ProcessName",
                "EndsWith",
                "GetCurrentProcess",
                "get_Handle",
                "AllocHGlobal",
                "Math",
                "FreeHGlobal",
                "get_Size",
                "SizeOf",
                "ReadInt64",
                "op_Explicit",
                "PtrToStructure",
                "op_Subtraction",
                "get_TotalSeconds",
                "LastIndexOf",
                "set_MaxJsonLength",
                "set_RecursionLimit",
                "Serialize",
                "get_InvariantCulture",
                "GetProperties",
                "get_PropertyType",
                "ReadByte",
                "ProtectedData",
                "Unprotect",
                "Append",
                "Clear",
                "TrimEnd",
                "ConvertFromUtf32",
                "AppendFormat",
                "Buffer",
                "BlockCopy",
                "set_Padding",
                "get_IV",
                "FromHwnd",
                "GetHdc",
                "Round",
                "ReleaseHdc",
                "get_PrimaryScreen",
                "get_Bounds",
                "get_Width",
                "get_Height",
                "FromImage",
                "set_InterpolationMode",
                "set_PixelOffsetMode",
                "set_SmoothingMode",
                "get_Png",
                "Save",
                "GetAllNetworkInterfaces",
                "GetIPProperties",
                "get_UnicastAddresses",
                "IPAddressInformation",
                "get_Address",
                "get_AddressFamily",
                "IsLoopback",
                "set_Timeout",
                "GetResponse",
                "GetResponseStream",
                "StringToHGlobalUni",
                "PtrToStringUni",
                "get_SystemDirectory",
                "WriteAllBytes",
                "ToUInt32",
                "GetSubKeyNames",
                "GetVersionInfo",
                "get_FileVersion",
                "get_SessionId",
                "get_InstalledInputLanguages",
                "ToDouble",
                "get_Is64BitOperatingSystem",
                "set_BlockSize",
                "set_KeySize",
                "TransformFinalBlock",
                "KeyedHashAlgorithm",
                "get_HashSize",
                "Next",
                "Clipboard",
                "GetDataObject",
                "GetData",
                "ToByte",
                "IsDigit",
                "get_OperationalStatus",
                "Supports",
                "get_GatewayAddresses",
                "ResolveType",
                "get_ManifestModule",
                "UnverifiableCodeAttribute",
                "DynamicAttribute",
                "ParamArrayAttribute",
                "CompilerGeneratedAttribute",
                "FlagsAttribute",
                "DataContractAttribute",
                "DataMemberAttribute",
                "EnumMemberAttribute",
                "SessionMode",
                "ServiceContractAttribute",
                "OperationContractAttribute",
                "UnmanagedFunctionPointerAttribute",
                "CallingConvention",
                "CharSet",
                "Unrotted.g.resources",
                "cr2e",
                "xh5sn",
                "aR3nbf8dQp2feLmk31.lSfgApatkdxsVcGcrktoFd.resources",
                "System.Security.Permissions.SecurityPermissionAttribute, mscorlib, Version=4.0.0.0, Culture=neutral, PublicKeyToken=b77a5c561934e089",
                "SkipVerification",
                "WrapNonExceptionThrows",
                "Sangrias",
                "Handiworks App",
                "Sangrias Corp. 2015",
                "39.86.93",
                ".NETFramework,Version=v4.0",
                "FrameworkDisplayName",
                ".NET Framework 4",
                "Schema8T",
                "Namespace",
                "Microsoft/Schemas",
                "Schema9T",
                "TreeObject92",
                "SchemaAcT",
                "Microsoft/Schemas2",
                "Schema10T",
                "TreeObject72",
                "Schema11T",
                "Schema12T",
                "Schema14T",
                "Schema16T",
                "Schema17T",
                "Schema18T",
                "TreeObject151",
                "Schema1T",
                "TreeObject181",
                "Schema3T",
                "Microsoft/Schemas1",
                "Schema4T",
                "RestAPITUwSystem.ServiceModel.SessionMode, System.ServiceModel, Version=4.0.0.0, Culture=neutral, PublicKeyToken=b77a5c561934e089",
                "Schema5T",
                "Schema7T",
                "TreeObject17{",
                "`1[[System.Object, mscorlib, Version=4.0.0.0, Culture=neutral, PublicKeyToken=b77a5c561934e089]][]",
                "SUsSystem.Runtime.InteropServices.CharSet, mscorlib, Version=4.0.0.0, Culture=neutral, PublicKeyToken=b77a5c561934e089",
                "lSystem.Resources.ResourceReader, mscorlib, Version=4.0.0.0, Culture=neutral, PublicKeyToken=b77a5c561934e089#System.Resources.RuntimeResourceSet",
                "PADPADP",
                "\\gk+_",
                "Zj00",
                "U[HOy",
                "fYGi",
                "Iy#N",
                "Q_3t",
                "XaY(",
                "jxcV}",
                "8sV_",
                "YWf@)",
                "{L )",
                "Vx*Ai",
                "fa6xt",
                "F-J?$",
                ",9E ",
                "q587",
                "|PO&",
                "*E`l",
                "nul5}",
                "dsTl",
                "%z?~z",
                "uB1#",
                "_MVZtW",
                "[{u^",
                "Zft?",
                "KA{TX",
                "~t<,70",
                "/Z)G",
                "1>3}.'",
                "gm[X",
                "fSystem.Drawing.Icon, System.Drawing, Version=4.0.0.0, Culture=neutral, PublicKeyToken=b03f5f7f11d50a3ajSystem.CodeDom.MemberAttributes, System, Version=4.0.0.0, Culture=neutral, PublicKeyToken=b77a5c561934e089mSystem.Globalization.CultureInfo, mscorlib, Version=4.0.0.0, Culture=neutral, PublicKeyToken=b77a5c561934e089fSystem.Drawing.Size, System.Drawing, Version=4.0.0.0, Culture=neutral, PublicKeyToken=b03f5f7f11d50a3a",
                "QSystem.Drawing, Version=4.0.0.0, Culture=neutral, PublicKeyToken=b03f5f7f11d50a3a",
                "System.Drawing.Icon",
                "IconData",
                "IconSize",
                "System.Drawing.Size",
                "width",
                "height",
                "ISystem, Version=4.0.0.0, Culture=neutral, PublicKeyToken=b77a5c561934e089",
                "System.CodeDom.MemberAttributes",
                " System.Globalization.CultureInfo",
                "m_isReadOnly",
                "compareInfo",
                "textInfo",
                "numInfo",
                "dateTimeInfo",
                "calendar",
                "m_dataItem",
                "cultureID",
                "m_name",
                "m_useUserOverride",
                " System.Globalization.CompareInfo",
                "System.Globalization.TextInfo%System.Globalization.NumberFormatInfo'System.Globalization.DateTimeFormatInfo&System.Globalization.GregorianCalendar",
                "win32LCID",
                "culture",
                "m_SortVersion",
                " System.Globalization.SortVersion",
                "System.Globalization.TextInfo",
                "m_listSeparator",
                "m_cultureName",
                "customCultureName",
                "m_nDataItem",
                "m_win32LangID",
                "%System.Globalization.NumberFormatInfo\"",
                "numberGroupSizes",
                "currencyGroupSizes",
                "percentGroupSizes",
                "positiveSign",
                "negativeSign",
                "numberDecimalSeparator",
                "numberGroupSeparator",
                "currencyGroupSeparator",
                "currencyDecimalSeparator",
                "currencySymbol",
                "ansiCurrencySymbol",
                "nanSymbol",
                "positiveInfinitySymbol",
                "negativeInfinitySymbol",
                "percentDecimalSeparator",
                "percentGroupSeparator",
                "percentSymbol",
                "perMilleSymbol",
                "nativeDigits",
                "numberDecimalDigits",
                "currencyDecimalDigits",
                "currencyPositivePattern",
                "currencyNegativePattern",
                "numberNegativePattern",
                "percentPositivePattern",
                "percentNegativePattern",
                "percentDecimalDigits",
                "digitSubstitution",
                "isReadOnly",
                "m_isInvariant",
                "validForParseAsNumber",
                "validForParseAsCurrency",
                "Infinity",
                "-Infinity",
                "'System.Globalization.DateTimeFormatInfo+",
                "amDesignator",
                "pmDesignator",
                "dateSeparator",
                "generalShortTimePattern",
                "generalLongTimePattern",
                "timeSeparator",
                "monthDayPattern",
                "dateTimeOffsetPattern",
                "firstDayOfWeek",
                "calendarWeekRule",
                "fullDateTimePattern",
                "abbreviatedDayNames",
                "m_superShortDayNames",
                "dayNames",
                "abbreviatedMonthNames",
                "monthNames",
                "genitiveMonthNames",
                "m_genitiveAbbreviatedMonthNames",
                "leapYearMonthNames",
                "longDatePattern",
                "shortDatePattern",
                "yearMonthPattern",
                "longTimePattern",
                "shortTimePattern",
                "allYearMonthPatterns",
                "allShortDatePatterns",
                "allLongDatePatterns",
                "allShortTimePatterns",
                "allLongTimePatterns",
                "m_eraNames",
                "m_abbrevEraNames",
                "m_abbrevEnglishEraNames",
                "optionalCalendars",
                "formatFlags",
                "CultureID",
                "bUseCalendarInfo",
                "nDataItem",
                "m_isDefaultCalendar",
                "m_dateWords",
                "&System.Globalization.GregorianCalendar",
                "(System.Globalization.DateTimeFormatFlags",
                "dddd, dd MMMM yyyy",
                "MM/dd/yyyy",
                "yyyy MMMM",
                "HH:mm:ss",
                "HH:mm",
                "m_type",
                "m_currentEraValue",
                "twoDigitYearMax",
                "Calendar+m_currentEraValue",
                "Calendar+m_isReadOnly",
                "Calendar+twoDigitYearMax",
                "+System.Globalization.GregorianCalendarTypes",
                "yyyy-MM-dd",
                "hh:mm tt",
                "H:mm",
                "h:mm tt",
                "u;'<",
                "v`es",
                "PQAeS~",
                "U vm",
                "Ebdw",
                "HhXpE",
                "ZrNl",
                "=-9'6",
                "!h[T",
                "6.:$",
                "awKiZ",
                "~4[C)v",
                "j~FbT",
                "1?#1*",
                "[_=o",
                "$4,8",
                "l\\tH",
                " D42",
                "6OHs",
                "eH6\\L",
                "B!UR",
                "lpHP",
                "P`00",
                "gg}V++",
                "jL&&Zl66A~??",
                "\\h44",
                "Sb11?*",
                "eF##^",
                "iN''",
                "tX,,.4",
                "RRMv;;a",
                "{R))>",
                "q^//",
                "`@  ",
                "Kr99",
                "MMUf33",
                "PPDx<<",
                "Hp88",
                "cB!!0 ",
                "DD9.",
                "~~Gz==",
                "]]+2",
                "fD\"\"~T**",
                "Vd22Nt::",
                "lH$$",
                "Yn77",
                "xxoJ%%r\\..$8",
                "tt!>",
                "ppB|>>",
                "aa_j55",
                "UUxP((z",
                "wZ--",
                "?9x6",
                "4E%!p",
                "SRu6",
                "oj)Q",
                "P~AeS",
                "-Xt!",
                "X>k'",
                "Q3`bS",
                "pHhX",
                "lZrN",
                "6-9'",
                "$6.:",
                "ZwKi",
                "T~Fb",
                "*?#1",
                ">8$4,",
                "pHl\\t",
                ":bG0",
                ".K$K=a",
                "S,Go",
                "0P`0",
                "g+}V+",
                "&jL&6Zl6?A~?",
                "4\\h4",
                "1Sb1",
                "#eF#",
                "'iN'",
                ",tX,",
                "R;Mv;",
                "){R)",
                "/q^/",
                " `@ ",
                "9Kr9J",
                "M3Uf3",
                "P<Dx<",
                "8Hp8",
                "!cB!",
                "~=Gz=d",
                "\"fD\"*~T*",
                "2Vd2:Nt:",
                "$lH$\\",
                "7Yn7m",
                "x%oJ%.r\\.",
                "p>B|>",
                "a5_j5W",
                "U(xP(",
                "-wZ-",
                "\"cl ",
                "DacPp",
                "=Y! yItl",
                "s&\\^",
                "8#j~",
                "?ox6",
                "5Iy=T",
                "#2i*u",
                "is5C7R",
                " ]-kc",
                "g+z+&>",
                "4c|w{",
                "9JLX",
                "~=d]",
                "_#jz",
                "00P`",
                "++}V",
                "=&&jL66Zl??A~",
                "44\\h",
                "11Sb",
                "##eF",
                "''iN",
                ",,tX",
                "-6nn",
                ";;Mv",
                "})){R",
                "//q^",
                "  `@",
                "g99KrJJ",
                "33Uf",
                "<<Dx",
                "!88Hp",
                "!!cB",
                "==Gzdd",
                "+2ss",
                "\"\"fD**~T",
                "22Vd::Nt",
                "$$lH\\\\",
                "77Ynmm",
                "%%oJ..r\\",
                "!>KK",
                ">>B|",
                "55_jWW",
                "3\"ii",
                "((xP",
                ")--wZ",
                "h{GY8}5c[",
                "={eI",
                "*bqO",
                "zJz?",
                "xfvZ",
                "jZ6-",
                "z\\`B",
                "Jv~C",
                "6|-p",
                "NMfv~C",
                ".)h]kxC",
                "S<a@",
                "EQhz",
                "5l%B",
                "<~88]",
                "{2`z",
                "R4gN",
                "(I2f",
                ";\"/Q",
                "q0WBA",
                "S~];;",
                "OsW>q",
                "bhZ7",
                "W4e\\ClV",
                "gG'T:2'iK_",
                "1+I<6.:",
                "uh%E",
                "R1%zfS",
                "]GET",
                "]m~(",
                "X/|$",
                "gf3'",
                "_Ycx$",
                "fdf2",
                "J;u /",
                "%)|k",
                "*y*S",
                ":J@[ ,",
                "D;4%'",
                "_gL[,",
                "\"SaR",
                "3STd",
                "Q0p1",
                "c-)vc",
                ".Xb>#",
                "*mI,",
                "=R]2",
                "DF9$",
                "mS;m7",
                "SYY\"n",
                "ilyP",
                "je(C",
                "{CD]",
                "QN|.",
                "pn+6%Haeu7)",
                "2D%n",
                "uJq$Xc{",
                "GL,[,",
                "E\"el",
                "y;fJU",
                "DmR@",
                "ae56",
                "\"#Sw",
                "`:zn",
                "?|O_-9",
                "Xy!Z",
                "g|y)",
                "#0c3",
                "{$D!(\\'",
                "lq^3",
                "v,Ah",
                "oF~r@/",
                "KjX?",
                ".u!k",
                "at0H",
                "CB8=D",
                "{p@?6g=1",
                "9MW}",
                "Y:<(",
                "2c14",
                "0vu7",
                "(4N?",
                "\\`9J",
                "T`00P",
                "V++}",
                "L&&jl66Z~??A",
                "Oh44\\Q",
                "sb11S*",
                "RF##e",
                "&N''i",
                "X,,t4",
                "v;;M",
                "R)){",
                ">^//q",
                ",@  `",
                "r99K",
                "f33U",
                "x<<D%",
                "p88H",
                "uB!!c ",
                "z==G",
                "D\"\"fT**~;",
                ";d22Vt::N",
                "H$$l",
                "Cn77Y",
                "J%%o\\..r8",
                "|>>Bq",
                "j55_",
                "P((x",
                "Z--w",
                "1Q;Tik",
                "Oyvtd",
                "h#TL_",
                "z|C\\y",
                "S~Ae",
                "Xt!)I",
                "Q3EbS",
                "+XpHh",
                "@Cwg",
                "pNlZr",
                "'6-9d",
                "[T:$6.",
                " iZwK",
                "*C<\"",
                "Df;4[",
                "bT~F",
                "1*?#0",
                "f7tN",
                ",8$4_",
                "(<IA",
                "tHl\\B",
                "Xl=G",
                "eS~A",
                "U 0m",
                "Xti)I",
                "EbSw",
                "hXpH",
                "*fU(",
                "H2+p",
                "rNlZ",
                "9'6-",
                "!h\\T",
                "[.:$6g",
                "KiZw",
                "Df~4[",
                "Bc\"@",
                "j_FbT~",
                "#1*?",
                "h4,8$@_",
                "2\\tHlWB",
                "Rn8Kh",
                ";,c?]",
                "^SM3",
                "[fY4!",
                "\\)34",
                "4Pv\\J",
                "iC*K",
                ")6Fi",
                "d6\\L",
                "+J?@",
                "QZ^&",
                ")yA4",
                "DBRfhn M",
                "X0 0",
                "_CorExeMain",
                "mscoree.dll",
                "IHDR",
                "P,IDATx",
                "\"~My",
                "qv-!",
                "<<<<<<<<<<<<<<<<<<<<<<<<<<<<<<<<<<<<<<<<<<<<<<<<<<<<<<<<<<<<<<<<<<<<<<<<<<<<<<<J",
                "-u?x",
                "(u'x",
                "Df!Y^",
                "%lF#pn",
                "T(B0",
                "L\"H.,u#N",
                ",u#<r",
                "X#(?",
                "RpHj",
                "h*u;",
                "9:<r",
                "Cl~.}",
                "l?U~",
                ":Y#%",
                "EbZ)",
                "8M\"M!X(",
                "bQV&n1",
                "7jjO*",
                "H~ 4nX}",
                "J|Wi`",
                "G1J`",
                "*Gr>",
                "9;0e",
                "<,\\^\\",
                "+kaeml",
                "C~|A",
                "`3{a",
                "-Bpx",
                "L,Cj8",
                "/58L",
                ":#P1TNo+j",
                "B+kkFJI&",
                "`Ipm",
                "HCW:",
                "7^*M",
                "-v =",
                "/8M03",
                "u4v0v",
                "Kj(E",
                "/8!$",
                "F)mp",
                "lbr=",
                "{7}d",
                "cH)1S&",
                "9a)s",
                "o:xO",
                "$dbY",
                ",#]#",
                "66oM<",
                "@:@ ",
                "Zvi'",
                "{ T\"",
                "Nd*(",
                "lyld",
                "7SD|",
                "y]`a",
                ";Fz$]",
                "}^pI}D",
                "Zc-'",
                "W[?r",
                "#ms_j{",
                "52v&",
                "(\"Y`o",
                "Bm%M",
                "q\\{b",
                "x_</",
                "oz~pO[",
                "MY+`J*",
                "6lM<",
                "JaJ*",
                "E6>1y",
                "RwD1",
                "{vSt",
                ")wvf",
                "]%4A",
                "juN~",
                "wN[H",
                "'EV0",
                "F*gg",
                "k.5Rc5",
                "WJIz$",
                "KVjd",
                "&i@e",
                "=Cj8",
                "w. q`",
                "VjU.",
                "LiI)1",
                "+eB}",
                "B#Qe",
                "$$/H",
                "0(%I",
                "4_#WH",
                "\\\\90[",
                " X?*CE",
                "TF-G",
                "tkyEa",
                "WJ$GP",
                "e9{I)",
                "TyZQ",
                "2AW:",
                "1Ik>",
                "CNh6+/",
                "|^\"~",
                "p&S_",
                "bA$P;",
                "OW_;",
                ",[p.",
                "RwYN",
                "e+Y#",
                "Iw_;",
                "LVUM",
                ";54l",
                "v^'o/",
                "~4&`)yz",
                ".|~]",
                ":f2D/",
                "m{^J",
                "#8nqN",
                "c$3v*",
                "L_okt",
                "p2%M",
                "8JZCc",
                "WRV\"",
                "P$BU!",
                ",[4#4gACh",
                "!vab`b",
                "?>b'",
                "J.\\9",
                "dfMls",
                "!zwm",
                "L\";Z'>w",
                "[G6w?~",
                "-a_d",
                "Guc-",
                "*1RJ",
                "6v:M",
                ":P;n",
                "?]?L",
                "wh0(3UJI6",
                "k@dF",
                "HCUN",
                "pP/ ",
                "`+jyv",
                "~icT",
                "UL|i",
                "c&7u?",
                "-v`l",
                "2-[8",
                "jPgQ",
                "B-?&:",
                "48z=",
                "?)+1",
                "Hv`l",
                "fm.[",
                "fT}v",
                "CRuG",
                "e)M)",
                "B~f,",
                "H 2(",
                "7Nr ",
                "HIxVs",
                "gQEy",
                "|._;",
                "}>L9",
                "p]x4",
                "'Fr(",
                "g$a@ ",
                "dZHL)",
                "1-%$",
                "GJ>-",
                "Nb 9",
                ">.+^~",
                "b_hek0A",
                "R7d\"T",
                "|&usk",
                "S=3Bz$C6",
                ":HUC",
                "hAUX",
                "L)UvH",
                "^\\!y",
                "uq]91",
                "Rp%r",
                "*.SP%",
                "'}h^dq",
                "kzQj",
                "7}cG",
                "J8(9",
                "=O?y",
                "kM);q",
                "f:e%",
                "3m'O%",
                ":Y'=2",
                ",%R&",
                "ZP\\<",
                "sVje",
                "hNdAvy",
                "i8Y7",
                "</!Q",
                "g2v:W",
                "%`gU",
                "RJw(",
                "{c3[/0",
                "8s2d",
                "gIP0",
                "y&?P",
                "\\_$P",
                "RJw$;",
                "i8yK",
                "4\\pN@",
                "kz@ H",
                "S(A=",
                "M'{`y",
                "(KgR",
                "1h:Yw",
                "5SOF",
                "AYFC",
                "-j:Y",
                "AJa.g9nu",
                ",uCN",
                ";5rh",
                "2=fG",
                "/uCb",
                "+]g$3",
                "t<'`",
                "T6iTN",
                "WPN9",
                "Xy4o",
                "IEND",
                "5jj)Yzj)Yzj)Yzj)Yzj)Yzj)Yzj)Yzj)Yzj)Yzj)Yzj)Yzj)Yzj)Yzj)Yz?",
                "T!Fj",
                "S Fj",
                "e'Ts",
                "d'Tr",
                "p,_}",
                "Yl*Z{",
                "]v.c",
                "V\"Ir",
                "YR Eq",
                "{0gq",
                "|0hq",
                " cx.e",
                "'et-b",
                "__%Ov",
                "e'Ux",
                "ax.e",
                "YY#Ks",
                "Y#Ks",
                "t-au",
                "u-bu",
                "p+^|",
                "Zn+\\|",
                "b&R@",
                "c&SA",
                "bu-b",
                "]$Nsj)Yzj)Yzj)Yzj)Yz]$Ns",
                "aj)Yz",
                "Vh(Xy%",
                "]$N]",
                "jY#Kt",
                "Z#Lt",
                "g(VO",
                "f(VO",
                "Y^$Ou",
                "_%Pv",
                "<?xml version=\"1.0\" encoding=\"UTF-8\" standalone=\"yes\"?>",
                "<assembly xmlns=\"urn:schemas-microsoft-com:asm.v1\" manifestVersion=\"1.0\">",
                "  <assemblyIdentity version=\"1.0.0.0\" name=\"MyApplication.app\"/>",
                "  <trustInfo xmlns=\"urn:schemas-microsoft-com:asm.v2\">",
                "    <security>",
                "      <requestedPrivileges xmlns=\"urn:schemas-microsoft-com:asm.v3\">",
                "        <requestedExecutionLevel level=\"asInvoker\" uiAccess=\"false\"/>",
                "      </requestedPrivileges>",
                "    </security>",
                "  </trustInfo>",
                "</assembly>",
                "g&h*o-p1q2t5w9xHyYz\\|_}d",
                "\"!$#(')',+A@CBSRTRURVRWRXRYRZR[R\\R]R^Ra`sr",
                "localhost",
                "361463e5ce8a4f8cf838864397ca39bc",
                "Authorization",
                "FullName",
                "EngSubs",
                "00061561",
                "Width",
                "Height",
                "CopyFromScreen",
                "Sticheron",
                "AA44GjowHlsKGyYiOgVQEwsUAgIwCAQJKzgWASc+CyArHykgBh9QFj0iN148BT4fLS0JJiIrFT88N1hY",
                "N0YnEz4gCgE4YTIvND0NHTo7Yh49JC0TJARbOCU9U1E=",
                "\\qemu-ga.exe",
                "{0}{1}{2}",
                "bee7370c-8c0c-4",
                "desktop-nakffmt",
                "win-5e07cos9alr",
                "b30f0242-1c6a-4",
                "desktop-vrsqlag",
                "q9iatrkprh",
                "xc64zb",
                "desktop-d019gdm",
                "desktop-wi8clet",
                "server1",
                "lisa-pc",
                "john-pc",
                "desktop-b0t93d6",
                "desktop-1pykp29",
                "desktop-1y2433r",
                "wileypc",
                "work",
                "6c4e733f-c2d9-4",
                "ralphs-pc",
                "desktop-wg3myjs",
                "desktop-7xc6gez",
                "desktop-5ov9s0o",
                "qarzhrdbpj",
                "oreleepc",
                "archibaldpc",
                "julia-pc",
                "d1bnjkfvlh",
                "compname_5076",
                "desktop-vkeons4",
                "NTT-EFF-2W11WSS",
                "wdagutilityaccount",
                "abby",
                "peter wilson",
                "hmarc",
                "patex",
                "rdhj0cnfevzx",
                "keecfmwgj",
                "frank",
                "8nl0colnq5bq",
                "lisa",
                "john",
                "george",
                "pxmduopvyx",
                "8vizsm",
                "w0fjuovmccp5a",
                "lmvwjj9b",
                "pqonjhvwexss",
                "3u2v9m8",
                "julia",
                "heuerzl",
                "harry johnson",
                "j.seance",
                "a.monaldo",
                "System.Core, Version=3.5.0.0, Culture=neutral, PublicKeyToken=b77a5c561934e089",
                "System.Security.Cryptography.AesCryptoServiceProvider",
                "System.Core, Version=4.0.0.0, Culture=neutral, PublicKeyToken=b77a5c561934e089",
                "{11111-22222-10009-11111}",
                "{11111-22222-10009-11112}",
                "{11111-22222-50001-00000}",
                "file:///",
                "Location",
                "Find ",
                "ResourceA",
                "Virtual ",
                "Alloc",
                "Write ",
                "Process ",
                "Memory",
                "Protect",
                "Open ",
                "Close ",
                "kernel ",
                "32.dll",
                "{11111-22222-10001-00001}",
                "{11111-22222-10001-00002}",
                "{11111-22222-20001-00001}",
                "{11111-22222-20001-00002}",
                "{11111-22222-30001-00001}",
                "{11111-22222-30001-00002}",
                "{11111-22222-40001-00001}",
                "{11111-22222-40001-00002}",
                "{11111-22222-50001-00001}",
                "{11111-22222-50001-00002}",
                "$this.SnapToGrid",
                "$this.TrayLargeIcon",
                "$this.Icon",
                "$this.Locked",
                "$this.DrawGrid",
                "progressBar1.Modifiers",
                "$this.Localizable",
                "$this.Language",
                "$this.GridSize",
                "$this.TrayHeight",
                "progressBar1.Locked",
                "\\tdata",
                "AES.",
                "TotEngSubsal oEngSubsf REngSubsAM",
                "/GCM",
                "VS_VERSION_INFO",
                "VarFileInfo",
                "Translation",
                "StringFileInfo",
                "000004b0",
                "Comments",
                "CompanyName",
                "FileDescription",
                "FileVersion",
                "InternalName",
                "LegalCopyright",
                "OriginalFilename",
                "ProductName",
                "ProductVersion",
                "Assembly Version",
                "91.56.47.0"
            ]
        }
    ]
}