{
    "malware_data": [
        {
            "filename": "4811bf0aa1b3ed16411d205d67811fa107400c7c50b57cd64b30250204fb3fb9.elf",
            "filetype": "7F454C46",
            "filesize": "73KB",
            "hash_sha256": "4811bf0aa1b3ed16411d205d67811fa107400c7c50b57cd64b30250204fb3fb9",
            "strings": [
                ", (@",
                ", ,@",
                "$h@@",
                " bT@",
                "$ $@",
                " b`@",
                "4 $@",
                "4 ,@",
                "4 4@",
                "4 <@",
                "4 D@",
                "4 L@",
                "4 T@",
                "4 \\@",
                "4 d@",
                "4 l@",
                "4 t@",
                "4 |@",
                "4!$@",
                "4!,@",
                "4!4@",
                "4!<@",
                "4!T@",
                "4!\\@",
                "4!d@",
                "4!l@",
                "4!t@",
                "4!|@",
                "4\"$@",
                "4\",@",
                "4\"4@",
                "4\"<@",
                "4\"D@",
                "4\"L@",
                "4\"T@",
                "4\"\\@",
                "4\"d@",
                "4\"l@",
                "4\"t@",
                "4\"|@",
                "4#$@",
                "$#(@",
                "4#4@",
                "POST /cdn-cgi/",
                " HTTP/1.1",
                "User-Agent: ",
                "Host: ",
                "Cookie: ",
                "http",
                "url=",
                "POST",
                "141.98.7.191",
                "0125!8 ",
                "58 '8%",
                ",<8#",
                "#$6;b",
                "&;; ",
                ",7gaae",
                "\"=.,\"",
                "?8\"efg",
                "509=:",
                ".-50efg`",
                ".8,,z",
                "?;d\"=.,\"",
                "?;d509=:",
                "<=gael",
                "75 edfm",
                "5::=1fdef",
                "7<5:3191",
                "3!1' ",
                "efg`a.",
                "efg`ab",
                "!'1&",
                "$5''",
                "$5''#;&0",
                "509=:efg`",
                "'!$$;& ",
                "93gadd",
                "91&8=:",
                "0519;:",
                "!6: ",
                "pkkv",
                "vkkp",
                "'<188T",
                "1:5681T",
                "'-' 19T",
                "{6=:{6!'-6;,t",
                "nt5$$81 t:; t2;!:0T",
                ":7;&&17 T",
                "{6=:{6!'-6;,t$'T",
                "{6=:{6!'-6;,t?=88tymtT",
                "{$&;7{T",
                "{1,1T",
                "{20T",
                "{95$'T",
                "{$&;7{:1 { 7$T",
                "{' 5 !'T",
                "z5:=91T",
                "{$&;7{:1 {&;! 1T",
                "5''#;&0T",
                "{1 7{&1';8\"z7;:2T",
                ":591'1&\"1&tT",
                "{01\"{#5 7<0;3T",
                "{01\"{9='7{#5 7<0;3T",
                "$662*7!E",
                ";3=:T",
                "1: 1&T",
                "e365`70;9ag:<$ef1=d?2>T",
                "FTPjGNRGP\"",
                "lKeeGp",
                "qMPCnmcfgp\"",
                "lKeeGpF",
                "wkw\"",
                "kW{EWHGkSL\"",
                "AAcf\"",
                "RPMA",
                "PMWVG\"",
                "ARWKLDM\"",
                "`memokrq\"",
                "NMACN\"",
                "IHD\"",
                "UCVAJFME\"",
                "OKQA",
                "dvufv",
                "}UCVAJFME\"",
                "LGVQNKLI",
                "rpktoqe\"",
                "egvnmacnkr\"",
                "iknncvvi\"",
                "gCVQ",
                "mDHjx",
                "eJMQVuWXjGPG",
                "uQec",
                "caf`\"",
                "c@cF\"",
                "KCeT\"",
                "rmqv",
                "UCLKRAL",
                "ZON\"",
                "RKAFGQA",
                "AVPNV",
                "jlcr",
                "NMEKL",
                "AEK\"",
                "VOwL@NMAI",
                "eRMLdMPO",
                "KLFGZ",
                "RJR\"",
                "QJGNN\"",
                "aMLLGAVKML",
                "IGGR",
                "CNKTG\"",
                "cAAGRV",
                "VGZV",
                "JVON",
                "CRRNKACVKML",
                "ZJVON",
                "KOCEG",
                "UG@R",
                "nCLEWCEG",
                "aMLVGLV",
                "v[RG",
                "DMPO",
                "WPNGLAMFGF\"",
                "QGVaMMIKG",
                "PGDPGQJ",
                "NMACVKML",
                "AMMIKG",
                "AMLVGLV",
                "NGLEVJ",
                "VPCLQDGP",
                "GLAMFKLE",
                "AJWLIGF\"",
                "AMLLGAVKML",
                "QGPTGP",
                "FMQCPPGQV\"",
                "ANMWFDNCPG",
                "LEKLZ\"",
                "oMXKNNC",
                "uKLFMUQ",
                "cRRNGuG@iKV",
                "ijvon",
                "NKIG",
                "eGAIM",
                "aJPMOG",
                "qCDCPK",
                "oCAKLVMQJ",
                "kLVGN",
                "tGPQKML",
                "AMORCVK@NG",
                "oqkg",
                "vPKFGLV",
                "kLDMrCVJ",
                "oqkgaPCUNGP",
                "oGFKC",
                "aGLVGP",
                "dWLuG@rPMFWAVQ",
                "dKPGDMZ",
                ";::17 10t",
                ";!&71t",
                ":3=:1t",
                "!1&-T",
                "?/dev/null",
                "S[kA",
                ".shstrtab",
                ".init",
                ".text",
                ".fini",
                ".rodata",
                ".ctors",
                ".dtors",
                ".data",
                ".bss"
            ]
        }
    ]
}