{
    "malware_data": [
        {
            "filename": "4cd40c12ab3331ac8adf456285a6106a93e1dee1870c7330b343003cb1c97ebe.elf",
            "filetype": "7F454C46",
            "filesize": "46KB",
            "hash_sha256": "4cd40c12ab3331ac8adf456285a6106a93e1dee1870c7330b343003cb1c97ebe",
            "strings": [
                "UPX!`",
                "L#3:",
                "}G<*c",
                "bg~;o?3",
                "}C~x",
                "/K\\ex",
                "\"(cf",
                " #=M",
                "HS!5",
                "nhj#@",
                "*w]L",
                "r)[P",
                "'dQzG",
                "xt}K",
                "6RY\"",
                "(zrI",
                "[Ll2:",
                "V[A7",
                "puc0",
                "E[.>",
                "P.CQN",
                "bXBSP",
                "09uhfU}y$",
                " 3)(CT",
                "a)1$",
                "[0\\Q@",
                "|=v1",
                "BS4C",
                "K^q#",
                "s]!-",
                "&J.]i",
                "0DaG+",
                "'!$d",
                "w@QN1",
                "2l)q",
                "{;I)",
                "(Nqx:'qS",
                "+6-f~",
                "yCr0",
                "=cfW",
                "1p==",
                "f=G>",
                "X(I&",
                "4-7]y",
                "nATT",
                "_%=Bq!",
                "}:j`:",
                "T\\POB",
                "E%_+",
                "5JU1",
                "eMP*",
                "-dbU",
                "uZR'S",
                "$V~v",
                "{RkE",
                " FvaT",
                "k_\"La",
                ",2 In",
                "(l(K",
                "aKe{",
                "u,s|",
                "p21l@",
                "e3ih2",
                "vZ;s",
                "'%C[",
                "!]TT",
                "`&gI",
                "{T*+w{xe",
                "EGa&",
                "y&=6S",
                "B172",
                "msy/",
                "w;#O6A_j",
                "U$R6",
                "ENT1",
                "l[/a",
                "Wipw",
                "`0{![",
                ":+ZHj",
                "|<,*",
                ";r!T",
                "i=5<",
                "}$tu",
                "S@Eq(",
                "a4i`",
                "xV<C9",
                "<d;\\",
                "Q*gz",
                "Mq{'w",
                "iP($",
                "f@70",
                "@[SU",
                "[vj2v",
                ",gzJ",
                ".ao(",
                "W.-~",
                "II=|TLEwU",
                "34;J",
                "|!@[",
                "(D3gT",
                "6\\Z4",
                "RW-P",
                "M; 2u",
                "#PA/",
                " oMU",
                "vxv ",
                "8TF,",
                "t&hkpO",
                "~%me",
                "E3ns",
                "=A8u",
                "(%)E7",
                "r%r5,",
                ",?1Q",
                "aWbt",
                "hW_=",
                "M|@B+H",
                "_ONz",
                "\"8LxL8",
                "1Z-+Jj",
                "/4*Y)+B",
                "-*JF",
                "JL9G",
                "wA\".",
                "}x{+|1g'",
                "FuLx",
                ".TX'",
                "NxfE",
                "yp`e",
                "6L6T",
                "w4(Gh",
                "Bc:d",
                "XdZiQh",
                "0X7&",
                "cUz/",
                "n'>f<",
                "qm>AO",
                "J-8dY",
                "B0w>C",
                "{m7O",
                "D(Sj",
                "OZ]=",
                "nEDnd",
                "+\"x_",
                "+fqX",
                "ljxG",
                ")>wC",
                "1YFi",
                "o7^m",
                "#+#m",
                "i'X^",
                "d.`M",
                "wEab+uv",
                "!U+.",
                "u' >",
                "ZT6Z",
                "Hr -",
                "!M%s",
                "AJ'n",
                "W+a}y",
                ")0; ",
                "4\\Eo",
                "j_=Py",
                "3bV,B",
                "ZiN'",
                "\\q=e",
                "arTa0",
                "1PCR",
                "50jz",
                ":xap",
                "D~Qs",
                "9<T\"",
                "Skb}",
                ":~@@",
                "DAxe",
                "t\"Q(",
                "Q3Hx",
                "|b+9B",
                "9C\\!",
                "K'f%",
                "[y3f",
                "*H~@",
                "jQ;2e",
                "ca$;",
                "*J0Y",
                "]opg",
                "D,rXx",
                "!9~r",
                ">}Gx",
                "_a%$*",
                "kV`e",
                "jSOT",
                "wi=[D",
                "Bs|z",
                "6qkA",
                "~B!GG",
                "cHVU",
                "BVU|K",
                "6M}e",
                "^^y*R",
                "/GX2",
                "wCLgtz",
                "R9\\p",
                "%6@c",
                "wS\\^",
                "O7`\"",
                "#OBz",
                "G:& 9&",
                "HUC3",
                "KJen",
                "*[c\\D",
                "#g/1q",
                "`Pt:s",
                "Ei~r",
                ",B8!",
                "N([L",
                "@39[",
                "9#I7",
                "Y'8IA0?",
                "D$c@o",
                "5?fOI{",
                "b\\<z,H",
                "%o 7^",
                "o0bA#:",
                "\"~1cSE",
                "0On4",
                "izco",
                "-IA:",
                "+N]!",
                "D1(l",
                "~\\of",
                "{hsa",
                "ygW'",
                "G3O4",
                "*BRD[",
                "d{>6S",
                "$KNB",
                "E> J(",
                "A[pH",
                "Wt(J",
                "h!K&C",
                "y}LmzNN",
                "[MoV",
                "!6w1Y",
                "/g{2",
                "<C4V",
                "Bd==",
                "FKuh2d",
                "q&5<",
                ";'y-",
                "`9r_2",
                "TzZVV",
                "C<G5!",
                "KXFr",
                "nwbN",
                ")fR%T",
                "Q3<s",
                "K{wj",
                ".._$~t",
                "$Z{xn]",
                "!+trk6",
                "S_C7S",
                "Mr{-",
                "e\"gQ",
                "/E#zT}",
                "V5RC",
                "~+<*nK",
                "pE'3",
                "4#a3",
                "v_kp",
                "No|2",
                "Gdw.",
                "\"Ak\\",
                "}o<`",
                "\"x4P",
                "y9Mb",
                "jsXx",
                "eU/=",
                "H0:ga",
                "<frr",
                "fGp)",
                ".AtK",
                "479{",
                "d}z`",
                ":t9,z",
                "]6*<",
                "e=Ne",
                "bmPN+f",
                "+1T}",
                "xWQe;i",
                "_fq+",
                "%`BJ",
                "u-Gm",
                "E; !D~:(",
                "JK*8",
                "1u2O",
                "ZGz\\F",
                "W`D0",
                "U_tzOk",
                "Xoz:6q",
                "Y##I",
                "t3rK",
                "oR;GEx",
                "WA{;",
                "W[fRo",
                "_mEj_",
                "'}\"\\",
                "&&<9",
                "H\"F^",
                "{4IC",
                "`2>J ",
                "|i`/\"",
                ";,DX",
                "wYos?(",
                "8g]-",
                "#d~p1",
                "4aA/",
                "\"'i~",
                "=VX3f",
                "4u@%",
                "%[)^u",
                "5o^R",
                "sLbK",
                "No5`",
                "iY&Q",
                ">Uma",
                "vW?Z3",
                "qLu/z}",
                "w{3X",
                "J7=f",
                "dlO]D",
                "1eZ>uR",
                "B?!rk",
                "gSqW@",
                "IwC0Q",
                "@ZZw(",
                "Op!_",
                "8ip_O",
                "Cxp[",
                "3/0n-0",
                "^]+*",
                "\"peS/",
                "MCEf",
                "\"Dd<e",
                "~8X&%t",
                "*VC0",
                "D`\"T",
                "Kjh8",
                "=u'Td",
                "\\79q(",
                "^]:x ",
                "aK/O",
                "%O(d",
                "|jWK",
                " U[T",
                "ecg8",
                "vD(|n",
                "o?TT0gW",
                ";N~&",
                "%)/B",
                "_JCY",
                "e,8z",
                "BqbJ",
                "Nv\\U",
                "YB;eQ",
                "q@=5-",
                "EX2,2",
                "oy+c",
                "sSzO2",
                "a#{xX",
                "L`xP",
                "K}N!",
                "un*A",
                "$+)1zW",
                "x/\"iT",
                "dmsJ",
                "HN\"d",
                "KpJ%1q",
                "J>(q",
                "57bl",
                "YKl$)",
                "em$\\",
                "oU+5",
                ",MF[:",
                "=?*0",
                "W{>H",
                "Z _-h",
                "9flF",
                "V1n/w",
                "Zl'<E",
                "@=?e",
                "~]C>",
                "|z/'",
                "E$`=",
                ")a\\F",
                "!MEy",
                "E:ZY)HA]",
                "cF5-",
                "z~YyS",
                "eEev",
                "3rFE7",
                "~mEW?",
                "&oYVJ",
                "j6kG",
                "&R)*",
                "*VB!",
                "A76=",
                "RMXqq",
                "V{Hl",
                "3w&g",
                "VFiA",
                "\"1_k",
                "s\"#h9n",
                "L,3pNX,",
                "E[x>",
                "r;Wq@",
                ")l4h1",
                "I'iZ<",
                "g$Gt:",
                "~l(b",
                "+@TI",
                "'`05i",
                "6bk/Q",
                "gnlw",
                "/KJ5L",
                ")X9x",
                "' 1|'",
                "x=x|",
                "|M%5",
                "&42G?i",
                "(STI}",
                "O##1",
                "}'ZB",
                "H<yq",
                "i;bk",
                "-4%B",
                "3\"`8x",
                "h=b>",
                "RIp_)",
                "6Xd_&",
                "C#sq",
                "X(9a",
                "ISkj1",
                "5:{k/",
                ")f7G4",
                "?bnI",
                "*B`Zpe",
                "%7Zx",
                "z[<F",
                "\\.e$",
                "'[C)",
                "2+\"\"",
                "BE}te",
                "e3W`K0",
                "MGh=",
                "-rgL",
                "WC-j",
                "ep~4",
                "VR$2z",
                "tsG)n",
                "%^j[",
                "`{,(",
                "`Vx+2",
                "B$!8",
                "R&# ",
                "E$!x",
                "$#xd",
                "$!P`",
                "PROT_EXEC|PROT_WRITE failed.",
                "$Info: This file is packed with the UPX executable packer http://upx.sf.net $",
                "$Id: UPX 3.94 Copyright (C) 1996-2017 the UPX Team. All Rights Reserved. $",
                "vyB!F",
                "dBx'2",
                " HC\"",
                "J%1c",
                "@tDB",
                "A&v}",
                "sUge",
                " @*i8",
                "80c=",
                "VA*w$",
                " &Nw",
                "_u7k",
                "-R3\"",
                "K,^<.",
                "ArHF,tC^",
                "emO<V(A48",
                "l(bJ",
                "x0eJ,x7",
                "4H)6",
                "`vK!N",
                "%s[3",
                "UPX!"
            ]
        }
    ]
}