{
    "malware_data": [
        {
            "filename": "492724a10a77ea635a2a9024c53c5545776ce2b4353be439be9569fcdcf6e4fe.elf",
            "filetype": "7F454C46",
            "filesize": "34KB",
            "hash_sha256": "492724a10a77ea635a2a9024c53c5545776ce2b4353be439be9569fcdcf6e4fe",
            "strings": [
                " NUPX!",
                "yP8\"9r,",
                "cPQrz",
                "ut@S",
                "DSB?",
                "d<St&l/:",
                "KhOt",
                "'BSg",
                "iT:M",
                "@]8k",
                "rB0C",
                "n0#K#",
                "a-)'",
                "&-^)",
                "/B0<3Q",
                "4]=:x",
                "rcn,F1",
                "uwcHCI",
                "(@#W",
                ";-I,",
                "`>hk",
                "C4)\\(Q\\#",
                "qX'd",
                "O^K*?B",
                "&9-Z",
                "o+@{N6",
                "KQPl",
                "qq[^cK",
                "HWFC",
                "tRUP3",
                "~fuj",
                "fX.\\",
                "b~1|>",
                " ] |",
                "hP*0",
                "F?s5",
                "o\\qG",
                "HM1q ",
                "om][Q",
                "nZD,",
                "$2fc",
                "+*>1",
                "QVXaZ",
                "?vE)",
                "ok\"x",
                "}u/]f",
                "<Xoi",
                "l =!",
                "F~'{E",
                "Bv@ ",
                "cqFG",
                "Fr,VGL",
                ";Mme?.M",
                "&rw]",
                "+rzU Y",
                "Ta.Y[=",
                "F2(bWJrW",
                "qe~i",
                "\\`w?",
                "}+ds",
                "9ea%",
                "?x:Q5",
                "uAmg",
                "\\AeRK",
                "D}$N",
                ")%sO",
                ":m(BC0G",
                "[bLD(Qt",
                "3LOq4",
                "`Bm]",
                ">gQa",
                "\\,A+",
                "p*,W",
                "ohlv",
                "pY6H",
                "`B4,T",
                "Rg1)",
                "B-P$",
                "S{O>",
                ")kHO",
                "aG&ouG",
                "\"jH%^",
                "{[*i",
                "AR3U",
                "N$*-",
                "hfEo{",
                "'jgc",
                "c>UL",
                "k4UT",
                "qXa0?",
                "q4U(",
                "l369",
                "74wG",
                "oIrF",
                "5t/P",
                "y:GR}",
                "l`9D",
                "e5%L`L",
                "13d5",
                "lf)e",
                "<7H5g",
                "$w>m&",
                "k[&b,",
                "+&ig",
                "h;,_w",
                "N^ {",
                "QiYe",
                "^L'v",
                "xySAe",
                "\"@U.",
                "<C%P",
                "@fMW",
                "|R26",
                "%py&!",
                "NnKD",
                "aP,l",
                "omNr",
                "t !D",
                "@-LpP",
                "f<}m1",
                "96C+",
                "x0h,",
                "q&Qw",
                "MoE-0",
                "RoV+?",
                "#gc*",
                "5YGd",
                " ;5v&",
                "se{T",
                "kM'7",
                "4(v=M",
                "H=sg?u\"",
                "Jaw(a",
                "h`]\\",
                "5p.OX",
                " \"*Z",
                "lq%;",
                "[I|]",
                "cTdv",
                "?RXw",
                "xtEzY",
                "+ZLP",
                "G0jP",
                "xaLX};t5",
                "#<P%",
                "n.P3J",
                "\"BT}",
                "SJJ;",
                "8;[;",
                "?!\\}",
                "W$^Qt",
                "2A?K",
                "T6{p-",
                "u>fVjg",
                "~t6cv",
                "E!no{J",
                "/Cv7:>",
                ">z3t",
                "b-6~@9",
                "Ihuy",
                "*]g0r",
                "1MhXo",
                "57U.",
                "n>m,:",
                "WKzd",
                "y!;y",
                "X\"~O",
                " cq_",
                "(iV5",
                ">if?",
                "2``}",
                "lVqE",
                "(sc%",
                "?)Y-",
                "}EV^",
                "l'.p",
                "\"0w,",
                "UK4E;9",
                "SPxw",
                "Trj4",
                "H!>h]X",
                "?LS&",
                "XM}O",
                "D_7O",
                "|5\\D",
                "jT{`i",
                "+58~",
                "CWmPw",
                "0uO$H",
                "KDfM7",
                "Jq\"~",
                "yzSf",
                "04Hr",
                "JpV`O*",
                "wP)n",
                "3GrD",
                "Wk+e",
                "5W4(4V",
                "A]AxY;X",
                "37YfP",
                "Iah#w",
                "32.c",
                "AL)g",
                "-waBK",
                "AU(?.O",
                ":IK%",
                "XP@f",
                ":7*sS>",
                "?<&o'",
                "E4fn",
                "_9NUy",
                "(\"\\F",
                "dvYh{",
                "o/=+",
                "&g q",
                "w|iM2",
                "JQC2",
                "eKmRqw",
                "t\\8x",
                "96Mt",
                "bmn4",
                "<Nx}t",
                "nZ3s",
                "Z`\\R,",
                "(xG?f",
                "2,*e'",
                "Y0_g",
                "43t4",
                "*1W8/",
                "W'JB",
                "\\V*tp",
                "QD2@",
                ")go4",
                "UAWN",
                "K:ip",
                "yL)D'",
                ";,PY",
                "^)tY",
                "D|fGy)3",
                "E:tia",
                "B}YE",
                "9kDuF",
                "T|O'*&d9",
                "_q6E",
                "u/t ",
                "W\"$3",
                "h9Rs",
                "CO1n",
                "`0BD",
                "WG)T",
                " u)=",
                "&o-y",
                "8SbP",
                ">\"vff",
                "NE+;",
                "buwd",
                "|m30@",
                "oPpJ`",
                "=d!<",
                "=)4+",
                "l=V.",
                "3CBK\\#",
                "V+UQ",
                "]KD7",
                "g='0",
                "OAl]Q",
                "$x'Y",
                "ZbkX",
                "*gZ4a",
                "04pH-f_",
                "H9|&<1!",
                "Zt[r",
                "xl^ ",
                "k;)Q",
                "yCA?",
                "zmT5",
                "85\\G",
                "nrUU",
                "?s@hP",
                "qB7m",
                "'KX1l`W",
                "@=Mj",
                ". Gk",
                "LJ;+o",
                "s3aMom",
                "}5*Ij",
                "@i`0w\\",
                "AxP~",
                "@L^H",
                "m9v;",
                "NM!P",
                "\\@Nw",
                "~t!+",
                "!>[p",
                "3%:t",
                "D3x~",
                "\"}dK",
                "Q6;P",
                "B;@x",
                "!9.yz0",
                "6JZP-",
                "Juj>",
                "!&DP]",
                "fPN_",
                "|:Y}",
                "v$7@",
                "3Fwo",
                "\\6\\(",
                ">b{k",
                "gEXR*h",
                "}&OE",
                "&3sNY",
                "F1%l",
                "0 9?cf",
                "okx`",
                "rB3i",
                "?gkw",
                "yneV",
                "Nc\"C",
                ")c95",
                "8Xi!",
                "K,]|",
                "g1A+S",
                "\\o'P",
                "Hv4V",
                ".09mpu~",
                "oYt8",
                "7c 3",
                "B7]r",
                "0h=s",
                "!7+L",
                "nCRU",
                "10?e",
                "BrCi",
                "nu?$",
                "c5(E",
                "&;XoE<!y|",
                "Fukw",
                "[D>_1",
                "}Ey;",
                "Pb )",
                "PROT_EXEC|PROT_WRITE failed.",
                "$Info: This file is packed with the UPX executable packer http://upx.sf.net $",
                "$Id: UPX 3.94 Copyright (C) 1996-2017 the UPX Team. All Rights Reserved. $",
                "5n9#",
                "]=2)",
                "%b')",
                "/Cw@Z&",
                "9e(1",
                "xjqX",
                "/Vv<",
                "-zL0U",
                ":LM'",
                "~!'\"?",
                "gn;>",
                "`dOW",
                ">G\"V",
                "G0KT",
                "o9ruVu{",
                "A3Zp",
                "5(Ix5",
                "[NI.",
                "[zu%Z",
                "b/h>@%",
                " ;\\4",
                "+Ofp",
                "WJFj",
                "6z>~",
                "IOU|!",
                ";E,0S{",
                "^vf\"",
                "6%=>",
                "UPX!"
            ]
        }
    ]
}