{
    "malware_data": [
        {
            "filename": "4b0d7d7932c2361c099955820fefc4636459c3ea3b155746fc04a7193d96e5b3.exe",
            "filetype": "4D5A9000",
            "filesize": "217KB",
            "hash_sha256": "4b0d7d7932c2361c099955820fefc4636459c3ea3b155746fc04a7193d96e5b3",
            "strings": [
                "!This program cannot be run in DOS mode.",
                ".text",
                "`.rsrc",
                "@.reloc",
                ",$(!",
                "@[(D",
                ",<(|",
                ",$~Z",
                ",[~/",
                ",H~/",
                ",4(v",
                "+^(v",
                "+.(v",
                "2%(@",
                "*.(v",
                "*vs^",
                "l[(D",
                ",>~?",
                "1,(Z",
                "_, ~",
                "*Z~N",
                "*Z~O",
                "?Y(D",
                ".\\(q",
                "n PK",
                "da}{",
                " KDBM(",
                ")%(@",
                "+B(v",
                "p@[(D",
                "H%(@",
                "#%(@",
                "PT+~",
                "PT+/",
                " @[#",
                " @[(",
                "l%(@",
                " @[(D",
                ",2sP",
                ",!(]",
                ",6sP",
                "-6sP",
                "1FsP",
                ",:sP",
                ".9sP",
                ",.sP",
                "lY(D",
                "^@Y(D",
                ".SsP",
                ".LsP",
                ".@sP",
                "_,4sP",
                "_,^sP",
                "I%(@",
                "+^sP",
                "-\"~Z",
                "-esP",
                "-CsP",
                "%%(@",
                ",&(v",
                "32(]",
                "fDKBST|LEFdNQIY^jZ_\\kOAFw}dtdJOs;vsO<rwK1~{G2z",
                "C/fc_(bg[%nkW.joSS",
                "3%$;",
                "Sl*%9usj!6x~g!3",
                "g|*-6*d",
                "2\":55v",
                "FyMN|JMImAJDESh@T\\LQ}W]T\\Z^V{XPPMHEH{{dYcdLdh`pmYsyppvrz_|tt]rmQ",
                ",'0-",
                "%=!-+=",
                "VUTbJBJVKcNV^pJyTUIKKYuS@XB^V",
                "8HgywBcwkol`)2*5:3Opp{sja3^E6&$;ZPH>",
                "ZYYC",
                "WR\\D",
                "A@IPOU]5",
                "XFE{{xx~~l",
                "+1%')?k}juhjn7()\" j~y6$<",
                "O_\\ICWADmo\\H}q]rvGQzx",
                "\\A~{2&!]Nn{wG/ehiYl}P+.-)0##=# nml",
                "F%$C",
                "%8'/:",
                "$,'/65",
                "0()=7*",
                "9/!:??",
                "f`dv",
                "GX@N",
                "HUKK",
                "SLTR",
                "pRUGUIB",
                "\\AggST\"Z^A8Vsdtieh",
                "!Hxmlkr`w*Pfgx|",
                "V=537>f$+&5$V",
                "#()=' \"b8*0l g",
                "&<\"#5'id",
                "MQAY",
                "axnwiqgup*|tjt3{}is(0sybzq",
                ">*si .!(",
                "a;q;eIOWQ#h#",
                "33&6>%{",
                "_GDgOBI",
                "}YVAUBE",
                "{o|()\\jobtfrdb&Qv",
                "ryRAUe}zYux",
                ">0@}}.(-.-`&{&sks|w>va;llqkg0ah0`dd",
                "OYAHBaY@@FR",
                "n8%:<954fb631eg}(Owk_JHUW]DXUV@PJI",
                "?7)2-",
                "D4-\"4:4Y0:+3+>BDF",
                "?);:",
                "(2 }5)3",
                "CXC~\\FXHQ",
                ",,kKB",
                "UWMW\\Y",
                "AGT^CC9?NdzdoaxNcmcdjb`GcHlxlkim2\"",
                "Uxza",
                "M[SUPkm'",
                "%%hxCE>8,\"3%'\")*4{iTT",
                ">$#t4",
                "G[rHIBKS",
                ",,{PJH",
                "HR@WYC",
                "\\Tyc-cGni^XHQLgopqjh\"61hkj<gxtyy}z",
                "Z>$:+< ;>'1oxhrjvu/7+s(53aa}axczf",
                "}\\FAhLGTNT",
                "KGUBbEU[ymg{cM`bahTsgiwcuiu_wq}qP",
                "r}_uf",
                "'.+& ;)#6nmlkjihwvu\"ne",
                "~+a+Z^",
                "H@^@",
                "GAUG",
                "K[V]",
                ">:<<L",
                "HMN\\FESx`rD.ukwW@V^[M>5<[@\\]1A~z&X48",
                "E79-",
                "8*+=",
                "& (,+456}kjkiownqlsci",
                "^NlLM]U]VLRrcvq`tx}",
                "y`pMNZ)",
                "@OYGWSUTNJB:",
                "W[TZ_I[WU_B^R\\/9H",
                "_WU#",
                "=*:,",
                "<(0\"`",
                "2&&)?",
                "741;3}",
                "!1699",
                "g]CCaKRNKNQHfnK\\L",
                "x\\FRd^DT\\",
                "Hyg~}j~YmqciZRw`h;\\xj~^oseu1Te{b",
                "( 9.:i",
                "1)%/2)e",
                ")7.-:.",
                "!95?\"9",
                "MDiDGHCqwPES",
                "cEQ[x]WJ}NRE@UCuRZAHyg~}j~QWpes&Ceq{Xwz]p",
                "^}pS~uKVg",
                " (/&.55g",
                "75,+<,",
                "08?6>%%w",
                "lHZNoBMTOOeHKRUUdzQPKR\\oeBSE",
                "iEgjnlm#Bsipw`hwq||~sAG`uc6Sua",
                ":!9N<",
                "2)1F4",
                " 'W6",
                "%<;,<",
                ")#!&.5",
                "(4/*;-",
                "!6\"q",
                "oI]OLCBIJER",
                "TUISO]",
                "WMY[]KqafsuaKWEftf`ac_FhtbbjbGQz{\\}iN^",
                "{xt6",
                ")?!& <",
                "#/%a",
                "0267*",
                "9-=9",
                "K_M[H@Tq`OABMoERQgv|jx}iw",
                "dTU_ZZfdo`k|POnbcjNfsnFXa{{mZrjO(astlf",
                "CW'<_",
                "@\\O+[)d",
                "ef<?-%)-#4j,42",
                ";9=(>'",
                "$82<",
                "iZFY\\I_{BNEC_",
                "gHTOJ[MuO[WYD[kaFoy(Mo{mNjqoloriFutt9PpjrPaqgs$\"%)",
                "9!?/,5",
                "- #.%",
                "*5<4<",
                "4/=>5",
                "Y\\G[J",
                "o_GGEORNEI",
                "p<M%1MJ: 7368406C#\"!_Ivry}dc1Ueqq",
                "I05D2BCFXs",
                "r~wi",
                "iYMMKAXDCO",
                "9&ILJ6<<@5263ESlt",
                "wnm?Xr",
                "6Guf",
                "I8@AH9:N_AFGOZ@4",
                "vvs~",
                "rmnla",
                "629=$#q",
                "MNtjABABL",
                "fHJBWy{KHU[c}MB_U",
                "wGDYchi}g`b-QvpqiupYjwmmws2xjvLPfgxpJ(",
                "&\";=d",
                "#*+-`",
                "'3%/5.*7?3+2%",
                "<>1>:&",
                "y_G[OHIHLWRHCTGDN^_VLFl\\A@G^DSGAx8{}|=nama0QiwTdihovl{Opfc@pedcz",
                "-,#8,73",
                "7:15",
                ";8/7 #",
                "ZYGOGCI^~PT@TStWU]QU[",
                "i%W&T%&.Q`qovub`dnz6}|~ii}uy}zQuy",
                "@Z(1\\",
                "# +$(#ym",
                "u#nre",
                "vJKJAZBYP@SLRW{V_IN\\L^XY@VCBWTWZ",
                "e|U~n",
                "~ulreuskw",
                "i{b6164>;>;?j<;@B+",
                "P_^}{Xz~",
                "(!-*:<",
                "$%5=5.",
                "*0.39",
                "=94?u",
                "EM\\^O]IqmSEOpwj",
                "}nqe]PR[[TCbYQ@BkymUA",
                "icTSN,ARMYytv",
                "wxoAsfdy;sua",
                "F14+&=",
                ">8-;8*>>l;--z",
                "!7,>*gb",
                "3.&ml~",
                "XeIDK",
                "YONJCjC^bLV^hVLKrH_QUC",
                "oeXB^HZJ,FGZ MIDEQSTV#>=g-o1MF",
                "yGV:\"8T",
                "4+ \"91 \"",
                "6(8!",
                "XJEOGCI^",
                "wqhr",
                "\\JD\\K\\$*C`cnsipFuulkqspx`4<6ef`m",
                "><1,",
                "*<//8,:",
                "3?$0:<",
                "OXtx[FOF",
                "`OOHBGQfgkT_MH{fclrZ^Q[~+:'>SJltlrhrbwYKnqzu?_r|}urbK>;",
                "X[K5",
                "*%,p",
                "!,07",
                "5),1-=7",
                "YNZ_K]",
                "QFRWCU{LJ",
                "MZNKWAoXF",
                "Foy~l|P|bpw>=)tawl~jFnpni,/ctdaqg5",
                "/9>,<",
                "9>'1",
                "1'4725)<gbp/8 %5#",
                "ID]GZ",
                "oklYZ[&'$qR^zXJwwxklsddeq{^T]ZK]P^metvguaYHruXlkoAP!LBsc`|",
                "(+&;!8",
                "#52 (",
                "89 6#\"",
                "jQYHJSAUm{^WGexgozS[dlgovu'JQFXmklzriDvbb",
                "xzI=",
                "#'-:",
                "99.,/*",
                "~wro",
                "nkmncba5e",
                "uaZXAMLK}vUKCSW]JbpII^\\_Zj",
                "?HNO>;=>321e5E<=[+((.+^/S%&& Ryt",
                "!$/?L=",
                "55+KY.",
                "># %j",
                "):=8#?&",
                "$)(/6,;",
                "3%\"0",
                "k[Xaejuravrscipzoh}kblS[FDQCSkuPxdnfvSJbznahjWv`lr}n[gy~ggqszr\\^/27*;=>(,7?45\"69)",
                "'1#.%!",
                "+=7:15",
                "$>$630",
                "MyMHJl@BQFdHUWKV_kwi",
                "wSNF`}ef",
                "[F~BfjabecePespbvUUK+I",
                "loj}atWyoyt",
                ">$8,<.v",
                "2&2 f",
                "6=01<;?",
                "054; ",
                "`lpzKMvoe",
                "wJ\\OOXLZ`r`",
                "lf_Yb{I8\\`igx[L@Sn`ssdh~DMwxtiD]SMErfc",
                "+<0P2",
                "(=<;\"0'",
                ".(36*6",
                "9*-(3/6",
                "963%",
                "AGG\"&~WASUTNJB_v",
                "zRVYSFoQRUXA[~x&mo{i@\"@lhcip'Oh}kp~qx0)23:5Gp",
                "LUNZPZPT%SSH<O>=SK?;E^1ENNYA",
                "5+33?=+",
                ">18pir",
                "JAAJDEoO@BtAI_XLjWQ[QW}_US",
                "|``hWMlbmd; Qv",
                "ivxsz;@=eq}cr]{",
                "g?/#9(",
                "5)3;;1?5",
                "$?#=51;",
                "VFWVMTJ]",
                "gF\\|j|l.Fbygqndr'Efy~kjMpzierbtJS{b",
                "':*>#'7`",
                ")0*)5:<y",
                ">2<56\"5?$7:",
                "EMAEK\\p}QJ",
                "}VUKCSW]Jb^_^]F^EE",
                "LXf^[L\\_^BDJLDZHt`tMHWB|sstzwMdryz",
                "H99+QFOSQSUSQSMCA8<<884488<<88",
                "&&&>>>>6666>>>>&&&&",
                "POEA}",
                "BXTAP_CRTU[kyqmg|obpgpudKkf{w8Jjpn|uvL}saqy",
                "Kv8<;'!+s~l354.*\"dg<8*>ba}71%7i",
                "iGTL",
                "M]KMVSS",
                "XV@\\|n(kw{i mqddt.Qkquwn>{}isqqbs7rz",
                ";'9-9'\"qp'vtwh:`ojgdk4d`5fedl",
                "DI\\ZGws~V",
                "xbOTU]__E",
                "GDfb|lc`vRnlghhtljiovxszysqaiabrp@",
                "BSJB",
                "v4.0.30319",
                "#Strings",
                "#GUID",
                "#Blob",
                "G.B&",
                "x*B&",
                "Q  $",
                ",.p&",
                "F(B&",
                "s-B&",
                "!&B&",
                "\"& 9",
                "1$X A",
                ".**#",
                "H$/&!",
                "H$7&",
                "f\"i'Y",
                "f\"D+",
                "+c,|",
                "o.e.9",
                "/ l ",
                " &!L!x!",
                "\"'\"R\"",
                "\"4#>#p#",
                "%>&e&",
                "&)'='s'",
                "):)D)V)u)",
                "+ +.+",
                "-L.a.",
                "H%V%s*k+",
                "+K,R,k,i-",
                "HMACSHA1",
                "get_B1",
                "set_B1",
                "get_P1",
                "set_P1",
                "get_U1",
                "set_U1",
                "IEnumerable`1",
                "ICollection`1",
                "EventHandler`1",
                "IList`1",
                "HMACSHA512",
                "Advapi32",
                "kernel32",
                "Microsoft.Win32",
                "user32",
                "ReadUInt32",
                "ToUInt32",
                "ReadInt32",
                "ToInt32",
                "get_U2",
                "set_U2",
                "KeyValuePair`2",
                "Dictionary`2",
                "ToUInt64",
                "ReadInt64",
                "ToInt64",
                "ReadUInt16",
                "ToUInt16",
                "ReadInt16",
                "ToInt16",
                "HMACSHA256",
                "7B2CBF19-9498-49D4-98F9-8620B1F64187",
                "get_UTF8",
                "<Module>",
                "GetModuleFileNameA",
                "GetVolumeInformationA",
                "HMAC",
                "get_FormatID",
                "get_ASCII",
                "System.IO",
                "TripleDES",
                "get_IV",
                "set_IV",
                "ChrW",
                "MoveFileExW",
                "get_cfoWgeY",
                "set_cfoWgeY",
                "value__",
                "VirtualAllocExNuma",
                "get_Data",
                "set_Data",
                "ProtectedData",
                "ProjectData",
                "PropertyData",
                "mscorlib",
                "cecba31a-495e-4c89-85b7-d416f902980c",
                "System.Collections.Generic",
                "Microsoft.VisualBasic",
                "SendAsync",
                "ReceiveAsync",
                "WndProc",
                "get_Id",
                "GetWindowThreadProcessId",
                "GetProcessById",
                "OpenRead",
                "Thread",
                "Load",
                "SHA1Managed",
                "RijndaelManaged",
                "get_LastModified",
                "set_LastModified",
                "set_Enabled",
                "get_BytesTransferred",
                "add_Elapsed",
                "IsBypassed",
                "get_LastAccessed",
                "set_LastAccessed",
                "get_Connected",
                "add_Completed",
                "System.Collections.Specialized",
                "get_IsInvalid",
                "get_Guid",
                "NewGuid",
                "GetField",
                "TrimEnd",
                "ReadToEnd",
                "Send",
                "Append",
                "Bind",
                "get_Second",
                "get_Millisecond",
                "UBound",
                "GetUpperBound",
                "GetLowerBound",
                "Round",
                "set_Method",
                "CompareMethod",
                "get_Clipboard",
                "get_Keyboard",
                "get_Password",
                "set_Password",
                "Replace",
                "CreateInstance",
                "get_GetInstance",
                "GetHashCode",
                "get_SocketErrorCode",
                "set_Mode",
                "FileMode",
                "PaddingMode",
                "CryptoStreamMode",
                "CompressionMode",
                "CipherMode",
                "XmlNode",
                "get_Unicode",
                "get_BigEndianUnicode",
                "IsTextUnicode",
                "VaultFree",
                "FromImage",
                "SendMessage",
                "MailMessage",
                "AddRange",
                "CredentialCache",
                "EndInvoke",
                "BeginInvoke",
                "GetEnvironmentVariable",
                "SetEnvironmentVariable",
                "IEnumerable",
                "IDisposable",
                "ToDouble",
                "get_Handle",
                "RuntimeFieldHandle",
                "SafeHandle",
                "get_SafeFileHandle",
                "GetModuleHandle",
                "RuntimeTypeHandle",
                "ReleaseHandle",
                "CreateHandle",
                "GetTypeFromHandle",
                "handle",
                "Rectangle",
                "get_File",
                "set_File",
                "DownloadFile",
                "DeleteFile",
                "Console",
                "get_MainModule",
                "ProcessModule",
                "set_Name",
                "get_FileName",
                "set_FileName",
                "GetRandomFileName",
                "GetTempFileName",
                "GetFileName",
                "get_ModuleName",
                "get_OSFullName",
                "get_FullName",
                "get_UserName",
                "get_ComputerName",
                "get_ProcessName",
                "get_ProductName",
                "GetProcessesByName",
                "GetDirectoryName",
                "System.Net.Mime",
                "FromFileTime",
                "ToFileTime",
                "DateTime",
                "GetLastWriteTime",
                "SetLastWriteTime",
                "SetCreationTime",
                "GetLastAccessTime",
                "SetLastAccessTime",
                "ReadLine",
                "AppendLine",
                "WriteLine",
                "get_NewLine",
                "Combine",
                "LocalMachine",
                "Escape",
                "Unescape",
                "DataProtectionScope",
                "get_Type",
                "set_Type",
                "set_MediaType",
                "ChangeType",
                "ValueType",
                "StringType",
                "SecurityProtocolType",
                "GetType",
                "SocketType",
                "get_ContentType",
                "set_ContentType",
                "FileShare",
                "Compare",
                "PtrToStructure",
                "get_InvariantCulture",
                "get_CurrentCulture",
                "Capture",
                "ApplicationBase",
                "NameObjectCollectionBase",
                "HttpWebResponse",
                "GetResponse",
                "Close",
                "Dispose",
                "TryParse",
                "Reverse",
                "Create",
                "MulticastDelegate",
                "GetKeyboardState",
                "EditorBrowsableState",
                "Delete",
                "get_CanWrite",
                "ThreadStaticAttribute",
                "STAThreadAttribute",
                "CompilerGeneratedAttribute",
                "GuidAttribute",
                "HelpKeywordAttribute",
                "GeneratedCodeAttribute",
                "EditorBrowsableAttribute",
                "ComVisibleAttribute",
                "FileAttribute",
                "StandardModuleAttribute",
                "HideModuleNameAttribute",
                "DefaultValueAttribute",
                "DebuggerHiddenAttribute",
                "AssemblyFileVersionAttribute",
                "MyGroupCollectionAttribute",
                "FlagsAttribute",
                "CompilationRelaxationsAttribute",
                "HandleProcessCorruptedStateExceptionsAttribute",
                "ReliabilityContractAttribute",
                "ParamArrayAttribute",
                "RuntimeCompatibilityAttribute",
                "SuppressUnmanagedCodeSecurityAttribute",
                "AccessedThroughPropertyAttribute",
                "set_UseShellExecute",
                "get_Minute",
                "ReadByte",
                "ToByte",
                "get_Value",
                "DeleteValue",
                "GetObjectValue",
                "GetValue",
                "SetValue",
                "GetPropertyValue",
                "value",
                "Save",
                "Receive",
                "set_KeepAlive",
                "Move",
                "Remove",
                "cecba31a-495e-4c89-85b7-d416f902980c.exe",
                "get_Size",
                "set_Size",
                "get_HashSize",
                "set_BlockSize",
                "get_KeySize",
                "Initialize",
                "SuppressFinalize",
                "Resize",
                "SizeOf",
                "get_ItemOf",
                "LastIndexOf",
                "get_Jpeg",
                "System.Threading",
                "set_Padding",
                "NewLateBinding",
                "UTF8Encoding",
                "GetEncoding",
                "System.Drawing.Imaging",
                "FromBase64String",
                "ToBase64String",
                "EscapeDataString",
                "UnescapeDataString",
                "DownloadString",
                "GetPrivateProfileString",
                "CompareString",
                "ToString",
                "GetString",
                "Substring",
                "System.Drawing",
                "ToULong",
                "ToLong",
                "get_Msg",
                "Match",
                "get_PasswordHash",
                "ComputeHash",
                "Flush",
                "Math",
                "get_ExecutablePath",
                "GetFullPath",
                "GetTempPath",
                "GetFolderPath",
                "get_Width",
                "get_Length",
                "SetLength",
                "get_ContentLength",
                "set_ContentLength",
                "GetWindowTextLength",
                "EndsWith",
                "StartsWith",
                "get_Month",
                "PtrToStringUni",
                "AsyncCallback",
                "get_CapsLock",
                "TransformFinalBlock",
                "TransformBlock",
                "get_CanSeek",
                "AllocHGlobal",
                "FreeHGlobal",
                "Marshal",
                "NetworkCredential",
                "Decimal",
                "System.Security.Principal",
                "ConditionalCompareObjectGreaterEqual",
                "ConditionalCompareObjectLessEqual",
                "ConditionalCompareObjectEqual",
                "ConditionalCompareObjectNotEqual",
                "set_Interval",
                "Rijndael",
                "System.Collections.ObjectModel",
                "System.ComponentModel",
                "System.Net.Mail",
                "LateCall",
                "kernel32.dll",
                "User32.dll",
                "user32.dll",
                "vaultcli.dll",
                "psapi.dll",
                "ntdll.dll",
                "dbghelp.dll",
                "bcrypt.dll",
                "Kill",
                "System.Xml",
                "set_IsBodyHtml",
                "set_SecurityProtocol",
                "set_EnableSsl",
                "FileStream",
                "get_BaseStream",
                "GetResponseStream",
                "DeflateStream",
                "get_EndOfStream",
                "CryptoStream",
                "GetRequestStream",
                "MemoryStream",
                "get_LParam",
                "get_WParam",
                "get_Param",
                "get_Item",
                "set_Item",
                "VaultGetItem",
                "get_FileSystem",
                "OperatingSystem",
                "SymmetricAlgorithm",
                "HashAlgorithm",
                "LTrim",
                "Random",
                "ICryptoTransform",
                "Enum",
                "ToBoolean",
                "IsLittleEndian",
                "TimeSpan",
                "get_Screen",
                "CopyFromScreen",
                "get_UserToken",
                "set_UserToken",
                "Listen",
                "System.ComponentModel.Design",
                "ChangeClipboardChain",
                "SeekOrigin",
                "Join",
                "MessageBoxIcon",
                "get_OSVersion",
                "get_Version",
                "set_Version",
                "RtlGetVersion",
                "Conversion",
                "System.IO.Compression",
                "get_Application",
                "get_Location",
                "SystemInformation",
                "destination",
                "System.Globalization",
                "Interaction",
                "op_Subtraction",
                "System.Reflection",
                "PropertyDataCollection",
                "NameValueCollection",
                "MatchCollection",
                "GroupCollection",
                "KeysCollection",
                "ManagementObjectCollection",
                "AttachmentCollection",
                "KeyCollection",
                "get_Position",
                "set_Position",
                "get_ContentDisposition",
                "SearchOption",
                "InvalidDataException",
                "CryptographicException",
                "ArgumentOutOfRangeException",
                "ArgumentNullException",
                "AccessViolationException",
                "InvalidOperationException",
                "SocketException",
                "ArgumentException",
                "get_Description",
                "set_Description",
                "get_StatusDescription",
                "System.Runtime.ConstrainedExecution",
                "Environ",
                "StringComparison",
                "get_CtrlKeyDown",
                "get_ShiftKeyDown",
                "get_AltKeyDown",
                "SocketShutdown",
                "CompareTo",
                "CopyTo",
                "get_Info",
                "ImageCodecInfo",
                "FieldInfo",
                "FileInfo",
                "CultureInfo",
                "FileVersionInfo",
                "GetVersionInfo",
                "ComputerInfo",
                "get_StartInfo",
                "ProcessStartInfo",
                "GetLastInputInfo",
                "DirectoryInfo",
                "Zero",
                "Bitmap",
                "Sleep",
                "MiniDumpWriteDump",
                "Group",
                "get_Year",
                "Clear",
                "ToChar",
                "DirectorySeparatorChar",
                "StreamReader",
                "BinaryReader",
                "SHA1CryptoServiceProvider",
                "MD5CryptoServiceProvider",
                "RNGCryptoServiceProvider",
                "TripleDESCryptoServiceProvider",
                "BCryptCloseAlgorithmProvider",
                "BCryptOpenAlgorithmProvider",
                "IFormatProvider",
                "StringBuilder",
                "SpecialFolder",
                "GetDecoder",
                "Encoder",
                "SetBuffer",
                "ResourceManager",
                "ServicePointManager",
                "ToInteger",
                "ManagementObjectSearcher",
                "SecurityIdentifier",
                "ElapsedEventHandler",
                "System.CodeDom.Compiler",
                "Timer",
                "set_CookieContainer",
                "ToUpper",
                "get_User",
                "CurrentUser",
                "ConditionalCompareObjectGreater",
                "ToGenericParameter",
                "EncoderParameter",
                "Enter",
                "BitConverter",
                "get_Computer",
                "ServerComputer",
                "get_DnsResolver",
                "set_DnsResolver",
                "SetClipboardViewer",
                "ToLower",
                "Floor",
                "CreateProjectError",
                "ClearProjectError",
                "SetProjectError",
                "SocketError",
                "IEnumerator",
                "ManagementObjectEnumerator",
                "GetEnumerator",
                "IDictionaryEnumerator",
                "Activator",
                ".ctor",
                ".cctor",
                "Monitor",
                "CreateDecryptor",
                "CreateEncryptor",
                "ReadIntPtr",
                "InStr",
                "MidStmtStr",
                "get_Hour",
                "Graphics",
                "System.Diagnostics",
                "get_TotalSeconds",
                "get_Bounds",
                "Microsoft.VisualBasic.Devices",
                "get_WebServices",
                "Microsoft.VisualBasic.ApplicationServices",
                "System.Runtime.ExceptionServices",
                "System.Runtime.InteropServices",
                "Microsoft.VisualBasic.CompilerServices",
                "System.Runtime.CompilerServices",
                "Microsoft.VisualBasic.MyServices",
                "GetInstances",
                "System.Resources",
                "get_ChildNodes",
                "Matches",
                "GetDirectories",
                "get_Properties",
                "ExpandEnvironmentVariables",
                "Microsoft.Win32.SafeHandles",
                "GetFiles",
                "EnumProcessModules",
                "NumberStyles",
                "GetSubKeyNames",
                "ReadAllLines",
                "GetProcesses",
                "GetHostAddresses",
                "FileAttributes",
                "SetAttributes",
                "Rfc2898DeriveBytes",
                "ReadAllBytes",
                "WriteAllBytes",
                "GetAddressBytes",
                "GetBytes",
                "get_Values",
                "SocketFlags",
                "Strings",
                "SocketAsyncEventArgs",
                "ElapsedEventArgs",
                "get_Ticks",
                "ICredentials",
                "get_Credentials",
                "set_Credentials",
                "get_DefaultCredentials",
                "set_UseDefaultCredentials",
                "Equals",
                "Utils",
                "CreateParams",
                "VaultEnumerateItems",
                "System.Windows.Forms",
                "Contains",
                "Conversions",
                "System.Text.RegularExpressions",
                "System.Collections",
                "set_MaximumAutomaticRedirections",
                "StringSplitOptions",
                "RegexOptions",
                "MessageBoxButtons",
                "get_Groups",
                "get_Chars",
                "GetChars",
                "GetImageEncoders",
                "System.Timers",
                "RuntimeHelpers",
                "EncoderParameters",
                "Operators",
                "ManagementClass",
                "ConditionalCompareObjectLess",
                "FileAccess",
                "get_Success",
                "GetCurrentProcess",
                "IPAddress",
                "MailAddress",
                "get_objects",
                "set_objects",
                "System.Net.Sockets",
                "VaultEnumerateVaults",
                "get_Attachments",
                "set_Arguments",
                "get_Exists",
                "arrays",
                "get_Keys",
                "set_Keys",
                "get_RFvwQZt",
                "set_RFvwQZt",
                "Concat",
                "AppendFormat",
                "ImageFormat",
                "Subtract",
                "ParseExact",
                "AddObject",
                "AndObject",
                "ModObject",
                "DivideObject",
                "ManagementBaseObject",
                "CreateObject",
                "ConcatenateObject",
                "OrObject",
                "XorObject",
                "SubtractObject",
                "GetObject",
                "LeftShiftObject",
                "ManagementObject",
                "NotObject",
                "MultiplyObject",
                "set_Subject",
                "Collect",
                "Connect",
                "set_AllowAutoRedirect",
                "Unprotect",
                "LateGet",
                "LateIndexGet",
                "System.Net",
                "GetResourceSet",
                "LateSet",
                "set_AcceptSocket",
                "get_Height",
                "get_Lenght",
                "set_Lenght",
                "op_Explicit",
                "Split",
                "WaitForExit",
                "VaultCloseVault",
                "VaultOpenVault",
                "get_Default",
                "IAsyncResult",
                "DialogResult",
                "set_UserAgent",
                "WebClient",
                "SmtpClient",
                "System.Management",
                "XmlElement",
                "Attachment",
                "Environment",
                "XmlDocument",
                "get_Parent",
                "GetParent",
                "get_Current",
                "IPEndPoint",
                "get_LocalEndPoint",
                "get_Count",
                "GetByteCount",
                "get_TickCount",
                "GetCharCount",
                "EndAccept",
                "BeginAccept",
                "BCryptDecrypt",
                "BCryptEncrypt",
                "ThreadStart",
                "Convert",
                "get_Port",
                "set_Port",
                "get_InternalServerPort",
                "set_InternalServerPort",
                "Sort",
                "FtpWebRequest",
                "HttpWebRequest",
                "XmlNodeList",
                "set_Host",
                "ICredentialsByHost",
                "host",
                "set_Timeout",
                "GetKeyboardLayout",
                "get_StandardOutput",
                "set_RedirectStandardOutput",
                "MoveNext",
                "System.Text",
                "ReadAllText",
                "AppendAllText",
                "WriteAllText",
                "get_InnerText",
                "GetText",
                "GetWindowText",
                "get_Now",
                "GetForegroundWindow",
                "NativeWindow",
                "set_CreateNoWindow",
                "Show",
                "ToUnicodeEx",
                "GetModuleFileNameEx",
                "RegQueryValueEx",
                "UnhookWindowsHookEx",
                "SetWindowsHookEx",
                "CallNextHookEx",
                "RegOpenKeyEx",
                "Regex",
                "LateSetComplex",
                "MessageBox",
                "get_Day",
                "InitializeArray",
                "ToArray",
                "ToCharArray",
                "CopyArray",
                "Consistency",
                "set_Body",
                "get_Key",
                "set_Key",
                "OpenSubKey",
                "RegCloseKey",
                "MapVirtualKey",
                "get_GuidMasterKey",
                "set_GuidMasterKey",
                "ContainsKey",
                "BCryptImportKey",
                "BCryptDestroyKey",
                "RegistryKey",
                "System.Security.Cryptography",
                "GetExecutingAssembly",
                "GetEntryAssembly",
                "get_AddressFamily",
                "Multiply",
                "BlockCopy",
                "get_TotalPhysicalMemory",
                "CreateDirectory",
                "DictionaryEntry",
                "get_Registry",
                "get_Capacity",
                "Quality",
                "op_Equality",
                "op_Inequality",
                "System.Security",
                "IsNullOrEmpty",
                "BCryptGetProperty",
                "BCryptSetProperty",
                "set_Proxy",
                "IWebProxy",
                "ClipboardProxy",
                "FileSystemProxy",
                "GetProxy",
                "RegistryProxy",
                "<PrivateImplementationDetails>{F5BCD603-7BCF-4B0D-8AC9-A164332AD280}",
                "MyTemplate",
                "14.0.0.0",
                "My.Computer",
                "My.Application",
                "My.User",
                "My.WebServices",
                "4System.Web.Services.Protocols.SoapHttpClientProtocol",
                "Create__Instance__",
                "Dispose__Instance__",
                "RFvwQZt",
                "cfoWgeY",
                "$69cacd72-d507-4d4a-93ec-72fc72d285fe",
                "WrapNonExceptionThrows",
                "1.1.1.1",
                "_CorExeMain",
                "mscoree.dll",
                "<?xml version=\"1.0\" encoding=\"UTF-8\" standalone=\"yes\"?>",
                "<assembly xmlns=\"urn:schemas-microsoft-com:asm.v1\" manifestVersion=\"1.0\">",
                "  <assemblyIdentity version=\"1.0.0.0\" name=\"MyApplication.app\"/>",
                "  <trustInfo xmlns=\"urn:schemas-microsoft-com:asm.v2\">",
                "    <security>",
                "      <requestedPrivileges xmlns=\"urn:schemas-microsoft-com:asm.v3\">",
                "        <requestedExecutionLevel level=\"asInvoker\" uiAccess=\"false\"/>",
                "      </requestedPrivileges>",
                "    </security>",
                "  </trustInfo>",
                "</assembly>",
                "@+E@",
                "#\"$\"%\"&\"'\"(\")\"*\"+\",\"-\".\"/\"102030405060708090;:<:=:>:?>@:A:B:C:D:E:GFHFIFJFKFLFMFNFOFPFQFRFSFTFUFVFWFXFYFZF[F\\[]F^F_F`_a_b_cFdFeFfFgfhfiFkj",
                "HTTP/1.1 ",
                "credential",
                "sha512",
                "logins",
                "+-0123456789ABCDEFGHIJKLMNOPQRSTUVWXYZabcdefghijklmnopqrstuvwxyz",
                "VS_VERSION_INFO",
                "VarFileInfo",
                "Translation",
                "StringFileInfo",
                "000004b0",
                "FileDescription",
                "FileVersion",
                "InternalName",
                "LegalCopyright",
                "OriginalFilename",
                "ProductVersion",
                "Assembly Version"
            ]
        }
    ]
}