{
    "malware_data": [
        {
            "filename": "4565415c5ec2829a3259f14537f4a651533c5db25262665c4366833c2a2441f9.elf",
            "filetype": "7F454C46",
            "filesize": "25KB",
            "hash_sha256": "4565415c5ec2829a3259f14537f4a651533c5db25262665c4366833c2a2441f9",
            "strings": [
                "CvUPX!",
                "4:sF",
                "IAun",
                "jd15",
                "| zj1",
                "),4GN",
                ")1HY",
                "1:>%",
                "x1-1, ",
                ".Tu6yJ",
                "pHJm",
                "xk%&P",
                "+Vi*",
                "*bQg",
                "14Z+",
                "C#Iu\"",
                "rH]@n",
                "f?@9/",
                "A{zYNG",
                "H /h",
                "if@S",
                "NI@R",
                ",kMl",
                "Ffl\\",
                "|Zjr8",
                "Y?pt",
                "{.bT",
                "9dg(",
                "pG@6",
                "8J'z",
                "V.?N@H},`",
                "mV(.;",
                "TWiF",
                "y&db",
                "Tx4j",
                "fr8^",
                "$'BW",
                "w-y$;",
                "df<I",
                "qJ0RF",
                "%:i\\",
                "AgAw",
                "gWw'",
                "p}I\\",
                "RAMQ",
                "=*KX:3q",
                "M-jn",
                "Cv1J",
                "u@Rjl",
                "$3+2fo6",
                "l8si",
                "eXYS",
                "{2 QG",
                "5Y`^",
                "o0'3",
                "/.J@",
                "=7,J",
                "*|a\\",
                "P[M~",
                "+vcV",
                "^*R@",
                "04p$",
                "LEe@N",
                "m:g^",
                "*YsQ",
                "MV4*",
                "#A=L|",
                "'ClG>+d",
                "&0E~n",
                ";2NK",
                ")>zh",
                "g6#]",
                "dmv2",
                "h.tp",
                "U$o*",
                "EW+_|",
                "vcM4",
                "j*n#",
                "M(wL",
                "ou3-X",
                "hKoF",
                "50z'J",
                "QR=Yu",
                "D&\\f0",
                ";J|L",
                "Y7:G",
                ">k%x0",
                "G415",
                "0l-}",
                "7#[z$",
                "Pjy)]n",
                "+qd0",
                "$0tZK$3",
                "0:leDQ",
                "(;,<",
                "bu':",
                "Q8Pc",
                ",GIf",
                "GICO|",
                "(ZF@",
                "J5fj",
                "o_'I",
                "Eyh/y",
                "^MoX/",
                "+#J.a8",
                "M.0D",
                "J|y'",
                "VD.sjL[4jc",
                "y|{KK",
                "R'%#~v",
                "gwk%!f",
                "og_jS",
                "([;=",
                "\"|>Rg",
                "<II\\",
                "FWP0",
                "3k~1",
                "C[KB}",
                "XRjA^",
                ";OJ$",
                "j_Di",
                "=K/&",
                "$s{U}. r",
                "w1 NNCx",
                "M4)A",
                "W?#nP",
                "^'sa",
                "Dv981",
                "Bs'9",
                ";@{t=",
                "kDx+f",
                "$~Lw`",
                "L|cl",
                "qqe^",
                "qAYb",
                "r[p\\8",
                "uC64v",
                "O<ao\"",
                "8rqj ",
                "]+/Yl",
                "~u)~",
                "fOYu",
                "#1VV",
                "AP-'",
                "TARz",
                ".R:n=\\",
                "OyqRm.",
                "o$*)",
                "Nf((",
                "MM<!",
                "R\\Q8",
                "DAG\"",
                "bo|f",
                "U/6.C8",
                "3[|,",
                ">;t!",
                ":&E|",
                "#6?P\\",
                "e09\\",
                "OpE(",
                "DS<%",
                "vi/I9",
                "5e}H|",
                "bS->",
                "Njm9Y9",
                "6e4|7",
                "7W}/",
                "& \"O",
                "Nv<A",
                "C{uC",
                "!Hb^",
                "t cP~",
                "8sqo",
                "h!27E",
                "bRS}",
                "yo4A",
                "2t^E",
                ".BRR",
                "@$:u",
                "P'~~w",
                "DzKc",
                "Y_os",
                "FUOSY",
                "n98cF",
                "}w9@[~x",
                "xRjs",
                "f;^6",
                "13__e4",
                "~cz(b",
                "Y'\"C",
                "DJ~)",
                "Wc#z",
                "?]U{1>",
                "$Fz ",
                "%7r`",
                ")93)",
                "O]!5",
                "N=s~+",
                "cloG!",
                "v1DJ",
                "/3Pi",
                "-;,'",
                "S=cA\\",
                "[4a+",
                "@1jh*",
                "CVw3",
                "~?w8",
                "(iAr'",
                "-FN @!",
                "xSdY",
                "zhQn8",
                "J,\\F",
                "{=lDR",
                "70Hi",
                "Yn1CU",
                "H%/W",
                "w8qv",
                "k#:;",
                "x!2S",
                ":sGgV^r#",
                "=1OQzR",
                "*8RvI9",
                "!*@mqM",
                "kO..",
                "8ps{M",
                "#!05Ka",
                "#bmE",
                "s\\\"s",
                "':mi",
                "u.u{",
                "ZjY8",
                "2fmeBx%",
                "z4cB",
                " MjB",
                "b,arz",
                "D{.~",
                "NAi{",
                "aFH1",
                "qhl_",
                "es`:",
                "8R|B,",
                "JX)\\",
                "k[MRh",
                "?s!;",
                "CyZ^",
                "m-p`",
                "F\\Xd",
                "g^?!5",
                "#$o.",
                "[QH(",
                "\\Qg)&",
                "*(A@",
                "gs:=<",
                "a>pk",
                "b,t[tK",
                "!DX~",
                "B~o,r-",
                "i3}#Nr",
                "rsPl`",
                "E{k}",
                "{hEE",
                "|g{(",
                ".7JB",
                "pcv*D",
                ")%I8",
                "lC5H",
                "Qd[*",
                "Pb )",
                "PROT_EXEC|PROT_WRITE failed.",
                "$Info: This file is packed with the UPX executable packer http://upx.sf.net $",
                "$Id: UPX 3.94 Copyright (C) 1996-2017 the UPX Team. All Rights Reserved. $",
                "5n9#",
                "]=2)",
                "%b')",
                "U+V!]",
                "/S|1",
                "[*v!q6L",
                "|[%'",
                "Jv?R",
                "TB$gsp8",
                "[>2g",
                "u`QMf",
                "kA;C].",
                "]a$<",
                ":C2~z",
                "?Usd",
                "K+~(",
                "961K",
                "Z3Fb",
                "UPX!"
            ]
        }
    ]
}