{
    "malware_data": [
        {
            "filename": "46e8aaee811d697d728f1d9bc191decac381ed8989aefe0d28a182541e3dbd30.elf",
            "filetype": "7F454C46",
            "filesize": "34KB",
            "hash_sha256": "46e8aaee811d697d728f1d9bc191decac381ed8989aefe0d28a182541e3dbd30",
            "strings": [
                "gUPX!",
                "i=+T",
                "K{yP",
                "~3?+E",
                "KSa\"x",
                "sxk'",
                ",uQ0by2k",
                "\\tli",
                "H/v.85",
                "}pE^",
                "Pdq^b",
                ".`l@",
                "O0fG",
                "p09x",
                "fc[d",
                "<TnI",
                "njPz",
                "D(D\\",
                "4,OP",
                "fH>x",
                ".$#.",
                "'S.6",
                "_y1%",
                "[`BYq8",
                "vX[.",
                "'>o4+Sz",
                "37uy",
                "o16=b",
                "z-N!",
                "(aLO",
                "BT6+",
                "Z:I;",
                "q'nT7|C",
                "L36O",
                "vYmWk",
                "]5?=",
                "{-w<R@",
                "o0b7",
                "[\"aW",
                "7<6O",
                ",0XDq&",
                "bZ:6]",
                ";?SK",
                "a0ls",
                "|?/D",
                "P8WhS",
                "GZFY",
                "a#m5",
                "t+q-Xs",
                "FTa9",
                " H*(",
                "nHqot",
                "-M0g",
                "w%O\\",
                "pBsPH",
                "=hbLa",
                "_WOW",
                "360VPFh",
                "g;?ZO",
                "Zd)K",
                ">\"=R",
                "*7)!h",
                "^2*H_",
                "'.Xn",
                "IyZGbg",
                "BX*T",
                "5Z_c",
                "d5ud",
                ":^r%kE",
                "_T/r",
                "n*~-",
                "X+OYw",
                "cw,#",
                ",EgT@",
                "YQI;!",
                "?}W3P",
                "DYlbXCS",
                "\\e.Y",
                "'s!W",
                "n_aE",
                "oJy^d",
                "/NoU",
                "i{S*",
                "L);,",
                "gsY1i}",
                "7|Ux",
                "_2v<A",
                "LI%H}",
                "3AN+",
                "*),=(",
                "lnlK",
                "<1L@",
                "?~F9",
                "3TFI",
                "\"4G7",
                "NU?@+",
                "\\LoR",
                "npcf",
                "k<CW",
                "gN<&",
                "d *Z",
                "Gf/F",
                "'A_4",
                "QMV<",
                "_ThH ",
                "ZX<h%$",
                "i0x%",
                "PGj%5Z",
                ".?G,",
                "<Hw$J",
                "]M$X",
                "UF*g",
                "w8|C*",
                "RG3D`",
                "pMVV",
                "-(Ng",
                "k8o?",
                "aWi-x",
                "6Nv7/",
                "NB u",
                "\\d9x",
                "W0viu",
                "=w~-XG",
                "CIWE",
                "0`Yk",
                "9j/7",
                "?cSxg",
                "sy';=",
                "nwFQ",
                "1JI<",
                "_s'#",
                "lcvD]",
                "t0XB",
                "m)H?>",
                ",$$-",
                "/=@x",
                "usIf",
                "Jq &",
                "cUo^9",
                "E)bI",
                "40%z",
                "*A>1",
                "dW}<",
                "(~9t>",
                "2/U5",
                "C\"R!U/",
                "5Lw?",
                "'-U'",
                "4HT>",
                "nqAiVE=",
                "'W,E",
                "BbJ9",
                "sfsSY(",
                "glJqyd",
                "0[lh",
                "?$30",
                "pu3_",
                "C/tP",
                "TC$\"",
                "G2VY",
                "q<O_?",
                ">a@ro]b",
                "|&SZ",
                "=#}'",
                "S90U",
                ")EdW",
                "pcBV",
                "KKzT",
                "|4@K",
                "gGI`x",
                "i611",
                "}+L;",
                "T{]1",
                "J@Z.",
                "n*BXt`B}*",
                "Pk3*",
                "?|@n:",
                "^)S06m",
                ")3h4",
                "V#%b\\",
                "mO%D[",
                "1)$q",
                "DX~f",
                "/YnFD",
                "eV:\\",
                "UO(E",
                "122(",
                "K?a*",
                "JA!N",
                "?9,V",
                "|eJ(",
                "/>#/",
                "mK++!",
                "Lj^]ib",
                ";foL!",
                ";!]8\"",
                "w9&&",
                "U?|X'+IW",
                "pz<7",
                " +.ICN)",
                "Q!TtY8",
                "8/{A",
                "xg79",
                "wunVh",
                "+!2B{;",
                "4O.c5",
                "'q!_",
                "9]_t",
                "EkY-{",
                "eoJPO",
                "7miu",
                "}>Qq5",
                "K8(px",
                "y(FG",
                "[nBr",
                "rp Y",
                "{kc}",
                "x7X@",
                "6\\<X",
                "Fn15",
                "^^7s",
                "iH3j",
                "s9g1",
                "sga6",
                "xk;(",
                "tZP@",
                "{;V.S",
                "4\"AQ=3",
                "@rX&",
                "m?O|",
                ";;!e",
                "r{/9",
                "-}Pz\\",
                "_l[e",
                "m> ?",
                "l('k'",
                "ia2L",
                "]d.t",
                "T,%V",
                " ~UD g",
                "kn85",
                "LzT_X/",
                "*ExKn",
                "nC&u9k",
                "B6+~",
                "i}:.",
                "*S!n",
                "mhX@MTW",
                "GGu1",
                "\"`c,M",
                "FV1It",
                "GxbH\"",
                "~K@r",
                "M$8%",
                "Fj>./",
                ")](tp",
                "ke7`",
                "D|[hq",
                "-\\bCf",
                "zCx_",
                "p)oh",
                "$c k`",
                "`ioL",
                "$gw!c",
                "JsI%",
                "@*QJ4",
                "}I@~u",
                "*hve",
                ">~FXP",
                "3 u13\";CV",
                ";+]B",
                "wb,a",
                "3[<^",
                "{2X/@_",
                "K[]6fE",
                "uM7,",
                "ra5c",
                "}^dI",
                "]3yWi",
                "S<\"#",
                "x37UN",
                "%`|#",
                "9{Vq",
                "4/A9]",
                "}6T`",
                "A'o,",
                "E;~)",
                "T6(1",
                "bz3,8F[",
                "[uvlM",
                "=~L=",
                "Xp&A3",
                "}3\"<5?Q",
                "m\\k#",
                "-2.bn",
                ":{<:",
                "g7B|p",
                " VY~6d",
                "R)jc",
                "#bma`A",
                "OpZj",
                "R,W<",
                "Y-F?L",
                "#&r?",
                "nYonj!!",
                "_V[3",
                "N)fW",
                "dJTD",
                "s-{`",
                "01x]",
                "c,sR",
                "5W&x",
                "\"Ql,",
                "Ao2Z9",
                "RHc5",
                ";&*S",
                "<6O a",
                "pvAS",
                "27.}",
                ".:E,\\#",
                "x?D$7",
                "PWwa",
                "a*`V]",
                "k'Ea",
                "wzX]R-",
                "ki7w",
                "7'Cl",
                "[>F2l",
                "\\QdG",
                "UW3*",
                "*e)43[P",
                "CP,=",
                "e[@6",
                "Mm! 0",
                "0\\SX`",
                "72~+",
                "\"OdE",
                "X7X(",
                "l] p",
                "_*Zh\\",
                "~3<t%",
                "z{As",
                "B$!8",
                "R&# ",
                "E$!x",
                "$#xd",
                "$!P`",
                "PROT_EXEC|PROT_WRITE failed.",
                "$Info: This file is packed with the UPX executable packer http://upx.sf.net $",
                "$Id: UPX 3.95 Copyright (C) 1996-2018 the UPX Team. All Rights Reserved. $",
                "'/proc/self/exe",
                "TMJO",
                "jij*",
                "A*rs~",
                "s.5-*",
                "gwAb'<I",
                "Z,yH",
                "S_J&i",
                "=]$!",
                "0fFh",
                "Q=Gm",
                "vd%h",
                ">@Rh",
                ";kzf}x$",
                ",%Rq",
                "'l~c",
                "j.K9",
                "=3vI",
                "UPX!"
            ]
        }
    ]
}